timestamp,engine_rpm,coolant_temp_c,oil_pressure_kpa,battery_voltage_v,exhaust_gas_temp_c,oil_particulate_ppm,exhaust_nox_ppm,vibration_rms_g,wave_height_m,heading_deg,wind_direction_deg,wind_speed_kn
2025-04-01T06:00:00+00:00,978.1,79.44,339.3,13.54,351.7,28.7,622.0,0.0512,0.65,331.5,241.5,10.2
2025-04-01T06:01:00+00:00,916.2,79.23,362.0,13.78,343.2,25.4,582.7,0.0541,0.63,331.5,241.5,8.5
2025-04-01T06:02:00+00:00,954.0,76.34,369.6,13.72,349.6,27.0,570.7,0.0518,0.72,331.5,241.5,9.2
2025-04-01T06:03:00+00:00,978.5,79.31,357.9,14.11,343.9,25.1,599.0,0.0586,0.66,331.5,241.5,9.5
2025-04-01T06:04:00+00:00,1085.3,79.66,350.6,13.78,364.5,28.3,560.2,0.0522,0.70,331.5,241.5,9.4
2025-04-01T06:05:00+00:00,889.3,80.05,367.4,13.97,336.9,28.1,570.3,0.0564,0.79,331.5,241.5,8.5
2025-04-01T06:06:00+00:00,1065.7,79.61,341.6,13.66,364.4,26.3,571.8,0.0521,0.70,331.5,241.5,8.5
2025-04-01T06:07:00+00:00,1058.2,79.70,357.4,13.92,367.7,25.4,539.3,0.0574,0.72,331.5,241.5,8.1
2025-04-01T06:08:00+00:00,936.9,81.72,344.0,13.68,332.6,26.5,566.2,0.0521,0.75,331.5,241.5,8.4
2025-04-01T06:09:00+00:00,1149.7,77.48,337.3,13.80,351.2,25.5,585.5,0.0522,0.66,331.5,241.5,8.4
2025-04-01T06:10:00+00:00,944.8,77.24,354.0,13.91,366.4,28.5,545.2,0.0521,0.75,331.5,241.5,10.3
2025-04-01T06:11:00+00:00,1016.7,77.97,361.1,13.64,373.0,25.2,536.6,0.0533,0.83,331.5,241.5,10.2
2025-04-01T06:12:00+00:00,1017.3,81.01,352.4,13.68,350.9,27.1,553.5,0.0526,0.74,331.5,241.5,7.7
2025-04-01T06:13:00+00:00,2056.4,80.81,344.8,13.57,375.1,24.1,610.3,0.0595,0.72,331.5,241.5,9.3
2025-04-01T06:14:00+00:00,2145.5,81.55,350.8,14.06,377.4,28.3,604.5,0.0664,0.81,331.5,241.5,8.1
2025-04-01T06:15:00+00:00,2032.7,80.27,345.1,13.76,383.2,26.6,581.9,0.0581,0.78,331.5,241.5,9.1
2025-04-01T06:16:00+00:00,2202.1,83.72,339.9,13.85,379.3,27.3,636.8,0.0580,0.67,331.5,241.5,9.0
2025-04-01T06:17:00+00:00,1940.6,80.75,349.3,13.91,394.2,27.8,574.0,0.0712,0.76,331.5,241.5,9.4
2025-04-01T06:18:00+00:00,2061.6,82.84,350.0,13.72,383.1,26.1,579.5,0.0605,0.79,331.5,241.5,7.8
2025-04-01T06:19:00+00:00,2024.5,81.97,339.9,13.95,377.3,25.1,619.2,0.0577,0.73,331.5,241.5,9.1
2025-04-01T06:20:00+00:00,2179.6,85.08,345.6,13.78,383.4,27.0,609.0,0.0650,0.67,331.5,241.5,8.2
2025-04-01T06:21:00+00:00,2018.9,82.42,345.6,13.73,372.0,26.8,570.3,0.0640,0.71,331.5,241.5,7.3
2025-04-01T06:22:00+00:00,2000.4,81.25,353.3,13.64,362.7,25.7,573.5,0.0569,0.67,331.5,241.5,8.1
2025-04-01T06:23:00+00:00,2125.4,81.49,340.8,13.85,388.0,26.5,598.7,0.0588,0.67,331.5,241.5,7.9
2025-04-01T06:24:00+00:00,2021.6,82.66,349.4,13.67,370.9,27.6,576.0,0.0574,0.71,331.5,241.5,8.7
2025-04-01T06:25:00+00:00,1745.8,80.25,355.3,14.12,393.8,25.1,604.4,0.0674,0.74,331.5,241.5,6.9
2025-04-01T06:26:00+00:00,1965.0,83.86,349.7,13.71,384.3,26.8,559.8,0.0573,0.72,331.5,241.5,8.4
2025-04-01T06:27:00+00:00,2032.6,82.82,343.9,13.60,389.2,26.8,529.7,0.0569,0.65,331.5,241.5,8.3
2025-04-01T06:28:00+00:00,2002.4,81.07,360.3,13.90,376.8,25.2,551.4,0.0578,0.76,331.5,241.5,10.2
2025-04-01T06:29:00+00:00,1912.4,83.15,345.7,13.92,371.4,25.4,605.8,0.0572,0.75,331.5,241.5,9.1
2025-04-01T06:30:00+00:00,1992.1,80.61,346.9,13.60,367.7,25.9,561.8,0.0563,0.63,331.5,241.5,7.6
2025-04-01T06:31:00+00:00,2102.4,85.27,342.3,13.75,363.4,27.5,616.5,0.0641,0.67,331.5,241.5,8.7
2025-04-01T06:32:00+00:00,2107.8,81.74,348.0,13.67,397.0,26.8,550.0,0.0573,0.65,331.5,241.5,9.2
2025-04-01T06:33:00+00:00,2046.9,83.27,342.5,13.80,381.6,25.5,588.6,0.0581,0.77,331.5,241.5,9.2
2025-04-01T06:34:00+00:00,2163.7,82.11,355.1,13.85,366.1,27.4,606.0,0.0624,0.78,331.5,241.5,8.1
2025-04-01T06:35:00+00:00,2043.8,81.24,347.4,14.15,382.1,26.5,643.4,0.0576,0.72,331.5,241.5,7.1
2025-04-01T06:36:00+00:00,2057.3,84.87,345.5,13.78,363.7,25.5,536.9,0.0578,0.72,331.5,241.5,9.5
2025-04-01T06:37:00+00:00,2048.6,83.12,354.0,13.66,368.6,26.6,607.1,0.0598,0.67,331.5,241.5,9.3
2025-04-01T06:38:00+00:00,1679.0,81.83,352.5,13.84,374.7,24.5,594.7,0.0549,0.64,331.5,241.5,9.0
2025-04-01T06:39:00+00:00,1959.3,80.84,349.1,13.74,399.7,26.1,566.2,0.0567,0.68,331.5,241.5,8.6
2025-04-01T06:40:00+00:00,2035.2,85.90,342.9,13.96,386.3,25.5,658.6,0.0602,0.65,331.5,241.5,6.9
2025-04-01T06:41:00+00:00,1984.1,80.67,339.5,13.82,376.1,28.0,591.3,0.0578,0.76,331.5,241.5,9.1
2025-04-01T06:42:00+00:00,1928.2,79.77,344.4,13.83,389.5,27.4,557.0,0.0566,0.67,331.5,241.5,7.3
2025-04-01T06:43:00+00:00,2171.9,80.66,348.8,13.80,404.7,26.7,615.7,0.0578,0.69,331.5,241.5,8.4
2025-04-01T06:44:00+00:00,1965.6,79.34,348.5,13.77,388.6,27.1,592.9,0.0575,0.75,331.5,241.5,8.3
2025-04-01T06:45:00+00:00,1903.8,81.13,360.4,13.87,372.0,29.6,630.5,0.0553,0.56,331.5,241.5,9.3
2025-04-01T06:46:00+00:00,2026.9,83.92,346.4,13.66,392.9,27.7,588.0,0.0569,0.66,331.5,241.5,6.3
2025-04-01T06:47:00+00:00,2013.3,82.84,347.8,13.86,376.6,25.7,629.7,0.0567,0.64,331.5,241.5,7.3
2025-04-01T06:48:00+00:00,2355.8,83.00,334.6,13.74,398.2,26.3,666.4,0.0592,0.71,331.5,241.5,9.1
2025-04-01T06:49:00+00:00,1794.2,79.56,351.6,13.76,367.5,24.9,569.0,0.0589,0.67,331.5,241.5,8.9
2025-04-01T06:50:00+00:00,2179.3,80.81,343.1,13.83,386.3,29.7,569.8,0.0586,0.74,331.5,241.5,7.1
2025-04-01T06:51:00+00:00,2146.7,82.99,358.1,13.88,373.8,26.1,583.8,0.0576,0.66,331.5,241.5,9.8
2025-04-01T06:52:00+00:00,1893.4,82.36,347.5,13.73,354.5,26.2,543.1,0.0628,0.81,331.5,241.5,9.3
2025-04-01T06:53:00+00:00,1985.1,81.05,339.6,13.88,403.4,26.6,622.2,0.0572,0.71,331.5,241.5,10.3
2025-04-01T06:54:00+00:00,1931.8,83.03,363.1,13.79,342.8,26.5,632.6,0.0602,0.72,331.5,241.5,8.3
2025-04-01T06:55:00+00:00,2304.1,80.89,359.5,13.70,381.9,25.7,636.7,0.0593,0.75,331.5,241.5,9.1
2025-04-01T06:56:00+00:00,1908.7,81.75,346.8,14.17,371.0,27.8,604.4,0.0571,0.74,331.5,241.5,7.8
2025-04-01T06:57:00+00:00,2128.0,80.88,359.0,13.52,374.5,23.9,619.1,0.0564,0.54,331.5,241.5,9.3
2025-04-01T06:58:00+00:00,1957.3,82.27,344.8,13.88,367.8,28.2,583.1,0.0721,0.72,331.5,241.5,9.0
2025-04-01T06:59:00+00:00,1878.6,80.45,341.8,13.73,361.6,24.8,544.1,0.0589,0.74,331.5,241.5,10.8
2025-04-01T07:00:00+00:00,2109.1,83.17,344.7,13.85,384.7,27.1,613.9,0.0580,0.66,331.5,241.5,9.3
2025-04-01T07:01:00+00:00,1972.8,81.71,355.9,13.67,385.7,28.5,590.3,0.0567,0.64,331.5,241.5,7.0
2025-04-01T07:02:00+00:00,1813.4,81.74,359.1,14.03,375.8,25.8,589.3,0.0582,0.72,331.5,241.5,10.0
2025-04-01T07:03:00+00:00,2373.1,85.86,358.3,13.77,386.0,27.9,640.0,0.0626,0.75,331.5,241.5,7.5
2025-04-01T07:04:00+00:00,2359.7,83.24,341.9,13.71,394.0,25.7,670.4,0.0660,0.70,331.5,241.5,8.7
2025-04-01T07:05:00+00:00,2088.6,81.22,342.5,13.90,392.2,25.2,643.0,0.0586,0.78,331.5,241.5,8.6
2025-04-01T07:06:00+00:00,2358.8,83.94,346.4,13.62,386.8,24.4,584.1,0.0591,0.68,331.5,241.5,7.6
2025-04-01T07:07:00+00:00,2015.4,82.30,349.4,13.78,387.7,25.7,611.8,0.0670,0.71,331.5,241.5,10.3
2025-04-01T07:08:00+00:00,2096.4,80.32,351.1,13.55,386.2,24.2,607.3,0.0601,0.68,331.5,241.5,7.2
2025-04-01T07:09:00+00:00,2566.2,85.79,343.7,13.63,396.3,29.9,627.4,0.0609,0.76,331.5,241.5,7.7
2025-04-01T07:10:00+00:00,2351.1,83.13,360.4,13.83,387.3,25.6,565.2,0.0619,0.78,331.5,241.5,8.3
2025-04-01T07:11:00+00:00,2486.2,83.00,346.0,13.60,389.4,26.8,613.3,0.0594,0.67,331.5,241.5,7.9
2025-04-01T07:12:00+00:00,2575.1,83.39,345.4,13.91,389.2,22.5,629.6,0.0616,0.69,331.5,241.5,8.2
2025-04-01T07:13:00+00:00,1915.4,78.65,337.5,13.72,372.6,27.2,560.1,0.0570,0.73,331.5,241.5,8.1
2025-04-01T07:14:00+00:00,1841.4,80.86,364.0,13.78,395.0,25.6,587.9,0.0631,0.76,331.5,241.5,7.3
2025-04-01T07:15:00+00:00,2082.2,81.83,338.9,14.07,391.5,27.4,557.4,0.0571,0.67,331.5,241.5,8.5
2025-04-01T07:16:00+00:00,2438.8,85.27,359.7,13.66,407.5,23.9,598.7,0.0621,0.80,331.5,241.5,6.0
2025-04-01T07:17:00+00:00,2073.0,83.87,362.4,13.88,391.3,25.7,584.6,0.0574,0.69,331.5,241.5,8.6
2025-04-01T07:18:00+00:00,2018.1,84.51,341.1,13.65,386.4,26.8,616.1,0.0598,0.84,331.5,241.5,7.8
2025-04-01T07:19:00+00:00,2432.5,82.46,351.9,14.00,382.8,24.8,660.3,0.0595,0.70,331.5,241.5,7.0
2025-04-01T07:20:00+00:00,1907.7,85.19,355.5,13.66,374.4,28.5,565.2,0.0559,0.60,331.5,241.5,6.6
2025-04-01T07:21:00+00:00,2066.7,79.37,345.0,13.81,388.5,25.1,578.7,0.0576,0.69,331.5,241.5,9.2
2025-04-01T07:22:00+00:00,1842.4,80.32,358.2,13.54,381.4,25.8,624.7,0.0644,0.69,331.5,241.5,9.2
2025-04-01T07:23:00+00:00,2503.6,83.73,343.7,13.43,386.7,26.7,680.5,0.0652,0.75,331.5,241.5,9.9
2025-04-01T07:24:00+00:00,1791.1,80.08,356.3,13.84,377.4,25.5,576.5,0.0616,0.80,331.5,241.5,8.5
2025-04-01T07:25:00+00:00,1865.9,82.26,342.7,13.64,378.5,26.0,624.9,0.0565,0.70,331.5,241.5,9.1
2025-04-01T07:26:00+00:00,2449.4,83.04,347.7,13.68,397.3,24.1,586.0,0.0663,0.67,331.5,241.5,9.1
2025-04-01T07:27:00+00:00,1986.0,84.47,344.5,13.76,389.1,26.9,657.8,0.0572,0.72,331.5,241.5,8.3
2025-04-01T07:28:00+00:00,2017.1,83.90,357.5,13.78,380.3,25.7,591.4,0.0578,0.75,331.5,241.5,8.7
2025-04-01T07:29:00+00:00,2015.9,81.78,343.9,13.71,375.5,25.4,614.7,0.0604,0.71,331.5,241.5,8.6
2025-04-01T07:30:00+00:00,2040.4,82.17,353.6,14.00,394.9,27.1,651.4,0.0570,0.65,331.5,241.5,8.0
2025-04-01T07:31:00+00:00,1940.5,80.17,358.3,13.65,373.3,25.9,582.7,0.0628,0.76,331.5,241.5,7.5
2025-04-01T07:32:00+00:00,2230.4,83.81,348.9,13.76,384.3,29.7,647.8,0.0595,0.81,331.5,241.5,6.7
2025-04-01T07:33:00+00:00,2087.3,85.08,344.1,13.96,370.1,29.3,602.3,0.0585,0.72,331.5,241.5,8.9
2025-04-01T07:34:00+00:00,1926.4,82.29,350.1,13.79,391.5,25.5,596.8,0.0634,0.80,331.5,241.5,8.8
2025-04-01T07:35:00+00:00,1878.7,81.34,344.2,13.63,392.1,27.2,630.8,0.0567,0.71,331.5,241.5,8.7
2025-04-01T07:36:00+00:00,1986.0,83.28,343.9,13.92,387.2,26.1,608.7,0.0573,0.70,331.5,241.5,8.5
2025-04-01T07:37:00+00:00,1930.5,79.99,350.1,13.87,389.3,25.8,574.3,0.0561,0.64,331.5,241.5,9.2
2025-04-01T07:38:00+00:00,2088.2,80.55,370.0,13.85,396.5,24.6,640.5,0.0565,0.58,331.5,241.5,7.0
2025-04-01T07:39:00+00:00,2005.7,82.89,343.9,13.78,382.7,24.6,622.9,0.0644,0.72,331.5,241.5,8.9
2025-04-01T07:40:00+00:00,2103.6,82.08,357.3,13.83,373.5,23.5,609.0,0.0575,0.67,331.5,241.5,7.5
2025-04-01T07:41:00+00:00,1931.4,80.68,346.1,13.62,374.1,24.6,581.6,0.0674,0.67,331.5,241.5,9.2
2025-04-01T07:42:00+00:00,1931.1,80.61,339.3,13.92,382.7,24.2,582.5,0.0577,0.78,331.5,241.5,7.5
2025-04-01T07:43:00+00:00,1948.9,83.75,357.9,13.95,399.5,26.5,597.4,0.0574,0.76,331.5,241.5,8.4
2025-04-01T07:44:00+00:00,1936.1,81.95,351.2,13.86,387.7,27.4,579.3,0.0629,0.71,331.5,241.5,8.8
2025-04-01T07:45:00+00:00,2146.3,82.71,354.9,13.71,406.6,26.8,577.9,0.0584,0.75,331.5,241.5,10.1
2025-04-01T07:46:00+00:00,1999.3,82.99,370.7,13.70,377.0,27.0,562.8,0.0577,0.77,331.5,241.5,9.0
2025-04-01T07:47:00+00:00,2008.6,84.71,353.3,13.67,386.1,24.8,604.6,0.0616,0.72,331.5,241.5,7.6
2025-04-01T07:48:00+00:00,1760.4,81.04,358.3,13.92,381.4,25.2,636.6,0.0561,0.71,331.5,241.5,9.0
2025-04-01T07:49:00+00:00,2131.2,80.56,355.4,13.66,383.1,25.1,609.8,0.0576,0.67,331.5,241.5,7.8
2025-04-01T07:50:00+00:00,2034.3,85.02,355.9,13.73,397.8,28.4,565.9,0.0595,0.73,331.5,241.5,8.4
2025-04-01T07:51:00+00:00,1985.9,79.71,342.5,13.77,386.7,25.6,587.9,0.0576,0.68,331.5,241.5,8.5
2025-04-01T07:52:00+00:00,1995.4,80.81,344.7,13.64,375.9,29.5,584.3,0.0583,0.81,331.5,241.5,10.1
2025-04-01T07:53:00+00:00,1907.6,81.74,340.3,13.68,377.9,27.0,664.4,0.0556,0.61,331.5,241.5,8.4
2025-04-01T07:54:00+00:00,1811.3,81.19,351.2,13.72,379.1,24.1,582.1,0.0571,0.72,331.5,241.5,7.8
2025-04-01T07:55:00+00:00,2008.8,82.06,352.1,13.54,369.7,30.2,596.9,0.0598,0.72,331.5,241.5,7.7
2025-04-01T07:56:00+00:00,2112.9,82.50,361.5,13.82,381.4,25.7,602.4,0.0575,0.67,331.5,241.5,8.0
2025-04-01T07:57:00+00:00,2150.1,84.24,349.2,13.92,390.2,23.4,630.2,0.0585,0.75,331.5,241.5,8.5
2025-04-01T07:58:00+00:00,1896.3,82.15,371.0,13.73,377.1,29.8,587.6,0.0612,0.69,331.5,241.5,7.6
2025-04-01T07:59:00+00:00,2033.4,83.93,350.5,13.74,389.1,26.7,600.5,0.0669,0.69,331.5,241.5,8.5
2025-04-01T08:00:00+00:00,2062.8,81.89,350.9,13.63,375.7,26.7,608.6,0.0685,0.75,331.5,241.5,7.4
2025-04-01T08:01:00+00:00,1703.8,80.95,348.6,13.60,375.0,26.7,535.3,0.0627,0.75,331.5,241.5,10.2
2025-04-01T08:02:00+00:00,1958.2,85.07,358.1,13.66,363.5,27.8,595.3,0.0569,0.68,331.5,241.5,8.1
2025-04-01T08:03:00+00:00,1982.3,81.72,347.4,13.75,375.8,27.2,620.3,0.0663,0.82,331.5,241.5,7.6
2025-04-01T08:04:00+00:00,1960.6,80.28,350.9,14.00,376.6,26.8,605.0,0.0569,0.70,331.5,241.5,9.4
2025-04-01T08:05:00+00:00,2027.4,81.51,361.8,13.85,386.4,26.7,605.3,0.0612,0.61,331.5,241.5,8.5
2025-04-01T08:06:00+00:00,2149.4,78.91,349.3,13.96,369.4,25.0,656.0,0.0586,0.75,331.5,241.5,9.2
2025-04-01T08:07:00+00:00,1966.6,82.48,350.2,13.65,383.1,26.8,591.8,0.0580,0.80,331.5,241.5,7.1
2025-04-01T08:08:00+00:00,2149.2,82.06,352.9,14.04,385.4,24.7,636.6,0.0695,0.76,331.5,241.5,7.7
2025-04-01T08:09:00+00:00,2040.9,81.44,352.1,13.77,387.7,25.6,592.7,0.0569,0.59,331.5,241.5,6.4
2025-04-01T08:10:00+00:00,2032.7,81.58,343.8,13.88,369.1,25.9,581.6,0.0645,0.68,331.5,241.5,8.6
2025-04-01T08:11:00+00:00,2029.4,84.25,359.4,14.01,395.8,25.8,625.6,0.0599,0.72,331.5,241.5,8.4
2025-04-01T08:12:00+00:00,2119.3,82.24,347.5,13.95,375.8,26.2,635.4,0.0630,0.71,331.5,241.5,9.1
2025-04-01T08:13:00+00:00,1919.7,80.10,368.9,13.56,376.1,27.9,589.7,0.0569,0.70,331.5,241.5,9.0
2025-04-01T08:14:00+00:00,2066.7,84.40,353.6,13.73,404.4,28.5,608.7,0.0581,0.75,331.5,241.5,6.7
2025-04-01T08:15:00+00:00,2071.8,83.29,350.9,13.73,401.3,27.6,558.5,0.0615,0.82,331.5,241.5,6.5
2025-04-01T08:16:00+00:00,1755.9,78.78,350.2,13.59,370.9,24.2,580.0,0.0548,0.58,331.5,241.5,7.5
2025-04-01T08:17:00+00:00,1997.4,83.69,342.9,13.60,381.1,27.6,619.6,0.0570,0.68,331.5,241.5,9.2
2025-04-01T08:18:00+00:00,1881.9,80.14,344.2,13.97,393.8,25.4,664.3,0.0584,0.71,331.5,241.5,9.1
2025-04-01T08:19:00+00:00,1993.0,84.70,353.8,13.69,381.4,27.2,629.7,0.0657,0.75,331.5,241.5,7.1
2025-04-01T08:20:00+00:00,1899.2,82.25,349.3,13.97,390.7,25.7,592.5,0.0605,0.69,331.5,241.5,9.0
2025-04-01T08:21:00+00:00,2007.8,83.40,354.1,13.69,358.0,25.5,619.0,0.0631,0.76,331.5,241.5,10.6
2025-04-01T08:22:00+00:00,1979.9,80.04,349.3,13.94,351.5,26.9,575.4,0.0636,0.74,331.5,241.5,6.9
2025-04-01T08:23:00+00:00,910.1,78.32,352.2,13.76,332.0,28.5,513.4,0.0515,0.71,331.5,241.5,9.0
2025-04-01T08:24:00+00:00,999.5,78.25,360.3,13.73,347.2,25.8,576.5,0.0525,0.76,331.5,241.5,6.9
2025-04-01T08:25:00+00:00,855.1,77.58,358.2,13.71,339.9,27.7,574.7,0.0507,0.60,331.5,241.5,9.4
2025-04-01T08:26:00+00:00,976.7,80.35,351.5,13.60,358.0,27.9,524.1,0.0523,0.75,331.5,241.5,8.7
2025-04-01T08:27:00+00:00,904.3,77.02,359.3,13.44,340.5,28.1,525.5,0.0563,0.66,331.5,241.5,7.2
2025-04-01T08:28:00+00:00,972.1,80.53,355.9,13.88,358.6,27.8,542.6,0.0516,0.68,331.5,241.5,11.2
2025-04-01T08:29:00+00:00,958.4,79.47,368.9,13.81,358.7,27.3,526.6,0.0505,0.59,331.5,241.5,7.8
2025-04-01T08:30:00+00:00,1035.5,77.80,341.1,13.60,347.5,24.9,569.9,0.0526,0.74,331.5,241.5,8.5
2025-04-01T08:31:00+00:00,883.2,80.36,346.1,13.77,330.7,24.5,527.0,0.0541,0.74,331.5,241.5,7.8
2025-04-01T08:32:00+00:00,1039.2,77.82,346.5,13.59,357.3,26.3,601.7,0.0582,0.67,331.5,241.5,8.8
2025-04-01T08:33:00+00:00,1030.6,76.46,372.9,13.85,371.2,24.2,523.4,0.0530,0.67,331.5,241.5,10.1
2025-04-01T08:34:00+00:00,931.6,78.19,342.5,14.08,363.9,27.0,595.7,0.0513,0.68,331.5,241.5,8.3
2025-04-01T14:00:00+00:00,1077.6,81.27,344.5,13.62,362.0,27.6,579.0,0.0530,0.76,331.5,241.5,8.6
2025-04-01T14:01:00+00:00,1062.4,79.73,353.4,13.91,359.4,28.8,538.4,0.0525,0.72,331.5,241.5,10.0
2025-04-01T14:02:00+00:00,954.3,79.25,353.6,13.91,336.6,27.5,517.8,0.0515,0.69,331.5,241.5,7.4
2025-04-01T14:03:00+00:00,943.3,78.64,349.5,13.78,325.8,24.8,532.6,0.0526,0.81,331.5,241.5,8.5
2025-04-01T14:04:00+00:00,924.5,77.03,340.6,13.94,336.1,26.2,561.0,0.0513,0.70,331.5,241.5,8.4
2025-04-01T14:05:00+00:00,998.9,79.75,363.0,13.81,364.7,25.9,533.2,0.0545,0.78,331.5,241.5,8.8
2025-04-01T14:06:00+00:00,832.3,81.04,341.9,13.81,348.6,25.0,531.3,0.0588,0.68,331.5,241.5,7.1
2025-04-01T14:07:00+00:00,1002.1,80.04,365.4,13.65,324.9,26.1,616.1,0.0516,0.66,331.5,241.5,8.5
2025-04-01T14:08:00+00:00,942.7,79.24,375.3,13.84,342.0,24.2,601.8,0.0659,0.67,331.5,241.5,8.3
2025-04-01T14:09:00+00:00,884.7,75.52,362.7,13.95,325.7,23.9,512.6,0.0603,0.71,331.5,241.5,8.6
2025-04-01T14:10:00+00:00,1039.6,78.97,359.3,14.02,361.2,24.4,520.6,0.0612,0.71,331.5,241.5,9.3
2025-04-01T14:11:00+00:00,1114.0,78.58,349.3,13.80,361.4,26.9,586.8,0.0535,0.66,331.5,241.5,7.4
2025-04-01T14:12:00+00:00,930.3,79.58,354.8,13.75,336.9,27.7,587.0,0.0513,0.67,331.5,241.5,7.5
2025-04-01T14:13:00+00:00,1851.5,83.84,340.2,13.83,393.2,27.9,621.7,0.0567,0.73,331.5,241.5,6.9
2025-04-01T14:14:00+00:00,2113.8,82.87,359.3,13.71,378.3,28.7,634.8,0.0584,0.75,331.5,241.5,7.4
2025-04-01T14:15:00+00:00,2012.7,82.07,347.2,13.90,352.7,26.1,583.0,0.0587,0.69,331.5,241.5,7.2
2025-04-01T14:16:00+00:00,1867.1,81.47,354.9,13.81,344.3,25.5,575.5,0.0588,0.67,331.5,241.5,8.7
2025-04-01T14:17:00+00:00,2098.6,80.59,338.7,13.91,379.9,25.1,591.6,0.0579,0.73,331.5,241.5,7.6
2025-04-01T14:18:00+00:00,2017.6,85.20,359.1,13.95,394.0,27.6,597.7,0.0575,0.72,331.5,241.5,10.7
2025-04-01T14:19:00+00:00,2143.4,82.16,339.0,14.03,394.0,27.7,614.9,0.0586,0.76,331.5,241.5,7.3
2025-04-01T14:20:00+00:00,1982.8,80.40,345.6,13.69,353.6,24.7,582.4,0.0574,0.72,331.5,241.5,9.2
2025-04-01T14:21:00+00:00,2078.5,81.03,347.9,13.77,374.5,30.3,606.4,0.0615,0.75,331.5,241.5,7.6
2025-04-01T14:22:00+00:00,2068.4,81.76,356.2,13.99,382.7,24.1,581.9,0.0584,0.79,331.5,241.5,8.6
2025-04-01T14:23:00+00:00,2025.9,78.92,348.6,13.91,355.2,24.4,605.1,0.0632,0.76,331.5,241.5,8.5
2025-04-01T14:24:00+00:00,2080.1,80.06,347.1,13.77,382.4,27.7,570.3,0.0566,0.59,331.5,241.5,7.2
2025-04-01T14:25:00+00:00,1894.0,83.47,340.5,13.96,371.4,28.2,594.5,0.0568,0.73,331.5,241.5,8.6
2025-04-01T14:26:00+00:00,2174.4,82.21,358.9,13.60,396.7,24.3,615.5,0.0577,0.65,331.5,241.5,7.8
2025-04-01T14:27:00+00:00,2060.8,82.34,359.5,13.93,378.0,26.9,606.0,0.0574,0.69,331.5,241.5,7.6
2025-04-01T14:28:00+00:00,2209.9,85.05,349.2,13.66,375.7,29.3,646.9,0.0576,0.64,331.5,241.5,6.9
2025-04-01T14:29:00+00:00,2103.9,85.78,353.1,14.06,357.0,26.0,636.1,0.0579,0.62,331.5,241.5,8.1
2025-04-01T14:30:00+00:00,2099.2,80.28,338.3,13.78,369.7,24.5,632.4,0.0613,0.72,331.5,241.5,7.8
2025-04-01T14:31:00+00:00,1964.1,80.60,340.7,13.96,373.3,25.9,602.9,0.0564,0.65,331.5,241.5,7.8
2025-04-01T14:32:00+00:00,2134.5,85.59,350.5,13.90,387.1,27.6,590.9,0.0584,0.71,331.5,241.5,6.8
2025-04-01T14:33:00+00:00,1958.9,83.13,331.3,13.74,385.9,24.2,602.9,0.0567,0.67,331.5,241.5,9.7
2025-04-01T14:34:00+00:00,2177.6,84.83,359.6,13.89,389.3,26.0,638.1,0.0601,0.69,331.5,241.5,8.3
2025-04-01T14:35:00+00:00,2114.3,82.55,343.9,13.85,367.1,25.7,591.9,0.0592,0.77,331.5,241.5,9.8
2025-04-01T14:36:00+00:00,1849.9,83.31,354.5,13.85,388.6,26.8,624.2,0.0564,0.70,331.5,241.5,8.7
2025-04-01T14:37:00+00:00,2007.2,81.82,340.6,13.79,376.4,26.5,615.9,0.0580,0.68,331.5,241.5,7.4
2025-04-01T14:38:00+00:00,1880.9,81.75,341.8,13.78,369.2,26.9,636.1,0.0637,0.74,331.5,241.5,7.5
2025-04-01T14:39:00+00:00,2100.8,83.15,344.6,14.04,402.4,24.9,647.9,0.0603,0.74,331.5,241.5,9.2
2025-04-01T14:40:00+00:00,2093.0,85.93,344.8,14.05,393.6,26.1,630.8,0.0595,0.77,331.5,241.5,7.9
2025-04-01T14:41:00+00:00,2051.0,81.75,353.1,13.54,382.0,26.7,564.2,0.0575,0.70,331.5,241.5,7.4
2025-04-01T14:42:00+00:00,2081.6,81.72,354.7,13.53,375.7,23.5,548.6,0.0585,0.67,331.5,241.5,8.7
2025-04-01T14:43:00+00:00,2046.4,81.82,339.4,13.54,375.1,26.5,622.4,0.0640,0.76,331.5,241.5,8.7
2025-04-01T14:44:00+00:00,2144.8,79.69,348.9,14.11,387.3,24.2,632.4,0.0653,0.64,331.5,241.5,8.6
2025-04-01T14:45:00+00:00,2158.5,81.27,342.1,13.80,381.6,26.0,553.6,0.0582,0.60,331.5,241.5,8.3
2025-04-01T14:46:00+00:00,1920.5,79.86,349.9,13.71,396.8,26.4,560.7,0.0597,0.60,331.5,241.5,11.3
2025-04-01T14:47:00+00:00,1986.3,81.80,358.1,13.67,372.8,26.7,652.4,0.0568,0.67,331.5,241.5,9.9
2025-04-01T14:48:00+00:00,2103.8,80.90,349.9,13.77,389.1,24.2,607.8,0.0606,0.69,331.5,241.5,8.1
2025-04-01T14:49:00+00:00,2166.7,80.80,355.4,13.75,401.5,27.3,634.6,0.0713,0.67,331.5,241.5,8.8
2025-04-01T14:50:00+00:00,2156.9,82.06,348.8,13.70,399.2,21.3,594.8,0.0649,0.63,331.5,241.5,8.1
2025-04-01T14:51:00+00:00,1957.7,84.62,347.7,13.46,367.4,25.7,631.9,0.0576,0.58,331.5,241.5,9.3
2025-04-01T14:52:00+00:00,1903.9,83.53,367.3,13.96,388.3,26.7,621.1,0.0561,0.63,331.5,241.5,8.8
2025-04-01T14:53:00+00:00,1836.6,81.73,360.4,14.05,389.6,26.6,604.8,0.0591,0.61,331.5,241.5,6.3
2025-04-01T14:54:00+00:00,2250.0,82.31,339.8,13.74,381.8,27.1,615.0,0.0662,0.76,331.5,241.5,7.6
2025-04-01T14:55:00+00:00,1833.9,81.16,354.7,13.90,395.1,26.6,579.9,0.0556,0.62,331.5,241.5,7.5
2025-04-01T14:56:00+00:00,2126.4,83.12,354.3,13.85,378.7,23.3,640.1,0.0608,0.76,331.5,241.5,9.4
2025-04-01T14:57:00+00:00,2067.8,84.79,354.6,13.91,370.8,26.0,669.0,0.0575,0.71,331.5,241.5,6.3
2025-04-01T14:58:00+00:00,1984.2,82.55,348.9,14.08,388.1,26.8,598.8,0.0583,0.75,331.5,241.5,8.5
2025-04-01T14:59:00+00:00,1883.8,81.49,346.4,13.98,371.5,26.2,604.3,0.0599,0.71,331.5,241.5,6.4
2025-04-01T15:00:00+00:00,2056.1,82.05,355.6,13.73,390.5,24.6,584.7,0.0576,0.72,331.5,241.5,6.4
2025-04-01T15:01:00+00:00,1971.4,83.86,354.0,13.86,381.8,28.1,511.5,0.0671,0.70,331.5,241.5,8.5
2025-04-01T15:02:00+00:00,2036.8,79.71,345.7,14.03,379.6,26.3,588.4,0.0572,0.69,331.5,241.5,8.5
2025-04-01T15:03:00+00:00,2179.7,80.77,345.0,13.80,387.4,28.5,592.5,0.0575,0.62,331.5,241.5,6.5
2025-04-01T15:04:00+00:00,2579.6,86.42,348.9,13.90,411.9,25.1,612.8,0.0611,0.78,331.5,241.5,6.8
2025-04-01T15:05:00+00:00,2483.5,83.29,337.5,13.98,408.4,27.8,628.4,0.0599,0.71,331.5,241.5,9.3
2025-04-01T15:06:00+00:00,2203.7,81.01,357.3,13.68,392.6,25.0,625.2,0.0587,0.75,331.5,241.5,9.0
2025-04-01T15:07:00+00:00,1936.4,83.73,342.0,13.97,377.6,26.8,577.2,0.0577,0.78,331.5,241.5,8.3
2025-04-01T15:08:00+00:00,1878.5,82.79,354.2,13.84,387.5,25.9,650.0,0.0560,0.65,331.5,241.5,9.3
2025-04-01T15:09:00+00:00,2017.4,81.87,335.1,13.85,384.0,25.9,581.7,0.0574,0.72,331.5,241.5,8.4
2025-04-01T15:10:00+00:00,2465.7,83.74,354.4,13.66,411.8,27.7,614.4,0.0595,0.67,331.5,241.5,6.6
2025-04-01T15:11:00+00:00,2307.5,82.66,335.3,13.86,368.5,25.6,562.3,0.0587,0.68,331.5,241.5,7.8
2025-04-01T15:12:00+00:00,2114.1,80.55,349.7,13.64,378.5,22.6,620.8,0.0585,0.77,331.5,241.5,9.3
2025-04-01T15:13:00+00:00,2076.2,84.07,351.1,13.50,365.3,26.0,585.4,0.0577,0.71,331.5,241.5,8.3
2025-04-01T15:14:00+00:00,2067.7,81.88,336.2,13.81,384.8,24.2,615.8,0.0648,0.68,331.5,241.5,9.2
2025-04-01T15:15:00+00:00,2119.2,82.58,353.6,14.00,378.3,26.3,546.7,0.0587,0.78,331.5,241.5,7.2
2025-04-01T15:16:00+00:00,2187.7,83.19,330.7,13.86,408.5,26.5,635.5,0.0591,0.67,331.5,241.5,8.3
2025-04-01T15:17:00+00:00,2403.5,81.87,345.3,13.85,384.3,26.3,615.7,0.0594,0.70,331.5,241.5,9.0
2025-04-01T15:18:00+00:00,1918.1,82.64,345.7,13.88,387.3,23.0,631.0,0.0566,0.69,331.5,241.5,10.0
2025-04-01T15:19:00+00:00,2050.9,80.26,356.6,13.71,371.0,25.1,639.7,0.0575,0.70,331.5,241.5,8.1
2025-04-01T15:20:00+00:00,2140.3,81.71,355.7,13.90,382.3,25.9,591.3,0.0586,0.76,331.5,241.5,9.5
2025-04-01T15:21:00+00:00,2001.9,83.50,335.5,13.74,375.5,26.1,568.1,0.0586,0.82,331.5,241.5,8.5
2025-04-01T15:22:00+00:00,1940.9,81.18,362.9,13.88,389.7,25.7,583.0,0.0570,0.72,331.5,241.5,8.1
2025-04-01T15:23:00+00:00,2173.5,82.00,346.1,13.88,393.1,24.5,640.5,0.0653,0.75,331.5,241.5,8.8
2025-04-01T15:24:00+00:00,2376.7,80.49,342.6,13.72,395.0,29.7,632.4,0.0595,0.73,331.5,241.5,9.0
2025-04-01T15:25:00+00:00,1949.4,80.65,354.3,13.91,370.7,27.6,595.0,0.0570,0.70,331.5,241.5,7.0
2025-04-01T15:26:00+00:00,1908.9,81.65,366.8,13.76,389.0,27.6,580.9,0.0601,0.73,331.5,241.5,7.1
2025-04-01T15:27:00+00:00,1986.8,81.62,343.4,13.47,379.2,28.2,607.9,0.0573,0.72,331.5,241.5,7.5
2025-04-01T15:28:00+00:00,2115.1,84.01,349.4,13.66,382.7,24.4,544.8,0.0576,0.69,331.5,241.5,8.2
2025-04-01T15:29:00+00:00,2500.9,83.44,349.1,13.60,400.2,27.5,664.5,0.0607,0.78,331.5,241.5,7.9
2025-04-01T15:30:00+00:00,1957.8,82.21,338.2,13.46,374.5,25.2,608.6,0.0586,0.68,331.5,241.5,9.3
2025-04-01T15:31:00+00:00,2476.4,83.33,334.7,13.96,424.1,26.9,611.2,0.0591,0.64,331.5,241.5,9.7
2025-04-01T15:32:00+00:00,1865.4,85.28,360.0,13.78,384.9,26.8,607.2,0.0563,0.64,331.5,241.5,6.5
2025-04-01T15:33:00+00:00,2013.5,83.12,356.2,13.85,372.3,25.6,596.2,0.0582,0.76,331.5,241.5,8.4
2025-04-01T15:34:00+00:00,2049.6,80.76,346.3,13.85,379.9,25.1,616.2,0.0636,0.68,331.5,241.5,10.0
2025-04-01T15:35:00+00:00,2070.7,81.77,352.9,13.90,364.6,26.1,636.3,0.0575,0.70,331.5,241.5,9.3
2025-04-01T15:36:00+00:00,2220.1,83.66,357.7,13.67,409.6,26.6,581.6,0.0604,0.72,331.5,241.5,7.6
2025-04-01T15:37:00+00:00,2200.5,82.24,340.7,13.71,379.4,27.8,573.1,0.0596,0.83,331.5,241.5,8.9
2025-04-01T15:38:00+00:00,1959.2,79.64,351.5,13.57,369.5,25.5,598.3,0.0571,0.70,331.5,241.5,8.7
2025-04-01T15:39:00+00:00,2064.7,81.60,343.2,13.77,378.0,25.7,582.8,0.0576,0.71,331.5,241.5,7.4
2025-04-01T15:40:00+00:00,1891.7,83.65,350.2,13.80,378.0,27.6,543.1,0.0564,0.67,331.5,241.5,7.6
2025-04-01T15:41:00+00:00,2160.5,79.90,344.0,13.71,384.3,24.9,636.4,0.0582,0.70,331.5,241.5,6.8
2025-04-01T15:42:00+00:00,2003.3,78.72,361.5,13.70,392.1,24.9,627.2,0.0570,0.67,331.5,241.5,8.7
2025-04-01T15:43:00+00:00,1979.3,82.33,350.1,14.10,389.8,25.4,571.7,0.0618,0.75,331.5,241.5,7.7
2025-04-01T15:44:00+00:00,1896.2,81.30,349.7,13.87,395.7,27.2,605.4,0.0567,0.68,331.5,241.5,7.4
2025-04-01T15:45:00+00:00,2008.8,81.09,353.3,13.82,393.6,26.7,622.0,0.0573,0.73,331.5,241.5,9.6
2025-04-01T15:46:00+00:00,1867.3,83.37,349.3,13.71,374.5,25.2,582.5,0.0572,0.76,331.5,241.5,6.3
2025-04-01T15:47:00+00:00,1679.0,80.49,354.9,13.44,372.3,27.7,606.0,0.0559,0.73,331.5,241.5,7.9
2025-04-01T15:48:00+00:00,1991.8,81.45,355.0,13.82,397.1,26.9,609.0,0.0563,0.61,331.5,241.5,7.3
2025-04-01T15:49:00+00:00,2112.0,79.28,356.4,13.60,358.9,27.7,533.1,0.0593,0.85,331.5,241.5,8.6
2025-04-01T15:50:00+00:00,1997.1,86.44,348.8,13.84,358.4,26.2,596.3,0.0583,0.81,331.5,241.5,5.5
2025-04-01T15:51:00+00:00,2125.5,82.67,365.0,13.76,375.9,26.9,538.3,0.0584,0.76,331.5,241.5,8.7
2025-04-01T15:52:00+00:00,1939.4,80.37,349.8,13.91,369.0,25.2,587.7,0.0571,0.74,331.5,241.5,7.8
2025-04-01T15:53:00+00:00,1857.6,84.21,346.5,13.80,367.9,24.0,645.0,0.0570,0.75,331.5,241.5,8.5
2025-04-01T15:54:00+00:00,2018.1,82.63,354.1,13.87,393.5,27.6,605.6,0.0644,0.67,331.5,241.5,9.5
2025-04-01T15:55:00+00:00,1860.2,83.40,353.4,13.83,362.1,27.4,589.2,0.0630,0.71,331.5,241.5,8.0
2025-04-01T15:56:00+00:00,2037.4,83.81,340.8,13.91,393.1,26.8,633.5,0.0587,0.72,331.5,241.5,6.6
2025-04-01T15:57:00+00:00,2182.8,83.89,354.2,13.63,383.2,26.1,584.8,0.0588,0.75,331.5,241.5,10.2
2025-04-01T15:58:00+00:00,2035.3,82.39,346.7,13.90,399.3,24.9,644.6,0.0617,0.70,331.5,241.5,8.4
2025-04-01T15:59:00+00:00,2213.7,82.47,337.9,13.79,383.0,26.9,649.4,0.0647,0.74,331.5,241.5,9.8
2025-04-01T16:00:00+00:00,2213.4,81.57,344.9,13.82,378.4,28.9,630.3,0.0582,0.68,331.5,241.5,8.6
2025-04-01T16:01:00+00:00,2093.4,81.40,354.8,13.83,377.1,27.7,598.6,0.0640,0.71,331.5,241.5,5.8
2025-04-01T16:02:00+00:00,2055.4,83.85,364.5,13.87,396.6,25.0,587.2,0.0581,0.72,331.5,241.5,6.5
2025-04-01T16:03:00+00:00,1875.4,78.86,347.3,13.81,361.7,27.4,634.9,0.0683,0.69,331.5,241.5,9.1
2025-04-01T16:04:00+00:00,2023.3,84.07,338.6,13.86,383.6,25.1,612.4,0.0579,0.74,331.5,241.5,7.4
2025-04-01T16:05:00+00:00,1998.0,82.59,356.8,13.59,365.6,25.7,644.4,0.0575,0.74,331.5,241.5,9.5
2025-04-01T16:06:00+00:00,2098.5,83.88,344.5,13.68,399.3,23.9,628.0,0.0575,0.68,331.5,241.5,10.0
2025-04-01T16:07:00+00:00,1916.4,83.35,344.6,13.97,391.8,26.1,584.3,0.0629,0.70,331.5,241.5,7.7
2025-04-01T16:08:00+00:00,2040.2,84.90,349.1,13.72,366.5,28.0,590.7,0.0690,0.79,331.5,241.5,7.9
2025-04-01T16:09:00+00:00,1973.6,79.94,362.6,13.94,364.8,22.9,575.7,0.0673,0.59,331.5,241.5,7.0
2025-04-01T16:10:00+00:00,1976.9,82.01,355.8,13.68,363.9,26.1,632.8,0.0595,0.71,331.5,241.5,9.6
2025-04-01T16:11:00+00:00,2231.7,82.63,351.5,13.85,416.1,26.3,631.3,0.0587,0.73,331.5,241.5,9.4
2025-04-01T16:12:00+00:00,1947.0,82.28,346.3,13.81,375.9,24.0,624.9,0.0587,0.73,331.5,241.5,8.6
2025-04-01T16:13:00+00:00,2074.7,81.24,340.6,13.67,378.6,24.4,591.0,0.0631,0.71,331.5,241.5,8.8
2025-04-01T16:14:00+00:00,2299.1,84.55,351.7,13.85,384.9,26.0,603.4,0.0649,0.69,331.5,241.5,7.8
2025-04-01T16:15:00+00:00,1901.1,83.57,345.5,13.77,381.6,29.1,602.4,0.0608,0.64,331.5,241.5,8.4
2025-04-01T16:16:00+00:00,1950.1,82.86,342.0,14.19,367.3,27.0,651.3,0.0637,0.74,331.5,241.5,7.2
2025-04-01T16:17:00+00:00,2135.1,82.06,343.2,13.75,368.8,26.1,525.1,0.0603,0.68,331.5,241.5,8.3
2025-04-01T16:18:00+00:00,2197.1,80.10,358.5,13.71,387.5,28.7,607.2,0.0640,0.73,331.5,241.5,6.8
2025-04-01T16:19:00+00:00,2027.4,80.21,355.2,14.00,381.5,24.5,644.4,0.0647,0.74,331.5,241.5,8.5
2025-04-01T16:20:00+00:00,2088.9,80.15,350.6,13.86,395.6,25.9,599.3,0.0570,0.63,331.5,241.5,6.7
2025-04-01T16:21:00+00:00,1958.3,78.00,353.7,13.71,373.5,24.7,557.8,0.0592,0.66,331.5,241.5,8.4
2025-04-01T16:22:00+00:00,1960.3,81.03,344.3,13.28,387.0,28.6,576.5,0.0580,0.75,331.5,241.5,7.4
2025-04-01T16:23:00+00:00,953.3,77.97,353.8,13.86,336.9,27.1,575.7,0.0582,0.76,331.5,241.5,8.5
2025-04-01T16:24:00+00:00,964.5,80.13,361.9,13.86,366.7,23.8,593.3,0.0528,0.80,331.5,241.5,8.8
2025-04-01T16:25:00+00:00,975.4,79.87,374.1,13.91,349.1,26.6,558.3,0.0563,0.70,331.5,241.5,6.7
2025-04-01T16:26:00+00:00,908.9,76.77,361.1,13.86,339.2,28.3,597.4,0.0516,0.73,331.5,241.5,8.9
2025-04-01T16:27:00+00:00,1219.0,79.07,347.9,14.04,353.7,25.6,554.2,0.0638,0.68,331.5,241.5,9.8
2025-04-01T16:28:00+00:00,1007.0,80.62,342.0,13.68,341.1,26.0,514.7,0.0521,0.72,331.5,241.5,7.5
2025-04-01T16:29:00+00:00,1063.6,76.79,357.7,14.05,345.3,27.2,583.5,0.0566,0.75,331.5,241.5,8.9
2025-04-01T16:30:00+00:00,1110.6,77.91,359.4,13.80,357.2,27.3,615.0,0.0528,0.75,331.5,241.5,8.4
2025-04-01T16:31:00+00:00,984.0,77.63,354.4,14.03,355.8,26.2,562.0,0.0517,0.69,331.5,241.5,9.1
2025-04-01T16:32:00+00:00,927.0,78.94,357.0,13.96,346.3,26.7,559.7,0.0519,0.69,331.5,241.5,9.6
2025-04-01T16:33:00+00:00,933.3,77.31,357.5,13.49,314.0,28.4,556.0,0.0525,0.81,331.5,241.5,7.7
2025-04-01T16:34:00+00:00,838.2,78.80,365.4,13.76,324.5,23.1,496.4,0.0503,0.66,331.5,241.5,7.9
2025-04-02T06:00:00+00:00,1013.7,80.51,363.8,13.51,352.6,29.6,514.8,0.0511,0.62,156.6,336.6,8.3
2025-04-02T06:01:00+00:00,1029.0,79.80,359.8,14.02,351.5,28.4,624.8,0.0508,0.57,156.6,336.6,7.8
2025-04-02T06:02:00+00:00,1135.0,80.27,352.7,13.76,335.3,25.5,540.2,0.0518,0.62,156.6,336.6,6.9
2025-04-02T06:03:00+00:00,946.3,78.65,373.8,13.81,344.7,25.4,547.0,0.0535,0.65,156.6,336.6,8.6
2025-04-02T06:04:00+00:00,919.3,79.89,347.0,13.90,369.6,26.4,564.9,0.0568,0.69,156.6,336.6,8.8
2025-04-02T06:05:00+00:00,1061.1,80.51,356.3,13.99,339.6,24.9,571.0,0.0507,0.56,156.6,336.6,6.7
2025-04-02T06:06:00+00:00,967.8,76.97,365.4,13.73,376.7,25.0,542.2,0.0516,0.69,156.6,336.6,7.0
2025-04-02T06:07:00+00:00,941.9,77.56,361.9,13.72,357.4,25.8,568.7,0.0536,0.62,156.6,336.6,7.6
2025-04-02T06:08:00+00:00,1030.7,80.21,353.8,13.73,356.6,26.9,515.5,0.0514,0.65,156.6,336.6,7.5
2025-04-02T06:09:00+00:00,937.9,79.74,357.1,13.87,358.7,26.5,548.3,0.0549,0.62,156.6,336.6,7.4
2025-04-02T06:10:00+00:00,1152.1,81.34,354.0,13.92,352.2,28.9,476.7,0.0517,0.62,156.6,336.6,6.2
2025-04-02T06:11:00+00:00,1960.0,81.05,355.1,13.86,361.0,27.4,581.6,0.0556,0.55,156.6,336.6,6.5
2025-04-02T06:12:00+00:00,2059.0,81.75,341.9,13.82,361.5,24.3,596.4,0.0643,0.65,156.6,336.6,5.4
2025-04-02T06:13:00+00:00,1970.3,80.63,346.2,13.65,353.8,26.9,629.9,0.0635,0.64,156.6,336.6,7.7
2025-04-02T06:14:00+00:00,1940.0,81.41,352.2,13.97,407.4,24.8,644.9,0.0562,0.64,156.6,336.6,8.1
2025-04-02T06:15:00+00:00,2159.9,79.81,350.5,13.82,383.1,27.3,647.7,0.0666,0.55,156.6,336.6,6.6
2025-04-02T06:16:00+00:00,2113.1,82.63,337.4,13.55,371.5,28.6,651.3,0.0586,0.56,156.6,336.6,6.9
2025-04-02T06:17:00+00:00,2104.5,84.82,364.0,14.00,386.5,28.7,671.4,0.0664,0.67,156.6,336.6,6.9
2025-04-02T06:18:00+00:00,2278.2,85.09,351.0,13.80,384.7,27.6,562.1,0.0617,0.59,156.6,336.6,6.0
2025-04-02T06:19:00+00:00,1823.6,81.19,363.9,13.99,378.2,23.1,638.5,0.0602,0.65,156.6,336.6,7.5
2025-04-02T06:20:00+00:00,1993.3,80.88,351.4,13.54,374.1,29.1,673.4,0.0567,0.65,156.6,336.6,5.7
2025-04-02T06:21:00+00:00,1997.7,82.71,350.3,13.89,383.2,24.9,551.2,0.0570,0.67,156.6,336.6,7.0
2025-04-02T06:22:00+00:00,2163.9,84.59,335.1,13.81,389.2,26.9,535.7,0.0573,0.61,156.6,336.6,6.4
2025-04-02T06:23:00+00:00,2032.4,81.54,343.5,13.83,383.1,25.1,598.2,0.0608,0.55,156.6,336.6,7.4
2025-04-02T06:24:00+00:00,1846.3,80.82,349.4,13.84,353.5,25.1,628.1,0.0558,0.63,156.6,336.6,8.4
2025-04-02T06:25:00+00:00,2054.3,81.08,354.2,13.67,395.2,26.3,623.3,0.0604,0.64,156.6,336.6,6.1
2025-04-02T06:26:00+00:00,2108.3,82.75,356.8,13.88,384.7,25.2,615.1,0.0594,0.56,156.6,336.6,7.2
2025-04-02T06:27:00+00:00,1944.7,81.66,347.6,13.64,387.2,25.8,619.7,0.0562,0.63,156.6,336.6,4.8
2025-04-02T06:28:00+00:00,2151.1,81.97,347.8,13.74,387.3,28.5,635.6,0.0575,0.56,156.6,336.6,6.1
2025-04-02T06:29:00+00:00,1937.0,79.54,350.4,13.94,397.1,26.5,590.9,0.0565,0.67,156.6,336.6,7.6
2025-04-02T06:30:00+00:00,2066.0,84.84,345.1,14.03,385.4,28.0,552.0,0.0653,0.56,156.6,336.6,8.5
2025-04-02T06:31:00+00:00,2021.3,80.73,340.4,13.83,377.6,26.1,639.1,0.0566,0.63,156.6,336.6,9.4
2025-04-02T06:32:00+00:00,2029.8,82.98,337.7,14.09,372.9,28.7,586.3,0.0577,0.60,156.6,336.6,6.1
2025-04-02T06:33:00+00:00,2170.4,82.32,337.8,13.65,389.4,27.6,595.1,0.0572,0.62,156.6,336.6,6.9
2025-04-02T06:34:00+00:00,1985.2,83.40,369.5,13.74,382.6,26.4,547.3,0.0557,0.55,156.6,336.6,8.4
2025-04-02T06:35:00+00:00,1882.4,80.89,343.5,14.00,375.4,26.7,583.2,0.0544,0.48,156.6,336.6,5.3
2025-04-02T06:36:00+00:00,1868.8,84.14,358.0,13.79,374.6,25.8,636.7,0.0556,0.62,156.6,336.6,8.0
2025-04-02T06:37:00+00:00,2094.7,82.89,343.7,13.69,370.6,26.4,594.2,0.0596,0.58,156.6,336.6,8.0
2025-04-02T06:38:00+00:00,1955.6,81.40,351.6,13.56,377.2,29.5,576.9,0.0575,0.69,156.6,336.6,7.1
2025-04-02T06:39:00+00:00,1927.3,80.01,359.0,13.92,387.1,26.5,545.7,0.0590,0.63,156.6,336.6,7.2
2025-04-02T06:40:00+00:00,1881.1,82.27,350.7,14.07,376.1,24.2,556.6,0.0651,0.60,156.6,336.6,6.8
2025-04-02T06:41:00+00:00,1724.2,81.96,360.2,14.14,388.0,24.8,525.2,0.0617,0.64,156.6,336.6,6.8
2025-04-02T06:42:00+00:00,1990.7,82.26,343.4,13.68,390.5,25.9,637.7,0.0660,0.67,156.6,336.6,8.0
2025-04-02T06:43:00+00:00,1949.5,82.60,345.8,13.80,384.6,29.7,570.7,0.0559,0.60,156.6,336.6,6.8
2025-04-02T06:44:00+00:00,2087.9,83.58,349.9,13.82,374.5,24.9,614.2,0.0562,0.56,156.6,336.6,8.8
2025-04-02T06:45:00+00:00,1992.4,81.42,361.9,13.58,376.8,26.6,603.8,0.0579,0.63,156.6,336.6,7.6
2025-04-02T06:46:00+00:00,1965.5,80.18,353.8,13.78,393.0,27.3,617.5,0.0560,0.61,156.6,336.6,8.0
2025-04-02T06:47:00+00:00,1995.8,81.68,358.8,13.73,378.3,23.5,553.9,0.0579,0.55,156.6,336.6,5.3
2025-04-02T06:48:00+00:00,2085.6,79.23,347.1,14.09,374.0,26.6,577.1,0.0560,0.52,156.6,336.6,7.3
2025-04-02T06:49:00+00:00,2026.4,84.64,338.8,14.12,396.1,23.5,614.9,0.0561,0.58,156.6,336.6,6.2
2025-04-02T06:50:00+00:00,2114.8,82.66,349.5,13.75,373.8,24.5,577.9,0.0568,0.52,156.6,336.6,6.9
2025-04-02T06:51:00+00:00,1796.2,83.18,351.3,13.58,378.9,27.4,564.7,0.0594,0.62,156.6,336.6,7.4
2025-04-02T06:52:00+00:00,2036.6,79.33,341.8,13.67,386.4,25.4,515.4,0.0565,0.61,156.6,336.6,7.7
2025-04-02T06:53:00+00:00,1960.2,83.25,351.4,13.67,391.8,25.0,563.7,0.0561,0.62,156.6,336.6,6.1
2025-04-02T06:54:00+00:00,1970.2,83.66,351.9,13.82,386.4,28.0,614.6,0.0563,0.62,156.6,336.6,7.8
2025-04-02T06:55:00+00:00,2479.3,83.69,351.9,14.08,427.6,25.2,687.6,0.0588,0.61,156.6,336.6,6.8
2025-04-02T06:56:00+00:00,1802.8,84.21,354.0,14.00,373.0,25.8,604.2,0.0550,0.59,156.6,336.6,7.7
2025-04-02T06:57:00+00:00,2490.2,86.02,343.2,13.77,427.1,26.6,600.7,0.0636,0.73,156.6,336.6,5.8
2025-04-02T06:58:00+00:00,2160.0,82.19,361.1,13.93,383.7,26.9,646.8,0.0611,0.58,156.6,336.6,6.6
2025-04-02T06:59:00+00:00,2452.4,82.27,344.3,13.71,384.9,27.7,556.3,0.0591,0.65,156.6,336.6,6.6
2025-04-02T07:00:00+00:00,2083.5,82.50,346.7,13.65,402.1,24.0,631.7,0.0568,0.62,156.6,336.6,6.7
2025-04-02T07:01:00+00:00,2445.4,85.57,344.3,13.68,381.2,24.6,549.4,0.0586,0.59,156.6,336.6,7.4
2025-04-02T07:02:00+00:00,2418.5,83.71,357.3,13.56,395.7,24.7,607.8,0.0587,0.61,156.6,336.6,6.5
2025-04-02T07:03:00+00:00,1948.6,81.91,352.6,13.61,381.0,26.5,634.4,0.0555,0.56,156.6,336.6,7.4
2025-04-02T07:04:00+00:00,2501.0,83.19,357.6,13.77,389.5,26.2,562.6,0.0592,0.64,156.6,336.6,8.2
2025-04-02T07:05:00+00:00,2139.2,80.30,353.1,13.82,392.9,24.3,582.1,0.0575,0.67,156.6,336.6,6.9
2025-04-02T07:06:00+00:00,2039.1,80.62,347.2,13.66,365.9,26.6,651.8,0.0592,0.55,156.6,336.6,8.7
2025-04-02T07:07:00+00:00,2058.0,82.96,356.1,13.83,383.9,25.7,652.7,0.0582,0.62,156.6,336.6,6.9
2025-04-02T07:08:00+00:00,2075.9,80.49,347.6,13.67,383.3,28.1,586.4,0.0587,0.55,156.6,336.6,7.7
2025-04-02T07:09:00+00:00,2132.2,84.90,340.2,13.82,382.2,24.0,538.6,0.0605,0.62,156.6,336.6,7.1
2025-04-02T07:10:00+00:00,2335.2,80.09,345.6,14.08,384.6,26.7,596.9,0.0582,0.64,156.6,336.6,6.8
2025-04-02T07:11:00+00:00,1895.8,79.83,352.1,14.04,396.0,28.1,653.3,0.0615,0.71,156.6,336.6,8.5
2025-04-02T07:12:00+00:00,2584.0,82.67,348.9,13.64,380.3,26.3,606.6,0.0614,0.59,156.6,336.6,6.8
2025-04-02T07:13:00+00:00,1958.9,82.81,339.5,14.02,386.1,26.9,636.3,0.0555,0.54,156.6,336.6,7.8
2025-04-02T07:14:00+00:00,2204.7,81.72,343.7,13.97,398.4,25.7,573.8,0.0592,0.58,156.6,336.6,6.8
2025-04-02T07:15:00+00:00,2042.6,83.83,342.2,13.51,371.2,27.8,608.8,0.0571,0.66,156.6,336.6,6.4
2025-04-02T07:16:00+00:00,2398.8,80.38,335.8,13.88,402.6,26.9,674.1,0.0594,0.70,156.6,336.6,7.8
2025-04-02T07:17:00+00:00,1891.2,82.70,357.2,13.67,377.3,27.3,548.3,0.0552,0.57,156.6,336.6,9.5
2025-04-02T07:18:00+00:00,2294.2,80.62,359.8,13.92,409.7,27.9,567.3,0.0620,0.64,156.6,336.6,7.8
2025-04-02T07:19:00+00:00,2018.1,81.71,342.4,13.78,386.0,26.4,567.6,0.0574,0.58,156.6,336.6,7.3
2025-04-02T07:20:00+00:00,1888.8,83.15,354.4,13.84,347.2,27.2,585.9,0.0556,0.60,156.6,336.6,6.7
2025-04-02T07:21:00+00:00,1977.0,83.70,343.5,13.74,355.7,27.2,578.3,0.0565,0.64,156.6,336.6,7.4
2025-04-02T07:22:00+00:00,1946.8,83.08,354.3,13.71,371.3,27.6,527.7,0.0600,0.69,156.6,336.6,5.9
2025-04-02T07:23:00+00:00,1931.8,81.68,333.9,13.87,371.6,26.0,619.3,0.0550,0.51,156.6,336.6,6.1
2025-04-02T07:24:00+00:00,1890.1,80.93,360.7,13.76,370.6,27.1,621.5,0.0551,0.55,156.6,336.6,5.8
2025-04-02T07:25:00+00:00,2087.2,80.63,342.3,13.87,383.6,25.6,543.9,0.0572,0.66,156.6,336.6,4.7
2025-04-02T07:26:00+00:00,1850.3,80.84,351.5,13.78,397.3,27.0,661.4,0.0549,0.55,156.6,336.6,6.8
2025-04-02T07:27:00+00:00,2177.8,83.99,352.6,13.77,387.1,24.1,654.0,0.0576,0.64,156.6,336.6,6.6
2025-04-02T07:28:00+00:00,1970.1,82.88,337.4,13.57,368.6,24.5,579.7,0.0582,0.57,156.6,336.6,6.3
2025-04-02T07:29:00+00:00,2027.2,81.12,341.1,13.82,365.1,28.4,617.8,0.0568,0.65,156.6,336.6,7.4
2025-04-02T07:30:00+00:00,1945.4,81.77,352.0,13.60,376.4,25.4,629.7,0.0554,0.55,156.6,336.6,6.8
2025-04-02T07:31:00+00:00,1996.7,83.64,356.4,14.24,385.2,26.9,604.7,0.0579,0.64,156.6,336.6,5.3
2025-04-02T07:32:00+00:00,1996.2,83.40,348.6,13.85,390.9,27.3,634.4,0.0586,0.58,156.6,336.6,6.4
2025-04-02T07:33:00+00:00,1993.1,82.50,357.5,13.91,386.7,24.8,612.0,0.0552,0.50,156.6,336.6,7.0
2025-04-02T07:34:00+00:00,2170.8,83.21,348.1,13.67,404.2,25.1,643.9,0.0626,0.70,156.6,336.6,6.3
2025-04-02T07:35:00+00:00,2016.7,80.89,339.7,13.87,377.1,24.3,605.1,0.0572,0.51,156.6,336.6,6.8
2025-04-02T07:36:00+00:00,2021.9,83.93,348.3,13.69,370.8,27.2,612.8,0.0573,0.57,156.6,336.6,7.9
2025-04-02T07:37:00+00:00,1984.3,82.04,335.5,13.67,358.3,27.0,584.4,0.0617,0.59,156.6,336.6,7.0
2025-04-02T07:38:00+00:00,2020.9,81.08,351.2,13.93,393.3,25.8,635.2,0.0568,0.64,156.6,336.6,8.4
2025-04-02T07:39:00+00:00,2070.2,85.22,346.1,14.12,378.8,25.7,603.3,0.0565,0.59,156.6,336.6,7.2
2025-04-02T07:40:00+00:00,1996.0,82.62,350.6,13.94,364.4,26.5,597.8,0.0676,0.61,156.6,336.6,6.6
2025-04-02T07:41:00+00:00,1994.8,82.84,353.2,13.79,378.7,26.2,655.1,0.0562,0.60,156.6,336.6,6.5
2025-04-02T07:42:00+00:00,1861.9,82.54,354.5,13.90,386.3,27.4,587.8,0.0552,0.58,156.6,336.6,8.3
2025-04-02T07:43:00+00:00,2008.4,82.68,344.6,13.65,373.8,22.8,631.6,0.0559,0.56,156.6,336.6,6.5
2025-04-02T07:44:00+00:00,1729.7,81.73,341.7,13.68,384.0,26.1,611.3,0.0572,0.59,156.6,336.6,5.6
2025-04-02T07:45:00+00:00,2029.1,82.85,348.6,13.72,374.1,27.7,583.9,0.0639,0.58,156.6,336.6,7.9
2025-04-02T07:46:00+00:00,2172.6,80.34,351.0,14.16,399.0,26.6,606.9,0.0572,0.61,156.6,336.6,6.2
2025-04-02T07:47:00+00:00,1923.4,79.32,349.7,13.91,384.4,25.5,563.0,0.0567,0.69,156.6,336.6,6.1
2025-04-02T07:48:00+00:00,1998.6,80.66,339.8,13.76,413.4,28.4,592.6,0.0559,0.57,156.6,336.6,4.7
2025-04-02T07:49:00+00:00,2251.7,85.95,342.3,13.62,380.3,25.4,637.7,0.0720,0.54,156.6,336.6,7.1
2025-04-02T07:50:00+00:00,1997.7,83.07,357.7,13.86,389.2,26.8,630.5,0.0555,0.54,156.6,336.6,6.4
2025-04-02T07:51:00+00:00,1995.7,80.10,360.3,13.89,386.5,26.3,588.9,0.0561,0.58,156.6,336.6,7.0
2025-04-02T07:52:00+00:00,2003.7,82.30,348.9,13.68,388.6,24.0,615.7,0.0564,0.62,156.6,336.6,6.1
2025-04-02T07:53:00+00:00,1842.8,79.56,345.5,13.62,380.7,25.4,614.6,0.0589,0.57,156.6,336.6,6.4
2025-04-02T07:54:00+00:00,1945.7,79.43,336.6,13.83,385.2,26.0,617.8,0.0563,0.63,156.6,336.6,7.7
2025-04-02T07:55:00+00:00,1887.9,82.59,343.5,13.84,378.7,27.7,601.6,0.0556,0.60,156.6,336.6,6.9
2025-04-02T07:56:00+00:00,1956.6,83.20,349.7,13.60,352.6,27.3,599.8,0.0596,0.62,156.6,336.6,7.7
2025-04-02T07:57:00+00:00,903.0,78.78,345.9,13.55,358.4,26.8,588.2,0.0594,0.61,156.6,336.6,6.0
2025-04-02T07:58:00+00:00,970.7,77.93,355.8,13.64,365.1,27.0,552.8,0.0564,0.57,156.6,336.6,5.6
2025-04-02T07:59:00+00:00,984.8,79.64,344.7,13.92,351.8,26.3,570.2,0.0508,0.62,156.6,336.6,6.5
2025-04-02T08:00:00+00:00,951.2,78.20,353.2,13.71,360.0,25.6,558.1,0.0509,0.63,156.6,336.6,6.8
2025-04-02T08:01:00+00:00,1035.6,78.62,349.0,13.62,354.9,28.5,567.5,0.0511,0.61,156.6,336.6,5.7
2025-04-02T08:02:00+00:00,1028.1,80.47,366.6,13.65,372.0,26.2,556.7,0.0566,0.59,156.6,336.6,8.0
2025-04-02T08:03:00+00:00,1136.9,78.55,346.1,13.89,323.9,29.0,548.1,0.0532,0.62,156.6,336.6,7.1
2025-04-02T08:04:00+00:00,1041.5,78.90,346.1,13.84,333.7,25.9,637.5,0.0507,0.57,156.6,336.6,6.8
2025-04-02T08:05:00+00:00,997.7,78.63,345.7,13.84,335.6,26.1,492.3,0.0545,0.67,156.6,336.6,7.2
2025-04-02T08:06:00+00:00,985.1,78.16,352.5,13.78,357.6,28.2,587.8,0.0567,0.64,156.6,336.6,8.5
2025-04-02T14:00:00+00:00,1030.2,83.03,359.4,14.00,341.1,26.0,561.2,0.0516,0.66,156.6,336.6,7.1
2025-04-02T14:01:00+00:00,895.8,80.14,345.6,13.72,310.4,27.8,593.7,0.0548,0.64,156.6,336.6,8.5
2025-04-02T14:02:00+00:00,929.8,80.75,343.6,13.76,349.2,25.1,578.1,0.0519,0.59,156.6,336.6,4.8
2025-04-02T14:03:00+00:00,997.1,81.28,353.5,13.83,346.2,24.2,515.9,0.0510,0.61,156.6,336.6,5.1
2025-04-02T14:04:00+00:00,991.5,78.93,351.5,13.75,330.2,25.8,543.8,0.0506,0.58,156.6,336.6,7.3
2025-04-02T14:05:00+00:00,1141.9,80.27,366.6,13.71,336.0,24.2,529.9,0.0516,0.60,156.6,336.6,8.1
2025-04-02T14:06:00+00:00,927.9,78.86,357.7,13.73,357.6,22.8,554.5,0.0507,0.59,156.6,336.6,7.9
2025-04-02T14:07:00+00:00,932.5,77.64,366.7,13.78,356.8,23.3,555.1,0.0536,0.57,156.6,336.6,5.8
2025-04-02T14:08:00+00:00,979.6,81.81,357.1,13.83,355.3,25.9,512.6,0.0565,0.56,156.6,336.6,8.7
2025-04-02T14:09:00+00:00,1131.5,80.96,360.6,13.80,344.9,26.2,585.5,0.0511,0.56,156.6,336.6,7.8
2025-04-02T14:10:00+00:00,2051.2,81.85,334.4,13.76,360.6,25.8,540.9,0.0634,0.59,156.6,336.6,8.3
2025-04-02T14:11:00+00:00,1939.0,81.31,346.4,13.79,385.0,24.7,583.0,0.0658,0.65,156.6,336.6,6.2
2025-04-02T14:12:00+00:00,2010.9,82.95,340.0,13.68,388.0,26.6,596.0,0.0565,0.62,156.6,336.6,7.0
2025-04-02T14:13:00+00:00,2185.5,82.17,357.2,13.62,389.2,25.7,627.2,0.0654,0.58,156.6,336.6,8.1
2025-04-02T14:14:00+00:00,2044.7,81.06,362.6,13.92,364.6,27.0,572.3,0.0565,0.61,156.6,336.6,7.3
2025-04-02T14:15:00+00:00,2257.4,85.34,343.8,13.78,400.8,26.3,613.4,0.0573,0.56,156.6,336.6,6.1
2025-04-02T14:16:00+00:00,2071.8,82.47,342.5,13.71,367.6,28.0,644.9,0.0588,0.61,156.6,336.6,8.2
2025-04-02T14:17:00+00:00,1989.0,84.66,337.2,13.54,371.2,27.1,595.0,0.0657,0.56,156.6,336.6,6.1
2025-04-02T14:18:00+00:00,1963.7,81.00,357.7,14.10,386.6,24.7,540.5,0.0600,0.60,156.6,336.6,6.4
2025-04-02T14:19:00+00:00,2031.6,81.65,337.6,13.86,369.3,25.2,610.6,0.0569,0.62,156.6,336.6,7.8
2025-04-02T14:20:00+00:00,2076.0,81.58,349.1,13.81,379.7,26.8,573.8,0.0567,0.61,156.6,336.6,6.7
2025-04-02T14:21:00+00:00,2151.3,80.79,355.3,13.99,388.9,27.6,606.0,0.0578,0.57,156.6,336.6,7.5
2025-04-02T14:22:00+00:00,2031.6,81.48,343.2,13.71,364.2,23.3,631.4,0.0645,0.54,156.6,336.6,6.0
2025-04-02T14:23:00+00:00,1973.8,82.84,345.7,13.61,381.4,29.5,584.9,0.0659,0.68,156.6,336.6,7.5
2025-04-02T14:24:00+00:00,1850.2,80.41,345.6,13.78,355.1,26.9,588.4,0.0554,0.58,156.6,336.6,7.9
2025-04-02T14:25:00+00:00,2011.8,83.05,364.8,13.74,389.4,26.4,544.3,0.0566,0.63,156.6,336.6,9.2
2025-04-02T14:26:00+00:00,1781.7,80.33,355.1,13.74,358.5,28.0,562.1,0.0550,0.59,156.6,336.6,6.7
2025-04-02T14:27:00+00:00,2007.5,83.64,348.2,13.83,373.7,27.0,678.2,0.0589,0.65,156.6,336.6,8.4
2025-04-02T14:28:00+00:00,2003.5,77.99,346.1,13.95,388.2,26.0,611.6,0.0571,0.68,156.6,336.6,6.2
2025-04-02T14:29:00+00:00,2182.9,84.02,332.7,13.67,389.5,26.7,609.9,0.0593,0.62,156.6,336.6,7.3
2025-04-02T14:30:00+00:00,2150.6,85.18,343.9,13.75,397.8,26.4,627.4,0.0575,0.64,156.6,336.6,5.8
2025-04-02T14:31:00+00:00,2053.2,80.79,346.5,13.70,362.2,26.3,602.5,0.0569,0.63,156.6,336.6,6.5
2025-04-02T14:32:00+00:00,1980.2,81.90,354.7,13.78,391.3,28.0,588.2,0.0595,0.56,156.6,336.6,7.5
2025-04-02T14:33:00+00:00,1810.2,82.02,349.6,13.50,379.5,23.6,618.0,0.0566,0.61,156.6,336.6,8.4
2025-04-02T14:34:00+00:00,1898.3,82.10,362.9,13.99,397.1,27.4,556.7,0.0555,0.58,156.6,336.6,6.1
2025-04-02T14:35:00+00:00,1939.1,82.82,356.3,13.89,365.0,26.5,580.3,0.0636,0.58,156.6,336.6,7.1
2025-04-02T14:36:00+00:00,2029.6,82.91,328.9,13.84,390.1,26.5,555.9,0.0564,0.61,156.6,336.6,5.9
2025-04-02T14:37:00+00:00,2142.6,82.13,358.8,14.01,390.7,27.2,642.8,0.0587,0.56,156.6,336.6,7.9
2025-04-02T14:38:00+00:00,1975.7,81.69,347.1,13.62,379.7,26.8,599.0,0.0586,0.63,156.6,336.6,7.4
2025-04-02T14:39:00+00:00,2044.4,80.32,367.2,13.65,382.6,27.1,539.4,0.0559,0.55,156.6,336.6,6.7
2025-04-02T14:40:00+00:00,2003.8,80.93,362.7,13.74,375.2,23.6,576.5,0.0639,0.55,156.6,336.6,6.7
2025-04-02T14:41:00+00:00,1991.5,85.32,357.7,13.71,394.4,24.9,627.2,0.0567,0.65,156.6,336.6,7.4
2025-04-02T14:42:00+00:00,2054.1,80.59,350.2,13.82,379.5,27.4,628.5,0.0561,0.56,156.6,336.6,7.1
2025-04-02T14:43:00+00:00,2081.5,81.71,348.6,13.75,361.6,31.1,630.2,0.0568,0.61,156.6,336.6,5.8
2025-04-02T14:44:00+00:00,1791.3,79.30,352.9,13.75,408.7,27.7,652.7,0.0559,0.66,156.6,336.6,5.5
2025-04-02T14:45:00+00:00,2052.8,78.34,348.6,13.86,402.6,25.1,615.8,0.0568,0.59,156.6,336.6,7.9
2025-04-02T14:46:00+00:00,2002.1,81.53,344.9,13.72,382.4,29.7,618.8,0.0565,0.62,156.6,336.6,6.6
2025-04-02T14:47:00+00:00,1938.6,83.06,352.0,13.75,395.0,26.5,578.8,0.0557,0.57,156.6,336.6,5.5
2025-04-02T14:48:00+00:00,1877.0,82.80,351.6,13.79,374.8,26.6,636.1,0.0601,0.70,156.6,336.6,7.3
2025-04-02T14:49:00+00:00,2090.9,83.06,333.0,13.97,391.1,24.9,647.7,0.0577,0.53,156.6,336.6,6.2
2025-04-02T14:50:00+00:00,2013.2,78.41,355.2,13.78,378.3,28.1,605.7,0.0605,0.52,156.6,336.6,5.9
2025-04-02T14:51:00+00:00,2075.7,79.68,338.5,13.90,373.6,28.2,601.8,0.0568,0.61,156.6,336.6,6.1
2025-04-02T14:52:00+00:00,2525.9,83.65,348.2,13.61,403.0,23.8,638.7,0.0584,0.53,156.6,336.6,8.1
2025-04-02T14:53:00+00:00,1954.3,82.44,360.5,14.08,388.9,24.6,574.8,0.0557,0.58,156.6,336.6,7.2
2025-04-02T14:54:00+00:00,2144.6,81.68,360.7,13.92,369.1,26.4,625.4,0.0586,0.61,156.6,336.6,6.0
2025-04-02T14:55:00+00:00,2012.1,80.96,353.2,13.80,383.8,28.3,578.9,0.0561,0.58,156.6,336.6,9.1
2025-04-02T14:56:00+00:00,1977.1,83.20,353.9,13.71,364.1,27.7,592.4,0.0611,0.55,156.6,336.6,6.5
2025-04-02T14:57:00+00:00,2211.5,82.64,357.3,13.77,387.3,24.8,631.4,0.0566,0.52,156.6,336.6,7.7
2025-04-02T14:58:00+00:00,1883.6,83.39,347.6,13.72,395.3,25.6,641.2,0.0608,0.55,156.6,336.6,7.6
2025-04-02T14:59:00+00:00,2072.7,83.45,349.8,13.66,405.4,30.0,626.4,0.0559,0.53,156.6,336.6,7.9
2025-04-02T15:00:00+00:00,2005.2,85.76,355.8,13.85,380.3,29.1,616.5,0.0605,0.66,156.6,336.6,8.7
2025-04-02T15:01:00+00:00,2588.1,84.01,354.9,13.90,402.5,26.6,566.0,0.0655,0.61,156.6,336.6,6.2
2025-04-02T15:02:00+00:00,2502.1,84.55,341.5,13.94,389.4,25.7,703.3,0.0603,0.62,156.6,336.6,8.0
2025-04-02T15:03:00+00:00,2478.3,82.59,356.3,13.76,396.1,25.2,644.1,0.0595,0.65,156.6,336.6,7.2
2025-04-02T15:04:00+00:00,2251.2,85.52,332.2,13.67,398.6,25.8,561.3,0.0571,0.55,156.6,336.6,7.1
2025-04-02T15:05:00+00:00,1804.3,81.28,347.2,13.67,382.1,26.7,561.5,0.0549,0.57,156.6,336.6,7.1
2025-04-02T15:06:00+00:00,2562.9,83.67,349.2,13.58,417.4,26.6,603.9,0.0595,0.64,156.6,336.6,6.4
2025-04-02T15:07:00+00:00,1975.6,81.59,344.7,13.91,374.0,27.1,654.7,0.0563,0.62,156.6,336.6,8.4
2025-04-02T15:08:00+00:00,1993.1,80.91,356.4,13.84,386.6,26.8,547.4,0.0576,0.60,156.6,336.6,6.3
2025-04-02T15:09:00+00:00,2349.8,81.75,354.8,14.01,382.2,25.7,625.4,0.0581,0.59,156.6,336.6,5.5
2025-04-02T15:10:00+00:00,2439.1,84.82,350.7,13.99,387.7,22.9,636.7,0.0598,0.55,156.6,336.6,6.9
2025-04-02T15:11:00+00:00,1960.3,82.18,349.3,13.68,368.9,26.5,603.7,0.0669,0.66,156.6,336.6,7.2
2025-04-02T15:12:00+00:00,2462.4,86.18,345.4,13.78,417.5,26.1,655.7,0.0670,0.71,156.6,336.6,6.5
2025-04-02T15:13:00+00:00,1957.7,80.41,344.0,13.83,393.9,26.4,570.6,0.0569,0.69,156.6,336.6,7.7
2025-04-02T15:14:00+00:00,1998.1,81.87,348.0,13.88,373.0,25.3,583.7,0.0561,0.60,156.6,336.6,6.8
2025-04-02T15:15:00+00:00,2006.7,81.69,344.0,13.83,388.1,26.3,643.5,0.0565,0.64,156.6,336.6,6.0
2025-04-02T15:16:00+00:00,1924.4,80.22,349.9,13.78,366.5,25.3,604.5,0.0570,0.65,156.6,336.6,6.7
2025-04-02T15:17:00+00:00,1639.4,80.14,358.3,14.06,378.4,24.0,539.4,0.0544,0.62,156.6,336.6,6.7
2025-04-02T15:18:00+00:00,2216.3,84.08,359.2,13.71,367.2,28.0,592.5,0.0583,0.69,156.6,336.6,8.1
2025-04-02T15:19:00+00:00,2248.1,79.44,357.8,13.70,378.6,28.0,580.7,0.0602,0.56,156.6,336.6,7.5
2025-04-02T15:20:00+00:00,1717.8,81.17,361.6,14.01,373.1,27.9,558.5,0.0541,0.53,156.6,336.6,6.5
2025-04-02T15:21:00+00:00,2097.0,79.91,357.8,13.75,371.9,26.8,643.7,0.0575,0.67,156.6,336.6,6.2
2025-04-02T15:22:00+00:00,2111.1,80.61,343.1,13.88,358.1,25.8,589.6,0.0570,0.62,156.6,336.6,6.6
2025-04-02T15:23:00+00:00,1956.8,81.56,353.7,13.91,368.5,26.6,613.9,0.0563,0.63,156.6,336.6,7.7
2025-04-02T15:24:00+00:00,1988.1,83.32,360.1,13.63,362.1,26.6,584.7,0.0564,0.62,156.6,336.6,8.3
2025-04-02T15:25:00+00:00,1977.9,81.88,353.0,13.55,399.7,25.7,603.5,0.0602,0.55,156.6,336.6,6.1
2025-04-02T15:26:00+00:00,1823.8,78.86,355.4,13.98,372.5,27.2,574.9,0.0590,0.58,156.6,336.6,8.1
2025-04-02T15:27:00+00:00,1804.9,80.94,357.5,13.78,371.6,26.6,616.1,0.0549,0.56,156.6,336.6,6.8
2025-04-02T15:28:00+00:00,2082.5,80.36,348.6,13.53,404.6,25.4,658.8,0.0570,0.64,156.6,336.6,7.5
2025-04-02T15:29:00+00:00,2172.9,82.99,345.6,13.77,401.3,26.9,621.4,0.0569,0.59,156.6,336.6,6.8
2025-04-02T15:30:00+00:00,2188.3,82.39,347.6,13.59,419.1,26.4,570.5,0.0690,0.63,156.6,336.6,7.0
2025-04-02T15:31:00+00:00,1900.6,80.81,351.3,13.89,381.3,27.8,574.2,0.0600,0.62,156.6,336.6,7.9
2025-04-02T15:32:00+00:00,1945.3,81.65,361.0,13.75,397.8,27.3,618.9,0.0623,0.61,156.6,336.6,7.3
2025-04-02T15:33:00+00:00,1980.8,81.27,354.2,14.02,373.1,26.1,539.2,0.0560,0.59,156.6,336.6,8.5
2025-04-02T15:34:00+00:00,2060.8,80.32,350.7,13.91,372.3,27.1,627.7,0.0572,0.67,156.6,336.6,7.3
2025-04-02T15:35:00+00:00,1963.3,80.95,342.8,13.72,394.3,25.2,621.0,0.0630,0.62,156.6,336.6,6.8
2025-04-02T15:36:00+00:00,1861.4,79.63,354.6,14.00,376.8,26.1,612.7,0.0597,0.59,156.6,336.6,6.8
2025-04-02T15:37:00+00:00,1942.0,81.07,344.9,13.97,373.0,28.2,569.2,0.0561,0.62,156.6,336.6,8.1
2025-04-02T15:38:00+00:00,1976.2,83.04,350.5,13.72,396.8,27.0,624.3,0.0607,0.63,156.6,336.6,7.2
2025-04-02T15:39:00+00:00,2273.3,84.88,353.9,13.78,398.7,27.8,621.9,0.0575,0.59,156.6,336.6,7.9
2025-04-02T15:40:00+00:00,1842.3,80.23,355.5,13.81,379.0,24.3,575.3,0.0578,0.52,156.6,336.6,6.0
2025-04-02T15:41:00+00:00,1962.8,80.31,355.6,13.77,392.2,25.2,585.7,0.0559,0.60,156.6,336.6,7.6
2025-04-02T15:42:00+00:00,2056.1,81.43,356.2,13.76,368.1,26.0,629.6,0.0666,0.62,156.6,336.6,5.1
2025-04-02T15:43:00+00:00,1954.8,84.74,341.1,13.71,379.7,24.0,581.1,0.0578,0.66,156.6,336.6,8.3
2025-04-02T15:44:00+00:00,1928.1,83.32,347.8,13.94,376.2,23.9,603.6,0.0611,0.60,156.6,336.6,7.1
2025-04-02T15:45:00+00:00,1869.8,80.65,366.0,13.86,382.3,26.1,643.0,0.0557,0.62,156.6,336.6,5.5
2025-04-02T15:46:00+00:00,2208.2,84.09,352.9,13.77,381.2,25.4,632.3,0.0585,0.68,156.6,336.6,5.3
2025-04-02T15:47:00+00:00,2050.5,80.71,352.2,13.67,389.3,27.0,623.7,0.0565,0.60,156.6,336.6,6.7
2025-04-02T15:48:00+00:00,1985.7,81.11,361.0,13.50,393.1,26.1,588.4,0.0562,0.56,156.6,336.6,6.4
2025-04-02T15:49:00+00:00,1865.5,82.38,368.2,14.08,357.2,28.6,615.6,0.0549,0.54,156.6,336.6,7.8
2025-04-02T15:50:00+00:00,2101.9,86.34,360.4,13.85,400.2,28.8,583.2,0.0571,0.63,156.6,336.6,8.3
2025-04-02T15:51:00+00:00,1978.5,83.74,349.8,13.63,381.2,27.2,607.4,0.0564,0.63,156.6,336.6,7.7
2025-04-02T15:52:00+00:00,2057.1,82.59,346.3,13.56,372.6,22.7,660.7,0.0570,0.48,156.6,336.6,8.0
2025-04-02T15:53:00+00:00,1957.8,81.11,347.3,13.47,397.7,24.2,608.7,0.0572,0.63,156.6,336.6,8.9
2025-04-02T15:54:00+00:00,1187.2,79.74,351.8,13.74,358.2,28.9,565.3,0.0598,0.56,156.6,336.6,8.5
2025-04-02T15:55:00+00:00,951.0,78.45,358.8,13.63,366.1,25.1,554.4,0.0503,0.57,156.6,336.6,6.7
2025-04-02T15:56:00+00:00,1033.0,79.07,346.2,13.51,357.2,26.2,542.1,0.0511,0.61,156.6,336.6,6.9
2025-04-02T15:57:00+00:00,1008.5,78.13,362.6,13.85,335.5,28.6,546.1,0.0561,0.71,156.6,336.6,8.3
2025-04-02T15:58:00+00:00,1026.0,78.43,353.3,13.46,334.0,28.5,601.6,0.0518,0.69,156.6,336.6,7.9
2025-04-02T15:59:00+00:00,1125.9,80.24,359.4,14.09,341.1,26.3,636.7,0.0514,0.60,156.6,336.6,5.8
2025-04-02T16:00:00+00:00,965.8,80.20,354.4,13.90,350.8,28.2,586.8,0.0569,0.62,156.6,336.6,7.2
2025-04-02T16:01:00+00:00,1003.2,80.13,360.1,13.67,346.0,26.7,594.5,0.0510,0.62,156.6,336.6,8.6
2025-04-02T16:02:00+00:00,1114.4,78.10,352.0,13.62,357.2,25.9,554.4,0.0514,0.58,156.6,336.6,6.7
2025-04-03T06:00:00+00:00,981.4,79.02,353.4,13.79,370.3,28.5,540.7,0.0587,1.17,214.4,124.4,11.0
2025-04-03T06:01:00+00:00,1052.5,78.88,346.5,14.10,338.6,28.7,562.6,0.0559,1.10,214.4,124.4,14.2
2025-04-03T06:02:00+00:00,1085.6,79.68,357.5,13.72,357.0,24.8,583.6,0.0569,1.16,214.4,124.4,14.5
2025-04-03T06:03:00+00:00,1088.4,79.54,357.6,13.64,332.5,23.8,537.3,0.0592,1.14,214.4,124.4,12.5
2025-04-03T06:04:00+00:00,988.8,80.15,354.1,13.87,343.9,28.1,600.5,0.0557,1.07,214.4,124.4,12.7
2025-04-03T06:05:00+00:00,1027.6,79.97,356.6,13.48,342.6,22.9,506.6,0.0577,1.18,214.4,124.4,12.2
2025-04-03T06:06:00+00:00,941.0,76.45,365.7,13.76,333.7,31.5,540.4,0.0565,1.20,214.4,124.4,11.2
2025-04-03T06:07:00+00:00,965.5,78.94,353.6,13.76,357.4,27.8,501.6,0.0652,1.34,214.4,124.4,12.7
2025-04-03T06:08:00+00:00,1089.2,79.59,348.0,13.63,327.9,25.4,580.6,0.0567,1.14,214.4,124.4,11.4
2025-04-03T06:09:00+00:00,930.2,78.24,372.3,13.90,338.2,25.2,577.1,0.0590,1.15,214.4,124.4,10.9
2025-04-03T06:10:00+00:00,1012.4,78.38,363.3,14.21,337.9,27.1,633.6,0.0562,1.12,214.4,124.4,12.7
2025-04-03T06:11:00+00:00,1002.5,79.26,372.6,13.74,383.6,28.6,503.0,0.0568,1.20,214.4,124.4,11.2
2025-04-03T06:12:00+00:00,905.2,79.34,354.8,13.92,357.0,26.8,540.0,0.0614,1.09,214.4,124.4,13.1
2025-04-03T06:13:00+00:00,1918.9,80.83,360.1,13.94,387.5,27.7,627.1,0.0613,1.14,214.4,124.4,12.3
2025-04-03T06:14:00+00:00,2265.9,85.64,363.2,13.84,399.0,23.9,554.4,0.0638,1.19,214.4,124.4,13.0
2025-04-03T06:15:00+00:00,1873.8,81.07,346.6,13.90,373.1,26.6,602.3,0.0609,1.14,214.4,124.4,12.4
2025-04-03T06:16:00+00:00,1986.4,81.19,345.0,14.04,374.5,28.8,667.5,0.0621,1.18,214.4,124.4,12.5
2025-04-03T06:17:00+00:00,2285.0,81.89,349.9,13.88,402.1,28.1,602.5,0.0634,1.17,214.4,124.4,12.9
2025-04-03T06:18:00+00:00,2119.1,83.37,345.6,13.61,424.3,25.5,623.8,0.0633,1.26,214.4,124.4,13.1
2025-04-03T06:19:00+00:00,2254.8,84.41,355.8,13.94,396.8,26.8,600.5,0.0681,1.20,214.4,124.4,12.7
2025-04-03T06:20:00+00:00,1968.0,79.25,358.4,13.64,369.7,27.0,638.4,0.0709,1.14,214.4,124.4,13.8
2025-04-03T06:21:00+00:00,1871.0,85.20,340.9,13.61,350.8,25.8,654.4,0.0613,1.18,214.4,124.4,13.1
2025-04-03T06:22:00+00:00,2033.8,84.46,341.8,13.74,383.1,26.6,559.3,0.0712,1.27,214.4,124.4,13.5
2025-04-03T06:23:00+00:00,1993.1,82.47,347.5,13.74,387.0,27.3,614.9,0.0644,1.21,214.4,124.4,12.2
2025-04-03T06:24:00+00:00,1935.2,80.92,346.0,13.85,378.9,27.0,604.0,0.0657,1.22,214.4,124.4,10.9
2025-04-03T06:25:00+00:00,2207.6,82.02,342.2,13.82,399.3,26.0,598.1,0.0681,1.17,214.4,124.4,12.5
2025-04-03T06:26:00+00:00,2082.0,82.96,352.0,13.87,390.7,26.2,643.2,0.0627,1.20,214.4,124.4,13.4
2025-04-03T06:27:00+00:00,2212.7,83.38,353.8,13.57,370.9,25.6,646.0,0.0670,1.24,214.4,124.4,12.0
2025-04-03T06:28:00+00:00,1855.6,78.60,356.7,13.92,368.6,28.0,623.6,0.0612,1.17,214.4,124.4,11.6
2025-04-03T06:29:00+00:00,2079.9,80.08,343.2,13.89,384.6,24.2,604.5,0.0630,1.24,214.4,124.4,12.4
2025-04-03T06:30:00+00:00,2125.3,82.17,347.9,13.98,390.2,24.3,670.0,0.0652,1.21,214.4,124.4,13.4
2025-04-03T06:31:00+00:00,1900.5,80.13,362.2,13.77,377.9,27.3,621.0,0.0626,1.17,214.4,124.4,12.8
2025-04-03T06:32:00+00:00,2032.1,84.60,337.9,13.68,390.5,26.6,653.7,0.0639,1.14,214.4,124.4,12.6
2025-04-03T06:33:00+00:00,2127.7,81.93,349.7,13.61,393.0,30.2,542.4,0.0636,1.28,214.4,124.4,12.3
2025-04-03T06:34:00+00:00,2042.7,81.06,357.2,13.77,394.2,25.2,634.7,0.0686,1.19,214.4,124.4,11.4
2025-04-03T06:35:00+00:00,2197.0,81.71,364.4,13.83,392.3,29.1,655.0,0.0645,1.16,214.4,124.4,11.1
2025-04-03T06:36:00+00:00,1751.5,81.90,373.5,14.02,385.3,29.4,546.7,0.0598,1.09,214.4,124.4,12.7
2025-04-03T06:37:00+00:00,1906.2,79.77,350.7,13.74,382.0,25.9,588.6,0.0612,1.14,214.4,124.4,11.8
2025-04-03T06:38:00+00:00,2032.2,82.22,349.5,13.82,363.2,24.5,634.5,0.0663,1.10,214.4,124.4,15.0
2025-04-03T06:39:00+00:00,2127.4,82.91,344.8,13.70,395.9,28.6,558.4,0.0662,1.26,214.4,124.4,11.3
2025-04-03T06:40:00+00:00,2044.3,80.51,352.0,13.70,377.5,26.9,666.6,0.0683,1.16,214.4,124.4,13.1
2025-04-03T06:41:00+00:00,2208.3,82.64,351.3,13.89,376.4,25.0,632.4,0.0633,1.20,214.4,124.4,12.4
2025-04-03T06:42:00+00:00,1857.2,80.24,351.8,13.96,399.0,26.4,591.0,0.0679,1.22,214.4,124.4,11.5
2025-04-03T06:43:00+00:00,1970.3,80.39,361.8,13.77,350.6,26.0,587.4,0.0625,1.24,214.4,124.4,12.0
2025-04-03T06:44:00+00:00,2069.7,83.23,344.7,13.68,385.9,25.4,586.3,0.0684,1.28,214.4,124.4,12.8
2025-04-03T06:45:00+00:00,2159.5,81.06,357.2,13.97,375.6,25.4,611.7,0.0633,1.22,214.4,124.4,12.3
2025-04-03T06:46:00+00:00,1905.0,78.26,349.1,13.82,388.4,26.5,586.2,0.0640,1.24,214.4,124.4,12.7
2025-04-03T06:47:00+00:00,2124.6,81.85,357.3,13.72,391.5,27.6,666.1,0.0680,1.21,214.4,124.4,13.4
2025-04-03T06:48:00+00:00,1969.0,84.24,349.3,13.60,375.4,26.1,663.3,0.0650,1.15,214.4,124.4,11.0
2025-04-03T06:49:00+00:00,1741.9,83.03,354.2,13.81,373.7,23.6,633.5,0.0607,1.18,214.4,124.4,12.5
2025-04-03T06:50:00+00:00,2041.3,82.16,361.2,13.58,371.9,27.7,577.4,0.0621,1.17,214.4,124.4,13.9
2025-04-03T06:51:00+00:00,2029.4,80.10,345.4,13.71,387.9,28.1,618.2,0.0619,1.15,214.4,124.4,12.2
2025-04-03T06:52:00+00:00,2018.8,81.34,356.2,13.56,385.4,27.8,571.0,0.0654,1.13,214.4,124.4,12.4
2025-04-03T06:53:00+00:00,2011.1,83.55,340.5,13.71,362.9,26.9,594.0,0.0619,1.17,214.4,124.4,11.7
2025-04-03T06:54:00+00:00,2088.6,82.29,349.6,13.78,366.6,26.9,621.0,0.0612,1.06,214.4,124.4,13.2
2025-04-03T06:55:00+00:00,1943.7,81.08,370.6,14.11,376.9,27.6,561.9,0.0627,1.19,214.4,124.4,12.5
2025-04-03T06:56:00+00:00,1906.2,84.86,346.6,13.89,390.2,27.8,583.4,0.0627,1.22,214.4,124.4,11.9
2025-04-03T06:57:00+00:00,1944.1,82.76,359.9,13.84,390.3,25.9,592.9,0.0663,1.25,214.4,124.4,13.3
2025-04-03T06:58:00+00:00,2004.4,81.91,352.7,13.70,378.1,25.6,645.0,0.0639,1.12,214.4,124.4,11.9
2025-04-03T06:59:00+00:00,2059.0,80.37,347.3,13.85,392.5,26.8,561.2,0.0697,1.19,214.4,124.4,11.5
2025-04-03T07:00:00+00:00,2047.5,79.17,341.3,13.56,385.3,27.5,612.4,0.0617,1.11,214.4,124.4,12.6
2025-04-03T07:01:00+00:00,2047.8,81.67,360.0,13.88,389.0,27.0,577.6,0.0623,1.18,214.4,124.4,11.0
2025-04-03T07:02:00+00:00,2087.0,82.12,348.0,13.66,398.8,23.6,582.1,0.0641,1.35,214.4,124.4,12.6
2025-04-03T07:03:00+00:00,2482.8,83.32,347.4,13.79,397.9,25.2,652.3,0.0653,1.24,214.4,124.4,13.1
2025-04-03T07:04:00+00:00,2065.1,81.11,365.9,13.98,374.5,25.0,553.3,0.0651,1.23,214.4,124.4,12.2
2025-04-03T07:05:00+00:00,2001.9,83.39,344.0,13.60,382.7,26.2,563.0,0.0663,1.19,214.4,124.4,12.2
2025-04-03T07:06:00+00:00,2121.8,84.47,352.0,13.83,395.4,25.8,608.4,0.0663,1.14,214.4,124.4,12.0
2025-04-03T07:07:00+00:00,2144.0,82.12,351.0,13.79,383.5,28.1,631.3,0.0659,1.18,214.4,124.4,11.0
2025-04-03T07:08:00+00:00,1978.5,82.52,357.0,13.87,374.9,28.5,583.2,0.0616,1.15,214.4,124.4,10.7
2025-04-03T07:09:00+00:00,1860.7,80.04,355.7,13.87,387.5,28.9,587.0,0.0660,1.14,214.4,124.4,12.1
2025-04-03T07:10:00+00:00,2420.5,82.99,353.6,13.82,398.9,27.7,645.8,0.0668,1.11,214.4,124.4,12.2
2025-04-03T07:11:00+00:00,1793.9,81.48,353.8,13.62,384.5,27.6,552.5,0.0613,1.22,214.4,124.4,12.3
2025-04-03T07:12:00+00:00,1864.2,82.49,336.4,13.90,364.1,25.4,630.0,0.0617,1.21,214.4,124.4,12.9
2025-04-03T07:13:00+00:00,2024.5,81.21,354.3,13.84,379.9,26.6,640.8,0.0618,1.05,214.4,124.4,13.4
2025-04-03T07:14:00+00:00,2360.2,84.59,356.3,13.60,389.9,23.7,636.7,0.0645,1.23,214.4,124.4,12.3
2025-04-03T07:15:00+00:00,2138.6,84.10,345.0,13.78,379.5,23.0,579.9,0.0673,1.22,214.4,124.4,10.9
2025-04-03T07:16:00+00:00,1858.2,83.07,359.1,13.90,364.7,25.7,648.0,0.0667,1.13,214.4,124.4,12.9
2025-04-03T07:17:00+00:00,1958.7,81.91,339.1,13.76,374.7,27.1,559.5,0.0640,1.25,214.4,124.4,13.0
2025-04-03T07:18:00+00:00,1813.9,81.53,351.8,13.68,361.1,26.9,603.0,0.0608,1.16,214.4,124.4,11.2
2025-04-03T07:19:00+00:00,2132.4,79.55,347.1,13.77,379.9,25.4,547.9,0.0666,1.17,214.4,124.4,11.0
2025-04-03T07:20:00+00:00,2113.1,83.01,344.5,13.72,379.3,25.2,641.0,0.0623,1.15,214.4,124.4,14.3
2025-04-03T07:21:00+00:00,2216.9,80.47,334.8,14.00,376.7,30.5,633.1,0.0635,1.22,214.4,124.4,13.7
2025-04-03T07:22:00+00:00,2387.3,81.18,355.8,13.52,405.1,25.4,672.3,0.0642,1.19,214.4,124.4,12.2
2025-04-03T07:23:00+00:00,2115.1,83.81,355.4,13.98,387.0,27.2,602.1,0.0633,1.24,214.4,124.4,14.0
2025-04-03T07:24:00+00:00,2365.4,84.36,355.4,13.98,392.3,27.0,640.5,0.0687,1.23,214.4,124.4,13.7
2025-04-03T07:25:00+00:00,2058.6,82.20,352.4,13.84,383.9,25.6,586.6,0.0702,1.18,214.4,124.4,12.7
2025-04-03T07:26:00+00:00,2507.9,86.28,359.0,13.93,388.9,26.1,665.1,0.0645,1.16,214.4,124.4,11.8
2025-04-03T07:27:00+00:00,2150.1,83.83,339.4,13.95,384.4,26.2,597.3,0.0720,1.28,214.4,124.4,12.9
2025-04-03T07:28:00+00:00,1930.3,83.08,341.8,13.93,379.7,27.7,580.9,0.0714,1.19,214.4,124.4,12.6
2025-04-03T07:29:00+00:00,1794.0,78.57,345.9,13.78,372.1,25.9,651.3,0.0614,1.24,214.4,124.4,12.8
2025-04-03T07:30:00+00:00,1916.5,84.09,350.0,13.90,400.9,27.9,611.4,0.0667,1.19,214.4,124.4,12.4
2025-04-03T07:31:00+00:00,1939.5,80.35,374.1,13.78,377.5,26.2,596.2,0.0637,1.19,214.4,124.4,12.8
2025-04-03T07:32:00+00:00,1725.2,80.40,343.5,13.88,373.4,25.9,617.0,0.0611,1.21,214.4,124.4,14.6
2025-04-03T07:33:00+00:00,1813.4,82.44,350.1,13.49,396.3,27.8,571.0,0.0695,1.20,214.4,124.4,13.5
2025-04-03T07:34:00+00:00,1785.3,82.08,326.9,13.65,374.5,24.8,642.9,0.0647,1.23,214.4,124.4,12.5
2025-04-03T07:35:00+00:00,2311.4,84.48,343.2,13.80,402.3,26.3,597.3,0.0639,1.19,214.4,124.4,10.7
2025-04-03T07:36:00+00:00,2152.9,81.61,352.4,13.89,384.4,27.7,596.5,0.0683,1.27,214.4,124.4,12.1
2025-04-03T07:37:00+00:00,1914.7,81.34,353.8,13.71,352.7,28.5,591.7,0.0620,1.22,214.4,124.4,13.5
2025-04-03T07:38:00+00:00,2209.0,82.04,353.5,13.90,396.8,28.6,615.6,0.0674,1.15,214.4,124.4,13.5
2025-04-03T07:39:00+00:00,2121.4,83.72,343.4,13.77,384.3,23.7,594.4,0.0631,1.22,214.4,124.4,12.5
2025-04-03T07:40:00+00:00,2020.7,82.56,362.1,13.95,399.4,26.2,615.3,0.0674,1.21,214.4,124.4,13.0
2025-04-03T07:41:00+00:00,2064.8,80.21,352.2,13.56,373.1,26.7,643.3,0.0659,1.18,214.4,124.4,13.4
2025-04-03T07:42:00+00:00,1929.1,84.00,354.2,13.78,384.7,28.0,614.9,0.0614,1.14,214.4,124.4,11.4
2025-04-03T07:43:00+00:00,2114.2,82.22,361.1,13.62,383.6,28.4,591.2,0.0620,1.11,214.4,124.4,12.9
2025-04-03T07:44:00+00:00,2014.9,83.85,357.0,13.80,387.2,28.8,589.8,0.0640,1.18,214.4,124.4,12.0
2025-04-03T07:45:00+00:00,2018.9,80.16,347.8,13.82,376.9,26.4,636.8,0.0662,1.10,214.4,124.4,13.4
2025-04-03T07:46:00+00:00,1888.1,80.63,348.3,13.81,391.4,28.5,586.2,0.0621,1.10,214.4,124.4,15.9
2025-04-03T07:47:00+00:00,2055.6,81.43,342.5,13.62,364.3,26.2,612.2,0.0707,1.18,214.4,124.4,10.5
2025-04-03T07:48:00+00:00,1967.1,80.79,335.3,13.63,372.3,29.9,637.5,0.0625,1.24,214.4,124.4,12.8
2025-04-03T07:49:00+00:00,2087.3,81.43,353.1,13.57,389.4,27.1,594.7,0.0634,1.27,214.4,124.4,13.2
2025-04-03T07:50:00+00:00,2116.6,84.01,349.8,13.90,390.5,21.7,565.4,0.0635,1.26,214.4,124.4,12.6
2025-04-03T07:51:00+00:00,2037.7,80.65,350.3,13.90,384.8,24.8,668.0,0.0619,1.17,214.4,124.4,13.4
2025-04-03T07:52:00+00:00,2216.1,81.98,338.9,13.69,401.8,25.4,608.1,0.0638,1.24,214.4,124.4,12.2
2025-04-03T07:53:00+00:00,1786.6,83.22,349.3,13.70,385.2,24.7,542.2,0.0645,1.21,214.4,124.4,13.6
2025-04-03T07:54:00+00:00,2235.0,81.29,363.2,13.65,402.4,29.6,627.5,0.0661,1.19,214.4,124.4,11.6
2025-04-03T07:55:00+00:00,2020.9,82.01,340.7,13.74,382.3,25.9,600.9,0.0697,1.12,214.4,124.4,12.3
2025-04-03T07:56:00+00:00,1921.6,82.05,333.0,13.94,370.6,26.6,623.4,0.0615,1.17,214.4,124.4,13.4
2025-04-03T07:57:00+00:00,2136.2,83.34,339.4,13.95,388.4,26.8,605.1,0.0628,1.20,214.4,124.4,14.0
2025-04-03T07:58:00+00:00,2079.6,84.09,347.4,13.85,385.3,25.9,617.1,0.0673,1.17,214.4,124.4,12.2
2025-04-03T07:59:00+00:00,2052.9,82.51,332.3,13.61,385.6,25.5,615.5,0.0621,1.17,214.4,124.4,13.7
2025-04-03T08:00:00+00:00,1964.2,80.98,361.2,13.83,374.1,25.0,612.0,0.0613,1.14,214.4,124.4,10.3
2025-04-03T08:01:00+00:00,1936.6,82.26,368.0,14.02,376.3,26.1,583.2,0.0612,1.09,214.4,124.4,12.0
2025-04-03T08:02:00+00:00,2045.2,83.47,363.5,13.45,370.9,28.4,596.0,0.0672,1.14,214.4,124.4,12.8
2025-04-03T08:03:00+00:00,1884.2,82.13,339.1,13.81,394.0,27.3,647.5,0.0620,1.24,214.4,124.4,10.9
2025-04-03T08:04:00+00:00,2002.4,81.24,359.9,13.76,393.4,25.0,611.5,0.0663,1.13,214.4,124.4,12.0
2025-04-03T08:05:00+00:00,2066.6,82.82,352.8,13.85,397.4,26.6,592.3,0.0626,1.20,214.4,124.4,14.1
2025-04-03T08:06:00+00:00,1952.7,81.29,359.2,13.95,380.8,27.8,599.6,0.0652,1.12,214.4,124.4,11.5
2025-04-03T08:07:00+00:00,2089.2,82.40,347.9,13.86,393.5,25.6,602.7,0.0625,1.14,214.4,124.4,12.8
2025-04-03T08:08:00+00:00,1985.3,81.66,354.1,13.88,381.7,22.9,621.8,0.0697,1.15,214.4,124.4,11.5
2025-04-03T08:09:00+00:00,2179.4,81.97,347.1,13.83,381.0,28.6,567.1,0.0669,1.18,214.4,124.4,11.1
2025-04-03T08:10:00+00:00,1997.7,81.59,349.5,13.79,357.0,27.9,607.1,0.0629,1.26,214.4,124.4,12.5
2025-04-03T08:11:00+00:00,2001.9,81.76,365.1,13.80,382.5,24.8,605.8,0.0622,1.20,214.4,124.4,11.7
2025-04-03T08:12:00+00:00,1983.6,81.63,347.6,14.17,353.8,26.8,669.6,0.0622,1.20,214.4,124.4,11.5
2025-04-03T08:13:00+00:00,1920.2,79.10,356.2,13.72,389.7,26.0,542.3,0.0614,1.17,214.4,124.4,12.5
2025-04-03T08:14:00+00:00,1922.5,81.49,349.7,13.72,349.7,26.0,571.4,0.0695,1.16,214.4,124.4,12.7
2025-04-03T08:15:00+00:00,1995.5,82.88,361.0,14.03,372.0,28.8,631.8,0.0612,1.09,214.4,124.4,12.4
2025-04-03T08:16:00+00:00,2017.2,76.79,360.6,13.74,385.0,30.2,554.5,0.0624,1.21,214.4,124.4,13.1
2025-04-03T08:17:00+00:00,2121.3,84.61,348.5,14.06,392.7,26.7,619.2,0.0693,1.19,214.4,124.4,12.7
2025-04-03T08:18:00+00:00,1949.6,82.64,347.4,14.05,369.6,26.9,569.9,0.0660,1.17,214.4,124.4,14.1
2025-04-03T08:19:00+00:00,919.4,79.61,362.7,13.96,356.7,27.2,520.3,0.0562,1.17,214.4,124.4,13.7
2025-04-03T08:20:00+00:00,938.0,80.45,358.4,13.88,351.1,26.1,504.1,0.0582,1.11,214.4,124.4,14.1
2025-04-03T08:21:00+00:00,893.9,77.40,353.2,13.83,354.9,26.9,569.4,0.0621,1.23,214.4,124.4,11.7
2025-04-03T08:22:00+00:00,951.7,78.09,353.1,13.76,346.4,27.4,557.7,0.0565,1.18,214.4,124.4,12.2
2025-04-03T08:23:00+00:00,918.4,77.10,360.5,13.75,347.5,27.4,577.5,0.0567,1.21,214.4,124.4,11.7
2025-04-03T08:24:00+00:00,949.8,79.91,360.6,13.45,345.4,24.2,500.6,0.0588,1.15,214.4,124.4,11.6
2025-04-03T08:25:00+00:00,1083.9,79.07,363.1,13.93,343.7,25.7,579.6,0.0636,1.21,214.4,124.4,12.4
2025-04-03T08:26:00+00:00,930.8,80.53,343.5,13.76,346.4,26.7,545.2,0.0586,1.17,214.4,124.4,12.1
2025-04-03T08:27:00+00:00,939.5,78.66,358.8,13.67,347.4,26.2,575.3,0.0598,1.14,214.4,124.4,12.3
2025-04-03T08:28:00+00:00,917.4,78.55,350.0,13.75,327.0,26.6,545.9,0.0556,1.13,214.4,124.4,10.9
2025-04-03T08:29:00+00:00,871.0,81.56,362.9,13.91,350.7,25.2,531.9,0.0560,1.18,214.4,124.4,12.0
2025-04-03T08:30:00+00:00,860.3,76.90,352.4,13.72,343.7,24.6,531.3,0.0558,1.17,214.4,124.4,11.8
2025-04-03T14:00:00+00:00,1086.2,78.68,355.9,14.15,362.0,24.5,563.4,0.0583,1.10,214.4,124.4,12.6
2025-04-03T14:01:00+00:00,906.5,77.58,355.3,13.77,353.0,26.6,523.4,0.0575,1.24,214.4,124.4,11.7
2025-04-03T14:02:00+00:00,924.6,79.30,356.2,13.72,351.8,24.8,538.6,0.0574,1.23,214.4,124.4,14.0
2025-04-03T14:03:00+00:00,998.9,81.24,349.1,13.63,357.3,29.2,590.8,0.0561,1.14,214.4,124.4,11.4
2025-04-03T14:04:00+00:00,939.5,77.48,363.7,13.81,354.0,27.6,553.4,0.0557,1.13,214.4,124.4,12.6
2025-04-03T14:05:00+00:00,960.3,78.87,356.4,13.75,331.2,26.0,534.3,0.0654,1.21,214.4,124.4,13.2
2025-04-03T14:06:00+00:00,843.5,76.95,351.9,14.12,343.8,26.8,515.4,0.0566,1.24,214.4,124.4,12.1
2025-04-03T14:07:00+00:00,1032.3,79.30,354.1,13.99,346.9,27.6,565.1,0.0652,1.20,214.4,124.4,10.5
2025-04-03T14:08:00+00:00,836.0,77.66,359.5,13.92,354.1,27.0,598.9,0.0654,1.24,214.4,124.4,12.1
2025-04-03T14:09:00+00:00,1037.8,79.99,355.3,13.84,353.9,25.4,549.3,0.0622,1.25,214.4,124.4,11.4
2025-04-03T14:10:00+00:00,891.7,81.91,357.5,13.86,321.8,28.1,561.0,0.0599,1.19,214.4,124.4,12.5
2025-04-03T14:11:00+00:00,935.6,80.18,354.3,14.02,356.3,27.5,570.7,0.0617,1.17,214.4,124.4,12.4
2025-04-03T14:12:00+00:00,1993.1,80.93,354.2,13.77,393.6,27.7,595.8,0.0617,1.15,214.4,124.4,12.0
2025-04-03T14:13:00+00:00,2023.9,82.75,352.4,13.90,373.0,25.3,600.4,0.0700,1.25,214.4,124.4,12.6
2025-04-03T14:14:00+00:00,2211.0,85.83,344.2,13.80,366.1,28.3,624.2,0.0678,1.27,214.4,124.4,13.7
2025-04-03T14:15:00+00:00,1871.1,82.38,334.0,13.79,373.9,29.2,608.6,0.0646,1.18,214.4,124.4,11.9
2025-04-03T14:16:00+00:00,2089.4,81.52,352.4,13.79,397.4,26.2,612.5,0.0736,1.20,214.4,124.4,11.8
2025-04-03T14:17:00+00:00,2127.9,83.18,341.5,13.74,404.0,29.1,594.6,0.0622,1.13,214.4,124.4,12.9
2025-04-03T14:18:00+00:00,1904.5,82.95,352.2,13.68,370.0,27.0,601.7,0.0622,1.24,214.4,124.4,13.4
2025-04-03T14:19:00+00:00,2037.1,82.96,344.9,13.69,379.4,24.2,573.8,0.0623,1.19,214.4,124.4,13.7
2025-04-03T14:20:00+00:00,2022.5,81.43,350.1,13.81,399.7,28.3,604.7,0.0680,1.17,214.4,124.4,11.5
2025-04-03T14:21:00+00:00,2066.7,82.99,343.9,13.69,399.6,27.2,577.2,0.0621,1.14,214.4,124.4,11.6
2025-04-03T14:22:00+00:00,1955.7,82.49,353.3,13.75,392.9,26.3,590.0,0.0611,1.12,214.4,124.4,11.6
2025-04-03T14:23:00+00:00,2016.7,82.26,359.1,14.03,401.7,25.8,573.4,0.0646,1.16,214.4,124.4,13.3
2025-04-03T14:24:00+00:00,2088.8,81.37,352.8,13.64,379.2,24.5,610.5,0.0673,1.19,214.4,124.4,12.7
2025-04-03T14:25:00+00:00,2025.8,82.88,350.8,13.96,357.4,27.3,511.3,0.0657,1.13,214.4,124.4,12.7
2025-04-03T14:26:00+00:00,1941.2,79.39,335.4,13.68,366.8,27.3,643.2,0.0611,1.12,214.4,124.4,13.3
2025-04-03T14:27:00+00:00,1875.5,80.40,362.7,13.94,388.4,22.7,624.1,0.0610,1.15,214.4,124.4,13.1
2025-04-03T14:28:00+00:00,2095.5,82.05,351.6,13.56,403.5,28.8,650.7,0.0627,1.21,214.4,124.4,12.8
2025-04-03T14:29:00+00:00,2081.2,80.73,338.6,13.80,368.2,28.5,578.9,0.0645,1.18,214.4,124.4,12.4
2025-04-03T14:30:00+00:00,2223.5,83.86,349.6,13.73,393.5,26.7,651.3,0.0698,1.17,214.4,124.4,13.3
2025-04-03T14:31:00+00:00,2019.5,82.95,344.9,13.83,376.6,29.3,617.1,0.0645,1.22,214.4,124.4,11.5
2025-04-03T14:32:00+00:00,2009.0,81.54,364.5,13.97,384.5,26.7,634.3,0.0621,1.19,214.4,124.4,11.2
2025-04-03T14:33:00+00:00,2013.1,83.58,350.3,13.65,406.3,25.2,620.4,0.0617,1.13,214.4,124.4,11.1
2025-04-03T14:34:00+00:00,1971.4,82.24,352.6,13.80,380.5,26.4,620.6,0.0618,1.18,214.4,124.4,11.5
2025-04-03T14:35:00+00:00,1916.8,81.72,357.4,13.92,389.7,26.4,582.5,0.0611,1.14,214.4,124.4,12.0
2025-04-03T14:36:00+00:00,2189.4,83.21,360.5,14.20,375.7,28.3,621.0,0.0633,1.20,214.4,124.4,13.6
2025-04-03T14:37:00+00:00,1954.4,82.91,361.9,13.91,393.5,27.9,586.4,0.0626,1.24,214.4,124.4,11.9
2025-04-03T14:38:00+00:00,2017.8,81.57,337.7,13.74,385.5,29.0,619.5,0.0626,1.22,214.4,124.4,12.4
2025-04-03T14:39:00+00:00,2083.1,83.99,350.1,13.75,393.8,28.0,608.1,0.0623,1.17,214.4,124.4,11.7
2025-04-03T14:40:00+00:00,2072.3,84.42,350.5,14.06,395.8,27.3,602.9,0.0625,1.19,214.4,124.4,15.0
2025-04-03T14:41:00+00:00,2162.9,82.37,361.0,13.80,377.4,26.2,622.5,0.0622,1.11,214.4,124.4,11.5
2025-04-03T14:42:00+00:00,2062.7,83.77,343.2,13.63,395.9,28.0,701.5,0.0675,1.11,214.4,124.4,12.3
2025-04-03T14:43:00+00:00,1837.6,79.15,333.5,13.80,403.0,29.0,535.9,0.0615,1.21,214.4,124.4,11.5
2025-04-03T14:44:00+00:00,2057.2,82.76,353.7,13.99,386.8,25.7,583.1,0.0639,1.28,214.4,124.4,11.9
2025-04-03T14:45:00+00:00,2127.2,82.24,358.7,13.70,400.0,26.1,656.1,0.0694,1.22,214.4,124.4,13.0
2025-04-03T14:46:00+00:00,2044.4,84.14,339.8,13.94,389.9,25.8,634.8,0.0631,1.26,214.4,124.4,12.5
2025-04-03T14:47:00+00:00,2030.7,81.65,373.1,14.18,383.8,26.6,553.7,0.0643,1.20,214.4,124.4,11.7
2025-04-03T14:48:00+00:00,2044.3,80.98,364.4,13.60,375.5,26.9,633.6,0.0668,1.20,214.4,124.4,12.8
2025-04-03T14:49:00+00:00,1966.1,81.08,356.5,13.80,371.8,30.2,636.0,0.0656,1.17,214.4,124.4,13.9
2025-04-03T14:50:00+00:00,1930.0,79.12,342.2,13.51,395.5,25.6,621.1,0.0623,1.24,214.4,124.4,11.3
2025-04-03T14:51:00+00:00,1947.7,82.39,344.7,13.89,390.3,25.7,563.0,0.0689,1.23,214.4,124.4,12.7
2025-04-03T14:52:00+00:00,2079.9,82.08,355.0,13.63,385.7,23.2,617.5,0.0660,1.13,214.4,124.4,11.2
2025-04-03T14:53:00+00:00,1960.3,82.41,346.9,14.00,394.7,29.1,540.6,0.0667,1.19,214.4,124.4,12.8
2025-04-03T14:54:00+00:00,2195.1,80.93,353.7,13.98,389.6,29.7,627.6,0.0632,1.20,214.4,124.4,10.5
2025-04-03T14:55:00+00:00,2008.1,82.19,353.7,13.73,360.8,26.8,620.1,0.0616,1.13,214.4,124.4,13.7
2025-04-03T14:56:00+00:00,2097.8,82.80,347.8,13.90,400.2,27.6,622.2,0.0644,1.24,214.4,124.4,9.8
2025-04-03T14:57:00+00:00,1966.3,82.73,352.9,13.94,380.0,27.0,580.4,0.0628,1.27,214.4,124.4,14.3
2025-04-03T14:58:00+00:00,2209.2,85.12,344.3,13.66,384.1,29.1,617.3,0.0624,1.11,214.4,124.4,12.3
2025-04-03T14:59:00+00:00,1920.9,82.55,345.8,13.55,391.7,26.1,653.7,0.0623,1.19,214.4,124.4,11.3
2025-04-03T15:00:00+00:00,1890.4,82.56,357.8,13.91,364.0,28.4,632.7,0.0611,1.15,214.4,124.4,12.2
2025-04-03T15:01:00+00:00,2113.4,82.90,354.3,13.68,377.2,24.9,608.0,0.0634,1.25,214.4,124.4,12.8
2025-04-03T15:02:00+00:00,2072.9,81.22,343.2,13.58,396.9,30.3,640.2,0.0625,1.19,214.4,124.4,13.1
2025-04-03T15:03:00+00:00,2072.1,82.10,352.4,13.83,381.7,27.4,588.5,0.0623,1.17,214.4,124.4,12.5
2025-04-03T15:04:00+00:00,2192.9,83.71,337.3,13.70,390.7,26.6,631.4,0.0743,1.18,214.4,124.4,13.2
2025-04-03T15:05:00+00:00,2553.2,84.92,347.9,13.99,384.7,23.1,618.0,0.0701,1.19,214.4,124.4,12.6
2025-04-03T15:06:00+00:00,2451.3,83.19,337.0,13.53,379.5,27.1,610.8,0.0644,1.18,214.4,124.4,10.1
2025-04-03T15:07:00+00:00,2028.0,82.43,349.6,13.77,387.6,29.2,618.2,0.0623,1.20,214.4,124.4,11.6
2025-04-03T15:08:00+00:00,2085.7,84.21,348.4,13.90,386.9,28.1,606.3,0.0629,1.23,214.4,124.4,12.3
2025-04-03T15:09:00+00:00,2099.0,82.30,332.9,13.70,403.1,24.7,626.3,0.0622,1.14,214.4,124.4,13.5
2025-04-03T15:10:00+00:00,2400.5,84.80,340.3,13.73,398.7,27.0,615.3,0.0672,1.22,214.4,124.4,11.3
2025-04-03T15:11:00+00:00,1918.8,82.75,350.9,13.91,392.2,27.2,567.3,0.0617,1.16,214.4,124.4,11.5
2025-04-03T15:12:00+00:00,2330.9,82.21,341.6,13.81,383.6,27.6,622.3,0.0641,1.21,214.4,124.4,12.0
2025-04-03T15:13:00+00:00,2088.0,83.56,348.4,13.69,367.8,26.6,616.6,0.0644,1.18,214.4,124.4,13.5
2025-04-03T15:14:00+00:00,2008.2,84.12,369.2,13.45,369.7,26.7,626.4,0.0671,1.17,214.4,124.4,13.4
2025-04-03T15:15:00+00:00,2158.5,83.36,346.0,13.62,385.1,26.6,655.9,0.0696,1.14,214.4,124.4,10.8
2025-04-03T15:16:00+00:00,2132.1,81.82,345.6,13.80,391.5,26.3,638.0,0.0631,1.23,214.4,124.4,13.1
2025-04-03T15:17:00+00:00,2488.1,84.83,340.0,13.77,391.2,27.1,616.9,0.0643,1.15,214.4,124.4,11.7
2025-04-03T15:18:00+00:00,2149.0,83.03,353.8,14.06,390.9,25.1,567.9,0.0635,1.25,214.4,124.4,11.7
2025-04-03T15:19:00+00:00,2054.9,82.35,336.2,13.85,385.4,25.2,623.1,0.0729,1.23,214.4,124.4,13.0
2025-04-03T15:20:00+00:00,1986.6,80.71,352.8,13.76,366.2,27.5,635.7,0.0629,1.27,214.4,124.4,11.5
2025-04-03T15:21:00+00:00,2109.4,83.01,346.6,13.90,381.7,27.7,603.6,0.0664,1.23,214.4,124.4,13.6
2025-04-03T15:22:00+00:00,2518.1,83.96,346.4,13.71,413.3,26.5,588.4,0.0642,1.12,214.4,124.4,13.7
2025-04-03T15:23:00+00:00,1785.4,81.72,353.0,13.87,375.3,28.3,580.4,0.0625,1.13,214.4,124.4,11.2
2025-04-03T15:24:00+00:00,2136.8,83.81,342.1,13.74,398.3,29.1,558.1,0.0626,1.15,214.4,124.4,11.5
2025-04-03T15:25:00+00:00,2439.2,83.94,340.8,13.83,409.5,25.3,623.2,0.0648,1.23,214.4,124.4,12.2
2025-04-03T15:26:00+00:00,2170.2,80.32,343.9,13.79,396.1,27.1,646.9,0.0675,1.21,214.4,124.4,11.2
2025-04-03T15:27:00+00:00,2208.7,81.30,352.5,13.93,391.6,27.3,619.9,0.0635,1.21,214.4,124.4,11.8
2025-04-03T15:28:00+00:00,1813.9,79.50,337.2,13.94,392.2,29.1,531.9,0.0613,1.20,214.4,124.4,11.3
2025-04-03T15:29:00+00:00,2015.8,81.96,333.0,13.62,378.0,26.1,639.9,0.0675,1.24,214.4,124.4,11.5
2025-04-03T15:30:00+00:00,2141.1,79.81,346.8,13.56,375.9,24.3,630.6,0.0637,1.19,214.4,124.4,13.8
2025-04-03T15:31:00+00:00,2062.6,79.73,355.8,13.73,382.1,26.8,640.6,0.0629,1.24,214.4,124.4,13.0
2025-04-03T15:32:00+00:00,2201.5,82.44,341.4,14.23,401.0,25.6,551.3,0.0633,1.22,214.4,124.4,13.9
2025-04-03T15:33:00+00:00,1972.3,79.68,350.9,13.53,386.3,28.5,527.3,0.0628,1.19,214.4,124.4,13.9
2025-04-03T15:34:00+00:00,2027.2,83.46,345.4,13.83,388.2,25.3,608.2,0.0739,1.14,214.4,124.4,13.6
2025-04-03T15:35:00+00:00,2015.3,82.34,356.3,13.41,377.2,28.6,619.9,0.0622,1.19,214.4,124.4,11.9
2025-04-03T15:36:00+00:00,1914.4,80.84,351.6,13.73,404.9,27.3,577.4,0.0613,1.16,214.4,124.4,12.2
2025-04-03T15:37:00+00:00,1902.5,82.98,354.1,13.84,386.7,25.7,578.6,0.0614,1.17,214.4,124.4,11.7
2025-04-03T15:38:00+00:00,2092.7,82.45,357.8,13.71,376.6,27.9,646.1,0.0665,1.16,214.4,124.4,12.4
2025-04-03T15:39:00+00:00,1903.4,82.95,357.8,13.95,383.9,24.8,563.5,0.0612,1.17,214.4,124.4,12.4
2025-04-03T15:40:00+00:00,2139.4,81.45,350.2,13.93,387.0,27.3,619.1,0.0619,1.10,214.4,124.4,12.6
2025-04-03T15:41:00+00:00,1995.8,80.50,339.3,13.69,379.3,27.7,559.3,0.0624,1.21,214.4,124.4,13.6
2025-04-03T15:42:00+00:00,2199.3,82.20,335.0,13.91,405.2,27.7,581.2,0.0697,1.14,214.4,124.4,13.7
2025-04-03T15:43:00+00:00,2056.8,84.81,358.0,14.09,379.4,25.8,628.7,0.0627,1.22,214.4,124.4,12.9
2025-04-03T15:44:00+00:00,1980.0,84.20,356.2,13.74,382.6,28.9,579.0,0.0611,1.11,214.4,124.4,13.4
2025-04-03T15:45:00+00:00,1855.8,81.31,348.7,13.85,362.1,26.1,570.2,0.0612,1.17,214.4,124.4,13.3
2025-04-03T15:46:00+00:00,1896.2,81.42,354.9,13.62,365.9,26.1,597.7,0.0615,1.10,214.4,124.4,11.7
2025-04-03T15:47:00+00:00,2012.2,81.45,345.3,14.01,369.2,27.0,541.8,0.0620,1.16,214.4,124.4,11.7
2025-04-03T15:48:00+00:00,2165.0,82.78,355.9,14.04,386.6,26.1,597.4,0.0669,1.18,214.4,124.4,11.9
2025-04-03T15:49:00+00:00,2044.0,80.72,347.3,13.86,385.7,27.2,619.6,0.0660,1.22,214.4,124.4,11.1
2025-04-03T15:50:00+00:00,1981.0,81.64,363.2,13.85,383.4,26.1,604.3,0.0661,1.23,214.4,124.4,11.8
2025-04-03T15:51:00+00:00,2149.5,83.64,344.3,13.44,392.6,25.8,640.1,0.0618,1.08,214.4,124.4,11.4
2025-04-03T15:52:00+00:00,2076.8,81.87,344.6,13.83,368.1,26.0,562.3,0.0691,1.17,214.4,124.4,13.3
2025-04-03T15:53:00+00:00,1956.2,82.00,352.5,13.55,381.4,24.5,602.5,0.0624,1.25,214.4,124.4,10.5
2025-04-03T15:54:00+00:00,1867.0,80.32,353.2,14.08,395.2,28.0,591.5,0.0697,1.21,214.4,124.4,12.0
2025-04-03T15:55:00+00:00,1971.9,81.97,361.9,14.08,378.1,26.2,587.4,0.0605,1.04,214.4,124.4,15.6
2025-04-03T15:56:00+00:00,2156.7,83.16,357.2,13.71,403.2,29.3,569.2,0.0624,1.14,214.4,124.4,13.8
2025-04-03T15:57:00+00:00,1987.5,82.16,351.7,13.88,375.6,25.7,597.3,0.0613,1.12,214.4,124.4,11.5
2025-04-03T15:58:00+00:00,2027.1,85.59,345.6,13.76,381.6,24.8,516.3,0.0651,1.22,214.4,124.4,12.5
2025-04-03T15:59:00+00:00,2087.8,82.84,359.9,13.74,381.5,27.0,639.9,0.0654,1.13,214.4,124.4,12.8
2025-04-03T16:00:00+00:00,2097.4,83.31,345.6,13.59,375.8,27.4,615.2,0.0640,1.22,214.4,124.4,11.0
2025-04-03T16:01:00+00:00,1975.6,82.83,346.4,13.93,384.3,24.9,588.6,0.0622,1.20,214.4,124.4,12.5
2025-04-03T16:02:00+00:00,1953.5,81.00,354.9,13.83,371.3,28.9,587.7,0.0617,1.17,214.4,124.4,14.1
2025-04-03T16:03:00+00:00,2207.1,82.42,348.8,13.84,395.6,24.2,597.8,0.0633,1.20,214.4,124.4,11.4
2025-04-03T16:04:00+00:00,2170.2,81.59,352.0,13.89,378.0,27.4,619.9,0.0634,1.22,214.4,124.4,12.0
2025-04-03T16:05:00+00:00,1858.7,82.49,345.8,13.86,388.0,28.6,575.1,0.0630,1.21,214.4,124.4,12.7
2025-04-03T16:06:00+00:00,2237.5,82.12,345.7,13.91,392.3,25.4,535.7,0.0633,1.18,214.4,124.4,12.9
2025-04-03T16:07:00+00:00,1903.0,81.93,345.3,13.72,369.9,23.9,581.0,0.0617,1.20,214.4,124.4,13.1
2025-04-03T16:08:00+00:00,2049.9,80.74,344.8,13.92,409.4,27.9,598.4,0.0635,1.20,214.4,124.4,13.7
2025-04-03T16:09:00+00:00,2192.2,81.10,362.3,13.59,375.5,28.7,549.1,0.0636,1.24,214.4,124.4,11.2
2025-04-03T16:10:00+00:00,2091.4,79.76,357.2,13.65,397.0,27.1,623.8,0.0623,1.15,214.4,124.4,11.7
2025-04-03T16:11:00+00:00,2025.4,81.30,339.8,13.80,373.3,25.3,557.3,0.0625,1.23,214.4,124.4,13.6
2025-04-03T16:12:00+00:00,1945.5,77.15,341.6,13.80,374.0,27.4,584.7,0.0650,1.19,214.4,124.4,11.1
2025-04-03T16:13:00+00:00,1087.4,77.93,362.6,13.98,327.3,28.1,562.6,0.0588,1.20,214.4,124.4,11.7
2025-04-03T16:14:00+00:00,969.3,80.94,359.6,13.85,343.9,29.0,525.4,0.0585,1.18,214.4,124.4,11.5
2025-04-03T16:15:00+00:00,969.4,78.57,369.6,13.70,345.8,29.6,510.8,0.0571,1.24,214.4,124.4,11.5
2025-04-03T16:16:00+00:00,1195.4,79.50,373.2,13.69,339.8,24.3,569.0,0.0579,1.11,214.4,124.4,13.2
2025-04-03T16:17:00+00:00,955.6,80.96,360.7,13.67,345.5,24.6,513.3,0.0566,1.20,214.4,124.4,13.5
2025-04-03T16:18:00+00:00,999.6,83.03,365.7,13.97,334.3,29.6,501.7,0.0558,1.10,214.4,124.4,14.2
2025-04-03T16:19:00+00:00,970.4,79.91,357.1,14.03,369.0,27.5,526.2,0.0584,1.26,214.4,124.4,12.1
2025-04-03T16:20:00+00:00,953.2,77.95,358.6,13.90,359.9,27.8,589.2,0.0559,1.14,214.4,124.4,12.0
2025-04-03T16:21:00+00:00,1072.8,80.89,359.5,13.48,361.3,25.7,566.6,0.0652,1.06,214.4,124.4,12.5
2025-04-03T16:22:00+00:00,901.2,79.01,352.7,13.63,339.4,21.9,515.8,0.0564,1.22,214.4,124.4,12.5
2025-04-03T16:23:00+00:00,973.1,79.85,362.8,13.86,341.1,29.0,530.9,0.0562,1.15,214.4,124.4,11.8
2025-04-04T06:00:00+00:00,1025.5,80.66,364.7,13.92,340.4,27.2,551.0,0.0535,0.86,153.2,63.2,5.7
2025-04-04T06:01:00+00:00,1047.5,78.74,360.3,14.24,333.9,26.0,532.8,0.0568,0.77,153.2,63.2,5.7
2025-04-04T06:02:00+00:00,864.0,77.89,342.0,13.64,346.7,27.8,551.7,0.0522,0.80,153.2,63.2,7.2
2025-04-04T06:03:00+00:00,966.1,78.84,349.6,13.88,354.8,25.4,548.3,0.0569,0.87,153.2,63.2,6.7
2025-04-04T06:04:00+00:00,789.0,79.32,373.1,13.30,348.5,25.8,549.9,0.0525,0.83,153.2,63.2,6.9
2025-04-04T06:05:00+00:00,1101.7,78.82,357.0,13.87,351.7,29.1,540.6,0.0533,0.80,153.2,63.2,6.3
2025-04-04T06:06:00+00:00,983.2,81.63,338.7,13.78,330.2,29.4,625.0,0.0529,0.81,153.2,63.2,8.2
2025-04-04T06:07:00+00:00,976.8,79.21,341.7,13.87,341.8,24.9,601.4,0.0527,0.79,153.2,63.2,6.6
2025-04-04T06:08:00+00:00,1049.1,79.72,350.3,13.95,327.9,27.7,580.7,0.0547,0.83,153.2,63.2,6.6
2025-04-04T06:09:00+00:00,956.8,81.06,352.7,14.14,351.5,26.9,567.4,0.0556,0.88,153.2,63.2,6.2
2025-04-04T06:10:00+00:00,1011.4,81.35,349.4,13.51,368.7,25.9,578.2,0.0526,0.78,153.2,63.2,5.1
2025-04-04T06:11:00+00:00,973.5,80.11,353.7,13.70,338.0,27.4,532.6,0.0521,0.73,153.2,63.2,7.6
2025-04-04T06:12:00+00:00,1958.7,80.97,344.5,13.85,367.8,28.5,615.5,0.0584,0.84,153.2,63.2,5.9
2025-04-04T06:13:00+00:00,2103.9,81.42,360.9,13.81,382.7,30.1,635.9,0.0593,0.70,153.2,63.2,8.3
2025-04-04T06:14:00+00:00,1953.7,81.09,353.8,13.76,395.8,25.8,621.4,0.0582,0.81,153.2,63.2,6.6
2025-04-04T06:15:00+00:00,2035.9,81.33,349.7,13.80,394.4,28.4,618.2,0.0634,0.70,153.2,63.2,8.5
2025-04-04T06:16:00+00:00,1876.0,83.32,350.0,13.86,377.0,24.3,622.5,0.0648,0.78,153.2,63.2,6.6
2025-04-04T06:17:00+00:00,2026.8,80.89,355.4,13.99,400.0,27.2,582.6,0.0633,0.85,153.2,63.2,8.2
2025-04-04T06:18:00+00:00,2021.5,83.66,339.0,13.86,387.8,28.4,609.7,0.0585,0.82,153.2,63.2,6.2
2025-04-04T06:19:00+00:00,1754.4,80.40,348.6,13.69,370.4,26.9,570.2,0.0671,0.84,153.2,63.2,7.3
2025-04-04T06:20:00+00:00,2062.3,82.64,364.4,13.95,369.1,27.8,535.8,0.0645,0.69,153.2,63.2,7.1
2025-04-04T06:21:00+00:00,1994.2,82.10,368.2,13.66,377.9,26.8,622.6,0.0588,0.87,153.2,63.2,6.6
2025-04-04T06:22:00+00:00,2121.8,82.25,342.4,13.85,377.1,22.7,586.3,0.0705,0.78,153.2,63.2,7.1
2025-04-04T06:23:00+00:00,1961.2,80.50,339.4,13.60,394.1,30.0,590.1,0.0610,0.82,153.2,63.2,8.8
2025-04-04T06:24:00+00:00,1907.8,83.17,361.8,13.70,374.3,25.5,569.1,0.0576,0.80,153.2,63.2,5.4
2025-04-04T06:25:00+00:00,2008.8,80.84,347.0,13.82,383.4,26.5,598.7,0.0587,0.84,153.2,63.2,5.6
2025-04-04T06:26:00+00:00,1852.4,81.89,340.7,13.75,382.1,28.6,583.1,0.0599,0.82,153.2,63.2,5.6
2025-04-04T06:27:00+00:00,2023.7,81.78,350.6,13.81,380.1,27.4,625.8,0.0610,0.71,153.2,63.2,6.5
2025-04-04T06:28:00+00:00,1940.6,81.32,339.3,13.74,376.0,27.2,637.4,0.0571,0.73,153.2,63.2,6.9
2025-04-04T06:29:00+00:00,1960.6,78.55,355.5,13.78,367.8,26.4,631.2,0.0611,0.77,153.2,63.2,6.2
2025-04-04T06:30:00+00:00,1887.3,82.29,342.7,14.13,370.4,25.4,577.5,0.0576,0.79,153.2,63.2,8.4
2025-04-04T06:31:00+00:00,2239.6,82.29,340.2,13.64,389.3,25.0,642.6,0.0608,0.74,153.2,63.2,8.3
2025-04-04T06:32:00+00:00,1983.8,83.11,337.4,13.90,370.7,27.9,613.8,0.0587,0.86,153.2,63.2,6.4
2025-04-04T06:33:00+00:00,2182.7,80.86,339.1,13.99,384.7,27.5,610.8,0.0660,0.82,153.2,63.2,7.7
2025-04-04T06:34:00+00:00,1857.3,82.10,357.2,13.81,415.9,25.9,615.0,0.0571,0.77,153.2,63.2,6.7
2025-04-04T06:35:00+00:00,1778.5,80.84,355.3,13.89,370.4,27.0,562.2,0.0609,0.84,153.2,63.2,7.6
2025-04-04T06:36:00+00:00,2105.0,81.21,353.8,13.77,380.2,27.8,625.5,0.0593,0.85,153.2,63.2,5.5
2025-04-04T06:37:00+00:00,1862.3,83.11,353.2,13.67,378.7,27.1,624.2,0.0629,0.84,153.2,63.2,3.8
2025-04-04T06:38:00+00:00,2016.7,80.11,352.7,13.76,396.0,25.0,602.0,0.0580,0.76,153.2,63.2,5.5
2025-04-04T06:39:00+00:00,2010.2,81.31,342.6,13.58,383.6,27.4,603.9,0.0712,0.86,153.2,63.2,6.3
2025-04-04T06:40:00+00:00,2043.6,83.05,351.8,13.57,370.3,27.2,661.0,0.0606,0.75,153.2,63.2,7.9
2025-04-04T06:41:00+00:00,1970.6,81.22,338.4,13.63,391.9,26.0,594.1,0.0567,0.68,153.2,63.2,7.4
2025-04-04T06:42:00+00:00,2035.0,79.32,358.8,13.80,398.3,26.5,597.5,0.0579,0.75,153.2,63.2,6.7
2025-04-04T06:43:00+00:00,1750.5,81.62,349.2,13.67,385.7,23.1,633.5,0.0641,0.89,153.2,63.2,6.8
2025-04-04T06:44:00+00:00,1986.7,81.88,364.2,13.70,381.5,28.1,617.7,0.0643,0.83,153.2,63.2,8.4
2025-04-04T06:45:00+00:00,2136.6,83.20,345.3,13.62,358.5,27.0,625.1,0.0586,0.77,153.2,63.2,6.8
2025-04-04T06:46:00+00:00,2014.4,83.85,353.6,13.71,396.6,26.8,596.2,0.0585,0.81,153.2,63.2,7.2
2025-04-04T06:47:00+00:00,2181.2,82.39,363.1,13.72,387.3,24.2,615.0,0.0596,0.79,153.2,63.2,5.9
2025-04-04T06:48:00+00:00,2225.6,82.26,349.2,13.85,378.9,26.8,590.5,0.0632,0.75,153.2,63.2,5.3
2025-04-04T06:49:00+00:00,2105.3,84.99,358.4,13.75,390.2,30.5,590.1,0.0590,0.82,153.2,63.2,7.0
2025-04-04T06:50:00+00:00,1864.9,81.41,353.6,13.92,380.8,25.3,616.3,0.0579,0.75,153.2,63.2,6.4
2025-04-04T06:51:00+00:00,2045.3,83.31,356.0,13.79,408.8,29.4,588.1,0.0640,0.82,153.2,63.2,5.8
2025-04-04T06:52:00+00:00,2007.1,83.63,342.1,13.76,361.3,25.1,625.4,0.0661,0.74,153.2,63.2,7.6
2025-04-04T06:53:00+00:00,1971.3,80.60,350.1,13.91,381.9,28.4,594.6,0.0585,0.84,153.2,63.2,6.4
2025-04-04T06:54:00+00:00,1969.7,81.33,338.6,13.68,413.4,25.6,634.1,0.0585,0.84,153.2,63.2,6.4
2025-04-04T06:55:00+00:00,2072.0,80.95,363.7,13.75,393.9,26.5,633.6,0.0592,0.87,153.2,63.2,6.1
2025-04-04T06:56:00+00:00,2211.3,82.05,343.7,13.96,406.9,25.6,593.7,0.0592,0.77,153.2,63.2,6.9
2025-04-04T06:57:00+00:00,2018.2,80.09,345.1,13.90,388.8,29.2,599.8,0.0591,0.67,153.2,63.2,9.7
2025-04-04T06:58:00+00:00,1891.8,82.13,359.5,13.92,395.8,24.1,566.5,0.0567,0.71,153.2,63.2,9.8
2025-04-04T06:59:00+00:00,2052.7,81.32,343.9,13.79,367.6,27.9,641.0,0.0580,0.74,153.2,63.2,6.6
2025-04-04T07:00:00+00:00,1960.0,81.34,353.2,13.85,377.0,26.2,613.3,0.0592,0.79,153.2,63.2,8.0
2025-04-04T07:01:00+00:00,2023.5,81.28,356.2,13.74,387.5,25.2,541.6,0.0622,0.79,153.2,63.2,5.6
2025-04-04T07:02:00+00:00,2102.4,81.15,361.4,13.64,376.5,23.7,598.3,0.0583,0.76,153.2,63.2,7.0
2025-04-04T07:03:00+00:00,1857.2,84.29,338.5,13.98,366.9,27.7,597.2,0.0579,0.86,153.2,63.2,5.4
2025-04-04T07:04:00+00:00,2030.8,82.85,350.4,13.87,383.4,25.2,585.4,0.0640,0.79,153.2,63.2,4.6
2025-04-04T07:05:00+00:00,2063.3,83.26,350.4,13.86,375.6,25.7,587.2,0.0586,0.82,153.2,63.2,5.9
2025-04-04T07:06:00+00:00,2013.0,82.11,355.1,14.19,376.7,27.3,576.1,0.0597,0.78,153.2,63.2,5.3
2025-04-04T07:07:00+00:00,2442.6,84.39,346.7,14.03,398.0,26.5,569.6,0.0601,0.76,153.2,63.2,7.9
2025-04-04T07:08:00+00:00,2182.0,82.82,339.0,13.81,381.1,26.0,624.5,0.0586,0.74,153.2,63.2,7.9
2025-04-04T07:09:00+00:00,1880.5,80.60,366.8,13.60,356.0,27.8,560.9,0.0578,0.81,153.2,63.2,7.1
2025-04-04T07:10:00+00:00,1979.0,81.88,336.3,13.60,392.3,27.6,636.6,0.0577,0.75,153.2,63.2,6.7
2025-04-04T07:11:00+00:00,1880.8,80.21,353.8,13.81,375.7,31.7,633.8,0.0579,0.84,153.2,63.2,6.5
2025-04-04T07:12:00+00:00,2334.0,86.22,342.1,13.88,402.6,27.0,611.5,0.0604,0.83,153.2,63.2,7.7
2025-04-04T07:13:00+00:00,2565.6,83.14,342.2,13.83,407.5,25.0,604.6,0.0649,0.91,153.2,63.2,6.9
2025-04-04T07:14:00+00:00,2485.7,85.03,348.9,13.92,385.5,23.7,698.0,0.0609,0.73,153.2,63.2,7.4
2025-04-04T07:15:00+00:00,1958.6,84.51,346.7,13.77,368.7,25.5,588.5,0.0583,0.75,153.2,63.2,5.0
2025-04-04T07:16:00+00:00,2044.7,82.90,358.0,13.78,370.7,27.8,559.3,0.0604,0.73,153.2,63.2,6.5
2025-04-04T07:17:00+00:00,1747.9,80.50,354.0,13.88,355.3,27.2,520.1,0.0612,0.82,153.2,63.2,6.0
2025-04-04T07:18:00+00:00,2025.4,82.03,350.5,13.90,373.3,26.5,592.7,0.0668,0.77,153.2,63.2,6.1
2025-04-04T07:19:00+00:00,2109.2,82.49,354.9,13.63,378.1,25.9,616.4,0.0591,0.83,153.2,63.2,7.4
2025-04-04T07:20:00+00:00,2525.0,84.47,336.3,14.01,401.1,24.6,617.5,0.0614,0.84,153.2,63.2,5.5
2025-04-04T07:21:00+00:00,1792.3,83.16,354.3,13.73,383.7,27.9,590.4,0.0577,0.86,153.2,63.2,6.7
2025-04-04T07:22:00+00:00,2581.9,85.83,349.6,13.66,392.0,24.5,616.1,0.0690,0.81,153.2,63.2,6.0
2025-04-04T07:23:00+00:00,1898.8,82.55,331.5,13.98,357.9,25.2,616.6,0.0576,0.72,153.2,63.2,6.5
2025-04-04T07:24:00+00:00,2408.1,82.65,364.9,13.84,402.9,25.1,654.1,0.0610,0.73,153.2,63.2,6.1
2025-04-04T07:25:00+00:00,1939.9,82.45,358.6,13.82,387.8,27.1,574.3,0.0577,0.78,153.2,63.2,6.6
2025-04-04T07:26:00+00:00,1892.5,81.74,351.6,13.74,415.0,25.1,551.9,0.0680,0.75,153.2,63.2,6.6
2025-04-04T07:27:00+00:00,1977.2,82.18,354.8,13.70,376.1,25.9,556.2,0.0584,0.84,153.2,63.2,8.3
2025-04-04T07:28:00+00:00,2021.1,81.42,344.9,13.60,376.9,25.0,646.2,0.0659,0.75,153.2,63.2,5.8
2025-04-04T07:29:00+00:00,2470.8,84.72,357.3,13.97,394.5,26.9,672.1,0.0648,0.74,153.2,63.2,7.1
2025-04-04T07:30:00+00:00,2098.1,82.72,355.0,13.82,384.3,26.2,622.3,0.0588,0.75,153.2,63.2,7.2
2025-04-04T07:31:00+00:00,2168.4,79.51,352.0,13.61,396.6,28.5,638.8,0.0636,0.71,153.2,63.2,5.5
2025-04-04T07:32:00+00:00,1954.2,82.02,349.7,13.70,368.8,27.4,494.0,0.0572,0.72,153.2,63.2,7.4
2025-04-04T07:33:00+00:00,1817.2,80.43,351.0,14.02,388.3,27.7,623.6,0.0713,0.79,153.2,63.2,5.6
2025-04-04T07:34:00+00:00,1944.0,85.02,368.4,13.95,393.1,24.8,585.1,0.0567,0.68,153.2,63.2,8.0
2025-04-04T07:35:00+00:00,2072.9,83.10,352.5,13.81,395.6,24.1,610.4,0.0598,0.84,153.2,63.2,8.2
2025-04-04T07:36:00+00:00,2316.0,81.13,340.4,13.75,380.8,25.1,567.1,0.0597,0.79,153.2,63.2,7.1
2025-04-04T07:37:00+00:00,1783.3,83.30,359.7,13.85,389.7,26.1,553.6,0.0573,0.83,153.2,63.2,6.2
2025-04-04T07:38:00+00:00,2111.4,81.74,350.7,13.76,383.1,24.7,667.8,0.0593,0.85,153.2,63.2,6.9
2025-04-04T07:39:00+00:00,1845.4,81.48,346.5,13.92,360.7,23.5,560.1,0.0578,0.83,153.2,63.2,7.1
2025-04-04T07:40:00+00:00,2226.3,81.61,351.8,13.95,383.3,25.7,669.9,0.0602,0.88,153.2,63.2,8.4
2025-04-04T07:41:00+00:00,2020.9,82.54,346.7,14.00,363.5,29.8,579.7,0.0584,0.80,153.2,63.2,6.8
2025-04-04T07:42:00+00:00,1845.3,80.58,363.1,14.02,381.4,27.7,595.4,0.0570,0.77,153.2,63.2,6.6
2025-04-04T07:43:00+00:00,1998.4,82.20,344.4,13.86,381.2,28.2,636.9,0.0634,0.86,153.2,63.2,7.2
2025-04-04T07:44:00+00:00,2131.4,82.60,341.7,13.97,387.6,28.9,640.6,0.0598,0.85,153.2,63.2,7.2
2025-04-04T07:45:00+00:00,2157.6,83.15,356.0,13.97,376.5,25.2,558.3,0.0596,0.84,153.2,63.2,5.9
2025-04-04T07:46:00+00:00,2049.9,83.34,348.7,13.78,386.0,25.1,579.2,0.0588,0.80,153.2,63.2,6.4
2025-04-04T07:47:00+00:00,2029.7,83.02,353.7,13.76,405.1,25.1,627.8,0.0620,0.90,153.2,63.2,5.5
2025-04-04T07:48:00+00:00,2157.0,84.60,353.6,13.87,379.3,25.8,585.8,0.0608,0.83,153.2,63.2,5.0
2025-04-04T07:49:00+00:00,1954.2,80.51,342.3,13.65,405.7,29.0,600.3,0.0581,0.81,153.2,63.2,7.7
2025-04-04T07:50:00+00:00,2123.7,82.04,344.4,13.47,387.7,26.0,591.6,0.0588,0.79,153.2,63.2,6.5
2025-04-04T07:51:00+00:00,2089.6,83.68,345.0,13.47,402.9,29.0,596.6,0.0604,0.77,153.2,63.2,7.2
2025-04-04T07:52:00+00:00,2198.7,84.19,354.5,13.80,391.5,23.4,621.3,0.0588,0.74,153.2,63.2,7.9
2025-04-04T07:53:00+00:00,2230.0,83.85,340.8,13.73,384.0,27.5,583.9,0.0666,0.71,153.2,63.2,7.0
2025-04-04T07:54:00+00:00,1925.9,80.49,350.6,13.64,390.9,24.1,588.1,0.0584,0.85,153.2,63.2,8.7
2025-04-04T07:55:00+00:00,2196.8,83.17,347.6,13.66,382.0,27.4,668.9,0.0663,0.80,153.2,63.2,6.4
2025-04-04T07:56:00+00:00,2134.3,81.72,340.9,13.71,377.9,26.5,652.9,0.0620,0.81,153.2,63.2,7.7
2025-04-04T07:57:00+00:00,2099.7,82.79,369.0,14.07,382.8,25.1,639.5,0.0587,0.80,153.2,63.2,6.4
2025-04-04T07:58:00+00:00,2103.9,84.61,341.0,13.88,387.1,26.6,546.0,0.0594,0.86,153.2,63.2,6.6
2025-04-04T07:59:00+00:00,1963.3,83.88,363.0,13.94,383.2,27.0,573.3,0.0580,0.79,153.2,63.2,6.6
2025-04-04T08:00:00+00:00,1983.6,79.98,356.2,13.86,381.0,24.9,577.7,0.0616,0.78,153.2,63.2,4.3
2025-04-04T08:01:00+00:00,1947.6,81.88,361.0,13.82,389.1,25.5,636.0,0.0579,0.80,153.2,63.2,7.4
2025-04-04T08:02:00+00:00,1839.5,84.39,345.9,13.93,362.7,24.6,650.3,0.0621,0.78,153.2,63.2,7.6
2025-04-04T08:03:00+00:00,2049.3,83.04,358.1,13.66,369.1,27.2,628.3,0.0581,0.78,153.2,63.2,6.5
2025-04-04T08:04:00+00:00,2028.9,82.85,359.3,13.65,377.0,28.2,566.8,0.0580,0.77,153.2,63.2,6.9
2025-04-04T08:05:00+00:00,2013.7,82.99,338.3,13.59,391.9,24.0,628.6,0.0641,0.76,153.2,63.2,8.6
2025-04-04T08:06:00+00:00,1875.3,80.07,356.2,13.59,369.1,27.2,615.7,0.0585,0.90,153.2,63.2,8.0
2025-04-04T08:07:00+00:00,2022.0,82.66,358.6,13.70,373.0,26.3,538.3,0.0578,0.75,153.2,63.2,7.0
2025-04-04T08:08:00+00:00,2037.5,81.62,362.0,13.70,354.9,26.3,567.6,0.0620,0.83,153.2,63.2,7.6
2025-04-04T08:09:00+00:00,2079.6,81.67,346.3,13.83,380.5,28.3,597.5,0.0594,0.90,153.2,63.2,5.9
2025-04-04T08:10:00+00:00,2102.9,82.62,358.4,13.78,395.6,27.3,581.1,0.0586,0.78,153.2,63.2,4.3
2025-04-04T08:11:00+00:00,1994.1,82.59,361.1,13.88,378.0,28.1,628.3,0.0577,0.76,153.2,63.2,6.6
2025-04-04T08:12:00+00:00,2001.2,80.69,359.3,13.76,369.0,27.8,617.3,0.0610,0.84,153.2,63.2,7.0
2025-04-04T08:13:00+00:00,1991.1,79.13,353.7,14.05,378.7,26.0,585.6,0.0679,0.75,153.2,63.2,5.8
2025-04-04T08:14:00+00:00,1983.7,80.77,364.3,13.74,380.6,25.4,568.2,0.0581,0.81,153.2,63.2,8.4
2025-04-04T08:15:00+00:00,1963.7,82.41,358.5,13.80,361.4,26.1,579.5,0.0639,0.78,153.2,63.2,6.3
2025-04-04T08:16:00+00:00,1891.2,82.15,337.0,14.23,388.3,25.0,637.2,0.0583,0.86,153.2,63.2,7.2
2025-04-04T08:17:00+00:00,1910.7,82.68,353.8,13.61,381.5,25.7,536.1,0.0576,0.77,153.2,63.2,7.4
2025-04-04T08:18:00+00:00,949.1,77.61,343.8,13.70,336.0,25.9,590.5,0.0534,0.80,153.2,63.2,4.7
2025-04-04T08:19:00+00:00,946.1,77.98,351.7,14.05,350.1,25.5,536.1,0.0569,0.88,153.2,63.2,7.1
2025-04-04T08:20:00+00:00,909.8,80.11,365.8,13.91,328.0,28.3,540.1,0.0519,0.76,153.2,63.2,5.9
2025-04-04T08:21:00+00:00,991.1,77.14,365.3,13.57,349.6,24.0,534.2,0.0529,0.82,153.2,63.2,7.0
2025-04-04T08:22:00+00:00,1000.0,79.03,353.6,14.14,336.3,25.1,534.7,0.0534,0.85,153.2,63.2,7.1
2025-04-04T08:23:00+00:00,864.3,79.32,361.5,13.79,351.6,27.8,537.6,0.0523,0.82,153.2,63.2,7.2
2025-04-04T08:24:00+00:00,981.3,81.40,354.7,13.93,361.2,24.3,472.7,0.0530,0.82,153.2,63.2,7.1
2025-04-04T08:25:00+00:00,1027.8,78.81,371.7,13.67,333.6,29.8,569.0,0.0570,0.78,153.2,63.2,5.8
2025-04-04T08:26:00+00:00,913.6,77.46,353.5,13.87,336.8,28.4,555.0,0.0560,0.90,153.2,63.2,7.3
2025-04-04T08:27:00+00:00,933.5,76.72,374.9,13.90,341.2,26.4,535.5,0.0581,0.88,153.2,63.2,7.1
2025-04-04T08:28:00+00:00,843.7,76.27,345.8,14.10,342.1,26.3,565.2,0.0527,0.83,153.2,63.2,5.2
2025-04-04T14:00:00+00:00,924.7,77.30,364.8,13.71,361.8,27.3,558.2,0.0532,0.84,153.2,63.2,6.3
2025-04-04T14:01:00+00:00,955.8,78.06,366.8,13.88,344.2,28.4,611.6,0.0527,0.81,153.2,63.2,6.4
2025-04-04T14:02:00+00:00,883.0,77.52,360.9,13.90,346.7,25.6,544.0,0.0525,0.82,153.2,63.2,4.9
2025-04-04T14:03:00+00:00,1012.9,80.18,352.2,13.93,363.6,27.7,554.5,0.0543,0.82,153.2,63.2,6.1
2025-04-04T14:04:00+00:00,1025.1,78.89,352.6,13.98,357.8,25.3,512.0,0.0534,0.82,153.2,63.2,4.1
2025-04-04T14:05:00+00:00,1003.1,77.43,359.6,13.81,339.2,27.2,596.0,0.0538,0.81,153.2,63.2,6.0
2025-04-04T14:06:00+00:00,1135.9,80.85,348.2,13.75,341.1,28.9,627.8,0.0541,0.80,153.2,63.2,7.1
2025-04-04T14:07:00+00:00,1061.2,80.72,355.7,13.71,348.7,25.6,538.4,0.0571,0.86,153.2,63.2,7.1
2025-04-04T14:08:00+00:00,948.6,77.80,366.3,13.71,342.5,26.7,615.6,0.0528,0.82,153.2,63.2,6.1
2025-04-04T14:09:00+00:00,865.3,81.37,354.3,13.91,343.9,27.6,486.2,0.0557,0.80,153.2,63.2,6.8
2025-04-04T14:10:00+00:00,1058.3,78.51,371.8,13.90,354.9,27.6,568.3,0.0608,0.81,153.2,63.2,5.6
2025-04-04T14:11:00+00:00,1057.8,79.79,364.4,13.80,348.8,27.3,503.8,0.0543,0.90,153.2,63.2,5.9
2025-04-04T14:12:00+00:00,956.7,81.65,360.3,14.02,330.8,29.5,585.0,0.0519,0.73,153.2,63.2,7.7
2025-04-04T14:13:00+00:00,1018.5,77.49,361.3,13.88,337.7,25.5,565.8,0.0534,0.85,153.2,63.2,7.0
2025-04-04T14:14:00+00:00,878.6,76.48,366.7,13.72,333.7,24.6,470.5,0.0514,0.73,153.2,63.2,8.0
2025-04-04T14:15:00+00:00,2035.0,80.36,330.5,13.73,383.9,27.9,588.9,0.0587,0.83,153.2,63.2,6.2
2025-04-04T14:16:00+00:00,2046.3,83.03,360.0,13.95,364.3,26.7,641.4,0.0586,0.81,153.2,63.2,5.3
2025-04-04T14:17:00+00:00,2069.3,82.93,347.9,13.98,359.0,26.6,576.1,0.0592,0.87,153.2,63.2,7.5
2025-04-04T14:18:00+00:00,2120.0,81.08,352.1,13.89,373.8,28.9,633.8,0.0585,0.76,153.2,63.2,7.1
2025-04-04T14:19:00+00:00,1676.2,80.00,349.9,14.04,351.3,26.2,596.1,0.0567,0.81,153.2,63.2,6.4
2025-04-04T14:20:00+00:00,1916.6,81.32,344.3,13.56,368.9,25.9,592.6,0.0569,0.72,153.2,63.2,5.3
2025-04-04T14:21:00+00:00,2124.9,81.36,338.5,13.92,387.7,26.4,631.1,0.0626,0.76,153.2,63.2,6.3
2025-04-04T14:22:00+00:00,2076.8,82.86,331.9,13.88,382.4,25.9,562.2,0.0582,0.76,153.2,63.2,6.1
2025-04-04T14:23:00+00:00,1922.8,83.07,359.4,13.99,374.5,27.5,559.7,0.0586,0.82,153.2,63.2,6.3
2025-04-04T14:24:00+00:00,2101.7,84.35,353.0,13.65,384.9,29.0,640.2,0.0589,0.83,153.2,63.2,6.2
2025-04-04T14:25:00+00:00,2000.0,82.01,355.1,13.45,387.7,29.0,608.5,0.0580,0.76,153.2,63.2,4.5
2025-04-04T14:26:00+00:00,2136.5,80.99,345.0,13.96,405.2,26.0,562.0,0.0595,0.84,153.2,63.2,8.2
2025-04-04T14:27:00+00:00,2088.8,82.39,356.7,13.79,399.0,27.1,630.6,0.0591,0.84,153.2,63.2,7.0
2025-04-04T14:28:00+00:00,2189.4,80.04,354.8,14.04,388.3,24.8,622.4,0.0592,0.80,153.2,63.2,6.0
2025-04-04T14:29:00+00:00,2039.6,80.07,361.2,14.01,388.2,25.0,568.9,0.0583,0.79,153.2,63.2,7.4
2025-04-04T14:30:00+00:00,2020.7,82.45,344.7,13.79,376.7,25.9,590.4,0.0575,0.72,153.2,63.2,5.5
2025-04-04T14:31:00+00:00,2025.0,81.83,352.6,14.02,386.5,26.7,637.7,0.0689,0.88,153.2,63.2,7.6
2025-04-04T14:32:00+00:00,2050.7,82.69,347.6,13.96,382.5,28.2,584.0,0.0585,0.81,153.2,63.2,4.8
2025-04-04T14:33:00+00:00,2183.5,86.17,328.8,13.91,389.3,26.2,687.0,0.0645,0.79,153.2,63.2,7.4
2025-04-04T14:34:00+00:00,1920.5,82.92,342.7,13.92,381.6,27.5,609.7,0.0657,0.73,153.2,63.2,5.7
2025-04-04T14:35:00+00:00,2181.1,84.27,345.1,13.94,371.9,28.1,638.6,0.0630,0.81,153.2,63.2,3.3
2025-04-04T14:36:00+00:00,2208.4,82.77,344.2,13.87,369.2,25.4,596.2,0.0587,0.76,153.2,63.2,6.0
2025-04-04T14:37:00+00:00,1825.9,81.98,343.0,13.85,367.6,26.9,591.5,0.0616,0.81,153.2,63.2,6.1
2025-04-04T14:38:00+00:00,1784.8,80.26,353.6,13.68,376.9,26.3,601.1,0.0574,0.82,153.2,63.2,7.0
2025-04-04T14:39:00+00:00,2182.2,84.41,342.6,13.91,389.9,26.3,627.1,0.0595,0.84,153.2,63.2,5.9
2025-04-04T14:40:00+00:00,2038.6,83.79,355.5,13.85,384.9,26.4,639.1,0.0585,0.81,153.2,63.2,6.2
2025-04-04T14:41:00+00:00,1897.4,83.69,347.9,13.57,397.4,26.2,632.3,0.0595,0.82,153.2,63.2,6.9
2025-04-04T14:42:00+00:00,2051.2,79.72,344.6,13.84,370.8,27.7,598.3,0.0579,0.74,153.2,63.2,5.0
2025-04-04T14:43:00+00:00,1948.3,82.47,352.8,13.90,363.6,27.8,586.3,0.0575,0.77,153.2,63.2,6.5
2025-04-04T14:44:00+00:00,1971.8,82.19,353.9,13.58,388.5,28.0,553.8,0.0592,0.85,153.2,63.2,6.4
2025-04-04T14:45:00+00:00,2045.3,84.65,345.8,13.92,387.4,27.7,612.0,0.0615,0.78,153.2,63.2,6.0
2025-04-04T14:46:00+00:00,1925.8,82.89,334.5,13.83,381.9,26.6,628.3,0.0607,0.88,153.2,63.2,6.0
2025-04-04T14:47:00+00:00,2014.0,81.65,360.3,13.79,390.8,29.7,624.9,0.0611,0.89,153.2,63.2,6.5
2025-04-04T14:48:00+00:00,1737.7,79.13,352.4,13.75,371.6,26.8,611.2,0.0606,0.84,153.2,63.2,7.3
2025-04-04T14:49:00+00:00,2286.4,81.65,351.6,13.79,388.0,27.6,636.4,0.0592,0.75,153.2,63.2,7.5
2025-04-04T14:50:00+00:00,1937.2,83.81,358.8,13.59,384.4,24.0,610.0,0.0572,0.73,153.2,63.2,7.0
2025-04-04T14:51:00+00:00,2063.1,81.41,354.1,13.82,376.1,25.0,577.8,0.0670,0.82,153.2,63.2,6.4
2025-04-04T14:52:00+00:00,1917.2,83.56,353.6,13.93,381.2,26.8,595.8,0.0617,0.84,153.2,63.2,7.2
2025-04-04T14:53:00+00:00,2286.7,83.24,350.6,14.03,388.2,25.4,640.5,0.0610,0.81,153.2,63.2,7.9
2025-04-04T14:54:00+00:00,2014.0,82.98,332.2,13.89,394.2,26.5,575.1,0.0586,0.83,153.2,63.2,6.3
2025-04-04T14:55:00+00:00,1862.4,83.67,348.8,13.96,365.8,25.0,570.3,0.0658,0.82,153.2,63.2,6.5
2025-04-04T14:56:00+00:00,2080.2,81.66,342.0,13.64,383.9,28.0,636.6,0.0589,0.82,153.2,63.2,7.3
2025-04-04T14:57:00+00:00,2078.3,82.24,354.8,13.89,375.2,25.4,584.5,0.0592,0.85,153.2,63.2,7.0
2025-04-04T14:58:00+00:00,2133.5,83.06,339.3,13.31,351.9,27.7,650.7,0.0589,0.81,153.2,63.2,8.1
2025-04-04T14:59:00+00:00,1859.0,80.83,343.4,13.54,390.8,25.9,603.5,0.0642,0.77,153.2,63.2,6.9
2025-04-04T15:00:00+00:00,2049.6,83.80,341.2,13.83,385.6,26.8,591.6,0.0596,0.77,153.2,63.2,7.0
2025-04-04T15:01:00+00:00,2037.1,81.94,342.3,13.88,396.7,27.9,587.3,0.0583,0.79,153.2,63.2,6.9
2025-04-04T15:02:00+00:00,1906.1,80.03,357.4,14.15,386.7,27.3,614.1,0.0582,0.84,153.2,63.2,9.0
2025-04-04T15:03:00+00:00,1990.7,84.06,350.4,13.80,364.7,29.1,620.3,0.0605,0.81,153.2,63.2,6.4
2025-04-04T15:04:00+00:00,2054.0,80.42,337.5,13.73,378.5,28.3,624.0,0.0578,0.67,153.2,63.2,6.8
2025-04-04T15:05:00+00:00,2068.7,81.26,359.5,13.85,362.9,26.6,647.7,0.0590,0.84,153.2,63.2,6.9
2025-04-04T15:06:00+00:00,2109.2,81.54,338.0,13.80,382.7,24.5,632.7,0.0596,0.79,153.2,63.2,7.2
2025-04-04T15:07:00+00:00,2008.5,80.33,338.8,13.78,375.4,26.7,628.4,0.0588,0.85,153.2,63.2,7.3
2025-04-04T15:08:00+00:00,1905.9,81.89,334.6,13.83,377.9,25.6,606.2,0.0596,0.76,153.2,63.2,6.9
2025-04-04T15:09:00+00:00,2217.2,85.03,337.4,13.51,389.2,26.9,563.3,0.0684,0.82,153.2,63.2,5.8
2025-04-04T15:10:00+00:00,1902.1,83.48,338.3,13.78,362.0,24.0,593.6,0.0590,0.92,153.2,63.2,9.1
2025-04-04T15:11:00+00:00,2124.0,84.49,353.5,13.72,373.4,24.4,562.1,0.0612,0.84,153.2,63.2,6.6
2025-04-04T15:12:00+00:00,2029.3,82.44,352.2,13.80,375.0,26.1,605.2,0.0575,0.71,153.2,63.2,6.7
2025-04-04T15:13:00+00:00,1991.7,80.46,353.9,13.47,375.8,26.6,514.0,0.0666,0.84,153.2,63.2,7.0
2025-04-04T15:14:00+00:00,1951.6,80.45,357.9,13.95,392.0,27.1,608.5,0.0599,0.72,153.2,63.2,6.3
2025-04-04T15:15:00+00:00,2190.1,84.33,353.7,14.08,391.9,26.5,694.4,0.0582,0.70,153.2,63.2,6.0
2025-04-04T15:16:00+00:00,2473.4,84.63,349.6,13.93,407.6,30.2,674.8,0.0615,0.79,153.2,63.2,5.8
2025-04-04T15:17:00+00:00,2142.5,81.54,346.9,13.76,376.7,24.4,620.8,0.0707,0.86,153.2,63.2,6.9
2025-04-04T15:18:00+00:00,2108.8,83.66,340.7,13.76,370.9,25.7,572.5,0.0587,0.80,153.2,63.2,6.4
2025-04-04T15:19:00+00:00,2013.8,86.16,353.7,13.90,381.7,26.9,586.0,0.0598,0.84,153.2,63.2,7.9
2025-04-04T15:20:00+00:00,2043.7,83.51,349.9,13.70,375.1,27.7,558.6,0.0594,0.81,153.2,63.2,8.1
2025-04-04T15:21:00+00:00,1956.3,82.83,348.7,13.88,379.6,26.8,593.6,0.0587,0.85,153.2,63.2,4.5
2025-04-04T15:22:00+00:00,2057.9,83.69,347.9,13.86,366.2,25.8,636.5,0.0627,0.78,153.2,63.2,7.8
2025-04-04T15:23:00+00:00,2569.0,84.08,340.0,13.93,362.6,25.7,658.4,0.0644,0.79,153.2,63.2,8.1
2025-04-04T15:24:00+00:00,2549.7,82.61,358.3,13.71,372.3,30.6,620.3,0.0610,0.78,153.2,63.2,7.4
2025-04-04T15:25:00+00:00,2442.5,83.64,344.2,13.74,385.0,29.1,576.7,0.0613,0.87,153.2,63.2,6.2
2025-04-04T15:26:00+00:00,2471.8,81.99,332.9,13.69,386.6,25.5,577.9,0.0618,0.91,153.2,63.2,7.8
2025-04-04T15:27:00+00:00,2491.3,81.37,322.0,13.78,390.5,27.0,619.7,0.0615,0.87,153.2,63.2,6.6
2025-04-04T15:28:00+00:00,1897.9,83.20,349.1,13.71,357.2,26.8,621.9,0.0600,0.77,153.2,63.2,7.2
2025-04-04T15:29:00+00:00,1910.6,81.45,346.3,13.63,367.5,26.3,538.9,0.0581,0.83,153.2,63.2,8.1
2025-04-04T15:30:00+00:00,2031.6,84.75,361.3,13.89,370.7,30.1,570.7,0.0601,0.73,153.2,63.2,5.1
2025-04-04T15:31:00+00:00,1876.0,84.04,348.2,13.86,358.6,25.9,576.0,0.0590,0.79,153.2,63.2,7.3
2025-04-04T15:32:00+00:00,2524.5,83.30,343.6,13.79,387.1,24.3,655.4,0.0615,0.85,153.2,63.2,6.2
2025-04-04T15:33:00+00:00,2041.1,81.89,351.4,13.58,381.6,26.4,563.1,0.0583,0.80,153.2,63.2,5.2
2025-04-04T15:34:00+00:00,2209.1,83.20,342.4,13.78,389.0,24.6,552.3,0.0669,0.67,153.2,63.2,7.3
2025-04-04T15:35:00+00:00,1906.3,79.94,349.7,13.60,390.8,26.8,598.8,0.0577,0.79,153.2,63.2,7.4
2025-04-04T15:36:00+00:00,2573.1,86.06,351.7,13.78,412.8,23.6,640.1,0.0643,0.85,153.2,63.2,4.2
2025-04-04T15:37:00+00:00,1878.4,82.33,353.8,13.65,382.1,25.7,580.5,0.0583,0.88,153.2,63.2,7.3
2025-04-04T15:38:00+00:00,2078.7,82.71,352.4,13.84,387.4,28.2,562.4,0.0584,0.76,153.2,63.2,7.2
2025-04-04T15:39:00+00:00,2470.8,83.87,351.1,13.69,381.5,23.6,670.6,0.0603,0.74,153.2,63.2,6.8
2025-04-04T15:40:00+00:00,2083.7,78.33,337.9,13.87,404.4,28.5,602.8,0.0592,0.86,153.2,63.2,7.5
2025-04-04T15:41:00+00:00,2569.9,85.32,351.8,13.72,405.8,30.4,551.5,0.0646,0.86,153.2,63.2,5.9
2025-04-04T15:42:00+00:00,1858.1,80.89,355.3,14.07,379.7,27.5,618.0,0.0582,0.83,153.2,63.2,7.8
2025-04-04T15:43:00+00:00,2362.8,82.86,351.9,13.95,384.6,26.9,574.9,0.0604,0.74,153.2,63.2,8.9
2025-04-04T15:44:00+00:00,2138.9,83.61,348.2,13.63,401.2,26.2,668.8,0.0588,0.79,153.2,63.2,6.4
2025-04-04T15:45:00+00:00,1890.6,80.45,354.7,14.11,369.2,28.0,598.6,0.0617,0.80,153.2,63.2,7.0
2025-04-04T15:46:00+00:00,2068.6,81.77,342.2,13.89,373.7,25.9,644.9,0.0582,0.77,153.2,63.2,5.3
2025-04-04T15:47:00+00:00,2103.1,81.77,357.7,13.85,388.1,28.6,568.0,0.0609,0.80,153.2,63.2,7.1
2025-04-04T15:48:00+00:00,2026.2,81.31,341.6,13.84,372.1,26.9,608.7,0.0648,0.79,153.2,63.2,6.3
2025-04-04T15:49:00+00:00,1933.5,83.87,349.1,13.88,380.9,26.6,572.4,0.0581,0.82,153.2,63.2,6.9
2025-04-04T15:50:00+00:00,1873.6,80.69,358.6,13.77,379.8,26.3,585.1,0.0613,0.83,153.2,63.2,6.0
2025-04-04T15:51:00+00:00,1830.8,81.92,345.0,13.97,356.8,24.6,645.2,0.0608,0.77,153.2,63.2,7.5
2025-04-04T15:52:00+00:00,1910.6,81.12,347.8,13.80,418.1,28.6,577.0,0.0573,0.78,153.2,63.2,6.3
2025-04-04T15:53:00+00:00,1758.8,81.45,344.7,14.04,386.3,26.9,564.9,0.0566,0.76,153.2,63.2,5.4
2025-04-04T15:54:00+00:00,2081.3,82.85,352.3,14.02,379.2,28.9,604.0,0.0606,0.73,153.2,63.2,7.8
2025-04-04T15:55:00+00:00,1988.3,80.18,361.1,13.97,393.0,24.8,642.0,0.0620,0.81,153.2,63.2,7.1
2025-04-04T15:56:00+00:00,1873.0,83.66,344.6,13.79,363.1,27.2,601.3,0.0584,0.89,153.2,63.2,6.2
2025-04-04T15:57:00+00:00,2056.4,82.65,348.0,13.81,389.8,27.3,665.0,0.0596,0.78,153.2,63.2,6.7
2025-04-04T15:58:00+00:00,1845.4,80.90,350.0,13.82,378.1,25.7,614.1,0.0576,0.73,153.2,63.2,5.7
2025-04-04T15:59:00+00:00,2189.8,83.98,343.2,13.77,407.1,26.4,591.0,0.0600,0.89,153.2,63.2,8.0
2025-04-04T16:00:00+00:00,1783.1,81.28,345.3,13.57,379.2,27.6,600.8,0.0575,0.84,153.2,63.2,6.1
2025-04-04T16:01:00+00:00,2070.4,83.07,344.2,13.94,393.2,23.0,601.8,0.0594,0.89,153.2,63.2,6.9
2025-04-04T16:02:00+00:00,1970.9,82.60,355.2,13.93,384.8,27.7,617.6,0.0612,0.77,153.2,63.2,8.1
2025-04-04T16:03:00+00:00,1954.8,81.50,343.5,14.00,385.3,28.0,595.4,0.0729,0.85,153.2,63.2,8.3
2025-04-04T16:04:00+00:00,1983.3,81.11,347.2,13.81,376.2,26.5,593.7,0.0583,0.81,153.2,63.2,8.4
2025-04-04T16:05:00+00:00,1825.9,80.57,351.5,13.60,377.1,26.5,570.9,0.0593,0.83,153.2,63.2,7.9
2025-04-04T16:06:00+00:00,2009.7,84.23,352.7,13.75,388.7,27.3,624.7,0.0580,0.78,153.2,63.2,5.7
2025-04-04T16:07:00+00:00,2146.2,83.68,351.8,13.60,375.4,28.0,637.0,0.0710,0.81,153.2,63.2,8.4
2025-04-04T16:08:00+00:00,2083.8,82.82,348.7,13.58,385.5,26.8,583.2,0.0602,0.89,153.2,63.2,5.7
2025-04-04T16:09:00+00:00,2198.8,81.15,344.8,13.82,382.5,26.6,606.6,0.0607,0.83,153.2,63.2,7.7
2025-04-04T16:10:00+00:00,2069.6,82.61,349.4,13.80,364.2,25.7,617.1,0.0582,0.75,153.2,63.2,5.5
2025-04-04T16:11:00+00:00,1877.1,81.28,356.2,13.70,374.7,25.2,624.9,0.0584,0.88,153.2,63.2,5.5
2025-04-04T16:12:00+00:00,2002.1,80.84,332.2,14.01,407.0,29.2,604.7,0.0592,0.79,153.2,63.2,7.6
2025-04-04T16:13:00+00:00,1908.8,80.23,343.0,13.90,388.7,27.1,609.1,0.0585,0.78,153.2,63.2,7.1
2025-04-04T16:14:00+00:00,1793.2,80.28,362.4,13.76,390.6,25.6,631.4,0.0600,0.80,153.2,63.2,7.2
2025-04-04T16:15:00+00:00,2013.4,83.71,356.3,13.65,381.9,26.0,604.7,0.0590,0.87,153.2,63.2,6.8
2025-04-04T16:16:00+00:00,1913.0,82.08,358.3,13.94,368.3,27.9,572.9,0.0573,0.78,153.2,63.2,6.2
2025-04-04T16:17:00+00:00,2129.8,81.46,351.2,13.44,390.4,26.2,547.5,0.0630,0.75,153.2,63.2,7.8
2025-04-04T16:18:00+00:00,2011.7,81.65,336.8,13.78,383.2,24.8,577.9,0.0603,0.74,153.2,63.2,6.3
2025-04-04T16:19:00+00:00,2167.9,83.54,343.5,13.73,394.1,26.7,599.7,0.0687,0.80,153.2,63.2,6.5
2025-04-04T16:20:00+00:00,2014.7,79.02,341.6,14.06,359.4,26.8,582.5,0.0607,0.85,153.2,63.2,7.8
2025-04-04T16:21:00+00:00,2107.6,83.52,352.3,13.94,391.4,25.8,625.7,0.0607,0.83,153.2,63.2,8.6
2025-04-04T16:22:00+00:00,1804.6,81.44,334.8,13.81,355.3,26.2,596.8,0.0578,0.78,153.2,63.2,6.7
2025-04-04T16:23:00+00:00,1767.9,81.95,348.5,13.58,366.3,29.4,600.3,0.0571,0.82,153.2,63.2,7.5
2025-04-04T16:24:00+00:00,1885.0,79.99,346.6,13.79,388.2,27.9,593.1,0.0575,0.79,153.2,63.2,7.4
2025-04-04T16:25:00+00:00,2099.5,79.46,349.7,13.80,381.8,25.8,567.1,0.0626,0.81,153.2,63.2,8.0
2025-04-04T16:26:00+00:00,1974.4,81.65,367.8,13.93,376.5,24.1,651.7,0.0578,0.78,153.2,63.2,6.0
2025-04-04T16:27:00+00:00,2069.5,82.93,359.4,13.86,392.4,26.7,594.0,0.0580,0.75,153.2,63.2,6.3
2025-04-04T16:28:00+00:00,2098.3,82.35,351.3,13.88,396.2,27.4,602.8,0.0594,0.78,153.2,63.2,7.3
2025-04-04T16:29:00+00:00,1871.4,82.95,336.8,13.92,382.9,24.1,599.6,0.0584,0.77,153.2,63.2,6.7
2025-04-04T16:30:00+00:00,2037.4,83.94,360.5,13.73,388.5,27.5,597.5,0.0632,0.83,153.2,63.2,6.4
2025-04-04T16:31:00+00:00,2018.2,84.13,368.9,13.86,401.4,25.2,626.2,0.0582,0.78,153.2,63.2,6.4
2025-04-04T16:32:00+00:00,2056.4,82.71,346.3,13.74,362.1,27.4,583.6,0.0591,0.85,153.2,63.2,7.8
2025-04-04T16:33:00+00:00,1891.0,82.11,346.5,13.64,391.1,26.2,617.3,0.0575,0.78,153.2,63.2,7.5
2025-04-04T16:34:00+00:00,2153.0,81.90,342.6,13.66,379.6,26.5,621.0,0.0604,0.93,153.2,63.2,7.7
2025-04-04T16:35:00+00:00,1930.1,84.27,356.2,13.93,388.9,27.3,578.6,0.0604,0.81,153.2,63.2,7.2
2025-04-04T16:36:00+00:00,2126.8,82.46,343.8,13.80,388.1,27.0,580.4,0.0586,0.78,153.2,63.2,5.0
2025-04-04T16:37:00+00:00,2150.2,84.48,352.5,13.64,391.5,23.4,592.7,0.0590,0.79,153.2,63.2,7.0
2025-04-04T16:38:00+00:00,2000.8,80.22,350.8,13.89,374.2,27.0,602.6,0.0635,0.83,153.2,63.2,5.7
2025-04-04T16:39:00+00:00,1781.5,80.11,345.8,14.18,388.7,27.8,570.1,0.0595,0.77,153.2,63.2,8.4
2025-04-04T16:40:00+00:00,2019.7,81.12,348.0,14.06,365.8,28.4,568.1,0.0587,0.85,153.2,63.2,7.4
2025-04-04T16:41:00+00:00,1977.3,83.58,340.0,13.97,416.1,27.8,662.6,0.0642,0.83,153.2,63.2,8.1
2025-04-04T16:42:00+00:00,991.9,77.97,359.4,13.90,366.8,26.8,603.8,0.0600,0.81,153.2,63.2,6.6
2025-04-04T16:43:00+00:00,915.7,78.47,367.5,13.69,353.4,26.0,557.3,0.0555,0.82,153.2,63.2,7.7
2025-04-04T16:44:00+00:00,1024.0,78.88,343.3,13.71,348.3,25.7,517.3,0.0527,0.77,153.2,63.2,5.9
2025-04-04T16:45:00+00:00,935.8,78.94,361.3,13.73,345.1,26.1,606.2,0.0569,0.75,153.2,63.2,6.2
2025-04-04T16:46:00+00:00,1164.5,82.02,351.4,13.75,351.6,27.4,613.2,0.0537,0.78,153.2,63.2,5.8
2025-04-04T16:47:00+00:00,1131.1,79.28,368.6,14.13,359.4,26.6,611.0,0.0558,0.79,153.2,63.2,6.4
2025-04-04T16:48:00+00:00,921.1,79.16,361.4,13.76,364.0,27.8,512.7,0.0603,0.90,153.2,63.2,5.9
2025-04-04T16:49:00+00:00,1034.4,78.12,357.0,13.57,348.5,26.5,549.6,0.0542,0.91,153.2,63.2,6.8
2025-04-04T16:50:00+00:00,910.3,77.10,369.8,13.86,366.1,30.4,582.0,0.0533,0.71,153.2,63.2,8.6
2025-04-04T16:51:00+00:00,936.5,78.40,362.9,13.80,325.8,29.1,588.0,0.0532,0.80,153.2,63.2,7.3
2025-04-04T16:52:00+00:00,1014.1,78.89,350.4,13.58,353.8,25.3,580.4,0.0554,0.84,153.2,63.2,6.9
2025-04-04T16:53:00+00:00,1045.1,77.47,360.7,13.80,357.6,27.5,609.5,0.0570,0.79,153.2,63.2,5.4
2025-04-04T16:54:00+00:00,978.8,78.03,358.5,13.92,346.3,29.7,574.9,0.0605,0.78,153.2,63.2,7.8
2025-04-04T16:55:00+00:00,868.7,78.40,353.6,13.80,347.4,27.3,608.8,0.0578,0.88,153.2,63.2,7.2
2025-04-05T06:00:00+00:00,879.6,79.73,355.5,13.70,335.6,24.5,561.5,0.0557,0.56,292.2,67.2,11.6
2025-04-05T06:01:00+00:00,1125.9,79.05,355.4,13.82,359.0,29.4,560.8,0.0519,0.48,292.2,67.2,10.9
2025-04-05T06:02:00+00:00,910.0,79.61,369.4,13.99,352.4,26.7,609.6,0.0500,0.56,292.2,67.2,11.7
2025-04-05T06:03:00+00:00,865.9,78.76,369.0,13.83,362.9,25.9,518.4,0.0498,0.56,292.2,67.2,9.8
2025-04-05T06:04:00+00:00,1131.5,79.72,359.5,13.80,365.1,29.3,528.6,0.0509,0.53,292.2,67.2,10.7
2025-04-05T06:05:00+00:00,915.8,75.96,358.5,13.94,343.3,28.9,586.7,0.0502,0.58,292.2,67.2,11.4
2025-04-05T06:06:00+00:00,994.0,77.74,363.4,14.00,361.9,26.3,512.3,0.0534,0.64,292.2,67.2,11.9
2025-04-05T06:07:00+00:00,1047.6,78.47,364.6,13.89,346.7,27.3,567.0,0.0499,0.47,292.2,67.2,10.3
2025-04-05T06:08:00+00:00,913.0,82.42,358.6,13.90,356.2,29.2,523.1,0.0499,0.56,292.2,67.2,10.3
2025-04-05T06:09:00+00:00,883.3,79.38,368.4,13.65,345.8,25.4,532.3,0.0537,0.56,292.2,67.2,9.9
2025-04-05T06:10:00+00:00,933.8,78.03,356.1,14.04,356.8,26.8,537.2,0.0502,0.57,292.2,67.2,10.5
2025-04-05T06:11:00+00:00,1003.5,78.34,373.0,13.88,346.7,30.9,564.2,0.0524,0.57,292.2,67.2,10.6
2025-04-05T06:12:00+00:00,992.9,79.16,364.1,13.84,349.3,26.0,524.7,0.0525,0.63,292.2,67.2,11.5
2025-04-05T06:13:00+00:00,950.2,78.00,356.7,14.13,341.7,29.8,554.5,0.0507,0.61,292.2,67.2,11.1
2025-04-05T06:14:00+00:00,2137.6,81.33,348.0,13.84,391.5,26.5,585.8,0.0566,0.56,292.2,67.2,11.1
2025-04-05T06:15:00+00:00,2095.1,82.87,350.3,14.22,378.2,26.5,576.9,0.0631,0.53,292.2,67.2,10.3
2025-04-05T06:16:00+00:00,2041.2,81.81,353.8,13.86,380.8,27.4,622.6,0.0587,0.59,292.2,67.2,10.1
2025-04-05T06:17:00+00:00,2180.5,85.55,346.6,14.14,383.1,25.5,643.2,0.0591,0.55,292.2,67.2,9.3
2025-04-05T06:18:00+00:00,1952.7,82.02,339.3,13.81,383.2,26.7,587.1,0.0588,0.60,292.2,67.2,10.3
2025-04-05T06:19:00+00:00,2011.5,80.91,348.1,13.80,385.3,25.9,581.7,0.0624,0.52,292.2,67.2,9.7
2025-04-05T06:20:00+00:00,2150.6,81.59,349.8,13.91,386.9,29.4,636.0,0.0579,0.51,292.2,67.2,9.0
2025-04-05T06:21:00+00:00,1913.0,81.32,373.9,13.75,361.7,23.9,620.3,0.0635,0.55,292.2,67.2,10.9
2025-04-05T06:22:00+00:00,2110.8,81.88,346.1,13.64,396.6,26.5,630.9,0.0618,0.56,292.2,67.2,11.5
2025-04-05T06:23:00+00:00,2159.2,82.67,363.1,13.53,385.9,26.0,552.3,0.0580,0.51,292.2,67.2,11.3
2025-04-05T06:24:00+00:00,1952.7,82.72,358.4,13.64,375.4,26.4,573.6,0.0553,0.55,292.2,67.2,12.0
2025-04-05T06:25:00+00:00,2083.5,80.71,362.8,13.88,386.8,29.8,611.7,0.0557,0.53,292.2,67.2,10.1
2025-04-05T06:26:00+00:00,1868.7,83.22,345.6,14.01,363.3,27.8,540.4,0.0560,0.50,292.2,67.2,11.1
2025-04-05T06:27:00+00:00,2045.2,81.33,344.6,13.92,390.3,24.3,577.5,0.0562,0.57,292.2,67.2,10.0
2025-04-05T06:28:00+00:00,2114.5,82.36,361.7,13.87,364.7,28.7,639.0,0.0615,0.56,292.2,67.2,11.0
2025-04-05T06:29:00+00:00,2159.4,83.33,341.9,14.07,402.3,26.9,598.6,0.0566,0.56,292.2,67.2,10.7
2025-04-05T06:30:00+00:00,1832.0,81.37,348.5,14.10,384.6,25.4,594.1,0.0578,0.54,292.2,67.2,10.7
2025-04-05T06:31:00+00:00,2063.0,81.13,360.5,13.71,386.6,25.7,616.6,0.0557,0.49,292.2,67.2,9.8
2025-04-05T06:32:00+00:00,2021.1,80.57,352.9,13.64,403.7,27.6,625.4,0.0554,0.51,292.2,67.2,10.8
2025-04-05T06:33:00+00:00,1886.6,82.71,353.9,13.85,375.2,27.4,640.8,0.0584,0.55,292.2,67.2,13.1
2025-04-05T06:34:00+00:00,2055.7,83.04,353.6,13.80,390.1,28.0,580.8,0.0581,0.57,292.2,67.2,9.4
2025-04-05T06:35:00+00:00,2093.4,80.94,335.6,13.84,389.9,28.4,548.0,0.0568,0.58,292.2,67.2,11.0
2025-04-05T06:36:00+00:00,2037.6,82.29,351.7,13.56,365.3,28.6,499.9,0.0560,0.56,292.2,67.2,10.5
2025-04-05T06:37:00+00:00,2173.4,80.70,352.2,13.50,368.2,25.1,638.3,0.0599,0.64,292.2,67.2,10.3
2025-04-05T06:38:00+00:00,2059.0,82.15,347.3,13.59,380.3,26.6,596.6,0.0615,0.55,292.2,67.2,11.4
2025-04-05T06:39:00+00:00,1871.7,79.98,354.0,13.61,392.0,25.4,557.5,0.0546,0.51,292.2,67.2,9.9
2025-04-05T06:40:00+00:00,2082.5,79.01,353.8,14.07,352.9,26.6,615.6,0.0555,0.46,292.2,67.2,9.4
2025-04-05T06:41:00+00:00,2120.5,82.26,345.7,13.86,377.3,30.0,568.6,0.0569,0.60,292.2,67.2,8.9
2025-04-05T06:42:00+00:00,1985.2,80.53,334.8,13.69,403.6,27.5,638.8,0.0554,0.51,292.2,67.2,9.1
2025-04-05T06:43:00+00:00,2061.6,82.43,355.8,13.86,391.7,28.1,620.9,0.0589,0.58,292.2,67.2,9.6
2025-04-05T06:44:00+00:00,1897.4,81.06,348.5,13.74,380.0,26.9,650.8,0.0536,0.40,292.2,67.2,10.4
2025-04-05T06:45:00+00:00,2023.3,81.96,354.0,13.82,371.5,28.1,646.7,0.0590,0.50,292.2,67.2,12.4
2025-04-05T06:46:00+00:00,1945.7,84.27,353.8,13.93,370.4,24.0,570.7,0.0566,0.66,292.2,67.2,10.3
2025-04-05T06:47:00+00:00,1924.7,80.48,345.3,13.74,374.2,27.0,616.5,0.0579,0.56,292.2,67.2,9.4
2025-04-05T06:48:00+00:00,1940.4,83.53,363.6,13.77,387.9,27.9,564.3,0.0561,0.60,292.2,67.2,8.9
2025-04-05T06:49:00+00:00,2097.3,80.01,353.1,13.86,393.3,27.1,607.3,0.0561,0.53,292.2,67.2,7.7
2025-04-05T06:50:00+00:00,2083.3,80.13,346.0,13.87,379.9,26.1,614.7,0.0666,0.60,292.2,67.2,8.1
2025-04-05T06:51:00+00:00,2157.9,83.85,360.4,13.77,377.2,25.9,633.7,0.0666,0.53,292.2,67.2,11.8
2025-04-05T06:52:00+00:00,1998.8,82.84,354.3,13.71,388.6,24.3,581.8,0.0557,0.54,292.2,67.2,10.1
2025-04-05T06:53:00+00:00,1974.5,80.68,345.5,13.73,375.1,26.8,590.5,0.0625,0.60,292.2,67.2,10.3
2025-04-05T06:54:00+00:00,2000.2,78.68,339.3,13.51,363.5,29.2,580.5,0.0585,0.55,292.2,67.2,10.4
2025-04-05T06:55:00+00:00,1838.8,81.85,356.7,13.88,373.2,24.4,592.0,0.0571,0.56,292.2,67.2,11.4
2025-04-05T06:56:00+00:00,2124.2,82.55,347.9,13.80,383.7,27.3,587.1,0.0657,0.56,292.2,67.2,11.9
2025-04-05T06:57:00+00:00,2112.2,81.63,355.9,13.90,392.9,24.9,627.3,0.0554,0.47,292.2,67.2,11.4
2025-04-05T06:58:00+00:00,2009.7,82.85,368.0,13.75,389.3,28.0,626.8,0.0562,0.58,292.2,67.2,9.5
2025-04-05T06:59:00+00:00,2055.1,80.42,351.8,13.79,392.0,28.0,583.4,0.0584,0.56,292.2,67.2,7.8
2025-04-05T07:00:00+00:00,1882.5,82.67,368.9,13.90,374.0,28.0,592.1,0.0631,0.56,292.2,67.2,11.2
2025-04-05T07:01:00+00:00,2025.6,82.33,339.9,13.62,400.1,26.9,601.3,0.0558,0.53,292.2,67.2,9.7
2025-04-05T07:02:00+00:00,2155.0,78.86,342.1,13.94,387.9,25.5,639.9,0.0580,0.50,292.2,67.2,10.9
2025-04-05T07:03:00+00:00,2138.4,82.65,350.1,13.51,374.4,27.9,645.0,0.0561,0.51,292.2,67.2,11.4
2025-04-05T07:04:00+00:00,2135.5,82.89,332.9,13.91,393.1,26.6,618.3,0.0599,0.54,292.2,67.2,8.3
2025-04-05T07:05:00+00:00,1998.5,81.76,349.9,13.91,370.5,25.1,596.7,0.0565,0.62,292.2,67.2,10.9
2025-04-05T07:06:00+00:00,1910.2,82.70,348.5,13.66,355.9,25.5,551.2,0.0563,0.60,292.2,67.2,8.7
2025-04-05T07:07:00+00:00,2003.8,83.40,339.3,14.08,403.7,26.5,628.3,0.0582,0.54,292.2,67.2,13.7
2025-04-05T07:08:00+00:00,1934.6,82.05,355.0,13.88,357.3,24.7,621.1,0.0549,0.49,292.2,67.2,11.6
2025-04-05T07:09:00+00:00,2036.7,80.34,341.2,13.75,383.0,23.0,603.0,0.0546,0.43,292.2,67.2,8.2
2025-04-05T07:10:00+00:00,1891.0,82.59,350.0,13.65,363.5,28.1,594.0,0.0613,0.55,292.2,67.2,9.5
2025-04-05T07:11:00+00:00,2453.6,81.27,353.9,13.71,376.4,27.3,624.9,0.0575,0.49,292.2,67.2,9.3
2025-04-05T07:12:00+00:00,2054.5,83.66,355.0,13.78,383.2,26.3,587.4,0.0572,0.66,292.2,67.2,9.3
2025-04-05T07:13:00+00:00,2027.7,82.70,340.0,13.84,387.4,27.1,662.2,0.0595,0.63,292.2,67.2,9.7
2025-04-05T07:14:00+00:00,2180.3,83.96,343.3,13.97,367.2,25.9,619.5,0.0597,0.62,292.2,67.2,9.5
2025-04-05T07:15:00+00:00,1930.4,80.41,342.6,14.01,370.4,25.5,652.1,0.0551,0.51,292.2,67.2,9.9
2025-04-05T07:16:00+00:00,1804.0,85.20,354.4,13.88,377.1,23.7,582.5,0.0548,0.56,292.2,67.2,10.7
2025-04-05T07:17:00+00:00,1965.4,81.18,328.0,13.66,367.1,25.3,559.4,0.0557,0.57,292.2,67.2,11.3
2025-04-05T07:18:00+00:00,1875.1,82.45,359.6,13.82,372.6,26.1,622.6,0.0552,0.56,292.2,67.2,10.5
2025-04-05T07:19:00+00:00,2071.9,85.01,343.1,13.86,375.0,27.1,638.1,0.0563,0.58,292.2,67.2,9.6
2025-04-05T07:20:00+00:00,2547.9,85.49,350.8,13.98,396.5,27.7,657.0,0.0623,0.55,292.2,67.2,10.0
2025-04-05T07:21:00+00:00,2504.5,83.75,339.2,13.77,404.1,25.9,689.3,0.0581,0.52,292.2,67.2,10.6
2025-04-05T07:22:00+00:00,1978.4,82.15,351.9,13.80,412.6,28.4,620.3,0.0693,0.51,292.2,67.2,10.0
2025-04-05T07:23:00+00:00,2103.3,80.53,350.6,13.93,388.4,26.3,633.0,0.0586,0.50,292.2,67.2,10.2
2025-04-05T07:24:00+00:00,1840.2,81.41,353.7,13.91,359.5,25.6,634.7,0.0567,0.56,292.2,67.2,10.8
2025-04-05T07:25:00+00:00,1796.6,81.83,354.2,13.91,359.9,25.3,602.5,0.0556,0.55,292.2,67.2,9.2
2025-04-05T07:26:00+00:00,2019.8,83.09,352.9,13.62,377.0,29.1,634.7,0.0681,0.57,292.2,67.2,11.5
2025-04-05T07:27:00+00:00,2066.9,81.33,362.5,13.85,394.4,27.8,628.1,0.0574,0.54,292.2,67.2,10.9
2025-04-05T07:28:00+00:00,1979.3,82.44,355.3,13.96,375.1,26.2,615.6,0.0554,0.54,292.2,67.2,10.4
2025-04-05T07:29:00+00:00,2495.9,83.64,349.0,13.86,403.8,26.8,598.9,0.0645,0.57,292.2,67.2,9.7
2025-04-05T07:30:00+00:00,2041.2,83.29,348.6,14.02,394.9,26.8,568.8,0.0674,0.58,292.2,67.2,8.6
2025-04-05T07:31:00+00:00,2376.5,84.27,354.5,14.05,392.2,27.4,667.1,0.0649,0.56,292.2,67.2,9.9
2025-04-05T07:32:00+00:00,2572.8,85.29,336.6,13.76,380.6,27.5,657.0,0.0614,0.59,292.2,67.2,10.5
2025-04-05T07:33:00+00:00,2145.1,80.20,356.0,13.46,396.2,27.8,603.1,0.0561,0.53,292.2,67.2,11.0
2025-04-05T07:34:00+00:00,2057.2,82.85,362.1,13.78,386.7,29.1,589.6,0.0606,0.55,292.2,67.2,9.1
2025-04-05T07:35:00+00:00,1979.3,81.96,345.8,13.83,396.7,25.7,633.3,0.0586,0.53,292.2,67.2,11.0
2025-04-05T07:36:00+00:00,2063.5,80.43,346.9,13.66,400.9,28.7,604.9,0.0561,0.56,292.2,67.2,10.3
2025-04-05T07:37:00+00:00,2095.4,83.20,355.9,13.96,388.0,27.6,562.3,0.0585,0.60,292.2,67.2,10.4
2025-04-05T07:38:00+00:00,2408.8,84.07,364.5,13.89,388.7,24.2,674.7,0.0577,0.53,292.2,67.2,9.5
2025-04-05T07:39:00+00:00,1969.7,81.85,354.5,13.67,394.9,27.5,572.9,0.0554,0.52,292.2,67.2,10.3
2025-04-05T07:40:00+00:00,2172.5,82.00,362.5,13.64,383.8,25.0,645.3,0.0622,0.42,292.2,67.2,9.3
2025-04-05T07:41:00+00:00,1958.8,80.05,342.1,13.90,401.7,28.3,597.1,0.0558,0.56,292.2,67.2,9.5
2025-04-05T07:42:00+00:00,2111.9,84.76,347.6,13.70,403.2,27.3,641.3,0.0566,0.57,292.2,67.2,8.7
2025-04-05T07:43:00+00:00,2008.1,85.21,351.2,13.71,404.9,26.8,604.3,0.0629,0.64,292.2,67.2,8.8
2025-04-05T07:44:00+00:00,2206.3,83.12,352.4,13.62,385.5,27.4,623.6,0.0571,0.58,292.2,67.2,9.9
2025-04-05T07:45:00+00:00,2181.1,81.64,365.6,13.79,383.3,27.6,625.3,0.0615,0.64,292.2,67.2,9.3
2025-04-05T07:46:00+00:00,2064.5,81.86,339.5,13.76,396.7,26.2,624.9,0.0559,0.52,292.2,67.2,10.1
2025-04-05T07:47:00+00:00,2144.5,82.92,345.4,13.90,404.6,25.6,544.2,0.0572,0.55,292.2,67.2,9.6
2025-04-05T07:48:00+00:00,1946.3,83.59,356.0,13.65,357.0,26.2,599.4,0.0548,0.49,292.2,67.2,10.8
2025-04-05T07:49:00+00:00,2131.7,81.86,339.3,13.83,381.2,25.7,558.6,0.0590,0.56,292.2,67.2,12.0
2025-04-05T07:50:00+00:00,1977.2,81.31,358.3,14.05,376.3,23.4,660.5,0.0576,0.58,292.2,67.2,7.7
2025-04-05T07:51:00+00:00,1993.9,82.76,348.2,13.54,376.5,27.2,559.5,0.0668,0.59,292.2,67.2,9.4
2025-04-05T07:52:00+00:00,2008.4,85.44,339.5,13.62,379.8,29.6,612.2,0.0606,0.57,292.2,67.2,10.3
2025-04-05T07:53:00+00:00,2107.2,85.06,350.5,13.79,371.8,26.7,625.1,0.0600,0.53,292.2,67.2,9.3
2025-04-05T07:54:00+00:00,1964.2,80.92,350.4,13.84,390.3,30.9,689.0,0.0614,0.51,292.2,67.2,9.2
2025-04-05T07:55:00+00:00,2086.2,82.80,356.1,13.77,369.6,27.8,611.4,0.0578,0.49,292.2,67.2,10.0
2025-04-05T07:56:00+00:00,2172.7,82.85,346.0,13.75,393.2,26.9,645.1,0.0571,0.59,292.2,67.2,10.8
2025-04-05T07:57:00+00:00,2106.1,82.44,347.5,13.83,394.9,26.9,628.8,0.0569,0.61,292.2,67.2,10.7
2025-04-05T07:58:00+00:00,2005.0,81.96,338.6,13.63,382.1,24.9,598.8,0.0560,0.57,292.2,67.2,10.0
2025-04-05T07:59:00+00:00,2169.1,82.17,346.4,14.07,355.3,25.3,555.3,0.0564,0.52,292.2,67.2,9.9
2025-04-05T08:00:00+00:00,2261.5,83.15,343.8,13.87,384.6,29.4,617.5,0.0588,0.61,292.2,67.2,10.9
2025-04-05T08:01:00+00:00,2133.5,81.71,336.6,13.80,409.4,28.6,588.5,0.0561,0.51,292.2,67.2,8.7
2025-04-05T08:02:00+00:00,1867.9,82.46,354.9,13.73,363.8,27.3,552.9,0.0557,0.60,292.2,67.2,9.1
2025-04-05T08:03:00+00:00,1924.3,78.06,358.1,13.86,380.7,25.8,606.8,0.0557,0.59,292.2,67.2,10.2
2025-04-05T08:04:00+00:00,2052.4,84.36,345.7,13.81,383.8,27.7,614.1,0.0561,0.55,292.2,67.2,11.9
2025-04-05T08:05:00+00:00,2033.5,83.84,338.9,13.75,385.6,30.9,605.3,0.0555,0.52,292.2,67.2,10.4
2025-04-05T08:06:00+00:00,2001.0,82.31,346.4,13.84,376.8,28.6,587.1,0.0569,0.68,292.2,67.2,11.1
2025-04-05T08:07:00+00:00,2113.9,82.27,355.4,13.89,396.3,24.8,570.4,0.0550,0.42,292.2,67.2,9.3
2025-04-05T08:08:00+00:00,1984.5,87.46,352.2,13.73,387.1,24.9,615.2,0.0608,0.63,292.2,67.2,10.7
2025-04-05T08:09:00+00:00,2039.3,82.08,350.7,13.63,389.9,28.8,561.2,0.0558,0.54,292.2,67.2,8.8
2025-04-05T08:10:00+00:00,1997.6,82.93,359.0,13.75,368.1,30.3,524.1,0.0552,0.47,292.2,67.2,9.1
2025-04-05T08:11:00+00:00,2040.9,85.02,343.9,13.81,364.7,26.0,563.6,0.0563,0.59,292.2,67.2,10.5
2025-04-05T08:12:00+00:00,2075.1,82.13,358.4,14.00,386.2,24.9,607.6,0.0562,0.56,292.2,67.2,9.3
2025-04-05T08:13:00+00:00,2010.5,80.87,347.5,13.93,386.5,25.2,609.3,0.0579,0.52,292.2,67.2,10.9
2025-04-05T08:14:00+00:00,1909.3,82.17,351.9,13.74,398.3,27.1,600.9,0.0558,0.60,292.2,67.2,11.0
2025-04-05T08:15:00+00:00,2038.2,84.81,348.0,13.67,369.0,27.3,597.3,0.0573,0.68,292.2,67.2,10.4
2025-04-05T08:16:00+00:00,1877.9,82.29,338.0,14.06,390.8,27.8,564.2,0.0665,0.54,292.2,67.2,11.6
2025-04-05T08:17:00+00:00,1994.5,83.70,357.3,13.84,361.1,29.1,621.8,0.0555,0.53,292.2,67.2,11.0
2025-04-05T08:18:00+00:00,2293.2,83.00,338.4,13.68,398.0,25.6,653.3,0.0569,0.51,292.2,67.2,9.6
2025-04-05T08:19:00+00:00,2051.4,83.08,358.2,13.81,370.3,27.5,622.2,0.0602,0.63,292.2,67.2,9.0
2025-04-05T08:20:00+00:00,2286.4,82.56,332.4,13.50,389.3,27.2,627.2,0.0598,0.50,292.2,67.2,9.3
2025-04-05T08:21:00+00:00,2069.8,83.16,345.8,13.62,366.0,27.0,592.6,0.0559,0.54,292.2,67.2,10.3
2025-04-05T08:22:00+00:00,2014.7,81.57,352.9,13.68,382.2,25.9,571.5,0.0570,0.56,292.2,67.2,9.5
2025-04-05T08:23:00+00:00,2052.3,83.64,347.6,13.72,363.7,26.2,587.3,0.0616,0.58,292.2,67.2,10.4
2025-04-05T08:24:00+00:00,2045.1,84.69,354.3,13.83,388.1,26.6,563.5,0.0557,0.52,292.2,67.2,9.5
2025-04-05T08:25:00+00:00,1920.3,77.51,351.4,13.86,405.0,28.7,633.8,0.0556,0.57,292.2,67.2,10.1
2025-04-05T08:26:00+00:00,1974.8,80.27,348.2,13.85,384.2,30.7,585.4,0.0562,0.49,292.2,67.2,12.4
2025-04-05T08:27:00+00:00,1963.8,84.06,352.2,13.90,396.2,26.4,568.5,0.0560,0.60,292.2,67.2,8.5
2025-04-05T08:28:00+00:00,1852.8,82.42,347.6,13.71,367.2,27.4,581.0,0.0608,0.58,292.2,67.2,10.7
2025-04-05T08:29:00+00:00,1936.1,82.03,339.6,13.91,379.6,29.4,608.2,0.0559,0.59,292.2,67.2,10.0
2025-04-05T08:30:00+00:00,2021.4,81.43,345.7,13.68,381.4,24.2,547.5,0.0577,0.52,292.2,67.2,9.9
2025-04-05T08:31:00+00:00,2325.1,83.40,359.3,13.89,384.3,24.3,624.5,0.0649,0.51,292.2,67.2,10.2
2025-04-05T08:32:00+00:00,1821.2,80.35,354.2,13.78,374.3,26.0,643.4,0.0593,0.58,292.2,67.2,9.7
2025-04-05T08:33:00+00:00,1832.4,82.43,365.8,13.62,370.5,26.4,637.4,0.0554,0.50,292.2,67.2,10.7
2025-04-05T08:34:00+00:00,2124.6,81.89,345.0,13.64,346.2,27.7,633.8,0.0574,0.58,292.2,67.2,10.6
2025-04-05T08:35:00+00:00,2015.8,85.05,344.0,13.80,376.1,26.8,598.8,0.0664,0.55,292.2,67.2,11.0
2025-04-05T08:36:00+00:00,2106.5,82.26,350.6,13.65,377.0,27.0,630.6,0.0562,0.53,292.2,67.2,10.9
2025-04-05T08:37:00+00:00,1791.6,81.29,354.0,13.55,374.4,27.4,571.2,0.0539,0.48,292.2,67.2,9.3
2025-04-05T08:38:00+00:00,2090.1,84.79,352.2,13.88,363.1,24.0,615.5,0.0561,0.54,292.2,67.2,10.1
2025-04-05T08:39:00+00:00,2067.6,81.77,339.2,13.61,369.4,31.0,611.5,0.0605,0.59,292.2,67.2,9.9
2025-04-05T08:40:00+00:00,986.5,79.87,356.5,13.62,351.9,28.5,590.5,0.0518,0.53,292.2,67.2,10.0
2025-04-05T08:41:00+00:00,882.9,77.07,372.4,13.63,352.5,27.8,512.6,0.0553,0.56,292.2,67.2,8.7
2025-04-05T08:42:00+00:00,991.2,78.86,362.0,13.78,357.3,25.6,514.3,0.0586,0.56,292.2,67.2,10.8
2025-04-05T08:43:00+00:00,998.3,78.09,352.6,13.59,342.2,25.9,499.7,0.0519,0.60,292.2,67.2,11.0
2025-04-05T08:44:00+00:00,1050.8,79.94,348.3,13.62,367.2,25.9,624.9,0.0509,0.59,292.2,67.2,9.7
2025-04-05T08:45:00+00:00,961.2,83.55,369.0,13.92,334.7,28.7,581.9,0.0502,0.55,292.2,67.2,10.5
2025-04-05T08:46:00+00:00,1051.4,78.93,359.7,13.93,359.6,25.0,495.3,0.0556,0.58,292.2,67.2,9.2
2025-04-05T08:47:00+00:00,1019.6,80.88,363.5,13.97,356.0,26.9,553.9,0.0673,0.54,292.2,67.2,11.6
2025-04-05T08:48:00+00:00,882.3,78.69,358.3,13.91,346.1,28.2,549.7,0.0496,0.54,292.2,67.2,9.9
2025-04-05T08:49:00+00:00,1032.3,79.50,351.7,13.74,357.1,26.4,591.3,0.0497,0.47,292.2,67.2,10.8
2025-04-05T08:50:00+00:00,1018.0,78.63,364.5,13.74,366.2,27.2,573.9,0.0527,0.50,292.2,67.2,9.9
2025-04-05T08:51:00+00:00,996.6,78.21,352.6,13.78,359.7,26.3,545.3,0.0557,0.53,292.2,67.2,10.4
2025-04-05T08:52:00+00:00,1086.4,79.14,381.3,14.09,350.7,25.8,584.5,0.0507,0.53,292.2,67.2,10.1
2025-04-05T14:00:00+00:00,885.0,77.31,358.1,13.80,356.1,28.1,509.7,0.0499,0.51,292.2,67.2,11.4
2025-04-05T14:01:00+00:00,1132.2,78.14,349.6,13.80,349.4,27.9,611.9,0.0517,0.61,292.2,67.2,10.2
2025-04-05T14:02:00+00:00,1054.8,79.73,364.4,13.92,363.1,23.3,556.2,0.0512,0.61,292.2,67.2,9.9
2025-04-05T14:03:00+00:00,843.0,78.69,352.3,14.04,361.8,25.0,543.7,0.0495,0.54,292.2,67.2,11.3
2025-04-05T14:04:00+00:00,918.8,78.25,354.6,13.29,347.4,26.0,551.9,0.0542,0.55,292.2,67.2,10.8
2025-04-05T14:05:00+00:00,1007.2,79.25,362.7,13.83,376.1,25.6,569.8,0.0557,0.56,292.2,67.2,10.7
2025-04-05T14:06:00+00:00,854.4,80.63,368.7,13.82,377.7,29.4,566.6,0.0514,0.51,292.2,67.2,10.1
2025-04-05T14:07:00+00:00,1000.3,77.03,365.8,13.75,340.0,29.1,524.4,0.0529,0.55,292.2,67.2,11.0
2025-04-05T14:08:00+00:00,1085.8,77.68,355.3,13.56,360.3,26.1,622.7,0.0580,0.58,292.2,67.2,9.9
2025-04-05T14:09:00+00:00,969.5,76.28,355.0,13.68,366.3,26.1,552.3,0.0577,0.59,292.2,67.2,9.2
2025-04-05T14:10:00+00:00,965.3,78.94,355.5,13.65,337.1,30.1,591.4,0.0509,0.60,292.2,67.2,11.5
2025-04-05T14:11:00+00:00,1929.0,82.00,359.4,13.85,368.1,26.8,618.5,0.0551,0.52,292.2,67.2,11.2
2025-04-05T14:12:00+00:00,2000.8,82.31,348.3,13.98,364.9,26.6,640.3,0.0558,0.56,292.2,67.2,11.2
2025-04-05T14:13:00+00:00,1857.3,80.57,336.4,13.92,387.7,25.9,636.3,0.0559,0.62,292.2,67.2,11.5
2025-04-05T14:14:00+00:00,2142.3,82.52,356.0,13.89,362.7,25.8,611.7,0.0592,0.56,292.2,67.2,9.5
2025-04-05T14:15:00+00:00,1921.8,81.48,342.0,13.64,364.3,22.8,582.3,0.0548,0.50,292.2,67.2,9.0
2025-04-05T14:16:00+00:00,2009.1,80.68,358.2,13.88,363.2,26.8,623.6,0.0564,0.61,292.2,67.2,12.0
2025-04-05T14:17:00+00:00,1808.8,81.47,354.0,13.70,372.6,28.0,590.7,0.0551,0.59,292.2,67.2,11.2
2025-04-05T14:18:00+00:00,1869.7,80.69,344.8,13.84,372.6,25.6,589.0,0.0624,0.53,292.2,67.2,11.3
2025-04-05T14:19:00+00:00,1952.2,81.66,360.4,14.01,396.1,26.3,592.9,0.0615,0.66,292.2,67.2,11.7
2025-04-05T14:20:00+00:00,2058.1,83.35,352.4,13.79,418.1,26.5,626.1,0.0613,0.64,292.2,67.2,11.9
2025-04-05T14:21:00+00:00,1931.0,77.87,366.8,13.76,380.7,27.9,633.4,0.0561,0.61,292.2,67.2,9.2
2025-04-05T14:22:00+00:00,1965.0,80.33,345.9,14.02,392.0,26.4,661.1,0.0603,0.53,292.2,67.2,10.2
2025-04-05T14:23:00+00:00,2162.6,81.64,345.8,13.84,398.0,28.2,652.0,0.0564,0.54,292.2,67.2,10.1
2025-04-05T14:24:00+00:00,2038.9,80.33,356.1,13.70,380.6,24.4,578.9,0.0585,0.50,292.2,67.2,9.9
2025-04-05T14:25:00+00:00,2025.6,81.36,355.4,13.88,382.9,28.0,618.8,0.0620,0.55,292.2,67.2,9.8
2025-04-05T14:26:00+00:00,1863.7,84.11,358.8,13.84,392.0,25.4,593.1,0.0546,0.51,292.2,67.2,11.4
2025-04-05T14:27:00+00:00,1889.1,82.54,351.7,14.02,369.9,29.5,582.8,0.0649,0.52,292.2,67.2,10.5
2025-04-05T14:28:00+00:00,1902.3,79.09,355.6,14.25,396.5,27.0,575.2,0.0696,0.62,292.2,67.2,10.8
2025-04-05T14:29:00+00:00,2060.1,81.78,354.9,13.81,382.4,26.9,543.9,0.0620,0.53,292.2,67.2,8.8
2025-04-05T14:30:00+00:00,2099.7,80.67,350.6,13.86,380.9,27.2,572.1,0.0571,0.58,292.2,67.2,11.6
2025-04-05T14:31:00+00:00,1963.2,80.97,354.2,13.76,399.5,28.9,606.9,0.0556,0.56,292.2,67.2,10.5
2025-04-05T14:32:00+00:00,1941.1,81.05,356.0,13.80,348.5,27.3,607.8,0.0561,0.62,292.2,67.2,11.4
2025-04-05T14:33:00+00:00,1988.3,82.52,345.9,13.67,371.6,26.5,665.2,0.0555,0.55,292.2,67.2,10.2
2025-04-05T14:34:00+00:00,2048.4,83.26,351.5,13.76,380.7,29.0,614.6,0.0562,0.58,292.2,67.2,10.0
2025-04-05T14:35:00+00:00,1949.9,78.98,357.5,13.73,368.5,27.3,638.3,0.0611,0.55,292.2,67.2,10.3
2025-04-05T14:36:00+00:00,2000.5,81.38,336.5,13.92,388.3,29.4,584.6,0.0586,0.53,292.2,67.2,10.9
2025-04-05T14:37:00+00:00,1787.0,80.84,357.6,13.69,381.3,27.8,611.1,0.0558,0.68,292.2,67.2,11.9
2025-04-05T14:38:00+00:00,2057.0,82.86,350.5,13.82,372.6,22.9,584.2,0.0565,0.61,292.2,67.2,10.2
2025-04-05T14:39:00+00:00,1947.9,82.54,330.3,13.74,396.9,25.6,598.4,0.0565,0.64,292.2,67.2,8.6
2025-04-05T14:40:00+00:00,1948.2,83.46,344.2,13.73,370.5,25.4,589.4,0.0558,0.59,292.2,67.2,11.4
2025-04-05T14:41:00+00:00,2066.3,81.79,348.1,13.74,395.6,26.1,578.3,0.0583,0.56,292.2,67.2,9.1
2025-04-05T14:42:00+00:00,2015.0,84.67,338.6,13.68,367.3,27.4,625.4,0.0555,0.54,292.2,67.2,11.5
2025-04-05T14:43:00+00:00,1917.2,81.84,350.8,13.99,373.5,28.3,616.7,0.0554,0.56,292.2,67.2,9.7
2025-04-05T14:44:00+00:00,2160.5,81.50,349.5,13.59,401.9,25.3,622.5,0.0568,0.57,292.2,67.2,10.7
2025-04-05T14:45:00+00:00,2044.5,79.90,361.7,13.99,400.3,26.0,616.8,0.0561,0.57,292.2,67.2,10.9
2025-04-05T14:46:00+00:00,1970.9,82.96,346.2,13.82,372.6,28.8,602.3,0.0579,0.56,292.2,67.2,9.5
2025-04-05T14:47:00+00:00,1884.6,81.95,346.8,13.88,384.5,24.7,619.9,0.0542,0.47,292.2,67.2,10.1
2025-04-05T14:48:00+00:00,2160.4,84.26,349.3,13.84,395.8,24.4,636.0,0.0568,0.57,292.2,67.2,8.5
2025-04-05T14:49:00+00:00,2059.4,82.30,334.3,13.86,389.3,29.0,592.0,0.0562,0.56,292.2,67.2,10.8
2025-04-05T14:50:00+00:00,1966.0,85.91,351.7,13.68,380.5,29.6,619.4,0.0615,0.56,292.2,67.2,10.6
2025-04-05T14:51:00+00:00,2030.3,86.02,341.4,13.93,404.2,30.2,691.8,0.0571,0.66,292.2,67.2,8.5
2025-04-05T14:52:00+00:00,1994.1,84.44,359.1,13.91,387.3,27.6,618.2,0.0648,0.49,292.2,67.2,11.2
2025-04-05T14:53:00+00:00,1861.0,82.08,345.7,13.77,379.0,29.4,594.2,0.0577,0.57,292.2,67.2,9.5
2025-04-05T14:54:00+00:00,2077.3,82.87,357.6,13.98,382.9,27.0,622.7,0.0555,0.50,292.2,67.2,9.3
2025-04-05T14:55:00+00:00,2491.6,82.37,345.6,14.08,388.6,25.9,636.5,0.0583,0.56,292.2,67.2,11.4
2025-04-05T14:56:00+00:00,2265.2,82.66,365.8,13.72,384.6,30.1,580.5,0.0578,0.61,292.2,67.2,10.0
2025-04-05T14:57:00+00:00,2388.1,83.29,348.2,13.67,395.2,27.8,575.3,0.0632,0.50,292.2,67.2,12.5
2025-04-05T14:58:00+00:00,2012.4,82.98,339.4,13.71,384.7,29.6,649.1,0.0552,0.50,292.2,67.2,8.8
2025-04-05T14:59:00+00:00,2035.3,81.74,339.5,14.01,365.4,27.1,573.3,0.0560,0.57,292.2,67.2,9.7
2025-04-05T15:00:00+00:00,1910.1,81.98,341.2,13.88,371.3,24.2,589.0,0.0549,0.54,292.2,67.2,11.9
2025-04-05T15:01:00+00:00,1796.6,82.32,347.7,13.82,361.5,28.5,603.2,0.0540,0.49,292.2,67.2,11.4
2025-04-05T15:02:00+00:00,1917.8,80.91,350.8,13.90,407.0,27.1,630.4,0.0615,0.60,292.2,67.2,9.9
2025-04-05T15:03:00+00:00,2471.4,82.85,342.1,13.93,411.0,26.4,603.4,0.0587,0.60,292.2,67.2,8.7
2025-04-05T15:04:00+00:00,2624.6,86.45,346.2,13.82,413.3,30.4,632.6,0.0609,0.56,292.2,67.2,8.2
2025-04-05T15:05:00+00:00,1944.1,83.12,337.7,13.93,366.1,23.2,623.0,0.0596,0.56,292.2,67.2,11.3
2025-04-05T15:06:00+00:00,2308.9,84.25,348.6,13.70,403.3,26.5,563.2,0.0574,0.58,292.2,67.2,11.4
2025-04-05T15:07:00+00:00,2029.1,80.27,349.5,13.79,388.2,25.7,590.5,0.0560,0.58,292.2,67.2,10.6
2025-04-05T15:08:00+00:00,2574.2,82.84,348.9,13.74,396.6,27.3,604.3,0.0633,0.50,292.2,67.2,10.5
2025-04-05T15:09:00+00:00,2384.5,82.71,354.1,13.47,392.6,27.1,567.7,0.0607,0.53,292.2,67.2,10.0
2025-04-05T15:10:00+00:00,1845.3,82.73,345.3,13.95,381.1,28.8,557.1,0.0548,0.54,292.2,67.2,10.3
2025-04-05T15:11:00+00:00,2462.5,82.24,345.8,13.77,416.7,28.9,586.2,0.0585,0.58,292.2,67.2,11.2
2025-04-05T15:12:00+00:00,2397.7,81.67,365.5,13.93,409.2,27.2,599.1,0.0596,0.54,292.2,67.2,10.6
2025-04-05T15:13:00+00:00,1922.6,81.84,356.5,14.19,368.7,25.1,618.0,0.0547,0.50,292.2,67.2,11.1
2025-04-05T15:14:00+00:00,2423.4,82.84,338.7,13.77,416.5,27.7,659.9,0.0581,0.56,292.2,67.2,9.0
2025-04-05T15:15:00+00:00,2443.8,84.11,359.1,13.78,395.3,27.4,620.4,0.0593,0.54,292.2,67.2,8.9
2025-04-05T15:16:00+00:00,2445.9,83.67,338.4,13.46,388.9,27.5,595.5,0.0579,0.52,292.2,67.2,10.4
2025-04-05T15:17:00+00:00,2484.6,83.28,349.8,13.91,390.5,27.3,644.8,0.0588,0.55,292.2,67.2,9.6
2025-04-05T15:18:00+00:00,2427.0,83.99,342.7,13.89,384.2,26.5,686.1,0.0601,0.60,292.2,67.2,10.3
2025-04-05T15:19:00+00:00,2124.1,82.00,352.5,13.78,394.0,28.6,543.9,0.0589,0.53,292.2,67.2,9.9
2025-04-05T15:20:00+00:00,2466.0,83.36,342.5,13.85,380.8,25.4,679.4,0.0611,0.54,292.2,67.2,9.2
2025-04-05T15:21:00+00:00,2097.2,80.99,331.0,13.82,387.2,26.0,596.8,0.0563,0.55,292.2,67.2,8.8
2025-04-05T15:22:00+00:00,1949.7,84.11,356.5,13.82,396.6,26.6,645.9,0.0571,0.51,292.2,67.2,10.4
2025-04-05T15:23:00+00:00,1957.8,82.45,340.6,13.94,384.4,29.7,608.5,0.0551,0.51,292.2,67.2,10.8
2025-04-05T15:24:00+00:00,1993.6,83.19,356.9,13.88,375.2,26.6,574.8,0.0559,0.56,292.2,67.2,9.5
2025-04-05T15:25:00+00:00,2175.8,82.27,340.7,13.68,401.9,26.5,673.0,0.0565,0.53,292.2,67.2,12.2
2025-04-05T15:26:00+00:00,2027.7,81.97,357.8,13.92,370.9,27.6,595.0,0.0588,0.52,292.2,67.2,11.1
2025-04-05T15:27:00+00:00,2013.8,83.92,356.5,13.74,401.7,27.0,557.1,0.0549,0.46,292.2,67.2,10.5
2025-04-05T15:28:00+00:00,1893.7,80.51,341.9,13.69,399.0,28.8,575.0,0.0549,0.52,292.2,67.2,12.2
2025-04-05T15:29:00+00:00,2175.1,82.53,350.9,13.73,383.1,27.1,609.7,0.0577,0.56,292.2,67.2,11.1
2025-04-05T15:30:00+00:00,2091.8,84.91,340.3,13.80,403.0,28.9,544.5,0.0556,0.49,292.2,67.2,10.8
2025-04-05T15:31:00+00:00,2137.0,82.43,356.4,13.59,379.9,27.7,594.3,0.0568,0.59,292.2,67.2,10.6
2025-04-05T15:32:00+00:00,1918.5,81.35,347.4,13.96,392.1,26.4,600.8,0.0553,0.56,292.2,67.2,8.0
2025-04-05T15:33:00+00:00,2021.3,81.37,349.4,13.83,387.6,26.7,621.4,0.0558,0.54,292.2,67.2,11.7
2025-04-05T15:34:00+00:00,1976.1,81.64,355.5,14.07,387.5,24.6,559.7,0.0644,0.63,292.2,67.2,9.9
2025-04-05T15:35:00+00:00,2071.3,80.96,358.5,13.83,397.2,25.3,578.2,0.0556,0.51,292.2,67.2,12.7
2025-04-05T15:36:00+00:00,2121.1,84.30,348.1,14.02,374.9,26.6,566.8,0.0568,0.55,292.2,67.2,9.5
2025-04-05T15:37:00+00:00,1918.7,81.42,348.9,13.84,389.6,27.0,601.0,0.0562,0.64,292.2,67.2,9.8
2025-04-05T15:38:00+00:00,1790.5,81.90,354.8,13.57,382.9,28.7,570.7,0.0584,0.63,292.2,67.2,9.7
2025-04-05T15:39:00+00:00,1875.7,83.18,349.7,13.55,382.1,28.6,606.0,0.0601,0.54,292.2,67.2,9.7
2025-04-05T15:40:00+00:00,2029.9,82.30,351.2,13.43,364.5,27.1,587.8,0.0561,0.59,292.2,67.2,10.8
2025-04-05T15:41:00+00:00,1777.9,80.36,352.4,13.38,378.4,26.6,590.1,0.0554,0.62,292.2,67.2,9.1
2025-04-05T15:42:00+00:00,2087.7,81.53,343.7,13.78,385.8,29.8,662.9,0.0593,0.61,292.2,67.2,10.9
2025-04-05T15:43:00+00:00,2092.6,83.03,348.5,13.88,383.1,27.8,571.6,0.0571,0.64,292.2,67.2,10.2
2025-04-05T15:44:00+00:00,1888.9,84.01,356.3,13.67,390.9,24.4,604.9,0.0558,0.62,292.2,67.2,10.8
2025-04-05T15:45:00+00:00,1978.3,80.04,345.3,13.82,376.8,25.0,549.1,0.0547,0.47,292.2,67.2,9.9
2025-04-05T15:46:00+00:00,2060.2,82.38,337.5,13.58,377.9,27.3,579.1,0.0575,0.60,292.2,67.2,11.3
2025-04-05T15:47:00+00:00,1977.0,84.06,354.1,13.88,407.9,28.0,545.4,0.0555,0.54,292.2,67.2,9.7
2025-04-05T15:48:00+00:00,2164.6,83.44,341.3,13.75,393.5,27.0,617.8,0.0620,0.59,292.2,67.2,10.0
2025-04-05T15:49:00+00:00,2019.3,81.60,349.6,13.95,359.2,26.0,554.1,0.0554,0.52,292.2,67.2,9.8
2025-04-05T15:50:00+00:00,1993.7,82.59,352.3,13.65,371.7,29.0,661.7,0.0565,0.62,292.2,67.2,11.6
2025-04-05T15:51:00+00:00,2075.6,83.73,360.4,13.76,377.9,27.4,590.9,0.0567,0.61,292.2,67.2,10.7
2025-04-05T15:52:00+00:00,2116.8,80.26,346.9,13.65,393.0,27.4,601.8,0.0583,0.60,292.2,67.2,9.8
2025-04-05T15:53:00+00:00,2133.3,84.86,353.6,13.70,373.3,25.5,622.1,0.0565,0.56,292.2,67.2,11.2
2025-04-05T15:54:00+00:00,2136.6,84.49,342.5,13.91,400.1,29.6,636.8,0.0569,0.60,292.2,67.2,9.9
2025-04-05T15:55:00+00:00,2176.7,82.28,342.0,13.76,384.9,27.5,657.4,0.0562,0.50,292.2,67.2,9.8
2025-04-05T15:56:00+00:00,1943.2,81.62,349.9,13.74,367.7,24.2,540.6,0.0555,0.55,292.2,67.2,10.9
2025-04-05T15:57:00+00:00,2137.6,83.55,351.8,14.10,388.5,29.0,616.2,0.0568,0.58,292.2,67.2,9.7
2025-04-05T15:58:00+00:00,2134.1,84.56,334.7,13.93,376.6,29.5,596.3,0.0564,0.57,292.2,67.2,10.6
2025-04-05T15:59:00+00:00,1721.0,82.09,335.0,13.70,356.8,25.5,557.3,0.0545,0.57,292.2,67.2,9.0
2025-04-05T16:00:00+00:00,1944.3,82.60,352.0,13.71,384.5,26.8,635.0,0.0562,0.58,292.2,67.2,9.4
2025-04-05T16:01:00+00:00,1965.4,79.86,353.2,13.71,392.7,26.7,592.7,0.0546,0.46,292.2,67.2,12.4
2025-04-05T16:02:00+00:00,2085.0,82.44,349.0,13.59,408.0,24.7,591.1,0.0570,0.56,292.2,67.2,9.8
2025-04-05T16:03:00+00:00,1896.1,84.20,350.2,13.59,361.2,28.4,613.8,0.0552,0.55,292.2,67.2,10.2
2025-04-05T16:04:00+00:00,2141.4,83.71,348.4,13.76,357.5,25.2,608.2,0.0699,0.58,292.2,67.2,10.6
2025-04-05T16:05:00+00:00,1053.5,77.05,354.1,13.70,365.6,27.5,550.3,0.0527,0.62,292.2,67.2,9.1
2025-04-05T16:06:00+00:00,959.3,78.98,361.2,13.67,349.7,30.0,525.8,0.0515,0.52,292.2,67.2,10.1
2025-04-05T16:07:00+00:00,1082.4,78.99,353.8,13.78,364.6,26.6,604.6,0.0508,0.45,292.2,67.2,9.7
2025-04-05T16:08:00+00:00,1039.5,77.91,357.2,13.76,346.9,26.3,510.6,0.0515,0.54,292.2,67.2,11.2
2025-04-05T16:09:00+00:00,1014.5,81.20,353.4,13.66,370.6,26.8,529.4,0.0518,0.68,292.2,67.2,9.5
2025-04-05T16:10:00+00:00,1107.9,80.55,362.4,13.62,350.5,25.8,528.3,0.0564,0.55,292.2,67.2,12.7
2025-04-05T16:11:00+00:00,989.2,79.49,354.5,13.83,363.9,27.5,596.5,0.0492,0.44,292.2,67.2,10.7
2025-04-05T16:12:00+00:00,1011.0,79.07,356.7,13.63,353.3,26.8,570.9,0.0497,0.47,292.2,67.2,11.1
2025-04-05T16:13:00+00:00,904.9,77.63,352.9,13.82,332.8,26.0,595.6,0.0495,0.51,292.2,67.2,13.8
2025-04-05T16:14:00+00:00,726.5,78.60,353.8,13.76,375.5,28.0,524.1,0.0487,0.53,292.2,67.2,9.3
2025-04-06T06:00:00+00:00,962.4,78.98,352.9,13.81,352.6,28.1,536.8,0.0531,0.45,170.6,80.6,7.7
2025-04-06T06:01:00+00:00,817.6,74.37,350.0,14.01,345.0,27.7,483.8,0.0483,0.43,170.6,80.6,6.6
2025-04-06T06:02:00+00:00,982.9,78.71,366.3,13.83,355.4,28.7,571.1,0.0494,0.47,170.6,80.6,7.2
2025-04-06T06:03:00+00:00,1006.5,78.34,343.8,13.60,376.1,26.1,532.5,0.0489,0.41,170.6,80.6,7.0
2025-04-06T06:04:00+00:00,946.2,79.88,357.1,13.90,367.5,27.9,548.3,0.0529,0.40,170.6,80.6,6.0
2025-04-06T06:05:00+00:00,957.8,78.47,364.3,13.84,354.8,27.6,590.4,0.0544,0.38,170.6,80.6,4.3
2025-04-06T06:06:00+00:00,947.7,78.50,362.7,13.59,362.3,25.4,573.5,0.0506,0.43,170.6,80.6,7.2
2025-04-06T06:07:00+00:00,864.3,81.38,376.3,13.83,371.2,25.0,603.2,0.0499,0.38,170.6,80.6,7.3
2025-04-06T06:08:00+00:00,898.4,80.43,364.5,13.69,353.3,26.6,570.8,0.0487,0.42,170.6,80.6,5.8
2025-04-06T06:09:00+00:00,938.6,78.03,347.7,13.61,341.7,25.6,536.9,0.0509,0.40,170.6,80.6,5.8
2025-04-06T06:10:00+00:00,990.6,78.15,361.7,13.91,356.0,25.3,555.1,0.0530,0.42,170.6,80.6,5.9
2025-04-06T06:11:00+00:00,867.5,73.79,365.0,13.89,379.5,27.7,526.8,0.0498,0.57,170.6,80.6,5.0
2025-04-06T06:12:00+00:00,923.4,78.98,358.6,13.86,333.8,28.9,593.6,0.0488,0.44,170.6,80.6,5.9
2025-04-06T06:13:00+00:00,920.0,75.77,363.7,14.07,346.1,27.5,641.5,0.0531,0.50,170.6,80.6,5.4
2025-04-06T06:14:00+00:00,1977.9,82.91,348.2,14.03,394.7,29.6,546.8,0.0625,0.34,170.6,80.6,6.5
2025-04-06T06:15:00+00:00,1873.9,81.20,358.9,13.75,366.9,28.5,615.3,0.0539,0.45,170.6,80.6,7.7
2025-04-06T06:16:00+00:00,1974.9,85.01,355.3,13.78,352.5,27.9,544.2,0.0535,0.34,170.6,80.6,6.3
2025-04-06T06:17:00+00:00,2125.6,83.15,355.7,13.78,380.8,25.6,593.5,0.0543,0.33,170.6,80.6,7.1
2025-04-06T06:18:00+00:00,2120.8,83.26,347.4,13.98,409.1,27.2,619.7,0.0551,0.43,170.6,80.6,6.2
2025-04-06T06:19:00+00:00,1860.9,83.60,348.1,13.58,375.3,26.3,658.9,0.0543,0.49,170.6,80.6,6.4
2025-04-06T06:20:00+00:00,1963.5,79.07,366.2,13.88,381.1,27.1,573.9,0.0615,0.36,170.6,80.6,7.7
2025-04-06T06:21:00+00:00,2015.0,83.00,355.6,14.01,367.0,26.5,626.4,0.0596,0.48,170.6,80.6,6.3
2025-04-06T06:22:00+00:00,2005.9,81.99,340.8,13.60,365.0,28.4,639.6,0.0551,0.47,170.6,80.6,7.2
2025-04-06T06:23:00+00:00,1886.2,81.78,348.6,13.76,367.1,28.6,531.5,0.0539,0.42,170.6,80.6,7.4
2025-04-06T06:24:00+00:00,1779.3,82.31,349.1,13.53,392.9,28.1,614.7,0.0524,0.28,170.6,80.6,6.8
2025-04-06T06:25:00+00:00,1824.9,81.25,343.1,13.75,361.3,27.5,586.7,0.0552,0.38,170.6,80.6,6.7
2025-04-06T06:26:00+00:00,2072.5,83.19,341.5,13.73,400.4,26.9,571.7,0.0569,0.43,170.6,80.6,8.5
2025-04-06T06:27:00+00:00,2022.9,81.25,349.5,13.75,401.2,28.0,624.8,0.0539,0.33,170.6,80.6,6.6
2025-04-06T06:28:00+00:00,2059.2,82.23,349.1,13.86,390.3,27.6,616.4,0.0536,0.31,170.6,80.6,5.6
2025-04-06T06:29:00+00:00,2006.6,83.91,357.6,13.74,392.3,28.3,609.8,0.0547,0.44,170.6,80.6,6.0
2025-04-06T06:30:00+00:00,1758.3,82.42,364.3,13.79,352.4,29.1,627.5,0.0525,0.36,170.6,80.6,7.0
2025-04-06T06:31:00+00:00,2226.1,82.39,344.2,13.60,391.1,27.5,588.8,0.0596,0.44,170.6,80.6,7.7
2025-04-06T06:32:00+00:00,2181.6,78.59,350.9,13.81,371.4,26.9,614.0,0.0617,0.48,170.6,80.6,7.3
2025-04-06T06:33:00+00:00,1841.9,81.17,358.9,13.75,384.9,30.0,594.4,0.0626,0.44,170.6,80.6,6.8
2025-04-06T06:34:00+00:00,2070.2,81.67,355.2,14.08,393.2,27.0,589.6,0.0543,0.37,170.6,80.6,8.1
2025-04-06T06:35:00+00:00,2092.3,80.50,350.3,13.83,383.5,26.9,579.3,0.0661,0.42,170.6,80.6,5.9
2025-04-06T06:36:00+00:00,1973.0,79.97,352.6,14.14,369.5,27.5,586.8,0.0545,0.44,170.6,80.6,7.6
2025-04-06T06:37:00+00:00,2067.2,85.30,354.4,13.68,371.3,26.7,625.0,0.0553,0.47,170.6,80.6,8.2
2025-04-06T06:38:00+00:00,1898.0,80.64,330.3,13.56,356.7,26.7,609.7,0.0545,0.39,170.6,80.6,7.0
2025-04-06T06:39:00+00:00,2145.0,80.74,338.9,13.88,374.6,27.1,653.7,0.0632,0.38,170.6,80.6,5.8
2025-04-06T06:40:00+00:00,2320.3,82.94,351.4,13.87,402.3,25.6,593.3,0.0559,0.40,170.6,80.6,5.3
2025-04-06T06:41:00+00:00,1752.5,85.39,347.8,13.69,390.0,27.9,584.0,0.0531,0.42,170.6,80.6,7.4
2025-04-06T06:42:00+00:00,2056.1,83.52,345.2,13.79,388.8,25.9,626.9,0.0542,0.38,170.6,80.6,6.5
2025-04-06T06:43:00+00:00,2103.4,82.23,341.5,13.70,386.4,25.1,561.2,0.0548,0.40,170.6,80.6,7.6
2025-04-06T06:44:00+00:00,2005.1,82.30,366.6,13.86,378.4,27.0,636.5,0.0544,0.43,170.6,80.6,7.7
2025-04-06T06:45:00+00:00,1970.0,80.53,351.9,13.54,373.9,27.1,597.4,0.0585,0.48,170.6,80.6,9.2
2025-04-06T06:46:00+00:00,1926.0,82.48,373.8,13.81,394.7,27.3,573.5,0.0552,0.34,170.6,80.6,7.8
2025-04-06T06:47:00+00:00,1933.5,81.34,347.9,13.94,369.8,24.1,615.8,0.0620,0.41,170.6,80.6,8.3
2025-04-06T06:48:00+00:00,2321.6,80.03,349.8,13.83,383.7,28.1,637.7,0.0616,0.48,170.6,80.6,6.1
2025-04-06T06:49:00+00:00,1936.7,80.11,355.5,14.05,367.6,25.0,530.5,0.0602,0.36,170.6,80.6,7.5
2025-04-06T06:50:00+00:00,2079.8,83.10,349.2,13.57,382.0,27.3,582.1,0.0627,0.40,170.6,80.6,5.1
2025-04-06T06:51:00+00:00,1827.2,80.17,346.9,13.57,380.7,30.5,608.9,0.0531,0.38,170.6,80.6,6.8
2025-04-06T06:52:00+00:00,1845.0,80.38,347.1,13.59,384.2,25.0,591.8,0.0546,0.31,170.6,80.6,8.5
2025-04-06T06:53:00+00:00,1933.9,81.67,358.7,14.00,393.9,27.4,630.6,0.0541,0.42,170.6,80.6,6.6
2025-04-06T06:54:00+00:00,1881.4,79.43,356.4,13.67,387.4,25.1,664.2,0.0546,0.50,170.6,80.6,7.6
2025-04-06T06:55:00+00:00,2167.0,84.47,339.1,13.76,370.7,27.5,612.5,0.0586,0.42,170.6,80.6,8.9
2025-04-06T06:56:00+00:00,1849.4,79.79,340.9,14.33,368.8,26.5,584.9,0.0586,0.36,170.6,80.6,6.0
2025-04-06T06:57:00+00:00,2112.5,83.55,353.9,13.77,382.3,26.4,626.2,0.0545,0.38,170.6,80.6,7.6
2025-04-06T06:58:00+00:00,1959.1,83.30,342.0,13.95,373.3,28.2,589.3,0.0593,0.34,170.6,80.6,5.5
2025-04-06T06:59:00+00:00,1931.5,81.80,350.3,13.73,356.8,25.4,589.8,0.0636,0.38,170.6,80.6,7.7
2025-04-06T07:00:00+00:00,2141.0,78.99,338.1,13.99,377.0,28.7,619.5,0.0553,0.43,170.6,80.6,8.3
2025-04-06T07:01:00+00:00,2069.0,81.50,357.4,14.12,382.6,26.4,642.7,0.0557,0.22,170.6,80.6,6.5
2025-04-06T07:02:00+00:00,2112.3,83.86,361.7,13.35,399.3,25.7,581.4,0.0550,0.40,170.6,80.6,7.2
2025-04-06T07:03:00+00:00,2062.5,82.62,348.0,13.83,396.0,28.1,603.9,0.0577,0.35,170.6,80.6,6.2
2025-04-06T07:04:00+00:00,1860.2,81.95,343.7,13.54,382.1,28.5,580.0,0.0534,0.39,170.6,80.6,6.2
2025-04-06T07:05:00+00:00,1892.8,84.11,351.9,13.67,379.6,29.6,604.3,0.0540,0.44,170.6,80.6,7.4
2025-04-06T07:06:00+00:00,2026.0,80.96,353.9,13.68,381.0,25.2,622.8,0.0545,0.42,170.6,80.6,5.5
2025-04-06T07:07:00+00:00,2141.1,82.51,355.8,13.95,368.8,26.4,632.2,0.0544,0.34,170.6,80.6,6.9
2025-04-06T07:08:00+00:00,2446.9,86.32,338.6,13.71,395.9,26.2,606.5,0.0562,0.34,170.6,80.6,5.2
2025-04-06T07:09:00+00:00,2093.5,82.39,358.3,13.76,372.7,26.5,583.5,0.0552,0.46,170.6,80.6,6.4
2025-04-06T07:10:00+00:00,2512.9,87.40,350.7,13.70,401.9,29.6,641.5,0.0619,0.38,170.6,80.6,6.6
2025-04-06T07:11:00+00:00,2085.3,81.74,363.3,13.97,388.3,25.7,525.6,0.0610,0.49,170.6,80.6,7.4
2025-04-06T07:12:00+00:00,1974.8,83.56,347.6,13.65,377.8,26.9,531.2,0.0584,0.32,170.6,80.6,6.4
2025-04-06T07:13:00+00:00,2253.0,80.70,349.4,13.76,398.2,27.2,627.5,0.0603,0.43,170.6,80.6,7.6
2025-04-06T07:14:00+00:00,2403.0,82.27,343.5,14.13,389.4,26.9,619.2,0.0563,0.38,170.6,80.6,7.1
2025-04-06T07:15:00+00:00,2415.8,83.69,334.1,13.66,407.3,28.8,608.7,0.0584,0.32,170.6,80.6,6.2
2025-04-06T07:16:00+00:00,2138.3,82.89,349.5,13.55,385.6,25.5,588.8,0.0564,0.49,170.6,80.6,6.7
2025-04-06T07:17:00+00:00,2093.4,81.84,349.9,13.83,396.6,28.4,544.6,0.0552,0.45,170.6,80.6,7.3
2025-04-06T07:18:00+00:00,2082.9,84.03,353.2,13.83,404.2,26.1,621.3,0.0580,0.39,170.6,80.6,8.1
2025-04-06T07:19:00+00:00,2209.9,82.80,350.9,13.77,373.8,25.9,626.3,0.0585,0.34,170.6,80.6,5.1
2025-04-06T07:20:00+00:00,1886.1,85.21,341.9,13.71,358.6,26.5,545.9,0.0539,0.44,170.6,80.6,7.2
2025-04-06T07:21:00+00:00,1873.9,82.75,362.3,13.83,377.9,24.8,604.1,0.0559,0.39,170.6,80.6,7.0
2025-04-06T07:22:00+00:00,2073.6,82.90,353.6,13.76,380.5,27.7,577.0,0.0543,0.37,170.6,80.6,6.3
2025-04-06T07:23:00+00:00,2408.7,83.25,343.3,13.73,384.0,26.0,613.2,0.0565,0.41,170.6,80.6,7.0
2025-04-06T07:24:00+00:00,2522.2,86.66,356.3,13.80,404.3,24.1,663.8,0.0570,0.41,170.6,80.6,7.1
2025-04-06T07:25:00+00:00,2426.8,83.79,340.0,14.03,382.0,26.8,603.3,0.0573,0.46,170.6,80.6,6.3
2025-04-06T07:26:00+00:00,2026.4,80.64,338.6,13.83,380.0,26.6,576.4,0.0550,0.48,170.6,80.6,7.1
2025-04-06T07:27:00+00:00,2024.1,82.92,346.6,13.81,390.3,27.9,597.6,0.0551,0.47,170.6,80.6,7.1
2025-04-06T07:28:00+00:00,2245.1,83.86,335.8,13.87,374.2,25.7,553.3,0.0648,0.38,170.6,80.6,6.8
2025-04-06T07:29:00+00:00,2099.8,84.83,346.9,13.73,387.1,27.3,558.3,0.0549,0.42,170.6,80.6,7.2
2025-04-06T07:30:00+00:00,2056.6,79.36,352.9,13.94,381.3,26.4,625.5,0.0659,0.41,170.6,80.6,8.1
2025-04-06T07:31:00+00:00,2507.9,83.97,336.8,13.55,396.7,27.9,623.7,0.0563,0.36,170.6,80.6,6.5
2025-04-06T07:32:00+00:00,2540.3,83.83,358.2,13.78,382.1,26.4,581.3,0.0565,0.36,170.6,80.6,6.9
2025-04-06T07:33:00+00:00,1888.5,84.17,356.0,13.63,358.6,28.2,598.7,0.0541,0.45,170.6,80.6,6.7
2025-04-06T07:34:00+00:00,2006.8,81.78,367.0,13.66,394.5,26.7,586.3,0.0582,0.40,170.6,80.6,7.7
2025-04-06T07:35:00+00:00,2405.1,83.24,355.0,13.47,381.8,29.6,673.5,0.0585,0.43,170.6,80.6,8.3
2025-04-06T07:36:00+00:00,1867.6,79.41,351.7,13.80,370.6,26.3,597.9,0.0528,0.32,170.6,80.6,4.9
2025-04-06T07:37:00+00:00,2081.1,81.50,341.1,13.85,396.8,29.5,551.0,0.0557,0.34,170.6,80.6,8.1
2025-04-06T07:38:00+00:00,2063.0,83.28,351.3,13.83,376.6,25.8,615.9,0.0552,0.40,170.6,80.6,7.1
2025-04-06T07:39:00+00:00,1916.5,81.16,349.7,13.83,403.0,27.1,568.1,0.0537,0.39,170.6,80.6,6.0
2025-04-06T07:40:00+00:00,1991.0,84.04,333.3,13.73,391.4,27.8,611.5,0.0548,0.47,170.6,80.6,7.5
2025-04-06T07:41:00+00:00,2009.6,80.86,351.3,13.83,377.2,24.9,642.4,0.0563,0.31,170.6,80.6,5.9
2025-04-06T07:42:00+00:00,2018.8,83.01,334.6,13.82,383.9,26.7,565.9,0.0639,0.34,170.6,80.6,6.6
2025-04-06T07:43:00+00:00,2039.3,82.72,363.7,13.79,376.7,27.2,650.0,0.0543,0.38,170.6,80.6,7.2
2025-04-06T07:44:00+00:00,2104.5,84.67,356.6,13.63,378.5,26.1,581.1,0.0573,0.44,170.6,80.6,6.6
2025-04-06T07:45:00+00:00,2025.7,83.14,357.6,13.79,385.8,26.8,545.4,0.0575,0.32,170.6,80.6,8.7
2025-04-06T07:46:00+00:00,2022.5,82.14,362.8,13.61,398.8,24.8,626.3,0.0603,0.34,170.6,80.6,5.7
2025-04-06T07:47:00+00:00,2183.9,84.70,359.9,13.70,396.7,26.0,634.9,0.0574,0.35,170.6,80.6,7.3
2025-04-06T07:48:00+00:00,2107.5,77.91,349.9,13.85,388.0,28.1,598.0,0.0596,0.38,170.6,80.6,5.3
2025-04-06T07:49:00+00:00,2159.0,84.14,326.2,14.13,395.8,24.5,595.7,0.0546,0.35,170.6,80.6,8.4
2025-04-06T07:50:00+00:00,2123.4,81.07,353.9,13.92,399.6,24.5,562.9,0.0569,0.41,170.6,80.6,6.7
2025-04-06T07:51:00+00:00,1899.6,81.91,342.4,13.73,363.8,24.6,597.2,0.0554,0.41,170.6,80.6,7.4
2025-04-06T07:52:00+00:00,1948.7,82.61,343.9,13.75,380.2,29.4,553.7,0.0550,0.37,170.6,80.6,6.7
2025-04-06T07:53:00+00:00,1893.8,83.27,353.2,14.15,382.1,26.0,583.5,0.0534,0.38,170.6,80.6,8.0
2025-04-06T07:54:00+00:00,1918.4,81.93,350.0,13.66,369.6,27.7,534.4,0.0534,0.34,170.6,80.6,7.5
2025-04-06T07:55:00+00:00,1976.2,82.33,354.8,13.69,378.0,27.2,588.8,0.0622,0.46,170.6,80.6,7.7
2025-04-06T07:56:00+00:00,2099.6,80.31,354.8,13.69,405.2,28.4,633.8,0.0542,0.34,170.6,80.6,6.0
2025-04-06T07:57:00+00:00,1986.5,81.58,342.7,13.93,370.8,25.9,595.1,0.0544,0.41,170.6,80.6,8.7
2025-04-06T07:58:00+00:00,1965.3,81.95,358.4,13.84,364.7,25.4,538.5,0.0569,0.45,170.6,80.6,5.7
2025-04-06T07:59:00+00:00,2064.8,78.48,349.0,13.68,353.6,26.6,588.6,0.0586,0.43,170.6,80.6,8.9
2025-04-06T08:00:00+00:00,2058.2,82.33,352.5,13.86,360.7,24.1,603.2,0.0548,0.43,170.6,80.6,5.5
2025-04-06T08:01:00+00:00,2033.0,80.32,352.3,13.52,371.3,28.7,616.0,0.0548,0.34,170.6,80.6,6.0
2025-04-06T08:02:00+00:00,1942.7,80.07,350.1,14.07,362.6,24.3,603.4,0.0620,0.47,170.6,80.6,7.2
2025-04-06T08:03:00+00:00,1919.3,83.12,348.6,14.00,380.0,28.1,533.5,0.0563,0.42,170.6,80.6,7.7
2025-04-06T08:04:00+00:00,1992.0,82.73,356.8,14.00,381.6,27.1,578.6,0.0619,0.38,170.6,80.6,6.7
2025-04-06T08:05:00+00:00,2045.7,81.21,336.5,13.74,364.5,28.7,628.3,0.0537,0.32,170.6,80.6,7.0
2025-04-06T08:06:00+00:00,2195.8,84.46,339.1,13.57,390.0,26.6,555.5,0.0552,0.39,170.6,80.6,6.5
2025-04-06T08:07:00+00:00,2054.8,82.73,341.5,13.85,360.2,28.7,540.2,0.0550,0.45,170.6,80.6,5.6
2025-04-06T08:08:00+00:00,2126.9,83.79,345.9,14.03,370.2,27.4,629.2,0.0603,0.41,170.6,80.6,7.4
2025-04-06T08:09:00+00:00,1953.9,80.75,355.1,13.53,389.5,26.9,631.1,0.0587,0.44,170.6,80.6,7.3
2025-04-06T08:10:00+00:00,2277.7,81.24,336.1,13.79,410.4,28.1,577.0,0.0557,0.41,170.6,80.6,6.0
2025-04-06T08:11:00+00:00,2393.0,84.20,349.7,13.80,376.0,25.7,667.3,0.0563,0.34,170.6,80.6,5.5
2025-04-06T08:12:00+00:00,1951.6,81.88,352.1,13.92,358.7,27.4,608.7,0.0536,0.35,170.6,80.6,6.4
2025-04-06T08:13:00+00:00,2159.3,80.08,354.7,13.67,397.2,24.5,638.6,0.0558,0.48,170.6,80.6,7.0
2025-04-06T08:14:00+00:00,2007.4,83.77,345.6,13.80,356.8,27.2,638.4,0.0554,0.52,170.6,80.6,8.0
2025-04-06T08:15:00+00:00,2118.2,82.91,358.2,13.66,378.2,25.4,620.2,0.0552,0.43,170.6,80.6,6.8
2025-04-06T08:16:00+00:00,1909.1,81.95,346.1,13.73,386.5,26.6,656.1,0.0531,0.29,170.6,80.6,7.5
2025-04-06T08:17:00+00:00,2020.9,80.96,355.7,13.54,386.3,28.4,587.0,0.0598,0.47,170.6,80.6,7.2
2025-04-06T08:18:00+00:00,2094.5,82.86,355.8,13.91,378.2,27.9,597.7,0.0546,0.40,170.6,80.6,7.3
2025-04-06T08:19:00+00:00,2005.4,84.12,345.6,13.86,371.8,27.0,564.5,0.0544,0.40,170.6,80.6,6.6
2025-04-06T08:20:00+00:00,2054.2,82.03,349.1,13.91,382.8,25.5,598.2,0.0538,0.32,170.6,80.6,8.7
2025-04-06T08:21:00+00:00,1977.7,82.41,339.4,13.88,383.2,27.5,651.2,0.0558,0.41,170.6,80.6,6.4
2025-04-06T08:22:00+00:00,1993.5,84.13,344.3,14.05,376.9,25.2,583.5,0.0565,0.45,170.6,80.6,5.1
2025-04-06T08:23:00+00:00,1971.0,83.66,347.8,13.70,368.0,26.5,562.2,0.0630,0.46,170.6,80.6,9.0
2025-04-06T08:24:00+00:00,1867.7,81.41,349.1,13.98,366.2,27.8,568.4,0.0536,0.39,170.6,80.6,8.5
2025-04-06T08:25:00+00:00,2058.7,85.10,357.4,14.01,404.8,30.5,602.4,0.0548,0.42,170.6,80.6,4.8
2025-04-06T08:26:00+00:00,2075.6,81.23,352.2,13.77,369.2,24.2,611.6,0.0572,0.40,170.6,80.6,5.0
2025-04-06T08:27:00+00:00,2109.8,82.12,334.7,13.71,383.4,27.5,633.5,0.0557,0.49,170.6,80.6,7.7
2025-04-06T08:28:00+00:00,2022.9,79.41,347.0,13.96,405.7,22.8,563.2,0.0539,0.36,170.6,80.6,7.7
2025-04-06T08:29:00+00:00,1814.1,83.54,360.6,13.78,369.6,25.8,592.0,0.0530,0.38,170.6,80.6,9.2
2025-04-06T08:30:00+00:00,2006.4,80.31,356.8,13.89,369.3,30.2,596.7,0.0551,0.48,170.6,80.6,6.4
2025-04-06T08:31:00+00:00,2195.3,82.45,347.9,13.76,363.1,26.8,686.7,0.0596,0.45,170.6,80.6,7.3
2025-04-06T08:32:00+00:00,2031.8,82.21,353.2,13.66,376.8,28.1,562.8,0.0552,0.48,170.6,80.6,6.3
2025-04-06T08:33:00+00:00,2014.1,83.55,360.3,14.00,379.8,29.7,662.4,0.0559,0.44,170.6,80.6,4.9
2025-04-06T08:34:00+00:00,1956.7,83.53,357.5,14.01,377.2,24.3,647.9,0.0534,0.35,170.6,80.6,5.6
2025-04-06T08:35:00+00:00,945.0,80.28,355.1,13.80,346.9,24.0,562.5,0.0483,0.38,170.6,80.6,6.3
2025-04-06T08:36:00+00:00,992.5,78.63,349.7,13.96,344.5,28.7,557.4,0.0528,0.45,170.6,80.6,6.9
2025-04-06T08:37:00+00:00,1059.3,77.97,361.2,13.77,352.7,28.5,518.0,0.0487,0.36,170.6,80.6,7.9
2025-04-06T08:38:00+00:00,1066.7,81.77,343.1,13.83,370.3,28.3,605.6,0.0496,0.42,170.6,80.6,6.1
2025-04-06T08:39:00+00:00,1104.8,76.91,365.5,14.11,368.7,26.4,585.0,0.0500,0.39,170.6,80.6,6.6
2025-04-06T08:40:00+00:00,1107.8,76.68,357.9,13.91,345.5,27.4,571.3,0.0488,0.33,170.6,80.6,8.0
2025-04-06T08:41:00+00:00,958.3,79.03,342.5,13.85,351.2,28.2,549.8,0.0512,0.49,170.6,80.6,6.3
2025-04-06T08:42:00+00:00,948.4,79.67,360.3,13.90,343.5,27.0,614.9,0.0504,0.43,170.6,80.6,7.8
2025-04-06T08:43:00+00:00,1019.5,77.92,351.6,13.87,365.9,26.3,592.6,0.0499,0.49,170.6,80.6,6.6
2025-04-06T08:44:00+00:00,1087.5,82.71,362.6,13.62,318.1,27.7,563.2,0.0514,0.44,170.6,80.6,7.7
2025-04-06T08:45:00+00:00,971.9,79.15,363.9,13.68,356.5,28.7,542.5,0.0477,0.30,170.6,80.6,6.4
2025-04-06T08:46:00+00:00,923.4,80.53,371.1,13.87,319.9,26.7,537.8,0.0494,0.49,170.6,80.6,6.8
2025-04-06T08:47:00+00:00,962.9,79.49,353.7,13.84,346.5,25.3,575.5,0.0544,0.43,170.6,80.6,5.0
2025-04-06T14:00:00+00:00,904.9,79.53,357.5,13.73,349.3,27.7,491.4,0.0493,0.49,170.6,80.6,9.0
2025-04-06T14:01:00+00:00,768.3,77.73,345.4,13.84,357.1,27.4,517.4,0.0498,0.43,170.6,80.6,7.8
2025-04-06T14:02:00+00:00,968.7,77.78,353.9,13.81,369.2,28.2,581.1,0.0490,0.43,170.6,80.6,7.7
2025-04-06T14:03:00+00:00,909.2,78.12,362.9,13.65,347.4,28.9,521.9,0.0491,0.47,170.6,80.6,6.1
2025-04-06T14:04:00+00:00,918.0,77.80,362.4,13.96,352.3,25.4,536.4,0.0535,0.37,170.6,80.6,6.7
2025-04-06T14:05:00+00:00,884.0,80.90,347.5,13.43,344.4,25.9,587.9,0.0493,0.41,170.6,80.6,7.0
2025-04-06T14:06:00+00:00,957.5,81.20,356.7,13.60,318.7,23.0,512.9,0.0493,0.45,170.6,80.6,7.8
2025-04-06T14:07:00+00:00,982.3,80.58,341.2,13.74,363.7,28.1,524.7,0.0489,0.41,170.6,80.6,4.8
2025-04-06T14:08:00+00:00,1057.7,80.12,364.6,13.80,353.1,26.3,570.4,0.0491,0.38,170.6,80.6,6.9
2025-04-06T14:09:00+00:00,911.7,79.11,358.8,13.65,330.7,27.7,570.3,0.0592,0.41,170.6,80.6,6.4
2025-04-06T14:10:00+00:00,1153.4,79.79,350.9,14.05,359.1,28.1,523.8,0.0517,0.40,170.6,80.6,6.4
2025-04-06T14:11:00+00:00,1011.5,76.77,355.5,14.02,347.8,27.3,571.7,0.0498,0.49,170.6,80.6,7.0
2025-04-06T14:12:00+00:00,1034.7,78.02,362.0,13.98,346.8,26.5,608.8,0.0512,0.42,170.6,80.6,5.7
2025-04-06T14:13:00+00:00,872.0,76.69,355.0,13.84,348.0,27.2,549.9,0.0492,0.51,170.6,80.6,5.5
2025-04-06T14:14:00+00:00,1134.0,79.52,356.4,13.72,369.5,27.3,563.4,0.0500,0.43,170.6,80.6,7.0
2025-04-06T14:15:00+00:00,2145.6,83.40,343.8,13.78,383.7,27.2,580.9,0.0552,0.41,170.6,80.6,5.7
2025-04-06T14:16:00+00:00,2169.6,84.26,358.1,13.91,384.6,25.3,604.3,0.0599,0.45,170.6,80.6,7.6
2025-04-06T14:17:00+00:00,1951.6,82.44,356.3,13.82,382.0,26.2,545.2,0.0555,0.38,170.6,80.6,8.1
2025-04-06T14:18:00+00:00,1965.5,80.47,349.5,13.97,389.4,23.9,610.6,0.0616,0.42,170.6,80.6,8.0
2025-04-06T14:19:00+00:00,2139.2,81.61,342.5,13.63,395.1,25.7,613.7,0.0544,0.36,170.6,80.6,5.9
2025-04-06T14:20:00+00:00,1869.1,79.52,346.3,13.81,384.9,28.6,650.8,0.0534,0.39,170.6,80.6,6.0
2025-04-06T14:21:00+00:00,2115.3,82.26,350.8,13.75,383.7,28.9,612.4,0.0557,0.48,170.6,80.6,5.4
2025-04-06T14:22:00+00:00,2000.8,80.81,353.1,13.88,397.1,28.8,566.0,0.0619,0.35,170.6,80.6,7.1
2025-04-06T14:23:00+00:00,1998.3,82.67,360.2,13.83,362.5,27.1,575.3,0.0543,0.40,170.6,80.6,7.3
2025-04-06T14:24:00+00:00,2072.8,81.26,352.9,13.79,369.0,29.0,584.9,0.0542,0.38,170.6,80.6,7.8
2025-04-06T14:25:00+00:00,2176.4,82.04,344.8,13.89,402.4,26.7,557.3,0.0584,0.41,170.6,80.6,8.4
2025-04-06T14:26:00+00:00,1961.0,83.13,353.6,13.70,344.2,28.2,583.2,0.0549,0.35,170.6,80.6,7.1
2025-04-06T14:27:00+00:00,2107.9,81.70,352.9,13.86,372.8,28.4,617.3,0.0552,0.43,170.6,80.6,6.8
2025-04-06T14:28:00+00:00,1985.8,81.13,351.9,13.56,401.9,27.3,602.0,0.0641,0.46,170.6,80.6,6.0
2025-04-06T14:29:00+00:00,2013.5,82.95,355.6,13.68,399.3,25.7,587.9,0.0614,0.43,170.6,80.6,5.4
2025-04-06T14:30:00+00:00,2060.5,81.59,340.2,13.80,391.0,26.9,625.1,0.0558,0.39,170.6,80.6,6.4
2025-04-06T14:31:00+00:00,2015.3,80.15,354.3,14.15,389.6,27.7,615.2,0.0545,0.42,170.6,80.6,5.6
2025-04-06T14:32:00+00:00,1952.8,82.24,353.5,13.55,364.7,28.3,592.3,0.0590,0.42,170.6,80.6,7.6
2025-04-06T14:33:00+00:00,1852.8,82.33,347.4,13.65,380.5,26.6,625.1,0.0538,0.43,170.6,80.6,6.7
2025-04-06T14:34:00+00:00,2133.4,83.58,360.0,13.86,380.4,26.4,615.9,0.0595,0.42,170.6,80.6,5.3
2025-04-06T14:35:00+00:00,1980.2,81.55,351.7,13.91,387.9,26.8,581.7,0.0543,0.42,170.6,80.6,6.3
2025-04-06T14:36:00+00:00,1941.5,80.80,361.8,13.57,380.8,26.4,584.9,0.0546,0.40,170.6,80.6,7.5
2025-04-06T14:37:00+00:00,1814.9,81.03,350.7,13.85,377.3,24.9,563.6,0.0533,0.41,170.6,80.6,4.7
2025-04-06T14:38:00+00:00,1913.0,81.85,339.9,13.85,378.7,27.3,540.8,0.0554,0.41,170.6,80.6,6.3
2025-04-06T14:39:00+00:00,1836.4,82.00,343.5,14.06,367.2,26.7,595.9,0.0533,0.40,170.6,80.6,7.2
2025-04-06T14:40:00+00:00,2009.4,84.65,341.1,13.88,367.9,26.5,597.3,0.0595,0.43,170.6,80.6,6.3
2025-04-06T14:41:00+00:00,2124.8,84.12,353.9,13.90,407.2,27.9,581.9,0.0562,0.37,170.6,80.6,7.2
2025-04-06T14:42:00+00:00,2074.3,83.38,343.7,13.98,389.2,28.9,573.8,0.0565,0.43,170.6,80.6,6.9
2025-04-06T14:43:00+00:00,2132.2,81.41,344.7,13.61,383.9,25.5,677.2,0.0599,0.47,170.6,80.6,6.2
2025-04-06T14:44:00+00:00,2125.7,81.61,340.3,14.33,388.6,29.7,563.1,0.0543,0.35,170.6,80.6,6.4
2025-04-06T14:45:00+00:00,2029.8,80.85,353.9,13.93,363.0,29.0,603.7,0.0553,0.40,170.6,80.6,7.1
2025-04-06T14:46:00+00:00,1964.0,82.53,354.2,13.81,397.2,27.1,613.2,0.0575,0.39,170.6,80.6,6.6
2025-04-06T14:47:00+00:00,1976.8,80.05,362.5,13.70,388.0,29.7,624.4,0.0584,0.37,170.6,80.6,5.8
2025-04-06T14:48:00+00:00,2192.8,82.58,349.8,13.88,379.3,25.5,559.3,0.0629,0.34,170.6,80.6,7.2
2025-04-06T14:49:00+00:00,1920.3,81.52,347.3,14.11,385.0,26.9,565.3,0.0544,0.38,170.6,80.6,4.8
2025-04-06T14:50:00+00:00,2007.6,84.16,340.4,13.84,381.6,26.0,586.1,0.0552,0.45,170.6,80.6,7.3
2025-04-06T14:51:00+00:00,2034.8,82.02,342.3,13.71,392.5,27.8,624.1,0.0563,0.48,170.6,80.6,6.5
2025-04-06T14:52:00+00:00,2126.8,81.62,356.7,13.90,369.2,27.7,629.3,0.0629,0.34,170.6,80.6,7.5
2025-04-06T14:53:00+00:00,2177.1,81.32,349.7,14.17,367.9,27.3,614.0,0.0557,0.30,170.6,80.6,6.4
2025-04-06T14:54:00+00:00,2073.1,82.57,348.2,13.73,408.3,29.5,651.4,0.0548,0.43,170.6,80.6,5.8
2025-04-06T14:55:00+00:00,1925.7,84.18,351.1,13.67,364.1,26.5,661.6,0.0578,0.36,170.6,80.6,6.4
2025-04-06T14:56:00+00:00,1917.0,83.06,355.2,13.76,371.1,27.0,631.9,0.0539,0.40,170.6,80.6,8.1
2025-04-06T14:57:00+00:00,1943.7,81.50,347.8,13.97,348.2,24.1,558.5,0.0538,0.39,170.6,80.6,9.4
2025-04-06T14:58:00+00:00,1992.6,81.91,344.6,13.66,357.4,28.1,628.6,0.0557,0.41,170.6,80.6,5.3
2025-04-06T14:59:00+00:00,2000.0,82.25,345.9,13.80,378.0,26.6,613.0,0.0536,0.34,170.6,80.6,6.1
2025-04-06T15:00:00+00:00,1902.3,84.60,347.2,13.83,390.0,28.0,640.3,0.0535,0.37,170.6,80.6,6.8
2025-04-06T15:01:00+00:00,1961.5,83.04,359.0,14.17,365.1,27.9,570.0,0.0572,0.34,170.6,80.6,7.8
2025-04-06T15:02:00+00:00,1961.4,79.55,353.7,13.80,378.3,27.4,641.4,0.0550,0.50,170.6,80.6,8.0
2025-04-06T15:03:00+00:00,2027.4,82.57,357.7,13.79,368.5,27.0,655.9,0.0548,0.45,170.6,80.6,6.4
2025-04-06T15:04:00+00:00,1796.1,79.87,351.4,13.90,390.3,26.5,602.6,0.0530,0.37,170.6,80.6,6.5
2025-04-06T15:05:00+00:00,1894.9,79.58,345.7,13.92,379.3,26.0,621.7,0.0606,0.37,170.6,80.6,5.7
2025-04-06T15:06:00+00:00,1998.6,80.27,352.9,13.74,369.8,28.7,633.4,0.0605,0.40,170.6,80.6,7.5
2025-04-06T15:07:00+00:00,1830.2,83.11,347.9,13.80,364.1,27.5,646.1,0.0559,0.39,170.6,80.6,6.7
2025-04-06T15:08:00+00:00,2258.1,80.54,357.0,13.84,390.2,27.9,644.6,0.0611,0.46,170.6,80.6,5.2
2025-04-06T15:09:00+00:00,2067.6,82.51,353.3,13.89,383.6,26.2,604.8,0.0539,0.32,170.6,80.6,7.6
2025-04-06T15:10:00+00:00,2221.6,80.99,353.3,13.84,364.0,29.7,610.3,0.0561,0.48,170.6,80.6,7.9
2025-04-06T15:11:00+00:00,2175.7,81.35,344.6,13.99,371.0,25.7,634.9,0.0549,0.38,170.6,80.6,8.3
2025-04-06T15:12:00+00:00,1905.4,81.40,332.0,13.77,386.3,25.1,621.8,0.0553,0.44,170.6,80.6,6.3
2025-04-06T15:13:00+00:00,2035.2,86.45,361.3,13.86,395.0,26.6,548.7,0.0541,0.37,170.6,80.6,6.9
2025-04-06T15:14:00+00:00,2024.5,79.90,353.6,13.75,389.2,27.8,569.2,0.0712,0.33,170.6,80.6,5.9
2025-04-06T15:15:00+00:00,2046.4,79.37,356.5,13.83,358.6,28.7,570.9,0.0546,0.41,170.6,80.6,8.5
2025-04-06T15:16:00+00:00,2132.9,82.05,353.8,13.57,370.4,26.7,644.0,0.0653,0.36,170.6,80.6,6.1
2025-04-06T15:17:00+00:00,2442.0,83.12,348.7,13.78,408.7,25.7,653.0,0.0679,0.45,170.6,80.6,7.0
2025-04-06T15:18:00+00:00,2141.6,82.77,354.7,13.87,393.9,30.0,603.1,0.0589,0.41,170.6,80.6,9.1
2025-04-06T15:19:00+00:00,1979.0,83.64,370.9,13.86,372.0,26.2,564.2,0.0532,0.33,170.6,80.6,6.0
2025-04-06T15:20:00+00:00,2002.7,82.84,340.1,13.52,385.9,26.0,571.1,0.0554,0.51,170.6,80.6,5.3
2025-04-06T15:21:00+00:00,1939.6,82.57,347.1,13.60,363.9,30.3,562.9,0.0541,0.43,170.6,80.6,5.8
2025-04-06T15:22:00+00:00,2051.9,82.34,354.6,13.69,389.3,26.8,600.7,0.0549,0.44,170.6,80.6,7.2
2025-04-06T15:23:00+00:00,2421.1,83.68,359.5,13.67,395.2,26.8,623.6,0.0570,0.43,170.6,80.6,6.3
2025-04-06T15:24:00+00:00,1845.3,82.77,344.3,13.68,392.5,27.0,558.2,0.0525,0.30,170.6,80.6,5.5
2025-04-06T15:25:00+00:00,2075.9,80.16,342.5,13.86,381.5,29.4,571.6,0.0556,0.38,170.6,80.6,7.1
2025-04-06T15:26:00+00:00,2530.8,84.79,351.1,13.83,403.2,25.0,669.3,0.0571,0.42,170.6,80.6,8.5
2025-04-06T15:27:00+00:00,2344.1,79.07,350.3,13.88,396.5,24.5,636.9,0.0563,0.40,170.6,80.6,8.5
2025-04-06T15:28:00+00:00,1843.2,80.33,347.0,13.57,369.8,27.2,611.3,0.0541,0.41,170.6,80.6,6.2
2025-04-06T15:29:00+00:00,2150.0,82.58,352.2,13.80,388.4,26.6,565.1,0.0555,0.44,170.6,80.6,5.4
2025-04-06T15:30:00+00:00,2242.8,80.92,329.4,13.69,402.6,27.8,614.7,0.0550,0.35,170.6,80.6,8.1
2025-04-06T15:31:00+00:00,1761.9,83.25,347.2,13.74,356.4,27.7,551.9,0.0580,0.44,170.6,80.6,5.9
2025-04-06T15:32:00+00:00,2114.8,80.61,353.6,13.75,385.2,28.7,593.4,0.0566,0.43,170.6,80.6,5.3
2025-04-06T15:33:00+00:00,1998.8,82.49,357.4,13.68,384.9,27.6,589.3,0.0551,0.49,170.6,80.6,6.6
2025-04-06T15:34:00+00:00,2164.8,81.22,338.6,13.75,391.0,26.0,604.0,0.0652,0.32,170.6,80.6,5.7
2025-04-06T15:35:00+00:00,2075.9,83.30,328.7,13.92,378.3,26.3,621.8,0.0550,0.44,170.6,80.6,5.3
2025-04-06T15:36:00+00:00,2160.2,85.84,347.2,13.68,374.8,29.9,599.9,0.0641,0.50,170.6,80.6,5.2
2025-04-06T15:37:00+00:00,2393.1,83.86,344.7,13.65,397.4,28.1,622.4,0.0617,0.45,170.6,80.6,5.7
2025-04-06T15:38:00+00:00,2358.3,82.48,345.0,13.91,374.8,28.0,647.3,0.0600,0.36,170.6,80.6,7.4
2025-04-06T15:39:00+00:00,2073.2,79.51,352.5,13.80,408.8,26.3,550.3,0.0560,0.34,170.6,80.6,6.6
2025-04-06T15:40:00+00:00,2005.7,84.55,348.5,13.85,380.1,28.7,570.0,0.0562,0.37,170.6,80.6,6.7
2025-04-06T15:41:00+00:00,2383.1,82.88,338.7,13.66,388.2,26.3,623.8,0.0584,0.46,170.6,80.6,6.9
2025-04-06T15:42:00+00:00,2459.2,81.79,349.2,14.02,380.9,24.3,624.8,0.0583,0.42,170.6,80.6,6.6
2025-04-06T15:43:00+00:00,2087.6,81.11,362.2,13.77,396.8,26.4,578.9,0.0546,0.40,170.6,80.6,7.9
2025-04-06T15:44:00+00:00,1891.7,80.11,357.6,13.95,393.8,25.0,624.2,0.0610,0.48,170.6,80.6,8.1
2025-04-06T15:45:00+00:00,2297.0,81.01,345.7,13.87,374.8,28.4,653.0,0.0566,0.48,170.6,80.6,6.0
2025-04-06T15:46:00+00:00,2544.3,84.21,359.5,13.64,371.5,26.2,653.0,0.0571,0.39,170.6,80.6,6.0
2025-04-06T15:47:00+00:00,1861.2,81.32,358.2,13.78,380.3,24.9,542.2,0.0573,0.49,170.6,80.6,6.9
2025-04-06T15:48:00+00:00,2231.3,84.43,350.8,13.91,378.1,25.6,641.7,0.0637,0.47,170.6,80.6,7.5
2025-04-06T15:49:00+00:00,2060.1,82.24,346.5,13.93,396.6,25.7,601.9,0.0560,0.54,170.6,80.6,6.6
2025-04-06T15:50:00+00:00,2113.5,84.81,344.6,13.91,380.2,26.6,573.3,0.0542,0.34,170.6,80.6,6.1
2025-04-06T15:51:00+00:00,2226.4,83.29,345.4,13.49,387.2,25.6,580.4,0.0586,0.44,170.6,80.6,7.7
2025-04-06T15:52:00+00:00,1750.7,80.16,353.5,13.67,363.3,26.2,623.1,0.0533,0.35,170.6,80.6,8.2
2025-04-06T15:53:00+00:00,1989.3,82.67,363.9,13.85,383.2,24.7,596.5,0.0542,0.35,170.6,80.6,6.7
2025-04-06T15:54:00+00:00,2122.6,83.53,351.8,13.64,390.0,25.6,635.3,0.0548,0.39,170.6,80.6,6.8
2025-04-06T15:55:00+00:00,2227.6,82.12,332.6,13.76,384.6,25.9,577.2,0.0597,0.41,170.6,80.6,7.9
2025-04-06T15:56:00+00:00,1911.2,79.12,342.8,13.99,348.9,27.6,647.8,0.0547,0.51,170.6,80.6,5.5
2025-04-06T15:57:00+00:00,2124.4,80.80,352.7,13.65,374.6,27.5,546.1,0.0552,0.42,170.6,80.6,5.9
2025-04-06T15:58:00+00:00,2077.2,82.48,352.9,13.83,384.5,28.1,651.7,0.0545,0.40,170.6,80.6,8.4
2025-04-06T15:59:00+00:00,2038.0,79.12,352.1,13.87,384.4,28.3,578.3,0.0619,0.42,170.6,80.6,6.9
2025-04-06T16:00:00+00:00,2163.3,83.54,352.4,13.89,382.4,27.7,570.0,0.0550,0.39,170.6,80.6,6.7
2025-04-06T16:01:00+00:00,1932.4,83.52,361.4,14.04,395.5,26.1,583.1,0.0537,0.37,170.6,80.6,4.6
2025-04-06T16:02:00+00:00,2121.0,81.19,356.1,14.02,385.6,28.0,665.9,0.0559,0.47,170.6,80.6,6.4
2025-04-06T16:03:00+00:00,1872.6,82.23,364.8,13.49,389.6,27.9,619.2,0.0534,0.38,170.6,80.6,4.7
2025-04-06T16:04:00+00:00,2122.7,83.93,348.5,13.76,376.1,26.7,630.3,0.0542,0.32,170.6,80.6,6.9
2025-04-06T16:05:00+00:00,1924.2,81.95,344.9,13.58,376.3,26.3,624.7,0.0530,0.32,170.6,80.6,5.3
2025-04-06T16:06:00+00:00,1881.6,85.75,330.2,13.76,382.6,27.8,509.7,0.0535,0.38,170.6,80.6,7.2
2025-04-06T16:07:00+00:00,1931.2,78.86,359.4,13.65,396.3,25.9,658.3,0.0548,0.49,170.6,80.6,6.1
2025-04-06T16:08:00+00:00,2136.2,83.91,357.8,13.90,383.3,26.7,670.6,0.0539,0.29,170.6,80.6,8.6
2025-04-06T16:09:00+00:00,2033.7,80.76,351.0,13.83,404.0,27.3,608.2,0.0541,0.38,170.6,80.6,6.1
2025-04-06T16:10:00+00:00,2161.2,86.10,354.1,13.96,393.2,25.2,593.2,0.0544,0.33,170.6,80.6,6.3
2025-04-06T16:11:00+00:00,2152.4,80.69,344.5,13.81,373.3,26.1,579.8,0.0549,0.38,170.6,80.6,6.1
2025-04-06T16:12:00+00:00,1952.5,82.77,357.3,13.90,387.2,25.7,538.1,0.0569,0.45,170.6,80.6,7.0
2025-04-06T16:13:00+00:00,1943.0,83.01,355.6,13.75,399.3,29.6,622.7,0.0542,0.42,170.6,80.6,6.0
2025-04-06T16:14:00+00:00,2016.9,81.57,355.5,13.77,387.9,26.8,643.1,0.0566,0.39,170.6,80.6,7.5
2025-04-06T16:15:00+00:00,1975.1,82.63,346.9,13.65,392.2,24.5,556.3,0.0560,0.47,170.6,80.6,6.2
2025-04-06T16:16:00+00:00,2081.2,79.53,344.1,13.70,369.2,26.8,562.5,0.0554,0.46,170.6,80.6,7.3
2025-04-06T16:17:00+00:00,2111.2,80.33,363.8,13.75,409.1,25.6,594.8,0.0554,0.44,170.6,80.6,8.1
2025-04-06T16:18:00+00:00,2060.5,80.89,359.9,13.72,381.5,26.1,598.0,0.0550,0.45,170.6,80.6,6.3
2025-04-06T16:19:00+00:00,2126.1,82.62,346.6,13.82,378.8,25.1,601.3,0.0555,0.47,170.6,80.6,7.6
2025-04-06T16:20:00+00:00,2083.6,82.43,351.0,13.99,385.5,26.6,560.0,0.0548,0.42,170.6,80.6,6.4
2025-04-06T16:21:00+00:00,2018.2,82.64,336.9,14.09,400.8,25.1,598.0,0.0544,0.41,170.6,80.6,7.1
2025-04-06T16:22:00+00:00,2027.3,82.25,352.0,13.72,369.8,28.6,683.7,0.0539,0.34,170.6,80.6,8.4
2025-04-06T16:23:00+00:00,1934.6,83.21,371.2,13.66,371.9,27.0,593.6,0.0643,0.41,170.6,80.6,7.7
2025-04-06T16:24:00+00:00,1927.8,82.15,348.7,13.86,365.8,26.4,613.5,0.0538,0.39,170.6,80.6,7.2
2025-04-06T16:25:00+00:00,2073.1,80.33,337.5,13.66,370.9,25.9,616.4,0.0549,0.43,170.6,80.6,7.2
2025-04-06T16:26:00+00:00,2053.8,81.35,351.9,13.79,373.2,28.0,644.0,0.0555,0.48,170.6,80.6,6.3
2025-04-06T16:27:00+00:00,2097.5,83.23,345.6,13.80,392.3,26.1,601.4,0.0569,0.50,170.6,80.6,6.4
2025-04-06T16:28:00+00:00,2086.8,80.62,350.0,13.97,392.9,27.9,609.9,0.0588,0.42,170.6,80.6,9.7
2025-04-06T16:29:00+00:00,1877.9,81.31,341.6,13.72,371.7,27.6,603.4,0.0531,0.35,170.6,80.6,7.1
2025-04-06T16:30:00+00:00,2258.7,82.26,355.9,13.91,402.8,26.5,639.4,0.0559,0.33,170.6,80.6,5.9
2025-04-06T16:31:00+00:00,2030.0,83.21,353.2,13.52,393.7,27.9,592.3,0.0566,0.30,170.6,80.6,7.1
2025-04-06T16:32:00+00:00,1863.2,80.86,359.3,13.80,370.1,26.8,634.3,0.0535,0.41,170.6,80.6,7.2
2025-04-06T16:33:00+00:00,2021.0,82.98,352.3,13.77,381.0,26.7,556.0,0.0549,0.45,170.6,80.6,7.5
2025-04-06T16:34:00+00:00,1991.2,80.45,338.1,13.81,375.4,23.8,563.9,0.0636,0.45,170.6,80.6,6.5
2025-04-06T16:35:00+00:00,2017.9,84.45,347.4,13.68,362.8,24.8,593.2,0.0543,0.40,170.6,80.6,7.5
2025-04-06T16:36:00+00:00,2061.1,83.61,350.1,13.71,377.2,26.6,599.9,0.0552,0.46,170.6,80.6,7.7
2025-04-06T16:37:00+00:00,2022.9,79.49,349.7,13.65,375.9,25.3,545.2,0.0547,0.44,170.6,80.6,8.0
2025-04-06T16:38:00+00:00,1944.8,82.69,343.0,13.97,367.5,25.5,537.2,0.0538,0.38,170.6,80.6,7.2
2025-04-06T16:39:00+00:00,1822.6,84.34,366.0,13.89,388.6,27.4,611.0,0.0580,0.33,170.6,80.6,5.8
2025-04-06T16:40:00+00:00,1995.3,81.71,346.1,13.79,397.0,28.2,632.8,0.0538,0.36,170.6,80.6,5.8
2025-04-06T16:41:00+00:00,1977.8,81.58,359.8,13.67,378.8,27.0,631.1,0.0558,0.33,170.6,80.6,7.0
2025-04-06T16:42:00+00:00,2054.5,83.25,347.3,13.84,398.5,24.3,584.3,0.0603,0.40,170.6,80.6,7.6
2025-04-06T16:43:00+00:00,1962.8,83.09,354.7,13.99,382.2,26.3,586.1,0.0550,0.41,170.6,80.6,5.1
2025-04-06T16:44:00+00:00,1002.3,78.13,358.7,13.88,372.0,27.3,586.7,0.0505,0.41,170.6,80.6,6.1
2025-04-06T16:45:00+00:00,907.3,78.27,368.0,14.07,345.5,28.3,510.2,0.0570,0.38,170.6,80.6,7.9
2025-04-06T16:46:00+00:00,1008.7,79.06,358.1,13.69,327.4,27.8,591.1,0.0494,0.44,170.6,80.6,5.8
2025-04-06T16:47:00+00:00,1001.3,79.35,356.7,13.79,325.2,26.3,565.4,0.0482,0.34,170.6,80.6,8.0
2025-04-06T16:48:00+00:00,936.5,78.47,362.4,13.90,358.7,28.7,565.3,0.0499,0.33,170.6,80.6,6.7
2025-04-06T16:49:00+00:00,1004.9,79.79,353.9,13.77,341.3,24.9,514.4,0.0498,0.35,170.6,80.6,6.1
2025-04-06T16:50:00+00:00,844.7,77.39,356.5,13.82,353.7,26.0,522.9,0.0492,0.50,170.6,80.6,5.5
2025-04-06T16:51:00+00:00,942.7,80.02,346.6,13.74,330.4,28.0,527.5,0.0528,0.35,170.6,80.6,7.1
2025-04-06T16:52:00+00:00,987.8,77.61,373.0,13.78,360.1,24.9,533.8,0.0486,0.39,170.6,80.6,9.4
2025-04-06T16:53:00+00:00,887.3,80.00,352.3,13.85,335.2,24.7,533.2,0.0489,0.45,170.6,80.6,6.8
2025-04-06T16:54:00+00:00,1050.7,77.94,358.0,13.67,354.8,27.0,596.2,0.0527,0.36,170.6,80.6,8.7
2025-04-06T16:55:00+00:00,1175.2,80.44,344.9,13.81,356.2,27.0,599.6,0.0506,0.39,170.6,80.6,5.4
2025-04-06T16:56:00+00:00,954.0,80.33,357.7,13.78,343.5,27.6,560.9,0.0496,0.50,170.6,80.6,6.5
2025-04-06T16:57:00+00:00,1078.6,77.05,357.2,13.95,337.7,25.4,559.6,0.0495,0.43,170.6,80.6,5.5
2025-04-07T06:00:00+00:00,835.9,80.52,364.6,13.78,352.1,29.3,520.9,0.0507,0.54,257.1,122.1,6.0
2025-04-07T06:01:00+00:00,987.7,79.33,345.1,13.81,346.4,27.1,577.2,0.0574,0.63,257.1,122.1,6.1
2025-04-07T06:02:00+00:00,1028.0,80.44,362.5,13.99,344.0,28.6,550.9,0.0513,0.64,257.1,122.1,6.2
2025-04-07T06:03:00+00:00,1050.5,80.94,362.9,13.59,359.1,28.3,557.4,0.0594,0.65,257.1,122.1,5.5
2025-04-07T06:04:00+00:00,986.1,78.78,367.2,13.64,367.3,28.5,541.0,0.0553,0.69,257.1,122.1,6.8
2025-04-07T06:05:00+00:00,865.4,79.55,356.9,13.66,345.6,26.3,612.0,0.0505,0.65,257.1,122.1,6.8
2025-04-07T06:06:00+00:00,1030.6,77.49,353.7,13.89,356.5,27.1,583.0,0.0513,0.64,257.1,122.1,5.2
2025-04-07T06:07:00+00:00,1112.4,80.16,352.4,13.95,369.9,27.7,541.0,0.0518,0.62,257.1,122.1,7.5
2025-04-07T06:08:00+00:00,973.4,79.96,360.1,13.66,335.6,24.6,524.3,0.0510,0.64,257.1,122.1,6.4
2025-04-07T06:09:00+00:00,970.6,80.02,357.1,13.68,353.4,28.9,515.2,0.0616,0.64,257.1,122.1,6.2
2025-04-07T06:10:00+00:00,906.5,79.89,354.8,13.98,370.7,27.4,567.8,0.0497,0.55,257.1,122.1,6.4
2025-04-07T06:11:00+00:00,882.3,77.32,366.7,14.00,354.0,29.8,580.4,0.0510,0.65,257.1,122.1,4.9
2025-04-07T06:12:00+00:00,931.2,78.07,364.1,13.84,335.3,26.8,578.3,0.0583,0.64,257.1,122.1,7.0
2025-04-07T06:13:00+00:00,2161.6,82.95,358.2,13.79,391.4,28.0,567.8,0.0632,0.67,257.1,122.1,5.5
2025-04-07T06:14:00+00:00,2163.6,82.36,356.6,13.78,374.5,25.9,628.9,0.0565,0.55,257.1,122.1,5.2
2025-04-07T06:15:00+00:00,2008.7,79.70,354.9,13.61,385.3,28.0,482.5,0.0576,0.66,257.1,122.1,5.8
2025-04-07T06:16:00+00:00,2107.6,82.59,358.0,13.76,381.0,26.4,620.0,0.0625,0.64,257.1,122.1,5.7
2025-04-07T06:17:00+00:00,1909.6,80.18,340.9,13.90,396.2,28.6,590.5,0.0562,0.64,257.1,122.1,7.0
2025-04-07T06:18:00+00:00,2025.4,82.88,352.4,14.02,391.6,26.8,602.4,0.0633,0.68,257.1,122.1,6.4
2025-04-07T06:19:00+00:00,2207.4,81.00,331.4,13.89,371.2,27.9,631.1,0.0610,0.69,257.1,122.1,7.2
2025-04-07T06:20:00+00:00,2276.0,85.29,355.4,13.82,379.5,31.0,649.4,0.0580,0.64,257.1,122.1,7.1
2025-04-07T06:21:00+00:00,1960.0,82.16,360.8,13.81,384.8,28.0,542.3,0.0606,0.60,257.1,122.1,7.2
2025-04-07T06:22:00+00:00,2036.5,80.43,338.6,13.72,407.7,25.9,554.2,0.0565,0.62,257.1,122.1,6.5
2025-04-07T06:23:00+00:00,2007.3,81.78,348.4,13.69,395.0,25.8,568.2,0.0566,0.62,257.1,122.1,7.3
2025-04-07T06:24:00+00:00,2026.9,84.14,347.8,13.74,374.7,25.1,623.6,0.0566,0.64,257.1,122.1,6.6
2025-04-07T06:25:00+00:00,1952.9,81.62,343.2,13.75,350.7,25.3,594.9,0.0604,0.57,257.1,122.1,6.4
2025-04-07T06:26:00+00:00,2062.1,82.81,359.9,13.60,389.1,28.4,606.3,0.0565,0.60,257.1,122.1,7.7
2025-04-07T06:27:00+00:00,2108.9,83.82,359.6,13.79,403.9,28.3,589.2,0.0575,0.66,257.1,122.1,5.9
2025-04-07T06:28:00+00:00,2102.0,81.54,348.2,14.05,394.7,25.0,635.7,0.0575,0.66,257.1,122.1,6.8
2025-04-07T06:29:00+00:00,2115.3,81.78,352.1,13.84,385.9,28.7,616.0,0.0568,0.59,257.1,122.1,6.0
2025-04-07T06:30:00+00:00,1973.3,80.33,355.1,13.66,366.0,27.8,585.6,0.0697,0.71,257.1,122.1,8.3
2025-04-07T06:31:00+00:00,1947.1,82.13,344.4,13.70,381.5,26.6,611.1,0.0557,0.58,257.1,122.1,4.9
2025-04-07T06:32:00+00:00,1949.2,84.47,346.5,13.94,377.9,27.4,653.0,0.0569,0.59,257.1,122.1,6.0
2025-04-07T06:33:00+00:00,1997.7,81.43,359.6,13.86,373.5,27.7,563.8,0.0562,0.60,257.1,122.1,7.1
2025-04-07T06:34:00+00:00,1993.8,82.92,342.0,13.78,374.7,27.5,658.9,0.0560,0.59,257.1,122.1,6.4
2025-04-07T06:35:00+00:00,1926.7,81.25,348.5,13.70,367.7,25.6,587.0,0.0621,0.56,257.1,122.1,5.4
2025-04-07T06:36:00+00:00,1718.1,81.73,355.5,13.67,383.8,27.1,560.7,0.0541,0.56,257.1,122.1,7.5
2025-04-07T06:37:00+00:00,1962.3,82.48,357.7,13.84,365.2,28.5,644.7,0.0557,0.57,257.1,122.1,4.9
2025-04-07T06:38:00+00:00,1937.7,83.00,353.5,13.70,373.2,26.2,632.5,0.0563,0.64,257.1,122.1,7.2
2025-04-07T06:39:00+00:00,1997.8,82.22,352.1,13.62,389.2,28.3,647.1,0.0634,0.60,257.1,122.1,7.8
2025-04-07T06:40:00+00:00,1847.6,80.30,333.5,13.49,375.4,28.9,554.5,0.0578,0.60,257.1,122.1,7.8
2025-04-07T06:41:00+00:00,2114.9,83.64,347.2,13.76,379.7,26.5,619.4,0.0674,0.67,257.1,122.1,6.5
2025-04-07T06:42:00+00:00,1865.9,83.04,360.0,14.04,356.8,24.7,582.9,0.0623,0.60,257.1,122.1,6.6
2025-04-07T06:43:00+00:00,2014.4,83.76,352.6,13.85,382.4,25.7,621.0,0.0607,0.59,257.1,122.1,7.5
2025-04-07T06:44:00+00:00,2021.4,83.34,365.9,13.96,359.9,27.6,662.9,0.0641,0.66,257.1,122.1,4.6
2025-04-07T06:45:00+00:00,2014.5,85.37,356.4,13.85,384.0,28.3,618.6,0.0561,0.56,257.1,122.1,6.2
2025-04-07T06:46:00+00:00,1950.3,83.35,352.4,13.74,382.3,23.7,625.8,0.0554,0.53,257.1,122.1,6.2
2025-04-07T06:47:00+00:00,2000.0,82.84,350.0,13.75,379.3,28.8,642.0,0.0623,0.63,257.1,122.1,4.1
2025-04-07T06:48:00+00:00,2012.5,81.94,364.2,13.78,379.0,26.9,613.9,0.0650,0.60,257.1,122.1,6.3
2025-04-07T06:49:00+00:00,1964.3,84.48,351.3,13.88,385.0,25.4,608.5,0.0562,0.64,257.1,122.1,6.6
2025-04-07T06:50:00+00:00,2030.0,83.09,368.9,13.96,401.7,28.9,598.9,0.0577,0.68,257.1,122.1,5.1
2025-04-07T06:51:00+00:00,2083.5,83.53,349.3,13.89,380.6,25.6,643.3,0.0564,0.58,257.1,122.1,6.7
2025-04-07T06:52:00+00:00,2028.1,82.63,352.6,13.88,385.0,28.1,666.3,0.0562,0.58,257.1,122.1,6.1
2025-04-07T06:53:00+00:00,2051.1,84.88,344.4,13.86,373.5,24.5,603.0,0.0578,0.54,257.1,122.1,8.1
2025-04-07T06:54:00+00:00,1872.4,79.85,353.8,13.96,357.7,26.1,580.1,0.0548,0.53,257.1,122.1,7.1
2025-04-07T06:55:00+00:00,2028.7,80.98,342.7,13.99,378.2,26.3,627.8,0.0567,0.64,257.1,122.1,4.4
2025-04-07T06:56:00+00:00,1959.6,83.45,359.9,13.86,396.5,31.0,589.1,0.0711,0.65,257.1,122.1,6.6
2025-04-07T06:57:00+00:00,2167.1,82.44,353.5,13.81,387.7,27.8,626.4,0.0599,0.67,257.1,122.1,7.2
2025-04-07T06:58:00+00:00,1789.2,84.12,353.4,13.83,374.1,25.9,651.9,0.0554,0.59,257.1,122.1,7.5
2025-04-07T06:59:00+00:00,2063.4,82.58,349.4,13.86,366.9,28.1,604.5,0.0595,0.61,257.1,122.1,6.5
2025-04-07T07:00:00+00:00,2073.4,79.57,347.4,13.84,378.3,26.6,600.3,0.0567,0.61,257.1,122.1,6.4
2025-04-07T07:01:00+00:00,1973.4,84.72,343.4,14.05,376.4,27.4,564.8,0.0601,0.60,257.1,122.1,7.7
2025-04-07T07:02:00+00:00,2153.2,82.05,343.6,13.92,378.0,26.7,641.6,0.0569,0.58,257.1,122.1,6.0
2025-04-07T07:03:00+00:00,2075.4,83.78,351.6,13.86,384.7,27.3,660.3,0.0552,0.46,257.1,122.1,6.6
2025-04-07T07:04:00+00:00,2018.7,80.82,354.1,13.65,388.3,26.4,587.8,0.0561,0.58,257.1,122.1,6.2
2025-04-07T07:05:00+00:00,2233.8,84.13,353.2,13.87,403.3,31.3,609.0,0.0579,0.63,257.1,122.1,8.4
2025-04-07T07:06:00+00:00,2010.1,81.78,337.5,13.88,391.9,27.0,562.0,0.0567,0.64,257.1,122.1,7.3
2025-04-07T07:07:00+00:00,2416.0,84.41,354.7,13.96,369.4,25.1,600.4,0.0623,0.66,257.1,122.1,7.5
2025-04-07T07:08:00+00:00,2100.6,82.56,343.4,13.58,392.7,27.2,643.9,0.0576,0.69,257.1,122.1,5.9
2025-04-07T07:09:00+00:00,1965.5,83.18,351.7,13.76,379.4,26.9,529.7,0.0711,0.62,257.1,122.1,7.9
2025-04-07T07:10:00+00:00,2517.8,82.22,324.4,13.72,414.5,26.8,615.4,0.0592,0.63,257.1,122.1,8.0
2025-04-07T07:11:00+00:00,1930.8,82.17,356.9,14.05,390.3,26.0,569.9,0.0568,0.70,257.1,122.1,6.7
2025-04-07T07:12:00+00:00,2507.2,83.17,356.3,13.93,392.8,27.4,690.2,0.0588,0.59,257.1,122.1,7.5
2025-04-07T07:13:00+00:00,2488.5,83.04,345.7,13.50,394.3,29.6,579.1,0.0625,0.72,257.1,122.1,6.7
2025-04-07T07:14:00+00:00,2424.7,82.72,350.0,13.79,408.8,26.6,649.1,0.0585,0.57,257.1,122.1,6.4
2025-04-07T07:15:00+00:00,2123.8,81.17,343.8,13.98,407.5,25.7,637.7,0.0615,0.60,257.1,122.1,6.7
2025-04-07T07:16:00+00:00,2073.5,82.41,343.4,13.65,386.0,28.9,604.4,0.0594,0.61,257.1,122.1,6.6
2025-04-07T07:17:00+00:00,2077.3,81.53,347.1,13.69,394.7,26.9,616.2,0.0662,0.60,257.1,122.1,6.5
2025-04-07T07:18:00+00:00,2083.3,84.07,345.7,13.85,363.8,26.5,525.1,0.0622,0.57,257.1,122.1,6.5
2025-04-07T07:19:00+00:00,2188.6,81.05,344.3,13.65,375.8,27.7,580.8,0.0611,0.62,257.1,122.1,6.2
2025-04-07T07:20:00+00:00,1921.1,82.40,344.7,13.47,367.0,26.9,554.1,0.0557,0.59,257.1,122.1,6.6
2025-04-07T07:21:00+00:00,1909.8,82.09,357.1,14.00,391.0,26.1,627.9,0.0561,0.65,257.1,122.1,6.3
2025-04-07T07:22:00+00:00,2088.7,83.54,350.6,13.39,387.9,26.3,613.5,0.0568,0.62,257.1,122.1,5.5
2025-04-07T07:23:00+00:00,2121.8,81.77,345.2,13.83,373.3,27.9,633.5,0.0565,0.56,257.1,122.1,4.8
2025-04-07T07:24:00+00:00,2520.4,85.81,352.3,13.97,398.2,26.9,554.7,0.0617,0.57,257.1,122.1,6.8
2025-04-07T07:25:00+00:00,2415.2,83.47,352.8,13.72,382.4,25.3,659.2,0.0587,0.61,257.1,122.1,7.8
2025-04-07T07:26:00+00:00,2509.2,83.52,354.6,13.88,390.9,27.4,634.7,0.0651,0.60,257.1,122.1,8.0
2025-04-07T07:27:00+00:00,1912.0,80.99,350.2,13.88,382.8,27.0,650.0,0.0598,0.54,257.1,122.1,6.6
2025-04-07T07:28:00+00:00,1955.7,82.20,348.0,13.43,364.5,27.3,555.5,0.0566,0.68,257.1,122.1,7.0
2025-04-07T07:29:00+00:00,1993.6,80.57,349.8,13.69,387.9,29.0,636.9,0.0569,0.67,257.1,122.1,8.6
2025-04-07T07:30:00+00:00,2421.8,84.37,346.8,13.87,390.2,28.0,597.1,0.0675,0.64,257.1,122.1,7.0
2025-04-07T07:31:00+00:00,1981.6,80.82,362.6,14.08,395.1,24.6,643.7,0.0634,0.65,257.1,122.1,7.0
2025-04-07T07:32:00+00:00,2459.0,82.91,337.5,13.77,399.9,26.3,628.1,0.0585,0.59,257.1,122.1,7.3
2025-04-07T07:33:00+00:00,2488.3,83.87,348.1,13.68,390.4,27.3,608.8,0.0583,0.55,257.1,122.1,5.3
2025-04-07T07:34:00+00:00,2487.1,82.40,355.6,13.89,393.9,27.2,660.7,0.0590,0.61,257.1,122.1,5.9
2025-04-07T07:35:00+00:00,2089.7,81.13,355.9,13.67,390.4,27.6,556.0,0.0590,0.75,257.1,122.1,8.2
2025-04-07T07:36:00+00:00,2049.6,79.80,347.9,13.66,373.9,28.5,609.5,0.0563,0.58,257.1,122.1,4.9
2025-04-07T07:37:00+00:00,2175.4,85.26,353.4,13.79,399.8,26.7,610.8,0.0579,0.67,257.1,122.1,6.9
2025-04-07T07:38:00+00:00,2119.8,82.04,349.4,13.75,391.7,26.8,602.5,0.0620,0.58,257.1,122.1,5.9
2025-04-07T07:39:00+00:00,2150.0,83.58,355.1,13.79,393.7,28.6,574.9,0.0611,0.69,257.1,122.1,6.4
2025-04-07T07:40:00+00:00,1999.6,80.15,349.3,13.78,383.6,28.3,580.4,0.0564,0.61,257.1,122.1,7.5
2025-04-07T07:41:00+00:00,1988.6,83.10,344.6,14.11,377.9,27.2,538.8,0.0567,0.63,257.1,122.1,5.8
2025-04-07T07:42:00+00:00,2124.2,84.32,346.9,13.84,383.9,27.4,594.9,0.0591,0.64,257.1,122.1,7.4
2025-04-07T07:43:00+00:00,1878.6,79.00,348.8,13.82,374.1,26.2,561.2,0.0570,0.74,257.1,122.1,5.4
2025-04-07T07:44:00+00:00,2056.4,81.89,351.4,13.90,385.2,25.7,599.3,0.0575,0.60,257.1,122.1,7.8
2025-04-07T07:45:00+00:00,2202.6,82.09,348.0,14.11,396.6,26.9,640.2,0.0564,0.51,257.1,122.1,8.9
2025-04-07T07:46:00+00:00,2004.7,79.25,340.2,13.81,362.0,25.2,550.5,0.0571,0.70,257.1,122.1,6.9
2025-04-07T07:47:00+00:00,2084.6,81.40,345.3,13.81,371.7,26.7,583.2,0.0570,0.62,257.1,122.1,7.7
2025-04-07T07:48:00+00:00,2092.1,85.24,339.1,13.67,365.5,25.0,599.7,0.0571,0.64,257.1,122.1,8.5
2025-04-07T07:49:00+00:00,1974.5,80.17,346.5,13.75,384.0,27.0,618.8,0.0562,0.62,257.1,122.1,6.6
2025-04-07T07:50:00+00:00,2067.4,82.26,358.3,13.82,376.1,29.5,585.0,0.0576,0.58,257.1,122.1,6.4
2025-04-07T07:51:00+00:00,1802.0,80.24,352.2,13.98,367.0,25.4,575.8,0.0554,0.61,257.1,122.1,6.3
2025-04-07T07:52:00+00:00,2042.1,82.58,342.0,13.69,384.3,24.5,603.5,0.0566,0.61,257.1,122.1,8.0
2025-04-07T07:53:00+00:00,1922.8,82.46,360.2,13.64,392.3,27.7,617.6,0.0589,0.66,257.1,122.1,6.3
2025-04-07T07:54:00+00:00,1864.2,81.40,344.1,13.99,380.0,27.7,583.3,0.0606,0.62,257.1,122.1,5.1
2025-04-07T07:55:00+00:00,2018.4,83.13,333.6,13.72,367.5,28.4,590.8,0.0577,0.65,257.1,122.1,7.5
2025-04-07T07:56:00+00:00,1997.6,82.67,356.3,13.98,401.1,28.8,640.0,0.0563,0.62,257.1,122.1,6.7
2025-04-07T07:57:00+00:00,1863.1,80.60,354.2,13.99,380.2,27.0,619.2,0.0619,0.62,257.1,122.1,8.1
2025-04-07T07:58:00+00:00,2027.0,83.81,342.4,13.97,361.9,28.4,565.9,0.0568,0.64,257.1,122.1,5.9
2025-04-07T07:59:00+00:00,1907.2,80.23,342.9,13.59,373.2,27.6,548.0,0.0560,0.63,257.1,122.1,5.4
2025-04-07T08:00:00+00:00,1888.9,78.82,354.2,13.81,357.1,26.7,602.5,0.0562,0.65,257.1,122.1,7.7
2025-04-07T08:01:00+00:00,2061.5,83.84,358.2,14.02,381.8,27.9,595.6,0.0582,0.62,257.1,122.1,7.2
2025-04-07T08:02:00+00:00,2177.9,81.66,335.1,13.89,402.1,26.2,677.2,0.0575,0.62,257.1,122.1,7.9
2025-04-07T08:03:00+00:00,1988.0,82.92,339.3,13.90,388.3,26.3,587.9,0.0620,0.60,257.1,122.1,6.4
2025-04-07T08:04:00+00:00,2173.8,83.41,361.3,13.81,401.7,26.4,616.9,0.0566,0.56,257.1,122.1,6.4
2025-04-07T08:05:00+00:00,2011.8,83.07,372.6,13.86,383.4,30.2,613.8,0.0567,0.64,257.1,122.1,7.7
2025-04-07T08:06:00+00:00,1994.9,82.44,362.4,13.87,383.0,26.5,598.2,0.0563,0.55,257.1,122.1,7.7
2025-04-07T08:07:00+00:00,1922.3,81.97,360.9,13.53,368.6,27.8,583.5,0.0637,0.69,257.1,122.1,6.7
2025-04-07T08:08:00+00:00,2040.9,83.11,351.9,13.86,388.3,25.8,588.1,0.0567,0.61,257.1,122.1,7.2
2025-04-07T08:09:00+00:00,1905.3,82.39,363.2,13.81,352.4,26.8,597.0,0.0571,0.74,257.1,122.1,5.8
2025-04-07T08:10:00+00:00,2019.0,80.30,351.6,13.65,402.7,27.1,598.9,0.0558,0.54,257.1,122.1,5.9
2025-04-07T08:11:00+00:00,1955.2,81.97,359.3,14.01,397.4,25.7,603.6,0.0565,0.65,257.1,122.1,5.4
2025-04-07T08:12:00+00:00,1918.6,82.51,354.9,13.74,371.1,24.5,605.3,0.0567,0.69,257.1,122.1,6.3
2025-04-07T08:13:00+00:00,1938.1,81.21,356.8,13.70,372.8,28.0,565.4,0.0595,0.68,257.1,122.1,6.9
2025-04-07T08:14:00+00:00,1981.4,82.37,349.3,13.93,371.6,27.1,681.3,0.0568,0.55,257.1,122.1,6.2
2025-04-07T08:15:00+00:00,1889.7,79.57,338.3,13.87,380.8,25.6,591.7,0.0556,0.59,257.1,122.1,6.1
2025-04-07T08:16:00+00:00,1902.3,82.39,346.6,14.05,394.1,24.5,531.8,0.0556,0.60,257.1,122.1,5.5
2025-04-07T08:17:00+00:00,1909.4,80.94,359.4,13.80,386.0,27.7,608.5,0.0566,0.71,257.1,122.1,5.2
2025-04-07T08:18:00+00:00,2066.7,82.83,347.6,13.79,382.3,26.6,594.7,0.0573,0.67,257.1,122.1,6.7
2025-04-07T08:19:00+00:00,2032.2,84.68,354.0,13.81,376.0,28.2,567.6,0.0556,0.51,257.1,122.1,6.8
2025-04-07T08:20:00+00:00,1849.0,83.31,344.5,13.85,398.9,27.6,583.4,0.0641,0.60,257.1,122.1,7.0
2025-04-07T08:21:00+00:00,2012.8,83.92,347.6,13.80,384.4,27.0,597.5,0.0594,0.72,257.1,122.1,7.3
2025-04-07T08:22:00+00:00,1943.7,82.79,350.7,13.46,372.2,25.7,551.9,0.0561,0.57,257.1,122.1,5.3
2025-04-07T08:23:00+00:00,1992.0,79.77,352.4,13.64,391.4,28.2,572.1,0.0562,0.61,257.1,122.1,6.1
2025-04-07T08:24:00+00:00,2032.1,81.49,350.6,13.75,391.4,27.0,566.5,0.0558,0.55,257.1,122.1,7.5
2025-04-07T08:25:00+00:00,1940.7,84.73,348.5,13.81,381.5,25.7,642.2,0.0561,0.61,257.1,122.1,5.5
2025-04-07T08:26:00+00:00,2098.8,80.28,353.8,13.81,406.4,27.0,622.0,0.0664,0.62,257.1,122.1,5.6
2025-04-07T08:27:00+00:00,2090.2,83.33,361.5,13.88,396.0,28.0,582.3,0.0569,0.63,257.1,122.1,4.8
2025-04-07T08:28:00+00:00,2093.5,81.97,352.1,13.78,406.9,26.4,594.9,0.0570,0.63,257.1,122.1,5.2
2025-04-07T08:29:00+00:00,1998.1,80.02,361.4,13.96,360.2,26.8,600.7,0.0565,0.63,257.1,122.1,6.0
2025-04-07T08:30:00+00:00,850.9,76.45,342.9,13.48,342.0,28.7,555.5,0.0520,0.64,257.1,122.1,7.5
2025-04-07T08:31:00+00:00,956.7,77.76,361.3,13.67,334.1,26.4,604.2,0.0514,0.59,257.1,122.1,5.3
2025-04-07T08:32:00+00:00,921.0,76.50,349.2,13.76,334.9,26.2,564.3,0.0500,0.56,257.1,122.1,9.1
2025-04-07T08:33:00+00:00,946.2,76.47,368.9,13.68,363.0,27.8,514.4,0.0562,0.76,257.1,122.1,5.8
2025-04-07T08:34:00+00:00,1048.9,81.36,368.0,13.87,366.1,26.6,560.2,0.0516,0.65,257.1,122.1,8.4
2025-04-07T08:35:00+00:00,973.4,80.05,350.4,13.70,356.8,27.3,515.7,0.0558,0.63,257.1,122.1,6.9
2025-04-07T08:36:00+00:00,1113.5,78.76,353.4,13.74,360.9,24.7,514.4,0.0517,0.63,257.1,122.1,5.6
2025-04-07T08:37:00+00:00,1003.6,78.17,355.1,13.83,336.2,26.1,532.8,0.0511,0.63,257.1,122.1,7.0
2025-04-07T08:38:00+00:00,1049.1,81.89,353.1,13.91,330.4,30.1,532.2,0.0509,0.60,257.1,122.1,6.4
2025-04-07T08:39:00+00:00,944.7,79.89,352.7,13.77,344.0,27.2,553.7,0.0539,0.68,257.1,122.1,8.2
2025-04-07T08:40:00+00:00,995.4,75.89,363.4,13.77,368.3,29.6,589.6,0.0504,0.55,257.1,122.1,5.6
2025-04-07T08:41:00+00:00,898.5,77.82,346.8,13.54,346.3,27.3,537.9,0.0510,0.67,257.1,122.1,7.3
2025-04-07T14:00:00+00:00,1029.6,81.16,351.7,14.09,361.2,25.6,554.4,0.0523,0.71,257.1,122.1,5.5
2025-04-07T14:01:00+00:00,1009.9,79.48,364.2,13.84,363.3,26.2,529.9,0.0510,0.62,257.1,122.1,7.0
2025-04-07T14:02:00+00:00,1018.1,78.00,342.4,13.78,350.3,26.5,593.0,0.0548,0.59,257.1,122.1,7.1
2025-04-07T14:03:00+00:00,1139.7,78.35,352.7,13.92,372.0,28.1,600.5,0.0520,0.64,257.1,122.1,6.5
2025-04-07T14:04:00+00:00,1062.9,79.54,368.0,13.55,339.8,26.1,604.8,0.0602,0.58,257.1,122.1,7.6
2025-04-07T14:05:00+00:00,979.4,78.43,348.3,14.09,352.5,24.6,579.7,0.0600,0.58,257.1,122.1,7.2
2025-04-07T14:06:00+00:00,1037.2,81.86,351.1,13.89,365.7,26.0,575.5,0.0604,0.62,257.1,122.1,6.9
2025-04-07T14:07:00+00:00,1029.3,79.36,353.0,13.66,350.8,28.8,510.6,0.0554,0.73,257.1,122.1,5.8
2025-04-07T14:08:00+00:00,1053.7,80.20,363.9,13.77,338.5,27.8,573.0,0.0551,0.55,257.1,122.1,7.6
2025-04-07T14:09:00+00:00,1060.1,77.79,360.7,13.71,353.5,28.7,499.5,0.0507,0.56,257.1,122.1,8.8
2025-04-07T14:10:00+00:00,946.1,77.77,369.2,13.91,322.7,25.0,548.7,0.0504,0.54,257.1,122.1,5.7
2025-04-07T14:11:00+00:00,1019.9,79.72,351.6,13.84,345.8,27.2,544.1,0.0520,0.59,257.1,122.1,7.0
2025-04-07T14:12:00+00:00,900.0,77.55,348.0,13.91,345.8,27.2,551.4,0.0514,0.62,257.1,122.1,7.2
2025-04-07T14:13:00+00:00,814.4,79.54,364.0,13.98,344.5,27.2,538.3,0.0518,0.53,257.1,122.1,7.1
2025-04-07T14:14:00+00:00,1889.5,80.34,345.5,14.02,365.8,25.0,572.6,0.0567,0.70,257.1,122.1,7.4
2025-04-07T14:15:00+00:00,2061.3,83.33,350.2,14.03,361.0,26.7,667.4,0.0560,0.53,257.1,122.1,8.7
2025-04-07T14:16:00+00:00,1804.3,82.58,357.2,13.77,375.9,27.7,616.4,0.0553,0.61,257.1,122.1,5.9
2025-04-07T14:17:00+00:00,2019.2,84.35,364.8,13.88,368.2,29.5,679.4,0.0595,0.57,257.1,122.1,7.3
2025-04-07T14:18:00+00:00,2188.7,82.34,350.4,13.94,381.4,28.4,586.4,0.0592,0.52,257.1,122.1,6.9
2025-04-07T14:19:00+00:00,1996.1,81.70,348.0,13.72,370.9,28.5,539.9,0.0570,0.66,257.1,122.1,9.6
2025-04-07T14:20:00+00:00,2168.7,82.20,338.1,13.63,385.1,25.7,585.5,0.0573,0.61,257.1,122.1,7.7
2025-04-07T14:21:00+00:00,1991.8,81.69,346.5,13.84,396.7,26.0,600.0,0.0593,0.59,257.1,122.1,6.8
2025-04-07T14:22:00+00:00,2364.0,85.06,352.4,13.79,391.5,23.1,618.7,0.0581,0.60,257.1,122.1,7.4
2025-04-07T14:23:00+00:00,2088.2,80.63,341.8,13.76,383.2,26.6,623.2,0.0614,0.64,257.1,122.1,7.1
2025-04-07T14:24:00+00:00,2120.3,80.20,339.6,13.59,395.9,26.7,594.8,0.0568,0.59,257.1,122.1,6.6
2025-04-07T14:25:00+00:00,2057.9,81.34,340.5,13.92,378.6,27.6,609.0,0.0612,0.54,257.1,122.1,6.1
2025-04-07T14:26:00+00:00,2063.6,81.72,363.4,13.81,394.9,26.6,640.8,0.0574,0.67,257.1,122.1,8.3
2025-04-07T14:27:00+00:00,2008.5,80.76,353.3,13.74,373.6,27.4,598.9,0.0591,0.66,257.1,122.1,4.6
2025-04-07T14:28:00+00:00,2028.8,84.40,358.1,13.71,395.5,27.3,635.7,0.0602,0.64,257.1,122.1,4.9
2025-04-07T14:29:00+00:00,2156.4,81.62,342.5,13.60,390.7,27.5,553.9,0.0587,0.51,257.1,122.1,8.8
2025-04-07T14:30:00+00:00,2144.9,81.52,341.7,13.84,377.7,28.6,632.4,0.0572,0.63,257.1,122.1,7.5
2025-04-07T14:31:00+00:00,2069.3,81.33,348.4,13.69,400.7,26.8,619.4,0.0580,0.63,257.1,122.1,7.3
2025-04-07T14:32:00+00:00,2025.2,84.20,366.1,13.84,385.3,30.9,661.4,0.0593,0.61,257.1,122.1,6.9
2025-04-07T14:33:00+00:00,2034.3,81.14,356.6,13.68,356.8,27.0,596.2,0.0571,0.59,257.1,122.1,7.0
2025-04-07T14:34:00+00:00,1907.8,80.24,356.1,13.73,386.4,26.8,545.8,0.0566,0.69,257.1,122.1,8.0
2025-04-07T14:35:00+00:00,2147.5,82.22,336.5,13.35,413.6,26.0,553.8,0.0636,0.61,257.1,122.1,6.4
2025-04-07T14:36:00+00:00,2298.1,83.49,350.1,13.77,415.8,26.2,618.6,0.0583,0.65,257.1,122.1,6.5
2025-04-07T14:37:00+00:00,1970.8,80.13,356.4,13.62,384.0,29.1,574.5,0.0555,0.54,257.1,122.1,6.5
2025-04-07T14:38:00+00:00,1992.0,82.33,352.0,13.82,387.5,26.6,662.8,0.0595,0.64,257.1,122.1,6.5
2025-04-07T14:39:00+00:00,2077.4,80.56,349.2,13.77,389.1,27.8,652.6,0.0578,0.63,257.1,122.1,7.1
2025-04-07T14:40:00+00:00,1978.4,83.07,348.7,13.71,408.6,26.4,589.9,0.0608,0.68,257.1,122.1,7.6
2025-04-07T14:41:00+00:00,1997.2,80.03,342.1,13.80,368.6,26.6,618.4,0.0615,0.71,257.1,122.1,6.8
2025-04-07T14:42:00+00:00,1924.7,82.93,365.0,13.67,365.7,23.1,660.7,0.0651,0.60,257.1,122.1,6.9
2025-04-07T14:43:00+00:00,2126.8,80.40,368.7,13.75,400.2,27.3,603.1,0.0567,0.58,257.1,122.1,7.3
2025-04-07T14:44:00+00:00,1922.6,81.18,339.7,13.80,379.7,28.0,631.4,0.0558,0.61,257.1,122.1,7.0
2025-04-07T14:45:00+00:00,2051.3,80.55,350.8,13.82,410.9,27.9,656.8,0.0691,0.63,257.1,122.1,5.9
2025-04-07T14:46:00+00:00,2263.5,84.35,347.9,13.77,395.5,25.7,636.0,0.0646,0.73,257.1,122.1,5.9
2025-04-07T14:47:00+00:00,1918.6,81.59,347.0,13.79,375.7,29.3,587.9,0.0551,0.53,257.1,122.1,9.1
2025-04-07T14:48:00+00:00,1962.3,82.06,351.6,13.76,382.8,26.6,680.2,0.0565,0.59,257.1,122.1,7.7
2025-04-07T14:49:00+00:00,1970.3,80.98,345.7,13.82,374.5,26.2,593.3,0.0566,0.56,257.1,122.1,7.3
2025-04-07T14:50:00+00:00,2009.4,81.46,342.3,14.13,357.3,26.5,604.7,0.0621,0.61,257.1,122.1,7.6
2025-04-07T14:51:00+00:00,1939.0,80.96,353.5,13.91,380.3,28.6,619.8,0.0571,0.72,257.1,122.1,6.4
2025-04-07T14:52:00+00:00,1979.9,78.44,341.8,13.84,380.9,28.4,606.7,0.0600,0.57,257.1,122.1,6.0
2025-04-07T14:53:00+00:00,2194.7,81.30,345.8,13.72,374.2,30.3,589.2,0.0600,0.59,257.1,122.1,5.9
2025-04-07T14:54:00+00:00,1890.5,82.80,353.4,13.86,376.4,28.5,616.6,0.0555,0.58,257.1,122.1,8.2
2025-04-07T14:55:00+00:00,2077.1,82.86,359.9,14.11,384.7,28.6,612.4,0.0675,0.65,257.1,122.1,7.1
2025-04-07T14:56:00+00:00,2025.3,81.41,345.1,14.12,379.7,25.3,627.2,0.0642,0.59,257.1,122.1,7.0
2025-04-07T14:57:00+00:00,1868.4,83.82,354.6,13.80,390.6,29.1,622.7,0.0554,0.60,257.1,122.1,7.5
2025-04-07T14:58:00+00:00,1964.9,79.57,346.3,14.00,369.7,29.2,589.8,0.0605,0.64,257.1,122.1,6.9
2025-04-07T14:59:00+00:00,2118.9,79.31,351.0,13.59,391.1,24.9,565.0,0.0564,0.56,257.1,122.1,7.2
2025-04-07T15:00:00+00:00,1981.5,81.95,350.0,13.79,355.8,25.6,604.3,0.0559,0.57,257.1,122.1,6.8
2025-04-07T15:01:00+00:00,1841.7,78.19,337.5,13.91,402.3,28.7,592.1,0.0549,0.55,257.1,122.1,7.7
2025-04-07T15:02:00+00:00,1923.4,81.39,361.3,13.78,369.0,27.0,567.8,0.0564,0.66,257.1,122.1,6.6
2025-04-07T15:03:00+00:00,2031.7,84.71,357.6,13.73,385.9,26.4,612.7,0.0573,0.68,257.1,122.1,4.9
2025-04-07T15:04:00+00:00,1958.9,81.06,359.4,13.71,381.5,29.3,592.6,0.0627,0.50,257.1,122.1,7.2
2025-04-07T15:05:00+00:00,2118.8,83.20,345.3,13.61,417.8,26.0,626.4,0.0571,0.63,257.1,122.1,5.7
2025-04-07T15:06:00+00:00,2492.2,81.43,349.5,13.83,404.4,28.2,639.8,0.0628,0.59,257.1,122.1,7.1
2025-04-07T15:07:00+00:00,1997.8,83.83,354.7,13.72,402.4,27.2,587.0,0.0586,0.61,257.1,122.1,6.3
2025-04-07T15:08:00+00:00,1982.9,80.00,363.3,13.96,380.4,26.8,582.2,0.0549,0.48,257.1,122.1,7.1
2025-04-07T15:09:00+00:00,2034.0,81.56,336.9,13.81,385.7,25.5,591.2,0.0581,0.65,257.1,122.1,8.5
2025-04-07T15:10:00+00:00,2013.0,84.00,353.4,13.76,383.5,25.8,614.1,0.0575,0.64,257.1,122.1,5.5
2025-04-07T15:11:00+00:00,1917.1,82.77,343.1,13.91,397.9,28.8,539.9,0.0590,0.65,257.1,122.1,6.0
2025-04-07T15:12:00+00:00,2075.1,79.67,354.6,14.17,372.9,27.4,608.2,0.0560,0.54,257.1,122.1,8.3
2025-04-07T15:13:00+00:00,2440.1,85.34,354.4,13.66,388.1,25.7,610.2,0.0636,0.59,257.1,122.1,5.5
2025-04-07T15:14:00+00:00,2127.2,82.84,356.2,13.78,397.7,27.2,631.0,0.0652,0.66,257.1,122.1,6.7
2025-04-07T15:15:00+00:00,2444.9,83.81,353.1,13.77,403.1,24.4,602.6,0.0604,0.65,257.1,122.1,6.2
2025-04-07T15:16:00+00:00,2470.4,84.42,342.0,13.77,422.1,28.3,687.6,0.0626,0.61,257.1,122.1,6.6
2025-04-07T15:17:00+00:00,1996.2,81.27,359.0,13.78,388.6,26.0,612.9,0.0593,0.60,257.1,122.1,7.3
2025-04-07T15:18:00+00:00,1905.2,85.59,352.1,13.75,374.2,27.0,564.3,0.0642,0.61,257.1,122.1,6.0
2025-04-07T15:19:00+00:00,2298.8,81.51,349.1,13.55,383.7,26.3,608.9,0.0662,0.67,257.1,122.1,6.0
2025-04-07T15:20:00+00:00,1949.1,80.97,355.3,13.78,389.0,26.7,530.8,0.0565,0.59,257.1,122.1,7.2
2025-04-07T15:21:00+00:00,2197.8,82.14,338.7,13.79,412.8,27.7,600.8,0.0578,0.64,257.1,122.1,8.6
2025-04-07T15:22:00+00:00,1997.9,81.78,354.7,14.05,374.7,27.1,681.9,0.0559,0.57,257.1,122.1,6.6
2025-04-07T15:23:00+00:00,2021.8,84.86,343.5,13.96,356.5,24.7,596.3,0.0571,0.56,257.1,122.1,6.3
2025-04-07T15:24:00+00:00,1921.7,82.63,355.0,13.98,370.8,30.1,594.9,0.0566,0.57,257.1,122.1,6.8
2025-04-07T15:25:00+00:00,2044.6,80.27,338.2,14.05,390.0,28.4,573.7,0.0553,0.50,257.1,122.1,8.2
2025-04-07T15:26:00+00:00,1874.5,82.99,360.4,13.82,364.7,29.2,548.1,0.0595,0.53,257.1,122.1,6.0
2025-04-07T15:27:00+00:00,1869.8,83.00,348.3,13.97,380.5,27.6,587.2,0.0564,0.69,257.1,122.1,4.8
2025-04-07T15:28:00+00:00,1969.2,83.29,356.1,13.97,356.7,28.2,561.1,0.0555,0.54,257.1,122.1,4.6
2025-04-07T15:29:00+00:00,2019.8,81.63,345.6,13.46,377.1,28.2,633.7,0.0561,0.58,257.1,122.1,5.1
2025-04-07T15:30:00+00:00,1936.2,79.10,357.9,14.06,377.9,28.2,581.2,0.0596,0.51,257.1,122.1,6.7
2025-04-07T15:31:00+00:00,2008.9,83.28,344.7,13.70,381.5,26.2,609.1,0.0563,0.58,257.1,122.1,7.7
2025-04-07T15:32:00+00:00,2009.0,80.80,353.5,13.54,392.5,25.2,556.8,0.0559,0.58,257.1,122.1,8.4
2025-04-07T15:33:00+00:00,2062.1,83.80,346.9,13.70,371.2,28.2,629.2,0.0570,0.64,257.1,122.1,8.5
2025-04-07T15:34:00+00:00,2585.0,87.88,355.3,13.61,405.4,25.7,686.0,0.0673,0.58,257.1,122.1,7.9
2025-04-07T15:35:00+00:00,1879.1,84.14,346.6,13.74,377.8,27.8,603.4,0.0565,0.69,257.1,122.1,7.9
2025-04-07T15:36:00+00:00,1961.6,81.86,344.5,13.79,370.3,27.7,596.7,0.0590,0.63,257.1,122.1,6.1
2025-04-07T15:37:00+00:00,1729.0,80.12,359.0,13.82,359.5,27.4,624.4,0.0581,0.71,257.1,122.1,6.0
2025-04-07T15:38:00+00:00,1807.8,83.03,341.5,13.88,376.9,27.1,602.2,0.0604,0.67,257.1,122.1,6.2
2025-04-07T15:39:00+00:00,2008.9,83.61,348.9,13.96,378.6,25.9,593.9,0.0572,0.69,257.1,122.1,8.7
2025-04-07T15:40:00+00:00,2083.7,81.24,342.6,13.73,371.8,27.1,597.4,0.0578,0.67,257.1,122.1,6.8
2025-04-07T15:41:00+00:00,1753.1,81.70,362.9,13.62,367.7,28.7,601.3,0.0615,0.58,257.1,122.1,6.6
2025-04-07T15:42:00+00:00,1957.9,82.24,355.8,14.00,382.7,27.3,589.6,0.0561,0.61,257.1,122.1,8.5
2025-04-07T15:43:00+00:00,2208.8,84.61,349.8,13.76,368.1,26.1,583.2,0.0576,0.62,257.1,122.1,8.7
2025-04-07T15:44:00+00:00,1971.2,83.71,360.1,13.66,383.6,26.8,614.2,0.0554,0.54,257.1,122.1,5.7
2025-04-07T15:45:00+00:00,2138.7,80.65,353.1,13.91,382.3,26.2,584.4,0.0564,0.54,257.1,122.1,6.9
2025-04-07T15:46:00+00:00,2239.5,82.27,355.7,13.81,371.5,26.7,675.3,0.0594,0.59,257.1,122.1,7.3
2025-04-07T15:47:00+00:00,2014.3,82.98,356.5,13.61,376.3,26.3,615.5,0.0600,0.64,257.1,122.1,6.4
2025-04-07T15:48:00+00:00,2223.1,83.08,353.3,13.97,400.1,28.0,579.7,0.0580,0.66,257.1,122.1,8.5
2025-04-07T15:49:00+00:00,2056.6,83.45,334.2,13.68,399.4,28.6,648.1,0.0573,0.69,257.1,122.1,5.6
2025-04-07T15:50:00+00:00,2071.3,81.50,357.6,13.47,375.2,29.3,612.3,0.0558,0.52,257.1,122.1,8.8
2025-04-07T15:51:00+00:00,1979.7,82.75,343.2,13.50,409.1,25.1,638.0,0.0572,0.71,257.1,122.1,6.7
2025-04-07T15:52:00+00:00,1786.0,83.06,360.6,13.68,393.5,29.3,553.3,0.0557,0.56,257.1,122.1,7.5
2025-04-07T15:53:00+00:00,1936.8,83.33,358.5,14.04,383.4,24.4,535.7,0.0633,0.64,257.1,122.1,7.6
2025-04-07T15:54:00+00:00,1959.7,79.76,343.1,13.70,385.6,26.0,630.7,0.0556,0.57,257.1,122.1,8.5
2025-04-07T15:55:00+00:00,2020.8,80.02,363.2,13.87,367.3,25.4,611.7,0.0562,0.58,257.1,122.1,6.5
2025-04-07T15:56:00+00:00,1797.3,81.94,347.3,13.81,355.5,25.8,609.1,0.0561,0.69,257.1,122.1,6.3
2025-04-07T15:57:00+00:00,2044.2,82.52,362.9,13.84,366.3,27.2,620.0,0.0567,0.63,257.1,122.1,5.9
2025-04-07T15:58:00+00:00,2057.8,83.72,338.1,13.67,364.8,29.7,605.5,0.0565,0.60,257.1,122.1,7.8
2025-04-07T15:59:00+00:00,1814.9,81.06,339.5,13.84,361.0,28.1,597.2,0.0552,0.61,257.1,122.1,6.0
2025-04-07T16:00:00+00:00,2076.9,83.46,342.1,14.00,377.1,26.2,610.8,0.0570,0.63,257.1,122.1,6.9
2025-04-07T16:01:00+00:00,2108.2,82.61,344.3,13.63,402.3,26.8,611.4,0.0576,0.69,257.1,122.1,7.2
2025-04-07T16:02:00+00:00,1851.4,82.10,347.5,13.90,363.4,23.8,603.7,0.0628,0.59,257.1,122.1,5.8
2025-04-07T16:03:00+00:00,2034.8,81.38,337.8,13.61,383.1,27.3,587.1,0.0570,0.66,257.1,122.1,9.0
2025-04-07T16:04:00+00:00,1979.2,81.38,349.4,14.07,396.0,29.8,601.6,0.0561,0.61,257.1,122.1,6.6
2025-04-07T16:05:00+00:00,1980.6,82.90,349.2,13.79,395.1,26.9,565.8,0.0567,0.67,257.1,122.1,7.8
2025-04-07T16:06:00+00:00,2018.4,82.88,348.8,13.91,395.3,27.8,664.0,0.0555,0.53,257.1,122.1,5.0
2025-04-07T16:07:00+00:00,1824.4,77.86,350.9,13.80,377.0,29.3,592.9,0.0549,0.55,257.1,122.1,7.4
2025-04-07T16:08:00+00:00,2049.3,80.08,349.4,13.90,399.3,26.2,629.9,0.0661,0.51,257.1,122.1,6.2
2025-04-07T16:09:00+00:00,2010.4,80.94,338.6,13.75,386.8,27.2,586.4,0.0613,0.67,257.1,122.1,8.2
2025-04-07T16:10:00+00:00,2159.1,83.30,342.9,13.68,379.4,25.9,584.6,0.0578,0.69,257.1,122.1,8.3
2025-04-07T16:11:00+00:00,1757.4,81.40,357.2,13.80,367.6,28.2,606.3,0.0606,0.55,257.1,122.1,6.1
2025-04-07T16:12:00+00:00,2139.4,80.08,365.9,13.94,395.9,28.3,574.2,0.0571,0.62,257.1,122.1,7.0
2025-04-07T16:13:00+00:00,2051.7,81.91,339.4,13.69,353.3,25.5,581.2,0.0641,0.61,257.1,122.1,7.0
2025-04-07T16:14:00+00:00,2139.4,80.75,343.6,13.84,370.5,26.9,567.9,0.0584,0.66,257.1,122.1,6.3
2025-04-07T16:15:00+00:00,1979.1,79.21,345.1,13.56,379.7,27.4,596.8,0.0563,0.63,257.1,122.1,5.9
2025-04-07T16:16:00+00:00,2099.3,82.69,360.8,13.67,393.8,28.1,592.2,0.0575,0.67,257.1,122.1,6.5
2025-04-07T16:17:00+00:00,2100.7,84.47,369.2,13.94,379.1,25.8,575.2,0.0614,0.65,257.1,122.1,6.6
2025-04-07T16:18:00+00:00,2119.6,83.00,352.5,13.69,389.8,28.5,604.4,0.0564,0.56,257.1,122.1,4.3
2025-04-07T16:19:00+00:00,2072.7,80.73,343.9,13.73,379.7,27.7,606.2,0.0619,0.70,257.1,122.1,8.9
2025-04-07T16:20:00+00:00,1795.5,81.10,350.9,13.90,369.9,26.8,596.3,0.0559,0.69,257.1,122.1,5.0
2025-04-07T16:21:00+00:00,2041.4,81.99,353.9,13.99,395.8,27.4,595.1,0.0566,0.60,257.1,122.1,6.9
2025-04-07T16:22:00+00:00,2289.9,82.16,339.4,13.75,382.3,26.2,580.8,0.0585,0.66,257.1,122.1,6.8
2025-04-07T16:23:00+00:00,2115.5,81.28,360.3,13.83,413.1,26.5,622.6,0.0568,0.61,257.1,122.1,7.9
2025-04-07T16:24:00+00:00,2009.8,83.71,356.6,13.77,370.4,28.9,629.7,0.0624,0.56,257.1,122.1,6.6
2025-04-07T16:25:00+00:00,2182.9,83.04,344.7,13.59,391.5,28.2,590.5,0.0569,0.57,257.1,122.1,6.7
2025-04-07T16:26:00+00:00,1969.7,82.59,357.6,13.90,378.2,26.1,659.2,0.0567,0.66,257.1,122.1,8.5
2025-04-07T16:27:00+00:00,1829.4,85.70,353.9,13.67,368.7,28.9,629.6,0.0659,0.58,257.1,122.1,6.8
2025-04-07T16:28:00+00:00,2105.5,82.87,342.8,14.13,403.3,26.4,601.9,0.0565,0.58,257.1,122.1,6.9
2025-04-07T16:29:00+00:00,2027.0,84.21,353.2,13.90,373.9,25.7,647.3,0.0589,0.70,257.1,122.1,6.6
2025-04-07T16:30:00+00:00,1088.3,79.32,350.9,13.60,354.5,27.5,507.0,0.0543,0.69,257.1,122.1,6.9
2025-04-07T16:31:00+00:00,1059.9,77.75,364.3,13.60,346.9,28.8,565.0,0.0507,0.55,257.1,122.1,7.0
2025-04-07T16:32:00+00:00,972.5,78.68,359.8,13.83,372.3,25.9,492.7,0.0608,0.60,257.1,122.1,8.1
2025-04-07T16:33:00+00:00,863.1,79.54,366.9,13.88,336.8,27.1,586.1,0.0565,0.64,257.1,122.1,9.4
2025-04-07T16:34:00+00:00,994.6,76.51,363.8,13.65,348.5,26.1,529.2,0.0575,0.62,257.1,122.1,7.7
2025-04-07T16:35:00+00:00,979.2,81.14,359.5,14.13,337.9,28.8,530.0,0.0511,0.60,257.1,122.1,6.5
2025-04-07T16:36:00+00:00,1010.0,76.17,360.6,13.61,361.7,26.5,570.1,0.0509,0.60,257.1,122.1,6.0
2025-04-07T16:37:00+00:00,913.0,78.51,363.7,13.71,337.7,27.4,545.2,0.0515,0.61,257.1,122.1,8.3
2025-04-07T16:38:00+00:00,943.0,77.20,350.8,13.53,358.0,27.7,558.8,0.0504,0.52,257.1,122.1,8.1
2025-04-07T16:39:00+00:00,887.4,78.22,357.7,13.50,355.7,27.0,550.9,0.0534,0.66,257.1,122.1,7.5
2025-04-07T16:40:00+00:00,1007.2,76.88,347.4,14.00,365.1,26.6,587.7,0.0508,0.58,257.1,122.1,6.9
2025-04-07T16:41:00+00:00,811.8,78.26,368.7,13.79,341.8,25.5,517.2,0.0500,0.57,257.1,122.1,8.2
2025-04-07T16:42:00+00:00,1046.0,78.11,349.1,13.91,361.2,27.4,552.7,0.0518,0.61,257.1,122.1,7.4
2025-04-08T06:00:00+00:00,1018.5,81.84,364.3,13.80,361.4,27.1,585.5,0.0526,0.77,61.3,286.3,8.9
2025-04-08T06:01:00+00:00,1033.3,76.14,345.5,13.76,311.9,30.1,585.7,0.0519,0.70,61.3,286.3,10.3
2025-04-08T06:02:00+00:00,916.5,77.59,339.8,13.83,353.0,26.4,557.9,0.0555,0.75,61.3,286.3,9.3
2025-04-08T06:03:00+00:00,1159.4,79.69,353.3,13.58,356.7,26.7,608.6,0.0524,0.67,61.3,286.3,8.0
2025-04-08T06:04:00+00:00,931.7,80.02,349.8,13.74,370.6,28.3,502.5,0.0531,0.85,61.3,286.3,6.9
2025-04-08T06:05:00+00:00,876.3,78.50,352.5,14.06,343.0,26.5,560.5,0.0514,0.72,61.3,286.3,9.2
2025-04-08T06:06:00+00:00,1109.2,81.17,359.5,13.91,344.9,27.5,566.7,0.0526,0.71,61.3,286.3,6.5
2025-04-08T06:07:00+00:00,1002.0,80.67,358.1,14.05,347.4,27.3,552.5,0.0567,0.69,61.3,286.3,7.2
2025-04-08T06:08:00+00:00,1042.3,79.37,350.0,13.86,353.0,27.6,571.8,0.0522,0.71,61.3,286.3,6.9
2025-04-08T06:09:00+00:00,950.6,79.47,357.4,13.51,348.6,27.2,565.0,0.0526,0.80,61.3,286.3,9.4
2025-04-08T06:10:00+00:00,969.3,80.16,367.5,13.69,346.7,26.9,557.4,0.0517,0.69,61.3,286.3,8.1
2025-04-08T06:11:00+00:00,1034.6,76.12,361.4,13.46,356.5,24.7,563.7,0.0573,0.67,61.3,286.3,7.4
2025-04-08T06:12:00+00:00,934.2,80.50,371.0,13.85,360.2,25.1,566.2,0.0514,0.68,61.3,286.3,9.7
2025-04-08T06:13:00+00:00,933.9,76.99,348.2,13.72,353.3,27.8,605.4,0.0516,0.72,61.3,286.3,9.5
2025-04-08T06:14:00+00:00,2193.2,80.90,348.7,13.71,384.5,26.9,593.4,0.0591,0.79,61.3,286.3,7.3
2025-04-08T06:15:00+00:00,2104.2,82.44,350.2,13.62,356.2,27.3,572.2,0.0576,0.69,61.3,286.3,7.7
2025-04-08T06:16:00+00:00,1976.1,83.02,350.7,13.86,373.4,27.5,590.9,0.0683,0.72,61.3,286.3,6.1
2025-04-08T06:17:00+00:00,2129.6,81.69,342.0,13.91,374.9,26.7,628.1,0.0573,0.65,61.3,286.3,7.4
2025-04-08T06:18:00+00:00,1823.1,84.30,377.3,13.69,382.1,29.4,634.7,0.0571,0.78,61.3,286.3,9.7
2025-04-08T06:19:00+00:00,2046.6,81.67,353.2,13.58,363.5,24.3,513.0,0.0581,0.76,61.3,286.3,7.2
2025-04-08T06:20:00+00:00,2040.0,82.29,340.1,14.06,399.8,25.4,598.0,0.0579,0.75,61.3,286.3,9.3
2025-04-08T06:21:00+00:00,2015.2,83.93,350.7,13.79,365.9,28.2,639.9,0.0597,0.71,61.3,286.3,9.0
2025-04-08T06:22:00+00:00,1992.3,81.27,340.2,13.96,392.0,25.2,631.2,0.0575,0.73,61.3,286.3,8.7
2025-04-08T06:23:00+00:00,2012.5,79.63,354.6,13.87,372.2,26.2,613.8,0.0586,0.72,61.3,286.3,7.2
2025-04-08T06:24:00+00:00,1824.4,81.47,350.6,13.67,386.9,25.4,598.4,0.0555,0.63,61.3,286.3,7.9
2025-04-08T06:25:00+00:00,2093.1,83.03,361.3,13.79,380.2,26.4,586.8,0.0610,0.72,61.3,286.3,7.5
2025-04-08T06:26:00+00:00,1982.2,82.84,352.9,13.83,368.9,29.1,576.3,0.0638,0.70,61.3,286.3,6.5
2025-04-08T06:27:00+00:00,2039.5,82.44,339.9,13.88,368.3,27.5,580.4,0.0627,0.81,61.3,286.3,10.1
2025-04-08T06:28:00+00:00,2046.4,80.91,353.7,13.76,378.2,26.0,627.3,0.0577,0.74,61.3,286.3,9.7
2025-04-08T06:29:00+00:00,1979.1,83.69,342.7,13.68,359.7,28.9,574.4,0.0576,0.74,61.3,286.3,8.0
2025-04-08T06:30:00+00:00,2099.8,82.08,352.7,13.84,396.0,27.4,652.8,0.0573,0.65,61.3,286.3,7.8
2025-04-08T06:31:00+00:00,1907.6,82.41,341.1,13.73,375.6,28.1,597.7,0.0589,0.64,61.3,286.3,5.6
2025-04-08T06:32:00+00:00,2214.2,82.47,344.2,13.74,361.5,27.2,591.2,0.0600,0.70,61.3,286.3,7.6
2025-04-08T06:33:00+00:00,1874.2,81.61,341.1,13.86,364.0,26.0,522.7,0.0591,0.70,61.3,286.3,9.2
2025-04-08T06:34:00+00:00,2136.5,83.10,355.0,13.74,406.7,29.3,602.9,0.0585,0.76,61.3,286.3,8.6
2025-04-08T06:35:00+00:00,2257.1,83.00,353.5,13.70,403.7,26.5,649.3,0.0650,0.78,61.3,286.3,9.4
2025-04-08T06:36:00+00:00,1951.8,82.89,349.8,13.82,345.1,27.3,654.8,0.0645,0.73,61.3,286.3,8.0
2025-04-08T06:37:00+00:00,2069.2,83.23,340.3,13.73,361.8,24.7,573.0,0.0682,0.79,61.3,286.3,4.9
2025-04-08T06:38:00+00:00,2056.2,80.66,341.7,13.59,396.3,27.4,614.8,0.0597,0.70,61.3,286.3,6.2
2025-04-08T06:39:00+00:00,1922.6,83.21,357.8,13.82,364.7,28.2,619.4,0.0578,0.62,61.3,286.3,8.0
2025-04-08T06:40:00+00:00,2005.6,83.36,364.0,13.83,390.8,27.0,591.0,0.0605,0.65,61.3,286.3,8.1
2025-04-08T06:41:00+00:00,2169.6,85.19,349.5,13.63,387.0,27.7,610.9,0.0614,0.78,61.3,286.3,8.7
2025-04-08T06:42:00+00:00,2124.7,80.99,366.3,13.79,370.7,29.5,614.2,0.0649,0.71,61.3,286.3,9.7
2025-04-08T06:43:00+00:00,2136.4,84.62,352.5,13.72,403.5,25.6,607.1,0.0669,0.73,61.3,286.3,10.2
2025-04-08T06:44:00+00:00,1945.5,82.27,354.8,14.05,385.6,28.2,573.9,0.0665,0.72,61.3,286.3,8.6
2025-04-08T06:45:00+00:00,1808.5,79.52,339.5,13.68,365.6,29.9,631.1,0.0564,0.70,61.3,286.3,8.0
2025-04-08T06:46:00+00:00,1998.5,82.63,348.2,13.51,374.5,23.9,602.5,0.0569,0.67,61.3,286.3,7.9
2025-04-08T06:47:00+00:00,1916.1,80.86,347.4,13.86,389.2,26.6,587.1,0.0641,0.75,61.3,286.3,10.8
2025-04-08T06:48:00+00:00,2147.2,84.05,348.4,13.71,382.8,26.7,622.8,0.0640,0.71,61.3,286.3,6.3
2025-04-08T06:49:00+00:00,1932.3,82.77,367.7,13.89,367.9,26.5,550.8,0.0655,0.68,61.3,286.3,10.1
2025-04-08T06:50:00+00:00,1963.5,84.28,349.6,13.89,380.3,26.9,565.0,0.0665,0.69,61.3,286.3,8.7
2025-04-08T06:51:00+00:00,2052.0,82.38,342.9,13.93,369.7,26.6,591.5,0.0603,0.73,61.3,286.3,9.2
2025-04-08T06:52:00+00:00,2009.7,82.51,340.5,13.83,378.0,28.3,470.0,0.0641,0.76,61.3,286.3,10.0
2025-04-08T06:53:00+00:00,1822.3,79.75,349.5,13.73,357.9,26.7,656.5,0.0573,0.80,61.3,286.3,8.4
2025-04-08T06:54:00+00:00,1844.8,78.86,343.9,13.74,373.1,25.7,558.4,0.0562,0.68,61.3,286.3,8.1
2025-04-08T06:55:00+00:00,2192.9,83.91,349.7,14.05,373.2,25.2,574.9,0.0585,0.73,61.3,286.3,9.7
2025-04-08T06:56:00+00:00,1863.6,80.92,360.7,13.59,381.7,26.9,624.8,0.0588,0.71,61.3,286.3,9.1
2025-04-08T06:57:00+00:00,2193.3,82.09,340.1,13.80,399.6,26.2,624.2,0.0578,0.65,61.3,286.3,9.6
2025-04-08T06:58:00+00:00,1837.0,83.03,346.5,13.92,368.2,26.9,598.0,0.0564,0.71,61.3,286.3,7.6
2025-04-08T06:59:00+00:00,1981.8,80.98,357.3,13.77,379.0,29.1,611.5,0.0619,0.71,61.3,286.3,6.1
2025-04-08T07:00:00+00:00,1875.7,79.94,355.1,13.82,363.4,24.7,585.4,0.0571,0.74,61.3,286.3,9.2
2025-04-08T07:01:00+00:00,1897.1,81.73,354.7,13.85,379.8,28.7,636.4,0.0568,0.71,61.3,286.3,8.3
2025-04-08T07:02:00+00:00,2003.8,82.86,345.2,13.89,377.0,27.4,612.2,0.0607,0.76,61.3,286.3,9.0
2025-04-08T07:03:00+00:00,2133.0,83.99,338.5,13.60,369.0,27.5,613.7,0.0586,0.69,61.3,286.3,10.6
2025-04-08T07:04:00+00:00,2110.4,82.02,335.8,14.20,412.3,30.0,591.0,0.0621,0.80,61.3,286.3,9.0
2025-04-08T07:05:00+00:00,2048.6,82.98,346.1,13.52,378.8,26.9,634.2,0.0578,0.74,61.3,286.3,7.6
2025-04-08T07:06:00+00:00,2056.4,82.22,348.7,13.54,382.6,28.6,590.2,0.0626,0.71,61.3,286.3,6.9
2025-04-08T07:07:00+00:00,2379.7,81.22,342.6,13.74,390.5,27.7,623.7,0.0594,0.71,61.3,286.3,8.2
2025-04-08T07:08:00+00:00,1934.3,82.78,345.2,13.71,391.6,25.0,591.0,0.0701,0.69,61.3,286.3,7.4
2025-04-08T07:09:00+00:00,2462.4,83.11,346.5,13.99,381.3,25.8,578.0,0.0603,0.76,61.3,286.3,9.8
2025-04-08T07:10:00+00:00,2436.4,82.62,335.4,14.17,364.2,28.5,556.5,0.0673,0.80,61.3,286.3,6.9
2025-04-08T07:11:00+00:00,2008.5,82.81,361.6,13.84,380.0,27.3,577.3,0.0579,0.77,61.3,286.3,7.5
2025-04-08T07:12:00+00:00,1998.2,84.88,335.6,13.69,389.1,27.2,685.9,0.0577,0.75,61.3,286.3,7.6
2025-04-08T07:13:00+00:00,2486.3,83.55,356.9,13.61,367.3,25.7,572.2,0.0598,0.71,61.3,286.3,7.8
2025-04-08T07:14:00+00:00,2497.0,83.57,341.7,13.85,415.5,29.2,617.5,0.0594,0.65,61.3,286.3,8.0
2025-04-08T07:15:00+00:00,2111.8,84.06,350.9,13.86,367.8,27.3,615.6,0.0582,0.73,61.3,286.3,8.2
2025-04-08T07:16:00+00:00,2379.0,82.00,340.3,13.96,406.0,28.9,656.5,0.0599,0.77,61.3,286.3,9.3
2025-04-08T07:17:00+00:00,2053.2,80.89,360.6,13.71,378.1,25.4,633.3,0.0571,0.66,61.3,286.3,8.3
2025-04-08T07:18:00+00:00,2043.9,81.73,344.8,13.69,377.7,27.1,621.1,0.0573,0.65,61.3,286.3,8.6
2025-04-08T07:19:00+00:00,2451.7,81.64,358.1,13.82,400.8,26.6,551.3,0.0593,0.68,61.3,286.3,8.7
2025-04-08T07:20:00+00:00,2470.2,83.53,340.3,13.95,401.9,26.3,674.0,0.0625,0.62,61.3,286.3,9.8
2025-04-08T07:21:00+00:00,1849.8,81.67,355.7,13.57,374.2,28.1,601.8,0.0567,0.72,61.3,286.3,7.2
2025-04-08T07:22:00+00:00,2485.9,84.10,334.2,13.67,388.8,24.7,637.1,0.0597,0.66,61.3,286.3,9.1
2025-04-08T07:23:00+00:00,2084.5,82.12,350.8,13.64,362.7,28.0,607.6,0.0580,0.74,61.3,286.3,7.9
2025-04-08T07:24:00+00:00,2143.7,81.28,344.4,13.72,380.7,26.6,560.2,0.0584,0.75,61.3,286.3,8.3
2025-04-08T07:25:00+00:00,1994.1,82.96,347.8,13.85,387.9,28.9,586.9,0.0574,0.74,61.3,286.3,9.3
2025-04-08T07:26:00+00:00,2395.6,84.92,349.3,13.76,382.5,23.9,629.7,0.0593,0.70,61.3,286.3,9.4
2025-04-08T07:27:00+00:00,2054.5,82.04,346.1,13.78,384.3,27.4,549.4,0.0586,0.76,61.3,286.3,8.1
2025-04-08T07:28:00+00:00,2137.7,81.12,346.9,13.90,406.2,29.4,636.9,0.0640,0.67,61.3,286.3,9.4
2025-04-08T07:29:00+00:00,2061.2,83.18,357.9,13.88,357.2,25.6,511.1,0.0577,0.70,61.3,286.3,7.6
2025-04-08T07:30:00+00:00,1985.0,83.21,339.5,13.86,381.7,26.3,610.5,0.0582,0.81,61.3,286.3,8.6
2025-04-08T07:31:00+00:00,2161.8,83.43,356.8,13.72,385.9,28.1,648.5,0.0730,0.66,61.3,286.3,6.6
2025-04-08T07:32:00+00:00,2483.3,82.36,328.3,13.62,393.7,27.3,650.3,0.0602,0.74,61.3,286.3,7.7
2025-04-08T07:33:00+00:00,2561.5,84.10,348.9,13.89,399.5,28.1,633.6,0.0621,0.84,61.3,286.3,8.6
2025-04-08T07:34:00+00:00,1811.6,80.28,361.3,13.61,369.2,25.8,593.7,0.0571,0.74,61.3,286.3,10.2
2025-04-08T07:35:00+00:00,1981.1,81.13,341.3,14.09,364.2,29.3,588.5,0.0601,0.72,61.3,286.3,6.8
2025-04-08T07:36:00+00:00,2404.5,81.78,341.7,13.60,357.0,27.4,648.3,0.0600,0.71,61.3,286.3,7.4
2025-04-08T07:37:00+00:00,2530.7,84.40,349.6,14.07,377.9,27.2,648.0,0.0604,0.74,61.3,286.3,7.8
2025-04-08T07:38:00+00:00,2384.7,81.57,357.4,13.98,370.9,26.8,665.3,0.0621,0.70,61.3,286.3,8.5
2025-04-08T07:39:00+00:00,2202.7,82.57,347.9,13.80,393.2,26.0,624.7,0.0591,0.70,61.3,286.3,8.1
2025-04-08T07:40:00+00:00,2046.7,80.58,348.5,13.82,372.5,25.2,564.0,0.0648,0.82,61.3,286.3,8.2
2025-04-08T07:41:00+00:00,2074.7,82.75,350.0,13.77,372.8,25.8,615.9,0.0567,0.61,61.3,286.3,10.2
2025-04-08T07:42:00+00:00,2056.6,80.86,345.1,13.71,391.6,26.8,582.4,0.0635,0.81,61.3,286.3,9.1
2025-04-08T07:43:00+00:00,2120.5,82.23,349.2,13.71,398.3,28.7,518.2,0.0583,0.75,61.3,286.3,9.2
2025-04-08T07:44:00+00:00,1965.5,83.58,336.0,13.89,375.3,27.1,599.3,0.0574,0.73,61.3,286.3,8.3
2025-04-08T07:45:00+00:00,2002.1,82.16,340.9,14.13,391.3,25.1,584.3,0.0582,0.79,61.3,286.3,8.9
2025-04-08T07:46:00+00:00,1759.4,80.32,353.4,13.74,391.6,26.5,599.9,0.0617,0.75,61.3,286.3,7.2
2025-04-08T07:47:00+00:00,1762.4,80.67,348.9,14.05,391.0,24.7,635.8,0.0623,0.73,61.3,286.3,9.5
2025-04-08T07:48:00+00:00,2045.4,81.27,345.5,13.78,405.5,28.3,587.4,0.0623,0.74,61.3,286.3,7.9
2025-04-08T07:49:00+00:00,2266.0,83.57,345.6,14.07,404.0,27.4,590.8,0.0586,0.69,61.3,286.3,6.7
2025-04-08T07:50:00+00:00,1908.8,81.34,335.9,13.95,377.9,29.5,570.9,0.0600,0.75,61.3,286.3,9.7
2025-04-08T07:51:00+00:00,1870.7,82.72,349.5,13.60,386.6,29.5,620.9,0.0575,0.78,61.3,286.3,8.8
2025-04-08T07:52:00+00:00,2095.2,82.19,350.9,13.96,383.6,26.6,599.2,0.0588,0.80,61.3,286.3,9.5
2025-04-08T07:53:00+00:00,1980.6,81.80,342.9,13.90,372.5,27.8,614.3,0.0569,0.68,61.3,286.3,8.3
2025-04-08T07:54:00+00:00,2002.2,81.04,352.2,13.91,397.5,24.4,549.8,0.0598,0.70,61.3,286.3,7.9
2025-04-08T07:55:00+00:00,1941.2,79.55,357.1,13.65,375.7,27.8,625.1,0.0565,0.67,61.3,286.3,8.5
2025-04-08T07:56:00+00:00,1902.4,81.98,355.0,13.64,364.4,25.4,577.1,0.0608,0.80,61.3,286.3,8.4
2025-04-08T07:57:00+00:00,2068.7,81.42,350.2,13.84,402.5,27.5,645.3,0.0579,0.72,61.3,286.3,9.6
2025-04-08T07:58:00+00:00,1920.2,82.01,343.8,14.10,372.0,27.4,584.9,0.0580,0.79,61.3,286.3,8.5
2025-04-08T07:59:00+00:00,2105.1,81.33,354.6,14.01,386.8,29.2,634.3,0.0623,0.69,61.3,286.3,5.9
2025-04-08T08:00:00+00:00,1936.0,81.13,343.2,13.74,378.2,28.0,617.5,0.0572,0.73,61.3,286.3,7.4
2025-04-08T08:01:00+00:00,2247.5,80.46,335.2,13.72,367.2,25.7,602.6,0.0619,0.78,61.3,286.3,9.0
2025-04-08T08:02:00+00:00,1976.3,82.57,357.2,13.73,366.7,29.0,572.4,0.0611,0.69,61.3,286.3,8.3
2025-04-08T08:03:00+00:00,2223.3,82.57,357.0,13.97,406.0,27.6,667.0,0.0606,0.69,61.3,286.3,8.8
2025-04-08T08:04:00+00:00,2022.6,82.59,348.5,13.73,376.7,25.3,620.4,0.0602,0.84,61.3,286.3,7.4
2025-04-08T08:05:00+00:00,1956.3,80.58,354.7,13.82,374.8,28.1,594.5,0.0578,0.79,61.3,286.3,8.8
2025-04-08T08:06:00+00:00,1977.5,80.36,351.1,13.82,398.5,25.0,596.3,0.0569,0.69,61.3,286.3,8.8
2025-04-08T08:07:00+00:00,2138.1,82.75,360.6,13.77,383.2,28.3,631.4,0.0610,0.64,61.3,286.3,7.1
2025-04-08T08:08:00+00:00,1808.1,81.50,353.7,13.88,368.7,27.5,606.2,0.0554,0.61,61.3,286.3,8.6
2025-04-08T08:09:00+00:00,1931.3,81.15,344.2,13.63,391.7,27.7,611.6,0.0572,0.72,61.3,286.3,8.6
2025-04-08T08:10:00+00:00,1830.3,81.54,345.0,13.78,389.4,27.8,560.1,0.0571,0.73,61.3,286.3,9.4
2025-04-08T08:11:00+00:00,1991.3,83.08,347.8,13.83,378.6,27.8,604.1,0.0573,0.68,61.3,286.3,10.1
2025-04-08T08:12:00+00:00,1996.1,80.74,340.9,13.83,381.8,27.5,565.7,0.0573,0.73,61.3,286.3,8.8
2025-04-08T08:13:00+00:00,1974.2,83.71,365.7,14.10,397.0,26.4,602.9,0.0587,0.86,61.3,286.3,8.7
2025-04-08T08:14:00+00:00,2019.4,82.21,356.2,13.88,373.3,28.7,542.5,0.0575,0.74,61.3,286.3,9.7
2025-04-08T08:15:00+00:00,1860.7,83.22,350.1,13.87,375.3,26.3,598.7,0.0710,0.74,61.3,286.3,9.4
2025-04-08T08:16:00+00:00,1933.4,83.50,347.0,13.98,386.6,26.0,613.3,0.0574,0.75,61.3,286.3,6.9
2025-04-08T08:17:00+00:00,1748.0,81.70,359.0,13.97,387.8,26.8,637.1,0.0580,0.72,61.3,286.3,9.8
2025-04-08T08:18:00+00:00,2003.8,80.86,345.4,13.89,385.0,27.7,604.2,0.0627,0.77,61.3,286.3,7.9
2025-04-08T08:19:00+00:00,1786.7,81.68,353.6,13.71,402.5,27.9,586.4,0.0569,0.69,61.3,286.3,8.8
2025-04-08T08:20:00+00:00,2230.6,82.43,358.7,13.85,377.4,25.5,631.4,0.0599,0.71,61.3,286.3,9.5
2025-04-08T08:21:00+00:00,1926.8,82.46,347.1,13.95,363.4,26.9,565.4,0.0566,0.67,61.3,286.3,7.0
2025-04-08T08:22:00+00:00,2046.4,81.24,350.7,13.62,379.5,29.5,563.5,0.0571,0.66,61.3,286.3,7.2
2025-04-08T08:23:00+00:00,1767.9,81.37,360.9,13.59,385.9,27.2,557.2,0.0576,0.85,61.3,286.3,8.5
2025-04-08T08:24:00+00:00,2234.0,83.48,345.7,13.63,377.6,25.7,599.5,0.0611,0.74,61.3,286.3,6.6
2025-04-08T08:25:00+00:00,1973.3,79.00,336.4,13.72,403.4,26.0,644.7,0.0565,0.65,61.3,286.3,8.1
2025-04-08T08:26:00+00:00,1927.5,84.13,347.7,13.55,378.3,25.2,541.0,0.0573,0.75,61.3,286.3,8.5
2025-04-08T08:27:00+00:00,1876.8,79.08,340.6,13.96,377.9,29.1,597.5,0.0568,0.72,61.3,286.3,8.8
2025-04-08T08:28:00+00:00,2278.3,84.43,356.2,13.86,402.5,28.5,622.1,0.0591,0.74,61.3,286.3,7.5
2025-04-08T08:29:00+00:00,2029.0,82.21,339.6,13.75,364.3,24.6,549.3,0.0615,0.83,61.3,286.3,8.9
2025-04-08T08:30:00+00:00,2031.8,83.58,355.4,14.00,384.1,26.8,611.9,0.0635,0.72,61.3,286.3,8.2
2025-04-08T08:31:00+00:00,989.9,77.75,354.8,13.79,358.2,27.1,537.0,0.0595,0.71,61.3,286.3,8.0
2025-04-08T08:32:00+00:00,995.8,81.67,347.0,13.55,370.1,28.1,613.9,0.0597,0.72,61.3,286.3,7.8
2025-04-08T08:33:00+00:00,941.6,78.88,375.1,13.69,333.6,26.7,633.1,0.0578,0.70,61.3,286.3,7.2
2025-04-08T08:34:00+00:00,1006.7,78.62,357.9,13.81,359.2,27.8,582.3,0.0531,0.80,61.3,286.3,8.3
2025-04-08T08:35:00+00:00,1027.4,77.72,345.9,13.58,351.5,27.0,546.1,0.0567,0.70,61.3,286.3,8.1
2025-04-08T08:36:00+00:00,1028.8,78.53,351.6,13.73,334.1,28.0,562.1,0.0566,0.79,61.3,286.3,10.0
2025-04-08T08:37:00+00:00,1074.8,81.13,353.9,13.89,343.7,27.7,655.4,0.0524,0.71,61.3,286.3,7.9
2025-04-08T08:38:00+00:00,1045.4,77.84,336.2,13.63,344.5,28.5,529.7,0.0583,0.71,61.3,286.3,8.0
2025-04-08T08:39:00+00:00,893.9,76.16,361.0,13.67,376.4,28.5,500.0,0.0536,0.66,61.3,286.3,7.7
2025-04-08T08:40:00+00:00,1029.9,78.35,349.1,13.83,337.5,25.6,512.8,0.0612,0.66,61.3,286.3,8.3
2025-04-08T08:41:00+00:00,855.5,77.29,362.8,13.82,358.1,29.1,505.3,0.0536,0.70,61.3,286.3,8.0
2025-04-08T08:42:00+00:00,906.3,80.08,357.5,13.82,353.9,26.8,528.2,0.0518,0.75,61.3,286.3,10.1
2025-04-08T08:43:00+00:00,954.7,80.43,353.9,13.70,342.6,28.6,578.8,0.0516,0.71,61.3,286.3,9.4
2025-04-08T14:00:00+00:00,1112.3,79.78,357.3,13.85,338.5,26.1,569.0,0.0550,0.80,61.3,286.3,7.5
2025-04-08T14:01:00+00:00,1082.5,78.06,333.7,13.74,373.6,26.2,604.6,0.0525,0.72,61.3,286.3,8.6
2025-04-08T14:02:00+00:00,931.4,79.37,347.8,13.66,358.3,25.3,583.8,0.0512,0.68,61.3,286.3,7.6
2025-04-08T14:03:00+00:00,878.6,76.15,348.0,13.67,366.3,25.5,583.7,0.0515,0.72,61.3,286.3,8.8
2025-04-08T14:04:00+00:00,962.8,79.68,348.6,13.77,348.0,27.7,587.3,0.0560,0.72,61.3,286.3,7.3
2025-04-08T14:05:00+00:00,970.1,79.22,342.9,13.76,356.2,30.2,558.8,0.0519,0.72,61.3,286.3,9.5
2025-04-08T14:06:00+00:00,901.9,79.26,366.5,13.78,355.5,27.0,560.1,0.0510,0.67,61.3,286.3,6.9
2025-04-08T14:07:00+00:00,1051.0,78.57,362.2,14.00,337.8,24.0,533.7,0.0523,0.71,61.3,286.3,9.1
2025-04-08T14:08:00+00:00,1061.8,76.76,348.1,13.86,349.6,26.2,573.5,0.0520,0.67,61.3,286.3,7.8
2025-04-08T14:09:00+00:00,972.9,79.43,358.5,13.96,342.5,28.8,557.9,0.0521,0.75,61.3,286.3,8.1
2025-04-08T14:10:00+00:00,927.7,81.25,355.2,13.86,351.2,26.3,564.1,0.0576,0.72,61.3,286.3,7.5
2025-04-08T14:11:00+00:00,924.8,80.28,356.6,13.87,359.8,23.4,537.6,0.0521,0.76,61.3,286.3,7.3
2025-04-08T14:12:00+00:00,2024.1,81.18,361.5,13.73,399.7,26.3,532.6,0.0601,0.70,61.3,286.3,8.7
2025-04-08T14:13:00+00:00,2147.6,82.68,337.1,13.69,388.3,29.3,676.5,0.0638,0.72,61.3,286.3,7.0
2025-04-08T14:14:00+00:00,2021.1,82.65,350.0,13.63,374.2,28.8,546.1,0.0569,0.66,61.3,286.3,8.5
2025-04-08T14:15:00+00:00,2210.2,81.54,336.8,13.79,401.9,26.1,589.7,0.0590,0.64,61.3,286.3,7.6
2025-04-08T14:16:00+00:00,2106.2,83.25,345.7,13.61,387.0,30.3,595.6,0.0592,0.68,61.3,286.3,7.3
2025-04-08T14:17:00+00:00,1916.0,83.03,359.9,14.02,370.6,27.4,562.5,0.0571,0.73,61.3,286.3,6.8
2025-04-08T14:18:00+00:00,1922.1,81.22,349.7,13.62,363.4,28.9,608.8,0.0577,0.81,61.3,286.3,7.6
2025-04-08T14:19:00+00:00,1984.5,83.81,357.9,13.59,395.2,27.8,641.7,0.0564,0.63,61.3,286.3,9.7
2025-04-08T14:20:00+00:00,2194.7,83.50,340.7,13.71,385.2,27.6,619.2,0.0584,0.73,61.3,286.3,8.1
2025-04-08T14:21:00+00:00,1912.8,81.08,342.5,13.69,414.2,26.8,605.2,0.0572,0.74,61.3,286.3,8.1
2025-04-08T14:22:00+00:00,1844.1,80.16,332.9,13.78,372.7,28.0,609.7,0.0592,0.74,61.3,286.3,7.6
2025-04-08T14:23:00+00:00,2083.6,83.22,351.7,13.72,390.5,26.1,564.4,0.0646,0.79,61.3,286.3,8.5
2025-04-08T14:24:00+00:00,1945.6,82.56,337.2,13.89,357.1,26.9,666.9,0.0567,0.67,61.3,286.3,9.4
2025-04-08T14:25:00+00:00,2130.7,82.41,344.6,13.58,387.1,28.8,596.2,0.0592,0.83,61.3,286.3,7.8
2025-04-08T14:26:00+00:00,2020.0,82.74,337.0,14.05,389.5,25.8,633.4,0.0590,0.71,61.3,286.3,8.5
2025-04-08T14:27:00+00:00,1976.2,81.72,374.3,13.89,379.7,25.9,629.4,0.0571,0.71,61.3,286.3,8.5
2025-04-08T14:28:00+00:00,1911.3,82.27,346.5,13.85,387.4,27.8,595.0,0.0565,0.68,61.3,286.3,7.7
2025-04-08T14:29:00+00:00,2020.5,81.48,337.3,13.59,379.0,27.6,638.3,0.0588,0.85,61.3,286.3,8.8
2025-04-08T14:30:00+00:00,2152.8,80.22,360.3,13.80,382.0,26.9,612.3,0.0697,0.72,61.3,286.3,6.5
2025-04-08T14:31:00+00:00,2074.2,82.06,341.0,13.84,394.6,29.3,603.7,0.0583,0.78,61.3,286.3,9.2
2025-04-08T14:32:00+00:00,2087.8,84.43,339.4,13.76,392.0,25.8,590.1,0.0572,0.65,61.3,286.3,7.7
2025-04-08T14:33:00+00:00,1999.0,83.40,333.8,13.67,382.8,26.6,568.7,0.0567,0.65,61.3,286.3,7.2
2025-04-08T14:34:00+00:00,2127.1,82.97,356.8,13.98,361.7,29.4,634.3,0.0622,0.79,61.3,286.3,8.9
2025-04-08T14:35:00+00:00,2025.7,82.39,354.2,13.74,411.7,25.7,598.9,0.0578,0.73,61.3,286.3,8.7
2025-04-08T14:36:00+00:00,2145.1,81.49,355.3,13.81,401.0,29.3,577.2,0.0599,0.64,61.3,286.3,8.6
2025-04-08T14:37:00+00:00,2157.9,83.31,352.5,13.76,378.0,27.9,622.0,0.0653,0.74,61.3,286.3,8.4
2025-04-08T14:38:00+00:00,1840.0,81.53,342.8,13.86,349.5,27.0,603.1,0.0606,0.79,61.3,286.3,9.1
2025-04-08T14:39:00+00:00,2036.6,83.19,337.6,13.88,382.0,27.6,542.7,0.0572,0.70,61.3,286.3,7.4
2025-04-08T14:40:00+00:00,1947.7,81.12,362.4,13.84,388.0,29.1,604.8,0.0597,0.58,61.3,286.3,6.7
2025-04-08T14:41:00+00:00,1897.9,82.11,338.5,13.98,388.1,27.5,622.4,0.0580,0.84,61.3,286.3,7.6
2025-04-08T14:42:00+00:00,1858.7,80.84,345.0,13.96,360.2,27.4,634.8,0.0570,0.75,61.3,286.3,9.3
2025-04-08T14:43:00+00:00,1918.5,78.70,341.6,13.69,391.7,27.1,587.4,0.0578,0.80,61.3,286.3,8.3
2025-04-08T14:44:00+00:00,2033.8,82.72,341.7,14.02,376.5,27.9,545.5,0.0583,0.77,61.3,286.3,8.5
2025-04-08T14:45:00+00:00,2043.1,81.53,351.3,13.53,386.8,28.1,589.8,0.0573,0.70,61.3,286.3,8.6
2025-04-08T14:46:00+00:00,1966.3,80.16,353.2,13.68,391.1,28.2,561.7,0.0568,0.67,61.3,286.3,8.1
2025-04-08T14:47:00+00:00,2115.6,79.47,354.5,14.08,377.9,28.9,501.3,0.0579,0.71,61.3,286.3,9.1
2025-04-08T14:48:00+00:00,1935.9,80.82,337.7,13.57,388.3,30.5,637.7,0.0653,0.73,61.3,286.3,9.3
2025-04-08T14:49:00+00:00,2096.5,80.91,349.9,13.98,403.2,27.8,621.5,0.0578,0.71,61.3,286.3,8.2
2025-04-08T14:50:00+00:00,2068.1,82.89,358.2,13.83,390.7,25.6,613.8,0.0570,0.63,61.3,286.3,9.8
2025-04-08T14:51:00+00:00,2039.8,82.59,348.3,13.75,382.4,29.1,592.5,0.0579,0.74,61.3,286.3,7.7
2025-04-08T14:52:00+00:00,2002.1,82.69,350.3,13.62,395.7,29.1,591.4,0.0585,0.60,61.3,286.3,9.2
2025-04-08T14:53:00+00:00,2155.6,80.90,355.5,13.88,381.1,27.1,591.0,0.0620,0.70,61.3,286.3,8.5
2025-04-08T14:54:00+00:00,2053.4,82.39,351.2,13.97,373.4,28.5,590.8,0.0573,0.68,61.3,286.3,10.1
2025-04-08T14:55:00+00:00,2082.9,81.73,345.5,13.68,390.1,26.1,520.1,0.0630,0.74,61.3,286.3,9.0
2025-04-08T14:56:00+00:00,1925.8,82.04,372.2,13.59,373.2,29.5,560.6,0.0612,0.69,61.3,286.3,7.5
2025-04-08T14:57:00+00:00,2163.5,84.27,336.2,13.93,409.8,26.3,621.1,0.0582,0.71,61.3,286.3,9.2
2025-04-08T14:58:00+00:00,2114.1,83.69,343.0,13.94,367.5,28.4,623.4,0.0574,0.66,61.3,286.3,9.0
2025-04-08T14:59:00+00:00,1968.2,80.93,345.9,13.96,399.6,24.8,560.0,0.0576,0.76,61.3,286.3,8.3
2025-04-08T15:00:00+00:00,2090.4,80.94,331.1,13.79,394.0,27.8,587.4,0.0620,0.73,61.3,286.3,9.0
2025-04-08T15:01:00+00:00,2097.6,84.19,351.1,13.71,377.3,29.8,617.4,0.0715,0.74,61.3,286.3,7.5
2025-04-08T15:02:00+00:00,2269.7,85.10,352.3,13.76,398.4,29.6,600.3,0.0581,0.65,61.3,286.3,6.8
2025-04-08T15:03:00+00:00,1976.4,84.70,347.7,13.59,391.4,26.0,580.5,0.0569,0.70,61.3,286.3,7.9
2025-04-08T15:04:00+00:00,2039.2,80.82,343.3,13.73,378.3,27.5,570.7,0.0586,0.77,61.3,286.3,7.7
2025-04-08T15:05:00+00:00,2074.7,83.06,345.6,14.02,393.7,27.0,580.1,0.0601,0.62,61.3,286.3,9.4
2025-04-08T15:06:00+00:00,2039.7,81.63,328.7,13.64,385.2,27.7,621.9,0.0575,0.70,61.3,286.3,8.9
2025-04-08T15:07:00+00:00,2454.3,83.04,346.7,14.03,375.6,29.2,542.3,0.0597,0.70,61.3,286.3,7.9
2025-04-08T15:08:00+00:00,2334.9,80.83,353.2,13.94,391.5,30.2,572.1,0.0668,0.70,61.3,286.3,8.4
2025-04-08T15:09:00+00:00,1706.4,80.04,351.8,13.63,383.1,26.9,626.1,0.0578,0.75,61.3,286.3,8.7
2025-04-08T15:10:00+00:00,2157.1,85.24,339.2,13.94,393.6,27.2,584.1,0.0585,0.74,61.3,286.3,8.3
2025-04-08T15:11:00+00:00,2397.7,82.43,339.4,13.91,411.8,28.7,597.2,0.0594,0.70,61.3,286.3,8.9
2025-04-08T15:12:00+00:00,2113.7,84.28,343.3,14.10,355.4,28.1,569.8,0.0583,0.74,61.3,286.3,7.9
2025-04-08T15:13:00+00:00,2034.4,82.59,341.5,13.95,383.9,27.9,583.2,0.0570,0.65,61.3,286.3,8.7
2025-04-08T15:14:00+00:00,2514.2,81.88,344.8,13.74,403.9,27.2,559.2,0.0601,0.71,61.3,286.3,9.2
2025-04-08T15:15:00+00:00,1901.8,84.75,352.9,13.99,384.1,28.4,592.2,0.0600,0.67,61.3,286.3,8.0
2025-04-08T15:16:00+00:00,1925.1,83.97,353.5,13.80,393.8,26.6,627.4,0.0632,0.68,61.3,286.3,9.9
2025-04-08T15:17:00+00:00,1991.4,81.21,341.2,13.87,383.8,28.7,539.1,0.0583,0.77,61.3,286.3,9.2
2025-04-08T15:18:00+00:00,2070.6,82.57,337.0,13.79,395.1,28.7,564.1,0.0621,0.78,61.3,286.3,6.8
2025-04-08T15:19:00+00:00,1887.6,83.27,359.0,14.22,378.0,24.5,611.5,0.0575,0.79,61.3,286.3,9.1
2025-04-08T15:20:00+00:00,1945.1,80.47,356.8,13.83,378.6,28.6,556.6,0.0567,0.67,61.3,286.3,9.7
2025-04-08T15:21:00+00:00,2456.1,82.99,334.8,13.62,389.8,28.4,607.5,0.0602,0.77,61.3,286.3,9.2
2025-04-08T15:22:00+00:00,2208.8,81.96,336.7,13.48,394.3,28.5,619.5,0.0637,0.67,61.3,286.3,9.7
2025-04-08T15:23:00+00:00,1987.0,81.43,345.4,13.95,366.9,27.4,590.7,0.0568,0.67,61.3,286.3,10.0
2025-04-08T15:24:00+00:00,1855.3,82.89,356.5,13.93,359.8,28.2,628.5,0.0570,0.74,61.3,286.3,6.2
2025-04-08T15:25:00+00:00,1922.8,81.80,346.4,13.57,384.8,25.2,604.8,0.0571,0.64,61.3,286.3,9.5
2025-04-08T15:26:00+00:00,1803.7,81.20,356.6,13.74,369.5,26.0,593.9,0.0618,0.69,61.3,286.3,7.5
2025-04-08T15:27:00+00:00,2243.1,83.93,348.8,13.73,388.2,28.4,603.7,0.0580,0.65,61.3,286.3,7.8
2025-04-08T15:28:00+00:00,2064.5,82.76,344.3,13.66,406.3,26.1,615.7,0.0633,0.68,61.3,286.3,6.4
2025-04-08T15:29:00+00:00,2061.4,84.54,362.8,13.85,388.7,27.5,613.4,0.0669,0.70,61.3,286.3,8.3
2025-04-08T15:30:00+00:00,2147.8,83.14,336.2,13.72,375.9,28.3,642.9,0.0614,0.72,61.3,286.3,9.2
2025-04-08T15:31:00+00:00,2047.5,82.57,347.5,13.59,383.3,25.9,601.6,0.0583,0.77,61.3,286.3,9.6
2025-04-08T15:32:00+00:00,2046.9,81.20,346.8,13.94,367.6,29.5,630.6,0.0577,0.74,61.3,286.3,8.8
2025-04-08T15:33:00+00:00,1929.9,81.13,335.4,13.76,377.3,27.2,569.2,0.0564,0.65,61.3,286.3,10.3
2025-04-08T15:34:00+00:00,2199.1,83.24,342.9,13.83,391.8,27.1,609.7,0.0626,0.80,61.3,286.3,7.4
2025-04-08T15:35:00+00:00,2094.8,78.07,356.7,13.62,386.1,29.6,563.2,0.0717,0.69,61.3,286.3,7.8
2025-04-08T15:36:00+00:00,2030.4,80.48,340.0,13.98,389.8,25.3,635.6,0.0626,0.74,61.3,286.3,8.0
2025-04-08T15:37:00+00:00,1892.6,80.53,362.6,13.87,383.5,25.9,587.2,0.0618,0.71,61.3,286.3,7.3
2025-04-08T15:38:00+00:00,2202.7,81.27,351.6,14.06,401.6,25.8,600.4,0.0643,0.72,61.3,286.3,6.8
2025-04-08T15:39:00+00:00,2177.6,84.69,352.3,13.99,415.7,29.2,624.2,0.0631,0.62,61.3,286.3,8.8
2025-04-08T15:40:00+00:00,2072.2,83.53,351.3,13.85,387.5,26.1,611.2,0.0710,0.67,61.3,286.3,7.2
2025-04-08T15:41:00+00:00,2295.7,82.34,336.6,13.77,376.6,27.2,592.6,0.0695,0.75,61.3,286.3,7.2
2025-04-08T15:42:00+00:00,1881.3,82.04,339.4,13.66,375.5,27.7,568.2,0.0590,0.69,61.3,286.3,8.6
2025-04-08T15:43:00+00:00,2040.7,84.06,344.2,13.68,402.6,29.6,589.6,0.0595,0.76,61.3,286.3,6.5
2025-04-08T15:44:00+00:00,1946.6,78.93,350.9,13.70,382.5,26.7,618.8,0.0628,0.63,61.3,286.3,6.9
2025-04-08T15:45:00+00:00,1914.8,82.45,348.0,13.59,380.0,29.3,564.1,0.0569,0.71,61.3,286.3,7.4
2025-04-08T15:46:00+00:00,1980.4,84.72,349.9,13.52,378.5,26.7,581.6,0.0632,0.72,61.3,286.3,7.5
2025-04-08T15:47:00+00:00,2016.1,81.06,354.5,14.10,375.1,29.1,584.2,0.0577,0.73,61.3,286.3,6.9
2025-04-08T15:48:00+00:00,1984.3,83.73,339.1,13.87,363.9,29.8,597.1,0.0578,0.75,61.3,286.3,9.3
2025-04-08T15:49:00+00:00,2198.4,80.93,337.8,13.73,383.3,28.5,615.2,0.0609,0.73,61.3,286.3,7.8
2025-04-08T15:50:00+00:00,2185.2,80.56,352.2,13.78,387.3,29.0,629.3,0.0690,0.74,61.3,286.3,6.2
2025-04-08T15:51:00+00:00,1875.6,82.83,346.6,14.02,370.5,29.0,593.7,0.0577,0.68,61.3,286.3,7.1
2025-04-08T15:52:00+00:00,2116.2,82.03,344.7,13.55,365.6,27.1,627.7,0.0646,0.76,61.3,286.3,8.9
2025-04-08T15:53:00+00:00,2062.8,83.27,352.1,13.77,365.6,28.4,609.6,0.0572,0.68,61.3,286.3,8.2
2025-04-08T15:54:00+00:00,2098.1,83.05,348.2,13.73,372.9,25.5,600.5,0.0613,0.89,61.3,286.3,8.8
2025-04-08T15:55:00+00:00,2116.3,80.28,350.5,13.84,381.7,27.9,591.8,0.0605,0.68,61.3,286.3,7.9
2025-04-08T15:56:00+00:00,1766.7,80.84,357.2,13.98,375.4,27.6,541.8,0.0640,0.72,61.3,286.3,8.3
2025-04-08T15:57:00+00:00,2032.4,81.76,345.2,14.04,383.5,26.0,617.4,0.0576,0.73,61.3,286.3,8.5
2025-04-08T15:58:00+00:00,1903.4,82.42,347.2,13.64,388.6,25.1,627.1,0.0578,0.80,61.3,286.3,8.7
2025-04-08T15:59:00+00:00,2003.9,82.47,367.7,13.79,393.9,30.7,592.2,0.0569,0.67,61.3,286.3,10.6
2025-04-08T16:00:00+00:00,1937.2,83.64,338.1,13.62,380.8,25.7,581.5,0.0565,0.66,61.3,286.3,7.8
2025-04-08T16:01:00+00:00,1851.1,79.07,347.7,13.71,351.7,25.8,569.1,0.0565,0.71,61.3,286.3,6.4
2025-04-08T16:02:00+00:00,2168.5,83.50,352.6,13.69,400.2,27.0,625.9,0.0584,0.73,61.3,286.3,10.4
2025-04-08T16:03:00+00:00,1933.5,78.26,354.1,13.78,379.4,28.7,670.7,0.0665,0.75,61.3,286.3,7.8
2025-04-08T16:04:00+00:00,2150.9,83.18,353.1,13.24,392.7,26.9,622.7,0.0584,0.74,61.3,286.3,7.3
2025-04-08T16:05:00+00:00,2049.2,82.94,346.7,13.62,387.3,26.2,587.8,0.0594,0.88,61.3,286.3,8.4
2025-04-08T16:06:00+00:00,1961.0,82.95,334.5,13.72,397.2,28.8,587.7,0.0581,0.81,61.3,286.3,8.7
2025-04-08T16:07:00+00:00,2101.7,81.04,363.7,13.67,358.0,24.7,607.3,0.0582,0.76,61.3,286.3,7.4
2025-04-08T16:08:00+00:00,2084.1,81.71,340.2,13.62,397.7,23.7,667.9,0.0578,0.72,61.3,286.3,7.5
2025-04-08T16:09:00+00:00,2172.9,82.16,340.3,13.83,384.3,28.2,612.1,0.0576,0.64,61.3,286.3,8.8
2025-04-08T16:10:00+00:00,1796.7,81.16,351.2,13.94,369.8,26.8,590.2,0.0561,0.71,61.3,286.3,10.1
2025-04-08T16:11:00+00:00,1982.1,80.31,353.4,13.68,406.6,28.2,672.0,0.0603,0.69,61.3,286.3,6.0
2025-04-08T16:12:00+00:00,2037.0,82.93,348.5,13.64,357.6,29.0,556.3,0.0583,0.78,61.3,286.3,9.9
2025-04-08T16:13:00+00:00,2078.8,83.90,346.6,13.92,374.6,28.6,657.8,0.0582,0.75,61.3,286.3,8.7
2025-04-08T16:14:00+00:00,998.4,79.76,366.2,13.90,346.8,29.8,548.0,0.0524,0.77,61.3,286.3,7.9
2025-04-08T16:15:00+00:00,997.2,78.77,356.1,13.91,364.0,28.4,556.2,0.0527,0.79,61.3,286.3,8.0
2025-04-08T16:16:00+00:00,868.4,79.55,354.6,13.96,334.8,26.3,604.3,0.0579,0.70,61.3,286.3,7.7
2025-04-08T16:17:00+00:00,1106.0,80.89,370.9,13.81,349.0,28.6,573.8,0.0530,0.76,61.3,286.3,6.6
2025-04-08T16:18:00+00:00,1043.1,80.56,351.1,13.82,356.4,29.0,544.3,0.0528,0.76,61.3,286.3,8.8
2025-04-08T16:19:00+00:00,939.0,78.38,348.1,14.04,337.4,27.4,558.7,0.0560,0.75,61.3,286.3,8.2
2025-04-08T16:20:00+00:00,1115.9,78.25,352.8,14.16,342.6,27.9,566.5,0.0558,0.78,61.3,286.3,8.2
2025-04-08T16:21:00+00:00,1149.8,79.54,339.8,13.83,352.1,27.2,475.3,0.0528,0.71,61.3,286.3,8.5
2025-04-08T16:22:00+00:00,914.4,82.48,357.8,13.57,348.4,25.3,573.5,0.0548,0.83,61.3,286.3,9.1
2025-04-08T16:23:00+00:00,1006.5,79.24,359.2,13.76,341.2,25.6,567.6,0.0592,0.68,61.3,286.3,8.0
2025-04-08T16:24:00+00:00,922.7,80.28,354.9,13.82,353.0,26.6,499.4,0.0525,0.73,61.3,286.3,8.6
2025-04-09T06:00:00+00:00,1112.8,80.79,369.0,13.69,381.6,28.0,508.8,0.0551,0.97,340.0,115.0,9.7
2025-04-09T06:01:00+00:00,1082.0,80.37,371.5,13.83,343.6,27.0,584.8,0.0567,0.94,340.0,115.0,11.0
2025-04-09T06:02:00+00:00,956.7,78.52,352.0,13.85,340.8,27.5,536.1,0.0545,0.91,340.0,115.0,10.4
2025-04-09T06:03:00+00:00,938.0,76.83,353.7,13.80,348.8,28.0,559.1,0.0533,0.87,340.0,115.0,10.9
2025-04-09T06:04:00+00:00,945.5,78.80,364.3,13.89,349.2,30.8,576.7,0.0540,0.91,340.0,115.0,11.3
2025-04-09T06:05:00+00:00,765.3,77.45,367.7,14.09,338.9,28.2,501.1,0.0536,0.93,340.0,115.0,11.2
2025-04-09T06:06:00+00:00,1044.1,80.05,344.8,13.97,354.9,29.0,512.4,0.0545,0.93,340.0,115.0,9.3
2025-04-09T06:07:00+00:00,1068.1,77.98,351.6,13.62,354.9,27.8,604.1,0.0550,0.97,340.0,115.0,10.5
2025-04-09T06:08:00+00:00,1065.6,77.47,361.5,13.84,355.8,26.0,600.3,0.0550,0.98,340.0,115.0,8.6
2025-04-09T06:09:00+00:00,1048.7,80.71,355.2,13.71,335.0,28.3,527.0,0.0636,0.99,340.0,115.0,10.3
2025-04-09T06:10:00+00:00,1918.2,83.27,362.0,13.84,354.2,28.1,624.3,0.0593,0.95,340.0,115.0,10.1
2025-04-09T06:11:00+00:00,1883.1,78.40,353.1,13.65,381.0,27.6,598.5,0.0585,0.87,340.0,115.0,10.0
2025-04-09T06:12:00+00:00,2057.9,82.96,351.6,13.85,386.3,25.6,602.5,0.0606,1.00,340.0,115.0,10.4
2025-04-09T06:13:00+00:00,2105.4,84.13,352.3,13.91,387.6,29.8,668.9,0.0600,0.92,340.0,115.0,10.6
2025-04-09T06:14:00+00:00,2008.7,82.82,368.6,13.60,392.3,29.1,627.1,0.0592,0.88,340.0,115.0,11.0
2025-04-09T06:15:00+00:00,2139.4,83.57,358.5,13.92,396.1,26.1,630.9,0.0595,0.85,340.0,115.0,10.0
2025-04-09T06:16:00+00:00,2120.0,84.18,343.5,13.87,396.2,26.6,637.7,0.0635,0.93,340.0,115.0,10.4
2025-04-09T06:17:00+00:00,1721.0,80.73,345.2,13.78,363.3,27.5,609.3,0.0579,0.92,340.0,115.0,9.6
2025-04-09T06:18:00+00:00,1992.3,81.78,344.2,13.83,378.0,27.8,622.4,0.0712,0.86,340.0,115.0,11.2
2025-04-09T06:19:00+00:00,1936.9,83.06,351.1,13.65,377.1,26.5,632.0,0.0588,0.90,340.0,115.0,12.1
2025-04-09T06:20:00+00:00,1858.6,84.10,353.8,13.78,389.6,26.5,589.2,0.0588,0.93,340.0,115.0,9.6
2025-04-09T06:21:00+00:00,2099.9,81.36,363.9,13.82,355.3,25.2,654.0,0.0677,0.97,340.0,115.0,11.1
2025-04-09T06:22:00+00:00,1913.6,82.21,356.1,13.67,388.0,28.8,610.4,0.0597,0.99,340.0,115.0,9.6
2025-04-09T06:23:00+00:00,2296.4,82.65,347.3,13.96,384.6,27.3,647.5,0.0604,0.86,340.0,115.0,9.8
2025-04-09T06:24:00+00:00,1997.9,79.58,338.2,13.78,389.0,29.6,625.5,0.0604,0.94,340.0,115.0,10.0
2025-04-09T06:25:00+00:00,1857.4,83.18,349.9,13.57,396.0,28.5,616.9,0.0648,0.92,340.0,115.0,9.0
2025-04-09T06:26:00+00:00,2127.7,81.87,337.7,13.90,388.5,26.0,588.8,0.0624,0.95,340.0,115.0,9.4
2025-04-09T06:27:00+00:00,2075.7,80.69,362.1,13.63,409.1,28.2,601.0,0.0596,0.89,340.0,115.0,11.8
2025-04-09T06:28:00+00:00,1978.7,82.25,347.2,13.74,385.5,28.4,646.5,0.0606,1.05,340.0,115.0,9.8
2025-04-09T06:29:00+00:00,2072.2,83.97,355.0,13.65,377.7,28.6,620.3,0.0629,0.84,340.0,115.0,10.3
2025-04-09T06:30:00+00:00,2037.2,82.77,355.7,13.89,361.0,27.6,638.8,0.0586,0.83,340.0,115.0,11.1
2025-04-09T06:31:00+00:00,2104.8,82.44,352.2,13.88,384.2,29.8,585.0,0.0605,0.95,340.0,115.0,11.8
2025-04-09T06:32:00+00:00,2073.1,81.84,351.1,13.83,384.4,27.8,556.0,0.0593,0.86,340.0,115.0,9.6
2025-04-09T06:33:00+00:00,1903.4,83.37,358.8,13.76,380.8,29.2,579.9,0.0635,0.86,340.0,115.0,9.9
2025-04-09T06:34:00+00:00,1875.7,82.22,355.5,13.83,367.6,28.2,566.6,0.0702,0.83,340.0,115.0,10.4
2025-04-09T06:35:00+00:00,1875.4,79.76,345.0,13.56,351.5,24.5,616.9,0.0599,0.93,340.0,115.0,11.7
2025-04-09T06:36:00+00:00,2016.7,81.35,358.8,13.63,383.2,29.5,577.4,0.0609,0.89,340.0,115.0,10.6
2025-04-09T06:37:00+00:00,1923.7,83.91,349.9,13.93,389.0,28.7,611.9,0.0597,0.92,340.0,115.0,10.9
2025-04-09T06:38:00+00:00,2172.3,81.88,359.3,13.85,387.2,28.2,622.3,0.0691,0.92,340.0,115.0,10.4
2025-04-09T06:39:00+00:00,2202.4,81.86,354.8,13.32,398.1,27.6,639.1,0.0682,0.95,340.0,115.0,10.5
2025-04-09T06:40:00+00:00,2170.2,81.33,360.7,13.87,362.6,28.5,569.9,0.0603,0.93,340.0,115.0,10.1
2025-04-09T06:41:00+00:00,1962.3,78.86,347.7,13.75,380.8,27.3,544.8,0.0614,1.03,340.0,115.0,8.0
2025-04-09T06:42:00+00:00,2033.5,84.34,360.4,13.99,363.3,29.8,552.9,0.0654,0.85,340.0,115.0,9.3
2025-04-09T06:43:00+00:00,2073.3,85.18,360.0,13.92,364.3,28.5,593.6,0.0593,0.88,340.0,115.0,8.3
2025-04-09T06:44:00+00:00,1979.6,81.52,354.0,13.99,388.2,29.9,602.9,0.0592,0.92,340.0,115.0,9.5
2025-04-09T06:45:00+00:00,2233.1,83.15,344.7,14.06,381.7,28.4,638.4,0.0607,0.90,340.0,115.0,9.5
2025-04-09T06:46:00+00:00,2165.0,80.12,340.0,13.88,388.5,28.7,589.2,0.0603,0.91,340.0,115.0,10.6
2025-04-09T06:47:00+00:00,2027.0,83.71,341.8,13.70,385.3,26.7,609.1,0.0596,0.80,340.0,115.0,11.8
2025-04-09T06:48:00+00:00,2155.1,83.21,337.4,14.11,393.2,29.3,622.9,0.0601,0.90,340.0,115.0,11.0
2025-04-09T06:49:00+00:00,1920.3,83.17,350.6,14.08,378.2,28.2,561.7,0.0593,0.95,340.0,115.0,11.1
2025-04-09T06:50:00+00:00,1983.2,79.79,331.7,13.56,372.8,27.1,570.0,0.0590,0.89,340.0,115.0,10.8
2025-04-09T06:51:00+00:00,2449.0,82.79,341.8,13.74,409.9,29.2,588.2,0.0669,0.89,340.0,115.0,9.0
2025-04-09T06:52:00+00:00,2414.5,81.12,335.1,13.72,395.0,26.0,628.4,0.0708,0.95,340.0,115.0,9.3
2025-04-09T06:53:00+00:00,2448.4,83.30,336.8,13.47,394.6,29.0,628.0,0.0620,0.94,340.0,115.0,10.6
2025-04-09T06:54:00+00:00,2156.0,81.76,348.7,13.64,373.7,27.0,641.4,0.0613,0.87,340.0,115.0,10.3
2025-04-09T06:55:00+00:00,2506.3,84.74,334.5,13.76,407.4,27.8,596.1,0.0682,0.97,340.0,115.0,10.4
2025-04-09T06:56:00+00:00,2085.6,81.83,351.2,13.75,389.5,27.4,654.3,0.0604,0.97,340.0,115.0,10.0
2025-04-09T06:57:00+00:00,2428.1,83.56,345.5,13.73,368.7,27.0,606.2,0.0625,0.99,340.0,115.0,10.5
2025-04-09T06:58:00+00:00,2470.9,85.19,335.0,14.02,401.5,28.3,604.8,0.0634,0.92,340.0,115.0,9.5
2025-04-09T06:59:00+00:00,2011.6,79.32,347.5,13.64,381.0,27.6,619.4,0.0597,0.95,340.0,115.0,9.7
2025-04-09T07:00:00+00:00,1818.5,81.98,344.1,13.83,359.7,26.9,589.0,0.0582,0.90,340.0,115.0,7.9
2025-04-09T07:01:00+00:00,2503.7,85.31,334.8,13.81,401.4,25.4,629.4,0.0621,0.93,340.0,115.0,10.9
2025-04-09T07:02:00+00:00,2262.6,83.65,349.1,13.91,383.2,28.4,630.0,0.0748,0.98,340.0,115.0,9.7
2025-04-09T07:03:00+00:00,2434.3,84.36,346.2,13.76,416.8,28.8,610.8,0.0623,0.99,340.0,115.0,10.4
2025-04-09T07:04:00+00:00,2024.1,84.34,353.1,13.67,379.2,29.0,534.1,0.0637,1.05,340.0,115.0,11.3
2025-04-09T07:05:00+00:00,2034.0,80.03,338.6,13.71,366.6,26.2,603.8,0.0592,0.88,340.0,115.0,10.8
2025-04-09T07:06:00+00:00,2069.8,82.35,344.7,13.76,383.2,30.0,649.3,0.0603,0.96,340.0,115.0,10.6
2025-04-09T07:07:00+00:00,2131.7,81.28,335.8,13.82,383.9,29.0,594.6,0.0598,0.89,340.0,115.0,9.3
2025-04-09T07:08:00+00:00,1776.2,82.86,357.7,13.83,377.4,26.5,638.2,0.0628,0.93,340.0,115.0,11.4
2025-04-09T07:09:00+00:00,2097.7,80.42,349.6,13.97,412.9,26.3,590.5,0.0611,1.03,340.0,115.0,8.7
2025-04-09T07:10:00+00:00,1946.8,83.23,357.3,13.81,370.8,27.2,561.6,0.0593,0.93,340.0,115.0,10.6
2025-04-09T07:11:00+00:00,2103.6,80.58,353.4,13.67,387.3,28.2,599.6,0.0605,0.97,340.0,115.0,9.4
2025-04-09T07:12:00+00:00,2196.3,82.70,343.0,13.87,400.9,27.8,630.5,0.0602,0.89,340.0,115.0,10.4
2025-04-09T07:13:00+00:00,1916.5,80.59,342.8,13.89,385.9,28.4,649.4,0.0588,0.91,340.0,115.0,11.0
2025-04-09T07:14:00+00:00,1986.0,83.07,343.8,13.63,368.1,26.0,537.6,0.0592,0.90,340.0,115.0,11.4
2025-04-09T07:15:00+00:00,2019.5,79.78,356.4,14.04,375.3,27.6,605.7,0.0592,0.90,340.0,115.0,9.9
2025-04-09T07:16:00+00:00,1804.2,82.58,346.5,13.95,372.0,24.9,589.5,0.0591,0.88,340.0,115.0,10.5
2025-04-09T07:17:00+00:00,2024.6,84.31,366.4,13.96,374.3,28.3,595.3,0.0696,0.96,340.0,115.0,10.5
2025-04-09T07:18:00+00:00,2050.8,81.05,353.9,13.80,387.4,27.0,626.6,0.0616,0.99,340.0,115.0,10.2
2025-04-09T07:19:00+00:00,1907.8,80.14,338.3,13.72,349.8,23.7,624.6,0.0596,0.97,340.0,115.0,10.1
2025-04-09T07:20:00+00:00,1989.1,80.41,333.9,14.04,382.4,25.9,588.7,0.0593,0.90,340.0,115.0,10.8
2025-04-09T07:21:00+00:00,1970.6,82.62,344.4,13.74,378.3,27.6,565.4,0.0641,0.98,340.0,115.0,10.1
2025-04-09T07:22:00+00:00,2144.4,82.01,356.5,13.69,378.6,26.6,626.8,0.0647,1.04,340.0,115.0,11.0
2025-04-09T07:23:00+00:00,1936.6,81.61,362.4,13.75,367.4,23.3,564.0,0.0599,0.91,340.0,115.0,10.6
2025-04-09T07:24:00+00:00,1814.1,80.16,348.1,13.82,363.7,27.7,627.6,0.0633,0.94,340.0,115.0,10.6
2025-04-09T07:25:00+00:00,1936.5,84.62,354.9,13.88,378.4,26.8,601.9,0.0592,0.93,340.0,115.0,9.7
2025-04-09T07:26:00+00:00,2152.5,82.37,344.5,13.97,387.6,27.1,692.3,0.0649,0.91,340.0,115.0,11.1
2025-04-09T07:27:00+00:00,2106.9,83.60,351.8,13.67,386.4,27.9,603.5,0.0594,0.87,340.0,115.0,11.2
2025-04-09T07:28:00+00:00,2244.7,82.75,349.1,13.98,394.9,27.2,597.0,0.0607,0.91,340.0,115.0,10.5
2025-04-09T07:29:00+00:00,1844.3,79.33,356.9,13.82,355.5,26.2,606.4,0.0587,0.94,340.0,115.0,10.9
2025-04-09T07:30:00+00:00,1951.6,83.12,340.0,13.44,392.8,26.0,598.5,0.0638,0.95,340.0,115.0,9.6
2025-04-09T07:31:00+00:00,2026.1,81.94,343.3,13.82,391.2,29.0,657.3,0.0646,0.89,340.0,115.0,11.3
2025-04-09T07:32:00+00:00,2086.0,84.53,346.8,14.04,371.0,25.6,545.3,0.0600,0.94,340.0,115.0,11.0
2025-04-09T07:33:00+00:00,1885.0,84.67,365.5,14.02,384.2,26.5,553.4,0.0633,0.93,340.0,115.0,9.2
2025-04-09T07:34:00+00:00,2059.7,82.06,345.7,13.79,392.5,26.6,577.3,0.0590,0.85,340.0,115.0,9.6
2025-04-09T07:35:00+00:00,2191.6,83.52,352.4,13.91,374.7,28.0,589.2,0.0603,0.87,340.0,115.0,10.4
2025-04-09T07:36:00+00:00,1935.4,82.35,355.8,13.82,370.3,24.9,618.9,0.0601,1.01,340.0,115.0,8.4
2025-04-09T07:37:00+00:00,1912.3,83.74,353.9,14.25,387.6,27.7,644.9,0.0586,0.88,340.0,115.0,11.2
2025-04-09T07:38:00+00:00,1904.9,83.86,344.7,13.92,345.0,28.2,616.2,0.0589,0.93,340.0,115.0,11.3
2025-04-09T07:39:00+00:00,1923.5,82.84,354.0,13.57,394.5,27.0,558.9,0.0602,0.94,340.0,115.0,9.3
2025-04-09T07:40:00+00:00,2028.1,82.53,352.0,13.77,379.7,28.3,621.6,0.0620,0.92,340.0,115.0,10.3
2025-04-09T07:41:00+00:00,2086.6,82.35,336.4,13.93,383.9,28.3,592.3,0.0595,0.88,340.0,115.0,11.1
2025-04-09T07:42:00+00:00,2061.7,84.31,361.7,13.84,392.5,26.2,580.8,0.0634,0.89,340.0,115.0,9.5
2025-04-09T07:43:00+00:00,1913.6,80.90,344.2,13.66,382.4,25.7,566.0,0.0603,0.93,340.0,115.0,9.7
2025-04-09T07:44:00+00:00,2052.0,83.16,360.4,13.76,413.4,26.0,571.3,0.0603,0.98,340.0,115.0,11.3
2025-04-09T07:45:00+00:00,1834.1,84.50,356.2,13.75,377.5,27.0,608.6,0.0616,0.87,340.0,115.0,11.1
2025-04-09T07:46:00+00:00,1878.7,84.20,343.3,14.09,368.3,29.5,539.8,0.0617,0.89,340.0,115.0,11.2
2025-04-09T07:47:00+00:00,2170.1,84.61,339.6,13.96,385.6,26.3,598.1,0.0633,0.90,340.0,115.0,11.0
2025-04-09T07:48:00+00:00,1857.3,79.54,360.0,13.66,361.4,26.6,624.6,0.0663,0.87,340.0,115.0,10.6
2025-04-09T07:49:00+00:00,2148.9,82.01,347.7,13.99,373.7,26.4,616.3,0.0646,0.85,340.0,115.0,10.0
2025-04-09T07:50:00+00:00,2120.7,84.54,353.1,13.72,374.6,27.9,638.2,0.0598,0.89,340.0,115.0,9.8
2025-04-09T07:51:00+00:00,1830.5,80.91,354.9,13.76,391.2,29.3,550.6,0.0623,0.92,340.0,115.0,11.5
2025-04-09T07:52:00+00:00,891.0,76.60,354.8,13.68,357.3,25.3,555.1,0.0559,0.91,340.0,115.0,10.0
2025-04-09T07:53:00+00:00,1007.0,82.25,356.1,13.81,364.1,26.1,575.3,0.0546,0.96,340.0,115.0,8.9
2025-04-09T07:54:00+00:00,1134.5,79.75,348.2,13.78,362.8,24.4,581.4,0.0661,0.90,340.0,115.0,9.9
2025-04-09T07:55:00+00:00,987.1,78.93,361.2,13.90,356.1,24.7,563.0,0.0538,0.90,340.0,115.0,10.7
2025-04-09T07:56:00+00:00,1083.5,78.52,354.2,14.02,352.1,28.5,573.1,0.0543,0.89,340.0,115.0,9.6
2025-04-09T07:57:00+00:00,902.6,78.49,352.4,13.90,349.1,28.9,500.0,0.0534,0.91,340.0,115.0,11.6
2025-04-09T07:58:00+00:00,1138.9,80.58,359.4,13.78,369.6,26.8,591.4,0.0536,0.79,340.0,115.0,10.0
2025-04-09T07:59:00+00:00,966.8,77.14,358.8,14.27,351.1,23.9,535.2,0.0543,0.94,340.0,115.0,10.0
2025-04-09T08:00:00+00:00,978.1,80.10,358.8,13.75,330.3,24.3,564.9,0.0579,0.99,340.0,115.0,12.0
2025-04-09T14:00:00+00:00,967.1,79.16,351.4,13.79,337.9,27.2,529.1,0.0588,0.91,340.0,115.0,9.5
2025-04-09T14:01:00+00:00,950.4,76.90,355.3,13.83,359.1,27.2,535.9,0.0569,0.96,340.0,115.0,9.8
2025-04-09T14:02:00+00:00,815.0,73.35,357.4,14.06,372.3,28.1,558.1,0.0534,0.95,340.0,115.0,9.8
2025-04-09T14:03:00+00:00,1063.2,80.34,353.2,13.76,333.9,27.6,588.8,0.0543,0.92,340.0,115.0,11.2
2025-04-09T14:04:00+00:00,1065.9,78.83,361.9,13.78,366.6,25.7,549.2,0.0546,0.93,340.0,115.0,9.9
2025-04-09T14:05:00+00:00,1103.4,78.62,351.4,13.72,361.0,24.8,518.9,0.0542,0.89,340.0,115.0,11.5
2025-04-09T14:06:00+00:00,1086.4,79.02,360.7,13.91,355.5,26.6,591.8,0.0552,0.96,340.0,115.0,10.3
2025-04-09T14:07:00+00:00,1022.6,77.98,359.5,13.84,344.4,25.5,541.2,0.0539,0.89,340.0,115.0,10.2
2025-04-09T14:08:00+00:00,995.8,79.03,350.2,13.92,345.9,28.5,527.7,0.0555,0.97,340.0,115.0,10.5
2025-04-09T14:09:00+00:00,1146.8,80.04,359.5,13.76,369.8,24.3,597.8,0.0553,0.97,340.0,115.0,9.8
2025-04-09T14:10:00+00:00,968.8,75.67,362.5,13.65,370.9,29.5,550.8,0.0574,0.94,340.0,115.0,9.5
2025-04-09T14:11:00+00:00,1017.3,77.77,359.1,14.08,352.2,25.2,577.4,0.0542,0.94,340.0,115.0,8.4
2025-04-09T14:12:00+00:00,943.3,76.32,354.9,13.98,362.4,25.2,566.5,0.0535,0.88,340.0,115.0,10.1
2025-04-09T14:13:00+00:00,1036.6,79.03,368.5,13.67,368.7,25.8,565.6,0.0581,0.92,340.0,115.0,9.6
2025-04-09T14:14:00+00:00,976.4,79.27,355.1,13.97,345.5,24.5,600.5,0.0541,0.96,340.0,115.0,9.1
2025-04-09T14:15:00+00:00,1973.6,80.98,352.0,13.74,374.0,27.0,603.6,0.0591,0.90,340.0,115.0,7.0
2025-04-09T14:16:00+00:00,2057.0,83.79,358.4,14.04,341.6,27.3,566.7,0.0604,0.95,340.0,115.0,10.6
2025-04-09T14:17:00+00:00,2018.1,80.37,351.2,13.68,391.4,27.5,638.7,0.0590,0.86,340.0,115.0,8.7
2025-04-09T14:18:00+00:00,1990.1,83.68,353.3,13.86,385.6,28.9,599.9,0.0631,0.99,340.0,115.0,10.5
2025-04-09T14:19:00+00:00,1949.1,83.20,343.2,13.76,378.1,29.7,617.5,0.0634,0.95,340.0,115.0,11.0
2025-04-09T14:20:00+00:00,2060.7,84.30,354.0,13.70,383.3,26.1,556.9,0.0598,0.93,340.0,115.0,8.8
2025-04-09T14:21:00+00:00,1986.5,82.70,358.1,13.73,390.2,27.4,621.6,0.0585,0.82,340.0,115.0,10.5
2025-04-09T14:22:00+00:00,2046.1,82.35,342.8,13.73,356.6,27.5,596.3,0.0586,0.81,340.0,115.0,11.2
2025-04-09T14:23:00+00:00,1950.8,81.04,353.2,14.00,385.6,27.3,628.7,0.0592,0.93,340.0,115.0,12.4
2025-04-09T14:24:00+00:00,1948.2,82.59,347.2,13.92,373.2,27.8,619.2,0.0599,0.99,340.0,115.0,11.4
2025-04-09T14:25:00+00:00,1968.1,81.74,346.2,13.76,389.0,25.7,597.3,0.0587,0.87,340.0,115.0,10.8
2025-04-09T14:26:00+00:00,2060.7,83.10,338.8,13.83,391.6,26.8,616.8,0.0600,0.96,340.0,115.0,11.5
2025-04-09T14:27:00+00:00,2108.1,83.69,354.3,13.90,380.4,28.3,642.6,0.0642,0.93,340.0,115.0,10.8
2025-04-09T14:28:00+00:00,2225.8,82.42,361.5,13.73,403.8,26.0,587.1,0.0612,0.99,340.0,115.0,10.6
2025-04-09T14:29:00+00:00,1982.3,80.22,346.4,14.03,395.1,28.0,585.2,0.0597,0.96,340.0,115.0,11.0
2025-04-09T14:30:00+00:00,1843.3,80.56,346.8,13.52,380.5,27.5,610.9,0.0588,0.94,340.0,115.0,8.6
2025-04-09T14:31:00+00:00,2182.2,81.70,334.0,13.85,378.2,28.2,645.1,0.0655,0.90,340.0,115.0,9.5
2025-04-09T14:32:00+00:00,2118.0,83.31,349.0,13.84,378.5,29.0,570.6,0.0622,0.92,340.0,115.0,10.3
2025-04-09T14:33:00+00:00,2035.7,81.39,361.1,13.86,398.2,25.9,608.5,0.0594,0.89,340.0,115.0,9.2
2025-04-09T14:34:00+00:00,2305.9,83.01,336.7,13.93,378.5,24.3,634.4,0.0615,0.98,340.0,115.0,10.5
2025-04-09T14:35:00+00:00,1987.4,83.29,347.1,13.71,366.2,25.7,557.7,0.0669,0.96,340.0,115.0,10.0
2025-04-09T14:36:00+00:00,1977.7,78.95,342.6,13.70,381.0,26.7,623.2,0.0614,0.87,340.0,115.0,10.4
2025-04-09T14:37:00+00:00,1946.2,82.30,351.8,14.03,390.0,27.2,604.4,0.0610,0.95,340.0,115.0,11.6
2025-04-09T14:38:00+00:00,1820.2,84.49,358.7,13.77,356.5,29.8,645.5,0.0682,0.89,340.0,115.0,9.0
2025-04-09T14:39:00+00:00,2007.4,82.16,347.8,13.68,372.8,25.1,638.7,0.0605,0.93,340.0,115.0,11.2
2025-04-09T14:40:00+00:00,2038.0,84.01,351.8,13.69,382.8,28.4,613.1,0.0624,0.92,340.0,115.0,11.4
2025-04-09T14:41:00+00:00,2017.5,82.14,358.0,13.66,381.2,27.9,567.2,0.0653,0.93,340.0,115.0,11.5
2025-04-09T14:42:00+00:00,2152.6,82.66,361.2,13.82,390.7,28.2,589.6,0.0678,0.94,340.0,115.0,8.8
2025-04-09T14:43:00+00:00,2058.1,81.62,356.6,13.65,385.6,27.7,550.5,0.0603,0.98,340.0,115.0,10.7
2025-04-09T14:44:00+00:00,2083.4,86.36,334.0,13.71,381.5,26.8,607.6,0.0599,0.93,340.0,115.0,11.6
2025-04-09T14:45:00+00:00,2153.2,81.43,342.0,13.60,379.6,26.8,601.8,0.0607,0.96,340.0,115.0,11.0
2025-04-09T14:46:00+00:00,2031.8,84.70,335.7,13.45,384.6,27.4,543.2,0.0591,0.88,340.0,115.0,9.2
2025-04-09T14:47:00+00:00,2098.7,82.73,346.5,13.78,367.8,26.8,611.0,0.0600,0.92,340.0,115.0,10.1
2025-04-09T14:48:00+00:00,2118.1,83.50,354.4,13.94,374.3,25.6,633.3,0.0604,0.97,340.0,115.0,9.5
2025-04-09T14:49:00+00:00,2038.1,82.89,358.5,13.90,396.3,28.4,606.8,0.0594,0.90,340.0,115.0,11.2
2025-04-09T14:50:00+00:00,2188.9,82.62,346.0,13.85,380.2,28.9,574.2,0.0600,0.86,340.0,115.0,11.5
2025-04-09T14:51:00+00:00,2047.6,81.54,358.6,13.77,356.6,27.0,622.5,0.0625,0.96,340.0,115.0,10.7
2025-04-09T14:52:00+00:00,1857.3,84.31,351.2,13.89,382.8,28.2,602.2,0.0589,0.95,340.0,115.0,9.4
2025-04-09T14:53:00+00:00,1975.2,81.24,346.8,13.73,374.5,27.9,653.0,0.0598,0.95,340.0,115.0,8.5
2025-04-09T14:54:00+00:00,2044.4,82.68,344.7,13.77,392.3,28.5,612.7,0.0590,0.85,340.0,115.0,9.4
2025-04-09T14:55:00+00:00,2230.5,82.85,342.5,13.91,385.1,28.0,583.1,0.0651,1.04,340.0,115.0,9.5
2025-04-09T14:56:00+00:00,2012.0,81.69,343.2,13.78,378.7,27.4,557.6,0.0649,0.88,340.0,115.0,12.1
2025-04-09T14:57:00+00:00,1962.6,82.94,368.4,13.73,367.9,24.6,656.4,0.0633,0.83,340.0,115.0,11.5
2025-04-09T14:58:00+00:00,2073.4,81.85,355.7,13.78,373.7,26.4,666.7,0.0621,0.95,340.0,115.0,9.9
2025-04-09T14:59:00+00:00,1937.3,81.53,354.5,13.84,393.7,28.6,563.2,0.0595,0.96,340.0,115.0,10.4
2025-04-09T15:00:00+00:00,2002.3,83.80,350.3,13.81,393.3,27.8,602.5,0.0667,0.94,340.0,115.0,10.3
2025-04-09T15:01:00+00:00,1973.6,81.58,353.4,13.79,371.9,29.4,604.0,0.0596,0.94,340.0,115.0,12.1
2025-04-09T15:02:00+00:00,2035.3,80.06,354.8,13.61,375.4,26.7,607.4,0.0595,0.91,340.0,115.0,8.4
2025-04-09T15:03:00+00:00,2042.7,84.33,345.3,13.68,388.8,27.9,627.5,0.0595,0.90,340.0,115.0,11.7
2025-04-09T15:04:00+00:00,2008.5,79.47,351.8,13.91,369.9,27.2,612.7,0.0657,0.82,340.0,115.0,10.5
2025-04-09T15:05:00+00:00,2121.6,84.09,344.3,13.60,386.0,28.1,584.8,0.0605,0.96,340.0,115.0,9.7
2025-04-09T15:06:00+00:00,1922.5,79.93,356.8,13.84,381.2,27.0,634.2,0.0617,0.97,340.0,115.0,10.8
2025-04-09T15:07:00+00:00,2043.7,81.49,342.1,13.63,394.9,26.7,638.6,0.0682,0.86,340.0,115.0,9.8
2025-04-09T15:08:00+00:00,2084.6,84.01,356.8,13.66,401.7,29.1,612.5,0.0597,0.91,340.0,115.0,10.7
2025-04-09T15:09:00+00:00,1908.1,82.20,357.3,13.92,373.9,26.7,619.2,0.0597,0.93,340.0,115.0,10.9
2025-04-09T15:10:00+00:00,1992.2,81.55,353.4,13.82,392.3,26.2,552.3,0.0590,0.88,340.0,115.0,8.8
2025-04-09T15:11:00+00:00,2008.3,82.10,342.8,13.86,371.1,26.9,683.7,0.0591,0.88,340.0,115.0,11.9
2025-04-09T15:12:00+00:00,2040.1,85.16,369.5,13.97,373.0,28.5,587.4,0.0597,0.92,340.0,115.0,9.5
2025-04-09T15:13:00+00:00,2502.8,81.89,354.6,13.50,406.7,27.2,614.2,0.0626,0.97,340.0,115.0,10.6
2025-04-09T15:14:00+00:00,2470.8,84.18,362.6,13.86,397.8,27.5,667.2,0.0619,0.92,340.0,115.0,10.2
2025-04-09T15:15:00+00:00,2070.9,82.42,354.5,13.84,407.3,26.4,632.9,0.0596,0.91,340.0,115.0,10.6
2025-04-09T15:16:00+00:00,2010.0,81.78,349.2,13.96,394.9,28.1,588.8,0.0597,0.94,340.0,115.0,8.9
2025-04-09T15:17:00+00:00,2032.4,82.23,361.2,13.68,408.7,27.1,600.2,0.0643,1.06,340.0,115.0,10.8
2025-04-09T15:18:00+00:00,2534.6,84.46,344.8,13.73,399.0,28.8,661.5,0.0627,0.97,340.0,115.0,11.4
2025-04-09T15:19:00+00:00,2447.3,83.78,346.7,13.96,393.5,28.1,589.2,0.0611,0.84,340.0,115.0,10.0
2025-04-09T15:20:00+00:00,2099.8,80.06,344.1,14.09,362.5,27.8,557.3,0.0685,0.99,340.0,115.0,8.8
2025-04-09T15:21:00+00:00,2124.7,79.79,353.8,13.93,386.0,26.6,575.8,0.0589,0.80,340.0,115.0,9.6
2025-04-09T15:22:00+00:00,1854.2,80.73,347.7,13.70,390.6,28.9,517.8,0.0627,0.98,340.0,115.0,11.0
2025-04-09T15:23:00+00:00,2533.6,81.70,337.1,13.84,421.8,28.6,612.5,0.0624,0.93,340.0,115.0,8.6
2025-04-09T15:24:00+00:00,2138.0,83.51,346.7,13.84,384.3,27.9,556.8,0.0635,0.95,340.0,115.0,10.7
2025-04-09T15:25:00+00:00,2140.6,85.29,342.7,13.75,388.5,28.7,619.7,0.0596,0.86,340.0,115.0,9.6
2025-04-09T15:26:00+00:00,2525.2,83.91,339.9,13.86,384.0,25.4,690.7,0.0626,0.96,340.0,115.0,9.1
2025-04-09T15:27:00+00:00,2470.2,81.97,350.4,13.81,399.4,27.4,606.3,0.0685,0.91,340.0,115.0,10.4
2025-04-09T15:28:00+00:00,2373.2,86.97,342.6,13.75,383.2,26.5,565.5,0.0623,0.99,340.0,115.0,9.5
2025-04-09T15:29:00+00:00,2495.3,84.69,355.5,13.52,402.9,29.1,608.1,0.0675,0.85,340.0,115.0,10.9
2025-04-09T15:30:00+00:00,1941.7,78.80,353.7,13.92,362.5,27.9,596.8,0.0640,0.98,340.0,115.0,9.6
2025-04-09T15:31:00+00:00,2049.6,81.95,343.9,13.79,378.1,26.8,631.3,0.0593,0.89,340.0,115.0,10.4
2025-04-09T15:32:00+00:00,2452.2,82.52,355.3,13.87,371.9,29.0,718.6,0.0713,0.92,340.0,115.0,8.3
2025-04-09T15:33:00+00:00,2460.1,83.09,346.9,13.96,404.9,29.1,613.7,0.0614,0.86,340.0,115.0,10.2
2025-04-09T15:34:00+00:00,2053.1,83.64,355.9,13.57,392.3,26.9,624.2,0.0596,0.92,340.0,115.0,10.5
2025-04-09T15:35:00+00:00,2405.7,84.01,355.9,13.57,395.3,29.8,646.0,0.0620,0.97,340.0,115.0,10.3
2025-04-09T15:36:00+00:00,1969.7,82.36,358.2,13.85,393.2,26.0,621.3,0.0596,0.96,340.0,115.0,10.8
2025-04-09T15:37:00+00:00,2060.8,85.13,349.0,13.58,368.8,29.2,591.9,0.0633,0.96,340.0,115.0,12.4
2025-04-09T15:38:00+00:00,2448.4,81.48,358.0,13.75,394.0,26.7,611.0,0.0623,0.89,340.0,115.0,9.9
2025-04-09T15:39:00+00:00,2007.8,81.69,339.7,13.86,369.0,28.1,587.4,0.0595,0.93,340.0,115.0,10.5
2025-04-09T15:40:00+00:00,2467.2,83.78,334.7,13.61,385.1,29.1,643.2,0.0625,0.99,340.0,115.0,10.9
2025-04-09T15:41:00+00:00,2562.4,82.91,344.0,13.57,396.7,28.9,625.2,0.0624,0.92,340.0,115.0,11.3
2025-04-09T15:42:00+00:00,1967.0,85.43,345.3,13.69,382.2,28.5,568.9,0.0653,0.89,340.0,115.0,9.6
2025-04-09T15:43:00+00:00,2067.0,82.54,354.2,14.11,357.5,29.0,595.8,0.0600,0.95,340.0,115.0,9.1
2025-04-09T15:44:00+00:00,2544.1,84.68,343.0,13.85,410.9,28.2,634.4,0.0628,0.98,340.0,115.0,10.8
2025-04-09T15:45:00+00:00,2047.9,81.81,358.0,13.86,402.2,28.3,542.8,0.0601,0.97,340.0,115.0,11.5
2025-04-09T15:46:00+00:00,2144.4,83.71,351.3,13.69,389.5,27.5,559.9,0.0609,0.98,340.0,115.0,9.9
2025-04-09T15:47:00+00:00,2044.9,82.99,369.0,14.01,386.7,28.4,658.8,0.0596,0.91,340.0,115.0,8.9
2025-04-09T15:48:00+00:00,2125.4,80.28,357.8,13.95,354.1,26.8,651.5,0.0603,0.93,340.0,115.0,10.6
2025-04-09T15:49:00+00:00,2000.1,83.42,356.1,13.95,374.6,26.6,576.7,0.0596,0.94,340.0,115.0,9.9
2025-04-09T15:50:00+00:00,1976.7,84.17,343.8,13.85,373.5,30.3,593.8,0.0583,0.82,340.0,115.0,10.4
2025-04-09T15:51:00+00:00,2118.7,81.83,350.2,13.70,403.7,27.3,538.5,0.0598,0.91,340.0,115.0,11.1
2025-04-09T15:52:00+00:00,1950.7,81.24,335.9,13.61,396.3,27.9,605.5,0.0621,0.96,340.0,115.0,9.6
2025-04-09T15:53:00+00:00,2074.9,85.84,368.2,13.83,369.0,24.5,610.0,0.0639,0.91,340.0,115.0,10.5
2025-04-09T15:54:00+00:00,1993.8,83.06,354.1,13.61,376.0,30.3,659.2,0.0595,0.92,340.0,115.0,11.0
2025-04-09T15:55:00+00:00,1770.6,81.84,361.6,13.81,375.3,27.1,544.8,0.0587,0.97,340.0,115.0,11.0
2025-04-09T15:56:00+00:00,1900.5,84.18,337.7,13.74,377.7,28.6,603.2,0.0588,0.90,340.0,115.0,10.7
2025-04-09T15:57:00+00:00,1993.7,81.01,355.9,13.81,374.3,29.3,613.6,0.0596,0.95,340.0,115.0,9.7
2025-04-09T15:58:00+00:00,1996.3,82.89,365.0,13.64,381.2,28.2,585.3,0.0593,0.90,340.0,115.0,12.5
2025-04-09T15:59:00+00:00,2180.6,82.08,337.0,13.85,374.7,29.6,620.2,0.0605,0.93,340.0,115.0,11.4
2025-04-09T16:00:00+00:00,2025.3,78.63,352.1,13.74,379.4,29.3,604.0,0.0596,0.92,340.0,115.0,10.0
2025-04-09T16:01:00+00:00,1888.9,81.43,352.6,13.77,379.0,29.1,643.4,0.0592,0.96,340.0,115.0,11.3
2025-04-09T16:02:00+00:00,2008.9,84.93,351.7,13.83,389.1,29.6,665.4,0.0661,0.94,340.0,115.0,8.6
2025-04-09T16:03:00+00:00,2026.7,81.58,341.1,13.63,378.5,25.2,554.6,0.0596,0.85,340.0,115.0,12.7
2025-04-09T16:04:00+00:00,2151.5,84.92,349.4,13.62,388.6,27.3,604.4,0.0659,0.92,340.0,115.0,12.0
2025-04-09T16:05:00+00:00,2076.1,84.15,345.2,13.81,382.3,28.0,651.5,0.0607,1.00,340.0,115.0,10.4
2025-04-09T16:06:00+00:00,2211.1,84.82,344.8,13.44,394.9,26.8,587.2,0.0592,0.79,340.0,115.0,11.1
2025-04-09T16:07:00+00:00,2101.4,79.00,349.3,13.72,379.1,27.5,616.0,0.0602,0.96,340.0,115.0,11.8
2025-04-09T16:08:00+00:00,1812.3,81.55,347.4,13.79,394.7,27.2,580.1,0.0586,0.93,340.0,115.0,8.9
2025-04-09T16:09:00+00:00,2050.3,82.39,352.4,13.83,399.1,26.9,646.0,0.0607,1.02,340.0,115.0,11.5
2025-04-09T16:10:00+00:00,2132.3,80.35,351.6,14.08,394.0,26.9,547.9,0.0597,0.86,340.0,115.0,11.2
2025-04-09T16:11:00+00:00,1915.3,83.46,346.6,13.82,392.1,28.2,554.8,0.0590,0.92,340.0,115.0,11.2
2025-04-09T16:12:00+00:00,2016.4,81.21,343.0,13.73,375.6,25.1,568.7,0.0615,0.93,340.0,115.0,11.6
2025-04-09T16:13:00+00:00,1878.1,82.88,356.8,13.92,372.8,26.8,553.2,0.0651,0.88,340.0,115.0,9.8
2025-04-09T16:14:00+00:00,1986.0,81.91,364.0,13.83,389.3,26.9,598.9,0.0599,0.98,340.0,115.0,11.8
2025-04-09T16:15:00+00:00,1957.0,81.05,344.6,13.66,382.9,28.4,601.5,0.0620,0.95,340.0,115.0,10.1
2025-04-09T16:16:00+00:00,2133.8,85.77,343.2,13.72,388.2,27.7,596.0,0.0595,0.87,340.0,115.0,9.4
2025-04-09T16:17:00+00:00,1880.3,83.14,356.4,13.63,387.6,27.3,608.9,0.0592,0.94,340.0,115.0,10.3
2025-04-09T16:18:00+00:00,1981.6,80.46,351.7,14.05,370.7,31.1,589.8,0.0589,0.88,340.0,115.0,10.9
2025-04-09T16:19:00+00:00,2048.0,84.31,347.7,13.60,371.9,27.0,651.7,0.0602,0.97,340.0,115.0,8.8
2025-04-09T16:20:00+00:00,1964.5,85.48,350.8,13.60,394.0,29.6,614.7,0.0598,0.96,340.0,115.0,9.2
2025-04-09T16:21:00+00:00,2009.0,83.45,345.6,13.67,378.9,25.3,590.8,0.0596,0.92,340.0,115.0,7.7
2025-04-09T16:22:00+00:00,1940.4,85.00,349.6,13.66,372.9,28.2,621.5,0.0617,0.91,340.0,115.0,8.8
2025-04-09T16:23:00+00:00,2051.7,83.87,362.3,13.46,399.1,27.8,591.7,0.0681,0.95,340.0,115.0,10.8
2025-04-09T16:24:00+00:00,2050.5,82.28,338.2,14.06,402.8,25.7,588.2,0.0638,0.91,340.0,115.0,10.2
2025-04-09T16:25:00+00:00,1966.9,83.24,346.6,13.67,385.7,28.4,667.6,0.0590,0.88,340.0,115.0,11.5
2025-04-09T16:26:00+00:00,2078.5,81.37,351.6,13.71,368.9,27.7,553.1,0.0612,1.06,340.0,115.0,9.9
2025-04-09T16:27:00+00:00,2014.4,80.80,356.5,13.82,392.8,29.5,636.5,0.0643,0.98,340.0,115.0,9.0
2025-04-09T16:28:00+00:00,2016.4,83.91,349.1,13.92,376.3,26.4,577.5,0.0675,0.89,340.0,115.0,10.8
2025-04-09T16:29:00+00:00,1836.5,84.35,344.8,13.98,394.6,29.3,549.0,0.0609,0.96,340.0,115.0,9.9
2025-04-09T16:30:00+00:00,1971.7,81.52,340.5,13.88,355.0,24.7,537.4,0.0604,1.03,340.0,115.0,10.4
2025-04-09T16:31:00+00:00,2090.9,81.84,355.9,13.79,374.0,26.4,682.3,0.0634,0.94,340.0,115.0,9.0
2025-04-09T16:32:00+00:00,2026.7,82.75,336.2,13.91,395.8,27.8,615.6,0.0627,0.92,340.0,115.0,9.6
2025-04-09T16:33:00+00:00,2045.0,79.28,338.6,13.52,390.3,28.4,612.4,0.0599,0.94,340.0,115.0,8.1
2025-04-09T16:34:00+00:00,2122.4,84.75,356.9,13.88,383.2,25.6,600.7,0.0601,0.93,340.0,115.0,10.7
2025-04-09T16:35:00+00:00,2010.4,83.08,345.1,13.72,375.8,28.1,596.4,0.0651,0.97,340.0,115.0,11.0
2025-04-09T16:36:00+00:00,2005.7,83.08,341.3,13.77,373.6,25.7,615.6,0.0595,0.87,340.0,115.0,10.1
2025-04-09T16:37:00+00:00,2017.3,81.90,346.2,13.53,388.3,29.3,563.4,0.0582,0.80,340.0,115.0,10.4
2025-04-09T16:38:00+00:00,1954.1,83.13,358.1,13.66,384.5,30.9,636.7,0.0596,0.95,340.0,115.0,11.3
2025-04-09T16:39:00+00:00,1837.2,83.43,352.8,13.75,383.5,25.8,551.7,0.0625,0.84,340.0,115.0,9.7
2025-04-09T16:40:00+00:00,1982.3,83.64,345.7,13.98,389.0,26.3,597.0,0.0598,0.97,340.0,115.0,11.3
2025-04-09T16:41:00+00:00,1981.7,82.91,334.0,13.79,378.4,27.6,588.6,0.0593,0.92,340.0,115.0,9.8
2025-04-09T16:42:00+00:00,2099.7,83.37,357.6,14.08,369.7,28.4,578.0,0.0606,0.84,340.0,115.0,12.0
2025-04-09T16:43:00+00:00,1026.7,76.93,373.5,13.72,350.0,31.2,515.4,0.0569,0.90,340.0,115.0,10.1
2025-04-09T16:44:00+00:00,1034.8,82.95,367.4,14.03,356.0,28.1,584.5,0.0597,0.90,340.0,115.0,9.7
2025-04-09T16:45:00+00:00,920.6,76.22,355.0,13.84,343.5,29.6,556.3,0.0598,0.80,340.0,115.0,9.4
2025-04-09T16:46:00+00:00,910.6,76.50,354.4,13.84,322.1,28.0,578.7,0.0555,0.94,340.0,115.0,9.6
2025-04-09T16:47:00+00:00,925.1,78.20,363.0,13.85,330.5,29.4,542.9,0.0570,0.95,340.0,115.0,9.6
2025-04-09T16:48:00+00:00,787.9,79.17,366.6,13.83,341.0,28.2,514.3,0.0528,0.90,340.0,115.0,12.3
2025-04-09T16:49:00+00:00,927.0,78.78,357.9,14.10,348.9,25.4,483.1,0.0541,0.97,340.0,115.0,11.4
2025-04-09T16:50:00+00:00,987.8,78.23,351.7,13.99,361.9,26.5,547.9,0.0535,0.87,340.0,115.0,9.1
2025-04-09T16:51:00+00:00,869.9,78.94,353.4,13.95,374.7,29.3,516.3,0.0541,0.98,340.0,115.0,9.5
2025-04-09T16:52:00+00:00,932.5,79.77,337.7,13.81,348.7,28.3,550.6,0.0578,0.97,340.0,115.0,10.1
2025-04-09T16:53:00+00:00,951.3,79.49,363.9,13.78,356.5,28.5,540.6,0.0552,0.96,340.0,115.0,10.9
2025-04-09T16:54:00+00:00,857.3,77.27,352.4,13.65,341.4,27.0,559.8,0.0559,0.94,340.0,115.0,10.1
2025-04-09T16:55:00+00:00,916.4,78.50,365.5,13.57,336.7,25.8,582.3,0.0532,0.88,340.0,115.0,10.7
2025-04-09T16:56:00+00:00,961.9,81.16,359.4,14.08,362.7,28.1,499.6,0.0536,0.88,340.0,115.0,9.7
2025-04-10T06:00:00+00:00,936.0,79.51,352.9,13.77,358.0,29.3,620.3,0.0555,1.08,137.4,92.4,14.3
2025-04-10T06:01:00+00:00,990.6,79.57,353.8,13.68,365.4,25.1,551.2,0.0624,1.13,137.4,92.4,13.5
2025-04-10T06:02:00+00:00,952.3,80.64,351.8,13.82,364.0,30.0,578.5,0.0551,1.05,137.4,92.4,15.7
2025-04-10T06:03:00+00:00,1106.5,79.76,340.5,13.75,354.2,26.9,548.9,0.0550,0.96,137.4,92.4,14.2
2025-04-10T06:04:00+00:00,840.6,78.44,365.9,13.97,346.5,27.4,502.0,0.0542,1.02,137.4,92.4,15.0
2025-04-10T06:05:00+00:00,1059.1,78.86,350.5,13.70,335.8,25.8,579.2,0.0555,1.03,137.4,92.4,13.9
2025-04-10T06:06:00+00:00,943.9,79.56,350.2,13.73,342.8,28.6,576.6,0.0587,1.01,137.4,92.4,14.5
2025-04-10T06:07:00+00:00,1095.9,77.18,356.7,13.99,363.6,26.4,596.7,0.0618,1.03,137.4,92.4,14.0
2025-04-10T06:08:00+00:00,1070.1,81.22,348.6,13.64,365.6,31.0,603.7,0.0552,0.99,137.4,92.4,15.2
2025-04-10T06:09:00+00:00,965.7,78.59,361.6,13.98,345.9,25.0,519.4,0.0549,1.01,137.4,92.4,14.6
2025-04-10T06:10:00+00:00,1972.5,82.36,357.6,14.01,398.7,26.8,598.6,0.0612,1.01,137.4,92.4,12.4
2025-04-10T06:11:00+00:00,1968.8,81.94,338.5,13.72,386.8,25.6,536.4,0.0624,1.05,137.4,92.4,15.1
2025-04-10T06:12:00+00:00,2117.5,82.51,337.3,13.70,350.3,27.0,645.0,0.0620,1.05,137.4,92.4,14.6
2025-04-10T06:13:00+00:00,2246.5,81.39,359.7,14.00,398.6,29.7,555.8,0.0726,1.15,137.4,92.4,14.5
2025-04-10T06:14:00+00:00,2179.1,83.01,346.1,13.86,409.8,26.7,641.5,0.0644,1.04,137.4,92.4,14.9
2025-04-10T06:15:00+00:00,2028.4,82.43,350.9,13.55,384.9,27.9,623.0,0.0611,1.09,137.4,92.4,15.6
2025-04-10T06:16:00+00:00,1923.3,82.44,357.3,13.85,386.0,27.6,618.8,0.0605,1.08,137.4,92.4,15.5
2025-04-10T06:17:00+00:00,2253.3,83.74,353.6,13.56,399.5,26.9,652.6,0.0644,1.03,137.4,92.4,15.5
2025-04-10T06:18:00+00:00,1862.0,80.07,347.0,13.66,372.5,26.4,595.3,0.0595,1.03,137.4,92.4,14.1
2025-04-10T06:19:00+00:00,2138.0,81.35,356.6,13.73,371.9,28.7,613.2,0.0641,1.00,137.4,92.4,16.0
2025-04-10T06:20:00+00:00,1953.8,81.23,346.6,14.08,394.6,29.9,575.0,0.0606,1.05,137.4,92.4,15.1
2025-04-10T06:21:00+00:00,2233.0,80.68,351.9,13.82,395.2,28.8,609.8,0.0651,1.01,137.4,92.4,13.8
2025-04-10T06:22:00+00:00,1862.8,82.18,346.3,13.92,387.9,29.6,558.3,0.0598,1.03,137.4,92.4,13.8
2025-04-10T06:23:00+00:00,1864.8,82.30,350.0,13.99,367.7,28.9,595.4,0.0612,1.01,137.4,92.4,15.4
2025-04-10T06:24:00+00:00,2116.2,82.17,360.8,13.68,358.4,26.9,538.3,0.0614,1.03,137.4,92.4,14.9
2025-04-10T06:25:00+00:00,2082.2,82.53,347.3,13.80,398.9,26.1,593.3,0.0616,1.09,137.4,92.4,15.3
2025-04-10T06:26:00+00:00,1965.8,80.64,356.9,13.85,380.1,27.6,603.7,0.0650,1.16,137.4,92.4,16.0
2025-04-10T06:27:00+00:00,1974.2,82.17,348.3,13.74,368.6,26.6,594.4,0.0648,1.02,137.4,92.4,15.7
2025-04-10T06:28:00+00:00,2042.6,83.41,343.3,13.83,385.0,26.6,568.3,0.0613,1.08,137.4,92.4,13.6
2025-04-10T06:29:00+00:00,2145.3,85.63,344.7,13.69,394.7,27.5,550.7,0.0694,1.03,137.4,92.4,16.5
2025-04-10T06:30:00+00:00,1987.1,82.75,342.4,13.83,400.8,30.0,622.3,0.0660,1.01,137.4,92.4,14.9
2025-04-10T06:31:00+00:00,1934.4,81.02,352.8,13.96,357.3,26.2,636.3,0.0614,1.06,137.4,92.4,14.4
2025-04-10T06:32:00+00:00,2029.7,81.18,364.0,13.86,369.3,28.2,556.9,0.0603,0.99,137.4,92.4,14.0
2025-04-10T06:33:00+00:00,2049.5,82.22,345.4,13.98,368.9,25.8,602.9,0.0687,1.01,137.4,92.4,14.9
2025-04-10T06:34:00+00:00,2034.3,81.09,345.6,13.84,379.3,28.8,649.1,0.0617,1.12,137.4,92.4,14.9
2025-04-10T06:35:00+00:00,2040.8,83.14,349.0,13.84,415.3,25.2,573.5,0.0678,1.10,137.4,92.4,15.5
2025-04-10T06:36:00+00:00,1847.1,81.29,350.5,13.78,392.5,27.8,619.9,0.0661,1.00,137.4,92.4,14.1
2025-04-10T06:37:00+00:00,1983.8,82.92,336.8,13.85,369.5,26.9,632.4,0.0654,1.07,137.4,92.4,14.1
2025-04-10T06:38:00+00:00,1967.5,81.27,349.6,13.81,382.0,27.8,561.8,0.0649,1.02,137.4,92.4,11.8
2025-04-10T06:39:00+00:00,1886.5,79.70,365.5,14.00,377.4,27.4,594.2,0.0607,1.12,137.4,92.4,14.4
2025-04-10T06:40:00+00:00,1958.3,82.90,357.1,13.84,360.6,27.7,601.7,0.0612,1.12,137.4,92.4,15.3
2025-04-10T06:41:00+00:00,1890.7,79.85,351.2,13.81,375.4,28.3,598.6,0.0591,0.95,137.4,92.4,16.6
2025-04-10T06:42:00+00:00,2021.3,84.06,354.8,13.88,372.9,28.0,566.2,0.0607,1.03,137.4,92.4,14.7
2025-04-10T06:43:00+00:00,1946.8,80.03,359.1,13.72,400.6,29.2,539.6,0.0636,0.97,137.4,92.4,13.8
2025-04-10T06:44:00+00:00,1915.3,77.20,346.4,13.96,372.9,28.7,585.0,0.0617,1.01,137.4,92.4,16.5
2025-04-10T06:45:00+00:00,2145.1,82.73,362.3,13.89,392.8,26.5,634.7,0.0673,1.04,137.4,92.4,14.8
2025-04-10T06:46:00+00:00,2101.4,82.34,356.8,14.08,355.7,29.5,598.5,0.0647,1.07,137.4,92.4,14.2
2025-04-10T06:47:00+00:00,2002.2,80.90,364.7,13.78,405.1,29.2,599.9,0.0609,1.06,137.4,92.4,15.6
2025-04-10T06:48:00+00:00,2083.2,83.30,351.4,13.92,385.9,28.6,601.3,0.0608,1.00,137.4,92.4,15.4
2025-04-10T06:49:00+00:00,2054.4,81.92,333.0,13.64,399.0,28.7,571.1,0.0618,1.11,137.4,92.4,15.8
2025-04-10T06:50:00+00:00,2464.8,85.62,336.3,13.98,374.0,28.6,630.3,0.0628,1.01,137.4,92.4,14.3
2025-04-10T06:51:00+00:00,1990.3,82.51,353.3,13.62,370.2,25.8,632.5,0.0615,1.02,137.4,92.4,15.6
2025-04-10T06:52:00+00:00,1980.2,83.71,353.8,13.88,373.3,27.7,561.8,0.0596,0.94,137.4,92.4,15.4
2025-04-10T06:53:00+00:00,2507.7,84.50,341.8,13.69,389.1,25.9,599.8,0.0646,0.94,137.4,92.4,15.4
2025-04-10T06:54:00+00:00,2387.1,81.81,337.0,13.45,414.1,28.7,639.2,0.0646,1.02,137.4,92.4,15.1
2025-04-10T06:55:00+00:00,2437.0,84.64,345.1,13.68,398.6,27.9,646.1,0.0635,1.10,137.4,92.4,12.7
2025-04-10T06:56:00+00:00,2055.7,82.90,352.3,13.74,412.9,28.0,656.0,0.0615,1.09,137.4,92.4,13.6
2025-04-10T06:57:00+00:00,2192.6,82.70,350.3,13.70,377.3,25.6,663.3,0.0619,1.07,137.4,92.4,14.4
2025-04-10T06:58:00+00:00,2173.5,81.01,347.9,13.85,381.8,27.8,582.7,0.0683,1.01,137.4,92.4,15.6
2025-04-10T06:59:00+00:00,1984.1,82.81,354.7,13.63,402.7,28.8,563.7,0.0656,1.06,137.4,92.4,14.8
2025-04-10T07:00:00+00:00,2058.7,81.18,352.6,14.00,396.4,25.8,594.3,0.0630,1.05,137.4,92.4,14.5
2025-04-10T07:01:00+00:00,2097.7,82.56,353.2,13.94,391.4,30.7,606.8,0.0642,1.08,137.4,92.4,14.3
2025-04-10T07:02:00+00:00,1927.0,81.32,346.2,13.80,365.9,26.6,597.9,0.0593,0.95,137.4,92.4,14.3
2025-04-10T07:03:00+00:00,1911.1,81.96,358.8,13.66,349.7,29.5,632.7,0.0603,1.05,137.4,92.4,12.6
2025-04-10T07:04:00+00:00,2052.4,84.11,357.6,13.64,390.2,24.8,591.8,0.0608,1.03,137.4,92.4,15.4
2025-04-10T07:05:00+00:00,1644.2,80.82,354.8,13.87,373.5,27.2,517.3,0.0627,1.07,137.4,92.4,14.0
2025-04-10T07:06:00+00:00,2116.1,83.21,358.5,13.44,372.9,27.3,650.2,0.0614,1.05,137.4,92.4,13.8
2025-04-10T07:07:00+00:00,1875.4,81.48,352.0,13.76,389.5,31.1,617.9,0.0656,1.11,137.4,92.4,15.0
2025-04-10T07:08:00+00:00,1928.5,82.88,361.4,13.64,373.4,24.6,512.8,0.0605,1.06,137.4,92.4,13.8
2025-04-10T07:09:00+00:00,2072.7,81.34,355.3,13.72,377.2,27.8,578.5,0.0615,1.09,137.4,92.4,13.5
2025-04-10T07:10:00+00:00,2441.8,81.77,345.8,13.70,380.5,29.9,654.0,0.0666,1.08,137.4,92.4,14.6
2025-04-10T07:11:00+00:00,2352.8,83.99,351.4,13.80,407.2,26.5,654.1,0.0640,1.04,137.4,92.4,14.7
2025-04-10T07:12:00+00:00,1955.1,79.36,343.7,13.89,380.4,27.8,545.3,0.0684,1.10,137.4,92.4,14.6
2025-04-10T07:13:00+00:00,2128.2,82.50,343.7,13.57,394.3,27.2,553.1,0.0692,1.10,137.4,92.4,15.5
2025-04-10T07:14:00+00:00,1925.6,84.89,354.8,13.96,378.5,30.4,617.1,0.0606,1.08,137.4,92.4,14.8
2025-04-10T07:15:00+00:00,1934.1,82.50,347.4,14.09,394.9,26.6,547.4,0.0634,1.10,137.4,92.4,16.0
2025-04-10T07:16:00+00:00,2167.3,86.19,336.4,13.79,384.1,26.8,607.9,0.0642,1.12,137.4,92.4,14.9
2025-04-10T07:17:00+00:00,2072.3,83.14,356.9,13.70,388.8,28.6,577.5,0.0608,1.03,137.4,92.4,13.8
2025-04-10T07:18:00+00:00,1958.6,79.07,343.3,13.75,396.6,29.1,656.3,0.0609,1.09,137.4,92.4,15.5
2025-04-10T07:19:00+00:00,2045.6,83.83,332.8,13.83,399.4,29.1,605.4,0.0606,1.03,137.4,92.4,14.4
2025-04-10T07:20:00+00:00,1813.7,80.17,347.2,13.60,375.9,27.0,525.8,0.0657,1.01,137.4,92.4,16.5
2025-04-10T07:21:00+00:00,2170.4,83.84,343.8,13.86,394.9,27.3,624.6,0.0636,1.10,137.4,92.4,13.2
2025-04-10T07:22:00+00:00,1827.6,81.04,342.2,13.92,377.3,28.1,577.0,0.0602,1.10,137.4,92.4,13.4
2025-04-10T07:23:00+00:00,1937.0,80.95,354.9,13.78,361.4,27.8,617.8,0.0652,1.01,137.4,92.4,15.8
2025-04-10T07:24:00+00:00,2248.3,83.52,354.1,13.80,377.4,26.2,562.5,0.0671,1.04,137.4,92.4,15.5
2025-04-10T07:25:00+00:00,2114.2,82.69,341.2,13.67,400.4,26.7,549.0,0.0685,1.02,137.4,92.4,17.1
2025-04-10T07:26:00+00:00,2053.0,80.40,343.2,13.50,388.0,27.3,611.6,0.0621,1.03,137.4,92.4,15.9
2025-04-10T07:27:00+00:00,2042.7,83.41,345.3,13.73,377.2,26.2,592.5,0.0651,0.94,137.4,92.4,16.6
2025-04-10T07:28:00+00:00,1855.0,80.49,344.1,13.90,382.6,29.5,610.4,0.0596,1.02,137.4,92.4,14.9
2025-04-10T07:29:00+00:00,1843.6,79.52,342.1,14.02,371.6,27.4,621.8,0.0599,1.05,137.4,92.4,13.9
2025-04-10T07:30:00+00:00,2140.0,79.62,333.2,13.65,379.3,26.5,612.3,0.0615,1.06,137.4,92.4,14.9
2025-04-10T07:31:00+00:00,2220.2,83.61,345.1,13.80,372.5,26.4,578.5,0.0620,1.03,137.4,92.4,16.8
2025-04-10T07:32:00+00:00,2014.3,80.94,349.8,13.95,373.4,26.4,569.4,0.0598,0.96,137.4,92.4,14.9
2025-04-10T07:33:00+00:00,2047.5,83.22,349.1,13.87,375.9,27.5,534.4,0.0621,1.16,137.4,92.4,13.8
2025-04-10T07:34:00+00:00,2040.9,82.41,344.1,14.11,374.9,28.4,569.5,0.0646,1.14,137.4,92.4,15.3
2025-04-10T07:35:00+00:00,1908.7,82.93,355.1,14.05,415.4,25.3,637.6,0.0638,1.06,137.4,92.4,15.9
2025-04-10T07:36:00+00:00,2019.0,83.42,329.9,13.82,384.1,28.2,555.4,0.0602,0.98,137.4,92.4,14.9
2025-04-10T07:37:00+00:00,1930.3,83.79,330.0,13.82,364.2,26.8,587.6,0.0607,1.02,137.4,92.4,14.6
2025-04-10T07:38:00+00:00,1852.9,80.68,346.7,13.74,393.0,23.9,587.2,0.0595,1.02,137.4,92.4,16.7
2025-04-10T07:39:00+00:00,1914.8,83.05,348.3,13.84,366.3,27.3,608.6,0.0692,1.02,137.4,92.4,15.0
2025-04-10T07:40:00+00:00,2052.1,82.53,353.0,13.93,401.8,27.1,565.8,0.0694,1.08,137.4,92.4,14.6
2025-04-10T07:41:00+00:00,1868.9,81.92,357.8,13.84,371.9,29.9,603.4,0.0597,1.02,137.4,92.4,14.4
2025-04-10T07:42:00+00:00,1856.3,80.00,363.7,13.72,371.1,27.9,583.0,0.0600,1.06,137.4,92.4,13.3
2025-04-10T07:43:00+00:00,2020.9,83.27,335.7,13.75,363.1,23.5,619.4,0.0615,1.07,137.4,92.4,14.6
2025-04-10T07:44:00+00:00,1876.2,82.04,352.5,13.85,375.7,27.3,545.0,0.0599,1.04,137.4,92.4,15.8
2025-04-10T07:45:00+00:00,1912.9,80.43,339.6,13.93,356.7,27.4,594.5,0.0677,1.08,137.4,92.4,15.0
2025-04-10T07:46:00+00:00,2086.2,83.48,358.5,13.82,382.2,29.8,615.6,0.0614,0.99,137.4,92.4,16.0
2025-04-10T07:47:00+00:00,2013.5,83.15,349.3,13.86,360.6,28.5,629.9,0.0610,1.07,137.4,92.4,12.6
2025-04-10T07:48:00+00:00,1983.3,83.90,353.4,13.82,376.4,28.9,552.9,0.0599,0.97,137.4,92.4,15.1
2025-04-10T07:49:00+00:00,2099.3,84.40,349.3,13.83,395.9,27.1,601.0,0.0625,1.02,137.4,92.4,15.4
2025-04-10T07:50:00+00:00,1931.3,81.27,344.1,13.51,394.6,27.0,593.8,0.0609,1.10,137.4,92.4,15.0
2025-04-10T07:51:00+00:00,2127.8,81.41,334.2,13.83,384.1,28.6,637.6,0.0650,1.07,137.4,92.4,16.8
2025-04-10T07:52:00+00:00,2019.2,83.15,355.8,13.93,372.8,27.2,613.2,0.0615,1.06,137.4,92.4,14.8
2025-04-10T07:53:00+00:00,1977.3,83.52,359.3,13.90,372.9,23.6,623.9,0.0603,1.02,137.4,92.4,15.0
2025-04-10T07:54:00+00:00,1921.0,82.91,349.3,13.81,379.5,28.9,616.7,0.0606,1.07,137.4,92.4,13.7
2025-04-10T07:55:00+00:00,1031.9,80.34,372.2,13.79,358.7,26.0,571.0,0.0555,1.06,137.4,92.4,12.3
2025-04-10T07:56:00+00:00,1081.9,77.70,364.7,13.84,363.3,27.3,527.9,0.0563,1.09,137.4,92.4,13.6
2025-04-10T07:57:00+00:00,878.4,77.26,339.7,13.74,359.3,29.0,518.2,0.0546,1.04,137.4,92.4,17.5
2025-04-10T07:58:00+00:00,914.2,80.05,365.3,13.84,370.3,25.9,575.4,0.0552,0.97,137.4,92.4,14.8
2025-04-10T07:59:00+00:00,986.8,78.16,350.4,13.94,351.3,24.0,581.4,0.0545,0.97,137.4,92.4,15.5
2025-04-10T08:00:00+00:00,1049.4,81.93,366.2,13.75,352.6,28.2,560.2,0.0577,1.12,137.4,92.4,15.2
2025-04-10T08:01:00+00:00,1040.0,81.10,366.8,13.77,356.1,27.1,574.7,0.0563,1.13,137.4,92.4,14.6
2025-04-10T08:02:00+00:00,742.8,77.06,366.5,13.74,341.3,28.8,545.9,0.0540,1.05,137.4,92.4,14.9
2025-04-10T08:03:00+00:00,942.2,81.75,347.6,13.46,356.5,24.7,555.4,0.0615,1.00,137.4,92.4,14.6
2025-04-10T14:00:00+00:00,897.3,77.76,350.8,13.79,348.1,29.1,504.5,0.0585,1.07,137.4,92.4,16.0
2025-04-10T14:01:00+00:00,1018.3,78.48,361.1,13.55,358.3,28.6,511.5,0.0605,1.03,137.4,92.4,13.7
2025-04-10T14:02:00+00:00,1003.1,79.33,349.3,13.69,330.9,26.9,500.6,0.0553,1.05,137.4,92.4,15.4
2025-04-10T14:03:00+00:00,1020.0,78.75,358.4,13.91,357.7,31.0,578.7,0.0630,1.06,137.4,92.4,15.4
2025-04-10T14:04:00+00:00,958.3,80.17,345.6,13.73,352.8,25.2,573.5,0.0604,1.12,137.4,92.4,15.1
2025-04-10T14:05:00+00:00,1099.3,82.56,352.1,13.80,352.1,28.7,588.6,0.0587,1.09,137.4,92.4,16.1
2025-04-10T14:06:00+00:00,1074.2,77.40,354.2,13.85,363.0,26.8,585.2,0.0692,1.12,137.4,92.4,16.5
2025-04-10T14:07:00+00:00,1046.0,76.54,348.7,13.87,347.2,25.3,523.5,0.0560,1.09,137.4,92.4,14.0
2025-04-10T14:08:00+00:00,927.9,81.62,369.4,13.78,321.5,24.6,590.9,0.0604,1.07,137.4,92.4,14.1
2025-04-10T14:09:00+00:00,757.6,78.40,353.0,13.78,345.0,27.5,561.2,0.0578,1.06,137.4,92.4,13.3
2025-04-10T14:10:00+00:00,1137.6,78.01,365.0,13.74,353.3,29.9,597.8,0.0608,1.01,137.4,92.4,15.8
2025-04-10T14:11:00+00:00,817.4,78.83,354.5,13.59,344.1,28.6,610.5,0.0557,1.03,137.4,92.4,13.4
2025-04-10T14:12:00+00:00,1934.2,82.73,345.5,13.81,379.4,26.7,585.0,0.0629,1.00,137.4,92.4,15.6
2025-04-10T14:13:00+00:00,2022.3,79.86,338.2,13.95,383.2,27.3,643.0,0.0611,1.06,137.4,92.4,14.3
2025-04-10T14:14:00+00:00,2217.6,83.82,344.6,13.84,387.0,28.3,642.4,0.0629,1.12,137.4,92.4,13.8
2025-04-10T14:15:00+00:00,2161.2,85.68,350.1,13.84,377.8,29.6,606.5,0.0630,1.20,137.4,92.4,14.2
2025-04-10T14:16:00+00:00,1969.4,82.07,351.1,14.02,389.6,28.5,575.6,0.0608,1.09,137.4,92.4,14.7
2025-04-10T14:17:00+00:00,2130.8,82.52,350.0,13.97,367.6,29.3,693.2,0.0617,1.08,137.4,92.4,15.0
2025-04-10T14:18:00+00:00,2069.9,81.16,340.1,13.59,367.4,30.0,635.6,0.0625,0.97,137.4,92.4,14.8
2025-04-10T14:19:00+00:00,2187.5,81.81,352.3,13.83,372.0,27.4,650.3,0.0623,0.98,137.4,92.4,15.8
2025-04-10T14:20:00+00:00,1924.5,84.14,345.1,13.92,393.4,27.0,622.0,0.0650,1.13,137.4,92.4,14.4
2025-04-10T14:21:00+00:00,2014.1,82.74,354.6,13.97,358.1,29.9,584.3,0.0607,1.04,137.4,92.4,14.7
2025-04-10T14:22:00+00:00,2071.0,81.37,349.3,14.22,386.6,28.9,589.1,0.0617,1.04,137.4,92.4,15.2
2025-04-10T14:23:00+00:00,1994.8,81.69,358.6,13.76,369.9,26.6,576.0,0.0621,1.06,137.4,92.4,15.2
2025-04-10T14:24:00+00:00,2064.1,81.50,347.7,13.92,375.1,26.7,637.3,0.0666,1.08,137.4,92.4,13.6
2025-04-10T14:25:00+00:00,2092.2,84.22,346.8,13.70,379.0,27.8,585.9,0.0619,1.10,137.4,92.4,17.0
2025-04-10T14:26:00+00:00,2043.1,82.34,346.7,13.95,367.8,28.9,625.6,0.0677,0.98,137.4,92.4,13.0
2025-04-10T14:27:00+00:00,2026.8,82.44,342.8,13.83,350.9,25.8,598.7,0.0609,1.01,137.4,92.4,14.5
2025-04-10T14:28:00+00:00,1909.2,83.10,345.9,13.96,374.4,29.4,660.8,0.0603,1.05,137.4,92.4,13.4
2025-04-10T14:29:00+00:00,2008.6,82.65,345.3,13.56,402.3,29.0,655.6,0.0660,1.02,137.4,92.4,14.6
2025-04-10T14:30:00+00:00,1751.9,78.80,351.1,13.70,384.0,27.6,553.7,0.0625,1.11,137.4,92.4,14.6
2025-04-10T14:31:00+00:00,2038.6,82.10,346.3,14.19,377.7,26.8,633.0,0.0612,1.08,137.4,92.4,15.3
2025-04-10T14:32:00+00:00,2064.3,82.83,352.8,13.57,371.5,25.1,633.3,0.0612,1.06,137.4,92.4,12.8
2025-04-10T14:33:00+00:00,1947.2,80.87,347.8,13.84,376.0,25.5,631.3,0.0606,1.07,137.4,92.4,13.9
2025-04-10T14:34:00+00:00,1971.6,83.97,348.8,13.86,391.6,28.4,577.6,0.0603,1.02,137.4,92.4,15.2
2025-04-10T14:35:00+00:00,2011.4,79.20,342.7,13.84,386.8,27.8,635.5,0.0638,1.03,137.4,92.4,14.0
2025-04-10T14:36:00+00:00,2085.7,78.86,361.6,13.88,384.6,25.3,588.1,0.0614,1.08,137.4,92.4,15.7
2025-04-10T14:37:00+00:00,1887.2,80.41,332.4,14.00,381.6,26.5,627.2,0.0694,1.15,137.4,92.4,15.6
2025-04-10T14:38:00+00:00,1983.5,81.17,350.9,14.00,383.6,27.0,592.9,0.0609,1.09,137.4,92.4,15.7
2025-04-10T14:39:00+00:00,2040.8,81.69,331.3,13.75,376.1,27.7,577.2,0.0642,1.03,137.4,92.4,14.5
2025-04-10T14:40:00+00:00,1828.7,81.06,340.2,13.97,366.3,26.5,596.3,0.0588,0.95,137.4,92.4,15.4
2025-04-10T14:41:00+00:00,2114.0,81.94,354.8,13.86,391.7,26.0,554.7,0.0616,1.04,137.4,92.4,15.6
2025-04-10T14:42:00+00:00,1894.5,82.63,350.8,13.57,380.8,23.0,591.6,0.0604,1.08,137.4,92.4,16.1
2025-04-10T14:43:00+00:00,2012.8,81.61,347.9,13.85,382.2,27.4,666.4,0.0704,1.01,137.4,92.4,14.3
2025-04-10T14:44:00+00:00,1919.0,80.52,358.6,13.62,395.1,25.1,620.1,0.0601,1.04,137.4,92.4,13.2
2025-04-10T14:45:00+00:00,2034.3,82.24,347.8,13.65,364.4,27.0,685.5,0.0648,1.09,137.4,92.4,14.7
2025-04-10T14:46:00+00:00,2066.4,82.30,348.1,13.89,387.0,29.2,592.3,0.0652,1.09,137.4,92.4,14.1
2025-04-10T14:47:00+00:00,2173.6,83.05,350.1,13.76,384.6,27.2,615.7,0.0708,1.03,137.4,92.4,15.2
2025-04-10T14:48:00+00:00,2166.3,85.15,341.0,13.84,357.5,27.1,595.8,0.0612,1.02,137.4,92.4,15.1
2025-04-10T14:49:00+00:00,2107.8,81.29,340.9,13.57,374.9,27.5,541.1,0.0608,1.01,137.4,92.4,16.2
2025-04-10T14:50:00+00:00,1882.2,81.66,341.1,13.72,381.2,28.1,573.1,0.0613,1.03,137.4,92.4,16.1
2025-04-10T14:51:00+00:00,1836.4,83.00,350.1,13.84,372.2,28.1,547.3,0.0640,1.12,137.4,92.4,14.2
2025-04-10T14:52:00+00:00,1876.5,81.77,343.3,13.92,400.4,27.0,554.6,0.0635,1.03,137.4,92.4,15.3
2025-04-10T14:53:00+00:00,2045.8,85.46,362.7,13.76,378.2,27.8,622.6,0.0618,1.03,137.4,92.4,16.3
2025-04-10T14:54:00+00:00,1911.9,81.05,356.4,13.99,377.7,29.5,616.9,0.0601,1.03,137.4,92.4,15.5
2025-04-10T14:55:00+00:00,2005.9,82.57,347.7,13.86,378.3,28.1,584.6,0.0601,0.95,137.4,92.4,15.2
2025-04-10T14:56:00+00:00,2020.9,82.87,363.6,13.78,391.6,31.8,600.6,0.0632,1.01,137.4,92.4,15.8
2025-04-10T14:57:00+00:00,1950.0,80.26,347.8,13.59,388.0,25.2,601.8,0.0603,1.04,137.4,92.4,15.1
2025-04-10T14:58:00+00:00,2099.8,82.64,342.2,13.78,375.7,24.5,630.2,0.0635,1.02,137.4,92.4,13.5
2025-04-10T14:59:00+00:00,2517.7,83.58,355.6,13.54,383.4,29.0,610.4,0.0628,1.00,137.4,92.4,14.6
2025-04-10T15:00:00+00:00,2192.6,83.16,340.8,13.92,394.7,27.3,569.2,0.0609,0.97,137.4,92.4,13.4
2025-04-10T15:01:00+00:00,1990.0,82.31,351.9,13.78,394.2,27.6,620.7,0.0734,1.08,137.4,92.4,16.1
2025-04-10T15:02:00+00:00,2520.2,83.16,339.3,13.79,403.5,26.4,635.1,0.0630,1.01,137.4,92.4,13.9
2025-04-10T15:03:00+00:00,2160.0,82.66,339.2,13.55,374.7,27.0,575.1,0.0641,1.10,137.4,92.4,15.9
2025-04-10T15:04:00+00:00,2525.3,81.57,346.6,13.93,414.4,27.7,623.8,0.0640,1.09,137.4,92.4,15.2
2025-04-10T15:05:00+00:00,2092.8,82.16,354.8,13.55,391.2,28.3,662.1,0.0627,1.07,137.4,92.4,13.4
2025-04-10T15:06:00+00:00,2530.9,85.07,333.4,13.89,386.9,29.5,661.5,0.0725,0.98,137.4,92.4,14.9
2025-04-10T15:07:00+00:00,2140.2,81.70,337.8,13.76,383.3,27.7,634.5,0.0624,1.15,137.4,92.4,14.5
2025-04-10T15:08:00+00:00,1991.9,79.95,369.3,13.87,370.4,29.2,567.8,0.0608,1.07,137.4,92.4,14.9
2025-04-10T15:09:00+00:00,2526.8,83.90,329.9,13.91,404.2,27.9,584.7,0.0644,1.13,137.4,92.4,14.8
2025-04-10T15:10:00+00:00,2486.6,86.04,350.9,13.62,408.8,28.7,699.0,0.0673,0.98,137.4,92.4,15.0
2025-04-10T15:11:00+00:00,2371.3,83.44,341.3,13.82,395.5,29.9,624.3,0.0639,1.12,137.4,92.4,15.4
2025-04-10T15:12:00+00:00,2462.0,86.59,350.4,13.87,391.4,27.3,607.8,0.0636,1.10,137.4,92.4,15.7
2025-04-10T15:13:00+00:00,1870.5,82.23,344.9,13.74,382.3,24.6,619.0,0.0597,1.01,137.4,92.4,13.9
2025-04-10T15:14:00+00:00,2561.0,83.71,346.3,13.55,386.0,27.5,610.4,0.0638,1.06,137.4,92.4,15.9
2025-04-10T15:15:00+00:00,2089.9,85.18,346.0,13.85,371.0,27.4,611.9,0.0635,1.08,137.4,92.4,16.0
2025-04-10T15:16:00+00:00,1969.0,82.40,362.2,13.71,362.9,24.5,657.7,0.0597,0.96,137.4,92.4,14.5
2025-04-10T15:17:00+00:00,1964.5,84.83,340.2,13.84,379.1,28.1,598.6,0.0596,0.97,137.4,92.4,15.0
2025-04-10T15:18:00+00:00,1775.2,79.46,366.2,13.94,384.3,26.8,606.8,0.0614,1.14,137.4,92.4,16.4
2025-04-10T15:19:00+00:00,1953.9,83.52,354.0,13.88,361.8,28.8,530.5,0.0606,1.00,137.4,92.4,13.4
2025-04-10T15:20:00+00:00,2145.5,84.13,333.4,13.99,395.5,29.3,672.8,0.0632,1.02,137.4,92.4,14.2
2025-04-10T15:21:00+00:00,1926.6,82.74,349.9,13.57,391.1,28.0,567.7,0.0591,0.94,137.4,92.4,14.2
2025-04-10T15:22:00+00:00,2430.0,84.97,345.0,13.78,394.8,29.0,580.1,0.0631,1.06,137.4,92.4,13.2
2025-04-10T15:23:00+00:00,2072.9,80.00,364.0,13.88,384.1,26.8,622.0,0.0603,0.98,137.4,92.4,14.3
2025-04-10T15:24:00+00:00,1749.4,80.28,345.7,13.94,382.9,28.7,586.9,0.0593,1.02,137.4,92.4,13.3
2025-04-10T15:25:00+00:00,1971.1,82.86,361.2,13.92,389.5,27.3,621.5,0.0596,0.94,137.4,92.4,15.2
2025-04-10T15:26:00+00:00,1881.3,82.12,347.4,13.77,387.9,28.3,622.5,0.0605,1.10,137.4,92.4,14.3
2025-04-10T15:27:00+00:00,1819.5,83.38,343.6,13.79,361.4,27.3,587.3,0.0596,1.04,137.4,92.4,15.1
2025-04-10T15:28:00+00:00,2103.2,80.56,354.7,13.60,380.8,28.3,627.9,0.0681,0.99,137.4,92.4,13.9
2025-04-10T15:29:00+00:00,2106.0,81.66,358.4,13.73,394.7,25.8,629.0,0.0639,1.04,137.4,92.4,14.2
2025-04-10T15:30:00+00:00,2027.9,83.84,362.7,13.53,389.1,27.7,599.5,0.0613,1.08,137.4,92.4,15.0
2025-04-10T15:31:00+00:00,2183.8,82.61,351.2,13.65,399.7,28.9,598.9,0.0606,0.96,137.4,92.4,15.1
2025-04-10T15:32:00+00:00,2031.8,84.18,349.9,13.67,383.4,30.1,610.1,0.0616,1.11,137.4,92.4,13.2
2025-04-10T15:33:00+00:00,1979.9,82.63,351.8,13.90,384.1,28.5,633.0,0.0607,1.06,137.4,92.4,15.3
2025-04-10T15:34:00+00:00,2011.7,85.10,352.4,13.81,380.8,28.0,614.9,0.0611,1.10,137.4,92.4,16.0
2025-04-10T15:35:00+00:00,2010.6,83.44,336.3,13.94,390.0,26.6,591.0,0.0658,1.05,137.4,92.4,14.5
2025-04-10T15:36:00+00:00,2102.6,78.89,349.2,13.74,367.6,27.2,617.5,0.0635,1.10,137.4,92.4,15.5
2025-04-10T15:37:00+00:00,1961.5,81.31,359.4,13.51,374.0,25.7,574.2,0.0663,1.09,137.4,92.4,15.8
2025-04-10T15:38:00+00:00,1975.2,81.85,346.6,13.84,379.8,26.3,609.3,0.0639,1.02,137.4,92.4,14.9
2025-04-10T15:39:00+00:00,2065.2,82.63,350.0,13.84,390.8,27.6,569.9,0.0617,1.11,137.4,92.4,13.5
2025-04-10T15:40:00+00:00,2091.2,83.39,348.5,13.71,391.7,26.9,584.4,0.0615,1.07,137.4,92.4,17.0
2025-04-10T15:41:00+00:00,1828.6,80.64,353.8,14.02,369.9,26.3,593.2,0.0599,1.06,137.4,92.4,15.7
2025-04-10T15:42:00+00:00,1885.2,82.93,355.6,13.59,369.2,26.6,606.4,0.0757,1.02,137.4,92.4,13.2
2025-04-10T15:43:00+00:00,2209.1,80.25,352.4,13.87,388.7,28.3,631.3,0.0615,1.02,137.4,92.4,15.7
2025-04-10T15:44:00+00:00,1939.6,82.21,347.5,13.66,388.8,25.2,618.3,0.0696,1.07,137.4,92.4,15.4
2025-04-10T15:45:00+00:00,1840.7,78.79,356.5,13.93,370.8,29.3,648.0,0.0589,0.96,137.4,92.4,12.5
2025-04-10T15:46:00+00:00,2093.8,82.56,351.6,14.00,369.2,28.7,593.5,0.0645,1.12,137.4,92.4,16.2
2025-04-10T15:47:00+00:00,1854.6,79.80,345.1,13.84,380.0,26.3,572.0,0.0603,1.09,137.4,92.4,14.8
2025-04-10T15:48:00+00:00,2025.2,83.05,339.4,13.84,381.8,25.8,567.3,0.0617,0.99,137.4,92.4,15.8
2025-04-10T15:49:00+00:00,1980.4,84.51,344.9,13.87,375.3,28.5,634.3,0.0614,1.12,137.4,92.4,14.7
2025-04-10T15:50:00+00:00,1921.3,78.92,355.8,13.77,376.5,30.2,583.6,0.0611,1.12,137.4,92.4,15.8
2025-04-10T15:51:00+00:00,1889.1,80.90,348.6,13.52,370.4,26.6,607.2,0.0689,0.97,137.4,92.4,14.6
2025-04-10T15:52:00+00:00,1874.8,82.70,355.8,14.12,379.9,26.3,617.4,0.0602,1.06,137.4,92.4,14.3
2025-04-10T15:53:00+00:00,2155.1,84.49,339.2,14.00,389.1,27.1,632.4,0.0611,0.97,137.4,92.4,16.1
2025-04-10T15:54:00+00:00,2204.0,83.46,344.6,13.84,415.1,29.6,587.1,0.0624,1.12,137.4,92.4,13.8
2025-04-10T15:55:00+00:00,1906.4,82.04,360.2,13.94,380.0,29.9,605.1,0.0618,1.04,137.4,92.4,15.7
2025-04-10T15:56:00+00:00,1850.7,81.68,349.5,13.84,387.0,29.2,569.3,0.0651,1.06,137.4,92.4,14.8
2025-04-10T15:57:00+00:00,1883.1,83.88,342.6,13.69,396.5,29.1,584.1,0.0610,1.12,137.4,92.4,14.2
2025-04-10T15:58:00+00:00,2016.1,81.47,344.3,13.58,407.5,29.0,610.8,0.0619,1.00,137.4,92.4,14.8
2025-04-10T15:59:00+00:00,1946.0,84.24,354.0,13.85,376.8,29.2,580.7,0.0709,1.06,137.4,92.4,16.3
2025-04-10T16:00:00+00:00,1998.3,81.86,352.5,13.86,359.7,29.1,621.7,0.0605,0.97,137.4,92.4,15.4
2025-04-10T16:01:00+00:00,2184.9,82.85,345.7,13.86,380.8,28.2,588.5,0.0618,1.06,137.4,92.4,14.4
2025-04-10T16:02:00+00:00,1931.2,83.26,343.8,13.72,352.9,28.8,609.3,0.0598,0.99,137.4,92.4,15.6
2025-04-10T16:03:00+00:00,2079.2,79.10,346.8,13.74,398.4,28.4,637.9,0.0674,1.09,137.4,92.4,13.6
2025-04-10T16:04:00+00:00,1859.0,80.37,352.9,13.84,361.2,27.4,631.9,0.0601,1.05,137.4,92.4,17.2
2025-04-10T16:05:00+00:00,2011.6,81.81,349.9,13.84,369.9,27.3,623.8,0.0609,1.05,137.4,92.4,16.0
2025-04-10T16:06:00+00:00,2015.6,80.30,352.1,13.99,405.9,27.5,625.1,0.0620,1.08,137.4,92.4,15.8
2025-04-10T16:07:00+00:00,1895.6,83.88,352.5,13.63,373.1,26.2,563.4,0.0681,1.05,137.4,92.4,15.8
2025-04-10T16:08:00+00:00,1946.1,79.10,369.6,13.88,379.8,30.2,612.9,0.0598,0.99,137.4,92.4,13.2
2025-04-10T16:09:00+00:00,2061.6,79.77,342.4,13.92,391.0,27.6,582.9,0.0609,1.02,137.4,92.4,14.5
2025-04-10T16:10:00+00:00,1095.8,78.47,353.1,13.91,350.2,25.0,513.3,0.0575,1.05,137.4,92.4,15.2
2025-04-10T16:11:00+00:00,935.6,79.35,366.8,13.62,357.4,28.2,575.6,0.0546,1.02,137.4,92.4,13.4
2025-04-10T16:12:00+00:00,912.1,80.24,362.4,13.94,357.0,29.9,501.9,0.0566,1.04,137.4,92.4,14.2
2025-04-10T16:13:00+00:00,837.1,79.35,361.4,13.84,338.0,28.3,509.7,0.0542,1.04,137.4,92.4,16.0
2025-04-10T16:14:00+00:00,945.5,78.32,369.5,13.76,353.4,26.8,522.0,0.0552,1.03,137.4,92.4,14.9
2025-04-10T16:15:00+00:00,918.2,80.31,367.6,13.94,342.6,29.8,553.0,0.0546,1.02,137.4,92.4,15.0
2025-04-10T16:16:00+00:00,974.3,79.65,349.5,14.02,346.3,26.2,589.4,0.0565,1.16,137.4,92.4,13.2
2025-04-10T16:17:00+00:00,898.6,81.62,346.1,13.80,344.0,28.9,533.1,0.0554,1.04,137.4,92.4,15.4
2025-04-10T16:18:00+00:00,948.0,78.92,354.0,13.60,356.9,26.4,573.7,0.0569,0.95,137.4,92.4,13.5
2025-04-10T16:19:00+00:00,1069.9,78.07,354.6,13.92,352.3,24.4,547.8,0.0653,1.03,137.4,92.4,14.9
2025-04-10T16:20:00+00:00,926.8,78.77,355.0,13.80,349.0,27.1,619.4,0.0552,1.08,137.4,92.4,16.5
2025-04-11T06:00:00+00:00,1059.6,76.32,358.9,13.74,335.6,26.0,540.8,0.0559,1.08,259.0,214.0,12.7
2025-04-11T06:01:00+00:00,933.6,79.68,367.3,14.05,361.2,28.6,543.5,0.0557,0.89,259.0,214.0,13.4
2025-04-11T06:02:00+00:00,954.1,76.23,359.9,14.04,341.6,24.6,607.7,0.0608,1.03,259.0,214.0,12.5
2025-04-11T06:03:00+00:00,959.0,80.85,367.6,13.71,344.3,28.6,525.3,0.0595,0.91,259.0,214.0,11.6
2025-04-11T06:04:00+00:00,797.0,76.19,352.7,13.84,329.2,25.6,555.6,0.0529,0.91,259.0,214.0,11.2
2025-04-11T06:05:00+00:00,852.3,80.85,356.6,13.97,351.0,27.1,569.9,0.0600,1.01,259.0,214.0,11.3
2025-04-11T06:06:00+00:00,950.6,78.73,355.1,14.05,352.3,30.2,546.4,0.0617,0.86,259.0,214.0,11.8
2025-04-11T06:07:00+00:00,998.6,76.84,358.9,13.95,351.7,26.7,535.5,0.0555,1.05,259.0,214.0,9.8
2025-04-11T06:08:00+00:00,961.7,77.30,359.9,13.64,367.5,27.3,586.5,0.0559,0.95,259.0,214.0,11.7
2025-04-11T06:09:00+00:00,1012.2,80.46,351.9,13.85,364.1,27.2,572.6,0.0551,1.03,259.0,214.0,11.6
2025-04-11T06:10:00+00:00,845.6,79.33,349.5,13.76,317.3,26.3,577.2,0.0533,0.93,259.0,214.0,12.0
2025-04-11T06:11:00+00:00,935.4,79.31,341.9,14.08,347.8,27.3,555.0,0.0542,0.97,259.0,214.0,11.4
2025-04-11T06:12:00+00:00,961.3,79.50,353.0,13.77,359.9,27.2,512.4,0.0560,1.06,259.0,214.0,11.6
2025-04-11T06:13:00+00:00,1987.8,80.21,343.4,13.78,373.6,26.6,637.9,0.0597,0.97,259.0,214.0,11.7
2025-04-11T06:14:00+00:00,2007.5,83.85,353.1,13.79,362.9,26.4,615.2,0.0600,0.97,259.0,214.0,11.3
2025-04-11T06:15:00+00:00,2048.0,82.35,346.9,13.88,390.3,28.8,582.9,0.0597,0.93,259.0,214.0,10.1
2025-04-11T06:16:00+00:00,2024.7,82.35,352.6,13.55,391.7,28.0,586.7,0.0607,1.02,259.0,214.0,10.5
2025-04-11T06:17:00+00:00,1991.0,80.85,343.8,13.57,392.9,28.8,622.4,0.0599,0.96,259.0,214.0,9.5
2025-04-11T06:18:00+00:00,1829.1,82.39,364.6,13.83,379.7,27.5,593.3,0.0586,0.92,259.0,214.0,12.0
2025-04-11T06:19:00+00:00,2168.3,86.34,361.8,13.78,401.1,29.4,612.6,0.0607,0.95,259.0,214.0,10.1
2025-04-11T06:20:00+00:00,1885.7,82.04,349.9,13.88,381.3,27.1,679.8,0.0595,0.98,259.0,214.0,12.6
2025-04-11T06:21:00+00:00,1988.0,82.67,361.0,14.00,384.8,28.6,599.8,0.0634,1.00,259.0,214.0,11.7
2025-04-11T06:22:00+00:00,1910.6,82.43,343.8,13.62,379.7,29.9,574.0,0.0686,0.90,259.0,214.0,10.5
2025-04-11T06:23:00+00:00,2048.4,82.71,367.4,13.69,401.2,28.1,637.7,0.0609,1.04,259.0,214.0,11.6
2025-04-11T06:24:00+00:00,1934.1,85.06,354.1,13.84,372.9,29.6,598.4,0.0643,0.96,259.0,214.0,10.3
2025-04-11T06:25:00+00:00,2000.5,79.91,358.9,13.98,395.3,27.0,655.5,0.0612,1.10,259.0,214.0,11.2
2025-04-11T06:26:00+00:00,1858.8,79.13,347.2,14.06,388.0,28.3,615.8,0.0686,0.93,259.0,214.0,13.2
2025-04-11T06:27:00+00:00,2049.3,81.03,354.2,13.71,402.1,24.7,558.1,0.0605,0.98,259.0,214.0,12.2
2025-04-11T06:28:00+00:00,1911.7,79.99,349.7,13.82,363.5,27.1,576.4,0.0611,1.02,259.0,214.0,10.2
2025-04-11T06:29:00+00:00,2060.2,83.36,357.3,13.87,363.2,29.5,574.0,0.0688,1.02,259.0,214.0,12.9
2025-04-11T06:30:00+00:00,1909.8,83.42,368.0,13.92,396.2,28.9,624.4,0.0594,0.98,259.0,214.0,11.0
2025-04-11T06:31:00+00:00,2104.7,82.87,354.2,13.99,399.4,28.3,696.8,0.0636,0.99,259.0,214.0,10.8
2025-04-11T06:32:00+00:00,1949.3,82.57,349.9,13.66,375.1,24.4,573.4,0.0646,1.01,259.0,214.0,12.2
2025-04-11T06:33:00+00:00,1974.0,81.51,352.4,13.74,389.6,25.3,644.3,0.0640,1.01,259.0,214.0,11.6
2025-04-11T06:34:00+00:00,2049.1,84.66,349.5,13.80,373.8,25.8,644.8,0.0618,0.98,259.0,214.0,11.0
2025-04-11T06:35:00+00:00,2016.2,83.82,342.4,13.56,365.8,28.3,632.2,0.0643,1.04,259.0,214.0,13.2
2025-04-11T06:36:00+00:00,2044.2,80.62,344.8,13.97,398.8,29.6,663.9,0.0648,0.93,259.0,214.0,12.3
2025-04-11T06:37:00+00:00,2088.1,80.99,351.2,13.92,379.5,27.3,599.8,0.0630,1.02,259.0,214.0,11.9
2025-04-11T06:38:00+00:00,2120.9,83.34,346.8,13.85,372.7,24.7,599.0,0.0646,0.99,259.0,214.0,10.9
2025-04-11T06:39:00+00:00,1938.4,81.68,345.3,13.74,393.1,26.1,577.3,0.0602,1.04,259.0,214.0,12.0
2025-04-11T06:40:00+00:00,1940.2,83.94,365.5,13.81,348.1,27.8,641.0,0.0601,1.02,259.0,214.0,10.5
2025-04-11T06:41:00+00:00,1992.2,81.44,339.8,13.72,391.7,28.2,588.8,0.0598,0.97,259.0,214.0,11.9
2025-04-11T06:42:00+00:00,2060.6,83.42,360.0,13.59,384.6,28.7,639.8,0.0624,0.94,259.0,214.0,11.6
2025-04-11T06:43:00+00:00,1803.1,81.79,350.2,13.80,374.0,25.7,573.0,0.0602,1.10,259.0,214.0,10.8
2025-04-11T06:44:00+00:00,1881.2,80.27,353.3,13.85,372.9,26.7,560.2,0.0597,1.01,259.0,214.0,11.3
2025-04-11T06:45:00+00:00,2351.3,80.93,344.6,13.67,393.5,29.3,667.0,0.0650,1.01,259.0,214.0,12.2
2025-04-11T06:46:00+00:00,2109.1,80.68,356.5,13.61,376.9,25.6,563.7,0.0601,0.93,259.0,214.0,10.7
2025-04-11T06:47:00+00:00,1916.6,81.15,352.3,13.84,391.1,24.5,637.5,0.0601,1.04,259.0,214.0,12.2
2025-04-11T06:48:00+00:00,1951.9,83.34,352.3,13.64,391.7,29.4,597.6,0.0600,1.00,259.0,214.0,12.9
2025-04-11T06:49:00+00:00,2051.3,82.75,349.5,13.95,375.2,26.7,583.6,0.0599,0.95,259.0,214.0,11.2
2025-04-11T06:50:00+00:00,2188.4,81.69,345.6,13.74,390.9,27.0,612.6,0.0609,0.97,259.0,214.0,10.5
2025-04-11T06:51:00+00:00,1980.3,84.25,347.1,13.58,377.1,26.5,544.4,0.0698,0.98,259.0,214.0,11.2
2025-04-11T06:52:00+00:00,2179.9,84.01,356.7,13.87,378.2,26.3,548.8,0.0609,0.97,259.0,214.0,12.5
2025-04-11T06:53:00+00:00,1967.4,82.71,359.4,13.82,404.1,27.1,612.2,0.0595,0.95,259.0,214.0,12.0
2025-04-11T06:54:00+00:00,2025.4,81.25,353.5,13.71,387.5,26.8,609.1,0.0623,1.02,259.0,214.0,9.1
2025-04-11T06:55:00+00:00,2156.2,80.81,353.0,13.61,365.8,29.4,615.6,0.0714,0.98,259.0,214.0,12.1
2025-04-11T06:56:00+00:00,2102.4,82.06,354.2,13.89,392.4,29.4,633.6,0.0602,0.93,259.0,214.0,11.2
2025-04-11T06:57:00+00:00,2015.0,79.62,347.8,13.90,390.9,26.6,608.2,0.0659,0.99,259.0,214.0,12.0
2025-04-11T06:58:00+00:00,1979.3,81.89,365.1,13.57,382.7,29.1,624.9,0.0605,1.03,259.0,214.0,10.5
2025-04-11T06:59:00+00:00,2051.6,79.26,341.4,13.90,385.1,26.0,647.1,0.0643,0.90,259.0,214.0,10.7
2025-04-11T07:00:00+00:00,2019.1,80.78,335.8,13.82,392.7,29.7,595.9,0.0707,1.04,259.0,214.0,11.3
2025-04-11T07:01:00+00:00,2102.4,85.07,342.0,13.66,389.7,25.9,588.6,0.0648,1.08,259.0,214.0,10.7
2025-04-11T07:02:00+00:00,2084.2,83.15,352.3,13.83,364.1,28.7,644.0,0.0606,0.98,259.0,214.0,11.4
2025-04-11T07:03:00+00:00,2035.3,81.11,366.0,13.70,381.8,23.7,585.8,0.0606,1.03,259.0,214.0,13.2
2025-04-11T07:04:00+00:00,2460.5,83.14,349.7,13.94,418.8,25.3,636.7,0.0625,0.98,259.0,214.0,13.1
2025-04-11T07:05:00+00:00,2471.1,83.77,351.3,13.62,384.6,29.3,611.5,0.0631,1.02,259.0,214.0,10.6
2025-04-11T07:06:00+00:00,2077.0,82.54,336.6,13.88,405.9,30.2,522.5,0.0632,0.98,259.0,214.0,12.5
2025-04-11T07:07:00+00:00,1901.5,80.60,338.2,13.48,387.5,29.7,602.4,0.0598,1.01,259.0,214.0,10.2
2025-04-11T07:08:00+00:00,1946.7,81.54,350.2,13.79,374.6,28.9,631.2,0.0684,0.99,259.0,214.0,12.2
2025-04-11T07:09:00+00:00,2414.3,85.25,343.4,13.62,382.6,28.3,571.0,0.0621,0.98,259.0,214.0,10.4
2025-04-11T07:10:00+00:00,2074.8,82.37,351.9,13.72,379.9,28.2,573.7,0.0606,1.00,259.0,214.0,11.1
2025-04-11T07:11:00+00:00,1917.4,81.70,352.7,13.89,375.4,29.4,607.3,0.0621,0.95,259.0,214.0,12.9
2025-04-11T07:12:00+00:00,2067.7,81.27,339.8,13.32,389.9,27.1,623.2,0.0614,1.08,259.0,214.0,11.7
2025-04-11T07:13:00+00:00,2194.3,81.23,347.4,13.66,374.5,27.2,623.2,0.0609,0.96,259.0,214.0,11.6
2025-04-11T07:14:00+00:00,2439.8,83.58,354.3,13.76,395.9,30.2,603.1,0.0633,1.07,259.0,214.0,11.5
2025-04-11T07:15:00+00:00,1871.8,78.32,355.0,13.83,376.1,25.8,630.8,0.0604,1.05,259.0,214.0,11.1
2025-04-11T07:16:00+00:00,2061.0,84.05,347.3,13.80,379.6,27.7,610.2,0.0677,1.03,259.0,214.0,10.7
2025-04-11T07:17:00+00:00,2420.6,82.07,333.6,13.58,408.9,29.4,600.8,0.0626,1.01,259.0,214.0,11.7
2025-04-11T07:18:00+00:00,2351.5,83.28,353.5,13.79,407.3,26.1,628.5,0.0618,0.98,259.0,214.0,12.0
2025-04-11T07:19:00+00:00,1902.4,83.23,354.0,13.85,394.6,27.2,650.6,0.0624,1.06,259.0,214.0,11.2
2025-04-11T07:20:00+00:00,1856.7,81.84,357.9,13.68,396.8,24.7,607.5,0.0612,1.17,259.0,214.0,11.9
2025-04-11T07:21:00+00:00,1997.8,81.50,348.3,13.92,383.0,25.9,592.2,0.0601,0.99,259.0,214.0,12.2
2025-04-11T07:22:00+00:00,1954.8,82.34,340.2,13.84,358.6,26.0,616.9,0.0698,0.98,259.0,214.0,10.5
2025-04-11T07:23:00+00:00,1955.1,80.95,364.1,13.98,368.2,27.7,560.9,0.0605,0.98,259.0,214.0,12.3
2025-04-11T07:24:00+00:00,2230.7,81.93,354.6,13.66,380.2,27.4,587.1,0.0663,1.07,259.0,214.0,11.2
2025-04-11T07:25:00+00:00,1863.9,83.95,347.1,13.80,374.4,26.7,630.4,0.0589,0.94,259.0,214.0,9.6
2025-04-11T07:26:00+00:00,2527.2,84.46,330.2,13.57,371.8,29.7,633.0,0.0655,1.04,259.0,214.0,11.4
2025-04-11T07:27:00+00:00,1835.4,81.82,348.1,13.92,376.3,25.7,649.8,0.0596,1.01,259.0,214.0,12.0
2025-04-11T07:28:00+00:00,2495.5,83.84,346.2,13.85,402.9,27.4,608.0,0.0626,0.98,259.0,214.0,11.6
2025-04-11T07:29:00+00:00,2456.2,79.70,348.2,14.17,412.0,30.3,553.0,0.0627,1.01,259.0,214.0,11.1
2025-04-11T07:30:00+00:00,1964.7,79.73,355.9,13.98,386.0,27.0,613.6,0.0605,1.04,259.0,214.0,10.8
2025-04-11T07:31:00+00:00,2003.4,81.82,361.7,13.77,387.2,25.7,648.5,0.0597,0.90,259.0,214.0,12.8
2025-04-11T07:32:00+00:00,1881.8,81.59,356.0,13.78,368.6,28.4,580.3,0.0595,0.99,259.0,214.0,12.6
2025-04-11T07:33:00+00:00,2165.4,82.59,351.2,13.94,381.9,26.5,606.6,0.0610,0.98,259.0,214.0,10.6
2025-04-11T07:34:00+00:00,2040.0,80.71,355.0,14.06,382.9,29.4,607.0,0.0596,0.92,259.0,214.0,10.9
2025-04-11T07:35:00+00:00,2139.6,80.44,346.6,13.61,356.6,27.8,593.3,0.0606,0.97,259.0,214.0,11.9
2025-04-11T07:36:00+00:00,2074.9,83.60,342.9,13.83,402.4,27.0,589.8,0.0713,1.01,259.0,214.0,11.7
2025-04-11T07:37:00+00:00,1874.8,80.97,364.9,13.67,378.4,26.9,583.9,0.0665,0.99,259.0,214.0,11.0
2025-04-11T07:38:00+00:00,2182.4,85.43,357.6,13.99,397.3,27.4,620.0,0.0672,1.11,259.0,214.0,10.8
2025-04-11T07:39:00+00:00,2187.5,83.98,341.3,13.62,385.5,28.8,626.9,0.0619,1.06,259.0,214.0,11.0
2025-04-11T07:40:00+00:00,2169.5,82.03,347.0,13.59,394.1,29.8,620.4,0.0705,0.99,259.0,214.0,11.2
2025-04-11T07:41:00+00:00,2091.9,82.03,347.8,13.70,377.0,24.9,623.9,0.0603,0.96,259.0,214.0,13.4
2025-04-11T07:42:00+00:00,1797.4,84.17,357.4,13.87,363.3,27.8,624.2,0.0588,0.95,259.0,214.0,9.8
2025-04-11T07:43:00+00:00,1900.9,81.62,351.8,14.01,373.7,26.7,581.6,0.0603,1.07,259.0,214.0,12.0
2025-04-11T07:44:00+00:00,1871.8,81.84,342.0,13.72,373.9,28.0,611.1,0.0594,0.98,259.0,214.0,11.0
2025-04-11T07:45:00+00:00,1952.2,80.61,347.5,13.71,366.4,29.0,584.7,0.0614,1.06,259.0,214.0,10.6
2025-04-11T07:46:00+00:00,2126.6,83.15,348.4,13.67,373.9,26.8,628.7,0.0609,0.99,259.0,214.0,11.2
2025-04-11T07:47:00+00:00,1917.2,82.13,341.8,13.91,344.8,28.1,586.5,0.0631,1.01,259.0,214.0,11.9
2025-04-11T07:48:00+00:00,2097.0,85.04,355.4,13.65,374.6,29.7,646.2,0.0607,1.00,259.0,214.0,11.4
2025-04-11T07:49:00+00:00,2003.8,80.54,358.8,13.56,382.0,29.1,593.4,0.0605,0.99,259.0,214.0,10.1
2025-04-11T07:50:00+00:00,1781.1,80.50,361.1,13.80,392.5,28.2,636.8,0.0599,0.97,259.0,214.0,9.2
2025-04-11T07:51:00+00:00,1979.2,80.26,349.4,13.74,367.9,27.9,599.1,0.0607,1.06,259.0,214.0,13.6
2025-04-11T07:52:00+00:00,1779.8,79.02,354.9,13.87,360.4,28.9,608.4,0.0588,0.97,259.0,214.0,9.9
2025-04-11T07:53:00+00:00,2114.4,81.95,347.2,13.71,385.2,30.7,597.9,0.0647,1.03,259.0,214.0,10.5
2025-04-11T07:54:00+00:00,2082.4,81.92,343.1,13.90,379.3,23.7,648.8,0.0638,0.98,259.0,214.0,10.5
2025-04-11T07:55:00+00:00,1898.4,81.72,353.7,13.77,373.2,29.0,590.9,0.0603,1.06,259.0,214.0,10.4
2025-04-11T07:56:00+00:00,2127.2,80.27,368.2,13.91,364.2,25.4,583.6,0.0651,1.04,259.0,214.0,10.7
2025-04-11T07:57:00+00:00,1831.2,82.59,351.5,13.69,388.8,29.5,543.0,0.0657,1.02,259.0,214.0,10.6
2025-04-11T07:58:00+00:00,1984.7,81.75,373.9,14.09,361.6,27.8,541.2,0.0590,0.89,259.0,214.0,11.0
2025-04-11T07:59:00+00:00,1985.2,80.56,351.1,13.86,368.5,26.8,578.8,0.0648,1.00,259.0,214.0,13.1
2025-04-11T08:00:00+00:00,2086.6,81.34,343.7,13.67,376.5,29.2,608.8,0.0633,1.03,259.0,214.0,11.9
2025-04-11T08:01:00+00:00,1845.6,80.68,345.4,13.84,356.8,26.9,550.8,0.0599,1.05,259.0,214.0,12.0
2025-04-11T08:02:00+00:00,2090.8,80.39,364.1,13.78,385.9,30.0,589.6,0.0649,0.99,259.0,214.0,12.4
2025-04-11T08:03:00+00:00,2115.4,84.37,344.5,13.58,384.9,29.0,572.7,0.0601,0.94,259.0,214.0,12.3
2025-04-11T08:04:00+00:00,1775.6,81.50,356.3,13.91,375.2,27.5,582.6,0.0597,1.07,259.0,214.0,12.2
2025-04-11T08:05:00+00:00,1856.3,81.19,344.2,13.67,395.1,26.1,625.8,0.0602,1.07,259.0,214.0,11.4
2025-04-11T08:06:00+00:00,1851.6,80.70,343.3,13.57,360.7,25.9,557.7,0.0609,1.14,259.0,214.0,12.9
2025-04-11T08:07:00+00:00,2047.2,84.09,367.9,13.75,366.4,27.9,554.5,0.0627,1.06,259.0,214.0,9.6
2025-04-11T08:08:00+00:00,1947.9,81.78,342.3,13.70,405.8,26.9,568.5,0.0602,1.02,259.0,214.0,13.1
2025-04-11T08:09:00+00:00,2099.7,80.92,363.8,13.83,379.1,26.9,632.7,0.0640,0.98,259.0,214.0,11.7
2025-04-11T08:10:00+00:00,1989.8,83.21,345.8,14.03,380.6,25.2,604.5,0.0599,0.96,259.0,214.0,11.0
2025-04-11T08:11:00+00:00,2006.4,80.19,348.0,13.83,376.0,25.2,596.4,0.0639,0.91,259.0,214.0,10.9
2025-04-11T08:12:00+00:00,2063.3,83.97,341.5,13.85,393.6,26.0,563.6,0.0626,1.00,259.0,214.0,11.8
2025-04-11T08:13:00+00:00,1925.2,84.62,364.6,13.67,375.0,26.1,551.8,0.0630,0.98,259.0,214.0,10.2
2025-04-11T08:14:00+00:00,2045.3,82.64,363.3,13.96,386.7,30.4,618.1,0.0606,1.02,259.0,214.0,11.3
2025-04-11T08:15:00+00:00,1999.4,80.18,344.4,13.96,394.3,25.3,542.6,0.0602,1.01,259.0,214.0,12.7
2025-04-11T08:16:00+00:00,2010.4,83.26,353.1,13.67,359.5,26.7,626.1,0.0604,1.03,259.0,214.0,13.2
2025-04-11T08:17:00+00:00,2017.5,81.50,372.8,13.77,402.3,29.1,601.5,0.0634,1.05,259.0,214.0,10.9
2025-04-11T08:18:00+00:00,2248.9,85.01,346.8,13.67,398.2,27.4,654.5,0.0696,1.05,259.0,214.0,11.3
2025-04-11T08:19:00+00:00,1961.6,81.70,337.5,13.68,374.9,25.5,594.3,0.0689,0.98,259.0,214.0,10.4
2025-04-11T08:20:00+00:00,2100.5,83.65,349.5,13.82,385.5,28.3,542.4,0.0609,1.02,259.0,214.0,12.2
2025-04-11T08:21:00+00:00,2152.6,81.89,355.5,13.58,388.8,25.5,621.7,0.0608,0.98,259.0,214.0,10.2
2025-04-11T08:22:00+00:00,2198.9,84.32,343.9,14.10,388.4,28.5,559.0,0.0606,0.93,259.0,214.0,12.9
2025-04-11T08:23:00+00:00,1849.0,83.25,355.2,14.00,359.8,28.7,584.1,0.0593,0.96,259.0,214.0,12.3
2025-04-11T08:24:00+00:00,2168.6,84.94,338.0,13.67,396.8,27.2,635.7,0.0607,0.96,259.0,214.0,12.5
2025-04-11T08:25:00+00:00,971.8,77.39,351.4,13.58,356.6,28.3,518.4,0.0546,1.00,259.0,214.0,12.2
2025-04-11T08:26:00+00:00,1060.3,76.78,372.4,13.63,352.1,27.3,575.9,0.0553,0.99,259.0,214.0,11.1
2025-04-11T08:27:00+00:00,993.0,78.86,365.2,13.76,337.0,28.1,564.4,0.0554,1.05,259.0,214.0,11.5
2025-04-11T08:28:00+00:00,1052.3,79.07,357.7,13.98,352.6,28.9,577.3,0.0551,1.00,259.0,214.0,10.6
2025-04-11T08:29:00+00:00,985.2,77.99,357.1,13.63,363.9,29.6,565.3,0.0553,1.05,259.0,214.0,11.6
2025-04-11T08:30:00+00:00,915.5,78.63,363.3,13.87,357.8,29.1,574.0,0.0540,0.97,259.0,214.0,9.6
2025-04-11T08:31:00+00:00,1051.8,77.59,352.8,13.92,344.5,28.5,596.6,0.0580,1.05,259.0,214.0,11.3
2025-04-11T08:32:00+00:00,955.8,78.08,353.0,13.84,338.1,29.5,533.5,0.0558,1.07,259.0,214.0,11.4
2025-04-11T08:33:00+00:00,833.4,78.25,353.5,13.83,363.2,28.4,601.5,0.0542,1.00,259.0,214.0,11.5
2025-04-11T08:34:00+00:00,915.3,79.23,341.1,13.57,345.5,28.6,508.3,0.0532,0.87,259.0,214.0,9.3
2025-04-11T08:35:00+00:00,1083.6,78.44,342.7,13.44,348.9,29.0,529.6,0.0557,1.04,259.0,214.0,10.1
2025-04-11T08:36:00+00:00,1022.5,77.81,359.1,13.90,347.3,26.9,597.6,0.0546,0.96,259.0,214.0,10.5
2025-04-11T14:00:00+00:00,921.6,76.34,350.2,13.66,334.1,28.3,550.0,0.0600,1.08,259.0,214.0,12.2
2025-04-11T14:01:00+00:00,913.0,79.78,349.9,13.68,364.7,28.1,558.1,0.0551,1.00,259.0,214.0,11.3
2025-04-11T14:02:00+00:00,1222.9,80.65,344.5,13.68,362.7,26.7,571.4,0.0565,1.05,259.0,214.0,10.8
2025-04-11T14:03:00+00:00,1007.0,80.07,349.8,13.84,363.2,27.1,536.6,0.0609,0.97,259.0,214.0,12.5
2025-04-11T14:04:00+00:00,1138.5,78.77,368.5,13.96,356.2,28.4,509.4,0.0549,0.95,259.0,214.0,10.3
2025-04-11T14:05:00+00:00,811.2,79.09,355.1,13.71,329.4,28.9,566.9,0.0571,0.94,259.0,214.0,12.9
2025-04-11T14:06:00+00:00,893.3,79.63,348.3,13.70,317.6,26.8,518.9,0.0592,0.99,259.0,214.0,10.6
2025-04-11T14:07:00+00:00,1140.2,80.77,348.0,13.71,371.7,27.7,545.5,0.0553,0.97,259.0,214.0,12.3
2025-04-11T14:08:00+00:00,886.0,77.07,358.5,13.89,331.0,28.5,529.7,0.0555,1.12,259.0,214.0,12.3
2025-04-11T14:09:00+00:00,918.9,80.49,368.1,13.52,361.7,29.1,553.8,0.0544,0.99,259.0,214.0,11.1
2025-04-11T14:10:00+00:00,863.6,78.83,366.8,13.86,328.9,26.4,509.7,0.0561,0.92,259.0,214.0,9.4
2025-04-11T14:11:00+00:00,1110.3,80.02,360.8,13.79,354.6,29.1,537.3,0.0562,1.03,259.0,214.0,12.3
2025-04-11T14:12:00+00:00,1897.6,81.43,364.5,13.74,412.6,26.1,664.5,0.0611,0.95,259.0,214.0,8.7
2025-04-11T14:13:00+00:00,2028.9,84.71,350.3,13.65,400.9,25.4,591.8,0.0641,1.11,259.0,214.0,11.1
2025-04-11T14:14:00+00:00,1845.8,81.04,352.4,13.98,380.6,27.4,570.1,0.0592,0.99,259.0,214.0,12.0
2025-04-11T14:15:00+00:00,2049.0,86.37,337.1,13.76,373.2,27.1,608.2,0.0603,0.98,259.0,214.0,13.1
2025-04-11T14:16:00+00:00,2015.1,79.19,346.8,13.77,373.1,27.4,594.0,0.0661,1.08,259.0,214.0,11.6
2025-04-11T14:17:00+00:00,2086.3,81.31,340.6,13.72,374.6,26.8,562.6,0.0600,0.94,259.0,214.0,11.6
2025-04-11T14:18:00+00:00,1931.9,83.10,344.5,13.90,372.4,27.2,578.7,0.0625,1.03,259.0,214.0,11.3
2025-04-11T14:19:00+00:00,1904.7,81.00,342.8,13.70,390.1,26.6,605.3,0.0652,0.98,259.0,214.0,10.8
2025-04-11T14:20:00+00:00,2110.9,81.22,352.5,13.73,379.5,27.7,670.2,0.0612,0.94,259.0,214.0,12.6
2025-04-11T14:21:00+00:00,2065.2,81.20,345.6,13.92,372.7,24.1,556.6,0.0602,0.97,259.0,214.0,11.6
2025-04-11T14:22:00+00:00,2127.1,80.72,355.3,14.10,377.9,27.5,587.5,0.0651,1.00,259.0,214.0,12.7
2025-04-11T14:23:00+00:00,1983.6,83.82,356.2,13.82,366.5,26.2,573.4,0.0677,0.92,259.0,214.0,10.7
2025-04-11T14:24:00+00:00,2067.0,81.17,351.0,13.84,397.8,25.7,641.6,0.0666,0.99,259.0,214.0,12.3
2025-04-11T14:25:00+00:00,1852.1,83.22,345.0,13.49,372.3,29.3,650.6,0.0599,1.05,259.0,214.0,11.7
2025-04-11T14:26:00+00:00,1924.9,82.00,347.4,13.86,356.1,26.3,609.5,0.0601,1.02,259.0,214.0,11.5
2025-04-11T14:27:00+00:00,2073.6,83.18,338.6,13.81,387.6,28.5,642.9,0.0638,1.03,259.0,214.0,10.7
2025-04-11T14:28:00+00:00,2066.3,80.89,333.0,13.70,386.0,29.3,633.8,0.0609,1.04,259.0,214.0,13.2
2025-04-11T14:29:00+00:00,1766.0,82.87,367.7,13.69,388.5,27.9,587.8,0.0588,0.98,259.0,214.0,9.2
2025-04-11T14:30:00+00:00,2061.1,82.83,359.2,13.65,372.9,27.9,565.6,0.0606,1.01,259.0,214.0,10.6
2025-04-11T14:31:00+00:00,1995.9,81.33,336.3,14.04,403.2,29.3,571.1,0.0666,0.97,259.0,214.0,12.1
2025-04-11T14:32:00+00:00,2100.9,81.78,350.2,13.65,374.1,27.6,586.0,0.0610,1.04,259.0,214.0,12.5
2025-04-11T14:33:00+00:00,2076.4,82.62,344.3,13.90,376.8,29.1,634.3,0.0598,0.92,259.0,214.0,11.0
2025-04-11T14:34:00+00:00,2085.9,81.10,351.7,13.66,394.6,29.1,558.7,0.0611,1.02,259.0,214.0,10.5
2025-04-11T14:35:00+00:00,1754.8,79.24,352.2,13.64,356.9,28.6,592.2,0.0605,0.92,259.0,214.0,12.8
2025-04-11T14:36:00+00:00,1996.7,83.98,359.2,13.79,393.4,28.9,624.5,0.0610,1.08,259.0,214.0,12.9
2025-04-11T14:37:00+00:00,1945.4,82.55,345.4,14.06,400.2,26.9,514.5,0.0598,0.99,259.0,214.0,12.1
2025-04-11T14:38:00+00:00,2054.1,79.96,352.4,13.78,382.1,25.6,549.5,0.0600,0.96,259.0,214.0,10.5
2025-04-11T14:39:00+00:00,2084.0,82.32,354.6,13.99,388.6,28.0,602.7,0.0671,0.97,259.0,214.0,10.0
2025-04-11T14:40:00+00:00,1927.6,80.56,347.6,13.62,396.9,26.6,600.2,0.0592,0.94,259.0,214.0,10.8
2025-04-11T14:41:00+00:00,2052.9,81.88,346.4,13.97,393.3,32.0,623.3,0.0658,0.93,259.0,214.0,11.9
2025-04-11T14:42:00+00:00,2055.4,82.96,348.2,14.05,390.9,28.7,592.8,0.0605,0.99,259.0,214.0,13.7
2025-04-11T14:43:00+00:00,1937.1,80.01,351.7,13.76,390.1,27.1,595.6,0.0597,0.97,259.0,214.0,9.5
2025-04-11T14:44:00+00:00,1876.8,80.26,365.1,13.99,374.1,27.3,584.2,0.0638,1.06,259.0,214.0,10.3
2025-04-11T14:45:00+00:00,1866.2,81.49,357.9,13.76,374.9,30.9,561.1,0.0592,0.98,259.0,214.0,10.2
2025-04-11T14:46:00+00:00,1923.1,83.97,349.7,13.84,393.0,25.6,662.9,0.0603,1.05,259.0,214.0,11.5
2025-04-11T14:47:00+00:00,2060.6,82.07,363.2,13.94,378.3,28.8,628.6,0.0606,0.95,259.0,214.0,12.7
2025-04-11T14:48:00+00:00,2084.2,82.66,352.1,13.59,367.4,27.6,576.0,0.0612,1.06,259.0,214.0,11.0
2025-04-11T14:49:00+00:00,2006.7,81.18,336.9,13.61,389.5,28.4,598.9,0.0594,0.91,259.0,214.0,10.0
2025-04-11T14:50:00+00:00,1809.8,82.28,362.3,13.55,372.7,26.5,587.2,0.0674,0.97,259.0,214.0,11.8
2025-04-11T14:51:00+00:00,1947.2,81.71,346.3,14.04,390.0,25.8,607.6,0.0617,1.06,259.0,214.0,12.7
2025-04-11T14:52:00+00:00,2091.1,82.96,357.7,13.97,393.2,25.5,612.8,0.0604,0.97,259.0,214.0,10.7
2025-04-11T14:53:00+00:00,2155.3,82.85,343.2,13.77,385.1,28.3,598.6,0.0626,0.94,259.0,214.0,11.3
2025-04-11T14:54:00+00:00,1860.3,81.58,360.4,13.62,382.5,23.9,600.7,0.0617,1.01,259.0,214.0,10.6
2025-04-11T14:55:00+00:00,2171.1,79.98,335.7,13.51,396.4,26.2,648.3,0.0620,0.93,259.0,214.0,10.9
2025-04-11T14:56:00+00:00,1759.8,81.70,326.6,13.78,382.4,29.4,585.2,0.0669,1.03,259.0,214.0,11.8
2025-04-11T14:57:00+00:00,2467.0,85.17,347.5,13.87,405.3,29.1,621.8,0.0714,0.92,259.0,214.0,10.5
2025-04-11T14:58:00+00:00,2546.1,84.45,345.1,14.07,424.3,28.3,629.5,0.0631,0.99,259.0,214.0,10.0
2025-04-11T14:59:00+00:00,2566.1,82.19,348.4,13.72,392.7,29.1,627.0,0.0637,1.03,259.0,214.0,11.4
2025-04-11T15:00:00+00:00,2107.0,82.92,348.8,13.53,374.1,28.7,552.5,0.0610,1.02,259.0,214.0,11.7
2025-04-11T15:01:00+00:00,2442.6,83.52,348.4,13.81,410.5,24.9,622.8,0.0626,1.00,259.0,214.0,12.1
2025-04-11T15:02:00+00:00,2287.3,83.38,352.1,13.84,373.5,27.6,624.9,0.0653,0.96,259.0,214.0,10.7
2025-04-11T15:03:00+00:00,2012.8,82.76,348.5,13.91,386.4,27.6,591.4,0.0614,1.02,259.0,214.0,13.0
2025-04-11T15:04:00+00:00,2482.3,79.95,336.5,14.09,400.5,28.7,614.7,0.0634,1.04,259.0,214.0,11.1
2025-04-11T15:05:00+00:00,2405.4,82.02,347.7,13.59,373.4,25.4,651.3,0.0626,1.01,259.0,214.0,11.5
2025-04-11T15:06:00+00:00,1799.0,84.62,356.1,13.35,342.6,27.9,616.2,0.0614,0.93,259.0,214.0,10.7
2025-04-11T15:07:00+00:00,1947.4,81.56,344.7,13.53,378.7,28.0,622.9,0.0599,1.00,259.0,214.0,11.9
2025-04-11T15:08:00+00:00,2064.1,83.14,358.9,13.97,374.9,27.8,597.2,0.0659,0.96,259.0,214.0,12.8
2025-04-11T15:09:00+00:00,2449.8,81.40,356.2,13.65,387.5,26.3,551.3,0.0619,0.91,259.0,214.0,10.7
2025-04-11T15:10:00+00:00,2520.2,86.46,348.1,13.60,407.0,28.1,583.0,0.0625,0.94,259.0,214.0,12.8
2025-04-11T15:11:00+00:00,2152.0,83.20,347.7,13.82,407.3,26.0,643.8,0.0611,1.01,259.0,214.0,11.1
2025-04-11T15:12:00+00:00,1922.3,82.99,348.5,14.04,372.9,27.7,642.4,0.0597,0.98,259.0,214.0,11.7
2025-04-11T15:13:00+00:00,2508.7,84.29,351.7,13.96,410.6,26.8,656.6,0.0624,0.94,259.0,214.0,12.1
2025-04-11T15:14:00+00:00,2099.0,81.12,347.8,13.78,383.5,27.4,629.1,0.0604,0.96,259.0,214.0,8.4
2025-04-11T15:15:00+00:00,2526.5,84.74,359.4,13.91,393.6,28.9,655.5,0.0635,1.05,259.0,214.0,11.4
2025-04-11T15:16:00+00:00,2501.8,84.83,337.2,13.76,395.5,27.9,602.3,0.0640,1.10,259.0,214.0,10.6
2025-04-11T15:17:00+00:00,1886.0,79.22,361.1,13.60,368.6,31.1,588.0,0.0610,0.97,259.0,214.0,11.5
2025-04-11T15:18:00+00:00,1964.2,80.41,354.3,13.91,373.3,30.4,619.9,0.0604,1.02,259.0,214.0,13.3
2025-04-11T15:19:00+00:00,1964.2,80.89,352.1,13.89,399.8,29.3,585.2,0.0636,0.98,259.0,214.0,11.9
2025-04-11T15:20:00+00:00,2440.5,85.19,337.7,13.69,414.2,26.3,544.1,0.0627,1.00,259.0,214.0,11.7
2025-04-11T15:21:00+00:00,2018.6,83.39,342.5,13.70,377.1,25.3,648.1,0.0605,1.01,259.0,214.0,11.9
2025-04-11T15:22:00+00:00,2456.0,85.60,346.8,13.67,393.5,26.5,589.4,0.0646,1.04,259.0,214.0,11.4
2025-04-11T15:23:00+00:00,1817.7,80.75,355.4,13.81,345.5,25.6,651.3,0.0595,1.03,259.0,214.0,10.5
2025-04-11T15:24:00+00:00,1888.1,81.63,328.9,13.77,372.3,27.2,598.4,0.0622,0.95,259.0,214.0,11.5
2025-04-11T15:25:00+00:00,2405.0,80.43,358.5,13.99,403.7,26.8,681.0,0.0625,1.01,259.0,214.0,11.0
2025-04-11T15:26:00+00:00,1973.7,82.58,349.0,13.67,367.3,26.9,601.1,0.0625,0.96,259.0,214.0,11.0
2025-04-11T15:27:00+00:00,2045.4,81.37,354.5,13.79,397.9,27.4,618.1,0.0650,0.98,259.0,214.0,11.5
2025-04-11T15:28:00+00:00,2038.4,83.11,356.4,13.87,394.1,26.7,555.9,0.0601,0.97,259.0,214.0,11.2
2025-04-11T15:29:00+00:00,1948.9,83.13,352.1,13.91,373.7,27.3,635.2,0.0655,1.04,259.0,214.0,10.4
2025-04-11T15:30:00+00:00,2110.5,82.78,339.8,13.64,383.7,27.8,589.6,0.0608,1.00,259.0,214.0,12.9
2025-04-11T15:31:00+00:00,2046.7,82.75,359.2,13.87,367.6,29.0,576.5,0.0603,0.99,259.0,214.0,11.4
2025-04-11T15:32:00+00:00,1802.4,80.90,352.7,14.08,384.7,27.7,540.0,0.0595,1.03,259.0,214.0,10.5
2025-04-11T15:33:00+00:00,2075.3,80.98,347.5,13.83,374.9,29.0,620.5,0.0606,1.01,259.0,214.0,11.3
2025-04-11T15:34:00+00:00,1956.6,81.29,358.1,13.72,406.1,25.4,631.4,0.0624,1.04,259.0,214.0,11.5
2025-04-11T15:35:00+00:00,2199.2,80.07,333.1,13.68,389.5,29.6,631.9,0.0612,0.96,259.0,214.0,11.8
2025-04-11T15:36:00+00:00,2105.0,82.24,345.2,13.73,389.2,28.7,598.0,0.0612,1.02,259.0,214.0,11.1
2025-04-11T15:37:00+00:00,2121.6,82.48,338.4,13.88,379.7,27.8,602.0,0.0707,0.96,259.0,214.0,13.7
2025-04-11T15:38:00+00:00,2180.9,80.15,344.1,13.90,379.8,27.8,579.2,0.0615,1.04,259.0,214.0,12.2
2025-04-11T15:39:00+00:00,1947.0,82.46,337.8,13.60,387.0,26.6,569.1,0.0633,1.01,259.0,214.0,12.3
2025-04-11T15:40:00+00:00,2239.2,81.48,351.4,13.94,396.3,29.5,610.5,0.0602,0.88,259.0,214.0,11.0
2025-04-11T15:41:00+00:00,1874.1,84.91,357.5,13.97,382.1,28.0,604.0,0.0586,0.90,259.0,214.0,12.4
2025-04-11T15:42:00+00:00,2206.5,82.21,358.5,13.91,378.9,29.3,623.8,0.0614,1.03,259.0,214.0,10.8
2025-04-11T15:43:00+00:00,1956.2,83.17,356.1,13.71,381.2,26.2,565.8,0.0598,0.97,259.0,214.0,9.7
2025-04-11T15:44:00+00:00,2037.9,82.71,349.5,14.06,401.8,26.8,598.4,0.0607,1.04,259.0,214.0,11.8
2025-04-11T15:45:00+00:00,2010.1,84.02,346.3,14.10,384.4,29.1,593.3,0.0616,0.99,259.0,214.0,12.3
2025-04-11T15:46:00+00:00,2128.3,83.63,343.2,13.72,392.5,27.8,596.9,0.0608,1.00,259.0,214.0,13.4
2025-04-11T15:47:00+00:00,2094.7,83.30,340.0,13.79,381.9,27.6,564.4,0.0653,1.04,259.0,214.0,12.9
2025-04-11T15:48:00+00:00,2088.9,83.12,344.9,13.82,357.1,27.2,652.3,0.0603,0.97,259.0,214.0,12.1
2025-04-11T15:49:00+00:00,2156.3,84.06,340.4,13.84,372.1,27.7,622.7,0.0615,1.01,259.0,214.0,11.5
2025-04-11T15:50:00+00:00,2029.0,82.95,362.9,13.95,378.1,27.7,613.2,0.0603,0.99,259.0,214.0,12.0
2025-04-11T15:51:00+00:00,2245.1,81.37,359.8,13.67,403.9,29.4,565.2,0.0683,0.91,259.0,214.0,8.8
2025-04-11T15:52:00+00:00,2072.9,81.82,348.9,13.72,394.7,26.4,557.3,0.0611,1.06,259.0,214.0,9.7
2025-04-11T15:53:00+00:00,2002.3,83.15,338.9,13.82,368.9,26.4,583.9,0.0638,1.00,259.0,214.0,11.5
2025-04-11T15:54:00+00:00,1989.4,81.60,361.9,13.80,365.9,25.5,622.6,0.0610,1.07,259.0,214.0,10.8
2025-04-11T15:55:00+00:00,1943.5,82.13,353.1,13.56,355.8,29.1,543.8,0.0601,1.02,259.0,214.0,11.8
2025-04-11T15:56:00+00:00,1941.4,81.78,345.6,14.04,375.9,29.7,597.4,0.0598,0.98,259.0,214.0,10.8
2025-04-11T15:57:00+00:00,1909.6,83.15,339.7,13.71,377.4,27.5,638.1,0.0593,0.96,259.0,214.0,13.7
2025-04-11T15:58:00+00:00,1971.4,84.17,359.7,13.62,389.2,26.7,659.0,0.0605,1.03,259.0,214.0,10.7
2025-04-11T15:59:00+00:00,1936.7,81.79,341.2,14.22,375.4,29.1,615.3,0.0598,0.99,259.0,214.0,11.6
2025-04-11T16:00:00+00:00,1838.2,82.27,354.2,13.91,389.5,25.5,625.1,0.0600,1.01,259.0,214.0,10.9
2025-04-11T16:01:00+00:00,2225.4,85.44,347.8,13.86,375.4,30.0,633.2,0.0621,1.01,259.0,214.0,11.3
2025-04-11T16:02:00+00:00,1991.9,83.61,338.6,14.07,399.3,29.2,614.0,0.0593,0.92,259.0,214.0,11.0
2025-04-11T16:03:00+00:00,2149.8,81.95,356.8,13.49,368.6,26.1,617.8,0.0604,0.94,259.0,214.0,11.6
2025-04-11T16:04:00+00:00,1912.0,82.71,347.4,13.76,374.1,31.1,555.3,0.0635,1.02,259.0,214.0,13.0
2025-04-11T16:05:00+00:00,1972.5,80.22,347.5,13.64,385.8,25.1,571.1,0.0617,1.01,259.0,214.0,11.7
2025-04-11T16:06:00+00:00,2057.9,83.01,338.7,13.72,383.9,30.5,651.7,0.0626,1.11,259.0,214.0,12.1
2025-04-11T16:07:00+00:00,2172.3,84.15,334.9,13.72,418.4,29.2,649.5,0.0621,1.09,259.0,214.0,11.6
2025-04-11T16:08:00+00:00,2022.6,80.51,353.4,13.90,386.1,31.1,615.4,0.0628,1.04,259.0,214.0,11.5
2025-04-11T16:09:00+00:00,2061.0,82.07,351.6,13.86,380.3,28.4,614.4,0.0640,1.06,259.0,214.0,14.3
2025-04-11T16:10:00+00:00,2029.6,82.55,347.2,13.47,384.0,29.0,581.5,0.0659,1.05,259.0,214.0,10.8
2025-04-11T16:11:00+00:00,1009.7,73.54,355.1,13.79,364.6,26.9,539.1,0.0641,1.09,259.0,214.0,11.7
2025-04-11T16:12:00+00:00,939.1,78.71,356.5,13.66,346.7,29.5,606.0,0.0588,1.01,259.0,214.0,11.4
2025-04-11T16:13:00+00:00,1161.5,77.22,351.0,13.87,343.5,27.6,536.9,0.0554,0.97,259.0,214.0,11.5
2025-04-11T16:14:00+00:00,939.8,79.98,373.3,13.85,345.4,26.2,537.7,0.0555,1.00,259.0,214.0,10.0
2025-04-11T16:15:00+00:00,960.2,77.59,352.3,13.94,354.0,28.3,571.6,0.0547,1.01,259.0,214.0,10.5
2025-04-11T16:16:00+00:00,1023.6,76.98,364.1,13.82,330.6,28.9,562.6,0.0548,0.98,259.0,214.0,10.2
2025-04-11T16:17:00+00:00,1016.7,79.32,362.0,13.59,349.1,27.0,563.2,0.0587,0.97,259.0,214.0,11.4
2025-04-11T16:18:00+00:00,1077.1,77.40,367.2,13.90,381.2,28.1,537.9,0.0563,0.94,259.0,214.0,12.2
2025-04-11T16:19:00+00:00,1034.4,77.85,359.5,13.89,347.2,28.2,547.9,0.0543,0.93,259.0,214.0,11.2
2025-04-11T16:20:00+00:00,932.8,79.52,357.2,13.72,350.0,25.6,579.8,0.0544,1.00,259.0,214.0,11.4
2025-04-11T16:21:00+00:00,1023.9,81.13,357.8,13.78,375.7,26.3,540.1,0.0547,0.98,259.0,214.0,12.7
2025-04-12T06:00:00+00:00,940.8,78.91,360.5,13.81,341.2,27.9,554.6,0.0613,1.27,76.9,256.9,15.9
2025-04-12T06:01:00+00:00,892.1,78.60,350.1,14.28,316.4,29.9,573.4,0.0571,1.28,76.9,256.9,17.9
2025-04-12T06:02:00+00:00,982.8,80.22,366.3,13.43,341.4,27.7,571.0,0.0617,1.31,76.9,256.9,20.0
2025-04-12T06:03:00+00:00,1076.2,79.39,361.4,13.81,371.9,27.6,530.0,0.0588,1.37,76.9,256.9,18.1
2025-04-12T06:04:00+00:00,969.7,76.62,342.2,13.91,353.6,29.6,575.0,0.0569,1.21,76.9,256.9,18.2
2025-04-12T06:05:00+00:00,1057.3,80.17,358.2,13.90,372.6,28.5,489.9,0.0589,1.29,76.9,256.9,18.3
2025-04-12T06:06:00+00:00,900.5,79.80,359.5,13.80,342.0,26.4,606.8,0.0564,1.21,76.9,256.9,19.2
2025-04-12T06:07:00+00:00,1064.6,79.11,366.2,13.66,345.1,30.6,552.2,0.0596,1.31,76.9,256.9,19.8
2025-04-12T06:08:00+00:00,941.4,79.32,353.5,13.83,359.4,25.9,553.4,0.0591,1.22,76.9,256.9,17.5
2025-04-12T06:09:00+00:00,1045.3,78.43,350.6,13.78,352.3,28.8,524.7,0.0628,1.23,76.9,256.9,19.4
2025-04-12T06:10:00+00:00,1019.4,78.59,351.6,13.98,349.6,28.2,605.9,0.0577,1.27,76.9,256.9,18.2
2025-04-12T06:11:00+00:00,943.9,82.28,354.3,13.58,338.2,29.7,542.1,0.0571,1.25,76.9,256.9,18.4
2025-04-12T06:12:00+00:00,2194.8,82.53,346.0,13.70,366.5,30.4,630.5,0.0646,1.30,76.9,256.9,19.2
2025-04-12T06:13:00+00:00,2085.5,83.68,342.8,13.80,375.3,28.1,587.0,0.0646,1.27,76.9,256.9,18.3
2025-04-12T06:14:00+00:00,2083.5,83.04,347.3,13.76,369.4,28.2,578.3,0.0632,1.25,76.9,256.9,21.0
2025-04-12T06:15:00+00:00,2025.6,81.31,346.7,13.79,383.1,29.6,599.6,0.0699,1.28,76.9,256.9,18.0
2025-04-12T06:16:00+00:00,2010.5,84.37,337.6,13.71,399.3,25.4,604.9,0.0661,1.26,76.9,256.9,19.1
2025-04-12T06:17:00+00:00,2161.4,83.69,369.0,14.12,375.2,31.6,602.8,0.0635,1.23,76.9,256.9,19.4
2025-04-12T06:18:00+00:00,1929.5,81.58,356.0,13.83,378.2,29.7,527.2,0.0620,1.21,76.9,256.9,18.9
2025-04-12T06:19:00+00:00,2155.8,83.98,364.9,13.83,410.2,27.4,593.9,0.0697,1.27,76.9,256.9,18.8
2025-04-12T06:20:00+00:00,2101.7,80.10,343.9,14.12,385.0,28.5,635.5,0.0677,1.27,76.9,256.9,19.3
2025-04-12T06:21:00+00:00,2164.6,80.56,348.0,13.67,379.3,27.0,622.7,0.0684,1.24,76.9,256.9,17.6
2025-04-12T06:22:00+00:00,1947.4,83.83,351.0,13.68,382.4,27.1,557.3,0.0632,1.32,76.9,256.9,18.6
2025-04-12T06:23:00+00:00,1903.1,83.01,354.3,13.68,387.0,28.2,637.6,0.0739,1.30,76.9,256.9,17.1
2025-04-12T06:24:00+00:00,1958.4,84.83,349.6,13.91,388.5,28.9,622.2,0.0711,1.29,76.9,256.9,19.7
2025-04-12T06:25:00+00:00,2145.3,83.86,345.8,13.86,386.9,28.6,577.5,0.0637,1.28,76.9,256.9,18.4
2025-04-12T06:26:00+00:00,1890.5,83.91,348.5,13.80,371.4,29.2,615.5,0.0628,1.32,76.9,256.9,17.5
2025-04-12T06:27:00+00:00,2102.2,82.23,367.2,13.83,384.7,29.3,584.5,0.0632,1.25,76.9,256.9,19.8
2025-04-12T06:28:00+00:00,1927.8,80.02,355.4,13.91,379.4,28.7,638.3,0.0631,1.33,76.9,256.9,19.2
2025-04-12T06:29:00+00:00,2125.0,83.26,350.2,13.97,384.7,29.0,592.9,0.0635,1.26,76.9,256.9,18.6
2025-04-12T06:30:00+00:00,1891.3,81.90,360.2,13.59,365.9,30.5,614.4,0.0694,1.24,76.9,256.9,18.9
2025-04-12T06:31:00+00:00,1941.8,84.09,324.7,13.99,393.3,31.2,576.5,0.0663,1.10,76.9,256.9,16.7
2025-04-12T06:32:00+00:00,2181.6,81.54,348.2,13.61,387.0,26.1,592.4,0.0751,1.29,76.9,256.9,19.1
2025-04-12T06:33:00+00:00,2003.7,83.64,356.3,13.66,368.2,29.0,576.6,0.0619,1.17,76.9,256.9,17.9
2025-04-12T06:34:00+00:00,1940.3,83.91,347.4,13.93,368.0,26.1,575.4,0.0684,1.26,76.9,256.9,18.4
2025-04-12T06:35:00+00:00,2136.2,80.43,349.9,13.53,367.5,28.3,593.6,0.0631,1.22,76.9,256.9,19.8
2025-04-12T06:36:00+00:00,1943.1,79.16,350.2,13.78,373.4,29.0,599.2,0.0661,1.31,76.9,256.9,17.9
2025-04-12T06:37:00+00:00,1864.5,83.20,354.2,14.12,371.5,26.5,643.6,0.0643,1.20,76.9,256.9,19.8
2025-04-12T06:38:00+00:00,2048.5,85.34,346.6,13.66,406.7,26.8,611.5,0.0653,1.24,76.9,256.9,17.8
2025-04-12T06:39:00+00:00,2130.2,82.36,340.1,13.62,379.1,26.9,684.9,0.0652,1.24,76.9,256.9,17.3
2025-04-12T06:40:00+00:00,2072.8,80.75,354.4,13.89,373.3,28.1,659.5,0.0730,1.28,76.9,256.9,17.8
2025-04-12T06:41:00+00:00,1912.2,82.40,353.6,13.66,400.8,25.2,632.1,0.0630,1.32,76.9,256.9,19.1
2025-04-12T06:42:00+00:00,2044.9,82.23,362.2,14.10,385.3,28.4,650.0,0.0620,1.16,76.9,256.9,20.7
2025-04-12T06:43:00+00:00,2001.7,80.79,347.8,13.76,397.1,27.4,624.5,0.0738,1.37,76.9,256.9,20.0
2025-04-12T06:44:00+00:00,1990.9,85.51,351.5,13.77,369.9,25.8,621.5,0.0651,1.22,76.9,256.9,20.2
2025-04-12T06:45:00+00:00,2163.5,81.73,350.6,13.89,392.3,27.4,536.8,0.0631,1.21,76.9,256.9,21.0
2025-04-12T06:46:00+00:00,1975.9,81.88,331.3,13.64,370.9,28.2,648.1,0.0631,1.30,76.9,256.9,21.0
2025-04-12T06:47:00+00:00,2040.5,83.47,359.0,14.03,387.7,29.8,604.5,0.0653,1.36,76.9,256.9,17.9
2025-04-12T06:48:00+00:00,2073.4,82.71,363.4,13.86,384.2,30.2,581.4,0.0690,1.32,76.9,256.9,17.5
2025-04-12T06:49:00+00:00,2082.0,82.15,341.7,13.84,381.8,26.2,596.8,0.0639,1.33,76.9,256.9,18.2
2025-04-12T06:50:00+00:00,2313.5,80.06,345.8,13.73,378.7,26.5,619.9,0.0669,1.19,76.9,256.9,18.4
2025-04-12T06:51:00+00:00,1965.0,80.80,355.1,13.73,378.8,29.4,615.5,0.0628,1.27,76.9,256.9,20.0
2025-04-12T06:52:00+00:00,2111.7,83.76,342.2,13.75,371.9,29.6,628.6,0.0642,1.25,76.9,256.9,18.4
2025-04-12T06:53:00+00:00,2009.3,80.41,338.0,13.86,372.6,28.8,621.2,0.0693,1.30,76.9,256.9,18.7
2025-04-12T06:54:00+00:00,2074.4,83.30,352.6,13.70,376.0,30.0,604.4,0.0635,1.28,76.9,256.9,18.8
2025-04-12T06:55:00+00:00,2074.7,83.65,363.4,13.62,387.4,26.7,674.1,0.0645,1.34,76.9,256.9,20.1
2025-04-12T06:56:00+00:00,2057.1,85.19,347.3,13.90,379.8,29.1,609.1,0.0631,1.25,76.9,256.9,18.0
2025-04-12T06:57:00+00:00,1929.9,82.00,350.5,13.90,369.8,28.4,624.5,0.0633,1.34,76.9,256.9,18.2
2025-04-12T06:58:00+00:00,2125.0,85.47,347.1,13.50,385.7,29.1,621.4,0.0656,1.28,76.9,256.9,19.6
2025-04-12T06:59:00+00:00,1978.0,79.84,352.7,13.81,376.2,28.8,614.6,0.0622,1.22,76.9,256.9,18.8
2025-04-12T07:00:00+00:00,2170.5,81.71,335.5,13.92,384.2,28.4,621.3,0.0631,1.19,76.9,256.9,19.0
2025-04-12T07:01:00+00:00,2307.2,83.37,342.9,13.74,394.6,30.7,590.7,0.0654,1.20,76.9,256.9,21.0
2025-04-12T07:02:00+00:00,2178.6,82.53,343.8,13.95,390.6,28.4,610.8,0.0692,1.32,76.9,256.9,20.0
2025-04-12T07:03:00+00:00,2074.6,81.40,358.3,14.15,388.9,28.5,624.3,0.0665,1.25,76.9,256.9,18.2
2025-04-12T07:04:00+00:00,1915.3,81.59,355.5,13.65,371.1,29.4,568.5,0.0624,1.27,76.9,256.9,17.0
2025-04-12T07:05:00+00:00,2427.8,84.52,348.0,13.89,401.1,28.3,644.3,0.0662,1.37,76.9,256.9,16.7
2025-04-12T07:06:00+00:00,1957.3,82.17,345.6,13.72,362.2,31.4,558.8,0.0626,1.27,76.9,256.9,17.4
2025-04-12T07:07:00+00:00,2569.6,84.06,348.5,13.91,410.2,25.5,648.1,0.0673,1.32,76.9,256.9,20.2
2025-04-12T07:08:00+00:00,1755.1,81.97,349.7,13.48,371.4,29.5,605.6,0.0618,1.29,76.9,256.9,18.9
2025-04-12T07:09:00+00:00,1982.5,81.00,337.0,13.87,371.1,26.8,602.2,0.0629,1.28,76.9,256.9,16.7
2025-04-12T07:10:00+00:00,1982.1,80.89,347.5,13.61,400.4,28.3,584.5,0.0620,1.19,76.9,256.9,19.3
2025-04-12T07:11:00+00:00,2067.7,82.22,336.8,14.13,372.5,25.6,669.9,0.0682,1.18,76.9,256.9,18.0
2025-04-12T07:12:00+00:00,2120.8,83.78,340.2,13.78,386.4,28.4,596.7,0.0665,1.28,76.9,256.9,19.2
2025-04-12T07:13:00+00:00,2568.1,83.38,346.2,13.80,405.0,28.5,601.7,0.0659,1.26,76.9,256.9,19.1
2025-04-12T07:14:00+00:00,2099.7,81.68,351.0,13.69,370.6,30.5,576.7,0.0637,1.29,76.9,256.9,18.5
2025-04-12T07:15:00+00:00,2365.0,82.34,360.5,13.78,412.4,27.3,660.0,0.0651,1.28,76.9,256.9,20.1
2025-04-12T07:16:00+00:00,1884.0,80.72,355.5,13.69,364.1,27.6,588.3,0.0635,1.31,76.9,256.9,17.7
2025-04-12T07:17:00+00:00,1972.8,80.79,360.1,14.02,344.7,28.0,607.9,0.0630,1.28,76.9,256.9,20.0
2025-04-12T07:18:00+00:00,2359.6,85.78,344.8,14.03,415.2,31.2,559.6,0.0643,1.22,76.9,256.9,18.3
2025-04-12T07:19:00+00:00,2012.5,85.11,350.3,13.67,371.8,25.0,547.3,0.0629,1.27,76.9,256.9,20.9
2025-04-12T07:20:00+00:00,1956.3,80.02,342.4,14.01,383.8,26.8,625.6,0.0658,1.21,76.9,256.9,19.3
2025-04-12T07:21:00+00:00,2111.7,80.59,341.5,13.96,376.5,29.2,558.5,0.0717,1.28,76.9,256.9,19.4
2025-04-12T07:22:00+00:00,1939.4,81.91,358.6,13.74,383.4,29.5,601.7,0.0627,1.29,76.9,256.9,18.2
2025-04-12T07:23:00+00:00,2161.4,82.45,337.3,14.04,395.8,27.3,581.7,0.0638,1.28,76.9,256.9,19.1
2025-04-12T07:24:00+00:00,2043.5,82.89,342.9,13.69,389.4,30.1,605.2,0.0665,1.21,76.9,256.9,19.3
2025-04-12T07:25:00+00:00,2002.7,82.58,342.0,13.63,392.6,27.0,589.7,0.0627,1.25,76.9,256.9,18.2
2025-04-12T07:26:00+00:00,2020.8,83.20,365.7,13.91,377.0,27.2,590.2,0.0629,1.26,76.9,256.9,19.8
2025-04-12T07:27:00+00:00,2213.6,81.02,346.6,13.80,366.5,26.6,642.9,0.0663,1.21,76.9,256.9,20.6
2025-04-12T07:28:00+00:00,2108.9,82.74,356.2,13.82,392.2,27.4,636.2,0.0705,1.28,76.9,256.9,18.9
2025-04-12T07:29:00+00:00,1908.9,79.83,348.9,13.82,369.9,27.2,627.2,0.0621,1.24,76.9,256.9,17.9
2025-04-12T07:30:00+00:00,2223.6,82.53,347.5,13.73,407.0,27.1,593.9,0.0648,1.36,76.9,256.9,19.1
2025-04-12T07:31:00+00:00,2018.1,83.37,360.9,13.85,360.0,27.1,608.3,0.0638,1.35,76.9,256.9,19.4
2025-04-12T07:32:00+00:00,1943.3,82.38,341.4,13.84,399.9,28.3,588.2,0.0625,1.25,76.9,256.9,18.7
2025-04-12T07:33:00+00:00,2188.1,83.42,351.9,13.89,372.6,27.4,579.0,0.0644,1.32,76.9,256.9,16.8
2025-04-12T07:34:00+00:00,2183.3,81.28,346.1,13.95,410.2,25.6,575.2,0.0635,1.23,76.9,256.9,21.5
2025-04-12T07:35:00+00:00,1918.1,81.72,344.2,13.77,382.9,26.7,587.2,0.0679,1.15,76.9,256.9,19.2
2025-04-12T07:36:00+00:00,1988.6,82.60,368.4,13.88,371.7,29.2,633.9,0.0696,1.29,76.9,256.9,19.0
2025-04-12T07:37:00+00:00,2071.2,82.52,348.4,13.70,371.2,29.5,541.7,0.0661,1.28,76.9,256.9,18.3
2025-04-12T07:38:00+00:00,2065.9,81.26,358.9,13.80,371.5,25.5,597.3,0.0696,1.19,76.9,256.9,19.5
2025-04-12T07:39:00+00:00,1839.9,84.68,359.1,13.94,388.8,27.6,608.5,0.0671,1.27,76.9,256.9,18.5
2025-04-12T07:40:00+00:00,1969.3,82.99,340.7,13.71,384.4,29.0,595.9,0.0708,1.17,76.9,256.9,16.9
2025-04-12T07:41:00+00:00,2049.9,84.07,348.0,13.85,379.4,28.8,609.1,0.0742,1.22,76.9,256.9,19.8
2025-04-12T07:42:00+00:00,1916.9,83.40,357.2,13.71,368.7,30.2,653.3,0.0648,1.21,76.9,256.9,20.0
2025-04-12T07:43:00+00:00,1805.1,82.43,365.7,13.85,396.9,26.9,598.6,0.0627,1.26,76.9,256.9,20.6
2025-04-12T07:44:00+00:00,2126.7,81.56,344.4,13.82,396.0,29.0,617.2,0.0751,1.36,76.9,256.9,17.7
2025-04-12T07:45:00+00:00,2052.5,81.47,351.5,13.55,390.1,26.1,597.6,0.0667,1.29,76.9,256.9,19.1
2025-04-12T07:46:00+00:00,2147.1,81.51,345.8,13.73,390.9,28.7,646.6,0.0634,1.25,76.9,256.9,18.0
2025-04-12T07:47:00+00:00,2022.9,82.18,345.9,13.79,384.0,29.0,583.8,0.0631,1.28,76.9,256.9,19.6
2025-04-12T07:48:00+00:00,1755.7,80.51,357.1,13.93,382.7,29.2,595.6,0.0613,1.16,76.9,256.9,21.1
2025-04-12T07:49:00+00:00,2097.6,82.83,361.9,13.70,398.0,26.4,612.4,0.0634,1.26,76.9,256.9,19.3
2025-04-12T07:50:00+00:00,1850.6,83.26,358.5,13.86,361.7,29.1,590.2,0.0634,1.27,76.9,256.9,19.9
2025-04-12T07:51:00+00:00,1929.7,82.54,350.3,14.09,379.9,26.7,558.7,0.0625,1.27,76.9,256.9,17.7
2025-04-12T07:52:00+00:00,1951.4,81.33,346.7,14.08,372.7,30.1,623.5,0.0623,1.24,76.9,256.9,18.2
2025-04-12T07:53:00+00:00,2001.9,83.27,353.8,13.76,381.7,28.7,630.8,0.0640,1.38,76.9,256.9,19.6
2025-04-12T07:54:00+00:00,2048.3,81.85,339.9,13.68,402.5,26.4,558.7,0.0626,1.21,76.9,256.9,18.5
2025-04-12T07:55:00+00:00,2185.1,84.62,347.9,13.60,381.9,26.7,607.5,0.0636,1.25,76.9,256.9,19.7
2025-04-12T07:56:00+00:00,2168.7,81.52,356.4,14.01,384.9,28.7,601.4,0.0637,1.26,76.9,256.9,19.9
2025-04-12T07:57:00+00:00,1971.7,81.91,353.9,13.76,366.7,28.4,621.0,0.0634,1.34,76.9,256.9,17.4
2025-04-12T07:58:00+00:00,2024.5,83.22,341.0,13.79,390.0,29.6,602.5,0.0633,1.29,76.9,256.9,18.3
2025-04-12T07:59:00+00:00,1808.4,77.75,363.0,13.96,369.2,27.3,588.7,0.0661,1.25,76.9,256.9,20.9
2025-04-12T08:00:00+00:00,2046.0,82.18,346.8,13.61,356.6,30.7,562.1,0.0634,1.30,76.9,256.9,18.1
2025-04-12T08:01:00+00:00,2032.1,81.03,340.0,13.95,380.9,28.1,599.2,0.0663,1.30,76.9,256.9,17.9
2025-04-12T08:02:00+00:00,2008.3,80.38,339.8,13.75,401.2,28.2,597.3,0.0667,1.30,76.9,256.9,18.1
2025-04-12T08:03:00+00:00,2022.8,82.56,361.7,13.64,391.8,28.9,569.6,0.0742,1.37,76.9,256.9,17.8
2025-04-12T08:04:00+00:00,2044.2,83.32,334.8,13.97,403.7,27.3,623.2,0.0628,1.24,76.9,256.9,18.6
2025-04-12T08:05:00+00:00,2133.6,81.76,340.0,13.90,414.6,28.9,580.1,0.0626,1.16,76.9,256.9,17.4
2025-04-12T08:06:00+00:00,2198.4,83.50,349.9,13.78,391.7,27.5,657.0,0.0653,1.28,76.9,256.9,18.9
2025-04-12T08:07:00+00:00,1877.8,82.82,357.2,13.87,368.9,28.8,566.5,0.0629,1.21,76.9,256.9,19.2
2025-04-12T08:08:00+00:00,2120.9,82.69,346.4,13.91,381.3,27.4,615.3,0.0697,1.34,76.9,256.9,17.3
2025-04-12T08:09:00+00:00,2007.6,83.49,343.2,13.73,403.1,27.9,630.2,0.0632,1.30,76.9,256.9,17.9
2025-04-12T08:10:00+00:00,1925.6,78.82,352.1,13.94,381.9,27.0,589.1,0.0695,1.32,76.9,256.9,19.1
2025-04-12T08:11:00+00:00,2100.6,84.75,345.4,13.80,372.8,32.5,631.7,0.0676,1.22,76.9,256.9,18.4
2025-04-12T08:12:00+00:00,1977.0,80.22,349.2,13.59,385.0,28.5,658.3,0.0645,1.28,76.9,256.9,18.0
2025-04-12T08:13:00+00:00,1955.2,79.87,341.5,13.81,365.6,25.7,571.4,0.0626,1.23,76.9,256.9,18.4
2025-04-12T08:14:00+00:00,1911.3,79.48,357.8,13.84,384.3,27.1,571.0,0.0692,1.27,76.9,256.9,17.4
2025-04-12T08:15:00+00:00,2019.9,83.11,349.2,13.61,399.0,28.7,562.1,0.0774,1.22,76.9,256.9,16.8
2025-04-12T08:16:00+00:00,979.4,79.48,354.8,13.78,341.9,28.9,563.1,0.0588,1.30,76.9,256.9,17.4
2025-04-12T08:17:00+00:00,1031.1,77.36,351.8,13.93,341.0,25.5,600.0,0.0602,1.30,76.9,256.9,20.5
2025-04-12T08:18:00+00:00,938.4,79.32,352.5,13.78,370.3,28.8,570.6,0.0576,1.30,76.9,256.9,19.0
2025-04-12T08:19:00+00:00,1049.2,76.74,358.5,13.76,369.5,26.3,537.8,0.0586,1.35,76.9,256.9,17.8
2025-04-12T08:20:00+00:00,997.2,77.27,364.5,13.69,350.5,30.2,576.1,0.0579,1.31,76.9,256.9,19.5
2025-04-12T08:21:00+00:00,1088.6,78.00,352.4,14.03,349.6,30.9,578.7,0.0576,1.22,76.9,256.9,18.2
2025-04-12T08:22:00+00:00,947.7,79.53,358.9,13.82,345.7,28.6,636.6,0.0617,1.25,76.9,256.9,18.3
2025-04-12T08:23:00+00:00,1083.4,77.71,350.4,13.53,359.5,27.3,604.9,0.0646,1.23,76.9,256.9,20.2
2025-04-12T08:24:00+00:00,994.0,78.85,360.4,14.00,376.2,27.5,564.0,0.0580,1.31,76.9,256.9,18.2
2025-04-12T08:25:00+00:00,928.5,76.54,374.9,13.94,361.6,27.7,523.1,0.0569,1.25,76.9,256.9,18.3
2025-04-12T08:26:00+00:00,776.1,77.91,347.1,13.59,317.6,28.9,577.2,0.0566,1.29,76.9,256.9,19.5
2025-04-12T14:00:00+00:00,1056.7,77.41,343.6,13.77,364.2,28.4,539.2,0.0579,1.28,76.9,256.9,18.6
2025-04-12T14:01:00+00:00,965.4,78.44,358.9,13.95,341.4,25.7,611.7,0.0565,1.18,76.9,256.9,18.9
2025-04-12T14:02:00+00:00,857.9,76.50,361.6,13.71,326.7,26.6,558.0,0.0604,1.28,76.9,256.9,19.6
2025-04-12T14:03:00+00:00,1015.5,80.42,367.3,14.08,366.5,26.6,521.0,0.0565,1.17,76.9,256.9,18.5
2025-04-12T14:04:00+00:00,1065.8,80.04,366.4,13.76,348.2,29.1,533.2,0.0585,1.32,76.9,256.9,18.8
2025-04-12T14:05:00+00:00,846.6,79.31,354.2,14.10,355.0,26.0,591.7,0.0589,1.33,76.9,256.9,18.8
2025-04-12T14:06:00+00:00,963.6,79.86,357.0,13.74,330.1,25.5,548.6,0.0570,1.24,76.9,256.9,18.3
2025-04-12T14:07:00+00:00,902.5,77.30,362.9,14.18,336.6,28.1,523.2,0.0636,1.29,76.9,256.9,19.0
2025-04-12T14:08:00+00:00,1010.9,81.28,344.6,13.71,338.1,25.9,579.9,0.0584,1.35,76.9,256.9,19.2
2025-04-12T14:09:00+00:00,1016.6,78.99,355.5,13.66,353.2,29.5,538.5,0.0573,1.24,76.9,256.9,17.3
2025-04-12T14:10:00+00:00,1017.1,79.73,358.2,13.84,346.7,29.0,542.2,0.0611,1.31,76.9,256.9,18.3
2025-04-12T14:11:00+00:00,965.1,78.31,365.9,13.58,346.8,23.4,560.2,0.0603,1.24,76.9,256.9,20.5
2025-04-12T14:12:00+00:00,1039.6,78.50,360.0,13.84,334.0,29.4,533.0,0.0581,1.29,76.9,256.9,19.9
2025-04-12T14:13:00+00:00,936.9,77.07,371.4,13.91,359.5,28.1,528.3,0.0576,1.30,76.9,256.9,18.9
2025-04-12T14:14:00+00:00,955.4,76.80,368.9,13.90,332.0,27.5,571.0,0.0610,1.27,76.9,256.9,19.4
2025-04-12T14:15:00+00:00,2027.7,82.68,362.0,13.71,400.4,28.2,554.8,0.0622,1.21,76.9,256.9,18.8
2025-04-12T14:16:00+00:00,2073.1,82.26,349.4,13.58,357.7,28.2,615.9,0.0630,1.24,76.9,256.9,17.6
2025-04-12T14:17:00+00:00,1960.0,81.39,348.5,13.45,372.2,28.7,619.3,0.0703,1.26,76.9,256.9,18.0
2025-04-12T14:18:00+00:00,2101.3,84.19,342.4,13.99,383.5,29.0,590.6,0.0639,1.31,76.9,256.9,18.3
2025-04-12T14:19:00+00:00,2022.9,82.66,359.1,13.97,382.8,28.0,626.3,0.0649,1.29,76.9,256.9,18.1
2025-04-12T14:20:00+00:00,2060.1,82.18,346.0,13.58,367.8,25.4,588.5,0.0660,1.31,76.9,256.9,19.2
2025-04-12T14:21:00+00:00,2083.7,81.84,346.6,13.69,407.7,28.5,600.1,0.0638,1.30,76.9,256.9,19.4
2025-04-12T14:22:00+00:00,1981.6,83.10,338.6,13.85,398.3,27.2,644.5,0.0630,1.29,76.9,256.9,19.9
2025-04-12T14:23:00+00:00,1921.6,84.49,350.0,14.19,383.1,28.2,590.3,0.0656,1.14,76.9,256.9,18.1
2025-04-12T14:24:00+00:00,2134.8,84.80,344.3,13.82,399.1,29.0,597.1,0.0649,1.39,76.9,256.9,19.9
2025-04-12T14:25:00+00:00,2184.2,81.20,339.1,13.87,401.1,27.7,630.1,0.0637,1.24,76.9,256.9,18.2
2025-04-12T14:26:00+00:00,2207.6,83.36,360.2,13.76,385.6,24.3,629.4,0.0646,1.32,76.9,256.9,18.3
2025-04-12T14:27:00+00:00,2141.6,82.27,347.3,13.63,413.2,26.7,607.6,0.0645,1.34,76.9,256.9,18.2
2025-04-12T14:28:00+00:00,1946.2,80.17,340.5,13.75,387.7,28.7,596.4,0.0686,1.34,76.9,256.9,17.8
2025-04-12T14:29:00+00:00,2012.0,83.61,355.8,13.76,379.0,26.6,590.5,0.0624,1.22,76.9,256.9,19.1
2025-04-12T14:30:00+00:00,1975.6,82.39,341.7,13.57,378.1,29.9,586.2,0.0657,1.14,76.9,256.9,19.2
2025-04-12T14:31:00+00:00,1938.9,80.99,356.9,13.80,381.1,28.6,630.7,0.0622,1.22,76.9,256.9,18.0
2025-04-12T14:32:00+00:00,2260.3,84.47,353.8,14.07,385.0,27.3,583.8,0.0735,1.23,76.9,256.9,20.3
2025-04-12T14:33:00+00:00,1900.8,81.56,343.4,13.89,346.5,28.2,594.7,0.0632,1.23,76.9,256.9,18.1
2025-04-12T14:34:00+00:00,2002.9,83.02,343.8,13.93,378.8,30.3,598.0,0.0629,1.27,76.9,256.9,19.5
2025-04-12T14:35:00+00:00,1771.4,83.10,350.3,13.77,383.3,27.6,584.6,0.0626,1.20,76.9,256.9,18.7
2025-04-12T14:36:00+00:00,1879.7,81.46,360.4,13.88,390.2,27.7,592.3,0.0653,1.34,76.9,256.9,19.2
2025-04-12T14:37:00+00:00,2123.3,80.17,350.1,13.99,363.7,26.4,572.5,0.0631,1.21,76.9,256.9,18.1
2025-04-12T14:38:00+00:00,2035.2,81.14,363.4,13.99,396.0,28.1,582.6,0.0649,1.25,76.9,256.9,16.8
2025-04-12T14:39:00+00:00,2027.9,83.29,354.8,13.57,388.5,29.6,615.8,0.0676,1.33,76.9,256.9,18.8
2025-04-12T14:40:00+00:00,1932.4,82.58,348.1,14.13,392.2,28.3,583.6,0.0667,1.26,76.9,256.9,18.9
2025-04-12T14:41:00+00:00,1792.0,81.59,349.9,13.82,375.2,30.1,613.3,0.0612,1.21,76.9,256.9,19.1
2025-04-12T14:42:00+00:00,1981.7,81.04,362.2,13.72,371.6,27.1,611.5,0.0651,1.27,76.9,256.9,20.6
2025-04-12T14:43:00+00:00,2081.4,85.18,353.5,13.68,379.7,29.5,563.5,0.0632,1.25,76.9,256.9,16.5
2025-04-12T14:44:00+00:00,2193.3,82.37,335.5,13.76,383.3,27.6,504.1,0.0690,1.27,76.9,256.9,19.8
2025-04-12T14:45:00+00:00,2113.7,80.27,350.7,14.10,408.1,24.6,601.9,0.0668,1.22,76.9,256.9,18.4
2025-04-12T14:46:00+00:00,2087.2,81.85,334.2,14.01,407.9,28.8,593.6,0.0629,1.22,76.9,256.9,18.6
2025-04-12T14:47:00+00:00,1946.7,82.61,342.6,13.77,383.6,30.1,587.9,0.0643,1.37,76.9,256.9,19.3
2025-04-12T14:48:00+00:00,2067.0,83.24,347.2,13.82,386.5,27.1,592.5,0.0622,1.18,76.9,256.9,16.5
2025-04-12T14:49:00+00:00,2026.3,80.65,345.7,13.91,391.5,27.1,607.1,0.0631,1.28,76.9,256.9,19.7
2025-04-12T14:50:00+00:00,1926.6,81.48,346.6,13.80,372.9,26.9,629.7,0.0621,1.24,76.9,256.9,18.4
2025-04-12T14:51:00+00:00,2037.9,79.89,344.5,13.89,380.7,25.9,599.9,0.0626,1.22,76.9,256.9,17.3
2025-04-12T14:52:00+00:00,2056.5,80.80,355.7,13.57,385.0,28.6,560.0,0.0634,1.26,76.9,256.9,18.6
2025-04-12T14:53:00+00:00,1812.7,78.67,345.9,13.58,363.8,28.5,613.3,0.0669,1.26,76.9,256.9,18.2
2025-04-12T14:54:00+00:00,2316.9,80.25,340.6,14.08,382.2,28.3,685.4,0.0678,1.33,76.9,256.9,18.8
2025-04-12T14:55:00+00:00,2094.0,81.08,354.6,13.83,380.5,26.6,604.0,0.0652,1.25,76.9,256.9,17.9
2025-04-12T14:56:00+00:00,2048.3,82.75,355.2,13.81,388.4,28.6,649.6,0.0634,1.30,76.9,256.9,19.2
2025-04-12T14:57:00+00:00,2079.1,79.95,349.1,13.81,386.3,29.7,601.8,0.0628,1.21,76.9,256.9,19.2
2025-04-12T14:58:00+00:00,1871.0,81.77,348.9,13.57,370.7,30.3,572.0,0.0619,1.23,76.9,256.9,19.4
2025-04-12T14:59:00+00:00,2097.8,80.37,356.8,13.84,398.0,25.8,630.5,0.0649,1.23,76.9,256.9,17.2
2025-04-12T15:00:00+00:00,2100.5,83.31,341.4,13.66,385.6,27.8,625.6,0.0638,1.31,76.9,256.9,19.3
2025-04-12T15:01:00+00:00,2022.1,79.96,338.4,13.85,384.6,32.2,601.3,0.0634,1.32,76.9,256.9,20.8
2025-04-12T15:02:00+00:00,2015.7,81.74,333.3,13.93,378.0,29.5,609.5,0.0625,1.22,76.9,256.9,18.8
2025-04-12T15:03:00+00:00,2016.8,84.12,348.2,13.86,387.9,28.3,634.6,0.0635,1.32,76.9,256.9,17.4
2025-04-12T15:04:00+00:00,1822.4,80.43,354.8,13.80,385.7,30.0,581.1,0.0641,1.24,76.9,256.9,18.4
2025-04-12T15:05:00+00:00,2062.6,80.75,337.7,13.96,373.5,29.2,631.9,0.0630,1.24,76.9,256.9,18.1
2025-04-12T15:06:00+00:00,1987.3,80.26,345.0,13.53,367.7,26.4,594.7,0.0713,1.26,76.9,256.9,18.9
2025-04-12T15:07:00+00:00,1946.9,81.24,359.2,13.97,358.0,30.3,600.6,0.0727,1.26,76.9,256.9,16.4
2025-04-12T15:08:00+00:00,2091.0,84.13,352.7,13.88,375.3,27.1,594.0,0.0749,1.31,76.9,256.9,19.3
2025-04-12T15:09:00+00:00,1902.0,82.06,341.7,13.84,382.5,26.5,596.2,0.0625,1.28,76.9,256.9,18.5
2025-04-12T15:10:00+00:00,2128.1,82.42,337.9,13.69,380.9,24.8,647.7,0.0634,1.24,76.9,256.9,16.8
2025-04-12T15:11:00+00:00,2037.9,84.05,356.7,13.79,414.1,26.6,592.9,0.0696,1.33,76.9,256.9,20.4
2025-04-12T15:12:00+00:00,2451.0,81.13,331.5,13.94,380.7,27.3,606.1,0.0656,1.24,76.9,256.9,18.6
2025-04-12T15:13:00+00:00,2455.3,81.32,338.9,13.75,398.0,27.6,635.0,0.0646,1.20,76.9,256.9,18.2
2025-04-12T15:14:00+00:00,1926.7,78.55,357.9,13.65,387.6,28.2,576.4,0.0626,1.26,76.9,256.9,19.0
2025-04-12T15:15:00+00:00,1981.2,83.14,348.3,13.89,376.8,26.7,590.1,0.0638,1.21,76.9,256.9,18.9
2025-04-12T15:16:00+00:00,1921.6,80.95,344.1,13.70,392.9,26.6,605.9,0.0664,1.29,76.9,256.9,18.9
2025-04-12T15:17:00+00:00,2014.8,82.29,348.0,14.02,380.6,29.8,599.3,0.0636,1.33,76.9,256.9,20.2
2025-04-12T15:18:00+00:00,1861.7,81.63,354.5,13.57,382.7,31.9,605.5,0.0670,1.26,76.9,256.9,18.0
2025-04-12T15:19:00+00:00,1919.8,79.89,354.2,13.86,371.1,28.6,596.1,0.0695,1.19,76.9,256.9,18.2
2025-04-12T15:20:00+00:00,1895.9,78.24,340.1,13.49,360.5,31.3,602.2,0.0624,1.28,76.9,256.9,17.8
2025-04-12T15:21:00+00:00,2134.6,82.73,349.2,13.70,386.7,26.3,563.3,0.0641,1.31,76.9,256.9,18.2
2025-04-12T15:22:00+00:00,2460.6,82.04,356.1,13.62,382.8,29.7,674.1,0.0651,1.25,76.9,256.9,18.2
2025-04-12T15:23:00+00:00,2022.2,85.56,355.0,13.95,384.6,26.4,623.6,0.0631,1.26,76.9,256.9,20.5
2025-04-12T15:24:00+00:00,1988.4,80.75,337.7,13.75,382.3,28.9,599.2,0.0629,1.29,76.9,256.9,18.1
2025-04-12T15:25:00+00:00,1951.0,83.02,356.5,13.83,377.3,27.1,625.9,0.0627,1.20,76.9,256.9,19.1
2025-04-12T15:26:00+00:00,2467.7,87.25,360.5,13.79,412.8,28.1,555.1,0.0674,1.29,76.9,256.9,18.9
2025-04-12T15:27:00+00:00,2239.0,84.45,335.1,13.81,396.9,26.9,562.8,0.0635,1.20,76.9,256.9,17.2
2025-04-12T15:28:00+00:00,2472.8,85.44,342.1,13.78,399.8,27.1,636.3,0.0646,1.20,76.9,256.9,18.6
2025-04-12T15:29:00+00:00,1963.0,79.75,356.1,14.23,381.5,25.3,582.7,0.0691,1.23,76.9,256.9,19.0
2025-04-12T15:30:00+00:00,1796.6,77.48,347.7,13.50,375.8,27.7,599.3,0.0621,1.24,76.9,256.9,16.8
2025-04-12T15:31:00+00:00,2559.3,85.40,347.5,13.80,418.3,29.4,627.0,0.0652,1.19,76.9,256.9,17.4
2025-04-12T15:32:00+00:00,2491.2,88.42,344.3,13.84,422.4,26.7,562.1,0.0657,1.30,76.9,256.9,18.6
2025-04-12T15:33:00+00:00,2077.0,82.77,341.2,13.66,352.0,28.9,542.3,0.0641,1.26,76.9,256.9,17.7
2025-04-12T15:34:00+00:00,2544.2,84.72,333.1,13.86,395.7,30.3,618.7,0.0653,1.22,76.9,256.9,18.0
2025-04-12T15:35:00+00:00,1905.9,81.39,341.4,13.94,372.1,28.0,600.4,0.0624,1.27,76.9,256.9,18.6
2025-04-12T15:36:00+00:00,2140.8,83.59,352.4,13.70,389.6,27.6,597.7,0.0659,1.28,76.9,256.9,19.3
2025-04-12T15:37:00+00:00,1932.2,83.22,329.7,13.98,370.7,27.2,594.8,0.0640,1.30,76.9,256.9,19.8
2025-04-12T15:38:00+00:00,2155.0,81.32,334.3,13.82,358.1,32.6,616.0,0.0629,1.19,76.9,256.9,18.7
2025-04-12T15:39:00+00:00,2448.4,81.15,353.1,14.10,384.9,28.8,645.7,0.0660,1.30,76.9,256.9,19.0
2025-04-12T15:40:00+00:00,2493.7,83.54,355.0,13.81,416.5,28.6,596.9,0.0651,1.22,76.9,256.9,18.4
2025-04-12T15:41:00+00:00,1837.8,83.26,355.8,13.73,383.1,27.8,599.9,0.0641,1.27,76.9,256.9,18.7
2025-04-12T15:42:00+00:00,2103.1,85.38,354.7,13.86,391.7,27.4,567.3,0.0714,1.26,76.9,256.9,19.1
2025-04-12T15:43:00+00:00,2034.3,81.26,346.4,13.93,383.2,27.2,572.7,0.0648,1.16,76.9,256.9,19.5
2025-04-12T15:44:00+00:00,2011.7,79.64,338.6,13.75,378.5,27.3,636.2,0.0641,1.29,76.9,256.9,18.7
2025-04-12T15:45:00+00:00,2409.4,80.97,355.2,13.82,396.5,25.9,620.0,0.0656,1.32,76.9,256.9,18.4
2025-04-12T15:46:00+00:00,1964.5,83.14,337.6,14.06,382.1,24.6,567.8,0.0636,1.35,76.9,256.9,17.1
2025-04-12T15:47:00+00:00,2018.0,80.55,351.8,13.94,359.5,26.0,570.9,0.0631,1.28,76.9,256.9,18.0
2025-04-12T15:48:00+00:00,2193.5,78.95,351.7,13.88,384.4,27.1,581.5,0.0636,1.24,76.9,256.9,17.8
2025-04-12T15:49:00+00:00,2069.5,81.22,349.3,13.95,381.8,29.5,625.2,0.0731,1.25,76.9,256.9,19.8
2025-04-12T15:50:00+00:00,2184.1,81.46,362.7,13.83,402.8,25.1,649.6,0.0646,1.35,76.9,256.9,18.3
2025-04-12T15:51:00+00:00,1960.0,83.74,351.6,13.65,389.1,29.6,563.7,0.0627,1.26,76.9,256.9,19.6
2025-04-12T15:52:00+00:00,1976.6,81.95,345.8,13.64,390.2,29.9,600.9,0.0658,1.22,76.9,256.9,19.0
2025-04-12T15:53:00+00:00,2025.5,81.99,340.5,13.45,383.4,28.3,590.8,0.0638,1.30,76.9,256.9,19.4
2025-04-12T15:54:00+00:00,1951.5,81.35,357.9,13.85,382.6,27.9,616.9,0.0623,1.24,76.9,256.9,19.9
2025-04-12T15:55:00+00:00,2134.2,82.83,354.3,13.72,373.9,29.5,631.2,0.0690,1.25,76.9,256.9,16.4
2025-04-12T15:56:00+00:00,2083.4,81.27,337.1,13.62,398.3,27.8,646.0,0.0670,1.31,76.9,256.9,17.3
2025-04-12T15:57:00+00:00,2114.8,84.68,342.1,13.86,395.3,26.6,556.0,0.0637,1.27,76.9,256.9,19.0
2025-04-12T15:58:00+00:00,2071.8,83.03,348.5,13.84,396.3,27.8,579.9,0.0638,1.32,76.9,256.9,18.9
2025-04-12T15:59:00+00:00,1966.6,83.12,334.5,14.07,381.3,27.3,680.7,0.0625,1.25,76.9,256.9,19.7
2025-04-12T16:00:00+00:00,2039.4,83.08,342.2,13.80,373.3,28.1,592.5,0.0651,1.26,76.9,256.9,18.5
2025-04-12T16:01:00+00:00,2027.2,82.50,361.1,13.84,397.1,27.4,630.9,0.0651,1.25,76.9,256.9,18.3
2025-04-12T16:02:00+00:00,1853.1,83.76,335.3,13.40,396.1,29.2,611.3,0.0622,1.27,76.9,256.9,19.0
2025-04-12T16:03:00+00:00,2062.0,81.39,352.3,13.88,386.1,28.1,585.3,0.0625,1.20,76.9,256.9,17.6
2025-04-12T16:04:00+00:00,2174.2,82.74,340.8,13.92,391.8,28.3,627.2,0.0640,1.28,76.9,256.9,21.4
2025-04-12T16:05:00+00:00,2082.8,80.93,347.2,13.80,389.3,28.2,599.8,0.0652,1.29,76.9,256.9,18.1
2025-04-12T16:06:00+00:00,1908.0,82.19,346.5,13.63,394.0,27.8,557.9,0.0629,1.31,76.9,256.9,19.6
2025-04-12T16:07:00+00:00,2046.3,82.48,343.9,13.86,392.9,27.2,635.6,0.0653,1.28,76.9,256.9,20.0
2025-04-12T16:08:00+00:00,2076.8,81.85,351.2,13.73,351.4,27.7,573.4,0.0633,1.21,76.9,256.9,19.9
2025-04-12T16:09:00+00:00,2015.1,84.60,351.7,13.83,387.4,28.8,615.5,0.0630,1.27,76.9,256.9,18.5
2025-04-12T16:10:00+00:00,2138.4,81.27,350.2,14.07,385.9,25.6,581.8,0.0638,1.27,76.9,256.9,19.0
2025-04-12T16:11:00+00:00,1958.8,81.20,334.4,13.62,374.1,26.8,633.7,0.0621,1.23,76.9,256.9,19.1
2025-04-12T16:12:00+00:00,1947.1,83.13,353.5,13.79,381.7,26.7,553.7,0.0621,1.22,76.9,256.9,19.2
2025-04-12T16:13:00+00:00,2017.5,81.40,352.7,13.82,377.4,27.3,612.7,0.0630,1.27,76.9,256.9,18.9
2025-04-12T16:14:00+00:00,1817.3,81.84,350.9,13.79,384.3,25.8,655.3,0.0620,1.27,76.9,256.9,19.0
2025-04-12T16:15:00+00:00,2140.1,83.97,352.0,13.99,380.9,27.3,570.8,0.0627,1.18,76.9,256.9,18.2
2025-04-12T16:16:00+00:00,2047.4,80.59,350.4,13.77,385.5,24.5,602.2,0.0621,1.17,76.9,256.9,19.3
2025-04-12T16:17:00+00:00,1972.0,79.85,363.5,13.83,399.1,26.6,559.8,0.0687,1.24,76.9,256.9,19.5
2025-04-12T16:18:00+00:00,2029.8,80.10,345.2,14.04,383.0,27.3,654.5,0.0750,1.26,76.9,256.9,18.1
2025-04-12T16:19:00+00:00,2052.9,81.92,360.3,13.88,400.2,27.6,585.7,0.0636,1.27,76.9,256.9,18.3
2025-04-12T16:20:00+00:00,1954.6,80.53,351.6,13.82,365.2,28.4,664.0,0.0654,1.30,76.9,256.9,19.4
2025-04-12T16:21:00+00:00,2127.0,83.25,339.1,14.05,366.5,27.8,624.1,0.0649,1.16,76.9,256.9,18.7
2025-04-12T16:22:00+00:00,2023.9,86.14,347.9,13.67,365.6,28.8,618.6,0.0689,1.24,76.9,256.9,19.8
2025-04-12T16:23:00+00:00,2080.9,79.70,359.1,13.94,405.4,28.9,594.7,0.0627,1.22,76.9,256.9,18.9
2025-04-12T16:24:00+00:00,1750.1,83.94,348.9,13.73,361.0,26.6,554.9,0.0620,1.26,76.9,256.9,18.1
2025-04-12T16:25:00+00:00,1851.5,83.44,347.6,13.77,372.6,25.1,625.9,0.0609,1.16,76.9,256.9,20.3
2025-04-12T16:26:00+00:00,2016.3,84.54,333.6,13.79,385.2,26.2,562.1,0.0624,1.21,76.9,256.9,18.6
2025-04-12T16:27:00+00:00,2075.8,79.43,342.2,13.95,380.0,25.8,596.7,0.0638,1.31,76.9,256.9,18.6
2025-04-12T16:28:00+00:00,1768.9,80.42,353.2,13.84,381.8,25.5,585.3,0.0642,1.31,76.9,256.9,18.6
2025-04-12T16:29:00+00:00,2135.6,83.74,332.3,13.77,386.5,24.6,546.8,0.0637,1.28,76.9,256.9,18.8
2025-04-12T16:30:00+00:00,2041.2,81.90,347.6,13.73,406.9,28.2,620.3,0.0648,1.21,76.9,256.9,19.7
2025-04-12T16:31:00+00:00,1874.9,82.68,340.6,13.65,387.1,27.6,635.4,0.0618,1.22,76.9,256.9,19.3
2025-04-12T16:32:00+00:00,1939.6,81.29,358.8,13.69,399.0,25.7,555.3,0.0645,1.26,76.9,256.9,19.4
2025-04-12T16:33:00+00:00,2045.6,82.41,331.7,13.82,372.6,28.8,624.4,0.0620,1.16,76.9,256.9,18.6
2025-04-12T16:34:00+00:00,2051.6,80.20,347.3,13.71,403.2,27.8,613.2,0.0694,1.25,76.9,256.9,19.9
2025-04-12T16:35:00+00:00,2126.4,82.07,349.9,13.83,385.1,27.3,608.7,0.0640,1.31,76.9,256.9,19.0
2025-04-12T16:36:00+00:00,1824.9,80.43,359.8,13.90,384.9,28.8,563.9,0.0674,1.32,76.9,256.9,18.0
2025-04-12T16:37:00+00:00,1867.3,82.88,365.2,13.83,370.1,27.9,618.5,0.0643,1.32,76.9,256.9,20.2
2025-04-12T16:38:00+00:00,1900.6,83.02,343.6,13.76,369.1,27.6,614.7,0.0696,1.38,76.9,256.9,18.2
2025-04-12T16:39:00+00:00,2119.6,83.92,349.9,13.85,370.4,26.2,578.9,0.0638,1.30,76.9,256.9,18.1
2025-04-12T16:40:00+00:00,2236.2,84.09,360.3,13.93,386.8,22.6,653.0,0.0639,1.24,76.9,256.9,18.8
2025-04-12T16:41:00+00:00,2008.4,81.98,343.3,13.89,386.0,27.4,564.0,0.0638,1.20,76.9,256.9,18.6
2025-04-12T16:42:00+00:00,880.5,78.03,366.4,13.83,333.7,29.3,551.4,0.0570,1.28,76.9,256.9,18.0
2025-04-12T16:43:00+00:00,1035.0,80.11,361.9,13.71,329.5,26.4,550.2,0.0587,1.29,76.9,256.9,15.4
2025-04-12T16:44:00+00:00,979.2,81.55,364.2,13.84,348.0,27.0,553.8,0.0600,1.20,76.9,256.9,20.1
2025-04-12T16:45:00+00:00,863.3,79.85,357.1,13.80,355.4,25.6,534.0,0.0592,1.35,76.9,256.9,16.5
2025-04-12T16:46:00+00:00,977.2,79.82,358.2,13.63,329.4,25.9,534.9,0.0686,1.33,76.9,256.9,17.9
2025-04-12T16:47:00+00:00,1130.5,80.84,357.8,13.61,333.8,29.4,587.7,0.0599,1.19,76.9,256.9,17.7
2025-04-12T16:48:00+00:00,1008.5,80.21,357.3,13.63,321.4,25.3,534.1,0.0573,1.24,76.9,256.9,18.2
2025-04-12T16:49:00+00:00,963.3,79.65,365.4,13.80,356.6,26.6,564.9,0.0567,1.21,76.9,256.9,19.1
2025-04-12T16:50:00+00:00,933.1,78.04,364.2,13.89,373.2,28.0,556.0,0.0571,1.27,76.9,256.9,19.8
2025-04-12T16:51:00+00:00,885.8,78.10,367.0,13.61,337.7,26.6,589.8,0.0572,1.29,76.9,256.9,18.2
2025-04-12T16:52:00+00:00,1061.4,79.32,361.8,13.95,373.1,32.9,543.1,0.0577,1.19,76.9,256.9,18.8
2025-04-12T16:53:00+00:00,819.7,78.21,367.2,13.79,357.5,26.8,557.5,0.0562,1.23,76.9,256.9,17.5
2025-04-12T16:54:00+00:00,1101.5,76.45,363.7,13.82,338.0,27.8,564.9,0.0594,1.30,76.9,256.9,18.0
2025-04-12T16:55:00+00:00,1038.1,78.50,353.0,13.77,335.5,28.1,544.8,0.0578,1.27,76.9,256.9,17.8
2025-04-13T06:00:00+00:00,924.8,79.38,359.3,13.55,331.2,29.4,606.9,0.0553,0.66,187.4,52.4,3.4
2025-04-13T06:01:00+00:00,974.3,79.14,354.6,13.71,357.5,27.4,535.4,0.0559,0.80,187.4,52.4,6.1
2025-04-13T06:02:00+00:00,1027.6,82.49,351.0,13.65,348.6,28.5,572.2,0.0525,0.76,187.4,52.4,3.8
2025-04-13T06:03:00+00:00,853.3,77.65,355.8,13.76,354.6,28.4,566.7,0.0514,0.73,187.4,52.4,3.2
2025-04-13T06:04:00+00:00,956.0,78.27,359.1,13.80,351.8,26.9,512.6,0.0527,0.80,187.4,52.4,3.5
2025-04-13T06:05:00+00:00,939.4,80.19,360.3,14.16,341.4,27.7,536.1,0.0532,0.73,187.4,52.4,5.0
2025-04-13T06:06:00+00:00,989.0,79.69,342.3,13.73,361.3,29.1,529.7,0.0520,0.71,187.4,52.4,4.2
2025-04-13T06:07:00+00:00,1001.6,79.18,348.4,13.79,359.4,28.3,559.7,0.0547,0.79,187.4,52.4,6.9
2025-04-13T06:08:00+00:00,1036.2,78.83,358.1,13.67,338.6,26.7,569.2,0.0522,0.72,187.4,52.4,6.4
2025-04-13T06:09:00+00:00,1036.0,76.57,379.0,13.66,375.9,23.8,567.2,0.0522,0.70,187.4,52.4,5.3
2025-04-13T06:10:00+00:00,1119.9,77.59,366.3,13.69,353.7,28.0,574.9,0.0551,0.64,187.4,52.4,4.1
2025-04-13T06:11:00+00:00,1110.9,80.82,344.1,13.97,352.1,26.6,594.5,0.0527,0.71,187.4,52.4,2.8
2025-04-13T06:12:00+00:00,975.3,76.78,343.4,14.04,346.9,26.7,521.2,0.0541,0.76,187.4,52.4,6.5
2025-04-13T06:13:00+00:00,1050.3,76.83,358.2,13.69,349.4,28.5,557.2,0.0523,0.74,187.4,52.4,5.9
2025-04-13T06:14:00+00:00,2216.1,81.49,337.8,13.76,390.1,28.3,598.7,0.0661,0.66,187.4,52.4,4.7
2025-04-13T06:15:00+00:00,1895.3,81.02,328.7,13.84,377.8,29.4,487.6,0.0574,0.77,187.4,52.4,6.0
2025-04-13T06:16:00+00:00,2002.9,81.25,345.7,13.87,370.6,28.1,637.4,0.0567,0.65,187.4,52.4,5.7
2025-04-13T06:17:00+00:00,1959.4,81.05,336.5,13.76,393.4,29.7,638.2,0.0589,0.72,187.4,52.4,4.6
2025-04-13T06:18:00+00:00,2011.9,83.36,338.0,13.95,389.0,28.7,643.7,0.0659,0.68,187.4,52.4,4.0
2025-04-13T06:19:00+00:00,2100.9,82.79,346.0,13.84,395.1,28.4,573.5,0.0616,0.72,187.4,52.4,5.1
2025-04-13T06:20:00+00:00,2117.4,80.08,345.6,13.88,374.9,28.4,661.1,0.0706,0.74,187.4,52.4,5.8
2025-04-13T06:21:00+00:00,1979.3,80.41,354.6,13.67,388.6,27.2,569.9,0.0619,0.81,187.4,52.4,5.8
2025-04-13T06:22:00+00:00,2051.2,83.41,344.6,13.90,400.1,27.8,543.3,0.0584,0.78,187.4,52.4,4.5
2025-04-13T06:23:00+00:00,1849.8,81.22,354.5,13.77,371.6,29.0,586.4,0.0573,0.78,187.4,52.4,3.5
2025-04-13T06:24:00+00:00,1781.2,80.50,364.1,13.95,377.4,27.7,614.3,0.0565,0.74,187.4,52.4,6.1
2025-04-13T06:25:00+00:00,2005.3,80.01,351.2,13.74,396.6,27.4,606.5,0.0586,0.65,187.4,52.4,5.3
2025-04-13T06:26:00+00:00,1781.2,83.79,355.3,14.12,363.9,28.6,606.5,0.0558,0.67,187.4,52.4,6.0
2025-04-13T06:27:00+00:00,1976.6,82.15,348.4,13.74,389.9,29.4,588.9,0.0583,0.78,187.4,52.4,4.5
2025-04-13T06:28:00+00:00,2048.9,82.63,341.0,13.60,368.3,26.9,601.6,0.0580,0.76,187.4,52.4,5.2
2025-04-13T06:29:00+00:00,2134.2,85.71,353.1,13.88,405.3,26.5,605.6,0.0614,0.85,187.4,52.4,4.0
2025-04-13T06:30:00+00:00,2005.1,82.92,357.4,14.00,371.0,27.2,567.7,0.0619,0.74,187.4,52.4,5.2
2025-04-13T06:31:00+00:00,2222.8,81.05,341.8,13.87,378.6,30.5,600.2,0.0609,0.73,187.4,52.4,4.0
2025-04-13T06:32:00+00:00,1972.5,82.65,347.5,13.80,382.8,27.8,585.1,0.0615,0.75,187.4,52.4,4.6
2025-04-13T06:33:00+00:00,2290.0,81.43,361.6,14.03,405.5,28.6,571.1,0.0591,0.74,187.4,52.4,3.4
2025-04-13T06:34:00+00:00,2216.6,83.98,338.7,13.73,400.0,28.8,637.6,0.0581,0.68,187.4,52.4,4.5
2025-04-13T06:35:00+00:00,1907.1,81.53,355.8,13.61,376.7,25.9,576.5,0.0562,0.65,187.4,52.4,6.7
2025-04-13T06:36:00+00:00,2025.1,81.72,340.4,13.73,389.7,27.0,573.4,0.0573,0.69,187.4,52.4,4.1
2025-04-13T06:37:00+00:00,1887.6,82.84,346.9,13.73,378.2,25.9,580.4,0.0570,0.68,187.4,52.4,3.8
2025-04-13T06:38:00+00:00,2103.5,82.74,341.1,13.85,390.8,26.0,576.7,0.0593,0.76,187.4,52.4,5.1
2025-04-13T06:39:00+00:00,2027.0,81.42,350.0,14.09,371.6,27.1,547.4,0.0615,0.75,187.4,52.4,4.6
2025-04-13T06:40:00+00:00,1826.9,81.03,344.5,13.81,366.5,27.0,562.1,0.0599,0.84,187.4,52.4,4.6
2025-04-13T06:41:00+00:00,1989.5,82.59,352.4,13.84,390.2,26.9,617.2,0.0573,0.71,187.4,52.4,4.8
2025-04-13T06:42:00+00:00,1978.9,81.42,347.4,13.83,380.1,25.5,633.7,0.0621,0.77,187.4,52.4,4.5
2025-04-13T06:43:00+00:00,2244.7,81.09,348.6,13.99,393.7,29.2,588.3,0.0584,0.68,187.4,52.4,5.8
2025-04-13T06:44:00+00:00,1954.6,83.33,363.4,13.80,377.1,24.2,565.8,0.0575,0.76,187.4,52.4,7.5
2025-04-13T06:45:00+00:00,1944.1,79.86,354.0,13.53,382.7,27.9,529.8,0.0572,0.73,187.4,52.4,5.3
2025-04-13T06:46:00+00:00,1943.2,80.76,345.9,13.73,367.1,27.0,608.0,0.0587,0.82,187.4,52.4,5.4
2025-04-13T06:47:00+00:00,1833.6,80.60,352.4,14.04,395.7,28.9,560.0,0.0563,0.72,187.4,52.4,4.7
2025-04-13T06:48:00+00:00,2057.3,82.76,347.8,13.76,393.5,29.9,582.3,0.0613,0.75,187.4,52.4,4.8
2025-04-13T06:49:00+00:00,2096.4,80.84,358.7,13.87,386.3,29.4,662.4,0.0655,0.77,187.4,52.4,4.4
2025-04-13T06:50:00+00:00,1896.1,81.12,360.4,13.98,401.6,25.5,547.4,0.0643,0.69,187.4,52.4,4.7
2025-04-13T06:51:00+00:00,2039.1,84.27,340.0,13.86,391.2,24.9,657.6,0.0580,0.74,187.4,52.4,4.9
2025-04-13T06:52:00+00:00,2241.5,80.46,342.0,13.73,376.3,25.9,632.6,0.0586,0.70,187.4,52.4,5.4
2025-04-13T06:53:00+00:00,1904.1,81.78,339.5,13.70,386.0,27.2,572.1,0.0564,0.69,187.4,52.4,5.8
2025-04-13T06:54:00+00:00,1930.9,82.77,346.6,13.78,391.9,28.4,649.2,0.0565,0.63,187.4,52.4,6.5
2025-04-13T06:55:00+00:00,2142.9,81.99,337.6,13.74,405.6,29.5,632.0,0.0612,0.77,187.4,52.4,5.1
2025-04-13T06:56:00+00:00,2003.6,80.44,352.8,13.67,366.5,29.6,644.6,0.0625,0.64,187.4,52.4,5.9
2025-04-13T06:57:00+00:00,2022.8,84.07,356.3,13.89,385.9,28.2,643.9,0.0582,0.78,187.4,52.4,6.3
2025-04-13T06:58:00+00:00,2221.3,82.66,352.6,13.81,379.1,28.2,587.2,0.0612,0.67,187.4,52.4,4.9
2025-04-13T06:59:00+00:00,1976.7,82.27,346.3,13.66,391.1,27.0,582.5,0.0576,0.74,187.4,52.4,5.1
2025-04-13T07:00:00+00:00,1919.3,83.14,359.8,13.91,376.4,26.7,611.6,0.0637,0.68,187.4,52.4,4.0
2025-04-13T07:01:00+00:00,2110.3,78.80,346.9,13.62,376.7,26.4,569.4,0.0588,0.77,187.4,52.4,4.8
2025-04-13T07:02:00+00:00,1919.9,83.19,339.8,14.01,369.2,31.5,627.8,0.0573,0.75,187.4,52.4,4.9
2025-04-13T07:03:00+00:00,1953.7,82.13,344.8,13.73,375.2,28.6,542.6,0.0572,0.74,187.4,52.4,6.0
2025-04-13T07:04:00+00:00,2078.4,85.79,344.7,13.43,382.1,29.7,563.9,0.0571,0.65,187.4,52.4,6.1
2025-04-13T07:05:00+00:00,1937.6,80.13,350.0,13.77,379.5,30.2,566.0,0.0576,0.77,187.4,52.4,4.7
2025-04-13T07:06:00+00:00,1867.3,79.97,341.5,13.72,379.7,26.3,553.9,0.0663,0.71,187.4,52.4,3.1
2025-04-13T07:07:00+00:00,2068.5,80.79,351.6,13.74,387.7,29.0,556.3,0.0584,0.76,187.4,52.4,5.2
2025-04-13T07:08:00+00:00,2496.6,85.37,342.6,13.62,398.1,28.9,541.0,0.0689,0.78,187.4,52.4,4.2
2025-04-13T07:09:00+00:00,1913.7,81.68,339.9,13.82,360.5,26.3,581.8,0.0568,0.70,187.4,52.4,4.9
2025-04-13T07:10:00+00:00,2092.0,84.49,351.1,14.06,379.0,27.2,594.6,0.0576,0.68,187.4,52.4,4.1
2025-04-13T07:11:00+00:00,2091.3,84.95,355.5,13.81,388.3,29.4,603.3,0.0587,0.75,187.4,52.4,3.3
2025-04-13T07:12:00+00:00,2499.1,83.12,330.7,13.90,386.3,28.7,616.6,0.0611,0.81,187.4,52.4,4.1
2025-04-13T07:13:00+00:00,2045.3,82.05,364.9,14.00,385.1,28.3,579.8,0.0577,0.73,187.4,52.4,4.0
2025-04-13T07:14:00+00:00,2540.8,81.40,342.4,13.97,395.6,28.7,672.9,0.0606,0.77,187.4,52.4,6.0
2025-04-13T07:15:00+00:00,1925.6,82.43,359.3,13.92,382.4,23.6,585.7,0.0572,0.75,187.4,52.4,5.2
2025-04-13T07:16:00+00:00,2344.4,82.72,339.5,13.88,404.5,28.2,622.2,0.0625,0.82,187.4,52.4,4.7
2025-04-13T07:17:00+00:00,2043.1,82.21,350.2,13.91,373.6,29.0,592.1,0.0573,0.68,187.4,52.4,6.8
2025-04-13T07:18:00+00:00,2003.6,79.64,341.3,13.89,382.5,27.5,657.0,0.0588,0.76,187.4,52.4,4.4
2025-04-13T07:19:00+00:00,2118.5,83.39,352.1,13.65,390.9,27.4,569.9,0.0580,0.66,187.4,52.4,5.3
2025-04-13T07:20:00+00:00,1904.6,79.20,352.8,13.66,372.2,29.2,617.8,0.0593,0.69,187.4,52.4,2.6
2025-04-13T07:21:00+00:00,2109.4,82.29,339.5,13.71,396.6,28.2,590.4,0.0718,0.77,187.4,52.4,6.0
2025-04-13T07:22:00+00:00,1933.1,80.49,342.1,13.46,366.6,29.2,641.2,0.0570,0.70,187.4,52.4,7.0
2025-04-13T07:23:00+00:00,2275.8,84.59,370.9,13.73,387.3,26.3,627.9,0.0595,0.79,187.4,52.4,4.3
2025-04-13T07:24:00+00:00,1988.7,83.55,346.0,13.89,386.4,26.8,662.8,0.0583,0.81,187.4,52.4,3.5
2025-04-13T07:25:00+00:00,2206.1,83.14,356.5,13.86,382.4,26.8,589.0,0.0584,0.71,187.4,52.4,3.4
2025-04-13T07:26:00+00:00,2065.2,83.51,357.0,13.55,405.2,28.3,590.0,0.0574,0.68,187.4,52.4,4.2
2025-04-13T07:27:00+00:00,2192.1,82.27,341.4,13.91,409.3,26.6,581.9,0.0580,0.68,187.4,52.4,7.0
2025-04-13T07:28:00+00:00,1936.7,82.50,360.9,13.69,378.9,26.4,650.3,0.0606,0.70,187.4,52.4,6.1
2025-04-13T07:29:00+00:00,1962.6,82.00,362.1,13.73,399.7,29.0,609.0,0.0571,0.72,187.4,52.4,3.3
2025-04-13T07:30:00+00:00,2445.6,84.16,335.0,13.73,401.6,31.8,599.2,0.0643,0.76,187.4,52.4,4.1
2025-04-13T07:31:00+00:00,1887.1,82.15,337.6,13.95,392.0,26.1,635.0,0.0682,0.72,187.4,52.4,5.9
2025-04-13T07:32:00+00:00,2483.8,83.11,356.8,13.85,405.0,31.7,606.8,0.0591,0.63,187.4,52.4,3.8
2025-04-13T07:33:00+00:00,2429.7,83.98,348.9,13.55,389.9,28.3,646.9,0.0643,0.79,187.4,52.4,5.2
2025-04-13T07:34:00+00:00,1940.0,81.74,349.6,13.69,405.8,29.0,640.6,0.0597,0.74,187.4,52.4,4.1
2025-04-13T07:35:00+00:00,2021.0,81.37,341.0,13.63,374.2,26.2,617.9,0.0581,0.72,187.4,52.4,4.7
2025-04-13T07:36:00+00:00,1973.2,79.35,353.6,13.87,399.1,27.4,604.3,0.0571,0.70,187.4,52.4,4.7
2025-04-13T07:37:00+00:00,2048.3,82.84,358.7,13.93,371.2,27.4,615.4,0.0583,0.77,187.4,52.4,6.1
2025-04-13T07:38:00+00:00,1968.0,83.80,337.6,13.79,353.2,26.7,588.8,0.0650,0.74,187.4,52.4,4.7
2025-04-13T07:39:00+00:00,1867.9,79.95,337.8,13.91,373.3,26.7,607.9,0.0568,0.71,187.4,52.4,4.9
2025-04-13T07:40:00+00:00,1856.0,84.44,361.9,13.87,372.4,25.3,586.6,0.0569,0.73,187.4,52.4,3.3
2025-04-13T07:41:00+00:00,1892.0,81.66,351.1,13.91,378.7,27.2,629.9,0.0666,0.69,187.4,52.4,6.0
2025-04-13T07:42:00+00:00,1987.2,81.11,352.5,13.97,389.4,27.0,664.5,0.0566,0.64,187.4,52.4,4.7
2025-04-13T07:43:00+00:00,2038.4,82.11,354.7,13.75,378.1,26.9,575.7,0.0573,0.69,187.4,52.4,3.7
2025-04-13T07:44:00+00:00,1886.5,80.70,343.0,13.97,381.0,29.9,609.1,0.0571,0.76,187.4,52.4,6.2
2025-04-13T07:45:00+00:00,2263.3,83.34,345.5,13.93,389.6,26.5,591.7,0.0588,0.71,187.4,52.4,4.0
2025-04-13T07:46:00+00:00,2084.4,82.85,353.1,13.68,385.7,27.5,616.5,0.0577,0.71,187.4,52.4,5.7
2025-04-13T07:47:00+00:00,2088.7,82.58,346.4,13.65,381.6,24.6,642.4,0.0592,0.85,187.4,52.4,5.7
2025-04-13T07:48:00+00:00,2230.7,81.84,361.2,13.86,357.8,27.2,583.1,0.0586,0.73,187.4,52.4,4.7
2025-04-13T07:49:00+00:00,1936.2,80.64,330.8,13.82,364.5,26.5,537.8,0.0574,0.75,187.4,52.4,4.6
2025-04-13T07:50:00+00:00,2163.0,82.16,350.0,13.50,390.6,26.8,636.8,0.0588,0.76,187.4,52.4,6.8
2025-04-13T07:51:00+00:00,2124.9,84.10,354.7,13.75,371.3,27.0,648.8,0.0576,0.67,187.4,52.4,5.7
2025-04-13T07:52:00+00:00,2032.0,80.23,350.5,13.76,345.5,29.0,570.3,0.0577,0.75,187.4,52.4,5.7
2025-04-13T07:53:00+00:00,2054.7,84.83,351.6,13.60,366.5,28.6,563.7,0.0563,0.59,187.4,52.4,5.2
2025-04-13T07:54:00+00:00,2250.6,83.48,356.6,13.73,393.6,28.5,618.8,0.0634,0.69,187.4,52.4,5.6
2025-04-13T07:55:00+00:00,1869.2,82.10,348.5,13.88,385.7,25.5,603.1,0.0604,0.74,187.4,52.4,3.4
2025-04-13T07:56:00+00:00,2016.2,78.89,355.1,13.91,387.4,27.2,590.6,0.0577,0.74,187.4,52.4,5.6
2025-04-13T07:57:00+00:00,2098.3,83.29,344.7,13.95,392.1,30.0,607.4,0.0575,0.69,187.4,52.4,5.5
2025-04-13T07:58:00+00:00,2044.1,80.83,348.7,13.64,384.7,27.0,572.9,0.0637,0.76,187.4,52.4,5.0
2025-04-13T07:59:00+00:00,2086.2,82.68,333.9,13.45,407.9,26.8,642.6,0.0588,0.60,187.4,52.4,6.5
2025-04-13T08:00:00+00:00,2156.2,84.24,351.8,13.81,390.6,27.4,612.1,0.0588,0.73,187.4,52.4,5.3
2025-04-13T08:01:00+00:00,2115.5,84.52,344.9,13.74,380.4,27.4,573.8,0.0614,0.70,187.4,52.4,4.4
2025-04-13T08:02:00+00:00,2005.0,80.00,344.6,13.72,385.0,26.9,624.1,0.0614,0.73,187.4,52.4,5.0
2025-04-13T08:03:00+00:00,2094.0,82.36,347.2,13.82,397.5,28.3,648.2,0.0616,0.73,187.4,52.4,5.7
2025-04-13T08:04:00+00:00,1793.7,83.83,360.1,13.78,356.2,29.3,581.7,0.0559,0.68,187.4,52.4,5.9
2025-04-13T08:05:00+00:00,1913.2,82.78,353.5,13.80,390.9,28.9,612.5,0.0569,0.71,187.4,52.4,5.2
2025-04-13T08:06:00+00:00,1890.0,81.62,344.2,13.85,363.7,27.8,602.6,0.0603,0.67,187.4,52.4,6.3
2025-04-13T08:07:00+00:00,2087.6,81.60,353.7,13.75,380.5,28.6,580.9,0.0681,0.79,187.4,52.4,5.0
2025-04-13T08:08:00+00:00,1850.2,82.25,372.1,13.80,383.6,26.9,559.3,0.0680,0.76,187.4,52.4,6.4
2025-04-13T08:09:00+00:00,2064.1,82.45,338.9,13.62,385.7,27.1,550.1,0.0650,0.82,187.4,52.4,4.5
2025-04-13T08:10:00+00:00,1887.3,81.55,353.9,13.58,389.3,30.7,615.6,0.0566,0.70,187.4,52.4,6.1
2025-04-13T08:11:00+00:00,1862.8,79.54,353.9,14.00,404.3,27.4,564.5,0.0736,0.77,187.4,52.4,4.6
2025-04-13T08:12:00+00:00,2022.7,84.57,345.5,13.83,398.4,24.7,558.0,0.0571,0.69,187.4,52.4,2.9
2025-04-13T08:13:00+00:00,2083.9,84.73,361.1,13.68,413.1,27.4,625.9,0.0669,0.69,187.4,52.4,3.9
2025-04-13T08:14:00+00:00,1820.9,80.41,338.0,13.93,377.8,27.9,614.0,0.0562,0.69,187.4,52.4,4.1
2025-04-13T08:15:00+00:00,1997.6,81.27,343.8,13.67,356.8,26.8,597.6,0.0601,0.72,187.4,52.4,6.3
2025-04-13T08:16:00+00:00,2121.5,81.71,351.9,13.83,387.1,30.6,598.9,0.0573,0.65,187.4,52.4,2.9
2025-04-13T08:17:00+00:00,1844.5,79.64,341.8,13.63,371.7,28.5,657.4,0.0621,0.80,187.4,52.4,3.6
2025-04-13T08:18:00+00:00,1943.6,85.49,355.4,13.97,381.2,26.4,604.7,0.0570,0.70,187.4,52.4,4.5
2025-04-13T08:19:00+00:00,1916.9,80.73,364.1,13.95,389.6,26.5,618.1,0.0571,0.73,187.4,52.4,2.2
2025-04-13T08:20:00+00:00,1740.0,81.72,360.2,13.70,365.4,29.1,573.4,0.0556,0.69,187.4,52.4,3.9
2025-04-13T08:21:00+00:00,2046.4,83.38,349.0,13.77,360.9,29.6,649.9,0.0582,0.78,187.4,52.4,5.8
2025-04-13T08:22:00+00:00,2055.9,81.67,354.3,13.66,388.8,29.0,595.5,0.0579,0.73,187.4,52.4,4.6
2025-04-13T08:23:00+00:00,2200.0,81.37,362.6,13.60,359.2,27.9,628.9,0.0600,0.76,187.4,52.4,3.7
2025-04-13T08:24:00+00:00,2149.1,85.21,343.1,13.58,402.1,25.8,649.0,0.0622,0.79,187.4,52.4,4.2
2025-04-13T08:25:00+00:00,1888.9,84.49,351.7,13.85,366.9,28.0,657.9,0.0655,0.75,187.4,52.4,5.0
2025-04-13T08:26:00+00:00,2127.0,81.68,346.6,13.86,394.3,27.6,550.4,0.0584,0.75,187.4,52.4,4.3
2025-04-13T08:27:00+00:00,1991.5,83.18,352.0,13.59,386.1,27.0,584.8,0.0603,0.80,187.4,52.4,5.3
2025-04-13T08:28:00+00:00,1949.7,84.99,358.5,14.00,377.0,30.9,613.8,0.0569,0.71,187.4,52.4,5.8
2025-04-13T08:29:00+00:00,2098.1,83.27,354.6,13.77,388.4,29.1,536.2,0.0569,0.62,187.4,52.4,3.9
2025-04-13T08:30:00+00:00,2106.7,81.99,345.7,13.77,375.1,27.5,618.5,0.0622,0.72,187.4,52.4,5.4
2025-04-13T08:31:00+00:00,1991.9,81.56,345.1,13.83,362.9,27.4,471.6,0.0580,0.77,187.4,52.4,4.6
2025-04-13T08:32:00+00:00,1776.7,81.98,345.7,13.77,387.3,26.0,588.0,0.0667,0.76,187.4,52.4,6.6
2025-04-13T08:33:00+00:00,2189.4,84.10,356.7,13.72,397.3,27.0,560.1,0.0592,0.75,187.4,52.4,6.6
2025-04-13T08:34:00+00:00,1074.6,80.67,351.9,13.80,361.6,28.2,589.8,0.0523,0.70,187.4,52.4,5.2
2025-04-13T08:35:00+00:00,908.1,78.29,353.6,13.73,353.2,26.9,570.4,0.0520,0.77,187.4,52.4,4.1
2025-04-13T08:36:00+00:00,1192.6,79.42,354.1,14.02,370.4,29.9,545.3,0.0527,0.68,187.4,52.4,4.3
2025-04-13T08:37:00+00:00,1117.2,79.95,355.0,13.60,367.4,29.9,552.0,0.0523,0.68,187.4,52.4,4.6
2025-04-13T08:38:00+00:00,871.9,76.34,349.4,13.49,344.2,26.7,554.8,0.0525,0.82,187.4,52.4,5.8
2025-04-13T08:39:00+00:00,921.4,76.90,357.3,13.87,342.9,27.5,544.6,0.0588,0.76,187.4,52.4,5.3
2025-04-13T08:40:00+00:00,915.3,76.23,352.6,13.78,346.1,29.4,556.8,0.0572,0.71,187.4,52.4,4.0
2025-04-13T08:41:00+00:00,1055.8,81.55,351.6,14.09,336.8,26.8,587.8,0.0529,0.78,187.4,52.4,3.2
2025-04-13T08:42:00+00:00,950.8,76.99,349.5,13.69,361.7,28.0,519.7,0.0518,0.72,187.4,52.4,4.0
2025-04-13T08:43:00+00:00,854.2,78.44,355.7,13.77,347.7,26.9,533.2,0.0534,0.69,187.4,52.4,6.3
2025-04-13T08:44:00+00:00,949.2,79.24,360.5,13.89,357.1,31.8,511.4,0.0521,0.75,187.4,52.4,4.3
2025-04-13T08:45:00+00:00,1082.8,79.78,361.9,13.90,332.4,27.9,597.7,0.0520,0.68,187.4,52.4,5.0
2025-04-13T08:46:00+00:00,1131.0,80.12,353.1,14.04,359.7,27.5,550.8,0.0525,0.70,187.4,52.4,3.9
2025-04-13T14:00:00+00:00,935.2,78.16,353.4,13.86,337.8,27.2,561.5,0.0522,0.78,187.4,52.4,4.3
2025-04-13T14:01:00+00:00,1040.2,77.01,350.8,13.77,351.0,28.1,636.6,0.0526,0.73,187.4,52.4,5.3
2025-04-13T14:02:00+00:00,937.2,78.76,343.8,13.79,354.9,24.9,593.8,0.0549,0.77,187.4,52.4,5.6
2025-04-13T14:03:00+00:00,930.3,76.51,346.6,13.92,353.5,27.3,602.9,0.0548,0.70,187.4,52.4,5.0
2025-04-13T14:04:00+00:00,941.3,78.25,351.0,13.90,333.0,26.1,580.9,0.0515,0.69,187.4,52.4,5.5
2025-04-13T14:05:00+00:00,1007.9,80.34,359.4,13.98,343.4,24.9,528.8,0.0594,0.67,187.4,52.4,5.0
2025-04-13T14:06:00+00:00,1143.8,82.17,358.5,13.88,331.8,28.0,567.2,0.0528,0.71,187.4,52.4,3.9
2025-04-13T14:07:00+00:00,1038.9,80.15,358.0,13.93,351.9,26.2,581.6,0.0524,0.72,187.4,52.4,4.6
2025-04-13T14:08:00+00:00,885.6,80.03,341.8,13.97,343.2,27.9,582.8,0.0520,0.77,187.4,52.4,6.3
2025-04-13T14:09:00+00:00,904.0,78.54,368.6,13.63,334.3,29.0,573.0,0.0518,0.58,187.4,52.4,6.0
2025-04-13T14:10:00+00:00,1184.7,75.42,344.2,14.02,365.1,31.3,603.3,0.0539,0.80,187.4,52.4,5.8
2025-04-13T14:11:00+00:00,833.3,79.66,350.9,13.68,368.9,28.0,546.4,0.0536,0.80,187.4,52.4,3.5
2025-04-13T14:12:00+00:00,1965.6,83.86,351.2,13.79,387.2,27.2,593.8,0.0600,0.76,187.4,52.4,5.3
2025-04-13T14:13:00+00:00,2097.1,78.62,355.8,14.06,370.2,30.4,632.0,0.0585,0.70,187.4,52.4,5.8
2025-04-13T14:14:00+00:00,1799.1,79.28,360.6,13.83,378.3,27.8,597.5,0.0567,0.77,187.4,52.4,5.6
2025-04-13T14:15:00+00:00,1986.1,83.34,354.0,13.54,397.5,27.5,631.9,0.0569,0.67,187.4,52.4,5.1
2025-04-13T14:16:00+00:00,1945.7,81.88,355.9,13.88,375.4,27.0,548.2,0.0589,0.82,187.4,52.4,5.2
2025-04-13T14:17:00+00:00,1897.0,81.85,340.4,13.76,387.4,29.2,670.4,0.0675,0.73,187.4,52.4,6.0
2025-04-13T14:18:00+00:00,1927.5,80.54,352.8,14.15,389.8,28.1,578.6,0.0569,0.71,187.4,52.4,5.3
2025-04-13T14:19:00+00:00,1974.4,80.17,347.5,13.76,373.8,28.6,656.7,0.0625,0.76,187.4,52.4,5.7
2025-04-13T14:20:00+00:00,1845.1,80.86,359.2,13.68,358.7,29.2,570.3,0.0627,0.77,187.4,52.4,4.1
2025-04-13T14:21:00+00:00,2055.1,81.69,361.5,13.96,370.3,25.4,627.0,0.0578,0.73,187.4,52.4,4.8
2025-04-13T14:22:00+00:00,1884.5,80.51,336.2,13.77,385.8,26.2,667.8,0.0595,0.76,187.4,52.4,5.0
2025-04-13T14:23:00+00:00,2094.7,82.76,347.0,13.88,383.0,26.0,642.7,0.0646,0.70,187.4,52.4,4.2
2025-04-13T14:24:00+00:00,1928.9,80.85,344.8,13.99,372.0,27.0,563.2,0.0572,0.75,187.4,52.4,3.0
2025-04-13T14:25:00+00:00,2097.1,83.53,344.5,13.96,386.7,27.2,611.4,0.0582,0.75,187.4,52.4,4.4
2025-04-13T14:26:00+00:00,1850.4,82.34,362.3,13.87,381.9,30.0,629.4,0.0576,0.81,187.4,52.4,5.4
2025-04-13T14:27:00+00:00,2055.9,79.38,351.4,13.62,397.6,29.8,581.6,0.0580,0.76,187.4,52.4,8.0
2025-04-13T14:28:00+00:00,1987.7,82.96,351.5,13.73,379.0,28.6,692.6,0.0575,0.72,187.4,52.4,4.6
2025-04-13T14:29:00+00:00,1890.1,83.45,342.6,13.83,382.9,26.9,594.1,0.0629,0.76,187.4,52.4,5.2
2025-04-13T14:30:00+00:00,1970.5,82.30,343.0,13.79,396.6,28.9,522.1,0.0619,0.76,187.4,52.4,5.5
2025-04-13T14:31:00+00:00,2001.2,80.79,347.5,13.96,374.3,27.3,610.7,0.0572,0.71,187.4,52.4,3.2
2025-04-13T14:32:00+00:00,1948.5,80.81,343.2,13.73,379.2,29.3,637.3,0.0578,0.78,187.4,52.4,5.3
2025-04-13T14:33:00+00:00,2192.2,83.19,347.3,13.50,389.4,29.2,568.9,0.0587,0.67,187.4,52.4,4.5
2025-04-13T14:34:00+00:00,1796.0,79.88,349.3,13.52,398.6,27.4,568.5,0.0564,0.72,187.4,52.4,3.5
2025-04-13T14:35:00+00:00,2015.1,81.84,358.0,13.68,360.5,27.9,656.0,0.0582,0.79,187.4,52.4,5.2
2025-04-13T14:36:00+00:00,1988.1,82.96,356.0,13.83,384.6,28.4,649.3,0.0678,0.75,187.4,52.4,4.4
2025-04-13T14:37:00+00:00,1828.1,81.67,344.3,13.82,378.4,27.1,580.0,0.0638,0.80,187.4,52.4,5.7
2025-04-13T14:38:00+00:00,2077.4,82.70,330.5,13.67,384.9,29.0,590.6,0.0588,0.75,187.4,52.4,5.5
2025-04-13T14:39:00+00:00,2014.6,80.72,341.6,13.74,377.0,30.7,569.2,0.0603,0.73,187.4,52.4,4.9
2025-04-13T14:40:00+00:00,2089.4,83.09,351.8,13.96,376.3,26.8,582.7,0.0576,0.69,187.4,52.4,4.9
2025-04-13T14:41:00+00:00,1864.4,80.47,341.4,13.98,366.4,26.9,588.2,0.0608,0.74,187.4,52.4,6.2
2025-04-13T14:42:00+00:00,2219.8,84.48,339.2,13.81,378.7,29.7,615.5,0.0596,0.82,187.4,52.4,5.4
2025-04-13T14:43:00+00:00,1980.6,82.06,345.9,13.79,377.8,28.2,607.4,0.0581,0.65,187.4,52.4,5.5
2025-04-13T14:44:00+00:00,2023.9,82.87,358.9,13.83,376.3,27.4,548.4,0.0578,0.76,187.4,52.4,5.9
2025-04-13T14:45:00+00:00,2021.7,81.48,337.3,13.86,397.4,29.2,554.8,0.0567,0.64,187.4,52.4,5.3
2025-04-13T14:46:00+00:00,2133.9,82.43,362.1,13.89,348.4,30.9,590.3,0.0580,0.70,187.4,52.4,4.2
2025-04-13T14:47:00+00:00,1886.1,81.75,346.8,13.52,380.8,28.5,592.5,0.0574,0.79,187.4,52.4,6.7
2025-04-13T14:48:00+00:00,2098.1,83.14,347.5,13.99,391.8,30.3,570.0,0.0611,0.72,187.4,52.4,2.6
2025-04-13T14:49:00+00:00,1865.3,84.25,365.1,13.82,377.5,28.0,542.6,0.0577,0.75,187.4,52.4,4.7
2025-04-13T14:50:00+00:00,1801.5,81.95,351.3,13.91,372.8,24.9,595.7,0.0553,0.63,187.4,52.4,4.8
2025-04-13T14:51:00+00:00,1991.7,87.04,351.1,13.77,383.0,29.7,666.3,0.0591,0.71,187.4,52.4,5.1
2025-04-13T14:52:00+00:00,1849.5,80.92,345.8,13.88,364.7,27.4,627.3,0.0606,0.68,187.4,52.4,5.9
2025-04-13T14:53:00+00:00,2055.4,83.85,349.7,13.63,383.6,29.8,668.5,0.0597,0.79,187.4,52.4,3.9
2025-04-13T14:54:00+00:00,2024.8,84.64,342.5,13.75,360.4,28.7,670.4,0.0583,0.79,187.4,52.4,4.4
2025-04-13T14:55:00+00:00,1961.9,81.16,340.2,13.81,359.6,28.0,546.7,0.0650,0.72,187.4,52.4,4.3
2025-04-13T14:56:00+00:00,2444.0,86.36,353.6,14.23,372.2,30.7,626.6,0.0613,0.65,187.4,52.4,4.3
2025-04-13T14:57:00+00:00,1867.2,79.30,355.8,14.01,390.5,26.1,626.0,0.0573,0.78,187.4,52.4,4.4
2025-04-13T14:58:00+00:00,2121.6,82.27,340.4,13.82,388.8,30.7,617.3,0.0575,0.67,187.4,52.4,5.6
2025-04-13T14:59:00+00:00,2029.3,81.69,353.3,13.87,395.2,27.0,603.9,0.0578,0.74,187.4,52.4,3.4
2025-04-13T15:00:00+00:00,1932.7,80.77,357.3,13.80,395.4,30.4,554.0,0.0569,0.72,187.4,52.4,4.4
2025-04-13T15:01:00+00:00,1881.9,79.13,360.8,13.84,375.5,31.3,597.4,0.0589,0.69,187.4,52.4,4.6
2025-04-13T15:02:00+00:00,2449.3,84.31,334.2,13.96,382.3,27.6,607.3,0.0670,0.66,187.4,52.4,4.4
2025-04-13T15:03:00+00:00,1914.5,80.52,356.4,13.73,387.0,27.8,656.2,0.0568,0.70,187.4,52.4,3.6
2025-04-13T15:04:00+00:00,2458.9,83.62,355.9,13.58,405.6,28.0,639.6,0.0601,0.74,187.4,52.4,4.4
2025-04-13T15:05:00+00:00,1883.8,83.53,339.1,13.68,361.4,28.0,617.4,0.0610,0.71,187.4,52.4,4.4
2025-04-13T15:06:00+00:00,2011.8,84.09,357.1,13.79,381.7,25.9,604.7,0.0613,0.71,187.4,52.4,5.8
2025-04-13T15:07:00+00:00,1943.5,81.47,350.8,13.59,397.6,27.1,635.6,0.0575,0.76,187.4,52.4,5.4
2025-04-13T15:08:00+00:00,2162.2,84.18,336.5,13.74,381.3,26.0,606.5,0.0583,0.67,187.4,52.4,2.7
2025-04-13T15:09:00+00:00,2059.7,81.53,346.8,13.69,383.2,28.6,616.6,0.0616,0.67,187.4,52.4,5.1
2025-04-13T15:10:00+00:00,2074.3,85.90,355.4,13.99,387.7,29.8,659.9,0.0595,0.73,187.4,52.4,4.4
2025-04-13T15:11:00+00:00,2400.5,82.28,356.2,13.68,378.2,27.8,677.4,0.0604,0.82,187.4,52.4,5.1
2025-04-13T15:12:00+00:00,2022.6,82.35,343.3,13.79,411.8,28.1,585.9,0.0606,0.67,187.4,52.4,5.8
2025-04-13T15:13:00+00:00,2062.4,82.51,329.6,13.84,402.8,27.6,585.1,0.0624,0.75,187.4,52.4,5.0
2025-04-13T15:14:00+00:00,1985.0,83.66,349.4,13.95,373.7,29.9,625.1,0.0584,0.83,187.4,52.4,4.2
2025-04-13T15:15:00+00:00,2455.8,82.62,351.6,13.84,397.9,27.6,648.9,0.0605,0.75,187.4,52.4,6.7
2025-04-13T15:16:00+00:00,2098.7,84.99,351.2,13.73,386.1,28.0,680.1,0.0606,0.73,187.4,52.4,7.2
2025-04-13T15:17:00+00:00,1976.2,85.19,335.0,13.63,386.2,26.7,644.9,0.0572,0.70,187.4,52.4,5.7
2025-04-13T15:18:00+00:00,2010.6,80.28,354.6,13.65,406.1,27.8,606.3,0.0632,0.73,187.4,52.4,3.3
2025-04-13T15:19:00+00:00,2130.5,85.92,356.4,13.91,380.2,29.3,652.4,0.0584,0.74,187.4,52.4,6.0
2025-04-13T15:20:00+00:00,2023.0,83.72,349.1,13.73,404.7,26.7,528.7,0.0581,0.78,187.4,52.4,5.1
2025-04-13T15:21:00+00:00,1819.3,78.78,336.9,14.01,343.2,29.2,631.5,0.0575,0.82,187.4,52.4,3.2
2025-04-13T15:22:00+00:00,2000.8,79.79,327.9,13.88,385.2,25.5,626.0,0.0672,0.65,187.4,52.4,4.8
2025-04-13T15:23:00+00:00,2076.9,84.35,345.4,13.62,372.4,26.2,590.7,0.0587,0.82,187.4,52.4,3.5
2025-04-13T15:24:00+00:00,1803.2,82.10,355.2,13.80,388.2,29.9,549.9,0.0627,0.80,187.4,52.4,5.7
2025-04-13T15:25:00+00:00,1869.9,81.94,357.5,13.79,392.8,29.0,603.8,0.0561,0.67,187.4,52.4,5.8
2025-04-13T15:26:00+00:00,1858.3,84.07,348.5,13.66,374.5,29.8,575.7,0.0567,0.72,187.4,52.4,3.6
2025-04-13T15:27:00+00:00,2004.0,82.40,358.5,13.94,378.7,28.5,605.0,0.0633,0.87,187.4,52.4,4.6
2025-04-13T15:28:00+00:00,2013.0,81.66,349.4,13.95,371.5,30.8,632.0,0.0582,0.79,187.4,52.4,4.1
2025-04-13T15:29:00+00:00,1741.0,81.36,350.0,13.71,359.7,28.9,589.4,0.0564,0.76,187.4,52.4,5.6
2025-04-13T15:30:00+00:00,2083.1,80.05,343.0,13.53,412.0,28.9,632.6,0.0587,0.72,187.4,52.4,5.3
2025-04-13T15:31:00+00:00,2026.5,83.12,334.4,13.64,385.7,27.8,608.9,0.0584,0.81,187.4,52.4,6.2
2025-04-13T15:32:00+00:00,2181.5,84.13,346.9,13.64,385.0,25.4,627.7,0.0633,0.67,187.4,52.4,4.1
2025-04-13T15:33:00+00:00,1934.2,82.92,354.1,13.78,398.8,25.1,615.2,0.0568,0.69,187.4,52.4,4.9
2025-04-13T15:34:00+00:00,2183.5,81.17,351.0,14.01,386.1,26.0,625.6,0.0587,0.74,187.4,52.4,3.6
2025-04-13T15:35:00+00:00,2000.8,80.80,365.4,13.68,384.1,27.9,636.9,0.0579,0.76,187.4,52.4,4.0
2025-04-13T15:36:00+00:00,2193.3,82.81,358.6,13.83,399.7,26.2,654.5,0.0582,0.69,187.4,52.4,5.0
2025-04-13T15:37:00+00:00,2105.2,84.39,346.3,13.83,404.5,28.0,588.3,0.0585,0.76,187.4,52.4,6.0
2025-04-13T15:38:00+00:00,2037.4,82.81,364.5,13.69,383.1,28.5,569.3,0.0624,0.71,187.4,52.4,4.0
2025-04-13T15:39:00+00:00,2009.0,82.09,331.0,13.75,352.2,31.7,530.4,0.0643,0.79,187.4,52.4,4.4
2025-04-13T15:40:00+00:00,1862.5,83.59,356.3,13.92,376.4,28.3,608.3,0.0610,0.77,187.4,52.4,5.4
2025-04-13T15:41:00+00:00,2150.9,81.11,347.1,13.66,372.0,27.6,638.4,0.0606,0.81,187.4,52.4,3.6
2025-04-13T15:42:00+00:00,2029.7,81.77,371.6,13.74,392.2,25.0,565.2,0.0582,0.78,187.4,52.4,4.1
2025-04-13T15:43:00+00:00,2003.7,84.73,349.1,13.49,391.5,30.1,590.0,0.0567,0.64,187.4,52.4,3.3
2025-04-13T15:44:00+00:00,2035.1,83.23,355.3,13.81,399.4,29.2,595.7,0.0628,0.75,187.4,52.4,6.2
2025-04-13T15:45:00+00:00,1941.5,81.25,349.3,14.04,391.9,27.5,627.6,0.0575,0.76,187.4,52.4,4.3
2025-04-13T15:46:00+00:00,1923.3,83.55,338.8,13.82,387.1,25.7,599.5,0.0569,0.71,187.4,52.4,4.6
2025-04-13T15:47:00+00:00,2172.8,84.54,340.4,13.68,380.2,24.1,574.5,0.0630,0.71,187.4,52.4,4.8
2025-04-13T15:48:00+00:00,2350.6,82.57,351.9,13.89,383.2,27.1,630.7,0.0605,0.70,187.4,52.4,6.0
2025-04-13T15:49:00+00:00,2185.3,83.04,358.0,13.79,371.2,28.4,640.0,0.0591,0.72,187.4,52.4,5.4
2025-04-13T15:50:00+00:00,1832.4,81.91,353.8,13.69,360.1,29.3,578.6,0.0565,0.71,187.4,52.4,5.6
2025-04-13T15:51:00+00:00,1857.8,80.73,351.4,13.84,379.6,27.5,638.4,0.0651,0.77,187.4,52.4,5.0
2025-04-13T15:52:00+00:00,2096.0,83.68,349.4,13.73,368.1,27.3,600.8,0.0577,0.69,187.4,52.4,4.7
2025-04-13T15:53:00+00:00,2117.9,81.93,335.0,14.08,389.1,28.7,635.9,0.0576,0.68,187.4,52.4,6.5
2025-04-13T15:54:00+00:00,1958.6,78.01,325.8,13.71,379.3,24.3,577.2,0.0633,0.72,187.4,52.4,6.2
2025-04-13T15:55:00+00:00,1895.4,80.40,347.2,13.56,390.5,29.4,547.7,0.0564,0.68,187.4,52.4,6.9
2025-04-13T15:56:00+00:00,1875.2,81.58,359.8,14.01,417.3,27.2,622.7,0.0569,0.70,187.4,52.4,6.0
2025-04-13T15:57:00+00:00,2074.3,81.23,351.3,13.95,393.0,26.4,614.5,0.0622,0.76,187.4,52.4,5.3
2025-04-13T15:58:00+00:00,2082.6,83.61,343.9,13.75,396.8,27.9,607.4,0.0677,0.79,187.4,52.4,5.6
2025-04-13T15:59:00+00:00,1770.9,80.67,354.7,13.67,374.0,27.2,610.3,0.0603,0.68,187.4,52.4,2.3
2025-04-13T16:00:00+00:00,1946.0,82.47,353.7,13.56,381.1,27.9,593.6,0.0575,0.76,187.4,52.4,6.2
2025-04-13T16:01:00+00:00,1752.5,82.42,356.7,13.86,386.1,27.2,582.0,0.0587,0.73,187.4,52.4,4.6
2025-04-13T16:02:00+00:00,1935.6,80.28,360.5,13.97,371.0,25.0,630.8,0.0577,0.77,187.4,52.4,4.0
2025-04-13T16:03:00+00:00,2015.7,83.90,346.2,13.74,392.7,26.6,567.1,0.0578,0.74,187.4,52.4,4.6
2025-04-13T16:04:00+00:00,1988.2,81.69,352.2,14.08,375.8,30.4,575.8,0.0576,0.74,187.4,52.4,5.0
2025-04-13T16:05:00+00:00,2130.6,81.71,331.3,13.88,380.7,29.6,556.3,0.0583,0.73,187.4,52.4,4.9
2025-04-13T16:06:00+00:00,2188.9,81.83,343.7,13.79,392.1,26.6,633.6,0.0582,0.68,187.4,52.4,3.9
2025-04-13T16:07:00+00:00,965.4,77.58,359.7,13.75,347.9,26.9,565.6,0.0527,0.71,187.4,52.4,5.7
2025-04-13T16:08:00+00:00,1062.2,78.37,356.7,13.99,343.4,28.7,559.2,0.0541,0.74,187.4,52.4,5.3
2025-04-13T16:09:00+00:00,1041.4,78.12,350.7,13.52,353.5,29.5,561.4,0.0641,0.76,187.4,52.4,5.3
2025-04-13T16:10:00+00:00,994.4,80.19,368.0,13.59,326.7,25.8,543.4,0.0656,0.73,187.4,52.4,4.8
2025-04-13T16:11:00+00:00,921.0,77.98,354.8,13.88,331.9,29.4,537.3,0.0581,0.75,187.4,52.4,5.7
2025-04-13T16:12:00+00:00,1067.3,79.16,354.3,13.77,363.6,26.1,554.9,0.0530,0.78,187.4,52.4,4.7
2025-04-13T16:13:00+00:00,1041.9,77.13,353.8,13.86,318.2,28.3,599.0,0.0605,0.83,187.4,52.4,3.9
2025-04-13T16:14:00+00:00,1015.7,80.07,354.7,13.66,360.6,28.8,561.3,0.0574,0.67,187.4,52.4,2.8
2025-04-13T16:15:00+00:00,951.6,79.26,370.4,13.50,359.2,30.8,593.4,0.0547,0.64,187.4,52.4,5.0
2025-04-13T16:16:00+00:00,1161.7,81.10,361.3,13.60,360.0,28.1,597.5,0.0535,0.77,187.4,52.4,4.3
2025-04-13T16:17:00+00:00,979.9,79.83,366.7,13.75,345.6,29.9,576.0,0.0519,0.71,187.4,52.4,6.1
2025-04-14T06:00:00+00:00,931.9,78.24,376.7,14.00,342.8,29.1,500.4,0.0627,0.75,58.6,283.6,9.3
2025-04-14T06:01:00+00:00,933.6,78.16,346.8,13.83,336.5,29.4,525.6,0.0511,0.67,58.6,283.6,10.1
2025-04-14T06:02:00+00:00,935.1,79.96,347.6,13.58,329.3,25.8,509.8,0.0570,0.74,58.6,283.6,9.3
2025-04-14T06:03:00+00:00,1022.3,78.48,355.7,13.82,379.6,30.5,449.6,0.0537,0.77,58.6,283.6,7.9
2025-04-14T06:04:00+00:00,1094.6,80.15,361.5,13.75,355.0,26.0,603.9,0.0530,0.77,58.6,283.6,8.9
2025-04-14T06:05:00+00:00,1058.8,78.57,357.7,13.69,371.8,29.3,515.7,0.0526,0.76,58.6,283.6,9.6
2025-04-14T06:06:00+00:00,1008.4,80.92,349.3,13.94,343.8,26.9,590.3,0.0529,0.80,58.6,283.6,9.7
2025-04-14T06:07:00+00:00,972.8,79.55,347.2,13.75,351.7,28.4,541.6,0.0525,0.79,58.6,283.6,10.0
2025-04-14T06:08:00+00:00,989.8,77.87,367.0,13.77,336.7,26.9,563.3,0.0524,0.76,58.6,283.6,8.7
2025-04-14T06:09:00+00:00,917.6,79.19,354.0,13.84,340.9,28.2,537.4,0.0523,0.77,58.6,283.6,8.6
2025-04-14T06:10:00+00:00,1064.2,78.14,361.9,13.83,361.4,27.5,565.9,0.0544,0.72,58.6,283.6,10.8
2025-04-14T06:11:00+00:00,994.7,80.79,345.2,13.76,343.4,27.9,581.7,0.0583,0.72,58.6,283.6,11.7
2025-04-14T06:12:00+00:00,1073.1,79.99,359.1,13.82,352.3,26.8,618.9,0.0528,0.76,58.6,283.6,7.5
2025-04-14T06:13:00+00:00,1024.9,78.37,363.7,13.94,349.5,29.6,540.5,0.0524,0.70,58.6,283.6,10.3
2025-04-14T06:14:00+00:00,1993.2,83.73,351.3,13.86,390.7,26.9,571.0,0.0583,0.76,58.6,283.6,9.5
2025-04-14T06:15:00+00:00,2066.8,83.12,349.7,13.79,375.8,27.5,598.1,0.0581,0.76,58.6,283.6,8.9
2025-04-14T06:16:00+00:00,2145.9,82.65,358.5,13.69,406.7,27.9,631.7,0.0581,0.71,58.6,283.6,9.3
2025-04-14T06:17:00+00:00,1972.8,82.23,343.4,13.74,367.2,27.3,578.9,0.0566,0.67,58.6,283.6,7.2
2025-04-14T06:18:00+00:00,2225.2,83.99,326.4,13.86,407.7,27.2,652.3,0.0612,0.72,58.6,283.6,12.1
2025-04-14T06:19:00+00:00,1979.9,84.31,348.4,13.90,390.0,27.7,644.1,0.0573,0.73,58.6,283.6,8.4
2025-04-14T06:20:00+00:00,2054.4,81.50,347.8,14.00,366.4,27.2,587.0,0.0630,0.70,58.6,283.6,10.5
2025-04-14T06:21:00+00:00,2063.8,82.32,351.6,13.82,395.2,28.9,629.6,0.0580,0.74,58.6,283.6,9.4
2025-04-14T06:22:00+00:00,2034.4,81.42,343.0,13.73,371.9,28.0,554.7,0.0586,0.71,58.6,283.6,9.1
2025-04-14T06:23:00+00:00,2013.3,83.34,352.0,13.93,393.7,28.2,548.9,0.0603,0.70,58.6,283.6,10.0
2025-04-14T06:24:00+00:00,2156.6,82.01,354.9,13.80,391.6,28.0,670.9,0.0574,0.64,58.6,283.6,10.5
2025-04-14T06:25:00+00:00,2137.6,83.81,350.1,14.05,407.3,28.9,606.8,0.0583,0.73,58.6,283.6,9.5
2025-04-14T06:26:00+00:00,2190.8,82.56,351.1,13.69,386.0,27.6,624.1,0.0600,0.67,58.6,283.6,10.1
2025-04-14T06:27:00+00:00,2005.6,81.13,351.4,13.77,360.5,26.5,605.4,0.0566,0.64,58.6,283.6,9.8
2025-04-14T06:28:00+00:00,1937.9,81.47,352.7,14.13,394.9,30.9,605.6,0.0576,0.74,58.6,283.6,9.4
2025-04-14T06:29:00+00:00,1860.1,82.27,355.9,13.83,388.9,27.8,609.9,0.0569,0.76,58.6,283.6,11.5
2025-04-14T06:30:00+00:00,2052.1,82.86,356.1,13.93,368.6,27.3,570.3,0.0591,0.70,58.6,283.6,9.5
2025-04-14T06:31:00+00:00,2086.2,81.33,335.2,13.82,394.3,29.3,571.2,0.0601,0.71,58.6,283.6,9.2
2025-04-14T06:32:00+00:00,1982.6,81.68,331.5,13.78,371.3,28.8,536.0,0.0624,0.75,58.6,283.6,10.3
2025-04-14T06:33:00+00:00,1867.8,80.73,342.9,13.87,370.4,29.5,552.9,0.0574,0.77,58.6,283.6,8.2
2025-04-14T06:34:00+00:00,1732.0,81.41,327.0,13.53,365.5,26.0,622.0,0.0563,0.76,58.6,283.6,8.5
2025-04-14T06:35:00+00:00,2127.1,81.69,354.2,13.73,394.5,26.1,633.4,0.0587,0.78,58.6,283.6,9.2
2025-04-14T06:36:00+00:00,2100.3,82.63,349.8,13.91,407.5,27.5,631.6,0.0583,0.75,58.6,283.6,7.9
2025-04-14T06:37:00+00:00,2057.0,82.64,362.1,13.79,371.9,29.5,637.1,0.0573,0.67,58.6,283.6,9.1
2025-04-14T06:38:00+00:00,1947.3,83.29,359.1,13.77,376.1,30.2,647.4,0.0580,0.82,58.6,283.6,9.7
2025-04-14T06:39:00+00:00,1951.9,84.37,353.7,14.06,390.5,28.9,634.8,0.0572,0.73,58.6,283.6,8.3
2025-04-14T06:40:00+00:00,2035.1,83.82,360.8,13.92,393.4,27.4,601.7,0.0610,0.75,58.6,283.6,9.2
2025-04-14T06:41:00+00:00,1860.4,80.09,346.1,13.69,399.3,29.3,583.8,0.0571,0.77,58.6,283.6,9.4
2025-04-14T06:42:00+00:00,2122.9,82.81,357.4,14.12,391.4,28.0,600.3,0.0587,0.78,58.6,283.6,9.1
2025-04-14T06:43:00+00:00,2159.2,81.81,344.0,13.83,406.2,26.8,594.7,0.0585,0.74,58.6,283.6,11.2
2025-04-14T06:44:00+00:00,2047.1,83.14,355.3,13.67,409.3,26.9,637.8,0.0607,0.82,58.6,283.6,9.0
2025-04-14T06:45:00+00:00,1961.0,80.53,348.2,13.80,394.2,28.6,570.5,0.0624,0.80,58.6,283.6,7.8
2025-04-14T06:46:00+00:00,1907.8,82.79,329.6,13.73,356.9,29.7,555.9,0.0571,0.64,58.6,283.6,8.9
2025-04-14T06:47:00+00:00,2024.3,81.27,342.6,13.74,383.6,31.4,623.1,0.0582,0.77,58.6,283.6,9.8
2025-04-14T06:48:00+00:00,1951.0,80.87,357.4,13.95,374.3,26.8,648.5,0.0578,0.78,58.6,283.6,10.0
2025-04-14T06:49:00+00:00,2035.7,82.28,367.4,13.90,395.4,27.4,594.8,0.0579,0.73,58.6,283.6,9.5
2025-04-14T06:50:00+00:00,1832.0,82.26,349.8,13.79,380.7,28.3,552.6,0.0593,0.74,58.6,283.6,9.9
2025-04-14T06:51:00+00:00,1994.3,81.89,356.5,13.87,375.5,29.0,648.3,0.0613,0.73,58.6,283.6,8.4
2025-04-14T06:52:00+00:00,2101.7,82.92,354.4,13.78,366.8,30.1,586.7,0.0640,0.79,58.6,283.6,9.5
2025-04-14T06:53:00+00:00,2023.5,82.14,341.8,13.75,369.6,27.5,615.7,0.0582,0.78,58.6,283.6,8.9
2025-04-14T06:54:00+00:00,2189.8,83.75,344.8,13.68,367.9,27.5,630.6,0.0628,0.70,58.6,283.6,11.2
2025-04-14T06:55:00+00:00,2068.5,79.81,341.4,13.84,384.5,26.0,617.9,0.0580,0.73,58.6,283.6,10.8
2025-04-14T06:56:00+00:00,1890.6,81.69,370.5,13.74,380.8,27.9,594.5,0.0632,0.80,58.6,283.6,9.6
2025-04-14T06:57:00+00:00,1899.9,82.65,331.1,13.65,380.3,26.6,597.5,0.0569,0.72,58.6,283.6,8.4
2025-04-14T06:58:00+00:00,2171.3,82.02,347.3,13.64,408.5,29.1,561.0,0.0610,0.75,58.6,283.6,10.4
2025-04-14T06:59:00+00:00,2011.6,84.06,348.4,13.73,386.5,29.6,656.0,0.0584,0.82,58.6,283.6,9.1
2025-04-14T07:00:00+00:00,2045.2,80.97,355.0,13.92,394.2,30.1,551.9,0.0582,0.76,58.6,283.6,8.2
2025-04-14T07:01:00+00:00,1975.7,81.50,349.6,13.65,386.3,28.4,644.7,0.0575,0.66,58.6,283.6,7.2
2025-04-14T07:02:00+00:00,2050.2,82.73,346.1,13.94,367.8,27.2,650.4,0.0624,0.83,58.6,283.6,10.1
2025-04-14T07:03:00+00:00,2061.3,80.37,348.9,13.65,378.8,28.4,605.0,0.0582,0.78,58.6,283.6,9.8
2025-04-14T07:04:00+00:00,2019.2,83.03,342.5,13.64,370.9,28.8,564.9,0.0570,0.66,58.6,283.6,9.8
2025-04-14T07:05:00+00:00,2167.2,82.81,335.5,13.73,362.6,25.9,576.4,0.0581,0.70,58.6,283.6,10.6
2025-04-14T07:06:00+00:00,1966.7,81.76,345.7,13.90,370.4,27.5,620.2,0.0575,0.75,58.6,283.6,7.6
2025-04-14T07:07:00+00:00,2279.3,79.86,351.2,13.96,402.2,28.6,678.0,0.0610,0.84,58.6,283.6,8.7
2025-04-14T07:08:00+00:00,2074.2,80.60,348.0,13.69,408.0,25.5,586.4,0.0600,0.75,58.6,283.6,11.4
2025-04-14T07:09:00+00:00,1775.4,80.74,360.0,13.78,361.0,26.2,605.0,0.0560,0.69,58.6,283.6,10.7
2025-04-14T07:10:00+00:00,2263.9,83.80,347.8,13.85,406.5,29.3,600.8,0.0590,0.74,58.6,283.6,10.0
2025-04-14T07:11:00+00:00,2484.1,82.13,335.4,13.40,407.5,26.6,620.3,0.0606,0.63,58.6,283.6,9.1
2025-04-14T07:12:00+00:00,2522.3,82.39,338.8,13.74,405.7,25.2,643.0,0.0604,0.74,58.6,283.6,9.2
2025-04-14T07:13:00+00:00,2447.4,83.38,353.1,13.83,401.4,28.0,621.8,0.0661,0.72,58.6,283.6,9.5
2025-04-14T07:14:00+00:00,1979.0,82.25,347.4,13.67,389.2,27.4,597.8,0.0586,0.83,58.6,283.6,9.7
2025-04-14T07:15:00+00:00,1989.2,83.07,351.3,13.79,366.1,28.8,582.8,0.0570,0.68,58.6,283.6,9.6
2025-04-14T07:16:00+00:00,2093.2,83.70,354.7,13.71,386.1,28.1,612.3,0.0578,0.70,58.6,283.6,10.1
2025-04-14T07:17:00+00:00,2096.0,83.94,335.6,13.85,370.1,26.0,607.2,0.0652,0.75,58.6,283.6,10.0
2025-04-14T07:18:00+00:00,2066.1,82.33,351.8,13.73,378.5,30.8,560.1,0.0580,0.74,58.6,283.6,10.4
2025-04-14T07:19:00+00:00,1824.0,81.63,344.8,13.49,367.7,26.2,585.4,0.0570,0.78,58.6,283.6,9.5
2025-04-14T07:20:00+00:00,2204.4,83.27,340.4,13.98,397.9,29.8,609.5,0.0631,0.72,58.6,283.6,8.5
2025-04-14T07:21:00+00:00,1982.3,84.35,347.5,13.73,368.1,30.0,625.1,0.0568,0.69,58.6,283.6,9.0
2025-04-14T07:22:00+00:00,2481.0,83.96,335.1,13.90,396.8,26.9,637.2,0.0639,0.74,58.6,283.6,6.9
2025-04-14T07:23:00+00:00,2018.3,84.10,358.4,14.14,369.1,29.7,644.1,0.0582,0.79,58.6,283.6,9.7
2025-04-14T07:24:00+00:00,2429.9,84.55,340.0,13.80,386.2,29.8,615.7,0.0603,0.78,58.6,283.6,9.3
2025-04-14T07:25:00+00:00,2534.2,85.22,326.1,13.68,385.3,26.3,587.8,0.0676,0.76,58.6,283.6,6.8
2025-04-14T07:26:00+00:00,1949.1,79.85,348.6,13.77,379.6,28.7,593.0,0.0569,0.71,58.6,283.6,8.3
2025-04-14T07:27:00+00:00,2078.1,80.98,343.9,13.71,391.8,24.8,581.1,0.0577,0.70,58.6,283.6,8.7
2025-04-14T07:28:00+00:00,2446.2,82.85,353.0,13.89,398.8,29.8,626.3,0.0671,0.72,58.6,283.6,11.7
2025-04-14T07:29:00+00:00,1807.7,81.32,346.8,13.99,358.0,26.5,610.9,0.0606,0.80,58.6,283.6,9.3
2025-04-14T07:30:00+00:00,2457.2,82.75,362.7,14.00,409.2,28.2,660.4,0.0616,0.73,58.6,283.6,9.8
2025-04-14T07:31:00+00:00,1939.6,81.14,345.4,14.05,391.3,27.4,633.1,0.0566,0.68,58.6,283.6,8.8
2025-04-14T07:32:00+00:00,1909.9,80.83,348.0,14.02,390.2,27.5,598.9,0.0571,0.74,58.6,283.6,10.5
2025-04-14T07:33:00+00:00,2424.9,83.27,345.0,13.67,396.6,28.3,585.7,0.0595,0.69,58.6,283.6,9.7
2025-04-14T07:34:00+00:00,2458.3,84.14,346.0,13.40,370.5,28.7,642.2,0.0623,0.73,58.6,283.6,9.3
2025-04-14T07:35:00+00:00,1902.2,81.13,349.7,13.81,375.9,25.6,509.1,0.0611,0.71,58.6,283.6,10.5
2025-04-14T07:36:00+00:00,2218.9,81.50,365.1,13.79,390.3,24.6,655.5,0.0679,0.68,58.6,283.6,9.8
2025-04-14T07:37:00+00:00,2519.1,82.01,342.6,13.83,410.7,27.5,625.7,0.0698,0.83,58.6,283.6,10.4
2025-04-14T07:38:00+00:00,2033.4,80.92,358.0,13.76,378.2,31.1,657.9,0.0575,0.71,58.6,283.6,11.2
2025-04-14T07:39:00+00:00,1918.8,80.52,349.0,13.75,347.9,25.3,575.7,0.0570,0.73,58.6,283.6,9.0
2025-04-14T07:40:00+00:00,2118.0,82.38,343.2,14.04,387.1,30.2,620.8,0.0620,0.75,58.6,283.6,8.3
2025-04-14T07:41:00+00:00,1989.3,80.48,341.3,13.93,392.6,27.8,611.2,0.0594,0.70,58.6,283.6,8.7
2025-04-14T07:42:00+00:00,1924.5,83.32,350.0,13.82,385.5,27.7,656.8,0.0576,0.77,58.6,283.6,10.9
2025-04-14T07:43:00+00:00,1998.8,84.09,332.9,13.72,365.7,29.1,602.5,0.0580,0.74,58.6,283.6,9.6
2025-04-14T07:44:00+00:00,1856.2,80.01,339.7,13.88,359.9,29.6,578.1,0.0567,0.72,58.6,283.6,8.4
2025-04-14T07:45:00+00:00,1943.3,79.71,349.6,13.83,355.1,29.1,586.6,0.0569,0.71,58.6,283.6,8.8
2025-04-14T07:46:00+00:00,1942.7,81.71,357.1,13.82,375.5,29.1,593.4,0.0577,0.79,58.6,283.6,8.8
2025-04-14T07:47:00+00:00,2116.7,82.04,352.3,13.81,371.0,29.9,674.6,0.0691,0.75,58.6,283.6,9.5
2025-04-14T07:48:00+00:00,2034.2,84.12,330.7,14.00,382.1,29.6,627.3,0.0625,0.71,58.6,283.6,9.8
2025-04-14T07:49:00+00:00,1963.6,83.71,350.5,13.93,373.6,25.5,495.4,0.0574,0.74,58.6,283.6,10.4
2025-04-14T07:50:00+00:00,2096.4,82.17,355.8,13.70,391.9,27.0,602.9,0.0583,0.75,58.6,283.6,11.8
2025-04-14T07:51:00+00:00,2078.3,81.03,348.6,13.74,379.6,27.7,643.2,0.0606,0.72,58.6,283.6,9.9
2025-04-14T07:52:00+00:00,1899.6,79.15,335.4,13.78,383.8,24.9,565.5,0.0576,0.80,58.6,283.6,10.7
2025-04-14T07:53:00+00:00,2022.8,83.42,356.6,13.99,392.5,27.9,610.3,0.0649,0.71,58.6,283.6,10.5
2025-04-14T07:54:00+00:00,2093.4,82.86,339.7,13.85,359.6,28.2,618.1,0.0578,0.71,58.6,283.6,8.0
2025-04-14T07:55:00+00:00,1849.0,82.25,340.0,13.76,367.3,27.3,576.2,0.0565,0.70,58.6,283.6,11.4
2025-04-14T07:56:00+00:00,1878.8,82.45,350.5,13.65,393.1,27.4,642.4,0.0599,0.64,58.6,283.6,8.5
2025-04-14T07:57:00+00:00,1907.2,81.85,361.2,13.65,367.5,29.5,659.1,0.0574,0.73,58.6,283.6,10.4
2025-04-14T07:58:00+00:00,2033.3,82.23,350.9,14.01,377.0,29.1,563.8,0.0578,0.73,58.6,283.6,9.6
2025-04-14T07:59:00+00:00,2161.3,79.78,338.3,13.91,374.4,29.6,647.5,0.0693,0.82,58.6,283.6,9.5
2025-04-14T08:00:00+00:00,2001.2,80.69,352.9,13.84,377.6,28.3,653.8,0.0573,0.71,58.6,283.6,9.3
2025-04-14T08:01:00+00:00,1924.7,83.70,341.0,13.96,359.5,28.7,577.1,0.0611,0.86,58.6,283.6,8.5
2025-04-14T08:02:00+00:00,2007.9,80.82,339.7,13.90,392.0,25.4,581.8,0.0579,0.74,58.6,283.6,8.3
2025-04-14T08:03:00+00:00,1931.4,83.01,359.2,13.80,366.0,27.8,620.0,0.0610,0.73,58.6,283.6,9.8
2025-04-14T08:04:00+00:00,2021.3,82.07,341.6,13.78,378.5,30.2,547.9,0.0624,0.74,58.6,283.6,10.1
2025-04-14T08:05:00+00:00,1877.7,83.31,350.8,13.75,393.3,26.5,668.5,0.0565,0.69,58.6,283.6,9.7
2025-04-14T08:06:00+00:00,2094.4,83.78,342.3,13.66,384.0,27.1,605.0,0.0574,0.67,58.6,283.6,9.0
2025-04-14T08:07:00+00:00,2113.7,83.78,359.4,13.63,382.8,26.5,648.7,0.0584,0.76,58.6,283.6,9.3
2025-04-14T08:08:00+00:00,2005.2,84.26,333.0,14.02,382.3,24.1,608.2,0.0575,0.72,58.6,283.6,10.6
2025-04-14T08:09:00+00:00,2146.4,81.69,348.1,14.06,395.2,28.0,643.5,0.0627,0.73,58.6,283.6,10.7
2025-04-14T08:10:00+00:00,2025.8,79.55,357.1,13.44,369.5,31.8,644.4,0.0573,0.69,58.6,283.6,8.8
2025-04-14T08:11:00+00:00,2008.2,80.73,340.5,13.74,384.1,25.1,645.1,0.0590,0.76,58.6,283.6,9.1
2025-04-14T08:12:00+00:00,2041.7,86.64,353.1,13.68,374.8,27.5,575.8,0.0620,0.72,58.6,283.6,8.3
2025-04-14T08:13:00+00:00,1896.1,83.77,349.2,13.85,377.9,28.6,552.0,0.0567,0.70,58.6,283.6,8.5
2025-04-14T08:14:00+00:00,1872.9,82.82,350.5,13.97,378.1,27.7,574.2,0.0602,0.70,58.6,283.6,8.1
2025-04-14T08:15:00+00:00,2275.4,81.54,362.8,14.07,393.0,28.4,634.1,0.0645,0.84,58.6,283.6,9.8
2025-04-14T08:16:00+00:00,1967.2,80.86,361.6,13.75,361.9,27.7,635.4,0.0576,0.77,58.6,283.6,9.3
2025-04-14T08:17:00+00:00,2073.2,81.25,355.5,13.95,396.0,27.3,621.3,0.0590,0.84,58.6,283.6,8.4
2025-04-14T08:18:00+00:00,2009.2,83.05,352.9,13.63,392.7,29.7,564.3,0.0581,0.78,58.6,283.6,8.6
2025-04-14T08:19:00+00:00,2145.9,80.28,357.4,13.96,399.8,28.0,732.4,0.0576,0.66,58.6,283.6,8.5
2025-04-14T08:20:00+00:00,2218.7,85.14,350.9,13.72,407.0,28.3,600.1,0.0639,0.68,58.6,283.6,9.0
2025-04-14T08:21:00+00:00,2092.8,82.72,356.8,13.67,388.1,26.3,585.5,0.0592,0.73,58.6,283.6,7.5
2025-04-14T08:22:00+00:00,2126.5,85.88,359.3,13.76,359.7,27.2,591.1,0.0588,0.73,58.6,283.6,9.1
2025-04-14T08:23:00+00:00,1739.9,82.47,344.3,13.72,357.2,29.3,605.7,0.0558,0.71,58.6,283.6,8.8
2025-04-14T08:24:00+00:00,1893.0,82.44,345.4,13.83,384.1,26.5,586.7,0.0574,0.77,58.6,283.6,7.7
2025-04-14T08:25:00+00:00,2072.3,83.90,339.6,13.78,397.8,30.4,639.3,0.0581,0.76,58.6,283.6,9.1
2025-04-14T08:26:00+00:00,2218.4,83.47,347.9,14.13,401.3,24.7,644.9,0.0597,0.83,58.6,283.6,8.9
2025-04-14T08:27:00+00:00,1959.4,80.77,352.4,14.07,355.3,29.8,594.7,0.0573,0.72,58.6,283.6,8.4
2025-04-14T08:28:00+00:00,2133.1,82.99,339.7,13.79,378.1,27.6,552.7,0.0586,0.75,58.6,283.6,8.6
2025-04-14T08:29:00+00:00,2017.8,79.80,356.7,13.92,367.5,27.5,610.6,0.0659,0.70,58.6,283.6,9.9
2025-04-14T08:30:00+00:00,1828.9,81.48,367.6,13.80,354.0,26.3,621.9,0.0573,0.79,58.6,283.6,9.8
2025-04-14T08:31:00+00:00,1094.1,83.84,355.9,13.86,338.8,28.3,526.6,0.0528,0.75,58.6,283.6,8.8
2025-04-14T08:32:00+00:00,1043.1,83.17,366.2,13.83,356.9,26.9,502.2,0.0531,0.68,58.6,283.6,8.8
2025-04-14T08:33:00+00:00,1019.9,82.86,350.4,13.58,351.9,27.1,563.0,0.0568,0.71,58.6,283.6,8.6
2025-04-14T08:34:00+00:00,953.3,79.40,360.6,13.76,361.5,28.8,540.3,0.0527,0.80,58.6,283.6,11.2
2025-04-14T08:35:00+00:00,1085.3,80.04,357.6,13.91,341.9,24.7,578.6,0.0532,0.79,58.6,283.6,9.8
2025-04-14T08:36:00+00:00,1017.5,79.32,338.6,13.82,328.3,27.1,573.6,0.0524,0.74,58.6,283.6,9.3
2025-04-14T08:37:00+00:00,1170.7,78.90,360.3,13.55,349.5,28.2,566.4,0.0530,0.72,58.6,283.6,9.0
2025-04-14T08:38:00+00:00,967.8,78.87,360.4,13.66,366.6,28.5,538.4,0.0541,0.78,58.6,283.6,9.4
2025-04-14T08:39:00+00:00,990.9,81.77,350.4,13.62,352.9,26.1,556.5,0.0566,0.74,58.6,283.6,8.7
2025-04-14T08:40:00+00:00,1005.1,77.80,358.7,13.57,358.9,25.7,524.0,0.0524,0.74,58.6,283.6,7.8
2025-04-14T08:41:00+00:00,994.0,77.23,355.8,13.66,349.4,27.5,539.3,0.0522,0.73,58.6,283.6,9.3
2025-04-14T08:42:00+00:00,1053.1,79.62,357.8,13.93,365.3,28.7,563.8,0.0580,0.82,58.6,283.6,9.6
2025-04-14T08:43:00+00:00,881.1,78.94,363.9,13.76,326.8,27.0,607.7,0.0520,0.79,58.6,283.6,8.4
2025-04-14T14:00:00+00:00,949.4,81.05,358.4,14.13,329.1,29.3,477.5,0.0554,0.76,58.6,283.6,9.2
2025-04-14T14:01:00+00:00,950.0,77.86,354.3,13.77,333.4,28.8,541.1,0.0524,0.79,58.6,283.6,8.7
2025-04-14T14:02:00+00:00,963.6,76.70,343.6,13.57,358.0,25.9,533.0,0.0524,0.78,58.6,283.6,10.8
2025-04-14T14:03:00+00:00,1030.6,77.04,348.1,13.74,354.3,29.2,578.5,0.0528,0.77,58.6,283.6,8.8
2025-04-14T14:04:00+00:00,913.9,82.45,344.1,13.87,338.5,25.9,474.7,0.0620,0.76,58.6,283.6,10.2
2025-04-14T14:05:00+00:00,952.2,78.52,352.3,13.73,350.5,28.8,543.9,0.0549,0.74,58.6,283.6,10.9
2025-04-14T14:06:00+00:00,1031.4,80.22,358.3,14.17,335.6,30.4,619.2,0.0637,0.78,58.6,283.6,9.3
2025-04-14T14:07:00+00:00,885.5,83.72,346.6,13.61,345.7,27.3,551.2,0.0557,0.78,58.6,283.6,9.1
2025-04-14T14:08:00+00:00,861.9,77.39,344.8,13.74,350.1,28.7,561.2,0.0570,0.64,58.6,283.6,10.2
2025-04-14T14:09:00+00:00,919.1,77.27,349.8,13.75,343.1,28.0,551.5,0.0515,0.70,58.6,283.6,10.3
2025-04-14T14:10:00+00:00,980.8,80.31,369.3,13.94,342.7,26.1,549.7,0.0552,0.78,58.6,283.6,7.6
2025-04-14T14:11:00+00:00,981.3,79.84,367.3,13.69,340.3,27.4,546.9,0.0520,0.73,58.6,283.6,8.4
2025-04-14T14:12:00+00:00,2080.5,83.72,338.1,13.88,387.2,26.8,572.7,0.0580,0.73,58.6,283.6,8.2
2025-04-14T14:13:00+00:00,1916.7,81.81,336.3,13.76,390.9,27.4,648.3,0.0617,0.76,58.6,283.6,8.8
2025-04-14T14:14:00+00:00,1961.9,81.81,355.8,13.74,385.1,27.1,605.9,0.0633,0.67,58.6,283.6,8.5
2025-04-14T14:15:00+00:00,2066.0,83.90,342.8,13.90,384.2,25.3,585.6,0.0660,0.81,58.6,283.6,9.6
2025-04-14T14:16:00+00:00,2164.7,81.94,343.1,13.64,390.3,27.7,629.2,0.0640,0.69,58.6,283.6,8.3
2025-04-14T14:17:00+00:00,1884.0,82.26,343.6,13.74,364.1,28.2,652.8,0.0567,0.69,58.6,283.6,9.3
2025-04-14T14:18:00+00:00,2205.9,83.12,352.8,13.62,381.3,24.1,569.3,0.0626,0.75,58.6,283.6,12.0
2025-04-14T14:19:00+00:00,1772.0,82.85,344.6,13.64,361.8,29.2,618.2,0.0558,0.68,58.6,283.6,9.7
2025-04-14T14:20:00+00:00,1968.8,78.06,356.6,14.01,409.3,31.2,593.9,0.0622,0.76,58.6,283.6,7.4
2025-04-14T14:21:00+00:00,2112.6,83.29,340.3,13.79,373.3,25.8,619.2,0.0591,0.75,58.6,283.6,10.9
2025-04-14T14:22:00+00:00,2100.5,84.13,351.7,13.55,370.2,27.7,648.1,0.0633,0.67,58.6,283.6,10.1
2025-04-14T14:23:00+00:00,2018.4,83.20,357.9,13.97,366.0,27.0,600.6,0.0570,0.67,58.6,283.6,8.1
2025-04-14T14:24:00+00:00,2258.9,81.24,347.6,13.50,390.4,27.6,642.9,0.0589,0.73,58.6,283.6,9.9
2025-04-14T14:25:00+00:00,2049.0,81.87,344.5,14.04,398.5,29.1,594.5,0.0572,0.66,58.6,283.6,9.0
2025-04-14T14:26:00+00:00,1874.0,79.73,366.2,13.58,388.6,26.4,615.5,0.0572,0.75,58.6,283.6,8.9
2025-04-14T14:27:00+00:00,2070.4,83.43,339.3,13.84,409.1,26.9,576.1,0.0587,0.70,58.6,283.6,10.0
2025-04-14T14:28:00+00:00,2215.1,85.75,353.8,13.83,363.4,29.9,554.2,0.0586,0.73,58.6,283.6,7.5
2025-04-14T14:29:00+00:00,2173.6,81.25,347.0,13.88,371.8,26.6,641.5,0.0607,0.75,58.6,283.6,9.9
2025-04-14T14:30:00+00:00,2206.0,82.81,344.6,14.03,395.7,27.7,598.4,0.0577,0.63,58.6,283.6,8.4
2025-04-14T14:31:00+00:00,2000.0,79.50,333.6,13.81,373.3,26.4,596.7,0.0596,0.74,58.6,283.6,9.8
2025-04-14T14:32:00+00:00,1974.4,82.21,344.4,13.54,379.8,27.2,516.1,0.0599,0.75,58.6,283.6,11.1
2025-04-14T14:33:00+00:00,1995.8,82.61,350.8,13.64,407.8,29.1,602.6,0.0577,0.74,58.6,283.6,7.7
2025-04-14T14:34:00+00:00,1943.5,81.81,347.0,13.99,373.1,28.1,586.1,0.0601,0.73,58.6,283.6,9.3
2025-04-14T14:35:00+00:00,1928.5,83.66,348.1,13.87,400.0,29.2,596.8,0.0656,0.86,58.6,283.6,9.9
2025-04-14T14:36:00+00:00,2084.8,78.55,359.0,13.74,400.7,28.6,575.2,0.0587,0.80,58.6,283.6,9.9
2025-04-14T14:37:00+00:00,1997.3,80.91,355.3,13.76,375.3,27.1,602.4,0.0641,0.70,58.6,283.6,10.0
2025-04-14T14:38:00+00:00,2002.0,82.41,356.0,14.05,399.2,30.2,566.6,0.0573,0.71,58.6,283.6,10.1
2025-04-14T14:39:00+00:00,2115.7,82.56,334.8,13.81,397.7,30.3,580.5,0.0618,0.67,58.6,283.6,9.1
2025-04-14T14:40:00+00:00,1840.7,81.76,354.0,13.85,380.4,30.8,595.2,0.0581,0.73,58.6,283.6,9.4
2025-04-14T14:41:00+00:00,2078.4,82.14,346.4,13.86,381.7,27.1,623.3,0.0638,0.81,58.6,283.6,11.4
2025-04-14T14:42:00+00:00,1890.6,81.58,342.6,13.79,356.4,29.3,572.9,0.0566,0.70,58.6,283.6,9.0
2025-04-14T14:43:00+00:00,2010.1,77.78,357.4,13.68,353.9,28.9,587.0,0.0635,0.76,58.6,283.6,9.6
2025-04-14T14:44:00+00:00,2190.7,83.39,349.2,13.68,388.2,28.5,611.5,0.0612,0.52,58.6,283.6,8.6
2025-04-14T14:45:00+00:00,1991.5,80.90,348.4,13.67,381.2,29.2,665.2,0.0574,0.73,58.6,283.6,9.6
2025-04-14T14:46:00+00:00,1910.4,82.47,349.3,13.72,375.8,28.7,598.7,0.0642,0.77,58.6,283.6,8.6
2025-04-14T14:47:00+00:00,2244.6,84.89,348.9,13.63,386.3,27.8,591.2,0.0670,0.80,58.6,283.6,10.2
2025-04-14T14:48:00+00:00,2135.4,81.56,345.5,13.56,396.8,30.3,558.6,0.0591,0.83,58.6,283.6,10.5
2025-04-14T14:49:00+00:00,1809.0,83.15,351.8,13.78,369.0,28.9,603.7,0.0562,0.70,58.6,283.6,8.2
2025-04-14T14:50:00+00:00,1952.1,81.53,343.3,13.91,389.0,31.4,613.6,0.0621,0.72,58.6,283.6,10.1
2025-04-14T14:51:00+00:00,2118.3,80.27,339.9,13.82,381.0,27.3,560.5,0.0578,0.71,58.6,283.6,9.0
2025-04-14T14:52:00+00:00,1983.5,79.87,348.1,13.77,382.9,26.7,566.1,0.0668,0.71,58.6,283.6,8.9
2025-04-14T14:53:00+00:00,1930.5,83.70,334.7,13.76,377.1,27.5,629.3,0.0571,0.73,58.6,283.6,8.8
2025-04-14T14:54:00+00:00,1970.6,82.81,358.2,14.10,379.4,29.2,564.0,0.0622,0.74,58.6,283.6,8.2
2025-04-14T14:55:00+00:00,2056.2,80.25,354.8,13.72,378.2,28.9,670.1,0.0582,0.76,58.6,283.6,8.5
2025-04-14T14:56:00+00:00,2168.3,83.62,346.8,13.60,380.5,29.0,602.4,0.0590,0.77,58.6,283.6,9.2
2025-04-14T14:57:00+00:00,1870.8,82.77,358.3,13.88,397.0,26.4,591.3,0.0564,0.68,58.6,283.6,10.7
2025-04-14T14:58:00+00:00,2121.8,83.25,349.0,13.71,388.7,28.1,615.8,0.0587,0.78,58.6,283.6,9.6
2025-04-14T14:59:00+00:00,2003.8,80.58,361.8,13.69,381.7,27.1,567.9,0.0585,0.81,58.6,283.6,11.0
2025-04-14T15:00:00+00:00,2497.1,82.95,343.9,13.75,384.5,28.4,673.3,0.0599,0.70,58.6,283.6,10.7
2025-04-14T15:01:00+00:00,2441.6,80.84,345.4,13.72,372.3,28.5,633.4,0.0599,0.75,58.6,283.6,9.9
2025-04-14T15:02:00+00:00,2491.6,84.51,336.0,13.71,397.9,32.6,584.6,0.0610,0.70,58.6,283.6,10.1
2025-04-14T15:03:00+00:00,1900.0,82.52,349.2,13.83,380.0,26.4,555.3,0.0574,0.77,58.6,283.6,10.1
2025-04-14T15:04:00+00:00,1744.8,81.16,373.5,13.75,356.2,25.9,591.9,0.0581,0.83,58.6,283.6,10.1
2025-04-14T15:05:00+00:00,1992.8,83.16,358.1,13.62,393.8,27.2,601.8,0.0585,0.83,58.6,283.6,9.1
2025-04-14T15:06:00+00:00,1936.8,81.04,351.8,13.80,390.5,30.5,656.1,0.0620,0.83,58.6,283.6,9.3
2025-04-14T15:07:00+00:00,2135.8,81.39,353.1,13.78,391.0,29.7,581.8,0.0587,0.76,58.6,283.6,9.0
2025-04-14T15:08:00+00:00,1973.7,81.73,335.8,14.01,387.1,26.3,629.0,0.0574,0.74,58.6,283.6,9.1
2025-04-14T15:09:00+00:00,2501.5,83.92,345.6,13.90,393.2,26.8,608.0,0.0616,0.77,58.6,283.6,8.5
2025-04-14T15:10:00+00:00,1851.0,79.81,345.7,13.96,375.0,26.5,584.6,0.0650,0.81,58.6,283.6,10.5
2025-04-14T15:11:00+00:00,2325.5,86.60,351.6,13.67,400.8,30.2,632.7,0.0588,0.69,58.6,283.6,10.2
2025-04-14T15:12:00+00:00,1945.1,83.26,352.1,13.87,393.0,28.0,552.7,0.0583,0.66,58.6,283.6,9.3
2025-04-14T15:13:00+00:00,2030.9,81.22,350.6,13.71,382.6,27.6,572.9,0.0587,0.76,58.6,283.6,10.3
2025-04-14T15:14:00+00:00,2097.9,85.01,362.3,13.74,397.6,27.9,594.1,0.0572,0.64,58.6,283.6,8.9
2025-04-14T15:15:00+00:00,2348.6,82.76,347.1,13.78,389.8,27.2,637.0,0.0599,0.76,58.6,283.6,9.9
2025-04-14T15:16:00+00:00,2594.3,83.27,338.8,13.68,395.5,29.5,670.9,0.0613,0.79,58.6,283.6,8.3
2025-04-14T15:17:00+00:00,2514.8,85.25,355.1,14.03,409.9,28.4,604.2,0.0600,0.70,58.6,283.6,8.7
2025-04-14T15:18:00+00:00,2191.2,82.94,345.2,13.95,386.9,27.6,596.9,0.0597,0.74,58.6,283.6,9.9
2025-04-14T15:19:00+00:00,1932.6,80.96,341.8,13.93,389.9,27.4,630.4,0.0579,0.79,58.6,283.6,9.5
2025-04-14T15:20:00+00:00,1779.6,81.40,354.1,13.55,367.3,27.4,559.0,0.0570,0.80,58.6,283.6,7.2
2025-04-14T15:21:00+00:00,1924.9,81.46,360.0,13.94,372.2,31.1,576.6,0.0575,0.78,58.6,283.6,10.5
2025-04-14T15:22:00+00:00,2026.5,84.81,350.8,13.61,389.0,29.8,574.7,0.0568,0.64,58.6,283.6,10.0
2025-04-14T15:23:00+00:00,2044.0,83.66,330.9,13.66,389.2,28.6,585.4,0.0577,0.72,58.6,283.6,10.7
2025-04-14T15:24:00+00:00,2428.2,81.46,361.3,13.76,402.3,28.4,592.5,0.0665,0.75,58.6,283.6,9.1
2025-04-14T15:25:00+00:00,1968.6,81.10,349.8,13.93,382.6,27.0,605.9,0.0633,0.79,58.6,283.6,8.0
2025-04-14T15:26:00+00:00,2486.5,83.92,344.7,13.86,392.1,27.1,629.8,0.0603,0.74,58.6,283.6,12.1
2025-04-14T15:27:00+00:00,2428.3,81.71,348.1,13.92,396.9,28.7,598.4,0.0601,0.76,58.6,283.6,7.5
2025-04-14T15:28:00+00:00,2146.0,82.24,350.2,13.72,378.4,25.6,642.8,0.0570,0.60,58.6,283.6,10.3
2025-04-14T15:29:00+00:00,1818.6,81.54,346.5,13.63,380.2,30.8,568.7,0.0590,0.85,58.6,283.6,7.6
2025-04-14T15:30:00+00:00,2166.2,82.89,361.6,13.73,363.5,30.6,620.7,0.0583,0.71,58.6,283.6,8.7
2025-04-14T15:31:00+00:00,1828.8,82.10,349.0,13.70,366.4,29.0,596.9,0.0563,0.69,58.6,283.6,8.9
2025-04-14T15:32:00+00:00,2065.3,83.56,353.0,13.60,365.5,28.3,607.0,0.0652,0.81,58.6,283.6,10.0
2025-04-14T15:33:00+00:00,1999.5,80.81,348.6,13.71,393.3,28.7,621.7,0.0575,0.72,58.6,283.6,9.9
2025-04-14T15:34:00+00:00,1893.0,83.07,344.8,13.67,363.4,25.7,617.5,0.0567,0.70,58.6,283.6,7.2
2025-04-14T15:35:00+00:00,1967.0,83.14,351.1,13.93,377.5,29.5,645.4,0.0563,0.63,58.6,283.6,8.9
2025-04-14T15:36:00+00:00,2094.6,82.01,346.1,13.64,382.6,27.2,572.4,0.0587,0.80,58.6,283.6,10.8
2025-04-14T15:37:00+00:00,2184.1,82.12,348.3,13.64,390.8,25.8,645.3,0.0604,0.78,58.6,283.6,9.9
2025-04-14T15:38:00+00:00,2156.6,82.43,354.2,13.87,394.7,28.6,617.9,0.0582,0.71,58.6,283.6,9.5
2025-04-14T15:39:00+00:00,2182.8,82.81,342.7,13.75,375.7,28.3,624.9,0.0579,0.67,58.6,283.6,10.5
2025-04-14T15:40:00+00:00,2022.6,82.32,354.5,13.91,387.0,29.4,569.4,0.0621,0.84,58.6,283.6,9.0
2025-04-14T15:41:00+00:00,2014.5,81.82,357.5,13.83,370.4,31.6,589.0,0.0644,0.80,58.6,283.6,9.2
2025-04-14T15:42:00+00:00,1981.2,82.01,354.2,13.73,371.0,28.7,604.8,0.0597,0.73,58.6,283.6,9.9
2025-04-14T15:43:00+00:00,1976.2,84.08,350.3,14.09,404.8,29.0,647.7,0.0573,0.73,58.6,283.6,10.8
2025-04-14T15:44:00+00:00,2077.7,82.98,357.7,13.61,397.7,29.1,581.9,0.0580,0.73,58.6,283.6,9.3
2025-04-14T15:45:00+00:00,1960.7,83.35,349.5,13.82,384.2,27.9,622.2,0.0578,0.78,58.6,283.6,8.7
2025-04-14T15:46:00+00:00,1974.1,82.32,358.0,13.64,389.6,26.5,604.5,0.0571,0.71,58.6,283.6,9.3
2025-04-14T15:47:00+00:00,2045.4,81.12,355.5,13.73,389.6,30.6,672.7,0.0590,0.69,58.6,283.6,10.2
2025-04-14T15:48:00+00:00,1859.3,80.20,359.3,13.76,394.6,27.9,542.2,0.0598,0.74,58.6,283.6,8.9
2025-04-14T15:49:00+00:00,1999.4,80.31,350.4,13.89,388.2,28.5,589.3,0.0580,0.78,58.6,283.6,10.1
2025-04-14T15:50:00+00:00,1927.9,82.47,361.6,13.66,386.0,29.5,614.3,0.0573,0.73,58.6,283.6,7.7
2025-04-14T15:51:00+00:00,2015.7,82.11,342.8,13.88,382.0,33.0,608.2,0.0654,0.74,58.6,283.6,10.1
2025-04-14T15:52:00+00:00,2055.5,80.41,337.2,13.62,391.3,28.6,625.0,0.0580,0.74,58.6,283.6,7.9
2025-04-14T15:53:00+00:00,2082.0,77.97,344.8,13.92,380.6,29.0,601.7,0.0583,0.75,58.6,283.6,9.1
2025-04-14T15:54:00+00:00,2233.3,80.07,342.2,13.83,395.6,25.2,608.9,0.0630,0.67,58.6,283.6,10.3
2025-04-14T15:55:00+00:00,1911.5,82.20,363.4,13.82,398.6,25.4,608.8,0.0569,0.71,58.6,283.6,8.6
2025-04-14T15:56:00+00:00,2007.2,83.41,354.4,13.83,373.0,24.8,588.9,0.0614,0.71,58.6,283.6,9.5
2025-04-14T15:57:00+00:00,1890.3,83.22,351.0,14.03,376.5,28.1,605.1,0.0569,0.73,58.6,283.6,9.4
2025-04-14T15:58:00+00:00,1915.1,82.96,348.2,13.68,380.7,27.0,558.7,0.0565,0.67,58.6,283.6,9.2
2025-04-14T15:59:00+00:00,1998.5,83.48,341.5,13.62,371.2,29.4,577.6,0.0575,0.72,58.6,283.6,8.3
2025-04-14T16:00:00+00:00,2131.9,83.47,346.4,13.92,370.4,26.2,611.6,0.0591,0.84,58.6,283.6,8.6
2025-04-14T16:01:00+00:00,2218.9,81.91,344.5,13.87,377.8,27.2,572.3,0.0596,0.84,58.6,283.6,10.0
2025-04-14T16:02:00+00:00,2115.1,83.66,341.9,13.61,397.9,30.2,604.4,0.0606,0.74,58.6,283.6,9.7
2025-04-14T16:03:00+00:00,2084.5,88.82,351.1,13.89,388.8,28.8,598.0,0.0627,0.76,58.6,283.6,8.0
2025-04-14T16:04:00+00:00,2003.0,81.46,345.3,13.78,379.2,28.0,600.6,0.0663,0.76,58.6,283.6,8.2
2025-04-14T16:05:00+00:00,1951.5,79.40,348.9,13.86,388.2,27.2,615.4,0.0581,0.80,58.6,283.6,8.7
2025-04-14T16:06:00+00:00,2071.6,78.98,348.6,13.84,402.1,29.9,632.0,0.0578,0.73,58.6,283.6,11.4
2025-04-14T16:07:00+00:00,2045.1,83.92,359.9,13.84,393.6,28.9,574.5,0.0634,0.84,58.6,283.6,8.6
2025-04-14T16:08:00+00:00,2011.0,81.25,353.5,13.79,379.6,30.6,588.5,0.0578,0.75,58.6,283.6,9.3
2025-04-14T16:09:00+00:00,2029.7,82.11,346.1,13.89,388.5,25.7,573.8,0.0656,0.79,58.6,283.6,10.2
2025-04-14T16:10:00+00:00,2078.2,81.35,335.8,13.85,415.7,31.6,596.7,0.0569,0.63,58.6,283.6,8.7
2025-04-14T16:11:00+00:00,1872.0,82.12,353.4,13.40,364.5,27.7,577.3,0.0610,0.76,58.6,283.6,9.7
2025-04-14T16:12:00+00:00,1980.4,82.04,358.7,13.71,380.6,26.5,580.6,0.0583,0.82,58.6,283.6,8.6
2025-04-14T16:13:00+00:00,2125.7,83.02,341.0,13.73,391.4,29.6,619.5,0.0631,0.66,58.6,283.6,10.2
2025-04-14T16:14:00+00:00,2166.8,80.53,344.8,13.87,375.2,29.5,627.9,0.0592,0.67,58.6,283.6,9.0
2025-04-14T16:15:00+00:00,817.7,77.24,355.9,13.68,358.6,29.8,537.6,0.0528,0.72,58.6,283.6,10.6
2025-04-14T16:16:00+00:00,1074.2,79.92,360.1,13.84,349.5,27.5,612.6,0.0610,0.91,58.6,283.6,9.0
2025-04-14T16:17:00+00:00,1036.5,78.08,357.8,13.61,363.7,26.3,582.4,0.0524,0.72,58.6,283.6,7.9
2025-04-14T16:18:00+00:00,1127.2,80.82,346.9,13.77,360.1,26.9,603.6,0.0530,0.75,58.6,283.6,8.3
2025-04-14T16:19:00+00:00,1006.0,76.47,359.3,13.81,345.6,27.6,594.3,0.0523,0.72,58.6,283.6,8.0
2025-04-14T16:20:00+00:00,936.2,75.08,360.2,13.91,362.4,26.8,552.7,0.0523,0.79,58.6,283.6,9.8
2025-04-14T16:21:00+00:00,1045.7,79.57,373.3,13.89,342.8,26.3,574.4,0.0566,0.63,58.6,283.6,8.9
2025-04-14T16:22:00+00:00,806.3,77.57,351.0,13.86,330.5,27.6,552.0,0.0567,0.68,58.6,283.6,9.1
2025-04-14T16:23:00+00:00,1084.0,79.88,351.3,13.70,366.0,28.0,589.3,0.0529,0.75,58.6,283.6,9.0
2025-04-14T16:24:00+00:00,920.4,76.98,344.1,13.81,357.1,28.2,505.3,0.0564,0.72,58.6,283.6,9.7
2025-04-14T16:25:00+00:00,963.7,78.26,367.4,13.86,365.2,30.3,568.0,0.0525,0.71,58.6,283.6,10.3
2025-04-15T06:00:00+00:00,1076.2,76.87,364.3,13.86,349.2,28.6,504.4,0.0535,0.82,338.5,158.5,8.0
2025-04-15T06:01:00+00:00,921.2,80.12,352.5,13.85,303.5,28.0,529.3,0.0534,0.91,338.5,158.5,9.2
2025-04-15T06:02:00+00:00,908.4,75.20,357.9,13.55,368.4,28.2,566.8,0.0537,0.94,338.5,158.5,8.5
2025-04-15T06:03:00+00:00,985.7,75.59,360.2,13.62,355.0,29.2,506.8,0.0534,0.86,338.5,158.5,7.3
2025-04-15T06:04:00+00:00,1042.8,78.69,332.7,13.67,344.1,31.2,603.8,0.0538,0.86,338.5,158.5,7.6
2025-04-15T06:05:00+00:00,1050.3,75.81,354.2,13.66,332.8,25.0,536.9,0.0540,0.90,338.5,158.5,8.5
2025-04-15T06:06:00+00:00,934.0,76.87,357.7,13.93,370.7,27.9,570.0,0.0541,0.95,338.5,158.5,9.5
2025-04-15T06:07:00+00:00,904.6,77.76,354.8,13.90,346.6,26.7,516.8,0.0531,0.86,338.5,158.5,7.6
2025-04-15T06:08:00+00:00,1059.7,81.76,342.9,13.73,333.2,28.5,627.0,0.0585,0.82,338.5,158.5,7.0
2025-04-15T06:09:00+00:00,924.1,80.63,345.6,13.72,334.8,25.3,533.1,0.0560,0.93,338.5,158.5,7.0
2025-04-15T06:10:00+00:00,978.1,79.48,352.2,13.61,341.4,31.2,555.5,0.0559,0.84,338.5,158.5,7.8
2025-04-15T06:11:00+00:00,954.3,78.15,349.5,13.78,352.8,27.0,533.6,0.0536,0.90,338.5,158.5,6.3
2025-04-15T06:12:00+00:00,1920.8,81.98,359.7,13.82,377.5,28.7,605.3,0.0586,0.86,338.5,158.5,6.9
2025-04-15T06:13:00+00:00,1929.0,80.63,355.6,13.80,376.6,28.6,607.1,0.0596,0.77,338.5,158.5,7.6
2025-04-15T06:14:00+00:00,2261.4,83.82,339.0,13.73,394.2,27.7,655.9,0.0600,0.85,338.5,158.5,8.6
2025-04-15T06:15:00+00:00,1867.6,83.21,338.5,13.67,376.1,27.1,572.3,0.0591,0.96,338.5,158.5,7.2
2025-04-15T06:16:00+00:00,1846.2,81.45,366.5,14.01,372.6,28.3,544.2,0.0585,0.89,338.5,158.5,9.1
2025-04-15T06:17:00+00:00,1977.3,82.69,350.9,13.72,383.7,27.9,589.9,0.0591,0.90,338.5,158.5,8.6
2025-04-15T06:18:00+00:00,1858.8,81.73,336.8,13.61,357.7,29.8,564.7,0.0581,0.87,338.5,158.5,11.4
2025-04-15T06:19:00+00:00,1947.4,84.70,345.2,13.84,358.5,29.2,635.2,0.0583,0.84,338.5,158.5,8.6
2025-04-15T06:20:00+00:00,2093.0,82.49,350.4,13.91,373.1,27.5,639.1,0.0591,0.84,338.5,158.5,7.8
2025-04-15T06:21:00+00:00,1807.4,83.59,359.5,13.90,360.2,29.3,603.8,0.0660,0.90,338.5,158.5,8.0
2025-04-15T06:22:00+00:00,1745.7,81.87,344.0,13.89,360.3,26.5,550.3,0.0584,0.96,338.5,158.5,9.9
2025-04-15T06:23:00+00:00,2079.2,82.34,343.4,13.62,386.8,30.8,601.0,0.0609,0.86,338.5,158.5,6.5
2025-04-15T06:24:00+00:00,2061.6,84.82,350.0,13.81,377.6,29.2,586.3,0.0608,0.92,338.5,158.5,9.3
2025-04-15T06:25:00+00:00,1820.8,80.36,347.5,13.70,374.1,24.9,592.4,0.0647,0.81,338.5,158.5,8.8
2025-04-15T06:26:00+00:00,2153.8,84.42,343.3,13.58,391.8,28.7,627.7,0.0661,0.92,338.5,158.5,8.4
2025-04-15T06:27:00+00:00,1959.5,79.65,353.0,14.02,387.9,27.6,572.7,0.0589,0.89,338.5,158.5,7.4
2025-04-15T06:28:00+00:00,1863.7,82.97,349.7,13.82,375.9,27.7,641.7,0.0576,0.81,338.5,158.5,10.0
2025-04-15T06:29:00+00:00,2059.9,83.38,343.3,13.66,378.2,29.5,581.6,0.0623,0.90,338.5,158.5,10.1
2025-04-15T06:30:00+00:00,2035.7,84.09,357.4,13.72,369.6,30.8,568.0,0.0594,0.89,338.5,158.5,10.1
2025-04-15T06:31:00+00:00,2143.5,82.00,355.0,13.97,407.5,29.2,645.2,0.0594,0.79,338.5,158.5,8.9
2025-04-15T06:32:00+00:00,2002.8,80.95,344.7,13.80,394.8,29.0,631.9,0.0603,0.84,338.5,158.5,7.2
2025-04-15T06:33:00+00:00,2046.3,81.00,341.3,13.62,388.3,31.2,656.0,0.0575,0.70,338.5,158.5,9.9
2025-04-15T06:34:00+00:00,2043.0,80.90,362.5,13.68,361.1,32.1,634.1,0.0599,0.95,338.5,158.5,8.9
2025-04-15T06:35:00+00:00,1967.0,86.06,342.2,13.86,385.1,27.3,639.9,0.0652,0.92,338.5,158.5,8.6
2025-04-15T06:36:00+00:00,2146.3,83.71,355.7,13.64,365.5,29.1,595.2,0.0591,0.81,338.5,158.5,9.3
2025-04-15T06:37:00+00:00,1906.5,82.68,336.6,13.68,386.0,27.2,643.4,0.0628,0.86,338.5,158.5,7.4
2025-04-15T06:38:00+00:00,1913.7,80.50,343.0,13.98,375.7,28.6,567.7,0.0585,0.87,338.5,158.5,7.5
2025-04-15T06:39:00+00:00,2015.3,81.33,357.5,13.74,392.8,29.1,592.3,0.0631,0.82,338.5,158.5,9.7
2025-04-15T06:40:00+00:00,2036.1,83.64,348.2,13.79,380.6,27.3,553.9,0.0656,0.94,338.5,158.5,8.8
2025-04-15T06:41:00+00:00,1862.5,82.47,354.1,13.62,382.3,29.5,590.7,0.0587,0.93,338.5,158.5,9.9
2025-04-15T06:42:00+00:00,1886.7,82.23,345.7,13.89,384.6,30.2,528.6,0.0587,0.82,338.5,158.5,7.7
2025-04-15T06:43:00+00:00,1981.9,81.45,364.1,13.76,376.1,27.6,596.1,0.0592,0.83,338.5,158.5,7.2
2025-04-15T06:44:00+00:00,2159.6,81.95,365.9,13.59,389.3,31.4,585.4,0.0674,0.81,338.5,158.5,7.4
2025-04-15T06:45:00+00:00,1939.3,81.19,367.0,13.92,376.5,26.6,546.7,0.0597,0.91,338.5,158.5,8.7
2025-04-15T06:46:00+00:00,1998.3,79.82,351.0,13.53,377.3,29.1,620.2,0.0605,0.84,338.5,158.5,7.7
2025-04-15T06:47:00+00:00,2048.2,81.15,345.1,13.82,379.5,26.8,584.5,0.0597,0.92,338.5,158.5,8.2
2025-04-15T06:48:00+00:00,2132.4,82.80,345.3,13.74,388.8,29.7,656.0,0.0645,0.98,338.5,158.5,8.2
2025-04-15T06:49:00+00:00,2132.7,81.53,345.0,13.85,407.3,29.4,605.0,0.0616,0.89,338.5,158.5,8.7
2025-04-15T06:50:00+00:00,2034.1,80.38,348.1,14.11,383.9,27.4,588.9,0.0602,0.79,338.5,158.5,8.6
2025-04-15T06:51:00+00:00,2116.9,82.58,339.8,13.95,382.1,28.6,601.1,0.0599,0.90,338.5,158.5,8.5
2025-04-15T06:52:00+00:00,1859.6,80.47,351.5,13.84,354.1,27.3,618.3,0.0626,0.83,338.5,158.5,9.0
2025-04-15T06:53:00+00:00,1889.9,80.90,333.3,13.90,380.8,29.9,601.8,0.0580,0.83,338.5,158.5,9.6
2025-04-15T06:54:00+00:00,1835.0,79.50,349.9,13.88,359.4,27.8,598.5,0.0600,0.87,338.5,158.5,10.4
2025-04-15T06:55:00+00:00,2206.8,81.39,342.3,13.71,383.2,25.5,592.6,0.0620,0.91,338.5,158.5,10.4
2025-04-15T06:56:00+00:00,2194.6,84.56,343.8,13.52,391.7,28.6,586.1,0.0600,0.88,338.5,158.5,9.3
2025-04-15T06:57:00+00:00,2013.4,78.43,345.7,13.74,375.2,27.3,634.4,0.0587,0.84,338.5,158.5,9.9
2025-04-15T06:58:00+00:00,2032.9,83.58,352.7,13.82,391.2,29.6,592.4,0.0614,0.86,338.5,158.5,6.8
2025-04-15T06:59:00+00:00,2009.2,81.73,360.4,13.66,348.1,26.2,561.5,0.0585,0.83,338.5,158.5,9.6
2025-04-15T07:00:00+00:00,2431.9,82.57,344.6,13.92,388.5,27.3,606.2,0.0612,0.87,338.5,158.5,7.0
2025-04-15T07:01:00+00:00,2518.6,84.71,340.6,13.78,401.4,27.4,596.5,0.0623,0.91,338.5,158.5,8.7
2025-04-15T07:02:00+00:00,2004.3,82.25,349.7,13.82,384.3,28.2,589.0,0.0717,0.94,338.5,158.5,8.9
2025-04-15T07:03:00+00:00,2372.0,84.12,342.4,13.92,373.0,27.1,665.5,0.0613,0.90,338.5,158.5,7.3
2025-04-15T07:04:00+00:00,2478.5,81.22,337.0,13.83,398.8,27.2,623.1,0.0613,0.86,338.5,158.5,9.8
2025-04-15T07:05:00+00:00,2311.4,82.83,348.5,13.87,389.2,28.8,562.2,0.0605,0.85,338.5,158.5,9.3
2025-04-15T07:06:00+00:00,2026.3,81.60,350.8,13.84,380.0,29.6,652.8,0.0591,0.87,338.5,158.5,10.0
2025-04-15T07:07:00+00:00,2094.4,81.35,347.8,13.82,390.5,25.1,599.7,0.0585,0.78,338.5,158.5,9.5
2025-04-15T07:08:00+00:00,2024.1,80.36,335.6,13.50,405.2,29.2,593.5,0.0597,0.94,338.5,158.5,7.1
2025-04-15T07:09:00+00:00,2050.4,82.77,336.3,13.68,379.3,28.0,593.5,0.0590,0.85,338.5,158.5,10.6
2025-04-15T07:10:00+00:00,2536.4,82.56,354.8,13.88,404.2,29.5,611.1,0.0618,0.86,338.5,158.5,10.2
2025-04-15T07:11:00+00:00,2180.4,84.44,357.9,13.93,389.3,29.4,576.4,0.0599,0.87,338.5,158.5,9.3
2025-04-15T07:12:00+00:00,1993.0,84.02,353.2,13.64,372.4,27.5,600.1,0.0594,0.92,338.5,158.5,9.5
2025-04-15T07:13:00+00:00,2508.3,83.01,350.3,13.94,399.8,30.3,570.9,0.0627,0.88,338.5,158.5,8.6
2025-04-15T07:14:00+00:00,2108.0,79.81,349.3,13.62,379.1,23.6,545.1,0.0605,0.82,338.5,158.5,9.2
2025-04-15T07:15:00+00:00,2015.9,82.19,351.2,14.07,373.2,25.3,598.0,0.0622,0.89,338.5,158.5,8.6
2025-04-15T07:16:00+00:00,2214.7,83.23,349.8,13.90,361.3,28.7,616.0,0.0610,0.86,338.5,158.5,8.1
2025-04-15T07:17:00+00:00,2542.1,84.29,349.2,13.87,372.9,28.6,570.8,0.0613,0.83,338.5,158.5,8.5
2025-04-15T07:18:00+00:00,1909.9,79.53,346.6,13.92,370.8,28.9,581.8,0.0584,0.88,338.5,158.5,9.2
2025-04-15T07:19:00+00:00,1927.1,81.28,355.3,13.78,383.5,27.8,581.3,0.0627,0.90,338.5,158.5,9.1
2025-04-15T07:20:00+00:00,2114.1,84.83,345.8,13.78,406.4,28.8,627.5,0.0616,0.87,338.5,158.5,6.6
2025-04-15T07:21:00+00:00,2223.1,82.79,348.9,13.63,385.7,27.9,607.3,0.0624,1.00,338.5,158.5,8.2
2025-04-15T07:22:00+00:00,1988.9,82.49,343.6,13.74,389.3,26.4,604.1,0.0582,0.80,338.5,158.5,9.1
2025-04-15T07:23:00+00:00,2469.4,83.52,355.9,13.76,392.5,28.9,629.5,0.0693,0.90,338.5,158.5,11.4
2025-04-15T07:24:00+00:00,2026.2,82.62,329.4,13.72,410.8,26.5,578.4,0.0640,0.86,338.5,158.5,9.3
2025-04-15T07:25:00+00:00,1979.4,78.91,368.3,13.93,371.9,30.9,608.3,0.0681,0.88,338.5,158.5,8.2
2025-04-15T07:26:00+00:00,1781.7,81.39,361.5,13.87,347.5,26.4,587.5,0.0630,0.82,338.5,158.5,8.3
2025-04-15T07:27:00+00:00,1997.9,81.20,348.2,13.84,399.5,26.6,577.7,0.0615,0.86,338.5,158.5,8.3
2025-04-15T07:28:00+00:00,2337.3,84.40,337.9,13.90,390.2,28.4,567.7,0.0683,0.88,338.5,158.5,8.1
2025-04-15T07:29:00+00:00,2066.7,83.33,342.2,13.81,380.6,28.0,596.3,0.0589,0.82,338.5,158.5,11.2
2025-04-15T07:30:00+00:00,2111.7,82.37,356.8,13.96,404.2,30.2,614.4,0.0592,0.84,338.5,158.5,9.3
2025-04-15T07:31:00+00:00,1974.4,83.17,350.9,13.92,395.2,28.9,580.0,0.0590,0.89,338.5,158.5,8.5
2025-04-15T07:32:00+00:00,1997.6,81.72,341.4,13.88,366.8,27.8,610.8,0.0581,0.79,338.5,158.5,9.2
2025-04-15T07:33:00+00:00,2171.2,82.55,358.6,14.05,401.5,27.8,568.0,0.0601,0.89,338.5,158.5,9.0
2025-04-15T07:34:00+00:00,1914.7,80.64,353.1,13.45,368.8,28.4,583.3,0.0612,0.84,338.5,158.5,9.8
2025-04-15T07:35:00+00:00,2052.1,82.39,349.6,13.63,374.3,27.7,653.1,0.0595,0.90,338.5,158.5,10.4
2025-04-15T07:36:00+00:00,2159.5,84.38,353.6,13.79,394.5,26.8,585.3,0.0591,0.79,338.5,158.5,7.7
2025-04-15T07:37:00+00:00,1940.7,82.73,344.1,14.01,390.0,28.1,617.0,0.0628,0.89,338.5,158.5,10.8
2025-04-15T07:38:00+00:00,1984.1,82.09,347.4,13.75,385.4,28.2,634.1,0.0590,0.88,338.5,158.5,8.6
2025-04-15T07:39:00+00:00,2234.3,81.36,339.6,13.92,406.2,27.7,604.7,0.0686,0.80,338.5,158.5,6.9
2025-04-15T07:40:00+00:00,1886.5,83.36,349.5,13.96,359.9,29.7,593.9,0.0583,0.86,338.5,158.5,9.0
2025-04-15T07:41:00+00:00,2334.7,81.83,340.8,13.70,397.2,25.8,689.3,0.0688,0.88,338.5,158.5,8.4
2025-04-15T07:42:00+00:00,1800.2,81.29,361.5,13.72,370.1,28.4,561.5,0.0574,0.82,338.5,158.5,9.0
2025-04-15T07:43:00+00:00,1973.9,80.19,346.6,13.96,384.9,28.5,599.0,0.0595,0.94,338.5,158.5,9.1
2025-04-15T07:44:00+00:00,2100.4,82.15,334.8,13.86,379.0,26.4,629.1,0.0588,0.81,338.5,158.5,9.7
2025-04-15T07:45:00+00:00,1931.8,84.78,348.9,13.87,386.0,31.2,677.6,0.0616,0.82,338.5,158.5,8.6
2025-04-15T07:46:00+00:00,2012.7,83.12,363.6,13.85,368.1,29.9,552.6,0.0592,0.89,338.5,158.5,10.7
2025-04-15T07:47:00+00:00,1990.3,80.62,349.1,13.94,376.4,28.3,593.5,0.0590,0.88,338.5,158.5,6.9
2025-04-15T07:48:00+00:00,2152.9,81.45,338.8,13.73,377.4,29.0,590.1,0.0619,0.78,338.5,158.5,7.1
2025-04-15T07:49:00+00:00,1893.6,81.56,346.9,13.93,394.2,27.3,554.1,0.0585,0.87,338.5,158.5,8.3
2025-04-15T07:50:00+00:00,1949.5,84.72,347.3,13.86,378.8,24.7,608.3,0.0584,0.85,338.5,158.5,7.5
2025-04-15T07:51:00+00:00,1886.4,80.48,348.5,13.47,367.1,28.7,574.3,0.0580,0.80,338.5,158.5,8.0
2025-04-15T07:52:00+00:00,2076.4,83.00,344.6,13.77,374.8,27.9,569.8,0.0593,0.86,338.5,158.5,8.6
2025-04-15T07:53:00+00:00,2078.1,82.26,351.7,13.89,360.3,27.9,535.1,0.0588,0.82,338.5,158.5,8.6
2025-04-15T07:54:00+00:00,2106.4,82.79,342.1,13.92,387.5,30.4,651.4,0.0665,0.80,338.5,158.5,6.7
2025-04-15T07:55:00+00:00,2057.1,83.56,339.3,13.88,388.4,25.8,615.8,0.0580,0.75,338.5,158.5,8.5
2025-04-15T07:56:00+00:00,1845.4,81.17,350.5,13.76,379.7,25.1,602.4,0.0582,0.89,338.5,158.5,7.7
2025-04-15T07:57:00+00:00,2031.9,80.50,345.0,13.45,401.6,27.5,596.2,0.0593,0.88,338.5,158.5,10.1
2025-04-15T07:58:00+00:00,1910.1,82.50,342.9,13.50,382.7,26.9,544.1,0.0588,0.90,338.5,158.5,8.6
2025-04-15T07:59:00+00:00,2057.4,81.91,343.1,14.15,373.0,29.0,610.0,0.0597,0.92,338.5,158.5,7.5
2025-04-15T08:00:00+00:00,1993.7,84.81,353.5,14.06,392.7,27.7,619.2,0.0666,0.89,338.5,158.5,8.1
2025-04-15T08:01:00+00:00,1946.9,79.51,357.3,13.83,379.9,26.2,577.3,0.0597,0.98,338.5,158.5,9.0
2025-04-15T08:02:00+00:00,2113.2,82.09,343.2,13.88,423.1,28.0,614.2,0.0624,0.83,338.5,158.5,8.2
2025-04-15T08:03:00+00:00,2056.9,81.89,358.6,13.89,399.2,26.5,593.2,0.0592,0.87,338.5,158.5,8.0
2025-04-15T08:04:00+00:00,2186.0,83.26,337.0,13.91,394.1,26.7,548.8,0.0664,0.94,338.5,158.5,8.3
2025-04-15T08:05:00+00:00,2114.3,83.23,328.3,13.71,385.0,27.0,624.0,0.0587,0.79,338.5,158.5,8.7
2025-04-15T08:06:00+00:00,2010.3,81.55,350.8,13.93,372.2,28.9,640.8,0.0587,0.85,338.5,158.5,9.0
2025-04-15T08:07:00+00:00,1935.4,81.98,382.1,13.81,365.8,26.1,532.5,0.0584,0.86,338.5,158.5,9.5
2025-04-15T08:08:00+00:00,2096.0,85.17,356.8,13.55,365.5,27.2,570.5,0.0589,0.79,338.5,158.5,6.5
2025-04-15T08:09:00+00:00,2152.9,81.18,349.5,13.71,379.3,30.9,614.4,0.0597,0.85,338.5,158.5,7.6
2025-04-15T08:10:00+00:00,2097.4,82.34,351.9,13.99,393.2,25.5,577.4,0.0654,0.86,338.5,158.5,8.0
2025-04-15T08:11:00+00:00,1732.9,80.87,359.2,13.74,360.1,26.4,554.1,0.0594,0.87,338.5,158.5,9.9
2025-04-15T08:12:00+00:00,1964.3,83.86,366.4,13.95,348.8,28.7,650.7,0.0620,0.92,338.5,158.5,8.0
2025-04-15T08:13:00+00:00,1852.2,83.16,337.4,14.13,389.2,29.2,579.1,0.0578,0.82,338.5,158.5,7.9
2025-04-15T08:14:00+00:00,2106.1,79.63,349.0,13.60,396.3,28.0,597.6,0.0597,0.82,338.5,158.5,9.6
2025-04-15T08:15:00+00:00,1982.7,78.74,338.3,13.83,364.7,27.8,585.7,0.0592,0.91,338.5,158.5,7.9
2025-04-15T08:16:00+00:00,2121.2,82.37,339.4,13.87,378.8,28.5,601.5,0.0591,0.82,338.5,158.5,8.0
2025-04-15T08:17:00+00:00,2113.1,82.33,339.8,13.94,378.7,29.5,643.5,0.0601,0.92,338.5,158.5,8.5
2025-04-15T08:18:00+00:00,1027.2,76.75,353.6,13.71,354.2,28.2,568.4,0.0566,0.90,338.5,158.5,9.3
2025-04-15T08:19:00+00:00,816.6,78.48,362.1,14.06,360.3,25.5,564.3,0.0557,0.81,338.5,158.5,8.9
2025-04-15T08:20:00+00:00,1095.8,81.05,348.0,13.88,365.3,26.8,554.2,0.0544,0.91,338.5,158.5,9.4
2025-04-15T08:21:00+00:00,842.0,79.67,353.2,13.71,320.8,25.2,572.0,0.0525,0.85,338.5,158.5,8.4
2025-04-15T08:22:00+00:00,1017.5,80.15,351.3,13.67,364.5,29.4,556.5,0.0607,0.91,338.5,158.5,9.3
2025-04-15T08:23:00+00:00,969.2,78.47,348.7,13.53,360.4,28.4,573.8,0.0528,0.81,338.5,158.5,8.8
2025-04-15T08:24:00+00:00,1075.6,80.02,361.2,13.97,354.4,27.8,557.6,0.0594,0.81,338.5,158.5,9.8
2025-04-15T08:25:00+00:00,988.5,79.53,356.2,13.72,328.5,25.4,572.6,0.0544,0.90,338.5,158.5,10.1
2025-04-15T08:26:00+00:00,1000.1,78.60,352.8,13.83,362.8,28.1,610.6,0.0578,0.83,338.5,158.5,9.8
2025-04-15T08:27:00+00:00,1013.1,78.08,376.3,14.06,332.7,26.7,557.3,0.0563,0.86,338.5,158.5,9.2
2025-04-15T08:28:00+00:00,1067.2,79.31,356.0,13.59,381.5,26.7,501.4,0.0543,0.92,338.5,158.5,8.7
2025-04-15T14:00:00+00:00,1017.3,79.78,367.1,13.85,329.4,30.4,525.7,0.0556,0.86,338.5,158.5,9.2
2025-04-15T14:01:00+00:00,903.9,80.14,343.6,14.09,347.9,28.5,555.3,0.0604,0.91,338.5,158.5,8.3
2025-04-15T14:02:00+00:00,948.6,79.01,358.8,13.83,318.1,28.3,530.1,0.0571,0.91,338.5,158.5,8.9
2025-04-15T14:03:00+00:00,980.4,81.08,353.7,13.90,351.1,28.9,528.2,0.0535,0.88,338.5,158.5,8.2
2025-04-15T14:04:00+00:00,983.9,81.44,356.1,13.97,353.8,26.0,591.8,0.0529,0.81,338.5,158.5,9.5
2025-04-15T14:05:00+00:00,985.2,78.52,354.8,14.06,347.8,29.2,599.6,0.0594,0.88,338.5,158.5,7.4
2025-04-15T14:06:00+00:00,1118.5,79.38,355.5,13.85,346.6,25.3,561.2,0.0559,0.88,338.5,158.5,8.4
2025-04-15T14:07:00+00:00,1025.7,77.51,364.3,13.83,382.1,30.0,560.3,0.0535,0.85,338.5,158.5,8.7
2025-04-15T14:08:00+00:00,896.9,79.30,359.0,13.96,350.1,29.5,528.0,0.0545,0.86,338.5,158.5,10.9
2025-04-15T14:09:00+00:00,1129.1,79.01,367.4,13.94,368.9,30.1,542.2,0.0544,0.87,338.5,158.5,8.7
2025-04-15T14:10:00+00:00,890.9,79.32,363.0,13.84,320.4,25.9,538.2,0.0547,0.77,338.5,158.5,9.9
2025-04-15T14:11:00+00:00,1003.5,79.81,364.4,13.71,317.7,30.3,524.8,0.0532,0.82,338.5,158.5,9.6
2025-04-15T14:12:00+00:00,937.2,77.49,341.7,13.68,361.0,28.1,579.6,0.0527,0.82,338.5,158.5,10.2
2025-04-15T14:13:00+00:00,2087.7,84.43,346.6,13.79,389.6,28.4,568.5,0.0594,0.88,338.5,158.5,8.4
2025-04-15T14:14:00+00:00,1950.6,79.75,343.6,13.94,356.6,28.1,595.3,0.0740,0.80,338.5,158.5,8.3
2025-04-15T14:15:00+00:00,2120.8,86.65,348.3,13.68,376.4,26.8,609.2,0.0591,0.83,338.5,158.5,10.8
2025-04-15T14:16:00+00:00,2193.5,82.68,343.4,13.77,400.8,25.6,615.8,0.0660,0.93,338.5,158.5,7.2
2025-04-15T14:17:00+00:00,2138.3,84.00,351.1,13.81,398.2,29.4,592.2,0.0600,0.89,338.5,158.5,9.3
2025-04-15T14:18:00+00:00,1985.7,82.32,355.5,13.84,353.7,28.4,618.6,0.0587,0.86,338.5,158.5,8.9
2025-04-15T14:19:00+00:00,1977.7,78.74,368.6,13.94,380.2,28.4,582.4,0.0589,0.85,338.5,158.5,7.6
2025-04-15T14:20:00+00:00,1953.3,82.10,349.3,13.73,376.3,29.4,543.5,0.0605,0.90,338.5,158.5,9.1
2025-04-15T14:21:00+00:00,1783.6,78.48,352.5,13.62,381.8,26.8,576.4,0.0579,0.79,338.5,158.5,8.5
2025-04-15T14:22:00+00:00,1949.8,83.59,349.7,13.72,399.3,27.3,552.6,0.0633,0.87,338.5,158.5,8.8
2025-04-15T14:23:00+00:00,2033.7,85.24,345.7,13.91,377.6,26.4,620.3,0.0594,0.84,338.5,158.5,9.9
2025-04-15T14:24:00+00:00,2108.9,80.40,351.4,13.71,366.3,27.1,642.2,0.0618,0.91,338.5,158.5,7.9
2025-04-15T14:25:00+00:00,1957.9,85.07,345.3,13.72,395.0,28.2,596.4,0.0596,0.96,338.5,158.5,8.8
2025-04-15T14:26:00+00:00,2098.9,82.07,357.9,13.91,371.7,27.2,609.8,0.0697,0.84,338.5,158.5,8.7
2025-04-15T14:27:00+00:00,2027.3,84.09,350.2,13.48,376.9,28.9,652.1,0.0628,0.86,338.5,158.5,9.7
2025-04-15T14:28:00+00:00,2032.3,81.37,348.1,13.96,374.6,27.3,619.7,0.0608,0.89,338.5,158.5,8.7
2025-04-15T14:29:00+00:00,1888.4,81.47,334.9,13.76,387.6,27.9,632.1,0.0579,0.81,338.5,158.5,8.6
2025-04-15T14:30:00+00:00,1948.9,82.14,356.5,13.79,376.5,26.8,574.1,0.0581,0.81,338.5,158.5,8.6
2025-04-15T14:31:00+00:00,1927.9,81.74,347.3,13.82,386.1,27.3,622.0,0.0658,0.82,338.5,158.5,8.4
2025-04-15T14:32:00+00:00,2048.5,82.56,340.2,13.87,376.4,26.0,588.6,0.0586,0.81,338.5,158.5,8.7
2025-04-15T14:33:00+00:00,2065.8,82.76,355.3,13.82,384.5,26.4,606.0,0.0725,0.92,338.5,158.5,9.3
2025-04-15T14:34:00+00:00,2122.6,83.05,351.4,13.80,380.5,29.9,617.8,0.0601,0.87,338.5,158.5,6.8
2025-04-15T14:35:00+00:00,2064.0,83.15,360.7,13.55,360.8,28.5,568.2,0.0620,0.92,338.5,158.5,8.7
2025-04-15T14:36:00+00:00,1946.5,78.68,359.9,13.92,387.4,29.6,612.4,0.0590,0.90,338.5,158.5,8.1
2025-04-15T14:37:00+00:00,1939.2,83.48,345.3,13.79,376.5,30.1,524.6,0.0583,0.83,338.5,158.5,8.9
2025-04-15T14:38:00+00:00,2195.9,81.55,345.5,13.83,398.3,28.0,598.2,0.0628,0.88,338.5,158.5,10.1
2025-04-15T14:39:00+00:00,2071.9,81.18,352.5,13.89,382.5,25.5,632.5,0.0596,0.89,338.5,158.5,8.4
2025-04-15T14:40:00+00:00,1967.2,80.73,336.3,13.71,399.0,27.7,542.6,0.0604,0.88,338.5,158.5,9.5
2025-04-15T14:41:00+00:00,1957.6,81.65,352.5,13.82,379.8,29.2,567.5,0.0598,0.97,338.5,158.5,9.2
2025-04-15T14:42:00+00:00,2211.4,81.58,351.8,13.71,407.3,29.0,570.7,0.0601,0.87,338.5,158.5,10.5
2025-04-15T14:43:00+00:00,2133.2,83.17,345.0,13.67,367.4,29.6,550.4,0.0587,0.78,338.5,158.5,7.1
2025-04-15T14:44:00+00:00,2097.2,80.25,346.8,13.93,404.4,26.1,653.4,0.0599,0.91,338.5,158.5,9.9
2025-04-15T14:45:00+00:00,1925.4,81.21,335.1,13.82,373.1,27.2,552.3,0.0606,0.86,338.5,158.5,9.3
2025-04-15T14:46:00+00:00,2104.2,83.38,361.8,13.94,365.1,28.0,589.5,0.0595,0.75,338.5,158.5,7.5
2025-04-15T14:47:00+00:00,2165.3,84.48,349.6,13.98,373.1,26.5,562.8,0.0597,0.79,338.5,158.5,7.0
2025-04-15T14:48:00+00:00,1950.2,81.40,351.7,13.92,369.7,28.8,605.3,0.0592,0.92,338.5,158.5,9.2
2025-04-15T14:49:00+00:00,1981.0,84.72,357.7,13.71,375.3,28.2,577.7,0.0584,0.83,338.5,158.5,9.5
2025-04-15T14:50:00+00:00,2099.2,81.31,345.8,13.93,372.1,24.7,620.7,0.0594,0.86,338.5,158.5,8.4
2025-04-15T14:51:00+00:00,2008.3,82.13,364.2,13.83,370.5,26.3,559.8,0.0591,0.89,338.5,158.5,9.3
2025-04-15T14:52:00+00:00,1961.4,80.18,340.4,13.65,394.6,28.7,561.8,0.0626,0.88,338.5,158.5,9.1
2025-04-15T14:53:00+00:00,1964.4,85.39,354.0,13.80,364.2,29.1,578.8,0.0590,0.91,338.5,158.5,10.1
2025-04-15T14:54:00+00:00,1937.5,82.82,350.4,13.86,371.8,26.8,594.6,0.0611,0.80,338.5,158.5,7.6
2025-04-15T14:55:00+00:00,1821.0,80.51,345.5,13.66,367.8,31.2,568.3,0.0611,0.86,338.5,158.5,8.0
2025-04-15T14:56:00+00:00,1849.1,82.69,355.9,13.65,383.7,27.2,618.6,0.0584,0.90,338.5,158.5,8.1
2025-04-15T14:57:00+00:00,1729.8,81.30,344.5,13.78,365.6,27.3,586.2,0.0591,0.95,338.5,158.5,7.5
2025-04-15T14:58:00+00:00,2013.6,80.41,344.8,13.62,377.5,27.0,598.7,0.0645,0.94,338.5,158.5,7.9
2025-04-15T14:59:00+00:00,2122.0,81.35,351.7,13.53,371.6,29.3,574.0,0.0589,0.80,338.5,158.5,10.2
2025-04-15T15:00:00+00:00,2052.3,82.27,355.9,13.73,390.4,26.0,572.4,0.0587,0.83,338.5,158.5,7.9
2025-04-15T15:01:00+00:00,1886.2,80.10,344.2,14.01,370.1,27.0,542.4,0.0583,0.87,338.5,158.5,8.0
2025-04-15T15:02:00+00:00,1952.2,82.49,357.8,13.84,381.7,29.7,634.9,0.0579,0.79,338.5,158.5,8.6
2025-04-15T15:03:00+00:00,1867.3,82.19,355.7,13.91,373.4,28.1,580.6,0.0613,0.85,338.5,158.5,9.2
2025-04-15T15:04:00+00:00,1919.4,83.75,345.0,13.76,362.0,27.2,582.6,0.0611,0.89,338.5,158.5,8.4
2025-04-15T15:05:00+00:00,1796.5,81.36,355.0,13.81,363.8,29.5,615.0,0.0598,0.89,338.5,158.5,10.4
2025-04-15T15:06:00+00:00,1758.1,81.61,350.1,13.72,357.7,26.0,573.4,0.0576,0.86,338.5,158.5,9.0
2025-04-15T15:07:00+00:00,1890.5,81.97,364.8,13.61,378.9,27.8,582.7,0.0587,0.91,338.5,158.5,8.8
2025-04-15T15:08:00+00:00,1961.0,83.05,341.9,13.98,407.3,29.4,593.4,0.0592,0.92,338.5,158.5,9.7
2025-04-15T15:09:00+00:00,2044.7,83.95,362.0,13.75,373.8,27.9,622.3,0.0592,0.88,338.5,158.5,9.7
2025-04-15T15:10:00+00:00,1845.8,83.62,348.0,13.64,396.3,31.9,591.9,0.0603,0.89,338.5,158.5,8.8
2025-04-15T15:11:00+00:00,1938.9,81.86,359.2,13.82,385.4,28.9,608.9,0.0589,0.91,338.5,158.5,11.2
2025-04-15T15:12:00+00:00,2511.3,83.54,341.6,13.44,417.9,29.5,650.3,0.0660,0.90,338.5,158.5,8.5
2025-04-15T15:13:00+00:00,2022.2,80.83,353.0,13.88,374.9,29.4,611.7,0.0624,0.82,338.5,158.5,8.4
2025-04-15T15:14:00+00:00,2101.3,84.78,369.8,13.93,400.0,27.4,611.3,0.0594,0.86,338.5,158.5,8.2
2025-04-15T15:15:00+00:00,2005.6,83.08,337.7,14.04,394.8,27.9,584.2,0.0711,0.85,338.5,158.5,9.0
2025-04-15T15:16:00+00:00,2133.0,81.24,332.1,14.06,399.4,27.2,566.4,0.0606,0.88,338.5,158.5,8.6
2025-04-15T15:17:00+00:00,1978.9,82.98,349.6,13.77,370.9,28.3,621.8,0.0644,0.82,338.5,158.5,7.5
2025-04-15T15:18:00+00:00,2405.9,83.27,352.1,13.35,403.7,29.4,568.0,0.0612,0.78,338.5,158.5,8.6
2025-04-15T15:19:00+00:00,2444.4,84.49,356.7,13.84,386.4,29.2,583.9,0.0615,0.89,338.5,158.5,8.3
2025-04-15T15:20:00+00:00,1757.3,78.69,349.9,13.82,378.3,28.9,620.5,0.0598,0.84,338.5,158.5,8.4
2025-04-15T15:21:00+00:00,1932.8,82.38,354.7,13.99,365.5,28.7,563.8,0.0595,0.84,338.5,158.5,10.0
2025-04-15T15:22:00+00:00,2208.9,82.95,337.2,13.86,397.1,27.2,627.8,0.0598,0.86,338.5,158.5,8.9
2025-04-15T15:23:00+00:00,1947.1,85.05,357.6,13.62,395.6,28.2,571.1,0.0587,0.87,338.5,158.5,8.6
2025-04-15T15:24:00+00:00,2013.7,81.22,359.0,13.64,376.0,27.5,615.2,0.0622,0.84,338.5,158.5,7.3
2025-04-15T15:25:00+00:00,1965.3,83.25,345.0,13.66,389.2,29.6,543.9,0.0624,0.85,338.5,158.5,8.7
2025-04-15T15:26:00+00:00,2170.2,82.53,352.7,13.52,397.4,29.9,599.6,0.0608,0.87,338.5,158.5,9.7
2025-04-15T15:27:00+00:00,2492.0,83.80,350.4,13.73,406.3,29.4,601.6,0.0610,0.82,338.5,158.5,9.9
2025-04-15T15:28:00+00:00,2416.5,83.02,350.0,13.80,417.6,28.4,574.9,0.0606,0.77,338.5,158.5,9.1
2025-04-15T15:29:00+00:00,2007.4,82.19,349.5,13.47,380.4,28.0,546.9,0.0589,0.86,338.5,158.5,7.6
2025-04-15T15:30:00+00:00,2053.6,81.95,344.5,14.06,387.0,28.2,590.0,0.0596,0.92,338.5,158.5,8.0
2025-04-15T15:31:00+00:00,2415.9,85.19,357.2,13.84,389.9,32.9,638.3,0.0612,0.87,338.5,158.5,10.4
2025-04-15T15:32:00+00:00,1944.1,81.26,338.1,13.82,382.8,27.8,625.5,0.0588,0.88,338.5,158.5,8.2
2025-04-15T15:33:00+00:00,2383.2,84.15,348.8,13.70,407.6,28.8,618.5,0.0660,0.91,338.5,158.5,8.0
2025-04-15T15:34:00+00:00,2115.8,82.14,367.2,13.71,374.7,28.8,611.0,0.0613,0.96,338.5,158.5,8.3
2025-04-15T15:35:00+00:00,2000.0,82.07,343.6,13.72,391.0,27.7,664.1,0.0584,0.83,338.5,158.5,8.4
2025-04-15T15:36:00+00:00,1888.6,80.90,338.1,13.78,388.3,27.3,631.9,0.0614,0.90,338.5,158.5,9.0
2025-04-15T15:37:00+00:00,2206.2,84.76,341.7,13.74,397.5,28.6,598.3,0.0685,0.81,338.5,158.5,8.5
2025-04-15T15:38:00+00:00,1919.7,81.15,354.0,13.34,412.0,27.8,618.3,0.0602,0.82,338.5,158.5,8.3
2025-04-15T15:39:00+00:00,2027.5,78.44,333.7,13.76,382.0,28.5,633.7,0.0609,0.93,338.5,158.5,8.3
2025-04-15T15:40:00+00:00,2319.5,81.36,359.4,13.72,386.1,27.4,575.8,0.0614,0.95,338.5,158.5,8.7
2025-04-15T15:41:00+00:00,2067.0,80.46,341.2,14.01,360.3,27.4,628.3,0.0619,0.80,338.5,158.5,9.1
2025-04-15T15:42:00+00:00,2073.1,84.34,328.6,13.91,362.8,26.2,581.4,0.0589,0.83,338.5,158.5,7.7
2025-04-15T15:43:00+00:00,1894.3,83.11,342.5,13.72,358.8,32.5,616.1,0.0603,0.76,338.5,158.5,9.3
2025-04-15T15:44:00+00:00,2073.2,82.59,347.7,13.63,386.6,26.3,654.3,0.0651,0.82,338.5,158.5,7.2
2025-04-15T15:45:00+00:00,2051.0,82.25,350.3,13.60,404.6,28.9,600.4,0.0590,0.85,338.5,158.5,8.7
2025-04-15T15:46:00+00:00,1995.4,83.83,333.6,13.79,385.3,27.7,612.7,0.0646,0.90,338.5,158.5,9.2
2025-04-15T15:47:00+00:00,1920.5,84.83,324.5,13.71,377.5,28.2,601.9,0.0646,0.87,338.5,158.5,10.5
2025-04-15T15:48:00+00:00,2011.6,80.34,351.5,13.75,376.7,28.2,616.4,0.0651,0.83,338.5,158.5,8.9
2025-04-15T15:49:00+00:00,1875.0,79.27,353.5,13.75,368.2,28.6,606.2,0.0582,0.87,338.5,158.5,8.9
2025-04-15T15:50:00+00:00,1998.5,82.37,345.1,13.59,380.4,24.6,626.7,0.0591,0.88,338.5,158.5,8.2
2025-04-15T15:51:00+00:00,1904.0,83.40,356.2,13.69,354.5,29.7,596.9,0.0610,0.85,338.5,158.5,6.8
2025-04-15T15:52:00+00:00,2122.1,81.61,347.8,13.72,387.3,25.6,592.2,0.0598,0.85,338.5,158.5,9.0
2025-04-15T15:53:00+00:00,2027.5,82.72,350.8,13.73,379.3,27.1,605.3,0.0613,0.83,338.5,158.5,8.7
2025-04-15T15:54:00+00:00,1941.3,82.22,353.8,13.61,360.3,31.1,607.6,0.0590,0.90,338.5,158.5,9.4
2025-04-15T15:55:00+00:00,1903.0,79.76,352.4,13.65,389.5,28.6,614.4,0.0596,0.92,338.5,158.5,8.7
2025-04-15T15:56:00+00:00,1867.5,82.89,342.7,13.82,395.1,29.6,575.5,0.0573,0.78,338.5,158.5,8.3
2025-04-15T15:57:00+00:00,1801.8,82.19,359.3,13.68,391.4,29.2,540.1,0.0674,0.88,338.5,158.5,8.6
2025-04-15T15:58:00+00:00,1995.9,82.12,356.6,13.86,368.0,26.8,622.5,0.0611,0.76,338.5,158.5,7.3
2025-04-15T15:59:00+00:00,2003.7,85.59,358.5,13.83,381.7,30.0,599.8,0.0617,0.81,338.5,158.5,8.4
2025-04-15T16:00:00+00:00,2090.1,80.70,353.7,13.66,386.3,28.8,545.9,0.0591,0.82,338.5,158.5,6.4
2025-04-15T16:01:00+00:00,2113.1,82.56,349.7,13.59,383.7,30.3,615.2,0.0678,0.81,338.5,158.5,7.9
2025-04-15T16:02:00+00:00,1993.9,83.19,347.1,13.75,405.4,28.8,651.2,0.0669,0.87,338.5,158.5,9.4
2025-04-15T16:03:00+00:00,1829.2,82.20,357.9,13.79,393.1,25.5,618.6,0.0636,0.91,338.5,158.5,9.4
2025-04-15T16:04:00+00:00,1936.3,82.47,336.4,13.87,379.1,30.4,604.6,0.0589,0.92,338.5,158.5,10.1
2025-04-15T16:05:00+00:00,2138.6,82.28,361.8,13.83,391.9,30.3,568.1,0.0589,0.79,338.5,158.5,11.7
2025-04-15T16:06:00+00:00,1921.2,81.40,370.6,13.58,380.6,27.5,591.0,0.0696,0.87,338.5,158.5,8.0
2025-04-15T16:07:00+00:00,2003.4,82.01,354.0,13.59,400.5,28.9,606.4,0.0634,0.88,338.5,158.5,7.6
2025-04-15T16:08:00+00:00,2029.1,84.38,353.0,13.81,385.3,28.2,649.6,0.0585,0.81,338.5,158.5,8.6
2025-04-15T16:09:00+00:00,1905.3,81.43,349.0,13.75,381.2,30.6,613.8,0.0586,0.88,338.5,158.5,10.4
2025-04-15T16:10:00+00:00,2053.3,82.06,350.3,13.96,396.5,28.3,581.5,0.0595,0.88,338.5,158.5,7.3
2025-04-15T16:11:00+00:00,2092.8,82.77,340.9,13.95,383.5,24.3,626.3,0.0634,0.81,338.5,158.5,9.1
2025-04-15T16:12:00+00:00,2029.0,81.53,362.2,13.56,391.7,28.7,643.9,0.0597,0.94,338.5,158.5,7.7
2025-04-15T16:13:00+00:00,1919.9,79.85,338.4,14.19,361.7,29.4,570.4,0.0690,0.95,338.5,158.5,7.8
2025-04-15T16:14:00+00:00,1872.7,83.09,343.1,13.73,382.5,25.5,650.1,0.0586,0.90,338.5,158.5,8.5
2025-04-15T16:15:00+00:00,1812.2,81.34,340.4,13.98,388.2,29.2,594.1,0.0570,0.79,338.5,158.5,10.4
2025-04-15T16:16:00+00:00,2043.3,80.14,355.6,13.57,393.6,26.2,657.1,0.0592,0.89,338.5,158.5,9.5
2025-04-15T16:17:00+00:00,2094.5,81.43,331.1,14.03,394.7,27.4,603.9,0.0599,0.90,338.5,158.5,7.8
2025-04-15T16:18:00+00:00,2138.5,83.36,339.6,13.71,402.9,26.8,587.7,0.0658,0.89,338.5,158.5,8.2
2025-04-15T16:19:00+00:00,2211.8,84.10,331.6,13.86,381.6,28.6,635.7,0.0621,0.86,338.5,158.5,8.5
2025-04-15T16:20:00+00:00,1989.6,82.30,338.2,13.82,376.2,28.8,628.5,0.0617,0.75,338.5,158.5,7.8
2025-04-15T16:21:00+00:00,1871.4,82.08,361.8,13.58,370.7,28.5,592.7,0.0608,0.83,338.5,158.5,9.3
2025-04-15T16:22:00+00:00,1886.2,80.92,340.4,13.80,387.0,27.7,607.5,0.0593,0.97,338.5,158.5,8.6
2025-04-15T16:23:00+00:00,1947.9,82.70,363.6,13.86,380.4,28.5,599.4,0.0575,0.75,338.5,158.5,10.3
2025-04-15T16:24:00+00:00,1004.7,76.36,346.9,14.02,328.5,29.6,608.6,0.0533,0.85,338.5,158.5,7.2
2025-04-15T16:25:00+00:00,837.0,79.34,363.9,14.08,331.7,27.2,584.5,0.0533,0.93,338.5,158.5,9.8
2025-04-15T16:26:00+00:00,999.0,78.71,359.9,13.50,360.0,28.5,602.2,0.0534,0.86,338.5,158.5,8.4
2025-04-15T16:27:00+00:00,844.7,79.78,352.6,13.79,343.4,29.5,610.9,0.0559,0.90,338.5,158.5,9.3
2025-04-15T16:28:00+00:00,1001.4,81.46,368.3,13.87,330.3,28.1,584.8,0.0543,0.94,338.5,158.5,7.6
2025-04-15T16:29:00+00:00,1004.1,80.25,357.6,13.65,375.1,27.6,545.4,0.0529,0.80,338.5,158.5,9.2
2025-04-15T16:30:00+00:00,894.1,79.49,349.2,13.75,341.8,29.3,538.5,0.0525,0.81,338.5,158.5,10.5
2025-04-15T16:31:00+00:00,839.2,75.98,363.0,13.62,337.8,27.4,570.2,0.0612,0.98,338.5,158.5,8.3
2025-04-15T16:32:00+00:00,919.9,77.81,360.2,13.94,355.9,28.0,576.6,0.0534,0.89,338.5,158.5,8.8
2025-04-15T16:33:00+00:00,948.7,78.38,344.5,14.05,337.5,28.5,559.2,0.0530,0.84,338.5,158.5,9.1
2025-04-15T16:34:00+00:00,944.2,81.67,356.1,13.90,351.8,28.3,548.4,0.0527,0.80,338.5,158.5,7.9
2025-04-15T16:35:00+00:00,893.2,76.24,356.2,13.63,351.2,29.1,510.5,0.0524,0.81,338.5,158.5,6.6
2025-04-16T06:00:00+00:00,931.7,78.15,351.5,13.73,345.2,27.9,544.9,0.0574,1.30,277.4,7.4,18.6
2025-04-16T06:01:00+00:00,1063.2,78.92,357.2,13.80,336.7,27.4,517.4,0.0720,1.28,277.4,7.4,19.0
2025-04-16T06:02:00+00:00,826.8,80.54,363.2,13.75,346.7,28.6,510.4,0.0614,1.25,277.4,7.4,16.7
2025-04-16T06:03:00+00:00,1005.3,78.56,378.3,13.60,338.9,28.3,575.7,0.0652,1.31,277.4,7.4,17.6
2025-04-16T06:04:00+00:00,943.4,77.41,361.2,13.88,351.9,28.1,564.7,0.0599,1.44,277.4,7.4,18.6
2025-04-16T06:05:00+00:00,1210.9,80.72,342.9,13.79,348.4,28.5,522.7,0.0594,1.32,277.4,7.4,15.9
2025-04-16T06:06:00+00:00,941.3,77.03,361.6,13.90,349.8,28.5,586.8,0.0651,1.35,277.4,7.4,17.6
2025-04-16T06:07:00+00:00,882.9,77.31,366.5,13.69,356.0,25.7,540.9,0.0652,1.28,277.4,7.4,17.7
2025-04-16T06:08:00+00:00,837.9,80.20,341.5,13.54,336.1,28.9,575.3,0.0575,1.35,277.4,7.4,18.4
2025-04-16T06:09:00+00:00,1061.8,77.76,358.6,13.75,364.1,30.0,580.0,0.0585,1.34,277.4,7.4,18.9
2025-04-16T06:10:00+00:00,1025.3,80.32,354.0,13.77,342.7,28.4,618.9,0.0581,1.33,277.4,7.4,16.8
2025-04-16T06:11:00+00:00,1905.2,82.82,342.1,14.08,377.2,29.4,568.6,0.0632,1.27,277.4,7.4,17.8
2025-04-16T06:12:00+00:00,2070.0,83.12,352.4,13.96,363.0,25.8,586.4,0.0716,1.29,277.4,7.4,17.2
2025-04-16T06:13:00+00:00,1863.5,80.79,347.1,14.28,383.6,29.3,567.8,0.0668,1.28,277.4,7.4,17.1
2025-04-16T06:14:00+00:00,2160.1,82.65,343.0,13.57,391.2,27.2,603.8,0.0642,1.32,277.4,7.4,17.1
2025-04-16T06:15:00+00:00,1988.0,81.43,346.9,13.87,396.7,30.2,604.0,0.0715,1.34,277.4,7.4,16.1
2025-04-16T06:16:00+00:00,2160.4,85.33,363.1,13.89,408.9,29.4,667.7,0.0709,1.32,277.4,7.4,18.2
2025-04-16T06:17:00+00:00,1972.1,80.16,345.0,13.91,382.8,28.4,605.9,0.0638,1.34,277.4,7.4,19.4
2025-04-16T06:18:00+00:00,1875.6,83.58,363.0,13.75,392.6,29.2,600.2,0.0638,1.44,277.4,7.4,17.1
2025-04-16T06:19:00+00:00,1961.5,85.16,344.6,13.98,377.1,26.1,605.3,0.0715,1.38,277.4,7.4,18.8
2025-04-16T06:20:00+00:00,1995.4,83.00,352.6,13.83,361.2,28.2,606.0,0.0696,1.42,277.4,7.4,18.7
2025-04-16T06:21:00+00:00,2059.1,80.94,342.9,13.88,393.9,28.5,649.9,0.0646,1.41,277.4,7.4,17.4
2025-04-16T06:22:00+00:00,2163.1,80.37,349.9,13.91,371.5,27.9,575.2,0.0640,1.30,277.4,7.4,18.7
2025-04-16T06:23:00+00:00,2096.9,82.50,345.5,13.79,378.2,28.7,626.1,0.0641,1.34,277.4,7.4,17.4
2025-04-16T06:24:00+00:00,1871.5,84.48,354.3,13.76,410.5,28.0,540.2,0.0665,1.28,277.4,7.4,18.2
2025-04-16T06:25:00+00:00,2019.6,81.58,344.9,13.70,376.5,28.4,592.0,0.0643,1.38,277.4,7.4,18.1
2025-04-16T06:26:00+00:00,2107.3,82.74,339.4,13.95,389.4,30.1,651.0,0.0670,1.40,277.4,7.4,17.1
2025-04-16T06:27:00+00:00,1931.9,79.79,351.2,13.68,379.0,30.2,581.2,0.0634,1.35,277.4,7.4,18.0
2025-04-16T06:28:00+00:00,2073.9,84.57,343.2,13.73,388.6,28.8,582.5,0.0648,1.38,277.4,7.4,18.1
2025-04-16T06:29:00+00:00,1931.3,82.10,367.8,13.92,396.0,27.6,613.9,0.0629,1.31,277.4,7.4,17.4
2025-04-16T06:30:00+00:00,2180.7,86.58,341.0,13.65,380.0,29.4,603.1,0.0748,1.30,277.4,7.4,17.1
2025-04-16T06:31:00+00:00,2244.4,84.78,349.6,13.90,398.1,28.3,668.1,0.0648,1.34,277.4,7.4,18.5
2025-04-16T06:32:00+00:00,2092.3,84.43,349.9,13.65,397.2,27.2,521.6,0.0645,1.29,277.4,7.4,16.7
2025-04-16T06:33:00+00:00,2244.6,83.06,349.8,14.02,387.6,28.6,615.9,0.0651,1.36,277.4,7.4,19.0
2025-04-16T06:34:00+00:00,1951.0,82.04,343.2,13.81,402.2,29.7,574.2,0.0632,1.30,277.4,7.4,17.1
2025-04-16T06:35:00+00:00,2017.0,79.97,358.7,13.90,378.5,28.3,582.5,0.0634,1.31,277.4,7.4,18.5
2025-04-16T06:36:00+00:00,2056.1,84.18,355.6,13.89,369.7,27.1,614.3,0.0640,1.33,277.4,7.4,17.3
2025-04-16T06:37:00+00:00,1962.5,82.07,333.0,13.88,407.7,30.0,634.6,0.0634,1.35,277.4,7.4,18.4
2025-04-16T06:38:00+00:00,2150.8,81.02,349.5,13.85,392.1,29.0,606.0,0.0643,1.32,277.4,7.4,18.6
2025-04-16T06:39:00+00:00,2101.8,79.65,359.0,13.64,414.2,28.7,670.7,0.0635,1.28,277.4,7.4,16.7
2025-04-16T06:40:00+00:00,1962.1,81.44,353.9,13.96,388.8,27.9,568.1,0.0623,1.25,277.4,7.4,17.4
2025-04-16T06:41:00+00:00,2207.9,82.88,368.8,13.53,384.2,25.6,642.6,0.0655,1.42,277.4,7.4,17.8
2025-04-16T06:42:00+00:00,1863.9,81.84,368.3,13.91,385.6,25.7,583.5,0.0642,1.47,277.4,7.4,17.4
2025-04-16T06:43:00+00:00,2031.4,84.22,351.6,13.72,369.5,26.9,632.8,0.0637,1.32,277.4,7.4,18.3
2025-04-16T06:44:00+00:00,2100.9,82.88,345.9,13.86,393.9,30.2,654.5,0.0681,1.32,277.4,7.4,16.6
2025-04-16T06:45:00+00:00,2010.9,82.63,347.7,13.55,398.9,26.7,608.4,0.0670,1.33,277.4,7.4,19.1
2025-04-16T06:46:00+00:00,2140.6,83.72,331.3,13.94,398.7,27.5,596.4,0.0656,1.40,277.4,7.4,16.0
2025-04-16T06:47:00+00:00,2011.7,82.58,359.5,13.71,381.8,27.7,551.5,0.0640,1.38,277.4,7.4,16.4
2025-04-16T06:48:00+00:00,1850.2,83.99,357.9,13.82,362.5,26.8,627.0,0.0617,1.24,277.4,7.4,16.3
2025-04-16T06:49:00+00:00,1962.2,82.61,353.7,13.81,380.8,28.5,639.4,0.0700,1.43,277.4,7.4,19.5
2025-04-16T06:50:00+00:00,2023.4,82.89,352.7,13.91,392.2,27.6,656.7,0.0673,1.27,277.4,7.4,18.1
2025-04-16T06:51:00+00:00,1913.3,80.51,342.3,13.94,370.0,26.1,634.6,0.0624,1.23,277.4,7.4,17.7
2025-04-16T06:52:00+00:00,1902.1,79.78,351.8,13.72,380.4,28.1,610.2,0.0635,1.38,277.4,7.4,17.5
2025-04-16T06:53:00+00:00,2009.9,82.65,354.8,13.74,384.9,28.1,593.5,0.0699,1.38,277.4,7.4,17.3
2025-04-16T06:54:00+00:00,1918.5,80.98,358.0,13.94,372.1,28.4,590.2,0.0633,1.36,277.4,7.4,18.1
2025-04-16T06:55:00+00:00,2406.9,84.28,351.7,13.54,399.3,29.1,616.3,0.0704,1.35,277.4,7.4,17.6
2025-04-16T06:56:00+00:00,2473.4,83.11,353.8,13.67,413.2,33.3,601.7,0.0677,1.42,277.4,7.4,19.4
2025-04-16T06:57:00+00:00,2380.3,83.18,341.4,13.62,375.1,29.2,607.9,0.0658,1.37,277.4,7.4,18.1
2025-04-16T06:58:00+00:00,1909.4,84.82,347.4,13.71,384.4,30.9,542.3,0.0672,1.33,277.4,7.4,17.5
2025-04-16T06:59:00+00:00,2196.1,81.57,351.0,13.89,371.3,28.2,602.5,0.0640,1.28,277.4,7.4,16.0
2025-04-16T07:00:00+00:00,1834.1,85.19,341.8,13.88,386.7,28.5,538.9,0.0648,1.39,277.4,7.4,17.7
2025-04-16T07:01:00+00:00,2467.4,85.53,340.6,13.65,411.1,28.3,607.2,0.0661,1.31,277.4,7.4,19.5
2025-04-16T07:02:00+00:00,1814.5,80.42,343.3,13.83,390.0,28.6,620.9,0.0659,1.36,277.4,7.4,16.7
2025-04-16T07:03:00+00:00,2024.7,80.33,354.5,13.70,386.4,29.0,553.3,0.0647,1.28,277.4,7.4,17.1
2025-04-16T07:04:00+00:00,2231.6,82.75,348.8,13.71,384.4,26.5,577.4,0.0664,1.38,277.4,7.4,18.3
2025-04-16T07:05:00+00:00,2142.0,81.99,341.8,14.00,387.2,27.4,637.6,0.0657,1.35,277.4,7.4,18.5
2025-04-16T07:06:00+00:00,2133.6,84.05,351.8,13.86,371.1,25.9,633.5,0.0649,1.30,277.4,7.4,16.8
2025-04-16T07:07:00+00:00,1913.4,83.31,351.5,13.57,369.9,29.7,629.8,0.0619,1.21,277.4,7.4,17.0
2025-04-16T07:08:00+00:00,2036.5,82.30,345.7,13.91,387.0,28.6,593.6,0.0646,1.24,277.4,7.4,18.0
2025-04-16T07:09:00+00:00,2025.4,80.56,352.8,13.67,394.4,28.8,598.4,0.0633,1.30,277.4,7.4,17.7
2025-04-16T07:10:00+00:00,1859.1,79.12,358.2,13.67,383.9,28.3,614.0,0.0627,1.33,277.4,7.4,18.4
2025-04-16T07:11:00+00:00,2429.6,84.77,352.5,13.98,394.5,29.5,582.5,0.0680,1.36,277.4,7.4,17.6
2025-04-16T07:12:00+00:00,1965.2,85.39,349.6,13.71,401.4,30.1,612.2,0.0665,1.26,277.4,7.4,18.0
2025-04-16T07:13:00+00:00,2300.2,83.78,347.3,13.80,375.4,30.0,630.7,0.0648,1.30,277.4,7.4,18.8
2025-04-16T07:14:00+00:00,2450.4,84.61,339.7,13.48,383.5,26.4,591.9,0.0723,1.38,277.4,7.4,16.7
2025-04-16T07:15:00+00:00,2176.9,82.80,348.1,13.84,419.8,29.4,593.3,0.0763,1.29,277.4,7.4,19.4
2025-04-16T07:16:00+00:00,2068.0,79.93,343.0,13.84,379.3,28.6,679.3,0.0708,1.34,277.4,7.4,16.2
2025-04-16T07:17:00+00:00,1950.1,81.24,349.8,13.64,363.8,27.9,543.0,0.0640,1.39,277.4,7.4,18.5
2025-04-16T07:18:00+00:00,1837.7,83.27,359.8,13.69,372.3,30.7,576.9,0.0627,1.31,277.4,7.4,17.9
2025-04-16T07:19:00+00:00,2033.8,82.08,349.8,13.62,390.0,26.5,603.8,0.0631,1.26,277.4,7.4,18.0
2025-04-16T07:20:00+00:00,1929.4,80.96,342.4,13.75,382.5,30.0,616.0,0.0677,1.33,277.4,7.4,17.3
2025-04-16T07:21:00+00:00,2037.8,81.38,348.3,13.85,393.5,27.1,563.7,0.0654,1.39,277.4,7.4,17.6
2025-04-16T07:22:00+00:00,1838.9,80.29,350.4,13.91,389.1,28.8,552.1,0.0632,1.39,277.4,7.4,18.6
2025-04-16T07:23:00+00:00,1989.7,83.18,343.8,13.81,384.4,28.6,583.5,0.0631,1.30,277.4,7.4,17.8
2025-04-16T07:24:00+00:00,1807.0,84.99,358.8,13.80,359.4,30.1,525.0,0.0630,1.28,277.4,7.4,16.9
2025-04-16T07:25:00+00:00,1852.3,84.10,360.1,13.72,370.2,26.5,573.8,0.0633,1.38,277.4,7.4,20.1
2025-04-16T07:26:00+00:00,2071.9,85.70,349.0,13.93,381.9,27.1,637.3,0.0633,1.27,277.4,7.4,15.8
2025-04-16T07:27:00+00:00,1856.7,81.88,362.4,13.78,368.1,29.3,593.9,0.0737,1.19,277.4,7.4,19.0
2025-04-16T07:28:00+00:00,1960.2,81.01,375.6,13.78,367.0,30.1,622.2,0.0658,1.34,277.4,7.4,16.5
2025-04-16T07:29:00+00:00,1934.9,78.47,350.6,13.92,393.1,27.3,581.0,0.0623,1.25,277.4,7.4,16.3
2025-04-16T07:30:00+00:00,1973.6,83.13,344.7,13.86,390.4,26.2,647.6,0.0685,1.32,277.4,7.4,20.7
2025-04-16T07:31:00+00:00,2084.6,80.86,360.5,13.76,376.2,29.7,605.3,0.0651,1.30,277.4,7.4,18.7
2025-04-16T07:32:00+00:00,2016.2,84.21,326.2,13.92,373.4,26.2,585.5,0.0645,1.35,277.4,7.4,18.6
2025-04-16T07:33:00+00:00,2024.6,81.37,357.4,13.88,378.2,28.3,630.9,0.0638,1.34,277.4,7.4,16.3
2025-04-16T07:34:00+00:00,2130.6,82.44,356.4,13.92,385.3,29.5,619.5,0.0647,1.40,277.4,7.4,18.2
2025-04-16T07:35:00+00:00,1971.0,82.51,359.0,13.65,372.8,26.6,618.0,0.0643,1.43,277.4,7.4,19.8
2025-04-16T07:36:00+00:00,2169.0,83.51,361.7,13.97,400.0,28.7,647.2,0.0642,1.30,277.4,7.4,17.2
2025-04-16T07:37:00+00:00,1835.1,80.48,361.7,13.72,394.7,25.4,576.1,0.0622,1.28,277.4,7.4,16.9
2025-04-16T07:38:00+00:00,2013.5,80.19,343.1,13.59,378.0,28.0,583.1,0.0640,1.38,277.4,7.4,18.2
2025-04-16T07:39:00+00:00,1849.1,81.61,362.3,13.98,369.9,28.2,623.3,0.0662,1.36,277.4,7.4,15.5
2025-04-16T07:40:00+00:00,1962.9,84.29,355.3,13.84,396.5,32.4,578.6,0.0669,1.35,277.4,7.4,16.4
2025-04-16T07:41:00+00:00,2107.0,82.57,350.8,13.69,382.9,28.5,611.3,0.0701,1.32,277.4,7.4,17.3
2025-04-16T07:42:00+00:00,1919.0,82.07,356.0,13.97,385.9,28.8,554.2,0.0637,1.38,277.4,7.4,17.5
2025-04-16T07:43:00+00:00,2058.9,81.28,349.5,13.82,365.9,28.5,585.3,0.0640,1.35,277.4,7.4,17.4
2025-04-16T07:44:00+00:00,1979.0,83.10,346.7,14.01,385.0,27.0,560.3,0.0631,1.30,277.4,7.4,16.6
2025-04-16T07:45:00+00:00,1968.8,79.30,341.3,13.73,364.7,28.5,629.1,0.0670,1.35,277.4,7.4,18.7
2025-04-16T07:46:00+00:00,2078.2,83.88,348.1,13.82,392.2,28.1,585.0,0.0642,1.29,277.4,7.4,17.6
2025-04-16T07:47:00+00:00,2270.9,82.24,372.0,13.68,395.3,27.3,581.2,0.0647,1.30,277.4,7.4,18.4
2025-04-16T07:48:00+00:00,2088.3,83.76,339.8,13.55,376.5,26.5,565.9,0.0645,1.39,277.4,7.4,19.3
2025-04-16T07:49:00+00:00,1859.6,81.01,347.5,13.81,377.2,28.9,613.2,0.0629,1.37,277.4,7.4,17.6
2025-04-16T07:50:00+00:00,1927.9,80.63,337.2,13.75,400.0,27.5,545.5,0.0691,1.33,277.4,7.4,17.7
2025-04-16T07:51:00+00:00,2063.2,81.87,341.1,13.49,398.2,26.6,587.3,0.0654,1.46,277.4,7.4,18.0
2025-04-16T07:52:00+00:00,2052.1,80.86,329.3,13.68,369.0,28.9,592.8,0.0647,1.42,277.4,7.4,19.0
2025-04-16T07:53:00+00:00,1844.4,83.45,353.7,13.74,373.8,26.0,619.0,0.0735,1.42,277.4,7.4,17.7
2025-04-16T07:54:00+00:00,2265.5,82.58,356.8,13.85,403.9,28.0,633.4,0.0667,1.31,277.4,7.4,18.6
2025-04-16T07:55:00+00:00,2057.8,82.78,351.7,13.65,368.7,28.5,562.2,0.0638,1.34,277.4,7.4,15.9
2025-04-16T07:56:00+00:00,2127.6,83.56,365.6,13.78,374.5,29.3,608.5,0.0678,1.45,277.4,7.4,17.5
2025-04-16T07:57:00+00:00,1922.6,81.48,342.2,13.99,399.9,29.3,617.5,0.0627,1.28,277.4,7.4,19.5
2025-04-16T07:58:00+00:00,891.9,78.36,357.9,13.96,331.5,30.1,524.8,0.0578,1.29,277.4,7.4,17.8
2025-04-16T07:59:00+00:00,1064.7,78.43,355.4,13.78,354.5,27.5,565.1,0.0581,1.29,277.4,7.4,17.2
2025-04-16T08:00:00+00:00,1032.2,78.59,352.6,13.75,347.9,26.6,545.2,0.0573,1.23,277.4,7.4,18.4
2025-04-16T08:01:00+00:00,1027.6,78.46,373.8,13.62,357.9,26.5,529.2,0.0612,1.33,277.4,7.4,17.9
2025-04-16T08:02:00+00:00,1025.7,78.92,358.3,13.41,358.1,28.4,552.7,0.0590,1.40,277.4,7.4,18.5
2025-04-16T08:03:00+00:00,1025.2,79.80,358.4,13.95,338.6,27.4,560.7,0.0589,1.38,277.4,7.4,18.3
2025-04-16T08:04:00+00:00,957.7,78.86,352.4,13.69,355.4,26.8,614.6,0.0618,1.35,277.4,7.4,18.4
2025-04-16T08:05:00+00:00,988.1,78.25,345.9,13.54,342.3,30.5,540.1,0.0583,1.34,277.4,7.4,19.2
2025-04-16T08:06:00+00:00,894.5,79.28,359.5,13.60,330.4,28.5,616.2,0.0582,1.40,277.4,7.4,18.9
2025-04-16T08:07:00+00:00,1015.7,79.95,351.7,13.98,373.0,29.0,548.7,0.0587,1.37,277.4,7.4,17.5
2025-04-16T14:00:00+00:00,913.8,78.78,356.1,13.83,327.2,28.6,571.7,0.0577,1.34,277.4,7.4,18.4
2025-04-16T14:01:00+00:00,958.1,78.19,352.3,13.92,343.4,26.8,494.1,0.0599,1.24,277.4,7.4,17.5
2025-04-16T14:02:00+00:00,1062.0,78.55,360.9,13.73,358.2,24.9,572.0,0.0639,1.34,277.4,7.4,16.2
2025-04-16T14:03:00+00:00,925.0,79.30,352.6,13.97,359.2,29.4,571.2,0.0591,1.36,277.4,7.4,19.2
2025-04-16T14:04:00+00:00,960.8,80.05,360.3,13.94,334.2,28.8,599.7,0.0575,1.28,277.4,7.4,18.6
2025-04-16T14:05:00+00:00,1022.2,78.86,354.7,13.44,346.5,28.4,614.9,0.0587,1.36,277.4,7.4,18.3
2025-04-16T14:06:00+00:00,1066.9,77.66,352.3,13.47,355.4,25.9,554.4,0.0611,1.36,277.4,7.4,19.0
2025-04-16T14:07:00+00:00,972.0,78.62,341.2,13.95,339.8,29.0,522.4,0.0584,1.37,277.4,7.4,17.9
2025-04-16T14:08:00+00:00,989.8,79.25,370.6,13.62,341.5,28.8,529.6,0.0582,1.33,277.4,7.4,18.1
2025-04-16T14:09:00+00:00,1136.8,77.85,349.9,13.99,340.7,30.3,497.5,0.0606,1.28,277.4,7.4,17.8
2025-04-16T14:10:00+00:00,887.8,80.80,348.9,13.73,341.6,29.7,519.0,0.0574,1.32,277.4,7.4,18.7
2025-04-16T14:11:00+00:00,2176.9,84.50,359.6,14.06,379.1,27.3,601.7,0.0651,1.38,277.4,7.4,17.3
2025-04-16T14:12:00+00:00,2068.6,80.27,357.9,13.72,382.2,29.9,582.4,0.0637,1.28,277.4,7.4,17.1
2025-04-16T14:13:00+00:00,2125.2,82.53,351.0,13.92,399.6,30.4,646.7,0.0640,1.30,277.4,7.4,17.2
2025-04-16T14:14:00+00:00,1840.2,79.54,350.6,13.82,380.0,29.2,612.3,0.0627,1.32,277.4,7.4,17.3
2025-04-16T14:15:00+00:00,1881.8,81.04,355.7,13.92,387.1,26.9,634.6,0.0632,1.35,277.4,7.4,17.1
2025-04-16T14:16:00+00:00,1973.5,82.88,343.6,13.54,371.2,29.6,537.3,0.0636,1.34,277.4,7.4,17.8
2025-04-16T14:17:00+00:00,2129.9,80.04,346.3,13.85,393.6,27.9,618.3,0.0638,1.28,277.4,7.4,18.3
2025-04-16T14:18:00+00:00,2046.1,84.34,335.6,13.73,386.0,29.1,618.4,0.0639,1.35,277.4,7.4,18.6
2025-04-16T14:19:00+00:00,2074.3,82.13,360.9,13.67,385.2,27.1,614.9,0.0660,1.31,277.4,7.4,18.0
2025-04-16T14:20:00+00:00,2247.6,81.94,353.5,13.90,388.2,29.7,638.1,0.0649,1.32,277.4,7.4,17.8
2025-04-16T14:21:00+00:00,2134.8,81.23,346.2,13.83,374.5,29.7,608.7,0.0639,1.32,277.4,7.4,18.6
2025-04-16T14:22:00+00:00,1949.4,84.12,347.5,13.64,373.8,27.6,611.1,0.0665,1.23,277.4,7.4,18.4
2025-04-16T14:23:00+00:00,1966.6,82.87,341.8,14.00,387.5,29.5,642.9,0.0630,1.30,277.4,7.4,17.7
2025-04-16T14:24:00+00:00,1834.4,82.34,349.4,13.57,410.5,28.5,593.7,0.0628,1.33,277.4,7.4,16.4
2025-04-16T14:25:00+00:00,1957.8,81.96,354.9,13.70,377.8,27.5,600.3,0.0632,1.32,277.4,7.4,18.2
2025-04-16T14:26:00+00:00,1976.9,78.95,346.8,14.08,370.9,25.0,640.1,0.0641,1.40,277.4,7.4,17.2
2025-04-16T14:27:00+00:00,1831.5,80.51,351.3,14.18,370.2,28.0,592.8,0.0666,1.35,277.4,7.4,17.3
2025-04-16T14:28:00+00:00,1979.4,81.77,345.0,13.76,379.2,28.8,581.0,0.0639,1.39,277.4,7.4,18.5
2025-04-16T14:29:00+00:00,2168.8,80.43,360.1,13.79,394.6,25.5,635.8,0.0647,1.36,277.4,7.4,15.9
2025-04-16T14:30:00+00:00,2158.4,83.27,326.1,13.74,406.3,29.5,658.9,0.0636,1.26,277.4,7.4,18.4
2025-04-16T14:31:00+00:00,2029.6,82.99,355.6,13.95,383.8,26.0,612.7,0.0681,1.28,277.4,7.4,18.6
2025-04-16T14:32:00+00:00,1940.9,82.05,342.1,13.89,394.2,26.3,617.2,0.0639,1.39,277.4,7.4,18.0
2025-04-16T14:33:00+00:00,2272.2,84.32,350.3,13.80,370.9,29.0,595.5,0.0702,1.42,277.4,7.4,17.0
2025-04-16T14:34:00+00:00,2060.6,82.69,347.5,13.94,392.2,26.9,555.5,0.0642,1.37,277.4,7.4,18.6
2025-04-16T14:35:00+00:00,2161.9,83.60,343.8,13.81,401.8,29.3,567.2,0.0721,1.42,277.4,7.4,18.3
2025-04-16T14:36:00+00:00,1864.0,80.40,363.4,13.97,374.8,29.4,634.7,0.0641,1.32,277.4,7.4,16.8
2025-04-16T14:37:00+00:00,1885.7,80.61,340.4,13.69,390.4,26.8,573.0,0.0623,1.25,277.4,7.4,18.9
2025-04-16T14:38:00+00:00,2045.0,80.73,344.1,13.94,389.2,30.0,626.5,0.0670,1.26,277.4,7.4,16.8
2025-04-16T14:39:00+00:00,2025.7,82.47,349.5,13.68,389.2,28.1,592.6,0.0640,1.37,277.4,7.4,17.5
2025-04-16T14:40:00+00:00,2043.4,82.39,348.1,13.60,361.5,26.8,640.3,0.0635,1.30,277.4,7.4,19.5
2025-04-16T14:41:00+00:00,2172.4,83.26,344.5,13.84,380.0,27.7,635.2,0.0653,1.39,277.4,7.4,18.1
2025-04-16T14:42:00+00:00,2105.0,81.52,355.1,14.04,379.8,26.5,634.2,0.0636,1.28,277.4,7.4,18.2
2025-04-16T14:43:00+00:00,1982.0,81.21,351.8,13.88,374.6,27.6,617.2,0.0669,1.39,277.4,7.4,17.2
2025-04-16T14:44:00+00:00,1970.3,81.67,355.0,13.78,386.0,28.4,643.7,0.0757,1.29,277.4,7.4,18.0
2025-04-16T14:45:00+00:00,1948.6,79.58,343.0,13.85,358.4,26.8,650.3,0.0632,1.33,277.4,7.4,17.5
2025-04-16T14:46:00+00:00,2086.2,85.22,351.6,13.75,394.5,30.0,597.9,0.0720,1.32,277.4,7.4,17.5
2025-04-16T14:47:00+00:00,2250.4,82.96,360.5,13.85,383.2,27.9,648.1,0.0675,1.29,277.4,7.4,17.6
2025-04-16T14:48:00+00:00,1823.5,80.48,358.6,13.64,381.5,29.5,602.3,0.0672,1.30,277.4,7.4,18.5
2025-04-16T14:49:00+00:00,2091.6,81.34,353.5,13.74,373.9,27.1,593.0,0.0705,1.37,277.4,7.4,18.2
2025-04-16T14:50:00+00:00,2111.6,84.07,342.0,13.78,376.1,27.5,590.7,0.0647,1.39,277.4,7.4,19.5
2025-04-16T14:51:00+00:00,1854.2,81.32,343.8,13.90,376.9,27.8,610.6,0.0750,1.39,277.4,7.4,17.2
2025-04-16T14:52:00+00:00,2126.7,80.60,348.6,13.95,384.8,28.8,621.5,0.0689,1.45,277.4,7.4,17.5
2025-04-16T14:53:00+00:00,1976.6,81.84,350.6,13.98,374.6,29.1,623.6,0.0632,1.32,277.4,7.4,18.3
2025-04-16T14:54:00+00:00,2020.8,84.28,344.1,14.07,377.8,26.0,579.1,0.0731,1.22,277.4,7.4,17.8
2025-04-16T14:55:00+00:00,1958.8,81.49,353.3,14.03,396.1,29.8,561.6,0.0631,1.30,277.4,7.4,17.6
2025-04-16T14:56:00+00:00,2172.0,81.39,338.9,13.71,389.6,26.8,575.8,0.0673,1.29,277.4,7.4,18.4
2025-04-16T14:57:00+00:00,2380.8,81.97,340.0,13.92,385.5,27.0,673.0,0.0725,1.34,277.4,7.4,19.2
2025-04-16T14:58:00+00:00,2489.6,84.10,344.8,13.96,380.7,29.3,617.5,0.0655,1.27,277.4,7.4,16.9
2025-04-16T14:59:00+00:00,2488.0,85.87,343.1,14.03,413.3,29.3,629.5,0.0646,1.19,277.4,7.4,17.9
2025-04-16T15:00:00+00:00,2164.1,81.55,331.7,14.11,390.3,29.3,558.7,0.0658,1.37,277.4,7.4,17.1
2025-04-16T15:01:00+00:00,2075.5,83.32,341.0,13.99,370.4,29.8,589.3,0.0709,1.34,277.4,7.4,17.2
2025-04-16T15:02:00+00:00,1984.2,82.00,357.5,13.93,398.5,28.1,585.5,0.0633,1.29,277.4,7.4,17.9
2025-04-16T15:03:00+00:00,1889.3,79.55,352.9,13.75,373.7,28.7,560.1,0.0632,1.34,277.4,7.4,17.7
2025-04-16T15:04:00+00:00,2118.6,80.96,339.4,14.01,387.7,26.9,640.8,0.0635,1.20,277.4,7.4,19.4
2025-04-16T15:05:00+00:00,1838.7,81.22,335.0,13.50,383.2,26.9,552.8,0.0683,1.37,277.4,7.4,17.8
2025-04-16T15:06:00+00:00,2201.3,83.52,340.4,13.73,412.8,28.4,635.0,0.0638,1.24,277.4,7.4,17.3
2025-04-16T15:07:00+00:00,2536.5,82.75,335.6,13.83,396.0,26.7,661.9,0.0663,1.32,277.4,7.4,15.9
2025-04-16T15:08:00+00:00,2439.5,83.40,345.0,13.87,393.2,28.2,656.6,0.0663,1.38,277.4,7.4,18.0
2025-04-16T15:09:00+00:00,1926.0,79.78,343.6,13.84,369.5,25.6,613.8,0.0684,1.31,277.4,7.4,20.3
2025-04-16T15:10:00+00:00,2025.3,78.74,348.3,13.60,376.4,29.9,611.5,0.0648,1.44,277.4,7.4,18.0
2025-04-16T15:11:00+00:00,2499.4,85.17,342.7,13.96,399.7,30.9,674.7,0.0666,1.37,277.4,7.4,17.4
2025-04-16T15:12:00+00:00,1914.0,80.23,346.2,13.61,393.0,29.4,594.0,0.0637,1.37,277.4,7.4,18.4
2025-04-16T15:13:00+00:00,2129.8,83.81,342.5,13.75,383.7,27.8,545.5,0.0651,1.41,277.4,7.4,17.5
2025-04-16T15:14:00+00:00,1972.8,82.68,338.4,13.76,374.9,26.5,612.6,0.0642,1.40,277.4,7.4,18.1
2025-04-16T15:15:00+00:00,2517.9,83.78,346.0,13.92,399.7,26.8,563.8,0.0661,1.32,277.4,7.4,18.9
2025-04-16T15:16:00+00:00,2121.3,82.81,342.2,13.55,368.9,30.7,614.5,0.0639,1.31,277.4,7.4,17.2
2025-04-16T15:17:00+00:00,2496.6,83.46,345.3,13.76,388.4,28.5,588.2,0.0729,1.34,277.4,7.4,16.9
2025-04-16T15:18:00+00:00,1954.5,82.59,330.0,13.61,357.4,29.4,629.2,0.0638,1.39,277.4,7.4,17.9
2025-04-16T15:19:00+00:00,2466.0,85.52,356.9,13.86,386.2,26.8,621.4,0.0728,1.35,277.4,7.4,18.7
2025-04-16T15:20:00+00:00,1960.8,81.83,348.1,13.74,397.9,28.0,577.3,0.0635,1.35,277.4,7.4,20.3
2025-04-16T15:21:00+00:00,1987.8,84.59,352.6,13.69,390.6,31.8,539.4,0.0653,1.23,277.4,7.4,20.1
2025-04-16T15:22:00+00:00,1950.5,81.11,341.9,13.73,370.1,32.2,575.8,0.0718,1.28,277.4,7.4,16.3
2025-04-16T15:23:00+00:00,1956.5,81.62,346.8,13.59,389.0,29.4,535.5,0.0634,1.33,277.4,7.4,18.6
2025-04-16T15:24:00+00:00,2025.9,82.38,362.6,13.92,397.8,28.7,591.2,0.0647,1.33,277.4,7.4,17.5
2025-04-16T15:25:00+00:00,1772.1,80.65,354.6,13.76,389.0,29.4,588.2,0.0621,1.31,277.4,7.4,20.3
2025-04-16T15:26:00+00:00,1855.7,82.75,350.9,13.74,377.6,31.4,603.9,0.0625,1.32,277.4,7.4,18.1
2025-04-16T15:27:00+00:00,2006.2,82.02,346.4,13.80,382.7,30.3,588.7,0.0628,1.26,277.4,7.4,18.9
2025-04-16T15:28:00+00:00,1735.0,85.80,345.7,13.83,359.0,28.1,555.5,0.0624,1.37,277.4,7.4,17.6
2025-04-16T15:29:00+00:00,2018.8,82.79,341.4,13.80,373.9,28.0,571.7,0.0641,1.39,277.4,7.4,17.9
2025-04-16T15:30:00+00:00,2010.1,81.27,344.9,13.83,373.3,29.4,586.8,0.0652,1.30,277.4,7.4,18.3
2025-04-16T15:31:00+00:00,2060.6,82.46,354.1,13.96,384.2,28.0,628.5,0.0649,1.30,277.4,7.4,16.4
2025-04-16T15:32:00+00:00,1964.3,78.45,353.4,13.87,390.6,27.9,613.0,0.0636,1.36,277.4,7.4,19.3
2025-04-16T15:33:00+00:00,1992.1,82.13,347.8,14.02,391.8,28.0,580.3,0.0638,1.36,277.4,7.4,18.1
2025-04-16T15:34:00+00:00,2024.5,82.37,351.9,13.56,402.4,28.3,597.8,0.0710,1.36,277.4,7.4,18.3
2025-04-16T15:35:00+00:00,2151.7,81.10,345.0,13.72,395.8,28.8,645.3,0.0647,1.39,277.4,7.4,19.1
2025-04-16T15:36:00+00:00,2000.7,83.62,348.9,13.69,379.8,30.2,677.5,0.0642,1.40,277.4,7.4,19.5
2025-04-16T15:37:00+00:00,2048.4,84.45,350.5,13.69,381.8,26.6,590.1,0.0662,1.37,277.4,7.4,18.2
2025-04-16T15:38:00+00:00,2080.7,80.10,357.7,13.99,385.8,30.1,624.7,0.0638,1.31,277.4,7.4,17.5
2025-04-16T15:39:00+00:00,2082.6,83.06,342.5,14.02,407.0,28.0,614.4,0.0645,1.32,277.4,7.4,18.0
2025-04-16T15:40:00+00:00,2160.5,82.35,360.4,13.61,384.9,28.0,611.3,0.0643,1.33,277.4,7.4,18.3
2025-04-16T15:41:00+00:00,2092.2,82.10,347.4,14.03,391.5,28.6,552.7,0.0643,1.36,277.4,7.4,18.0
2025-04-16T15:42:00+00:00,1856.1,81.55,354.7,13.86,366.8,27.3,598.2,0.0660,1.28,277.4,7.4,16.7
2025-04-16T15:43:00+00:00,2147.9,80.07,333.9,13.90,382.9,27.0,602.1,0.0648,1.38,277.4,7.4,17.6
2025-04-16T15:44:00+00:00,2044.6,80.76,348.3,13.94,386.5,30.0,577.1,0.0647,1.40,277.4,7.4,17.3
2025-04-16T15:45:00+00:00,2048.5,83.63,347.2,13.58,394.1,29.1,623.9,0.0669,1.32,277.4,7.4,19.4
2025-04-16T15:46:00+00:00,2037.3,85.10,352.3,13.97,376.6,27.3,595.5,0.0638,1.34,277.4,7.4,16.5
2025-04-16T15:47:00+00:00,1998.1,82.96,337.5,13.85,370.6,29.5,592.5,0.0646,1.43,277.4,7.4,17.6
2025-04-16T15:48:00+00:00,1945.5,82.27,336.9,13.71,384.3,30.6,623.8,0.0663,1.28,277.4,7.4,17.3
2025-04-16T15:49:00+00:00,1900.4,82.56,358.5,13.70,369.9,29.3,609.0,0.0656,1.47,277.4,7.4,21.0
2025-04-16T15:50:00+00:00,2009.4,80.60,347.6,13.83,382.3,29.5,533.8,0.0639,1.36,277.4,7.4,18.1
2025-04-16T15:51:00+00:00,2149.2,80.84,350.6,13.62,391.3,30.2,659.2,0.0644,1.33,277.4,7.4,18.2
2025-04-16T15:52:00+00:00,2063.3,83.20,341.8,13.47,394.0,29.0,625.0,0.0638,1.32,277.4,7.4,19.0
2025-04-16T15:53:00+00:00,1801.6,81.58,355.2,13.86,396.8,31.5,590.7,0.0625,1.34,277.4,7.4,17.9
2025-04-16T15:54:00+00:00,1880.3,81.26,364.1,13.65,384.6,27.0,600.8,0.0618,1.23,277.4,7.4,18.6
2025-04-16T15:55:00+00:00,2048.7,82.66,359.4,13.99,388.7,28.6,631.4,0.0638,1.33,277.4,7.4,16.4
2025-04-16T15:56:00+00:00,1968.6,81.20,361.1,13.87,389.4,27.7,588.1,0.0686,1.42,277.4,7.4,17.5
2025-04-16T15:57:00+00:00,2131.9,80.68,349.4,13.87,358.0,31.0,648.2,0.0662,1.33,277.4,7.4,16.6
2025-04-16T15:58:00+00:00,1963.6,83.76,355.6,13.81,396.2,30.3,594.7,0.0636,1.26,277.4,7.4,18.2
2025-04-16T15:59:00+00:00,1803.6,82.52,347.0,13.78,376.5,29.2,567.1,0.0621,1.29,277.4,7.4,17.5
2025-04-16T16:00:00+00:00,2056.8,83.73,352.3,13.82,377.6,27.9,596.9,0.0651,1.40,277.4,7.4,18.4
2025-04-16T16:01:00+00:00,2133.0,84.84,357.2,14.01,391.0,25.2,613.2,0.0647,1.36,277.4,7.4,17.8
2025-04-16T16:02:00+00:00,1830.0,82.30,355.0,13.74,382.4,30.4,607.5,0.0632,1.39,277.4,7.4,16.8
2025-04-16T16:03:00+00:00,2107.9,81.66,361.7,13.73,380.4,27.8,635.4,0.0642,1.32,277.4,7.4,17.8
2025-04-16T16:04:00+00:00,2005.3,80.67,349.9,13.70,378.0,30.1,609.2,0.0648,1.34,277.4,7.4,17.7
2025-04-16T16:05:00+00:00,1820.5,81.33,349.2,13.75,374.8,26.5,606.2,0.0676,1.47,277.4,7.4,18.8
2025-04-16T16:06:00+00:00,2024.8,83.11,344.2,13.64,379.1,27.7,612.5,0.0680,1.35,277.4,7.4,18.4
2025-04-16T16:07:00+00:00,902.1,79.69,353.5,13.89,364.9,26.5,538.2,0.0649,1.34,277.4,7.4,16.8
2025-04-16T16:08:00+00:00,985.8,79.23,365.2,13.67,347.6,26.9,564.3,0.0582,1.34,277.4,7.4,16.5
2025-04-16T16:09:00+00:00,1126.4,77.67,364.8,13.81,360.3,29.6,583.0,0.0590,1.36,277.4,7.4,16.4
2025-04-16T16:10:00+00:00,994.9,76.79,351.2,13.99,343.7,26.9,595.6,0.0586,1.37,277.4,7.4,19.5
2025-04-16T16:11:00+00:00,1001.5,77.33,347.8,13.85,331.6,29.9,541.2,0.0637,1.33,277.4,7.4,17.9
2025-04-16T16:12:00+00:00,1098.5,80.57,352.6,13.73,345.5,29.1,521.9,0.0579,1.25,277.4,7.4,18.3
2025-04-16T16:13:00+00:00,892.1,80.92,348.6,13.75,355.1,27.3,552.6,0.0571,1.29,277.4,7.4,18.8
2025-04-16T16:14:00+00:00,1044.0,80.60,351.7,13.91,351.4,30.5,556.1,0.0586,1.35,277.4,7.4,17.2
2025-04-16T16:15:00+00:00,833.2,76.16,373.0,13.73,347.8,28.5,566.6,0.0591,1.28,277.4,7.4,18.9
2025-04-16T16:16:00+00:00,885.4,74.25,354.8,13.50,339.5,28.4,558.3,0.0586,1.44,277.4,7.4,18.4
2025-04-17T06:00:00+00:00,999.5,78.02,345.6,13.88,352.5,26.7,583.9,0.0601,0.91,346.9,121.9,11.3
2025-04-17T06:01:00+00:00,984.0,75.85,356.0,13.57,336.1,28.6,567.0,0.0542,0.95,346.9,121.9,12.5
2025-04-17T06:02:00+00:00,984.1,76.00,350.6,13.95,337.2,28.9,570.0,0.0605,0.87,346.9,121.9,13.0
2025-04-17T06:03:00+00:00,1071.6,82.07,368.4,14.03,341.9,28.9,527.1,0.0544,0.91,346.9,121.9,12.1
2025-04-17T06:04:00+00:00,1021.5,80.34,363.2,13.72,331.0,30.6,546.9,0.0549,1.00,346.9,121.9,11.9
2025-04-17T06:05:00+00:00,932.8,79.51,362.2,13.80,334.6,26.3,566.8,0.0533,0.88,346.9,121.9,13.1
2025-04-17T06:06:00+00:00,967.5,78.50,356.4,13.77,348.0,27.8,531.5,0.0553,0.84,346.9,121.9,14.3
2025-04-17T06:07:00+00:00,1048.4,79.77,351.5,13.71,329.7,29.6,552.0,0.0547,0.84,346.9,121.9,12.7
2025-04-17T06:08:00+00:00,959.1,77.84,356.5,13.87,377.6,27.2,551.3,0.0536,0.90,346.9,121.9,12.4
2025-04-17T06:09:00+00:00,988.8,80.40,355.6,13.81,350.5,28.8,575.8,0.0574,0.92,346.9,121.9,15.0
2025-04-17T06:10:00+00:00,1021.8,80.89,370.9,13.54,372.0,31.0,622.6,0.0564,0.86,346.9,121.9,11.9
2025-04-17T06:11:00+00:00,929.5,77.29,357.8,13.79,345.3,27.0,521.9,0.0580,0.86,346.9,121.9,11.8
2025-04-17T06:12:00+00:00,959.0,78.74,354.3,13.58,365.7,26.3,533.8,0.0540,0.93,346.9,121.9,13.7
2025-04-17T06:13:00+00:00,986.2,79.07,355.5,13.69,365.8,29.9,542.3,0.0557,0.88,346.9,121.9,11.2
2025-04-17T06:14:00+00:00,1021.9,81.48,348.1,13.70,347.6,27.1,549.3,0.0555,0.92,346.9,121.9,13.2
2025-04-17T06:15:00+00:00,1915.1,84.56,335.7,13.89,380.4,27.6,607.5,0.0608,0.96,346.9,121.9,13.2
2025-04-17T06:16:00+00:00,1992.9,82.49,339.5,13.78,390.5,29.0,669.8,0.0601,0.94,346.9,121.9,10.9
2025-04-17T06:17:00+00:00,2158.3,82.67,347.7,14.03,378.1,28.8,603.4,0.0606,0.92,346.9,121.9,13.2
2025-04-17T06:18:00+00:00,1863.6,80.83,353.1,13.78,357.3,29.0,563.2,0.0587,0.89,346.9,121.9,13.8
2025-04-17T06:19:00+00:00,1883.9,83.40,343.6,13.71,390.1,26.9,617.0,0.0605,0.91,346.9,121.9,13.8
2025-04-17T06:20:00+00:00,2206.2,81.80,335.6,13.71,402.9,29.0,582.4,0.0602,0.90,346.9,121.9,11.1
2025-04-17T06:21:00+00:00,2054.3,82.07,330.3,14.03,379.1,28.5,605.0,0.0671,0.81,346.9,121.9,12.3
2025-04-17T06:22:00+00:00,2159.7,81.29,355.7,13.58,379.1,27.6,623.9,0.0633,0.85,346.9,121.9,13.6
2025-04-17T06:23:00+00:00,2050.5,82.51,340.8,13.72,387.3,29.2,565.2,0.0615,0.83,346.9,121.9,13.1
2025-04-17T06:24:00+00:00,2346.4,86.28,354.0,13.84,403.0,27.9,569.8,0.0639,0.94,346.9,121.9,13.0
2025-04-17T06:25:00+00:00,2037.7,81.12,336.7,13.93,377.3,27.0,593.3,0.0590,0.86,346.9,121.9,10.9
2025-04-17T06:26:00+00:00,1957.3,82.18,356.1,13.83,377.1,27.2,613.8,0.0627,0.88,346.9,121.9,13.5
2025-04-17T06:27:00+00:00,2110.3,82.71,352.8,14.00,394.1,31.3,536.3,0.0609,0.97,346.9,121.9,12.5
2025-04-17T06:28:00+00:00,1944.8,81.81,351.5,14.00,375.3,29.5,574.7,0.0589,0.89,346.9,121.9,11.3
2025-04-17T06:29:00+00:00,2119.4,83.70,359.5,13.86,383.2,29.0,550.9,0.0598,0.90,346.9,121.9,13.4
2025-04-17T06:30:00+00:00,1914.5,78.86,355.3,13.83,380.6,29.0,601.1,0.0590,0.92,346.9,121.9,12.3
2025-04-17T06:31:00+00:00,1820.6,80.32,346.6,13.68,382.5,29.5,530.4,0.0582,0.88,346.9,121.9,13.7
2025-04-17T06:32:00+00:00,1976.7,79.84,352.0,13.64,400.2,29.6,564.6,0.0585,0.84,346.9,121.9,12.2
2025-04-17T06:33:00+00:00,2124.8,81.57,353.4,13.61,412.1,27.5,611.2,0.0639,0.82,346.9,121.9,13.3
2025-04-17T06:34:00+00:00,2002.4,82.09,355.4,13.65,384.0,28.2,601.5,0.0589,0.87,346.9,121.9,11.3
2025-04-17T06:35:00+00:00,1903.3,81.47,360.7,13.48,359.8,26.0,589.2,0.0578,0.81,346.9,121.9,13.1
2025-04-17T06:36:00+00:00,2176.5,81.03,350.5,13.86,397.7,29.5,581.6,0.0630,0.84,346.9,121.9,12.2
2025-04-17T06:37:00+00:00,2123.5,80.67,343.4,13.93,374.4,30.2,596.6,0.0602,0.93,346.9,121.9,12.4
2025-04-17T06:38:00+00:00,1973.2,80.69,350.3,13.78,390.5,28.4,596.2,0.0613,0.85,346.9,121.9,12.7
2025-04-17T06:39:00+00:00,2088.4,81.39,364.3,13.93,375.9,27.8,616.8,0.0599,0.93,346.9,121.9,10.7
2025-04-17T06:40:00+00:00,1859.7,82.21,364.7,13.89,390.5,30.5,614.9,0.0611,0.94,346.9,121.9,12.5
2025-04-17T06:41:00+00:00,2135.9,83.99,344.6,13.80,395.0,25.5,522.1,0.0598,0.89,346.9,121.9,13.3
2025-04-17T06:42:00+00:00,1774.3,82.90,327.7,13.66,393.2,26.0,551.9,0.0583,0.93,346.9,121.9,13.8
2025-04-17T06:43:00+00:00,2102.0,82.76,355.2,13.59,409.4,28.1,623.8,0.0589,0.82,346.9,121.9,11.9
2025-04-17T06:44:00+00:00,2099.3,81.87,349.1,13.79,394.5,28.1,565.7,0.0662,0.93,346.9,121.9,12.0
2025-04-17T06:45:00+00:00,2169.7,80.64,345.5,13.89,382.2,26.1,640.9,0.0594,0.83,346.9,121.9,13.1
2025-04-17T06:46:00+00:00,1943.3,82.90,351.3,13.65,369.4,30.9,588.3,0.0587,0.89,346.9,121.9,12.2
2025-04-17T06:47:00+00:00,2088.6,83.34,343.0,13.66,384.9,30.1,605.7,0.0584,0.77,346.9,121.9,14.3
2025-04-17T06:48:00+00:00,2102.5,80.56,353.6,13.69,387.0,30.6,697.5,0.0598,0.81,346.9,121.9,12.9
2025-04-17T06:49:00+00:00,1883.2,81.74,345.4,14.05,395.2,25.8,637.3,0.0600,0.95,346.9,121.9,12.6
2025-04-17T06:50:00+00:00,1960.2,82.02,355.4,13.92,381.9,30.8,556.4,0.0637,0.84,346.9,121.9,13.1
2025-04-17T06:51:00+00:00,1791.6,83.33,360.6,13.79,377.2,27.7,568.3,0.0575,0.84,346.9,121.9,13.1
2025-04-17T06:52:00+00:00,1795.6,80.23,370.5,13.50,371.6,26.0,682.8,0.0587,0.86,346.9,121.9,12.5
2025-04-17T06:53:00+00:00,1776.3,81.16,346.5,13.99,379.5,30.8,604.3,0.0584,0.87,346.9,121.9,12.8
2025-04-17T06:54:00+00:00,1989.4,80.61,351.4,13.88,396.8,30.1,598.2,0.0587,0.82,346.9,121.9,15.2
2025-04-17T06:55:00+00:00,1864.7,81.56,353.4,13.81,375.4,30.1,636.5,0.0581,0.86,346.9,121.9,14.7
2025-04-17T06:56:00+00:00,2287.9,82.07,350.5,13.69,394.6,26.4,632.4,0.0607,0.90,346.9,121.9,11.7
2025-04-17T06:57:00+00:00,2012.0,81.65,348.1,13.78,397.9,26.5,630.4,0.0591,0.81,346.9,121.9,14.9
2025-04-17T06:58:00+00:00,1794.1,79.53,342.2,13.87,368.1,29.4,626.2,0.0611,1.00,346.9,121.9,11.5
2025-04-17T06:59:00+00:00,2059.4,84.09,330.4,14.07,388.6,31.9,600.3,0.0599,0.92,346.9,121.9,14.8
2025-04-17T07:00:00+00:00,1905.6,83.01,343.8,13.89,393.2,27.9,579.1,0.0587,0.91,346.9,121.9,11.9
2025-04-17T07:01:00+00:00,2048.3,84.11,329.6,13.80,370.3,27.6,582.3,0.0620,0.88,346.9,121.9,12.6
2025-04-17T07:02:00+00:00,2114.8,83.09,348.5,14.06,383.2,26.1,553.9,0.0603,0.94,346.9,121.9,13.4
2025-04-17T07:03:00+00:00,2146.6,82.91,345.4,13.79,411.6,29.3,602.5,0.0631,0.84,346.9,121.9,13.8
2025-04-17T07:04:00+00:00,2028.1,81.91,340.9,13.89,371.5,30.1,626.6,0.0589,0.85,346.9,121.9,13.1
2025-04-17T07:05:00+00:00,1946.2,81.07,359.4,13.62,374.4,27.8,533.7,0.0587,0.88,346.9,121.9,11.3
2025-04-17T07:06:00+00:00,2104.5,83.67,336.0,13.67,391.5,28.8,635.8,0.0602,0.94,346.9,121.9,13.9
2025-04-17T07:07:00+00:00,2058.0,81.36,354.5,13.98,375.5,27.5,620.8,0.0639,0.88,346.9,121.9,12.4
2025-04-17T07:08:00+00:00,2081.3,82.19,347.9,13.96,398.7,26.5,584.1,0.0593,0.88,346.9,121.9,12.6
2025-04-17T07:09:00+00:00,2080.5,82.60,349.7,13.86,375.4,29.8,592.7,0.0599,0.93,346.9,121.9,10.7
2025-04-17T07:10:00+00:00,1932.6,81.41,350.4,13.70,368.0,26.4,555.5,0.0588,0.88,346.9,121.9,11.1
2025-04-17T07:11:00+00:00,2211.5,81.50,361.6,13.96,382.5,28.3,628.6,0.0659,0.95,346.9,121.9,11.8
2025-04-17T07:12:00+00:00,2471.1,84.48,333.2,13.72,380.8,28.4,663.8,0.0634,0.89,346.9,121.9,13.6
2025-04-17T07:13:00+00:00,2040.4,80.29,343.1,14.06,378.2,29.1,609.2,0.0585,0.82,346.9,121.9,13.2
2025-04-17T07:14:00+00:00,1982.3,81.95,356.1,13.80,363.1,29.2,571.1,0.0587,0.86,346.9,121.9,12.4
2025-04-17T07:15:00+00:00,2466.9,81.54,336.1,13.85,373.6,27.2,634.1,0.0622,0.93,346.9,121.9,13.9
2025-04-17T07:16:00+00:00,2025.0,82.09,349.7,13.93,373.9,26.0,623.8,0.0602,0.84,346.9,121.9,13.6
2025-04-17T07:17:00+00:00,1991.5,81.90,349.3,14.08,386.8,29.1,596.7,0.0589,0.87,346.9,121.9,12.6
2025-04-17T07:18:00+00:00,2487.3,84.54,356.8,13.66,393.9,27.6,636.4,0.0616,0.88,346.9,121.9,10.8
2025-04-17T07:19:00+00:00,2060.0,80.36,351.5,13.56,383.7,29.8,614.8,0.0655,0.88,346.9,121.9,12.6
2025-04-17T07:20:00+00:00,2216.8,80.26,341.4,13.71,371.8,27.3,577.6,0.0626,0.85,346.9,121.9,14.4
2025-04-17T07:21:00+00:00,1889.3,80.49,347.1,13.90,370.6,27.4,628.8,0.0588,0.92,346.9,121.9,13.3
2025-04-17T07:22:00+00:00,1985.0,79.07,350.1,13.75,385.2,29.4,664.4,0.0599,0.98,346.9,121.9,13.2
2025-04-17T07:23:00+00:00,2033.2,84.63,336.6,13.94,372.6,28.1,671.3,0.0597,0.95,346.9,121.9,12.8
2025-04-17T07:24:00+00:00,2190.7,82.70,342.8,13.67,392.7,29.9,613.0,0.0597,0.84,346.9,121.9,12.7
2025-04-17T07:25:00+00:00,1953.9,81.45,345.0,13.89,369.3,28.3,598.3,0.0616,0.99,346.9,121.9,10.1
2025-04-17T07:26:00+00:00,1740.0,82.54,358.4,13.98,363.4,30.4,539.3,0.0636,0.83,346.9,121.9,13.4
2025-04-17T07:27:00+00:00,2004.9,82.73,347.0,13.92,388.9,29.0,595.0,0.0601,0.89,346.9,121.9,12.2
2025-04-17T07:28:00+00:00,1848.0,81.40,358.2,13.85,377.7,30.8,615.2,0.0580,0.86,346.9,121.9,13.9
2025-04-17T07:29:00+00:00,1905.5,80.02,359.4,13.79,372.3,30.7,531.0,0.0654,0.81,346.9,121.9,13.1
2025-04-17T07:30:00+00:00,1997.2,80.79,349.4,13.93,384.4,29.5,554.3,0.0633,0.86,346.9,121.9,12.0
2025-04-17T07:31:00+00:00,1919.2,82.15,343.2,13.77,376.5,26.3,639.7,0.0623,0.92,346.9,121.9,11.9
2025-04-17T07:32:00+00:00,1995.4,81.93,343.2,13.85,398.5,29.2,610.2,0.0579,0.77,346.9,121.9,12.6
2025-04-17T07:33:00+00:00,2019.4,84.23,348.8,13.84,378.4,29.6,704.7,0.0589,0.86,346.9,121.9,12.6
2025-04-17T07:34:00+00:00,1840.1,80.81,339.8,13.72,387.3,29.0,602.5,0.0584,0.90,346.9,121.9,13.1
2025-04-17T07:35:00+00:00,1943.2,79.67,355.2,13.95,380.8,30.0,551.2,0.0634,0.91,346.9,121.9,12.3
2025-04-17T07:36:00+00:00,2471.3,85.36,347.9,13.79,395.7,26.9,649.3,0.0613,0.87,346.9,121.9,14.7
2025-04-17T07:37:00+00:00,2523.3,86.35,360.7,13.90,388.9,28.8,645.5,0.0612,0.83,346.9,121.9,13.2
2025-04-17T07:38:00+00:00,2208.2,83.12,354.7,13.88,403.5,28.0,599.3,0.0605,0.92,346.9,121.9,12.4
2025-04-17T07:39:00+00:00,2542.3,83.27,346.4,14.00,419.5,27.2,550.5,0.0683,0.85,346.9,121.9,15.3
2025-04-17T07:40:00+00:00,1978.7,83.70,350.8,13.79,375.4,24.7,652.0,0.0580,0.79,346.9,121.9,13.4
2025-04-17T07:41:00+00:00,2206.0,84.55,346.2,13.71,390.7,29.6,621.8,0.0595,0.81,346.9,121.9,12.1
2025-04-17T07:42:00+00:00,2558.6,82.21,346.2,13.90,382.8,31.6,558.0,0.0622,0.90,346.9,121.9,12.7
2025-04-17T07:43:00+00:00,2055.6,81.45,338.0,14.03,377.2,28.4,674.4,0.0592,0.87,346.9,121.9,12.9
2025-04-17T07:44:00+00:00,2062.9,81.58,348.2,13.49,368.2,25.5,586.9,0.0588,0.81,346.9,121.9,11.3
2025-04-17T07:45:00+00:00,2409.7,81.94,344.3,13.70,381.6,29.2,644.7,0.0620,0.91,346.9,121.9,11.0
2025-04-17T07:46:00+00:00,2104.2,82.90,351.1,13.77,394.2,31.8,587.8,0.0605,0.97,346.9,121.9,13.5
2025-04-17T07:47:00+00:00,2093.9,80.02,357.2,13.73,404.1,26.4,621.2,0.0623,0.83,346.9,121.9,13.3
2025-04-17T07:48:00+00:00,2111.3,85.00,358.9,13.73,396.1,28.1,565.5,0.0590,0.84,346.9,121.9,13.3
2025-04-17T07:49:00+00:00,2035.0,82.50,356.6,13.88,377.8,27.6,639.0,0.0597,0.93,346.9,121.9,13.6
2025-04-17T07:50:00+00:00,2007.0,83.96,361.6,13.84,385.8,30.3,591.3,0.0585,0.83,346.9,121.9,13.2
2025-04-17T07:51:00+00:00,1796.9,81.25,351.4,13.92,402.3,28.4,602.8,0.0599,0.81,346.9,121.9,12.8
2025-04-17T07:52:00+00:00,1890.0,81.45,338.0,13.74,383.5,28.2,591.6,0.0620,0.89,346.9,121.9,13.5
2025-04-17T07:53:00+00:00,2045.5,84.66,330.2,13.78,407.5,23.0,564.4,0.0587,0.83,346.9,121.9,11.1
2025-04-17T07:54:00+00:00,2026.6,80.73,347.4,13.80,387.1,28.0,609.8,0.0599,0.95,346.9,121.9,13.1
2025-04-17T07:55:00+00:00,1963.7,81.30,359.5,13.71,386.7,28.0,630.5,0.0613,0.92,346.9,121.9,12.0
2025-04-17T07:56:00+00:00,1948.7,82.04,340.5,13.84,391.7,26.0,547.5,0.0607,0.92,346.9,121.9,12.8
2025-04-17T07:57:00+00:00,1932.5,81.11,356.6,13.68,389.2,26.2,625.5,0.0614,0.91,346.9,121.9,13.1
2025-04-17T07:58:00+00:00,1952.3,83.38,362.5,13.75,370.6,27.3,582.0,0.0576,0.77,346.9,121.9,14.4
2025-04-17T07:59:00+00:00,2104.6,81.67,354.5,14.09,389.9,31.0,580.9,0.0616,0.88,346.9,121.9,13.5
2025-04-17T08:00:00+00:00,2179.0,81.04,337.8,14.05,399.4,26.9,664.8,0.0645,0.99,346.9,121.9,13.1
2025-04-17T08:01:00+00:00,1997.3,84.82,336.8,13.78,381.8,29.6,547.4,0.0606,0.93,346.9,121.9,15.0
2025-04-17T08:02:00+00:00,1977.6,81.16,357.4,13.85,352.7,30.5,599.1,0.0616,0.87,346.9,121.9,14.2
2025-04-17T08:03:00+00:00,2119.8,80.55,357.0,14.23,387.6,28.5,610.6,0.0623,0.86,346.9,121.9,13.1
2025-04-17T08:04:00+00:00,1756.3,81.84,355.5,13.71,374.8,28.7,573.4,0.0583,0.94,346.9,121.9,12.0
2025-04-17T08:05:00+00:00,1909.9,80.91,349.9,13.87,400.2,29.1,622.4,0.0582,0.84,346.9,121.9,13.9
2025-04-17T08:06:00+00:00,2039.3,81.52,354.5,13.94,381.2,27.2,589.6,0.0613,0.82,346.9,121.9,12.6
2025-04-17T08:07:00+00:00,1900.6,79.41,340.8,13.76,373.7,29.6,654.9,0.0585,0.88,346.9,121.9,12.6
2025-04-17T08:08:00+00:00,1913.7,80.41,346.5,13.67,366.8,30.1,565.3,0.0585,0.87,346.9,121.9,12.0
2025-04-17T08:09:00+00:00,1887.2,82.84,336.5,13.90,372.2,30.0,633.5,0.0581,0.85,346.9,121.9,11.7
2025-04-17T08:10:00+00:00,1921.2,80.08,358.0,13.88,368.5,29.0,552.1,0.0654,0.93,346.9,121.9,12.6
2025-04-17T08:11:00+00:00,2042.8,81.51,360.6,13.71,366.4,28.7,583.3,0.0591,0.87,346.9,121.9,13.4
2025-04-17T08:12:00+00:00,1990.2,84.02,347.2,13.58,373.5,29.9,597.1,0.0589,0.88,346.9,121.9,12.6
2025-04-17T08:13:00+00:00,1933.5,83.55,361.7,13.70,384.0,29.2,639.8,0.0589,0.88,346.9,121.9,12.2
2025-04-17T08:14:00+00:00,2157.2,82.76,359.2,14.01,381.8,27.7,608.8,0.0616,0.86,346.9,121.9,11.1
2025-04-17T08:15:00+00:00,1825.5,83.78,344.0,13.87,368.3,27.7,650.8,0.0609,0.75,346.9,121.9,13.0
2025-04-17T08:16:00+00:00,1932.8,82.25,342.9,13.97,361.9,26.7,653.0,0.0586,0.87,346.9,121.9,12.2
2025-04-17T08:17:00+00:00,2048.0,81.33,349.1,13.90,395.6,27.0,620.9,0.0596,0.92,346.9,121.9,12.7
2025-04-17T08:18:00+00:00,1944.6,82.54,340.2,13.74,376.9,28.2,625.0,0.0644,0.99,346.9,121.9,12.4
2025-04-17T08:19:00+00:00,1919.0,79.83,346.7,13.77,377.6,28.5,650.5,0.0590,0.93,346.9,121.9,11.4
2025-04-17T08:20:00+00:00,2028.1,83.47,356.4,13.61,362.1,29.4,575.8,0.0604,0.98,346.9,121.9,14.6
2025-04-17T08:21:00+00:00,2034.2,83.26,353.4,14.15,373.5,29.4,602.5,0.0581,0.76,346.9,121.9,10.7
2025-04-17T08:22:00+00:00,1900.0,81.10,357.3,13.72,367.1,27.6,584.8,0.0587,0.91,346.9,121.9,12.0
2025-04-17T08:23:00+00:00,2114.3,82.11,340.3,13.60,366.5,28.9,581.1,0.0590,0.83,346.9,121.9,14.1
2025-04-17T08:24:00+00:00,1984.3,83.71,363.4,13.84,389.0,30.2,549.0,0.0644,0.96,346.9,121.9,13.6
2025-04-17T08:25:00+00:00,2052.5,83.34,337.6,13.53,391.9,28.9,603.4,0.0629,0.95,346.9,121.9,12.5
2025-04-17T08:26:00+00:00,2155.3,82.01,344.6,13.90,377.0,27.8,620.3,0.0625,0.89,346.9,121.9,13.5
2025-04-17T08:27:00+00:00,2160.4,81.77,335.2,13.82,386.8,30.9,584.9,0.0638,0.84,346.9,121.9,13.8
2025-04-17T08:28:00+00:00,2128.8,83.14,343.9,13.59,391.3,30.8,596.9,0.0595,0.88,346.9,121.9,11.8
2025-04-17T08:29:00+00:00,2227.3,80.37,339.3,13.83,399.4,26.9,658.1,0.0621,0.93,346.9,121.9,12.8
2025-04-17T08:30:00+00:00,1909.7,81.90,348.9,13.86,387.9,30.6,628.3,0.0606,0.92,346.9,121.9,11.5
2025-04-17T08:31:00+00:00,2114.5,82.83,353.3,13.89,408.7,26.5,580.2,0.0601,0.93,346.9,121.9,13.4
2025-04-17T08:32:00+00:00,2093.7,83.64,346.7,13.81,356.5,27.1,655.7,0.0615,0.95,346.9,121.9,11.8
2025-04-17T08:33:00+00:00,1827.8,80.16,355.6,13.89,367.7,29.2,593.3,0.0578,0.86,346.9,121.9,13.4
2025-04-17T08:34:00+00:00,2018.1,81.66,349.0,13.78,388.7,29.4,622.3,0.0662,0.87,346.9,121.9,14.7
2025-04-17T08:35:00+00:00,2208.6,84.41,344.9,13.92,395.6,26.8,625.4,0.0603,0.90,346.9,121.9,13.3
2025-04-17T08:36:00+00:00,2071.3,82.88,345.0,13.79,365.5,30.8,602.3,0.0643,0.91,346.9,121.9,14.0
2025-04-17T08:37:00+00:00,1953.7,82.39,342.1,13.82,396.4,29.9,629.4,0.0584,0.83,346.9,121.9,11.8
2025-04-17T08:38:00+00:00,2172.8,79.24,349.9,13.92,383.1,28.9,667.0,0.0599,0.88,346.9,121.9,12.4
2025-04-17T08:39:00+00:00,2074.6,83.31,345.5,13.92,373.3,26.6,577.6,0.0677,0.86,346.9,121.9,13.2
2025-04-17T08:40:00+00:00,1984.1,80.04,343.8,13.50,381.8,26.8,612.7,0.0597,0.96,346.9,121.9,14.1
2025-04-17T08:41:00+00:00,2162.9,84.11,348.1,13.70,401.1,28.0,627.3,0.0605,0.93,346.9,121.9,11.1
2025-04-17T08:42:00+00:00,1033.7,79.86,357.5,13.81,347.3,29.8,563.0,0.0530,0.79,346.9,121.9,12.7
2025-04-17T08:43:00+00:00,898.6,77.20,352.8,13.67,331.1,26.6,535.3,0.0545,0.96,346.9,121.9,12.0
2025-04-17T08:44:00+00:00,948.0,78.58,362.5,13.88,328.1,27.9,533.2,0.0535,0.89,346.9,121.9,11.6
2025-04-17T08:45:00+00:00,854.6,79.30,355.1,13.57,369.7,27.2,565.1,0.0596,0.99,346.9,121.9,11.9
2025-04-17T08:46:00+00:00,888.8,80.96,355.2,13.76,338.5,29.9,547.3,0.0554,0.89,346.9,121.9,13.1
2025-04-17T08:47:00+00:00,1035.1,80.39,360.0,13.69,347.1,30.1,585.8,0.0564,0.80,346.9,121.9,10.6
2025-04-17T08:48:00+00:00,1080.6,77.39,369.1,13.61,356.8,29.2,547.0,0.0593,0.97,346.9,121.9,12.6
2025-04-17T08:49:00+00:00,1164.8,77.75,358.5,13.92,348.7,29.8,599.2,0.0537,0.79,346.9,121.9,13.5
2025-04-17T08:50:00+00:00,947.8,80.91,367.4,14.07,325.4,30.8,505.2,0.0538,0.91,346.9,121.9,12.9
2025-04-17T08:51:00+00:00,1043.7,78.05,354.9,13.66,360.8,27.8,579.7,0.0597,0.84,346.9,121.9,14.6
2025-04-17T08:52:00+00:00,1039.8,78.66,359.9,13.83,355.3,29.8,613.4,0.0538,0.88,346.9,121.9,12.1
2025-04-17T08:53:00+00:00,928.0,76.93,356.7,13.98,336.1,29.3,572.4,0.0536,0.92,346.9,121.9,13.4
2025-04-17T08:54:00+00:00,1069.0,78.60,357.6,13.99,371.8,28.0,645.7,0.0544,0.91,346.9,121.9,13.9
2025-04-17T08:55:00+00:00,938.8,78.47,342.1,13.61,327.0,29.5,568.5,0.0605,0.97,346.9,121.9,12.5
2025-04-17T14:00:00+00:00,1155.9,77.28,356.2,13.86,334.9,24.3,580.6,0.0565,0.87,346.9,121.9,11.3
2025-04-17T14:01:00+00:00,944.1,77.11,355.0,13.50,362.5,27.8,480.1,0.0530,0.84,346.9,121.9,13.0
2025-04-17T14:02:00+00:00,1003.9,79.66,351.6,13.94,323.1,27.0,528.0,0.0533,0.84,346.9,121.9,12.3
2025-04-17T14:03:00+00:00,859.3,78.77,348.9,13.89,343.3,26.3,620.8,0.0527,0.86,346.9,121.9,12.5
2025-04-17T14:04:00+00:00,890.6,76.37,368.2,13.49,337.1,30.3,497.5,0.0544,0.97,346.9,121.9,11.5
2025-04-17T14:05:00+00:00,978.0,76.58,356.4,13.71,353.8,29.8,599.0,0.0544,0.96,346.9,121.9,13.9
2025-04-17T14:06:00+00:00,929.9,78.69,351.6,13.66,349.6,28.6,609.6,0.0532,0.87,346.9,121.9,12.2
2025-04-17T14:07:00+00:00,1150.0,81.44,361.8,13.57,347.2,29.6,522.2,0.0545,0.88,346.9,121.9,12.4
2025-04-17T14:08:00+00:00,951.1,77.13,350.3,13.52,344.4,25.8,608.2,0.0532,0.86,346.9,121.9,14.4
2025-04-17T14:09:00+00:00,1040.9,80.03,364.4,13.77,357.6,28.4,555.1,0.0614,0.92,346.9,121.9,12.9
2025-04-17T14:10:00+00:00,930.3,80.53,378.1,13.69,356.6,28.9,568.8,0.0598,0.92,346.9,121.9,14.0
2025-04-17T14:11:00+00:00,1075.0,79.25,354.0,13.76,350.4,25.7,582.6,0.0554,0.83,346.9,121.9,13.5
2025-04-17T14:12:00+00:00,907.0,78.22,371.3,13.86,356.3,26.8,559.7,0.0529,0.86,346.9,121.9,14.2
2025-04-17T14:13:00+00:00,2038.6,82.96,359.8,14.01,372.0,25.7,634.0,0.0600,0.94,346.9,121.9,13.3
2025-04-17T14:14:00+00:00,1809.1,81.92,346.8,13.83,379.5,31.1,598.3,0.0639,0.90,346.9,121.9,13.1
2025-04-17T14:15:00+00:00,2170.6,82.36,340.7,13.79,371.2,27.5,657.4,0.0600,0.89,346.9,121.9,12.8
2025-04-17T14:16:00+00:00,2017.9,80.68,350.3,13.89,417.7,28.0,641.5,0.0591,0.89,346.9,121.9,13.3
2025-04-17T14:17:00+00:00,1897.6,80.58,352.8,13.67,380.5,29.5,631.4,0.0589,0.92,346.9,121.9,13.3
2025-04-17T14:18:00+00:00,1975.6,81.76,339.8,13.46,373.1,28.8,636.3,0.0724,0.98,346.9,121.9,14.1
2025-04-17T14:19:00+00:00,2048.0,85.39,355.8,13.59,367.0,29.3,582.0,0.0711,1.03,346.9,121.9,12.6
2025-04-17T14:20:00+00:00,2011.7,79.85,342.0,13.79,404.8,29.7,584.1,0.0611,0.88,346.9,121.9,12.5
2025-04-17T14:21:00+00:00,1996.7,82.76,353.7,13.93,386.8,27.6,586.0,0.0666,0.84,346.9,121.9,12.6
2025-04-17T14:22:00+00:00,1977.8,80.57,352.3,13.78,386.5,29.1,569.7,0.0603,0.88,346.9,121.9,12.3
2025-04-17T14:23:00+00:00,1928.5,79.35,345.0,13.70,370.0,27.0,643.3,0.0602,0.92,346.9,121.9,12.9
2025-04-17T14:24:00+00:00,1998.1,81.74,344.3,13.87,387.4,30.8,578.4,0.0588,0.87,346.9,121.9,12.1
2025-04-17T14:25:00+00:00,1970.7,82.91,346.3,13.82,375.5,26.2,581.6,0.0592,0.92,346.9,121.9,12.3
2025-04-17T14:26:00+00:00,1871.3,80.84,361.1,13.94,397.5,30.0,585.2,0.0683,0.93,346.9,121.9,12.3
2025-04-17T14:27:00+00:00,2064.3,82.95,347.4,13.69,390.5,27.8,618.2,0.0597,0.91,346.9,121.9,12.8
2025-04-17T14:28:00+00:00,2129.2,83.32,336.4,13.50,388.7,30.4,570.9,0.0612,1.02,346.9,121.9,13.8
2025-04-17T14:29:00+00:00,1826.1,82.20,352.8,13.58,383.7,25.7,591.3,0.0628,0.99,346.9,121.9,12.2
2025-04-17T14:30:00+00:00,2095.5,79.65,351.5,14.09,375.5,28.2,531.2,0.0635,0.91,346.9,121.9,12.6
2025-04-17T14:31:00+00:00,2165.3,82.03,346.5,13.86,372.0,27.2,633.9,0.0623,0.89,346.9,121.9,14.0
2025-04-17T14:32:00+00:00,1931.2,82.89,354.2,13.80,389.1,30.3,610.6,0.0584,0.86,346.9,121.9,13.5
2025-04-17T14:33:00+00:00,1962.6,82.82,339.7,13.74,386.7,28.4,579.8,0.0592,0.92,346.9,121.9,11.9
2025-04-17T14:34:00+00:00,2149.8,82.11,333.7,13.78,366.1,26.0,617.0,0.0599,0.89,346.9,121.9,14.7
2025-04-17T14:35:00+00:00,2105.0,82.33,358.0,14.16,375.4,29.5,597.7,0.0611,0.83,346.9,121.9,12.5
2025-04-17T14:36:00+00:00,2204.5,80.40,353.6,13.78,368.8,29.1,659.2,0.0649,0.92,346.9,121.9,13.0
2025-04-17T14:37:00+00:00,2069.3,79.74,337.2,13.88,375.8,27.0,624.7,0.0597,0.91,346.9,121.9,12.9
2025-04-17T14:38:00+00:00,2122.3,83.34,347.8,13.84,391.6,27.7,581.8,0.0597,0.89,346.9,121.9,14.6
2025-04-17T14:39:00+00:00,1884.4,83.46,361.7,13.90,395.9,28.5,613.4,0.0574,0.78,346.9,121.9,11.2
2025-04-17T14:40:00+00:00,1962.1,82.56,355.9,13.93,394.6,28.1,642.3,0.0654,0.89,346.9,121.9,11.8
2025-04-17T14:41:00+00:00,2049.0,82.60,358.6,13.75,380.8,29.6,567.7,0.0600,0.96,346.9,121.9,13.7
2025-04-17T14:42:00+00:00,2122.8,81.72,359.6,13.78,360.0,25.4,601.8,0.0633,0.99,346.9,121.9,14.1
2025-04-17T14:43:00+00:00,2136.4,81.72,349.6,13.93,392.2,27.5,646.9,0.0597,0.88,346.9,121.9,14.3
2025-04-17T14:44:00+00:00,2102.5,84.42,351.7,13.65,391.0,30.8,636.2,0.0593,0.84,346.9,121.9,12.0
2025-04-17T14:45:00+00:00,2050.6,81.64,341.4,14.02,397.0,29.9,590.2,0.0613,0.90,346.9,121.9,12.4
2025-04-17T14:46:00+00:00,1960.6,81.43,343.6,14.19,390.3,30.0,616.1,0.0675,0.81,346.9,121.9,13.2
2025-04-17T14:47:00+00:00,2059.8,84.81,351.0,13.73,377.7,29.5,641.6,0.0627,0.88,346.9,121.9,11.7
2025-04-17T14:48:00+00:00,1839.0,80.93,339.9,13.97,378.9,28.6,615.7,0.0580,0.86,346.9,121.9,12.2
2025-04-17T14:49:00+00:00,1962.6,82.27,347.3,14.13,378.8,30.1,550.2,0.0679,0.95,346.9,121.9,11.9
2025-04-17T14:50:00+00:00,1765.4,78.41,350.0,13.84,364.0,25.4,579.3,0.0630,0.81,346.9,121.9,12.9
2025-04-17T14:51:00+00:00,1953.3,81.35,351.6,13.79,372.3,26.3,565.3,0.0603,0.81,346.9,121.9,13.4
2025-04-17T14:52:00+00:00,2008.2,83.24,351.7,13.89,366.9,28.3,618.0,0.0591,0.89,346.9,121.9,12.3
2025-04-17T14:53:00+00:00,1946.6,80.62,342.6,13.83,378.6,27.3,594.9,0.0590,0.92,346.9,121.9,13.0
2025-04-17T14:54:00+00:00,1995.4,82.40,352.3,13.93,386.1,30.1,578.5,0.0587,0.84,346.9,121.9,12.3
2025-04-17T14:55:00+00:00,2152.0,81.39,358.2,13.79,395.8,26.1,602.3,0.0663,0.79,346.9,121.9,12.5
2025-04-17T14:56:00+00:00,1844.7,81.80,360.9,14.14,361.9,25.8,573.3,0.0621,0.75,346.9,121.9,12.5
2025-04-17T14:57:00+00:00,1874.0,82.68,363.2,13.71,361.4,25.3,582.1,0.0571,0.76,346.9,121.9,12.6
2025-04-17T14:58:00+00:00,2054.8,82.15,335.5,13.75,373.6,26.7,641.1,0.0596,0.92,346.9,121.9,13.8
2025-04-17T14:59:00+00:00,1972.8,80.45,356.7,13.95,353.2,28.5,625.2,0.0713,0.90,346.9,121.9,12.4
2025-04-17T15:00:00+00:00,1882.9,83.74,343.7,13.84,366.5,29.3,587.0,0.0606,0.88,346.9,121.9,13.3
2025-04-17T15:01:00+00:00,2089.8,81.54,358.7,13.85,400.8,27.1,556.7,0.0636,0.95,346.9,121.9,12.1
2025-04-17T15:02:00+00:00,1832.4,79.93,340.6,13.66,363.4,26.2,619.2,0.0584,0.80,346.9,121.9,13.2
2025-04-17T15:03:00+00:00,2259.8,84.53,348.7,13.56,398.6,27.8,595.4,0.0628,0.98,346.9,121.9,12.1
2025-04-17T15:04:00+00:00,2467.8,83.28,351.1,14.19,384.1,28.8,658.0,0.0620,0.93,346.9,121.9,12.4
2025-04-17T15:05:00+00:00,1977.0,81.93,339.6,14.07,386.2,29.9,582.9,0.0592,0.91,346.9,121.9,12.1
2025-04-17T15:06:00+00:00,1997.4,80.90,340.3,14.07,379.4,28.1,576.6,0.0650,0.92,346.9,121.9,11.0
2025-04-17T15:07:00+00:00,2381.5,82.47,337.1,13.84,390.2,26.6,642.2,0.0654,0.87,346.9,121.9,14.1
2025-04-17T15:08:00+00:00,2461.7,81.86,345.2,13.55,372.5,28.6,591.4,0.0635,0.78,346.9,121.9,11.4
2025-04-17T15:09:00+00:00,2399.4,82.60,352.2,13.85,397.1,29.2,600.0,0.0602,0.79,346.9,121.9,13.4
2025-04-17T15:10:00+00:00,1782.6,83.46,348.5,13.79,366.7,29.9,629.0,0.0609,0.90,346.9,121.9,13.0
2025-04-17T15:11:00+00:00,1835.7,83.24,368.0,13.91,375.9,28.2,590.4,0.0581,0.87,346.9,121.9,13.9
2025-04-17T15:12:00+00:00,1883.0,82.57,343.6,13.81,382.9,29.9,593.7,0.0605,0.85,346.9,121.9,13.9
2025-04-17T15:13:00+00:00,2468.2,85.47,344.7,13.71,371.9,25.8,670.5,0.0675,0.88,346.9,121.9,13.7
2025-04-17T15:14:00+00:00,2002.2,82.48,336.9,13.80,421.5,26.4,616.9,0.0592,0.89,346.9,121.9,13.2
2025-04-17T15:15:00+00:00,2535.0,84.48,349.7,13.90,416.1,29.0,624.9,0.0701,0.89,346.9,121.9,12.4
2025-04-17T15:16:00+00:00,2075.9,79.91,366.5,13.74,386.8,29.2,586.6,0.0614,0.95,346.9,121.9,14.4
2025-04-17T15:17:00+00:00,1941.7,84.29,343.5,13.57,382.8,29.5,560.3,0.0595,0.96,346.9,121.9,14.0
2025-04-17T15:18:00+00:00,1961.8,79.86,353.8,13.69,390.1,28.2,570.1,0.0587,0.87,346.9,121.9,11.8
2025-04-17T15:19:00+00:00,1987.9,82.27,342.5,13.72,360.1,27.5,604.7,0.0627,0.90,346.9,121.9,11.6
2025-04-17T15:20:00+00:00,1982.2,79.36,371.3,13.71,387.3,29.5,644.6,0.0583,0.82,346.9,121.9,11.3
2025-04-17T15:21:00+00:00,1877.9,83.19,357.6,13.96,369.5,30.0,579.0,0.0647,0.90,346.9,121.9,13.7
2025-04-17T15:22:00+00:00,1758.7,79.86,361.8,13.62,388.4,28.1,685.1,0.0601,0.89,346.9,121.9,13.3
2025-04-17T15:23:00+00:00,2505.8,84.83,341.6,13.70,407.3,28.9,619.1,0.0612,0.83,346.9,121.9,12.1
2025-04-17T15:24:00+00:00,2455.3,87.29,338.3,13.96,403.0,28.5,622.7,0.0642,0.93,346.9,121.9,14.2
2025-04-17T15:25:00+00:00,2014.9,79.67,360.0,13.86,386.9,28.9,629.1,0.0585,0.82,346.9,121.9,11.8
2025-04-17T15:26:00+00:00,2628.4,85.25,337.6,13.92,387.8,28.3,659.6,0.0630,0.88,346.9,121.9,11.6
2025-04-17T15:27:00+00:00,1792.7,83.02,353.4,13.67,372.6,30.7,572.0,0.0632,0.95,346.9,121.9,11.2
2025-04-17T15:28:00+00:00,2075.7,80.03,345.9,13.87,406.8,27.0,618.8,0.0619,1.03,346.9,121.9,13.9
2025-04-17T15:29:00+00:00,2446.5,84.39,340.0,13.58,397.5,25.1,570.9,0.0641,0.87,346.9,121.9,13.1
2025-04-17T15:30:00+00:00,2577.2,83.08,346.8,14.07,405.7,32.4,632.0,0.0646,0.92,346.9,121.9,13.7
2025-04-17T15:31:00+00:00,2035.0,82.42,352.5,13.94,395.2,29.5,620.1,0.0625,0.92,346.9,121.9,13.8
2025-04-17T15:32:00+00:00,1956.7,83.77,360.6,13.49,370.0,27.9,631.1,0.0627,0.93,346.9,121.9,13.1
2025-04-17T15:33:00+00:00,2428.3,83.89,353.8,13.94,402.9,28.3,645.3,0.0615,0.90,346.9,121.9,12.9
2025-04-17T15:34:00+00:00,2492.3,83.66,343.2,14.01,381.1,27.7,653.3,0.0637,0.88,346.9,121.9,11.7
2025-04-17T15:35:00+00:00,1976.5,79.48,353.2,13.81,383.4,27.7,611.1,0.0592,0.91,346.9,121.9,12.4
2025-04-17T15:36:00+00:00,2046.4,85.09,369.6,13.79,372.3,27.5,602.4,0.0642,0.98,346.9,121.9,12.6
2025-04-17T15:37:00+00:00,1857.9,80.21,352.8,13.86,373.0,27.9,558.9,0.0585,0.92,346.9,121.9,14.0
2025-04-17T15:38:00+00:00,2017.5,82.90,337.6,13.60,392.8,28.5,611.3,0.0634,0.97,346.9,121.9,12.1
2025-04-17T15:39:00+00:00,1967.1,84.34,354.3,13.63,388.3,28.3,553.3,0.0616,0.87,346.9,121.9,14.8
2025-04-17T15:40:00+00:00,2112.1,86.23,340.1,13.76,396.8,29.1,603.2,0.0598,0.90,346.9,121.9,13.0
2025-04-17T15:41:00+00:00,2088.0,81.73,369.3,13.87,388.7,29.0,536.4,0.0601,0.94,346.9,121.9,12.5
2025-04-17T15:42:00+00:00,1982.1,79.57,353.7,13.60,409.3,27.6,578.9,0.0587,0.85,346.9,121.9,12.9
2025-04-17T15:43:00+00:00,2069.7,82.61,348.7,13.90,386.6,29.5,564.9,0.0598,0.91,346.9,121.9,11.9
2025-04-17T15:44:00+00:00,2092.8,82.10,343.8,13.92,388.5,28.2,591.9,0.0593,0.86,346.9,121.9,12.1
2025-04-17T15:45:00+00:00,2058.0,82.52,350.3,13.99,405.2,26.1,582.3,0.0589,0.83,346.9,121.9,11.4
2025-04-17T15:46:00+00:00,2124.2,84.14,353.7,13.74,368.6,27.6,576.0,0.0632,0.94,346.9,121.9,11.5
2025-04-17T15:47:00+00:00,2191.6,82.85,339.2,13.80,396.4,30.0,593.9,0.0610,0.98,346.9,121.9,13.5
2025-04-17T15:48:00+00:00,2116.2,82.38,351.7,13.90,379.6,29.5,638.1,0.0617,0.88,346.9,121.9,12.8
2025-04-17T15:49:00+00:00,2116.4,81.66,362.7,13.71,389.0,30.6,543.1,0.0606,0.98,346.9,121.9,11.7
2025-04-17T15:50:00+00:00,2075.5,80.14,343.2,13.85,386.8,31.0,639.4,0.0611,0.97,346.9,121.9,13.5
2025-04-17T15:51:00+00:00,1942.0,83.06,352.9,13.93,407.4,29.7,644.3,0.0588,0.90,346.9,121.9,10.7
2025-04-17T15:52:00+00:00,2066.5,81.51,343.2,13.72,384.4,28.6,571.8,0.0619,0.89,346.9,121.9,13.4
2025-04-17T15:53:00+00:00,1953.4,79.53,359.4,13.72,368.8,26.6,596.7,0.0610,0.86,346.9,121.9,12.4
2025-04-17T15:54:00+00:00,2035.1,86.95,336.8,13.71,375.4,26.6,578.5,0.0596,0.92,346.9,121.9,12.6
2025-04-17T15:55:00+00:00,2060.1,80.04,357.9,13.76,379.8,29.0,574.5,0.0632,0.92,346.9,121.9,13.7
2025-04-17T15:56:00+00:00,2112.6,84.52,343.1,13.78,365.4,30.4,519.4,0.0608,0.98,346.9,121.9,11.3
2025-04-17T15:57:00+00:00,1948.8,80.55,345.3,13.78,390.0,28.2,594.4,0.0618,0.81,346.9,121.9,14.7
2025-04-17T15:58:00+00:00,2106.7,84.15,343.0,13.54,368.9,25.9,572.6,0.0641,0.85,346.9,121.9,12.8
2025-04-17T15:59:00+00:00,2209.5,82.13,342.1,13.80,391.6,28.2,586.5,0.0646,0.90,346.9,121.9,14.6
2025-04-17T16:00:00+00:00,2085.6,81.69,353.0,13.81,372.8,29.0,629.9,0.0613,0.89,346.9,121.9,12.9
2025-04-17T16:01:00+00:00,1973.1,80.50,345.5,13.84,353.1,30.5,577.4,0.0593,0.92,346.9,121.9,12.6
2025-04-17T16:02:00+00:00,2002.9,81.04,347.9,13.82,361.1,26.4,569.0,0.0585,0.84,346.9,121.9,12.2
2025-04-17T16:03:00+00:00,1851.6,81.65,361.5,13.84,377.9,25.5,586.3,0.0599,0.92,346.9,121.9,13.2
2025-04-17T16:04:00+00:00,1820.9,83.96,366.5,14.01,377.3,29.5,604.6,0.0606,0.93,346.9,121.9,12.2
2025-04-17T16:05:00+00:00,2023.9,82.79,336.7,13.93,388.4,30.0,577.4,0.0621,0.96,346.9,121.9,12.1
2025-04-17T16:06:00+00:00,2199.4,84.23,353.6,13.79,404.2,26.8,620.8,0.0601,0.88,346.9,121.9,14.3
2025-04-17T16:07:00+00:00,2079.6,83.05,346.4,13.80,390.2,27.2,580.9,0.0593,0.88,346.9,121.9,12.9
2025-04-17T16:08:00+00:00,1947.8,81.58,354.2,13.89,375.0,30.0,628.4,0.0624,0.87,346.9,121.9,12.5
2025-04-17T16:09:00+00:00,2080.1,83.87,349.0,13.87,367.3,28.8,584.0,0.0637,0.94,346.9,121.9,12.7
2025-04-17T16:10:00+00:00,1859.8,80.17,363.4,13.72,356.1,29.0,614.0,0.0595,0.89,346.9,121.9,11.3
2025-04-17T16:11:00+00:00,1914.1,84.52,347.2,13.75,371.0,25.1,562.4,0.0637,0.92,346.9,121.9,12.7
2025-04-17T16:12:00+00:00,2097.8,81.94,358.8,14.03,403.0,30.4,569.2,0.0612,0.87,346.9,121.9,12.3
2025-04-17T16:13:00+00:00,1970.1,81.64,344.3,13.71,398.9,30.4,645.3,0.0635,0.86,346.9,121.9,11.4
2025-04-17T16:14:00+00:00,1970.5,79.04,336.9,13.67,382.3,29.5,592.8,0.0590,0.86,346.9,121.9,13.1
2025-04-17T16:15:00+00:00,1939.6,81.60,339.3,13.73,346.9,29.1,576.6,0.0677,0.85,346.9,121.9,11.8
2025-04-17T16:16:00+00:00,1804.5,81.71,348.1,13.77,364.7,29.1,602.9,0.0646,0.87,346.9,121.9,13.2
2025-04-17T16:17:00+00:00,2026.4,82.65,361.3,13.79,390.6,30.3,550.6,0.0593,0.90,346.9,121.9,12.2
2025-04-17T16:18:00+00:00,2049.0,79.00,357.3,14.07,382.4,29.6,618.4,0.0646,0.96,346.9,121.9,13.1
2025-04-17T16:19:00+00:00,2082.8,82.68,339.9,13.48,386.5,31.0,534.3,0.0594,0.88,346.9,121.9,12.3
2025-04-17T16:20:00+00:00,2122.5,82.86,333.2,13.65,403.7,25.3,556.3,0.0592,0.84,346.9,121.9,12.3
2025-04-17T16:21:00+00:00,2173.1,86.58,365.2,13.61,394.9,28.6,635.7,0.0651,0.94,346.9,121.9,12.8
2025-04-17T16:22:00+00:00,2137.2,83.45,338.9,13.68,396.0,28.5,600.0,0.0595,0.86,346.9,121.9,13.3
2025-04-17T16:23:00+00:00,2067.1,82.85,353.0,14.20,387.5,25.7,658.7,0.0596,0.90,346.9,121.9,14.2
2025-04-17T16:24:00+00:00,2241.2,82.32,347.4,13.96,393.1,29.9,593.1,0.0685,0.94,346.9,121.9,12.8
2025-04-17T16:25:00+00:00,1124.3,79.47,360.3,14.06,364.1,32.0,557.3,0.0549,0.95,346.9,121.9,12.9
2025-04-17T16:26:00+00:00,1051.3,77.57,353.3,13.67,353.6,29.0,543.0,0.0552,0.83,346.9,121.9,12.9
2025-04-17T16:27:00+00:00,1055.9,79.45,364.4,13.91,341.5,27.2,601.1,0.0538,0.87,346.9,121.9,11.8
2025-04-17T16:28:00+00:00,1037.1,81.98,338.6,13.57,354.9,28.6,564.9,0.0630,0.94,346.9,121.9,12.9
2025-04-17T16:29:00+00:00,1010.3,80.59,347.2,13.77,366.0,28.3,573.2,0.0536,0.85,346.9,121.9,12.6
2025-04-17T16:30:00+00:00,995.4,79.76,361.7,13.71,353.1,27.6,608.5,0.0537,0.88,346.9,121.9,14.4
2025-04-17T16:31:00+00:00,1025.7,76.86,350.0,13.81,345.5,29.0,564.3,0.0552,0.89,346.9,121.9,11.7
2025-04-17T16:32:00+00:00,925.1,77.99,350.5,13.88,355.7,27.7,501.9,0.0533,0.89,346.9,121.9,10.7
2025-04-17T16:33:00+00:00,912.7,77.34,361.2,13.77,342.2,27.6,591.9,0.0528,0.84,346.9,121.9,12.5
2025-04-17T16:34:00+00:00,1040.0,78.44,367.1,13.86,350.8,28.0,591.8,0.0537,0.87,346.9,121.9,14.3
2025-04-17T16:35:00+00:00,931.8,77.92,348.2,13.85,349.7,27.7,522.6,0.0537,0.91,346.9,121.9,12.0
2025-04-17T16:36:00+00:00,1076.8,80.59,365.5,13.42,346.8,28.1,562.7,0.0540,0.76,346.9,121.9,12.6
2025-04-18T06:00:00+00:00,951.3,79.45,361.2,13.64,349.8,28.0,554.3,0.0511,0.47,305.3,125.3,7.2
2025-04-18T06:01:00+00:00,1025.0,79.86,352.1,13.98,340.3,26.7,570.3,0.0485,0.36,305.3,125.3,7.2
2025-04-18T06:02:00+00:00,900.3,77.05,359.4,13.89,348.4,26.2,575.8,0.0489,0.46,305.3,125.3,8.4
2025-04-18T06:03:00+00:00,899.0,79.02,357.2,13.77,343.9,27.5,536.0,0.0487,0.43,305.3,125.3,5.8
2025-04-18T06:04:00+00:00,952.3,79.15,365.0,13.85,325.3,28.9,547.2,0.0487,0.41,305.3,125.3,7.2
2025-04-18T06:05:00+00:00,996.1,78.50,360.7,13.84,372.6,27.2,519.1,0.0493,0.40,305.3,125.3,6.3
2025-04-18T06:06:00+00:00,1026.2,78.78,371.3,13.83,356.7,27.2,609.7,0.0496,0.36,305.3,125.3,7.6
2025-04-18T06:07:00+00:00,1097.1,76.89,355.0,13.89,343.1,27.4,545.5,0.0502,0.40,305.3,125.3,8.2
2025-04-18T06:08:00+00:00,968.4,79.50,355.9,13.95,368.0,30.2,565.2,0.0526,0.40,305.3,125.3,7.2
2025-04-18T06:09:00+00:00,934.7,77.36,362.3,13.69,351.2,28.6,491.5,0.0485,0.42,305.3,125.3,8.1
2025-04-18T06:10:00+00:00,897.7,78.40,361.0,13.82,330.8,28.1,562.5,0.0480,0.38,305.3,125.3,7.8
2025-04-18T06:11:00+00:00,1112.4,76.92,345.5,13.80,351.6,27.6,508.1,0.0543,0.33,305.3,125.3,7.8
2025-04-18T06:12:00+00:00,874.6,78.32,350.9,13.85,351.0,28.8,507.4,0.0486,0.35,305.3,125.3,6.6
2025-04-18T06:13:00+00:00,1799.0,81.71,362.3,13.72,384.9,29.5,586.7,0.0540,0.40,305.3,125.3,7.4
2025-04-18T06:14:00+00:00,1997.1,80.06,336.4,13.70,378.8,27.7,571.6,0.0586,0.36,305.3,125.3,8.2
2025-04-18T06:15:00+00:00,2078.4,82.97,348.8,13.84,388.2,30.2,656.6,0.0552,0.43,305.3,125.3,6.8
2025-04-18T06:16:00+00:00,1941.0,83.13,339.6,13.99,387.4,28.0,590.0,0.0612,0.42,305.3,125.3,5.4
2025-04-18T06:17:00+00:00,2033.7,81.82,344.6,13.90,395.7,28.0,627.9,0.0536,0.34,305.3,125.3,7.0
2025-04-18T06:18:00+00:00,1977.8,81.18,343.5,13.65,384.4,29.8,570.1,0.0557,0.42,305.3,125.3,9.2
2025-04-18T06:19:00+00:00,2017.3,81.42,341.0,13.57,372.5,28.8,552.9,0.0548,0.44,305.3,125.3,6.9
2025-04-18T06:20:00+00:00,2085.9,83.47,353.9,13.46,374.6,23.8,624.8,0.0548,0.41,305.3,125.3,7.5
2025-04-18T06:21:00+00:00,1828.7,81.80,348.0,14.01,374.0,27.5,564.3,0.0538,0.46,305.3,125.3,8.2
2025-04-18T06:22:00+00:00,1975.3,81.53,332.5,14.00,368.4,28.1,594.0,0.0534,0.33,305.3,125.3,6.4
2025-04-18T06:23:00+00:00,2091.5,82.29,353.3,13.76,379.9,28.9,668.4,0.0595,0.41,305.3,125.3,9.6
2025-04-18T06:24:00+00:00,2208.1,83.61,339.2,13.77,383.8,30.1,561.4,0.0591,0.36,305.3,125.3,8.9
2025-04-18T06:25:00+00:00,1955.6,81.46,350.4,13.93,366.3,30.9,599.3,0.0600,0.42,305.3,125.3,7.3
2025-04-18T06:26:00+00:00,2144.7,81.12,352.3,13.86,395.1,29.6,559.3,0.0542,0.33,305.3,125.3,6.8
2025-04-18T06:27:00+00:00,2015.9,81.68,362.4,13.75,380.1,30.3,586.5,0.0543,0.41,305.3,125.3,6.1
2025-04-18T06:28:00+00:00,1787.3,81.08,347.3,13.87,394.2,28.4,523.5,0.0541,0.31,305.3,125.3,6.3
2025-04-18T06:29:00+00:00,2226.0,83.70,353.0,13.79,372.5,29.4,654.6,0.0605,0.43,305.3,125.3,6.3
2025-04-18T06:30:00+00:00,2166.2,83.50,349.6,13.97,367.8,26.9,586.0,0.0574,0.34,305.3,125.3,7.2
2025-04-18T06:31:00+00:00,2033.9,82.58,343.1,13.83,384.4,27.4,645.2,0.0538,0.34,305.3,125.3,7.8
2025-04-18T06:32:00+00:00,1972.0,80.07,351.9,13.58,372.4,27.1,557.6,0.0542,0.40,305.3,125.3,7.5
2025-04-18T06:33:00+00:00,1812.9,83.05,353.7,13.85,365.5,28.0,566.8,0.0530,0.38,305.3,125.3,8.7
2025-04-18T06:34:00+00:00,1962.7,82.31,359.7,13.95,362.5,28.5,610.4,0.0543,0.43,305.3,125.3,6.0
2025-04-18T06:35:00+00:00,2117.1,82.07,351.9,13.71,390.3,27.0,569.2,0.0545,0.37,305.3,125.3,8.1
2025-04-18T06:36:00+00:00,2113.6,81.55,340.1,13.57,386.4,29.0,587.3,0.0541,0.33,305.3,125.3,6.6
2025-04-18T06:37:00+00:00,1975.9,81.15,347.7,13.84,396.6,27.4,562.6,0.0553,0.38,305.3,125.3,6.1
2025-04-18T06:38:00+00:00,2006.8,82.37,337.6,13.67,381.8,30.4,580.1,0.0542,0.38,305.3,125.3,6.4
2025-04-18T06:39:00+00:00,1966.5,84.38,350.2,13.65,358.5,26.8,575.0,0.0532,0.31,305.3,125.3,7.8
2025-04-18T06:40:00+00:00,1960.7,79.63,355.3,13.97,370.8,26.9,625.3,0.0547,0.45,305.3,125.3,6.7
2025-04-18T06:41:00+00:00,2014.2,82.43,341.9,13.80,391.2,28.0,606.4,0.0542,0.39,305.3,125.3,7.7
2025-04-18T06:42:00+00:00,2084.3,83.40,347.0,13.84,386.7,26.6,662.3,0.0535,0.29,305.3,125.3,7.1
2025-04-18T06:43:00+00:00,1973.4,83.13,359.4,13.91,373.5,26.6,614.5,0.0575,0.41,305.3,125.3,6.7
2025-04-18T06:44:00+00:00,1790.7,79.89,341.6,13.76,379.4,28.8,645.6,0.0532,0.40,305.3,125.3,8.9
2025-04-18T06:45:00+00:00,2015.1,82.40,363.7,13.86,386.2,28.6,626.8,0.0613,0.37,305.3,125.3,7.8
2025-04-18T06:46:00+00:00,2116.2,81.17,345.4,13.53,382.3,26.8,655.0,0.0553,0.42,305.3,125.3,8.0
2025-04-18T06:47:00+00:00,2091.9,82.22,351.2,13.79,388.0,29.1,576.7,0.0569,0.48,305.3,125.3,4.4
2025-04-18T06:48:00+00:00,1984.2,83.12,360.5,13.83,388.9,31.0,633.8,0.0580,0.35,305.3,125.3,8.7
2025-04-18T06:49:00+00:00,1975.4,82.85,341.0,13.86,375.8,27.9,562.3,0.0538,0.37,305.3,125.3,8.5
2025-04-18T06:50:00+00:00,1947.3,81.90,358.6,13.70,375.1,28.9,607.5,0.0583,0.41,305.3,125.3,8.0
2025-04-18T06:51:00+00:00,2157.4,79.49,337.2,13.54,379.3,27.3,614.5,0.0549,0.40,305.3,125.3,7.1
2025-04-18T06:52:00+00:00,1995.1,83.56,356.6,13.69,392.2,27.7,655.4,0.0540,0.38,305.3,125.3,6.5
2025-04-18T06:53:00+00:00,1804.3,79.15,348.2,14.01,374.9,30.3,602.4,0.0630,0.43,305.3,125.3,8.3
2025-04-18T06:54:00+00:00,2049.6,84.04,346.4,13.87,380.6,27.3,593.1,0.0549,0.45,305.3,125.3,7.4
2025-04-18T06:55:00+00:00,1985.2,81.02,344.8,13.71,390.2,30.1,574.3,0.0544,0.44,305.3,125.3,7.0
2025-04-18T06:56:00+00:00,1930.1,79.75,351.0,13.62,352.7,29.1,564.2,0.0568,0.39,305.3,125.3,8.3
2025-04-18T06:57:00+00:00,2184.7,80.68,355.0,13.80,415.7,28.7,613.1,0.0598,0.44,305.3,125.3,7.7
2025-04-18T06:58:00+00:00,2193.6,80.72,348.1,13.85,392.5,29.0,584.1,0.0552,0.39,305.3,125.3,7.8
2025-04-18T06:59:00+00:00,2062.4,83.74,339.1,13.97,368.4,31.1,663.0,0.0657,0.45,305.3,125.3,9.7
2025-04-18T07:00:00+00:00,1969.5,83.42,349.6,13.41,379.5,29.7,573.5,0.0613,0.47,305.3,125.3,6.9
2025-04-18T07:01:00+00:00,2160.6,81.87,333.0,13.77,377.8,29.6,576.0,0.0550,0.38,305.3,125.3,6.1
2025-04-18T07:02:00+00:00,1945.9,83.37,358.9,13.75,407.6,28.2,601.9,0.0601,0.34,305.3,125.3,7.5
2025-04-18T07:03:00+00:00,2040.6,86.20,354.9,13.84,361.6,29.6,603.9,0.0545,0.40,305.3,125.3,6.5
2025-04-18T07:04:00+00:00,2039.7,83.85,350.2,13.72,380.5,28.0,545.5,0.0551,0.46,305.3,125.3,7.2
2025-04-18T07:05:00+00:00,2196.1,84.34,347.6,13.75,380.3,28.3,608.9,0.0560,0.47,305.3,125.3,8.0
2025-04-18T07:06:00+00:00,1767.2,79.51,360.3,13.89,363.4,27.5,564.7,0.0536,0.45,305.3,125.3,8.1
2025-04-18T07:07:00+00:00,2452.4,84.21,346.0,13.71,372.7,29.5,624.5,0.0611,0.30,305.3,125.3,7.2
2025-04-18T07:08:00+00:00,2243.4,82.71,349.4,14.18,396.0,28.4,595.6,0.0572,0.42,305.3,125.3,8.0
2025-04-18T07:09:00+00:00,1980.9,82.24,338.4,13.47,379.0,28.5,560.4,0.0582,0.39,305.3,125.3,6.9
2025-04-18T07:10:00+00:00,1990.8,82.58,359.6,13.54,396.0,25.0,618.2,0.0595,0.38,305.3,125.3,7.2
2025-04-18T07:11:00+00:00,2052.7,81.15,341.7,13.76,407.9,31.0,595.3,0.0544,0.39,305.3,125.3,7.3
2025-04-18T07:12:00+00:00,2480.6,82.97,347.8,13.72,398.1,28.3,641.6,0.0591,0.34,305.3,125.3,8.2
2025-04-18T07:13:00+00:00,1996.6,82.73,343.8,13.78,390.3,25.5,551.8,0.0541,0.37,305.3,125.3,8.6
2025-04-18T07:14:00+00:00,1996.2,83.04,340.8,13.67,356.8,30.7,601.5,0.0547,0.42,305.3,125.3,6.7
2025-04-18T07:15:00+00:00,1976.7,83.66,357.5,13.67,368.5,30.0,526.3,0.0538,0.37,305.3,125.3,7.8
2025-04-18T07:16:00+00:00,1926.9,81.97,347.6,13.82,388.5,28.2,601.6,0.0532,0.35,305.3,125.3,7.0
2025-04-18T07:17:00+00:00,2390.6,81.77,339.0,13.74,385.8,28.8,595.6,0.0582,0.44,305.3,125.3,8.6
2025-04-18T07:18:00+00:00,2109.4,85.35,340.9,13.95,394.4,30.1,631.1,0.0549,0.40,305.3,125.3,8.2
2025-04-18T07:19:00+00:00,1960.7,80.15,356.3,13.88,375.0,27.1,649.2,0.0562,0.48,305.3,125.3,6.8
2025-04-18T07:20:00+00:00,1850.6,83.12,343.5,14.09,360.5,28.7,554.5,0.0575,0.36,305.3,125.3,8.3
2025-04-18T07:21:00+00:00,2105.1,79.72,346.1,13.73,369.3,31.5,593.2,0.0551,0.43,305.3,125.3,8.1
2025-04-18T07:22:00+00:00,2363.8,80.45,358.0,13.97,413.0,29.4,610.8,0.0593,0.35,305.3,125.3,7.4
2025-04-18T07:23:00+00:00,2169.8,81.69,358.5,13.59,395.7,26.7,623.9,0.0660,0.46,305.3,125.3,7.5
2025-04-18T07:24:00+00:00,1995.0,79.08,347.2,13.76,382.6,27.1,611.3,0.0572,0.44,305.3,125.3,7.6
2025-04-18T07:25:00+00:00,2002.5,87.00,355.1,13.70,389.0,27.0,553.9,0.0599,0.54,305.3,125.3,7.0
2025-04-18T07:26:00+00:00,2382.7,84.77,353.1,14.06,405.0,30.4,608.3,0.0570,0.48,305.3,125.3,8.3
2025-04-18T07:27:00+00:00,1841.0,80.48,351.1,14.01,355.8,30.1,542.3,0.0545,0.45,305.3,125.3,7.6
2025-04-18T07:28:00+00:00,1861.5,83.75,355.1,13.51,369.0,27.5,581.1,0.0583,0.48,305.3,125.3,7.0
2025-04-18T07:29:00+00:00,2044.1,82.52,356.2,13.56,401.8,26.1,602.3,0.0608,0.32,305.3,125.3,7.8
2025-04-18T07:30:00+00:00,2040.5,83.85,345.7,13.96,350.7,29.4,638.8,0.0540,0.35,305.3,125.3,7.8
2025-04-18T07:31:00+00:00,2080.0,80.02,348.8,13.88,391.0,28.8,594.9,0.0546,0.40,305.3,125.3,6.6
2025-04-18T07:32:00+00:00,2017.6,82.41,340.7,13.69,395.7,33.8,568.2,0.0548,0.44,305.3,125.3,6.5
2025-04-18T07:33:00+00:00,2145.2,80.87,355.0,13.85,377.6,29.3,592.0,0.0550,0.40,305.3,125.3,8.4
2025-04-18T07:34:00+00:00,2496.8,81.79,335.5,13.84,413.1,26.8,638.3,0.0595,0.42,305.3,125.3,8.4
2025-04-18T07:35:00+00:00,1978.1,82.30,334.4,13.79,396.0,27.3,542.6,0.0553,0.33,305.3,125.3,7.8
2025-04-18T07:36:00+00:00,1925.3,82.70,360.2,13.70,392.8,26.1,558.9,0.0542,0.42,305.3,125.3,7.1
2025-04-18T07:37:00+00:00,2056.7,81.81,355.0,13.78,391.1,29.9,631.8,0.0571,0.45,305.3,125.3,5.0
2025-04-18T07:38:00+00:00,2026.8,82.24,330.8,13.60,374.8,29.5,624.2,0.0577,0.38,305.3,125.3,7.3
2025-04-18T07:39:00+00:00,1996.8,76.32,340.0,13.64,380.4,28.7,612.7,0.0548,0.47,305.3,125.3,6.6
2025-04-18T07:40:00+00:00,2041.4,82.98,343.3,13.73,408.5,29.3,654.8,0.0586,0.43,305.3,125.3,6.5
2025-04-18T07:41:00+00:00,2118.3,80.84,353.3,13.62,384.2,29.6,569.3,0.0663,0.43,305.3,125.3,8.1
2025-04-18T07:42:00+00:00,2149.3,80.82,354.4,13.93,374.1,27.5,638.2,0.0560,0.36,305.3,125.3,6.5
2025-04-18T07:43:00+00:00,2024.8,83.64,349.6,13.89,379.3,28.3,651.6,0.0632,0.42,305.3,125.3,4.8
2025-04-18T07:44:00+00:00,2069.5,84.27,339.6,13.99,407.4,27.0,609.4,0.0549,0.41,305.3,125.3,7.6
2025-04-18T07:45:00+00:00,1983.3,83.29,351.3,13.64,375.4,26.6,590.7,0.0544,0.42,305.3,125.3,6.5
2025-04-18T07:46:00+00:00,1922.9,83.53,342.9,13.80,394.2,29.4,630.5,0.0545,0.45,305.3,125.3,5.4
2025-04-18T07:47:00+00:00,1847.4,83.39,354.7,13.73,378.9,29.8,559.5,0.0538,0.37,305.3,125.3,8.4
2025-04-18T07:48:00+00:00,1943.8,79.80,353.1,13.70,362.3,30.9,647.3,0.0535,0.37,305.3,125.3,7.5
2025-04-18T07:49:00+00:00,2035.0,82.86,362.7,13.81,369.8,27.8,646.8,0.0541,0.37,305.3,125.3,9.3
2025-04-18T07:50:00+00:00,1940.4,78.95,334.6,13.83,384.7,27.5,616.1,0.0542,0.43,305.3,125.3,8.2
2025-04-18T07:51:00+00:00,2021.8,82.33,348.6,13.59,401.2,26.6,592.5,0.0553,0.50,305.3,125.3,6.3
2025-04-18T07:52:00+00:00,1880.2,80.53,347.2,13.51,382.5,29.1,620.9,0.0648,0.44,305.3,125.3,8.0
2025-04-18T07:53:00+00:00,1942.8,83.02,358.6,13.94,369.4,29.7,620.6,0.0534,0.35,305.3,125.3,7.7
2025-04-18T07:54:00+00:00,1794.6,82.80,364.1,13.87,359.9,29.8,655.6,0.0525,0.34,305.3,125.3,8.6
2025-04-18T07:55:00+00:00,2017.3,81.15,351.8,13.78,392.1,28.2,629.3,0.0560,0.35,305.3,125.3,7.8
2025-04-18T07:56:00+00:00,1949.2,82.56,343.1,13.84,367.6,29.8,590.3,0.0542,0.42,305.3,125.3,7.7
2025-04-18T07:57:00+00:00,2068.3,81.35,362.3,14.03,377.4,26.3,616.1,0.0562,0.41,305.3,125.3,9.0
2025-04-18T07:58:00+00:00,2029.8,83.66,352.8,13.74,375.0,28.8,598.4,0.0540,0.37,305.3,125.3,6.5
2025-04-18T07:59:00+00:00,2058.0,82.74,348.5,13.70,376.3,29.5,643.8,0.0545,0.39,305.3,125.3,8.0
2025-04-18T08:00:00+00:00,2010.6,81.46,348.3,13.92,382.3,30.0,566.3,0.0538,0.37,305.3,125.3,6.2
2025-04-18T08:01:00+00:00,1926.8,82.34,351.6,13.67,391.8,26.0,610.4,0.0553,0.40,305.3,125.3,6.4
2025-04-18T08:02:00+00:00,1813.5,80.95,356.1,13.99,362.2,27.3,600.3,0.0525,0.33,305.3,125.3,8.1
2025-04-18T08:03:00+00:00,1827.0,80.52,350.9,13.97,364.1,27.4,624.8,0.0554,0.42,305.3,125.3,7.0
2025-04-18T08:04:00+00:00,1939.5,82.35,351.9,13.92,375.7,29.2,613.6,0.0551,0.43,305.3,125.3,6.6
2025-04-18T08:05:00+00:00,2230.8,83.14,358.8,13.95,371.1,27.4,595.4,0.0547,0.33,305.3,125.3,6.5
2025-04-18T08:06:00+00:00,2042.6,82.70,353.0,13.73,378.6,28.3,601.2,0.0537,0.32,305.3,125.3,7.8
2025-04-18T08:07:00+00:00,1878.8,82.24,358.6,13.75,365.7,27.5,579.5,0.0532,0.37,305.3,125.3,6.7
2025-04-18T08:08:00+00:00,2150.7,82.94,342.0,13.70,398.7,27.4,611.2,0.0555,0.46,305.3,125.3,9.0
2025-04-18T08:09:00+00:00,1996.5,79.86,364.5,13.92,370.9,26.6,636.4,0.0561,0.32,305.3,125.3,5.8
2025-04-18T08:10:00+00:00,2100.2,83.28,356.4,13.62,384.7,27.8,530.9,0.0551,0.45,305.3,125.3,8.5
2025-04-18T08:11:00+00:00,2057.3,83.25,331.3,13.73,373.9,28.4,621.4,0.0545,0.36,305.3,125.3,6.9
2025-04-18T08:12:00+00:00,1989.6,82.16,353.5,14.04,383.6,29.0,600.9,0.0551,0.49,305.3,125.3,6.8
2025-04-18T08:13:00+00:00,1988.2,81.65,354.1,13.61,385.6,29.7,654.1,0.0602,0.46,305.3,125.3,8.4
2025-04-18T08:14:00+00:00,1959.4,82.52,354.4,13.50,405.0,29.7,580.3,0.0555,0.34,305.3,125.3,8.2
2025-04-18T08:15:00+00:00,2043.8,81.21,350.4,13.70,366.9,27.2,650.7,0.0538,0.35,305.3,125.3,5.2
2025-04-18T08:16:00+00:00,2074.4,80.85,350.0,13.85,387.3,26.3,591.9,0.0561,0.39,305.3,125.3,8.3
2025-04-18T08:17:00+00:00,1886.3,83.88,346.9,13.72,371.4,29.4,603.9,0.0621,0.45,305.3,125.3,7.0
2025-04-18T08:18:00+00:00,1992.8,80.22,344.5,13.86,387.2,26.5,636.2,0.0546,0.45,305.3,125.3,7.6
2025-04-18T08:19:00+00:00,1890.7,80.43,337.9,13.71,394.7,31.4,610.3,0.0542,0.46,305.3,125.3,6.7
2025-04-18T08:20:00+00:00,1916.3,82.97,352.2,13.89,366.2,27.1,588.2,0.0539,0.40,305.3,125.3,6.7
2025-04-18T08:21:00+00:00,1915.6,80.96,350.3,13.78,391.4,28.6,578.9,0.0540,0.37,305.3,125.3,9.6
2025-04-18T08:22:00+00:00,2254.5,83.74,370.1,13.38,403.4,30.3,606.3,0.0623,0.47,305.3,125.3,8.1
2025-04-18T08:23:00+00:00,2142.0,79.54,348.8,13.95,354.4,29.0,553.1,0.0549,0.40,305.3,125.3,7.1
2025-04-18T08:24:00+00:00,1942.9,79.55,353.0,13.63,382.6,29.1,601.6,0.0547,0.49,305.3,125.3,7.2
2025-04-18T08:25:00+00:00,1992.3,82.13,332.4,13.64,390.4,30.1,622.5,0.0652,0.45,305.3,125.3,6.8
2025-04-18T08:26:00+00:00,2120.9,82.60,354.6,13.75,369.4,27.5,656.6,0.0585,0.48,305.3,125.3,6.4
2025-04-18T08:27:00+00:00,938.6,76.72,357.3,13.68,363.4,30.3,590.0,0.0492,0.46,305.3,125.3,6.6
2025-04-18T08:28:00+00:00,976.5,77.47,349.8,14.07,365.0,27.2,600.4,0.0487,0.38,305.3,125.3,7.5
2025-04-18T08:29:00+00:00,1068.4,80.08,359.5,13.67,342.0,29.0,517.2,0.0508,0.41,305.3,125.3,6.4
2025-04-18T08:30:00+00:00,1070.0,77.44,342.1,13.79,324.2,31.0,601.0,0.0484,0.31,305.3,125.3,7.5
2025-04-18T08:31:00+00:00,964.4,80.82,353.8,13.89,342.0,28.4,495.6,0.0474,0.29,305.3,125.3,7.5
2025-04-18T08:32:00+00:00,905.0,78.13,360.2,13.84,352.6,31.0,524.3,0.0487,0.43,305.3,125.3,8.7
2025-04-18T08:33:00+00:00,858.4,77.87,354.4,13.86,357.3,29.7,505.8,0.0570,0.42,305.3,125.3,8.7
2025-04-18T08:34:00+00:00,926.7,77.90,349.4,13.79,360.0,27.0,500.1,0.0486,0.41,305.3,125.3,6.6
2025-04-18T08:35:00+00:00,882.6,76.73,373.7,13.76,360.3,28.8,599.6,0.0481,0.38,305.3,125.3,8.9
2025-04-18T08:36:00+00:00,1132.9,76.44,350.7,13.87,338.7,28.2,577.9,0.0512,0.42,305.3,125.3,7.9
2025-04-18T08:37:00+00:00,949.9,80.34,357.1,13.69,328.9,26.7,605.3,0.0587,0.37,305.3,125.3,9.7
2025-04-18T08:38:00+00:00,959.7,77.50,360.4,13.72,353.0,28.9,532.7,0.0476,0.29,305.3,125.3,7.6
2025-04-18T14:00:00+00:00,955.2,78.64,372.6,13.74,352.6,30.2,528.7,0.0485,0.37,305.3,125.3,6.3
2025-04-18T14:01:00+00:00,1074.5,77.35,345.3,13.67,338.3,27.8,577.3,0.0520,0.40,305.3,125.3,8.2
2025-04-18T14:02:00+00:00,1085.9,78.12,357.7,14.09,346.4,28.3,527.6,0.0493,0.40,305.3,125.3,5.2
2025-04-18T14:03:00+00:00,891.3,80.11,350.2,14.02,347.5,28.4,584.2,0.0473,0.29,305.3,125.3,8.4
2025-04-18T14:04:00+00:00,1034.2,77.36,347.5,14.01,324.7,30.7,571.4,0.0515,0.38,305.3,125.3,8.1
2025-04-18T14:05:00+00:00,1193.2,79.75,354.2,13.39,366.1,30.2,517.0,0.0497,0.38,305.3,125.3,6.9
2025-04-18T14:06:00+00:00,1021.2,79.98,356.0,13.50,345.8,28.4,543.1,0.0493,0.42,305.3,125.3,9.9
2025-04-18T14:07:00+00:00,891.7,80.96,375.4,13.83,374.2,29.4,553.9,0.0479,0.36,305.3,125.3,5.9
2025-04-18T14:08:00+00:00,885.0,80.72,358.3,13.84,354.2,26.0,553.3,0.0522,0.45,305.3,125.3,6.1
2025-04-18T14:09:00+00:00,954.7,79.91,345.1,13.56,344.8,30.2,588.2,0.0492,0.46,305.3,125.3,5.8
2025-04-18T14:10:00+00:00,966.9,81.01,344.2,13.86,360.5,28.3,575.5,0.0514,0.34,305.3,125.3,5.1
2025-04-18T14:11:00+00:00,943.2,80.62,362.0,13.90,346.5,30.9,541.0,0.0483,0.37,305.3,125.3,7.2
2025-04-18T14:12:00+00:00,981.5,79.75,356.2,13.88,339.9,27.6,543.9,0.0491,0.44,305.3,125.3,6.2
2025-04-18T14:13:00+00:00,974.6,77.53,358.4,13.75,339.7,30.3,551.2,0.0553,0.43,305.3,125.3,8.5
2025-04-18T14:14:00+00:00,2070.5,81.48,341.2,13.62,389.8,30.3,611.6,0.0584,0.46,305.3,125.3,5.3
2025-04-18T14:15:00+00:00,2025.4,79.40,357.6,13.86,382.7,28.4,630.3,0.0568,0.39,305.3,125.3,8.1
2025-04-18T14:16:00+00:00,2074.3,81.45,344.4,13.86,387.2,27.8,585.5,0.0616,0.39,305.3,125.3,8.3
2025-04-18T14:17:00+00:00,2023.7,81.55,333.6,13.86,376.4,29.5,640.1,0.0551,0.46,305.3,125.3,6.8
2025-04-18T14:18:00+00:00,2025.6,81.69,354.5,13.87,400.6,32.4,617.2,0.0531,0.29,305.3,125.3,7.9
2025-04-18T14:19:00+00:00,2078.8,82.05,346.3,13.77,355.1,31.7,561.7,0.0553,0.47,305.3,125.3,8.0
2025-04-18T14:20:00+00:00,1992.4,81.67,352.6,13.53,378.0,28.2,630.7,0.0560,0.37,305.3,125.3,7.6
2025-04-18T14:21:00+00:00,2040.2,81.11,341.0,14.08,383.9,30.9,551.5,0.0539,0.35,305.3,125.3,8.1
2025-04-18T14:22:00+00:00,2060.0,83.81,356.2,13.80,398.8,26.7,613.9,0.0545,0.41,305.3,125.3,6.3
2025-04-18T14:23:00+00:00,1967.3,78.30,360.9,13.57,375.4,29.1,616.6,0.0549,0.49,305.3,125.3,7.3
2025-04-18T14:24:00+00:00,2166.8,82.34,341.9,13.77,380.1,27.4,635.6,0.0547,0.37,305.3,125.3,5.8
2025-04-18T14:25:00+00:00,1874.7,81.16,346.0,13.74,375.6,26.3,625.2,0.0583,0.34,305.3,125.3,6.8
2025-04-18T14:26:00+00:00,1929.7,81.54,340.8,13.87,397.3,24.8,612.0,0.0539,0.41,305.3,125.3,6.7
2025-04-18T14:27:00+00:00,1941.4,82.02,343.5,13.62,370.8,33.0,542.1,0.0542,0.43,305.3,125.3,7.6
2025-04-18T14:28:00+00:00,1830.9,82.34,347.4,13.71,393.3,26.1,573.2,0.0560,0.26,305.3,125.3,7.6
2025-04-18T14:29:00+00:00,2132.9,81.67,350.9,13.67,383.0,29.1,576.6,0.0588,0.39,305.3,125.3,5.4
2025-04-18T14:30:00+00:00,1946.0,82.84,354.5,13.86,381.8,28.8,567.0,0.0546,0.39,305.3,125.3,7.9
2025-04-18T14:31:00+00:00,1953.7,82.77,346.9,13.89,401.8,28.7,570.9,0.0644,0.29,305.3,125.3,6.9
2025-04-18T14:32:00+00:00,2239.5,82.28,362.6,13.99,384.8,25.9,598.8,0.0612,0.45,305.3,125.3,6.4
2025-04-18T14:33:00+00:00,2025.0,80.88,348.2,14.17,375.9,27.6,581.4,0.0690,0.41,305.3,125.3,8.2
2025-04-18T14:34:00+00:00,1950.8,79.49,356.8,13.84,381.2,28.1,575.9,0.0603,0.34,305.3,125.3,6.5
2025-04-18T14:35:00+00:00,2073.6,84.66,353.7,13.79,375.5,29.3,625.8,0.0539,0.33,305.3,125.3,5.6
2025-04-18T14:36:00+00:00,2184.2,82.54,350.7,13.82,383.0,26.7,606.1,0.0588,0.41,305.3,125.3,6.5
2025-04-18T14:37:00+00:00,2035.7,84.81,347.8,13.60,384.7,28.6,579.3,0.0557,0.37,305.3,125.3,8.9
2025-04-18T14:38:00+00:00,1868.8,82.06,357.3,13.87,386.3,27.2,577.6,0.0551,0.38,305.3,125.3,7.5
2025-04-18T14:39:00+00:00,1992.1,83.77,347.3,13.74,374.2,29.0,603.0,0.0582,0.40,305.3,125.3,8.7
2025-04-18T14:40:00+00:00,1912.4,79.71,351.7,13.89,392.1,26.8,617.1,0.0550,0.51,305.3,125.3,6.7
2025-04-18T14:41:00+00:00,1801.1,79.86,344.9,14.13,367.9,27.9,577.2,0.0571,0.29,305.3,125.3,8.6
2025-04-18T14:42:00+00:00,2357.2,83.71,339.8,13.77,383.1,30.1,584.5,0.0559,0.36,305.3,125.3,5.3
2025-04-18T14:43:00+00:00,1880.2,81.31,345.3,13.90,362.6,27.7,606.8,0.0614,0.42,305.3,125.3,6.7
2025-04-18T14:44:00+00:00,1985.6,81.71,356.9,13.86,384.4,29.9,591.8,0.0626,0.36,305.3,125.3,8.5
2025-04-18T14:45:00+00:00,2087.7,81.01,366.1,13.75,379.5,27.0,566.0,0.0578,0.34,305.3,125.3,7.7
2025-04-18T14:46:00+00:00,1929.3,83.00,354.9,13.71,370.4,28.5,609.9,0.0668,0.37,305.3,125.3,7.6
2025-04-18T14:47:00+00:00,1925.9,80.04,350.9,13.90,388.5,29.7,624.6,0.0538,0.39,305.3,125.3,7.0
2025-04-18T14:48:00+00:00,2061.4,82.17,340.0,13.92,382.2,28.7,602.4,0.0560,0.39,305.3,125.3,6.6
2025-04-18T14:49:00+00:00,2008.9,82.37,331.2,13.95,371.9,28.3,568.9,0.0545,0.41,305.3,125.3,6.8
2025-04-18T14:50:00+00:00,2106.7,82.24,349.0,13.80,405.2,29.3,599.7,0.0549,0.40,305.3,125.3,6.6
2025-04-18T14:51:00+00:00,2102.1,81.97,340.0,13.75,399.1,27.9,574.4,0.0567,0.43,305.3,125.3,7.8
2025-04-18T14:52:00+00:00,2201.5,81.57,336.8,13.76,361.1,26.4,610.7,0.0564,0.44,305.3,125.3,6.1
2025-04-18T14:53:00+00:00,2196.6,83.07,355.0,13.96,383.4,31.2,626.7,0.0617,0.35,305.3,125.3,8.3
2025-04-18T14:54:00+00:00,1852.7,80.13,355.9,13.76,365.5,29.8,573.0,0.0609,0.42,305.3,125.3,8.0
2025-04-18T14:55:00+00:00,1879.5,80.46,345.7,13.96,382.6,28.7,612.6,0.0539,0.41,305.3,125.3,6.6
2025-04-18T14:56:00+00:00,1930.0,81.61,335.4,13.81,385.4,28.4,576.5,0.0533,0.36,305.3,125.3,7.2
2025-04-18T14:57:00+00:00,1971.6,81.87,333.3,13.83,378.1,27.7,626.5,0.0546,0.45,305.3,125.3,7.8
2025-04-18T14:58:00+00:00,1825.2,84.28,355.4,13.77,387.5,29.2,635.6,0.0530,0.38,305.3,125.3,7.2
2025-04-18T14:59:00+00:00,1831.4,81.81,357.2,14.17,376.3,29.2,625.1,0.0540,0.47,305.3,125.3,7.2
2025-04-18T15:00:00+00:00,2222.5,84.28,343.8,13.60,386.6,25.7,702.4,0.0558,0.43,305.3,125.3,6.5
2025-04-18T15:01:00+00:00,2080.1,85.29,349.2,13.65,391.0,30.9,595.8,0.0576,0.40,305.3,125.3,6.3
2025-04-18T15:02:00+00:00,2041.6,83.36,347.2,13.83,368.4,26.7,661.2,0.0555,0.41,305.3,125.3,7.5
2025-04-18T15:03:00+00:00,2009.4,83.44,351.7,13.57,404.9,28.3,612.5,0.0545,0.43,305.3,125.3,8.0
2025-04-18T15:04:00+00:00,1834.2,82.74,359.5,14.04,388.6,29.2,588.3,0.0551,0.46,305.3,125.3,7.3
2025-04-18T15:05:00+00:00,1988.3,80.33,365.6,14.01,394.3,30.6,579.4,0.0545,0.44,305.3,125.3,8.0
2025-04-18T15:06:00+00:00,2048.7,82.90,359.8,13.66,387.6,26.7,611.2,0.0581,0.34,305.3,125.3,6.3
2025-04-18T15:07:00+00:00,2516.3,81.75,353.8,13.54,379.8,28.9,610.5,0.0612,0.42,305.3,125.3,6.5
2025-04-18T15:08:00+00:00,2480.9,82.91,331.5,13.85,387.5,27.5,611.3,0.0570,0.42,305.3,125.3,7.9
2025-04-18T15:09:00+00:00,2566.0,84.54,348.8,14.08,392.3,29.6,564.8,0.0565,0.32,305.3,125.3,7.2
2025-04-18T15:10:00+00:00,2413.0,82.31,364.3,13.88,390.2,28.7,632.8,0.0561,0.38,305.3,125.3,7.7
2025-04-18T15:11:00+00:00,1859.9,79.27,343.3,13.74,388.2,28.5,622.3,0.0540,0.45,305.3,125.3,7.9
2025-04-18T15:12:00+00:00,2092.8,80.93,346.6,13.88,384.5,25.3,612.8,0.0578,0.36,305.3,125.3,7.8
2025-04-18T15:13:00+00:00,2011.9,80.82,340.1,13.79,383.1,28.7,606.1,0.0534,0.30,305.3,125.3,9.6
2025-04-18T15:14:00+00:00,1894.1,84.09,354.8,14.07,374.5,30.0,535.5,0.0540,0.43,305.3,125.3,7.2
2025-04-18T15:15:00+00:00,1829.9,81.31,350.3,13.53,372.3,28.8,602.2,0.0526,0.35,305.3,125.3,8.1
2025-04-18T15:16:00+00:00,1939.5,79.02,342.0,13.70,374.7,28.9,566.0,0.0610,0.35,305.3,125.3,7.9
2025-04-18T15:17:00+00:00,2015.2,82.67,359.0,13.82,389.4,29.1,561.0,0.0548,0.44,305.3,125.3,8.0
2025-04-18T15:18:00+00:00,1975.1,78.83,356.7,13.95,380.8,28.3,604.5,0.0540,0.38,305.3,125.3,7.5
2025-04-18T15:19:00+00:00,2323.1,83.68,339.3,13.80,376.4,27.4,598.2,0.0559,0.38,305.3,125.3,7.5
2025-04-18T15:20:00+00:00,2489.4,84.75,350.6,13.74,383.5,30.1,643.5,0.0570,0.41,305.3,125.3,6.6
2025-04-18T15:21:00+00:00,2454.6,80.74,343.1,13.64,407.2,27.7,625.2,0.0620,0.42,305.3,125.3,6.7
2025-04-18T15:22:00+00:00,2042.8,83.77,350.7,13.70,372.8,26.3,631.7,0.0651,0.32,305.3,125.3,7.8
2025-04-18T15:23:00+00:00,1989.2,81.30,350.6,13.81,384.3,29.5,608.0,0.0638,0.38,305.3,125.3,8.9
2025-04-18T15:24:00+00:00,2415.8,83.95,356.8,14.00,389.0,24.9,599.5,0.0553,0.29,305.3,125.3,6.8
2025-04-18T15:25:00+00:00,2468.2,82.11,324.2,13.80,391.8,28.7,591.8,0.0572,0.44,305.3,125.3,5.4
2025-04-18T15:26:00+00:00,2456.4,82.13,353.3,13.63,391.4,27.4,607.0,0.0660,0.38,305.3,125.3,8.2
2025-04-18T15:27:00+00:00,2037.0,83.01,343.7,13.80,363.2,26.5,598.3,0.0604,0.45,305.3,125.3,9.4
2025-04-18T15:28:00+00:00,2455.9,82.09,349.7,13.67,406.6,29.5,566.5,0.0672,0.46,305.3,125.3,6.7
2025-04-18T15:29:00+00:00,2237.7,82.06,347.5,13.65,391.9,30.1,605.4,0.0555,0.41,305.3,125.3,6.7
2025-04-18T15:30:00+00:00,2024.0,81.16,357.4,13.92,386.1,26.5,602.7,0.0551,0.48,305.3,125.3,7.7
2025-04-18T15:31:00+00:00,1990.8,83.70,353.5,13.89,384.4,27.5,611.8,0.0563,0.49,305.3,125.3,7.1
2025-04-18T15:32:00+00:00,2011.6,82.85,356.0,13.90,377.1,28.5,562.5,0.0537,0.34,305.3,125.3,4.3
2025-04-18T15:33:00+00:00,2090.0,82.22,347.3,13.92,399.4,27.7,583.2,0.0594,0.42,305.3,125.3,9.5
2025-04-18T15:34:00+00:00,2050.8,79.87,338.8,13.71,383.9,28.4,605.8,0.0545,0.40,305.3,125.3,6.1
2025-04-18T15:35:00+00:00,1974.0,81.54,359.7,13.92,388.0,27.4,621.0,0.0542,0.43,305.3,125.3,6.4
2025-04-18T15:36:00+00:00,2061.8,83.75,350.4,13.84,400.6,28.5,620.7,0.0636,0.40,305.3,125.3,7.4
2025-04-18T15:37:00+00:00,2109.9,83.78,348.0,13.55,372.0,28.6,617.4,0.0550,0.41,305.3,125.3,7.4
2025-04-18T15:38:00+00:00,2092.8,83.49,358.1,13.65,401.1,30.4,601.4,0.0545,0.38,305.3,125.3,5.7
2025-04-18T15:39:00+00:00,2065.5,85.20,357.1,13.90,365.1,26.9,596.1,0.0591,0.44,305.3,125.3,8.0
2025-04-18T15:40:00+00:00,1872.3,80.47,351.1,13.70,392.8,30.1,613.8,0.0602,0.40,305.3,125.3,7.6
2025-04-18T15:41:00+00:00,2026.5,81.85,348.6,13.67,403.9,29.0,641.0,0.0558,0.31,305.3,125.3,6.7
2025-04-18T15:42:00+00:00,1963.9,83.16,348.0,13.97,366.7,31.2,658.3,0.0542,0.42,305.3,125.3,7.6
2025-04-18T15:43:00+00:00,2058.1,82.50,340.6,13.71,382.1,31.2,620.8,0.0576,0.32,305.3,125.3,6.9
2025-04-18T15:44:00+00:00,1958.3,80.79,351.8,13.92,380.5,27.4,594.6,0.0566,0.39,305.3,125.3,6.6
2025-04-18T15:45:00+00:00,1947.0,81.53,348.5,13.72,394.1,27.8,659.8,0.0605,0.42,305.3,125.3,8.5
2025-04-18T15:46:00+00:00,2026.2,82.06,337.7,14.02,387.6,28.2,557.9,0.0551,0.36,305.3,125.3,6.2
2025-04-18T15:47:00+00:00,2116.7,81.10,355.3,13.81,386.9,28.2,583.9,0.0548,0.40,305.3,125.3,7.8
2025-04-18T15:48:00+00:00,1982.5,81.44,367.0,13.78,378.5,27.4,607.5,0.0550,0.46,305.3,125.3,6.0
2025-04-18T15:49:00+00:00,2170.9,85.71,340.5,13.86,398.3,30.9,604.5,0.0547,0.36,305.3,125.3,6.2
2025-04-18T15:50:00+00:00,2133.2,83.20,347.6,13.97,388.2,30.2,636.4,0.0569,0.47,305.3,125.3,6.7
2025-04-18T15:51:00+00:00,1953.0,82.70,350.1,13.84,395.9,29.4,595.8,0.0549,0.36,305.3,125.3,6.7
2025-04-18T15:52:00+00:00,2084.4,84.27,344.9,13.97,389.1,27.8,541.9,0.0546,0.39,305.3,125.3,7.8
2025-04-18T15:53:00+00:00,1886.7,79.67,362.5,13.73,393.7,30.1,567.2,0.0539,0.42,305.3,125.3,8.1
2025-04-18T15:54:00+00:00,1969.7,83.88,359.4,13.58,380.4,28.0,578.6,0.0539,0.39,305.3,125.3,7.5
2025-04-18T15:55:00+00:00,2056.8,81.40,342.2,13.76,393.1,28.4,581.9,0.0536,0.32,305.3,125.3,6.8
2025-04-18T15:56:00+00:00,2004.6,82.15,338.8,13.62,404.4,28.5,587.0,0.0564,0.47,305.3,125.3,7.8
2025-04-18T15:57:00+00:00,2116.2,83.48,346.9,13.89,379.5,28.5,691.1,0.0547,0.40,305.3,125.3,8.0
2025-04-18T15:58:00+00:00,2068.8,81.94,342.3,13.82,412.4,29.2,634.1,0.0549,0.40,305.3,125.3,4.6
2025-04-18T15:59:00+00:00,2113.8,79.52,353.4,13.69,366.9,26.8,617.3,0.0545,0.36,305.3,125.3,8.1
2025-04-18T16:00:00+00:00,2122.5,82.27,341.6,13.73,365.3,31.1,635.6,0.0542,0.33,305.3,125.3,9.6
2025-04-18T16:01:00+00:00,1890.2,82.58,350.4,13.70,385.2,28.6,592.5,0.0642,0.46,305.3,125.3,6.6
2025-04-18T16:02:00+00:00,2085.1,83.62,346.8,13.84,374.1,30.3,597.8,0.0570,0.46,305.3,125.3,7.1
2025-04-18T16:03:00+00:00,2086.5,81.16,344.7,13.82,387.0,28.2,619.6,0.0546,0.39,305.3,125.3,6.8
2025-04-18T16:04:00+00:00,1968.5,83.45,350.6,13.54,379.8,27.6,538.9,0.0585,0.47,305.3,125.3,7.7
2025-04-18T16:05:00+00:00,1921.8,81.60,373.0,13.70,364.7,30.2,564.8,0.0540,0.42,305.3,125.3,8.2
2025-04-18T16:06:00+00:00,1893.1,80.35,351.6,13.65,370.5,28.9,662.1,0.0545,0.50,305.3,125.3,7.0
2025-04-18T16:07:00+00:00,2083.2,80.44,354.7,13.84,398.3,27.8,589.8,0.0546,0.39,305.3,125.3,8.1
2025-04-18T16:08:00+00:00,2022.8,85.16,351.4,13.81,387.9,27.3,596.7,0.0569,0.47,305.3,125.3,4.9
2025-04-18T16:09:00+00:00,2024.9,82.37,366.0,13.77,391.0,27.4,630.8,0.0542,0.39,305.3,125.3,7.9
2025-04-18T16:10:00+00:00,2115.7,84.99,347.5,13.74,404.0,27.6,675.6,0.0559,0.50,305.3,125.3,7.1
2025-04-18T16:11:00+00:00,2162.3,79.15,351.9,13.72,403.0,29.3,633.7,0.0587,0.44,305.3,125.3,7.3
2025-04-18T16:12:00+00:00,1946.2,80.78,344.1,13.68,352.8,25.6,556.1,0.0543,0.45,305.3,125.3,6.1
2025-04-18T16:13:00+00:00,1986.7,82.25,342.0,13.89,386.0,26.1,633.9,0.0591,0.35,305.3,125.3,6.7
2025-04-18T16:14:00+00:00,2033.2,81.12,349.6,13.67,389.5,28.1,639.5,0.0546,0.41,305.3,125.3,6.9
2025-04-18T16:15:00+00:00,2054.6,79.76,366.2,13.94,393.9,29.3,598.2,0.0554,0.46,305.3,125.3,8.0
2025-04-18T16:16:00+00:00,2124.3,81.23,354.6,13.74,381.8,28.1,603.3,0.0560,0.51,305.3,125.3,5.1
2025-04-18T16:17:00+00:00,1897.1,79.27,354.6,13.91,375.0,26.8,604.7,0.0569,0.42,305.3,125.3,7.8
2025-04-18T16:18:00+00:00,1931.7,83.28,346.6,13.84,401.5,27.6,628.0,0.0576,0.37,305.3,125.3,7.5
2025-04-18T16:19:00+00:00,2015.0,84.80,347.1,13.75,396.8,28.0,577.1,0.0540,0.38,305.3,125.3,7.3
2025-04-18T16:20:00+00:00,2137.6,81.44,347.0,13.99,404.9,27.0,637.9,0.0552,0.43,305.3,125.3,6.5
2025-04-18T16:21:00+00:00,2034.0,83.97,351.1,13.92,374.9,29.9,594.7,0.0548,0.36,305.3,125.3,6.7
2025-04-18T16:22:00+00:00,1945.9,82.43,340.1,13.82,371.8,29.4,566.4,0.0533,0.33,305.3,125.3,5.3
2025-04-18T16:23:00+00:00,1985.5,83.94,331.3,14.04,386.9,33.4,589.8,0.0541,0.40,305.3,125.3,7.5
2025-04-18T16:24:00+00:00,2047.0,83.90,343.8,13.91,365.6,26.9,622.4,0.0547,0.44,305.3,125.3,6.5
2025-04-18T16:25:00+00:00,2097.4,82.71,357.4,13.57,376.4,27.3,582.9,0.0547,0.39,305.3,125.3,7.9
2025-04-18T16:26:00+00:00,2018.1,78.08,351.5,13.78,400.3,29.5,597.7,0.0541,0.38,305.3,125.3,7.2
2025-04-18T16:27:00+00:00,1990.2,83.54,355.4,13.87,395.7,28.5,642.9,0.0588,0.43,305.3,125.3,8.0
2025-04-18T16:28:00+00:00,1982.2,80.59,344.3,13.65,387.5,28.3,585.1,0.0537,0.36,305.3,125.3,7.9
2025-04-18T16:29:00+00:00,2100.4,82.62,347.1,13.87,384.6,29.3,619.1,0.0546,0.39,305.3,125.3,7.0
2025-04-18T16:30:00+00:00,1944.3,82.85,358.0,13.75,381.5,29.7,554.3,0.0581,0.39,305.3,125.3,7.3
2025-04-18T16:31:00+00:00,2034.4,81.12,356.5,13.78,360.8,27.0,566.1,0.0543,0.40,305.3,125.3,7.1
2025-04-18T16:32:00+00:00,1829.3,81.45,349.1,14.05,363.9,30.7,573.4,0.0537,0.44,305.3,125.3,6.9
2025-04-18T16:33:00+00:00,2060.7,83.65,356.2,13.50,364.1,26.2,580.8,0.0545,0.39,305.3,125.3,6.2
2025-04-18T16:34:00+00:00,993.1,78.19,355.4,13.97,354.8,27.4,538.0,0.0499,0.52,305.3,125.3,5.9
2025-04-18T16:35:00+00:00,943.4,78.50,351.1,14.05,361.8,27.0,542.6,0.0487,0.43,305.3,125.3,7.9
2025-04-18T16:36:00+00:00,1154.4,80.06,347.9,14.00,348.2,28.4,546.3,0.0534,0.38,305.3,125.3,7.8
2025-04-18T16:37:00+00:00,1011.1,77.95,352.2,13.97,352.2,27.5,547.8,0.0492,0.43,305.3,125.3,6.4
2025-04-18T16:38:00+00:00,1008.0,79.75,372.1,13.89,341.5,28.8,606.4,0.0488,0.40,305.3,125.3,7.4
2025-04-18T16:39:00+00:00,831.6,78.53,354.5,13.86,326.1,28.5,564.6,0.0482,0.41,305.3,125.3,6.6
2025-04-18T16:40:00+00:00,911.0,79.58,353.1,13.87,352.4,28.2,580.6,0.0485,0.42,305.3,125.3,6.4
2025-04-18T16:41:00+00:00,894.8,78.36,348.8,13.40,363.7,24.1,568.0,0.0520,0.37,305.3,125.3,7.9
2025-04-18T16:42:00+00:00,1092.2,81.17,342.7,13.72,340.0,27.8,526.9,0.0545,0.50,305.3,125.3,6.1
2025-04-18T16:43:00+00:00,1005.3,78.10,345.2,13.74,341.7,29.8,565.2,0.0479,0.28,305.3,125.3,7.8
2025-04-18T16:44:00+00:00,908.4,80.76,351.1,13.92,327.9,30.3,561.1,0.0487,0.44,305.3,125.3,7.6
2025-04-18T16:45:00+00:00,1114.2,78.79,355.8,13.75,357.4,26.7,606.1,0.0497,0.42,305.3,125.3,7.6
2025-04-18T16:46:00+00:00,1008.3,77.59,357.6,13.82,369.3,27.4,593.0,0.0493,0.43,305.3,125.3,7.7
2025-04-19T06:00:00+00:00,933.9,77.42,349.2,13.99,348.7,28.9,543.1,0.0546,0.46,321.2,141.2,5.3
2025-04-19T06:01:00+00:00,1055.8,80.29,358.3,13.93,361.2,27.9,573.1,0.0493,0.41,321.2,141.2,5.7
2025-04-19T06:02:00+00:00,1120.3,78.02,366.8,13.67,384.1,28.2,588.7,0.0496,0.40,321.2,141.2,6.5
2025-04-19T06:03:00+00:00,1068.3,80.32,353.4,13.82,351.1,30.4,535.2,0.0490,0.39,321.2,141.2,4.0
2025-04-19T06:04:00+00:00,963.5,78.81,354.8,13.70,332.7,29.4,534.8,0.0485,0.38,321.2,141.2,2.4
2025-04-19T06:05:00+00:00,1004.0,79.96,364.8,14.02,347.2,31.8,600.6,0.0522,0.51,321.2,141.2,4.0
2025-04-19T06:06:00+00:00,978.7,82.46,357.2,13.93,352.5,27.9,570.5,0.0508,0.43,321.2,141.2,4.8
2025-04-19T06:07:00+00:00,1085.2,77.73,369.9,13.80,375.2,26.6,575.3,0.0504,0.51,321.2,141.2,7.0
2025-04-19T06:08:00+00:00,889.8,77.38,348.2,13.95,327.4,30.1,609.2,0.0488,0.46,321.2,141.2,6.6
2025-04-19T06:09:00+00:00,1079.7,78.45,351.4,13.43,357.2,29.7,523.3,0.0550,0.44,321.2,141.2,5.2
2025-04-19T06:10:00+00:00,1049.2,78.10,373.0,13.71,340.9,24.5,540.4,0.0550,0.43,321.2,141.2,5.6
2025-04-19T06:11:00+00:00,963.6,80.21,353.2,13.83,331.4,29.6,586.1,0.0497,0.50,321.2,141.2,4.5
2025-04-19T06:12:00+00:00,1037.4,77.89,353.3,13.60,366.0,30.2,621.9,0.0490,0.40,321.2,141.2,4.2
2025-04-19T06:13:00+00:00,2044.8,80.96,351.3,13.89,370.0,29.8,636.7,0.0555,0.35,321.2,141.2,5.3
2025-04-19T06:14:00+00:00,1930.7,84.06,351.9,13.84,384.1,29.4,574.3,0.0568,0.50,321.2,141.2,5.7
2025-04-19T06:15:00+00:00,2036.4,80.97,345.8,13.96,378.7,28.5,569.2,0.0562,0.40,321.2,141.2,4.4
2025-04-19T06:16:00+00:00,2099.3,81.54,356.8,13.87,384.7,29.6,582.5,0.0550,0.43,321.2,141.2,3.4
2025-04-19T06:17:00+00:00,2233.8,84.73,349.3,13.76,373.4,29.8,589.5,0.0552,0.38,321.2,141.2,6.1
2025-04-19T06:18:00+00:00,1941.4,84.20,349.4,13.91,363.1,25.6,593.4,0.0535,0.36,321.2,141.2,6.4
2025-04-19T06:19:00+00:00,2066.8,80.57,350.9,13.63,379.7,28.1,639.7,0.0586,0.41,321.2,141.2,7.5
2025-04-19T06:20:00+00:00,2142.0,82.76,351.8,13.66,376.2,28.8,599.8,0.0555,0.45,321.2,141.2,5.2
2025-04-19T06:21:00+00:00,2076.1,81.16,358.6,13.97,384.4,29.1,620.9,0.0552,0.45,321.2,141.2,5.2
2025-04-19T06:22:00+00:00,1833.6,82.95,358.1,13.67,377.9,28.4,605.9,0.0559,0.46,321.2,141.2,3.3
2025-04-19T06:23:00+00:00,1945.9,84.19,338.7,13.74,366.0,31.2,606.7,0.0545,0.45,321.2,141.2,3.7
2025-04-19T06:24:00+00:00,1811.8,81.43,344.7,13.81,378.1,28.1,629.7,0.0541,0.49,321.2,141.2,6.3
2025-04-19T06:25:00+00:00,2043.0,80.65,348.2,13.63,398.3,27.1,603.0,0.0551,0.40,321.2,141.2,5.5
2025-04-19T06:26:00+00:00,1976.7,83.39,353.7,13.95,382.6,27.3,665.6,0.0559,0.42,321.2,141.2,6.6
2025-04-19T06:27:00+00:00,2183.8,79.57,348.0,13.80,398.6,28.8,572.8,0.0619,0.41,321.2,141.2,5.2
2025-04-19T06:28:00+00:00,1886.0,82.39,345.0,13.97,385.3,25.8,604.9,0.0589,0.50,321.2,141.2,7.3
2025-04-19T06:29:00+00:00,2003.1,80.71,350.3,13.61,394.8,29.7,584.1,0.0556,0.54,321.2,141.2,5.3
2025-04-19T06:30:00+00:00,2005.3,82.23,357.6,13.88,353.4,26.0,592.4,0.0541,0.38,321.2,141.2,5.3
2025-04-19T06:31:00+00:00,1896.6,81.11,338.5,14.14,369.8,27.6,643.7,0.0532,0.37,321.2,141.2,4.7
2025-04-19T06:32:00+00:00,2070.9,79.54,362.0,13.88,381.7,28.2,594.0,0.0575,0.41,321.2,141.2,4.9
2025-04-19T06:33:00+00:00,2051.9,80.28,338.6,13.97,390.5,28.8,648.7,0.0548,0.42,321.2,141.2,5.9
2025-04-19T06:34:00+00:00,2048.9,81.69,341.4,13.64,393.0,28.2,654.3,0.0593,0.48,321.2,141.2,5.2
2025-04-19T06:35:00+00:00,1959.5,83.97,357.0,13.97,399.7,29.8,591.1,0.0588,0.40,321.2,141.2,5.3
2025-04-19T06:36:00+00:00,1998.7,78.25,370.3,13.56,386.6,27.1,590.0,0.0646,0.43,321.2,141.2,5.8
2025-04-19T06:37:00+00:00,2014.3,80.02,340.8,14.10,394.8,30.0,647.7,0.0556,0.44,321.2,141.2,5.7
2025-04-19T06:38:00+00:00,2049.1,83.82,339.1,13.90,358.1,27.1,598.6,0.0596,0.37,321.2,141.2,6.0
2025-04-19T06:39:00+00:00,1896.6,82.49,352.3,13.87,372.3,27.5,589.8,0.0530,0.34,321.2,141.2,5.6
2025-04-19T06:40:00+00:00,2046.4,81.30,343.6,13.96,386.6,30.0,643.0,0.0545,0.40,321.2,141.2,5.5
2025-04-19T06:41:00+00:00,1957.2,79.49,356.0,13.67,379.5,28.5,525.9,0.0550,0.42,321.2,141.2,4.9
2025-04-19T06:42:00+00:00,2015.8,84.40,337.2,13.81,400.1,28.1,567.5,0.0557,0.47,321.2,141.2,4.8
2025-04-19T06:43:00+00:00,2117.1,82.33,359.2,13.77,388.7,28.5,601.5,0.0626,0.36,321.2,141.2,3.8
2025-04-19T06:44:00+00:00,1995.4,83.38,349.8,13.75,381.4,27.1,649.5,0.0544,0.42,321.2,141.2,3.8
2025-04-19T06:45:00+00:00,2053.4,81.82,343.1,13.77,374.4,28.4,637.2,0.0557,0.52,321.2,141.2,3.6
2025-04-19T06:46:00+00:00,1875.6,84.25,344.6,13.87,372.3,28.9,624.7,0.0546,0.45,321.2,141.2,6.1
2025-04-19T06:47:00+00:00,2156.7,83.51,351.7,13.88,399.1,28.3,606.7,0.0626,0.49,321.2,141.2,5.9
2025-04-19T06:48:00+00:00,2080.8,80.42,333.3,13.85,396.2,29.7,619.5,0.0553,0.47,321.2,141.2,4.5
2025-04-19T06:49:00+00:00,1983.7,85.10,341.0,13.83,395.1,26.8,598.0,0.0548,0.46,321.2,141.2,5.0
2025-04-19T06:50:00+00:00,2147.2,83.55,364.9,13.76,382.0,29.5,623.7,0.0545,0.36,321.2,141.2,4.4
2025-04-19T06:51:00+00:00,2123.2,80.78,348.9,13.77,385.0,30.8,658.6,0.0547,0.39,321.2,141.2,4.4
2025-04-19T06:52:00+00:00,1840.8,82.90,342.8,13.71,386.2,28.0,641.1,0.0556,0.45,321.2,141.2,5.0
2025-04-19T06:53:00+00:00,2039.3,82.35,345.9,13.79,383.4,27.7,652.9,0.0582,0.42,321.2,141.2,3.9
2025-04-19T06:54:00+00:00,2005.9,81.22,350.1,13.87,393.7,27.8,613.6,0.0590,0.40,321.2,141.2,4.4
2025-04-19T06:55:00+00:00,2051.5,79.87,334.5,13.63,411.7,27.4,621.6,0.0543,0.39,321.2,141.2,4.9
2025-04-19T06:56:00+00:00,1996.0,81.83,343.4,13.61,376.6,27.6,593.1,0.0570,0.41,321.2,141.2,3.9
2025-04-19T06:57:00+00:00,2081.1,83.56,365.9,13.91,372.1,30.8,616.2,0.0552,0.46,321.2,141.2,6.7
2025-04-19T06:58:00+00:00,1871.4,81.41,352.0,13.67,382.8,27.2,584.6,0.0549,0.47,321.2,141.2,4.1
2025-04-19T06:59:00+00:00,1994.6,82.30,336.8,13.93,380.8,28.2,618.7,0.0594,0.46,321.2,141.2,5.9
2025-04-19T07:00:00+00:00,1860.4,82.20,354.6,13.67,356.8,28.9,600.0,0.0609,0.45,321.2,141.2,5.1
2025-04-19T07:01:00+00:00,1924.6,80.38,344.2,13.56,390.9,27.9,589.6,0.0652,0.50,321.2,141.2,5.5
2025-04-19T07:02:00+00:00,2014.0,81.09,347.7,13.72,383.0,27.5,641.6,0.0545,0.42,321.2,141.2,5.1
2025-04-19T07:03:00+00:00,2011.2,83.30,340.8,13.91,353.5,31.2,574.9,0.0540,0.38,321.2,141.2,5.0
2025-04-19T07:04:00+00:00,2444.4,84.23,361.0,13.87,413.1,27.4,635.5,0.0569,0.43,321.2,141.2,4.3
2025-04-19T07:05:00+00:00,2009.9,82.24,353.7,13.62,403.0,29.4,573.1,0.0548,0.44,321.2,141.2,4.5
2025-04-19T07:06:00+00:00,1814.9,83.02,357.4,13.95,362.0,30.3,541.9,0.0545,0.32,321.2,141.2,5.2
2025-04-19T07:07:00+00:00,2455.3,83.50,346.8,13.67,377.3,29.1,583.9,0.0566,0.38,321.2,141.2,5.6
2025-04-19T07:08:00+00:00,1748.9,82.01,343.5,14.21,387.2,27.5,580.0,0.0530,0.42,321.2,141.2,5.9
2025-04-19T07:09:00+00:00,2438.4,83.98,331.0,13.75,368.3,29.4,628.1,0.0588,0.43,321.2,141.2,6.3
2025-04-19T07:10:00+00:00,1806.5,80.34,357.2,13.93,372.8,29.4,622.6,0.0532,0.39,321.2,141.2,6.0
2025-04-19T07:11:00+00:00,2116.6,80.66,350.4,13.87,374.8,28.6,583.6,0.0557,0.46,321.2,141.2,5.5
2025-04-19T07:12:00+00:00,2524.5,84.07,354.0,13.60,401.0,26.7,657.4,0.0593,0.35,321.2,141.2,4.8
2025-04-19T07:13:00+00:00,1970.7,83.14,355.7,13.93,382.7,28.8,621.2,0.0538,0.38,321.2,141.2,5.5
2025-04-19T07:14:00+00:00,2580.6,83.45,359.1,13.85,398.7,25.2,619.6,0.0651,0.44,321.2,141.2,4.9
2025-04-19T07:15:00+00:00,2018.0,81.05,352.7,13.51,388.7,30.6,578.5,0.0554,0.45,321.2,141.2,5.5
2025-04-19T07:16:00+00:00,1898.3,81.86,352.6,13.89,399.9,27.7,588.6,0.0584,0.38,321.2,141.2,4.7
2025-04-19T07:17:00+00:00,2010.2,82.86,359.8,14.03,392.0,28.1,566.7,0.0552,0.41,321.2,141.2,5.5
2025-04-19T07:18:00+00:00,2422.1,81.06,354.9,14.02,397.9,25.5,688.6,0.0610,0.40,321.2,141.2,6.4
2025-04-19T07:19:00+00:00,2094.4,82.56,351.2,13.82,391.4,29.5,626.9,0.0569,0.39,321.2,141.2,3.7
2025-04-19T07:20:00+00:00,2033.9,82.43,347.9,13.70,393.6,28.1,569.4,0.0547,0.44,321.2,141.2,6.6
2025-04-19T07:21:00+00:00,1860.4,84.06,353.4,13.91,374.5,27.6,577.1,0.0589,0.39,321.2,141.2,4.6
2025-04-19T07:22:00+00:00,2481.0,83.28,346.4,13.85,419.7,26.1,668.9,0.0579,0.45,321.2,141.2,6.3
2025-04-19T07:23:00+00:00,2457.0,83.41,347.7,13.51,406.7,26.6,640.9,0.0560,0.36,321.2,141.2,5.8
2025-04-19T07:24:00+00:00,2045.6,82.55,346.4,13.78,376.2,27.9,524.7,0.0568,0.35,321.2,141.2,4.5
2025-04-19T07:25:00+00:00,2421.0,83.18,350.4,13.92,387.7,28.0,682.2,0.0574,0.48,321.2,141.2,5.0
2025-04-19T07:26:00+00:00,2032.1,80.22,358.7,13.90,376.9,28.5,585.4,0.0539,0.35,321.2,141.2,3.2
2025-04-19T07:27:00+00:00,2457.7,86.31,355.1,13.72,402.5,27.5,557.2,0.0604,0.42,321.2,141.2,3.7
2025-04-19T07:28:00+00:00,1916.0,80.98,360.1,13.60,381.5,31.0,564.9,0.0685,0.37,321.2,141.2,6.2
2025-04-19T07:29:00+00:00,2030.7,80.58,345.0,13.77,392.9,30.4,587.7,0.0604,0.44,321.2,141.2,5.5
2025-04-19T07:30:00+00:00,2073.0,82.67,344.5,13.77,374.8,27.2,672.5,0.0575,0.41,321.2,141.2,4.3
2025-04-19T07:31:00+00:00,1954.5,83.52,344.2,13.93,386.5,28.3,646.7,0.0552,0.51,321.2,141.2,3.9
2025-04-19T07:32:00+00:00,2221.2,81.36,353.7,13.83,382.7,28.9,626.3,0.0561,0.49,321.2,141.2,4.8
2025-04-19T07:33:00+00:00,2090.1,81.68,350.7,13.80,400.3,26.8,621.8,0.0558,0.50,321.2,141.2,6.1
2025-04-19T07:34:00+00:00,2516.6,84.07,358.7,13.58,388.3,31.4,621.8,0.0569,0.40,321.2,141.2,4.5
2025-04-19T07:35:00+00:00,2042.2,81.14,329.7,13.75,409.5,29.4,565.1,0.0579,0.41,321.2,141.2,2.8
2025-04-19T07:36:00+00:00,1972.4,80.72,344.3,13.93,359.7,26.9,629.7,0.0548,0.47,321.2,141.2,4.6
2025-04-19T07:37:00+00:00,2007.9,82.97,341.9,13.99,368.8,27.6,608.1,0.0536,0.33,321.2,141.2,3.9
2025-04-19T07:38:00+00:00,1823.0,79.93,340.7,13.70,375.1,29.1,625.0,0.0531,0.38,321.2,141.2,4.5
2025-04-19T07:39:00+00:00,1963.1,84.34,347.8,13.87,386.1,30.0,656.4,0.0548,0.48,321.2,141.2,2.3
2025-04-19T07:40:00+00:00,1825.8,81.48,343.5,13.86,387.7,28.5,669.1,0.0533,0.40,321.2,141.2,4.4
2025-04-19T07:41:00+00:00,1840.7,80.48,345.3,13.78,397.2,26.9,609.2,0.0533,0.39,321.2,141.2,3.4
2025-04-19T07:42:00+00:00,1745.2,82.20,348.7,13.69,376.0,25.8,568.6,0.0531,0.43,321.2,141.2,5.3
2025-04-19T07:43:00+00:00,2006.7,83.27,354.1,13.99,383.0,26.8,576.1,0.0549,0.47,321.2,141.2,6.1
2025-04-19T07:44:00+00:00,2018.7,82.65,347.9,13.94,390.7,29.3,592.5,0.0592,0.40,321.2,141.2,2.7
2025-04-19T07:45:00+00:00,2228.2,81.99,344.4,13.96,379.0,26.2,624.8,0.0605,0.43,321.2,141.2,4.8
2025-04-19T07:46:00+00:00,2092.7,81.83,358.9,14.06,380.3,29.2,583.3,0.0549,0.42,321.2,141.2,3.3
2025-04-19T07:47:00+00:00,2036.7,81.99,351.5,13.56,401.7,31.3,593.0,0.0534,0.31,321.2,141.2,4.8
2025-04-19T07:48:00+00:00,1953.8,81.00,342.9,13.85,375.1,30.2,613.2,0.0569,0.42,321.2,141.2,6.8
2025-04-19T07:49:00+00:00,2015.0,82.24,341.5,13.73,393.8,26.9,563.8,0.0566,0.32,321.2,141.2,4.7
2025-04-19T07:50:00+00:00,2071.5,83.59,340.6,13.66,389.6,28.1,628.8,0.0559,0.54,321.2,141.2,5.0
2025-04-19T07:51:00+00:00,1906.1,80.55,344.3,13.99,373.7,29.9,573.4,0.0595,0.40,321.2,141.2,5.3
2025-04-19T07:52:00+00:00,1941.5,81.76,361.6,13.92,374.6,28.3,623.3,0.0547,0.49,321.2,141.2,5.2
2025-04-19T07:53:00+00:00,1933.7,82.64,328.6,13.69,395.9,28.2,577.6,0.0549,0.49,321.2,141.2,5.0
2025-04-19T07:54:00+00:00,1871.4,82.41,340.6,13.84,373.3,30.0,561.9,0.0544,0.49,321.2,141.2,6.6
2025-04-19T07:55:00+00:00,1914.5,82.49,334.0,13.53,371.3,27.3,672.3,0.0543,0.44,321.2,141.2,6.1
2025-04-19T07:56:00+00:00,2075.7,83.06,328.1,13.80,381.2,29.4,628.7,0.0578,0.37,321.2,141.2,5.1
2025-04-19T07:57:00+00:00,2104.0,81.92,341.2,13.72,393.2,32.1,628.8,0.0537,0.29,321.2,141.2,3.8
2025-04-19T07:58:00+00:00,2008.0,85.76,346.8,13.76,387.8,28.5,604.1,0.0553,0.40,321.2,141.2,5.3
2025-04-19T07:59:00+00:00,2014.2,80.96,354.4,13.92,379.9,29.1,604.0,0.0535,0.32,321.2,141.2,4.4
2025-04-19T08:00:00+00:00,1978.3,83.24,344.6,13.81,392.2,26.5,630.9,0.0616,0.38,321.2,141.2,5.6
2025-04-19T08:01:00+00:00,2286.6,81.35,358.4,13.74,403.2,27.4,590.5,0.0589,0.41,321.2,141.2,4.2
2025-04-19T08:02:00+00:00,1912.1,81.30,350.5,13.82,387.0,28.5,576.9,0.0558,0.50,321.2,141.2,4.2
2025-04-19T08:03:00+00:00,1882.5,80.00,358.5,13.61,385.3,30.9,626.1,0.0537,0.42,321.2,141.2,6.6
2025-04-19T08:04:00+00:00,2018.0,82.24,353.4,13.79,390.3,26.2,551.9,0.0550,0.46,321.2,141.2,6.0
2025-04-19T08:05:00+00:00,2130.0,81.72,335.2,13.73,392.3,25.1,607.3,0.0584,0.42,321.2,141.2,5.6
2025-04-19T08:06:00+00:00,2073.4,81.53,347.2,13.82,372.7,30.0,593.2,0.0621,0.42,321.2,141.2,4.3
2025-04-19T08:07:00+00:00,1992.0,80.31,356.7,13.74,385.8,30.9,559.3,0.0541,0.39,321.2,141.2,5.2
2025-04-19T08:08:00+00:00,1906.2,81.21,342.1,13.79,391.4,27.9,616.7,0.0542,0.44,321.2,141.2,4.0
2025-04-19T08:09:00+00:00,1893.0,80.97,348.6,13.76,362.0,27.4,572.3,0.0589,0.43,321.2,141.2,4.1
2025-04-19T08:10:00+00:00,2002.5,81.45,333.1,13.70,358.0,30.5,619.4,0.0551,0.49,321.2,141.2,5.5
2025-04-19T08:11:00+00:00,2118.9,82.48,348.7,13.61,371.6,28.5,584.6,0.0587,0.45,321.2,141.2,6.8
2025-04-19T08:12:00+00:00,1930.9,81.45,349.6,13.71,372.7,26.4,585.6,0.0577,0.38,321.2,141.2,4.1
2025-04-19T08:13:00+00:00,1910.0,83.36,342.6,13.75,395.8,29.0,589.6,0.0609,0.55,321.2,141.2,5.1
2025-04-19T08:14:00+00:00,2074.0,83.96,351.8,13.68,401.5,27.5,581.5,0.0551,0.44,321.2,141.2,6.0
2025-04-19T08:15:00+00:00,1858.6,80.26,353.8,13.85,385.3,28.2,612.6,0.0565,0.50,321.2,141.2,4.1
2025-04-19T08:16:00+00:00,1916.0,82.30,354.5,13.76,360.6,28.5,594.1,0.0542,0.45,321.2,141.2,3.1
2025-04-19T08:17:00+00:00,2020.2,81.91,345.7,13.63,376.8,30.6,622.2,0.0547,0.43,321.2,141.2,5.2
2025-04-19T08:18:00+00:00,1990.3,81.17,354.6,14.09,373.8,30.4,602.8,0.0551,0.49,321.2,141.2,5.4
2025-04-19T08:19:00+00:00,1780.3,81.65,342.3,13.74,395.0,26.9,581.2,0.0537,0.37,321.2,141.2,5.7
2025-04-19T08:20:00+00:00,2102.2,81.35,348.4,13.72,404.8,27.2,590.0,0.0550,0.44,321.2,141.2,3.3
2025-04-19T08:21:00+00:00,2193.9,85.91,354.7,14.07,375.3,27.5,674.8,0.0582,0.53,321.2,141.2,6.0
2025-04-19T08:22:00+00:00,2058.8,81.07,342.9,14.02,394.7,28.5,599.2,0.0551,0.44,321.2,141.2,6.9
2025-04-19T08:23:00+00:00,2053.1,80.01,345.3,13.91,370.2,28.8,613.1,0.0579,0.48,321.2,141.2,3.3
2025-04-19T08:24:00+00:00,2110.0,81.53,323.9,13.68,399.1,30.0,603.3,0.0552,0.45,321.2,141.2,4.9
2025-04-19T08:25:00+00:00,2115.6,83.13,359.6,13.75,379.3,28.2,599.4,0.0555,0.47,321.2,141.2,5.3
2025-04-19T08:26:00+00:00,846.9,77.47,356.5,13.84,322.6,25.8,533.3,0.0483,0.43,321.2,141.2,4.6
2025-04-19T08:27:00+00:00,932.6,80.29,362.7,13.78,342.7,30.7,517.9,0.0564,0.32,321.2,141.2,3.7
2025-04-19T08:28:00+00:00,983.0,76.77,346.7,13.42,360.3,29.9,586.6,0.0507,0.41,321.2,141.2,4.9
2025-04-19T08:29:00+00:00,911.4,77.56,353.3,13.74,353.3,26.6,550.5,0.0488,0.44,321.2,141.2,7.4
2025-04-19T08:30:00+00:00,890.9,78.89,364.1,13.94,362.0,25.0,516.1,0.0479,0.37,321.2,141.2,4.4
2025-04-19T08:31:00+00:00,864.3,78.31,365.6,13.51,354.8,28.2,590.8,0.0484,0.40,321.2,141.2,5.2
2025-04-19T08:32:00+00:00,785.5,78.57,372.4,13.75,350.4,31.6,567.7,0.0489,0.42,321.2,141.2,5.9
2025-04-19T08:33:00+00:00,948.5,79.79,350.6,13.70,369.6,27.5,599.9,0.0612,0.45,321.2,141.2,5.8
2025-04-19T08:34:00+00:00,1070.2,82.04,346.3,13.83,346.2,29.7,553.6,0.0506,0.43,321.2,141.2,3.8
2025-04-19T08:35:00+00:00,900.6,77.73,358.7,13.95,370.4,28.9,500.2,0.0503,0.40,321.2,141.2,2.6
2025-04-19T08:36:00+00:00,850.5,78.04,366.4,13.75,356.9,26.8,554.8,0.0499,0.44,321.2,141.2,5.8
2025-04-19T08:37:00+00:00,1029.7,77.26,351.2,13.74,361.6,27.8,527.7,0.0492,0.42,321.2,141.2,4.3
2025-04-19T14:00:00+00:00,990.9,79.84,343.8,13.77,356.5,29.4,617.9,0.0506,0.48,321.2,141.2,3.4
2025-04-19T14:01:00+00:00,975.9,77.04,364.7,13.71,367.1,29.6,561.7,0.0541,0.42,321.2,141.2,5.4
2025-04-19T14:02:00+00:00,1032.3,78.94,378.1,13.63,331.2,28.0,555.9,0.0579,0.48,321.2,141.2,4.4
2025-04-19T14:03:00+00:00,933.1,75.64,363.8,13.96,346.7,28.7,591.9,0.0497,0.52,321.2,141.2,6.7
2025-04-19T14:04:00+00:00,1026.4,77.57,355.8,13.85,343.2,26.0,576.7,0.0507,0.45,321.2,141.2,7.9
2025-04-19T14:05:00+00:00,1100.5,78.25,349.7,14.02,359.8,28.0,570.8,0.0521,0.43,321.2,141.2,4.8
2025-04-19T14:06:00+00:00,939.9,79.54,362.3,13.82,363.6,28.3,519.2,0.0529,0.41,321.2,141.2,4.3
2025-04-19T14:07:00+00:00,862.8,76.06,348.9,13.71,348.1,29.6,543.2,0.0581,0.41,321.2,141.2,4.7
2025-04-19T14:08:00+00:00,963.7,77.67,367.9,13.88,353.5,28.5,578.5,0.0549,0.54,321.2,141.2,5.3
2025-04-19T14:09:00+00:00,1032.3,79.99,350.1,13.71,347.0,28.9,596.4,0.0514,0.46,321.2,141.2,4.2
2025-04-19T14:10:00+00:00,987.6,76.92,356.8,13.51,360.6,28.2,584.0,0.0509,0.47,321.2,141.2,4.7
2025-04-19T14:11:00+00:00,991.2,79.06,353.3,13.76,336.7,28.8,548.0,0.0489,0.41,321.2,141.2,4.7
2025-04-19T14:12:00+00:00,1020.1,77.35,371.1,13.95,340.4,28.1,558.3,0.0494,0.35,321.2,141.2,4.0
2025-04-19T14:13:00+00:00,1987.6,81.59,355.6,13.77,371.4,30.9,566.2,0.0552,0.51,321.2,141.2,5.2
2025-04-19T14:14:00+00:00,1986.1,80.48,353.8,13.64,382.8,25.0,666.7,0.0542,0.42,321.2,141.2,5.5
2025-04-19T14:15:00+00:00,1982.9,81.77,353.4,13.74,378.8,28.4,630.1,0.0551,0.49,321.2,141.2,4.8
2025-04-19T14:16:00+00:00,1913.7,79.48,342.8,13.79,366.6,30.8,612.8,0.0541,0.44,321.2,141.2,6.4
2025-04-19T14:17:00+00:00,1905.6,85.37,358.4,13.79,399.6,30.8,653.4,0.0542,0.43,321.2,141.2,4.5
2025-04-19T14:18:00+00:00,1921.7,82.73,350.5,13.80,374.1,28.2,626.5,0.0543,0.45,321.2,141.2,5.8
2025-04-19T14:19:00+00:00,1905.6,82.10,354.3,13.93,374.9,28.8,549.7,0.0654,0.42,321.2,141.2,5.0
2025-04-19T14:20:00+00:00,1924.3,83.13,352.4,13.95,368.1,29.8,632.4,0.0642,0.44,321.2,141.2,5.7
2025-04-19T14:21:00+00:00,2099.4,81.08,335.2,13.53,393.8,29.6,610.0,0.0548,0.40,321.2,141.2,5.7
2025-04-19T14:22:00+00:00,2226.9,82.45,354.3,13.80,388.8,28.7,631.4,0.0560,0.40,321.2,141.2,5.7
2025-04-19T14:23:00+00:00,2000.7,81.01,349.1,13.83,368.4,29.6,558.5,0.0571,0.43,321.2,141.2,5.0
2025-04-19T14:24:00+00:00,1944.5,82.18,362.0,14.06,383.5,27.3,571.0,0.0541,0.41,321.2,141.2,4.7
2025-04-19T14:25:00+00:00,2080.9,82.90,353.4,13.51,404.5,28.4,607.9,0.0555,0.48,321.2,141.2,4.4
2025-04-19T14:26:00+00:00,1744.0,82.27,359.9,13.93,357.2,29.7,599.2,0.0554,0.44,321.2,141.2,5.0
2025-04-19T14:27:00+00:00,1923.9,80.82,337.7,13.99,361.9,28.7,583.7,0.0546,0.48,321.2,141.2,3.9
2025-04-19T14:28:00+00:00,2190.5,81.89,354.7,13.92,372.2,31.6,596.8,0.0556,0.35,321.2,141.2,6.1
2025-04-19T14:29:00+00:00,2040.4,83.20,346.2,13.85,404.2,27.5,552.9,0.0548,0.43,321.2,141.2,7.2
2025-04-19T14:30:00+00:00,2055.4,82.53,352.7,13.84,382.6,27.2,637.1,0.0590,0.39,321.2,141.2,3.8
2025-04-19T14:31:00+00:00,1960.7,83.86,338.1,13.78,372.8,28.8,616.0,0.0538,0.37,321.2,141.2,5.8
2025-04-19T14:32:00+00:00,2061.2,81.88,342.4,13.77,363.1,29.0,625.9,0.0569,0.51,321.2,141.2,4.0
2025-04-19T14:33:00+00:00,1928.1,81.58,349.7,13.91,375.5,31.0,617.4,0.0547,0.46,321.2,141.2,5.1
2025-04-19T14:34:00+00:00,2199.8,82.30,355.7,13.78,389.9,27.2,626.2,0.0563,0.49,321.2,141.2,4.7
2025-04-19T14:35:00+00:00,2082.4,82.20,340.6,13.82,379.4,30.1,597.7,0.0552,0.46,321.2,141.2,6.1
2025-04-19T14:36:00+00:00,2022.0,82.13,339.2,13.88,387.9,28.5,649.4,0.0551,0.48,321.2,141.2,3.7
2025-04-19T14:37:00+00:00,2016.7,84.30,345.6,13.71,396.3,27.4,581.3,0.0553,0.38,321.2,141.2,4.8
2025-04-19T14:38:00+00:00,2063.7,83.00,359.9,13.65,393.1,27.6,601.9,0.0554,0.48,321.2,141.2,3.9
2025-04-19T14:39:00+00:00,2142.9,84.75,349.8,13.92,376.8,29.4,639.1,0.0634,0.49,321.2,141.2,5.2
2025-04-19T14:40:00+00:00,1983.2,84.16,344.8,13.85,387.6,29.5,620.0,0.0534,0.34,321.2,141.2,4.5
2025-04-19T14:41:00+00:00,2006.1,80.69,354.6,13.86,367.0,27.1,618.0,0.0545,0.44,321.2,141.2,3.8
2025-04-19T14:42:00+00:00,2011.2,78.93,346.6,14.04,405.1,29.9,581.5,0.0545,0.41,321.2,141.2,5.7
2025-04-19T14:43:00+00:00,1914.2,81.68,335.6,13.91,374.8,28.5,578.5,0.0539,0.41,321.2,141.2,2.8
2025-04-19T14:44:00+00:00,2063.5,83.62,355.0,13.66,382.6,27.9,580.3,0.0553,0.48,321.2,141.2,5.1
2025-04-19T14:45:00+00:00,2205.8,84.44,345.7,13.88,362.5,27.5,589.9,0.0555,0.42,321.2,141.2,4.2
2025-04-19T14:46:00+00:00,1926.0,80.79,351.5,13.48,363.6,28.8,650.4,0.0576,0.47,321.2,141.2,4.8
2025-04-19T14:47:00+00:00,2244.3,79.40,350.8,13.54,391.5,30.8,646.7,0.0559,0.43,321.2,141.2,4.9
2025-04-19T14:48:00+00:00,1960.8,79.30,359.3,13.90,373.7,27.6,627.7,0.0587,0.49,321.2,141.2,4.4
2025-04-19T14:49:00+00:00,2047.1,81.80,338.9,14.00,398.3,27.2,577.2,0.0634,0.47,321.2,141.2,4.7
2025-04-19T14:50:00+00:00,1990.9,83.77,352.1,13.88,380.7,27.9,602.3,0.0553,0.51,321.2,141.2,5.4
2025-04-19T14:51:00+00:00,1965.5,81.61,341.5,13.65,387.4,29.5,631.5,0.0536,0.37,321.2,141.2,5.3
2025-04-19T14:52:00+00:00,1977.9,82.33,353.6,13.94,362.1,29.8,593.3,0.0641,0.42,321.2,141.2,5.2
2025-04-19T14:53:00+00:00,1985.3,81.18,359.6,13.97,382.3,29.8,621.8,0.0545,0.42,321.2,141.2,2.2
2025-04-19T14:54:00+00:00,1962.6,77.75,358.4,13.81,372.4,29.5,598.9,0.0544,0.43,321.2,141.2,5.1
2025-04-19T14:55:00+00:00,2118.8,81.35,357.1,13.73,389.1,28.8,615.8,0.0548,0.39,321.2,141.2,6.1
2025-04-19T14:56:00+00:00,1978.9,82.26,339.7,13.67,370.1,29.4,591.7,0.0603,0.46,321.2,141.2,7.3
2025-04-19T14:57:00+00:00,2147.9,82.71,355.3,13.79,364.5,28.6,629.1,0.0555,0.48,321.2,141.2,3.1
2025-04-19T14:58:00+00:00,1871.7,79.32,340.9,13.84,389.2,29.6,587.1,0.0542,0.47,321.2,141.2,4.4
2025-04-19T14:59:00+00:00,2154.4,82.22,345.2,13.80,389.1,31.8,612.2,0.0562,0.39,321.2,141.2,6.4
2025-04-19T15:00:00+00:00,1805.2,80.88,368.6,13.99,383.2,27.0,584.5,0.0575,0.40,321.2,141.2,5.1
2025-04-19T15:01:00+00:00,2111.1,82.75,357.4,13.94,403.5,27.6,547.1,0.0556,0.47,321.2,141.2,6.2
2025-04-19T15:02:00+00:00,2134.3,82.46,363.2,13.77,409.6,29.2,581.3,0.0551,0.41,321.2,141.2,4.8
2025-04-19T15:03:00+00:00,2095.6,81.87,358.6,13.94,375.9,27.3,559.8,0.0549,0.41,321.2,141.2,6.1
2025-04-19T15:04:00+00:00,2033.2,82.83,337.9,13.81,355.5,29.9,603.9,0.0547,0.43,321.2,141.2,4.4
2025-04-19T15:05:00+00:00,1996.9,82.12,357.9,13.78,370.6,29.6,554.0,0.0546,0.44,321.2,141.2,5.6
2025-04-19T15:06:00+00:00,1984.9,81.85,369.5,13.82,387.5,29.2,646.6,0.0583,0.39,321.2,141.2,6.2
2025-04-19T15:07:00+00:00,2190.2,82.52,359.8,13.93,376.8,28.1,634.8,0.0557,0.46,321.2,141.2,4.3
2025-04-19T15:08:00+00:00,1949.1,78.85,355.0,13.93,374.0,26.7,652.4,0.0538,0.38,321.2,141.2,4.7
2025-04-19T15:09:00+00:00,2126.5,81.79,353.1,13.87,406.1,26.9,569.3,0.0553,0.44,321.2,141.2,5.5
2025-04-19T15:10:00+00:00,2439.8,82.30,353.1,14.02,386.1,29.6,614.0,0.0571,0.46,321.2,141.2,3.6
2025-04-19T15:11:00+00:00,2148.5,80.18,353.5,13.84,401.3,26.4,581.9,0.0589,0.42,321.2,141.2,6.6
2025-04-19T15:12:00+00:00,2042.0,80.32,362.7,13.88,354.1,29.9,594.0,0.0545,0.38,321.2,141.2,4.9
2025-04-19T15:13:00+00:00,1959.4,79.32,351.3,13.90,387.5,27.6,554.1,0.0585,0.46,321.2,141.2,6.6
2025-04-19T15:14:00+00:00,1956.7,80.87,352.3,13.85,370.1,29.6,556.8,0.0543,0.44,321.2,141.2,6.0
2025-04-19T15:15:00+00:00,2045.2,84.53,338.9,13.61,388.9,28.2,596.4,0.0539,0.33,321.2,141.2,5.2
2025-04-19T15:16:00+00:00,2244.7,80.87,346.5,13.57,403.6,28.2,624.3,0.0599,0.49,321.2,141.2,4.6
2025-04-19T15:17:00+00:00,2093.2,80.54,350.8,13.66,371.2,27.0,596.4,0.0584,0.48,321.2,141.2,4.2
2025-04-19T15:18:00+00:00,2019.8,80.34,361.3,13.84,388.5,26.3,553.8,0.0545,0.40,321.2,141.2,3.7
2025-04-19T15:19:00+00:00,2203.2,81.74,340.9,13.73,379.0,30.9,624.2,0.0561,0.48,321.2,141.2,4.7
2025-04-19T15:20:00+00:00,2035.4,80.13,353.8,13.73,366.9,27.4,562.5,0.0557,0.53,321.2,141.2,4.8
2025-04-19T15:21:00+00:00,2055.5,85.27,341.5,13.80,364.4,31.7,554.8,0.0599,0.41,321.2,141.2,2.1
2025-04-19T15:22:00+00:00,2173.6,84.36,349.7,13.83,388.1,28.7,594.1,0.0636,0.48,321.2,141.2,4.6
2025-04-19T15:23:00+00:00,1924.3,81.83,355.7,13.63,347.9,27.6,636.0,0.0544,0.48,321.2,141.2,3.8
2025-04-19T15:24:00+00:00,1941.2,82.51,361.5,13.62,384.1,31.3,564.2,0.0545,0.46,321.2,141.2,4.9
2025-04-19T15:25:00+00:00,2403.9,84.62,348.1,13.89,397.9,26.4,628.9,0.0584,0.46,321.2,141.2,5.6
2025-04-19T15:26:00+00:00,2381.9,84.37,348.1,13.83,369.3,28.6,645.6,0.0570,0.45,321.2,141.2,5.5
2025-04-19T15:27:00+00:00,2039.9,83.44,345.5,13.75,379.3,28.3,568.4,0.0553,0.50,321.2,141.2,6.8
2025-04-19T15:28:00+00:00,2370.1,86.36,360.6,13.86,377.9,31.8,632.6,0.0576,0.43,321.2,141.2,5.5
2025-04-19T15:29:00+00:00,1877.8,79.68,352.1,13.63,366.8,27.5,572.8,0.0559,0.47,321.2,141.2,3.8
2025-04-19T15:30:00+00:00,2155.5,81.29,372.1,13.72,398.9,30.1,637.8,0.0552,0.43,321.2,141.2,4.5
2025-04-19T15:31:00+00:00,2220.5,84.47,341.4,13.86,366.6,28.7,620.0,0.0573,0.37,321.2,141.2,4.5
2025-04-19T15:32:00+00:00,1860.6,79.99,355.7,13.86,358.3,29.9,616.2,0.0560,0.38,321.2,141.2,6.1
2025-04-19T15:33:00+00:00,2136.5,84.20,336.0,13.81,376.9,28.1,607.6,0.0599,0.42,321.2,141.2,4.1
2025-04-19T15:34:00+00:00,2166.5,80.66,351.4,13.99,363.6,30.2,546.1,0.0608,0.45,321.2,141.2,4.8
2025-04-19T15:35:00+00:00,1785.1,82.88,361.3,13.83,365.3,29.2,536.5,0.0549,0.42,321.2,141.2,4.5
2025-04-19T15:36:00+00:00,2172.9,81.03,348.3,13.64,395.8,27.7,602.7,0.0566,0.53,321.2,141.2,6.2
2025-04-19T15:37:00+00:00,2036.2,79.74,355.2,13.61,379.9,28.9,647.4,0.0541,0.37,321.2,141.2,3.7
2025-04-19T15:38:00+00:00,1998.1,80.67,362.4,13.77,382.5,28.7,623.2,0.0642,0.37,321.2,141.2,5.1
2025-04-19T15:39:00+00:00,2117.6,81.47,358.4,13.84,396.5,28.3,614.1,0.0552,0.44,321.2,141.2,3.7
2025-04-19T15:40:00+00:00,2274.3,80.89,338.6,13.94,371.7,29.4,585.2,0.0561,0.44,321.2,141.2,4.6
2025-04-19T15:41:00+00:00,2082.8,81.61,349.9,13.91,405.9,29.9,674.5,0.0594,0.42,321.2,141.2,5.3
2025-04-19T15:42:00+00:00,2087.3,82.69,347.7,13.59,379.0,27.3,603.5,0.0624,0.42,321.2,141.2,6.3
2025-04-19T15:43:00+00:00,2116.4,81.38,346.0,13.95,399.8,29.3,624.3,0.0542,0.35,321.2,141.2,4.3
2025-04-19T15:44:00+00:00,2102.6,81.91,350.9,13.94,385.8,30.2,580.3,0.0591,0.37,321.2,141.2,5.6
2025-04-19T15:45:00+00:00,2163.8,82.59,332.0,13.87,383.4,30.4,584.7,0.0558,0.47,321.2,141.2,6.1
2025-04-19T15:46:00+00:00,2058.5,82.19,350.8,13.79,382.1,25.4,619.5,0.0553,0.39,321.2,141.2,4.1
2025-04-19T15:47:00+00:00,2022.6,83.18,345.9,13.76,373.9,28.3,581.9,0.0546,0.42,321.2,141.2,5.9
2025-04-19T15:48:00+00:00,1880.7,84.40,349.6,13.69,378.7,29.6,567.2,0.0533,0.37,321.2,141.2,5.3
2025-04-19T15:49:00+00:00,1977.7,81.58,353.9,13.63,378.8,26.7,575.0,0.0552,0.51,321.2,141.2,6.2
2025-04-19T15:50:00+00:00,2148.7,83.71,347.0,13.69,393.3,28.5,567.6,0.0556,0.46,321.2,141.2,5.7
2025-04-19T15:51:00+00:00,1944.8,79.84,352.0,13.76,387.9,29.9,670.9,0.0566,0.42,321.2,141.2,4.5
2025-04-19T15:52:00+00:00,2048.7,83.52,357.5,13.86,376.9,30.3,596.1,0.0553,0.47,321.2,141.2,7.4
2025-04-19T15:53:00+00:00,1909.0,84.38,346.8,13.90,405.0,30.6,524.7,0.0578,0.38,321.2,141.2,4.8
2025-04-19T15:54:00+00:00,2142.2,83.01,361.3,13.82,367.8,29.0,617.9,0.0649,0.38,321.2,141.2,5.0
2025-04-19T15:55:00+00:00,1938.9,83.22,363.6,13.57,414.4,29.8,627.7,0.0550,0.52,321.2,141.2,5.5
2025-04-19T15:56:00+00:00,1766.5,81.15,359.1,13.87,377.8,29.7,608.4,0.0536,0.44,321.2,141.2,5.5
2025-04-19T15:57:00+00:00,1917.5,80.67,336.9,13.65,370.6,27.4,571.4,0.0547,0.50,321.2,141.2,5.2
2025-04-19T15:58:00+00:00,2025.8,80.02,351.3,14.09,364.4,29.3,593.2,0.0578,0.32,321.2,141.2,2.9
2025-04-19T15:59:00+00:00,2091.2,82.25,338.1,13.73,373.0,28.1,588.6,0.0553,0.46,321.2,141.2,6.3
2025-04-19T16:00:00+00:00,2074.9,81.79,344.0,13.54,379.4,26.5,612.2,0.0653,0.42,321.2,141.2,4.2
2025-04-19T16:01:00+00:00,2142.1,80.33,350.9,13.90,370.7,26.7,616.1,0.0544,0.35,321.2,141.2,5.0
2025-04-19T16:02:00+00:00,1976.7,81.94,350.6,13.41,369.5,28.5,603.9,0.0586,0.50,321.2,141.2,3.4
2025-04-19T16:03:00+00:00,2134.1,82.89,349.1,13.96,377.3,30.4,561.5,0.0553,0.44,321.2,141.2,4.9
2025-04-19T16:04:00+00:00,2043.8,83.10,330.2,13.73,399.5,28.7,624.8,0.0550,0.47,321.2,141.2,3.3
2025-04-19T16:05:00+00:00,1898.6,82.86,348.9,13.62,396.0,27.0,557.5,0.0633,0.49,321.2,141.2,7.0
2025-04-19T16:06:00+00:00,2188.6,83.17,366.4,13.74,374.0,30.3,581.9,0.0558,0.45,321.2,141.2,4.9
2025-04-19T16:07:00+00:00,1995.3,84.35,348.8,13.88,390.0,29.3,611.5,0.0605,0.42,321.2,141.2,5.0
2025-04-19T16:08:00+00:00,2173.2,80.12,348.8,13.64,390.4,27.4,568.6,0.0548,0.37,321.2,141.2,4.6
2025-04-19T16:09:00+00:00,2128.2,83.92,343.9,13.85,358.0,27.0,679.3,0.0611,0.41,321.2,141.2,5.9
2025-04-19T16:10:00+00:00,1956.1,79.13,342.9,13.79,383.2,27.9,600.3,0.0552,0.52,321.2,141.2,3.6
2025-04-19T16:11:00+00:00,1913.4,80.31,359.8,13.94,369.5,29.0,612.4,0.0540,0.42,321.2,141.2,3.9
2025-04-19T16:12:00+00:00,2038.9,85.01,351.4,13.67,382.9,28.1,559.0,0.0545,0.38,321.2,141.2,4.0
2025-04-19T16:13:00+00:00,2108.6,82.28,347.2,13.80,384.4,28.4,595.1,0.0548,0.40,321.2,141.2,5.8
2025-04-19T16:14:00+00:00,2115.2,80.73,337.6,13.73,399.5,26.5,605.3,0.0552,0.44,321.2,141.2,5.9
2025-04-19T16:15:00+00:00,2056.1,81.21,330.3,13.65,389.8,29.8,609.2,0.0581,0.45,321.2,141.2,5.3
2025-04-19T16:16:00+00:00,1882.4,78.16,339.0,13.86,389.2,26.4,590.6,0.0535,0.38,321.2,141.2,6.5
2025-04-19T16:17:00+00:00,2046.7,80.98,361.6,13.65,393.2,30.8,587.9,0.0544,0.40,321.2,141.2,6.1
2025-04-19T16:18:00+00:00,2122.4,82.91,342.9,14.08,387.2,30.6,555.7,0.0556,0.46,321.2,141.2,3.2
2025-04-19T16:19:00+00:00,2022.7,82.80,353.8,13.81,381.1,30.7,575.4,0.0545,0.41,321.2,141.2,5.3
2025-04-19T16:20:00+00:00,1917.6,82.77,349.7,13.80,373.5,27.9,614.7,0.0541,0.37,321.2,141.2,4.9
2025-04-19T16:21:00+00:00,2017.6,83.59,352.3,13.73,363.4,28.8,609.0,0.0624,0.46,321.2,141.2,6.9
2025-04-19T16:22:00+00:00,2001.8,82.55,343.8,13.73,379.2,28.1,684.0,0.0636,0.45,321.2,141.2,3.3
2025-04-19T16:23:00+00:00,1887.8,82.28,354.9,13.77,373.0,29.1,636.5,0.0539,0.42,321.2,141.2,5.9
2025-04-19T16:24:00+00:00,1949.5,83.74,346.4,13.99,357.5,27.2,603.6,0.0551,0.52,321.2,141.2,4.5
2025-04-19T16:25:00+00:00,2135.9,80.95,349.3,13.77,385.1,28.9,632.7,0.0551,0.40,321.2,141.2,5.2
2025-04-19T16:26:00+00:00,813.1,76.59,335.4,13.70,343.3,28.7,498.2,0.0500,0.42,321.2,141.2,5.0
2025-04-19T16:27:00+00:00,940.0,77.85,367.3,13.74,333.6,30.5,605.8,0.0493,0.48,321.2,141.2,3.7
2025-04-19T16:28:00+00:00,1151.8,77.07,363.8,13.85,358.2,29.0,590.2,0.0533,0.44,321.2,141.2,6.8
2025-04-19T16:29:00+00:00,953.2,77.61,356.4,14.01,350.1,29.4,596.7,0.0504,0.45,321.2,141.2,4.6
2025-04-19T16:30:00+00:00,1114.1,78.97,364.8,13.75,351.1,29.9,539.4,0.0497,0.29,321.2,141.2,2.7
2025-04-19T16:31:00+00:00,1038.2,80.11,360.9,13.69,352.3,26.9,570.9,0.0489,0.32,321.2,141.2,5.5
2025-04-19T16:32:00+00:00,919.7,77.92,354.9,13.81,362.4,29.9,538.6,0.0490,0.41,321.2,141.2,6.6
2025-04-19T16:33:00+00:00,1018.3,78.82,368.6,13.90,334.9,26.6,554.2,0.0495,0.45,321.2,141.2,4.0
2025-04-19T16:34:00+00:00,1040.8,76.22,366.0,13.73,360.3,27.1,563.5,0.0501,0.52,321.2,141.2,5.2
2025-04-19T16:35:00+00:00,974.7,80.31,341.7,14.01,364.6,29.2,520.2,0.0509,0.42,321.2,141.2,4.3
2025-04-19T16:36:00+00:00,917.4,78.33,350.5,13.40,348.3,27.5,573.9,0.0493,0.41,321.2,141.2,4.7
2025-04-19T16:37:00+00:00,938.1,78.35,348.3,13.50,357.0,28.7,514.4,0.0501,0.48,321.2,141.2,3.7
2025-04-20T06:00:00+00:00,783.6,78.40,359.5,13.48,331.3,24.7,540.8,0.0562,1.20,240.6,105.6,14.4
2025-04-20T06:01:00+00:00,1077.2,76.91,360.4,13.94,339.6,26.0,527.2,0.0603,1.16,240.6,105.6,14.4
2025-04-20T06:02:00+00:00,1030.4,81.23,368.5,13.70,359.0,27.8,545.3,0.0628,1.20,240.6,105.6,14.2
2025-04-20T06:03:00+00:00,1125.2,79.47,361.6,13.87,358.6,26.7,580.4,0.0569,1.13,240.6,105.6,14.6
2025-04-20T06:04:00+00:00,916.7,79.45,352.5,13.64,328.1,27.9,529.9,0.0567,1.15,240.6,105.6,13.3
2025-04-20T06:05:00+00:00,1084.9,77.29,348.1,13.53,364.2,28.1,526.8,0.0572,1.19,240.6,105.6,14.9
2025-04-20T06:06:00+00:00,1107.0,77.94,354.5,13.87,356.3,26.9,589.4,0.0574,1.21,240.6,105.6,16.5
2025-04-20T06:07:00+00:00,943.8,80.30,360.2,13.64,340.9,26.7,549.5,0.0621,1.15,240.6,105.6,15.5
2025-04-20T06:08:00+00:00,1045.9,79.33,362.9,14.01,343.8,28.0,536.4,0.0570,1.18,240.6,105.6,14.9
2025-04-20T06:09:00+00:00,845.4,77.68,355.5,13.66,353.2,31.6,558.3,0.0546,1.05,240.6,105.6,17.2
2025-04-20T06:10:00+00:00,924.9,79.90,354.8,14.05,369.0,29.1,529.7,0.0574,1.21,240.6,105.6,14.7
2025-04-20T06:11:00+00:00,961.2,81.60,362.0,13.82,324.1,27.3,598.3,0.0596,1.16,240.6,105.6,14.7
2025-04-20T06:12:00+00:00,890.0,78.88,349.4,13.99,345.0,27.2,528.7,0.0549,1.07,240.6,105.6,14.0
2025-04-20T06:13:00+00:00,1960.5,81.38,346.3,13.75,381.8,28.1,580.7,0.0611,1.11,240.6,105.6,16.2
2025-04-20T06:14:00+00:00,2052.2,85.34,353.5,13.82,392.9,29.1,605.8,0.0609,1.05,240.6,105.6,14.3
2025-04-20T06:15:00+00:00,1917.1,83.99,350.3,13.80,376.7,26.4,621.3,0.0631,1.09,240.6,105.6,15.8
2025-04-20T06:16:00+00:00,2170.4,82.91,345.6,13.74,391.9,27.0,595.3,0.0649,1.05,240.6,105.6,16.0
2025-04-20T06:17:00+00:00,1765.0,83.78,354.1,13.89,381.6,27.5,570.5,0.0645,1.11,240.6,105.6,14.3
2025-04-20T06:18:00+00:00,1863.3,82.47,356.2,13.76,364.9,27.3,590.3,0.0611,1.16,240.6,105.6,13.9
2025-04-20T06:19:00+00:00,2053.8,81.50,351.9,13.83,390.1,25.1,644.7,0.0622,1.17,240.6,105.6,15.0
2025-04-20T06:20:00+00:00,1876.1,80.72,347.3,14.00,379.2,27.3,667.8,0.0627,1.18,240.6,105.6,13.5
2025-04-20T06:21:00+00:00,2016.6,77.32,358.7,13.91,374.7,27.9,578.7,0.0623,1.13,240.6,105.6,12.5
2025-04-20T06:22:00+00:00,2137.9,82.62,336.8,13.86,375.7,28.5,581.7,0.0622,1.12,240.6,105.6,16.3
2025-04-20T06:23:00+00:00,2012.6,79.80,358.2,13.67,387.8,29.8,620.3,0.0618,1.16,240.6,105.6,13.3
2025-04-20T06:24:00+00:00,1831.8,82.07,349.0,13.69,393.3,28.8,615.0,0.0635,1.02,240.6,105.6,13.8
2025-04-20T06:25:00+00:00,1997.7,82.37,350.1,14.02,381.2,29.5,610.7,0.0613,1.11,240.6,105.6,13.8
2025-04-20T06:26:00+00:00,1884.2,82.38,357.2,13.71,406.7,28.0,601.1,0.0660,1.15,240.6,105.6,16.4
2025-04-20T06:27:00+00:00,1892.6,79.72,344.6,13.85,399.5,28.1,592.3,0.0628,1.12,240.6,105.6,14.0
2025-04-20T06:28:00+00:00,1939.6,82.01,347.0,13.74,370.3,27.1,501.7,0.0627,1.13,240.6,105.6,17.9
2025-04-20T06:29:00+00:00,1912.1,83.30,350.9,13.63,371.1,26.8,570.7,0.0611,1.14,240.6,105.6,16.4
2025-04-20T06:30:00+00:00,1932.0,80.97,326.1,13.80,373.2,29.8,587.9,0.0613,1.14,240.6,105.6,13.8
2025-04-20T06:31:00+00:00,2077.6,82.68,364.4,13.94,388.1,28.4,616.6,0.0621,1.14,240.6,105.6,14.3
2025-04-20T06:32:00+00:00,2028.5,82.55,354.7,13.82,374.3,33.2,551.5,0.0618,1.14,240.6,105.6,14.8
2025-04-20T06:33:00+00:00,1823.5,79.51,347.1,14.05,416.1,29.2,604.4,0.0598,1.06,240.6,105.6,13.6
2025-04-20T06:34:00+00:00,2076.1,81.51,358.0,13.74,379.9,28.2,596.5,0.0712,1.17,240.6,105.6,15.0
2025-04-20T06:35:00+00:00,1956.8,82.68,362.7,13.94,372.6,30.1,572.5,0.0609,1.10,240.6,105.6,14.7
2025-04-20T06:36:00+00:00,2025.9,83.08,334.5,13.63,374.3,26.4,584.2,0.0631,1.27,240.6,105.6,15.0
2025-04-20T06:37:00+00:00,1929.7,83.68,352.8,13.86,365.9,26.6,606.3,0.0616,1.18,240.6,105.6,13.3
2025-04-20T06:38:00+00:00,1945.8,81.74,355.8,13.63,373.5,27.0,578.9,0.0630,1.26,240.6,105.6,13.1
2025-04-20T06:39:00+00:00,1942.9,81.07,343.3,13.73,384.7,28.5,626.7,0.0603,1.05,240.6,105.6,14.9
2025-04-20T06:40:00+00:00,2177.7,83.41,367.3,13.78,363.2,25.9,642.9,0.0638,1.12,240.6,105.6,14.3
2025-04-20T06:41:00+00:00,2219.1,79.73,342.7,13.38,392.4,27.6,577.0,0.0626,1.14,240.6,105.6,14.1
2025-04-20T06:42:00+00:00,1956.4,84.12,359.8,13.93,387.7,28.3,573.4,0.0646,1.14,240.6,105.6,16.0
2025-04-20T06:43:00+00:00,1770.2,81.05,358.4,13.82,367.5,28.0,541.1,0.0608,1.21,240.6,105.6,13.7
2025-04-20T06:44:00+00:00,1992.8,81.82,365.6,13.88,394.0,27.9,615.2,0.0611,1.11,240.6,105.6,13.6
2025-04-20T06:45:00+00:00,1926.2,79.69,359.4,13.77,386.4,31.7,600.9,0.0610,1.12,240.6,105.6,15.2
2025-04-20T06:46:00+00:00,2117.2,81.72,347.9,13.84,378.0,28.5,666.6,0.0624,1.14,240.6,105.6,15.2
2025-04-20T06:47:00+00:00,2015.8,83.48,330.9,13.59,368.9,31.0,559.6,0.0620,1.18,240.6,105.6,14.4
2025-04-20T06:48:00+00:00,1898.1,82.91,361.1,13.96,376.5,31.7,619.2,0.0699,1.13,240.6,105.6,15.9
2025-04-20T06:49:00+00:00,1871.2,79.57,355.9,14.00,386.2,27.2,554.6,0.0603,1.07,240.6,105.6,14.6
2025-04-20T06:50:00+00:00,2081.8,82.70,350.2,13.62,367.7,29.9,609.6,0.0618,1.11,240.6,105.6,13.7
2025-04-20T06:51:00+00:00,2028.7,82.96,365.1,13.74,379.6,29.0,588.7,0.0726,1.20,240.6,105.6,15.6
2025-04-20T06:52:00+00:00,2104.0,83.67,351.7,13.78,409.7,28.8,603.3,0.0671,1.23,240.6,105.6,15.3
2025-04-20T06:53:00+00:00,1855.3,82.90,350.9,13.81,377.9,29.0,568.6,0.0614,1.20,240.6,105.6,14.8
2025-04-20T06:54:00+00:00,2045.0,80.34,343.6,13.82,395.0,30.2,596.0,0.0627,1.11,240.6,105.6,14.4
2025-04-20T06:55:00+00:00,2098.9,82.53,361.2,13.72,385.3,29.1,625.5,0.0622,1.15,240.6,105.6,15.4
2025-04-20T06:56:00+00:00,2127.2,82.60,347.6,13.81,388.2,28.4,569.7,0.0624,1.15,240.6,105.6,17.6
2025-04-20T06:57:00+00:00,2118.7,80.19,349.0,14.13,378.0,29.9,581.8,0.0670,1.23,240.6,105.6,12.9
2025-04-20T06:58:00+00:00,2025.1,80.00,347.8,14.17,389.8,29.7,613.9,0.0625,1.21,240.6,105.6,14.4
2025-04-20T06:59:00+00:00,2001.3,82.26,341.5,14.03,389.0,29.7,620.6,0.0686,1.20,240.6,105.6,12.9
2025-04-20T07:00:00+00:00,1865.0,81.04,350.4,13.63,364.9,31.3,523.2,0.0639,1.19,240.6,105.6,16.2
2025-04-20T07:01:00+00:00,1948.4,81.66,352.6,13.68,378.1,28.2,574.9,0.0640,1.14,240.6,105.6,15.4
2025-04-20T07:02:00+00:00,2480.1,82.65,358.8,13.66,375.0,28.6,617.5,0.0662,1.12,240.6,105.6,14.4
2025-04-20T07:03:00+00:00,2055.2,83.50,354.8,13.67,375.9,28.5,632.3,0.0619,1.14,240.6,105.6,14.3
2025-04-20T07:04:00+00:00,2102.6,83.73,345.3,13.77,396.1,27.0,593.2,0.0647,1.15,240.6,105.6,15.0
2025-04-20T07:05:00+00:00,2012.6,84.20,355.3,13.69,358.5,28.2,608.0,0.0622,1.20,240.6,105.6,14.0
2025-04-20T07:06:00+00:00,2017.9,84.39,347.6,13.57,377.7,26.7,580.6,0.0638,1.16,240.6,105.6,14.2
2025-04-20T07:07:00+00:00,2480.5,80.41,342.2,14.14,399.2,27.3,649.0,0.0671,1.08,240.6,105.6,13.5
2025-04-20T07:08:00+00:00,2530.5,81.80,346.4,13.66,401.7,26.5,652.3,0.0691,1.16,240.6,105.6,16.0
2025-04-20T07:09:00+00:00,1735.7,79.46,341.3,14.01,389.9,29.9,555.8,0.0605,1.17,240.6,105.6,14.1
2025-04-20T07:10:00+00:00,1943.1,83.46,342.6,13.73,380.6,29.8,615.4,0.0621,1.21,240.6,105.6,13.8
2025-04-20T07:11:00+00:00,2093.5,80.86,347.2,13.79,393.9,31.1,634.5,0.0622,1.16,240.6,105.6,14.1
2025-04-20T07:12:00+00:00,2501.1,85.53,337.7,13.64,390.4,26.2,678.4,0.0646,1.17,240.6,105.6,14.3
2025-04-20T07:13:00+00:00,2150.2,80.95,333.6,13.62,400.8,27.9,652.1,0.0642,1.13,240.6,105.6,16.2
2025-04-20T07:14:00+00:00,2429.4,82.92,341.7,13.59,412.7,28.2,636.7,0.0640,1.16,240.6,105.6,15.1
2025-04-20T07:15:00+00:00,2481.0,82.61,347.7,13.84,397.5,29.5,620.1,0.0665,1.10,240.6,105.6,15.9
2025-04-20T07:16:00+00:00,2492.8,80.45,339.4,13.80,401.0,28.3,602.5,0.0697,1.15,240.6,105.6,15.1
2025-04-20T07:17:00+00:00,2073.8,82.91,332.9,13.74,392.5,27.4,610.9,0.0678,1.19,240.6,105.6,14.8
2025-04-20T07:18:00+00:00,2141.2,82.33,332.2,13.72,373.5,28.8,611.8,0.0628,1.18,240.6,105.6,16.4
2025-04-20T07:19:00+00:00,2041.1,82.86,344.0,13.64,371.9,28.6,613.0,0.0614,1.10,240.6,105.6,13.9
2025-04-20T07:20:00+00:00,1886.5,83.35,365.2,13.62,377.3,26.6,636.8,0.0609,1.11,240.6,105.6,15.8
2025-04-20T07:21:00+00:00,1980.2,81.97,351.4,13.71,387.5,29.1,571.0,0.0623,1.16,240.6,105.6,14.2
2025-04-20T07:22:00+00:00,2433.9,83.57,345.3,13.90,402.9,28.4,642.1,0.0690,1.07,240.6,105.6,14.3
2025-04-20T07:23:00+00:00,2077.8,81.74,340.5,13.68,374.1,29.0,596.6,0.0641,1.19,240.6,105.6,14.1
2025-04-20T07:24:00+00:00,2067.5,80.85,353.6,13.85,384.8,29.4,541.2,0.0682,1.23,240.6,105.6,14.2
2025-04-20T07:25:00+00:00,2080.6,83.67,342.1,14.02,389.3,27.6,630.0,0.0619,1.13,240.6,105.6,16.9
2025-04-20T07:26:00+00:00,1974.8,78.77,345.5,13.67,379.4,25.4,598.7,0.0623,1.23,240.6,105.6,14.3
2025-04-20T07:27:00+00:00,2447.6,85.92,328.7,13.99,401.0,27.9,642.8,0.0644,1.18,240.6,105.6,14.8
2025-04-20T07:28:00+00:00,2239.2,83.75,353.3,13.97,416.6,28.3,581.4,0.0669,1.16,240.6,105.6,14.3
2025-04-20T07:29:00+00:00,2448.2,83.82,349.0,13.73,416.1,29.5,635.8,0.0658,1.24,240.6,105.6,14.0
2025-04-20T07:30:00+00:00,2145.9,81.65,355.1,13.86,395.6,31.1,641.2,0.0621,1.11,240.6,105.6,16.4
2025-04-20T07:31:00+00:00,2483.2,83.50,368.5,13.89,398.0,30.7,591.9,0.0664,1.08,240.6,105.6,12.5
2025-04-20T07:32:00+00:00,1982.7,83.28,351.2,13.94,365.3,29.6,609.4,0.0642,1.23,240.6,105.6,15.4
2025-04-20T07:33:00+00:00,2100.5,80.20,345.3,13.85,392.0,31.0,659.4,0.0702,1.16,240.6,105.6,14.3
2025-04-20T07:34:00+00:00,2056.8,80.55,335.1,13.79,388.9,31.2,626.9,0.0616,1.11,240.6,105.6,15.3
2025-04-20T07:35:00+00:00,2159.2,79.08,341.6,13.81,375.6,29.3,597.9,0.0620,1.11,240.6,105.6,15.6
2025-04-20T07:36:00+00:00,1904.3,81.55,340.0,13.83,367.6,28.8,521.8,0.0613,1.16,240.6,105.6,13.2
2025-04-20T07:37:00+00:00,2073.1,84.75,354.0,14.12,398.7,31.2,546.1,0.0622,1.17,240.6,105.6,15.7
2025-04-20T07:38:00+00:00,2022.2,84.03,347.9,13.66,408.3,29.6,550.4,0.0641,1.18,240.6,105.6,14.4
2025-04-20T07:39:00+00:00,1955.8,80.34,345.9,13.77,376.5,30.9,539.8,0.0615,1.13,240.6,105.6,15.8
2025-04-20T07:40:00+00:00,1897.8,81.40,348.2,13.89,382.5,28.7,618.4,0.0613,1.15,240.6,105.6,14.9
2025-04-20T07:41:00+00:00,1945.7,83.18,354.6,13.55,379.5,27.3,587.6,0.0620,1.19,240.6,105.6,13.4
2025-04-20T07:42:00+00:00,1928.8,80.44,347.2,13.87,378.8,31.1,607.8,0.0604,1.07,240.6,105.6,15.3
2025-04-20T07:43:00+00:00,2049.0,82.40,350.5,13.71,394.0,29.5,597.0,0.0617,1.12,240.6,105.6,15.0
2025-04-20T07:44:00+00:00,1627.1,81.69,343.8,13.56,357.7,30.6,542.0,0.0606,1.23,240.6,105.6,15.1
2025-04-20T07:45:00+00:00,1823.7,80.95,360.1,13.95,380.1,28.6,571.9,0.0604,1.11,240.6,105.6,16.8
2025-04-20T07:46:00+00:00,2128.7,82.11,347.6,13.91,388.3,28.8,559.1,0.0627,1.17,240.6,105.6,14.5
2025-04-20T07:47:00+00:00,2117.0,84.06,345.4,13.69,387.1,28.9,588.3,0.0625,1.17,240.6,105.6,15.9
2025-04-20T07:48:00+00:00,2010.6,80.75,347.7,14.02,353.1,28.3,596.2,0.0616,1.14,240.6,105.6,15.5
2025-04-20T07:49:00+00:00,2151.5,84.35,360.1,13.55,384.8,26.6,573.0,0.0628,1.17,240.6,105.6,13.1
2025-04-20T07:50:00+00:00,2069.2,82.77,337.0,13.88,368.5,25.2,623.8,0.0627,1.21,240.6,105.6,15.1
2025-04-20T07:51:00+00:00,1876.3,80.02,367.7,13.61,386.9,27.3,578.2,0.0615,1.13,240.6,105.6,15.8
2025-04-20T07:52:00+00:00,1904.8,81.67,341.6,13.95,384.1,27.0,631.6,0.0639,1.14,240.6,105.6,14.2
2025-04-20T07:53:00+00:00,2127.2,79.57,343.3,13.85,403.3,29.6,612.3,0.0622,1.13,240.6,105.6,16.1
2025-04-20T07:54:00+00:00,1915.9,81.84,355.6,13.77,383.2,26.2,659.6,0.0618,1.16,240.6,105.6,14.9
2025-04-20T07:55:00+00:00,1965.4,84.20,351.1,13.71,378.5,29.1,626.7,0.0633,1.18,240.6,105.6,14.8
2025-04-20T07:56:00+00:00,2164.4,83.23,361.1,13.98,381.6,27.3,589.0,0.0624,1.13,240.6,105.6,17.4
2025-04-20T07:57:00+00:00,2087.1,81.32,352.0,13.90,367.5,29.3,614.1,0.0622,1.16,240.6,105.6,15.7
2025-04-20T07:58:00+00:00,2088.1,84.11,348.8,13.89,390.3,29.3,639.1,0.0621,1.14,240.6,105.6,14.5
2025-04-20T07:59:00+00:00,1899.6,80.83,346.0,14.04,394.0,29.2,596.3,0.0619,1.06,240.6,105.6,15.9
2025-04-20T08:00:00+00:00,1991.1,80.87,350.1,13.63,393.5,30.6,577.2,0.0625,1.23,240.6,105.6,16.3
2025-04-20T08:01:00+00:00,1848.3,81.20,332.5,13.42,373.1,25.5,559.2,0.0668,1.16,240.6,105.6,14.6
2025-04-20T08:02:00+00:00,1959.0,82.70,340.3,13.89,366.2,27.5,533.4,0.0614,1.13,240.6,105.6,14.0
2025-04-20T08:03:00+00:00,2033.4,83.97,346.0,13.91,391.8,24.7,591.8,0.0636,1.21,240.6,105.6,14.2
2025-04-20T08:04:00+00:00,1764.0,85.04,356.8,13.80,369.8,29.0,568.9,0.0601,1.11,240.6,105.6,15.2
2025-04-20T08:05:00+00:00,1936.6,81.59,350.9,13.78,383.0,29.2,642.5,0.0613,1.14,240.6,105.6,16.4
2025-04-20T08:06:00+00:00,2056.6,80.27,352.5,13.99,396.3,28.1,568.6,0.0626,1.20,240.6,105.6,14.3
2025-04-20T08:07:00+00:00,2132.3,83.65,339.9,13.85,384.4,28.3,615.2,0.0618,1.08,240.6,105.6,14.8
2025-04-20T08:08:00+00:00,2099.2,82.67,343.3,13.44,372.7,30.3,639.1,0.0628,1.20,240.6,105.6,13.5
2025-04-20T08:09:00+00:00,1882.8,81.16,355.8,13.55,392.7,27.7,597.3,0.0684,1.18,240.6,105.6,13.7
2025-04-20T08:10:00+00:00,1854.4,79.87,352.7,13.90,369.4,29.0,603.1,0.0626,1.20,240.6,105.6,16.0
2025-04-20T08:11:00+00:00,1857.9,83.81,344.6,13.93,379.3,26.0,601.1,0.0724,1.02,240.6,105.6,13.2
2025-04-20T08:12:00+00:00,2052.7,81.55,343.6,14.09,363.1,26.7,585.9,0.0614,1.09,240.6,105.6,15.2
2025-04-20T08:13:00+00:00,1928.7,81.64,332.2,13.83,381.5,27.8,594.7,0.0615,1.17,240.6,105.6,16.6
2025-04-20T08:14:00+00:00,1953.3,83.02,359.0,13.83,391.5,27.4,599.8,0.0613,1.07,240.6,105.6,12.5
2025-04-20T08:15:00+00:00,2069.2,82.86,365.6,13.78,406.4,28.7,631.7,0.0624,1.14,240.6,105.6,15.1
2025-04-20T08:16:00+00:00,1866.8,81.06,369.3,13.86,363.9,31.4,633.7,0.0610,1.02,240.6,105.6,14.7
2025-04-20T08:17:00+00:00,1953.7,80.95,339.2,13.72,390.2,27.2,580.8,0.0618,1.19,240.6,105.6,12.9
2025-04-20T08:18:00+00:00,1991.7,82.53,331.7,13.95,358.1,27.9,616.3,0.0613,1.07,240.6,105.6,15.7
2025-04-20T08:19:00+00:00,2041.4,80.47,355.7,13.79,382.1,29.1,583.4,0.0656,1.04,240.6,105.6,14.1
2025-04-20T08:20:00+00:00,2062.9,81.85,340.6,13.68,373.6,27.3,523.2,0.0621,1.18,240.6,105.6,14.8
2025-04-20T08:21:00+00:00,1872.0,80.72,354.7,14.01,370.9,30.3,586.2,0.0607,1.12,240.6,105.6,16.0
2025-04-20T08:22:00+00:00,932.5,76.93,356.1,13.78,358.9,27.9,546.3,0.0609,1.12,240.6,105.6,16.2
2025-04-20T08:23:00+00:00,905.9,80.09,341.5,13.57,315.7,30.2,617.4,0.0591,1.13,240.6,105.6,13.8
2025-04-20T08:24:00+00:00,1028.7,78.64,346.3,13.81,345.1,27.5,636.7,0.0560,1.10,240.6,105.6,15.9
2025-04-20T08:25:00+00:00,1011.9,80.32,365.8,13.81,358.9,25.5,519.9,0.0577,1.06,240.6,105.6,14.9
2025-04-20T08:26:00+00:00,972.8,80.09,374.7,13.90,354.5,29.1,527.1,0.0563,1.16,240.6,105.6,14.6
2025-04-20T08:27:00+00:00,893.1,77.27,357.3,14.05,340.3,31.4,562.6,0.0551,1.07,240.6,105.6,14.0
2025-04-20T08:28:00+00:00,991.2,81.81,370.5,13.73,339.9,28.8,545.2,0.0633,1.14,240.6,105.6,13.4
2025-04-20T08:29:00+00:00,1120.8,77.34,345.5,13.71,344.9,29.4,550.7,0.0567,1.13,240.6,105.6,15.0
2025-04-20T08:30:00+00:00,1064.4,80.14,359.6,13.48,363.8,32.1,625.5,0.0569,1.17,240.6,105.6,15.2
2025-04-20T08:31:00+00:00,1069.6,77.99,350.7,13.76,339.6,28.2,500.2,0.0563,1.10,240.6,105.6,13.6
2025-04-20T08:32:00+00:00,1003.6,78.38,342.2,13.85,345.6,28.3,516.1,0.0560,1.10,240.6,105.6,14.9
2025-04-20T08:33:00+00:00,1064.7,77.01,362.9,13.67,357.8,28.9,538.6,0.0663,1.13,240.6,105.6,15.4
2025-04-20T14:00:00+00:00,861.6,78.55,346.9,13.59,349.8,30.9,558.2,0.0566,1.06,240.6,105.6,14.4
2025-04-20T14:01:00+00:00,1083.4,77.45,360.9,13.66,347.4,30.0,551.6,0.0611,1.11,240.6,105.6,15.4
2025-04-20T14:02:00+00:00,824.6,81.30,359.7,13.79,328.3,27.8,501.7,0.0552,1.11,240.6,105.6,13.7
2025-04-20T14:03:00+00:00,1004.8,77.76,354.5,13.60,350.5,29.6,550.7,0.0568,1.07,240.6,105.6,14.2
2025-04-20T14:04:00+00:00,867.4,77.96,345.9,13.70,362.8,29.2,552.8,0.0557,1.16,240.6,105.6,13.4
2025-04-20T14:05:00+00:00,890.9,80.82,368.8,13.52,341.2,29.5,562.8,0.0554,1.11,240.6,105.6,15.3
2025-04-20T14:06:00+00:00,975.1,78.78,334.4,14.08,338.8,28.2,566.5,0.0565,1.18,240.6,105.6,13.4
2025-04-20T14:07:00+00:00,1092.6,76.67,359.0,13.63,355.2,31.9,558.4,0.0576,1.23,240.6,105.6,15.8
2025-04-20T14:08:00+00:00,897.5,77.16,349.9,13.89,337.8,30.1,586.2,0.0570,1.27,240.6,105.6,15.4
2025-04-20T14:09:00+00:00,1012.4,80.55,356.4,13.79,337.9,32.8,531.7,0.0559,1.10,240.6,105.6,16.0
2025-04-20T14:10:00+00:00,956.3,79.12,359.9,13.81,351.9,28.6,562.2,0.0555,1.07,240.6,105.6,14.1
2025-04-20T14:11:00+00:00,1010.3,79.52,352.3,13.69,349.7,27.7,528.1,0.0563,1.14,240.6,105.6,14.1
2025-04-20T14:12:00+00:00,931.6,76.69,342.6,13.94,366.1,27.7,507.1,0.0574,1.03,240.6,105.6,15.0
2025-04-20T14:13:00+00:00,1988.0,80.10,338.3,14.22,394.9,28.2,610.4,0.0675,1.17,240.6,105.6,14.1
2025-04-20T14:14:00+00:00,1824.7,81.66,356.0,13.79,385.5,31.3,594.3,0.0612,1.19,240.6,105.6,14.7
2025-04-20T14:15:00+00:00,1850.0,84.93,345.6,13.88,376.0,31.1,566.5,0.0607,1.14,240.6,105.6,14.6
2025-04-20T14:16:00+00:00,2138.7,82.91,354.1,13.67,370.2,29.1,553.9,0.0624,1.15,240.6,105.6,15.1
2025-04-20T14:17:00+00:00,2131.1,83.30,355.0,13.97,381.0,29.6,652.1,0.0628,1.19,240.6,105.6,13.4
2025-04-20T14:18:00+00:00,1989.6,81.95,357.3,13.87,394.6,29.0,584.4,0.0620,1.20,240.6,105.6,13.2
2025-04-20T14:19:00+00:00,2053.4,81.92,341.1,13.60,403.6,30.9,590.6,0.0642,1.19,240.6,105.6,14.1
2025-04-20T14:20:00+00:00,1871.7,83.14,340.1,13.73,399.6,26.5,594.5,0.0615,1.18,240.6,105.6,16.2
2025-04-20T14:21:00+00:00,2113.0,83.49,351.6,13.74,387.3,28.5,606.2,0.0691,1.26,240.6,105.6,14.1
2025-04-20T14:22:00+00:00,1973.1,82.21,348.2,13.60,385.8,28.6,623.4,0.0614,1.13,240.6,105.6,15.4
2025-04-20T14:23:00+00:00,1892.5,83.34,348.3,13.82,406.8,29.5,621.3,0.0599,1.03,240.6,105.6,14.4
2025-04-20T14:24:00+00:00,2054.2,81.99,357.0,13.87,387.9,27.1,576.8,0.0682,1.12,240.6,105.6,14.3
2025-04-20T14:25:00+00:00,2009.2,83.38,349.7,13.94,360.9,28.3,580.2,0.0631,1.21,240.6,105.6,14.6
2025-04-20T14:26:00+00:00,2067.6,84.35,338.0,13.55,388.1,29.1,630.0,0.0622,1.16,240.6,105.6,14.9
2025-04-20T14:27:00+00:00,2243.4,81.78,336.9,13.77,389.7,30.2,629.3,0.0624,1.09,240.6,105.6,14.7
2025-04-20T14:28:00+00:00,1997.7,81.54,360.2,13.58,385.5,30.8,616.4,0.0613,1.09,240.6,105.6,13.5
2025-04-20T14:29:00+00:00,1850.9,79.67,340.5,13.77,378.9,28.9,645.4,0.0712,1.13,240.6,105.6,14.0
2025-04-20T14:30:00+00:00,1983.0,81.86,344.1,13.87,383.3,26.7,544.5,0.0642,1.14,240.6,105.6,13.7
2025-04-20T14:31:00+00:00,2069.5,78.05,341.0,13.88,375.8,29.0,569.3,0.0623,1.04,240.6,105.6,13.8
2025-04-20T14:32:00+00:00,2131.3,81.93,352.5,13.90,379.7,27.1,624.1,0.0648,1.19,240.6,105.6,15.1
2025-04-20T14:33:00+00:00,2078.7,80.21,337.6,14.03,370.6,27.1,573.5,0.0620,1.14,240.6,105.6,14.3
2025-04-20T14:34:00+00:00,1871.2,82.39,354.7,13.71,365.4,29.0,537.8,0.0641,1.12,240.6,105.6,13.9
2025-04-20T14:35:00+00:00,1915.9,81.38,357.8,13.61,382.8,30.3,619.4,0.0613,1.16,240.6,105.6,15.1
2025-04-20T14:36:00+00:00,2034.5,82.24,328.9,13.49,374.7,28.1,607.7,0.0619,1.16,240.6,105.6,14.8
2025-04-20T14:37:00+00:00,2241.4,81.78,347.9,13.79,375.4,29.4,641.3,0.0628,1.14,240.6,105.6,13.9
2025-04-20T14:38:00+00:00,2306.1,83.51,358.0,13.72,372.7,31.1,617.9,0.0630,1.12,240.6,105.6,14.4
2025-04-20T14:39:00+00:00,1904.6,84.76,354.2,13.86,362.6,32.0,618.8,0.0614,1.18,240.6,105.6,15.6
2025-04-20T14:40:00+00:00,2195.5,82.33,361.1,13.78,385.2,29.6,586.6,0.0630,1.16,240.6,105.6,16.7
2025-04-20T14:41:00+00:00,1964.0,81.55,353.9,13.70,391.3,27.3,595.1,0.0646,1.18,240.6,105.6,15.7
2025-04-20T14:42:00+00:00,1980.0,83.38,347.2,13.80,375.3,29.8,631.9,0.0619,1.17,240.6,105.6,14.8
2025-04-20T14:43:00+00:00,2064.5,83.53,353.3,13.61,408.0,26.9,594.5,0.0616,1.12,240.6,105.6,14.4
2025-04-20T14:44:00+00:00,2011.8,82.49,352.2,14.01,380.6,26.5,599.9,0.0611,1.08,240.6,105.6,14.9
2025-04-20T14:45:00+00:00,2033.8,80.60,341.4,13.75,365.5,26.3,603.8,0.0620,1.16,240.6,105.6,13.8
2025-04-20T14:46:00+00:00,2108.8,83.61,350.4,13.78,393.4,30.0,650.6,0.0711,1.12,240.6,105.6,14.3
2025-04-20T14:47:00+00:00,1816.0,81.06,343.1,14.01,382.9,28.0,572.6,0.0611,1.19,240.6,105.6,15.4
2025-04-20T14:48:00+00:00,1992.1,80.41,344.6,13.51,374.2,27.3,621.4,0.0627,1.25,240.6,105.6,14.1
2025-04-20T14:49:00+00:00,2101.0,81.97,354.8,13.83,383.0,26.1,641.0,0.0624,1.17,240.6,105.6,15.8
2025-04-20T14:50:00+00:00,1931.4,83.30,345.6,13.80,381.8,28.7,607.5,0.0617,1.09,240.6,105.6,13.6
2025-04-20T14:51:00+00:00,1917.9,82.47,350.6,13.93,370.6,30.6,600.5,0.0608,1.11,240.6,105.6,15.8
2025-04-20T14:52:00+00:00,2124.5,82.68,335.6,14.01,385.6,29.0,627.8,0.0641,1.22,240.6,105.6,13.3
2025-04-20T14:53:00+00:00,2067.8,83.33,353.5,13.82,378.2,30.1,578.4,0.0675,1.21,240.6,105.6,14.6
2025-04-20T14:54:00+00:00,2048.1,80.61,343.6,14.06,387.5,26.9,691.2,0.0686,1.14,240.6,105.6,15.6
2025-04-20T14:55:00+00:00,2185.4,83.31,356.9,14.01,376.6,29.6,577.8,0.0766,1.13,240.6,105.6,15.5
2025-04-20T14:56:00+00:00,2223.9,82.67,348.9,13.75,404.0,28.8,660.0,0.0635,1.18,240.6,105.6,14.0
2025-04-20T14:57:00+00:00,1859.9,80.99,351.1,13.76,365.1,28.1,571.5,0.0605,1.10,240.6,105.6,13.4
2025-04-20T14:58:00+00:00,2082.7,79.96,348.5,13.77,377.3,26.5,525.6,0.0621,1.15,240.6,105.6,15.6
2025-04-20T14:59:00+00:00,1945.7,82.51,360.3,13.74,390.4,29.0,569.7,0.0652,1.22,240.6,105.6,13.1
2025-04-20T15:00:00+00:00,2206.2,80.75,342.2,13.83,403.0,30.5,601.4,0.0625,1.12,240.6,105.6,17.0
2025-04-20T15:01:00+00:00,2012.7,81.05,346.9,13.98,386.9,27.8,546.9,0.0612,1.08,240.6,105.6,17.5
2025-04-20T15:02:00+00:00,2119.6,80.01,341.3,13.92,396.8,29.1,589.2,0.0630,1.03,240.6,105.6,14.9
2025-04-20T15:03:00+00:00,1693.8,81.22,345.7,13.96,379.0,28.1,561.8,0.0598,1.13,240.6,105.6,16.3
2025-04-20T15:04:00+00:00,1995.8,84.49,356.0,13.65,393.9,27.4,616.3,0.0607,1.06,240.6,105.6,14.7
2025-04-20T15:05:00+00:00,1907.7,80.30,339.8,13.94,374.6,28.2,587.5,0.0701,1.11,240.6,105.6,15.9
2025-04-20T15:06:00+00:00,2130.1,82.17,345.6,13.89,368.5,29.6,610.3,0.0620,1.12,240.6,105.6,13.6
2025-04-20T15:07:00+00:00,2114.5,83.43,344.3,13.90,386.2,30.4,548.7,0.0621,1.11,240.6,105.6,16.0
2025-04-20T15:08:00+00:00,1802.1,80.46,346.0,14.07,377.9,29.9,610.1,0.0615,1.23,240.6,105.6,14.7
2025-04-20T15:09:00+00:00,2043.4,83.11,337.3,13.60,375.2,29.2,613.5,0.0621,1.17,240.6,105.6,15.7
2025-04-20T15:10:00+00:00,2546.4,84.05,346.1,13.64,415.3,28.9,637.2,0.0650,1.18,240.6,105.6,13.9
2025-04-20T15:11:00+00:00,2076.9,82.93,349.0,13.71,402.8,28.7,604.9,0.0621,1.14,240.6,105.6,13.9
2025-04-20T15:12:00+00:00,1785.9,81.15,361.8,13.78,390.8,30.4,627.2,0.0611,1.17,240.6,105.6,16.0
2025-04-20T15:13:00+00:00,2152.5,82.18,350.1,13.67,377.9,26.5,587.0,0.0624,1.14,240.6,105.6,17.6
2025-04-20T15:14:00+00:00,2388.7,83.79,348.5,13.86,386.7,28.5,615.3,0.0651,1.13,240.6,105.6,15.2
2025-04-20T15:15:00+00:00,2452.9,85.06,337.7,13.65,373.5,27.5,606.3,0.0645,1.05,240.6,105.6,14.0
2025-04-20T15:16:00+00:00,2123.7,82.52,361.7,13.95,360.7,29.9,594.4,0.0646,1.10,240.6,105.6,16.3
2025-04-20T15:17:00+00:00,1889.1,83.98,346.4,13.62,378.4,29.9,572.9,0.0605,1.08,240.6,105.6,14.9
2025-04-20T15:18:00+00:00,2502.3,84.74,348.4,13.85,403.2,29.7,601.9,0.0652,1.23,240.6,105.6,14.8
2025-04-20T15:19:00+00:00,2243.3,83.92,351.5,13.64,379.8,26.4,584.7,0.0662,1.09,240.6,105.6,16.1
2025-04-20T15:20:00+00:00,2193.7,82.29,349.7,13.97,383.4,31.7,596.1,0.0671,1.13,240.6,105.6,14.3
2025-04-20T15:21:00+00:00,1937.3,81.72,342.7,13.61,381.9,29.4,572.8,0.0613,1.15,240.6,105.6,12.8
2025-04-20T15:22:00+00:00,2413.3,80.78,336.4,13.67,403.6,29.9,637.3,0.0709,1.12,240.6,105.6,15.5
2025-04-20T15:23:00+00:00,2143.7,80.80,353.8,13.61,357.8,29.7,593.4,0.0625,1.15,240.6,105.6,14.5
2025-04-20T15:24:00+00:00,2472.0,83.33,355.1,13.87,398.1,28.0,602.3,0.0659,1.16,240.6,105.6,13.6
2025-04-20T15:25:00+00:00,2447.2,80.95,358.0,13.87,403.1,29.3,592.1,0.0642,1.15,240.6,105.6,14.3
2025-04-20T15:26:00+00:00,2515.6,83.53,333.4,13.70,363.5,28.6,644.6,0.0702,1.18,240.6,105.6,12.5
2025-04-20T15:27:00+00:00,2138.1,80.16,354.3,13.67,370.7,30.8,628.7,0.0621,1.11,240.6,105.6,14.1
2025-04-20T15:28:00+00:00,1847.8,80.89,358.4,13.84,373.8,28.9,596.0,0.0655,1.17,240.6,105.6,14.8
2025-04-20T15:29:00+00:00,2119.1,83.90,348.0,13.91,385.3,27.9,624.0,0.0631,1.10,240.6,105.6,14.7
2025-04-20T15:30:00+00:00,1965.4,79.41,360.5,13.82,359.1,28.5,534.7,0.0613,1.13,240.6,105.6,15.7
2025-04-20T15:31:00+00:00,2385.1,83.62,351.2,13.64,392.9,29.0,599.6,0.0647,1.24,240.6,105.6,13.0
2025-04-20T15:32:00+00:00,1948.7,81.59,358.1,13.99,375.7,28.7,514.4,0.0712,1.14,240.6,105.6,13.9
2025-04-20T15:33:00+00:00,1949.1,81.22,336.7,13.94,367.8,28.7,603.0,0.0661,1.16,240.6,105.6,16.1
2025-04-20T15:34:00+00:00,2068.6,81.96,346.3,13.90,364.8,27.3,578.2,0.0628,1.22,240.6,105.6,14.6
2025-04-20T15:35:00+00:00,2039.1,81.43,346.7,13.96,402.5,29.0,566.3,0.0640,1.11,240.6,105.6,15.5
2025-04-20T15:36:00+00:00,1962.6,81.90,346.6,13.70,378.1,27.9,571.2,0.0682,1.16,240.6,105.6,12.8
2025-04-20T15:37:00+00:00,2001.8,82.13,336.2,13.71,383.5,28.5,640.5,0.0644,1.12,240.6,105.6,14.4
2025-04-20T15:38:00+00:00,2257.0,85.26,339.5,13.58,389.0,25.7,584.3,0.0638,1.22,240.6,105.6,14.8
2025-04-20T15:39:00+00:00,1929.5,81.05,353.5,13.88,370.6,30.0,569.6,0.0616,1.18,240.6,105.6,14.7
2025-04-20T15:40:00+00:00,2145.8,85.58,349.6,13.93,395.2,29.7,568.4,0.0655,1.11,240.6,105.6,15.3
2025-04-20T15:41:00+00:00,1975.4,80.20,342.2,13.71,367.7,29.7,601.1,0.0625,1.26,240.6,105.6,15.5
2025-04-20T15:42:00+00:00,1897.9,79.85,356.4,13.58,378.8,29.4,580.4,0.0619,1.08,240.6,105.6,14.9
2025-04-20T15:43:00+00:00,1948.9,81.00,340.3,13.72,359.0,27.9,600.9,0.0705,1.09,240.6,105.6,16.3
2025-04-20T15:44:00+00:00,1954.9,81.90,361.4,13.90,369.4,25.1,595.4,0.0610,1.09,240.6,105.6,15.3
2025-04-20T15:45:00+00:00,2006.9,83.17,335.4,13.98,393.8,27.6,608.2,0.0616,1.13,240.6,105.6,15.8
2025-04-20T15:46:00+00:00,1936.8,81.61,351.1,13.78,379.8,29.5,574.1,0.0613,1.14,240.6,105.6,14.0
2025-04-20T15:47:00+00:00,2124.9,82.20,348.5,13.66,396.6,29.7,633.4,0.0622,1.14,240.6,105.6,13.8
2025-04-20T15:48:00+00:00,2146.2,78.28,347.3,13.93,390.8,29.9,627.8,0.0665,1.10,240.6,105.6,14.1
2025-04-20T15:49:00+00:00,1923.8,82.30,356.9,13.64,370.6,28.3,627.6,0.0607,1.09,240.6,105.6,15.6
2025-04-20T15:50:00+00:00,1906.0,83.50,358.9,13.78,374.0,25.4,628.9,0.0677,1.12,240.6,105.6,14.1
2025-04-20T15:51:00+00:00,2059.1,84.71,350.3,13.72,401.6,29.1,621.1,0.0657,1.07,240.6,105.6,15.1
2025-04-20T15:52:00+00:00,2227.9,84.33,362.5,13.59,372.8,29.9,560.0,0.0633,1.18,240.6,105.6,15.4
2025-04-20T15:53:00+00:00,2006.3,84.04,356.2,13.91,381.9,29.3,622.3,0.0613,1.10,240.6,105.6,15.3
2025-04-20T15:54:00+00:00,2034.2,81.28,344.2,13.91,387.0,28.9,641.9,0.0670,1.13,240.6,105.6,14.3
2025-04-20T15:55:00+00:00,1983.6,83.10,356.6,13.40,363.0,26.2,615.4,0.0617,1.17,240.6,105.6,14.4
2025-04-20T15:56:00+00:00,2127.6,81.21,362.2,13.61,400.1,28.3,602.0,0.0624,1.13,240.6,105.6,15.2
2025-04-20T15:57:00+00:00,2150.3,82.83,343.1,13.78,378.4,30.4,601.3,0.0619,1.09,240.6,105.6,14.8
2025-04-20T15:58:00+00:00,1983.8,84.52,343.5,13.88,375.5,27.5,620.5,0.0649,1.18,240.6,105.6,15.8
2025-04-20T15:59:00+00:00,2021.3,86.29,351.9,13.60,393.2,26.9,582.4,0.0615,1.11,240.6,105.6,14.2
2025-04-20T16:00:00+00:00,2042.7,81.94,345.8,13.82,385.6,29.0,616.8,0.0665,1.21,240.6,105.6,16.0
2025-04-20T16:01:00+00:00,2080.1,83.77,339.6,13.71,385.1,29.5,548.4,0.0657,1.24,240.6,105.6,14.2
2025-04-20T16:02:00+00:00,1950.4,80.21,346.7,13.92,384.6,27.6,508.8,0.0616,1.15,240.6,105.6,17.2
2025-04-20T16:03:00+00:00,2001.2,81.44,345.5,13.61,374.8,28.4,614.9,0.0656,1.09,240.6,105.6,15.4
2025-04-20T16:04:00+00:00,2200.7,82.78,343.5,14.07,397.0,28.0,614.9,0.0630,1.18,240.6,105.6,14.4
2025-04-20T16:05:00+00:00,1781.9,82.21,359.1,13.77,358.7,31.4,665.3,0.0603,1.08,240.6,105.6,14.3
2025-04-20T16:06:00+00:00,2104.3,81.79,352.3,13.71,373.6,29.9,617.6,0.0687,1.20,240.6,105.6,16.0
2025-04-20T16:07:00+00:00,2003.8,79.81,349.8,13.49,386.7,28.7,619.2,0.0606,1.05,240.6,105.6,13.6
2025-04-20T16:08:00+00:00,2086.6,82.12,348.3,13.64,408.3,31.0,554.9,0.0633,1.18,240.6,105.6,14.8
2025-04-20T16:09:00+00:00,2134.7,85.40,359.4,13.87,391.3,26.3,650.7,0.0617,1.06,240.6,105.6,15.1
2025-04-20T16:10:00+00:00,1987.3,80.97,346.9,13.93,358.1,26.3,576.4,0.0616,1.14,240.6,105.6,14.4
2025-04-20T16:11:00+00:00,2083.8,83.55,337.9,13.72,382.1,28.3,606.9,0.0624,1.16,240.6,105.6,15.5
2025-04-20T16:12:00+00:00,1981.0,81.61,348.1,13.66,392.9,30.5,629.4,0.0613,1.12,240.6,105.6,16.1
2025-04-20T16:13:00+00:00,2044.1,82.61,335.9,13.92,387.1,26.3,630.6,0.0636,1.12,240.6,105.6,14.3
2025-04-20T16:14:00+00:00,2059.1,80.98,355.1,14.00,395.5,28.2,546.2,0.0656,1.06,240.6,105.6,12.7
2025-04-20T16:15:00+00:00,2082.9,81.25,361.2,13.80,386.5,27.9,613.8,0.0622,1.15,240.6,105.6,15.2
2025-04-20T16:16:00+00:00,1937.6,82.43,355.1,13.83,385.2,32.3,537.1,0.0629,1.18,240.6,105.6,15.2
2025-04-20T16:17:00+00:00,2059.8,79.76,353.8,13.98,383.0,26.3,625.9,0.0651,1.16,240.6,105.6,17.2
2025-04-20T16:18:00+00:00,2062.3,81.38,350.7,13.99,384.3,29.0,651.7,0.0625,1.18,240.6,105.6,15.6
2025-04-20T16:19:00+00:00,2026.1,84.06,354.7,13.65,401.3,29.3,588.3,0.0631,1.27,240.6,105.6,13.9
2025-04-20T16:20:00+00:00,2013.3,82.42,348.8,13.50,381.1,26.2,589.2,0.0625,1.21,240.6,105.6,14.4
2025-04-20T16:21:00+00:00,2054.2,83.51,349.1,13.80,375.6,28.0,647.2,0.0619,1.14,240.6,105.6,16.3
2025-04-20T16:22:00+00:00,2124.0,82.34,346.1,13.95,377.3,29.4,630.4,0.0667,1.12,240.6,105.6,15.7
2025-04-20T16:23:00+00:00,2055.9,82.02,365.9,13.65,374.1,30.6,568.1,0.0618,1.14,240.6,105.6,15.1
2025-04-20T16:24:00+00:00,1004.6,77.94,361.9,13.65,355.8,28.4,531.7,0.0565,1.17,240.6,105.6,15.2
2025-04-20T16:25:00+00:00,1063.1,78.93,363.1,13.86,369.4,27.0,594.6,0.0610,1.07,240.6,105.6,15.2
2025-04-20T16:26:00+00:00,947.5,76.06,362.5,13.95,321.4,26.2,557.3,0.0555,1.09,240.6,105.6,14.0
2025-04-20T16:27:00+00:00,929.7,78.75,356.3,13.82,361.1,27.4,585.0,0.0610,1.12,240.6,105.6,16.0
2025-04-20T16:28:00+00:00,833.9,78.39,359.3,13.93,338.7,27.8,558.0,0.0553,1.14,240.6,105.6,14.2
2025-04-20T16:29:00+00:00,802.2,76.67,360.5,13.89,339.8,29.2,524.5,0.0546,1.08,240.6,105.6,14.6
2025-04-20T16:30:00+00:00,1038.2,79.66,357.9,14.04,342.4,27.4,532.9,0.0603,1.10,240.6,105.6,14.5
2025-04-20T16:31:00+00:00,1096.2,79.02,360.6,13.69,348.7,27.2,556.2,0.0638,1.08,240.6,105.6,15.3
2025-04-20T16:32:00+00:00,1078.5,77.85,368.5,13.64,349.9,31.4,514.2,0.0570,1.17,240.6,105.6,14.3
2025-04-20T16:33:00+00:00,885.0,82.65,352.9,13.89,338.5,31.0,569.9,0.0556,1.13,240.6,105.6,14.8
2025-04-20T16:34:00+00:00,931.5,77.61,362.6,13.82,343.6,32.5,581.5,0.0548,1.05,240.6,105.6,14.3
2025-04-20T16:35:00+00:00,913.7,76.52,353.4,13.84,348.0,29.8,577.4,0.0558,1.14,240.6,105.6,14.7
2025-04-21T06:00:00+00:00,1076.5,77.77,356.0,14.03,354.5,29.8,513.8,0.0472,0.20,357.4,267.4,2.4
2025-04-21T06:01:00+00:00,890.9,80.86,358.1,13.88,349.6,28.4,554.7,0.0458,0.14,357.4,267.4,1.9
2025-04-21T06:02:00+00:00,938.6,77.56,364.0,13.87,354.9,28.4,556.8,0.0462,0.19,357.4,267.4,5.2
2025-04-21T06:03:00+00:00,1070.7,80.00,364.7,14.01,331.6,27.2,548.0,0.0470,0.18,357.4,267.4,2.1
2025-04-21T06:04:00+00:00,875.4,77.11,370.0,13.83,350.3,27.8,539.6,0.0501,0.22,357.4,267.4,3.0
2025-04-21T06:05:00+00:00,942.6,78.74,340.1,13.76,374.7,26.2,521.7,0.0498,0.15,357.4,267.4,1.3
2025-04-21T06:06:00+00:00,924.4,76.63,353.3,13.93,349.7,29.0,517.5,0.0507,0.20,357.4,267.4,2.7
2025-04-21T06:07:00+00:00,945.6,77.64,350.0,13.89,345.5,29.8,596.3,0.0460,0.16,357.4,267.4,3.3
2025-04-21T06:08:00+00:00,1067.0,80.08,364.0,13.99,371.0,31.6,588.1,0.0485,0.24,357.4,267.4,3.0
2025-04-21T06:09:00+00:00,970.8,79.84,358.4,13.91,371.8,29.0,564.1,0.0464,0.16,357.4,267.4,0.8
2025-04-21T06:10:00+00:00,1077.0,76.16,371.2,13.83,341.5,26.8,558.9,0.0470,0.18,357.4,267.4,2.5
2025-04-21T06:11:00+00:00,1010.9,79.73,352.3,13.80,321.6,31.5,583.3,0.0514,0.15,357.4,267.4,3.8
2025-04-21T06:12:00+00:00,922.6,80.64,371.9,13.57,361.4,29.3,552.6,0.0517,0.27,357.4,267.4,1.0
2025-04-21T06:13:00+00:00,988.9,80.57,370.6,13.40,344.6,30.7,474.9,0.0571,0.19,357.4,267.4,5.0
2025-04-21T06:14:00+00:00,1875.1,82.48,357.7,13.61,354.7,30.2,567.7,0.0517,0.19,357.4,267.4,4.0
2025-04-21T06:15:00+00:00,1652.2,81.87,357.3,14.05,394.3,30.6,595.6,0.0496,0.11,357.4,267.4,0.0
2025-04-21T06:16:00+00:00,2115.5,82.71,346.9,13.69,403.7,27.3,591.8,0.0557,0.19,357.4,267.4,4.2
2025-04-21T06:17:00+00:00,2057.4,80.73,348.3,13.67,381.9,29.5,620.7,0.0550,0.23,357.4,267.4,2.9
2025-04-21T06:18:00+00:00,2159.0,82.94,345.2,13.50,382.2,30.2,612.3,0.0533,0.23,357.4,267.4,3.0
2025-04-21T06:19:00+00:00,2050.3,81.31,350.1,13.94,389.3,29.3,588.7,0.0536,0.22,357.4,267.4,4.9
2025-04-21T06:20:00+00:00,2138.0,82.90,349.1,13.63,392.6,29.1,626.3,0.0593,0.15,357.4,267.4,2.9
2025-04-21T06:21:00+00:00,2167.9,82.63,353.9,14.28,385.5,29.3,606.3,0.0546,0.16,357.4,267.4,3.2
2025-04-21T06:22:00+00:00,1950.9,84.39,362.7,13.98,355.9,28.8,645.3,0.0519,0.19,357.4,267.4,5.4
2025-04-21T06:23:00+00:00,2054.6,82.83,336.8,13.88,381.4,27.9,605.7,0.0532,0.27,357.4,267.4,4.5
2025-04-21T06:24:00+00:00,1949.0,83.58,338.8,13.71,390.9,28.5,564.6,0.0576,0.18,357.4,267.4,3.9
2025-04-21T06:25:00+00:00,2006.5,83.25,364.5,14.02,367.9,28.2,633.9,0.0522,0.20,357.4,267.4,2.6
2025-04-21T06:26:00+00:00,2058.1,83.53,332.1,13.50,418.8,30.1,567.5,0.0515,0.10,357.4,267.4,2.8
2025-04-21T06:27:00+00:00,1914.5,83.71,337.4,13.55,401.0,27.4,569.9,0.0515,0.17,357.4,267.4,2.7
2025-04-21T06:28:00+00:00,2048.7,83.65,349.1,13.98,374.7,28.0,648.8,0.0592,0.22,357.4,267.4,4.7
2025-04-21T06:29:00+00:00,2156.8,79.66,355.3,13.95,385.3,27.6,601.5,0.0578,0.18,357.4,267.4,2.9
2025-04-21T06:30:00+00:00,2016.0,82.22,352.3,13.69,380.8,28.5,565.8,0.0519,0.15,357.4,267.4,5.3
2025-04-21T06:31:00+00:00,2128.0,84.12,346.8,14.10,387.0,28.8,624.4,0.0529,0.21,357.4,267.4,2.9
2025-04-21T06:32:00+00:00,1945.8,80.84,358.2,13.93,392.8,30.1,623.9,0.0580,0.16,357.4,267.4,4.1
2025-04-21T06:33:00+00:00,2002.9,82.74,355.6,13.72,369.9,29.9,657.5,0.0552,0.20,357.4,267.4,2.1
2025-04-21T06:34:00+00:00,2120.0,82.35,336.0,13.54,391.6,28.6,662.2,0.0584,0.20,357.4,267.4,4.6
2025-04-21T06:35:00+00:00,2141.3,83.83,355.6,14.01,409.2,28.9,592.3,0.0555,0.29,357.4,267.4,3.0
2025-04-21T06:36:00+00:00,2137.1,81.08,354.1,13.98,411.3,28.1,605.3,0.0533,0.24,357.4,267.4,1.9
2025-04-21T06:37:00+00:00,2034.2,80.67,356.6,13.73,385.9,30.3,622.4,0.0542,0.16,357.4,267.4,4.2
2025-04-21T06:38:00+00:00,2062.0,82.51,346.8,13.70,392.5,28.0,604.5,0.0529,0.22,357.4,267.4,3.9
2025-04-21T06:39:00+00:00,2256.1,83.80,333.6,14.12,386.6,27.7,622.1,0.0528,0.12,357.4,267.4,2.6
2025-04-21T06:40:00+00:00,1998.4,83.46,353.5,13.69,381.0,28.4,638.7,0.0563,0.38,357.4,267.4,3.6
2025-04-21T06:41:00+00:00,1992.2,83.49,340.2,13.92,372.9,31.3,614.9,0.0516,0.15,357.4,267.4,3.6
2025-04-21T06:42:00+00:00,1911.5,81.95,343.1,13.70,370.8,29.9,594.0,0.0521,0.22,357.4,267.4,3.7
2025-04-21T06:43:00+00:00,2405.5,84.62,334.5,13.58,378.7,29.1,636.6,0.0542,0.17,357.4,267.4,3.9
2025-04-21T06:44:00+00:00,1998.1,81.92,351.5,13.73,383.8,29.1,601.7,0.0569,0.23,357.4,267.4,2.7
2025-04-21T06:45:00+00:00,2023.7,84.67,345.0,13.76,395.5,29.6,601.5,0.0579,0.12,357.4,267.4,3.3
2025-04-21T06:46:00+00:00,1945.2,82.47,355.0,13.76,400.5,28.7,579.1,0.0517,0.17,357.4,267.4,0.5
2025-04-21T06:47:00+00:00,2025.5,81.34,353.1,13.65,374.4,29.0,572.9,0.0541,0.18,357.4,267.4,4.2
2025-04-21T06:48:00+00:00,1829.8,82.49,366.4,13.87,377.5,30.7,597.4,0.0589,0.32,357.4,267.4,2.6
2025-04-21T06:49:00+00:00,2144.8,81.20,347.5,13.48,383.0,27.6,634.5,0.0632,0.17,357.4,267.4,0.9
2025-04-21T06:50:00+00:00,1999.5,81.61,356.8,13.89,379.9,27.9,605.7,0.0516,0.14,357.4,267.4,3.4
2025-04-21T06:51:00+00:00,2031.3,85.11,361.8,13.86,398.2,29.5,634.1,0.0517,0.13,357.4,267.4,4.2
2025-04-21T06:52:00+00:00,2222.0,84.47,348.7,13.82,380.6,30.5,636.3,0.0533,0.19,357.4,267.4,2.2
2025-04-21T06:53:00+00:00,2137.3,83.26,351.2,13.80,390.3,29.2,646.4,0.0535,0.24,357.4,267.4,2.1
2025-04-21T06:54:00+00:00,2040.4,83.64,333.1,14.04,377.5,28.8,664.4,0.0537,0.17,357.4,267.4,2.1
2025-04-21T06:55:00+00:00,2255.4,84.52,339.4,13.74,382.4,31.3,625.1,0.0536,0.19,357.4,267.4,2.4
2025-04-21T06:56:00+00:00,2205.9,81.28,362.4,13.53,408.5,29.3,585.1,0.0627,0.21,357.4,267.4,2.8
2025-04-21T06:57:00+00:00,2063.5,82.69,344.2,13.74,359.9,28.5,683.0,0.0527,0.22,357.4,267.4,3.1
2025-04-21T06:58:00+00:00,2071.4,81.96,360.1,13.44,377.3,30.6,567.5,0.0550,0.25,357.4,267.4,3.7
2025-04-21T06:59:00+00:00,2123.6,82.76,353.4,14.22,391.7,29.1,627.2,0.0529,0.20,357.4,267.4,4.4
2025-04-21T07:00:00+00:00,1984.1,82.64,360.5,13.77,377.1,28.9,599.6,0.0649,0.27,357.4,267.4,2.6
2025-04-21T07:01:00+00:00,2131.4,83.63,349.2,13.47,386.6,31.6,556.4,0.0530,0.20,357.4,267.4,3.6
2025-04-21T07:02:00+00:00,2108.5,78.85,343.3,13.85,392.1,29.5,555.1,0.0570,0.19,357.4,267.4,2.3
2025-04-21T07:03:00+00:00,2115.3,79.90,351.1,13.97,385.1,27.1,586.0,0.0576,0.23,357.4,267.4,2.7
2025-04-21T07:04:00+00:00,1807.8,80.35,350.0,13.66,377.1,30.4,565.1,0.0572,0.27,357.4,267.4,1.2
2025-04-21T07:05:00+00:00,2134.9,84.96,357.5,13.70,373.7,32.0,657.9,0.0531,0.19,357.4,267.4,2.9
2025-04-21T07:06:00+00:00,1883.2,80.14,357.1,13.87,381.5,27.3,582.7,0.0592,0.25,357.4,267.4,2.3
2025-04-21T07:07:00+00:00,1901.0,81.28,346.8,13.55,369.9,29.4,497.9,0.0557,0.17,357.4,267.4,3.1
2025-04-21T07:08:00+00:00,2002.0,81.52,357.0,13.66,385.2,27.0,584.6,0.0513,0.12,357.4,267.4,3.7
2025-04-21T07:09:00+00:00,1927.2,81.19,347.1,13.64,385.6,28.2,647.3,0.0514,0.16,357.4,267.4,3.7
2025-04-21T07:10:00+00:00,2047.4,80.85,361.6,13.90,375.5,29.9,552.7,0.0518,0.14,357.4,267.4,2.8
2025-04-21T07:11:00+00:00,2145.9,82.16,344.6,13.78,385.7,27.3,565.2,0.0534,0.22,357.4,267.4,2.9
2025-04-21T07:12:00+00:00,2148.6,83.66,339.8,13.53,418.6,29.3,588.4,0.0569,0.28,357.4,267.4,3.0
2025-04-21T07:13:00+00:00,1871.9,84.17,341.7,13.67,385.0,27.6,603.2,0.0508,0.13,357.4,267.4,2.9
2025-04-21T07:14:00+00:00,2030.9,79.66,366.6,13.63,384.6,28.2,572.9,0.0528,0.24,357.4,267.4,1.7
2025-04-21T07:15:00+00:00,2071.0,81.45,338.1,13.53,389.5,27.5,534.6,0.0520,0.14,357.4,267.4,2.2
2025-04-21T07:16:00+00:00,2422.8,84.48,355.5,13.77,381.2,27.6,656.3,0.0555,0.22,357.4,267.4,2.3
2025-04-21T07:17:00+00:00,2099.5,85.43,343.6,14.11,388.8,27.7,528.7,0.0523,0.14,357.4,267.4,3.1
2025-04-21T07:18:00+00:00,2009.7,84.09,346.6,13.61,401.4,29.6,590.5,0.0533,0.17,357.4,267.4,4.3
2025-04-21T07:19:00+00:00,2451.9,83.27,354.7,13.87,367.5,30.0,657.0,0.0663,0.22,357.4,267.4,2.0
2025-04-21T07:20:00+00:00,1821.1,80.19,357.0,13.82,348.1,29.1,597.9,0.0562,0.19,357.4,267.4,2.3
2025-04-21T07:21:00+00:00,2062.9,81.72,358.7,13.75,381.1,29.6,588.6,0.0527,0.22,357.4,267.4,3.3
2025-04-21T07:22:00+00:00,2246.7,82.04,337.9,13.76,367.9,26.1,641.2,0.0593,0.21,357.4,267.4,3.1
2025-04-21T07:23:00+00:00,1993.2,81.01,362.3,13.90,388.1,25.8,629.1,0.0530,0.28,357.4,267.4,3.4
2025-04-21T07:24:00+00:00,2158.6,80.63,334.6,13.87,364.5,31.1,607.9,0.0534,0.23,357.4,267.4,2.7
2025-04-21T07:25:00+00:00,2363.3,82.76,347.1,13.79,404.7,30.4,643.1,0.0537,0.15,357.4,267.4,4.1
2025-04-21T07:26:00+00:00,1982.6,83.62,352.2,13.75,399.9,29.7,578.2,0.0567,0.12,357.4,267.4,4.3
2025-04-21T07:27:00+00:00,2467.7,85.00,358.8,13.75,402.9,31.4,597.4,0.0548,0.21,357.4,267.4,1.9
2025-04-21T07:28:00+00:00,2437.0,82.27,356.6,13.66,400.0,30.2,574.5,0.0550,0.24,357.4,267.4,3.5
2025-04-21T07:29:00+00:00,1961.2,81.42,343.8,13.67,365.4,27.8,638.9,0.0519,0.19,357.4,267.4,1.9
2025-04-21T07:30:00+00:00,1944.3,83.65,354.7,13.74,368.2,31.2,619.7,0.0522,0.22,357.4,267.4,3.5
2025-04-21T07:31:00+00:00,1971.2,81.88,350.2,13.97,367.3,27.9,552.0,0.0516,0.15,357.4,267.4,2.7
2025-04-21T07:32:00+00:00,2491.0,84.58,337.6,13.94,403.3,25.7,613.4,0.0556,0.27,357.4,267.4,2.1
2025-04-21T07:33:00+00:00,1880.7,80.32,346.9,13.75,359.6,31.8,542.3,0.0515,0.18,357.4,267.4,3.1
2025-04-21T07:34:00+00:00,1904.4,82.48,355.3,13.73,366.8,29.2,540.5,0.0553,0.14,357.4,267.4,3.6
2025-04-21T07:35:00+00:00,1871.9,78.86,367.2,13.57,379.1,31.1,609.2,0.0555,0.21,357.4,267.4,2.8
2025-04-21T07:36:00+00:00,2099.6,81.40,343.0,13.60,400.8,29.1,593.9,0.0532,0.25,357.4,267.4,4.3
2025-04-21T07:37:00+00:00,2614.0,86.70,341.8,13.76,387.7,30.6,651.3,0.0604,0.16,357.4,267.4,3.1
2025-04-21T07:38:00+00:00,2022.0,84.40,353.2,13.67,391.0,29.4,574.4,0.0551,0.17,357.4,267.4,3.9
2025-04-21T07:39:00+00:00,2179.6,82.52,355.5,13.46,405.7,31.8,586.2,0.0530,0.19,357.4,267.4,2.8
2025-04-21T07:40:00+00:00,1762.3,82.48,337.0,13.89,379.6,26.8,623.6,0.0521,0.29,357.4,267.4,3.6
2025-04-21T07:41:00+00:00,2087.1,84.61,336.3,13.60,386.5,30.8,625.3,0.0530,0.23,357.4,267.4,3.7
2025-04-21T07:42:00+00:00,1847.6,80.15,361.3,13.98,391.4,29.6,645.3,0.0547,0.29,357.4,267.4,3.9
2025-04-21T07:43:00+00:00,1956.1,79.72,349.1,13.64,399.5,29.8,570.3,0.0512,0.13,357.4,267.4,4.4
2025-04-21T07:44:00+00:00,1910.7,82.86,343.4,13.55,391.2,30.4,599.2,0.0535,0.10,357.4,267.4,3.9
2025-04-21T07:45:00+00:00,2028.2,81.62,351.5,13.55,382.0,26.5,693.5,0.0578,0.18,357.4,267.4,0.8
2025-04-21T07:46:00+00:00,1830.4,81.40,360.4,13.68,360.4,27.9,596.7,0.0507,0.13,357.4,267.4,3.9
2025-04-21T07:47:00+00:00,1955.6,81.08,347.9,13.79,384.1,24.3,618.5,0.0520,0.21,357.4,267.4,3.2
2025-04-21T07:48:00+00:00,1860.9,81.91,345.3,13.65,364.3,28.9,586.5,0.0517,0.23,357.4,267.4,2.4
2025-04-21T07:49:00+00:00,2062.9,80.90,357.3,13.93,364.8,29.9,640.4,0.0520,0.16,357.4,267.4,3.2
2025-04-21T07:50:00+00:00,1962.3,84.80,345.8,13.67,398.5,30.1,609.0,0.0548,0.20,357.4,267.4,3.3
2025-04-21T07:51:00+00:00,1948.7,81.97,359.0,13.81,389.9,28.7,614.1,0.0560,0.38,357.4,267.4,2.9
2025-04-21T07:52:00+00:00,1917.8,82.79,351.9,13.59,377.7,29.2,582.6,0.0517,0.17,357.4,267.4,1.1
2025-04-21T07:53:00+00:00,1983.5,80.35,353.9,13.89,382.9,32.7,607.0,0.0603,0.16,357.4,267.4,3.2
2025-04-21T07:54:00+00:00,2063.1,83.70,365.3,13.75,381.4,30.0,567.8,0.0564,0.23,357.4,267.4,3.1
2025-04-21T07:55:00+00:00,1982.4,81.32,356.7,13.88,372.4,27.0,632.2,0.0533,0.29,357.4,267.4,4.5
2025-04-21T07:56:00+00:00,1885.3,82.54,351.4,13.89,363.2,28.7,569.2,0.0597,0.25,357.4,267.4,2.9
2025-04-21T07:57:00+00:00,1840.3,81.39,351.9,13.84,383.6,26.2,569.4,0.0526,0.20,357.4,267.4,3.4
2025-04-21T07:58:00+00:00,2116.7,83.50,337.2,13.55,389.6,31.0,622.8,0.0608,0.21,357.4,267.4,2.6
2025-04-21T07:59:00+00:00,2302.6,81.55,348.4,13.87,384.8,26.3,633.2,0.0559,0.15,357.4,267.4,1.7
2025-04-21T08:00:00+00:00,2058.5,83.03,344.9,13.84,368.9,29.3,602.7,0.0532,0.26,357.4,267.4,3.8
2025-04-21T08:01:00+00:00,2116.9,85.24,358.7,13.94,395.1,28.3,654.4,0.0524,0.15,357.4,267.4,2.9
2025-04-21T08:02:00+00:00,1767.0,80.93,345.1,13.91,376.4,28.2,579.0,0.0519,0.28,357.4,267.4,3.8
2025-04-21T08:03:00+00:00,2013.4,81.78,347.5,13.67,366.4,27.6,577.5,0.0516,0.13,357.4,267.4,0.9
2025-04-21T08:04:00+00:00,1974.0,80.70,346.9,14.00,336.4,31.0,600.4,0.0528,0.28,357.4,267.4,2.8
2025-04-21T08:05:00+00:00,1948.2,82.34,353.9,13.93,382.4,32.4,562.0,0.0519,0.20,357.4,267.4,3.8
2025-04-21T08:06:00+00:00,1931.0,80.15,355.7,13.83,385.9,26.9,624.3,0.0540,0.12,357.4,267.4,3.1
2025-04-21T08:07:00+00:00,2031.2,84.11,337.5,13.62,379.6,28.1,565.4,0.0569,0.15,357.4,267.4,3.5
2025-04-21T08:08:00+00:00,2010.3,81.73,340.1,13.92,388.9,28.2,529.3,0.0523,0.21,357.4,267.4,3.1
2025-04-21T08:09:00+00:00,1817.7,84.10,339.3,13.95,360.9,30.2,524.8,0.0540,0.18,357.4,267.4,2.3
2025-04-21T08:10:00+00:00,1845.6,83.14,364.3,13.89,372.8,29.7,607.4,0.0512,0.17,357.4,267.4,4.1
2025-04-21T08:11:00+00:00,1916.7,83.35,355.3,13.87,367.3,31.3,637.8,0.0518,0.22,357.4,267.4,2.5
2025-04-21T08:12:00+00:00,2133.6,79.45,345.2,13.94,375.7,30.6,563.9,0.0551,0.22,357.4,267.4,3.1
2025-04-21T08:13:00+00:00,1917.6,84.14,344.2,13.76,392.5,29.4,574.8,0.0540,0.20,357.4,267.4,3.3
2025-04-21T08:14:00+00:00,2066.9,81.63,363.9,13.77,360.7,27.8,627.0,0.0576,0.10,357.4,267.4,2.9
2025-04-21T08:15:00+00:00,1901.8,82.58,350.3,13.60,403.1,30.9,598.0,0.0515,0.18,357.4,267.4,2.9
2025-04-21T08:16:00+00:00,2176.6,83.65,344.7,13.93,391.2,28.1,584.9,0.0524,0.12,357.4,267.4,4.5
2025-04-21T08:17:00+00:00,2176.8,79.53,352.8,13.56,389.9,29.3,635.7,0.0537,0.17,357.4,267.4,3.0
2025-04-21T08:18:00+00:00,1914.8,81.79,359.3,13.53,368.0,29.2,576.3,0.0522,0.20,357.4,267.4,3.3
2025-04-21T08:19:00+00:00,1806.4,81.77,345.2,13.81,386.2,31.2,612.6,0.0533,0.16,357.4,267.4,3.4
2025-04-21T08:20:00+00:00,1857.5,81.23,360.1,13.61,392.7,30.1,617.6,0.0532,0.14,357.4,267.4,3.8
2025-04-21T08:21:00+00:00,1998.0,83.08,343.1,13.79,378.1,29.8,580.0,0.0523,0.21,357.4,267.4,1.9
2025-04-21T08:22:00+00:00,1984.7,82.68,354.0,13.59,360.7,26.2,645.4,0.0571,0.23,357.4,267.4,3.4
2025-04-21T08:23:00+00:00,2019.5,83.12,346.7,13.99,392.6,28.3,604.7,0.0536,0.18,357.4,267.4,1.7
2025-04-21T08:24:00+00:00,2097.2,82.97,345.9,14.15,379.4,28.2,615.7,0.0532,0.25,357.4,267.4,2.8
2025-04-21T08:25:00+00:00,2047.2,85.07,342.7,13.95,386.2,28.4,637.4,0.0528,0.22,357.4,267.4,3.6
2025-04-21T08:26:00+00:00,2124.7,83.22,351.8,13.54,382.8,28.7,605.3,0.0533,0.26,357.4,267.4,5.3
2025-04-21T08:27:00+00:00,2045.0,79.69,350.0,13.56,385.1,28.9,655.7,0.0522,0.17,357.4,267.4,4.4
2025-04-21T08:28:00+00:00,2032.7,80.74,346.7,13.63,381.7,28.3,624.3,0.0521,0.11,357.4,267.4,3.7
2025-04-21T08:29:00+00:00,1935.0,83.89,339.9,13.87,353.8,30.6,568.9,0.0518,0.19,357.4,267.4,1.4
2025-04-21T08:30:00+00:00,1879.7,82.25,360.2,13.73,381.0,29.4,601.6,0.0701,0.25,357.4,267.4,2.9
2025-04-21T08:31:00+00:00,2044.6,82.65,353.2,13.84,393.0,27.0,589.6,0.0533,0.18,357.4,267.4,2.6
2025-04-21T08:32:00+00:00,1926.0,81.06,361.8,13.72,406.9,26.4,610.9,0.0514,0.15,357.4,267.4,2.0
2025-04-21T08:33:00+00:00,2084.5,80.55,348.4,13.79,402.1,28.9,660.0,0.0529,0.23,357.4,267.4,1.4
2025-04-21T08:34:00+00:00,1654.8,81.87,344.8,13.61,387.5,30.3,602.5,0.0497,0.13,357.4,267.4,2.3
2025-04-21T08:35:00+00:00,2052.3,81.77,343.7,13.70,392.5,30.3,589.8,0.0574,0.21,357.4,267.4,4.2
2025-04-21T08:36:00+00:00,2037.7,82.01,339.3,13.66,364.9,29.5,624.1,0.0567,0.30,357.4,267.4,2.8
2025-04-21T08:37:00+00:00,2058.8,81.77,348.9,13.43,409.7,30.0,606.4,0.0577,0.20,357.4,267.4,3.6
2025-04-21T08:38:00+00:00,1064.7,77.89,369.5,13.99,361.1,30.6,565.6,0.0551,0.22,357.4,267.4,4.2
2025-04-21T08:39:00+00:00,1053.5,77.46,363.7,13.76,358.7,27.7,491.2,0.0474,0.23,357.4,267.4,4.3
2025-04-21T08:40:00+00:00,944.5,79.59,372.4,13.76,326.2,27.7,521.1,0.0575,0.21,357.4,267.4,1.0
2025-04-21T08:41:00+00:00,821.4,78.62,359.6,13.80,349.6,27.8,539.2,0.0454,0.14,357.4,267.4,3.2
2025-04-21T08:42:00+00:00,1070.0,79.29,362.0,13.72,338.6,27.9,608.9,0.0473,0.20,357.4,267.4,4.0
2025-04-21T08:43:00+00:00,973.0,77.87,377.5,13.95,339.2,28.8,547.7,0.0511,0.16,357.4,267.4,1.8
2025-04-21T08:44:00+00:00,1051.8,78.63,341.0,13.65,378.1,30.6,545.7,0.0466,0.17,357.4,267.4,3.4
2025-04-21T08:45:00+00:00,970.0,78.19,355.2,13.77,354.5,30.4,493.0,0.0551,0.28,357.4,267.4,2.9
2025-04-21T08:46:00+00:00,1019.0,77.39,365.0,13.81,330.1,29.6,605.5,0.0477,0.20,357.4,267.4,3.0
2025-04-21T08:47:00+00:00,1035.0,79.69,360.5,13.64,355.6,26.3,558.6,0.0543,0.13,357.4,267.4,4.7
2025-04-21T08:48:00+00:00,866.5,81.16,354.1,13.67,340.3,29.4,531.1,0.0463,0.19,357.4,267.4,1.9
2025-04-21T08:49:00+00:00,976.2,78.79,369.7,13.98,342.7,26.8,550.7,0.0494,0.18,357.4,267.4,4.3
2025-04-21T08:50:00+00:00,896.5,78.01,349.0,13.88,350.4,28.8,572.9,0.0509,0.24,357.4,267.4,3.7
2025-04-21T14:00:00+00:00,1168.2,80.78,351.7,13.70,347.4,29.0,577.2,0.0479,0.21,357.4,267.4,2.9
2025-04-21T14:01:00+00:00,997.5,80.98,366.8,13.84,371.9,26.4,643.2,0.0486,0.20,357.4,267.4,3.1
2025-04-21T14:02:00+00:00,755.6,77.81,362.9,13.91,326.1,27.3,559.2,0.0454,0.18,357.4,267.4,1.6
2025-04-21T14:03:00+00:00,877.8,74.88,354.4,13.64,354.9,29.0,508.5,0.0455,0.12,357.4,267.4,3.8
2025-04-21T14:04:00+00:00,991.1,81.02,358.5,13.77,336.7,29.9,600.6,0.0472,0.24,357.4,267.4,1.1
2025-04-21T14:05:00+00:00,1021.1,76.79,354.2,13.95,379.3,29.2,559.2,0.0461,0.12,357.4,267.4,4.3
2025-04-21T14:06:00+00:00,957.1,78.00,363.8,13.92,341.6,28.0,570.1,0.0462,0.17,357.4,267.4,4.2
2025-04-21T14:07:00+00:00,823.4,76.38,354.7,13.88,362.9,27.3,566.0,0.0534,0.17,357.4,267.4,4.4
2025-04-21T14:08:00+00:00,1061.0,78.72,352.7,13.88,337.3,26.7,569.1,0.0464,0.12,357.4,267.4,3.3
2025-04-21T14:09:00+00:00,756.3,79.28,353.8,14.08,348.0,29.3,542.8,0.0484,0.10,357.4,267.4,1.9
2025-04-21T14:10:00+00:00,835.4,79.25,350.5,13.75,355.6,29.4,535.9,0.0470,0.21,357.4,267.4,1.8
2025-04-21T14:11:00+00:00,972.0,80.05,360.7,13.63,358.2,30.2,550.2,0.0501,0.24,357.4,267.4,1.9
2025-04-21T14:12:00+00:00,2218.1,85.59,345.4,13.57,386.3,28.8,669.5,0.0531,0.18,357.4,267.4,4.4
2025-04-21T14:13:00+00:00,1875.0,81.23,340.4,13.75,372.3,27.9,568.3,0.0540,0.14,357.4,267.4,4.4
2025-04-21T14:14:00+00:00,2059.2,81.55,347.8,13.88,381.6,28.6,612.2,0.0560,0.20,357.4,267.4,3.0
2025-04-21T14:15:00+00:00,1944.3,83.95,348.0,13.80,382.9,27.4,612.7,0.0596,0.31,357.4,267.4,3.2
2025-04-21T14:16:00+00:00,2119.9,81.37,362.2,13.67,370.7,25.4,599.4,0.0554,0.31,357.4,267.4,3.2
2025-04-21T14:17:00+00:00,2041.9,84.17,357.4,13.96,353.5,29.6,615.3,0.0518,0.14,357.4,267.4,2.3
2025-04-21T14:18:00+00:00,2081.2,83.24,343.9,13.71,403.1,30.2,607.1,0.0619,0.14,357.4,267.4,3.7
2025-04-21T14:19:00+00:00,2033.3,83.41,345.2,13.81,364.9,27.7,558.4,0.0529,0.18,357.4,267.4,3.6
2025-04-21T14:20:00+00:00,2143.4,81.74,363.1,13.62,381.4,29.7,636.4,0.0535,0.26,357.4,267.4,4.3
2025-04-21T14:21:00+00:00,2204.7,80.94,342.1,13.50,401.2,28.2,641.0,0.0533,0.20,357.4,267.4,2.8
2025-04-21T14:22:00+00:00,1970.6,79.17,344.3,13.78,393.5,26.9,586.6,0.0523,0.24,357.4,267.4,3.4
2025-04-21T14:23:00+00:00,2033.3,82.68,342.6,13.66,401.8,29.0,560.7,0.0607,0.33,357.4,267.4,3.2
2025-04-21T14:24:00+00:00,2076.9,82.18,347.5,14.00,392.5,24.6,622.1,0.0581,0.20,357.4,267.4,4.2
2025-04-21T14:25:00+00:00,2137.9,80.89,355.6,13.81,408.8,28.8,598.3,0.0598,0.18,357.4,267.4,3.5
2025-04-21T14:26:00+00:00,1952.6,82.00,350.1,13.75,385.7,28.4,639.1,0.0516,0.18,357.4,267.4,3.0
2025-04-21T14:27:00+00:00,1808.3,80.35,352.8,13.41,370.3,27.4,653.0,0.0504,0.10,357.4,267.4,2.1
2025-04-21T14:28:00+00:00,1941.8,83.34,352.8,13.77,407.8,27.2,647.6,0.0526,0.24,357.4,267.4,3.2
2025-04-21T14:29:00+00:00,1898.0,80.64,355.4,13.64,379.4,29.9,672.5,0.0531,0.24,357.4,267.4,4.1
2025-04-21T14:30:00+00:00,2083.5,86.30,343.7,13.78,384.0,30.1,650.0,0.0565,0.13,357.4,267.4,2.5
2025-04-21T14:31:00+00:00,1852.3,81.08,366.8,13.63,393.8,29.8,637.0,0.0523,0.14,357.4,267.4,1.3
2025-04-21T14:32:00+00:00,1982.7,84.69,355.3,13.86,402.6,28.9,575.5,0.0526,0.25,357.4,267.4,2.3
2025-04-21T14:33:00+00:00,1890.0,80.34,343.6,13.92,363.2,29.6,620.2,0.0514,0.18,357.4,267.4,2.8
2025-04-21T14:34:00+00:00,2090.2,82.48,346.1,13.83,401.6,30.1,624.7,0.0527,0.21,357.4,267.4,3.9
2025-04-21T14:35:00+00:00,1946.6,81.36,348.6,13.74,367.9,29.0,584.4,0.0597,0.25,357.4,267.4,4.4
2025-04-21T14:36:00+00:00,2174.4,82.82,338.7,13.71,388.9,28.6,615.3,0.0569,0.21,357.4,267.4,2.4
2025-04-21T14:37:00+00:00,1957.9,81.63,349.0,13.77,391.4,28.1,643.0,0.0518,0.18,357.4,267.4,4.5
2025-04-21T14:38:00+00:00,1888.1,80.71,362.4,13.82,372.2,28.4,620.2,0.0533,0.20,357.4,267.4,3.3
2025-04-21T14:39:00+00:00,2035.0,81.40,336.6,13.74,401.1,27.5,565.9,0.0532,0.28,357.4,267.4,0.4
2025-04-21T14:40:00+00:00,1893.3,80.76,352.5,13.74,375.0,28.9,588.1,0.0614,0.17,357.4,267.4,3.0
2025-04-21T14:41:00+00:00,1939.0,80.75,334.9,13.94,383.5,29.2,629.8,0.0528,0.29,357.4,267.4,2.4
2025-04-21T14:42:00+00:00,2093.6,82.51,335.6,13.97,385.5,30.8,628.8,0.0525,0.19,357.4,267.4,1.7
2025-04-21T14:43:00+00:00,1981.9,80.76,357.4,13.99,401.2,27.2,611.0,0.0526,0.24,357.4,267.4,3.8
2025-04-21T14:44:00+00:00,2064.2,80.98,349.9,13.78,383.7,31.7,552.0,0.0534,0.28,357.4,267.4,3.4
2025-04-21T14:45:00+00:00,1913.9,80.03,349.5,13.92,371.9,28.4,587.1,0.0625,0.30,357.4,267.4,2.0
2025-04-21T14:46:00+00:00,2001.6,82.21,362.3,13.76,370.2,27.9,599.8,0.0522,0.20,357.4,267.4,3.3
2025-04-21T14:47:00+00:00,2043.3,82.94,343.6,13.66,381.1,27.0,637.9,0.0519,0.15,357.4,267.4,3.8
2025-04-21T14:48:00+00:00,1938.8,79.41,335.3,13.70,363.6,27.1,628.5,0.0514,0.15,357.4,267.4,2.5
2025-04-21T14:49:00+00:00,1998.1,84.09,348.2,13.67,389.4,28.9,550.1,0.0599,0.16,357.4,267.4,3.2
2025-04-21T14:50:00+00:00,1985.6,81.75,349.5,13.55,385.3,26.8,641.9,0.0520,0.17,357.4,267.4,4.4
2025-04-21T14:51:00+00:00,1942.1,83.49,356.7,13.72,370.5,31.4,621.0,0.0520,0.20,357.4,267.4,2.5
2025-04-21T14:52:00+00:00,1993.5,80.89,363.4,13.74,407.5,26.5,594.8,0.0565,0.27,357.4,267.4,3.2
2025-04-21T14:53:00+00:00,2061.7,83.36,346.4,13.57,397.7,30.3,643.3,0.0526,0.20,357.4,267.4,3.0
2025-04-21T14:54:00+00:00,1974.0,81.42,346.0,13.87,386.0,30.0,595.8,0.0515,0.14,357.4,267.4,2.5
2025-04-21T14:55:00+00:00,2387.7,83.65,356.9,13.91,385.6,27.0,673.9,0.0572,0.19,357.4,267.4,4.5
2025-04-21T14:56:00+00:00,1957.4,82.68,342.2,13.78,381.1,27.9,597.4,0.0531,0.17,357.4,267.4,1.5
2025-04-21T14:57:00+00:00,2083.6,82.15,346.1,14.00,360.3,28.2,568.2,0.0519,0.13,357.4,267.4,3.0
2025-04-21T14:58:00+00:00,2484.0,83.57,361.7,13.90,395.0,29.3,646.9,0.0550,0.24,357.4,267.4,2.2
2025-04-21T14:59:00+00:00,2035.2,84.09,343.1,14.07,392.5,32.0,603.3,0.0526,0.22,357.4,267.4,4.6
2025-04-21T15:00:00+00:00,2035.0,81.07,350.2,13.62,378.8,31.1,628.7,0.0518,0.15,357.4,267.4,3.9
2025-04-21T15:01:00+00:00,2409.9,84.07,351.5,13.54,376.1,30.2,664.5,0.0654,0.21,357.4,267.4,5.4
2025-04-21T15:02:00+00:00,1991.3,81.37,357.3,13.83,369.6,26.6,637.7,0.0525,0.24,357.4,267.4,5.3
2025-04-21T15:03:00+00:00,1992.1,82.20,359.4,14.13,376.6,28.6,599.1,0.0523,0.15,357.4,267.4,3.1
2025-04-21T15:04:00+00:00,2400.4,83.89,359.2,13.82,408.9,29.6,670.8,0.0549,0.25,357.4,267.4,5.1
2025-04-21T15:05:00+00:00,2475.1,81.95,359.5,14.03,377.4,25.5,618.5,0.0547,0.19,357.4,267.4,1.8
2025-04-21T15:06:00+00:00,2027.5,82.59,355.7,13.87,396.2,29.5,585.8,0.0587,0.12,357.4,267.4,2.8
2025-04-21T15:07:00+00:00,2540.8,81.48,355.4,13.70,391.6,28.5,590.4,0.0570,0.20,357.4,267.4,1.6
2025-04-21T15:08:00+00:00,2025.4,82.21,354.5,13.56,384.0,30.5,611.9,0.0521,0.17,357.4,267.4,4.2
2025-04-21T15:09:00+00:00,1929.2,83.02,351.2,13.92,356.7,27.9,584.1,0.0561,0.24,357.4,267.4,4.7
2025-04-21T15:10:00+00:00,2459.9,85.85,364.4,13.82,391.5,29.5,684.2,0.0550,0.13,357.4,267.4,3.4
2025-04-21T15:11:00+00:00,1839.6,80.43,349.0,13.74,378.4,29.4,610.4,0.0606,0.17,357.4,267.4,1.3
2025-04-21T15:12:00+00:00,1891.0,81.87,359.8,14.09,363.0,25.9,595.4,0.0531,0.23,357.4,267.4,1.7
2025-04-21T15:13:00+00:00,1877.6,83.16,353.9,13.54,371.3,28.4,608.6,0.0521,0.27,357.4,267.4,4.9
2025-04-21T15:14:00+00:00,2151.6,84.26,356.6,13.97,399.8,27.2,621.8,0.0529,0.20,357.4,267.4,2.8
2025-04-21T15:15:00+00:00,2413.6,83.10,354.6,13.68,398.8,28.5,604.1,0.0635,0.23,357.4,267.4,3.2
2025-04-21T15:16:00+00:00,2514.9,81.37,342.6,13.84,404.2,29.6,673.0,0.0547,0.15,357.4,267.4,2.3
2025-04-21T15:17:00+00:00,2294.5,84.33,348.7,13.92,381.6,28.3,636.0,0.0572,0.24,357.4,267.4,2.1
2025-04-21T15:18:00+00:00,1972.9,80.24,349.2,13.62,386.8,28.7,528.3,0.0531,0.29,357.4,267.4,2.5
2025-04-21T15:19:00+00:00,2029.5,82.90,338.7,13.65,389.6,31.4,613.8,0.0527,0.22,357.4,267.4,3.8
2025-04-21T15:20:00+00:00,1916.0,84.26,340.5,13.62,377.7,29.8,572.2,0.0560,0.17,357.4,267.4,1.5
2025-04-21T15:21:00+00:00,1852.4,82.23,342.2,13.75,382.2,29.4,624.7,0.0516,0.22,357.4,267.4,3.8
2025-04-21T15:22:00+00:00,1888.0,83.55,362.0,13.62,390.7,28.6,611.8,0.0589,0.20,357.4,267.4,4.0
2025-04-21T15:23:00+00:00,1987.9,79.74,354.7,13.68,387.6,31.2,651.7,0.0522,0.21,357.4,267.4,1.9
2025-04-21T15:24:00+00:00,1936.0,82.15,344.5,13.72,387.7,29.8,629.7,0.0529,0.22,357.4,267.4,4.6
2025-04-21T15:25:00+00:00,2030.5,82.62,349.2,13.88,397.0,26.1,608.2,0.0527,0.23,357.4,267.4,1.0
2025-04-21T15:26:00+00:00,1958.7,81.89,343.3,13.99,393.0,30.0,602.2,0.0518,0.18,357.4,267.4,1.8
2025-04-21T15:27:00+00:00,1954.8,80.31,339.7,13.68,376.5,30.1,619.3,0.0520,0.20,357.4,267.4,3.2
2025-04-21T15:28:00+00:00,2067.1,82.21,346.8,13.82,359.3,29.3,625.4,0.0529,0.24,357.4,267.4,3.5
2025-04-21T15:29:00+00:00,2114.4,78.47,348.6,13.67,382.5,26.7,604.3,0.0522,0.14,357.4,267.4,3.5
2025-04-21T15:30:00+00:00,1934.7,80.33,337.9,13.63,391.5,28.0,554.1,0.0570,0.15,357.4,267.4,2.9
2025-04-21T15:31:00+00:00,1966.9,83.04,353.3,13.90,385.2,30.3,588.8,0.0535,0.17,357.4,267.4,3.7
2025-04-21T15:32:00+00:00,1879.5,82.47,361.3,13.84,347.2,31.7,608.7,0.0512,0.12,357.4,267.4,4.2
2025-04-21T15:33:00+00:00,1927.5,81.41,334.8,13.82,392.2,29.0,575.6,0.0523,0.25,357.4,267.4,4.4
2025-04-21T15:34:00+00:00,1694.3,78.79,347.6,13.85,381.7,27.7,623.3,0.0560,0.25,357.4,267.4,3.0
2025-04-21T15:35:00+00:00,1747.9,80.46,346.9,13.68,346.7,30.5,570.4,0.0508,0.20,357.4,267.4,3.6
2025-04-21T15:36:00+00:00,2114.2,83.27,338.2,14.03,382.3,26.0,587.6,0.0560,0.28,357.4,267.4,4.4
2025-04-21T15:37:00+00:00,2042.7,82.22,347.7,13.92,393.6,28.2,566.3,0.0567,0.21,357.4,267.4,4.0
2025-04-21T15:38:00+00:00,1964.6,82.99,341.3,14.12,378.0,30.5,598.7,0.0524,0.23,357.4,267.4,2.0
2025-04-21T15:39:00+00:00,2047.9,80.24,340.8,14.10,362.1,29.6,531.1,0.0520,0.15,357.4,267.4,3.5
2025-04-21T15:40:00+00:00,2032.7,82.88,349.1,13.82,362.9,27.8,627.1,0.0531,0.15,357.4,267.4,2.4
2025-04-21T15:41:00+00:00,2194.9,83.77,354.6,13.76,368.0,28.3,592.9,0.0586,0.13,357.4,267.4,5.5
2025-04-21T15:42:00+00:00,2087.3,85.56,347.9,13.55,366.5,25.7,638.6,0.0570,0.17,357.4,267.4,4.0
2025-04-21T15:43:00+00:00,1985.9,84.79,335.1,13.53,402.7,30.3,609.4,0.0532,0.21,357.4,267.4,2.2
2025-04-21T15:44:00+00:00,1854.6,82.48,357.2,13.81,358.1,28.2,588.2,0.0505,0.11,357.4,267.4,1.0
2025-04-21T15:45:00+00:00,1959.9,84.37,347.1,14.14,382.0,29.7,540.9,0.0517,0.14,357.4,267.4,3.5
2025-04-21T15:46:00+00:00,1954.1,76.57,353.0,13.54,375.0,27.6,571.9,0.0572,0.31,357.4,267.4,2.3
2025-04-21T15:47:00+00:00,1990.3,81.48,336.5,13.86,371.3,27.1,620.9,0.0542,0.17,357.4,267.4,3.7
2025-04-21T15:48:00+00:00,2182.9,83.54,334.8,13.71,404.5,29.7,693.3,0.0571,0.16,357.4,267.4,2.7
2025-04-21T15:49:00+00:00,1829.6,81.45,345.6,13.84,379.0,29.3,590.5,0.0542,0.17,357.4,267.4,3.7
2025-04-21T15:50:00+00:00,1867.9,82.52,350.2,13.85,370.9,29.3,579.3,0.0518,0.23,357.4,267.4,1.9
2025-04-21T15:51:00+00:00,2008.5,80.77,359.9,13.33,393.4,27.8,637.4,0.0528,0.25,357.4,267.4,3.3
2025-04-21T15:52:00+00:00,1932.6,82.64,355.3,14.02,378.9,30.0,647.0,0.0515,0.15,357.4,267.4,3.5
2025-04-21T15:53:00+00:00,2025.5,81.18,355.4,13.69,381.6,28.0,573.6,0.0594,0.23,357.4,267.4,2.1
2025-04-21T15:54:00+00:00,1930.8,82.70,347.0,13.74,402.9,28.9,595.1,0.0517,0.18,357.4,267.4,2.0
2025-04-21T15:55:00+00:00,2109.1,82.56,353.8,14.05,398.3,29.4,607.8,0.0594,0.21,357.4,267.4,2.6
2025-04-21T15:56:00+00:00,1844.0,79.09,352.4,13.81,384.6,28.8,637.1,0.0511,0.15,357.4,267.4,3.3
2025-04-21T15:57:00+00:00,1980.3,80.34,344.1,13.97,379.4,30.1,617.1,0.0520,0.20,357.4,267.4,4.4
2025-04-21T15:58:00+00:00,2040.3,84.16,346.9,13.78,382.1,29.5,585.3,0.0565,0.23,357.4,267.4,3.0
2025-04-21T15:59:00+00:00,1994.5,81.17,344.9,13.71,393.1,29.1,597.6,0.0537,0.19,357.4,267.4,2.4
2025-04-21T16:00:00+00:00,1912.4,82.36,352.4,13.60,391.4,28.7,628.5,0.0546,0.21,357.4,267.4,3.0
2025-04-21T16:01:00+00:00,1872.7,81.62,350.7,13.81,378.2,27.0,547.2,0.0552,0.23,357.4,267.4,1.7
2025-04-21T16:02:00+00:00,1941.2,79.75,351.0,13.85,352.2,30.4,637.8,0.0525,0.26,357.4,267.4,3.8
2025-04-21T16:03:00+00:00,2031.8,80.34,346.1,13.70,360.9,32.3,587.2,0.0531,0.25,357.4,267.4,0.5
2025-04-21T16:04:00+00:00,1968.0,80.67,358.0,13.74,397.4,27.9,606.9,0.0526,0.24,357.4,267.4,3.2
2025-04-21T16:05:00+00:00,2055.4,79.23,340.0,13.85,388.8,29.5,650.8,0.0522,0.14,357.4,267.4,3.7
2025-04-21T16:06:00+00:00,2009.9,84.26,349.4,13.77,362.8,28.8,659.7,0.0523,0.21,357.4,267.4,2.3
2025-04-21T16:07:00+00:00,982.0,78.02,351.8,13.80,365.0,24.5,538.0,0.0489,0.14,357.4,267.4,3.3
2025-04-21T16:08:00+00:00,970.2,78.03,347.7,13.81,338.8,28.0,563.8,0.0471,0.24,357.4,267.4,3.1
2025-04-21T16:09:00+00:00,882.0,81.36,345.1,13.89,348.6,29.7,567.9,0.0465,0.21,357.4,267.4,3.4
2025-04-21T16:10:00+00:00,913.2,77.55,349.2,13.62,331.5,29.0,559.1,0.0472,0.28,357.4,267.4,2.1
2025-04-21T16:11:00+00:00,1037.8,78.33,359.5,13.90,353.7,29.1,532.5,0.0503,0.10,357.4,267.4,2.6
2025-04-21T16:12:00+00:00,945.7,78.42,357.5,14.03,354.1,26.6,589.3,0.0469,0.22,357.4,267.4,3.7
2025-04-21T16:13:00+00:00,1233.0,79.04,352.3,14.21,342.7,28.7,562.8,0.0477,0.16,357.4,267.4,3.8
2025-04-21T16:14:00+00:00,1033.6,81.45,350.2,13.76,333.4,30.6,535.6,0.0477,0.27,357.4,267.4,2.9
2025-04-21T16:15:00+00:00,945.6,79.50,350.0,13.83,340.9,30.5,606.4,0.0463,0.17,357.4,267.4,5.2
2025-04-21T16:16:00+00:00,971.7,80.66,354.6,13.82,364.9,30.7,607.4,0.0466,0.19,357.4,267.4,4.1
2025-04-21T16:17:00+00:00,1000.9,79.11,353.5,13.93,348.0,28.9,547.7,0.0469,0.21,357.4,267.4,2.4
2025-04-22T06:00:00+00:00,945.9,78.49,354.4,13.79,332.3,28.4,491.6,0.0499,0.53,167.4,347.4,5.9
2025-04-22T06:01:00+00:00,970.1,78.68,345.7,13.91,346.3,29.2,568.4,0.0504,0.35,167.4,347.4,4.4
2025-04-22T06:02:00+00:00,954.7,79.67,356.1,13.74,359.3,27.7,561.1,0.0486,0.40,167.4,347.4,4.3
2025-04-22T06:03:00+00:00,989.8,77.10,351.3,13.79,346.8,27.5,562.6,0.0504,0.43,167.4,347.4,5.4
2025-04-22T06:04:00+00:00,907.9,78.14,344.7,13.46,375.8,30.5,543.1,0.0491,0.46,167.4,347.4,4.8
2025-04-22T06:05:00+00:00,1003.0,79.99,363.0,13.99,356.1,27.2,535.4,0.0625,0.47,167.4,347.4,4.0
2025-04-22T06:06:00+00:00,1141.0,79.20,350.3,13.87,337.9,27.6,575.5,0.0594,0.39,167.4,347.4,4.8
2025-04-22T06:07:00+00:00,1007.1,78.30,352.8,13.76,340.4,28.3,629.4,0.0501,0.52,167.4,347.4,6.3
2025-04-22T06:08:00+00:00,1048.8,76.97,352.2,13.72,373.7,29.6,543.1,0.0492,0.41,167.4,347.4,6.5
2025-04-22T06:09:00+00:00,1127.1,79.41,348.0,13.59,347.4,29.7,559.8,0.0495,0.40,167.4,347.4,2.6
2025-04-22T06:10:00+00:00,902.6,78.21,356.4,13.68,356.8,29.0,555.3,0.0490,0.45,167.4,347.4,4.3
2025-04-22T06:11:00+00:00,999.6,76.35,352.8,13.81,350.6,29.8,552.0,0.0486,0.37,167.4,347.4,6.0
2025-04-22T06:12:00+00:00,1940.8,83.22,355.1,13.43,407.3,29.1,619.9,0.0540,0.41,167.4,347.4,4.3
2025-04-22T06:13:00+00:00,1905.6,83.38,360.4,14.02,380.9,29.1,659.7,0.0547,0.50,167.4,347.4,4.5
2025-04-22T06:14:00+00:00,2001.0,81.25,351.8,13.58,390.4,30.4,623.6,0.0544,0.43,167.4,347.4,5.8
2025-04-22T06:15:00+00:00,1902.8,82.63,326.8,14.10,377.3,30.8,642.0,0.0624,0.48,167.4,347.4,4.6
2025-04-22T06:16:00+00:00,2047.9,84.42,351.8,13.54,379.2,30.3,631.7,0.0552,0.48,167.4,347.4,3.9
2025-04-22T06:17:00+00:00,1966.0,80.80,342.3,13.94,383.5,28.6,584.1,0.0549,0.49,167.4,347.4,5.1
2025-04-22T06:18:00+00:00,2120.4,82.82,337.4,13.76,382.8,30.7,621.0,0.0556,0.47,167.4,347.4,5.3
2025-04-22T06:19:00+00:00,1883.4,80.67,351.3,13.69,390.5,30.9,610.8,0.0576,0.46,167.4,347.4,5.5
2025-04-22T06:20:00+00:00,2141.9,81.44,357.1,13.88,375.1,27.4,561.1,0.0547,0.38,167.4,347.4,5.3
2025-04-22T06:21:00+00:00,2199.1,82.06,339.3,14.02,396.6,29.5,623.8,0.0609,0.56,167.4,347.4,5.2
2025-04-22T06:22:00+00:00,2037.3,80.22,351.1,13.92,389.3,28.5,601.8,0.0551,0.46,167.4,347.4,2.5
2025-04-22T06:23:00+00:00,1852.6,82.81,342.8,13.89,401.2,27.3,590.9,0.0668,0.45,167.4,347.4,5.1
2025-04-22T06:24:00+00:00,1902.7,83.37,341.1,13.68,374.9,26.8,582.8,0.0536,0.35,167.4,347.4,3.3
2025-04-22T06:25:00+00:00,2043.0,84.29,350.3,13.95,393.7,28.8,582.5,0.0547,0.41,167.4,347.4,6.1
2025-04-22T06:26:00+00:00,2034.2,82.91,362.3,13.88,400.5,29.0,628.4,0.0569,0.42,167.4,347.4,3.0
2025-04-22T06:27:00+00:00,1974.3,83.08,355.2,13.80,393.4,27.0,616.2,0.0577,0.48,167.4,347.4,5.0
2025-04-22T06:28:00+00:00,1906.1,83.25,346.2,13.70,373.1,29.5,603.9,0.0546,0.41,167.4,347.4,4.7
2025-04-22T06:29:00+00:00,2128.5,80.43,352.8,13.78,391.8,28.5,637.8,0.0607,0.46,167.4,347.4,2.5
2025-04-22T06:30:00+00:00,2053.1,80.21,355.7,13.55,391.8,29.2,582.3,0.0595,0.45,167.4,347.4,4.0
2025-04-22T06:31:00+00:00,1982.5,83.02,353.2,13.98,394.6,28.9,555.3,0.0634,0.42,167.4,347.4,5.2
2025-04-22T06:32:00+00:00,2233.7,81.04,353.9,13.85,375.0,28.2,546.3,0.0557,0.42,167.4,347.4,3.1
2025-04-22T06:33:00+00:00,1930.4,82.43,353.6,13.50,356.8,31.1,601.8,0.0545,0.46,167.4,347.4,4.6
2025-04-22T06:34:00+00:00,2079.5,78.30,345.7,13.76,391.6,27.9,596.0,0.0621,0.42,167.4,347.4,5.6
2025-04-22T06:35:00+00:00,2192.3,82.97,338.9,13.94,394.8,30.5,583.6,0.0557,0.45,167.4,347.4,4.2
2025-04-22T06:36:00+00:00,2044.7,82.24,341.4,13.94,379.5,28.8,610.4,0.0610,0.43,167.4,347.4,5.3
2025-04-22T06:37:00+00:00,2012.4,81.69,346.2,14.28,374.7,28.2,596.4,0.0545,0.41,167.4,347.4,5.1
2025-04-22T06:38:00+00:00,1929.8,80.10,353.8,13.72,376.8,27.9,622.1,0.0549,0.51,167.4,347.4,4.1
2025-04-22T06:39:00+00:00,1996.4,83.68,344.7,13.77,373.2,31.5,550.5,0.0612,0.48,167.4,347.4,5.2
2025-04-22T06:40:00+00:00,2055.2,82.09,355.3,14.08,373.2,28.0,544.8,0.0545,0.41,167.4,347.4,4.9
2025-04-22T06:41:00+00:00,1960.0,86.11,362.3,13.83,373.7,27.8,560.9,0.0544,0.44,167.4,347.4,6.0
2025-04-22T06:42:00+00:00,2282.9,86.14,355.9,13.66,382.2,26.5,575.1,0.0584,0.53,167.4,347.4,6.8
2025-04-22T06:43:00+00:00,2107.4,85.41,336.1,13.86,382.4,31.9,622.3,0.0609,0.42,167.4,347.4,4.9
2025-04-22T06:44:00+00:00,1940.0,82.91,351.4,13.83,348.6,28.6,586.2,0.0551,0.51,167.4,347.4,5.4
2025-04-22T06:45:00+00:00,1944.1,80.10,352.4,13.76,378.7,29.6,637.3,0.0536,0.37,167.4,347.4,4.7
2025-04-22T06:46:00+00:00,2093.5,82.41,350.8,13.94,370.1,29.5,658.1,0.0557,0.50,167.4,347.4,6.0
2025-04-22T06:47:00+00:00,2024.6,81.51,356.3,13.86,388.0,29.9,595.6,0.0548,0.46,167.4,347.4,4.6
2025-04-22T06:48:00+00:00,1747.1,80.80,345.8,14.22,394.7,28.1,537.9,0.0528,0.40,167.4,347.4,6.7
2025-04-22T06:49:00+00:00,1896.5,80.43,353.9,13.82,384.0,29.1,602.4,0.0529,0.32,167.4,347.4,5.6
2025-04-22T06:50:00+00:00,1958.6,84.57,357.2,13.83,388.4,28.3,572.0,0.0574,0.46,167.4,347.4,5.6
2025-04-22T06:51:00+00:00,2077.7,80.61,338.1,13.72,366.4,29.4,583.1,0.0561,0.42,167.4,347.4,6.2
2025-04-22T06:52:00+00:00,2017.8,80.85,357.1,13.89,367.9,29.3,580.8,0.0542,0.39,167.4,347.4,4.9
2025-04-22T06:53:00+00:00,2000.8,80.83,348.2,14.06,370.2,29.0,574.4,0.0553,0.48,167.4,347.4,5.1
2025-04-22T06:54:00+00:00,2024.3,82.31,348.7,13.78,381.1,30.9,560.7,0.0548,0.45,167.4,347.4,4.8
2025-04-22T06:55:00+00:00,1766.3,81.03,353.7,13.77,385.5,28.0,537.9,0.0550,0.42,167.4,347.4,6.1
2025-04-22T06:56:00+00:00,2032.2,83.22,344.9,13.81,361.7,31.3,605.8,0.0554,0.49,167.4,347.4,3.5
2025-04-22T06:57:00+00:00,2031.7,83.18,342.3,13.85,390.6,29.4,570.0,0.0582,0.40,167.4,347.4,5.0
2025-04-22T06:58:00+00:00,2417.0,88.76,345.7,13.64,392.0,29.9,627.0,0.0565,0.41,167.4,347.4,5.0
2025-04-22T06:59:00+00:00,2493.9,85.02,334.8,13.64,388.3,29.2,627.7,0.0582,0.54,167.4,347.4,5.3
2025-04-22T07:00:00+00:00,1996.7,84.13,353.6,14.07,385.8,28.4,585.6,0.0577,0.48,167.4,347.4,3.5
2025-04-22T07:01:00+00:00,2442.7,85.37,353.3,14.11,376.3,28.6,576.2,0.0570,0.42,167.4,347.4,4.8
2025-04-22T07:02:00+00:00,2064.3,81.03,352.8,13.73,393.5,31.8,629.2,0.0548,0.42,167.4,347.4,4.9
2025-04-22T07:03:00+00:00,2581.5,85.80,347.6,13.64,398.4,28.9,635.9,0.0572,0.39,167.4,347.4,3.8
2025-04-22T07:04:00+00:00,2087.0,81.23,363.6,13.82,396.6,28.2,645.7,0.0545,0.37,167.4,347.4,6.6
2025-04-22T07:05:00+00:00,2368.1,83.68,344.9,13.95,376.7,32.2,642.4,0.0578,0.55,167.4,347.4,3.9
2025-04-22T07:06:00+00:00,1818.5,81.09,348.7,13.68,365.2,27.7,579.1,0.0540,0.48,167.4,347.4,4.5
2025-04-22T07:07:00+00:00,1973.3,83.62,354.5,13.69,384.8,30.3,556.8,0.0563,0.51,167.4,347.4,5.9
2025-04-22T07:08:00+00:00,1899.4,77.60,341.4,13.74,389.3,28.7,549.1,0.0544,0.47,167.4,347.4,6.4
2025-04-22T07:09:00+00:00,1946.2,81.56,355.1,13.65,366.5,26.4,572.3,0.0563,0.38,167.4,347.4,5.6
2025-04-22T07:10:00+00:00,2511.4,82.25,363.8,13.68,392.9,29.4,609.7,0.0567,0.38,167.4,347.4,4.8
2025-04-22T07:11:00+00:00,1909.6,82.01,346.6,13.56,366.5,27.2,559.3,0.0540,0.41,167.4,347.4,5.6
2025-04-22T07:12:00+00:00,1978.2,81.51,354.0,13.59,385.5,28.4,614.2,0.0636,0.50,167.4,347.4,4.1
2025-04-22T07:13:00+00:00,1908.4,80.91,337.7,13.72,373.9,29.9,537.5,0.0549,0.53,167.4,347.4,6.2
2025-04-22T07:14:00+00:00,1969.1,84.48,349.1,13.95,403.5,29.6,619.7,0.0547,0.46,167.4,347.4,3.8
2025-04-22T07:15:00+00:00,2302.0,85.65,352.1,14.03,377.9,27.6,664.1,0.0585,0.43,167.4,347.4,3.8
2025-04-22T07:16:00+00:00,2031.5,79.95,346.3,13.99,377.6,29.1,663.4,0.0621,0.50,167.4,347.4,6.0
2025-04-22T07:17:00+00:00,2489.5,84.63,357.0,13.88,390.5,27.4,663.7,0.0580,0.50,167.4,347.4,5.0
2025-04-22T07:18:00+00:00,2109.8,82.62,341.0,13.80,368.2,29.2,608.6,0.0552,0.45,167.4,347.4,3.9
2025-04-22T07:19:00+00:00,2010.3,80.95,348.1,13.76,377.9,28.7,586.3,0.0553,0.50,167.4,347.4,3.3
2025-04-22T07:20:00+00:00,2084.0,82.18,337.8,13.78,385.2,31.6,653.0,0.0541,0.34,167.4,347.4,4.8
2025-04-22T07:21:00+00:00,1909.1,80.00,339.5,13.63,376.6,31.0,535.8,0.0600,0.48,167.4,347.4,2.2
2025-04-22T07:22:00+00:00,1806.2,80.95,350.6,13.76,369.2,29.0,596.1,0.0561,0.53,167.4,347.4,4.8
2025-04-22T07:23:00+00:00,2513.3,82.56,344.1,13.67,388.1,27.7,594.5,0.0640,0.37,167.4,347.4,5.2
2025-04-22T07:24:00+00:00,2112.2,79.90,348.5,13.60,365.5,31.6,600.9,0.0553,0.46,167.4,347.4,5.2
2025-04-22T07:25:00+00:00,2084.2,78.56,351.2,13.61,398.8,30.9,587.0,0.0631,0.48,167.4,347.4,5.5
2025-04-22T07:26:00+00:00,2003.9,81.52,351.8,13.59,382.5,29.7,585.6,0.0605,0.42,167.4,347.4,4.9
2025-04-22T07:27:00+00:00,2240.6,82.74,351.3,13.63,383.0,27.7,588.9,0.0564,0.48,167.4,347.4,3.8
2025-04-22T07:28:00+00:00,1999.0,83.74,343.9,13.90,350.6,27.9,535.0,0.0544,0.42,167.4,347.4,6.6
2025-04-22T07:29:00+00:00,1894.7,82.89,348.8,13.76,378.1,29.3,605.4,0.0536,0.40,167.4,347.4,5.6
2025-04-22T07:30:00+00:00,2046.9,81.82,343.8,13.89,374.6,28.1,564.9,0.0550,0.46,167.4,347.4,5.3
2025-04-22T07:31:00+00:00,1948.9,82.71,339.2,14.00,394.0,28.9,594.1,0.0541,0.42,167.4,347.4,4.1
2025-04-22T07:32:00+00:00,1960.8,84.36,353.9,13.98,379.1,27.3,566.9,0.0598,0.46,167.4,347.4,4.5
2025-04-22T07:33:00+00:00,2038.2,80.52,357.9,13.54,365.1,28.8,572.6,0.0544,0.41,167.4,347.4,5.9
2025-04-22T07:34:00+00:00,1924.6,80.60,353.8,13.65,357.2,27.4,594.0,0.0548,0.50,167.4,347.4,5.5
2025-04-22T07:35:00+00:00,2069.7,85.05,346.9,14.05,388.6,27.8,563.3,0.0550,0.44,167.4,347.4,6.2
2025-04-22T07:36:00+00:00,2038.1,83.47,347.5,14.05,380.0,30.0,507.3,0.0594,0.38,167.4,347.4,5.5
2025-04-22T07:37:00+00:00,2105.8,81.51,354.9,13.68,383.1,28.5,573.2,0.0560,0.41,167.4,347.4,4.3
2025-04-22T07:38:00+00:00,2060.3,80.06,344.5,13.59,409.6,27.3,619.9,0.0609,0.44,167.4,347.4,5.5
2025-04-22T07:39:00+00:00,2226.5,84.51,342.2,13.79,375.6,29.7,634.3,0.0552,0.39,167.4,347.4,5.7
2025-04-22T07:40:00+00:00,2217.2,81.17,354.9,13.96,366.6,30.1,652.0,0.0556,0.44,167.4,347.4,5.5
2025-04-22T07:41:00+00:00,2057.5,81.57,352.3,13.76,379.0,26.1,617.3,0.0539,0.35,167.4,347.4,6.1
2025-04-22T07:42:00+00:00,2019.9,81.79,359.8,14.09,384.9,29.1,623.9,0.0576,0.47,167.4,347.4,3.7
2025-04-22T07:43:00+00:00,2069.1,80.61,358.1,13.95,373.2,29.3,619.8,0.0579,0.39,167.4,347.4,4.4
2025-04-22T07:44:00+00:00,1991.9,84.25,353.8,13.72,385.5,30.5,603.2,0.0543,0.40,167.4,347.4,6.1
2025-04-22T07:45:00+00:00,1882.1,84.08,340.3,13.77,390.9,27.8,586.9,0.0561,0.42,167.4,347.4,4.7
2025-04-22T07:46:00+00:00,2274.1,81.49,357.1,13.99,398.0,29.2,641.1,0.0558,0.41,167.4,347.4,4.7
2025-04-22T07:47:00+00:00,2155.5,82.27,340.2,13.84,378.6,31.3,607.9,0.0541,0.30,167.4,347.4,3.9
2025-04-22T07:48:00+00:00,1925.8,80.46,343.4,13.88,379.5,26.7,638.3,0.0548,0.49,167.4,347.4,6.5
2025-04-22T07:49:00+00:00,2082.4,83.25,335.1,13.68,389.3,28.6,599.3,0.0547,0.41,167.4,347.4,5.5
2025-04-22T07:50:00+00:00,2070.9,82.46,363.3,13.71,382.0,28.8,554.0,0.0549,0.43,167.4,347.4,5.8
2025-04-22T07:51:00+00:00,2011.1,82.93,346.9,14.11,355.1,28.5,599.2,0.0604,0.44,167.4,347.4,6.5
2025-04-22T07:52:00+00:00,2103.7,81.80,341.1,13.91,375.5,27.3,586.7,0.0588,0.39,167.4,347.4,5.6
2025-04-22T07:53:00+00:00,2074.3,82.30,341.5,13.76,376.7,31.0,583.9,0.0598,0.42,167.4,347.4,3.6
2025-04-22T07:54:00+00:00,2157.7,83.33,367.5,13.50,410.5,27.3,630.5,0.0574,0.47,167.4,347.4,3.9
2025-04-22T07:55:00+00:00,2250.0,85.54,350.9,14.10,384.5,27.0,594.2,0.0553,0.38,167.4,347.4,5.6
2025-04-22T07:56:00+00:00,2033.0,83.20,350.0,13.74,375.5,30.0,656.4,0.0570,0.51,167.4,347.4,3.7
2025-04-22T07:57:00+00:00,2151.4,84.55,357.4,13.79,389.0,28.3,634.0,0.0550,0.40,167.4,347.4,4.2
2025-04-22T07:58:00+00:00,1981.4,82.75,368.4,13.82,375.5,27.2,615.6,0.0548,0.47,167.4,347.4,5.8
2025-04-22T07:59:00+00:00,2127.7,83.78,353.7,13.47,391.6,30.3,597.4,0.0595,0.54,167.4,347.4,4.4
2025-04-22T08:00:00+00:00,1906.3,86.59,351.4,14.04,372.9,30.1,550.4,0.0607,0.40,167.4,347.4,6.5
2025-04-22T08:01:00+00:00,2089.6,84.05,352.3,13.77,384.1,29.2,611.9,0.0567,0.43,167.4,347.4,5.5
2025-04-22T08:02:00+00:00,2007.0,82.53,343.0,13.90,384.1,32.3,598.5,0.0545,0.43,167.4,347.4,6.2
2025-04-22T08:03:00+00:00,2084.6,81.65,343.8,13.62,394.5,30.2,613.3,0.0556,0.50,167.4,347.4,3.5
2025-04-22T08:04:00+00:00,2013.3,82.58,341.5,13.68,377.5,28.7,593.7,0.0552,0.49,167.4,347.4,3.7
2025-04-22T08:05:00+00:00,2096.9,85.82,360.9,13.80,406.6,31.3,569.4,0.0582,0.44,167.4,347.4,4.0
2025-04-22T08:06:00+00:00,1922.3,80.09,347.0,13.83,376.3,29.3,641.5,0.0538,0.39,167.4,347.4,4.0
2025-04-22T08:07:00+00:00,1839.8,81.33,357.2,13.84,369.5,26.2,584.1,0.0594,0.45,167.4,347.4,3.4
2025-04-22T08:08:00+00:00,1956.2,81.51,337.5,13.56,362.0,29.8,592.4,0.0602,0.49,167.4,347.4,4.4
2025-04-22T08:09:00+00:00,2018.7,81.43,343.9,13.93,380.3,28.5,613.2,0.0545,0.42,167.4,347.4,6.3
2025-04-22T08:10:00+00:00,2106.3,85.31,342.0,13.74,352.3,30.6,551.1,0.0545,0.38,167.4,347.4,4.7
2025-04-22T08:11:00+00:00,1916.1,80.59,349.0,13.78,373.7,28.7,584.9,0.0556,0.41,167.4,347.4,5.8
2025-04-22T08:12:00+00:00,2214.2,83.48,349.2,13.93,367.0,29.7,593.1,0.0600,0.46,167.4,347.4,5.3
2025-04-22T08:13:00+00:00,1921.4,79.66,341.1,13.71,385.2,30.4,578.7,0.0551,0.46,167.4,347.4,4.7
2025-04-22T08:14:00+00:00,830.8,79.90,357.9,14.21,334.5,30.2,564.0,0.0500,0.49,167.4,347.4,3.9
2025-04-22T08:15:00+00:00,954.1,79.32,358.3,14.07,354.1,29.0,571.2,0.0488,0.41,167.4,347.4,6.2
2025-04-22T08:16:00+00:00,1055.9,78.18,347.8,13.66,351.1,30.5,580.3,0.0538,0.52,167.4,347.4,5.8
2025-04-22T08:17:00+00:00,1077.4,80.08,335.4,13.52,337.9,29.6,564.5,0.0499,0.47,167.4,347.4,4.9
2025-04-22T08:18:00+00:00,794.2,78.10,364.0,13.69,367.7,25.1,586.3,0.0499,0.38,167.4,347.4,3.9
2025-04-22T08:19:00+00:00,958.5,75.66,357.3,13.68,339.7,32.1,605.1,0.0508,0.61,167.4,347.4,5.0
2025-04-22T08:20:00+00:00,1028.5,78.47,348.8,13.86,350.6,27.4,537.1,0.0502,0.53,167.4,347.4,5.3
2025-04-22T08:21:00+00:00,991.1,79.02,365.3,13.59,368.1,30.3,516.4,0.0487,0.39,167.4,347.4,4.5
2025-04-22T08:22:00+00:00,819.0,77.04,352.1,13.82,335.9,30.3,591.9,0.0497,0.48,167.4,347.4,4.5
2025-04-22T08:23:00+00:00,936.5,78.13,354.5,14.02,361.6,31.5,501.2,0.0501,0.44,167.4,347.4,6.0
2025-04-22T08:24:00+00:00,929.7,78.87,371.1,13.73,349.4,26.9,603.2,0.0492,0.48,167.4,347.4,5.5
2025-04-22T14:00:00+00:00,1078.3,79.45,356.0,13.65,366.6,29.7,614.9,0.0495,0.44,167.4,347.4,4.3
2025-04-22T14:01:00+00:00,864.8,82.29,367.6,13.74,359.2,28.5,533.8,0.0515,0.55,167.4,347.4,5.2
2025-04-22T14:02:00+00:00,967.4,78.28,355.3,14.00,352.6,30.0,566.8,0.0502,0.40,167.4,347.4,5.4
2025-04-22T14:03:00+00:00,1124.3,79.38,340.9,13.99,367.5,28.5,532.6,0.0501,0.45,167.4,347.4,3.5
2025-04-22T14:04:00+00:00,1084.4,79.88,342.6,13.86,352.6,29.1,653.9,0.0503,0.49,167.4,347.4,5.8
2025-04-22T14:05:00+00:00,817.7,75.79,360.2,13.62,334.1,27.3,540.7,0.0484,0.45,167.4,347.4,6.2
2025-04-22T14:06:00+00:00,957.0,79.58,360.2,13.61,363.5,31.0,537.4,0.0491,0.45,167.4,347.4,5.8
2025-04-22T14:07:00+00:00,891.3,80.02,347.6,14.07,362.0,29.0,519.2,0.0544,0.40,167.4,347.4,4.7
2025-04-22T14:08:00+00:00,974.0,77.84,349.1,13.81,347.7,29.6,548.9,0.0492,0.43,167.4,347.4,3.8
2025-04-22T14:09:00+00:00,954.8,79.49,349.0,13.54,348.2,27.1,581.4,0.0497,0.52,167.4,347.4,5.5
2025-04-22T14:10:00+00:00,1028.8,77.44,356.1,13.66,343.3,26.5,532.5,0.0497,0.47,167.4,347.4,4.3
2025-04-22T14:11:00+00:00,2066.3,85.12,357.8,13.95,364.3,28.2,583.8,0.0581,0.38,167.4,347.4,4.3
2025-04-22T14:12:00+00:00,1880.7,84.57,345.6,13.82,391.2,28.0,606.7,0.0540,0.40,167.4,347.4,5.0
2025-04-22T14:13:00+00:00,1987.7,82.74,340.7,14.09,364.2,30.1,598.1,0.0562,0.45,167.4,347.4,5.6
2025-04-22T14:14:00+00:00,2182.0,82.44,345.3,13.83,405.4,31.2,672.7,0.0552,0.41,167.4,347.4,4.4
2025-04-22T14:15:00+00:00,2229.5,82.31,345.5,13.67,376.2,28.2,665.1,0.0557,0.44,167.4,347.4,5.8
2025-04-22T14:16:00+00:00,1805.9,82.30,353.6,14.08,359.8,30.2,604.8,0.0538,0.46,167.4,347.4,5.7
2025-04-22T14:17:00+00:00,1638.5,81.31,350.9,13.54,382.0,31.1,590.9,0.0524,0.41,167.4,347.4,4.5
2025-04-22T14:18:00+00:00,1961.2,79.92,349.5,13.69,407.9,29.9,583.5,0.0554,0.52,167.4,347.4,5.7
2025-04-22T14:19:00+00:00,2069.2,79.65,350.7,13.75,402.2,25.1,574.7,0.0545,0.41,167.4,347.4,5.0
2025-04-22T14:20:00+00:00,2210.4,84.61,345.9,13.95,398.0,27.9,615.0,0.0617,0.38,167.4,347.4,3.5
2025-04-22T14:21:00+00:00,2033.6,81.91,352.8,13.69,384.2,27.6,583.8,0.0547,0.44,167.4,347.4,4.2
2025-04-22T14:22:00+00:00,1990.4,82.21,346.2,13.73,384.9,29.9,584.6,0.0554,0.38,167.4,347.4,4.5
2025-04-22T14:23:00+00:00,1967.2,80.28,344.8,13.91,374.7,25.6,614.2,0.0574,0.45,167.4,347.4,5.6
2025-04-22T14:24:00+00:00,1897.5,82.56,359.5,13.85,380.4,27.1,611.6,0.0543,0.45,167.4,347.4,5.8
2025-04-22T14:25:00+00:00,1966.8,83.86,344.1,13.55,386.2,28.9,609.8,0.0545,0.44,167.4,347.4,4.1
2025-04-22T14:26:00+00:00,2035.4,81.31,337.0,13.76,385.1,29.0,562.3,0.0555,0.50,167.4,347.4,6.5
2025-04-22T14:27:00+00:00,2020.8,80.18,347.5,13.77,344.7,27.8,656.7,0.0546,0.43,167.4,347.4,5.5
2025-04-22T14:28:00+00:00,2204.8,81.37,347.7,13.99,363.2,29.2,593.2,0.0565,0.41,167.4,347.4,4.8
2025-04-22T14:29:00+00:00,2096.7,84.29,352.5,13.65,399.1,27.1,671.9,0.0562,0.45,167.4,347.4,6.0
2025-04-22T14:30:00+00:00,1850.8,81.74,353.6,13.99,373.5,28.5,604.6,0.0541,0.38,167.4,347.4,4.0
2025-04-22T14:31:00+00:00,1977.9,81.82,334.0,13.61,391.2,27.8,610.6,0.0548,0.46,167.4,347.4,5.8
2025-04-22T14:32:00+00:00,1814.8,79.90,353.4,13.84,354.7,29.1,599.7,0.0546,0.53,167.4,347.4,4.0
2025-04-22T14:33:00+00:00,1895.0,82.10,348.9,14.14,367.8,29.4,644.8,0.0542,0.46,167.4,347.4,7.4
2025-04-22T14:34:00+00:00,1960.5,79.54,352.6,13.87,366.6,28.2,615.3,0.0539,0.40,167.4,347.4,5.1
2025-04-22T14:35:00+00:00,1923.2,81.78,354.5,13.45,394.7,26.9,663.9,0.0548,0.50,167.4,347.4,5.8
2025-04-22T14:36:00+00:00,1993.6,82.21,367.8,13.63,388.1,28.1,595.9,0.0644,0.53,167.4,347.4,6.2
2025-04-22T14:37:00+00:00,1994.5,82.78,352.3,13.82,355.5,29.1,547.1,0.0579,0.44,167.4,347.4,4.8
2025-04-22T14:38:00+00:00,1832.7,82.80,347.7,13.76,374.0,28.0,519.5,0.0547,0.42,167.4,347.4,4.2
2025-04-22T14:39:00+00:00,1877.4,82.62,345.5,13.97,384.3,28.1,643.1,0.0550,0.54,167.4,347.4,5.8
2025-04-22T14:40:00+00:00,2027.7,80.06,338.6,13.80,404.2,29.0,588.7,0.0586,0.48,167.4,347.4,6.4
2025-04-22T14:41:00+00:00,1945.1,83.24,342.1,13.76,370.0,30.6,627.0,0.0551,0.38,167.4,347.4,5.4
2025-04-22T14:42:00+00:00,1864.2,81.12,357.7,13.83,380.4,28.6,582.1,0.0530,0.35,167.4,347.4,4.7
2025-04-22T14:43:00+00:00,2104.4,83.76,345.2,13.75,379.8,28.2,629.0,0.0560,0.52,167.4,347.4,5.0
2025-04-22T14:44:00+00:00,1914.1,82.25,354.7,13.61,389.1,29.6,663.3,0.0546,0.47,167.4,347.4,4.8
2025-04-22T14:45:00+00:00,1989.3,81.91,363.8,13.70,373.3,27.7,628.8,0.0559,0.47,167.4,347.4,3.8
2025-04-22T14:46:00+00:00,2042.6,82.17,362.8,14.09,376.2,29.0,598.8,0.0547,0.43,167.4,347.4,6.6
2025-04-22T14:47:00+00:00,2172.4,82.88,335.4,13.72,379.1,28.3,600.9,0.0560,0.48,167.4,347.4,6.7
2025-04-22T14:48:00+00:00,1849.2,80.85,357.8,13.78,340.2,27.8,609.5,0.0538,0.38,167.4,347.4,6.0
2025-04-22T14:49:00+00:00,1770.1,81.93,351.2,13.73,360.6,29.6,589.2,0.0540,0.45,167.4,347.4,6.7
2025-04-22T14:50:00+00:00,1930.4,81.48,352.8,13.79,356.7,28.5,629.7,0.0537,0.40,167.4,347.4,3.9
2025-04-22T14:51:00+00:00,1974.1,81.35,365.5,13.74,385.6,30.4,583.6,0.0558,0.38,167.4,347.4,4.1
2025-04-22T14:52:00+00:00,2075.9,82.94,347.4,13.95,401.2,26.6,613.9,0.0653,0.45,167.4,347.4,6.3
2025-04-22T14:53:00+00:00,2029.4,80.72,362.3,13.80,389.7,29.5,590.0,0.0548,0.41,167.4,347.4,3.8
2025-04-22T14:54:00+00:00,2173.6,84.61,350.9,13.71,387.3,31.2,659.1,0.0589,0.44,167.4,347.4,4.6
2025-04-22T14:55:00+00:00,2486.6,85.58,344.3,13.90,395.3,27.3,643.9,0.0631,0.54,167.4,347.4,4.7
2025-04-22T14:56:00+00:00,1990.2,82.00,353.9,13.98,357.0,27.7,632.3,0.0552,0.50,167.4,347.4,3.8
2025-04-22T14:57:00+00:00,2539.0,84.23,339.8,13.95,404.4,28.7,591.2,0.0581,0.50,167.4,347.4,6.0
2025-04-22T14:58:00+00:00,2017.8,83.53,362.6,13.89,392.8,28.6,626.9,0.0565,0.41,167.4,347.4,3.6
2025-04-22T14:59:00+00:00,2498.4,83.67,366.2,13.83,394.4,29.2,611.0,0.0575,0.46,167.4,347.4,5.3
2025-04-22T15:00:00+00:00,1884.7,81.40,343.7,13.69,399.3,29.9,572.1,0.0534,0.37,167.4,347.4,4.8
2025-04-22T15:01:00+00:00,2490.5,82.03,358.3,13.92,404.8,28.8,682.4,0.0570,0.40,167.4,347.4,4.2
2025-04-22T15:02:00+00:00,2579.4,85.49,342.4,13.63,393.8,30.0,589.2,0.0571,0.38,167.4,347.4,5.1
2025-04-22T15:03:00+00:00,1941.7,83.77,351.0,13.83,394.1,29.8,572.8,0.0547,0.45,167.4,347.4,5.0
2025-04-22T15:04:00+00:00,1891.2,80.43,348.9,13.90,384.8,28.0,595.1,0.0564,0.42,167.4,347.4,4.7
2025-04-22T15:05:00+00:00,1901.0,80.45,349.8,13.87,378.1,30.7,548.4,0.0534,0.36,167.4,347.4,5.8
2025-04-22T15:06:00+00:00,2172.8,84.12,348.0,13.78,385.0,29.1,654.5,0.0568,0.43,167.4,347.4,6.2
2025-04-22T15:07:00+00:00,2016.9,84.19,348.6,13.58,385.8,32.0,605.8,0.0603,0.44,167.4,347.4,4.6
2025-04-22T15:08:00+00:00,2401.7,83.56,323.1,13.99,412.0,30.1,583.3,0.0613,0.43,167.4,347.4,5.4
2025-04-22T15:09:00+00:00,1955.3,81.89,355.7,13.76,379.5,28.5,627.0,0.0619,0.42,167.4,347.4,2.7
2025-04-22T15:10:00+00:00,1976.9,83.96,357.1,13.70,382.4,30.6,567.7,0.0607,0.50,167.4,347.4,5.4
2025-04-22T15:11:00+00:00,1934.0,82.52,351.7,13.72,383.2,29.0,607.7,0.0541,0.44,167.4,347.4,3.9
2025-04-22T15:12:00+00:00,2416.6,85.59,348.4,13.92,407.5,29.7,590.6,0.0570,0.45,167.4,347.4,5.5
2025-04-22T15:13:00+00:00,1960.0,81.20,356.1,13.73,397.8,29.2,610.5,0.0537,0.36,167.4,347.4,3.7
2025-04-22T15:14:00+00:00,2011.1,80.21,350.1,13.82,374.0,29.2,580.4,0.0550,0.48,167.4,347.4,6.1
2025-04-22T15:15:00+00:00,2584.0,84.76,354.6,13.91,404.5,31.4,617.7,0.0572,0.39,167.4,347.4,4.7
2025-04-22T15:16:00+00:00,2032.3,82.36,357.2,13.63,371.7,31.0,607.7,0.0587,0.38,167.4,347.4,6.0
2025-04-22T15:17:00+00:00,2459.0,84.49,347.0,13.76,391.7,29.9,591.6,0.0637,0.44,167.4,347.4,4.4
2025-04-22T15:18:00+00:00,2019.9,83.66,340.0,13.68,405.8,29.8,576.2,0.0549,0.46,167.4,347.4,5.7
2025-04-22T15:19:00+00:00,2022.6,81.60,375.2,13.66,390.8,28.7,538.2,0.0545,0.42,167.4,347.4,5.0
2025-04-22T15:20:00+00:00,1952.2,80.94,355.5,13.93,389.1,28.1,617.3,0.0556,0.55,167.4,347.4,4.7
2025-04-22T15:21:00+00:00,2257.7,82.52,333.7,13.82,386.6,27.9,639.5,0.0555,0.40,167.4,347.4,4.0
2025-04-22T15:22:00+00:00,1977.2,81.97,345.4,13.96,397.4,30.8,652.7,0.0537,0.37,167.4,347.4,6.4
2025-04-22T15:23:00+00:00,2032.7,84.72,348.2,13.90,362.1,27.2,559.2,0.0544,0.41,167.4,347.4,3.7
2025-04-22T15:24:00+00:00,2152.2,79.64,350.9,13.84,392.4,28.7,592.7,0.0583,0.45,167.4,347.4,4.2
2025-04-22T15:25:00+00:00,1979.9,81.52,347.2,13.78,372.1,29.1,642.3,0.0651,0.44,167.4,347.4,3.9
2025-04-22T15:26:00+00:00,2055.8,82.58,349.6,13.69,395.2,29.6,668.3,0.0546,0.40,167.4,347.4,5.6
2025-04-22T15:27:00+00:00,2031.0,82.04,359.8,13.81,372.8,26.1,623.7,0.0542,0.38,167.4,347.4,6.8
2025-04-22T15:28:00+00:00,2132.1,82.63,347.6,13.86,393.0,29.7,633.3,0.0602,0.45,167.4,347.4,3.3
2025-04-22T15:29:00+00:00,2064.6,79.64,340.8,13.88,390.0,30.4,667.1,0.0587,0.39,167.4,347.4,5.4
2025-04-22T15:30:00+00:00,2083.4,82.22,334.6,13.85,373.0,29.9,644.9,0.0549,0.42,167.4,347.4,4.3
2025-04-22T15:31:00+00:00,2036.4,83.96,344.3,13.62,380.5,31.1,585.3,0.0553,0.49,167.4,347.4,5.3
2025-04-22T15:32:00+00:00,1991.2,82.55,345.8,13.78,412.7,30.2,630.1,0.0592,0.47,167.4,347.4,6.6
2025-04-22T15:33:00+00:00,2176.7,79.69,359.6,13.82,409.2,29.3,580.5,0.0661,0.39,167.4,347.4,4.3
2025-04-22T15:34:00+00:00,1980.4,85.14,349.8,14.18,399.3,31.2,582.3,0.0615,0.39,167.4,347.4,4.1
2025-04-22T15:35:00+00:00,1878.0,83.29,357.6,13.78,367.1,30.4,605.4,0.0542,0.46,167.4,347.4,5.9
2025-04-22T15:36:00+00:00,2165.1,81.09,357.5,13.74,398.4,26.7,569.3,0.0561,0.48,167.4,347.4,5.3
2025-04-22T15:37:00+00:00,2041.4,81.11,343.1,13.90,389.6,28.4,605.2,0.0551,0.47,167.4,347.4,6.1
2025-04-22T15:38:00+00:00,1880.9,82.90,342.7,13.55,384.8,26.7,594.7,0.0536,0.40,167.4,347.4,6.4
2025-04-22T15:39:00+00:00,1949.5,80.66,346.0,13.92,393.1,27.9,574.6,0.0543,0.43,167.4,347.4,7.1
2025-04-22T15:40:00+00:00,2022.0,82.72,343.5,13.75,378.6,28.5,613.0,0.0563,0.60,167.4,347.4,5.2
2025-04-22T15:41:00+00:00,2004.3,81.86,349.0,13.98,377.9,27.6,545.6,0.0551,0.37,167.4,347.4,6.6
2025-04-22T15:42:00+00:00,1936.7,84.46,349.4,13.67,374.4,29.9,561.9,0.0553,0.47,167.4,347.4,4.3
2025-04-22T15:43:00+00:00,1966.4,78.64,348.9,13.81,375.6,32.0,553.2,0.0540,0.40,167.4,347.4,3.7
2025-04-22T15:44:00+00:00,2191.0,83.53,348.4,14.12,389.4,28.6,621.4,0.0577,0.44,167.4,347.4,5.9
2025-04-22T15:45:00+00:00,2101.0,80.13,342.6,13.64,400.9,30.0,535.9,0.0553,0.45,167.4,347.4,3.6
2025-04-22T15:46:00+00:00,2192.7,81.38,341.1,13.75,378.5,30.5,625.9,0.0556,0.44,167.4,347.4,6.3
2025-04-22T15:47:00+00:00,2026.8,82.86,348.9,13.92,360.2,30.0,561.8,0.0546,0.43,167.4,347.4,5.2
2025-04-22T15:48:00+00:00,1913.2,80.86,362.1,13.67,391.5,27.2,551.5,0.0565,0.42,167.4,347.4,5.5
2025-04-22T15:49:00+00:00,2018.3,80.94,336.3,13.63,377.2,28.3,623.1,0.0564,0.51,167.4,347.4,6.2
2025-04-22T15:50:00+00:00,2118.6,79.53,343.8,14.00,366.1,29.7,592.9,0.0614,0.38,167.4,347.4,5.4
2025-04-22T15:51:00+00:00,2008.1,82.07,349.0,13.81,372.2,28.5,621.6,0.0553,0.51,167.4,347.4,5.2
2025-04-22T15:52:00+00:00,2026.5,82.27,340.7,13.79,382.5,30.3,567.4,0.0555,0.49,167.4,347.4,5.1
2025-04-22T15:53:00+00:00,2168.6,81.04,342.7,13.87,391.5,28.8,575.8,0.0555,0.45,167.4,347.4,3.9
2025-04-22T15:54:00+00:00,2241.7,86.75,358.7,13.99,387.0,29.4,598.6,0.0590,0.39,167.4,347.4,5.6
2025-04-22T15:55:00+00:00,2027.1,82.11,355.7,13.98,385.3,28.5,587.9,0.0550,0.47,167.4,347.4,5.4
2025-04-22T15:56:00+00:00,2093.8,84.37,348.8,14.03,377.3,30.5,624.1,0.0579,0.58,167.4,347.4,5.7
2025-04-22T15:57:00+00:00,1959.1,81.07,354.0,13.60,390.7,32.6,587.8,0.0549,0.48,167.4,347.4,4.0
2025-04-22T15:58:00+00:00,1949.1,82.42,342.1,13.78,370.2,27.8,562.0,0.0569,0.39,167.4,347.4,5.3
2025-04-22T15:59:00+00:00,2122.8,80.26,343.5,14.14,370.8,27.8,599.4,0.0552,0.43,167.4,347.4,6.2
2025-04-22T16:00:00+00:00,857.3,78.36,355.7,13.95,362.3,29.1,516.6,0.0513,0.41,167.4,347.4,5.3
2025-04-22T16:01:00+00:00,1026.4,77.35,346.4,13.82,362.9,28.1,563.4,0.0502,0.52,167.4,347.4,4.9
2025-04-22T16:02:00+00:00,1016.5,79.10,374.0,13.87,370.4,30.9,530.7,0.0484,0.35,167.4,347.4,4.7
2025-04-22T16:03:00+00:00,1076.3,77.95,352.6,13.90,329.3,31.4,598.1,0.0503,0.52,167.4,347.4,5.9
2025-04-22T16:04:00+00:00,981.3,81.42,351.4,13.84,359.9,29.6,526.3,0.0493,0.44,167.4,347.4,5.9
2025-04-22T16:05:00+00:00,1107.6,79.49,350.9,13.76,355.3,29.4,558.6,0.0498,0.42,167.4,347.4,3.8
2025-04-22T16:06:00+00:00,1070.8,77.14,354.3,13.95,353.6,26.8,578.8,0.0503,0.44,167.4,347.4,6.4
2025-04-22T16:07:00+00:00,1085.0,78.97,347.7,13.68,349.1,27.3,563.1,0.0496,0.43,167.4,347.4,3.5
2025-04-22T16:08:00+00:00,834.3,76.54,359.9,13.81,327.4,28.3,559.3,0.0482,0.41,167.4,347.4,5.6
2025-04-22T16:09:00+00:00,1138.4,79.31,357.6,14.03,355.1,29.7,554.3,0.0499,0.42,167.4,347.4,5.5
2025-04-23T06:00:00+00:00,762.9,79.87,367.2,13.89,343.5,30.9,602.6,0.0475,0.39,9.0,279.0,5.3
2025-04-23T06:01:00+00:00,1032.1,77.17,360.9,13.65,353.9,29.6,543.1,0.0495,0.43,9.0,279.0,4.4
2025-04-23T06:02:00+00:00,851.6,77.60,365.3,13.86,321.6,28.8,525.1,0.0493,0.52,9.0,279.0,4.0
2025-04-23T06:03:00+00:00,1044.6,80.45,389.7,13.96,349.5,27.1,553.1,0.0498,0.47,9.0,279.0,4.6
2025-04-23T06:04:00+00:00,825.6,77.22,356.5,13.67,367.0,28.9,537.3,0.0488,0.49,9.0,279.0,5.0
2025-04-23T06:05:00+00:00,1002.8,77.87,350.8,13.83,339.1,30.2,550.3,0.0497,0.49,9.0,279.0,3.3
2025-04-23T06:06:00+00:00,1121.0,78.36,344.4,13.59,342.0,29.3,613.4,0.0509,0.55,9.0,279.0,3.9
2025-04-23T06:07:00+00:00,1035.7,77.49,346.6,13.77,348.7,26.9,572.7,0.0497,0.46,9.0,279.0,3.3
2025-04-23T06:08:00+00:00,1120.3,80.62,358.4,13.76,348.8,26.6,604.5,0.0567,0.46,9.0,279.0,3.7
2025-04-23T06:09:00+00:00,1033.4,78.93,358.6,13.81,341.6,29.0,528.2,0.0499,0.49,9.0,279.0,4.6
2025-04-23T06:10:00+00:00,1871.5,82.82,342.7,13.75,384.0,30.1,600.7,0.0570,0.57,9.0,279.0,3.2
2025-04-23T06:11:00+00:00,2154.0,81.38,345.5,13.80,373.6,29.0,610.6,0.0560,0.50,9.0,279.0,3.8
2025-04-23T06:12:00+00:00,1994.9,81.37,355.2,13.63,367.2,29.4,609.5,0.0550,0.48,9.0,279.0,3.8
2025-04-23T06:13:00+00:00,1964.6,79.86,352.4,13.90,378.5,28.2,610.9,0.0557,0.57,9.0,279.0,3.3
2025-04-23T06:14:00+00:00,1857.4,80.16,336.4,13.89,377.6,28.8,609.9,0.0546,0.48,9.0,279.0,3.0
2025-04-23T06:15:00+00:00,2262.9,81.82,357.2,13.76,409.5,29.1,611.3,0.0568,0.45,9.0,279.0,3.8
2025-04-23T06:16:00+00:00,2013.6,82.24,359.1,13.65,382.2,27.8,635.4,0.0565,0.48,9.0,279.0,4.5
2025-04-23T06:17:00+00:00,2083.2,81.35,352.5,13.79,365.2,25.9,665.7,0.0558,0.52,9.0,279.0,3.2
2025-04-23T06:18:00+00:00,1994.1,83.47,357.7,13.72,364.1,30.4,571.7,0.0611,0.61,9.0,279.0,4.3
2025-04-23T06:19:00+00:00,1932.7,80.30,357.9,13.93,387.0,30.5,594.3,0.0555,0.51,9.0,279.0,4.2
2025-04-23T06:20:00+00:00,2112.5,84.03,361.4,13.72,391.7,28.6,610.9,0.0555,0.46,9.0,279.0,5.6
2025-04-23T06:21:00+00:00,1965.7,81.20,364.5,13.33,387.8,26.1,594.9,0.0562,0.38,9.0,279.0,4.1
2025-04-23T06:22:00+00:00,1864.6,82.09,349.6,13.77,377.5,31.8,585.3,0.0530,0.35,9.0,279.0,3.2
2025-04-23T06:23:00+00:00,1890.3,78.00,331.8,14.02,384.9,28.2,565.5,0.0564,0.48,9.0,279.0,4.2
2025-04-23T06:24:00+00:00,2019.3,79.44,354.5,13.81,392.3,29.0,585.5,0.0555,0.46,9.0,279.0,4.3
2025-04-23T06:25:00+00:00,1987.7,82.61,355.9,13.87,385.6,29.6,569.6,0.0560,0.47,9.0,279.0,1.3
2025-04-23T06:26:00+00:00,1857.1,81.11,353.5,13.73,358.2,27.9,595.0,0.0601,0.49,9.0,279.0,2.5
2025-04-23T06:27:00+00:00,2151.9,83.41,333.4,13.99,390.6,28.4,559.3,0.0570,0.42,9.0,279.0,4.4
2025-04-23T06:28:00+00:00,1851.8,80.98,351.6,13.70,383.7,29.5,532.3,0.0558,0.41,9.0,279.0,3.0
2025-04-23T06:29:00+00:00,2022.1,84.11,344.6,13.53,396.7,30.8,642.6,0.0553,0.50,9.0,279.0,5.3
2025-04-23T06:30:00+00:00,1805.9,81.14,355.7,13.76,371.8,30.6,571.6,0.0579,0.54,9.0,279.0,4.8
2025-04-23T06:31:00+00:00,2074.6,80.06,348.9,13.76,400.1,29.4,602.6,0.0558,0.52,9.0,279.0,2.7
2025-04-23T06:32:00+00:00,1947.9,83.21,348.3,13.78,394.2,29.6,622.2,0.0549,0.50,9.0,279.0,2.3
2025-04-23T06:33:00+00:00,2142.2,83.76,349.8,13.48,410.0,29.2,608.9,0.0598,0.45,9.0,279.0,0.8
2025-04-23T06:34:00+00:00,1989.4,81.64,344.1,13.65,371.5,29.1,538.2,0.0556,0.43,9.0,279.0,3.1
2025-04-23T06:35:00+00:00,2309.2,83.05,363.0,13.86,408.4,29.9,584.6,0.0593,0.51,9.0,279.0,3.8
2025-04-23T06:36:00+00:00,1844.0,82.91,359.3,13.76,343.0,29.8,576.5,0.0536,0.41,9.0,279.0,2.8
2025-04-23T06:37:00+00:00,2078.3,82.36,346.4,13.61,378.9,27.8,594.7,0.0556,0.50,9.0,279.0,2.5
2025-04-23T06:38:00+00:00,2204.0,84.14,352.7,14.05,380.0,28.1,615.9,0.0560,0.46,9.0,279.0,3.9
2025-04-23T06:39:00+00:00,1873.3,81.01,344.0,14.13,386.4,32.1,555.0,0.0562,0.57,9.0,279.0,4.0
2025-04-23T06:40:00+00:00,2198.9,83.82,346.8,13.71,386.4,30.0,638.0,0.0590,0.43,9.0,279.0,4.5
2025-04-23T06:41:00+00:00,1931.5,82.02,347.2,13.96,367.5,30.3,585.9,0.0609,0.37,9.0,279.0,3.9
2025-04-23T06:42:00+00:00,2108.0,83.13,331.7,13.70,375.3,30.1,637.7,0.0557,0.48,9.0,279.0,4.1
2025-04-23T06:43:00+00:00,1850.2,85.23,354.2,13.67,352.1,27.7,579.1,0.0552,0.57,9.0,279.0,4.3
2025-04-23T06:44:00+00:00,1904.1,78.15,350.3,13.63,384.6,29.1,609.1,0.0543,0.46,9.0,279.0,3.1
2025-04-23T06:45:00+00:00,1926.1,80.17,341.4,13.83,394.4,30.6,585.6,0.0547,0.49,9.0,279.0,2.7
2025-04-23T06:46:00+00:00,1988.0,81.36,351.0,13.73,367.9,28.5,602.1,0.0550,0.48,9.0,279.0,3.6
2025-04-23T06:47:00+00:00,1967.2,81.22,346.9,13.84,371.5,27.8,621.3,0.0548,0.46,9.0,279.0,3.7
2025-04-23T06:48:00+00:00,2105.0,81.32,366.0,13.68,386.9,30.7,568.3,0.0640,0.46,9.0,279.0,3.5
2025-04-23T06:49:00+00:00,2041.0,82.10,334.9,13.82,380.7,27.7,578.6,0.0555,0.51,9.0,279.0,3.2
2025-04-23T06:50:00+00:00,2459.6,84.65,341.1,13.58,399.6,27.8,686.1,0.0670,0.49,9.0,279.0,3.7
2025-04-23T06:51:00+00:00,1904.5,81.94,361.9,13.93,383.2,30.2,618.9,0.0548,0.50,9.0,279.0,1.7
2025-04-23T06:52:00+00:00,2513.2,84.51,355.5,13.88,398.5,30.2,676.8,0.0622,0.51,9.0,279.0,2.9
2025-04-23T06:53:00+00:00,2057.7,81.92,347.2,13.77,372.2,30.2,604.0,0.0568,0.46,9.0,279.0,2.0
2025-04-23T06:54:00+00:00,2554.8,82.86,344.8,13.87,364.4,27.0,615.3,0.0623,0.41,9.0,279.0,3.1
2025-04-23T06:55:00+00:00,1952.1,82.87,358.9,13.84,370.9,29.2,623.3,0.0589,0.54,9.0,279.0,3.4
2025-04-23T06:56:00+00:00,2462.5,82.87,348.6,13.97,416.0,26.9,577.5,0.0577,0.50,9.0,279.0,6.0
2025-04-23T06:57:00+00:00,2419.8,83.77,339.7,13.93,398.7,29.6,589.2,0.0566,0.40,9.0,279.0,4.7
2025-04-23T06:58:00+00:00,2083.0,84.37,358.7,13.81,365.7,27.8,621.4,0.0557,0.50,9.0,279.0,4.0
2025-04-23T06:59:00+00:00,2471.4,84.11,354.8,13.55,388.0,28.4,611.0,0.0609,0.45,9.0,279.0,3.2
2025-04-23T07:00:00+00:00,2090.3,80.73,346.2,14.04,365.4,26.2,553.1,0.0546,0.39,9.0,279.0,3.2
2025-04-23T07:01:00+00:00,2062.3,81.43,355.8,13.83,348.6,28.5,620.9,0.0548,0.42,9.0,279.0,5.0
2025-04-23T07:02:00+00:00,2359.9,83.17,352.7,13.97,386.5,30.2,623.4,0.0616,0.39,9.0,279.0,3.6
2025-04-23T07:03:00+00:00,1858.5,80.44,346.4,13.50,392.5,27.3,615.1,0.0543,0.48,9.0,279.0,4.0
2025-04-23T07:04:00+00:00,2028.2,84.42,363.0,13.83,405.7,29.1,591.7,0.0602,0.50,9.0,279.0,3.6
2025-04-23T07:05:00+00:00,2095.0,80.22,343.4,13.88,379.9,29.5,651.0,0.0552,0.45,9.0,279.0,4.4
2025-04-23T07:06:00+00:00,2078.8,81.60,348.1,13.65,373.1,29.4,660.8,0.0624,0.51,9.0,279.0,3.7
2025-04-23T07:07:00+00:00,1759.5,79.28,345.1,13.95,367.0,28.4,606.5,0.0614,0.48,9.0,279.0,4.4
2025-04-23T07:08:00+00:00,2441.5,80.08,337.1,13.78,384.5,29.1,618.5,0.0618,0.50,9.0,279.0,5.3
2025-04-23T07:09:00+00:00,2022.9,81.90,344.1,13.79,370.5,28.7,556.3,0.0578,0.43,9.0,279.0,4.6
2025-04-23T07:10:00+00:00,1909.4,77.98,347.5,13.67,389.0,28.7,629.8,0.0593,0.51,9.0,279.0,3.2
2025-04-23T07:11:00+00:00,1998.3,82.72,351.7,13.93,405.3,28.9,531.4,0.0548,0.46,9.0,279.0,4.8
2025-04-23T07:12:00+00:00,2367.9,83.97,353.7,13.80,382.0,28.0,548.4,0.0569,0.47,9.0,279.0,3.5
2025-04-23T07:13:00+00:00,2596.1,82.91,347.8,13.82,410.2,30.0,553.6,0.0621,0.45,9.0,279.0,4.1
2025-04-23T07:14:00+00:00,2107.3,82.84,348.5,13.85,358.1,30.5,612.0,0.0611,0.49,9.0,279.0,3.4
2025-04-23T07:15:00+00:00,2073.9,80.38,341.7,13.91,374.9,28.9,614.3,0.0589,0.44,9.0,279.0,4.1
2025-04-23T07:16:00+00:00,1952.8,80.79,347.4,13.72,374.5,28.8,669.7,0.0549,0.50,9.0,279.0,3.5
2025-04-23T07:17:00+00:00,2055.6,82.64,344.0,13.69,372.9,29.3,579.5,0.0551,0.46,9.0,279.0,4.2
2025-04-23T07:18:00+00:00,1885.2,82.39,348.2,13.74,374.7,29.7,609.2,0.0550,0.55,9.0,279.0,3.5
2025-04-23T07:19:00+00:00,1931.2,80.91,340.1,13.62,376.8,27.8,623.7,0.0555,0.41,9.0,279.0,2.6
2025-04-23T07:20:00+00:00,2216.1,81.47,342.5,13.54,383.7,30.2,606.6,0.0598,0.45,9.0,279.0,3.1
2025-04-23T07:21:00+00:00,2111.4,80.57,341.2,13.96,381.8,27.1,660.8,0.0555,0.48,9.0,279.0,2.8
2025-04-23T07:22:00+00:00,2164.9,82.73,361.6,13.85,400.3,30.5,560.5,0.0593,0.46,9.0,279.0,4.0
2025-04-23T07:23:00+00:00,1971.9,81.27,349.4,13.78,389.5,29.4,590.2,0.0559,0.60,9.0,279.0,2.3
2025-04-23T07:24:00+00:00,1912.1,82.61,348.9,13.50,362.3,27.8,572.2,0.0579,0.56,9.0,279.0,5.1
2025-04-23T07:25:00+00:00,1990.6,81.84,348.9,13.57,395.0,29.7,603.2,0.0547,0.31,9.0,279.0,4.5
2025-04-23T07:26:00+00:00,2062.2,81.10,354.8,13.44,402.1,29.6,602.6,0.0583,0.51,9.0,279.0,4.4
2025-04-23T07:27:00+00:00,1889.0,81.58,359.1,13.79,377.7,29.7,617.3,0.0557,0.54,9.0,279.0,2.8
2025-04-23T07:28:00+00:00,2129.0,82.92,341.0,13.88,357.5,28.8,610.1,0.0591,0.49,9.0,279.0,4.4
2025-04-23T07:29:00+00:00,1906.2,81.73,349.1,13.88,358.3,27.8,560.8,0.0663,0.61,9.0,279.0,3.6
2025-04-23T07:30:00+00:00,2093.1,81.83,342.1,13.77,364.3,29.8,593.0,0.0552,0.44,9.0,279.0,3.2
2025-04-23T07:31:00+00:00,1952.0,82.19,340.2,13.87,369.5,29.8,602.7,0.0616,0.57,9.0,279.0,4.8
2025-04-23T07:32:00+00:00,2046.7,81.72,335.2,13.99,389.5,30.1,626.5,0.0610,0.46,9.0,279.0,4.9
2025-04-23T07:33:00+00:00,1925.4,81.87,360.7,13.72,385.8,29.0,611.0,0.0561,0.41,9.0,279.0,3.1
2025-04-23T07:34:00+00:00,2056.0,83.18,343.3,13.78,383.7,31.2,615.9,0.0551,0.46,9.0,279.0,3.9
2025-04-23T07:35:00+00:00,2085.3,80.56,353.1,13.88,372.4,30.2,608.9,0.0657,0.51,9.0,279.0,3.2
2025-04-23T07:36:00+00:00,2077.7,85.34,354.1,13.77,372.9,25.7,544.2,0.0551,0.46,9.0,279.0,3.0
2025-04-23T07:37:00+00:00,2146.5,85.51,349.2,13.79,376.7,30.5,620.1,0.0654,0.52,9.0,279.0,2.6
2025-04-23T07:38:00+00:00,2067.9,82.91,339.4,13.96,377.4,28.8,626.0,0.0559,0.36,9.0,279.0,2.8
2025-04-23T07:39:00+00:00,1946.2,80.19,341.9,13.55,375.1,28.2,588.3,0.0551,0.53,9.0,279.0,4.2
2025-04-23T07:40:00+00:00,1860.8,81.19,358.5,13.46,367.3,28.7,557.4,0.0544,0.50,9.0,279.0,3.5
2025-04-23T07:41:00+00:00,1883.1,82.92,353.2,13.78,362.9,30.2,564.1,0.0550,0.52,9.0,279.0,3.3
2025-04-23T07:42:00+00:00,1995.4,81.48,350.9,13.85,373.2,27.4,629.7,0.0554,0.52,9.0,279.0,2.5
2025-04-23T07:43:00+00:00,1958.1,82.49,347.0,14.01,389.3,29.5,607.3,0.0547,0.46,9.0,279.0,3.6
2025-04-23T07:44:00+00:00,2130.5,82.46,346.3,13.68,360.7,30.2,590.8,0.0569,0.59,9.0,279.0,3.1
2025-04-23T07:45:00+00:00,2120.0,83.05,353.3,14.05,369.2,30.1,583.7,0.0575,0.42,9.0,279.0,3.3
2025-04-23T07:46:00+00:00,2125.9,82.22,346.2,13.97,396.3,32.7,644.7,0.0613,0.49,9.0,279.0,2.8
2025-04-23T07:47:00+00:00,2132.6,82.62,339.3,13.94,393.5,29.3,650.7,0.0583,0.50,9.0,279.0,5.4
2025-04-23T07:48:00+00:00,2073.3,80.72,341.7,13.90,348.1,30.2,579.9,0.0554,0.49,9.0,279.0,4.4
2025-04-23T07:49:00+00:00,2048.0,85.09,350.3,13.91,379.3,28.9,609.8,0.0559,0.55,9.0,279.0,3.3
2025-04-23T07:50:00+00:00,2009.0,80.60,348.4,13.82,371.1,31.8,629.5,0.0587,0.46,9.0,279.0,2.5
2025-04-23T07:51:00+00:00,2043.8,86.32,356.1,13.35,368.5,28.5,629.1,0.0555,0.50,9.0,279.0,3.8
2025-04-23T07:52:00+00:00,1950.5,80.52,349.9,13.90,380.5,29.2,601.1,0.0554,0.53,9.0,279.0,4.5
2025-04-23T07:53:00+00:00,2091.5,79.35,356.9,13.84,384.8,30.6,601.4,0.0577,0.49,9.0,279.0,6.0
2025-04-23T07:54:00+00:00,2262.7,82.51,342.6,13.90,397.8,32.1,660.2,0.0577,0.54,9.0,279.0,4.3
2025-04-23T07:55:00+00:00,1030.0,78.92,355.7,13.91,348.9,28.5,544.0,0.0556,0.51,9.0,279.0,2.8
2025-04-23T07:56:00+00:00,1041.2,80.49,368.4,13.77,330.1,31.0,541.7,0.0517,0.42,9.0,279.0,2.5
2025-04-23T07:57:00+00:00,945.4,79.44,367.3,13.56,345.5,31.0,595.3,0.0525,0.46,9.0,279.0,4.3
2025-04-23T07:58:00+00:00,1083.9,77.05,349.6,13.92,374.9,26.9,619.5,0.0565,0.48,9.0,279.0,3.3
2025-04-23T07:59:00+00:00,1046.3,79.23,364.4,13.87,374.4,31.1,616.8,0.0534,0.50,9.0,279.0,3.9
2025-04-23T08:00:00+00:00,894.9,78.65,365.3,13.87,351.7,27.9,618.7,0.0493,0.51,9.0,279.0,2.3
2025-04-23T08:01:00+00:00,862.4,78.96,367.8,13.48,375.2,31.6,512.0,0.0497,0.43,9.0,279.0,5.4
2025-04-23T08:02:00+00:00,1043.4,76.91,360.3,13.85,332.9,30.7,588.5,0.0504,0.53,9.0,279.0,4.0
2025-04-23T08:03:00+00:00,1036.2,79.04,349.7,13.68,355.2,25.4,560.1,0.0528,0.50,9.0,279.0,4.9
2025-04-23T14:00:00+00:00,913.5,76.22,370.5,13.79,329.0,26.6,557.2,0.0534,0.53,9.0,279.0,3.3
2025-04-23T14:01:00+00:00,780.3,75.80,361.0,13.76,351.2,28.5,573.8,0.0487,0.45,9.0,279.0,3.4
2025-04-23T14:02:00+00:00,1006.9,79.86,348.0,13.96,348.2,28.5,446.4,0.0505,0.46,9.0,279.0,4.4
2025-04-23T14:03:00+00:00,833.8,77.92,349.6,13.71,340.8,28.2,563.5,0.0503,0.43,9.0,279.0,4.2
2025-04-23T14:04:00+00:00,997.8,77.82,343.2,13.78,337.9,27.6,529.0,0.0494,0.46,9.0,279.0,2.9
2025-04-23T14:05:00+00:00,868.4,77.99,362.3,13.87,343.1,30.0,607.8,0.0522,0.46,9.0,279.0,3.8
2025-04-23T14:06:00+00:00,1120.1,78.30,362.7,13.73,346.0,30.2,547.6,0.0610,0.41,9.0,279.0,2.4
2025-04-23T14:07:00+00:00,985.6,78.79,348.6,13.81,363.9,29.9,607.3,0.0499,0.48,9.0,279.0,2.2
2025-04-23T14:08:00+00:00,797.6,77.01,368.5,13.96,335.7,28.0,497.8,0.0492,0.54,9.0,279.0,2.5
2025-04-23T14:09:00+00:00,990.3,77.24,365.4,13.73,345.0,29.4,537.9,0.0530,0.50,9.0,279.0,4.2
2025-04-23T14:10:00+00:00,1109.1,79.12,364.9,13.86,372.6,29.0,564.4,0.0509,0.55,9.0,279.0,3.8
2025-04-23T14:11:00+00:00,980.1,78.04,354.3,13.84,352.0,26.9,584.0,0.0501,0.51,9.0,279.0,2.8
2025-04-23T14:12:00+00:00,966.7,75.19,363.3,13.80,333.2,29.1,590.9,0.0502,0.55,9.0,279.0,1.6
2025-04-23T14:13:00+00:00,2367.1,82.74,330.9,13.72,389.0,27.9,610.8,0.0567,0.45,9.0,279.0,4.5
2025-04-23T14:14:00+00:00,1897.2,83.93,344.6,13.51,359.1,28.6,592.5,0.0544,0.46,9.0,279.0,2.7
2025-04-23T14:15:00+00:00,1829.3,81.01,339.6,14.14,362.0,31.2,617.4,0.0538,0.45,9.0,279.0,3.1
2025-04-23T14:16:00+00:00,2001.2,81.35,337.7,13.74,372.9,32.9,591.1,0.0577,0.43,9.0,279.0,5.5
2025-04-23T14:17:00+00:00,1887.0,83.35,343.8,14.02,380.7,27.1,616.6,0.0541,0.44,9.0,279.0,3.0
2025-04-23T14:18:00+00:00,1872.5,81.82,350.2,13.93,372.2,32.3,590.6,0.0543,0.47,9.0,279.0,2.0
2025-04-23T14:19:00+00:00,1907.4,77.74,346.1,14.09,380.8,30.3,615.2,0.0609,0.50,9.0,279.0,3.8
2025-04-23T14:20:00+00:00,2049.2,81.59,361.0,13.83,371.7,28.5,547.8,0.0554,0.48,9.0,279.0,4.8
2025-04-23T14:21:00+00:00,1958.6,84.17,344.9,14.06,382.0,27.7,637.0,0.0541,0.41,9.0,279.0,4.3
2025-04-23T14:22:00+00:00,2026.3,85.18,351.1,13.86,391.4,32.5,634.1,0.0552,0.50,9.0,279.0,2.9
2025-04-23T14:23:00+00:00,1964.6,80.94,346.8,13.58,385.2,28.7,571.1,0.0543,0.43,9.0,279.0,3.8
2025-04-23T14:24:00+00:00,2020.7,81.67,360.2,13.84,389.6,30.4,633.9,0.0550,0.46,9.0,279.0,3.5
2025-04-23T14:25:00+00:00,1998.6,82.55,334.9,13.86,403.8,30.8,645.0,0.0579,0.47,9.0,279.0,3.9
2025-04-23T14:26:00+00:00,2229.5,82.67,340.5,13.78,376.3,29.0,639.7,0.0561,0.46,9.0,279.0,4.0
2025-04-23T14:27:00+00:00,1818.8,81.13,356.4,13.77,360.6,28.5,659.3,0.0549,0.57,9.0,279.0,4.2
2025-04-23T14:28:00+00:00,2275.5,85.57,351.7,13.76,415.6,29.4,612.0,0.0569,0.52,9.0,279.0,3.4
2025-04-23T14:29:00+00:00,2033.6,82.78,356.8,13.87,361.6,29.3,651.8,0.0547,0.44,9.0,279.0,2.9
2025-04-23T14:30:00+00:00,2011.5,79.95,353.0,13.88,381.8,28.7,624.0,0.0653,0.47,9.0,279.0,5.2
2025-04-23T14:31:00+00:00,2024.4,83.55,353.4,13.63,394.0,30.7,615.7,0.0547,0.44,9.0,279.0,2.9
2025-04-23T14:32:00+00:00,2200.7,84.00,343.5,14.08,381.2,30.2,659.2,0.0569,0.57,9.0,279.0,4.3
2025-04-23T14:33:00+00:00,2227.2,83.00,361.2,13.80,397.6,29.1,602.5,0.0566,0.51,9.0,279.0,5.5
2025-04-23T14:34:00+00:00,2127.7,83.51,348.4,13.45,379.5,30.3,637.7,0.0556,0.47,9.0,279.0,1.7
2025-04-23T14:35:00+00:00,2256.6,83.87,347.2,13.90,403.0,28.6,599.3,0.0606,0.49,9.0,279.0,5.2
2025-04-23T14:36:00+00:00,1932.5,83.04,352.1,13.70,372.0,31.6,526.9,0.0545,0.45,9.0,279.0,3.8
2025-04-23T14:37:00+00:00,1957.1,80.80,362.9,13.86,386.8,25.7,598.9,0.0544,0.44,9.0,279.0,4.0
2025-04-23T14:38:00+00:00,2014.6,83.63,341.9,13.69,384.9,29.9,620.9,0.0584,0.42,9.0,279.0,4.3
2025-04-23T14:39:00+00:00,2063.4,83.20,365.4,13.74,370.2,27.4,573.9,0.0564,0.57,9.0,279.0,2.9
2025-04-23T14:40:00+00:00,2196.0,82.69,348.1,13.67,397.1,27.8,622.3,0.0561,0.51,9.0,279.0,4.0
2025-04-23T14:41:00+00:00,1951.9,83.22,338.4,14.03,383.1,28.7,602.8,0.0574,0.54,9.0,279.0,3.3
2025-04-23T14:42:00+00:00,2184.7,82.70,340.7,13.91,394.6,29.6,590.3,0.0564,0.49,9.0,279.0,2.8
2025-04-23T14:43:00+00:00,2105.8,80.07,353.6,13.46,367.1,29.5,627.2,0.0606,0.46,9.0,279.0,3.3
2025-04-23T14:44:00+00:00,2000.7,79.89,351.2,13.67,376.1,28.0,634.1,0.0587,0.42,9.0,279.0,4.2
2025-04-23T14:45:00+00:00,2238.9,81.47,336.5,13.64,399.8,30.2,575.7,0.0557,0.43,9.0,279.0,1.5
2025-04-23T14:46:00+00:00,2125.4,83.34,357.7,13.58,356.4,29.3,626.0,0.0555,0.47,9.0,279.0,5.2
2025-04-23T14:47:00+00:00,1882.5,82.60,350.9,13.75,395.9,29.1,662.1,0.0540,0.45,9.0,279.0,2.5
2025-04-23T14:48:00+00:00,2078.8,81.39,361.1,13.53,380.4,29.6,591.6,0.0645,0.51,9.0,279.0,4.5
2025-04-23T14:49:00+00:00,1927.2,82.10,358.2,13.99,403.3,27.3,667.1,0.0543,0.45,9.0,279.0,5.1
2025-04-23T14:50:00+00:00,2002.7,80.92,344.4,14.25,362.6,28.8,669.0,0.0562,0.43,9.0,279.0,2.2
2025-04-23T14:51:00+00:00,2130.7,84.07,344.7,13.90,372.9,27.3,595.0,0.0556,0.47,9.0,279.0,3.2
2025-04-23T14:52:00+00:00,2033.0,81.65,345.1,13.64,375.9,26.8,582.3,0.0555,0.49,9.0,279.0,5.5
2025-04-23T14:53:00+00:00,1986.4,81.76,356.5,13.79,371.6,27.2,585.3,0.0558,0.57,9.0,279.0,4.0
2025-04-23T14:54:00+00:00,2010.9,81.94,346.1,13.77,380.1,28.6,583.6,0.0551,0.50,9.0,279.0,4.2
2025-04-23T14:55:00+00:00,1953.4,80.53,354.5,13.90,378.0,28.1,602.6,0.0545,0.46,9.0,279.0,3.5
2025-04-23T14:56:00+00:00,1875.7,80.73,334.9,13.68,347.7,30.9,584.6,0.0543,0.46,9.0,279.0,4.0
2025-04-23T14:57:00+00:00,1776.3,81.27,360.6,13.81,362.7,27.2,557.6,0.0616,0.41,9.0,279.0,4.1
2025-04-23T14:58:00+00:00,2108.0,82.48,338.1,13.74,387.6,31.5,582.6,0.0554,0.45,9.0,279.0,4.2
2025-04-23T14:59:00+00:00,2012.8,81.29,354.0,13.90,381.9,29.8,542.7,0.0559,0.56,9.0,279.0,4.6
2025-04-23T15:00:00+00:00,1977.2,81.19,351.5,13.78,356.3,29.0,627.1,0.0551,0.50,9.0,279.0,3.8
2025-04-23T15:01:00+00:00,2054.5,81.93,347.7,13.80,384.7,28.0,611.4,0.0551,0.46,9.0,279.0,2.2
2025-04-23T15:02:00+00:00,2206.8,82.33,353.8,13.86,396.7,25.4,593.6,0.0563,0.50,9.0,279.0,3.5
2025-04-23T15:03:00+00:00,2051.8,83.02,358.7,13.61,384.9,27.7,531.3,0.0560,0.44,9.0,279.0,3.3
2025-04-23T15:04:00+00:00,2059.5,83.17,355.7,13.83,368.3,27.9,601.5,0.0634,0.49,9.0,279.0,3.3
2025-04-23T15:05:00+00:00,2518.3,82.46,359.2,14.06,393.0,28.2,682.3,0.0602,0.47,9.0,279.0,2.1
2025-04-23T15:06:00+00:00,2304.0,80.83,340.0,13.80,363.8,27.8,572.8,0.0566,0.37,9.0,279.0,1.2
2025-04-23T15:07:00+00:00,1749.8,82.43,341.6,13.50,385.4,29.1,620.9,0.0536,0.47,9.0,279.0,0.0
2025-04-23T15:08:00+00:00,2192.6,79.46,340.6,13.54,392.1,30.3,650.1,0.0566,0.55,9.0,279.0,3.0
2025-04-23T15:09:00+00:00,1977.8,81.96,343.7,14.09,389.3,30.5,612.8,0.0623,0.37,9.0,279.0,4.1
2025-04-23T15:10:00+00:00,1941.2,80.24,324.1,13.94,376.0,26.5,624.3,0.0626,0.55,9.0,279.0,5.4
2025-04-23T15:11:00+00:00,2427.5,83.45,347.8,13.82,384.2,28.9,584.2,0.0615,0.55,9.0,279.0,6.1
2025-04-23T15:12:00+00:00,1912.0,81.98,348.3,13.97,372.8,29.2,582.7,0.0561,0.51,9.0,279.0,4.0
2025-04-23T15:13:00+00:00,1948.2,82.88,342.1,13.78,391.3,29.0,642.7,0.0660,0.43,9.0,279.0,3.8
2025-04-23T15:14:00+00:00,1994.2,79.94,346.9,13.60,389.2,30.5,610.7,0.0547,0.45,9.0,279.0,2.0
2025-04-23T15:15:00+00:00,2050.3,83.82,345.9,13.73,377.2,28.0,671.0,0.0606,0.54,9.0,279.0,5.0
2025-04-23T15:16:00+00:00,2464.1,83.59,348.8,13.88,355.8,32.4,638.9,0.0572,0.44,9.0,279.0,2.6
2025-04-23T15:17:00+00:00,2039.9,81.75,346.2,14.12,380.9,26.6,617.1,0.0558,0.53,9.0,279.0,1.3
2025-04-23T15:18:00+00:00,1940.0,80.02,353.3,13.78,381.6,30.1,597.0,0.0551,0.53,9.0,279.0,3.2
2025-04-23T15:19:00+00:00,1949.4,83.09,354.9,13.92,386.5,30.4,619.1,0.0543,0.43,9.0,279.0,4.9
2025-04-23T15:20:00+00:00,1992.9,82.24,335.1,13.84,396.0,31.0,659.3,0.0551,0.49,9.0,279.0,3.7
2025-04-23T15:21:00+00:00,2430.0,83.69,331.7,13.71,399.0,27.1,571.9,0.0581,0.41,9.0,279.0,4.7
2025-04-23T15:22:00+00:00,2382.2,84.56,360.4,14.03,394.9,32.1,642.2,0.0572,0.46,9.0,279.0,2.4
2025-04-23T15:23:00+00:00,2447.3,84.50,338.3,13.61,395.5,29.9,620.9,0.0595,0.49,9.0,279.0,3.3
2025-04-23T15:24:00+00:00,2034.4,82.36,362.0,13.82,380.0,29.9,592.9,0.0650,0.49,9.0,279.0,4.3
2025-04-23T15:25:00+00:00,2505.2,83.14,347.4,13.95,406.2,27.8,612.3,0.0578,0.48,9.0,279.0,3.4
2025-04-23T15:26:00+00:00,2197.5,82.91,344.4,13.74,392.1,30.3,616.1,0.0634,0.50,9.0,279.0,3.6
2025-04-23T15:27:00+00:00,2109.7,83.55,350.9,13.68,363.1,26.7,545.7,0.0553,0.46,9.0,279.0,5.2
2025-04-23T15:28:00+00:00,2459.7,81.89,339.3,13.73,403.8,29.2,688.9,0.0578,0.51,9.0,279.0,5.7
2025-04-23T15:29:00+00:00,2437.8,82.45,352.0,13.95,392.8,30.2,603.4,0.0571,0.45,9.0,279.0,5.9
2025-04-23T15:30:00+00:00,2021.1,81.45,341.0,13.90,352.4,28.8,681.4,0.0605,0.44,9.0,279.0,3.9
2025-04-23T15:31:00+00:00,2012.5,80.97,358.0,13.82,374.9,28.8,696.6,0.0549,0.46,9.0,279.0,4.9
2025-04-23T15:32:00+00:00,2415.8,85.41,357.1,13.87,392.1,28.0,562.4,0.0638,0.53,9.0,279.0,4.1
2025-04-23T15:33:00+00:00,2490.2,84.19,339.5,13.65,381.3,29.5,655.3,0.0621,0.46,9.0,279.0,2.8
2025-04-23T15:34:00+00:00,2089.4,82.00,346.7,13.84,360.9,30.2,610.8,0.0584,0.47,9.0,279.0,2.5
2025-04-23T15:35:00+00:00,2468.8,87.38,335.4,13.63,398.8,28.6,609.6,0.0608,0.53,9.0,279.0,2.8
2025-04-23T15:36:00+00:00,2267.4,84.03,349.5,13.78,413.6,25.2,584.5,0.0558,0.42,9.0,279.0,3.7
2025-04-23T15:37:00+00:00,1790.2,81.74,356.4,13.96,363.1,27.2,543.4,0.0564,0.47,9.0,279.0,3.8
2025-04-23T15:38:00+00:00,1678.1,81.82,360.4,13.56,389.5,28.7,574.3,0.0555,0.49,9.0,279.0,3.6
2025-04-23T15:39:00+00:00,2045.0,83.28,350.0,13.63,379.2,28.0,586.9,0.0566,0.45,9.0,279.0,5.1
2025-04-23T15:40:00+00:00,2062.2,82.38,349.3,13.76,385.1,29.6,644.2,0.0544,0.38,9.0,279.0,3.9
2025-04-23T15:41:00+00:00,2192.6,81.38,344.2,13.86,384.7,28.5,653.7,0.0600,0.54,9.0,279.0,3.0
2025-04-23T15:42:00+00:00,1778.0,80.15,353.3,13.54,364.9,29.2,587.7,0.0545,0.55,9.0,279.0,3.3
2025-04-23T15:43:00+00:00,1996.7,81.65,361.4,13.71,387.8,28.3,660.0,0.0543,0.41,9.0,279.0,4.3
2025-04-23T15:44:00+00:00,1917.9,81.15,347.1,13.64,365.5,26.9,556.5,0.0545,0.47,9.0,279.0,2.8
2025-04-23T15:45:00+00:00,1872.2,83.02,357.3,13.70,382.1,28.6,646.2,0.0646,0.52,9.0,279.0,4.0
2025-04-23T15:46:00+00:00,1992.0,80.48,362.2,13.84,372.5,30.5,566.4,0.0545,0.44,9.0,279.0,3.8
2025-04-23T15:47:00+00:00,2025.6,82.99,345.5,13.70,382.6,27.9,612.6,0.0582,0.49,9.0,279.0,4.3
2025-04-23T15:48:00+00:00,2150.9,82.56,349.2,13.66,385.2,31.0,640.9,0.0633,0.45,9.0,279.0,5.0
2025-04-23T15:49:00+00:00,1955.8,81.08,350.5,13.77,380.3,25.3,602.4,0.0599,0.43,9.0,279.0,2.1
2025-04-23T15:50:00+00:00,2160.3,86.00,365.6,13.92,399.1,27.9,610.6,0.0558,0.46,9.0,279.0,3.0
2025-04-23T15:51:00+00:00,2029.7,82.35,350.2,13.66,359.1,32.5,593.1,0.0559,0.47,9.0,279.0,4.4
2025-04-23T15:52:00+00:00,2006.0,80.25,351.0,13.89,391.0,27.9,622.4,0.0560,0.44,9.0,279.0,4.0
2025-04-23T15:53:00+00:00,2090.7,83.15,357.4,13.77,399.0,29.5,608.8,0.0632,0.43,9.0,279.0,5.3
2025-04-23T15:54:00+00:00,2190.3,84.23,351.7,13.77,392.8,29.1,650.9,0.0565,0.50,9.0,279.0,3.3
2025-04-23T15:55:00+00:00,2037.9,78.92,333.9,13.66,357.6,26.9,605.0,0.0545,0.42,9.0,279.0,3.5
2025-04-23T15:56:00+00:00,2108.7,83.30,342.0,13.82,380.9,27.2,580.8,0.0565,0.57,9.0,279.0,4.1
2025-04-23T15:57:00+00:00,2050.8,81.66,345.2,13.75,390.5,30.6,570.8,0.0586,0.49,9.0,279.0,2.0
2025-04-23T15:58:00+00:00,1862.4,81.75,362.9,13.85,372.1,27.2,615.5,0.0536,0.41,9.0,279.0,3.7
2025-04-23T15:59:00+00:00,2127.4,80.67,353.9,13.98,369.7,31.1,554.0,0.0611,0.44,9.0,279.0,3.6
2025-04-23T16:00:00+00:00,2035.4,82.73,348.0,13.82,406.1,31.2,623.6,0.0590,0.56,9.0,279.0,5.4
2025-04-23T16:01:00+00:00,1895.1,81.81,338.7,13.72,397.0,29.1,565.0,0.0562,0.53,9.0,279.0,4.3
2025-04-23T16:02:00+00:00,2034.7,81.13,350.1,13.92,370.0,29.9,591.0,0.0552,0.43,9.0,279.0,2.6
2025-04-23T16:03:00+00:00,2095.8,84.44,339.1,13.93,391.0,31.1,623.6,0.0550,0.42,9.0,279.0,2.2
2025-04-23T16:04:00+00:00,2022.0,83.91,349.2,13.51,367.6,29.3,633.2,0.0545,0.42,9.0,279.0,5.3
2025-04-23T16:05:00+00:00,2012.6,80.69,349.0,13.88,395.6,28.9,565.4,0.0600,0.50,9.0,279.0,1.7
2025-04-23T16:06:00+00:00,2107.7,79.10,343.5,13.83,397.3,25.6,591.3,0.0568,0.43,9.0,279.0,3.0
2025-04-23T16:07:00+00:00,1798.4,81.04,334.5,14.02,389.1,28.1,618.4,0.0556,0.46,9.0,279.0,3.6
2025-04-23T16:08:00+00:00,2069.6,82.24,350.5,13.89,388.7,30.5,630.4,0.0557,0.51,9.0,279.0,3.8
2025-04-23T16:09:00+00:00,2041.1,83.56,334.3,13.95,392.5,28.3,570.3,0.0554,0.49,9.0,279.0,4.8
2025-04-23T16:10:00+00:00,2048.4,80.48,353.1,13.75,368.5,30.1,572.2,0.0561,0.49,9.0,279.0,3.9
2025-04-23T16:11:00+00:00,2233.4,81.87,337.2,13.82,381.9,29.7,632.8,0.0592,0.55,9.0,279.0,2.9
2025-04-23T16:12:00+00:00,1981.1,79.43,347.8,13.98,392.8,30.5,546.1,0.0551,0.51,9.0,279.0,2.9
2025-04-23T16:13:00+00:00,2033.9,86.03,340.0,13.75,364.5,28.8,584.3,0.0556,0.52,9.0,279.0,3.5
2025-04-23T16:14:00+00:00,1894.6,82.84,355.2,13.80,412.1,28.7,605.1,0.0635,0.49,9.0,279.0,4.9
2025-04-23T16:15:00+00:00,1956.5,85.40,353.3,13.77,369.9,30.4,659.9,0.0608,0.46,9.0,279.0,4.6
2025-04-23T16:16:00+00:00,1935.7,83.00,357.7,13.93,371.4,27.2,619.8,0.0550,0.52,9.0,279.0,4.3
2025-04-23T16:17:00+00:00,1921.8,78.86,344.4,13.86,399.4,28.5,561.3,0.0628,0.48,9.0,279.0,4.3
2025-04-23T16:18:00+00:00,1909.2,81.15,359.3,13.59,352.2,28.6,573.2,0.0666,0.51,9.0,279.0,4.6
2025-04-23T16:19:00+00:00,1918.2,81.99,338.6,13.86,389.1,28.3,559.6,0.0544,0.45,9.0,279.0,3.6
2025-04-23T16:20:00+00:00,1965.4,83.87,348.1,13.51,394.5,27.7,606.4,0.0553,0.53,9.0,279.0,4.1
2025-04-23T16:21:00+00:00,1929.2,79.09,353.6,13.84,383.8,28.4,542.9,0.0651,0.50,9.0,279.0,2.0
2025-04-23T16:22:00+00:00,1968.6,81.01,351.4,14.00,394.0,27.2,568.4,0.0585,0.59,9.0,279.0,4.0
2025-04-23T16:23:00+00:00,2039.1,79.97,356.7,13.60,382.2,27.8,616.5,0.0610,0.37,9.0,279.0,4.0
2025-04-23T16:24:00+00:00,2047.6,79.67,361.1,13.71,385.8,28.6,589.5,0.0577,0.43,9.0,279.0,4.4
2025-04-23T16:25:00+00:00,1892.6,85.14,341.6,13.82,391.1,30.0,667.2,0.0537,0.40,9.0,279.0,3.3
2025-04-23T16:26:00+00:00,1982.4,81.21,338.9,13.89,375.0,28.7,551.4,0.0553,0.51,9.0,279.0,3.7
2025-04-23T16:27:00+00:00,2019.7,81.98,353.8,13.80,381.0,29.0,567.5,0.0552,0.47,9.0,279.0,4.5
2025-04-23T16:28:00+00:00,2178.2,84.96,334.0,13.80,362.1,27.9,594.8,0.0551,0.41,9.0,279.0,4.2
2025-04-23T16:29:00+00:00,972.6,80.70,352.2,13.88,365.6,28.0,652.7,0.0511,0.45,9.0,279.0,4.8
2025-04-23T16:30:00+00:00,1054.3,78.32,352.3,13.86,347.4,27.1,595.6,0.0550,0.37,9.0,279.0,2.1
2025-04-23T16:31:00+00:00,1061.6,78.87,355.4,13.65,363.4,31.8,522.5,0.0499,0.47,9.0,279.0,5.3
2025-04-23T16:32:00+00:00,911.6,78.34,352.8,13.73,326.5,29.9,549.5,0.0541,0.44,9.0,279.0,5.2
2025-04-23T16:33:00+00:00,986.8,77.08,350.5,13.69,340.7,27.3,576.9,0.0493,0.45,9.0,279.0,5.0
2025-04-23T16:34:00+00:00,998.3,77.18,366.7,13.92,332.0,26.2,625.3,0.0501,0.52,9.0,279.0,4.0
2025-04-23T16:35:00+00:00,983.5,79.34,369.6,13.82,370.8,30.9,592.2,0.0622,0.53,9.0,279.0,4.6
2025-04-23T16:36:00+00:00,814.4,79.99,363.6,14.27,336.6,31.3,565.3,0.0489,0.51,9.0,279.0,6.0
2025-04-23T16:37:00+00:00,1019.2,78.49,349.8,13.81,332.1,30.5,578.5,0.0561,0.55,9.0,279.0,3.4
2025-04-23T16:38:00+00:00,1057.6,80.80,348.4,13.62,340.3,29.2,611.9,0.0611,0.48,9.0,279.0,2.2
2025-04-23T16:39:00+00:00,939.7,78.38,356.8,13.98,351.1,30.8,559.2,0.0492,0.46,9.0,279.0,5.0
2025-04-23T16:40:00+00:00,754.7,80.85,361.3,13.84,354.7,30.1,482.7,0.0497,0.43,9.0,279.0,3.8
2025-04-24T06:00:00+00:00,966.7,78.39,342.9,13.87,336.0,31.2,527.3,0.0551,0.86,313.7,133.7,10.2
2025-04-24T06:01:00+00:00,992.7,79.19,345.1,13.68,358.0,31.4,536.5,0.0586,0.96,313.7,133.7,9.8
2025-04-24T06:02:00+00:00,953.1,80.09,348.5,13.84,344.6,26.7,503.5,0.0529,0.83,313.7,133.7,9.8
2025-04-24T06:03:00+00:00,891.9,77.85,348.9,13.70,345.3,30.8,541.7,0.0536,0.92,313.7,133.7,11.1
2025-04-24T06:04:00+00:00,869.5,80.75,364.7,13.81,359.6,29.9,528.9,0.0547,0.92,313.7,133.7,8.5
2025-04-24T06:05:00+00:00,995.5,78.33,364.0,13.89,344.8,25.9,564.0,0.0533,0.84,313.7,133.7,9.0
2025-04-24T06:06:00+00:00,944.5,79.56,368.9,13.71,370.3,32.4,539.8,0.0541,0.94,313.7,133.7,9.8
2025-04-24T06:07:00+00:00,1040.2,79.75,358.6,13.62,358.6,30.8,513.6,0.0613,0.93,313.7,133.7,8.6
2025-04-24T06:08:00+00:00,1061.5,81.24,365.7,13.99,361.8,30.6,539.3,0.0556,0.88,313.7,133.7,10.3
2025-04-24T06:09:00+00:00,961.8,78.83,351.5,14.00,338.6,28.6,537.9,0.0532,0.85,313.7,133.7,9.7
2025-04-24T06:10:00+00:00,1007.3,82.74,360.1,13.70,362.5,29.8,560.2,0.0557,1.02,313.7,133.7,10.6
2025-04-24T06:11:00+00:00,1024.3,77.88,349.7,13.83,358.4,28.8,590.9,0.0548,0.98,313.7,133.7,9.1
2025-04-24T06:12:00+00:00,1024.4,78.51,356.4,13.44,348.7,31.5,619.3,0.0533,0.85,313.7,133.7,9.4
2025-04-24T06:13:00+00:00,1081.9,78.95,354.3,13.75,360.2,28.1,613.3,0.0595,0.92,313.7,133.7,9.9
2025-04-24T06:14:00+00:00,1066.8,78.65,358.8,13.74,342.6,29.7,561.1,0.0586,0.88,313.7,133.7,8.9
2025-04-24T06:15:00+00:00,2087.2,84.86,336.8,13.93,383.4,29.7,633.5,0.0675,0.87,313.7,133.7,8.1
2025-04-24T06:16:00+00:00,1922.3,81.25,334.9,13.88,390.0,29.5,661.2,0.0600,1.01,313.7,133.7,9.5
2025-04-24T06:17:00+00:00,2198.6,84.60,365.2,13.86,408.5,27.7,596.7,0.0669,0.90,313.7,133.7,9.2
2025-04-24T06:18:00+00:00,2213.0,81.34,360.6,13.76,401.3,29.3,547.0,0.0601,0.88,313.7,133.7,8.0
2025-04-24T06:19:00+00:00,2106.7,83.78,350.2,13.54,399.3,30.1,610.8,0.0606,0.98,313.7,133.7,11.0
2025-04-24T06:20:00+00:00,2123.0,82.93,353.4,13.91,375.3,29.6,573.4,0.0619,0.92,313.7,133.7,11.2
2025-04-24T06:21:00+00:00,1914.2,80.89,356.1,13.77,366.7,28.1,603.2,0.0599,1.01,313.7,133.7,11.0
2025-04-24T06:22:00+00:00,2092.0,84.47,340.4,13.75,370.0,29.2,569.6,0.0592,0.85,313.7,133.7,9.7
2025-04-24T06:23:00+00:00,1954.6,82.95,344.2,13.80,389.3,29.8,637.3,0.0640,0.88,313.7,133.7,8.8
2025-04-24T06:24:00+00:00,2123.6,82.42,343.1,13.55,400.5,30.7,612.0,0.0600,0.92,313.7,133.7,11.0
2025-04-24T06:25:00+00:00,2011.5,80.06,358.1,13.88,394.2,29.9,590.6,0.0597,0.94,313.7,133.7,8.1
2025-04-24T06:26:00+00:00,2115.8,83.72,353.3,13.57,385.7,28.8,582.5,0.0735,0.91,313.7,133.7,8.4
2025-04-24T06:27:00+00:00,1956.5,79.96,352.8,13.69,395.5,28.5,591.8,0.0590,0.92,313.7,133.7,8.8
2025-04-24T06:28:00+00:00,2047.5,84.71,356.3,14.00,384.1,29.3,610.6,0.0643,0.92,313.7,133.7,9.8
2025-04-24T06:29:00+00:00,2192.0,84.88,356.5,13.86,377.6,30.3,584.9,0.0658,1.01,313.7,133.7,11.3
2025-04-24T06:30:00+00:00,2014.4,83.04,361.3,13.65,373.1,31.0,592.6,0.0596,0.95,313.7,133.7,8.9
2025-04-24T06:31:00+00:00,1860.8,80.76,354.2,13.92,370.2,30.5,580.9,0.0584,0.90,313.7,133.7,10.7
2025-04-24T06:32:00+00:00,1850.8,83.16,338.5,13.81,365.2,29.6,635.1,0.0586,0.92,313.7,133.7,9.5
2025-04-24T06:33:00+00:00,1789.6,80.51,344.2,13.41,377.2,28.0,612.0,0.0587,0.95,313.7,133.7,10.1
2025-04-24T06:34:00+00:00,1987.8,79.95,346.1,13.91,366.4,30.5,648.8,0.0624,0.93,313.7,133.7,10.2
2025-04-24T06:35:00+00:00,2023.5,80.29,342.4,13.95,355.1,30.8,653.4,0.0656,0.95,313.7,133.7,8.3
2025-04-24T06:36:00+00:00,1940.4,82.44,362.9,14.10,378.0,28.5,615.1,0.0604,0.91,313.7,133.7,9.6
2025-04-24T06:37:00+00:00,1949.3,82.25,360.3,13.84,384.1,28.3,605.4,0.0621,0.93,313.7,133.7,9.3
2025-04-24T06:38:00+00:00,2050.9,82.11,349.7,14.11,394.5,30.3,629.5,0.0627,0.87,313.7,133.7,9.4
2025-04-24T06:39:00+00:00,1921.6,81.00,337.9,13.84,384.4,30.3,603.5,0.0592,0.93,313.7,133.7,9.3
2025-04-24T06:40:00+00:00,1884.8,84.63,358.8,13.80,354.2,29.0,553.5,0.0623,0.90,313.7,133.7,10.5
2025-04-24T06:41:00+00:00,2161.5,78.22,353.3,13.81,382.9,28.8,613.9,0.0630,0.84,313.7,133.7,11.2
2025-04-24T06:42:00+00:00,1848.8,81.63,357.5,13.69,378.9,30.1,543.5,0.0595,0.95,313.7,133.7,11.8
2025-04-24T06:43:00+00:00,1943.4,81.41,354.7,13.57,388.4,30.4,606.7,0.0589,0.90,313.7,133.7,8.9
2025-04-24T06:44:00+00:00,1997.3,80.94,341.8,13.99,393.9,28.7,627.5,0.0591,0.88,313.7,133.7,9.2
2025-04-24T06:45:00+00:00,1795.4,82.93,366.1,13.86,376.1,27.0,600.5,0.0631,0.93,313.7,133.7,9.3
2025-04-24T06:46:00+00:00,1954.3,79.35,343.9,13.84,377.4,29.6,640.0,0.0592,0.93,313.7,133.7,9.5
2025-04-24T06:47:00+00:00,1831.0,79.84,351.5,13.79,380.9,28.7,565.1,0.0615,0.89,313.7,133.7,12.2
2025-04-24T06:48:00+00:00,1927.7,82.85,351.5,13.73,379.1,30.5,609.2,0.0698,0.98,313.7,133.7,10.4
2025-04-24T06:49:00+00:00,1934.3,80.52,341.7,13.80,357.9,28.9,619.3,0.0689,0.94,313.7,133.7,10.3
2025-04-24T06:50:00+00:00,2056.2,81.76,340.6,14.00,396.0,29.8,607.1,0.0648,0.88,313.7,133.7,9.6
2025-04-24T06:51:00+00:00,2051.3,81.12,353.2,13.48,407.5,30.0,584.1,0.0649,0.96,313.7,133.7,9.6
2025-04-24T06:52:00+00:00,1930.6,83.93,348.6,13.47,388.4,28.1,568.8,0.0681,0.92,313.7,133.7,10.3
2025-04-24T06:53:00+00:00,1991.9,81.37,334.4,13.77,382.6,30.4,589.7,0.0593,0.90,313.7,133.7,9.3
2025-04-24T06:54:00+00:00,1820.8,81.91,347.4,13.89,385.2,30.5,540.7,0.0582,0.89,313.7,133.7,11.1
2025-04-24T06:55:00+00:00,2039.3,84.17,352.9,13.81,372.5,29.4,628.1,0.0596,0.92,313.7,133.7,11.1
2025-04-24T06:56:00+00:00,2097.9,78.88,344.2,13.84,375.0,30.3,629.7,0.0595,0.87,313.7,133.7,9.7
2025-04-24T06:57:00+00:00,1756.8,77.70,347.9,13.75,362.0,30.6,573.0,0.0584,0.81,313.7,133.7,11.6
2025-04-24T06:58:00+00:00,2081.0,80.83,342.1,13.95,382.1,28.6,539.5,0.0596,0.83,313.7,133.7,10.3
2025-04-24T06:59:00+00:00,2095.5,83.11,347.8,13.95,376.1,27.2,577.4,0.0596,0.89,313.7,133.7,9.1
2025-04-24T07:00:00+00:00,2276.0,84.90,334.8,13.85,411.1,30.3,624.0,0.0700,0.97,313.7,133.7,8.9
2025-04-24T07:01:00+00:00,1949.7,82.66,342.8,13.93,373.2,29.6,665.3,0.0587,0.87,313.7,133.7,11.1
2025-04-24T07:02:00+00:00,2020.0,82.65,361.9,13.71,392.1,29.9,617.0,0.0603,0.88,313.7,133.7,8.8
2025-04-24T07:03:00+00:00,1926.6,82.81,352.6,13.60,381.1,29.0,616.7,0.0618,0.85,313.7,133.7,10.2
2025-04-24T07:04:00+00:00,2001.2,82.16,346.4,13.79,374.6,29.5,608.1,0.0589,0.86,313.7,133.7,10.5
2025-04-24T07:05:00+00:00,2143.9,82.04,355.2,13.67,367.1,27.8,610.3,0.0606,0.90,313.7,133.7,11.3
2025-04-24T07:06:00+00:00,2095.1,81.20,334.2,13.61,380.3,26.9,604.5,0.0622,0.87,313.7,133.7,9.3
2025-04-24T07:07:00+00:00,2047.5,83.61,352.0,13.82,389.5,29.0,637.5,0.0636,0.86,313.7,133.7,8.6
2025-04-24T07:08:00+00:00,2095.6,81.55,348.4,14.01,377.1,28.9,605.0,0.0632,0.88,313.7,133.7,10.9
2025-04-24T07:09:00+00:00,1811.0,81.41,360.5,13.51,366.2,28.3,605.8,0.0588,0.94,313.7,133.7,9.3
2025-04-24T07:10:00+00:00,1911.7,80.39,363.5,13.87,382.6,29.1,621.7,0.0643,0.88,313.7,133.7,8.0
2025-04-24T07:11:00+00:00,2345.0,82.72,344.4,13.86,380.1,27.9,573.5,0.0612,0.91,313.7,133.7,8.4
2025-04-24T07:12:00+00:00,1937.7,83.47,357.5,14.05,414.1,28.1,645.4,0.0587,0.87,313.7,133.7,9.3
2025-04-24T07:13:00+00:00,2152.6,82.36,346.9,13.82,380.5,26.4,646.0,0.0611,0.77,313.7,133.7,8.6
2025-04-24T07:14:00+00:00,2441.3,80.00,346.6,13.81,383.7,28.9,627.8,0.0610,0.85,313.7,133.7,10.6
2025-04-24T07:15:00+00:00,1828.4,79.51,365.6,13.79,378.3,29.2,584.7,0.0585,0.91,313.7,133.7,9.5
2025-04-24T07:16:00+00:00,2004.8,82.09,351.9,13.93,390.9,28.4,520.3,0.0656,0.92,313.7,133.7,9.9
2025-04-24T07:17:00+00:00,2140.6,83.23,342.2,13.74,375.9,30.6,604.6,0.0614,0.92,313.7,133.7,11.6
2025-04-24T07:18:00+00:00,2068.0,83.24,349.1,13.87,373.6,27.3,609.5,0.0588,0.81,313.7,133.7,8.9
2025-04-24T07:19:00+00:00,2017.0,81.56,347.5,13.83,396.6,27.4,612.0,0.0634,0.86,313.7,133.7,9.4
2025-04-24T07:20:00+00:00,2083.5,83.81,355.5,13.84,361.5,28.2,510.0,0.0597,0.90,313.7,133.7,10.3
2025-04-24T07:21:00+00:00,1708.9,81.58,348.9,13.62,373.5,30.5,638.8,0.0715,0.88,313.7,133.7,7.9
2025-04-24T07:22:00+00:00,2267.9,82.53,350.9,14.09,380.4,33.4,586.6,0.0627,0.86,313.7,133.7,10.1
2025-04-24T07:23:00+00:00,2053.5,80.90,326.5,13.84,392.3,29.9,630.1,0.0590,0.85,313.7,133.7,9.1
2025-04-24T07:24:00+00:00,2155.1,82.63,342.9,13.80,387.5,31.2,605.0,0.0614,0.88,313.7,133.7,10.9
2025-04-24T07:25:00+00:00,2191.2,83.12,349.4,13.84,388.5,28.9,595.9,0.0615,1.04,313.7,133.7,9.5
2025-04-24T07:26:00+00:00,2507.7,81.18,363.9,13.90,416.8,28.6,642.1,0.0643,0.89,313.7,133.7,10.6
2025-04-24T07:27:00+00:00,2164.5,80.74,351.4,13.72,392.1,29.9,602.3,0.0600,0.90,313.7,133.7,10.3
2025-04-24T07:28:00+00:00,1831.0,81.68,351.2,13.82,389.1,29.6,564.4,0.0593,1.00,313.7,133.7,10.7
2025-04-24T07:29:00+00:00,2188.5,82.88,354.0,13.64,368.6,28.0,667.1,0.0601,0.90,313.7,133.7,9.6
2025-04-24T07:30:00+00:00,2051.4,83.55,335.3,13.95,403.7,29.2,636.7,0.0600,0.95,313.7,133.7,9.5
2025-04-24T07:31:00+00:00,2249.4,84.06,339.6,13.93,413.6,31.6,622.0,0.0600,0.82,313.7,133.7,10.0
2025-04-24T07:32:00+00:00,2390.8,80.96,339.8,13.81,391.9,30.3,615.5,0.0614,0.90,313.7,133.7,10.3
2025-04-24T07:33:00+00:00,2040.2,82.78,356.4,13.70,388.1,29.4,606.9,0.0588,0.85,313.7,133.7,7.9
2025-04-24T07:34:00+00:00,1971.2,81.07,348.4,13.88,387.6,28.7,576.2,0.0595,0.93,313.7,133.7,8.9
2025-04-24T07:35:00+00:00,2082.4,83.30,354.1,13.82,377.0,31.6,591.5,0.0600,0.88,313.7,133.7,9.8
2025-04-24T07:36:00+00:00,2517.2,85.41,348.5,13.67,376.0,28.8,606.0,0.0646,0.95,313.7,133.7,10.4
2025-04-24T07:37:00+00:00,1977.8,82.77,351.6,13.91,381.3,28.4,619.7,0.0628,0.91,313.7,133.7,9.0
2025-04-24T07:38:00+00:00,2538.1,81.54,353.7,14.02,387.4,30.3,597.1,0.0624,0.93,313.7,133.7,10.2
2025-04-24T07:39:00+00:00,2052.7,83.59,349.6,13.81,379.8,26.3,584.6,0.0633,0.93,313.7,133.7,8.9
2025-04-24T07:40:00+00:00,2504.1,81.40,341.8,13.81,403.7,29.4,646.0,0.0685,0.90,313.7,133.7,12.3
2025-04-24T07:41:00+00:00,2026.2,82.17,343.8,13.74,388.2,27.4,610.1,0.0620,0.95,313.7,133.7,9.9
2025-04-24T07:42:00+00:00,1955.4,80.87,354.9,13.74,373.7,26.9,579.4,0.0612,0.89,313.7,133.7,11.3
2025-04-24T07:43:00+00:00,2591.5,84.39,356.4,13.81,395.1,26.8,626.2,0.0623,0.91,313.7,133.7,9.4
2025-04-24T07:44:00+00:00,1995.5,82.54,349.0,13.77,389.8,30.0,605.3,0.0600,0.98,313.7,133.7,10.9
2025-04-24T07:45:00+00:00,2458.1,82.97,344.4,13.83,391.9,27.8,638.3,0.0616,0.90,313.7,133.7,8.7
2025-04-24T07:46:00+00:00,1973.9,82.17,352.5,13.71,384.8,26.8,564.4,0.0681,0.86,313.7,133.7,9.2
2025-04-24T07:47:00+00:00,2024.2,82.06,336.4,13.54,380.6,29.1,694.0,0.0602,0.98,313.7,133.7,9.7
2025-04-24T07:48:00+00:00,2059.3,82.54,344.3,13.84,376.4,27.6,566.3,0.0642,0.87,313.7,133.7,10.0
2025-04-24T07:49:00+00:00,2040.9,81.90,348.9,13.81,368.6,31.2,566.9,0.0648,0.89,313.7,133.7,7.4
2025-04-24T07:50:00+00:00,1985.9,81.74,360.6,13.82,363.5,29.9,590.6,0.0592,0.93,313.7,133.7,10.9
2025-04-24T07:51:00+00:00,2038.0,83.14,345.6,13.77,368.8,30.2,601.5,0.0636,0.91,313.7,133.7,11.0
2025-04-24T07:52:00+00:00,2037.5,77.94,346.4,13.73,374.1,25.5,562.9,0.0586,0.83,313.7,133.7,10.1
2025-04-24T07:53:00+00:00,2038.7,79.74,337.5,13.64,392.9,28.3,596.8,0.0592,0.87,313.7,133.7,10.1
2025-04-24T07:54:00+00:00,2091.4,83.58,353.3,13.86,391.0,30.2,641.3,0.0609,0.86,313.7,133.7,9.1
2025-04-24T07:55:00+00:00,2115.9,82.56,343.8,13.97,366.6,27.7,635.9,0.0604,0.96,313.7,133.7,9.5
2025-04-24T07:56:00+00:00,1949.3,81.22,357.0,14.02,365.7,27.7,553.5,0.0613,0.88,313.7,133.7,10.1
2025-04-24T07:57:00+00:00,1989.3,83.98,353.7,13.75,369.2,30.0,619.8,0.0589,0.88,313.7,133.7,8.8
2025-04-24T07:58:00+00:00,1941.1,79.97,339.2,13.64,387.8,30.1,587.4,0.0630,1.00,313.7,133.7,9.7
2025-04-24T07:59:00+00:00,2166.8,81.90,337.2,13.92,375.1,31.3,609.4,0.0588,0.76,313.7,133.7,9.8
2025-04-24T08:00:00+00:00,2128.0,79.19,355.7,13.99,389.1,26.8,533.0,0.0606,0.97,313.7,133.7,11.8
2025-04-24T08:01:00+00:00,2075.1,80.01,343.3,13.81,398.5,28.5,594.8,0.0647,0.82,313.7,133.7,11.1
2025-04-24T08:02:00+00:00,2086.1,81.54,362.7,13.65,371.8,26.7,585.4,0.0601,0.95,313.7,133.7,11.1
2025-04-24T08:03:00+00:00,1982.6,81.39,350.8,13.69,364.2,28.5,651.3,0.0593,0.91,313.7,133.7,10.7
2025-04-24T08:04:00+00:00,1936.6,81.46,349.9,14.18,395.4,27.4,567.1,0.0607,1.07,313.7,133.7,10.6
2025-04-24T08:05:00+00:00,1992.8,83.65,344.6,13.70,376.6,31.5,585.0,0.0632,0.87,313.7,133.7,9.4
2025-04-24T08:06:00+00:00,2114.7,80.85,353.4,13.44,392.7,29.4,615.4,0.0599,0.85,313.7,133.7,9.9
2025-04-24T08:07:00+00:00,2136.5,84.59,347.3,13.61,375.8,24.0,613.2,0.0600,0.92,313.7,133.7,10.1
2025-04-24T08:08:00+00:00,2146.6,81.92,346.2,13.82,390.9,28.2,613.7,0.0602,0.92,313.7,133.7,10.9
2025-04-24T08:09:00+00:00,2086.6,83.38,340.5,13.72,384.1,30.8,594.5,0.0687,0.96,313.7,133.7,10.4
2025-04-24T08:10:00+00:00,1829.1,80.51,360.7,13.81,390.2,30.8,603.9,0.0586,0.92,313.7,133.7,11.3
2025-04-24T08:11:00+00:00,2058.5,82.75,347.9,14.05,386.7,28.0,574.0,0.0601,0.95,313.7,133.7,9.4
2025-04-24T08:12:00+00:00,2180.3,81.57,349.9,13.71,395.4,29.0,574.7,0.0609,0.96,313.7,133.7,10.5
2025-04-24T08:13:00+00:00,2025.9,82.77,361.7,13.95,374.4,30.9,598.8,0.0648,0.97,313.7,133.7,9.6
2025-04-24T08:14:00+00:00,1932.8,82.75,337.8,13.72,397.5,29.0,567.8,0.0600,1.02,313.7,133.7,11.3
2025-04-24T08:15:00+00:00,1951.5,81.45,344.7,13.79,388.6,30.6,615.5,0.0633,0.89,313.7,133.7,9.2
2025-04-24T08:16:00+00:00,2024.8,81.47,353.9,13.87,390.4,26.3,621.0,0.0594,0.90,313.7,133.7,10.4
2025-04-24T08:17:00+00:00,1973.5,82.99,347.0,13.66,374.7,28.0,612.0,0.0587,0.86,313.7,133.7,11.4
2025-04-24T08:18:00+00:00,2116.7,83.53,352.4,13.85,379.0,30.7,632.5,0.0603,0.95,313.7,133.7,9.6
2025-04-24T08:19:00+00:00,1974.7,81.08,353.3,14.04,388.2,25.4,524.0,0.0691,0.86,313.7,133.7,9.1
2025-04-24T08:20:00+00:00,1993.9,80.35,333.7,13.59,385.4,31.5,578.8,0.0658,0.89,313.7,133.7,10.0
2025-04-24T08:21:00+00:00,2115.5,83.27,352.9,13.78,402.5,30.6,567.7,0.0712,0.96,313.7,133.7,10.0
2025-04-24T08:22:00+00:00,2009.0,84.08,340.9,13.90,399.3,28.6,635.1,0.0591,0.87,313.7,133.7,10.7
2025-04-24T08:23:00+00:00,2113.3,81.56,343.9,13.86,379.2,27.8,587.9,0.0616,0.86,313.7,133.7,10.0
2025-04-24T08:24:00+00:00,1859.4,81.72,348.8,13.91,389.0,29.4,568.6,0.0674,0.93,313.7,133.7,10.1
2025-04-24T08:25:00+00:00,1981.4,83.18,365.8,13.95,400.6,28.6,585.4,0.0680,0.92,313.7,133.7,9.5
2025-04-24T08:26:00+00:00,1860.3,83.70,362.9,13.81,377.0,27.5,568.2,0.0606,0.90,313.7,133.7,10.8
2025-04-24T08:27:00+00:00,1863.5,80.15,361.1,13.60,376.6,26.4,646.3,0.0611,1.00,313.7,133.7,9.6
2025-04-24T08:28:00+00:00,2038.6,82.97,357.6,13.90,388.8,26.8,581.9,0.0592,0.89,313.7,133.7,11.7
2025-04-24T08:29:00+00:00,2134.2,83.02,353.6,13.65,379.4,29.0,627.4,0.0668,0.83,313.7,133.7,10.1
2025-04-24T08:30:00+00:00,1915.5,81.57,347.9,14.01,349.3,28.1,582.2,0.0587,0.89,313.7,133.7,9.8
2025-04-24T08:31:00+00:00,1924.5,79.30,352.2,13.99,371.1,27.6,586.5,0.0585,0.86,313.7,133.7,10.9
2025-04-24T08:32:00+00:00,2002.4,81.30,340.8,13.72,387.6,29.2,662.4,0.0630,0.88,313.7,133.7,11.3
2025-04-24T08:33:00+00:00,1941.8,81.61,357.6,13.74,368.7,28.0,645.5,0.0609,0.83,313.7,133.7,11.3
2025-04-24T08:34:00+00:00,2268.9,85.70,350.9,13.92,389.0,30.1,569.4,0.0604,0.87,313.7,133.7,10.2
2025-04-24T08:35:00+00:00,2060.1,81.71,351.5,13.50,381.2,30.1,621.7,0.0623,0.95,313.7,133.7,9.5
2025-04-24T08:36:00+00:00,1982.3,81.60,348.1,13.65,405.0,27.5,588.2,0.0593,0.92,313.7,133.7,12.1
2025-04-24T08:37:00+00:00,1901.1,83.36,351.6,13.85,394.8,27.8,601.2,0.0590,0.92,313.7,133.7,9.9
2025-04-24T08:38:00+00:00,1971.5,84.58,359.5,13.79,392.8,29.9,598.7,0.0593,0.92,313.7,133.7,10.3
2025-04-24T08:39:00+00:00,1966.6,81.92,353.9,14.00,394.0,29.3,582.9,0.0590,0.90,313.7,133.7,10.3
2025-04-24T08:40:00+00:00,2076.6,82.01,342.2,13.89,394.2,28.6,640.5,0.0597,0.91,313.7,133.7,9.2
2025-04-24T08:41:00+00:00,1943.3,82.19,350.1,13.94,383.2,29.6,572.3,0.0594,0.94,313.7,133.7,8.2
2025-04-24T08:42:00+00:00,986.8,81.60,356.0,13.73,369.0,31.3,545.9,0.0542,0.87,313.7,133.7,9.9
2025-04-24T08:43:00+00:00,953.8,78.11,341.1,13.93,343.1,29.0,619.6,0.0538,0.90,313.7,133.7,10.8
2025-04-24T08:44:00+00:00,898.0,76.75,350.8,13.95,354.1,30.7,524.1,0.0529,0.85,313.7,133.7,10.3
2025-04-24T08:45:00+00:00,1006.9,78.33,357.3,13.62,338.7,30.3,549.2,0.0541,0.94,313.7,133.7,9.9
2025-04-24T08:46:00+00:00,885.0,80.18,369.1,13.79,354.8,33.4,516.3,0.0623,0.95,313.7,133.7,10.2
2025-04-24T08:47:00+00:00,904.0,77.53,366.3,13.90,352.0,29.0,555.3,0.0593,0.90,313.7,133.7,10.7
2025-04-24T08:48:00+00:00,1118.9,78.04,347.7,13.96,369.4,28.0,580.8,0.0559,1.03,313.7,133.7,8.1
2025-04-24T08:49:00+00:00,1010.4,79.40,371.0,13.79,328.7,29.4,573.6,0.0540,0.91,313.7,133.7,10.1
2025-04-24T08:50:00+00:00,973.8,79.68,351.7,13.65,349.1,28.8,586.2,0.0527,0.80,313.7,133.7,9.0
2025-04-24T08:51:00+00:00,818.2,78.89,356.1,13.87,345.8,28.8,535.1,0.0538,0.99,313.7,133.7,10.3
2025-04-24T08:52:00+00:00,1028.7,77.91,345.2,13.62,339.4,30.2,604.4,0.0563,0.89,313.7,133.7,9.2
2025-04-24T08:53:00+00:00,933.0,76.89,358.7,13.77,360.5,27.5,547.5,0.0534,0.89,313.7,133.7,9.4
2025-04-24T08:54:00+00:00,914.1,79.30,355.7,13.98,359.1,27.2,532.1,0.0584,0.91,313.7,133.7,10.0
2025-04-24T08:55:00+00:00,1026.5,78.03,357.4,13.89,359.3,28.4,593.6,0.0550,0.96,313.7,133.7,10.2
2025-04-24T14:00:00+00:00,956.2,79.70,352.6,13.81,343.2,29.7,575.9,0.0540,0.92,313.7,133.7,10.3
2025-04-24T14:01:00+00:00,853.0,78.25,364.0,13.59,353.1,28.0,588.7,0.0592,0.82,313.7,133.7,10.7
2025-04-24T14:02:00+00:00,921.9,81.52,357.2,14.06,343.2,27.5,589.8,0.0593,0.97,313.7,133.7,9.9
2025-04-24T14:03:00+00:00,920.1,77.61,348.4,13.93,346.7,29.9,546.0,0.0637,1.02,313.7,133.7,10.9
2025-04-24T14:04:00+00:00,997.8,82.70,357.2,13.85,347.8,25.7,584.9,0.0564,0.87,313.7,133.7,12.0
2025-04-24T14:05:00+00:00,1005.4,81.35,364.1,13.87,327.2,29.8,565.3,0.0542,0.93,313.7,133.7,10.5
2025-04-24T14:06:00+00:00,974.8,78.66,362.6,13.96,347.7,29.7,510.3,0.0548,0.84,313.7,133.7,10.7
2025-04-24T14:07:00+00:00,1051.4,77.35,375.9,14.05,356.2,30.2,556.5,0.0570,0.86,313.7,133.7,11.2
2025-04-24T14:08:00+00:00,971.6,79.77,365.8,13.66,362.5,31.5,573.4,0.0533,0.84,313.7,133.7,9.7
2025-04-24T14:09:00+00:00,1031.9,80.29,357.1,13.82,347.7,30.6,591.2,0.0548,0.98,313.7,133.7,7.9
2025-04-24T14:10:00+00:00,1108.7,79.12,355.7,13.67,359.0,32.8,533.9,0.0619,0.91,313.7,133.7,9.6
2025-04-24T14:11:00+00:00,1742.4,82.17,349.2,14.01,382.7,26.7,551.3,0.0582,0.93,313.7,133.7,9.9
2025-04-24T14:12:00+00:00,2055.6,81.11,354.8,13.68,380.4,27.9,622.3,0.0596,0.86,313.7,133.7,9.1
2025-04-24T14:13:00+00:00,1809.3,82.35,357.2,13.73,360.5,29.4,591.5,0.0643,0.87,313.7,133.7,9.2
2025-04-24T14:14:00+00:00,2084.1,81.33,347.4,13.66,377.5,30.2,625.6,0.0659,0.93,313.7,133.7,8.9
2025-04-24T14:15:00+00:00,2164.1,84.81,347.5,13.82,403.1,31.8,603.5,0.0666,0.98,313.7,133.7,9.5
2025-04-24T14:16:00+00:00,1999.1,86.18,349.3,13.82,377.7,27.9,593.2,0.0604,0.87,313.7,133.7,8.7
2025-04-24T14:17:00+00:00,2230.9,84.10,348.8,13.59,396.0,32.4,562.2,0.0693,0.85,313.7,133.7,11.1
2025-04-24T14:18:00+00:00,2025.0,81.67,343.1,13.72,384.1,28.8,599.7,0.0597,0.93,313.7,133.7,9.4
2025-04-24T14:19:00+00:00,2012.6,82.09,366.1,14.04,379.3,29.4,685.2,0.0659,0.91,313.7,133.7,9.6
2025-04-24T14:20:00+00:00,1824.6,82.53,353.1,13.75,384.5,28.1,565.0,0.0595,0.92,313.7,133.7,8.3
2025-04-24T14:21:00+00:00,1994.2,81.24,355.0,13.77,375.6,30.4,611.3,0.0667,0.95,313.7,133.7,9.0
2025-04-24T14:22:00+00:00,2015.7,80.07,352.9,13.67,377.5,30.5,593.7,0.0607,0.87,313.7,133.7,11.3
2025-04-24T14:23:00+00:00,1903.8,82.54,341.7,13.66,366.2,28.9,589.5,0.0593,0.96,313.7,133.7,9.5
2025-04-24T14:24:00+00:00,1787.7,80.40,351.3,13.79,369.2,25.9,619.3,0.0670,0.89,313.7,133.7,10.3
2025-04-24T14:25:00+00:00,1952.8,83.30,348.9,14.13,383.3,26.1,566.3,0.0588,0.88,313.7,133.7,9.1
2025-04-24T14:26:00+00:00,2098.5,81.64,336.2,13.53,379.1,31.3,584.5,0.0609,0.88,313.7,133.7,10.1
2025-04-24T14:27:00+00:00,2015.7,81.31,337.6,13.86,371.8,30.8,592.3,0.0717,0.97,313.7,133.7,11.2
2025-04-24T14:28:00+00:00,1957.3,79.11,354.2,13.84,390.6,28.4,604.5,0.0594,0.93,313.7,133.7,12.3
2025-04-24T14:29:00+00:00,2051.1,83.40,354.5,13.74,399.2,29.4,659.8,0.0716,0.94,313.7,133.7,11.0
2025-04-24T14:30:00+00:00,1931.9,81.62,341.0,13.97,390.8,30.5,653.1,0.0597,0.88,313.7,133.7,9.7
2025-04-24T14:31:00+00:00,2125.2,80.90,363.5,13.65,360.2,28.1,597.4,0.0606,0.98,313.7,133.7,9.1
2025-04-24T14:32:00+00:00,1959.6,80.91,338.5,13.68,372.9,29.2,602.3,0.0591,0.90,313.7,133.7,9.3
2025-04-24T14:33:00+00:00,2147.9,82.55,351.2,13.75,373.2,28.7,538.5,0.0606,0.96,313.7,133.7,10.5
2025-04-24T14:34:00+00:00,1888.6,83.49,349.5,13.58,388.6,28.7,562.2,0.0591,0.95,313.7,133.7,9.6
2025-04-24T14:35:00+00:00,1912.5,83.60,347.1,13.53,393.0,30.7,550.6,0.0611,0.85,313.7,133.7,11.0
2025-04-24T14:36:00+00:00,1996.4,81.03,356.7,13.97,395.3,27.4,639.9,0.0596,0.94,313.7,133.7,10.9
2025-04-24T14:37:00+00:00,2012.4,81.95,363.7,13.84,383.0,29.1,660.7,0.0682,0.81,313.7,133.7,8.5
2025-04-24T14:38:00+00:00,1897.9,83.13,344.0,13.85,385.7,27.3,610.1,0.0586,0.89,313.7,133.7,12.0
2025-04-24T14:39:00+00:00,1983.0,79.84,361.9,13.77,375.4,27.7,631.1,0.0682,0.94,313.7,133.7,8.0
2025-04-24T14:40:00+00:00,2195.0,82.50,344.2,13.90,394.6,28.7,639.9,0.0666,0.83,313.7,133.7,7.8
2025-04-24T14:41:00+00:00,1896.5,82.22,348.5,13.87,353.8,32.4,535.8,0.0645,0.94,313.7,133.7,9.8
2025-04-24T14:42:00+00:00,2033.0,81.69,347.0,13.90,396.4,27.6,580.0,0.0597,0.93,313.7,133.7,9.4
2025-04-24T14:43:00+00:00,2202.9,83.56,354.3,13.99,384.0,29.5,584.0,0.0616,0.98,313.7,133.7,7.7
2025-04-24T14:44:00+00:00,2027.9,79.86,342.8,13.98,386.4,28.1,577.4,0.0659,0.83,313.7,133.7,9.4
2025-04-24T14:45:00+00:00,1954.3,84.17,355.5,13.72,376.4,28.3,573.9,0.0586,0.86,313.7,133.7,11.1
2025-04-24T14:46:00+00:00,1911.1,82.54,343.0,13.98,394.3,30.3,594.6,0.0580,0.83,313.7,133.7,8.7
2025-04-24T14:47:00+00:00,2051.7,84.35,342.6,13.71,398.7,27.7,549.0,0.0593,0.86,313.7,133.7,10.8
2025-04-24T14:48:00+00:00,1930.8,84.87,355.2,13.63,355.4,29.8,551.7,0.0625,0.82,313.7,133.7,9.8
2025-04-24T14:49:00+00:00,1905.6,83.15,335.8,13.85,374.8,29.5,606.4,0.0590,0.93,313.7,133.7,11.7
2025-04-24T14:50:00+00:00,1953.4,83.42,347.2,13.84,355.5,32.0,608.8,0.0685,0.90,313.7,133.7,10.1
2025-04-24T14:51:00+00:00,2211.5,81.59,351.1,13.44,383.7,31.1,571.4,0.0672,0.93,313.7,133.7,9.0
2025-04-24T14:52:00+00:00,1886.1,82.04,357.0,13.72,384.5,29.0,573.2,0.0594,0.91,313.7,133.7,9.5
2025-04-24T14:53:00+00:00,2592.6,84.65,369.8,13.67,389.7,29.4,602.5,0.0665,0.90,313.7,133.7,9.0
2025-04-24T14:54:00+00:00,2082.3,85.23,345.6,14.09,405.3,31.3,531.5,0.0641,0.84,313.7,133.7,10.2
2025-04-24T14:55:00+00:00,2049.4,82.73,346.1,13.81,388.5,30.6,638.9,0.0631,0.92,313.7,133.7,11.3
2025-04-24T14:56:00+00:00,2437.4,83.92,341.9,13.42,375.9,27.9,612.0,0.0687,0.92,313.7,133.7,8.9
2025-04-24T14:57:00+00:00,1805.0,84.02,357.9,13.87,373.5,27.6,593.9,0.0584,0.90,313.7,133.7,10.9
2025-04-24T14:58:00+00:00,2493.0,85.78,340.9,13.75,414.3,31.5,650.2,0.0654,0.75,313.7,133.7,10.6
2025-04-24T14:59:00+00:00,2468.1,83.40,351.0,13.91,401.9,30.5,604.8,0.0612,0.85,313.7,133.7,10.6
2025-04-24T15:00:00+00:00,2004.1,82.16,345.6,13.55,408.9,29.7,614.7,0.0652,0.93,313.7,133.7,8.9
2025-04-24T15:01:00+00:00,2135.7,84.33,340.7,13.61,391.8,25.5,623.1,0.0643,0.85,313.7,133.7,9.5
2025-04-24T15:02:00+00:00,1924.7,81.95,366.7,13.87,376.0,26.3,546.1,0.0605,0.89,313.7,133.7,11.5
2025-04-24T15:03:00+00:00,1977.1,81.06,358.7,13.89,385.2,30.3,633.2,0.0619,0.91,313.7,133.7,8.0
2025-04-24T15:04:00+00:00,2002.2,82.40,353.1,13.49,373.7,31.2,592.1,0.0611,0.86,313.7,133.7,9.4
2025-04-24T15:05:00+00:00,1956.8,80.44,347.6,13.64,377.3,29.4,635.6,0.0702,0.94,313.7,133.7,9.6
2025-04-24T15:06:00+00:00,2517.3,84.72,348.3,13.84,389.1,28.3,620.0,0.0649,0.95,313.7,133.7,9.2
2025-04-24T15:07:00+00:00,2405.4,83.51,348.4,13.98,376.0,29.3,600.2,0.0606,0.82,313.7,133.7,10.2
2025-04-24T15:08:00+00:00,2073.9,83.27,348.8,13.52,395.0,28.3,575.3,0.0605,0.99,313.7,133.7,10.8
2025-04-24T15:09:00+00:00,2434.2,82.86,341.1,13.69,404.8,29.0,613.2,0.0617,0.92,313.7,133.7,11.0
2025-04-24T15:10:00+00:00,2066.6,83.67,363.4,13.82,375.9,30.1,663.0,0.0589,0.84,313.7,133.7,11.6
2025-04-24T15:11:00+00:00,2113.8,84.62,342.5,13.84,393.2,28.7,596.2,0.0597,0.88,313.7,133.7,10.5
2025-04-24T15:12:00+00:00,2042.9,83.05,339.8,13.81,393.9,31.1,589.3,0.0589,0.85,313.7,133.7,9.4
2025-04-24T15:13:00+00:00,1889.5,80.75,352.3,13.87,372.3,31.5,630.2,0.0641,0.89,313.7,133.7,9.8
2025-04-24T15:14:00+00:00,1925.7,82.01,345.6,13.67,375.5,26.4,603.7,0.0613,0.88,313.7,133.7,9.0
2025-04-24T15:15:00+00:00,1973.9,85.61,344.6,13.86,378.7,27.3,584.7,0.0614,0.95,313.7,133.7,10.2
2025-04-24T15:16:00+00:00,2376.0,84.24,349.0,13.79,382.3,31.4,593.0,0.0620,0.97,313.7,133.7,10.6
2025-04-24T15:17:00+00:00,2116.4,84.08,340.0,13.78,380.0,28.4,689.4,0.0633,0.79,313.7,133.7,9.8
2025-04-24T15:18:00+00:00,2060.8,83.97,345.9,13.69,382.0,30.9,620.5,0.0593,0.87,313.7,133.7,11.1
2025-04-24T15:19:00+00:00,1914.8,84.85,347.0,13.81,400.1,30.8,636.4,0.0597,0.99,313.7,133.7,9.7
2025-04-24T15:20:00+00:00,2022.1,80.55,353.3,14.05,380.8,29.0,609.8,0.0589,0.86,313.7,133.7,11.2
2025-04-24T15:21:00+00:00,2182.8,82.65,347.6,13.84,398.2,31.6,588.7,0.0622,0.79,313.7,133.7,12.2
2025-04-24T15:22:00+00:00,1853.2,81.64,353.7,13.90,369.8,27.1,603.9,0.0620,0.87,313.7,133.7,9.4
2025-04-24T15:23:00+00:00,1955.7,84.11,341.4,13.92,377.0,31.0,503.3,0.0591,0.91,313.7,133.7,10.2
2025-04-24T15:24:00+00:00,2221.6,80.12,339.9,14.04,369.6,31.9,616.3,0.0608,0.94,313.7,133.7,10.3
2025-04-24T15:25:00+00:00,1915.3,79.34,373.9,13.91,383.6,29.4,569.1,0.0593,0.97,313.7,133.7,9.0
2025-04-24T15:26:00+00:00,2088.9,82.38,349.9,13.71,398.5,29.8,623.9,0.0617,0.79,313.7,133.7,10.5
2025-04-24T15:27:00+00:00,2146.6,83.46,340.7,13.68,390.5,30.5,604.7,0.0596,0.86,313.7,133.7,10.0
2025-04-24T15:28:00+00:00,2007.5,83.07,348.4,13.69,379.4,27.8,634.8,0.0621,0.91,313.7,133.7,10.6
2025-04-24T15:29:00+00:00,1985.8,82.04,361.4,13.75,390.3,29.5,619.2,0.0596,0.94,313.7,133.7,10.7
2025-04-24T15:30:00+00:00,2019.4,79.13,339.8,13.67,384.4,30.5,629.3,0.0597,0.93,313.7,133.7,10.3
2025-04-24T15:31:00+00:00,2025.2,83.64,347.6,13.65,357.1,27.7,607.5,0.0593,0.88,313.7,133.7,9.7
2025-04-24T15:32:00+00:00,2127.7,83.37,338.4,13.64,392.7,29.4,578.2,0.0602,0.93,313.7,133.7,9.8
2025-04-24T15:33:00+00:00,2198.7,81.68,361.5,13.49,376.3,30.4,585.0,0.0715,0.96,313.7,133.7,12.0
2025-04-24T15:34:00+00:00,1958.9,81.19,347.0,13.73,402.0,28.5,557.1,0.0586,0.87,313.7,133.7,10.5
2025-04-24T15:35:00+00:00,1936.9,81.05,351.5,13.76,405.0,27.4,633.4,0.0583,0.85,313.7,133.7,11.5
2025-04-24T15:36:00+00:00,2092.3,83.40,348.8,13.91,376.0,28.8,613.4,0.0592,0.85,313.7,133.7,9.5
2025-04-24T15:37:00+00:00,1950.0,82.93,354.9,13.47,365.9,32.0,575.7,0.0594,0.90,313.7,133.7,11.2
2025-04-24T15:38:00+00:00,1948.1,81.23,354.3,13.87,376.7,27.4,539.8,0.0617,0.88,313.7,133.7,9.4
2025-04-24T15:39:00+00:00,2117.9,83.33,340.1,13.65,414.9,30.3,579.7,0.0594,0.84,313.7,133.7,9.4
2025-04-24T15:40:00+00:00,1820.5,83.20,350.9,13.92,377.6,27.5,564.8,0.0586,0.94,313.7,133.7,10.0
2025-04-24T15:41:00+00:00,2112.7,81.07,364.9,13.85,354.6,28.9,627.7,0.0627,0.81,313.7,133.7,9.7
2025-04-24T15:42:00+00:00,2056.6,80.57,340.1,13.61,391.1,28.5,629.4,0.0599,0.92,313.7,133.7,8.0
2025-04-24T15:43:00+00:00,1965.4,81.84,349.7,13.91,370.3,30.0,576.2,0.0601,0.84,313.7,133.7,11.2
2025-04-24T15:44:00+00:00,2004.3,82.36,343.8,13.94,384.6,29.8,601.5,0.0594,0.92,313.7,133.7,9.4
2025-04-24T15:45:00+00:00,1812.0,79.43,342.8,13.65,367.9,28.9,642.0,0.0626,0.91,313.7,133.7,9.1
2025-04-24T15:46:00+00:00,2051.2,86.70,354.3,14.03,371.1,29.8,596.8,0.0632,0.97,313.7,133.7,8.2
2025-04-24T15:47:00+00:00,2030.4,81.35,364.7,13.80,388.9,28.5,579.3,0.0621,1.00,313.7,133.7,9.6
2025-04-24T15:48:00+00:00,2139.5,80.08,348.0,13.89,390.6,27.1,597.2,0.0597,0.88,313.7,133.7,9.7
2025-04-24T15:49:00+00:00,2199.8,84.37,363.6,13.74,384.9,31.7,608.6,0.0613,0.99,313.7,133.7,9.6
2025-04-24T15:50:00+00:00,1954.0,81.10,347.9,13.69,377.9,27.6,651.6,0.0600,0.97,313.7,133.7,11.7
2025-04-24T15:51:00+00:00,1915.3,83.27,349.5,13.66,373.1,28.5,602.9,0.0601,0.95,313.7,133.7,10.1
2025-04-24T15:52:00+00:00,2101.9,83.92,342.9,13.76,410.8,28.0,633.6,0.0636,0.91,313.7,133.7,10.3
2025-04-24T15:53:00+00:00,2070.0,82.99,350.9,13.69,380.7,28.2,682.8,0.0645,0.97,313.7,133.7,9.4
2025-04-24T15:54:00+00:00,1799.9,79.79,360.2,13.97,358.4,29.6,555.8,0.0584,0.93,313.7,133.7,11.4
2025-04-24T15:55:00+00:00,1932.6,79.18,356.9,13.72,380.4,32.2,564.1,0.0585,0.87,313.7,133.7,9.8
2025-04-24T15:56:00+00:00,2049.0,84.87,347.0,13.88,386.5,27.3,581.6,0.0594,0.89,313.7,133.7,9.9
2025-04-24T15:57:00+00:00,1999.9,84.55,364.0,13.90,383.0,30.5,574.4,0.0698,0.95,313.7,133.7,8.5
2025-04-24T15:58:00+00:00,2100.9,80.91,340.7,13.84,364.4,30.6,646.8,0.0644,0.90,313.7,133.7,10.5
2025-04-24T15:59:00+00:00,2135.9,83.57,346.6,13.77,407.1,30.1,609.8,0.0595,0.87,313.7,133.7,9.8
2025-04-24T16:00:00+00:00,1962.4,81.33,355.4,13.78,400.6,30.5,624.3,0.0601,1.01,313.7,133.7,11.8
2025-04-24T16:01:00+00:00,937.1,79.83,356.5,13.87,347.9,30.7,582.3,0.0615,0.93,313.7,133.7,10.4
2025-04-24T16:02:00+00:00,977.4,76.44,350.5,13.86,345.5,31.7,556.5,0.0546,0.85,313.7,133.7,9.5
2025-04-24T16:03:00+00:00,1028.8,81.48,351.6,13.88,373.3,27.3,559.8,0.0554,0.90,313.7,133.7,10.8
2025-04-24T16:04:00+00:00,1123.8,79.45,350.6,13.85,341.9,28.4,543.4,0.0608,0.90,313.7,133.7,12.3
2025-04-24T16:05:00+00:00,1011.1,78.09,355.0,13.98,355.1,28.1,558.0,0.0613,0.95,313.7,133.7,11.4
2025-04-24T16:06:00+00:00,944.9,79.35,359.6,14.03,348.3,28.4,551.4,0.0535,0.89,313.7,133.7,9.9
2025-04-24T16:07:00+00:00,985.9,80.80,358.7,14.03,364.8,27.5,472.8,0.0530,0.82,313.7,133.7,8.1
2025-04-24T16:08:00+00:00,1110.5,80.42,372.9,13.81,332.3,27.1,556.0,0.0556,0.80,313.7,133.7,8.9
2025-04-24T16:09:00+00:00,811.1,79.24,368.1,13.83,367.2,31.8,557.8,0.0599,0.96,313.7,133.7,10.0
2025-04-24T16:10:00+00:00,891.0,80.43,357.0,13.80,350.9,33.8,562.8,0.0539,0.95,313.7,133.7,7.9
2025-04-25T06:00:00+00:00,936.5,80.15,344.7,14.00,349.7,28.3,534.9,0.0560,1.13,265.6,130.6,11.9
2025-04-25T06:01:00+00:00,955.9,79.31,362.9,13.76,361.5,28.8,512.1,0.0558,1.12,265.6,130.6,10.7
2025-04-25T06:02:00+00:00,918.1,80.33,359.7,14.13,357.4,31.2,603.2,0.0557,1.12,265.6,130.6,12.0
2025-04-25T06:03:00+00:00,971.4,78.31,372.6,14.13,337.2,26.9,569.4,0.0569,1.22,265.6,130.6,11.5
2025-04-25T06:04:00+00:00,1078.5,77.06,349.4,14.07,367.8,29.1,515.7,0.0575,1.22,265.6,130.6,11.8
2025-04-25T06:05:00+00:00,881.7,79.21,350.2,13.83,348.4,30.1,501.4,0.0595,1.19,265.6,130.6,13.2
2025-04-25T06:06:00+00:00,1013.7,80.31,346.8,14.07,351.9,29.4,561.4,0.0644,1.08,265.6,130.6,13.8
2025-04-25T06:07:00+00:00,901.4,76.57,356.2,13.83,355.9,29.5,555.1,0.0581,1.10,265.6,130.6,13.2
2025-04-25T06:08:00+00:00,1005.9,80.72,361.9,13.78,353.2,31.3,544.8,0.0564,1.14,265.6,130.6,11.5
2025-04-25T06:09:00+00:00,968.1,75.68,368.8,13.82,335.9,30.0,492.7,0.0614,1.22,265.6,130.6,12.5
2025-04-25T06:10:00+00:00,2218.2,81.11,336.7,13.83,380.3,29.6,628.8,0.0635,1.19,265.6,130.6,14.6
2025-04-25T06:11:00+00:00,2065.4,82.66,353.2,13.65,387.0,29.6,638.4,0.0754,1.17,265.6,130.6,12.1
2025-04-25T06:12:00+00:00,2119.7,83.70,360.3,13.65,371.4,29.8,640.5,0.0623,1.13,265.6,130.6,12.8
2025-04-25T06:13:00+00:00,2001.7,82.73,347.9,13.64,372.8,27.2,606.9,0.0675,1.16,265.6,130.6,11.6
2025-04-25T06:14:00+00:00,1922.4,80.05,354.1,13.87,394.5,28.9,641.1,0.0631,1.13,265.6,130.6,13.2
2025-04-25T06:15:00+00:00,1996.1,82.43,349.5,13.72,393.9,29.8,592.9,0.0618,1.09,265.6,130.6,12.7
2025-04-25T06:16:00+00:00,2054.8,81.62,340.5,13.67,383.3,29.7,601.2,0.0617,1.14,265.6,130.6,13.3
2025-04-25T06:17:00+00:00,1892.7,81.14,341.8,13.69,361.8,29.9,609.5,0.0695,1.18,265.6,130.6,13.2
2025-04-25T06:18:00+00:00,1936.5,81.64,338.8,13.79,368.2,25.6,616.3,0.0637,1.13,265.6,130.6,12.5
2025-04-25T06:19:00+00:00,1969.3,82.09,353.1,14.09,384.6,29.5,603.1,0.0613,1.14,265.6,130.6,12.6
2025-04-25T06:20:00+00:00,2098.6,82.14,341.8,13.99,381.5,30.5,579.2,0.0659,1.17,265.6,130.6,12.2
2025-04-25T06:21:00+00:00,2124.7,80.57,349.0,13.89,377.6,28.0,580.8,0.0627,1.18,265.6,130.6,11.9
2025-04-25T06:22:00+00:00,1907.1,79.75,344.6,13.63,381.0,30.1,589.0,0.0701,1.16,265.6,130.6,12.5
2025-04-25T06:23:00+00:00,2014.4,81.96,375.3,13.66,377.3,27.6,592.8,0.0617,1.12,265.6,130.6,10.4
2025-04-25T06:24:00+00:00,1949.6,80.66,344.4,13.61,357.0,34.3,580.9,0.0642,1.16,265.6,130.6,10.9
2025-04-25T06:25:00+00:00,1863.8,81.36,357.6,13.82,353.9,29.5,601.4,0.0661,1.20,265.6,130.6,14.9
2025-04-25T06:26:00+00:00,1859.2,80.28,352.9,13.76,386.8,27.7,592.6,0.0625,1.20,265.6,130.6,13.5
2025-04-25T06:27:00+00:00,2001.5,83.40,362.9,13.64,396.8,29.7,623.7,0.0613,1.10,265.6,130.6,12.2
2025-04-25T06:28:00+00:00,2090.1,82.14,346.1,13.77,365.5,31.2,655.8,0.0649,1.18,265.6,130.6,10.6
2025-04-25T06:29:00+00:00,1863.8,81.03,352.4,13.79,351.9,27.7,560.3,0.0670,1.12,265.6,130.6,13.4
2025-04-25T06:30:00+00:00,2121.9,83.85,346.5,13.75,379.8,31.2,547.9,0.0649,1.17,265.6,130.6,11.9
2025-04-25T06:31:00+00:00,1947.2,82.57,359.3,13.54,345.4,28.2,578.3,0.0616,1.01,265.6,130.6,12.4
2025-04-25T06:32:00+00:00,2027.8,81.51,352.5,13.68,401.6,28.4,618.7,0.0725,1.18,265.6,130.6,11.8
2025-04-25T06:33:00+00:00,2006.5,83.45,353.5,13.80,379.0,28.2,558.3,0.0624,1.21,265.6,130.6,11.8
2025-04-25T06:34:00+00:00,1972.5,82.75,353.2,13.87,367.5,32.2,562.7,0.0692,1.22,265.6,130.6,13.2
2025-04-25T06:35:00+00:00,1954.2,81.74,357.3,13.55,377.9,26.8,622.5,0.0622,1.14,265.6,130.6,15.0
2025-04-25T06:36:00+00:00,1833.2,79.70,344.9,13.71,364.4,28.8,611.9,0.0599,1.07,265.6,130.6,12.9
2025-04-25T06:37:00+00:00,2057.4,81.56,349.8,13.85,389.7,30.0,638.0,0.0628,1.23,265.6,130.6,13.6
2025-04-25T06:38:00+00:00,1965.7,84.27,353.7,13.83,393.5,28.0,635.7,0.0608,1.08,265.6,130.6,11.5
2025-04-25T06:39:00+00:00,2022.1,84.71,346.6,13.98,384.8,30.7,572.7,0.0655,1.10,265.6,130.6,12.8
2025-04-25T06:40:00+00:00,2084.4,82.99,350.5,13.75,373.3,30.0,586.5,0.0702,1.12,265.6,130.6,13.2
2025-04-25T06:41:00+00:00,2000.0,80.92,348.2,13.81,377.3,27.6,562.1,0.0664,1.08,265.6,130.6,12.9
2025-04-25T06:42:00+00:00,2084.5,80.41,350.5,13.88,385.8,29.9,623.0,0.0618,1.12,265.6,130.6,12.3
2025-04-25T06:43:00+00:00,1896.4,80.82,351.8,13.97,364.0,27.6,636.2,0.0618,1.20,265.6,130.6,11.3
2025-04-25T06:44:00+00:00,1890.4,79.75,331.4,14.10,370.9,28.1,602.8,0.0645,1.10,265.6,130.6,11.8
2025-04-25T06:45:00+00:00,2077.4,81.83,345.1,13.91,379.2,30.3,605.8,0.0623,1.14,265.6,130.6,13.7
2025-04-25T06:46:00+00:00,2005.9,83.27,336.7,13.90,396.0,31.0,597.5,0.0637,1.31,265.6,130.6,10.5
2025-04-25T06:47:00+00:00,2039.3,82.79,354.0,13.62,382.9,28.1,631.5,0.0660,1.11,265.6,130.6,11.9
2025-04-25T06:48:00+00:00,1986.3,82.98,350.4,13.81,391.5,28.7,619.1,0.0642,1.06,265.6,130.6,10.9
2025-04-25T06:49:00+00:00,2055.5,84.66,332.6,13.88,375.3,30.9,577.6,0.0619,1.15,265.6,130.6,11.0
2025-04-25T06:50:00+00:00,1884.1,84.50,349.3,13.89,380.0,29.6,591.3,0.0646,1.13,265.6,130.6,11.9
2025-04-25T06:51:00+00:00,1930.1,82.78,338.8,13.76,362.6,29.3,598.1,0.0615,1.16,265.6,130.6,12.8
2025-04-25T06:52:00+00:00,2473.0,83.44,345.5,13.70,391.5,28.5,610.1,0.0637,1.10,265.6,130.6,10.7
2025-04-25T06:53:00+00:00,2032.8,82.19,367.0,13.74,399.3,29.9,621.2,0.0632,1.11,265.6,130.6,12.5
2025-04-25T06:54:00+00:00,2413.4,82.63,350.9,13.46,392.5,28.1,609.8,0.0634,1.11,265.6,130.6,12.7
2025-04-25T06:55:00+00:00,2225.1,83.78,347.6,13.61,390.2,29.0,573.2,0.0632,1.15,265.6,130.6,12.6
2025-04-25T06:56:00+00:00,1998.1,80.58,361.7,13.96,380.9,31.1,638.8,0.0612,1.11,265.6,130.6,12.5
2025-04-25T06:57:00+00:00,1997.5,81.62,349.3,13.65,364.3,28.5,594.4,0.0653,1.07,265.6,130.6,13.6
2025-04-25T06:58:00+00:00,2083.3,81.16,344.7,13.91,387.7,28.6,578.9,0.0631,1.24,265.6,130.6,11.5
2025-04-25T06:59:00+00:00,2417.2,83.61,353.5,13.78,388.5,30.2,570.9,0.0638,1.10,265.6,130.6,9.9
2025-04-25T07:00:00+00:00,2135.7,81.75,360.7,13.68,396.6,32.2,592.2,0.0613,1.04,265.6,130.6,11.2
2025-04-25T07:01:00+00:00,1996.5,84.77,340.7,13.83,379.7,30.1,636.4,0.0611,1.09,265.6,130.6,13.2
2025-04-25T07:02:00+00:00,1965.4,81.92,356.7,13.63,399.3,30.9,625.3,0.0618,1.16,265.6,130.6,13.6
2025-04-25T07:03:00+00:00,2547.9,85.45,354.6,13.55,403.9,32.0,607.4,0.0649,1.17,265.6,130.6,13.2
2025-04-25T07:04:00+00:00,2086.0,80.79,343.1,13.90,403.3,28.3,608.6,0.0620,1.14,265.6,130.6,12.0
2025-04-25T07:05:00+00:00,2008.0,80.24,346.9,13.71,385.1,29.0,584.5,0.0633,1.09,265.6,130.6,12.1
2025-04-25T07:06:00+00:00,2406.8,84.36,345.0,13.83,379.0,29.7,591.3,0.0636,1.11,265.6,130.6,12.3
2025-04-25T07:07:00+00:00,2130.1,83.38,333.3,13.62,399.0,28.3,574.4,0.0624,1.10,265.6,130.6,12.1
2025-04-25T07:08:00+00:00,2105.6,80.27,345.6,13.94,391.4,31.5,599.4,0.0615,1.07,265.6,130.6,12.7
2025-04-25T07:09:00+00:00,1843.7,79.00,348.3,13.65,370.1,28.3,589.5,0.0609,1.15,265.6,130.6,12.7
2025-04-25T07:10:00+00:00,1924.6,81.46,344.2,14.08,407.3,29.3,678.5,0.0604,1.07,265.6,130.6,12.2
2025-04-25T07:11:00+00:00,1907.4,82.33,344.5,13.71,391.2,31.1,600.2,0.0672,1.15,265.6,130.6,12.7
2025-04-25T07:12:00+00:00,2277.7,82.71,349.5,14.03,396.3,28.0,642.4,0.0632,1.15,265.6,130.6,11.9
2025-04-25T07:13:00+00:00,2409.3,82.59,346.8,13.62,402.2,28.7,573.0,0.0637,1.12,265.6,130.6,12.6
2025-04-25T07:14:00+00:00,1753.2,82.26,342.4,14.16,381.0,29.8,590.8,0.0613,1.12,265.6,130.6,13.9
2025-04-25T07:15:00+00:00,1916.9,78.53,341.9,13.96,407.4,27.4,603.7,0.0605,1.08,265.6,130.6,13.1
2025-04-25T07:16:00+00:00,1961.4,81.69,365.7,13.56,385.2,31.3,595.5,0.0638,1.08,265.6,130.6,13.0
2025-04-25T07:17:00+00:00,2065.9,83.48,348.9,13.85,374.9,27.5,590.7,0.0633,1.15,265.6,130.6,13.2
2025-04-25T07:18:00+00:00,1986.6,83.02,350.0,13.66,395.5,29.3,568.0,0.0618,1.17,265.6,130.6,11.3
2025-04-25T07:19:00+00:00,2229.2,84.86,345.1,14.02,388.7,32.7,660.7,0.0632,1.17,265.6,130.6,11.1
2025-04-25T07:20:00+00:00,1954.4,81.24,338.3,14.06,371.5,32.8,600.4,0.0623,1.23,265.6,130.6,11.6
2025-04-25T07:21:00+00:00,1932.0,82.12,350.4,13.76,372.1,31.1,617.2,0.0656,1.19,265.6,130.6,14.2
2025-04-25T07:22:00+00:00,2141.1,83.08,351.8,13.69,390.3,27.9,604.6,0.0654,1.11,265.6,130.6,12.5
2025-04-25T07:23:00+00:00,1914.5,81.13,354.3,13.89,389.0,28.3,565.6,0.0646,1.14,265.6,130.6,12.7
2025-04-25T07:24:00+00:00,1839.5,82.18,365.9,13.87,397.2,31.1,601.3,0.0596,1.02,265.6,130.6,11.5
2025-04-25T07:25:00+00:00,2055.4,79.67,355.1,13.59,387.4,28.7,588.4,0.0660,1.23,265.6,130.6,13.0
2025-04-25T07:26:00+00:00,2123.2,81.62,330.3,13.98,396.6,31.2,652.4,0.0619,1.11,265.6,130.6,12.2
2025-04-25T07:27:00+00:00,1936.0,82.00,358.0,13.73,353.7,30.1,596.0,0.0612,1.13,265.6,130.6,11.8
2025-04-25T07:28:00+00:00,2088.8,81.65,334.1,13.62,397.9,29.9,606.0,0.0670,1.15,265.6,130.6,10.8
2025-04-25T07:29:00+00:00,1813.2,81.81,350.9,13.78,388.6,29.7,572.1,0.0606,1.15,265.6,130.6,13.5
2025-04-25T07:30:00+00:00,2021.2,79.45,359.9,13.75,380.0,26.3,611.5,0.0630,1.04,265.6,130.6,13.1
2025-04-25T07:31:00+00:00,2107.8,82.50,357.8,13.87,356.1,30.1,616.4,0.0639,1.01,265.6,130.6,12.4
2025-04-25T07:32:00+00:00,1984.7,83.64,342.2,14.02,383.4,32.3,569.4,0.0657,1.10,265.6,130.6,11.5
2025-04-25T07:33:00+00:00,1938.6,81.19,352.0,13.81,412.0,29.8,617.9,0.0656,1.15,265.6,130.6,12.9
2025-04-25T07:34:00+00:00,2150.6,82.38,348.5,13.50,381.4,28.5,606.4,0.0629,1.18,265.6,130.6,11.3
2025-04-25T07:35:00+00:00,1900.0,83.24,351.0,13.47,397.7,27.5,616.5,0.0629,1.20,265.6,130.6,13.9
2025-04-25T07:36:00+00:00,2039.8,79.03,352.6,13.72,388.9,31.6,574.1,0.0631,1.16,265.6,130.6,10.6
2025-04-25T07:37:00+00:00,1804.3,82.77,351.0,13.91,378.5,29.0,549.4,0.0632,1.13,265.6,130.6,12.0
2025-04-25T07:38:00+00:00,2003.4,82.80,354.6,13.88,372.2,28.4,586.4,0.0611,1.11,265.6,130.6,12.1
2025-04-25T07:39:00+00:00,2059.6,82.46,333.4,13.97,381.7,29.7,639.1,0.0607,1.03,265.6,130.6,13.6
2025-04-25T07:40:00+00:00,1981.8,80.91,351.7,13.66,368.2,27.6,587.9,0.0613,1.12,265.6,130.6,12.3
2025-04-25T07:41:00+00:00,2119.9,80.45,350.2,14.02,385.6,27.5,583.5,0.0617,1.09,265.6,130.6,12.5
2025-04-25T07:42:00+00:00,2004.7,83.13,350.0,13.84,379.4,26.6,621.6,0.0615,1.12,265.6,130.6,12.9
2025-04-25T07:43:00+00:00,1922.7,83.45,359.8,13.84,375.9,31.1,627.2,0.0612,1.13,265.6,130.6,11.9
2025-04-25T07:44:00+00:00,1856.8,82.46,358.3,13.76,373.5,29.5,523.3,0.0629,1.18,265.6,130.6,13.1
2025-04-25T07:45:00+00:00,1808.6,82.52,356.3,13.76,354.0,31.7,559.7,0.0612,1.19,265.6,130.6,13.0
2025-04-25T07:46:00+00:00,2033.8,83.06,353.1,13.79,403.4,28.1,626.5,0.0610,1.06,265.6,130.6,11.3
2025-04-25T07:47:00+00:00,2074.6,80.03,342.6,13.87,367.3,30.8,541.8,0.0618,1.11,265.6,130.6,13.0
2025-04-25T07:48:00+00:00,2076.2,80.14,355.4,13.84,372.2,32.0,642.7,0.0672,1.14,265.6,130.6,12.4
2025-04-25T07:49:00+00:00,1882.8,82.38,357.0,13.80,365.2,28.9,630.2,0.0700,1.16,265.6,130.6,13.0
2025-04-25T07:50:00+00:00,1834.2,82.57,351.0,13.86,373.2,28.9,566.4,0.0635,1.13,265.6,130.6,12.7
2025-04-25T07:51:00+00:00,2091.1,83.85,346.6,13.97,365.4,30.2,608.9,0.0646,1.19,265.6,130.6,13.0
2025-04-25T07:52:00+00:00,2039.9,80.66,355.6,13.66,375.2,30.0,609.7,0.0612,1.09,265.6,130.6,12.1
2025-04-25T07:53:00+00:00,815.1,80.21,357.2,13.95,335.3,29.0,502.3,0.0560,1.12,265.6,130.6,12.5
2025-04-25T07:54:00+00:00,1026.9,82.52,353.5,13.97,345.6,28.9,529.2,0.0569,1.12,265.6,130.6,13.6
2025-04-25T07:55:00+00:00,946.5,80.61,363.1,13.90,344.5,29.4,575.1,0.0558,1.05,265.6,130.6,12.4
2025-04-25T07:56:00+00:00,1183.2,78.92,364.0,13.55,363.1,30.8,575.2,0.0572,1.14,265.6,130.6,13.0
2025-04-25T07:57:00+00:00,1102.5,80.09,358.1,13.69,357.2,28.9,577.4,0.0573,1.13,265.6,130.6,13.1
2025-04-25T07:58:00+00:00,871.9,76.57,358.9,13.79,343.3,29.6,551.7,0.0616,1.17,265.6,130.6,13.0
2025-04-25T07:59:00+00:00,1114.4,79.01,372.4,13.75,353.6,28.6,563.4,0.0593,1.19,265.6,130.6,13.6
2025-04-25T08:00:00+00:00,1055.0,78.64,359.3,13.49,342.0,28.9,611.4,0.0565,1.13,265.6,130.6,14.0
2025-04-25T08:01:00+00:00,1004.0,77.55,357.0,13.63,342.9,29.7,589.0,0.0555,1.06,265.6,130.6,13.1
2025-04-25T14:00:00+00:00,917.2,77.39,362.3,14.02,348.5,27.8,635.5,0.0553,1.10,265.6,130.6,11.8
2025-04-25T14:01:00+00:00,1114.8,78.81,373.0,13.74,350.3,33.4,545.7,0.0621,1.19,265.6,130.6,11.9
2025-04-25T14:02:00+00:00,1097.8,77.84,354.3,13.67,344.4,26.6,614.9,0.0571,1.10,265.6,130.6,11.8
2025-04-25T14:03:00+00:00,1146.8,76.83,353.6,13.58,353.4,30.8,560.2,0.0572,1.16,265.6,130.6,12.8
2025-04-25T14:04:00+00:00,1001.7,77.86,360.1,13.86,360.7,27.6,548.3,0.0563,1.14,265.6,130.6,13.1
2025-04-25T14:05:00+00:00,1038.6,80.41,347.3,13.89,351.3,31.7,578.7,0.0561,1.10,265.6,130.6,11.7
2025-04-25T14:06:00+00:00,965.1,79.02,342.2,13.93,352.2,27.8,555.8,0.0578,1.10,265.6,130.6,13.5
2025-04-25T14:07:00+00:00,929.8,80.38,355.1,13.67,360.2,30.3,514.7,0.0648,1.15,265.6,130.6,12.0
2025-04-25T14:08:00+00:00,996.6,78.50,364.2,13.82,344.2,28.0,576.6,0.0581,1.19,265.6,130.6,13.1
2025-04-25T14:09:00+00:00,908.1,77.52,371.0,13.85,340.3,27.9,551.3,0.0558,1.15,265.6,130.6,11.1
2025-04-25T14:10:00+00:00,879.9,77.64,345.3,13.93,337.2,29.8,499.0,0.0576,1.07,265.6,130.6,12.5
2025-04-25T14:11:00+00:00,981.8,81.34,354.5,13.62,364.7,30.6,555.6,0.0569,1.22,265.6,130.6,10.6
2025-04-25T14:12:00+00:00,2172.9,80.80,340.9,13.65,387.8,31.8,603.2,0.0631,1.16,265.6,130.6,12.6
2025-04-25T14:13:00+00:00,1986.2,82.69,345.9,13.81,378.6,29.6,591.9,0.0660,1.13,265.6,130.6,12.9
2025-04-25T14:14:00+00:00,1940.6,80.44,348.9,13.93,346.1,29.6,583.8,0.0611,1.11,265.6,130.6,13.5
2025-04-25T14:15:00+00:00,1954.9,83.63,351.1,13.72,400.2,29.4,577.6,0.0625,1.26,265.6,130.6,11.8
2025-04-25T14:16:00+00:00,2055.0,85.54,350.1,13.58,392.3,28.0,626.4,0.0643,1.17,265.6,130.6,12.0
2025-04-25T14:17:00+00:00,2023.2,84.45,344.7,13.79,380.0,28.4,601.8,0.0617,1.13,265.6,130.6,13.3
2025-04-25T14:18:00+00:00,1903.0,84.31,349.6,13.69,369.6,28.5,594.7,0.0625,1.16,265.6,130.6,10.8
2025-04-25T14:19:00+00:00,2117.7,81.24,354.0,13.66,354.1,27.8,620.9,0.0620,1.11,265.6,130.6,11.2
2025-04-25T14:20:00+00:00,2033.8,82.77,348.7,13.57,371.3,32.2,615.7,0.0614,1.11,265.6,130.6,12.1
2025-04-25T14:21:00+00:00,1953.5,81.47,352.7,13.59,378.5,31.0,567.4,0.0613,1.10,265.6,130.6,13.0
2025-04-25T14:22:00+00:00,1902.3,82.29,344.3,13.78,378.3,29.2,648.2,0.0609,1.11,265.6,130.6,13.2
2025-04-25T14:23:00+00:00,2096.7,80.29,368.9,13.73,382.7,31.1,593.3,0.0657,1.07,265.6,130.6,13.5
2025-04-25T14:24:00+00:00,2099.8,80.08,353.0,13.73,377.8,27.9,619.9,0.0623,1.15,265.6,130.6,12.1
2025-04-25T14:25:00+00:00,1941.6,83.02,341.6,13.90,385.6,30.8,642.6,0.0615,1.16,265.6,130.6,12.5
2025-04-25T14:26:00+00:00,1999.9,81.01,364.1,13.77,389.4,31.7,572.1,0.0625,1.22,265.6,130.6,11.1
2025-04-25T14:27:00+00:00,2363.0,82.06,337.9,13.64,388.0,27.6,636.8,0.0694,1.19,265.6,130.6,11.4
2025-04-25T14:28:00+00:00,1919.3,80.89,350.2,13.72,385.8,29.4,599.3,0.0616,1.18,265.6,130.6,12.4
2025-04-25T14:29:00+00:00,1884.6,82.34,334.9,13.64,375.3,29.1,623.4,0.0611,1.15,265.6,130.6,11.9
2025-04-25T14:30:00+00:00,2009.1,82.21,349.9,13.63,389.0,31.5,560.1,0.0636,1.11,265.6,130.6,11.4
2025-04-25T14:31:00+00:00,1840.2,81.30,351.0,13.94,360.7,31.5,592.6,0.0695,1.12,265.6,130.6,14.0
2025-04-25T14:32:00+00:00,2154.2,84.41,345.6,13.78,376.1,29.1,613.9,0.0624,1.14,265.6,130.6,12.8
2025-04-25T14:33:00+00:00,1990.8,81.84,363.2,13.82,374.5,29.1,638.5,0.0620,1.17,265.6,130.6,13.7
2025-04-25T14:34:00+00:00,1961.4,81.59,349.9,13.97,378.2,27.3,604.7,0.0622,1.21,265.6,130.6,12.3
2025-04-25T14:35:00+00:00,1900.7,81.54,351.8,13.52,375.7,30.3,609.5,0.0668,1.23,265.6,130.6,12.8
2025-04-25T14:36:00+00:00,2144.1,80.78,350.2,14.00,386.9,30.4,653.8,0.0630,1.20,265.6,130.6,11.4
2025-04-25T14:37:00+00:00,2000.5,81.99,350.0,13.71,368.3,30.5,588.6,0.0608,1.07,265.6,130.6,11.2
2025-04-25T14:38:00+00:00,1988.5,81.98,343.2,13.82,379.5,29.6,520.1,0.0625,1.17,265.6,130.6,13.0
2025-04-25T14:39:00+00:00,2039.0,83.29,353.4,13.87,383.2,30.6,562.8,0.0618,1.13,265.6,130.6,11.9
2025-04-25T14:40:00+00:00,2040.6,82.54,353.8,13.83,387.9,27.5,632.2,0.0615,1.12,265.6,130.6,12.4
2025-04-25T14:41:00+00:00,2025.2,82.59,371.6,14.01,362.3,30.0,566.2,0.0674,1.14,265.6,130.6,11.4
2025-04-25T14:42:00+00:00,2015.5,82.98,351.6,14.07,400.7,29.0,679.2,0.0621,1.16,265.6,130.6,11.6
2025-04-25T14:43:00+00:00,1950.0,83.04,352.7,13.92,372.2,29.3,594.5,0.0612,1.14,265.6,130.6,12.2
2025-04-25T14:44:00+00:00,2082.6,83.00,345.1,13.64,377.1,29.0,626.0,0.0619,1.12,265.6,130.6,13.7
2025-04-25T14:45:00+00:00,1888.7,79.28,344.5,13.72,375.4,26.8,597.1,0.0606,1.08,265.6,130.6,12.5
2025-04-25T14:46:00+00:00,1901.3,81.83,337.2,13.99,367.5,26.9,593.1,0.0655,1.15,265.6,130.6,12.8
2025-04-25T14:47:00+00:00,2164.1,83.24,353.8,13.87,403.5,30.6,645.4,0.0624,1.12,265.6,130.6,11.5
2025-04-25T14:48:00+00:00,1757.7,80.74,348.3,13.53,391.8,29.8,605.4,0.0613,1.10,265.6,130.6,10.9
2025-04-25T14:49:00+00:00,2153.1,82.97,344.6,13.74,382.1,29.0,601.9,0.0635,1.07,265.6,130.6,13.4
2025-04-25T14:50:00+00:00,1937.8,83.83,349.3,13.93,385.4,30.2,642.6,0.0606,1.06,265.6,130.6,13.6
2025-04-25T14:51:00+00:00,1961.1,82.07,346.8,13.82,375.0,30.9,617.0,0.0609,1.05,265.6,130.6,13.8
2025-04-25T14:52:00+00:00,1843.8,80.59,369.6,13.57,382.0,31.1,561.1,0.0608,1.14,265.6,130.6,14.1
2025-04-25T14:53:00+00:00,2079.4,81.31,361.9,13.86,366.1,30.0,586.9,0.0660,1.12,265.6,130.6,13.7
2025-04-25T14:54:00+00:00,2030.0,84.20,353.6,13.92,398.7,29.1,617.5,0.0616,1.10,265.6,130.6,13.2
2025-04-25T14:55:00+00:00,2053.5,81.48,338.1,13.68,388.2,30.9,611.3,0.0629,1.23,265.6,130.6,13.0
2025-04-25T14:56:00+00:00,1966.5,81.61,351.5,13.79,393.5,27.0,552.8,0.0630,1.24,265.6,130.6,12.6
2025-04-25T14:57:00+00:00,1815.2,82.24,349.4,13.75,384.0,30.2,566.5,0.0671,1.11,265.6,130.6,11.5
2025-04-25T14:58:00+00:00,1886.2,82.75,358.6,13.95,369.0,28.3,623.1,0.0618,1.22,265.6,130.6,10.9
2025-04-25T14:59:00+00:00,1838.0,79.38,355.5,13.82,385.8,28.0,584.9,0.0606,1.11,265.6,130.6,14.2
2025-04-25T15:00:00+00:00,2572.8,82.91,342.0,13.91,385.2,27.5,673.2,0.0670,1.12,265.6,130.6,10.8
2025-04-25T15:01:00+00:00,1981.0,81.88,357.7,14.06,375.0,30.4,630.1,0.0668,1.17,265.6,130.6,12.6
2025-04-25T15:02:00+00:00,1798.1,80.67,353.1,13.92,371.1,30.2,637.3,0.0603,1.12,265.6,130.6,13.9
2025-04-25T15:03:00+00:00,2501.4,84.72,336.9,13.69,398.6,32.4,657.4,0.0651,1.09,265.6,130.6,10.8
2025-04-25T15:04:00+00:00,1948.2,82.08,354.4,13.79,357.3,31.1,541.9,0.0617,1.13,265.6,130.6,13.6
2025-04-25T15:05:00+00:00,2511.7,83.23,340.1,13.70,405.9,29.2,632.7,0.0653,1.23,265.6,130.6,11.6
2025-04-25T15:06:00+00:00,2481.1,82.97,353.1,13.80,365.7,29.0,644.9,0.0670,1.20,265.6,130.6,14.1
2025-04-25T15:07:00+00:00,2446.8,83.53,337.9,13.72,417.6,29.5,617.0,0.0694,1.23,265.6,130.6,13.3
2025-04-25T15:08:00+00:00,2223.3,83.04,350.7,13.55,386.2,27.1,593.3,0.0696,1.14,265.6,130.6,11.7
2025-04-25T15:09:00+00:00,2134.6,84.41,342.9,13.85,402.5,29.9,557.7,0.0628,1.20,265.6,130.6,13.0
2025-04-25T15:10:00+00:00,1985.8,82.23,340.0,13.91,373.4,30.0,598.5,0.0612,1.12,265.6,130.6,11.2
2025-04-25T15:11:00+00:00,1840.1,81.92,348.3,13.76,381.4,29.9,543.4,0.0612,1.18,265.6,130.6,12.9
2025-04-25T15:12:00+00:00,1827.6,77.82,363.9,13.78,370.7,28.0,555.3,0.0631,1.12,265.6,130.6,11.1
2025-04-25T15:13:00+00:00,2451.8,86.33,342.8,13.69,379.7,30.2,619.0,0.0645,1.12,265.6,130.6,13.8
2025-04-25T15:14:00+00:00,2350.4,84.20,366.3,13.83,408.3,29.2,605.9,0.0641,1.20,265.6,130.6,12.6
2025-04-25T15:15:00+00:00,2022.8,80.35,344.2,13.62,357.2,32.0,589.8,0.0618,1.17,265.6,130.6,11.7
2025-04-25T15:16:00+00:00,2468.5,81.47,348.8,13.68,380.3,28.3,584.4,0.0675,1.18,265.6,130.6,13.6
2025-04-25T15:17:00+00:00,1912.1,82.64,365.3,13.56,418.6,27.7,641.0,0.0618,1.20,265.6,130.6,13.0
2025-04-25T15:18:00+00:00,2169.5,83.99,344.0,13.60,404.5,29.2,562.2,0.0715,1.10,265.6,130.6,13.0
2025-04-25T15:19:00+00:00,2461.6,81.61,348.9,13.79,381.6,32.7,617.3,0.0643,1.18,265.6,130.6,12.9
2025-04-25T15:20:00+00:00,2197.0,84.67,350.2,13.72,383.6,29.9,588.5,0.0634,1.21,265.6,130.6,12.0
2025-04-25T15:21:00+00:00,2426.8,84.05,343.7,13.68,388.7,29.1,661.8,0.0662,1.14,265.6,130.6,12.0
2025-04-25T15:22:00+00:00,1850.9,80.29,352.4,13.59,413.3,29.5,574.8,0.0634,1.07,265.6,130.6,13.1
2025-04-25T15:23:00+00:00,2421.6,84.16,345.3,13.81,369.5,32.8,613.1,0.0716,1.13,265.6,130.6,13.2
2025-04-25T15:24:00+00:00,1922.9,83.47,349.3,13.85,385.9,28.1,591.3,0.0644,1.15,265.6,130.6,11.9
2025-04-25T15:25:00+00:00,2070.7,83.16,358.5,13.95,376.3,30.1,557.0,0.0619,1.13,265.6,130.6,11.5
2025-04-25T15:26:00+00:00,1927.3,79.79,357.0,13.58,376.4,28.1,597.5,0.0683,1.01,265.6,130.6,14.2
2025-04-25T15:27:00+00:00,2073.6,78.89,343.9,13.90,397.9,30.7,601.6,0.0638,1.12,265.6,130.6,12.3
2025-04-25T15:28:00+00:00,2109.8,84.80,346.2,13.73,376.8,27.9,647.6,0.0620,1.11,265.6,130.6,12.7
2025-04-25T15:29:00+00:00,1955.1,83.20,353.1,13.75,394.3,30.9,562.6,0.0674,1.22,265.6,130.6,11.9
2025-04-25T15:30:00+00:00,1743.2,81.88,346.1,13.70,351.2,30.5,572.3,0.0618,1.10,265.6,130.6,13.3
2025-04-25T15:31:00+00:00,2016.0,80.23,345.4,13.80,383.6,27.9,584.1,0.0618,1.15,265.6,130.6,11.3
2025-04-25T15:32:00+00:00,2173.7,83.82,356.2,13.73,387.3,32.3,614.4,0.0618,1.06,265.6,130.6,11.0
2025-04-25T15:33:00+00:00,2005.5,83.02,352.5,13.75,381.6,30.7,604.5,0.0633,1.15,265.6,130.6,13.3
2025-04-25T15:34:00+00:00,2091.3,81.84,348.4,13.86,371.4,29.9,522.9,0.0729,1.12,265.6,130.6,10.7
2025-04-25T15:35:00+00:00,2162.6,83.42,348.7,13.63,370.2,30.1,573.3,0.0621,1.10,265.6,130.6,13.5
2025-04-25T15:36:00+00:00,2079.0,81.98,337.7,13.84,393.2,30.0,622.9,0.0697,1.12,265.6,130.6,13.4
2025-04-25T15:37:00+00:00,2020.9,83.63,350.5,13.64,386.1,29.9,603.8,0.0622,1.19,265.6,130.6,14.7
2025-04-25T15:38:00+00:00,1984.4,84.58,356.8,13.92,396.8,31.8,551.2,0.0620,1.07,265.6,130.6,11.5
2025-04-25T15:39:00+00:00,1993.1,80.19,341.8,13.73,382.4,27.9,624.2,0.0659,1.10,265.6,130.6,11.9
2025-04-25T15:40:00+00:00,2013.8,80.46,347.5,14.05,370.7,29.4,618.9,0.0622,1.20,265.6,130.6,12.9
2025-04-25T15:41:00+00:00,2102.8,81.24,350.8,13.37,396.8,29.2,584.2,0.0653,1.14,265.6,130.6,12.0
2025-04-25T15:42:00+00:00,2030.5,79.90,338.6,13.75,378.2,27.9,593.9,0.0686,1.19,265.6,130.6,11.7
2025-04-25T15:43:00+00:00,2014.8,86.34,346.4,13.76,377.6,27.6,575.9,0.0606,1.03,265.6,130.6,9.4
2025-04-25T15:44:00+00:00,2167.3,82.50,344.2,13.72,404.6,30.6,606.9,0.0624,1.13,265.6,130.6,13.7
2025-04-25T15:45:00+00:00,2026.3,84.15,347.3,14.07,383.1,31.4,638.1,0.0613,1.10,265.6,130.6,12.5
2025-04-25T15:46:00+00:00,2015.3,80.91,338.9,13.94,402.1,31.3,607.0,0.0655,1.19,265.6,130.6,14.4
2025-04-25T15:47:00+00:00,2008.8,81.02,350.9,13.68,381.2,30.5,654.9,0.0611,1.10,265.6,130.6,12.6
2025-04-25T15:48:00+00:00,1987.9,82.80,340.4,13.85,386.9,31.9,591.8,0.0635,1.10,265.6,130.6,11.5
2025-04-25T15:49:00+00:00,2031.3,83.64,354.2,13.72,370.8,33.3,658.3,0.0618,1.15,265.6,130.6,12.8
2025-04-25T15:50:00+00:00,1931.5,83.73,335.2,13.90,363.3,29.4,640.8,0.0663,1.09,265.6,130.6,11.9
2025-04-25T15:51:00+00:00,2124.0,82.25,349.8,13.83,365.8,31.8,619.6,0.0652,1.30,265.6,130.6,11.1
2025-04-25T15:52:00+00:00,2253.4,82.84,355.5,13.88,400.0,31.2,552.5,0.0631,1.16,265.6,130.6,9.8
2025-04-25T15:53:00+00:00,1967.7,83.67,339.2,13.63,362.0,29.4,561.1,0.0622,1.21,265.6,130.6,11.8
2025-04-25T15:54:00+00:00,1982.9,81.09,355.3,13.67,405.8,29.2,630.7,0.0620,1.19,265.6,130.6,12.0
2025-04-25T15:55:00+00:00,1977.4,82.25,353.7,13.81,377.0,27.6,574.8,0.0714,1.22,265.6,130.6,13.0
2025-04-25T15:56:00+00:00,1909.5,80.97,360.5,13.51,380.9,29.0,574.0,0.0613,1.16,265.6,130.6,11.4
2025-04-25T15:57:00+00:00,1922.6,81.67,350.8,13.51,372.0,29.6,611.3,0.0617,1.19,265.6,130.6,10.0
2025-04-25T15:58:00+00:00,2069.6,81.58,363.3,13.74,381.0,28.0,597.6,0.0613,1.08,265.6,130.6,10.5
2025-04-25T15:59:00+00:00,2037.2,83.28,350.1,13.77,386.1,28.3,634.3,0.0624,1.19,265.6,130.6,11.5
2025-04-25T16:00:00+00:00,1975.6,82.22,330.9,13.78,385.6,28.4,596.9,0.0645,1.16,265.6,130.6,11.3
2025-04-25T16:01:00+00:00,2004.0,84.54,342.4,13.68,393.6,29.1,620.1,0.0619,1.18,265.6,130.6,13.1
2025-04-25T16:02:00+00:00,2127.8,81.73,355.9,13.79,395.0,28.0,625.1,0.0623,1.15,265.6,130.6,12.8
2025-04-25T16:03:00+00:00,2188.0,84.53,364.7,13.99,387.0,34.5,596.3,0.0626,1.13,265.6,130.6,11.9
2025-04-25T16:04:00+00:00,2114.7,85.30,358.2,13.80,396.9,30.0,604.6,0.0629,1.21,265.6,130.6,12.3
2025-04-25T16:05:00+00:00,1924.5,77.84,351.5,13.70,379.9,27.5,604.2,0.0610,1.13,265.6,130.6,11.9
2025-04-25T16:06:00+00:00,2022.0,82.06,347.1,13.66,372.7,27.4,611.8,0.0629,1.16,265.6,130.6,12.2
2025-04-25T16:07:00+00:00,2040.2,82.75,351.8,14.05,374.2,31.9,661.7,0.0618,1.13,265.6,130.6,12.7
2025-04-25T16:08:00+00:00,1839.4,80.93,342.3,13.87,349.8,30.8,581.4,0.0657,1.13,265.6,130.6,13.1
2025-04-25T16:09:00+00:00,1952.9,81.51,365.1,13.68,378.3,28.5,599.3,0.0611,1.12,265.6,130.6,13.1
2025-04-25T16:10:00+00:00,1919.4,80.97,331.6,13.76,362.5,29.2,574.5,0.0628,1.31,265.6,130.6,12.7
2025-04-25T16:11:00+00:00,2094.0,82.43,346.0,13.64,386.5,30.6,616.3,0.0619,1.11,265.6,130.6,11.8
2025-04-25T16:12:00+00:00,926.4,77.30,347.2,13.96,353.8,32.2,569.2,0.0559,1.13,265.6,130.6,12.2
2025-04-25T16:13:00+00:00,980.0,79.65,357.8,13.55,368.5,29.5,606.4,0.0607,1.20,265.6,130.6,12.8
2025-04-25T16:14:00+00:00,968.9,76.42,362.3,13.74,343.9,30.7,631.2,0.0571,1.24,265.6,130.6,13.4
2025-04-25T16:15:00+00:00,999.0,76.13,368.5,13.84,342.0,28.2,493.0,0.0562,1.13,265.6,130.6,10.5
2025-04-25T16:16:00+00:00,1084.5,78.68,362.8,13.83,338.2,30.7,584.0,0.0570,1.16,265.6,130.6,12.2
2025-04-25T16:17:00+00:00,1038.3,79.87,345.7,13.83,348.8,30.2,535.8,0.0568,1.19,265.6,130.6,12.0
2025-04-25T16:18:00+00:00,1033.5,78.09,354.3,13.79,352.8,30.4,583.4,0.0613,1.09,265.6,130.6,12.0
2025-04-25T16:19:00+00:00,965.0,76.49,361.3,14.04,347.9,30.6,580.5,0.0561,1.14,265.6,130.6,15.5
2025-04-25T16:20:00+00:00,1012.9,77.72,355.8,13.59,364.3,28.7,584.4,0.0555,1.06,265.6,130.6,13.2
2025-04-25T16:21:00+00:00,949.2,78.75,365.5,13.92,357.8,32.4,583.5,0.0564,1.20,265.6,130.6,14.8
2025-04-25T16:22:00+00:00,945.7,80.59,352.9,13.70,349.4,29.9,565.9,0.0564,1.18,265.6,130.6,12.0
2025-04-26T06:00:00+00:00,712.0,76.76,371.2,13.76,360.7,28.8,534.5,0.0549,1.14,337.9,247.9,11.7
2025-04-26T06:01:00+00:00,938.9,79.45,353.9,13.76,355.5,28.7,582.0,0.0553,1.07,337.9,247.9,14.6
2025-04-26T06:02:00+00:00,1067.0,80.05,355.0,13.87,336.8,29.5,585.5,0.0557,1.05,337.9,247.9,11.6
2025-04-26T06:03:00+00:00,1071.6,79.52,358.5,13.96,342.3,29.1,577.7,0.0559,1.06,337.9,247.9,11.2
2025-04-26T06:04:00+00:00,932.3,81.31,348.7,13.60,351.8,29.1,593.8,0.0564,1.00,337.9,247.9,12.0
2025-04-26T06:05:00+00:00,1122.9,81.05,355.0,13.78,379.8,31.1,548.5,0.0611,0.97,337.9,247.9,12.7
2025-04-26T06:06:00+00:00,1116.4,80.32,347.0,13.71,356.4,31.3,542.1,0.0569,1.15,337.9,247.9,14.5
2025-04-26T06:07:00+00:00,919.7,77.71,357.3,13.71,339.8,29.2,581.6,0.0589,1.11,337.9,247.9,12.4
2025-04-26T06:08:00+00:00,1064.8,77.81,343.8,13.47,359.2,30.2,560.5,0.0568,1.06,337.9,247.9,10.9
2025-04-26T06:09:00+00:00,892.7,79.87,353.5,14.02,359.5,29.2,594.4,0.0562,1.10,337.9,247.9,14.1
2025-04-26T06:10:00+00:00,1024.3,80.60,345.6,13.49,355.3,29.2,530.0,0.0553,1.03,337.9,247.9,13.6
2025-04-26T06:11:00+00:00,928.6,76.90,356.6,13.91,333.4,29.1,535.7,0.0563,1.10,337.9,247.9,12.5
2025-04-26T06:12:00+00:00,1124.0,78.04,357.7,13.74,356.3,28.7,597.1,0.0561,1.06,337.9,247.9,12.7
2025-04-26T06:13:00+00:00,2072.1,79.72,349.2,13.98,395.3,28.3,606.2,0.0710,1.01,337.9,247.9,13.3
2025-04-26T06:14:00+00:00,1821.3,80.79,348.4,13.75,392.6,29.0,577.4,0.0619,1.10,337.9,247.9,12.7
2025-04-26T06:15:00+00:00,2046.2,83.30,373.8,13.75,386.6,30.4,599.9,0.0666,1.02,337.9,247.9,12.2
2025-04-26T06:16:00+00:00,2075.5,81.66,355.4,13.84,386.5,28.7,609.2,0.0614,1.06,337.9,247.9,12.6
2025-04-26T06:17:00+00:00,1975.0,84.23,357.0,13.91,376.0,30.7,593.2,0.0614,1.13,337.9,247.9,11.0
2025-04-26T06:18:00+00:00,2000.7,82.05,352.7,13.92,370.8,29.5,599.0,0.0619,1.18,337.9,247.9,10.6
2025-04-26T06:19:00+00:00,2115.7,82.38,337.8,13.63,366.1,27.6,621.1,0.0663,1.06,337.9,247.9,13.4
2025-04-26T06:20:00+00:00,1896.8,82.16,354.2,13.65,385.2,29.6,630.6,0.0594,0.96,337.9,247.9,13.1
2025-04-26T06:21:00+00:00,1939.7,83.12,338.0,13.69,369.5,29.2,573.1,0.0605,1.06,337.9,247.9,12.6
2025-04-26T06:22:00+00:00,1903.0,84.34,349.8,13.81,374.9,31.1,605.3,0.0601,1.04,337.9,247.9,12.6
2025-04-26T06:23:00+00:00,2085.3,79.70,356.9,13.70,383.0,27.4,654.1,0.0611,1.06,337.9,247.9,13.4
2025-04-26T06:24:00+00:00,2008.7,83.91,363.1,13.79,381.8,30.4,612.5,0.0635,0.99,337.9,247.9,13.1
2025-04-26T06:25:00+00:00,2093.9,84.51,342.4,13.94,372.7,31.1,616.8,0.0617,1.09,337.9,247.9,13.5
2025-04-26T06:26:00+00:00,1804.8,81.96,344.6,13.68,405.8,30.0,630.3,0.0675,1.00,337.9,247.9,13.9
2025-04-26T06:27:00+00:00,2104.8,82.90,360.1,13.97,397.4,30.3,613.8,0.0666,1.09,337.9,247.9,13.0
2025-04-26T06:28:00+00:00,2105.2,84.91,340.9,13.78,383.5,27.5,634.3,0.0613,1.06,337.9,247.9,12.3
2025-04-26T06:29:00+00:00,1923.6,81.26,359.4,13.85,391.1,29.5,545.2,0.0603,1.01,337.9,247.9,13.3
2025-04-26T06:30:00+00:00,1975.7,81.90,349.9,13.77,370.7,31.1,645.9,0.0640,1.00,337.9,247.9,13.6
2025-04-26T06:31:00+00:00,2046.7,83.47,350.5,13.73,386.6,31.0,634.0,0.0610,1.05,337.9,247.9,13.6
2025-04-26T06:32:00+00:00,2067.2,82.67,349.7,13.68,384.7,27.8,571.2,0.0613,1.08,337.9,247.9,14.0
2025-04-26T06:33:00+00:00,2042.1,80.25,349.9,13.79,387.5,31.4,639.9,0.0631,1.02,337.9,247.9,13.1
2025-04-26T06:34:00+00:00,2117.6,81.62,349.5,13.83,397.3,29.9,580.6,0.0613,1.03,337.9,247.9,13.4
2025-04-26T06:35:00+00:00,2014.6,81.70,345.3,14.00,369.8,31.0,612.7,0.0614,1.09,337.9,247.9,13.8
2025-04-26T06:36:00+00:00,1875.9,78.54,368.6,13.77,389.0,31.6,575.9,0.0613,1.18,337.9,247.9,13.5
2025-04-26T06:37:00+00:00,2059.4,82.79,342.8,13.91,367.1,30.8,617.9,0.0619,1.05,337.9,247.9,14.4
2025-04-26T06:38:00+00:00,2036.6,81.51,357.0,13.90,391.4,26.7,581.3,0.0647,0.99,337.9,247.9,12.9
2025-04-26T06:39:00+00:00,2209.8,80.04,349.4,13.80,396.4,29.6,630.8,0.0615,1.01,337.9,247.9,13.6
2025-04-26T06:40:00+00:00,1848.9,83.75,337.8,13.54,364.7,27.0,602.0,0.0600,1.06,337.9,247.9,13.5
2025-04-26T06:41:00+00:00,1871.9,82.76,355.8,14.08,355.4,30.3,558.3,0.0595,0.99,337.9,247.9,14.0
2025-04-26T06:42:00+00:00,2176.3,81.64,338.8,13.73,366.4,28.2,625.5,0.0614,1.03,337.9,247.9,12.7
2025-04-26T06:43:00+00:00,2019.4,81.80,341.1,13.60,389.5,27.7,588.1,0.0639,1.09,337.9,247.9,13.0
2025-04-26T06:44:00+00:00,2015.5,81.68,348.2,13.78,384.3,30.5,635.9,0.0634,1.00,337.9,247.9,15.6
2025-04-26T06:45:00+00:00,2135.3,82.23,363.2,13.70,395.7,29.4,636.8,0.0660,1.06,337.9,247.9,10.3
2025-04-26T06:46:00+00:00,2039.6,81.39,345.9,13.64,384.5,32.6,548.8,0.0642,1.14,337.9,247.9,12.4
2025-04-26T06:47:00+00:00,2030.2,84.01,345.8,13.80,398.8,29.4,564.0,0.0633,1.13,337.9,247.9,13.2
2025-04-26T06:48:00+00:00,1881.6,79.48,353.2,13.63,408.6,28.0,618.1,0.0604,1.07,337.9,247.9,14.8
2025-04-26T06:49:00+00:00,2107.1,83.80,349.3,13.69,408.8,31.1,629.8,0.0624,1.14,337.9,247.9,12.6
2025-04-26T06:50:00+00:00,2208.2,81.17,348.7,13.77,402.6,30.0,629.9,0.0620,1.06,337.9,247.9,12.7
2025-04-26T06:51:00+00:00,2211.8,82.77,359.8,13.91,402.8,28.8,574.3,0.0692,1.06,337.9,247.9,12.7
2025-04-26T06:52:00+00:00,2173.4,80.15,359.6,13.94,408.7,25.7,631.7,0.0644,1.04,337.9,247.9,13.4
2025-04-26T06:53:00+00:00,1994.9,83.04,338.1,13.73,373.1,25.7,607.9,0.0605,1.03,337.9,247.9,12.5
2025-04-26T06:54:00+00:00,2020.4,84.04,350.3,13.75,391.9,32.7,570.6,0.0618,1.13,337.9,247.9,12.2
2025-04-26T06:55:00+00:00,2002.6,81.49,361.3,13.73,391.5,32.1,575.7,0.0608,1.06,337.9,247.9,12.1
2025-04-26T06:56:00+00:00,1873.1,81.36,347.8,13.87,374.9,30.9,589.9,0.0608,1.12,337.9,247.9,12.1
2025-04-26T06:57:00+00:00,1992.9,82.60,347.7,13.96,366.4,29.8,597.9,0.0696,1.06,337.9,247.9,12.9
2025-04-26T06:58:00+00:00,1998.2,84.80,332.2,13.84,381.9,29.4,560.4,0.0634,1.12,337.9,247.9,13.2
2025-04-26T06:59:00+00:00,2005.7,82.38,360.6,13.93,389.9,28.7,650.2,0.0755,0.98,337.9,247.9,12.8
2025-04-26T07:00:00+00:00,2112.4,81.25,356.3,14.04,398.8,30.9,620.3,0.0614,1.07,337.9,247.9,13.8
2025-04-26T07:01:00+00:00,2070.8,81.09,335.0,13.82,379.8,26.4,628.1,0.0690,1.04,337.9,247.9,13.1
2025-04-26T07:02:00+00:00,1816.1,80.62,366.0,13.96,372.2,28.0,605.6,0.0595,1.02,337.9,247.9,11.3
2025-04-26T07:03:00+00:00,2150.3,80.49,362.5,13.81,391.4,31.0,623.1,0.0638,1.02,337.9,247.9,12.1
2025-04-26T07:04:00+00:00,1916.2,81.19,346.3,13.82,368.9,29.8,622.8,0.0664,1.09,337.9,247.9,14.1
2025-04-26T07:05:00+00:00,2497.0,84.80,352.2,13.69,402.5,29.7,633.3,0.0630,1.02,337.9,247.9,11.8
2025-04-26T07:06:00+00:00,1924.8,81.57,340.5,13.55,358.1,29.3,601.5,0.0686,1.10,337.9,247.9,12.7
2025-04-26T07:07:00+00:00,2079.7,84.06,345.5,13.83,364.6,29.8,624.5,0.0617,1.09,337.9,247.9,12.0
2025-04-26T07:08:00+00:00,2024.0,82.88,342.6,13.88,393.1,28.7,537.4,0.0667,1.00,337.9,247.9,11.1
2025-04-26T07:09:00+00:00,2529.6,81.22,341.4,13.97,395.0,30.8,642.3,0.0637,1.07,337.9,247.9,11.4
2025-04-26T07:10:00+00:00,1927.0,79.95,361.8,13.81,382.8,28.0,592.4,0.0608,1.09,337.9,247.9,12.3
2025-04-26T07:11:00+00:00,2481.5,83.51,343.8,13.82,388.7,30.2,646.5,0.0687,1.11,337.9,247.9,11.9
2025-04-26T07:12:00+00:00,1924.8,82.74,352.7,13.98,382.9,27.5,594.5,0.0668,1.10,337.9,247.9,13.1
2025-04-26T07:13:00+00:00,2580.2,84.19,352.3,13.62,413.3,28.6,630.7,0.0638,1.05,337.9,247.9,14.5
2025-04-26T07:14:00+00:00,1914.3,81.20,347.3,13.82,350.2,28.1,596.8,0.0690,1.11,337.9,247.9,13.5
2025-04-26T07:15:00+00:00,2124.5,84.32,347.3,13.86,394.7,31.3,605.4,0.0680,1.07,337.9,247.9,12.4
2025-04-26T07:16:00+00:00,1980.8,84.49,343.9,13.87,391.7,29.9,573.9,0.0660,1.13,337.9,247.9,15.0
2025-04-26T07:17:00+00:00,2170.0,80.74,340.0,13.80,379.6,30.5,657.8,0.0615,1.04,337.9,247.9,9.9
2025-04-26T07:18:00+00:00,2056.0,83.48,351.6,13.82,408.1,30.8,623.2,0.0675,1.08,337.9,247.9,12.2
2025-04-26T07:19:00+00:00,2489.3,84.74,338.9,13.66,409.0,28.4,584.1,0.0660,1.00,337.9,247.9,14.2
2025-04-26T07:20:00+00:00,2011.6,82.23,348.3,13.95,390.2,32.5,620.9,0.0607,1.04,337.9,247.9,12.4
2025-04-26T07:21:00+00:00,1872.7,84.57,358.4,14.15,372.5,27.6,584.2,0.0613,1.16,337.9,247.9,13.6
2025-04-26T07:22:00+00:00,2048.9,82.28,355.7,13.67,415.7,30.7,609.7,0.0614,1.10,337.9,247.9,12.9
2025-04-26T07:23:00+00:00,2076.1,82.84,351.9,13.77,395.7,30.7,602.3,0.0670,1.01,337.9,247.9,12.8
2025-04-26T07:24:00+00:00,2514.7,83.87,346.8,13.89,420.1,31.2,644.6,0.0724,1.03,337.9,247.9,13.0
2025-04-26T07:25:00+00:00,2425.1,85.61,332.7,13.86,411.3,31.8,650.6,0.0666,1.06,337.9,247.9,12.8
2025-04-26T07:26:00+00:00,2015.7,80.30,359.8,13.91,373.9,27.4,585.4,0.0655,1.02,337.9,247.9,12.2
2025-04-26T07:27:00+00:00,2113.4,83.17,349.3,13.81,400.5,27.7,663.7,0.0606,0.98,337.9,247.9,13.9
2025-04-26T07:28:00+00:00,1771.9,80.66,341.9,13.77,395.5,31.2,575.4,0.0664,1.09,337.9,247.9,12.7
2025-04-26T07:29:00+00:00,2036.6,80.81,348.9,13.65,389.3,30.0,557.5,0.0711,1.12,337.9,247.9,12.6
2025-04-26T07:30:00+00:00,2097.7,81.53,335.5,13.53,389.2,32.9,592.3,0.0618,1.04,337.9,247.9,11.4
2025-04-26T07:31:00+00:00,2074.5,80.35,349.8,13.59,382.9,28.4,636.5,0.0609,1.04,337.9,247.9,12.6
2025-04-26T07:32:00+00:00,1903.4,83.07,356.2,13.70,389.0,31.5,529.8,0.0605,1.08,337.9,247.9,14.7
2025-04-26T07:33:00+00:00,1844.2,80.83,348.7,14.01,357.0,27.5,594.1,0.0598,1.04,337.9,247.9,11.3
2025-04-26T07:34:00+00:00,2242.4,81.21,348.1,13.97,408.3,30.2,604.6,0.0619,1.04,337.9,247.9,13.5
2025-04-26T07:35:00+00:00,2470.4,85.92,339.2,14.06,384.3,27.7,583.8,0.0621,0.94,337.9,247.9,12.3
2025-04-26T07:36:00+00:00,2524.5,83.83,339.2,13.89,379.3,28.3,627.2,0.0723,1.08,337.9,247.9,13.9
2025-04-26T07:37:00+00:00,2381.9,81.79,348.4,13.72,377.4,26.3,622.2,0.0634,1.02,337.9,247.9,13.8
2025-04-26T07:38:00+00:00,2022.8,82.52,355.6,13.81,368.9,29.3,571.7,0.0606,1.02,337.9,247.9,11.7
2025-04-26T07:39:00+00:00,2255.9,80.73,339.9,13.91,391.6,29.7,603.2,0.0620,1.05,337.9,247.9,14.5
2025-04-26T07:40:00+00:00,2008.8,80.77,349.3,14.00,380.7,27.6,568.6,0.0618,1.15,337.9,247.9,13.8
2025-04-26T07:41:00+00:00,1881.9,82.70,359.5,14.06,379.1,28.9,599.3,0.0621,1.04,337.9,247.9,13.1
2025-04-26T07:42:00+00:00,2209.6,85.19,336.4,13.75,399.4,30.2,621.8,0.0615,1.02,337.9,247.9,13.2
2025-04-26T07:43:00+00:00,1939.7,83.82,348.0,13.61,376.8,29.2,584.8,0.0596,0.97,337.9,247.9,13.6
2025-04-26T07:44:00+00:00,2095.7,80.08,358.5,13.57,383.9,30.8,603.0,0.0608,1.00,337.9,247.9,12.7
2025-04-26T07:45:00+00:00,1915.5,82.76,355.2,13.75,379.5,29.1,539.4,0.0599,1.00,337.9,247.9,11.2
2025-04-26T07:46:00+00:00,2082.7,82.61,348.6,14.15,382.7,29.1,589.4,0.0616,1.07,337.9,247.9,12.0
2025-04-26T07:47:00+00:00,2164.4,83.29,354.7,14.13,391.7,29.2,594.8,0.0611,1.01,337.9,247.9,13.1
2025-04-26T07:48:00+00:00,1959.9,80.46,359.7,13.60,372.8,28.7,588.1,0.0613,1.11,337.9,247.9,13.8
2025-04-26T07:49:00+00:00,2026.0,79.99,353.2,13.94,381.6,30.4,577.5,0.0607,1.03,337.9,247.9,14.3
2025-04-26T07:50:00+00:00,2021.1,81.72,352.2,13.97,405.7,28.7,615.7,0.0601,0.98,337.9,247.9,15.0
2025-04-26T07:51:00+00:00,2140.6,84.71,342.3,13.79,391.2,30.9,558.5,0.0611,1.02,337.9,247.9,12.9
2025-04-26T07:52:00+00:00,2116.0,82.42,332.2,13.78,385.5,30.5,629.1,0.0619,1.09,337.9,247.9,14.5
2025-04-26T07:53:00+00:00,2094.0,81.23,346.4,13.62,368.1,27.3,597.4,0.0607,0.99,337.9,247.9,13.3
2025-04-26T07:54:00+00:00,1858.0,79.26,342.7,13.94,360.2,29.8,552.8,0.0623,1.01,337.9,247.9,12.6
2025-04-26T07:55:00+00:00,2000.2,81.30,358.1,13.74,381.6,29.4,595.9,0.0615,1.12,337.9,247.9,14.7
2025-04-26T07:56:00+00:00,2137.1,83.19,357.6,13.78,378.0,30.0,639.9,0.0615,1.06,337.9,247.9,14.2
2025-04-26T07:57:00+00:00,1775.6,79.85,361.8,13.88,358.0,31.0,587.6,0.0619,1.02,337.9,247.9,12.4
2025-04-26T07:58:00+00:00,2110.1,82.38,349.3,13.64,389.2,31.3,664.6,0.0664,1.10,337.9,247.9,14.8
2025-04-26T07:59:00+00:00,2055.4,80.25,344.2,13.99,379.6,30.4,608.8,0.0607,1.02,337.9,247.9,13.4
2025-04-26T08:00:00+00:00,2218.5,81.75,342.4,13.80,389.7,27.3,589.1,0.0613,0.99,337.9,247.9,12.2
2025-04-26T08:01:00+00:00,2132.5,82.14,351.1,13.86,400.3,29.8,557.0,0.0665,1.10,337.9,247.9,13.9
2025-04-26T08:02:00+00:00,2144.6,81.44,341.9,13.76,372.5,29.2,534.5,0.0715,1.02,337.9,247.9,11.4
2025-04-26T08:03:00+00:00,2013.6,82.38,344.2,14.00,360.4,32.4,610.4,0.0604,1.01,337.9,247.9,12.5
2025-04-26T08:04:00+00:00,1955.7,79.11,345.3,13.71,383.2,32.4,604.5,0.0606,1.07,337.9,247.9,13.6
2025-04-26T08:05:00+00:00,2006.7,78.81,354.1,13.67,398.3,28.8,649.6,0.0602,1.00,337.9,247.9,13.8
2025-04-26T08:06:00+00:00,2126.4,83.25,336.0,13.77,382.7,27.1,613.3,0.0664,1.09,337.9,247.9,14.2
2025-04-26T08:07:00+00:00,2045.6,82.93,350.7,13.95,375.8,27.7,600.4,0.0616,1.10,337.9,247.9,11.8
2025-04-26T08:08:00+00:00,2114.5,80.96,359.7,13.86,389.3,28.0,636.4,0.0717,1.07,337.9,247.9,11.8
2025-04-26T08:09:00+00:00,1953.8,81.62,350.4,14.11,384.2,27.3,604.6,0.0602,1.02,337.9,247.9,14.2
2025-04-26T08:10:00+00:00,2292.5,85.82,349.5,13.69,383.0,30.3,614.5,0.0628,1.10,337.9,247.9,12.5
2025-04-26T08:11:00+00:00,2225.9,82.06,352.8,13.83,389.3,30.8,642.0,0.0614,1.01,337.9,247.9,13.1
2025-04-26T08:12:00+00:00,1999.9,83.09,356.9,13.93,385.4,28.9,647.3,0.0685,1.09,337.9,247.9,13.1
2025-04-26T08:13:00+00:00,2105.8,83.24,350.4,13.94,381.0,28.1,619.9,0.0676,1.06,337.9,247.9,12.0
2025-04-26T08:14:00+00:00,2095.6,80.87,353.6,14.18,385.5,31.2,635.5,0.0616,1.09,337.9,247.9,12.1
2025-04-26T08:15:00+00:00,1767.1,82.35,355.7,13.91,373.6,30.7,573.9,0.0624,1.13,337.9,247.9,11.2
2025-04-26T08:16:00+00:00,2132.5,82.38,329.1,13.47,398.3,30.1,636.1,0.0695,1.03,337.9,247.9,12.2
2025-04-26T08:17:00+00:00,2031.5,81.30,339.7,14.05,395.1,29.9,586.1,0.0609,1.03,337.9,247.9,10.2
2025-04-26T08:18:00+00:00,1912.9,81.08,347.8,13.64,349.8,28.7,585.3,0.0606,1.08,337.9,247.9,13.4
2025-04-26T08:19:00+00:00,2136.4,84.06,345.9,14.07,381.8,34.8,531.1,0.0608,1.00,337.9,247.9,13.1
2025-04-26T08:20:00+00:00,2087.9,81.52,347.3,13.61,385.9,33.4,661.1,0.0608,1.01,337.9,247.9,11.8
2025-04-26T08:21:00+00:00,2122.3,81.18,337.1,13.72,390.9,29.9,646.1,0.0680,1.04,337.9,247.9,11.7
2025-04-26T08:22:00+00:00,2161.9,81.71,346.3,13.74,369.7,31.3,598.8,0.0670,0.99,337.9,247.9,12.5
2025-04-26T08:23:00+00:00,1993.3,80.68,349.5,13.85,378.6,29.8,610.1,0.0615,1.11,337.9,247.9,13.5
2025-04-26T08:24:00+00:00,2034.5,82.38,341.5,13.54,381.5,29.6,609.1,0.0680,1.06,337.9,247.9,11.2
2025-04-26T08:25:00+00:00,1885.0,80.47,346.1,14.06,367.8,33.4,585.1,0.0625,1.14,337.9,247.9,12.6
2025-04-26T08:26:00+00:00,1972.6,80.24,350.2,14.11,371.0,28.2,607.3,0.0609,0.98,337.9,247.9,14.0
2025-04-26T08:27:00+00:00,1864.7,80.62,362.8,14.01,382.2,29.8,612.7,0.0599,1.04,337.9,247.9,12.9
2025-04-26T08:28:00+00:00,1957.6,84.16,344.6,13.88,381.7,31.7,601.5,0.0655,1.13,337.9,247.9,12.9
2025-04-26T08:29:00+00:00,1893.1,83.10,347.0,13.89,390.7,30.8,600.2,0.0600,1.03,337.9,247.9,13.5
2025-04-26T08:30:00+00:00,1066.2,81.48,369.4,13.62,352.5,29.7,591.1,0.0559,1.08,337.9,247.9,13.0
2025-04-26T08:31:00+00:00,874.3,78.21,359.5,13.74,372.7,30.1,637.6,0.0552,1.09,337.9,247.9,12.3
2025-04-26T08:32:00+00:00,955.0,77.14,359.3,13.83,332.1,29.2,503.5,0.0631,1.00,337.9,247.9,13.6
2025-04-26T08:33:00+00:00,971.8,77.25,361.7,13.37,348.5,31.3,555.6,0.0620,0.95,337.9,247.9,12.0
2025-04-26T08:34:00+00:00,1169.8,78.94,360.1,14.07,340.9,30.3,570.8,0.0560,1.03,337.9,247.9,12.6
2025-04-26T08:35:00+00:00,755.9,76.80,359.3,13.82,339.0,29.9,542.8,0.0542,1.05,337.9,247.9,13.8
2025-04-26T08:36:00+00:00,1048.0,78.98,355.8,13.80,325.2,28.4,486.7,0.0556,1.05,337.9,247.9,13.7
2025-04-26T08:37:00+00:00,908.0,76.70,365.2,13.80,358.9,29.4,601.9,0.0568,1.07,337.9,247.9,15.3
2025-04-26T08:38:00+00:00,917.2,78.47,363.2,13.95,332.9,28.7,538.9,0.0601,0.95,337.9,247.9,13.1
2025-04-26T08:39:00+00:00,837.0,78.85,345.7,13.69,326.5,28.6,575.9,0.0588,1.08,337.9,247.9,13.9
2025-04-26T08:40:00+00:00,893.8,76.44,350.9,14.03,341.9,29.7,503.9,0.0609,1.10,337.9,247.9,13.3
2025-04-26T08:41:00+00:00,849.6,79.77,362.6,13.60,357.1,30.0,593.3,0.0545,1.04,337.9,247.9,12.0
2025-04-26T14:00:00+00:00,1042.2,78.04,364.6,13.95,352.2,31.7,550.6,0.0603,0.94,337.9,247.9,13.7
2025-04-26T14:01:00+00:00,877.8,76.98,360.1,13.82,359.9,28.0,617.7,0.0616,0.99,337.9,247.9,12.4
2025-04-26T14:02:00+00:00,914.8,81.23,363.3,13.83,337.6,29.6,564.6,0.0630,1.01,337.9,247.9,12.1
2025-04-26T14:03:00+00:00,1015.1,78.37,354.7,13.94,349.7,29.7,529.9,0.0553,1.04,337.9,247.9,12.1
2025-04-26T14:04:00+00:00,1018.7,79.28,352.0,13.64,371.8,29.4,529.8,0.0549,1.00,337.9,247.9,12.3
2025-04-26T14:05:00+00:00,949.8,76.60,362.7,13.59,336.0,28.4,611.9,0.0562,1.03,337.9,247.9,12.1
2025-04-26T14:06:00+00:00,989.1,81.30,364.2,13.71,351.1,31.0,600.3,0.0557,1.06,337.9,247.9,12.3
2025-04-26T14:07:00+00:00,1000.9,80.26,354.1,13.54,333.9,28.7,604.0,0.0563,1.15,337.9,247.9,12.8
2025-04-26T14:08:00+00:00,1037.1,77.39,351.0,13.74,351.6,29.7,560.4,0.0574,1.01,337.9,247.9,13.7
2025-04-26T14:09:00+00:00,1003.2,77.30,353.6,13.64,341.1,28.1,561.5,0.0557,1.09,337.9,247.9,11.5
2025-04-26T14:10:00+00:00,737.2,77.92,348.9,13.66,335.4,28.7,554.9,0.0548,0.99,337.9,247.9,11.2
2025-04-26T14:11:00+00:00,1087.0,81.25,357.2,13.51,344.3,29.7,569.5,0.0603,1.17,337.9,247.9,13.9
2025-04-26T14:12:00+00:00,2066.0,84.96,349.7,13.81,376.8,29.8,605.0,0.0596,0.91,337.9,247.9,12.8
2025-04-26T14:13:00+00:00,1993.0,82.65,349.8,13.75,397.7,28.8,580.0,0.0637,0.95,337.9,247.9,13.7
2025-04-26T14:14:00+00:00,1995.6,82.35,345.2,13.65,378.6,30.3,661.0,0.0598,0.96,337.9,247.9,11.9
2025-04-26T14:15:00+00:00,1932.3,82.68,342.3,14.16,391.8,30.8,636.8,0.0601,1.04,337.9,247.9,13.5
2025-04-26T14:16:00+00:00,2053.7,82.26,343.0,13.60,389.7,29.6,591.6,0.0705,0.98,337.9,247.9,12.8
2025-04-26T14:17:00+00:00,2054.0,83.36,352.9,14.07,377.5,30.0,599.5,0.0653,1.06,337.9,247.9,12.7
2025-04-26T14:18:00+00:00,1707.5,80.25,346.4,13.69,373.8,28.5,592.4,0.0636,1.13,337.9,247.9,13.6
2025-04-26T14:19:00+00:00,1969.9,83.94,344.1,13.65,375.8,30.3,562.2,0.0605,1.05,337.9,247.9,9.9
2025-04-26T14:20:00+00:00,2030.7,81.56,357.6,13.63,370.4,29.6,593.9,0.0614,1.11,337.9,247.9,12.1
2025-04-26T14:21:00+00:00,2048.7,82.91,333.4,13.78,373.4,28.7,615.7,0.0714,1.12,337.9,247.9,13.3
2025-04-26T14:22:00+00:00,2074.6,83.08,329.8,13.64,391.7,32.9,566.4,0.0619,1.13,337.9,247.9,11.7
2025-04-26T14:23:00+00:00,1934.1,82.72,351.8,13.78,371.0,27.2,578.8,0.0616,1.05,337.9,247.9,13.8
2025-04-26T14:24:00+00:00,1939.8,80.98,350.2,13.69,391.8,30.4,576.1,0.0597,0.99,337.9,247.9,12.3
2025-04-26T14:25:00+00:00,1822.2,80.32,344.1,13.83,361.8,26.0,559.0,0.0603,1.10,337.9,247.9,13.8
2025-04-26T14:26:00+00:00,2012.3,81.46,347.8,13.83,396.3,27.4,579.6,0.0615,1.07,337.9,247.9,12.5
2025-04-26T14:27:00+00:00,2001.7,80.04,338.2,13.88,354.0,30.4,650.4,0.0639,1.02,337.9,247.9,10.2
2025-04-26T14:28:00+00:00,2007.4,83.39,350.4,13.93,367.6,30.0,617.1,0.0686,1.07,337.9,247.9,13.1
2025-04-26T14:29:00+00:00,2277.7,81.39,344.6,13.74,383.5,31.6,576.9,0.0621,1.03,337.9,247.9,11.8
2025-04-26T14:30:00+00:00,2117.3,81.49,354.4,14.02,379.3,31.5,600.8,0.0615,1.07,337.9,247.9,14.7
2025-04-26T14:31:00+00:00,1885.5,81.96,351.9,13.63,382.1,30.2,597.0,0.0598,1.01,337.9,247.9,12.4
2025-04-26T14:32:00+00:00,2020.6,80.64,364.3,13.81,399.6,28.3,568.6,0.0641,0.97,337.9,247.9,13.9
2025-04-26T14:33:00+00:00,1975.6,83.73,358.0,13.83,395.3,28.7,568.3,0.0637,1.01,337.9,247.9,13.2
2025-04-26T14:34:00+00:00,1916.2,78.74,352.7,13.78,383.6,28.7,653.0,0.0611,1.13,337.9,247.9,12.0
2025-04-26T14:35:00+00:00,2059.0,81.67,367.0,13.86,394.6,27.7,567.9,0.0614,1.01,337.9,247.9,13.0
2025-04-26T14:36:00+00:00,1953.0,80.30,344.7,13.87,382.5,29.9,590.8,0.0623,1.06,337.9,247.9,12.9
2025-04-26T14:37:00+00:00,2057.5,81.07,331.8,13.83,392.0,29.0,633.0,0.0610,1.05,337.9,247.9,15.0
2025-04-26T14:38:00+00:00,1851.1,81.00,335.3,13.71,364.6,28.8,540.3,0.0601,0.98,337.9,247.9,12.2
2025-04-26T14:39:00+00:00,2156.8,83.53,366.1,13.72,357.8,27.9,550.2,0.0620,0.99,337.9,247.9,13.6
2025-04-26T14:40:00+00:00,2016.8,81.96,343.6,13.78,385.1,29.4,580.3,0.0620,1.11,337.9,247.9,12.4
2025-04-26T14:41:00+00:00,1980.2,83.05,345.9,13.76,417.3,28.2,626.5,0.0624,1.00,337.9,247.9,13.9
2025-04-26T14:42:00+00:00,1926.9,81.92,341.7,13.92,387.5,31.9,628.2,0.0601,1.04,337.9,247.9,12.2
2025-04-26T14:43:00+00:00,1922.2,80.07,355.1,13.92,398.6,29.8,606.9,0.0601,1.04,337.9,247.9,11.0
2025-04-26T14:44:00+00:00,2143.0,83.65,355.3,13.88,397.9,31.1,656.9,0.0666,1.09,337.9,247.9,12.9
2025-04-26T14:45:00+00:00,1914.9,82.60,351.7,13.78,393.0,28.5,631.0,0.0602,1.03,337.9,247.9,11.9
2025-04-26T14:46:00+00:00,2141.4,82.20,364.7,13.80,415.0,27.1,577.3,0.0611,1.02,337.9,247.9,12.8
2025-04-26T14:47:00+00:00,2022.6,79.85,351.3,13.58,397.9,31.3,594.6,0.0610,1.07,337.9,247.9,12.8
2025-04-26T14:48:00+00:00,2084.1,81.23,347.6,13.62,387.6,29.3,652.8,0.0700,1.09,337.9,247.9,13.0
2025-04-26T14:49:00+00:00,2328.2,83.53,347.1,13.66,402.3,27.6,570.2,0.0624,1.05,337.9,247.9,11.6
2025-04-26T14:50:00+00:00,2142.6,82.86,352.8,13.59,382.3,27.8,610.8,0.0633,1.06,337.9,247.9,11.6
2025-04-26T14:51:00+00:00,2143.6,83.45,365.3,13.75,400.4,30.2,593.8,0.0654,1.06,337.9,247.9,10.8
2025-04-26T14:52:00+00:00,2038.8,82.28,341.1,14.02,371.9,31.2,668.3,0.0667,1.05,337.9,247.9,13.0
2025-04-26T14:53:00+00:00,1997.6,84.12,341.6,13.60,380.7,29.0,582.4,0.0649,1.12,337.9,247.9,15.1
2025-04-26T14:54:00+00:00,2025.2,83.74,351.1,13.91,387.9,29.9,639.9,0.0653,1.08,337.9,247.9,14.0
2025-04-26T14:55:00+00:00,1936.9,78.90,344.8,13.91,363.2,28.7,600.0,0.0634,1.02,337.9,247.9,11.8
2025-04-26T14:56:00+00:00,1911.4,82.37,369.0,13.60,368.1,30.2,634.1,0.0603,1.06,337.9,247.9,10.9
2025-04-26T14:57:00+00:00,2457.6,84.16,342.9,13.83,400.8,33.4,653.3,0.0635,1.08,337.9,247.9,10.9
2025-04-26T14:58:00+00:00,1985.0,80.82,354.6,13.66,353.2,30.6,571.3,0.0617,1.11,337.9,247.9,13.2
2025-04-26T14:59:00+00:00,2477.2,83.07,329.3,13.74,417.4,31.6,590.5,0.0635,1.08,337.9,247.9,13.5
2025-04-26T15:00:00+00:00,1965.3,81.71,348.5,13.74,372.6,27.7,641.9,0.0612,1.06,337.9,247.9,13.0
2025-04-26T15:01:00+00:00,2093.5,85.36,351.4,13.86,362.6,27.4,608.1,0.0664,1.00,337.9,247.9,12.3
2025-04-26T15:02:00+00:00,2212.0,84.71,348.4,13.84,387.5,29.7,567.4,0.0675,1.04,337.9,247.9,13.0
2025-04-26T15:03:00+00:00,2010.2,79.70,363.7,13.63,387.2,29.6,594.4,0.0625,1.01,337.9,247.9,13.5
2025-04-26T15:04:00+00:00,2441.4,81.21,340.6,13.82,387.2,28.2,602.2,0.0660,1.10,337.9,247.9,13.0
2025-04-26T15:05:00+00:00,2391.3,84.09,350.5,13.97,380.8,29.5,572.5,0.0726,1.06,337.9,247.9,11.9
2025-04-26T15:06:00+00:00,2436.0,80.24,346.6,13.80,408.6,29.4,673.9,0.0643,1.06,337.9,247.9,13.9
2025-04-26T15:07:00+00:00,2172.9,82.22,353.9,13.69,383.5,31.6,610.4,0.0671,1.01,337.9,247.9,13.7
2025-04-26T15:08:00+00:00,2432.0,82.68,347.0,13.69,380.3,30.7,624.2,0.0626,1.01,337.9,247.9,13.1
2025-04-26T15:09:00+00:00,2518.8,81.64,340.6,13.48,398.0,30.6,670.0,0.0759,1.18,337.9,247.9,12.7
2025-04-26T15:10:00+00:00,1941.9,81.83,348.3,13.85,361.0,29.6,632.4,0.0698,1.05,337.9,247.9,12.2
2025-04-26T15:11:00+00:00,1962.9,82.86,348.0,13.60,376.5,29.5,595.6,0.0658,1.10,337.9,247.9,12.5
2025-04-26T15:12:00+00:00,1980.5,80.41,358.5,13.90,389.4,31.9,588.3,0.0614,1.14,337.9,247.9,12.4
2025-04-26T15:13:00+00:00,2341.3,85.64,349.0,13.80,428.3,27.5,610.6,0.0622,1.01,337.9,247.9,13.4
2025-04-26T15:14:00+00:00,1959.4,84.13,351.4,13.78,366.1,32.3,579.9,0.0603,1.02,337.9,247.9,12.4
2025-04-26T15:15:00+00:00,1894.1,82.69,343.4,13.62,381.4,28.0,602.6,0.0603,1.06,337.9,247.9,12.3
2025-04-26T15:16:00+00:00,2051.2,82.78,354.2,13.68,382.9,30.5,613.3,0.0612,1.07,337.9,247.9,11.6
2025-04-26T15:17:00+00:00,2124.0,80.57,352.3,13.80,386.3,28.4,601.9,0.0630,1.10,337.9,247.9,14.1
2025-04-26T15:18:00+00:00,1972.9,83.53,354.0,13.90,369.9,25.9,626.8,0.0652,1.04,337.9,247.9,12.2
2025-04-26T15:19:00+00:00,2011.6,82.61,337.9,13.78,367.8,26.2,575.5,0.0648,1.01,337.9,247.9,12.7
2025-04-26T15:20:00+00:00,1828.1,81.54,356.9,13.82,356.0,30.5,641.8,0.0655,1.09,337.9,247.9,12.0
2025-04-26T15:21:00+00:00,2099.3,81.18,354.2,13.75,414.1,31.3,603.5,0.0630,1.02,337.9,247.9,11.9
2025-04-26T15:22:00+00:00,2022.5,82.59,342.6,13.72,358.5,28.0,647.4,0.0641,1.02,337.9,247.9,14.5
2025-04-26T15:23:00+00:00,2481.0,81.29,356.4,13.83,379.0,26.5,634.9,0.0637,1.10,337.9,247.9,12.2
2025-04-26T15:24:00+00:00,1967.0,82.72,365.5,13.89,386.9,28.5,585.1,0.0602,1.01,337.9,247.9,12.7
2025-04-26T15:25:00+00:00,2026.9,84.07,349.4,13.56,382.4,29.1,610.6,0.0653,1.10,337.9,247.9,12.9
2025-04-26T15:26:00+00:00,2065.2,83.46,350.1,13.56,371.0,28.1,602.3,0.0615,1.09,337.9,247.9,11.5
2025-04-26T15:27:00+00:00,2058.2,83.06,355.5,13.61,371.3,30.1,633.8,0.0610,1.05,337.9,247.9,14.0
2025-04-26T15:28:00+00:00,2054.3,82.08,353.9,13.87,361.4,31.3,626.3,0.0631,1.03,337.9,247.9,13.6
2025-04-26T15:29:00+00:00,2057.5,80.39,340.2,13.85,362.4,29.8,672.3,0.0643,1.01,337.9,247.9,13.1
2025-04-26T15:30:00+00:00,1972.6,83.70,357.5,13.97,365.1,30.6,590.6,0.0606,1.05,337.9,247.9,14.9
2025-04-26T15:31:00+00:00,2104.8,81.40,350.0,14.00,375.0,30.1,631.3,0.0699,1.13,337.9,247.9,12.2
2025-04-26T15:32:00+00:00,2132.8,79.75,342.4,13.59,385.4,29.7,628.1,0.0610,1.01,337.9,247.9,11.8
2025-04-26T15:33:00+00:00,1868.8,78.80,341.4,13.78,382.6,29.9,565.3,0.0602,1.08,337.9,247.9,11.8
2025-04-26T15:34:00+00:00,2078.9,79.98,344.5,13.75,385.8,30.6,645.9,0.0610,1.03,337.9,247.9,13.7
2025-04-26T15:35:00+00:00,2010.7,80.34,337.7,13.97,398.8,29.6,665.4,0.0602,1.00,337.9,247.9,11.8
2025-04-26T15:36:00+00:00,1971.8,79.33,349.2,13.79,383.1,28.9,578.8,0.0598,0.98,337.9,247.9,12.4
2025-04-26T15:37:00+00:00,1905.4,81.55,359.3,13.77,384.0,27.8,648.9,0.0635,1.05,337.9,247.9,13.3
2025-04-26T15:38:00+00:00,2080.1,80.49,350.6,13.47,388.4,28.3,587.2,0.0608,1.01,337.9,247.9,12.3
2025-04-26T15:39:00+00:00,2081.7,82.82,361.0,13.81,389.4,29.3,630.1,0.0611,1.04,337.9,247.9,13.6
2025-04-26T15:40:00+00:00,1807.7,81.77,350.6,14.14,376.7,28.5,580.3,0.0624,0.97,337.9,247.9,11.9
2025-04-26T15:41:00+00:00,2053.7,81.30,343.4,13.84,365.1,29.6,599.2,0.0624,1.19,337.9,247.9,13.1
2025-04-26T15:42:00+00:00,2082.9,82.84,353.6,14.07,379.2,26.3,598.0,0.0628,1.03,337.9,247.9,12.5
2025-04-26T15:43:00+00:00,2107.5,81.45,346.4,13.93,412.9,28.4,573.6,0.0618,1.09,337.9,247.9,12.2
2025-04-26T15:44:00+00:00,2083.2,80.79,349.1,13.75,373.6,27.2,662.3,0.0697,1.00,337.9,247.9,14.7
2025-04-26T15:45:00+00:00,1992.9,81.52,351.3,13.76,383.6,29.0,564.2,0.0607,1.06,337.9,247.9,12.0
2025-04-26T15:46:00+00:00,1983.6,81.34,353.9,13.90,376.5,31.6,611.2,0.0621,0.96,337.9,247.9,13.5
2025-04-26T15:47:00+00:00,2041.5,78.91,342.7,13.88,380.2,29.3,613.4,0.0609,1.04,337.9,247.9,12.4
2025-04-26T15:48:00+00:00,2090.2,83.51,344.3,13.90,375.9,29.4,581.8,0.0632,1.01,337.9,247.9,14.4
2025-04-26T15:49:00+00:00,1916.0,81.79,357.9,13.72,368.9,26.6,518.8,0.0627,1.06,337.9,247.9,14.6
2025-04-26T15:50:00+00:00,1937.3,82.55,362.0,14.08,377.8,29.4,588.8,0.0648,1.04,337.9,247.9,11.8
2025-04-26T15:51:00+00:00,1925.6,81.76,357.6,13.53,373.0,27.3,616.3,0.0601,1.02,337.9,247.9,13.9
2025-04-26T15:52:00+00:00,2007.4,82.55,340.3,13.46,384.0,28.6,641.9,0.0692,1.06,337.9,247.9,12.5
2025-04-26T15:53:00+00:00,2134.3,83.68,338.0,13.88,394.0,25.6,607.6,0.0609,1.01,337.9,247.9,12.7
2025-04-26T15:54:00+00:00,2161.9,80.00,339.5,13.76,377.4,31.7,628.3,0.0623,1.11,337.9,247.9,13.4
2025-04-26T15:55:00+00:00,2057.5,82.60,347.5,13.53,377.6,28.9,523.0,0.0620,0.97,337.9,247.9,14.0
2025-04-26T15:56:00+00:00,2018.3,80.72,329.0,13.68,410.2,28.9,592.6,0.0633,1.16,337.9,247.9,11.9
2025-04-26T15:57:00+00:00,2186.1,82.88,344.4,13.97,378.5,29.9,590.4,0.0615,1.02,337.9,247.9,12.7
2025-04-26T15:58:00+00:00,1951.4,81.79,349.8,13.65,382.7,30.8,590.8,0.0609,1.09,337.9,247.9,12.9
2025-04-26T15:59:00+00:00,1868.6,83.95,352.8,14.00,374.8,28.9,579.4,0.0602,1.06,337.9,247.9,12.5
2025-04-26T16:00:00+00:00,1874.7,79.71,347.7,13.59,373.6,30.2,606.5,0.0609,1.02,337.9,247.9,11.5
2025-04-26T16:01:00+00:00,1979.8,80.54,352.0,13.74,369.6,24.6,605.5,0.0633,1.11,337.9,247.9,12.7
2025-04-26T16:02:00+00:00,2112.2,83.62,355.8,13.91,394.1,27.9,606.9,0.0721,1.12,337.9,247.9,13.3
2025-04-26T16:03:00+00:00,1975.5,81.92,358.2,13.73,399.5,29.5,659.0,0.0613,1.06,337.9,247.9,13.0
2025-04-26T16:04:00+00:00,1846.6,78.93,346.1,13.86,395.7,29.4,629.9,0.0596,1.02,337.9,247.9,14.9
2025-04-26T16:05:00+00:00,2126.2,82.08,349.7,14.01,380.2,28.9,646.0,0.0607,0.98,337.9,247.9,14.3
2025-04-26T16:06:00+00:00,1922.4,78.79,376.3,13.75,365.6,29.9,643.6,0.0609,1.10,337.9,247.9,12.5
2025-04-26T16:07:00+00:00,2238.8,83.28,349.9,13.90,391.7,31.1,645.6,0.0657,0.95,337.9,247.9,11.8
2025-04-26T16:08:00+00:00,2156.0,81.69,355.2,13.86,377.4,31.2,640.4,0.0639,1.10,337.9,247.9,13.9
2025-04-26T16:09:00+00:00,1980.0,81.73,347.2,13.90,355.1,31.4,590.8,0.0605,1.06,337.9,247.9,13.3
2025-04-26T16:10:00+00:00,1972.1,79.50,354.0,13.45,398.2,31.1,548.8,0.0603,1.02,337.9,247.9,12.7
2025-04-26T16:11:00+00:00,872.6,77.87,343.6,13.54,359.2,28.1,562.9,0.0540,0.97,337.9,247.9,14.0
2025-04-26T16:12:00+00:00,1040.7,77.92,372.3,13.77,349.7,30.7,565.7,0.0552,1.02,337.9,247.9,10.7
2025-04-26T16:13:00+00:00,954.1,81.06,357.3,13.61,325.2,31.6,619.4,0.0575,1.04,337.9,247.9,12.6
2025-04-26T16:14:00+00:00,983.6,76.81,379.7,13.78,329.1,29.0,595.9,0.0556,1.08,337.9,247.9,14.0
2025-04-26T16:15:00+00:00,894.9,76.52,360.3,13.96,358.6,30.5,606.1,0.0587,1.00,337.9,247.9,13.0
2025-04-26T16:16:00+00:00,988.7,78.13,348.7,13.87,334.0,28.9,533.1,0.0616,1.05,337.9,247.9,13.3
2025-04-26T16:17:00+00:00,1014.2,80.91,351.4,13.65,329.9,29.5,516.8,0.0634,1.03,337.9,247.9,12.9
2025-04-26T16:18:00+00:00,1085.4,76.06,342.3,13.63,359.2,28.5,552.0,0.0636,1.11,337.9,247.9,12.0
2025-04-26T16:19:00+00:00,980.6,77.10,361.8,13.84,343.1,27.3,585.4,0.0549,1.02,337.9,247.9,14.6
2025-04-26T16:20:00+00:00,980.8,82.30,359.2,13.82,362.8,32.2,561.9,0.0549,1.01,337.9,247.9,12.9
2025-04-26T16:21:00+00:00,987.0,80.03,356.6,13.73,351.6,31.0,572.5,0.0577,1.09,337.9,247.9,13.0
2025-04-27T06:00:00+00:00,877.5,79.13,345.4,14.06,351.0,29.2,537.8,0.0535,0.82,67.4,337.4,12.7
2025-04-27T06:01:00+00:00,894.1,77.91,353.8,13.72,344.2,29.3,649.3,0.0534,0.84,67.4,337.4,12.7
2025-04-27T06:02:00+00:00,958.8,78.02,353.6,13.71,340.1,29.9,588.1,0.0527,0.81,67.4,337.4,11.7
2025-04-27T06:03:00+00:00,879.4,76.53,344.1,13.81,330.9,28.9,531.1,0.0545,0.92,67.4,337.4,12.1
2025-04-27T06:04:00+00:00,972.6,81.98,347.5,13.78,353.2,28.9,566.0,0.0588,0.90,67.4,337.4,12.0
2025-04-27T06:05:00+00:00,1031.2,78.78,364.2,13.72,362.6,30.2,559.4,0.0571,0.94,67.4,337.4,10.4
2025-04-27T06:06:00+00:00,1080.7,76.75,364.2,13.77,350.7,28.0,587.9,0.0537,0.84,67.4,337.4,11.5
2025-04-27T06:07:00+00:00,982.5,77.36,355.1,13.83,362.0,27.2,570.6,0.0575,0.87,67.4,337.4,12.0
2025-04-27T06:08:00+00:00,1107.4,77.70,362.8,13.94,363.2,30.9,553.6,0.0540,0.86,67.4,337.4,11.8
2025-04-27T06:09:00+00:00,1031.0,79.61,360.6,13.89,353.4,29.3,570.1,0.0582,0.93,67.4,337.4,12.4
2025-04-27T06:10:00+00:00,936.8,77.13,354.3,13.81,346.8,30.0,590.9,0.0538,0.94,67.4,337.4,10.5
2025-04-27T06:11:00+00:00,877.3,79.16,360.1,13.83,327.1,29.3,515.4,0.0532,0.89,67.4,337.4,11.8
2025-04-27T06:12:00+00:00,2049.1,81.50,356.5,13.84,383.1,27.1,640.6,0.0592,0.87,67.4,337.4,10.8
2025-04-27T06:13:00+00:00,1986.2,83.88,356.9,13.84,374.1,29.1,597.4,0.0593,0.91,67.4,337.4,12.3
2025-04-27T06:14:00+00:00,2134.4,84.32,341.1,13.73,391.3,30.9,604.6,0.0597,0.87,67.4,337.4,11.7
2025-04-27T06:15:00+00:00,2215.7,81.46,350.3,13.76,389.3,29.3,623.2,0.0664,0.83,67.4,337.4,12.0
2025-04-27T06:16:00+00:00,1844.2,78.57,359.4,13.84,373.8,31.5,585.7,0.0587,0.89,67.4,337.4,10.7
2025-04-27T06:17:00+00:00,1994.4,82.00,354.8,14.01,390.1,27.1,617.2,0.0594,0.91,67.4,337.4,12.2
2025-04-27T06:18:00+00:00,2067.2,84.17,363.0,13.84,410.4,27.9,654.8,0.0598,0.92,67.4,337.4,11.3
2025-04-27T06:19:00+00:00,2298.1,82.45,341.3,13.71,404.3,29.2,610.9,0.0677,0.93,67.4,337.4,13.5
2025-04-27T06:20:00+00:00,1985.3,81.79,355.4,13.57,393.4,30.2,599.4,0.0596,0.88,67.4,337.4,12.2
2025-04-27T06:21:00+00:00,2048.3,82.44,337.9,13.83,401.0,27.0,623.6,0.0618,0.78,67.4,337.4,11.9
2025-04-27T06:22:00+00:00,1911.4,81.02,352.6,14.12,360.8,30.4,610.8,0.0582,0.84,67.4,337.4,12.3
2025-04-27T06:23:00+00:00,2048.2,82.60,350.7,13.89,398.6,28.9,660.9,0.0653,0.85,67.4,337.4,10.5
2025-04-27T06:24:00+00:00,2294.4,84.08,356.2,13.68,382.8,29.5,581.1,0.0618,0.89,67.4,337.4,13.0
2025-04-27T06:25:00+00:00,2191.3,83.62,350.4,13.47,394.2,27.4,634.7,0.0598,0.85,67.4,337.4,11.0
2025-04-27T06:26:00+00:00,1799.6,83.48,348.3,13.85,383.1,30.5,605.6,0.0584,0.93,67.4,337.4,11.4
2025-04-27T06:27:00+00:00,1908.5,81.98,357.8,13.96,352.9,28.6,593.9,0.0641,0.88,67.4,337.4,11.5
2025-04-27T06:28:00+00:00,2033.7,81.79,363.6,13.56,397.1,28.4,658.7,0.0674,0.86,67.4,337.4,11.8
2025-04-27T06:29:00+00:00,2103.2,81.97,339.7,14.13,385.7,29.0,556.3,0.0636,0.91,67.4,337.4,12.5
2025-04-27T06:30:00+00:00,2022.5,82.05,352.5,13.80,385.7,31.5,634.5,0.0607,0.87,67.4,337.4,10.3
2025-04-27T06:31:00+00:00,2042.2,81.21,344.4,13.73,399.4,28.8,571.1,0.0584,0.80,67.4,337.4,12.2
2025-04-27T06:32:00+00:00,1894.5,83.15,347.4,13.78,388.0,29.9,607.4,0.0584,0.87,67.4,337.4,11.1
2025-04-27T06:33:00+00:00,1927.9,81.75,349.7,13.78,374.9,30.4,594.3,0.0581,0.82,67.4,337.4,11.7
2025-04-27T06:34:00+00:00,1982.4,83.15,349.8,13.72,396.9,28.7,606.8,0.0611,0.83,67.4,337.4,13.6
2025-04-27T06:35:00+00:00,1883.7,82.68,356.5,13.51,383.4,29.1,587.2,0.0584,0.90,67.4,337.4,9.7
2025-04-27T06:36:00+00:00,2155.4,81.10,339.3,13.90,406.4,30.8,675.8,0.0592,0.83,67.4,337.4,13.1
2025-04-27T06:37:00+00:00,1980.0,85.20,350.9,13.80,357.9,30.0,600.4,0.0687,0.88,67.4,337.4,11.8
2025-04-27T06:38:00+00:00,2161.3,83.97,341.9,13.76,382.6,27.9,636.4,0.0601,0.89,67.4,337.4,13.0
2025-04-27T06:39:00+00:00,1922.9,84.14,345.6,13.80,384.6,27.9,568.1,0.0581,0.82,67.4,337.4,11.3
2025-04-27T06:40:00+00:00,2037.0,82.38,347.2,13.67,380.7,28.9,624.5,0.0601,0.86,67.4,337.4,10.6
2025-04-27T06:41:00+00:00,1898.8,82.05,343.7,13.55,388.7,30.4,582.5,0.0581,0.82,67.4,337.4,12.4
2025-04-27T06:42:00+00:00,2062.1,83.81,338.9,13.98,369.3,28.5,578.8,0.0590,0.86,67.4,337.4,11.8
2025-04-27T06:43:00+00:00,1895.9,80.52,342.5,13.79,394.0,30.3,615.1,0.0602,0.90,67.4,337.4,12.0
2025-04-27T06:44:00+00:00,1991.6,83.12,342.5,13.79,358.0,29.6,638.2,0.0650,0.79,67.4,337.4,12.2
2025-04-27T06:45:00+00:00,1953.0,84.70,360.5,13.66,389.8,27.1,558.3,0.0628,0.88,67.4,337.4,13.3
2025-04-27T06:46:00+00:00,1895.8,81.59,335.1,13.84,364.2,28.3,566.9,0.0579,0.81,67.4,337.4,11.2
2025-04-27T06:47:00+00:00,2027.0,85.59,346.7,13.77,362.3,30.2,571.5,0.0597,0.92,67.4,337.4,9.9
2025-04-27T06:48:00+00:00,2002.0,80.36,353.5,13.94,372.3,30.2,510.7,0.0636,0.97,67.4,337.4,10.7
2025-04-27T06:49:00+00:00,2015.7,81.89,321.9,13.71,377.1,29.1,593.3,0.0600,0.96,67.4,337.4,12.9
2025-04-27T06:50:00+00:00,2207.0,77.72,346.8,13.95,401.9,29.8,592.8,0.0596,0.84,67.4,337.4,13.3
2025-04-27T06:51:00+00:00,1904.7,81.33,349.4,13.52,371.3,29.1,518.4,0.0644,0.89,67.4,337.4,12.1
2025-04-27T06:52:00+00:00,2116.2,82.40,355.7,13.84,390.7,28.7,669.9,0.0597,0.89,67.4,337.4,12.3
2025-04-27T06:53:00+00:00,1984.8,81.35,363.9,13.93,378.4,29.2,653.4,0.0646,0.93,67.4,337.4,10.6
2025-04-27T06:54:00+00:00,2072.6,80.66,353.7,13.92,377.5,30.3,619.3,0.0594,0.88,67.4,337.4,12.1
2025-04-27T06:55:00+00:00,1961.1,83.86,340.8,13.66,385.1,29.1,612.0,0.0590,0.89,67.4,337.4,12.6
2025-04-27T06:56:00+00:00,1858.1,85.87,342.8,14.06,396.7,29.7,590.1,0.0617,0.89,67.4,337.4,12.0
2025-04-27T06:57:00+00:00,2117.9,83.26,342.7,13.91,381.4,29.8,640.0,0.0709,0.98,67.4,337.4,12.9
2025-04-27T06:58:00+00:00,1902.5,81.09,346.1,14.08,369.4,31.4,620.8,0.0671,0.91,67.4,337.4,12.0
2025-04-27T06:59:00+00:00,2439.3,82.70,361.0,13.58,415.6,29.3,618.9,0.0619,0.94,67.4,337.4,11.1
2025-04-27T07:00:00+00:00,1778.0,83.45,354.7,13.88,365.9,28.7,586.7,0.0655,0.88,67.4,337.4,11.6
2025-04-27T07:01:00+00:00,2037.5,82.11,345.4,13.71,380.4,29.6,562.6,0.0600,0.97,67.4,337.4,11.5
2025-04-27T07:02:00+00:00,1828.3,81.35,351.2,13.90,356.7,28.7,540.8,0.0608,0.98,67.4,337.4,14.0
2025-04-27T07:03:00+00:00,1845.2,79.35,354.3,13.76,390.5,29.4,518.4,0.0621,0.80,67.4,337.4,12.0
2025-04-27T07:04:00+00:00,2013.2,81.53,346.8,13.54,388.4,30.9,598.2,0.0581,0.79,67.4,337.4,12.2
2025-04-27T07:05:00+00:00,2034.9,85.74,359.4,14.00,372.2,26.2,606.0,0.0590,0.86,67.4,337.4,12.5
2025-04-27T07:06:00+00:00,1735.6,82.79,341.3,13.93,389.6,28.0,594.7,0.0580,0.92,67.4,337.4,14.0
2025-04-27T07:07:00+00:00,1850.0,81.86,354.9,13.76,366.2,32.9,557.5,0.0606,0.83,67.4,337.4,13.0
2025-04-27T07:08:00+00:00,2454.3,86.35,345.1,13.93,388.5,29.9,620.6,0.0615,0.89,67.4,337.4,11.8
2025-04-27T07:09:00+00:00,2118.5,83.17,336.0,13.59,372.3,28.1,583.2,0.0598,0.86,67.4,337.4,12.6
2025-04-27T07:10:00+00:00,2023.7,80.52,351.3,13.50,372.9,29.8,626.4,0.0591,0.87,67.4,337.4,12.0
2025-04-27T07:11:00+00:00,2502.9,87.01,344.8,13.91,400.0,31.9,607.4,0.0614,0.84,67.4,337.4,12.2
2025-04-27T07:12:00+00:00,2479.5,82.07,350.0,13.70,387.5,30.9,663.7,0.0639,0.89,67.4,337.4,12.0
2025-04-27T07:13:00+00:00,1979.9,79.80,358.1,13.81,391.3,29.1,586.4,0.0662,0.95,67.4,337.4,11.1
2025-04-27T07:14:00+00:00,2083.7,81.44,357.5,13.67,381.2,29.5,605.1,0.0594,0.88,67.4,337.4,11.2
2025-04-27T07:15:00+00:00,1960.0,84.61,337.0,13.78,375.6,29.7,665.4,0.0583,0.84,67.4,337.4,11.5
2025-04-27T07:16:00+00:00,1926.3,81.80,354.4,13.86,410.1,31.3,593.3,0.0602,0.87,67.4,337.4,11.9
2025-04-27T07:17:00+00:00,2124.1,84.27,344.9,13.84,382.7,28.1,616.4,0.0600,0.92,67.4,337.4,10.3
2025-04-27T07:18:00+00:00,2020.3,82.37,344.5,13.67,391.6,34.2,632.9,0.0653,0.86,67.4,337.4,13.7
2025-04-27T07:19:00+00:00,2487.0,85.11,342.7,13.59,401.4,31.9,574.3,0.0623,0.95,67.4,337.4,11.6
2025-04-27T07:20:00+00:00,2029.8,80.50,354.8,13.76,371.6,28.1,557.0,0.0635,0.92,67.4,337.4,12.0
2025-04-27T07:21:00+00:00,1829.6,81.31,339.9,13.82,367.0,30.4,551.8,0.0580,0.86,67.4,337.4,10.4
2025-04-27T07:22:00+00:00,2501.0,84.23,355.4,13.85,404.0,30.4,707.7,0.0655,0.91,67.4,337.4,11.8
2025-04-27T07:23:00+00:00,2134.3,82.36,336.8,13.78,371.4,30.1,561.5,0.0624,0.91,67.4,337.4,11.2
2025-04-27T07:24:00+00:00,2119.1,82.69,343.8,13.88,394.0,28.8,616.3,0.0603,0.95,67.4,337.4,11.6
2025-04-27T07:25:00+00:00,2359.8,84.11,338.2,13.75,382.8,30.8,539.2,0.0611,0.89,67.4,337.4,11.6
2025-04-27T07:26:00+00:00,1931.9,80.61,355.6,13.55,375.1,32.6,564.4,0.0583,0.84,67.4,337.4,10.8
2025-04-27T07:27:00+00:00,2046.7,80.89,351.0,13.84,371.2,28.9,591.6,0.0588,0.82,67.4,337.4,12.0
2025-04-27T07:28:00+00:00,2030.2,83.34,333.9,13.75,402.8,30.4,604.7,0.0587,0.84,67.4,337.4,12.2
2025-04-27T07:29:00+00:00,1962.0,83.13,351.4,13.68,401.5,29.7,580.7,0.0590,0.90,67.4,337.4,12.5
2025-04-27T07:30:00+00:00,2043.0,79.09,352.0,14.07,361.7,30.5,604.3,0.0595,0.91,67.4,337.4,11.7
2025-04-27T07:31:00+00:00,2175.2,81.77,363.3,13.56,380.4,29.6,566.9,0.0592,0.82,67.4,337.4,12.9
2025-04-27T07:32:00+00:00,2326.7,83.18,338.0,13.67,397.0,26.8,607.7,0.0605,0.85,67.4,337.4,13.1
2025-04-27T07:33:00+00:00,2069.9,83.63,350.2,13.71,381.2,27.3,638.6,0.0599,0.92,67.4,337.4,11.7
2025-04-27T07:34:00+00:00,1941.4,82.62,353.2,13.86,370.1,32.0,574.2,0.0586,0.86,67.4,337.4,12.5
2025-04-27T07:35:00+00:00,2070.0,84.07,350.5,13.95,407.9,30.7,544.0,0.0595,0.88,67.4,337.4,12.6
2025-04-27T07:36:00+00:00,2013.5,80.68,348.5,13.93,380.3,29.8,613.6,0.0579,0.75,67.4,337.4,12.5
2025-04-27T07:37:00+00:00,2162.4,79.29,350.3,14.08,384.3,30.1,600.0,0.0598,0.88,67.4,337.4,12.8
2025-04-27T07:38:00+00:00,1782.3,83.37,349.2,13.70,360.8,29.4,626.4,0.0579,0.89,67.4,337.4,12.1
2025-04-27T07:39:00+00:00,2017.8,82.29,367.9,13.86,390.0,29.2,667.5,0.0611,0.87,67.4,337.4,12.4
2025-04-27T07:40:00+00:00,1767.3,82.41,352.5,13.89,359.5,29.4,595.0,0.0594,0.89,67.4,337.4,12.4
2025-04-27T07:41:00+00:00,1938.9,82.40,345.7,13.74,393.7,33.0,617.4,0.0580,0.81,67.4,337.4,12.7
2025-04-27T07:42:00+00:00,2183.9,83.68,349.5,13.59,400.3,30.0,596.4,0.0601,0.89,67.4,337.4,12.2
2025-04-27T07:43:00+00:00,2035.1,82.25,351.3,14.00,397.8,28.9,565.0,0.0709,0.92,67.4,337.4,12.8
2025-04-27T07:44:00+00:00,1906.1,81.23,357.4,13.99,393.4,29.7,628.0,0.0599,0.93,67.4,337.4,13.2
2025-04-27T07:45:00+00:00,1954.9,81.53,349.8,13.68,359.2,30.1,602.6,0.0602,1.01,67.4,337.4,11.5
2025-04-27T07:46:00+00:00,2078.1,82.62,350.3,14.10,382.0,31.2,560.2,0.0642,0.93,67.4,337.4,12.6
2025-04-27T07:47:00+00:00,1953.4,82.17,344.7,14.00,356.4,26.6,526.7,0.0575,0.76,67.4,337.4,11.8
2025-04-27T07:48:00+00:00,1900.2,81.81,354.9,13.62,384.3,29.7,578.5,0.0583,0.87,67.4,337.4,11.2
2025-04-27T07:49:00+00:00,1800.5,82.88,359.0,13.82,373.2,30.9,643.5,0.0655,0.91,67.4,337.4,12.0
2025-04-27T07:50:00+00:00,1949.9,83.01,351.1,13.72,385.0,30.0,614.1,0.0592,0.93,67.4,337.4,12.2
2025-04-27T07:51:00+00:00,1927.8,78.02,341.7,13.67,381.6,28.5,612.4,0.0593,0.95,67.4,337.4,11.6
2025-04-27T07:52:00+00:00,2124.0,79.62,347.1,13.90,376.6,32.0,638.6,0.0590,0.81,67.4,337.4,12.8
2025-04-27T07:53:00+00:00,2040.9,80.27,339.8,13.98,375.6,31.7,587.5,0.0655,0.86,67.4,337.4,11.0
2025-04-27T07:54:00+00:00,2013.0,81.72,363.5,13.73,390.0,29.0,549.2,0.0587,0.86,67.4,337.4,12.8
2025-04-27T07:55:00+00:00,2217.3,80.81,350.3,13.92,372.8,30.1,596.4,0.0599,0.86,67.4,337.4,11.4
2025-04-27T07:56:00+00:00,2027.0,81.05,354.1,14.00,403.1,28.0,623.8,0.0671,0.88,67.4,337.4,13.1
2025-04-27T07:57:00+00:00,1970.8,80.53,330.0,13.88,383.2,32.0,630.2,0.0590,0.78,67.4,337.4,12.8
2025-04-27T07:58:00+00:00,1897.6,83.35,339.5,13.94,379.9,28.7,607.9,0.0582,0.86,67.4,337.4,10.6
2025-04-27T07:59:00+00:00,2066.1,79.25,332.3,13.89,395.1,29.7,664.0,0.0600,0.95,67.4,337.4,11.2
2025-04-27T08:00:00+00:00,2006.8,82.32,346.5,13.90,388.7,31.0,578.9,0.0596,0.94,67.4,337.4,13.2
2025-04-27T08:01:00+00:00,2001.3,82.83,351.9,13.84,402.9,30.3,617.8,0.0631,0.96,67.4,337.4,13.1
2025-04-27T08:02:00+00:00,2044.5,82.12,351.4,13.91,364.4,32.6,593.3,0.0587,0.82,67.4,337.4,10.6
2025-04-27T08:03:00+00:00,2100.4,83.97,344.7,13.68,390.7,28.9,598.0,0.0643,0.89,67.4,337.4,11.4
2025-04-27T08:04:00+00:00,2085.4,82.43,357.2,13.78,393.4,28.3,646.3,0.0645,0.90,67.4,337.4,11.0
2025-04-27T08:05:00+00:00,2255.8,84.44,346.0,13.93,374.7,26.8,594.3,0.0630,0.84,67.4,337.4,12.6
2025-04-27T08:06:00+00:00,2029.9,83.87,347.9,14.02,397.2,28.4,579.8,0.0588,0.83,67.4,337.4,12.5
2025-04-27T08:07:00+00:00,2119.6,83.04,342.7,13.98,396.6,29.8,586.8,0.0602,0.93,67.4,337.4,13.4
2025-04-27T08:08:00+00:00,1917.2,79.88,336.2,13.88,386.6,29.9,501.0,0.0575,0.77,67.4,337.4,11.7
2025-04-27T08:09:00+00:00,1959.5,83.87,352.6,13.55,384.6,29.6,543.0,0.0663,1.01,67.4,337.4,10.2
2025-04-27T08:10:00+00:00,1952.1,82.01,342.8,13.96,391.1,29.0,621.4,0.0607,0.91,67.4,337.4,11.4
2025-04-27T08:11:00+00:00,952.0,79.21,357.4,13.69,349.6,30.5,589.9,0.0527,0.81,67.4,337.4,13.8
2025-04-27T08:12:00+00:00,986.3,77.78,371.4,13.87,356.3,30.1,567.0,0.0532,0.84,67.4,337.4,11.1
2025-04-27T08:13:00+00:00,887.5,78.40,359.7,14.00,352.4,29.9,590.2,0.0539,0.80,67.4,337.4,12.7
2025-04-27T08:14:00+00:00,993.7,79.96,362.3,13.83,342.7,29.2,578.6,0.0604,0.83,67.4,337.4,12.1
2025-04-27T08:15:00+00:00,957.0,76.41,357.9,13.76,354.5,33.6,501.5,0.0612,0.92,67.4,337.4,10.7
2025-04-27T08:16:00+00:00,1034.5,78.02,348.8,13.85,358.9,28.1,581.7,0.0602,0.92,67.4,337.4,11.7
2025-04-27T08:17:00+00:00,920.5,78.65,362.7,13.78,352.3,28.3,530.1,0.0611,0.85,67.4,337.4,11.4
2025-04-27T08:18:00+00:00,1051.2,78.49,366.9,13.82,334.3,30.8,589.5,0.0648,0.95,67.4,337.4,12.1
2025-04-27T08:19:00+00:00,753.9,78.58,347.2,13.89,332.1,28.9,580.6,0.0567,0.81,67.4,337.4,11.6
2025-04-27T08:20:00+00:00,1052.1,80.82,363.2,13.74,352.6,27.4,581.8,0.0545,0.93,67.4,337.4,11.3
2025-04-27T08:21:00+00:00,1008.6,77.69,350.9,13.88,343.1,27.4,596.5,0.0532,0.83,67.4,337.4,12.2
2025-04-27T14:00:00+00:00,1059.9,77.26,354.1,13.97,350.8,31.0,558.2,0.0592,0.96,67.4,337.4,11.7
2025-04-27T14:01:00+00:00,1094.5,80.44,345.4,13.57,355.6,30.5,552.5,0.0542,0.88,67.4,337.4,14.0
2025-04-27T14:02:00+00:00,851.9,77.58,367.5,13.71,350.8,29.0,584.3,0.0541,0.79,67.4,337.4,12.6
2025-04-27T14:03:00+00:00,1107.2,76.69,346.6,13.89,377.5,28.1,535.6,0.0532,0.78,67.4,337.4,14.9
2025-04-27T14:04:00+00:00,953.7,78.67,345.8,13.57,352.2,31.8,638.0,0.0539,0.92,67.4,337.4,13.2
2025-04-27T14:05:00+00:00,1038.9,77.60,346.1,13.78,289.1,29.7,557.4,0.0569,0.91,67.4,337.4,12.3
2025-04-27T14:06:00+00:00,998.6,75.63,368.2,13.98,348.0,29.6,620.0,0.0531,0.81,67.4,337.4,12.3
2025-04-27T14:07:00+00:00,1003.8,79.45,369.9,13.75,368.6,31.9,486.2,0.0594,0.84,67.4,337.4,11.9
2025-04-27T14:08:00+00:00,845.3,78.74,365.2,13.86,356.7,30.0,524.0,0.0520,0.80,67.4,337.4,10.2
2025-04-27T14:09:00+00:00,1158.9,81.02,343.1,14.01,362.1,29.1,538.6,0.0582,0.78,67.4,337.4,12.9
2025-04-27T14:10:00+00:00,979.1,78.45,365.3,13.61,352.8,29.7,605.8,0.0553,0.91,67.4,337.4,12.2
2025-04-27T14:11:00+00:00,1169.2,79.92,362.4,13.77,338.2,29.5,557.1,0.0552,0.71,67.4,337.4,12.9
2025-04-27T14:12:00+00:00,1984.2,82.22,343.2,13.59,395.3,31.7,579.1,0.0599,0.98,67.4,337.4,11.4
2025-04-27T14:13:00+00:00,2034.3,84.44,347.5,13.71,385.0,32.6,634.4,0.0658,0.90,67.4,337.4,11.9
2025-04-27T14:14:00+00:00,2049.3,81.85,349.9,13.87,380.0,29.2,590.0,0.0589,0.84,67.4,337.4,11.2
2025-04-27T14:15:00+00:00,2046.6,84.02,343.8,13.56,395.3,28.5,621.7,0.0612,0.89,67.4,337.4,11.0
2025-04-27T14:16:00+00:00,2036.8,81.96,338.3,13.55,387.5,28.7,616.8,0.0629,0.87,67.4,337.4,12.9
2025-04-27T14:17:00+00:00,2009.9,81.83,357.0,13.55,386.2,30.7,586.6,0.0591,0.88,67.4,337.4,13.7
2025-04-27T14:18:00+00:00,2122.0,81.25,341.6,13.94,370.9,28.7,614.2,0.0596,0.86,67.4,337.4,12.7
2025-04-27T14:19:00+00:00,2100.3,82.57,341.0,13.93,385.3,29.8,570.0,0.0596,0.89,67.4,337.4,11.3
2025-04-27T14:20:00+00:00,2037.4,82.58,350.0,13.91,404.8,28.9,622.0,0.0634,0.90,67.4,337.4,13.0
2025-04-27T14:21:00+00:00,1984.5,82.34,352.9,13.75,380.5,28.7,566.2,0.0586,0.84,67.4,337.4,12.5
2025-04-27T14:22:00+00:00,2057.6,81.23,344.1,13.85,385.1,29.9,640.6,0.0679,0.93,67.4,337.4,14.3
2025-04-27T14:23:00+00:00,1757.3,81.94,349.5,13.60,390.3,30.0,646.6,0.0655,0.83,67.4,337.4,12.6
2025-04-27T14:24:00+00:00,1951.6,83.59,355.1,14.02,368.6,31.8,574.8,0.0583,0.84,67.4,337.4,12.5
2025-04-27T14:25:00+00:00,1875.6,83.01,345.9,13.68,365.0,31.6,563.9,0.0633,0.83,67.4,337.4,11.2
2025-04-27T14:26:00+00:00,1890.9,81.18,348.5,13.55,363.1,32.6,574.2,0.0592,0.89,67.4,337.4,12.8
2025-04-27T14:27:00+00:00,1995.6,81.84,363.5,13.82,371.4,28.7,684.2,0.0581,0.79,67.4,337.4,13.0
2025-04-27T14:28:00+00:00,2306.7,82.10,348.3,14.17,413.7,29.1,581.0,0.0613,0.94,67.4,337.4,12.5
2025-04-27T14:29:00+00:00,2014.7,80.59,363.6,13.74,378.1,29.2,600.7,0.0599,0.90,67.4,337.4,14.3
2025-04-27T14:30:00+00:00,2078.3,83.86,339.2,13.65,406.3,28.3,596.5,0.0597,0.92,67.4,337.4,13.8
2025-04-27T14:31:00+00:00,2016.3,81.30,344.6,13.90,383.0,31.6,590.9,0.0588,0.84,67.4,337.4,12.7
2025-04-27T14:32:00+00:00,1970.1,82.77,345.6,13.97,395.5,29.7,595.5,0.0592,0.88,67.4,337.4,13.0
2025-04-27T14:33:00+00:00,1999.7,82.85,352.4,13.69,400.7,29.5,578.1,0.0588,0.85,67.4,337.4,12.4
2025-04-27T14:34:00+00:00,2060.0,83.52,347.7,14.05,378.1,30.9,621.7,0.0597,0.85,67.4,337.4,12.9
2025-04-27T14:35:00+00:00,1791.1,81.98,361.0,13.53,374.7,31.3,554.2,0.0641,0.85,67.4,337.4,11.1
2025-04-27T14:36:00+00:00,1938.5,83.31,350.0,13.79,383.0,31.8,588.9,0.0591,0.93,67.4,337.4,12.1
2025-04-27T14:37:00+00:00,2109.8,83.15,350.8,13.64,378.9,31.0,541.9,0.0589,0.82,67.4,337.4,13.7
2025-04-27T14:38:00+00:00,1880.2,81.84,350.5,13.83,373.4,32.7,540.4,0.0630,0.84,67.4,337.4,11.5
2025-04-27T14:39:00+00:00,1929.8,81.85,339.3,13.83,381.2,30.6,582.2,0.0591,0.91,67.4,337.4,13.0
2025-04-27T14:40:00+00:00,1965.4,81.40,345.3,13.93,381.9,30.7,552.6,0.0647,0.87,67.4,337.4,12.9
2025-04-27T14:41:00+00:00,1911.0,81.56,342.7,13.64,393.2,29.7,577.1,0.0588,0.79,67.4,337.4,12.5
2025-04-27T14:42:00+00:00,1959.4,80.79,346.6,13.67,370.2,28.3,598.1,0.0582,0.81,67.4,337.4,12.4
2025-04-27T14:43:00+00:00,2109.3,83.53,344.7,13.98,406.8,29.1,590.1,0.0598,0.89,67.4,337.4,11.1
2025-04-27T14:44:00+00:00,2074.0,82.09,351.4,13.93,404.3,29.1,618.9,0.0614,0.90,67.4,337.4,12.6
2025-04-27T14:45:00+00:00,2009.0,84.25,357.9,13.98,371.9,31.9,619.9,0.0627,0.84,67.4,337.4,12.3
2025-04-27T14:46:00+00:00,1948.2,81.95,356.2,13.89,381.2,29.6,661.6,0.0657,0.82,67.4,337.4,11.8
2025-04-27T14:47:00+00:00,2005.9,81.26,350.7,13.68,360.0,29.2,672.6,0.0588,0.85,67.4,337.4,11.4
2025-04-27T14:48:00+00:00,2122.7,81.79,352.7,14.08,381.0,29.7,621.8,0.0596,0.88,67.4,337.4,12.1
2025-04-27T14:49:00+00:00,1781.9,82.57,349.0,13.92,379.6,30.5,570.1,0.0574,0.83,67.4,337.4,12.8
2025-04-27T14:50:00+00:00,2036.8,80.89,351.0,13.72,388.5,30.4,567.0,0.0619,0.92,67.4,337.4,11.6
2025-04-27T14:51:00+00:00,2060.0,82.13,355.4,13.62,371.0,31.1,646.5,0.0595,0.84,67.4,337.4,10.1
2025-04-27T14:52:00+00:00,2007.5,83.14,343.9,13.62,363.9,30.7,678.2,0.0586,0.83,67.4,337.4,12.1
2025-04-27T14:53:00+00:00,1891.3,80.35,354.3,13.98,384.1,28.3,553.9,0.0585,0.89,67.4,337.4,12.3
2025-04-27T14:54:00+00:00,2030.9,83.22,347.1,13.66,374.6,29.9,602.1,0.0591,0.86,67.4,337.4,12.5
2025-04-27T14:55:00+00:00,1925.7,81.67,353.3,14.06,381.3,29.5,585.9,0.0590,0.89,67.4,337.4,10.8
2025-04-27T14:56:00+00:00,1899.0,81.64,352.4,13.67,382.8,30.0,613.2,0.0576,0.80,67.4,337.4,12.3
2025-04-27T14:57:00+00:00,2459.2,82.06,342.3,13.68,381.1,29.6,582.0,0.0614,0.84,67.4,337.4,10.5
2025-04-27T14:58:00+00:00,2067.4,82.98,349.0,13.83,389.7,28.6,536.0,0.0599,0.82,67.4,337.4,10.7
2025-04-27T14:59:00+00:00,2277.7,85.05,346.9,13.71,409.7,30.3,571.4,0.0601,0.85,67.4,337.4,12.8
2025-04-27T15:00:00+00:00,2544.2,83.58,351.8,13.71,399.1,28.6,654.1,0.0619,0.88,67.4,337.4,12.1
2025-04-27T15:01:00+00:00,2504.5,82.06,337.6,13.92,406.9,30.1,622.1,0.0632,0.75,67.4,337.4,11.2
2025-04-27T15:02:00+00:00,2060.8,81.07,333.4,13.90,372.4,29.7,587.1,0.0590,0.85,67.4,337.4,10.6
2025-04-27T15:03:00+00:00,1924.0,80.33,360.1,13.71,378.3,29.0,571.6,0.0580,0.83,67.4,337.4,13.3
2025-04-27T15:04:00+00:00,2200.4,80.04,360.8,13.73,387.8,30.2,591.3,0.0641,0.86,67.4,337.4,10.7
2025-04-27T15:05:00+00:00,2039.7,82.65,353.2,13.81,384.1,29.4,610.8,0.0590,0.83,67.4,337.4,13.0
2025-04-27T15:06:00+00:00,2004.9,82.78,357.5,13.83,387.5,32.1,664.4,0.0617,0.90,67.4,337.4,12.4
2025-04-27T15:07:00+00:00,2150.1,82.58,335.7,13.59,392.6,30.6,629.0,0.0599,0.89,67.4,337.4,11.9
2025-04-27T15:08:00+00:00,2419.0,84.74,351.5,13.61,386.7,29.6,615.2,0.0641,0.97,67.4,337.4,13.3
2025-04-27T15:09:00+00:00,2092.1,82.93,347.5,13.86,415.2,30.5,605.6,0.0592,0.87,67.4,337.4,10.6
2025-04-27T15:10:00+00:00,2437.1,82.00,345.8,13.93,393.2,32.7,643.8,0.0614,0.89,67.4,337.4,13.5
2025-04-27T15:11:00+00:00,2590.6,86.43,337.8,13.83,400.3,30.5,641.6,0.0621,0.88,67.4,337.4,11.7
2025-04-27T15:12:00+00:00,2482.5,83.31,333.6,13.86,389.6,29.1,644.1,0.0625,0.96,67.4,337.4,12.6
2025-04-27T15:13:00+00:00,2516.3,83.58,347.2,13.95,401.5,29.9,641.8,0.0620,0.90,67.4,337.4,13.2
2025-04-27T15:14:00+00:00,1844.5,82.31,339.4,13.65,397.9,31.2,593.8,0.0639,0.89,67.4,337.4,13.0
2025-04-27T15:15:00+00:00,2115.2,82.18,346.7,13.69,375.9,27.3,648.5,0.0594,0.85,67.4,337.4,11.7
2025-04-27T15:16:00+00:00,2022.4,82.68,357.2,13.83,388.7,32.0,540.5,0.0658,0.92,67.4,337.4,12.9
2025-04-27T15:17:00+00:00,1963.7,82.02,356.8,13.82,357.2,28.3,631.3,0.0622,0.85,67.4,337.4,12.8
2025-04-27T15:18:00+00:00,2135.2,82.32,350.3,14.01,372.9,27.7,615.4,0.0601,0.92,67.4,337.4,12.7
2025-04-27T15:19:00+00:00,2489.1,82.92,339.0,13.82,376.4,30.7,599.5,0.0652,0.84,67.4,337.4,12.8
2025-04-27T15:20:00+00:00,2507.0,82.23,348.7,13.85,397.2,32.4,635.4,0.0647,0.89,67.4,337.4,12.3
2025-04-27T15:21:00+00:00,2111.4,80.74,327.2,13.63,389.7,28.9,641.5,0.0590,0.82,67.4,337.4,10.8
2025-04-27T15:22:00+00:00,2174.9,82.40,346.1,13.81,389.2,28.7,596.6,0.0602,0.91,67.4,337.4,12.9
2025-04-27T15:23:00+00:00,2183.0,81.37,341.0,13.85,415.6,28.6,607.7,0.0608,0.89,67.4,337.4,11.1
2025-04-27T15:24:00+00:00,2136.7,81.73,358.6,13.88,390.2,30.2,582.2,0.0595,0.85,67.4,337.4,14.0
2025-04-27T15:25:00+00:00,1869.6,82.89,352.6,13.77,386.3,29.6,577.7,0.0613,0.83,67.4,337.4,12.5
2025-04-27T15:26:00+00:00,2100.0,80.15,351.3,13.85,398.7,30.1,648.5,0.0590,0.82,67.4,337.4,13.0
2025-04-27T15:27:00+00:00,2058.5,84.17,345.0,13.60,361.2,32.0,610.7,0.0590,0.85,67.4,337.4,12.7
2025-04-27T15:28:00+00:00,2096.4,80.66,357.4,13.71,397.0,29.9,628.7,0.0599,0.92,67.4,337.4,11.9
2025-04-27T15:29:00+00:00,2022.2,83.55,324.3,13.81,396.6,31.7,583.2,0.0592,0.89,67.4,337.4,13.5
2025-04-27T15:30:00+00:00,1995.7,84.07,369.9,13.69,380.2,29.4,567.7,0.0635,0.92,67.4,337.4,10.4
2025-04-27T15:31:00+00:00,1996.6,82.00,363.0,13.68,368.9,26.7,602.6,0.0595,0.94,67.4,337.4,11.1
2025-04-27T15:32:00+00:00,1965.9,81.53,338.2,14.19,377.1,30.4,586.9,0.0590,0.90,67.4,337.4,13.6
2025-04-27T15:33:00+00:00,1997.0,80.62,352.7,13.48,373.2,31.2,552.1,0.0586,0.84,67.4,337.4,13.1
2025-04-27T15:34:00+00:00,1895.9,82.58,344.0,13.93,356.4,28.5,616.4,0.0577,0.81,67.4,337.4,12.2
2025-04-27T15:35:00+00:00,2267.8,83.90,343.7,13.90,384.9,27.7,650.4,0.0597,0.81,67.4,337.4,11.2
2025-04-27T15:36:00+00:00,1963.1,83.96,349.0,13.91,384.2,29.6,605.6,0.0663,0.86,67.4,337.4,12.5
2025-04-27T15:37:00+00:00,2092.8,83.72,353.3,13.83,409.2,28.1,633.1,0.0591,0.83,67.4,337.4,11.8
2025-04-27T15:38:00+00:00,1987.8,80.70,347.7,13.64,396.6,32.3,550.4,0.0629,0.78,67.4,337.4,11.8
2025-04-27T15:39:00+00:00,2005.4,81.96,355.2,14.04,372.5,29.8,689.4,0.0588,0.86,67.4,337.4,11.3
2025-04-27T15:40:00+00:00,2185.3,83.61,342.9,13.86,399.6,27.6,624.0,0.0606,0.94,67.4,337.4,10.5
2025-04-27T15:41:00+00:00,2004.3,81.29,339.9,13.99,387.6,27.9,592.9,0.0584,0.78,67.4,337.4,11.4
2025-04-27T15:42:00+00:00,2196.9,80.22,341.5,13.92,408.2,32.0,582.8,0.0650,0.90,67.4,337.4,13.3
2025-04-27T15:43:00+00:00,1957.9,81.20,357.2,13.71,390.8,28.6,590.3,0.0604,0.87,67.4,337.4,11.5
2025-04-27T15:44:00+00:00,2007.0,80.18,356.6,13.55,408.5,29.8,602.4,0.0595,0.93,67.4,337.4,11.9
2025-04-27T15:45:00+00:00,2284.3,85.48,346.0,13.73,375.7,28.5,639.9,0.0615,0.96,67.4,337.4,11.9
2025-04-27T15:46:00+00:00,1928.9,82.96,355.4,13.74,369.1,29.2,593.8,0.0601,0.94,67.4,337.4,11.8
2025-04-27T15:47:00+00:00,2168.1,83.76,360.1,13.77,375.5,27.5,601.9,0.0619,0.86,67.4,337.4,11.6
2025-04-27T15:48:00+00:00,1829.1,81.15,357.6,13.92,402.0,32.1,664.6,0.0574,0.81,67.4,337.4,10.8
2025-04-27T15:49:00+00:00,2180.0,81.61,350.8,13.66,402.1,28.8,607.2,0.0603,0.92,67.4,337.4,11.6
2025-04-27T15:50:00+00:00,2077.0,82.53,354.9,13.83,391.9,28.8,656.0,0.0596,0.89,67.4,337.4,11.5
2025-04-27T15:51:00+00:00,1896.1,81.88,339.9,13.63,394.1,26.5,597.5,0.0673,0.81,67.4,337.4,13.7
2025-04-27T15:52:00+00:00,1966.5,81.82,339.9,13.95,393.0,29.1,594.9,0.0645,0.87,67.4,337.4,12.1
2025-04-27T15:53:00+00:00,1844.4,81.59,344.0,13.82,381.8,28.1,587.3,0.0581,0.87,67.4,337.4,11.3
2025-04-27T15:54:00+00:00,2192.8,84.83,349.3,13.73,388.8,29.0,551.5,0.0602,0.88,67.4,337.4,11.4
2025-04-27T15:55:00+00:00,2102.0,83.49,354.7,14.16,364.1,30.3,631.9,0.0636,0.88,67.4,337.4,13.5
2025-04-27T15:56:00+00:00,1954.5,82.23,353.7,13.78,369.8,30.3,637.7,0.0714,0.91,67.4,337.4,11.5
2025-04-27T15:57:00+00:00,2150.4,81.67,349.4,13.69,380.7,31.8,613.0,0.0601,0.91,67.4,337.4,10.9
2025-04-27T15:58:00+00:00,1901.3,81.73,352.3,13.77,371.6,31.8,631.7,0.0600,0.91,67.4,337.4,11.7
2025-04-27T15:59:00+00:00,1951.6,80.60,365.4,13.91,380.2,28.6,572.7,0.0590,0.91,67.4,337.4,11.4
2025-04-27T16:00:00+00:00,2051.4,81.74,350.0,13.83,375.2,28.9,583.5,0.0588,0.82,67.4,337.4,11.4
2025-04-27T16:01:00+00:00,2067.5,80.31,348.0,13.77,369.4,24.9,622.5,0.0602,0.83,67.4,337.4,10.7
2025-04-27T16:02:00+00:00,2216.3,82.34,341.0,13.51,400.4,29.8,629.8,0.0604,0.90,67.4,337.4,11.7
2025-04-27T16:03:00+00:00,1968.6,81.73,349.0,13.79,356.2,32.4,601.1,0.0629,0.87,67.4,337.4,14.4
2025-04-27T16:04:00+00:00,1912.1,81.19,345.9,13.62,373.7,31.5,583.5,0.0584,0.87,67.4,337.4,11.5
2025-04-27T16:05:00+00:00,2106.5,84.22,347.3,13.66,368.8,30.0,559.1,0.0607,0.87,67.4,337.4,12.0
2025-04-27T16:06:00+00:00,1926.0,83.60,358.3,13.77,364.5,28.5,605.4,0.0588,0.89,67.4,337.4,11.6
2025-04-27T16:07:00+00:00,2121.4,84.77,351.2,13.50,393.0,31.0,567.5,0.0597,0.88,67.4,337.4,14.2
2025-04-27T16:08:00+00:00,1948.2,80.04,357.0,13.67,377.0,30.9,637.7,0.0592,0.90,67.4,337.4,13.6
2025-04-27T16:09:00+00:00,2133.9,83.67,352.0,14.03,363.7,30.0,620.7,0.0697,0.85,67.4,337.4,11.3
2025-04-27T16:10:00+00:00,1955.6,80.99,352.7,14.00,379.7,32.0,574.9,0.0585,0.86,67.4,337.4,11.0
2025-04-27T16:11:00+00:00,1023.5,78.85,368.1,13.81,342.4,31.4,558.5,0.0566,0.85,67.4,337.4,12.0
2025-04-27T16:12:00+00:00,994.8,79.44,349.2,14.04,348.4,30.6,540.4,0.0541,0.86,67.4,337.4,12.1
2025-04-27T16:13:00+00:00,984.2,77.71,353.4,13.99,341.7,27.8,589.7,0.0557,0.89,67.4,337.4,11.5
2025-04-27T16:14:00+00:00,934.3,77.69,362.2,13.92,340.2,32.2,557.0,0.0526,0.80,67.4,337.4,12.8
2025-04-27T16:15:00+00:00,925.5,81.93,356.9,13.77,354.8,31.9,584.2,0.0548,0.88,67.4,337.4,10.9
2025-04-27T16:16:00+00:00,999.7,77.35,357.1,13.63,329.7,28.9,569.5,0.0533,0.84,67.4,337.4,11.8
2025-04-27T16:17:00+00:00,1031.3,79.04,353.3,13.90,331.6,29.9,525.1,0.0535,0.84,67.4,337.4,12.8
2025-04-27T16:18:00+00:00,1037.5,79.77,357.4,13.70,327.2,28.3,541.8,0.0596,0.89,67.4,337.4,11.7
2025-04-27T16:19:00+00:00,1019.9,80.14,357.8,13.79,326.4,30.5,659.0,0.0581,0.91,67.4,337.4,13.4
2025-04-27T16:20:00+00:00,994.2,77.35,375.2,13.86,360.9,30.4,545.9,0.0570,0.97,67.4,337.4,11.9
2025-04-27T16:21:00+00:00,984.1,80.20,363.9,13.98,332.0,31.8,551.6,0.0541,0.85,67.4,337.4,13.3
2025-04-28T06:00:00+00:00,1062.8,79.77,361.8,13.82,341.9,29.9,564.3,0.0598,1.17,174.8,129.8,19.6
2025-04-28T06:01:00+00:00,1103.9,78.02,357.9,13.76,346.4,30.6,570.1,0.0565,1.12,174.8,129.8,17.8
2025-04-28T06:02:00+00:00,1151.6,75.13,343.5,13.60,340.9,30.1,547.8,0.0589,1.22,174.8,129.8,17.4
2025-04-28T06:03:00+00:00,850.2,79.02,365.3,13.74,333.1,33.2,515.2,0.0627,1.15,174.8,129.8,17.3
2025-04-28T06:04:00+00:00,818.1,78.29,372.5,13.69,354.2,31.0,529.8,0.0553,1.13,174.8,129.8,17.4
2025-04-28T06:05:00+00:00,953.9,76.87,356.1,13.86,352.3,28.9,550.5,0.0562,1.16,174.8,129.8,16.4
2025-04-28T06:06:00+00:00,852.1,79.03,372.2,13.67,342.8,29.8,555.3,0.0566,1.25,174.8,129.8,18.5
2025-04-28T06:07:00+00:00,984.0,80.92,356.8,13.96,369.5,30.8,536.8,0.0595,1.12,174.8,129.8,18.2
2025-04-28T06:08:00+00:00,956.2,79.43,350.1,13.98,342.5,29.9,587.1,0.0565,1.18,174.8,129.8,17.8
2025-04-28T06:09:00+00:00,908.9,79.53,355.5,13.70,336.6,29.1,519.3,0.0584,1.15,174.8,129.8,17.7
2025-04-28T06:10:00+00:00,975.8,79.82,350.9,13.81,339.1,26.2,559.2,0.0593,1.31,174.8,129.8,18.9
2025-04-28T06:11:00+00:00,905.7,79.63,373.9,13.73,325.5,26.9,491.6,0.0562,1.18,174.8,129.8,18.9
2025-04-28T06:12:00+00:00,890.8,77.26,360.8,13.69,358.4,29.8,555.9,0.0555,1.13,174.8,129.8,18.5
2025-04-28T06:13:00+00:00,984.7,76.11,367.2,13.83,347.1,28.0,559.0,0.0568,1.20,174.8,129.8,17.5
2025-04-28T06:14:00+00:00,1910.8,82.47,349.9,13.91,378.4,28.0,616.4,0.0613,1.16,174.8,129.8,17.1
2025-04-28T06:15:00+00:00,1964.8,83.62,350.5,13.63,386.9,28.9,597.0,0.0611,1.10,174.8,129.8,17.9
2025-04-28T06:16:00+00:00,1962.4,81.37,343.2,13.91,375.0,30.1,610.4,0.0613,1.12,174.8,129.8,16.4
2025-04-28T06:17:00+00:00,2070.8,82.68,357.8,13.43,365.0,30.8,621.2,0.0627,1.15,174.8,129.8,17.4
2025-04-28T06:18:00+00:00,1964.7,81.18,344.8,13.63,376.9,30.8,625.5,0.0613,1.12,174.8,129.8,16.3
2025-04-28T06:19:00+00:00,2019.5,82.47,358.8,13.59,376.7,29.1,646.9,0.0682,1.14,174.8,129.8,19.0
2025-04-28T06:20:00+00:00,1986.1,83.48,345.2,13.82,383.2,30.8,588.2,0.0616,1.15,174.8,129.8,15.9
2025-04-28T06:21:00+00:00,1927.2,81.04,357.2,13.63,389.0,30.9,602.7,0.0636,1.24,174.8,129.8,18.4
2025-04-28T06:22:00+00:00,1974.4,82.22,343.2,13.65,370.0,27.9,609.3,0.0617,1.17,174.8,129.8,16.5
2025-04-28T06:23:00+00:00,2070.8,83.59,354.1,13.94,401.0,29.5,665.0,0.0711,1.11,174.8,129.8,15.8
2025-04-28T06:24:00+00:00,2038.7,83.14,337.9,13.76,401.9,31.6,595.6,0.0625,1.21,174.8,129.8,16.6
2025-04-28T06:25:00+00:00,2128.6,83.35,341.0,13.84,358.4,33.7,589.7,0.0630,1.21,174.8,129.8,17.3
2025-04-28T06:26:00+00:00,1810.1,81.47,341.9,13.85,370.7,30.7,584.4,0.0608,1.15,174.8,129.8,17.3
2025-04-28T06:27:00+00:00,2223.3,82.40,345.1,13.97,379.2,28.8,584.5,0.0655,1.20,174.8,129.8,18.0
2025-04-28T06:28:00+00:00,1908.2,81.77,359.2,14.03,390.8,30.0,534.1,0.0621,1.24,174.8,129.8,18.2
2025-04-28T06:29:00+00:00,2310.6,82.97,335.5,13.79,386.6,31.1,586.8,0.0639,1.14,174.8,129.8,17.7
2025-04-28T06:30:00+00:00,2065.6,82.31,356.8,13.67,390.9,27.7,580.5,0.0687,1.10,174.8,129.8,17.4
2025-04-28T06:31:00+00:00,1939.3,86.48,349.2,13.66,368.9,31.5,644.8,0.0616,1.17,174.8,129.8,16.2
2025-04-28T06:32:00+00:00,2317.1,85.26,341.6,13.87,388.9,28.2,559.5,0.0712,1.13,174.8,129.8,17.9
2025-04-28T06:33:00+00:00,1963.7,81.14,335.8,13.60,381.0,30.4,627.8,0.0647,1.16,174.8,129.8,18.4
2025-04-28T06:34:00+00:00,2060.2,81.73,343.9,13.58,397.5,28.6,614.5,0.0630,1.21,174.8,129.8,17.7
2025-04-28T06:35:00+00:00,2147.3,82.10,334.7,13.78,395.1,28.2,597.3,0.0693,1.23,174.8,129.8,16.9
2025-04-28T06:36:00+00:00,1969.6,85.61,376.5,13.75,374.2,30.9,547.1,0.0636,1.18,174.8,129.8,16.5
2025-04-28T06:37:00+00:00,1994.9,80.06,363.9,13.91,396.7,29.4,620.8,0.0662,1.13,174.8,129.8,17.8
2025-04-28T06:38:00+00:00,1946.1,82.45,340.2,13.84,380.2,28.9,608.5,0.0618,1.19,174.8,129.8,18.0
2025-04-28T06:39:00+00:00,2216.6,82.76,350.6,14.05,399.4,30.3,594.6,0.0749,1.20,174.8,129.8,18.2
2025-04-28T06:40:00+00:00,1891.9,83.27,350.5,14.08,386.8,29.1,567.2,0.0608,1.12,174.8,129.8,16.2
2025-04-28T06:41:00+00:00,2058.6,79.61,349.6,13.81,372.8,28.8,581.4,0.0627,1.20,174.8,129.8,18.2
2025-04-28T06:42:00+00:00,1873.3,81.35,343.5,13.85,378.9,30.4,562.4,0.0602,1.06,174.8,129.8,15.8
2025-04-28T06:43:00+00:00,2080.7,79.33,339.4,13.82,376.0,28.8,626.2,0.0629,1.23,174.8,129.8,16.9
2025-04-28T06:44:00+00:00,2117.1,81.01,353.7,13.62,398.5,29.6,623.4,0.0635,1.27,174.8,129.8,19.2
2025-04-28T06:45:00+00:00,2021.0,80.27,333.9,13.60,359.7,29.7,573.7,0.0684,1.22,174.8,129.8,17.2
2025-04-28T06:46:00+00:00,1946.8,83.88,352.4,13.81,349.8,30.9,604.3,0.0627,1.17,174.8,129.8,15.5
2025-04-28T06:47:00+00:00,2151.2,81.95,348.4,13.38,384.1,29.2,651.3,0.0623,1.13,174.8,129.8,18.8
2025-04-28T06:48:00+00:00,2129.6,86.72,348.0,13.56,384.2,30.1,581.9,0.0617,1.08,174.8,129.8,16.1
2025-04-28T06:49:00+00:00,2130.3,83.35,342.1,13.81,364.2,28.5,592.4,0.0644,1.16,174.8,129.8,16.6
2025-04-28T06:50:00+00:00,2160.0,82.26,345.1,14.02,381.8,29.0,588.4,0.0654,1.19,174.8,129.8,18.2
2025-04-28T06:51:00+00:00,1884.1,81.65,347.3,13.87,347.4,31.2,530.9,0.0630,1.12,174.8,129.8,15.2
2025-04-28T06:52:00+00:00,1958.6,83.69,355.3,13.90,381.6,28.0,632.4,0.0619,1.19,174.8,129.8,17.3
2025-04-28T06:53:00+00:00,2026.8,81.65,361.4,13.44,404.1,31.2,630.0,0.0619,1.15,174.8,129.8,17.9
2025-04-28T06:54:00+00:00,1944.1,83.93,356.2,13.93,391.4,31.4,549.7,0.0623,1.25,174.8,129.8,18.3
2025-04-28T06:55:00+00:00,2168.1,79.09,351.5,13.77,376.1,28.4,579.4,0.0635,1.23,174.8,129.8,16.8
2025-04-28T06:56:00+00:00,2061.2,83.30,364.1,13.82,388.7,30.9,552.7,0.0642,1.20,174.8,129.8,16.9
2025-04-28T06:57:00+00:00,1956.1,79.56,352.1,13.72,369.3,30.8,641.6,0.0627,1.28,174.8,129.8,17.2
2025-04-28T06:58:00+00:00,1968.4,82.16,361.6,13.74,377.8,27.7,584.1,0.0620,1.19,174.8,129.8,18.1
2025-04-28T06:59:00+00:00,2140.3,81.95,348.9,13.90,395.5,29.4,615.8,0.0739,1.12,174.8,129.8,16.1
2025-04-28T07:00:00+00:00,2010.9,84.07,346.4,13.82,371.9,30.2,582.1,0.0621,1.18,174.8,129.8,15.9
2025-04-28T07:01:00+00:00,1943.4,83.51,353.3,13.90,394.6,28.8,615.6,0.0629,1.19,174.8,129.8,15.9
2025-04-28T07:02:00+00:00,1975.4,82.24,349.1,13.91,403.9,26.9,604.3,0.0621,1.20,174.8,129.8,19.3
2025-04-28T07:03:00+00:00,1883.7,80.30,343.3,13.49,353.2,30.1,581.5,0.0612,1.17,174.8,129.8,16.7
2025-04-28T07:04:00+00:00,1989.0,85.73,337.8,13.65,373.5,28.7,615.9,0.0639,1.22,174.8,129.8,17.5
2025-04-28T07:05:00+00:00,2189.2,84.17,355.3,13.82,373.6,29.5,598.8,0.0636,1.24,174.8,129.8,16.5
2025-04-28T07:06:00+00:00,2041.6,82.82,342.4,14.04,370.0,27.2,587.6,0.0650,1.22,174.8,129.8,16.2
2025-04-28T07:07:00+00:00,1869.1,78.99,353.4,13.72,349.7,24.9,571.5,0.0614,1.18,174.8,129.8,17.0
2025-04-28T07:08:00+00:00,2025.8,80.44,354.2,13.51,389.5,28.7,584.6,0.0616,1.13,174.8,129.8,18.5
2025-04-28T07:09:00+00:00,2538.2,83.76,363.9,13.79,398.5,31.7,575.4,0.0651,1.19,174.8,129.8,17.5
2025-04-28T07:10:00+00:00,1956.6,84.86,348.9,13.66,372.8,31.4,621.0,0.0620,1.21,174.8,129.8,17.0
2025-04-28T07:11:00+00:00,1823.0,79.04,358.1,13.82,390.1,31.7,609.0,0.0678,1.12,174.8,129.8,17.7
2025-04-28T07:12:00+00:00,1996.0,83.22,345.6,13.72,388.3,32.4,608.3,0.0658,1.17,174.8,129.8,16.4
2025-04-28T07:13:00+00:00,2066.7,82.76,345.7,13.63,372.7,31.0,590.9,0.0627,1.18,174.8,129.8,15.9
2025-04-28T07:14:00+00:00,2031.9,82.40,352.7,13.90,365.2,30.1,665.8,0.0627,1.22,174.8,129.8,16.2
2025-04-28T07:15:00+00:00,2103.8,83.77,344.9,13.77,399.1,30.5,600.9,0.0628,1.20,174.8,129.8,18.0
2025-04-28T07:16:00+00:00,2121.8,84.28,349.1,13.58,409.8,27.8,590.8,0.0629,1.20,174.8,129.8,17.3
2025-04-28T07:17:00+00:00,2091.6,83.36,338.9,13.58,361.2,28.5,664.8,0.0624,1.17,174.8,129.8,19.0
2025-04-28T07:18:00+00:00,2020.3,81.65,352.1,13.55,376.2,29.8,653.6,0.0622,1.20,174.8,129.8,17.1
2025-04-28T07:19:00+00:00,2193.9,84.51,342.8,13.81,391.0,30.5,585.4,0.0681,1.19,174.8,129.8,17.2
2025-04-28T07:20:00+00:00,2450.7,81.68,359.3,13.79,389.8,31.0,582.9,0.0650,1.16,174.8,129.8,16.1
2025-04-28T07:21:00+00:00,2055.0,84.28,344.7,13.95,404.9,30.4,567.3,0.0617,1.13,174.8,129.8,17.5
2025-04-28T07:22:00+00:00,1794.0,81.70,348.4,13.77,357.8,28.3,604.1,0.0614,1.17,174.8,129.8,19.1
2025-04-28T07:23:00+00:00,2023.0,82.89,342.3,13.78,401.0,28.5,685.9,0.0694,1.14,174.8,129.8,17.6
2025-04-28T07:24:00+00:00,2438.5,84.75,347.5,14.11,399.0,30.8,552.7,0.0650,1.23,174.8,129.8,15.1
2025-04-28T07:25:00+00:00,2162.3,80.66,341.6,13.69,400.0,28.7,655.7,0.0635,1.25,174.8,129.8,16.5
2025-04-28T07:26:00+00:00,1882.8,82.35,348.8,13.58,357.2,29.0,564.2,0.0613,1.16,174.8,129.8,16.9
2025-04-28T07:27:00+00:00,2082.9,81.09,351.2,13.81,376.4,28.6,655.0,0.0628,1.22,174.8,129.8,18.4
2025-04-28T07:28:00+00:00,2484.2,82.76,345.3,13.56,388.8,27.7,591.0,0.0655,1.22,174.8,129.8,18.6
2025-04-28T07:29:00+00:00,2120.8,80.77,356.3,13.79,385.9,29.8,614.5,0.0617,1.09,174.8,129.8,17.4
2025-04-28T07:30:00+00:00,2210.0,83.91,355.1,13.80,374.3,33.3,595.3,0.0656,1.15,174.8,129.8,18.7
2025-04-28T07:31:00+00:00,1822.9,79.28,353.6,13.65,366.3,29.4,525.6,0.0656,1.25,174.8,129.8,18.9
2025-04-28T07:32:00+00:00,2438.8,83.35,348.6,13.66,406.4,27.8,634.6,0.0717,1.12,174.8,129.8,17.6
2025-04-28T07:33:00+00:00,2072.6,82.76,338.5,13.66,392.1,28.5,601.1,0.0701,1.19,174.8,129.8,17.5
2025-04-28T07:34:00+00:00,2155.9,85.64,339.3,13.87,406.8,31.8,618.3,0.0668,1.08,174.8,129.8,16.8
2025-04-28T07:35:00+00:00,1832.6,80.29,357.2,13.92,378.0,29.6,610.2,0.0756,1.21,174.8,129.8,17.1
2025-04-28T07:36:00+00:00,2075.7,83.40,351.9,13.79,360.7,30.1,624.2,0.0652,1.20,174.8,129.8,16.4
2025-04-28T07:37:00+00:00,2544.6,82.11,332.2,13.65,360.1,27.9,619.0,0.0657,1.26,174.8,129.8,17.6
2025-04-28T07:38:00+00:00,2082.3,81.03,341.3,13.77,379.8,30.6,633.7,0.0627,1.20,174.8,129.8,16.9
2025-04-28T07:39:00+00:00,2494.3,83.88,350.4,13.79,381.9,29.9,574.8,0.0644,1.17,174.8,129.8,18.5
2025-04-28T07:40:00+00:00,2201.6,83.65,363.0,13.71,398.4,31.1,620.1,0.0658,1.15,174.8,129.8,17.1
2025-04-28T07:41:00+00:00,1934.2,83.24,337.9,13.67,359.2,31.4,614.9,0.0621,1.22,174.8,129.8,15.4
2025-04-28T07:42:00+00:00,1844.1,83.94,342.4,13.92,373.9,30.3,575.7,0.0610,1.14,174.8,129.8,18.1
2025-04-28T07:43:00+00:00,1860.0,82.76,362.5,13.94,376.2,31.1,603.3,0.0698,1.16,174.8,129.8,16.3
2025-04-28T07:44:00+00:00,2097.6,80.84,359.8,13.69,389.7,29.2,624.2,0.0673,1.20,174.8,129.8,16.2
2025-04-28T07:45:00+00:00,1922.6,82.84,353.1,14.00,383.4,32.9,594.5,0.0645,1.14,174.8,129.8,16.6
2025-04-28T07:46:00+00:00,2036.3,84.60,345.5,13.94,402.0,30.5,576.9,0.0628,1.21,174.8,129.8,17.3
2025-04-28T07:47:00+00:00,1944.4,81.94,351.2,13.79,396.9,29.9,641.0,0.0620,1.22,174.8,129.8,18.6
2025-04-28T07:48:00+00:00,2072.8,78.92,354.8,13.75,358.0,26.9,662.2,0.0677,1.19,174.8,129.8,16.6
2025-04-28T07:49:00+00:00,1932.0,79.50,347.9,13.83,382.3,28.7,589.8,0.0611,1.13,174.8,129.8,17.1
2025-04-28T07:50:00+00:00,2081.4,79.92,351.7,13.82,370.1,30.5,651.1,0.0629,1.22,174.8,129.8,17.1
2025-04-28T07:51:00+00:00,2011.8,80.52,341.4,13.98,369.7,29.0,600.5,0.0624,1.20,174.8,129.8,15.0
2025-04-28T07:52:00+00:00,2091.4,82.59,346.7,13.73,395.9,31.7,640.6,0.0657,1.22,174.8,129.8,18.6
2025-04-28T07:53:00+00:00,1898.6,81.03,355.5,14.09,375.9,29.6,627.6,0.0666,1.16,174.8,129.8,17.8
2025-04-28T07:54:00+00:00,1986.1,80.48,345.2,13.89,378.7,30.4,544.7,0.0676,1.25,174.8,129.8,19.0
2025-04-28T07:55:00+00:00,1883.8,79.48,363.0,13.55,369.7,28.9,556.5,0.0721,1.11,174.8,129.8,15.3
2025-04-28T07:56:00+00:00,1953.8,79.48,368.2,13.73,383.8,30.6,617.1,0.0735,1.17,174.8,129.8,16.2
2025-04-28T07:57:00+00:00,2065.8,82.65,348.8,14.08,383.4,27.8,570.2,0.0640,1.27,174.8,129.8,17.0
2025-04-28T07:58:00+00:00,1868.5,85.48,343.7,13.68,369.4,29.1,598.2,0.0752,1.22,174.8,129.8,17.6
2025-04-28T07:59:00+00:00,2154.9,82.79,348.2,13.92,395.9,30.4,607.7,0.0701,1.28,174.8,129.8,17.2
2025-04-28T08:00:00+00:00,1995.0,82.44,344.5,13.93,399.0,26.3,541.4,0.0650,1.09,174.8,129.8,17.4
2025-04-28T08:01:00+00:00,2004.3,81.53,356.3,13.86,402.2,31.6,624.0,0.0619,1.16,174.8,129.8,17.1
2025-04-28T08:02:00+00:00,2152.6,85.36,352.1,13.64,376.2,28.9,625.1,0.0620,1.11,174.8,129.8,16.7
2025-04-28T08:03:00+00:00,1963.9,81.53,339.4,13.70,400.1,30.3,610.2,0.0694,1.18,174.8,129.8,17.7
2025-04-28T08:04:00+00:00,1975.5,83.79,348.3,14.10,406.3,27.2,621.5,0.0611,1.11,174.8,129.8,16.7
2025-04-28T08:05:00+00:00,1885.6,81.56,363.3,13.72,374.7,31.0,600.2,0.0663,1.26,174.8,129.8,17.7
2025-04-28T08:06:00+00:00,2193.9,84.14,339.4,13.93,378.2,32.1,561.5,0.0635,1.22,174.8,129.8,15.0
2025-04-28T08:07:00+00:00,2083.6,82.35,349.5,13.86,379.5,31.3,568.8,0.0652,1.23,174.8,129.8,15.4
2025-04-28T08:08:00+00:00,1915.9,82.47,344.1,14.07,388.3,28.6,559.1,0.0644,1.15,174.8,129.8,18.3
2025-04-28T08:09:00+00:00,1988.5,83.87,352.3,13.63,379.4,28.6,600.8,0.0624,1.14,174.8,129.8,16.1
2025-04-28T08:10:00+00:00,1935.0,81.20,345.1,13.69,379.7,29.6,595.2,0.0614,1.10,174.8,129.8,17.5
2025-04-28T08:11:00+00:00,1886.3,81.26,346.9,13.64,378.3,28.3,588.8,0.0703,1.19,174.8,129.8,16.5
2025-04-28T08:12:00+00:00,2002.5,84.98,352.3,13.69,374.4,28.9,566.8,0.0717,1.23,174.8,129.8,16.6
2025-04-28T08:13:00+00:00,1914.6,80.69,346.6,14.02,374.5,29.6,588.9,0.0607,1.11,174.8,129.8,18.2
2025-04-28T08:14:00+00:00,1893.6,81.15,350.7,13.78,373.4,32.5,633.8,0.0657,1.25,174.8,129.8,18.3
2025-04-28T08:15:00+00:00,2160.5,82.48,358.1,13.87,395.1,30.5,587.5,0.0627,1.17,174.8,129.8,18.2
2025-04-28T08:16:00+00:00,2129.7,82.26,347.8,13.63,389.2,31.4,640.4,0.0630,1.21,174.8,129.8,19.2
2025-04-28T08:17:00+00:00,2051.9,82.81,358.7,13.91,376.5,27.2,578.5,0.0653,1.13,174.8,129.8,17.5
2025-04-28T08:18:00+00:00,1958.9,83.12,353.2,13.87,359.6,32.1,631.1,0.0634,1.05,174.8,129.8,16.4
2025-04-28T08:19:00+00:00,2012.1,83.83,354.0,13.77,366.7,28.6,590.8,0.0665,1.17,174.8,129.8,18.0
2025-04-28T08:20:00+00:00,2004.8,81.23,356.1,13.92,379.3,26.5,612.2,0.0621,1.20,174.8,129.8,18.6
2025-04-28T08:21:00+00:00,2063.9,82.17,338.4,13.58,391.6,29.4,657.0,0.0622,1.16,174.8,129.8,17.4
2025-04-28T08:22:00+00:00,2152.7,82.72,344.7,13.84,366.8,29.0,606.7,0.0659,1.21,174.8,129.8,17.2
2025-04-28T08:23:00+00:00,2006.2,81.59,353.6,13.85,370.8,28.5,610.4,0.0611,1.08,174.8,129.8,15.6
2025-04-28T08:24:00+00:00,2110.9,79.52,341.2,14.02,382.4,30.3,590.8,0.0618,1.11,174.8,129.8,16.0
2025-04-28T08:25:00+00:00,1961.9,81.85,345.6,13.93,368.2,28.1,543.2,0.0639,1.19,174.8,129.8,17.6
2025-04-28T08:26:00+00:00,2054.2,79.54,358.4,13.83,378.6,31.4,609.9,0.0622,1.18,174.8,129.8,16.3
2025-04-28T08:27:00+00:00,1977.7,80.43,345.7,13.68,350.0,31.6,576.3,0.0606,1.06,174.8,129.8,17.2
2025-04-28T08:28:00+00:00,1863.3,81.88,353.8,13.76,364.0,31.3,597.5,0.0649,1.17,174.8,129.8,16.4
2025-04-28T08:29:00+00:00,1916.8,78.43,357.8,13.87,387.7,27.8,557.6,0.0638,1.17,174.8,129.8,18.5
2025-04-28T08:30:00+00:00,1915.5,82.74,352.3,13.59,382.8,27.9,646.0,0.0618,1.20,174.8,129.8,15.8
2025-04-28T08:31:00+00:00,2047.6,83.42,349.1,13.83,399.2,29.2,597.2,0.0662,1.20,174.8,129.8,15.2
2025-04-28T08:32:00+00:00,2045.0,83.71,342.8,13.78,398.6,30.1,604.6,0.0616,1.12,174.8,129.8,18.0
2025-04-28T08:33:00+00:00,1057.4,77.59,346.5,13.55,361.7,30.4,511.5,0.0687,1.15,174.8,129.8,16.3
2025-04-28T08:34:00+00:00,991.3,78.46,359.6,13.88,338.2,30.8,515.6,0.0570,1.20,174.8,129.8,17.6
2025-04-28T08:35:00+00:00,960.7,79.02,353.5,13.90,360.1,29.4,538.1,0.0609,1.17,174.8,129.8,18.2
2025-04-28T08:36:00+00:00,965.0,79.06,365.8,13.74,353.5,28.9,598.8,0.0571,1.24,174.8,129.8,18.5
2025-04-28T08:37:00+00:00,865.3,77.88,365.0,13.66,339.4,31.5,552.5,0.0570,1.22,174.8,129.8,17.5
2025-04-28T08:38:00+00:00,1008.8,78.72,339.7,13.65,362.1,32.0,545.4,0.0564,1.16,174.8,129.8,16.5
2025-04-28T08:39:00+00:00,1043.4,80.48,366.8,13.75,357.1,31.6,558.0,0.0604,1.10,174.8,129.8,16.3
2025-04-28T08:40:00+00:00,1044.3,79.71,366.1,13.87,353.0,30.3,517.3,0.0564,1.11,174.8,129.8,19.1
2025-04-28T08:41:00+00:00,1094.1,78.27,335.8,13.90,344.0,27.6,507.0,0.0569,1.15,174.8,129.8,18.1
2025-04-28T08:42:00+00:00,1016.9,79.21,352.9,13.73,333.3,29.8,579.0,0.0563,1.14,174.8,129.8,17.3
2025-04-28T08:43:00+00:00,948.1,77.61,363.7,13.77,355.4,30.4,553.8,0.0567,1.21,174.8,129.8,17.3
2025-04-28T08:44:00+00:00,1046.8,79.21,355.6,13.79,342.3,28.1,604.2,0.0563,1.13,174.8,129.8,15.7
2025-04-28T08:45:00+00:00,945.3,79.36,364.5,13.62,331.7,30.1,571.1,0.0572,1.26,174.8,129.8,16.5
2025-04-28T14:00:00+00:00,896.3,75.61,352.7,14.07,352.4,29.8,599.4,0.0621,1.20,174.8,129.8,16.8
2025-04-28T14:01:00+00:00,1082.9,80.06,358.8,13.79,351.4,29.4,539.9,0.0573,1.21,174.8,129.8,18.2
2025-04-28T14:02:00+00:00,950.9,78.56,357.0,13.77,370.1,28.9,505.8,0.0629,1.14,174.8,129.8,16.6
2025-04-28T14:03:00+00:00,933.9,80.18,345.2,13.66,340.6,30.4,542.8,0.0590,1.19,174.8,129.8,17.2
2025-04-28T14:04:00+00:00,974.0,79.29,363.0,13.50,353.5,28.9,577.3,0.0624,1.25,174.8,129.8,17.0
2025-04-28T14:05:00+00:00,1075.0,81.51,353.3,13.70,357.7,27.7,500.3,0.0597,1.19,174.8,129.8,18.3
2025-04-28T14:06:00+00:00,1084.5,77.80,343.2,13.82,361.0,28.9,559.6,0.0579,1.20,174.8,129.8,16.3
2025-04-28T14:07:00+00:00,1112.4,77.81,357.9,14.00,371.6,26.1,529.8,0.0568,1.14,174.8,129.8,18.1
2025-04-28T14:08:00+00:00,968.6,77.51,361.6,13.96,363.1,28.2,560.8,0.0570,1.23,174.8,129.8,17.8
2025-04-28T14:09:00+00:00,1071.4,81.48,372.5,13.80,362.8,28.5,594.6,0.0567,1.15,174.8,129.8,19.1
2025-04-28T14:10:00+00:00,1020.0,78.84,355.8,13.70,353.5,27.0,560.7,0.0614,1.15,174.8,129.8,16.8
2025-04-28T14:11:00+00:00,2137.6,81.82,355.6,13.69,386.9,29.7,621.0,0.0625,1.15,174.8,129.8,16.5
2025-04-28T14:12:00+00:00,1736.0,79.97,344.3,13.86,357.7,29.4,584.1,0.0600,1.12,174.8,129.8,15.0
2025-04-28T14:13:00+00:00,2134.5,83.42,359.0,13.84,363.8,27.8,597.9,0.0649,1.08,174.8,129.8,16.4
2025-04-28T14:14:00+00:00,1933.2,83.17,347.9,13.64,396.4,27.9,606.1,0.0612,1.14,174.8,129.8,16.8
2025-04-28T14:15:00+00:00,2085.9,81.77,355.6,13.89,393.6,28.3,590.8,0.0683,1.19,174.8,129.8,16.4
2025-04-28T14:16:00+00:00,1981.7,79.97,345.4,13.80,365.5,29.7,640.5,0.0635,1.15,174.8,129.8,16.8
2025-04-28T14:17:00+00:00,2148.4,81.71,352.8,13.74,375.1,27.9,598.2,0.0665,1.11,174.8,129.8,19.4
2025-04-28T14:18:00+00:00,1875.3,83.76,347.1,14.04,366.2,29.6,563.6,0.0610,1.15,174.8,129.8,17.5
2025-04-28T14:19:00+00:00,1902.2,81.40,346.0,14.09,378.9,31.0,563.6,0.0619,1.22,174.8,129.8,18.5
2025-04-28T14:20:00+00:00,2147.6,83.81,340.9,14.04,382.6,28.9,649.3,0.0678,1.10,174.8,129.8,15.9
2025-04-28T14:21:00+00:00,1970.1,82.28,354.1,13.75,376.0,30.4,547.1,0.0612,1.11,174.8,129.8,15.9
2025-04-28T14:22:00+00:00,2149.1,81.64,341.2,13.63,386.2,31.8,556.6,0.0625,1.15,174.8,129.8,15.9
2025-04-28T14:23:00+00:00,2331.2,85.64,352.8,13.85,396.2,29.4,629.0,0.0656,1.18,174.8,129.8,17.0
2025-04-28T14:24:00+00:00,2066.6,82.74,342.8,13.88,373.3,27.0,609.8,0.0623,1.17,174.8,129.8,17.4
2025-04-28T14:25:00+00:00,1998.4,80.94,355.3,13.95,357.9,31.4,618.0,0.0617,1.15,174.8,129.8,17.7
2025-04-28T14:26:00+00:00,2043.2,81.07,344.5,13.49,380.5,28.3,531.0,0.0623,1.19,174.8,129.8,18.3
2025-04-28T14:27:00+00:00,1761.0,81.23,357.6,13.88,358.3,31.9,586.0,0.0606,1.18,174.8,129.8,18.2
2025-04-28T14:28:00+00:00,1957.3,83.37,366.6,13.72,402.7,31.7,632.9,0.0617,1.16,174.8,129.8,17.7
2025-04-28T14:29:00+00:00,2232.7,81.41,343.4,13.98,385.6,30.6,609.4,0.0665,1.09,174.8,129.8,15.8
2025-04-28T14:30:00+00:00,1930.8,79.11,356.4,13.91,368.1,31.6,575.6,0.0724,1.17,174.8,129.8,16.4
2025-04-28T14:31:00+00:00,1905.4,83.49,341.6,13.79,367.9,27.5,609.7,0.0633,1.29,174.8,129.8,18.1
2025-04-28T14:32:00+00:00,1938.7,79.60,351.6,13.52,384.4,33.1,584.7,0.0716,1.28,174.8,129.8,18.7
2025-04-28T14:33:00+00:00,2085.9,83.17,347.2,13.64,392.7,29.0,584.0,0.0626,1.20,174.8,129.8,16.4
2025-04-28T14:34:00+00:00,2012.6,82.64,354.3,13.96,384.6,31.3,575.3,0.0617,1.14,174.8,129.8,17.6
2025-04-28T14:35:00+00:00,2021.7,83.39,355.2,14.08,387.3,31.3,599.1,0.0623,1.20,174.8,129.8,17.2
2025-04-28T14:36:00+00:00,2003.7,81.77,350.2,13.78,383.7,29.8,595.2,0.0623,1.20,174.8,129.8,16.2
2025-04-28T14:37:00+00:00,2052.1,82.26,344.4,13.97,371.0,29.2,630.6,0.0617,1.14,174.8,129.8,17.7
2025-04-28T14:38:00+00:00,1881.6,78.76,354.3,13.72,371.1,31.3,617.9,0.0615,1.18,174.8,129.8,16.8
2025-04-28T14:39:00+00:00,1896.8,82.04,348.8,14.05,380.2,30.7,591.2,0.0614,1.19,174.8,129.8,16.9
2025-04-28T14:40:00+00:00,2102.5,82.46,345.3,13.81,370.8,27.3,611.4,0.0625,1.16,174.8,129.8,17.8
2025-04-28T14:41:00+00:00,2127.0,83.43,350.2,13.87,374.6,30.5,594.5,0.0628,1.13,174.8,129.8,16.5
2025-04-28T14:42:00+00:00,2272.2,81.88,338.8,14.12,373.3,30.3,567.9,0.0636,1.19,174.8,129.8,16.8
2025-04-28T14:43:00+00:00,2135.4,83.47,354.9,13.53,396.3,28.3,591.2,0.0625,1.15,174.8,129.8,17.0
2025-04-28T14:44:00+00:00,2035.9,81.96,351.8,13.83,364.3,29.0,610.2,0.0619,1.16,174.8,129.8,16.8
2025-04-28T14:45:00+00:00,2042.0,79.69,344.7,13.67,365.3,28.8,612.6,0.0651,1.22,174.8,129.8,17.2
2025-04-28T14:46:00+00:00,2031.4,79.59,346.0,13.74,378.1,30.0,589.9,0.0628,1.22,174.8,129.8,17.4
2025-04-28T14:47:00+00:00,1982.2,82.72,347.9,13.83,378.3,29.9,610.3,0.0650,1.10,174.8,129.8,16.4
2025-04-28T14:48:00+00:00,1998.6,82.27,352.6,13.63,378.3,30.6,580.0,0.0620,1.18,174.8,129.8,15.4
2025-04-28T14:49:00+00:00,1947.7,82.88,345.6,13.87,364.1,31.6,638.2,0.0609,1.10,174.8,129.8,17.5
2025-04-28T14:50:00+00:00,1979.2,80.99,357.8,13.84,375.4,32.1,625.2,0.0639,1.20,174.8,129.8,18.5
2025-04-28T14:51:00+00:00,2107.4,84.27,345.6,13.80,361.8,29.1,599.2,0.0626,1.18,174.8,129.8,15.9
2025-04-28T14:52:00+00:00,1907.4,81.44,347.6,13.77,373.6,31.5,572.1,0.0631,1.14,174.8,129.8,18.3
2025-04-28T14:53:00+00:00,1916.6,82.23,349.2,13.85,371.5,31.4,617.2,0.0673,1.10,174.8,129.8,18.3
2025-04-28T14:54:00+00:00,1919.5,81.41,365.2,13.85,361.3,28.8,609.7,0.0622,1.24,174.8,129.8,19.4
2025-04-28T14:55:00+00:00,2011.6,81.18,347.5,13.78,361.0,30.5,582.8,0.0662,1.22,174.8,129.8,17.9
2025-04-28T14:56:00+00:00,2014.2,80.52,351.2,13.75,363.1,30.4,601.5,0.0621,1.19,174.8,129.8,18.7
2025-04-28T14:57:00+00:00,2026.2,83.29,341.8,14.13,386.4,31.0,577.5,0.0630,1.25,174.8,129.8,19.0
2025-04-28T14:58:00+00:00,1906.1,81.04,351.1,13.86,385.5,25.5,596.1,0.0682,1.25,174.8,129.8,16.4
2025-04-28T14:59:00+00:00,2042.0,83.21,357.4,13.70,377.4,29.8,599.1,0.0665,1.19,174.8,129.8,17.3
2025-04-28T15:00:00+00:00,1740.8,78.85,352.5,13.68,357.2,31.0,617.0,0.0607,1.18,174.8,129.8,18.4
2025-04-28T15:01:00+00:00,2108.7,81.88,361.1,13.52,371.3,29.7,577.9,0.0646,1.13,174.8,129.8,17.0
2025-04-28T15:02:00+00:00,2521.8,85.05,336.5,13.61,394.5,27.2,637.2,0.0644,1.13,174.8,129.8,18.5
2025-04-28T15:03:00+00:00,2179.5,84.91,342.0,13.77,391.4,31.3,600.6,0.0645,1.17,174.8,129.8,16.4
2025-04-28T15:04:00+00:00,1886.2,83.43,339.1,13.90,379.7,28.4,611.6,0.0622,1.25,174.8,129.8,18.7
2025-04-28T15:05:00+00:00,2302.4,82.35,337.9,13.73,403.3,28.4,626.6,0.0670,1.18,174.8,129.8,16.6
2025-04-28T15:06:00+00:00,2445.5,87.30,342.4,13.63,410.4,29.2,681.6,0.0789,1.20,174.8,129.8,17.8
2025-04-28T15:07:00+00:00,1827.5,83.65,352.8,13.88,368.3,26.9,606.1,0.0638,1.23,174.8,129.8,18.9
2025-04-28T15:08:00+00:00,2561.9,81.86,346.6,13.84,383.8,28.2,592.4,0.0689,1.20,174.8,129.8,18.0
2025-04-28T15:09:00+00:00,1998.0,82.89,362.9,14.03,379.7,28.5,589.8,0.0642,1.20,174.8,129.8,17.4
2025-04-28T15:10:00+00:00,1969.2,82.88,359.9,13.65,379.5,29.3,642.9,0.0690,1.22,174.8,129.8,16.5
2025-04-28T15:11:00+00:00,2101.3,87.10,347.4,13.90,387.4,30.6,630.1,0.0632,1.23,174.8,129.8,17.1
2025-04-28T15:12:00+00:00,2468.0,82.37,343.6,13.79,417.8,28.7,667.9,0.0641,1.15,174.8,129.8,17.0
2025-04-28T15:13:00+00:00,2456.8,84.53,340.6,13.92,411.7,31.0,614.2,0.0648,1.13,174.8,129.8,16.8
2025-04-28T15:14:00+00:00,2122.5,82.75,342.0,13.74,349.2,28.6,592.2,0.0686,1.11,174.8,129.8,17.7
2025-04-28T15:15:00+00:00,2034.9,79.97,355.1,13.76,385.6,31.1,599.9,0.0623,1.18,174.8,129.8,17.5
2025-04-28T15:16:00+00:00,2112.5,82.96,355.0,13.65,381.5,28.2,578.4,0.0630,1.22,174.8,129.8,17.5
2025-04-28T15:17:00+00:00,2012.7,78.46,353.1,13.84,381.4,29.2,616.2,0.0631,1.27,174.8,129.8,16.2
2025-04-28T15:18:00+00:00,2495.1,86.17,348.4,13.73,419.8,30.8,662.8,0.0675,1.09,174.8,129.8,14.1
2025-04-28T15:19:00+00:00,2512.7,82.44,350.5,14.07,414.3,30.2,547.6,0.0644,1.13,174.8,129.8,17.5
2025-04-28T15:20:00+00:00,2013.3,82.62,350.6,13.72,390.9,28.8,596.1,0.0633,1.30,174.8,129.8,17.6
2025-04-28T15:21:00+00:00,2524.6,84.05,333.1,13.70,385.6,28.2,653.5,0.0647,1.17,174.8,129.8,17.6
2025-04-28T15:22:00+00:00,1883.5,81.55,355.3,13.96,382.5,34.3,557.3,0.0610,1.13,174.8,129.8,15.8
2025-04-28T15:23:00+00:00,2051.0,83.98,333.1,13.71,399.4,29.7,547.7,0.0644,1.13,174.8,129.8,16.6
2025-04-28T15:24:00+00:00,1875.3,80.24,336.2,13.48,374.7,29.6,546.6,0.0612,1.14,174.8,129.8,18.1
2025-04-28T15:25:00+00:00,1972.2,82.55,343.2,13.91,386.9,28.0,623.0,0.0632,1.17,174.8,129.8,15.7
2025-04-28T15:26:00+00:00,1921.4,80.17,368.7,13.90,354.3,29.4,534.5,0.0622,1.24,174.8,129.8,17.4
2025-04-28T15:27:00+00:00,1846.2,83.76,340.9,13.77,392.7,27.0,624.8,0.0614,1.19,174.8,129.8,16.4
2025-04-28T15:28:00+00:00,2097.9,81.90,346.1,13.65,396.8,28.9,567.9,0.0649,1.11,174.8,129.8,16.8
2025-04-28T15:29:00+00:00,2057.4,83.49,349.4,13.74,375.6,30.7,531.4,0.0619,1.12,174.8,129.8,16.6
2025-04-28T15:30:00+00:00,2127.1,83.66,326.2,14.00,386.0,28.0,583.3,0.0636,1.15,174.8,129.8,17.9
2025-04-28T15:31:00+00:00,2217.7,82.87,349.6,13.82,397.4,30.6,593.7,0.0623,1.11,174.8,129.8,17.8
2025-04-28T15:32:00+00:00,1846.8,79.57,343.7,14.09,374.2,31.1,577.3,0.0668,1.17,174.8,129.8,16.8
2025-04-28T15:33:00+00:00,2170.6,83.46,355.3,13.51,381.6,30.2,566.0,0.0637,1.26,174.8,129.8,17.0
2025-04-28T15:34:00+00:00,1961.8,81.47,356.6,14.04,369.9,26.7,611.3,0.0623,1.23,174.8,129.8,17.0
2025-04-28T15:35:00+00:00,2121.4,82.12,357.2,14.07,388.6,27.4,586.1,0.0653,1.18,174.8,129.8,15.8
2025-04-28T15:36:00+00:00,1978.9,82.27,355.4,13.97,386.2,29.0,608.2,0.0619,1.17,174.8,129.8,16.8
2025-04-28T15:37:00+00:00,2087.7,81.58,358.3,13.68,380.3,27.5,549.5,0.0614,1.07,174.8,129.8,17.1
2025-04-28T15:38:00+00:00,2015.7,80.57,353.0,13.74,373.7,29.0,615.8,0.0618,1.16,174.8,129.8,16.4
2025-04-28T15:39:00+00:00,2215.4,81.61,352.0,13.79,394.0,29.4,632.4,0.0660,1.12,174.8,129.8,18.3
2025-04-28T15:40:00+00:00,1994.2,85.11,347.7,13.66,395.2,33.3,627.8,0.0618,1.14,174.8,129.8,16.8
2025-04-28T15:41:00+00:00,1905.3,80.80,347.2,13.99,375.7,27.9,640.6,0.0615,1.14,174.8,129.8,17.9
2025-04-28T15:42:00+00:00,2257.5,83.00,357.3,13.70,403.9,33.2,651.7,0.0629,1.11,174.8,129.8,17.2
2025-04-28T15:43:00+00:00,1993.8,80.12,346.4,13.83,380.0,30.5,582.7,0.0655,1.17,174.8,129.8,15.7
2025-04-28T15:44:00+00:00,2099.1,84.22,336.6,13.90,384.6,27.3,583.7,0.0621,1.14,174.8,129.8,17.6
2025-04-28T15:45:00+00:00,2029.2,83.16,358.2,13.63,377.1,31.0,608.3,0.0620,1.16,174.8,129.8,17.9
2025-04-28T15:46:00+00:00,2183.3,82.45,336.6,13.81,381.6,29.4,583.8,0.0626,1.14,174.8,129.8,17.8
2025-04-28T15:47:00+00:00,2144.1,83.85,346.0,13.84,390.8,29.9,694.3,0.0626,1.16,174.8,129.8,16.8
2025-04-28T15:48:00+00:00,2098.7,84.04,348.9,13.70,399.3,31.8,631.9,0.0683,1.09,174.8,129.8,17.3
2025-04-28T15:49:00+00:00,1954.6,81.85,342.3,13.96,383.7,32.0,567.3,0.0655,1.19,174.8,129.8,18.0
2025-04-28T15:50:00+00:00,1913.9,80.18,334.8,13.56,369.7,29.1,631.4,0.0733,1.25,174.8,129.8,18.8
2025-04-28T15:51:00+00:00,2217.1,82.79,346.6,13.98,373.3,29.4,598.4,0.0648,1.29,174.8,129.8,18.4
2025-04-28T15:52:00+00:00,2034.1,83.35,354.2,13.84,358.1,29.3,643.4,0.0645,1.22,174.8,129.8,16.3
2025-04-28T15:53:00+00:00,1965.2,81.76,341.9,13.97,380.3,32.1,646.2,0.0613,1.13,174.8,129.8,17.9
2025-04-28T15:54:00+00:00,1990.6,81.25,342.8,13.94,382.1,31.0,610.8,0.0627,1.26,174.8,129.8,18.6
2025-04-28T15:55:00+00:00,1963.3,81.33,347.9,13.71,390.7,27.7,632.2,0.0615,1.15,174.8,129.8,18.5
2025-04-28T15:56:00+00:00,1989.7,83.57,350.2,13.66,397.2,29.6,583.1,0.0643,1.16,174.8,129.8,15.5
2025-04-28T15:57:00+00:00,1914.7,81.67,351.9,13.72,355.0,30.0,586.3,0.0674,1.21,174.8,129.8,17.1
2025-04-28T15:58:00+00:00,1873.8,81.67,355.7,13.77,409.9,29.8,579.4,0.0613,1.18,174.8,129.8,16.3
2025-04-28T15:59:00+00:00,1941.9,79.73,339.6,13.76,376.1,26.8,609.3,0.0626,1.27,174.8,129.8,16.9
2025-04-28T16:00:00+00:00,2016.7,81.33,357.9,13.66,382.8,30.0,649.3,0.0653,1.12,174.8,129.8,17.0
2025-04-28T16:01:00+00:00,1987.8,81.35,358.5,13.97,367.5,31.8,616.0,0.0690,1.12,174.8,129.8,16.3
2025-04-28T16:02:00+00:00,1950.9,83.22,360.3,13.66,367.2,29.5,648.4,0.0663,1.21,174.8,129.8,17.3
2025-04-28T16:03:00+00:00,2002.3,79.75,352.4,13.50,398.0,31.2,669.2,0.0697,1.13,174.8,129.8,17.3
2025-04-28T16:04:00+00:00,2099.3,83.43,345.4,13.71,394.9,27.9,570.2,0.0653,1.14,174.8,129.8,18.2
2025-04-28T16:05:00+00:00,1829.2,81.54,344.1,13.69,368.8,33.3,578.3,0.0602,1.09,174.8,129.8,18.4
2025-04-28T16:06:00+00:00,1016.0,76.69,346.7,13.86,335.1,31.2,529.1,0.0560,1.11,174.8,129.8,19.3
2025-04-28T16:07:00+00:00,1042.2,80.04,368.1,13.85,354.6,27.4,561.7,0.0570,1.20,174.8,129.8,16.9
2025-04-28T16:08:00+00:00,948.6,78.11,355.9,13.81,358.5,28.5,534.3,0.0557,1.12,174.8,129.8,16.6
2025-04-28T16:09:00+00:00,1079.4,80.70,352.1,13.70,339.7,32.2,542.1,0.0560,1.08,174.8,129.8,16.4
2025-04-28T16:10:00+00:00,1011.2,77.64,355.9,13.82,333.6,31.1,550.0,0.0572,1.22,174.8,129.8,18.1
2025-04-28T16:11:00+00:00,828.0,80.75,371.7,13.69,342.0,29.7,532.0,0.0552,1.13,174.8,129.8,16.8
2025-04-28T16:12:00+00:00,823.3,77.76,359.7,13.78,334.8,29.9,590.5,0.0552,1.13,174.8,129.8,15.7
2025-04-28T16:13:00+00:00,1040.8,78.14,350.5,13.87,351.3,29.0,516.1,0.0562,1.11,174.8,129.8,16.4
2025-04-28T16:14:00+00:00,909.9,77.82,364.8,13.82,361.0,29.9,601.3,0.0559,1.14,174.8,129.8,18.0
2025-04-28T16:15:00+00:00,974.9,77.48,370.6,13.94,369.3,30.9,583.7,0.0590,1.19,174.8,129.8,18.5
2025-04-29T06:00:00+00:00,1118.2,78.59,359.8,13.88,358.7,28.5,577.8,0.0556,1.01,356.0,266.0,13.4
2025-04-29T06:01:00+00:00,1051.7,76.81,361.7,13.73,367.3,28.4,548.4,0.0554,0.95,356.0,266.0,12.7
2025-04-29T06:02:00+00:00,891.8,76.67,356.9,13.78,377.4,30.7,618.7,0.0615,1.01,356.0,266.0,12.9
2025-04-29T06:03:00+00:00,982.9,79.15,366.6,13.91,347.9,31.2,548.8,0.0580,1.08,356.0,266.0,14.5
2025-04-29T06:04:00+00:00,1150.6,79.94,356.8,13.52,364.8,30.5,568.3,0.0549,0.91,356.0,266.0,12.3
2025-04-29T06:05:00+00:00,988.4,77.40,369.1,13.92,355.9,31.5,492.8,0.0546,0.99,356.0,266.0,12.3
2025-04-29T06:06:00+00:00,996.4,77.79,340.3,13.78,344.3,31.3,591.7,0.0561,0.96,356.0,266.0,14.1
2025-04-29T06:07:00+00:00,932.7,82.15,359.8,13.92,334.4,32.0,536.1,0.0545,1.01,356.0,266.0,13.4
2025-04-29T06:08:00+00:00,992.3,78.08,363.0,13.62,359.5,31.6,556.9,0.0565,1.00,356.0,266.0,10.5
2025-04-29T06:09:00+00:00,861.2,77.77,363.6,13.73,351.0,31.2,572.4,0.0557,1.04,356.0,266.0,11.5
2025-04-29T06:10:00+00:00,1028.8,81.72,348.0,13.55,352.9,29.3,569.7,0.0555,0.99,356.0,266.0,13.4
2025-04-29T06:11:00+00:00,891.6,77.54,355.6,13.76,351.5,30.7,578.2,0.0544,1.01,356.0,266.0,13.7
2025-04-29T06:12:00+00:00,2204.9,82.46,351.1,13.61,382.9,29.1,650.3,0.0671,0.99,356.0,266.0,13.9
2025-04-29T06:13:00+00:00,2080.6,85.29,347.1,14.18,390.2,28.6,664.8,0.0608,1.01,356.0,266.0,13.4
2025-04-29T06:14:00+00:00,2109.8,79.83,366.2,13.75,364.7,30.5,639.7,0.0629,1.01,356.0,266.0,12.6
2025-04-29T06:15:00+00:00,1945.0,83.41,344.4,13.52,386.6,31.4,648.8,0.0617,1.04,356.0,266.0,12.6
2025-04-29T06:16:00+00:00,2043.0,81.83,336.1,13.48,378.1,30.8,597.8,0.0645,0.96,356.0,266.0,12.3
2025-04-29T06:17:00+00:00,2078.4,78.91,351.1,13.87,358.3,31.1,604.6,0.0630,1.06,356.0,266.0,13.0
2025-04-29T06:18:00+00:00,1936.7,82.51,343.3,13.82,384.4,30.7,589.6,0.0599,0.97,356.0,266.0,11.9
2025-04-29T06:19:00+00:00,1851.6,82.82,342.2,13.68,359.2,32.8,577.9,0.0625,1.04,356.0,266.0,10.9
2025-04-29T06:20:00+00:00,2020.8,81.37,332.6,13.80,399.4,27.4,622.0,0.0677,1.07,356.0,266.0,12.9
2025-04-29T06:21:00+00:00,2053.6,82.69,341.9,13.85,389.8,32.4,588.4,0.0644,0.94,356.0,266.0,13.2
2025-04-29T06:22:00+00:00,2031.2,83.75,356.7,14.09,390.3,27.6,620.6,0.0597,0.93,356.0,266.0,13.0
2025-04-29T06:23:00+00:00,2086.4,83.70,354.5,13.77,398.1,29.3,555.0,0.0606,1.00,356.0,266.0,12.4
2025-04-29T06:24:00+00:00,1802.9,82.53,348.9,13.64,377.5,31.8,618.2,0.0590,0.97,356.0,266.0,11.9
2025-04-29T06:25:00+00:00,2154.5,84.57,349.0,13.87,393.9,32.5,647.3,0.0650,0.98,356.0,266.0,14.6
2025-04-29T06:26:00+00:00,2138.5,83.34,348.5,13.54,370.2,30.5,613.4,0.0637,1.02,356.0,266.0,13.2
2025-04-29T06:27:00+00:00,1807.7,80.16,356.7,14.04,387.3,29.7,630.2,0.0601,0.99,356.0,266.0,12.3
2025-04-29T06:28:00+00:00,2043.9,82.98,347.6,13.90,380.9,31.2,579.0,0.0678,1.03,356.0,266.0,13.9
2025-04-29T06:29:00+00:00,1817.4,84.35,363.1,13.63,350.9,24.5,589.2,0.0616,1.02,356.0,266.0,12.1
2025-04-29T06:30:00+00:00,1799.3,82.64,352.2,13.96,378.9,28.7,580.4,0.0591,0.99,356.0,266.0,14.1
2025-04-29T06:31:00+00:00,1867.4,80.33,355.7,14.00,382.1,31.3,639.6,0.0626,1.04,356.0,266.0,13.3
2025-04-29T06:32:00+00:00,2002.7,79.57,340.6,13.85,369.2,30.7,621.3,0.0616,1.07,356.0,266.0,13.3
2025-04-29T06:33:00+00:00,1999.4,79.79,356.0,13.82,384.3,29.2,606.7,0.0600,0.97,356.0,266.0,13.5
2025-04-29T06:34:00+00:00,2002.1,83.53,351.4,13.48,379.9,31.5,599.6,0.0604,1.01,356.0,266.0,14.1
2025-04-29T06:35:00+00:00,1939.1,84.18,349.2,13.64,381.6,29.7,612.7,0.0627,0.99,356.0,266.0,11.6
2025-04-29T06:36:00+00:00,2077.6,81.32,349.5,13.70,361.2,30.0,557.4,0.0624,1.07,356.0,266.0,13.4
2025-04-29T06:37:00+00:00,2056.0,78.91,357.5,13.84,393.0,29.8,673.6,0.0718,0.99,356.0,266.0,13.7
2025-04-29T06:38:00+00:00,2055.5,83.85,344.1,14.07,369.0,31.5,578.4,0.0626,0.97,356.0,266.0,12.8
2025-04-29T06:39:00+00:00,2094.5,84.72,353.0,14.08,379.1,29.1,617.5,0.0606,1.00,356.0,266.0,13.1
2025-04-29T06:40:00+00:00,2269.2,83.60,350.3,13.92,392.2,29.5,595.9,0.0652,0.96,356.0,266.0,12.3
2025-04-29T06:41:00+00:00,1863.5,84.22,352.7,13.95,396.7,29.8,573.5,0.0600,1.06,356.0,266.0,14.2
2025-04-29T06:42:00+00:00,2246.4,83.86,344.9,13.62,395.1,28.3,592.4,0.0619,1.03,356.0,266.0,13.2
2025-04-29T06:43:00+00:00,2124.3,81.50,350.4,13.68,394.4,29.8,593.2,0.0609,1.01,356.0,266.0,12.3
2025-04-29T06:44:00+00:00,1889.5,83.62,349.9,13.89,375.7,30.3,543.7,0.0645,0.96,356.0,266.0,12.5
2025-04-29T06:45:00+00:00,2064.4,81.02,341.5,13.69,373.7,30.0,641.0,0.0604,0.98,356.0,266.0,12.6
2025-04-29T06:46:00+00:00,2061.7,83.39,344.7,13.96,399.4,30.5,577.9,0.0616,1.11,356.0,266.0,14.1
2025-04-29T06:47:00+00:00,2174.4,82.38,353.4,13.41,378.8,29.4,640.4,0.0653,1.03,356.0,266.0,14.2
2025-04-29T06:48:00+00:00,2186.9,84.82,358.9,13.71,406.4,30.8,585.2,0.0669,0.95,356.0,266.0,12.9
2025-04-29T06:49:00+00:00,1863.6,84.25,348.8,13.71,393.5,27.8,622.2,0.0652,0.97,356.0,266.0,11.3
2025-04-29T06:50:00+00:00,2132.0,83.03,342.1,13.78,384.7,29.5,603.3,0.0605,0.95,356.0,266.0,11.5
2025-04-29T06:51:00+00:00,1897.2,79.81,356.0,13.80,386.7,31.0,599.2,0.0604,1.08,356.0,266.0,13.7
2025-04-29T06:52:00+00:00,1997.4,82.92,342.8,14.01,367.5,30.0,577.8,0.0639,1.00,356.0,266.0,13.7
2025-04-29T06:53:00+00:00,2019.5,82.02,356.6,13.71,378.4,29.8,601.7,0.0645,0.99,356.0,266.0,12.9
2025-04-29T06:54:00+00:00,1985.4,81.20,349.9,13.99,390.1,30.3,591.6,0.0602,0.99,356.0,266.0,13.1
2025-04-29T06:55:00+00:00,1988.5,79.82,343.9,13.84,382.2,31.1,635.8,0.0659,0.92,356.0,266.0,11.7
2025-04-29T06:56:00+00:00,1918.4,79.76,358.8,13.99,372.0,31.1,597.8,0.0596,0.98,356.0,266.0,13.4
2025-04-29T06:57:00+00:00,1819.1,79.83,372.0,13.99,344.1,30.6,574.6,0.0599,0.94,356.0,266.0,11.4
2025-04-29T06:58:00+00:00,1999.3,81.73,358.8,13.53,379.2,29.1,639.2,0.0601,0.98,356.0,266.0,11.7
2025-04-29T06:59:00+00:00,1946.4,83.32,349.1,14.05,393.9,29.0,632.6,0.0593,0.94,356.0,266.0,13.0
2025-04-29T07:00:00+00:00,1784.3,84.02,357.3,13.83,359.2,29.6,572.0,0.0590,0.98,356.0,266.0,14.1
2025-04-29T07:01:00+00:00,2117.2,80.59,338.0,13.64,398.1,30.2,592.2,0.0610,1.00,356.0,266.0,13.2
2025-04-29T07:02:00+00:00,1903.7,82.73,356.6,13.79,373.3,28.0,588.2,0.0601,1.04,356.0,266.0,14.3
2025-04-29T07:03:00+00:00,2035.6,82.48,355.7,13.69,363.0,29.8,632.7,0.0697,0.83,356.0,266.0,11.5
2025-04-29T07:04:00+00:00,1938.4,80.15,358.5,13.55,373.3,27.8,610.0,0.0603,1.03,356.0,266.0,12.6
2025-04-29T07:05:00+00:00,2078.7,85.29,332.0,13.52,360.4,30.6,653.9,0.0671,0.98,356.0,266.0,10.6
2025-04-29T07:06:00+00:00,2027.5,82.82,356.2,13.58,365.8,28.9,572.1,0.0677,1.07,356.0,266.0,11.2
2025-04-29T07:07:00+00:00,2386.5,82.85,359.9,13.69,376.1,31.4,591.6,0.0728,0.97,356.0,266.0,12.8
2025-04-29T07:08:00+00:00,2187.9,81.42,341.0,14.04,381.3,30.5,544.7,0.0650,0.96,356.0,266.0,13.4
2025-04-29T07:09:00+00:00,2438.4,82.91,348.0,13.88,386.7,31.1,592.2,0.0625,1.01,356.0,266.0,13.4
2025-04-29T07:10:00+00:00,2546.4,85.51,330.4,14.09,417.9,31.5,594.2,0.0637,1.06,356.0,266.0,13.8
2025-04-29T07:11:00+00:00,1775.2,80.80,338.4,13.44,349.4,32.5,647.3,0.0581,0.91,356.0,266.0,15.6
2025-04-29T07:12:00+00:00,2013.6,80.10,361.0,13.73,393.1,28.6,571.0,0.0613,0.92,356.0,266.0,12.9
2025-04-29T07:13:00+00:00,1868.2,80.17,353.6,13.83,376.1,31.1,616.4,0.0641,0.99,356.0,266.0,12.5
2025-04-29T07:14:00+00:00,2057.4,81.58,333.5,13.76,355.3,26.0,613.8,0.0604,0.98,356.0,266.0,14.1
2025-04-29T07:15:00+00:00,2443.4,85.00,337.9,14.26,387.3,29.6,650.1,0.0657,0.99,356.0,266.0,11.9
2025-04-29T07:16:00+00:00,2448.3,81.01,336.1,13.70,400.8,29.2,635.5,0.0710,0.90,356.0,266.0,13.0
2025-04-29T07:17:00+00:00,2416.2,83.07,341.2,13.89,396.8,28.8,645.0,0.0635,1.02,356.0,266.0,12.4
2025-04-29T07:18:00+00:00,2122.9,85.04,353.0,13.92,363.6,28.3,613.5,0.0643,0.99,356.0,266.0,12.7
2025-04-29T07:19:00+00:00,2027.4,80.67,343.2,13.93,395.6,29.9,658.3,0.0605,1.01,356.0,266.0,11.3
2025-04-29T07:20:00+00:00,1735.9,80.77,356.1,13.89,365.9,32.6,601.1,0.0643,1.06,356.0,266.0,11.3
2025-04-29T07:21:00+00:00,2037.4,84.69,339.9,13.65,385.1,28.2,610.3,0.0700,1.15,356.0,266.0,13.2
2025-04-29T07:22:00+00:00,2449.0,80.84,350.8,13.70,382.0,28.5,614.5,0.0680,1.04,356.0,266.0,10.7
2025-04-29T07:23:00+00:00,1923.3,82.20,345.1,13.94,385.3,29.1,603.6,0.0590,0.91,356.0,266.0,13.1
2025-04-29T07:24:00+00:00,1981.2,79.97,349.4,13.82,398.1,30.8,601.9,0.0602,1.03,356.0,266.0,10.6
2025-04-29T07:25:00+00:00,2184.8,84.91,345.3,13.96,366.7,31.6,612.9,0.0646,1.03,356.0,266.0,13.7
2025-04-29T07:26:00+00:00,1961.2,81.86,337.5,13.63,390.0,30.9,566.0,0.0606,0.98,356.0,266.0,11.3
2025-04-29T07:27:00+00:00,2086.1,82.67,345.6,13.69,397.7,29.4,646.6,0.0614,1.03,356.0,266.0,10.9
2025-04-29T07:28:00+00:00,2173.4,81.32,338.7,13.58,375.7,27.7,603.7,0.0639,0.84,356.0,266.0,12.1
2025-04-29T07:29:00+00:00,1923.3,80.80,342.3,13.58,376.5,27.1,575.2,0.0591,0.94,356.0,266.0,12.8
2025-04-29T07:30:00+00:00,1908.2,81.79,353.8,14.06,383.9,29.4,587.6,0.0596,0.99,356.0,266.0,14.7
2025-04-29T07:31:00+00:00,1915.7,80.72,347.7,13.68,362.4,32.5,611.0,0.0631,0.95,356.0,266.0,12.0
2025-04-29T07:32:00+00:00,1970.8,85.58,351.9,13.99,406.1,30.4,596.2,0.0655,1.06,356.0,266.0,13.0
2025-04-29T07:33:00+00:00,2138.4,82.99,342.6,13.36,368.9,29.8,571.2,0.0601,0.92,356.0,266.0,10.8
2025-04-29T07:34:00+00:00,2089.2,82.20,363.1,13.81,397.8,30.7,556.9,0.0603,0.95,356.0,266.0,13.4
2025-04-29T07:35:00+00:00,2091.5,81.13,350.0,13.69,385.4,31.5,671.7,0.0614,1.07,356.0,266.0,13.7
2025-04-29T07:36:00+00:00,2127.4,84.25,347.1,13.50,370.0,30.2,603.6,0.0611,1.02,356.0,266.0,14.4
2025-04-29T07:37:00+00:00,2085.5,83.47,361.5,13.61,382.4,27.1,595.0,0.0629,1.03,356.0,266.0,13.2
2025-04-29T07:38:00+00:00,2060.2,82.07,354.3,13.79,382.5,29.0,679.3,0.0599,0.94,356.0,266.0,12.2
2025-04-29T07:39:00+00:00,2044.8,81.21,355.3,13.65,378.6,27.5,595.8,0.0612,1.02,356.0,266.0,12.5
2025-04-29T07:40:00+00:00,1969.0,82.52,358.7,13.76,395.8,31.3,593.6,0.0648,1.05,356.0,266.0,12.2
2025-04-29T07:41:00+00:00,1986.9,83.46,334.2,13.63,360.7,32.5,607.0,0.0639,0.99,356.0,266.0,13.8
2025-04-29T07:42:00+00:00,1979.8,82.74,348.1,14.04,380.7,28.5,600.4,0.0597,0.93,356.0,266.0,12.3
2025-04-29T07:43:00+00:00,1976.6,81.83,353.5,13.73,385.6,33.4,549.9,0.0603,1.02,356.0,266.0,12.4
2025-04-29T07:44:00+00:00,2057.1,81.73,350.1,13.83,376.6,29.3,592.3,0.0603,0.98,356.0,266.0,13.9
2025-04-29T07:45:00+00:00,1940.0,79.43,350.6,13.78,403.8,29.7,622.5,0.0641,1.09,356.0,266.0,12.4
2025-04-29T07:46:00+00:00,1894.9,80.02,355.4,13.45,365.8,29.2,562.4,0.0616,0.90,356.0,266.0,13.3
2025-04-29T07:47:00+00:00,2076.4,79.61,354.5,13.74,381.0,28.9,609.0,0.0638,1.08,356.0,266.0,13.3
2025-04-29T07:48:00+00:00,1959.3,79.64,350.1,14.04,407.2,29.1,610.6,0.0659,0.92,356.0,266.0,12.8
2025-04-29T07:49:00+00:00,1865.0,82.91,352.9,13.85,370.1,30.5,601.4,0.0638,0.99,356.0,266.0,13.3
2025-04-29T07:50:00+00:00,2033.3,80.03,343.8,13.85,374.9,27.3,628.7,0.0601,0.98,356.0,266.0,10.8
2025-04-29T07:51:00+00:00,1937.2,83.48,351.0,13.83,379.6,29.9,609.2,0.0607,1.06,356.0,266.0,11.5
2025-04-29T07:52:00+00:00,2046.3,82.24,342.4,13.80,392.7,27.0,614.2,0.0614,1.02,356.0,266.0,14.4
2025-04-29T07:53:00+00:00,2027.0,83.46,342.7,14.12,387.8,30.1,592.6,0.0603,1.00,356.0,266.0,12.8
2025-04-29T07:54:00+00:00,2069.7,82.01,337.1,13.80,357.3,30.2,610.8,0.0602,0.97,356.0,266.0,13.9
2025-04-29T07:55:00+00:00,2106.8,82.11,351.4,13.76,389.4,30.6,649.3,0.0610,1.02,356.0,266.0,14.1
2025-04-29T07:56:00+00:00,2026.2,80.08,353.7,13.97,396.5,31.1,646.9,0.0605,1.02,356.0,266.0,12.8
2025-04-29T07:57:00+00:00,2017.2,79.38,350.2,13.63,367.3,28.6,637.1,0.0601,0.99,356.0,266.0,14.7
2025-04-29T07:58:00+00:00,2011.9,81.62,351.6,13.77,375.6,27.5,622.2,0.0601,0.99,356.0,266.0,11.5
2025-04-29T07:59:00+00:00,1908.5,78.94,338.8,13.76,372.4,28.8,601.2,0.0678,1.03,356.0,266.0,12.5
2025-04-29T08:00:00+00:00,2048.6,82.31,341.1,13.75,383.3,32.3,560.2,0.0606,1.01,356.0,266.0,13.3
2025-04-29T08:01:00+00:00,1876.4,81.92,365.3,13.97,376.9,32.8,594.1,0.0590,0.95,356.0,266.0,14.8
2025-04-29T08:02:00+00:00,1924.7,84.40,340.9,13.78,367.5,29.7,591.7,0.0602,1.04,356.0,266.0,13.3
2025-04-29T08:03:00+00:00,2318.1,84.54,328.1,13.82,382.6,30.3,623.5,0.0614,0.96,356.0,266.0,12.9
2025-04-29T08:04:00+00:00,2019.3,84.98,353.6,13.76,367.0,31.4,598.0,0.0677,1.05,356.0,266.0,11.9
2025-04-29T08:05:00+00:00,2053.1,84.07,355.1,13.61,380.2,31.2,668.3,0.0607,1.02,356.0,266.0,12.4
2025-04-29T08:06:00+00:00,2005.9,78.94,353.9,13.83,370.3,29.8,596.8,0.0629,0.91,356.0,266.0,12.9
2025-04-29T08:07:00+00:00,2026.4,83.18,353.9,13.92,380.0,28.7,573.2,0.0609,1.05,356.0,266.0,13.7
2025-04-29T08:08:00+00:00,1807.6,80.29,342.2,13.74,372.1,27.7,644.1,0.0595,1.03,356.0,266.0,12.5
2025-04-29T08:09:00+00:00,2061.3,82.33,350.4,13.74,391.7,30.1,618.6,0.0673,1.02,356.0,266.0,12.9
2025-04-29T08:10:00+00:00,2154.9,82.99,346.6,13.80,390.3,28.2,650.8,0.0599,0.90,356.0,266.0,12.9
2025-04-29T08:11:00+00:00,1977.4,82.76,371.0,13.88,377.9,28.8,642.4,0.0593,0.92,356.0,266.0,13.6
2025-04-29T08:12:00+00:00,2032.7,80.84,347.0,13.74,359.9,30.4,629.1,0.0612,1.07,356.0,266.0,12.7
2025-04-29T08:13:00+00:00,1846.9,83.30,353.3,13.60,372.7,30.3,596.8,0.0659,1.05,356.0,266.0,12.7
2025-04-29T08:14:00+00:00,2007.3,81.78,353.4,13.63,417.0,26.2,544.0,0.0605,1.03,356.0,266.0,13.3
2025-04-29T08:15:00+00:00,2086.3,80.57,349.8,13.80,382.8,30.3,602.0,0.0607,1.01,356.0,266.0,13.6
2025-04-29T08:16:00+00:00,2030.5,82.46,359.8,13.84,383.8,31.3,605.7,0.0659,1.04,356.0,266.0,13.8
2025-04-29T08:17:00+00:00,1994.1,82.51,342.4,13.58,365.6,27.9,573.8,0.0604,1.03,356.0,266.0,12.8
2025-04-29T08:18:00+00:00,911.3,78.58,353.9,13.97,350.4,29.7,502.6,0.0554,1.09,356.0,266.0,12.1
2025-04-29T08:19:00+00:00,944.6,77.71,379.4,13.65,356.7,32.5,536.4,0.0553,0.98,356.0,266.0,10.7
2025-04-29T08:20:00+00:00,934.3,80.02,348.6,13.73,337.2,30.4,515.8,0.0539,0.93,356.0,266.0,12.9
2025-04-29T08:21:00+00:00,880.0,80.04,357.1,13.76,349.6,31.1,491.6,0.0593,0.98,356.0,266.0,12.0
2025-04-29T08:22:00+00:00,1157.6,79.84,354.1,13.79,346.3,29.7,500.0,0.0551,0.95,356.0,266.0,13.2
2025-04-29T08:23:00+00:00,1054.3,80.35,357.3,13.81,346.1,31.0,527.7,0.0550,0.99,356.0,266.0,14.1
2025-04-29T08:24:00+00:00,990.9,78.52,336.5,13.84,339.9,30.2,581.0,0.0676,0.95,356.0,266.0,15.2
2025-04-29T08:25:00+00:00,1046.0,79.47,354.6,13.98,343.9,29.3,570.5,0.0544,0.93,356.0,266.0,15.1
2025-04-29T08:26:00+00:00,1013.8,81.12,350.6,13.79,338.3,28.4,463.7,0.0561,0.94,356.0,266.0,12.8
2025-04-29T08:27:00+00:00,976.3,82.77,352.8,13.46,361.3,29.3,556.8,0.0556,1.01,356.0,266.0,13.3
2025-04-29T08:28:00+00:00,1002.4,77.31,362.2,13.61,356.8,28.2,618.2,0.0538,0.90,356.0,266.0,11.1
2025-04-29T14:00:00+00:00,904.0,80.23,362.3,13.91,356.1,29.0,565.7,0.0577,0.93,356.0,266.0,13.6
2025-04-29T14:01:00+00:00,1037.9,80.76,341.4,13.83,339.4,29.0,498.4,0.0541,0.90,356.0,266.0,13.1
2025-04-29T14:02:00+00:00,1104.9,80.58,354.7,13.88,362.4,29.9,602.4,0.0554,0.99,356.0,266.0,15.7
2025-04-29T14:03:00+00:00,979.1,80.20,365.6,13.91,381.3,28.2,557.8,0.0638,1.02,356.0,266.0,11.9
2025-04-29T14:04:00+00:00,1112.8,79.42,352.3,13.61,357.4,34.0,557.4,0.0628,1.08,356.0,266.0,13.1
2025-04-29T14:05:00+00:00,1073.6,77.85,368.2,13.89,341.4,30.2,595.9,0.0585,0.91,356.0,266.0,10.9
2025-04-29T14:06:00+00:00,945.9,78.56,361.2,13.86,337.8,30.0,528.5,0.0608,0.89,356.0,266.0,13.2
2025-04-29T14:07:00+00:00,976.8,77.12,364.2,13.91,317.1,29.6,558.8,0.0563,1.02,356.0,266.0,12.9
2025-04-29T14:08:00+00:00,989.4,78.41,364.4,13.93,364.2,30.6,567.9,0.0568,0.97,356.0,266.0,11.1
2025-04-29T14:09:00+00:00,1057.4,79.78,357.0,13.92,347.1,30.4,566.8,0.0597,1.03,356.0,266.0,13.5
2025-04-29T14:10:00+00:00,1013.7,79.40,350.8,14.02,339.9,28.9,586.3,0.0555,1.04,356.0,266.0,12.8
2025-04-29T14:11:00+00:00,852.3,78.76,359.2,13.69,343.8,27.9,598.3,0.0540,1.00,356.0,266.0,11.9
2025-04-29T14:12:00+00:00,985.4,79.97,359.9,13.74,352.8,32.7,569.0,0.0544,0.98,356.0,266.0,13.0
2025-04-29T14:13:00+00:00,948.3,81.37,363.1,13.81,358.9,31.4,553.7,0.0590,0.92,356.0,266.0,12.7
2025-04-29T14:14:00+00:00,2157.5,83.41,354.1,13.85,390.6,28.1,617.6,0.0622,0.95,356.0,266.0,12.5
2025-04-29T14:15:00+00:00,1937.3,82.17,338.5,13.76,383.7,32.0,615.0,0.0603,1.03,356.0,266.0,10.8
2025-04-29T14:16:00+00:00,1897.3,82.64,359.2,13.87,380.3,29.1,577.2,0.0598,1.02,356.0,266.0,12.8
2025-04-29T14:17:00+00:00,1876.3,81.71,350.6,14.06,372.9,31.8,592.3,0.0612,1.03,356.0,266.0,13.3
2025-04-29T14:18:00+00:00,1890.8,78.19,353.4,13.89,392.4,29.4,584.1,0.0592,0.94,356.0,266.0,13.6
2025-04-29T14:19:00+00:00,1984.9,80.54,357.9,13.78,369.8,30.1,631.4,0.0690,1.02,356.0,266.0,11.7
2025-04-29T14:20:00+00:00,2272.7,82.38,349.3,13.99,386.8,30.2,634.2,0.0654,0.93,356.0,266.0,11.1
2025-04-29T14:21:00+00:00,1951.7,82.56,332.2,13.43,391.4,29.2,607.9,0.0631,0.97,356.0,266.0,13.0
2025-04-29T14:22:00+00:00,1880.0,81.31,346.6,13.93,395.4,26.2,621.8,0.0633,0.91,356.0,266.0,12.6
2025-04-29T14:23:00+00:00,2129.6,83.34,354.9,13.68,396.8,29.8,617.6,0.0662,1.01,356.0,266.0,12.7
2025-04-29T14:24:00+00:00,1928.8,82.15,356.9,14.08,361.6,27.8,618.0,0.0604,1.01,356.0,266.0,11.4
2025-04-29T14:25:00+00:00,2045.7,78.90,346.5,13.43,375.3,31.0,611.0,0.0591,0.88,356.0,266.0,12.4
2025-04-29T14:26:00+00:00,1998.7,82.55,341.1,13.89,376.2,30.5,629.0,0.0597,0.95,356.0,266.0,12.4
2025-04-29T14:27:00+00:00,1938.4,79.24,351.9,13.72,392.2,27.9,605.6,0.0628,1.05,356.0,266.0,12.2
2025-04-29T14:28:00+00:00,2135.2,82.90,356.7,14.04,390.0,30.2,546.5,0.0616,1.05,356.0,266.0,14.6
2025-04-29T14:29:00+00:00,2017.6,82.44,341.4,14.07,376.9,27.2,618.8,0.0614,1.10,356.0,266.0,13.1
2025-04-29T14:30:00+00:00,1902.2,83.05,334.2,13.84,374.6,29.4,607.7,0.0595,0.99,356.0,266.0,13.9
2025-04-29T14:31:00+00:00,1880.1,81.63,334.1,13.96,379.4,28.3,576.5,0.0598,1.02,356.0,266.0,14.5
2025-04-29T14:32:00+00:00,2045.1,82.29,347.7,13.93,380.4,30.3,620.9,0.0598,0.93,356.0,266.0,11.3
2025-04-29T14:33:00+00:00,2115.7,82.25,355.8,13.90,370.7,29.0,618.6,0.0610,1.01,356.0,266.0,12.4
2025-04-29T14:34:00+00:00,2042.4,83.83,355.8,13.53,389.3,30.1,665.4,0.0602,0.98,356.0,266.0,14.3
2025-04-29T14:35:00+00:00,1859.1,80.12,348.5,14.23,377.7,28.0,633.7,0.0600,1.02,356.0,266.0,12.4
2025-04-29T14:36:00+00:00,2202.5,81.63,332.5,13.80,382.3,28.9,623.2,0.0658,0.99,356.0,266.0,13.2
2025-04-29T14:37:00+00:00,1971.9,81.30,346.2,13.83,363.3,25.7,540.7,0.0598,0.96,356.0,266.0,12.3
2025-04-29T14:38:00+00:00,1860.6,80.91,355.6,13.80,373.6,28.3,579.5,0.0589,0.95,356.0,266.0,13.2
2025-04-29T14:39:00+00:00,2168.7,81.00,353.9,13.69,409.6,30.2,629.4,0.0612,1.01,356.0,266.0,14.0
2025-04-29T14:40:00+00:00,1998.0,86.49,339.5,13.94,389.6,29.0,591.1,0.0609,1.07,356.0,266.0,12.1
2025-04-29T14:41:00+00:00,2071.4,80.80,354.3,13.61,382.9,29.8,551.4,0.0610,0.98,356.0,266.0,12.4
2025-04-29T14:42:00+00:00,1823.4,79.05,360.8,13.64,389.0,32.5,556.8,0.0585,0.93,356.0,266.0,13.1
2025-04-29T14:43:00+00:00,1844.1,83.16,351.0,13.77,365.4,29.0,619.6,0.0594,1.01,356.0,266.0,15.8
2025-04-29T14:44:00+00:00,2119.5,81.95,342.2,14.05,389.0,30.8,601.4,0.0609,1.00,356.0,266.0,13.8
2025-04-29T14:45:00+00:00,2064.0,83.59,342.4,13.59,397.4,27.9,633.1,0.0608,1.03,356.0,266.0,14.4
2025-04-29T14:46:00+00:00,2246.9,80.77,359.4,13.83,393.3,28.6,584.6,0.0617,1.00,356.0,266.0,12.2
2025-04-29T14:47:00+00:00,2020.0,79.26,339.3,13.90,382.4,29.9,599.8,0.0600,0.96,356.0,266.0,14.0
2025-04-29T14:48:00+00:00,1901.6,82.12,355.8,13.85,399.9,28.8,597.7,0.0597,0.99,356.0,266.0,13.1
2025-04-29T14:49:00+00:00,2168.3,81.86,342.4,13.65,395.9,30.2,592.9,0.0613,1.02,356.0,266.0,12.9
2025-04-29T14:50:00+00:00,2108.8,82.62,341.7,14.28,377.5,28.6,634.8,0.0713,1.10,356.0,266.0,10.6
2025-04-29T14:51:00+00:00,1897.8,81.50,347.3,13.86,367.6,30.3,596.1,0.0614,0.91,356.0,266.0,12.2
2025-04-29T14:52:00+00:00,1865.6,82.63,351.8,13.86,370.9,32.1,610.7,0.0595,1.01,356.0,266.0,12.6
2025-04-29T14:53:00+00:00,2045.9,81.45,341.3,13.73,371.6,31.7,616.6,0.0606,1.02,356.0,266.0,13.8
2025-04-29T14:54:00+00:00,2185.8,84.54,354.2,13.79,409.7,27.0,604.2,0.0615,1.01,356.0,266.0,13.3
2025-04-29T14:55:00+00:00,2167.5,81.21,353.0,13.49,395.0,30.4,643.1,0.0604,0.94,356.0,266.0,13.4
2025-04-29T14:56:00+00:00,1958.9,82.44,351.4,13.78,394.5,29.1,588.8,0.0601,1.00,356.0,266.0,12.9
2025-04-29T14:57:00+00:00,1909.4,81.14,342.4,13.95,394.1,32.5,600.9,0.0589,0.92,356.0,266.0,13.5
2025-04-29T14:58:00+00:00,1944.9,83.90,362.0,13.84,393.6,31.3,591.2,0.0594,0.96,356.0,266.0,12.8
2025-04-29T14:59:00+00:00,1893.2,81.73,362.2,13.77,390.6,30.2,551.7,0.0600,1.03,356.0,266.0,13.3
2025-04-29T15:00:00+00:00,1897.3,83.06,361.9,13.73,377.7,30.1,637.9,0.0601,1.05,356.0,266.0,11.7
2025-04-29T15:01:00+00:00,2038.6,83.12,349.1,14.15,378.8,28.3,572.4,0.0650,0.99,356.0,266.0,12.0
2025-04-29T15:02:00+00:00,2004.7,80.85,343.1,13.62,370.3,31.4,593.0,0.0631,1.09,356.0,266.0,13.1
2025-04-29T15:03:00+00:00,2012.0,83.01,351.5,13.64,385.1,32.4,587.7,0.0646,0.96,356.0,266.0,11.9
2025-04-29T15:04:00+00:00,1927.3,81.21,361.0,13.86,362.0,29.1,607.9,0.0650,0.86,356.0,266.0,14.1
2025-04-29T15:05:00+00:00,1893.2,81.31,356.7,13.85,390.8,27.5,594.1,0.0595,0.99,356.0,266.0,12.4
2025-04-29T15:06:00+00:00,1867.4,82.28,353.5,14.03,394.1,29.5,616.0,0.0606,1.00,356.0,266.0,14.3
2025-04-29T15:07:00+00:00,2097.1,80.26,354.9,13.85,390.0,30.5,578.7,0.0599,0.91,356.0,266.0,13.4
2025-04-29T15:08:00+00:00,2215.0,83.29,350.6,13.92,386.0,32.8,616.1,0.0618,1.03,356.0,266.0,12.5
2025-04-29T15:09:00+00:00,1874.1,77.70,362.0,13.84,384.8,31.8,609.7,0.0591,0.95,356.0,266.0,11.2
2025-04-29T15:10:00+00:00,2100.9,82.20,363.1,13.89,406.2,31.5,656.7,0.0614,0.91,356.0,266.0,12.2
2025-04-29T15:11:00+00:00,2479.5,83.79,349.9,13.77,419.5,28.4,597.0,0.0624,0.95,356.0,266.0,11.8
2025-04-29T15:12:00+00:00,2145.2,83.40,346.8,13.72,378.4,28.9,693.2,0.0603,0.93,356.0,266.0,13.9
2025-04-29T15:13:00+00:00,1950.5,79.92,351.3,13.74,389.8,31.3,604.1,0.0648,0.96,356.0,266.0,11.6
2025-04-29T15:14:00+00:00,2588.6,84.03,333.0,13.89,387.4,31.0,585.9,0.0631,0.99,356.0,266.0,12.8
2025-04-29T15:15:00+00:00,2442.7,82.01,349.7,13.93,394.1,28.8,603.6,0.0709,1.03,356.0,266.0,12.2
2025-04-29T15:16:00+00:00,2001.7,82.58,352.0,14.02,384.6,29.6,666.1,0.0614,1.10,356.0,266.0,12.6
2025-04-29T15:17:00+00:00,1952.6,83.21,347.3,14.00,366.9,30.2,618.0,0.0600,1.00,356.0,266.0,12.9
2025-04-29T15:18:00+00:00,1953.1,79.37,358.0,13.85,367.7,32.1,576.5,0.0603,1.05,356.0,266.0,13.6
2025-04-29T15:19:00+00:00,1876.7,78.99,345.5,13.83,389.5,29.5,621.6,0.0636,0.92,356.0,266.0,13.4
2025-04-29T15:20:00+00:00,2419.8,83.85,341.7,13.79,363.5,29.5,614.9,0.0627,1.03,356.0,266.0,13.9
2025-04-29T15:21:00+00:00,2459.7,83.24,333.8,13.94,394.0,26.1,620.2,0.0647,0.86,356.0,266.0,13.0
2025-04-29T15:22:00+00:00,2087.2,84.13,346.9,13.89,374.3,30.9,578.5,0.0603,0.97,356.0,266.0,13.0
2025-04-29T15:23:00+00:00,2157.7,82.66,352.7,13.60,389.3,30.1,583.8,0.0625,1.07,356.0,266.0,12.0
2025-04-29T15:24:00+00:00,1951.1,84.56,349.0,13.93,384.7,30.4,607.7,0.0599,0.98,356.0,266.0,13.4
2025-04-29T15:25:00+00:00,2275.9,84.05,337.3,13.90,409.3,33.3,600.6,0.0618,1.00,356.0,266.0,14.8
2025-04-29T15:26:00+00:00,2456.5,84.22,333.4,13.67,383.9,28.6,605.0,0.0623,0.94,356.0,266.0,15.5
2025-04-29T15:27:00+00:00,2075.9,82.13,353.5,13.72,384.9,28.9,608.0,0.0697,1.11,356.0,266.0,12.2
2025-04-29T15:28:00+00:00,2030.2,83.38,366.3,13.83,361.9,30.1,627.1,0.0602,0.98,356.0,266.0,12.1
2025-04-29T15:29:00+00:00,1912.8,85.12,351.9,13.52,400.3,28.4,621.8,0.0620,1.04,356.0,266.0,12.6
2025-04-29T15:30:00+00:00,2106.1,80.91,342.3,13.98,385.5,29.8,595.3,0.0615,1.07,356.0,266.0,15.1
2025-04-29T15:31:00+00:00,1918.2,83.86,361.2,13.59,381.0,28.2,618.1,0.0601,1.00,356.0,266.0,12.6
2025-04-29T15:32:00+00:00,2411.9,81.69,338.8,13.52,398.9,31.4,650.5,0.0624,0.99,356.0,266.0,13.0
2025-04-29T15:33:00+00:00,2006.0,83.37,360.1,13.91,381.8,30.2,635.2,0.0611,1.00,356.0,266.0,13.0
2025-04-29T15:34:00+00:00,2507.7,82.41,342.2,13.86,397.3,32.1,633.8,0.0627,0.97,356.0,266.0,12.8
2025-04-29T15:35:00+00:00,2074.6,81.93,356.8,13.83,403.3,32.2,625.3,0.0605,1.00,356.0,266.0,12.8
2025-04-29T15:36:00+00:00,2499.4,86.80,360.1,13.93,406.5,29.6,590.6,0.0636,1.08,356.0,266.0,14.1
2025-04-29T15:37:00+00:00,1912.6,81.35,353.6,13.90,370.6,30.9,587.4,0.0616,0.97,356.0,266.0,11.9
2025-04-29T15:38:00+00:00,2440.5,83.74,336.6,14.21,401.6,27.9,620.9,0.0639,1.05,356.0,266.0,13.0
2025-04-29T15:39:00+00:00,1835.2,81.50,354.9,13.90,394.0,30.7,622.9,0.0662,0.97,356.0,266.0,13.3
2025-04-29T15:40:00+00:00,2579.7,83.92,350.5,13.57,400.5,28.8,613.1,0.0760,1.01,356.0,266.0,12.0
2025-04-29T15:41:00+00:00,2096.7,83.89,356.0,13.95,394.9,30.4,561.9,0.0641,0.98,356.0,266.0,12.7
2025-04-29T15:42:00+00:00,2484.9,82.77,354.2,13.84,381.5,29.1,569.8,0.0631,1.04,356.0,266.0,13.8
2025-04-29T15:43:00+00:00,1847.6,80.67,350.7,13.77,369.9,30.0,553.4,0.0600,1.06,356.0,266.0,12.9
2025-04-29T15:44:00+00:00,2453.9,85.10,346.5,13.85,421.0,30.0,645.2,0.0639,0.96,356.0,266.0,13.6
2025-04-29T15:45:00+00:00,1982.5,83.27,350.5,13.66,370.8,29.8,593.3,0.0607,1.06,356.0,266.0,12.1
2025-04-29T15:46:00+00:00,2125.5,81.41,352.1,13.76,400.2,28.5,580.2,0.0721,0.99,356.0,266.0,13.1
2025-04-29T15:47:00+00:00,1909.9,84.78,349.1,13.64,370.8,29.0,574.7,0.0604,1.05,356.0,266.0,13.2
2025-04-29T15:48:00+00:00,1969.1,83.00,345.0,13.97,364.8,27.9,598.8,0.0625,0.97,356.0,266.0,11.9
2025-04-29T15:49:00+00:00,2014.2,83.76,352.9,13.65,343.4,29.9,618.7,0.0753,1.07,356.0,266.0,12.7
2025-04-29T15:50:00+00:00,2133.0,83.11,348.8,13.63,395.1,30.2,703.7,0.0607,0.98,356.0,266.0,13.3
2025-04-29T15:51:00+00:00,2069.8,80.66,355.1,13.61,375.2,31.3,623.1,0.0672,0.95,356.0,266.0,14.9
2025-04-29T15:52:00+00:00,1919.3,81.83,362.4,14.17,375.2,28.5,567.2,0.0606,1.07,356.0,266.0,12.6
2025-04-29T15:53:00+00:00,2054.7,81.73,344.2,13.80,392.5,28.4,603.9,0.0600,0.94,356.0,266.0,11.4
2025-04-29T15:54:00+00:00,2039.3,80.61,340.2,13.60,399.9,28.9,561.3,0.0672,1.02,356.0,266.0,13.0
2025-04-29T15:55:00+00:00,2100.1,81.99,355.8,13.66,383.4,26.0,584.5,0.0606,0.98,356.0,266.0,12.9
2025-04-29T15:56:00+00:00,1852.6,84.12,349.3,14.08,390.4,29.4,620.5,0.0601,0.91,356.0,266.0,12.4
2025-04-29T15:57:00+00:00,2204.0,81.04,345.9,13.76,389.3,31.2,616.9,0.0682,1.01,356.0,266.0,13.5
2025-04-29T15:58:00+00:00,2162.7,83.53,344.5,13.81,392.8,28.8,548.5,0.0628,1.01,356.0,266.0,14.1
2025-04-29T15:59:00+00:00,1842.4,82.81,348.0,13.55,361.2,29.7,572.3,0.0601,1.01,356.0,266.0,12.7
2025-04-29T16:00:00+00:00,1977.3,83.10,350.1,14.06,397.0,30.4,634.6,0.0610,1.07,356.0,266.0,13.6
2025-04-29T16:01:00+00:00,1937.8,81.67,356.6,13.95,355.5,31.1,611.7,0.0607,1.03,356.0,266.0,10.1
2025-04-29T16:02:00+00:00,1904.8,80.60,340.4,14.12,373.6,32.3,583.8,0.0710,1.05,356.0,266.0,13.8
2025-04-29T16:03:00+00:00,1946.7,82.51,342.0,13.64,372.5,29.1,600.2,0.0628,1.00,356.0,266.0,13.4
2025-04-29T16:04:00+00:00,2125.9,82.74,346.1,13.78,388.1,30.0,583.0,0.0611,1.02,356.0,266.0,13.6
2025-04-29T16:05:00+00:00,1946.0,82.94,353.9,13.70,369.1,29.8,610.7,0.0630,1.00,356.0,266.0,12.7
2025-04-29T16:06:00+00:00,1926.4,81.67,343.5,13.82,359.6,29.5,650.5,0.0612,1.14,356.0,266.0,11.9
2025-04-29T16:07:00+00:00,2069.0,81.33,335.4,13.85,383.9,28.0,570.0,0.0602,0.96,356.0,266.0,11.5
2025-04-29T16:08:00+00:00,1777.4,79.39,356.6,13.94,371.9,27.4,547.0,0.0619,0.99,356.0,266.0,11.6
2025-04-29T16:09:00+00:00,2093.9,82.95,339.4,13.88,384.4,29.9,660.7,0.0605,0.97,356.0,266.0,13.2
2025-04-29T16:10:00+00:00,1912.7,81.54,357.0,13.92,398.1,30.5,588.8,0.0628,0.94,356.0,266.0,12.6
2025-04-29T16:11:00+00:00,1991.5,83.03,355.3,13.90,404.9,29.3,633.9,0.0591,0.89,356.0,266.0,11.8
2025-04-29T16:12:00+00:00,1838.4,82.28,349.7,13.60,378.6,31.2,632.1,0.0626,0.98,356.0,266.0,12.3
2025-04-29T16:13:00+00:00,2056.4,83.21,358.6,13.74,378.1,30.4,647.9,0.0600,0.95,356.0,266.0,10.2
2025-04-29T16:14:00+00:00,1856.3,78.84,355.0,13.76,378.3,30.0,629.4,0.0595,0.94,356.0,266.0,11.7
2025-04-29T16:15:00+00:00,2004.5,84.32,355.9,13.82,386.3,31.6,588.8,0.0632,1.11,356.0,266.0,11.9
2025-04-29T16:16:00+00:00,2019.7,83.03,337.5,13.74,356.2,30.6,592.9,0.0647,1.02,356.0,266.0,13.8
2025-04-29T16:17:00+00:00,1982.4,80.98,358.8,13.83,350.0,28.8,600.7,0.0606,1.04,356.0,266.0,13.7
2025-04-29T16:18:00+00:00,2279.6,81.61,348.7,13.95,396.9,29.8,601.2,0.0614,0.97,356.0,266.0,13.8
2025-04-29T16:19:00+00:00,2160.2,81.75,345.8,13.81,390.4,28.0,589.6,0.0607,0.88,356.0,266.0,13.2
2025-04-29T16:20:00+00:00,2067.0,83.16,354.6,13.69,398.6,26.4,599.4,0.0651,1.05,356.0,266.0,13.5
2025-04-29T16:21:00+00:00,1942.2,80.40,348.0,13.77,374.0,31.8,544.4,0.0662,0.99,356.0,266.0,12.9
2025-04-29T16:22:00+00:00,2162.4,83.27,347.7,14.08,375.5,30.5,616.6,0.0633,1.01,356.0,266.0,11.6
2025-04-29T16:23:00+00:00,2097.2,81.00,351.1,13.90,388.5,29.3,584.2,0.0694,0.95,356.0,266.0,14.7
2025-04-29T16:24:00+00:00,1940.0,82.23,335.9,13.85,380.7,29.0,619.1,0.0601,1.01,356.0,266.0,12.9
2025-04-29T16:25:00+00:00,1927.0,81.43,345.7,13.73,382.7,28.9,628.6,0.0623,1.01,356.0,266.0,12.8
2025-04-29T16:26:00+00:00,2024.7,83.79,352.3,13.89,396.7,28.2,569.8,0.0603,1.00,356.0,266.0,13.0
2025-04-29T16:27:00+00:00,2189.0,82.50,348.8,13.88,387.9,30.2,562.2,0.0731,0.96,356.0,266.0,11.9
2025-04-29T16:28:00+00:00,1922.5,85.89,347.6,14.05,384.5,33.0,591.2,0.0598,0.99,356.0,266.0,12.7
2025-04-29T16:29:00+00:00,2174.2,82.17,348.0,13.76,380.0,30.5,615.8,0.0662,0.92,356.0,266.0,11.9
2025-04-29T16:30:00+00:00,1930.7,82.82,350.7,13.82,372.8,28.5,594.6,0.0634,0.95,356.0,266.0,12.8
2025-04-29T16:31:00+00:00,2126.6,82.96,343.2,13.96,381.7,28.4,616.9,0.0617,1.02,356.0,266.0,13.9
2025-04-29T16:32:00+00:00,1961.8,82.08,365.0,13.92,359.4,28.9,571.6,0.0597,0.97,356.0,266.0,13.7
2025-04-29T16:33:00+00:00,1897.1,80.95,346.7,13.83,392.3,30.0,635.1,0.0650,0.99,356.0,266.0,11.6
2025-04-29T16:34:00+00:00,2076.0,82.48,353.8,13.86,404.3,28.8,589.8,0.0611,0.96,356.0,266.0,12.4
2025-04-29T16:35:00+00:00,2214.5,83.06,348.3,13.71,398.0,29.4,617.4,0.0613,0.99,356.0,266.0,11.6
2025-04-29T16:36:00+00:00,2022.0,80.33,348.7,13.90,380.9,28.9,606.6,0.0611,1.08,356.0,266.0,11.1
2025-04-29T16:37:00+00:00,2105.0,86.06,355.7,13.65,392.1,29.8,644.4,0.0606,0.99,356.0,266.0,14.0
2025-04-29T16:38:00+00:00,2047.0,81.57,359.6,13.81,369.8,28.2,610.8,0.0623,1.02,356.0,266.0,11.2
2025-04-29T16:39:00+00:00,1947.3,83.09,344.9,13.80,385.9,31.2,580.0,0.0591,0.91,356.0,266.0,13.5
2025-04-29T16:40:00+00:00,2165.9,86.23,337.9,13.79,374.2,29.4,635.7,0.0602,0.91,356.0,266.0,13.9
2025-04-29T16:41:00+00:00,1941.5,85.67,350.3,13.97,384.9,29.2,583.3,0.0656,1.03,356.0,266.0,13.2
2025-04-29T16:42:00+00:00,1071.8,79.20,341.3,14.02,348.0,27.8,534.5,0.0548,0.95,356.0,266.0,13.8
2025-04-29T16:43:00+00:00,954.1,80.40,365.3,13.84,359.6,28.6,515.6,0.0546,1.01,356.0,266.0,13.2
2025-04-29T16:44:00+00:00,1046.3,78.05,344.2,14.12,339.3,29.7,609.2,0.0556,1.05,356.0,266.0,11.4
2025-04-29T16:45:00+00:00,1029.4,81.38,347.6,13.97,363.2,29.6,578.4,0.0613,0.98,356.0,266.0,13.2
2025-04-29T16:46:00+00:00,966.4,77.67,359.9,14.18,339.6,30.4,578.3,0.0544,0.98,356.0,266.0,12.2
2025-04-29T16:47:00+00:00,1114.5,78.98,364.8,13.75,363.8,29.9,578.1,0.0599,1.01,356.0,266.0,14.7
2025-04-29T16:48:00+00:00,875.7,79.02,351.9,13.62,345.2,28.5,573.1,0.0543,1.02,356.0,266.0,12.5
2025-04-29T16:49:00+00:00,850.1,78.87,367.9,13.65,342.9,33.3,534.5,0.0534,0.94,356.0,266.0,12.5
2025-04-29T16:50:00+00:00,1135.7,80.64,355.1,13.84,356.2,32.3,587.4,0.0578,0.95,356.0,266.0,10.7
2025-04-29T16:51:00+00:00,937.8,76.74,352.3,13.90,343.7,31.8,612.4,0.0597,1.13,356.0,266.0,12.1
2025-04-29T16:52:00+00:00,918.1,81.63,351.2,13.79,349.8,30.1,582.0,0.0580,1.01,356.0,266.0,12.1
2025-04-29T16:53:00+00:00,1105.9,80.14,355.8,13.91,354.5,28.7,546.9,0.0676,0.97,356.0,266.0,13.1
2025-04-29T16:54:00+00:00,1112.8,77.78,362.5,13.73,360.4,32.6,608.1,0.0562,1.05,356.0,266.0,10.8
2025-04-30T06:00:00+00:00,1000.7,79.36,370.3,13.87,361.9,14.0,582.4,0.0546,0.69,51.3,276.3,6.2
2025-04-30T06:01:00+00:00,1029.7,77.65,351.3,13.68,358.8,16.4,576.9,0.0533,0.66,51.3,276.3,5.8
2025-04-30T06:02:00+00:00,974.0,79.10,355.1,13.68,368.1,17.8,548.3,0.0504,0.55,51.3,276.3,6.0
2025-04-30T06:03:00+00:00,978.0,80.65,356.2,13.97,373.5,11.5,574.1,0.0513,0.66,51.3,276.3,4.0
2025-04-30T06:04:00+00:00,940.2,76.16,356.8,13.83,359.2,15.5,578.0,0.0508,0.63,51.3,276.3,5.6
2025-04-30T06:05:00+00:00,845.9,77.77,360.5,13.57,349.2,13.9,573.7,0.0506,0.64,51.3,276.3,6.7
2025-04-30T06:06:00+00:00,937.6,77.03,356.7,13.87,335.8,14.9,554.5,0.0513,0.68,51.3,276.3,5.0
2025-04-30T06:07:00+00:00,817.2,78.15,349.2,13.75,341.4,14.9,512.9,0.0530,0.66,51.3,276.3,5.2
2025-04-30T06:08:00+00:00,1075.4,78.35,364.0,13.80,356.0,15.0,582.6,0.0511,0.59,51.3,276.3,3.2
2025-04-30T06:09:00+00:00,1006.9,79.30,352.8,13.63,334.8,14.8,573.7,0.0509,0.62,51.3,276.3,5.8
2025-04-30T06:10:00+00:00,1005.6,78.85,361.3,13.89,355.3,10.9,548.4,0.0580,0.68,51.3,276.3,3.4
2025-04-30T06:11:00+00:00,2056.7,82.24,355.4,13.84,396.3,16.0,572.7,0.0667,0.52,51.3,276.3,4.9
2025-04-30T06:12:00+00:00,1910.0,83.29,355.7,13.64,372.9,15.2,600.9,0.0560,0.63,51.3,276.3,3.8
2025-04-30T06:13:00+00:00,2100.8,84.62,362.3,13.71,410.7,16.9,614.7,0.0574,0.65,51.3,276.3,6.7
2025-04-30T06:14:00+00:00,1775.7,80.20,357.8,13.95,384.5,17.3,518.5,0.0547,0.57,51.3,276.3,5.6
2025-04-30T06:15:00+00:00,1882.6,80.81,360.1,13.75,373.7,15.7,606.5,0.0548,0.52,51.3,276.3,5.1
2025-04-30T06:16:00+00:00,1969.0,84.30,343.4,13.85,374.3,18.0,649.7,0.0579,0.58,51.3,276.3,3.9
2025-04-30T06:17:00+00:00,2048.1,84.15,358.5,13.87,378.7,17.2,620.0,0.0562,0.58,51.3,276.3,6.1
2025-04-30T06:18:00+00:00,1821.7,82.63,361.8,13.94,383.6,15.9,538.1,0.0547,0.46,51.3,276.3,7.4
2025-04-30T06:19:00+00:00,2072.0,80.06,354.4,13.74,376.4,14.2,583.6,0.0568,0.60,51.3,276.3,5.7
2025-04-30T06:20:00+00:00,2115.9,81.91,361.2,14.00,380.3,12.2,621.1,0.0577,0.60,51.3,276.3,5.4
2025-04-30T06:21:00+00:00,1931.4,80.83,345.6,13.94,358.8,16.6,621.1,0.0564,0.65,51.3,276.3,4.8
2025-04-30T06:22:00+00:00,1963.3,80.95,349.5,13.75,356.1,16.4,618.7,0.0560,0.59,51.3,276.3,6.7
2025-04-30T06:23:00+00:00,2041.6,83.22,352.6,13.65,388.8,16.1,621.9,0.0560,0.56,51.3,276.3,6.6
2025-04-30T06:24:00+00:00,1822.9,80.90,341.1,13.74,374.4,12.0,616.1,0.0556,0.62,51.3,276.3,5.3
2025-04-30T06:25:00+00:00,1819.9,82.63,343.1,13.90,367.7,15.5,605.2,0.0558,0.64,51.3,276.3,6.3
2025-04-30T06:26:00+00:00,2114.7,85.08,346.9,13.76,387.2,14.2,559.2,0.0614,0.63,51.3,276.3,7.3
2025-04-30T06:27:00+00:00,1902.9,77.80,350.6,13.92,376.2,13.8,613.1,0.0565,0.68,51.3,276.3,6.0
2025-04-30T06:28:00+00:00,1961.3,81.33,353.1,13.80,365.7,15.4,618.9,0.0555,0.56,51.3,276.3,5.9
2025-04-30T06:29:00+00:00,2022.0,82.66,355.0,13.88,379.8,14.8,624.1,0.0623,0.57,51.3,276.3,6.4
2025-04-30T06:30:00+00:00,1998.3,82.60,346.8,13.82,360.9,16.0,636.8,0.0558,0.56,51.3,276.3,6.9
2025-04-30T06:31:00+00:00,2023.1,82.13,347.2,13.96,382.9,15.3,559.8,0.0627,0.64,51.3,276.3,5.1
2025-04-30T06:32:00+00:00,1744.1,80.92,352.8,13.71,381.1,15.6,612.8,0.0622,0.57,51.3,276.3,5.4
2025-04-30T06:33:00+00:00,2017.1,78.90,354.7,13.73,393.4,16.0,581.1,0.0637,0.57,51.3,276.3,6.2
2025-04-30T06:34:00+00:00,1832.6,80.64,348.4,13.43,384.2,14.1,578.4,0.0559,0.65,51.3,276.3,4.1
2025-04-30T06:35:00+00:00,2131.2,82.97,350.6,13.89,370.0,15.2,639.3,0.0569,0.59,51.3,276.3,7.1
2025-04-30T06:36:00+00:00,2041.6,83.30,337.4,13.99,358.6,18.6,654.6,0.0601,0.61,51.3,276.3,5.5
2025-04-30T06:37:00+00:00,1831.8,80.90,357.7,13.93,372.5,14.1,590.6,0.0566,0.67,51.3,276.3,5.4
2025-04-30T06:38:00+00:00,1958.0,83.45,353.8,13.67,396.8,14.4,609.8,0.0598,0.62,51.3,276.3,5.5
2025-04-30T06:39:00+00:00,1941.3,77.26,366.7,13.48,394.5,10.7,628.2,0.0557,0.58,51.3,276.3,6.0
2025-04-30T06:40:00+00:00,1989.5,80.92,344.2,13.94,394.1,14.0,631.1,0.0590,0.62,51.3,276.3,3.8
2025-04-30T06:41:00+00:00,2086.1,83.10,356.4,14.01,376.8,12.8,620.0,0.0558,0.51,51.3,276.3,4.6
2025-04-30T06:42:00+00:00,1959.3,83.05,360.8,13.95,395.5,14.3,606.4,0.0559,0.59,51.3,276.3,4.7
2025-04-30T06:43:00+00:00,2114.5,80.47,348.6,13.89,378.8,14.9,598.9,0.0587,0.57,51.3,276.3,5.2
2025-04-30T06:44:00+00:00,1972.6,78.20,350.0,13.99,359.5,16.8,618.3,0.0651,0.61,51.3,276.3,5.0
2025-04-30T06:45:00+00:00,1935.8,81.43,347.4,13.57,381.7,11.4,591.9,0.0567,0.69,51.3,276.3,5.9
2025-04-30T06:46:00+00:00,2185.3,80.33,351.5,13.78,375.2,13.4,634.6,0.0608,0.55,51.3,276.3,4.2
2025-04-30T06:47:00+00:00,2034.6,84.15,359.4,13.79,388.5,13.4,569.6,0.0571,0.55,51.3,276.3,9.0
2025-04-30T06:48:00+00:00,2086.3,80.48,355.1,13.86,380.3,14.2,630.4,0.0651,0.64,51.3,276.3,6.3
2025-04-30T06:49:00+00:00,1995.2,83.15,335.1,13.77,381.4,13.2,558.2,0.0606,0.59,51.3,276.3,4.9
2025-04-30T06:50:00+00:00,2016.1,81.50,361.9,13.77,395.1,11.9,631.8,0.0557,0.56,51.3,276.3,6.1
2025-04-30T06:51:00+00:00,1946.6,82.40,350.2,13.83,389.2,15.1,638.0,0.0562,0.63,51.3,276.3,5.8
2025-04-30T06:52:00+00:00,2067.6,79.95,353.3,13.88,402.6,17.9,575.2,0.0573,0.58,51.3,276.3,6.4
2025-04-30T06:53:00+00:00,2071.8,80.20,344.0,13.76,382.2,15.2,578.1,0.0566,0.59,51.3,276.3,5.8
2025-04-30T06:54:00+00:00,2475.9,84.88,347.6,13.61,373.7,14.4,652.0,0.0586,0.59,51.3,276.3,4.4
2025-04-30T06:55:00+00:00,1694.5,79.36,346.2,13.70,375.5,14.9,551.6,0.0546,0.52,51.3,276.3,5.6
2025-04-30T06:56:00+00:00,1862.9,82.06,344.4,13.80,395.0,15.7,644.7,0.0561,0.50,51.3,276.3,5.8
2025-04-30T06:57:00+00:00,2011.8,81.71,373.0,13.57,397.0,14.8,600.3,0.0608,0.67,51.3,276.3,5.1
2025-04-30T06:58:00+00:00,2521.7,81.18,341.5,13.90,408.3,15.7,585.6,0.0616,0.60,51.3,276.3,4.9
2025-04-30T06:59:00+00:00,2061.1,82.87,353.4,13.72,378.8,14.7,646.0,0.0567,0.61,51.3,276.3,4.8
2025-04-30T07:00:00+00:00,1904.4,82.79,335.7,13.94,362.9,16.8,574.2,0.0611,0.61,51.3,276.3,5.5
2025-04-30T07:01:00+00:00,2400.4,84.21,350.4,13.95,392.0,17.5,630.3,0.0586,0.61,51.3,276.3,6.3
2025-04-30T07:02:00+00:00,1989.8,81.86,350.0,13.76,389.9,15.6,594.9,0.0559,0.58,51.3,276.3,3.8
2025-04-30T07:03:00+00:00,1999.9,82.30,352.4,13.58,393.9,16.6,604.3,0.0564,0.61,51.3,276.3,6.4
2025-04-30T07:04:00+00:00,2027.3,82.36,354.9,13.72,388.8,12.6,599.4,0.0561,0.56,51.3,276.3,7.7
2025-04-30T07:05:00+00:00,2452.4,83.42,346.7,13.60,387.6,14.3,627.5,0.0600,0.61,51.3,276.3,4.2
2025-04-30T07:06:00+00:00,1911.0,80.29,346.6,13.84,384.1,17.1,586.1,0.0595,0.59,51.3,276.3,4.2
2025-04-30T07:07:00+00:00,2511.5,86.22,331.7,13.80,389.3,13.8,622.2,0.0582,0.52,51.3,276.3,5.0
2025-04-30T07:08:00+00:00,2438.4,84.29,361.8,13.77,398.7,14.3,659.9,0.0579,0.53,51.3,276.3,6.1
2025-04-30T07:09:00+00:00,1941.2,79.85,351.1,13.81,379.2,14.2,596.8,0.0561,0.63,51.3,276.3,4.9
2025-04-30T07:10:00+00:00,1894.0,81.19,342.7,13.73,384.8,14.0,555.8,0.0553,0.56,51.3,276.3,4.3
2025-04-30T07:11:00+00:00,2337.3,81.97,352.5,13.61,401.3,14.8,616.1,0.0597,0.62,51.3,276.3,6.2
2025-04-30T07:12:00+00:00,2069.4,81.19,346.8,13.71,387.1,14.1,614.8,0.0590,0.58,51.3,276.3,7.1
2025-04-30T07:13:00+00:00,2503.1,86.29,347.4,13.78,415.6,15.9,613.4,0.0605,0.54,51.3,276.3,4.9
2025-04-30T07:14:00+00:00,2458.1,82.31,341.9,13.91,401.2,17.9,646.1,0.0595,0.61,51.3,276.3,4.6
2025-04-30T07:15:00+00:00,2053.8,83.91,348.4,14.02,386.2,15.9,598.5,0.0575,0.66,51.3,276.3,7.1
2025-04-30T07:16:00+00:00,2158.1,84.24,346.2,13.86,386.1,15.7,615.6,0.0569,0.57,51.3,276.3,5.7
2025-04-30T07:17:00+00:00,1793.1,79.01,337.8,14.06,389.1,16.6,592.5,0.0555,0.64,51.3,276.3,5.2
2025-04-30T07:18:00+00:00,2076.3,83.24,350.2,14.11,368.1,15.4,621.8,0.0563,0.56,51.3,276.3,6.5
2025-04-30T07:19:00+00:00,2407.6,85.59,346.2,13.77,364.8,16.0,656.3,0.0584,0.61,51.3,276.3,4.1
2025-04-30T07:20:00+00:00,1967.4,81.94,353.0,13.77,350.8,15.0,560.1,0.0639,0.54,51.3,276.3,5.3
2025-04-30T07:21:00+00:00,1735.5,80.12,370.9,13.92,377.2,13.8,591.4,0.0592,0.67,51.3,276.3,5.2
2025-04-30T07:22:00+00:00,2104.3,81.25,341.5,13.76,378.5,14.3,649.2,0.0569,0.61,51.3,276.3,5.9
2025-04-30T07:23:00+00:00,2043.6,83.25,356.8,13.93,377.1,18.2,614.2,0.0567,0.50,51.3,276.3,5.0
2025-04-30T07:24:00+00:00,1945.8,80.21,355.0,13.86,378.8,12.6,596.5,0.0548,0.48,51.3,276.3,5.4
2025-04-30T07:25:00+00:00,1972.1,82.99,359.8,13.74,383.7,14.8,575.2,0.0562,0.62,51.3,276.3,5.7
2025-04-30T07:26:00+00:00,1906.7,80.94,351.8,13.84,386.4,16.1,644.3,0.0557,0.60,51.3,276.3,3.9
2025-04-30T07:27:00+00:00,2073.6,80.93,350.9,13.74,398.1,14.7,586.3,0.0620,0.61,51.3,276.3,5.8
2025-04-30T07:28:00+00:00,2146.0,82.42,358.3,13.91,403.6,16.1,630.6,0.0615,0.56,51.3,276.3,6.8
2025-04-30T07:29:00+00:00,2178.6,82.23,339.1,13.75,398.9,17.2,662.8,0.0568,0.57,51.3,276.3,5.4
2025-04-30T07:30:00+00:00,1875.7,81.88,355.5,13.66,404.4,16.1,572.0,0.0566,0.60,51.3,276.3,6.9
2025-04-30T07:31:00+00:00,2069.2,80.53,353.0,13.83,375.4,16.5,569.2,0.0612,0.58,51.3,276.3,6.2
2025-04-30T07:32:00+00:00,2033.6,82.67,339.0,13.79,422.1,16.7,577.3,0.0570,0.66,51.3,276.3,5.3
2025-04-30T07:33:00+00:00,2237.7,81.50,338.0,13.74,399.4,14.4,658.1,0.0578,0.63,51.3,276.3,4.6
2025-04-30T07:34:00+00:00,1864.7,82.76,340.3,13.55,402.8,14.3,597.0,0.0555,0.60,51.3,276.3,5.9
2025-04-30T07:35:00+00:00,2003.9,81.25,352.6,13.66,365.3,13.2,581.3,0.0563,0.60,51.3,276.3,4.3
2025-04-30T07:36:00+00:00,1967.4,85.28,351.2,13.61,366.1,14.5,599.3,0.0574,0.63,51.3,276.3,6.9
2025-04-30T07:37:00+00:00,2149.6,82.92,348.5,13.74,366.0,17.5,600.1,0.0618,0.59,51.3,276.3,6.1
2025-04-30T07:38:00+00:00,1991.3,80.77,351.0,13.60,385.8,15.1,565.2,0.0567,0.66,51.3,276.3,6.3
2025-04-30T07:39:00+00:00,1982.6,82.53,350.4,13.78,381.1,14.3,640.4,0.0598,0.59,51.3,276.3,3.8
2025-04-30T07:40:00+00:00,2042.7,80.24,348.1,13.75,388.1,16.4,567.6,0.0627,0.57,51.3,276.3,5.8
2025-04-30T07:41:00+00:00,1982.4,80.50,345.9,13.77,392.4,15.5,584.5,0.0561,0.59,51.3,276.3,6.7
2025-04-30T07:42:00+00:00,2101.7,82.06,348.3,13.72,372.3,16.0,589.3,0.0630,0.66,51.3,276.3,6.3
2025-04-30T07:43:00+00:00,2093.6,85.61,355.5,13.71,392.3,15.5,599.5,0.0606,0.57,51.3,276.3,6.6
2025-04-30T07:44:00+00:00,2047.7,85.19,346.6,13.80,390.0,15.6,608.6,0.0567,0.62,51.3,276.3,4.4
2025-04-30T07:45:00+00:00,2133.2,80.23,346.0,13.79,382.1,15.5,622.6,0.0566,0.56,51.3,276.3,5.5
2025-04-30T07:46:00+00:00,2012.4,84.51,348.1,13.92,386.3,14.0,622.5,0.0567,0.63,51.3,276.3,6.6
2025-04-30T07:47:00+00:00,1839.9,82.73,355.3,13.68,371.0,15.3,641.8,0.0551,0.57,51.3,276.3,4.8
2025-04-30T07:48:00+00:00,1992.0,81.93,343.3,13.78,366.5,15.3,538.2,0.0555,0.55,51.3,276.3,6.1
2025-04-30T07:49:00+00:00,2099.6,83.49,352.5,13.72,392.1,13.9,533.0,0.0647,0.53,51.3,276.3,5.6
2025-04-30T07:50:00+00:00,2172.8,83.18,343.3,13.57,386.8,13.9,635.1,0.0625,0.58,51.3,276.3,5.9
2025-04-30T07:51:00+00:00,2036.0,83.41,352.9,13.70,380.4,14.9,563.4,0.0571,0.68,51.3,276.3,5.6
2025-04-30T07:52:00+00:00,2146.1,83.74,362.6,13.73,375.2,12.9,628.6,0.0607,0.61,51.3,276.3,5.1
2025-04-30T07:53:00+00:00,1953.2,83.26,349.3,13.72,407.8,14.6,585.2,0.0732,0.68,51.3,276.3,6.7
2025-04-30T07:54:00+00:00,1858.2,82.11,348.1,13.77,384.7,15.0,531.9,0.0558,0.64,51.3,276.3,5.4
2025-04-30T07:55:00+00:00,2174.8,83.00,339.7,13.36,401.1,14.3,658.3,0.0573,0.63,51.3,276.3,5.8
2025-04-30T07:56:00+00:00,1971.7,82.99,376.5,13.78,393.2,13.4,591.7,0.0558,0.59,51.3,276.3,6.8
2025-04-30T07:57:00+00:00,2023.9,82.99,338.9,13.88,400.0,12.4,578.3,0.0572,0.62,51.3,276.3,6.8
2025-04-30T07:58:00+00:00,2272.8,85.22,345.9,13.73,406.9,17.2,670.4,0.0577,0.59,51.3,276.3,6.3
2025-04-30T07:59:00+00:00,2082.1,78.04,354.9,13.79,347.6,13.5,596.9,0.0557,0.50,51.3,276.3,6.5
2025-04-30T08:00:00+00:00,2103.4,81.86,356.1,13.91,390.3,14.3,628.7,0.0572,0.64,51.3,276.3,6.0
2025-04-30T08:01:00+00:00,1993.0,82.14,361.3,13.93,385.7,15.0,657.0,0.0589,0.62,51.3,276.3,4.6
2025-04-30T08:02:00+00:00,2030.2,81.52,351.3,13.76,379.5,12.5,597.4,0.0575,0.55,51.3,276.3,4.7
2025-04-30T08:03:00+00:00,974.7,81.18,361.2,13.86,344.4,12.4,586.5,0.0521,0.59,51.3,276.3,5.2
2025-04-30T08:04:00+00:00,808.8,77.06,361.2,13.92,325.5,13.0,537.0,0.0530,0.63,51.3,276.3,6.7
2025-04-30T08:05:00+00:00,1150.1,79.11,350.0,13.58,370.8,15.9,531.8,0.0529,0.73,51.3,276.3,6.9
2025-04-30T08:06:00+00:00,890.9,79.37,355.7,13.84,347.4,16.1,524.4,0.0515,0.57,51.3,276.3,5.0
2025-04-30T08:07:00+00:00,907.9,78.92,356.6,13.82,352.7,17.0,574.8,0.0516,0.60,51.3,276.3,4.6
2025-04-30T08:08:00+00:00,954.9,78.08,363.8,13.96,356.4,16.2,601.6,0.0498,0.52,51.3,276.3,5.5
2025-04-30T08:09:00+00:00,977.6,79.97,352.0,13.91,336.4,11.2,554.9,0.0531,0.60,51.3,276.3,5.8
2025-04-30T08:10:00+00:00,1020.9,76.08,348.6,13.70,376.0,14.4,578.2,0.0510,0.59,51.3,276.3,8.4
2025-04-30T08:11:00+00:00,909.8,76.38,351.7,13.79,348.6,15.5,555.9,0.0504,0.56,51.3,276.3,6.3
2025-04-30T08:12:00+00:00,1133.6,80.41,344.4,13.67,373.4,13.2,587.7,0.0531,0.63,51.3,276.3,5.4
2025-04-30T14:00:00+00:00,1016.8,77.61,360.0,13.81,367.9,13.9,577.5,0.0507,0.58,51.3,276.3,5.3
2025-04-30T14:01:00+00:00,935.0,78.05,357.1,13.73,371.0,15.3,504.6,0.0502,0.59,51.3,276.3,5.9
2025-04-30T14:02:00+00:00,1029.6,80.96,361.4,13.70,363.0,14.7,536.8,0.0516,0.65,51.3,276.3,6.9
2025-04-30T14:03:00+00:00,1048.1,78.90,358.6,13.92,381.0,13.3,573.0,0.0527,0.66,51.3,276.3,5.6
2025-04-30T14:04:00+00:00,800.7,78.59,348.8,13.82,334.9,15.0,543.7,0.0505,0.68,51.3,276.3,4.6
2025-04-30T14:05:00+00:00,1101.9,79.45,349.4,13.47,345.7,14.5,586.3,0.0508,0.55,51.3,276.3,5.3
2025-04-30T14:06:00+00:00,886.0,79.88,357.1,13.91,341.4,15.0,540.5,0.0491,0.47,51.3,276.3,5.7
2025-04-30T14:07:00+00:00,966.5,78.72,367.9,13.68,338.7,14.9,532.5,0.0506,0.58,51.3,276.3,5.7
2025-04-30T14:08:00+00:00,1026.1,80.94,354.3,13.98,359.0,15.5,556.3,0.0582,0.66,51.3,276.3,5.6
2025-04-30T14:09:00+00:00,1025.6,78.81,365.7,13.51,343.6,16.8,610.8,0.0520,0.70,51.3,276.3,3.5
2025-04-30T14:10:00+00:00,876.6,78.89,352.8,13.74,331.3,15.7,556.0,0.0509,0.67,51.3,276.3,4.3
2025-04-30T14:11:00+00:00,949.4,81.08,369.2,13.82,351.9,16.2,594.3,0.0502,0.54,51.3,276.3,3.2
2025-04-30T14:12:00+00:00,816.1,76.54,354.6,13.93,344.9,15.4,556.6,0.0520,0.70,51.3,276.3,6.9
2025-04-30T14:13:00+00:00,2024.7,83.02,339.2,13.82,394.6,15.9,627.4,0.0566,0.62,51.3,276.3,5.0
2025-04-30T14:14:00+00:00,2010.8,84.62,345.4,13.85,392.3,15.2,614.4,0.0555,0.52,51.3,276.3,3.2
2025-04-30T14:15:00+00:00,2034.8,82.32,347.8,13.92,374.9,15.7,645.2,0.0566,0.60,51.3,276.3,5.3
2025-04-30T14:16:00+00:00,2018.9,81.72,344.3,13.72,371.9,16.5,593.4,0.0595,0.52,51.3,276.3,5.2
2025-04-30T14:17:00+00:00,1926.9,80.87,347.3,13.74,376.7,14.9,598.9,0.0555,0.57,51.3,276.3,6.1
2025-04-30T14:18:00+00:00,2011.0,84.64,344.2,14.16,391.6,14.0,606.1,0.0559,0.55,51.3,276.3,5.2
2025-04-30T14:19:00+00:00,1994.7,82.55,340.4,13.77,382.2,13.7,552.5,0.0558,0.56,51.3,276.3,5.9
2025-04-30T14:20:00+00:00,2058.4,81.39,343.5,13.75,369.3,15.9,529.0,0.0581,0.62,51.3,276.3,5.3
2025-04-30T14:21:00+00:00,1872.0,81.98,348.0,13.93,380.5,16.5,627.4,0.0603,0.47,51.3,276.3,6.6
2025-04-30T14:22:00+00:00,1960.2,82.94,352.1,13.49,382.6,12.6,650.4,0.0574,0.57,51.3,276.3,7.0
2025-04-30T14:23:00+00:00,2092.4,83.63,355.1,13.82,382.1,15.2,557.8,0.0700,0.62,51.3,276.3,5.2
2025-04-30T14:24:00+00:00,1854.9,82.49,334.0,13.87,396.9,14.2,533.5,0.0560,0.64,51.3,276.3,6.8
2025-04-30T14:25:00+00:00,1970.2,82.63,356.1,13.88,380.1,16.7,543.2,0.0559,0.59,51.3,276.3,6.8
2025-04-30T14:26:00+00:00,1946.1,80.60,349.1,13.81,394.0,14.6,666.7,0.0622,0.61,51.3,276.3,4.8
2025-04-30T14:27:00+00:00,2019.7,80.40,354.6,14.00,381.1,16.6,602.0,0.0584,0.66,51.3,276.3,5.6
2025-04-30T14:28:00+00:00,2180.1,80.41,341.0,13.71,364.1,15.4,652.7,0.0575,0.62,51.3,276.3,3.6
2025-04-30T14:29:00+00:00,2149.7,82.99,356.6,13.73,410.3,14.0,595.5,0.0593,0.60,51.3,276.3,5.5
2025-04-30T14:30:00+00:00,2059.8,81.25,353.1,13.65,378.7,14.8,639.9,0.0565,0.60,51.3,276.3,5.9
2025-04-30T14:31:00+00:00,2081.1,84.35,358.3,14.00,366.4,14.5,566.3,0.0594,0.54,51.3,276.3,4.5
2025-04-30T14:32:00+00:00,1998.7,80.52,348.7,13.84,379.1,14.8,525.9,0.0573,0.66,51.3,276.3,4.5
2025-04-30T14:33:00+00:00,2003.5,82.45,349.5,13.71,368.4,18.0,620.2,0.0642,0.67,51.3,276.3,6.8
2025-04-30T14:34:00+00:00,2018.4,80.63,352.6,13.98,381.0,14.9,586.8,0.0636,0.56,51.3,276.3,6.1
2025-04-30T14:35:00+00:00,2083.5,82.42,348.6,13.69,378.3,13.6,596.3,0.0572,0.66,51.3,276.3,5.4
2025-04-30T14:36:00+00:00,2011.0,81.64,355.1,13.74,393.5,15.5,561.1,0.0570,0.52,51.3,276.3,5.5
2025-04-30T14:37:00+00:00,2023.6,79.91,362.3,13.92,416.0,15.1,622.7,0.0626,0.57,51.3,276.3,4.3
2025-04-30T14:38:00+00:00,2175.2,84.10,354.1,13.68,390.4,12.2,597.8,0.0571,0.60,51.3,276.3,7.0
2025-04-30T14:39:00+00:00,2098.3,77.78,344.2,13.87,383.7,16.6,617.5,0.0561,0.52,51.3,276.3,6.2
2025-04-30T14:40:00+00:00,1954.0,82.01,362.6,13.63,374.4,15.8,568.8,0.0560,0.61,51.3,276.3,5.1
2025-04-30T14:41:00+00:00,2088.4,82.61,347.1,13.68,387.8,15.0,612.5,0.0612,0.58,51.3,276.3,7.1
2025-04-30T14:42:00+00:00,1778.7,80.81,341.3,13.58,383.7,14.8,575.5,0.0546,0.54,51.3,276.3,6.5
2025-04-30T14:43:00+00:00,2086.5,81.62,334.2,13.83,394.3,14.0,618.7,0.0581,0.58,51.3,276.3,6.3
2025-04-30T14:44:00+00:00,2133.3,84.24,356.8,13.58,388.8,13.6,579.5,0.0564,0.55,51.3,276.3,6.5
2025-04-30T14:45:00+00:00,2191.5,84.30,345.7,13.84,380.1,13.1,713.9,0.0624,0.63,51.3,276.3,7.6
2025-04-30T14:46:00+00:00,2071.0,80.70,353.4,13.60,369.5,14.1,573.0,0.0563,0.56,51.3,276.3,5.1
2025-04-30T14:47:00+00:00,2083.8,79.15,341.0,13.70,375.2,15.4,600.8,0.0578,0.55,51.3,276.3,6.8
2025-04-30T14:48:00+00:00,2101.0,81.51,343.0,13.96,379.7,14.5,631.8,0.0593,0.50,51.3,276.3,5.3
2025-04-30T14:49:00+00:00,2005.9,82.57,332.2,13.76,376.8,16.5,623.2,0.0620,0.64,51.3,276.3,4.9
2025-04-30T14:50:00+00:00,2097.5,81.52,347.0,14.12,390.5,15.3,602.4,0.0563,0.57,51.3,276.3,5.3
2025-04-30T14:51:00+00:00,1919.8,84.91,349.2,13.62,391.8,14.1,595.6,0.0649,0.57,51.3,276.3,6.1
2025-04-30T14:52:00+00:00,2024.1,82.42,344.4,13.66,372.9,15.6,624.9,0.0586,0.69,51.3,276.3,5.6
2025-04-30T14:53:00+00:00,1925.1,83.26,364.7,13.74,368.5,14.7,526.1,0.0568,0.50,51.3,276.3,4.9
2025-04-30T14:54:00+00:00,1808.8,81.92,348.8,13.85,364.7,15.9,604.0,0.0550,0.58,51.3,276.3,7.3
2025-04-30T14:55:00+00:00,1953.2,81.06,351.2,13.70,382.6,13.4,616.4,0.0591,0.64,51.3,276.3,5.9
2025-04-30T14:56:00+00:00,2125.4,84.13,348.7,13.84,378.3,15.1,625.6,0.0571,0.63,51.3,276.3,4.2
2025-04-30T14:57:00+00:00,2098.8,84.03,355.4,13.80,367.9,15.7,663.4,0.0589,0.46,51.3,276.3,5.0
2025-04-30T14:58:00+00:00,1899.0,81.56,356.7,13.74,380.3,14.9,662.9,0.0567,0.62,51.3,276.3,4.9
2025-04-30T14:59:00+00:00,1906.2,79.29,337.3,13.72,366.5,13.0,576.1,0.0568,0.71,51.3,276.3,4.6
2025-04-30T15:00:00+00:00,1933.7,83.12,338.8,13.70,373.9,14.4,591.5,0.0558,0.57,51.3,276.3,5.7
2025-04-30T15:01:00+00:00,2406.9,86.16,360.5,13.79,403.5,14.8,612.7,0.0624,0.64,51.3,276.3,4.8
2025-04-30T15:02:00+00:00,1892.4,82.12,361.1,14.01,381.9,12.8,598.6,0.0559,0.63,51.3,276.3,7.0
2025-04-30T15:03:00+00:00,1811.7,83.33,330.5,13.71,385.6,16.0,580.8,0.0575,0.54,51.3,276.3,5.7
2025-04-30T15:04:00+00:00,2400.5,84.69,350.4,13.91,389.7,15.4,630.3,0.0572,0.49,51.3,276.3,5.3
2025-04-30T15:05:00+00:00,2064.9,80.70,359.5,13.69,380.6,16.1,586.5,0.0561,0.57,51.3,276.3,4.7
2025-04-30T15:06:00+00:00,2518.2,84.32,339.5,13.89,399.6,17.2,627.8,0.0595,0.65,51.3,276.3,3.8
2025-04-30T15:07:00+00:00,2032.9,81.23,354.5,13.77,382.2,15.5,605.9,0.0563,0.60,51.3,276.3,6.4
2025-04-30T15:08:00+00:00,2486.0,83.20,328.9,13.90,398.1,14.1,696.7,0.0577,0.50,51.3,276.3,5.1
2025-04-30T15:09:00+00:00,2046.8,81.36,349.2,13.67,383.1,17.8,577.4,0.0574,0.54,51.3,276.3,5.3
2025-04-30T15:10:00+00:00,2418.3,81.92,337.3,13.88,383.4,15.7,654.4,0.0583,0.59,51.3,276.3,3.5
2025-04-30T15:11:00+00:00,1720.1,82.39,356.4,13.67,370.0,14.7,564.6,0.0575,0.62,51.3,276.3,5.6
2025-04-30T15:12:00+00:00,2402.5,82.03,344.2,13.89,378.5,18.0,597.6,0.0609,0.65,51.3,276.3,3.7
2025-04-30T15:13:00+00:00,2485.8,82.06,354.1,13.92,388.1,15.0,614.9,0.0596,0.68,51.3,276.3,5.8
2025-04-30T15:14:00+00:00,2382.7,83.76,367.0,13.99,383.4,14.3,669.3,0.0679,0.62,51.3,276.3,5.8
2025-04-30T15:15:00+00:00,2496.7,86.04,350.3,14.06,386.1,14.7,588.4,0.0579,0.50,51.3,276.3,7.1
2025-04-30T15:16:00+00:00,2067.8,82.64,349.4,13.81,400.8,14.5,597.1,0.0597,0.63,51.3,276.3,6.1
2025-04-30T15:17:00+00:00,1864.6,80.50,350.3,13.97,372.7,13.8,598.7,0.0557,0.61,51.3,276.3,4.3
2025-04-30T15:18:00+00:00,2041.2,83.22,350.5,14.00,407.5,15.9,614.6,0.0551,0.47,51.3,276.3,6.5
2025-04-30T15:19:00+00:00,2415.9,83.96,348.3,13.63,408.5,16.0,617.3,0.0616,0.56,51.3,276.3,4.8
2025-04-30T15:20:00+00:00,2208.8,81.84,346.7,13.93,408.7,13.0,617.4,0.0578,0.64,51.3,276.3,6.8
2025-04-30T15:21:00+00:00,2059.1,79.37,346.9,13.69,399.3,16.1,623.3,0.0618,0.51,51.3,276.3,3.7
2025-04-30T15:22:00+00:00,2019.9,80.60,340.7,13.90,362.9,12.5,570.5,0.0617,0.50,51.3,276.3,5.9
2025-04-30T15:23:00+00:00,2556.8,83.87,341.1,13.88,398.9,18.9,593.5,0.0629,0.56,51.3,276.3,4.9
2025-04-30T15:24:00+00:00,2493.2,86.37,338.9,14.16,369.1,13.8,594.3,0.0621,0.64,51.3,276.3,5.8
2025-04-30T15:25:00+00:00,2486.1,81.93,338.8,14.00,408.6,16.6,642.8,0.0593,0.64,51.3,276.3,5.0
2025-04-30T15:26:00+00:00,1921.5,81.65,343.5,13.74,383.5,15.6,602.5,0.0561,0.63,51.3,276.3,6.2
2025-04-30T15:27:00+00:00,2111.1,82.06,360.2,13.68,378.1,16.4,596.9,0.0607,0.58,51.3,276.3,5.1
2025-04-30T15:28:00+00:00,2145.8,79.17,347.5,13.75,402.3,14.6,602.4,0.0600,0.48,51.3,276.3,5.0
2025-04-30T15:29:00+00:00,2098.7,82.05,352.8,13.57,375.4,15.4,614.1,0.0644,0.47,51.3,276.3,6.7
2025-04-30T15:30:00+00:00,2438.4,80.89,336.0,13.77,413.8,14.0,573.5,0.0573,0.48,51.3,276.3,5.1
2025-04-30T15:31:00+00:00,2162.0,83.74,355.3,13.80,389.1,13.6,638.2,0.0572,0.61,51.3,276.3,6.3
2025-04-30T15:32:00+00:00,1930.2,81.96,336.6,13.73,382.5,17.1,598.4,0.0555,0.58,51.3,276.3,5.7
2025-04-30T15:33:00+00:00,1797.8,80.07,345.9,13.85,384.5,14.5,511.3,0.0551,0.59,51.3,276.3,5.1
2025-04-30T15:34:00+00:00,2000.0,80.75,343.1,13.90,376.8,15.6,605.6,0.0562,0.62,51.3,276.3,6.0
2025-04-30T15:35:00+00:00,1867.6,81.33,354.5,13.78,362.4,13.3,626.6,0.0564,0.68,51.3,276.3,5.5
2025-04-30T15:36:00+00:00,2116.0,83.16,356.5,13.93,365.9,15.2,607.9,0.0567,0.59,51.3,276.3,4.6
2025-04-30T15:37:00+00:00,2039.4,82.66,344.6,13.72,388.1,13.2,606.7,0.0568,0.64,51.3,276.3,5.1
2025-04-30T15:38:00+00:00,2104.2,79.86,342.4,13.70,403.9,14.6,523.6,0.0566,0.59,51.3,276.3,6.3
2025-04-30T15:39:00+00:00,1850.9,79.99,349.4,13.79,366.5,13.2,539.9,0.0553,0.59,51.3,276.3,4.4
2025-04-30T15:40:00+00:00,2119.6,84.12,349.0,13.71,381.3,14.8,587.2,0.0594,0.57,51.3,276.3,5.6
2025-04-30T15:41:00+00:00,2005.4,81.17,364.4,13.85,378.0,17.4,599.7,0.0584,0.50,51.3,276.3,4.1
2025-04-30T15:42:00+00:00,2156.4,82.00,357.8,13.56,384.4,14.4,606.3,0.0575,0.66,51.3,276.3,2.5
2025-04-30T15:43:00+00:00,1939.7,84.02,352.1,13.78,393.5,12.2,599.4,0.0654,0.61,51.3,276.3,5.8
2025-04-30T15:44:00+00:00,2035.5,85.21,355.3,13.50,392.8,12.2,588.9,0.0565,0.60,51.3,276.3,6.3
2025-04-30T15:45:00+00:00,1833.8,83.87,347.3,13.86,379.1,16.7,583.6,0.0548,0.55,51.3,276.3,5.0
2025-04-30T15:46:00+00:00,1945.9,85.98,343.9,13.71,358.0,16.5,594.2,0.0556,0.57,51.3,276.3,5.1
2025-04-30T15:47:00+00:00,1917.0,82.19,344.5,13.91,357.3,12.6,629.7,0.0551,0.53,51.3,276.3,5.9
2025-04-30T15:48:00+00:00,1926.8,84.69,356.5,13.75,371.1,16.2,614.9,0.0557,0.58,51.3,276.3,4.4
2025-04-30T15:49:00+00:00,2185.4,84.69,347.4,13.88,371.5,16.4,682.4,0.0572,0.61,51.3,276.3,5.9
2025-04-30T15:50:00+00:00,2126.2,82.96,336.7,13.87,363.8,14.1,551.2,0.0567,0.59,51.3,276.3,6.4
2025-04-30T15:51:00+00:00,2043.9,83.80,352.3,13.61,380.4,13.5,635.3,0.0563,0.58,51.3,276.3,2.7
2025-04-30T15:52:00+00:00,2076.3,81.22,358.1,13.83,383.2,16.9,579.0,0.0574,0.69,51.3,276.3,5.7
2025-04-30T15:53:00+00:00,1898.5,80.23,357.5,13.66,379.1,16.3,595.4,0.0556,0.58,51.3,276.3,5.8
2025-04-30T15:54:00+00:00,2041.7,83.26,350.9,13.86,382.4,17.2,629.6,0.0554,0.50,51.3,276.3,4.5
2025-04-30T15:55:00+00:00,2014.7,81.00,359.0,13.89,390.4,11.9,639.8,0.0590,0.51,51.3,276.3,5.5
2025-04-30T15:56:00+00:00,2226.4,84.61,349.2,14.02,380.4,13.3,615.5,0.0582,0.67,51.3,276.3,5.6
2025-04-30T15:57:00+00:00,1902.6,85.68,370.3,13.58,354.3,14.0,619.6,0.0640,0.61,51.3,276.3,5.1
2025-04-30T15:58:00+00:00,2015.7,81.43,355.3,13.64,377.8,14.0,539.4,0.0565,0.64,51.3,276.3,6.7
2025-04-30T15:59:00+00:00,2158.1,79.33,346.1,13.72,415.5,14.1,577.5,0.0727,0.68,51.3,276.3,5.6
2025-04-30T16:00:00+00:00,2046.9,83.10,363.8,13.84,391.7,13.5,601.5,0.0564,0.60,51.3,276.3,6.7
2025-04-30T16:01:00+00:00,1980.8,81.76,341.6,13.72,365.5,14.7,544.2,0.0558,0.59,51.3,276.3,6.2
2025-04-30T16:02:00+00:00,2028.8,84.89,354.0,13.94,390.0,15.4,582.5,0.0566,0.61,51.3,276.3,4.2
2025-04-30T16:03:00+00:00,2111.5,81.67,356.7,13.67,387.8,14.0,595.1,0.0644,0.66,51.3,276.3,4.0
2025-04-30T16:04:00+00:00,2035.3,82.94,353.0,13.55,399.1,16.4,657.5,0.0585,0.56,51.3,276.3,4.2
2025-04-30T16:05:00+00:00,1821.4,83.20,369.7,13.62,374.5,18.5,586.3,0.0552,0.61,51.3,276.3,5.4
2025-04-30T16:06:00+00:00,1925.7,81.06,353.5,13.86,383.3,15.7,668.4,0.0553,0.54,51.3,276.3,7.6
2025-04-30T16:07:00+00:00,1976.0,83.62,355.3,13.73,377.3,13.9,616.7,0.0564,0.65,51.3,276.3,6.2
2025-04-30T16:08:00+00:00,1973.5,79.78,345.9,14.00,356.2,15.3,613.2,0.0555,0.54,51.3,276.3,5.1
2025-04-30T16:09:00+00:00,1925.2,81.77,351.2,13.63,371.1,17.0,560.8,0.0573,0.62,51.3,276.3,6.2
2025-04-30T16:10:00+00:00,2161.2,80.15,346.9,14.09,393.7,12.8,650.8,0.0604,0.54,51.3,276.3,7.0
2025-04-30T16:11:00+00:00,2010.7,82.17,358.2,13.60,375.0,16.3,601.4,0.0618,0.63,51.3,276.3,4.6
2025-04-30T16:12:00+00:00,1945.7,81.09,354.9,13.61,369.4,13.9,620.3,0.0564,0.60,51.3,276.3,6.2
2025-04-30T16:13:00+00:00,2025.1,84.31,345.5,13.83,383.9,17.0,565.0,0.0574,0.51,51.3,276.3,6.0
2025-04-30T16:14:00+00:00,1976.2,79.46,337.7,13.91,363.8,18.6,589.2,0.0566,0.64,51.3,276.3,6.2
2025-04-30T16:15:00+00:00,1827.6,85.19,351.4,13.65,378.5,18.0,545.4,0.0585,0.48,51.3,276.3,6.1
2025-04-30T16:16:00+00:00,1846.0,83.48,342.3,14.02,363.7,15.3,582.5,0.0558,0.65,51.3,276.3,5.6
2025-04-30T16:17:00+00:00,1936.2,80.53,346.6,13.87,365.0,13.0,598.3,0.0574,0.65,51.3,276.3,6.5
2025-04-30T16:18:00+00:00,2007.7,82.02,341.6,14.02,371.3,16.3,624.3,0.0564,0.63,51.3,276.3,6.2
2025-04-30T16:19:00+00:00,944.7,81.46,354.9,13.53,336.9,14.4,544.4,0.0566,0.59,51.3,276.3,6.4
2025-04-30T16:20:00+00:00,1092.6,78.52,359.3,13.85,337.2,13.8,534.6,0.0513,0.59,51.3,276.3,5.6
2025-04-30T16:21:00+00:00,1006.9,78.64,356.5,13.68,366.4,13.8,574.8,0.0516,0.63,51.3,276.3,5.5
2025-04-30T16:22:00+00:00,1033.3,77.66,353.6,13.92,337.2,13.9,528.6,0.0600,0.61,51.3,276.3,7.4
2025-04-30T16:23:00+00:00,1019.4,76.54,360.9,13.92,358.2,15.6,528.5,0.0535,0.53,51.3,276.3,4.3
2025-04-30T16:24:00+00:00,1059.9,80.77,362.6,13.80,353.3,17.3,598.8,0.0536,0.55,51.3,276.3,4.3
2025-04-30T16:25:00+00:00,910.4,77.58,354.7,13.62,362.3,15.0,609.6,0.0496,0.51,51.3,276.3,5.8
2025-04-30T16:26:00+00:00,1065.5,78.70,352.8,14.03,370.7,13.5,600.1,0.0514,0.61,51.3,276.3,4.8
2025-04-30T16:27:00+00:00,1065.0,77.42,351.5,13.88,349.0,16.1,558.4,0.0509,0.57,51.3,276.3,6.1
2025-04-30T16:28:00+00:00,994.5,77.69,361.4,13.90,352.2,17.3,539.7,0.0543,0.61,51.3,276.3,5.1
2025-04-30T16:29:00+00:00,921.2,76.52,359.5,13.87,330.0,15.9,516.5,0.0501,0.57,51.3,276.3,5.5
2025-04-30T16:30:00+00:00,915.6,78.46,336.0,14.08,357.9,13.8,554.9,0.0509,0.53,51.3,276.3,5.3
