timestamp,engine_rpm,coolant_temp_c,oil_pressure_kpa,battery_voltage_v,exhaust_gas_temp_c,oil_particulate_ppm,exhaust_nox_ppm,vibration_rms_g,wave_height_m,heading_deg,wind_direction_deg,wind_speed_kn
2025-05-01T06:00:00+00:00,1073.3,78.78,355.1,13.87,343.1,15.2,536.3,0.0541,0.87,180.9,90.9,10.6
2025-05-01T06:01:00+00:00,896.4,77.65,361.3,14.00,335.2,15.4,517.4,0.0667,1.06,180.9,90.9,10.9
2025-05-01T06:02:00+00:00,1150.2,78.73,355.4,13.65,369.9,16.3,566.3,0.0554,0.97,180.9,90.9,10.5
2025-05-01T06:03:00+00:00,1093.5,78.41,354.6,13.73,360.3,14.1,589.7,0.0542,0.89,180.9,90.9,10.3
2025-05-01T06:04:00+00:00,1025.2,79.08,362.9,13.73,366.3,11.6,534.9,0.0591,0.98,180.9,90.9,9.3
2025-05-01T06:05:00+00:00,1080.6,78.61,366.7,13.89,329.9,15.8,603.8,0.0569,0.97,180.9,90.9,11.1
2025-05-01T06:06:00+00:00,773.0,78.35,369.2,13.79,344.5,14.9,618.3,0.0531,0.94,180.9,90.9,10.9
2025-05-01T06:07:00+00:00,955.4,80.01,353.2,13.98,344.2,17.3,564.1,0.0546,0.91,180.9,90.9,11.1
2025-05-01T06:08:00+00:00,976.0,78.38,355.4,13.83,357.1,15.6,557.9,0.0540,0.92,180.9,90.9,11.6
2025-05-01T06:09:00+00:00,1032.0,77.59,356.6,13.56,361.6,15.1,593.1,0.0549,0.98,180.9,90.9,10.8
2025-05-01T06:10:00+00:00,873.4,79.18,339.1,13.99,334.0,18.3,538.6,0.0542,1.00,180.9,90.9,12.0
2025-05-01T06:11:00+00:00,977.9,80.20,364.6,14.01,345.9,15.2,543.7,0.0546,0.98,180.9,90.9,10.4
2025-05-01T06:12:00+00:00,1029.2,75.98,362.2,13.65,360.2,13.0,549.0,0.0632,0.97,180.9,90.9,11.2
2025-05-01T06:13:00+00:00,1045.5,76.32,355.6,13.82,330.5,14.9,567.9,0.0552,1.01,180.9,90.9,12.9
2025-05-01T06:14:00+00:00,2210.3,83.26,352.9,13.77,354.0,15.9,641.0,0.0611,0.94,180.9,90.9,11.4
2025-05-01T06:15:00+00:00,2029.1,83.02,351.3,13.56,377.6,9.7,631.3,0.0596,0.93,180.9,90.9,9.7
2025-05-01T06:16:00+00:00,2090.6,85.83,366.3,14.08,387.7,14.7,662.4,0.0593,0.86,180.9,90.9,11.8
2025-05-01T06:17:00+00:00,2143.0,82.49,345.4,13.84,371.8,16.8,604.1,0.0642,0.91,180.9,90.9,9.7
2025-05-01T06:18:00+00:00,1846.3,82.47,342.1,13.80,382.5,15.6,606.8,0.0667,0.96,180.9,90.9,11.1
2025-05-01T06:19:00+00:00,1941.1,84.10,350.5,13.51,375.8,18.4,538.1,0.0594,0.95,180.9,90.9,9.7
2025-05-01T06:20:00+00:00,2019.2,82.25,352.4,13.72,382.9,13.0,606.3,0.0616,0.93,180.9,90.9,10.4
2025-05-01T06:21:00+00:00,2093.9,82.22,349.9,13.69,381.5,16.8,585.4,0.0597,0.85,180.9,90.9,10.0
2025-05-01T06:22:00+00:00,1912.3,82.43,344.5,13.83,373.7,18.9,601.1,0.0605,0.92,180.9,90.9,9.3
2025-05-01T06:23:00+00:00,1946.9,80.35,348.7,13.85,361.8,14.7,594.9,0.0592,0.92,180.9,90.9,8.9
2025-05-01T06:24:00+00:00,1751.4,79.20,345.3,13.96,364.1,15.1,541.3,0.0568,0.79,180.9,90.9,12.5
2025-05-01T06:25:00+00:00,2141.2,84.29,352.7,14.09,393.1,17.0,624.7,0.0669,1.07,180.9,90.9,10.5
2025-05-01T06:26:00+00:00,2072.6,82.05,355.5,13.70,395.1,17.1,583.7,0.0631,0.89,180.9,90.9,10.8
2025-05-01T06:27:00+00:00,1906.1,80.80,346.7,13.76,367.8,18.7,606.2,0.0583,0.87,180.9,90.9,9.8
2025-05-01T06:28:00+00:00,2113.9,81.26,349.8,13.75,405.2,19.1,635.5,0.0613,0.96,180.9,90.9,11.0
2025-05-01T06:29:00+00:00,2020.2,82.58,345.6,13.66,380.8,16.0,600.3,0.0603,0.99,180.9,90.9,11.4
2025-05-01T06:30:00+00:00,1945.3,82.38,357.7,13.97,371.1,16.9,575.0,0.0596,0.97,180.9,90.9,13.2
2025-05-01T06:31:00+00:00,1930.9,85.03,352.1,13.83,386.3,15.4,586.6,0.0690,0.97,180.9,90.9,10.9
2025-05-01T06:32:00+00:00,2073.3,82.32,342.2,13.90,387.5,14.5,561.1,0.0628,0.94,180.9,90.9,11.5
2025-05-01T06:33:00+00:00,1993.6,82.80,353.8,14.06,362.6,16.2,554.7,0.0590,0.88,180.9,90.9,9.8
2025-05-01T06:34:00+00:00,1973.7,81.63,347.0,13.75,373.2,17.8,634.2,0.0599,0.92,180.9,90.9,11.0
2025-05-01T06:35:00+00:00,2113.6,84.18,363.7,13.74,378.8,16.6,671.3,0.0633,0.95,180.9,90.9,10.9
2025-05-01T06:36:00+00:00,1897.6,83.09,340.5,13.87,370.0,13.7,602.6,0.0584,0.87,180.9,90.9,10.0
2025-05-01T06:37:00+00:00,1853.8,80.98,345.6,13.52,366.9,15.6,550.9,0.0623,0.95,180.9,90.9,11.2
2025-05-01T06:38:00+00:00,2057.0,81.38,357.8,13.80,367.9,16.3,575.1,0.0598,0.94,180.9,90.9,9.6
2025-05-01T06:39:00+00:00,1926.3,80.34,348.9,13.85,381.9,12.9,623.5,0.0586,0.88,180.9,90.9,9.7
2025-05-01T06:40:00+00:00,1954.6,82.44,354.6,13.79,384.7,15.6,580.7,0.0587,0.87,180.9,90.9,10.4
2025-05-01T06:41:00+00:00,1747.4,82.02,367.8,13.81,359.2,17.8,594.6,0.0626,1.00,180.9,90.9,11.0
2025-05-01T06:42:00+00:00,1918.8,83.11,351.1,13.78,361.1,13.8,621.6,0.0597,0.99,180.9,90.9,13.7
2025-05-01T06:43:00+00:00,1992.2,81.87,346.7,13.85,374.5,13.7,641.6,0.0595,0.93,180.9,90.9,11.1
2025-05-01T06:44:00+00:00,1960.3,80.93,346.5,13.72,348.6,16.3,609.7,0.0602,1.01,180.9,90.9,11.4
2025-05-01T06:45:00+00:00,2263.3,83.26,346.7,13.79,395.0,16.7,589.5,0.0611,0.95,180.9,90.9,12.0
2025-05-01T06:46:00+00:00,2050.0,81.49,348.0,13.54,372.3,13.8,632.3,0.0601,0.97,180.9,90.9,11.1
2025-05-01T06:47:00+00:00,2217.4,80.89,354.3,13.72,396.3,14.4,640.0,0.0605,0.91,180.9,90.9,12.6
2025-05-01T06:48:00+00:00,2047.1,82.11,359.9,13.73,391.7,14.8,579.5,0.0605,1.00,180.9,90.9,12.6
2025-05-01T06:49:00+00:00,1955.1,82.94,345.0,13.96,372.7,15.9,619.5,0.0596,0.97,180.9,90.9,10.0
2025-05-01T06:50:00+00:00,2069.6,82.33,364.5,13.62,386.5,12.2,654.2,0.0603,0.98,180.9,90.9,11.3
2025-05-01T06:51:00+00:00,1899.0,83.03,350.5,13.61,385.1,14.8,612.1,0.0615,1.04,180.9,90.9,12.7
2025-05-01T06:52:00+00:00,2030.2,79.91,337.3,13.84,377.0,15.0,619.3,0.0612,0.97,180.9,90.9,13.6
2025-05-01T06:53:00+00:00,1968.5,86.46,349.8,13.74,371.4,14.4,594.8,0.0602,0.92,180.9,90.9,10.4
2025-05-01T06:54:00+00:00,1703.3,79.29,345.2,13.85,383.2,15.1,591.8,0.0575,0.87,180.9,90.9,12.0
2025-05-01T06:55:00+00:00,2095.4,84.47,343.3,13.68,372.3,15.2,584.9,0.0724,0.89,180.9,90.9,10.1
2025-05-01T06:56:00+00:00,2028.0,84.21,357.0,13.92,376.0,16.3,608.0,0.0601,0.98,180.9,90.9,13.1
2025-05-01T06:57:00+00:00,1877.3,81.01,363.0,13.78,366.7,14.9,613.7,0.0586,0.91,180.9,90.9,10.5
2025-05-01T06:58:00+00:00,2095.6,82.27,346.3,13.82,373.0,11.2,624.7,0.0600,0.94,180.9,90.9,11.0
2025-05-01T06:59:00+00:00,1877.4,82.63,334.2,13.87,386.4,17.4,564.4,0.0629,1.01,180.9,90.9,11.0
2025-05-01T07:00:00+00:00,2135.8,82.19,346.8,13.87,362.0,15.2,543.2,0.0676,1.02,180.9,90.9,12.0
2025-05-01T07:01:00+00:00,2056.0,83.49,343.8,13.74,397.0,14.4,611.0,0.0617,0.88,180.9,90.9,10.9
2025-05-01T07:02:00+00:00,1936.4,83.18,340.4,13.95,390.6,17.8,570.6,0.0665,0.95,180.9,90.9,10.8
2025-05-01T07:03:00+00:00,1926.6,81.20,371.1,13.94,384.9,15.3,656.4,0.0631,1.02,180.9,90.9,10.9
2025-05-01T07:04:00+00:00,2111.5,84.42,351.1,13.81,381.7,15.5,589.9,0.0602,0.94,180.9,90.9,9.9
2025-05-01T07:05:00+00:00,2009.2,82.52,350.5,13.86,367.7,14.5,583.8,0.0613,0.99,180.9,90.9,12.9
2025-05-01T07:06:00+00:00,2166.3,80.17,347.3,13.74,386.0,15.6,585.0,0.0636,0.96,180.9,90.9,11.2
2025-05-01T07:07:00+00:00,1884.7,82.52,349.1,13.85,370.1,15.4,589.1,0.0584,0.89,180.9,90.9,10.3
2025-05-01T07:08:00+00:00,1938.9,80.63,339.3,13.68,387.7,17.3,607.9,0.0624,0.91,180.9,90.9,11.5
2025-05-01T07:09:00+00:00,2189.1,83.36,354.3,13.90,386.6,15.2,597.1,0.0600,0.86,180.9,90.9,10.6
2025-05-01T07:10:00+00:00,1975.9,82.56,356.8,13.75,386.8,16.2,651.2,0.0602,0.89,180.9,90.9,9.1
2025-05-01T07:11:00+00:00,2144.4,85.30,337.8,13.81,382.8,12.8,572.4,0.0638,0.98,180.9,90.9,8.2
2025-05-01T07:12:00+00:00,2466.8,82.26,338.8,13.70,401.5,12.7,618.0,0.0672,0.99,180.9,90.9,10.8
2025-05-01T07:13:00+00:00,2186.8,84.20,341.0,13.82,388.8,16.6,618.8,0.0609,0.97,180.9,90.9,10.3
2025-05-01T07:14:00+00:00,2031.9,81.82,361.7,13.68,380.9,14.9,548.7,0.0605,0.91,180.9,90.9,9.3
2025-05-01T07:15:00+00:00,2404.6,85.79,355.6,13.71,395.1,14.5,633.6,0.0624,1.00,180.9,90.9,11.3
2025-05-01T07:16:00+00:00,2049.4,84.05,356.3,14.08,397.1,17.7,628.2,0.0601,0.97,180.9,90.9,9.3
2025-05-01T07:17:00+00:00,2032.0,81.10,349.6,13.78,385.5,14.0,686.2,0.0625,0.92,180.9,90.9,12.1
2025-05-01T07:18:00+00:00,2437.9,86.19,341.8,13.96,386.1,15.7,687.0,0.0742,0.90,180.9,90.9,10.3
2025-05-01T07:19:00+00:00,2190.0,80.93,348.9,14.01,392.7,14.6,589.2,0.0602,0.85,180.9,90.9,11.7
2025-05-01T07:20:00+00:00,2410.7,84.90,358.8,13.76,385.1,14.9,639.8,0.0697,1.02,180.9,90.9,10.0
2025-05-01T07:21:00+00:00,2490.4,80.89,355.1,13.70,395.9,14.0,560.7,0.0623,0.96,180.9,90.9,10.3
2025-05-01T07:22:00+00:00,2173.3,81.33,343.7,13.98,372.6,15.1,591.0,0.0607,0.95,180.9,90.9,10.9
2025-05-01T07:23:00+00:00,1952.8,80.62,349.3,13.90,397.5,14.7,552.1,0.0598,0.98,180.9,90.9,11.4
2025-05-01T07:24:00+00:00,1932.1,81.69,338.8,14.01,388.6,13.8,534.2,0.0613,0.89,180.9,90.9,12.3
2025-05-01T07:25:00+00:00,2101.9,81.56,350.0,13.69,362.8,15.9,641.8,0.0602,0.95,180.9,90.9,10.6
2025-05-01T07:26:00+00:00,1916.8,84.77,342.7,13.92,376.2,18.1,577.2,0.0587,0.89,180.9,90.9,10.5
2025-05-01T07:27:00+00:00,2209.5,80.61,353.7,13.87,367.3,19.3,679.2,0.0604,0.90,180.9,90.9,11.8
2025-05-01T07:28:00+00:00,2121.9,83.59,337.9,14.11,397.3,13.1,565.0,0.0622,0.95,180.9,90.9,10.3
2025-05-01T07:29:00+00:00,2009.2,82.19,333.4,13.95,395.0,18.5,603.0,0.0649,0.93,180.9,90.9,11.4
2025-05-01T07:30:00+00:00,2330.6,81.31,365.8,13.79,386.2,13.9,572.1,0.0619,0.97,180.9,90.9,10.1
2025-05-01T07:31:00+00:00,2121.4,82.63,352.3,13.78,374.6,14.9,618.9,0.0605,0.96,180.9,90.9,12.1
2025-05-01T07:32:00+00:00,2026.7,84.84,350.6,14.00,397.5,13.1,670.5,0.0633,0.97,180.9,90.9,11.4
2025-05-01T07:33:00+00:00,2499.3,82.10,352.2,13.62,378.1,17.5,657.4,0.0650,0.95,180.9,90.9,10.9
2025-05-01T07:34:00+00:00,2433.2,85.27,336.8,13.58,419.1,17.2,633.5,0.0613,0.87,180.9,90.9,10.8
2025-05-01T07:35:00+00:00,2404.8,83.81,330.0,13.86,386.1,12.9,616.6,0.0618,0.94,180.9,90.9,11.0
2025-05-01T07:36:00+00:00,2439.2,86.60,348.3,13.83,377.6,14.6,593.1,0.0671,0.92,180.9,90.9,10.6
2025-05-01T07:37:00+00:00,2245.3,82.98,343.4,13.70,368.8,13.6,599.2,0.0631,0.95,180.9,90.9,11.2
2025-05-01T07:38:00+00:00,2055.5,84.96,353.4,13.96,391.0,12.6,606.9,0.0603,0.98,180.9,90.9,10.6
2025-05-01T07:39:00+00:00,1946.7,82.90,355.6,13.77,374.3,12.5,604.7,0.0594,0.94,180.9,90.9,11.9
2025-05-01T07:40:00+00:00,1929.9,84.05,342.3,13.75,373.9,14.6,579.1,0.0646,0.95,180.9,90.9,11.8
2025-05-01T07:41:00+00:00,1950.6,82.12,354.2,13.99,382.1,16.0,529.2,0.0723,1.01,180.9,90.9,10.7
2025-05-01T07:42:00+00:00,1976.3,82.31,342.6,13.71,387.2,15.7,552.0,0.0647,1.00,180.9,90.9,13.1
2025-05-01T07:43:00+00:00,1963.1,80.13,354.3,14.06,384.4,15.3,620.3,0.0701,0.89,180.9,90.9,10.3
2025-05-01T07:44:00+00:00,2262.4,82.36,346.5,13.66,392.2,15.6,570.1,0.0623,1.04,180.9,90.9,10.8
2025-05-01T07:45:00+00:00,2077.3,82.08,348.7,13.68,377.5,15.5,602.6,0.0596,0.90,180.9,90.9,12.4
2025-05-01T07:46:00+00:00,1919.0,81.83,368.1,13.67,386.8,13.3,554.2,0.0674,1.04,180.9,90.9,10.9
2025-05-01T07:47:00+00:00,2265.2,83.73,351.8,13.79,405.5,16.8,610.7,0.0607,0.88,180.9,90.9,12.3
2025-05-01T07:48:00+00:00,1944.9,81.46,359.3,13.71,383.8,16.7,598.1,0.0594,0.95,180.9,90.9,11.0
2025-05-01T07:49:00+00:00,1928.5,79.46,362.0,13.77,379.8,12.2,591.1,0.0645,0.90,180.9,90.9,9.5
2025-05-01T07:50:00+00:00,2062.0,79.41,359.7,13.86,382.4,13.1,624.2,0.0658,1.06,180.9,90.9,12.3
2025-05-01T07:51:00+00:00,2004.2,81.08,348.3,13.90,388.0,15.3,605.6,0.0595,0.93,180.9,90.9,11.0
2025-05-01T07:52:00+00:00,1989.6,81.52,360.0,13.82,391.9,16.3,648.8,0.0591,0.90,180.9,90.9,11.1
2025-05-01T07:53:00+00:00,1976.4,80.94,339.7,13.68,380.2,14.2,545.0,0.0597,0.96,180.9,90.9,11.4
2025-05-01T07:54:00+00:00,1876.9,81.43,357.3,13.88,391.7,15.3,630.2,0.0587,0.93,180.9,90.9,9.1
2025-05-01T07:55:00+00:00,2067.9,81.66,354.7,13.89,386.1,18.2,622.1,0.0652,0.94,180.9,90.9,11.4
2025-05-01T07:56:00+00:00,2017.5,84.52,340.6,14.20,396.3,15.2,655.3,0.0664,1.01,180.9,90.9,10.1
2025-05-01T07:57:00+00:00,1814.6,81.02,358.8,13.89,390.7,14.1,604.6,0.0583,0.89,180.9,90.9,12.9
2025-05-01T07:58:00+00:00,2029.4,81.95,357.4,13.59,377.4,15.9,602.9,0.0597,0.92,180.9,90.9,12.2
2025-05-01T07:59:00+00:00,2145.4,79.95,349.9,13.74,395.8,16.4,575.7,0.0607,0.92,180.9,90.9,10.1
2025-05-01T08:00:00+00:00,2041.9,80.84,357.4,13.64,395.3,16.7,652.7,0.0656,0.90,180.9,90.9,9.6
2025-05-01T08:01:00+00:00,2084.9,82.28,333.6,13.61,379.5,16.3,533.2,0.0595,0.88,180.9,90.9,10.6
2025-05-01T08:02:00+00:00,1781.3,83.53,331.0,13.84,367.7,12.9,579.9,0.0584,0.93,180.9,90.9,11.1
2025-05-01T08:03:00+00:00,2117.7,83.39,360.3,13.79,382.7,17.1,585.4,0.0606,0.98,180.9,90.9,10.2
2025-05-01T08:04:00+00:00,1865.0,83.77,357.5,13.89,369.1,15.0,596.3,0.0694,1.03,180.9,90.9,11.1
2025-05-01T08:05:00+00:00,2216.5,82.32,355.7,13.97,411.9,12.7,631.3,0.0613,1.00,180.9,90.9,11.1
2025-05-01T08:06:00+00:00,1973.2,83.31,353.6,13.90,382.1,12.3,573.4,0.0586,0.86,180.9,90.9,10.5
2025-05-01T08:07:00+00:00,2163.2,81.90,348.6,13.98,363.3,17.8,656.1,0.0616,0.95,180.9,90.9,12.1
2025-05-01T08:08:00+00:00,2198.8,81.54,347.1,13.77,391.8,12.8,654.4,0.0669,0.93,180.9,90.9,10.8
2025-05-01T08:09:00+00:00,1870.4,83.07,350.5,13.79,369.6,18.5,609.3,0.0597,0.93,180.9,90.9,12.3
2025-05-01T08:10:00+00:00,2130.8,85.13,349.7,13.63,374.3,12.1,605.6,0.0606,0.98,180.9,90.9,11.9
2025-05-01T08:11:00+00:00,1915.8,81.96,335.3,13.77,372.4,14.7,640.9,0.0670,0.94,180.9,90.9,10.4
2025-05-01T08:12:00+00:00,2010.5,81.32,356.7,13.82,372.3,17.7,553.7,0.0686,1.00,180.9,90.9,11.2
2025-05-01T08:13:00+00:00,2031.6,82.49,354.4,14.06,373.3,12.9,625.9,0.0603,0.96,180.9,90.9,12.0
2025-05-01T08:14:00+00:00,2160.4,84.87,341.6,13.99,378.4,14.6,608.6,0.0634,0.94,180.9,90.9,11.7
2025-05-01T08:15:00+00:00,2012.4,80.35,344.5,13.75,385.1,15.4,556.2,0.0595,0.92,180.9,90.9,10.4
2025-05-01T08:16:00+00:00,1819.1,81.77,341.1,13.97,395.5,14.5,627.6,0.0599,0.95,180.9,90.9,10.9
2025-05-01T08:17:00+00:00,2146.1,81.81,347.9,13.71,381.0,14.7,588.4,0.0669,0.96,180.9,90.9,11.7
2025-05-01T08:18:00+00:00,2157.7,81.55,357.4,13.91,397.5,13.9,585.2,0.0617,1.07,180.9,90.9,11.8
2025-05-01T08:19:00+00:00,1975.0,81.27,356.7,13.70,383.6,16.4,580.2,0.0598,0.97,180.9,90.9,12.6
2025-05-01T08:20:00+00:00,1833.7,81.29,344.0,13.97,376.0,14.6,546.7,0.0588,0.95,180.9,90.9,11.6
2025-05-01T08:21:00+00:00,2052.2,80.55,351.1,13.94,381.8,13.1,613.7,0.0606,0.99,180.9,90.9,8.7
2025-05-01T08:22:00+00:00,1898.6,82.74,341.6,13.59,375.4,14.5,595.6,0.0623,0.92,180.9,90.9,10.7
2025-05-01T08:23:00+00:00,2026.1,81.74,339.2,13.86,386.6,13.6,605.0,0.0599,0.96,180.9,90.9,9.5
2025-05-01T08:24:00+00:00,2083.4,81.50,358.4,13.84,385.9,14.8,600.4,0.0598,0.91,180.9,90.9,9.4
2025-05-01T08:25:00+00:00,1905.8,81.18,346.0,13.51,361.7,16.8,613.1,0.0591,0.94,180.9,90.9,11.9
2025-05-01T08:26:00+00:00,2036.7,87.91,347.3,13.72,399.9,13.2,560.0,0.0599,0.94,180.9,90.9,10.8
2025-05-01T08:27:00+00:00,2168.7,84.93,347.9,13.91,383.5,12.6,637.2,0.0657,1.02,180.9,90.9,10.2
2025-05-01T08:28:00+00:00,1903.1,83.15,350.2,13.69,386.3,14.0,608.7,0.0596,0.99,180.9,90.9,10.9
2025-05-01T08:29:00+00:00,2008.2,83.14,357.8,13.71,379.9,14.9,615.0,0.0599,0.96,180.9,90.9,12.3
2025-05-01T08:30:00+00:00,2053.5,81.78,353.6,13.89,396.8,13.6,597.5,0.0655,0.94,180.9,90.9,10.7
2025-05-01T08:31:00+00:00,1862.6,83.78,346.3,13.73,370.1,16.1,598.5,0.0585,0.90,180.9,90.9,11.1
2025-05-01T08:32:00+00:00,1035.1,79.61,367.1,13.85,375.9,15.6,585.4,0.0615,0.96,180.9,90.9,11.4
2025-05-01T08:33:00+00:00,1011.9,80.62,359.5,13.63,358.1,16.2,586.3,0.0556,0.96,180.9,90.9,10.4
2025-05-01T08:34:00+00:00,945.1,76.27,353.9,13.71,337.6,14.9,553.9,0.0573,0.97,180.9,90.9,12.2
2025-05-01T08:35:00+00:00,938.1,78.04,374.1,13.93,362.7,15.1,562.0,0.0606,0.89,180.9,90.9,10.9
2025-05-01T08:36:00+00:00,1056.5,81.39,367.9,13.86,352.2,15.1,525.0,0.0552,1.01,180.9,90.9,11.7
2025-05-01T08:37:00+00:00,873.1,79.98,359.1,13.57,356.9,16.0,577.7,0.0556,0.91,180.9,90.9,11.7
2025-05-01T08:38:00+00:00,1019.5,81.43,356.8,13.81,339.1,13.2,551.3,0.0562,0.99,180.9,90.9,10.7
2025-05-01T08:39:00+00:00,979.3,79.92,368.1,13.85,346.1,14.9,550.8,0.0544,0.97,180.9,90.9,10.2
2025-05-01T08:40:00+00:00,909.2,80.39,355.8,13.83,364.3,13.8,547.8,0.0606,0.99,180.9,90.9,12.3
2025-05-01T08:41:00+00:00,1025.4,79.07,351.9,14.03,341.0,15.3,553.9,0.0626,0.96,180.9,90.9,9.7
2025-05-01T08:42:00+00:00,1118.5,78.96,361.2,13.88,332.6,15.7,510.0,0.0563,0.98,180.9,90.9,11.6
2025-05-01T08:43:00+00:00,956.3,78.79,357.6,13.66,343.0,18.4,596.9,0.0534,0.88,180.9,90.9,11.3
2025-05-01T08:44:00+00:00,1054.5,80.33,353.5,13.91,358.5,14.3,504.3,0.0543,0.92,180.9,90.9,11.3
2025-05-01T14:00:00+00:00,1096.4,79.08,351.2,13.65,343.0,14.7,528.9,0.0599,0.96,180.9,90.9,11.0
2025-05-01T14:01:00+00:00,955.1,79.34,358.5,13.92,334.9,16.6,536.1,0.0532,0.87,180.9,90.9,11.6
2025-05-01T14:02:00+00:00,1072.5,80.13,352.7,13.81,386.6,14.2,517.8,0.0544,0.86,180.9,90.9,9.9
2025-05-01T14:03:00+00:00,995.4,77.54,348.6,13.78,344.1,15.6,525.8,0.0547,0.99,180.9,90.9,10.7
2025-05-01T14:04:00+00:00,1104.2,79.58,356.9,13.55,337.7,15.2,610.3,0.0618,0.90,180.9,90.9,10.5
2025-05-01T14:05:00+00:00,919.0,80.12,358.0,13.61,335.1,12.7,525.2,0.0547,0.99,180.9,90.9,9.5
2025-05-01T14:06:00+00:00,1006.2,81.92,358.1,13.81,355.2,15.0,583.5,0.0542,0.93,180.9,90.9,10.9
2025-05-01T14:07:00+00:00,1035.1,79.52,363.4,14.09,372.4,14.8,564.1,0.0546,0.92,180.9,90.9,11.4
2025-05-01T14:08:00+00:00,986.4,79.23,355.9,13.93,354.6,14.8,534.8,0.0542,0.94,180.9,90.9,9.7
2025-05-01T14:09:00+00:00,904.3,78.58,356.8,13.92,338.0,13.2,542.7,0.0534,0.92,180.9,90.9,10.7
2025-05-01T14:10:00+00:00,1059.1,80.03,349.2,13.74,363.6,14.2,560.1,0.0542,0.91,180.9,90.9,11.8
2025-05-01T14:11:00+00:00,804.1,77.30,353.2,14.05,357.7,15.7,594.2,0.0537,0.97,180.9,90.9,13.3
2025-05-01T14:12:00+00:00,1034.6,80.17,359.2,13.55,367.6,11.9,563.3,0.0544,0.92,180.9,90.9,12.2
2025-05-01T14:13:00+00:00,946.1,78.01,357.9,13.82,362.8,16.1,539.4,0.0542,0.95,180.9,90.9,10.6
2025-05-01T14:14:00+00:00,2085.2,82.38,343.2,13.98,393.8,15.4,627.3,0.0602,0.94,180.9,90.9,9.5
2025-05-01T14:15:00+00:00,1963.4,78.06,360.2,13.73,385.8,16.0,591.4,0.0678,0.97,180.9,90.9,10.4
2025-05-01T14:16:00+00:00,2088.1,84.25,337.3,13.90,383.8,15.7,599.1,0.0645,0.92,180.9,90.9,11.9
2025-05-01T14:17:00+00:00,2235.1,81.78,346.8,13.70,384.2,14.8,628.6,0.0618,0.98,180.9,90.9,12.1
2025-05-01T14:18:00+00:00,1833.0,82.96,358.6,13.95,375.4,18.1,569.1,0.0655,0.96,180.9,90.9,12.2
2025-05-01T14:19:00+00:00,1855.0,79.03,357.8,13.64,394.0,14.9,581.8,0.0586,0.91,180.9,90.9,10.1
2025-05-01T14:20:00+00:00,2091.3,82.55,358.8,13.88,403.5,15.3,618.0,0.0608,1.03,180.9,90.9,11.0
2025-05-01T14:21:00+00:00,2020.6,84.09,355.0,13.72,394.1,16.3,595.6,0.0602,0.95,180.9,90.9,11.8
2025-05-01T14:22:00+00:00,1876.7,81.97,361.6,13.74,388.4,16.0,609.5,0.0599,1.00,180.9,90.9,10.6
2025-05-01T14:23:00+00:00,2070.3,83.11,337.9,13.66,390.7,17.3,629.5,0.0608,0.93,180.9,90.9,10.0
2025-05-01T14:24:00+00:00,1955.1,80.94,353.9,14.06,380.3,16.3,602.1,0.0599,0.95,180.9,90.9,10.5
2025-05-01T14:25:00+00:00,2173.0,82.30,348.6,13.94,385.6,14.8,559.1,0.0594,0.83,180.9,90.9,11.2
2025-05-01T14:26:00+00:00,1952.3,80.98,357.6,13.81,386.8,17.1,599.7,0.0631,0.87,180.9,90.9,10.9
2025-05-01T14:27:00+00:00,2046.3,83.41,345.3,13.94,384.6,14.7,592.9,0.0738,0.97,180.9,90.9,11.2
2025-05-01T14:28:00+00:00,2180.4,81.90,358.8,13.63,377.2,18.5,622.2,0.0612,1.00,180.9,90.9,11.6
2025-05-01T14:29:00+00:00,2209.3,81.97,339.0,13.74,373.1,16.0,636.4,0.0610,0.96,180.9,90.9,9.7
2025-05-01T14:30:00+00:00,1989.7,81.97,369.4,14.02,381.4,15.2,634.9,0.0598,0.96,180.9,90.9,10.5
2025-05-01T14:31:00+00:00,1882.7,83.85,366.9,13.90,378.1,13.5,571.6,0.0606,0.99,180.9,90.9,11.3
2025-05-01T14:32:00+00:00,1995.8,86.14,333.2,13.72,382.0,14.6,592.4,0.0605,1.04,180.9,90.9,11.1
2025-05-01T14:33:00+00:00,2119.6,83.12,359.4,13.62,373.1,15.0,572.3,0.0601,0.93,180.9,90.9,12.9
2025-05-01T14:34:00+00:00,1954.5,78.77,370.2,13.77,392.5,15.7,589.5,0.0612,0.99,180.9,90.9,10.4
2025-05-01T14:35:00+00:00,2085.2,80.06,353.0,13.92,390.6,13.5,593.2,0.0604,0.99,180.9,90.9,11.9
2025-05-01T14:36:00+00:00,2179.1,82.91,351.1,13.99,392.9,15.4,623.2,0.0637,0.96,180.9,90.9,10.0
2025-05-01T14:37:00+00:00,2246.7,80.48,348.3,14.02,376.5,14.3,635.3,0.0614,0.99,180.9,90.9,12.3
2025-05-01T14:38:00+00:00,2114.0,82.63,350.7,13.79,377.5,16.0,627.8,0.0605,0.97,180.9,90.9,9.0
2025-05-01T14:39:00+00:00,1983.2,82.05,333.2,13.78,384.2,13.1,594.8,0.0604,1.03,180.9,90.9,10.6
2025-05-01T14:40:00+00:00,2046.4,80.98,353.0,13.86,370.8,17.5,578.3,0.0602,0.97,180.9,90.9,10.8
2025-05-01T14:41:00+00:00,1905.7,84.10,355.3,13.71,375.1,13.9,560.8,0.0606,0.96,180.9,90.9,11.8
2025-05-01T14:42:00+00:00,2191.3,81.80,345.1,13.63,385.9,16.8,596.9,0.0618,1.02,180.9,90.9,10.2
2025-05-01T14:43:00+00:00,1982.1,82.91,339.7,13.69,384.8,16.3,601.5,0.0658,0.96,180.9,90.9,11.5
2025-05-01T14:44:00+00:00,1692.3,78.88,339.8,13.76,369.4,17.6,567.6,0.0580,0.94,180.9,90.9,10.2
2025-05-01T14:45:00+00:00,2112.0,83.60,346.0,13.77,392.9,15.1,638.4,0.0605,0.89,180.9,90.9,10.3
2025-05-01T14:46:00+00:00,2019.6,83.79,347.7,13.66,401.4,18.7,587.1,0.0593,0.89,180.9,90.9,11.1
2025-05-01T14:47:00+00:00,1934.7,81.66,350.8,13.85,372.0,17.8,609.4,0.0634,1.03,180.9,90.9,10.4
2025-05-01T14:48:00+00:00,2187.3,83.97,348.5,13.73,379.3,14.1,559.8,0.0609,0.95,180.9,90.9,11.1
2025-05-01T14:49:00+00:00,2051.4,80.55,365.5,13.89,375.4,14.5,678.3,0.0604,0.99,180.9,90.9,11.2
2025-05-01T14:50:00+00:00,2100.5,84.32,335.7,14.02,381.5,17.0,559.5,0.0606,1.01,180.9,90.9,9.6
2025-05-01T14:51:00+00:00,1863.9,85.59,363.8,13.81,363.5,14.5,564.9,0.0593,0.98,180.9,90.9,11.2
2025-05-01T14:52:00+00:00,1870.1,80.91,343.1,13.91,371.1,16.3,491.1,0.0637,1.05,180.9,90.9,10.9
2025-05-01T14:53:00+00:00,2089.6,81.56,352.5,13.94,391.1,16.5,616.3,0.0627,0.89,180.9,90.9,11.3
2025-05-01T14:54:00+00:00,2030.2,82.12,353.5,13.63,379.5,17.7,631.4,0.0608,1.05,180.9,90.9,9.5
2025-05-01T14:55:00+00:00,2113.6,84.05,364.3,13.83,394.0,16.6,595.6,0.0747,0.90,180.9,90.9,9.6
2025-05-01T14:56:00+00:00,2008.7,80.20,362.3,13.80,388.6,16.1,656.6,0.0603,1.02,180.9,90.9,10.3
2025-05-01T14:57:00+00:00,1885.3,81.15,346.6,13.64,374.5,15.4,640.3,0.0603,0.94,180.9,90.9,11.0
2025-05-01T14:58:00+00:00,1973.8,79.35,333.5,13.89,379.4,17.4,616.3,0.0600,1.00,180.9,90.9,11.7
2025-05-01T14:59:00+00:00,2051.7,82.32,352.7,13.72,376.4,17.4,618.6,0.0642,0.97,180.9,90.9,11.6
2025-05-01T15:00:00+00:00,1999.5,82.49,361.1,13.58,374.7,16.0,645.3,0.0623,0.95,180.9,90.9,11.5
2025-05-01T15:01:00+00:00,2093.9,83.46,351.2,13.72,371.7,13.6,624.1,0.0603,0.94,180.9,90.9,10.5
2025-05-01T15:02:00+00:00,2141.8,83.80,359.6,13.67,398.1,16.5,591.0,0.0612,1.02,180.9,90.9,11.2
2025-05-01T15:03:00+00:00,2041.7,80.95,352.1,13.91,391.8,19.0,563.8,0.0608,1.03,180.9,90.9,11.2
2025-05-01T15:04:00+00:00,2007.6,81.88,359.2,13.68,385.5,15.1,614.6,0.0656,0.99,180.9,90.9,12.1
2025-05-01T15:05:00+00:00,2233.9,80.77,346.3,14.01,376.6,13.5,631.4,0.0648,0.92,180.9,90.9,11.1
2025-05-01T15:06:00+00:00,1919.7,79.22,359.1,13.69,367.0,16.5,585.1,0.0605,0.91,180.9,90.9,10.5
2025-05-01T15:07:00+00:00,1945.1,80.14,340.3,14.05,380.6,12.1,603.1,0.0589,0.90,180.9,90.9,10.9
2025-05-01T15:08:00+00:00,1963.2,83.73,352.3,13.90,371.1,13.4,569.3,0.0604,1.03,180.9,90.9,11.8
2025-05-01T15:09:00+00:00,1939.3,82.26,359.8,13.70,363.9,15.2,585.5,0.0594,0.95,180.9,90.9,11.5
2025-05-01T15:10:00+00:00,2520.0,82.96,351.0,13.64,410.3,14.6,632.6,0.0650,1.00,180.9,90.9,11.1
2025-05-01T15:11:00+00:00,1920.0,81.65,348.8,13.84,372.1,14.2,556.2,0.0583,0.88,180.9,90.9,10.3
2025-05-01T15:12:00+00:00,1929.4,83.76,347.8,13.79,366.6,15.3,597.8,0.0603,1.03,180.9,90.9,11.3
2025-05-01T15:13:00+00:00,2015.8,80.32,341.0,13.88,372.0,16.6,563.7,0.0642,0.83,180.9,90.9,10.1
2025-05-01T15:14:00+00:00,2491.4,85.53,332.9,13.79,381.7,15.6,666.0,0.0644,0.92,180.9,90.9,11.2
2025-05-01T15:15:00+00:00,2532.9,84.77,355.0,13.99,408.2,15.1,613.4,0.0626,0.95,180.9,90.9,9.4
2025-05-01T15:16:00+00:00,2515.5,82.17,350.4,13.76,382.6,17.8,624.1,0.0656,0.89,180.9,90.9,11.5
2025-05-01T15:17:00+00:00,1995.6,82.61,356.2,13.76,376.9,16.9,619.7,0.0592,0.90,180.9,90.9,9.8
2025-05-01T15:18:00+00:00,1859.7,79.86,355.6,13.60,374.4,15.4,594.2,0.0596,0.97,180.9,90.9,12.4
2025-05-01T15:19:00+00:00,2491.1,84.77,358.5,13.90,410.2,16.2,604.7,0.0628,0.92,180.9,90.9,12.6
2025-05-01T15:20:00+00:00,2168.3,83.86,342.2,13.84,395.9,13.4,617.6,0.0599,0.89,180.9,90.9,8.1
2025-05-01T15:21:00+00:00,2080.7,83.76,334.6,14.31,381.9,15.4,693.4,0.0606,0.99,180.9,90.9,10.6
2025-05-01T15:22:00+00:00,1845.3,80.62,355.5,13.86,366.5,16.8,608.6,0.0625,1.00,180.9,90.9,13.3
2025-05-01T15:23:00+00:00,2042.1,82.77,345.8,13.92,355.2,12.4,633.1,0.0648,0.93,180.9,90.9,10.4
2025-05-01T15:24:00+00:00,2062.0,82.47,363.0,14.04,337.4,15.1,573.2,0.0607,1.02,180.9,90.9,10.3
2025-05-01T15:25:00+00:00,2017.3,83.11,341.5,13.79,385.4,17.3,618.9,0.0614,0.86,180.9,90.9,12.1
2025-05-01T15:26:00+00:00,2001.1,81.45,348.1,13.87,385.5,14.2,603.0,0.0704,0.95,180.9,90.9,11.3
2025-05-01T15:27:00+00:00,2133.6,79.85,343.6,13.38,365.6,16.7,564.2,0.0601,0.92,180.9,90.9,9.0
2025-05-01T15:28:00+00:00,2192.9,83.08,357.3,13.85,379.1,15.6,612.2,0.0609,0.98,180.9,90.9,11.6
2025-05-01T15:29:00+00:00,2058.0,81.33,349.7,13.69,367.1,17.3,596.1,0.0611,0.99,180.9,90.9,10.7
2025-05-01T15:30:00+00:00,1914.8,80.88,355.9,13.88,369.5,15.7,579.1,0.0654,0.95,180.9,90.9,10.3
2025-05-01T15:31:00+00:00,1928.4,83.98,358.3,13.82,373.8,14.6,634.3,0.0591,0.93,180.9,90.9,10.8
2025-05-01T15:32:00+00:00,2108.4,82.84,333.5,13.68,386.1,13.2,607.1,0.0621,0.95,180.9,90.9,10.5
2025-05-01T15:33:00+00:00,2426.0,86.10,360.0,13.68,380.7,13.0,649.3,0.0635,1.05,180.9,90.9,10.2
2025-05-01T15:34:00+00:00,2059.8,81.49,348.4,14.01,373.5,15.9,563.0,0.0649,1.02,180.9,90.9,11.9
2025-05-01T15:35:00+00:00,2466.5,83.71,347.2,13.78,397.5,16.9,616.0,0.0628,1.02,180.9,90.9,10.3
2025-05-01T15:36:00+00:00,2011.4,82.63,356.5,13.58,357.7,14.7,546.2,0.0614,1.01,180.9,90.9,10.6
2025-05-01T15:37:00+00:00,2029.6,82.96,345.6,13.72,377.6,15.5,603.0,0.0685,1.00,180.9,90.9,9.2
2025-05-01T15:38:00+00:00,1812.0,82.66,365.6,13.45,363.4,16.5,588.7,0.0606,0.96,180.9,90.9,11.3
2025-05-01T15:39:00+00:00,1860.9,83.72,351.3,13.92,378.4,15.1,591.6,0.0616,0.97,180.9,90.9,10.1
2025-05-01T15:40:00+00:00,2416.0,85.01,345.8,13.80,406.8,16.4,603.8,0.0674,0.92,180.9,90.9,9.8
2025-05-01T15:41:00+00:00,1913.0,81.85,350.3,13.63,392.6,15.3,591.5,0.0606,0.94,180.9,90.9,8.5
2025-05-01T15:42:00+00:00,2007.9,80.40,358.2,13.62,388.4,14.2,559.5,0.0620,0.88,180.9,90.9,11.5
2025-05-01T15:43:00+00:00,1816.7,80.03,356.9,13.82,381.7,16.7,543.7,0.0636,0.95,180.9,90.9,12.4
2025-05-01T15:44:00+00:00,1915.7,82.46,348.4,13.48,393.1,11.2,565.9,0.0590,0.91,180.9,90.9,10.6
2025-05-01T15:45:00+00:00,2002.7,84.20,348.7,13.75,394.9,15.1,594.8,0.0665,1.01,180.9,90.9,10.4
2025-05-01T15:46:00+00:00,2058.8,80.51,353.2,14.13,388.6,15.2,586.9,0.0638,1.04,180.9,90.9,9.6
2025-05-01T15:47:00+00:00,2054.5,82.67,354.0,13.77,407.3,12.9,624.5,0.0611,1.06,180.9,90.9,10.5
2025-05-01T15:48:00+00:00,2034.7,82.70,363.7,13.68,385.4,15.6,603.2,0.0594,0.91,180.9,90.9,9.2
2025-05-01T15:49:00+00:00,1951.2,82.53,356.5,13.89,388.4,12.5,546.7,0.0671,0.99,180.9,90.9,10.2
2025-05-01T15:50:00+00:00,2154.5,82.69,361.8,13.73,402.7,13.9,643.8,0.0604,0.94,180.9,90.9,11.6
2025-05-01T15:51:00+00:00,2091.1,81.66,353.0,13.93,386.4,16.2,630.0,0.0688,0.93,180.9,90.9,11.0
2025-05-01T15:52:00+00:00,1966.2,81.14,348.7,13.80,392.3,12.2,535.0,0.0636,0.95,180.9,90.9,11.4
2025-05-01T15:53:00+00:00,2127.0,78.85,349.6,13.52,392.1,14.5,569.1,0.0700,0.95,180.9,90.9,11.1
2025-05-01T15:54:00+00:00,2120.8,83.43,351.2,13.81,358.9,14.8,639.3,0.0601,0.92,180.9,90.9,11.7
2025-05-01T15:55:00+00:00,1953.4,81.28,334.8,13.75,383.6,15.6,622.4,0.0622,0.92,180.9,90.9,10.1
2025-05-01T15:56:00+00:00,1851.2,81.56,352.9,13.74,370.4,17.1,626.9,0.0590,0.97,180.9,90.9,11.9
2025-05-01T15:57:00+00:00,1949.7,83.06,344.9,13.75,370.9,12.1,583.5,0.0695,0.93,180.9,90.9,11.0
2025-05-01T15:58:00+00:00,2199.0,85.47,351.0,13.88,384.7,14.8,565.0,0.0614,1.02,180.9,90.9,9.9
2025-05-01T15:59:00+00:00,1927.7,82.68,344.7,14.04,389.8,12.7,571.3,0.0630,0.90,180.9,90.9,11.1
2025-05-01T16:00:00+00:00,1995.0,82.67,358.6,13.85,394.0,16.0,574.4,0.0593,0.92,180.9,90.9,12.5
2025-05-01T16:01:00+00:00,2073.6,82.57,334.6,13.83,383.0,15.4,619.2,0.0602,0.95,180.9,90.9,11.6
2025-05-01T16:02:00+00:00,2109.6,82.23,347.9,13.78,391.3,14.0,613.9,0.0602,0.93,180.9,90.9,11.9
2025-05-01T16:03:00+00:00,2428.6,84.40,351.6,13.89,408.4,15.9,583.8,0.0686,0.95,180.9,90.9,12.5
2025-05-01T16:04:00+00:00,2004.5,78.52,353.2,13.58,380.3,15.2,627.1,0.0597,0.96,180.9,90.9,9.8
2025-05-01T16:05:00+00:00,2003.7,82.38,345.8,14.04,369.7,14.6,583.7,0.0589,0.87,180.9,90.9,9.9
2025-05-01T16:06:00+00:00,2166.9,83.56,335.8,13.58,392.1,14.0,669.8,0.0596,0.84,180.9,90.9,10.2
2025-05-01T16:07:00+00:00,2142.9,83.16,352.6,13.71,365.9,14.4,625.3,0.0752,0.97,180.9,90.9,9.6
2025-05-01T16:08:00+00:00,2027.4,82.04,352.8,13.99,391.6,17.4,585.6,0.0593,0.91,180.9,90.9,9.6
2025-05-01T16:09:00+00:00,1931.4,82.15,350.5,13.83,388.8,11.9,561.4,0.0604,1.04,180.9,90.9,10.8
2025-05-01T16:10:00+00:00,2205.1,82.76,353.0,13.79,389.2,13.8,575.2,0.0628,0.87,180.9,90.9,11.7
2025-05-01T16:11:00+00:00,2191.8,82.07,346.1,13.69,396.6,15.0,565.3,0.0611,0.98,180.9,90.9,9.5
2025-05-01T16:12:00+00:00,2129.6,85.03,358.9,13.72,386.5,14.7,581.2,0.0624,0.93,180.9,90.9,9.3
2025-05-01T16:13:00+00:00,2026.3,79.78,353.4,13.60,371.1,14.9,627.1,0.0619,0.89,180.9,90.9,10.7
2025-05-01T16:14:00+00:00,2001.2,81.19,338.3,13.84,380.9,16.2,615.8,0.0596,0.93,180.9,90.9,9.5
2025-05-01T16:15:00+00:00,2098.9,82.96,345.9,13.94,386.0,14.2,541.2,0.0601,0.94,180.9,90.9,9.4
2025-05-01T16:16:00+00:00,2235.7,80.49,338.6,13.78,402.4,15.2,570.0,0.0634,0.92,180.9,90.9,9.7
2025-05-01T16:17:00+00:00,2190.9,84.27,328.4,13.99,396.6,15.0,587.0,0.0625,0.99,180.9,90.9,11.1
2025-05-01T16:18:00+00:00,2077.9,84.98,346.7,13.61,377.5,16.2,614.0,0.0601,0.94,180.9,90.9,10.2
2025-05-01T16:19:00+00:00,1844.4,82.16,353.7,13.88,405.3,14.3,613.5,0.0592,0.98,180.9,90.9,10.9
2025-05-01T16:20:00+00:00,1797.8,81.55,345.5,13.56,380.7,11.1,597.6,0.0585,0.94,180.9,90.9,11.2
2025-05-01T16:21:00+00:00,2179.9,82.86,358.5,14.16,380.3,16.0,547.0,0.0602,0.90,180.9,90.9,10.0
2025-05-01T16:22:00+00:00,1875.9,80.50,348.8,13.88,381.8,15.6,577.1,0.0593,0.98,180.9,90.9,11.6
2025-05-01T16:23:00+00:00,2231.5,83.90,367.2,13.64,385.8,13.9,603.1,0.0620,0.93,180.9,90.9,10.7
2025-05-01T16:24:00+00:00,2032.4,81.21,348.6,13.87,364.4,14.8,565.4,0.0644,1.01,180.9,90.9,9.9
2025-05-01T16:25:00+00:00,1930.8,81.77,345.1,13.68,382.9,16.4,610.4,0.0594,0.96,180.9,90.9,12.0
2025-05-01T16:26:00+00:00,1971.6,83.20,338.5,13.73,367.6,15.0,583.9,0.0670,1.10,180.9,90.9,10.0
2025-05-01T16:27:00+00:00,1935.2,80.56,354.2,13.76,382.7,14.5,574.3,0.0625,0.85,180.9,90.9,10.3
2025-05-01T16:28:00+00:00,2170.2,82.03,351.4,14.00,404.7,12.2,527.7,0.0605,0.94,180.9,90.9,11.7
2025-05-01T16:29:00+00:00,2126.4,79.06,343.9,13.79,395.4,15.2,599.7,0.0638,0.89,180.9,90.9,9.7
2025-05-01T16:30:00+00:00,2054.4,82.73,333.4,13.65,383.4,14.5,590.1,0.0599,0.87,180.9,90.9,10.8
2025-05-01T16:31:00+00:00,1910.8,83.48,348.6,13.70,373.6,15.0,598.1,0.0617,0.91,180.9,90.9,10.8
2025-05-01T16:32:00+00:00,1948.8,80.77,339.4,14.04,393.8,14.3,535.6,0.0597,0.97,180.9,90.9,11.2
2025-05-01T16:33:00+00:00,1944.8,82.18,339.5,13.86,390.9,17.5,619.3,0.0634,0.92,180.9,90.9,12.1
2025-05-01T16:34:00+00:00,1987.8,83.32,347.8,13.77,384.6,14.0,564.7,0.0663,0.97,180.9,90.9,12.3
2025-05-01T16:35:00+00:00,2182.6,82.84,352.2,13.94,394.7,13.1,567.9,0.0605,0.94,180.9,90.9,9.9
2025-05-01T16:36:00+00:00,2030.4,80.72,343.5,13.70,382.6,14.8,572.4,0.0618,0.91,180.9,90.9,10.8
2025-05-01T16:37:00+00:00,1967.4,81.90,355.1,13.83,394.9,14.7,620.5,0.0599,0.99,180.9,90.9,11.2
2025-05-01T16:38:00+00:00,2083.5,84.80,348.8,14.00,401.6,15.1,614.5,0.0601,0.95,180.9,90.9,10.8
2025-05-01T16:39:00+00:00,925.6,76.99,360.5,13.93,358.2,12.9,567.8,0.0598,0.93,180.9,90.9,11.4
2025-05-01T16:40:00+00:00,903.4,78.83,364.0,13.95,346.1,17.1,525.1,0.0552,1.01,180.9,90.9,11.9
2025-05-01T16:41:00+00:00,1141.2,80.46,359.2,13.56,329.8,14.0,565.5,0.0549,0.93,180.9,90.9,11.3
2025-05-01T16:42:00+00:00,931.4,77.48,366.9,13.61,334.4,16.7,518.5,0.0589,0.91,180.9,90.9,12.3
2025-05-01T16:43:00+00:00,928.9,79.16,363.1,13.80,355.3,14.2,548.9,0.0540,0.96,180.9,90.9,10.7
2025-05-01T16:44:00+00:00,877.2,78.14,357.6,13.87,342.2,15.4,511.4,0.0569,1.02,180.9,90.9,11.0
2025-05-01T16:45:00+00:00,1124.4,80.20,354.9,14.03,349.1,17.3,605.5,0.0562,0.98,180.9,90.9,10.6
2025-05-01T16:46:00+00:00,932.7,78.78,361.6,13.80,356.3,13.0,618.4,0.0573,0.90,180.9,90.9,12.1
2025-05-01T16:47:00+00:00,1129.5,80.49,346.2,13.82,358.7,13.9,594.5,0.0545,0.91,180.9,90.9,10.7
2025-05-01T16:48:00+00:00,1038.7,79.95,350.9,13.72,328.6,17.7,582.1,0.0542,0.92,180.9,90.9,11.8
2025-05-01T16:49:00+00:00,1038.0,82.89,341.0,13.91,342.4,12.8,585.4,0.0551,1.00,180.9,90.9,13.1
2025-05-01T16:50:00+00:00,1071.9,77.06,343.4,13.76,342.8,16.0,555.7,0.0567,0.95,180.9,90.9,12.1
2025-05-01T16:51:00+00:00,1014.5,79.66,365.4,13.79,361.4,13.3,602.7,0.0539,0.89,180.9,90.9,13.0
2025-05-02T06:00:00+00:00,992.8,79.83,347.7,13.94,344.4,13.6,533.9,0.0491,0.37,350.8,125.8,2.5
2025-05-02T06:01:00+00:00,993.8,79.06,360.7,13.90,356.2,16.1,575.7,0.0480,0.31,350.8,125.8,3.9
2025-05-02T06:02:00+00:00,1006.1,77.00,372.0,13.87,345.3,13.8,531.7,0.0485,0.37,350.8,125.8,3.0
2025-05-02T06:03:00+00:00,1046.9,78.36,354.6,14.00,363.1,14.3,539.1,0.0486,0.35,350.8,125.8,3.7
2025-05-02T06:04:00+00:00,854.9,79.78,357.7,14.01,363.7,13.4,491.0,0.0503,0.29,350.8,125.8,3.2
2025-05-02T06:05:00+00:00,1014.3,79.96,355.3,13.65,343.2,16.3,583.3,0.0549,0.35,350.8,125.8,3.4
2025-05-02T06:06:00+00:00,863.5,76.08,359.5,13.96,325.4,14.3,509.3,0.0520,0.33,350.8,125.8,3.1
2025-05-02T06:07:00+00:00,1187.8,79.97,345.9,13.92,338.1,13.3,538.3,0.0490,0.32,350.8,125.8,2.8
2025-05-02T06:08:00+00:00,968.6,78.63,350.3,13.84,346.3,13.7,537.2,0.0477,0.30,350.8,125.8,3.8
2025-05-02T06:09:00+00:00,1022.1,78.19,354.3,13.86,347.3,16.2,548.6,0.0485,0.38,350.8,125.8,4.2
2025-05-02T06:10:00+00:00,970.0,79.15,352.6,14.02,341.9,14.5,573.6,0.0481,0.35,350.8,125.8,3.5
2025-05-02T06:11:00+00:00,2080.8,82.64,333.7,13.88,376.0,13.1,634.7,0.0591,0.35,350.8,125.8,3.4
2025-05-02T06:12:00+00:00,2122.2,80.72,338.2,13.86,387.4,13.9,633.9,0.0576,0.30,350.8,125.8,3.1
2025-05-02T06:13:00+00:00,1981.6,81.98,343.0,13.76,378.3,16.0,641.5,0.0580,0.43,350.8,125.8,3.4
2025-05-02T06:14:00+00:00,2174.6,82.48,351.4,13.64,398.2,17.2,648.3,0.0553,0.41,350.8,125.8,3.4
2025-05-02T06:15:00+00:00,2023.2,81.08,335.2,13.58,366.1,15.7,639.1,0.0539,0.35,350.8,125.8,1.9
2025-05-02T06:16:00+00:00,1992.2,81.12,360.4,13.87,368.5,14.5,562.2,0.0532,0.31,350.8,125.8,3.9
2025-05-02T06:17:00+00:00,2111.4,83.37,362.3,13.88,355.4,10.8,613.4,0.0540,0.32,350.8,125.8,2.4
2025-05-02T06:18:00+00:00,1980.5,83.81,364.0,13.77,369.4,16.4,554.3,0.0537,0.37,350.8,125.8,3.6
2025-05-02T06:19:00+00:00,2251.2,82.55,352.8,13.83,382.9,16.2,590.7,0.0550,0.36,350.8,125.8,3.3
2025-05-02T06:20:00+00:00,2035.1,81.22,350.3,13.99,357.2,15.8,669.6,0.0538,0.33,350.8,125.8,2.0
2025-05-02T06:21:00+00:00,2179.4,83.04,356.3,13.62,391.7,14.2,557.6,0.0596,0.37,350.8,125.8,1.3
2025-05-02T06:22:00+00:00,2119.6,80.75,358.1,14.03,387.3,15.2,580.0,0.0544,0.37,350.8,125.8,1.2
2025-05-02T06:23:00+00:00,2020.8,83.85,355.6,13.69,360.5,17.1,573.8,0.0562,0.36,350.8,125.8,2.0
2025-05-02T06:24:00+00:00,2145.1,81.56,356.6,13.83,392.1,14.7,613.9,0.0534,0.24,350.8,125.8,0.0
2025-05-02T06:25:00+00:00,2207.4,82.35,356.6,13.68,379.1,14.7,613.5,0.0572,0.40,350.8,125.8,4.1
2025-05-02T06:26:00+00:00,1973.1,83.39,339.3,13.45,388.0,17.5,560.3,0.0542,0.41,350.8,125.8,2.2
2025-05-02T06:27:00+00:00,1933.8,80.96,342.6,13.84,361.2,12.5,635.5,0.0581,0.40,350.8,125.8,3.1
2025-05-02T06:28:00+00:00,2006.9,81.31,341.7,14.01,398.5,16.7,615.5,0.0534,0.31,350.8,125.8,2.8
2025-05-02T06:29:00+00:00,1931.0,84.04,348.2,13.60,378.0,13.4,625.6,0.0619,0.29,350.8,125.8,4.8
2025-05-02T06:30:00+00:00,1928.0,82.20,345.3,13.77,404.3,13.1,644.4,0.0534,0.35,350.8,125.8,2.3
2025-05-02T06:31:00+00:00,1939.9,80.79,348.9,13.66,379.1,14.3,613.6,0.0629,0.29,350.8,125.8,3.7
2025-05-02T06:32:00+00:00,2078.5,84.56,357.4,13.99,382.8,16.1,564.8,0.0570,0.35,350.8,125.8,3.1
2025-05-02T06:33:00+00:00,2085.5,81.19,348.3,13.81,381.8,17.6,608.0,0.0542,0.36,350.8,125.8,3.4
2025-05-02T06:34:00+00:00,2068.5,82.38,357.5,13.52,388.8,13.7,621.9,0.0576,0.38,350.8,125.8,2.1
2025-05-02T06:35:00+00:00,2027.0,82.54,361.4,13.82,380.1,14.8,601.5,0.0536,0.31,350.8,125.8,1.3
2025-05-02T06:36:00+00:00,1979.1,81.35,353.0,13.69,359.6,18.1,601.9,0.0540,0.40,350.8,125.8,4.2
2025-05-02T06:37:00+00:00,2218.7,81.58,358.0,13.78,396.6,13.3,585.0,0.0596,0.41,350.8,125.8,4.4
2025-05-02T06:38:00+00:00,2121.9,81.99,336.3,13.88,399.3,12.9,569.7,0.0594,0.29,350.8,125.8,3.5
2025-05-02T06:39:00+00:00,1837.0,82.31,342.6,13.63,377.9,15.4,627.4,0.0532,0.33,350.8,125.8,4.0
2025-05-02T06:40:00+00:00,1891.8,79.65,336.8,13.94,383.2,16.5,585.9,0.0534,0.37,350.8,125.8,4.0
2025-05-02T06:41:00+00:00,2145.2,81.50,341.0,13.80,368.7,15.7,631.2,0.0544,0.35,350.8,125.8,2.2
2025-05-02T06:42:00+00:00,2083.1,83.67,352.4,13.63,393.4,16.2,601.1,0.0554,0.36,350.8,125.8,1.7
2025-05-02T06:43:00+00:00,1842.9,82.48,362.2,13.88,369.6,15.9,624.2,0.0529,0.35,350.8,125.8,1.6
2025-05-02T06:44:00+00:00,2022.8,82.60,354.0,13.77,382.9,17.1,597.2,0.0544,0.40,350.8,125.8,1.5
2025-05-02T06:45:00+00:00,2012.2,83.40,354.9,13.74,376.2,12.2,592.1,0.0531,0.30,350.8,125.8,3.6
2025-05-02T06:46:00+00:00,2045.1,82.55,358.8,13.52,392.6,15.4,612.5,0.0538,0.34,350.8,125.8,3.5
2025-05-02T06:47:00+00:00,1858.0,79.09,349.8,13.90,388.5,14.8,607.7,0.0556,0.39,350.8,125.8,4.6
2025-05-02T06:48:00+00:00,1948.8,79.66,350.9,13.76,371.8,13.9,612.8,0.0599,0.29,350.8,125.8,4.2
2025-05-02T06:49:00+00:00,2043.8,82.89,361.6,13.58,382.8,14.3,586.7,0.0535,0.30,350.8,125.8,3.1
2025-05-02T06:50:00+00:00,2073.7,83.58,327.6,13.83,385.6,14.6,619.2,0.0571,0.34,350.8,125.8,3.0
2025-05-02T06:51:00+00:00,2086.2,84.31,348.6,13.68,392.0,10.8,577.5,0.0540,0.34,350.8,125.8,2.2
2025-05-02T06:52:00+00:00,2132.0,83.75,348.5,13.85,392.6,16.0,647.6,0.0570,0.31,350.8,125.8,1.4
2025-05-02T06:53:00+00:00,2469.1,83.87,352.7,14.00,409.8,12.6,667.4,0.0555,0.29,350.8,125.8,4.1
2025-05-02T06:54:00+00:00,1958.2,82.81,349.8,13.76,387.4,17.8,610.2,0.0539,0.40,350.8,125.8,3.1
2025-05-02T06:55:00+00:00,2441.8,81.44,345.3,13.91,392.1,11.9,659.0,0.0559,0.33,350.8,125.8,3.6
2025-05-02T06:56:00+00:00,1850.3,82.31,358.3,14.05,361.4,14.1,601.9,0.0560,0.33,350.8,125.8,1.4
2025-05-02T06:57:00+00:00,2500.7,87.08,362.8,13.84,409.9,16.1,562.0,0.0563,0.34,350.8,125.8,2.2
2025-05-02T06:58:00+00:00,2075.7,82.70,339.1,14.01,399.6,15.0,576.9,0.0585,0.32,350.8,125.8,2.8
2025-05-02T06:59:00+00:00,2040.0,83.38,358.1,13.60,376.9,15.8,638.7,0.0547,0.37,350.8,125.8,3.3
2025-05-02T07:00:00+00:00,2482.6,84.80,354.7,13.61,419.0,15.5,589.6,0.0667,0.32,350.8,125.8,3.3
2025-05-02T07:01:00+00:00,2563.5,81.70,353.5,13.87,406.2,13.1,620.3,0.0568,0.36,350.8,125.8,4.1
2025-05-02T07:02:00+00:00,2480.5,86.13,343.0,13.60,396.2,15.1,621.8,0.0632,0.37,350.8,125.8,1.9
2025-05-02T07:03:00+00:00,1981.9,80.40,347.7,13.91,384.7,14.1,595.0,0.0566,0.39,350.8,125.8,2.5
2025-05-02T07:04:00+00:00,2180.0,83.27,351.8,13.45,410.9,15.2,579.3,0.0631,0.33,350.8,125.8,2.8
2025-05-02T07:05:00+00:00,2073.0,83.14,354.0,13.76,386.2,15.9,595.0,0.0535,0.30,350.8,125.8,4.8
2025-05-02T07:06:00+00:00,2036.9,83.42,351.3,13.66,371.9,15.9,638.1,0.0602,0.36,350.8,125.8,3.3
2025-05-02T07:07:00+00:00,1677.6,80.91,360.3,13.64,380.8,17.8,576.6,0.0524,0.38,350.8,125.8,3.0
2025-05-02T07:08:00+00:00,2017.8,83.38,343.7,13.71,381.8,13.6,643.2,0.0670,0.32,350.8,125.8,3.2
2025-05-02T07:09:00+00:00,2499.6,86.01,347.7,13.96,429.2,15.4,653.0,0.0647,0.34,350.8,125.8,2.5
2025-05-02T07:10:00+00:00,1880.1,81.79,356.9,14.02,350.7,17.5,585.1,0.0536,0.41,350.8,125.8,5.5
2025-05-02T07:11:00+00:00,2437.6,83.43,340.2,13.96,365.3,15.5,644.8,0.0559,0.33,350.8,125.8,3.3
2025-05-02T07:12:00+00:00,2034.8,78.81,343.0,13.63,387.3,18.1,614.1,0.0591,0.42,350.8,125.8,1.2
2025-05-02T07:13:00+00:00,2643.0,83.31,341.4,13.97,410.3,16.5,631.1,0.0657,0.48,350.8,125.8,2.6
2025-05-02T07:14:00+00:00,1971.3,79.81,350.7,13.94,385.7,12.4,595.7,0.0531,0.29,350.8,125.8,3.6
2025-05-02T07:15:00+00:00,1983.3,82.04,345.4,13.74,376.1,14.6,600.3,0.0586,0.37,350.8,125.8,2.5
2025-05-02T07:16:00+00:00,1880.4,78.91,363.5,14.03,377.1,14.5,551.1,0.0618,0.35,350.8,125.8,3.0
2025-05-02T07:17:00+00:00,1773.8,83.53,365.6,13.87,355.8,16.4,633.9,0.0597,0.42,350.8,125.8,3.8
2025-05-02T07:18:00+00:00,1861.2,82.22,344.8,13.73,388.1,16.1,637.8,0.0529,0.26,350.8,125.8,3.4
2025-05-02T07:19:00+00:00,1895.9,79.69,359.8,14.02,357.0,15.7,582.6,0.0527,0.31,350.8,125.8,2.3
2025-05-02T07:20:00+00:00,2201.9,85.04,354.1,14.04,387.4,16.2,608.0,0.0554,0.26,350.8,125.8,2.0
2025-05-02T07:21:00+00:00,1859.2,83.10,350.9,14.06,377.7,15.4,592.4,0.0599,0.36,350.8,125.8,1.2
2025-05-02T07:22:00+00:00,1933.9,82.78,362.1,14.04,358.1,16.1,584.8,0.0531,0.34,350.8,125.8,2.9
2025-05-02T07:23:00+00:00,1801.0,80.40,352.2,13.84,389.3,18.9,593.0,0.0529,0.36,350.8,125.8,3.8
2025-05-02T07:24:00+00:00,1799.1,78.60,330.4,13.71,380.1,11.0,571.0,0.0535,0.43,350.8,125.8,4.1
2025-05-02T07:25:00+00:00,1897.8,82.92,369.3,13.61,390.6,17.0,648.5,0.0533,0.37,350.8,125.8,3.7
2025-05-02T07:26:00+00:00,1983.9,81.77,355.2,13.80,387.7,16.8,595.2,0.0535,0.33,350.8,125.8,1.0
2025-05-02T07:27:00+00:00,1893.6,81.99,352.8,13.85,375.9,13.7,605.8,0.0537,0.25,350.8,125.8,3.4
2025-05-02T07:28:00+00:00,2080.2,83.45,350.6,13.99,382.5,14.7,606.5,0.0630,0.36,350.8,125.8,4.3
2025-05-02T07:29:00+00:00,2092.7,81.94,353.6,13.82,379.9,16.2,587.7,0.0575,0.26,350.8,125.8,1.9
2025-05-02T07:30:00+00:00,2061.9,84.28,347.0,13.90,389.3,16.5,587.7,0.0540,0.35,350.8,125.8,2.4
2025-05-02T07:31:00+00:00,1975.2,83.22,346.4,13.91,396.4,14.9,673.8,0.0613,0.36,350.8,125.8,3.0
2025-05-02T07:32:00+00:00,1878.4,80.01,349.3,14.20,392.3,17.9,590.9,0.0529,0.32,350.8,125.8,2.2
2025-05-02T07:33:00+00:00,2186.2,85.04,351.0,13.77,385.6,13.5,641.5,0.0545,0.33,350.8,125.8,2.3
2025-05-02T07:34:00+00:00,1988.4,81.84,354.7,13.85,378.4,13.8,635.0,0.0544,0.42,350.8,125.8,1.6
2025-05-02T07:35:00+00:00,2079.2,80.88,327.9,13.83,384.3,18.2,610.7,0.0581,0.33,350.8,125.8,3.8
2025-05-02T07:36:00+00:00,2120.2,81.28,334.8,14.07,388.9,15.7,606.8,0.0555,0.20,350.8,125.8,3.0
2025-05-02T07:37:00+00:00,1966.8,81.51,355.1,13.91,392.3,13.5,623.0,0.0539,0.39,350.8,125.8,4.5
2025-05-02T07:38:00+00:00,2150.8,83.69,351.1,13.91,382.3,15.0,605.2,0.0610,0.38,350.8,125.8,3.4
2025-05-02T07:39:00+00:00,2078.8,83.00,346.8,13.97,395.9,17.2,614.6,0.0584,0.36,350.8,125.8,2.4
2025-05-02T07:40:00+00:00,1820.4,81.80,346.9,13.89,393.2,15.0,543.6,0.0530,0.35,350.8,125.8,1.2
2025-05-02T07:41:00+00:00,2175.3,83.55,340.7,13.83,378.7,14.0,644.6,0.0554,0.36,350.8,125.8,3.3
2025-05-02T07:42:00+00:00,2019.3,82.70,344.2,13.69,389.8,18.0,651.1,0.0564,0.31,350.8,125.8,3.5
2025-05-02T07:43:00+00:00,1967.1,81.03,339.1,13.85,370.3,14.3,588.1,0.0575,0.32,350.8,125.8,4.7
2025-05-02T07:44:00+00:00,1908.1,81.09,346.3,13.74,370.2,14.8,596.2,0.0590,0.24,350.8,125.8,2.8
2025-05-02T07:45:00+00:00,2176.8,80.29,341.3,13.50,391.0,16.4,595.0,0.0545,0.34,350.8,125.8,4.3
2025-05-02T07:46:00+00:00,1978.4,82.81,354.7,13.78,356.2,16.2,661.3,0.0529,0.27,350.8,125.8,3.7
2025-05-02T07:47:00+00:00,1849.8,81.50,339.5,13.95,385.8,16.3,661.4,0.0574,0.24,350.8,125.8,3.6
2025-05-02T07:48:00+00:00,2067.6,81.22,352.2,13.76,390.5,15.0,565.6,0.0572,0.30,350.8,125.8,4.6
2025-05-02T07:49:00+00:00,1979.1,81.38,349.1,13.97,374.9,13.9,555.1,0.0540,0.35,350.8,125.8,3.1
2025-05-02T07:50:00+00:00,2056.4,85.66,348.0,13.91,369.4,14.4,650.2,0.0548,0.43,350.8,125.8,4.1
2025-05-02T07:51:00+00:00,2012.1,81.59,374.6,13.76,376.7,15.9,609.8,0.0542,0.39,350.8,125.8,2.7
2025-05-02T07:52:00+00:00,1995.1,82.67,348.0,13.77,380.9,14.5,557.0,0.0529,0.28,350.8,125.8,2.9
2025-05-02T07:53:00+00:00,2011.2,82.91,360.8,13.88,393.3,17.1,566.2,0.0580,0.41,350.8,125.8,3.0
2025-05-02T07:54:00+00:00,2092.8,82.81,335.3,13.81,373.1,14.9,598.6,0.0570,0.36,350.8,125.8,2.6
2025-05-02T07:55:00+00:00,1888.6,81.18,348.7,13.84,375.0,16.9,599.4,0.0527,0.31,350.8,125.8,4.0
2025-05-02T07:56:00+00:00,1967.2,82.78,334.2,13.69,401.0,14.9,530.2,0.0531,0.32,350.8,125.8,2.9
2025-05-02T07:57:00+00:00,1907.2,79.99,353.4,13.90,362.0,16.8,631.5,0.0548,0.33,350.8,125.8,3.0
2025-05-02T07:58:00+00:00,922.2,80.43,372.0,13.74,365.1,14.7,578.0,0.0476,0.31,350.8,125.8,3.3
2025-05-02T07:59:00+00:00,1029.2,79.55,353.8,13.66,369.7,14.3,540.0,0.0485,0.35,350.8,125.8,3.6
2025-05-02T08:00:00+00:00,973.1,82.95,368.4,14.04,358.8,17.2,519.7,0.0478,0.30,350.8,125.8,4.1
2025-05-02T08:01:00+00:00,868.6,76.65,355.1,13.95,341.9,16.7,531.4,0.0483,0.41,350.8,125.8,2.8
2025-05-02T08:02:00+00:00,1099.1,80.72,352.7,13.47,350.5,15.6,580.2,0.0491,0.26,350.8,125.8,3.4
2025-05-02T08:03:00+00:00,1043.3,81.24,368.3,13.79,355.2,13.8,593.7,0.0515,0.40,350.8,125.8,2.8
2025-05-02T08:04:00+00:00,827.6,78.07,362.2,13.55,367.5,13.0,538.7,0.0566,0.44,350.8,125.8,3.0
2025-05-02T08:05:00+00:00,812.9,78.08,364.8,13.82,352.6,18.2,529.1,0.0470,0.30,350.8,125.8,3.3
2025-05-02T08:06:00+00:00,838.4,77.40,368.4,13.89,331.7,15.4,558.1,0.0474,0.34,350.8,125.8,1.8
2025-05-02T08:07:00+00:00,1224.3,77.08,364.5,13.71,355.5,15.8,498.9,0.0516,0.35,350.8,125.8,4.6
2025-05-02T14:00:00+00:00,929.1,77.04,355.1,13.88,359.6,14.5,573.4,0.0509,0.28,350.8,125.8,2.5
2025-05-02T14:01:00+00:00,916.1,78.29,354.5,13.64,351.6,14.3,494.0,0.0583,0.42,350.8,125.8,3.0
2025-05-02T14:02:00+00:00,907.7,76.69,353.5,13.82,331.8,14.7,511.5,0.0505,0.30,350.8,125.8,2.7
2025-05-02T14:03:00+00:00,1145.2,79.02,352.7,14.01,373.6,13.5,576.0,0.0512,0.35,350.8,125.8,3.4
2025-05-02T14:04:00+00:00,952.1,79.47,350.1,13.83,350.0,12.2,515.2,0.0546,0.37,350.8,125.8,3.5
2025-05-02T14:05:00+00:00,1127.8,80.31,358.6,13.92,345.2,16.6,579.2,0.0491,0.33,350.8,125.8,2.9
2025-05-02T14:06:00+00:00,970.1,79.81,357.9,13.59,333.8,15.6,571.6,0.0538,0.36,350.8,125.8,1.3
2025-05-02T14:07:00+00:00,928.6,78.84,362.0,13.64,352.2,13.8,589.0,0.0488,0.42,350.8,125.8,2.8
2025-05-02T14:08:00+00:00,1016.1,81.42,352.8,13.99,350.2,14.2,545.7,0.0501,0.33,350.8,125.8,3.7
2025-05-02T14:09:00+00:00,1127.3,76.01,374.2,13.74,339.4,17.3,560.1,0.0516,0.43,350.8,125.8,3.3
2025-05-02T14:10:00+00:00,997.9,77.40,356.7,13.80,328.6,17.6,544.0,0.0474,0.26,350.8,125.8,3.7
2025-05-02T14:11:00+00:00,880.4,77.94,360.3,13.74,335.8,13.5,518.9,0.0479,0.35,350.8,125.8,1.6
2025-05-02T14:12:00+00:00,992.5,76.83,363.1,13.81,327.7,15.4,609.2,0.0531,0.35,350.8,125.8,1.9
2025-05-02T14:13:00+00:00,1964.6,81.94,350.4,13.72,381.2,15.1,629.2,0.0536,0.37,350.8,125.8,3.5
2025-05-02T14:14:00+00:00,1866.9,86.01,333.8,13.78,383.2,15.0,578.9,0.0525,0.30,350.8,125.8,2.6
2025-05-02T14:15:00+00:00,1869.7,81.89,356.3,13.85,395.6,14.1,604.5,0.0530,0.35,350.8,125.8,4.8
2025-05-02T14:16:00+00:00,1742.5,81.37,359.5,13.75,350.8,16.2,590.2,0.0548,0.40,350.8,125.8,2.7
2025-05-02T14:17:00+00:00,1860.7,82.53,363.5,13.76,370.0,14.3,560.6,0.0561,0.38,350.8,125.8,5.6
2025-05-02T14:18:00+00:00,2157.5,81.07,355.1,14.01,380.8,16.2,568.0,0.0547,0.37,350.8,125.8,2.5
2025-05-02T14:19:00+00:00,2009.3,84.37,371.3,13.81,361.0,14.8,593.8,0.0528,0.26,350.8,125.8,3.7
2025-05-02T14:20:00+00:00,2164.9,81.95,359.3,13.72,380.0,16.0,617.2,0.0540,0.30,350.8,125.8,1.3
2025-05-02T14:21:00+00:00,1907.7,80.36,351.5,13.92,381.6,15.7,600.6,0.0667,0.40,350.8,125.8,4.7
2025-05-02T14:22:00+00:00,1892.3,84.04,343.1,13.87,381.5,14.2,675.9,0.0519,0.24,350.8,125.8,4.7
2025-05-02T14:23:00+00:00,1853.4,80.95,364.8,13.91,373.8,16.5,618.7,0.0527,0.32,350.8,125.8,3.0
2025-05-02T14:24:00+00:00,1963.4,82.81,351.3,13.99,370.8,16.5,559.0,0.0550,0.35,350.8,125.8,3.7
2025-05-02T14:25:00+00:00,2078.6,83.41,347.7,13.94,391.6,11.6,672.4,0.0539,0.34,350.8,125.8,2.1
2025-05-02T14:26:00+00:00,2097.0,83.73,367.6,13.75,386.2,15.5,637.4,0.0578,0.30,350.8,125.8,2.5
2025-05-02T14:27:00+00:00,1986.8,80.66,334.7,13.94,384.0,12.9,631.5,0.0546,0.36,350.8,125.8,4.0
2025-05-02T14:28:00+00:00,1825.4,81.94,360.7,14.04,356.3,17.4,562.5,0.0539,0.36,350.8,125.8,2.4
2025-05-02T14:29:00+00:00,1990.2,82.12,351.9,13.76,377.8,13.8,601.0,0.0537,0.36,350.8,125.8,4.6
2025-05-02T14:30:00+00:00,2136.5,85.85,348.5,13.93,384.4,12.5,591.2,0.0545,0.35,350.8,125.8,3.6
2025-05-02T14:31:00+00:00,1980.4,83.41,327.8,14.03,375.1,15.8,622.1,0.0534,0.34,350.8,125.8,4.2
2025-05-02T14:32:00+00:00,2195.8,83.01,328.9,14.08,362.3,16.3,605.5,0.0582,0.33,350.8,125.8,3.3
2025-05-02T14:33:00+00:00,1764.3,77.47,349.3,13.92,380.0,17.0,579.2,0.0526,0.36,350.8,125.8,3.2
2025-05-02T14:34:00+00:00,1980.3,82.35,359.7,14.00,372.8,15.9,543.3,0.0536,0.37,350.8,125.8,2.6
2025-05-02T14:35:00+00:00,1941.8,84.00,350.7,13.68,376.2,16.9,603.5,0.0534,0.34,350.8,125.8,4.3
2025-05-02T14:36:00+00:00,1988.0,79.95,346.3,13.56,386.4,16.7,518.1,0.0574,0.31,350.8,125.8,2.4
2025-05-02T14:37:00+00:00,1970.3,85.25,363.8,13.89,380.5,13.9,553.1,0.0537,0.36,350.8,125.8,3.5
2025-05-02T14:38:00+00:00,2082.5,84.43,350.4,13.75,380.4,16.5,674.6,0.0538,0.32,350.8,125.8,2.2
2025-05-02T14:39:00+00:00,2004.1,81.99,358.5,13.72,373.4,11.7,609.3,0.0534,0.32,350.8,125.8,2.4
2025-05-02T14:40:00+00:00,2210.7,81.11,350.7,13.61,411.1,15.3,569.2,0.0578,0.39,350.8,125.8,3.6
2025-05-02T14:41:00+00:00,2003.4,82.25,348.3,14.12,366.5,12.9,635.6,0.0538,0.36,350.8,125.8,3.3
2025-05-02T14:42:00+00:00,1965.3,81.24,354.9,13.70,393.7,16.3,601.5,0.0528,0.28,350.8,125.8,1.2
2025-05-02T14:43:00+00:00,1959.6,82.83,344.1,13.98,375.3,14.4,544.4,0.0556,0.29,350.8,125.8,3.0
2025-05-02T14:44:00+00:00,1996.8,83.84,349.8,13.86,370.0,15.5,611.3,0.0572,0.37,350.8,125.8,5.4
2025-05-02T14:45:00+00:00,1818.3,80.25,359.9,14.04,370.5,16.3,597.7,0.0570,0.31,350.8,125.8,3.4
2025-05-02T14:46:00+00:00,2132.3,85.89,350.7,14.07,379.7,16.1,605.6,0.0683,0.29,350.8,125.8,3.1
2025-05-02T14:47:00+00:00,2014.2,80.20,343.9,13.96,398.1,13.9,577.2,0.0547,0.39,350.8,125.8,1.0
2025-05-02T14:48:00+00:00,2174.2,81.99,349.8,13.58,372.9,17.6,635.6,0.0545,0.33,350.8,125.8,2.8
2025-05-02T14:49:00+00:00,2087.8,82.90,359.5,14.10,393.5,14.3,619.8,0.0591,0.33,350.8,125.8,2.2
2025-05-02T14:50:00+00:00,2214.2,82.26,348.5,13.65,380.5,15.7,603.2,0.0650,0.34,350.8,125.8,4.4
2025-05-02T14:51:00+00:00,2055.8,81.48,356.9,13.80,414.0,17.7,615.2,0.0541,0.35,350.8,125.8,3.9
2025-05-02T14:52:00+00:00,1849.8,81.51,355.9,13.87,378.0,14.9,620.4,0.0543,0.38,350.8,125.8,2.2
2025-05-02T14:53:00+00:00,2049.9,82.56,356.2,13.73,365.8,16.8,597.0,0.0561,0.41,350.8,125.8,4.2
2025-05-02T14:54:00+00:00,1810.9,79.33,357.7,13.64,366.4,13.2,582.2,0.0522,0.30,350.8,125.8,2.6
2025-05-02T14:55:00+00:00,1876.8,83.36,335.4,14.00,390.0,13.7,513.0,0.0527,0.31,350.8,125.8,1.1
2025-05-02T14:56:00+00:00,1814.6,81.89,345.9,13.95,361.9,16.1,572.6,0.0572,0.35,350.8,125.8,1.0
2025-05-02T14:57:00+00:00,1965.7,81.46,349.1,13.81,394.4,15.7,629.7,0.0544,0.24,350.8,125.8,3.0
2025-05-02T14:58:00+00:00,2105.8,81.89,338.5,13.78,384.2,14.9,582.2,0.0646,0.35,350.8,125.8,3.5
2025-05-02T14:59:00+00:00,2012.5,82.28,354.5,13.75,376.4,14.4,701.4,0.0566,0.42,350.8,125.8,3.6
2025-05-02T15:00:00+00:00,1958.5,82.59,352.5,13.84,374.8,16.6,656.9,0.0544,0.36,350.8,125.8,3.7
2025-05-02T15:01:00+00:00,2116.0,83.13,345.5,13.78,390.3,17.6,618.0,0.0561,0.37,350.8,125.8,2.5
2025-05-02T15:02:00+00:00,2050.6,80.68,353.7,14.13,382.9,14.3,674.3,0.0546,0.38,350.8,125.8,3.5
2025-05-02T15:03:00+00:00,1908.3,81.13,363.2,13.65,385.4,16.6,638.9,0.0532,0.35,350.8,125.8,3.4
2025-05-02T15:04:00+00:00,2341.6,83.84,358.2,13.97,380.5,14.0,569.1,0.0557,0.36,350.8,125.8,3.4
2025-05-02T15:05:00+00:00,2203.6,84.25,359.1,13.92,390.8,16.6,612.5,0.0546,0.34,350.8,125.8,3.2
2025-05-02T15:06:00+00:00,2413.8,83.63,341.3,13.85,383.3,17.9,621.7,0.0559,0.35,350.8,125.8,3.0
2025-05-02T15:07:00+00:00,2044.2,82.58,326.2,13.77,366.5,15.2,587.8,0.0539,0.34,350.8,125.8,3.7
2025-05-02T15:08:00+00:00,2600.6,84.70,358.5,13.84,398.9,14.8,592.0,0.0574,0.39,350.8,125.8,1.0
2025-05-02T15:09:00+00:00,1821.2,80.25,359.9,13.78,374.9,15.4,552.6,0.0557,0.45,350.8,125.8,3.8
2025-05-02T15:10:00+00:00,2521.8,82.14,347.5,13.73,403.8,17.1,591.0,0.0579,0.34,350.8,125.8,3.1
2025-05-02T15:11:00+00:00,2405.5,83.68,341.6,13.85,394.8,14.0,605.8,0.0557,0.33,350.8,125.8,3.2
2025-05-02T15:12:00+00:00,1594.4,81.82,355.0,13.53,368.4,14.8,573.3,0.0515,0.34,350.8,125.8,2.3
2025-05-02T15:13:00+00:00,2090.7,79.98,346.1,13.88,378.8,15.3,575.4,0.0615,0.38,350.8,125.8,5.1
2025-05-02T15:14:00+00:00,1912.6,80.11,362.5,13.77,382.8,15.7,592.9,0.0564,0.27,350.8,125.8,4.8
2025-05-02T15:15:00+00:00,1946.8,81.77,368.4,13.84,367.1,15.1,620.0,0.0570,0.32,350.8,125.8,3.5
2025-05-02T15:16:00+00:00,2521.6,83.44,348.0,13.87,397.3,15.2,653.9,0.0562,0.32,350.8,125.8,4.3
2025-05-02T15:17:00+00:00,1996.0,81.80,345.6,13.96,371.4,17.3,594.5,0.0604,0.38,350.8,125.8,3.9
2025-05-02T15:18:00+00:00,1944.2,81.38,341.7,13.77,398.1,16.2,592.2,0.0551,0.37,350.8,125.8,1.5
2025-05-02T15:19:00+00:00,2447.7,83.13,351.7,14.25,396.1,12.8,542.6,0.0639,0.34,350.8,125.8,3.9
2025-05-02T15:20:00+00:00,2292.0,85.87,329.2,13.83,380.6,17.1,600.8,0.0570,0.35,350.8,125.8,2.9
2025-05-02T15:21:00+00:00,1990.7,81.10,359.3,13.95,388.9,13.3,617.7,0.0561,0.28,350.8,125.8,2.6
2025-05-02T15:22:00+00:00,2493.7,83.40,340.5,13.83,391.1,16.8,674.3,0.0567,0.39,350.8,125.8,2.1
2025-05-02T15:23:00+00:00,2413.2,82.61,353.2,13.84,413.9,15.1,621.5,0.0559,0.35,350.8,125.8,2.4
2025-05-02T15:24:00+00:00,2424.0,82.65,338.0,13.58,404.3,14.3,620.0,0.0554,0.30,350.8,125.8,4.3
2025-05-02T15:25:00+00:00,2146.0,83.30,348.0,13.95,397.3,16.7,612.9,0.0551,0.39,350.8,125.8,3.0
2025-05-02T15:26:00+00:00,1939.7,81.86,353.9,14.15,388.7,16.7,639.3,0.0545,0.44,350.8,125.8,4.0
2025-05-02T15:27:00+00:00,2444.4,81.77,345.7,13.79,387.8,13.4,590.3,0.0603,0.36,350.8,125.8,3.3
2025-05-02T15:28:00+00:00,2456.7,82.93,356.3,13.80,380.3,16.0,591.4,0.0558,0.33,350.8,125.8,2.2
2025-05-02T15:29:00+00:00,2521.6,85.52,345.5,13.70,383.7,14.6,656.8,0.0584,0.37,350.8,125.8,4.8
2025-05-02T15:30:00+00:00,2310.2,85.16,358.4,13.97,366.1,18.0,674.1,0.0551,0.32,350.8,125.8,1.9
2025-05-02T15:31:00+00:00,1731.9,80.12,354.2,14.00,387.1,11.6,602.8,0.0533,0.45,350.8,125.8,3.6
2025-05-02T15:32:00+00:00,2460.1,84.98,349.2,13.80,396.0,14.0,555.7,0.0575,0.42,350.8,125.8,4.6
2025-05-02T15:33:00+00:00,2111.4,81.58,369.1,13.74,391.5,16.0,627.0,0.0542,0.34,350.8,125.8,3.0
2025-05-02T15:34:00+00:00,2067.2,81.76,342.9,13.96,374.7,14.2,573.0,0.0719,0.38,350.8,125.8,2.9
2025-05-02T15:35:00+00:00,1921.9,82.37,349.3,13.66,397.2,15.4,577.7,0.0636,0.35,350.8,125.8,3.3
2025-05-02T15:36:00+00:00,1988.5,79.45,353.7,13.81,386.2,14.5,668.0,0.0540,0.39,350.8,125.8,2.1
2025-05-02T15:37:00+00:00,2053.7,80.71,348.6,13.89,411.4,15.8,633.9,0.0598,0.33,350.8,125.8,2.6
2025-05-02T15:38:00+00:00,1985.1,81.61,344.7,13.62,380.6,14.5,642.2,0.0605,0.40,350.8,125.8,3.4
2025-05-02T15:39:00+00:00,1861.4,82.61,339.8,13.81,399.9,14.9,573.8,0.0570,0.32,350.8,125.8,1.3
2025-05-02T15:40:00+00:00,1875.5,80.18,362.2,14.01,361.9,15.6,575.5,0.0554,0.28,350.8,125.8,2.0
2025-05-02T15:41:00+00:00,1973.2,80.53,357.5,13.67,400.7,16.0,568.1,0.0552,0.36,350.8,125.8,3.0
2025-05-02T15:42:00+00:00,2115.4,85.31,359.9,13.62,373.3,15.4,575.1,0.0555,0.23,350.8,125.8,3.3
2025-05-02T15:43:00+00:00,2053.0,81.01,348.4,13.98,390.3,13.4,646.8,0.0570,0.38,350.8,125.8,2.7
2025-05-02T15:44:00+00:00,1951.5,82.33,347.1,14.04,361.8,14.7,581.3,0.0642,0.31,350.8,125.8,3.6
2025-05-02T15:45:00+00:00,1913.9,79.65,349.9,13.48,366.9,15.8,587.5,0.0549,0.34,350.8,125.8,2.8
2025-05-02T15:46:00+00:00,1962.8,82.66,349.2,13.78,367.1,16.9,607.8,0.0539,0.38,350.8,125.8,4.4
2025-05-02T15:47:00+00:00,1955.5,80.85,340.2,13.73,386.3,15.9,566.6,0.0539,0.34,350.8,125.8,3.1
2025-05-02T15:48:00+00:00,1923.2,79.53,342.5,13.56,392.6,12.3,582.6,0.0533,0.35,350.8,125.8,4.3
2025-05-02T15:49:00+00:00,2057.3,82.57,344.5,13.76,385.9,12.1,654.5,0.0560,0.40,350.8,125.8,4.5
2025-05-02T15:50:00+00:00,1917.0,82.06,360.9,13.42,388.3,18.1,595.4,0.0546,0.39,350.8,125.8,3.5
2025-05-02T15:51:00+00:00,2119.9,83.69,360.7,13.83,382.2,13.4,600.7,0.0537,0.29,350.8,125.8,3.0
2025-05-02T15:52:00+00:00,2037.9,81.79,361.4,13.85,387.3,16.3,627.3,0.0551,0.47,350.8,125.8,2.9
2025-05-02T15:53:00+00:00,1972.8,79.55,342.2,14.00,371.5,16.1,614.6,0.0539,0.37,350.8,125.8,4.7
2025-05-02T15:54:00+00:00,1988.6,82.65,349.3,13.87,378.9,14.5,599.5,0.0529,0.27,350.8,125.8,2.5
2025-05-02T15:55:00+00:00,2051.9,84.14,358.0,13.69,401.7,14.4,613.5,0.0582,0.47,350.8,125.8,1.8
2025-05-02T15:56:00+00:00,2052.5,79.25,353.5,13.45,396.2,19.1,585.7,0.0540,0.36,350.8,125.8,1.7
2025-05-02T15:57:00+00:00,2016.1,77.53,342.7,14.05,385.3,17.3,588.0,0.0540,0.37,350.8,125.8,2.7
2025-05-02T15:58:00+00:00,2022.1,80.84,352.6,13.69,371.0,16.4,621.7,0.0546,0.41,350.8,125.8,4.0
2025-05-02T15:59:00+00:00,1993.2,86.14,346.4,13.72,352.6,15.5,648.3,0.0536,0.33,350.8,125.8,3.9
2025-05-02T16:00:00+00:00,1886.9,81.09,348.3,13.80,368.2,16.4,568.9,0.0529,0.33,350.8,125.8,6.2
2025-05-02T16:01:00+00:00,1767.4,83.07,345.6,13.75,377.4,13.4,592.3,0.0521,0.30,350.8,125.8,2.3
2025-05-02T16:02:00+00:00,1936.1,80.94,336.7,14.02,359.4,15.3,617.1,0.0539,0.42,350.8,125.8,2.0
2025-05-02T16:03:00+00:00,2121.8,81.81,359.3,13.59,369.8,16.2,629.1,0.0548,0.38,350.8,125.8,3.8
2025-05-02T16:04:00+00:00,2019.2,81.20,351.4,13.72,376.0,18.1,661.7,0.0632,0.30,350.8,125.8,2.1
2025-05-02T16:05:00+00:00,1946.2,83.01,341.5,13.82,372.5,14.6,578.3,0.0530,0.31,350.8,125.8,3.0
2025-05-02T16:06:00+00:00,2005.7,83.62,351.3,13.93,373.4,14.3,665.6,0.0572,0.42,350.8,125.8,2.3
2025-05-02T16:07:00+00:00,1940.6,81.26,351.6,13.97,368.0,15.6,602.9,0.0552,0.30,350.8,125.8,4.4
2025-05-02T16:08:00+00:00,2096.8,82.39,352.0,13.75,402.2,14.4,571.0,0.0551,0.44,350.8,125.8,2.9
2025-05-02T16:09:00+00:00,2045.2,83.11,344.3,13.86,366.6,13.7,576.4,0.0539,0.36,350.8,125.8,1.3
2025-05-02T16:10:00+00:00,2037.9,82.14,341.4,13.81,379.8,17.9,654.8,0.0590,0.34,350.8,125.8,3.9
2025-05-02T16:11:00+00:00,2008.4,80.90,344.0,13.56,389.2,14.9,624.0,0.0586,0.34,350.8,125.8,3.2
2025-05-02T16:12:00+00:00,1970.1,84.45,349.7,14.03,385.8,15.3,542.3,0.0591,0.39,350.8,125.8,2.2
2025-05-02T16:13:00+00:00,2140.0,82.70,355.3,13.93,392.8,16.2,644.5,0.0540,0.31,350.8,125.8,4.4
2025-05-02T16:14:00+00:00,2031.2,83.78,344.1,13.94,375.7,13.4,540.2,0.0535,0.33,350.8,125.8,1.8
2025-05-02T16:15:00+00:00,1925.1,82.72,353.7,13.71,377.2,16.7,547.5,0.0585,0.32,350.8,125.8,4.4
2025-05-02T16:16:00+00:00,2046.1,82.08,340.1,13.77,378.5,15.0,600.6,0.0569,0.37,350.8,125.8,5.0
2025-05-02T16:17:00+00:00,1837.7,80.25,329.3,13.64,366.3,16.4,606.8,0.0520,0.27,350.8,125.8,4.6
2025-05-02T16:18:00+00:00,2018.5,82.08,344.6,13.98,391.5,18.7,609.2,0.0546,0.36,350.8,125.8,4.9
2025-05-02T16:19:00+00:00,2083.5,79.68,349.1,13.81,397.2,13.6,655.4,0.0537,0.29,350.8,125.8,3.3
2025-05-02T16:20:00+00:00,2019.9,82.51,340.8,13.89,373.2,14.6,619.2,0.0531,0.28,350.8,125.8,4.3
2025-05-02T16:21:00+00:00,1988.9,81.81,333.9,14.04,367.9,15.6,643.7,0.0569,0.43,350.8,125.8,2.9
2025-05-02T16:22:00+00:00,933.0,81.70,357.3,13.86,370.1,14.6,530.8,0.0481,0.36,350.8,125.8,3.0
2025-05-02T16:23:00+00:00,1035.5,77.64,365.1,13.91,362.7,14.8,552.0,0.0488,0.27,350.8,125.8,2.6
2025-05-02T16:24:00+00:00,845.7,77.38,357.1,13.85,361.9,15.2,524.7,0.0491,0.33,350.8,125.8,2.3
2025-05-02T16:25:00+00:00,1059.5,79.65,369.5,13.71,354.4,16.1,547.9,0.0500,0.27,350.8,125.8,3.4
2025-05-02T16:26:00+00:00,927.0,77.16,362.7,13.73,359.9,13.0,558.0,0.0499,0.27,350.8,125.8,2.8
2025-05-02T16:27:00+00:00,869.4,79.21,358.7,13.83,330.7,15.3,472.5,0.0476,0.34,350.8,125.8,2.8
2025-05-02T16:28:00+00:00,984.7,78.34,366.5,13.75,347.1,16.0,566.8,0.0486,0.36,350.8,125.8,1.6
2025-05-02T16:29:00+00:00,997.9,79.83,349.8,13.78,334.4,14.7,573.6,0.0483,0.31,350.8,125.8,2.8
2025-05-02T16:30:00+00:00,994.0,77.75,346.3,13.86,361.7,16.7,555.5,0.0499,0.35,350.8,125.8,1.5
2025-05-02T16:31:00+00:00,969.7,81.31,346.0,13.64,370.4,12.6,503.3,0.0477,0.30,350.8,125.8,3.8
2025-05-02T16:32:00+00:00,958.0,79.73,363.8,13.91,342.0,16.4,556.0,0.0480,0.36,350.8,125.8,3.7
2025-05-02T16:33:00+00:00,897.7,79.43,359.8,13.71,338.7,14.5,557.0,0.0480,0.35,350.8,125.8,4.0
2025-05-03T06:00:00+00:00,1021.1,78.46,375.1,13.81,341.0,14.5,552.7,0.0633,1.24,340.7,250.7,11.8
2025-05-03T06:01:00+00:00,1087.2,80.84,357.3,13.95,360.4,16.1,544.5,0.0615,1.27,340.7,250.7,8.4
2025-05-03T06:02:00+00:00,983.8,82.11,352.4,13.79,351.8,13.0,558.0,0.0591,1.29,340.7,250.7,13.1
2025-05-03T06:03:00+00:00,979.0,76.59,355.9,13.77,357.6,14.5,546.5,0.0596,1.32,340.7,250.7,8.9
2025-05-03T06:04:00+00:00,1050.9,77.90,366.9,13.90,334.6,14.7,538.8,0.0599,1.28,340.7,250.7,10.6
2025-05-03T06:05:00+00:00,1063.9,80.14,353.2,13.73,355.6,13.2,512.7,0.0623,1.22,340.7,250.7,11.1
2025-05-03T06:06:00+00:00,1011.8,80.07,362.2,13.62,322.6,17.3,575.0,0.0575,1.26,340.7,250.7,10.4
2025-05-03T06:07:00+00:00,1103.5,77.21,361.0,13.72,334.4,15.0,556.6,0.0583,1.27,340.7,250.7,11.9
2025-05-03T06:08:00+00:00,956.5,79.00,355.6,13.94,346.4,14.2,573.5,0.0613,1.20,340.7,250.7,11.1
2025-05-03T06:09:00+00:00,1149.2,80.31,351.9,13.82,365.6,13.7,568.1,0.0579,1.24,340.7,250.7,11.9
2025-05-03T06:10:00+00:00,1845.0,80.21,355.8,13.60,352.7,13.3,600.2,0.0614,1.21,340.7,250.7,11.2
2025-05-03T06:11:00+00:00,2059.2,83.50,349.1,13.82,378.8,17.2,539.2,0.0640,1.33,340.7,250.7,12.6
2025-05-03T06:12:00+00:00,2078.6,81.52,348.4,13.51,372.0,14.9,599.7,0.0698,1.29,340.7,250.7,11.1
2025-05-03T06:13:00+00:00,2077.6,81.70,356.1,13.68,382.6,16.9,584.4,0.0633,1.26,340.7,250.7,13.0
2025-05-03T06:14:00+00:00,2004.0,82.57,362.1,13.86,367.0,15.1,609.1,0.0672,1.30,340.7,250.7,10.2
2025-05-03T06:15:00+00:00,2015.7,81.84,353.3,13.73,386.6,14.6,662.1,0.0640,1.21,340.7,250.7,9.5
2025-05-03T06:16:00+00:00,2116.3,82.43,341.6,13.77,384.9,15.6,555.8,0.0630,1.21,340.7,250.7,10.8
2025-05-03T06:17:00+00:00,2083.8,82.18,347.5,13.86,372.3,16.7,626.5,0.0633,1.28,340.7,250.7,11.4
2025-05-03T06:18:00+00:00,1976.3,81.18,370.7,13.73,358.7,18.5,552.1,0.0637,1.29,340.7,250.7,12.1
2025-05-03T06:19:00+00:00,2054.7,80.80,350.3,13.64,402.6,14.4,566.8,0.0643,1.37,340.7,250.7,10.9
2025-05-03T06:20:00+00:00,1916.3,82.19,358.6,13.77,371.8,11.1,576.9,0.0646,1.37,340.7,250.7,9.6
2025-05-03T06:21:00+00:00,2085.6,82.88,350.7,13.54,353.0,14.1,581.2,0.0763,1.26,340.7,250.7,9.6
2025-05-03T06:22:00+00:00,2021.6,80.59,334.4,13.86,375.4,17.2,549.9,0.0626,1.22,340.7,250.7,11.6
2025-05-03T06:23:00+00:00,2064.5,81.18,358.9,13.75,355.5,12.9,591.6,0.0726,1.35,340.7,250.7,10.3
2025-05-03T06:24:00+00:00,2054.1,84.18,337.3,13.51,374.8,13.9,582.0,0.0741,1.27,340.7,250.7,9.2
2025-05-03T06:25:00+00:00,1905.4,84.06,344.3,13.50,376.2,15.8,608.7,0.0627,1.30,340.7,250.7,9.0
2025-05-03T06:26:00+00:00,2044.5,81.58,358.3,13.64,384.5,13.8,586.4,0.0625,1.20,340.7,250.7,12.2
2025-05-03T06:27:00+00:00,1996.2,82.01,344.2,14.06,384.2,15.6,610.7,0.0759,1.24,340.7,250.7,10.7
2025-05-03T06:28:00+00:00,2163.1,84.08,357.3,14.15,381.2,15.9,572.7,0.0632,1.22,340.7,250.7,13.5
2025-05-03T06:29:00+00:00,2166.0,85.39,344.6,13.77,363.0,14.5,603.3,0.0644,1.24,340.7,250.7,10.6
2025-05-03T06:30:00+00:00,1860.2,79.73,349.2,13.63,409.3,14.3,548.7,0.0626,1.30,340.7,250.7,9.1
2025-05-03T06:31:00+00:00,1922.5,84.52,354.1,13.61,387.6,14.8,614.0,0.0624,1.24,340.7,250.7,9.3
2025-05-03T06:32:00+00:00,2035.9,84.64,354.3,13.84,405.8,15.4,578.1,0.0636,1.31,340.7,250.7,10.7
2025-05-03T06:33:00+00:00,1903.1,83.74,342.1,13.69,366.0,13.3,593.6,0.0626,1.29,340.7,250.7,9.7
2025-05-03T06:34:00+00:00,2018.1,81.44,355.6,13.87,384.3,15.0,627.6,0.0663,1.39,340.7,250.7,10.8
2025-05-03T06:35:00+00:00,1955.8,83.95,347.6,13.98,365.2,14.8,622.6,0.0632,1.32,340.7,250.7,11.1
2025-05-03T06:36:00+00:00,1981.9,80.98,339.4,13.55,398.4,18.0,580.7,0.0732,1.38,340.7,250.7,12.1
2025-05-03T06:37:00+00:00,2137.4,83.23,342.5,13.70,381.4,16.4,662.0,0.0628,1.19,340.7,250.7,12.8
2025-05-03T06:38:00+00:00,1951.1,80.88,352.9,13.69,375.3,15.2,585.6,0.0620,1.22,340.7,250.7,13.0
2025-05-03T06:39:00+00:00,1960.2,80.20,345.4,13.51,389.4,16.3,606.0,0.0638,1.36,340.7,250.7,12.1
2025-05-03T06:40:00+00:00,2119.3,83.23,349.1,13.82,418.0,15.4,649.6,0.0632,1.23,340.7,250.7,11.6
2025-05-03T06:41:00+00:00,1983.8,83.95,342.1,13.83,381.0,16.5,625.9,0.0625,1.23,340.7,250.7,11.1
2025-05-03T06:42:00+00:00,2005.8,79.73,356.7,14.06,402.5,16.4,609.7,0.0635,1.32,340.7,250.7,9.1
2025-05-03T06:43:00+00:00,2003.1,81.55,362.1,13.74,381.9,14.4,651.0,0.0636,1.34,340.7,250.7,9.9
2025-05-03T06:44:00+00:00,2081.6,80.84,350.2,13.90,389.1,12.9,576.9,0.0632,1.26,340.7,250.7,11.3
2025-05-03T06:45:00+00:00,2152.8,81.91,345.6,13.81,399.0,15.8,588.1,0.0635,1.25,340.7,250.7,10.7
2025-05-03T06:46:00+00:00,1936.9,82.60,354.1,14.14,383.1,15.2,624.1,0.0643,1.31,340.7,250.7,12.0
2025-05-03T06:47:00+00:00,1946.7,82.30,338.0,13.69,380.5,15.0,630.4,0.0674,1.26,340.7,250.7,9.9
2025-05-03T06:48:00+00:00,2059.2,82.69,348.5,13.80,379.0,15.4,580.2,0.0635,1.31,340.7,250.7,9.6
2025-05-03T06:49:00+00:00,2007.7,83.07,349.2,13.82,372.5,14.8,590.2,0.0648,1.26,340.7,250.7,9.8
2025-05-03T06:50:00+00:00,1882.2,81.87,353.5,13.96,375.8,15.7,621.0,0.0631,1.34,340.7,250.7,11.8
2025-05-03T06:51:00+00:00,1742.9,85.03,341.6,13.74,355.5,15.8,598.9,0.0613,1.20,340.7,250.7,10.9
2025-05-03T06:52:00+00:00,2033.2,82.80,359.0,13.67,391.8,16.1,550.7,0.0626,1.22,340.7,250.7,11.5
2025-05-03T06:53:00+00:00,2239.5,80.97,356.6,13.96,395.2,15.6,560.4,0.0643,1.29,340.7,250.7,11.1
2025-05-03T06:54:00+00:00,2012.3,83.73,347.7,13.80,377.1,14.7,581.1,0.0660,1.19,340.7,250.7,11.6
2025-05-03T06:55:00+00:00,2519.2,82.19,347.1,13.83,405.6,15.6,614.5,0.0654,1.24,340.7,250.7,10.8
2025-05-03T06:56:00+00:00,1845.9,82.51,351.8,13.84,394.7,16.8,640.5,0.0657,1.25,340.7,250.7,9.9
2025-05-03T06:57:00+00:00,1986.0,81.02,347.8,14.05,370.8,16.3,602.9,0.0638,1.23,340.7,250.7,10.3
2025-05-03T06:58:00+00:00,2416.8,82.66,349.9,13.82,404.0,15.4,644.9,0.0675,1.27,340.7,250.7,10.6
2025-05-03T06:59:00+00:00,1897.5,80.08,347.3,13.88,356.8,17.0,588.8,0.0623,1.27,340.7,250.7,9.4
2025-05-03T07:00:00+00:00,2008.3,80.51,340.6,13.91,390.1,17.3,601.1,0.0655,1.32,340.7,250.7,10.2
2025-05-03T07:01:00+00:00,2288.1,83.99,344.0,14.01,385.5,16.8,612.1,0.0667,1.21,340.7,250.7,12.5
2025-05-03T07:02:00+00:00,2003.7,81.36,355.8,13.71,378.7,14.0,584.6,0.0665,1.28,340.7,250.7,11.3
2025-05-03T07:03:00+00:00,2369.3,84.04,357.6,13.89,374.7,15.9,643.7,0.0685,1.24,340.7,250.7,10.7
2025-05-03T07:04:00+00:00,2463.8,83.50,340.9,13.71,390.6,16.2,704.5,0.0681,1.19,340.7,250.7,10.7
2025-05-03T07:05:00+00:00,1835.9,81.24,360.9,13.78,370.2,17.7,615.9,0.0626,1.32,340.7,250.7,10.4
2025-05-03T07:06:00+00:00,1861.3,80.51,351.7,13.83,391.3,17.8,568.7,0.0698,1.30,340.7,250.7,9.4
2025-05-03T07:07:00+00:00,2000.9,84.62,358.1,14.09,364.0,15.5,654.6,0.0659,1.33,340.7,250.7,9.6
2025-05-03T07:08:00+00:00,2208.5,82.81,345.1,13.93,383.9,17.1,642.5,0.0713,1.28,340.7,250.7,12.5
2025-05-03T07:09:00+00:00,2117.7,80.30,354.9,13.61,393.2,16.4,592.2,0.0640,1.34,340.7,250.7,10.5
2025-05-03T07:10:00+00:00,2445.4,82.81,362.7,13.91,393.9,14.5,612.4,0.0742,1.24,340.7,250.7,12.3
2025-05-03T07:11:00+00:00,1959.4,82.22,348.7,14.01,380.9,16.4,572.8,0.0627,1.28,340.7,250.7,9.6
2025-05-03T07:12:00+00:00,2477.0,81.68,340.4,13.97,398.3,21.0,609.7,0.0668,1.16,340.7,250.7,10.6
2025-05-03T07:13:00+00:00,2006.5,81.95,351.1,13.79,395.6,18.7,572.1,0.0631,1.28,340.7,250.7,10.8
2025-05-03T07:14:00+00:00,2164.9,82.52,362.5,13.87,384.2,14.5,571.1,0.0760,1.24,340.7,250.7,10.8
2025-05-03T07:15:00+00:00,1736.5,82.30,348.3,13.68,362.6,13.5,617.1,0.0644,1.35,340.7,250.7,12.5
2025-05-03T07:16:00+00:00,2098.0,84.90,340.6,13.84,367.7,16.8,622.1,0.0677,1.25,340.7,250.7,11.2
2025-05-03T07:17:00+00:00,2113.1,84.51,349.3,13.66,377.5,12.8,635.5,0.0634,1.27,340.7,250.7,12.5
2025-05-03T07:18:00+00:00,2116.7,77.87,360.9,13.83,368.5,14.4,602.0,0.0631,1.22,340.7,250.7,10.3
2025-05-03T07:19:00+00:00,1851.4,82.01,356.8,13.57,390.4,12.3,641.2,0.0626,1.32,340.7,250.7,11.7
2025-05-03T07:20:00+00:00,2028.9,80.72,352.4,13.86,399.4,13.9,612.3,0.0642,1.39,340.7,250.7,9.6
2025-05-03T07:21:00+00:00,2021.8,82.17,342.1,13.71,373.7,15.1,598.2,0.0674,1.29,340.7,250.7,10.4
2025-05-03T07:22:00+00:00,1874.5,81.39,346.4,13.88,366.1,20.1,597.3,0.0647,1.27,340.7,250.7,11.6
2025-05-03T07:23:00+00:00,2228.5,81.93,344.0,13.68,397.6,16.3,535.8,0.0703,1.31,340.7,250.7,9.8
2025-05-03T07:24:00+00:00,2068.9,82.43,364.8,13.74,400.1,16.3,629.2,0.0690,1.33,340.7,250.7,13.8
2025-05-03T07:25:00+00:00,1855.5,81.41,337.0,13.69,388.3,16.4,523.0,0.0671,1.34,340.7,250.7,12.5
2025-05-03T07:26:00+00:00,2096.7,84.09,344.5,13.91,393.1,17.3,705.4,0.0652,1.25,340.7,250.7,10.3
2025-05-03T07:27:00+00:00,2089.6,80.45,350.4,13.64,400.7,15.3,599.3,0.0689,1.33,340.7,250.7,10.9
2025-05-03T07:28:00+00:00,2062.4,82.68,345.9,13.99,384.0,16.0,649.3,0.0642,1.37,340.7,250.7,10.4
2025-05-03T07:29:00+00:00,2076.2,83.65,344.8,13.90,377.6,14.0,575.9,0.0641,1.36,340.7,250.7,10.1
2025-05-03T07:30:00+00:00,1850.7,79.44,357.0,13.92,383.8,13.9,581.7,0.0665,1.30,340.7,250.7,10.3
2025-05-03T07:31:00+00:00,1893.4,82.34,349.5,13.99,373.2,18.2,619.2,0.0619,1.22,340.7,250.7,11.9
2025-05-03T07:32:00+00:00,1845.4,80.10,369.0,13.99,375.9,13.3,650.7,0.0625,1.32,340.7,250.7,9.8
2025-05-03T07:33:00+00:00,1950.7,82.28,357.2,14.16,375.0,15.4,615.2,0.0665,1.26,340.7,250.7,10.6
2025-05-03T07:34:00+00:00,2044.3,84.90,355.8,13.89,371.1,16.4,583.0,0.0628,1.25,340.7,250.7,12.1
2025-05-03T07:35:00+00:00,2054.7,81.31,348.7,13.49,385.1,16.4,648.9,0.0634,1.29,340.7,250.7,10.7
2025-05-03T07:36:00+00:00,2082.9,81.88,363.1,13.83,382.4,17.8,595.9,0.0687,1.24,340.7,250.7,10.9
2025-05-03T07:37:00+00:00,2051.8,81.02,334.2,13.71,392.6,15.5,644.3,0.0633,1.28,340.7,250.7,12.2
2025-05-03T07:38:00+00:00,2214.6,81.68,358.5,13.79,394.9,16.7,630.0,0.0638,1.24,340.7,250.7,9.4
2025-05-03T07:39:00+00:00,1916.5,81.57,357.8,14.01,374.8,16.6,598.9,0.0622,1.23,340.7,250.7,11.4
2025-05-03T07:40:00+00:00,2027.1,83.97,338.6,13.93,383.9,15.0,597.3,0.0628,1.23,340.7,250.7,11.8
2025-05-03T07:41:00+00:00,1854.1,84.18,352.5,13.90,349.1,13.1,599.7,0.0632,1.29,340.7,250.7,9.9
2025-05-03T07:42:00+00:00,1921.6,82.46,356.1,13.61,375.3,15.6,635.2,0.0632,1.25,340.7,250.7,10.3
2025-05-03T07:43:00+00:00,1881.0,82.28,363.2,13.46,393.4,14.5,586.0,0.0623,1.27,340.7,250.7,9.9
2025-05-03T07:44:00+00:00,1918.2,79.93,368.1,13.62,368.5,16.1,623.2,0.0618,1.21,340.7,250.7,10.2
2025-05-03T07:45:00+00:00,2096.1,83.67,357.7,13.53,373.5,12.6,641.2,0.0632,1.25,340.7,250.7,10.0
2025-05-03T07:46:00+00:00,2056.2,82.81,352.5,14.02,392.8,12.7,667.3,0.0626,1.22,340.7,250.7,10.6
2025-05-03T07:47:00+00:00,2017.2,83.91,359.4,13.58,376.0,15.1,611.2,0.0633,1.31,340.7,250.7,11.2
2025-05-03T07:48:00+00:00,2094.9,82.93,355.9,13.94,380.1,17.4,591.4,0.0727,1.35,340.7,250.7,12.1
2025-05-03T07:49:00+00:00,2052.4,83.48,352.8,13.71,386.9,14.2,588.9,0.0630,1.26,340.7,250.7,10.1
2025-05-03T07:50:00+00:00,2116.0,82.03,347.4,14.09,387.0,14.8,630.2,0.0658,1.23,340.7,250.7,9.0
2025-05-03T07:51:00+00:00,2042.1,82.06,353.8,13.86,392.2,15.5,582.0,0.0659,1.33,340.7,250.7,11.2
2025-05-03T07:52:00+00:00,2259.1,82.21,358.0,13.89,374.7,15.3,609.4,0.0650,1.35,340.7,250.7,11.2
2025-05-03T07:53:00+00:00,2011.3,83.59,338.0,13.81,371.1,14.7,582.6,0.0632,1.29,340.7,250.7,9.5
2025-05-03T07:54:00+00:00,1997.3,82.51,345.2,13.72,374.3,17.8,675.5,0.0656,1.23,340.7,250.7,12.4
2025-05-03T07:55:00+00:00,868.7,78.06,355.7,13.72,336.9,15.6,583.3,0.0592,1.31,340.7,250.7,12.1
2025-05-03T07:56:00+00:00,913.6,79.25,350.8,13.88,324.7,16.6,544.7,0.0646,1.22,340.7,250.7,10.3
2025-05-03T07:57:00+00:00,941.5,79.32,355.1,13.67,329.0,14.3,528.2,0.0587,1.30,340.7,250.7,10.7
2025-05-03T07:58:00+00:00,935.1,79.48,374.9,14.05,342.2,16.0,482.3,0.0590,1.20,340.7,250.7,10.7
2025-05-03T07:59:00+00:00,1032.0,81.48,357.5,13.86,346.6,14.5,519.0,0.0578,1.27,340.7,250.7,10.4
2025-05-03T08:00:00+00:00,980.0,76.41,358.3,13.88,334.1,15.7,645.3,0.0623,1.20,340.7,250.7,12.5
2025-05-03T08:01:00+00:00,936.8,77.85,356.3,13.65,347.7,16.4,520.0,0.0569,1.24,340.7,250.7,10.3
2025-05-03T08:02:00+00:00,1008.4,77.80,343.0,13.82,352.0,13.9,572.0,0.0579,1.30,340.7,250.7,10.2
2025-05-03T08:03:00+00:00,1044.0,79.90,367.8,13.42,326.7,14.7,523.6,0.0621,1.24,340.7,250.7,9.7
2025-05-03T14:00:00+00:00,946.1,77.27,354.5,13.98,355.2,14.0,581.5,0.0576,1.27,340.7,250.7,11.6
2025-05-03T14:01:00+00:00,910.5,78.83,357.3,13.90,347.8,15.1,530.8,0.0575,1.30,340.7,250.7,12.4
2025-05-03T14:02:00+00:00,1033.7,79.10,357.7,13.99,322.3,14.9,518.9,0.0652,1.18,340.7,250.7,10.5
2025-05-03T14:03:00+00:00,966.1,79.01,361.3,13.74,335.2,15.6,553.0,0.0591,1.21,340.7,250.7,11.9
2025-05-03T14:04:00+00:00,977.9,81.45,355.8,13.90,341.5,16.1,574.7,0.0606,1.25,340.7,250.7,11.1
2025-05-03T14:05:00+00:00,980.5,78.66,353.8,13.62,335.4,16.8,528.3,0.0632,1.25,340.7,250.7,10.6
2025-05-03T14:06:00+00:00,1004.5,77.34,355.5,13.73,354.7,15.8,559.2,0.0579,1.31,340.7,250.7,10.1
2025-05-03T14:07:00+00:00,1073.7,79.67,347.5,13.93,356.5,16.9,563.5,0.0595,1.32,340.7,250.7,10.4
2025-05-03T14:08:00+00:00,1040.7,78.53,350.0,13.77,365.7,14.1,567.3,0.0578,1.27,340.7,250.7,11.0
2025-05-03T14:09:00+00:00,1019.2,78.61,365.1,13.77,365.5,18.5,590.1,0.0576,1.26,340.7,250.7,11.6
2025-05-03T14:10:00+00:00,891.9,79.70,369.7,13.93,348.0,15.1,547.1,0.0572,1.28,340.7,250.7,10.9
2025-05-03T14:11:00+00:00,984.6,79.46,355.6,13.76,344.2,17.0,597.3,0.0568,1.21,340.7,250.7,11.9
2025-05-03T14:12:00+00:00,2080.3,81.14,349.5,13.86,391.1,15.5,593.9,0.0714,1.27,340.7,250.7,10.0
2025-05-03T14:13:00+00:00,1946.6,81.04,344.5,13.80,371.8,14.7,600.4,0.0639,1.27,340.7,250.7,11.0
2025-05-03T14:14:00+00:00,1900.8,81.13,346.3,13.91,409.8,15.1,627.9,0.0618,1.21,340.7,250.7,10.5
2025-05-03T14:15:00+00:00,2235.6,83.01,341.8,13.92,393.1,17.9,598.1,0.0795,1.23,340.7,250.7,11.2
2025-05-03T14:16:00+00:00,2076.1,80.46,361.1,13.93,399.5,16.5,587.2,0.0684,1.27,340.7,250.7,11.9
2025-05-03T14:17:00+00:00,2094.3,84.48,345.0,14.10,413.9,11.7,577.0,0.0669,1.19,340.7,250.7,11.8
2025-05-03T14:18:00+00:00,2146.4,79.60,349.8,13.93,353.4,13.6,616.8,0.0637,1.27,340.7,250.7,12.3
2025-05-03T14:19:00+00:00,2109.8,82.43,349.5,13.82,377.2,15.5,582.2,0.0646,1.37,340.7,250.7,10.3
2025-05-03T14:20:00+00:00,2038.0,83.05,359.5,13.58,379.1,15.1,613.2,0.0626,1.22,340.7,250.7,11.8
2025-05-03T14:21:00+00:00,2034.7,80.26,342.6,13.92,379.2,14.6,631.0,0.0629,1.26,340.7,250.7,11.1
2025-05-03T14:22:00+00:00,2089.7,79.26,337.9,13.61,367.5,15.7,605.4,0.0636,1.31,340.7,250.7,9.3
2025-05-03T14:23:00+00:00,1920.9,79.91,356.3,13.74,399.7,13.7,563.6,0.0624,1.25,340.7,250.7,10.0
2025-05-03T14:24:00+00:00,2120.8,84.12,342.3,13.59,385.6,14.1,577.7,0.0701,1.30,340.7,250.7,9.6
2025-05-03T14:25:00+00:00,2037.2,85.89,343.6,14.08,369.5,17.3,568.3,0.0647,1.34,340.7,250.7,10.4
2025-05-03T14:26:00+00:00,2111.6,81.65,353.3,13.58,395.5,17.7,620.8,0.0629,1.23,340.7,250.7,9.5
2025-05-03T14:27:00+00:00,2144.2,82.06,341.7,13.85,389.6,15.2,643.4,0.0641,1.25,340.7,250.7,12.0
2025-05-03T14:28:00+00:00,2078.0,84.61,345.3,13.80,394.2,12.6,616.0,0.0639,1.32,340.7,250.7,10.7
2025-05-03T14:29:00+00:00,2065.9,85.13,342.0,13.82,407.1,16.3,579.8,0.0674,1.20,340.7,250.7,10.4
2025-05-03T14:30:00+00:00,1973.6,81.42,370.4,13.52,389.8,15.7,577.9,0.0631,1.21,340.7,250.7,12.7
2025-05-03T14:31:00+00:00,2065.7,82.85,346.6,13.98,372.9,16.0,557.5,0.0706,1.37,340.7,250.7,10.5
2025-05-03T14:32:00+00:00,1955.5,80.04,333.7,13.95,399.9,15.5,590.7,0.0623,1.23,340.7,250.7,10.9
2025-05-03T14:33:00+00:00,1929.2,82.70,355.4,13.54,370.2,13.4,597.9,0.0622,1.24,340.7,250.7,9.4
2025-05-03T14:34:00+00:00,2072.2,83.45,351.0,13.87,382.3,14.5,601.0,0.0732,1.25,340.7,250.7,10.1
2025-05-03T14:35:00+00:00,2087.0,81.43,348.4,13.91,385.5,15.5,602.1,0.0635,1.27,340.7,250.7,12.1
2025-05-03T14:36:00+00:00,1866.1,79.55,355.5,13.45,370.2,12.8,587.0,0.0613,1.18,340.7,250.7,11.0
2025-05-03T14:37:00+00:00,2013.5,81.67,358.5,13.91,379.8,16.9,645.7,0.0636,1.32,340.7,250.7,11.6
2025-05-03T14:38:00+00:00,2058.2,83.53,353.8,14.01,405.1,16.2,573.7,0.0636,1.30,340.7,250.7,10.2
2025-05-03T14:39:00+00:00,2056.4,82.39,354.3,13.83,374.7,18.0,576.7,0.0628,1.23,340.7,250.7,10.7
2025-05-03T14:40:00+00:00,1868.4,81.67,343.1,13.85,367.7,13.2,597.1,0.0620,1.27,340.7,250.7,10.2
2025-05-03T14:41:00+00:00,2216.4,83.40,344.5,13.56,375.0,16.9,666.5,0.0707,1.31,340.7,250.7,9.1
2025-05-03T14:42:00+00:00,2023.3,83.51,336.7,13.91,397.1,15.7,645.0,0.0644,1.21,340.7,250.7,12.9
2025-05-03T14:43:00+00:00,1924.3,80.59,347.8,13.91,383.2,16.2,602.8,0.0630,1.32,340.7,250.7,12.0
2025-05-03T14:44:00+00:00,2134.4,82.73,356.8,13.97,393.3,17.2,628.6,0.0712,1.35,340.7,250.7,11.1
2025-05-03T14:45:00+00:00,2103.2,83.09,348.6,13.70,380.0,16.0,562.1,0.0673,1.25,340.7,250.7,10.3
2025-05-03T14:46:00+00:00,1812.3,82.25,342.4,13.88,355.4,14.1,601.2,0.0670,1.15,340.7,250.7,9.3
2025-05-03T14:47:00+00:00,1872.6,85.76,344.1,13.98,374.5,14.3,593.8,0.0625,1.29,340.7,250.7,11.5
2025-05-03T14:48:00+00:00,2090.9,79.05,345.5,14.15,391.7,16.5,575.2,0.0644,1.32,340.7,250.7,10.8
2025-05-03T14:49:00+00:00,1971.9,81.59,336.5,14.14,381.5,15.1,603.0,0.0618,1.17,340.7,250.7,12.8
2025-05-03T14:50:00+00:00,2032.0,81.37,346.8,13.83,382.3,16.4,595.4,0.0633,1.29,340.7,250.7,9.1
2025-05-03T14:51:00+00:00,2150.7,84.62,342.6,13.56,386.0,16.8,603.4,0.0638,1.29,340.7,250.7,10.5
2025-05-03T14:52:00+00:00,1958.6,82.27,350.1,13.76,386.0,13.7,606.9,0.0629,1.29,340.7,250.7,11.1
2025-05-03T14:53:00+00:00,1856.3,81.70,346.7,13.66,378.9,15.8,635.9,0.0625,1.30,340.7,250.7,10.6
2025-05-03T14:54:00+00:00,2126.1,80.21,356.2,13.68,381.4,14.4,624.3,0.0663,1.29,340.7,250.7,10.4
2025-05-03T14:55:00+00:00,1870.1,81.57,375.7,14.13,374.3,16.1,602.1,0.0626,1.32,340.7,250.7,12.0
2025-05-03T14:56:00+00:00,2072.9,80.55,348.9,13.67,386.7,12.4,592.6,0.0660,1.27,340.7,250.7,11.8
2025-05-03T14:57:00+00:00,2192.9,83.41,340.7,13.95,380.0,15.2,553.8,0.0639,1.28,340.7,250.7,12.2
2025-05-03T14:58:00+00:00,1984.4,82.52,349.3,13.94,391.4,15.8,660.8,0.0627,1.25,340.7,250.7,9.3
2025-05-03T14:59:00+00:00,2021.9,82.00,336.0,13.80,372.9,16.5,593.1,0.0626,1.24,340.7,250.7,10.8
2025-05-03T15:00:00+00:00,2026.2,80.16,359.2,13.99,383.5,15.7,557.8,0.0641,1.36,340.7,250.7,8.5
2025-05-03T15:01:00+00:00,2464.9,83.21,341.0,13.72,393.5,13.8,683.5,0.0646,1.21,340.7,250.7,11.0
2025-05-03T15:02:00+00:00,2116.5,79.97,362.5,13.72,377.2,17.0,626.7,0.0641,1.33,340.7,250.7,9.5
2025-05-03T15:03:00+00:00,2438.0,83.78,344.5,13.78,388.0,17.5,667.1,0.0647,1.20,340.7,250.7,11.0
2025-05-03T15:04:00+00:00,2484.9,84.89,339.1,13.92,418.2,16.5,607.0,0.0675,1.20,340.7,250.7,10.5
2025-05-03T15:05:00+00:00,2452.6,84.41,342.7,13.93,374.1,16.7,639.9,0.0647,1.20,340.7,250.7,11.2
2025-05-03T15:06:00+00:00,2406.3,82.98,362.1,13.74,387.4,13.0,563.3,0.0651,1.26,340.7,250.7,9.0
2025-05-03T15:07:00+00:00,2170.3,78.81,346.1,13.66,404.1,17.1,639.5,0.0644,1.33,340.7,250.7,11.4
2025-05-03T15:08:00+00:00,2459.4,84.74,350.2,13.89,380.4,16.0,587.5,0.0701,1.28,340.7,250.7,10.8
2025-05-03T15:09:00+00:00,2033.7,82.31,353.3,13.93,393.4,13.0,599.8,0.0626,1.23,340.7,250.7,11.0
2025-05-03T15:10:00+00:00,1879.2,80.97,356.5,14.08,354.3,12.8,635.1,0.0620,1.24,340.7,250.7,8.2
2025-05-03T15:11:00+00:00,1928.3,82.10,350.6,13.55,374.5,13.9,612.4,0.0616,1.16,340.7,250.7,12.3
2025-05-03T15:12:00+00:00,1803.7,82.68,350.7,13.61,383.2,15.1,598.2,0.0713,1.23,340.7,250.7,11.0
2025-05-03T15:13:00+00:00,1929.1,82.05,342.3,13.61,398.2,15.2,616.4,0.0637,1.38,340.7,250.7,13.4
2025-05-03T15:14:00+00:00,1833.4,81.21,358.4,14.01,393.4,18.3,572.6,0.0662,1.28,340.7,250.7,10.4
2025-05-03T15:15:00+00:00,2214.4,82.35,356.1,13.91,374.8,18.3,674.2,0.0720,1.31,340.7,250.7,11.6
2025-05-03T15:16:00+00:00,2042.3,81.77,350.7,13.77,407.6,17.1,591.6,0.0622,1.17,340.7,250.7,11.4
2025-05-03T15:17:00+00:00,2023.4,82.98,352.1,13.73,369.7,15.6,619.1,0.0635,1.33,340.7,250.7,11.9
2025-05-03T15:18:00+00:00,2022.5,82.36,355.4,13.97,375.0,16.2,592.8,0.0673,1.15,340.7,250.7,11.5
2025-05-03T15:19:00+00:00,1944.2,81.30,346.5,13.79,394.5,16.2,543.2,0.0630,1.30,340.7,250.7,11.0
2025-05-03T15:20:00+00:00,1830.4,82.81,361.5,13.77,390.1,12.6,566.0,0.0710,1.35,340.7,250.7,8.8
2025-05-03T15:21:00+00:00,2130.9,81.82,336.7,13.88,384.8,13.0,604.5,0.0644,1.22,340.7,250.7,10.9
2025-05-03T15:22:00+00:00,2529.9,85.12,331.7,13.74,410.9,14.4,630.5,0.0655,1.25,340.7,250.7,12.0
2025-05-03T15:23:00+00:00,2033.4,80.71,354.0,13.67,400.5,16.2,573.5,0.0626,1.23,340.7,250.7,11.0
2025-05-03T15:24:00+00:00,2059.9,80.93,351.8,13.60,355.8,12.4,612.6,0.0690,1.34,340.7,250.7,12.0
2025-05-03T15:25:00+00:00,1932.1,81.12,348.5,13.76,359.3,14.6,626.1,0.0619,1.20,340.7,250.7,11.8
2025-05-03T15:26:00+00:00,1954.4,83.10,356.3,13.66,399.0,15.9,581.2,0.0660,1.22,340.7,250.7,10.4
2025-05-03T15:27:00+00:00,2316.9,82.51,338.2,13.75,394.5,14.6,613.1,0.0654,1.33,340.7,250.7,9.2
2025-05-03T15:28:00+00:00,2441.0,85.77,354.2,13.71,383.8,14.9,645.9,0.0651,1.25,340.7,250.7,7.7
2025-05-03T15:29:00+00:00,1886.9,82.39,350.2,13.79,389.1,15.0,566.7,0.0616,1.21,340.7,250.7,10.0
2025-05-03T15:30:00+00:00,2043.6,83.52,353.8,13.79,386.4,16.3,541.4,0.0630,1.25,340.7,250.7,11.5
2025-05-03T15:31:00+00:00,1870.6,80.41,355.8,13.65,394.3,14.4,607.4,0.0623,1.27,340.7,250.7,10.2
2025-05-03T15:32:00+00:00,2079.5,81.24,343.0,13.74,372.1,14.4,663.2,0.0634,1.28,340.7,250.7,11.1
2025-05-03T15:33:00+00:00,2047.5,83.01,356.0,13.89,400.7,16.5,588.1,0.0706,1.32,340.7,250.7,11.4
2025-05-03T15:34:00+00:00,2155.7,84.30,351.2,14.07,379.8,17.6,614.5,0.0640,1.30,340.7,250.7,9.8
2025-05-03T15:35:00+00:00,1956.8,84.87,359.1,13.98,376.5,15.9,570.3,0.0624,1.24,340.7,250.7,12.2
2025-05-03T15:36:00+00:00,2018.8,79.49,354.4,13.77,394.9,13.9,562.8,0.0632,1.28,340.7,250.7,11.3
2025-05-03T15:37:00+00:00,1969.3,81.03,346.7,13.99,365.5,16.3,634.7,0.0622,1.20,340.7,250.7,13.0
2025-05-03T15:38:00+00:00,1751.3,81.80,341.8,13.79,375.6,14.7,578.2,0.0615,1.25,340.7,250.7,11.5
2025-05-03T15:39:00+00:00,2240.9,79.88,349.8,13.67,416.0,16.8,608.8,0.0637,1.22,340.7,250.7,11.5
2025-05-03T15:40:00+00:00,2060.5,81.53,363.9,13.80,384.6,15.1,651.1,0.0658,1.30,340.7,250.7,9.8
2025-05-03T15:41:00+00:00,2206.7,81.52,347.7,13.96,371.2,15.1,623.1,0.0646,1.34,340.7,250.7,12.1
2025-05-03T15:42:00+00:00,1960.8,83.35,346.3,13.80,372.7,14.5,617.0,0.0631,1.22,340.7,250.7,9.7
2025-05-03T15:43:00+00:00,2018.4,82.90,354.2,13.91,391.6,14.8,628.6,0.0630,1.27,340.7,250.7,10.7
2025-05-03T15:44:00+00:00,1605.7,80.05,359.9,13.86,356.1,13.7,589.1,0.0656,1.28,340.7,250.7,10.9
2025-05-03T15:45:00+00:00,2022.2,81.88,347.9,13.89,383.0,12.8,609.2,0.0634,1.31,340.7,250.7,9.9
2025-05-03T15:46:00+00:00,1991.7,81.58,350.8,13.81,367.2,12.3,618.1,0.0629,1.27,340.7,250.7,9.8
2025-05-03T15:47:00+00:00,1870.7,81.83,335.9,13.64,366.7,18.3,571.0,0.0647,1.29,340.7,250.7,8.7
2025-05-03T15:48:00+00:00,1828.0,82.79,371.5,13.83,364.3,16.3,597.1,0.0624,1.31,340.7,250.7,11.4
2025-05-03T15:49:00+00:00,1943.9,81.33,353.1,14.10,385.9,18.1,585.0,0.0626,1.26,340.7,250.7,8.2
2025-05-03T15:50:00+00:00,2035.2,79.27,353.6,13.57,399.9,14.8,652.6,0.0642,1.30,340.7,250.7,11.7
2025-05-03T15:51:00+00:00,1867.9,79.73,351.4,13.88,391.4,15.5,579.0,0.0620,1.24,340.7,250.7,9.9
2025-05-03T15:52:00+00:00,2105.7,86.32,354.9,13.91,371.7,13.8,589.4,0.0652,1.27,340.7,250.7,11.3
2025-05-03T15:53:00+00:00,1866.6,82.06,348.5,13.95,367.9,17.5,576.0,0.0630,1.22,340.7,250.7,12.7
2025-05-03T15:54:00+00:00,1978.2,83.15,358.1,13.93,374.0,17.1,619.9,0.0626,1.25,340.7,250.7,10.6
2025-05-03T15:55:00+00:00,1842.5,81.92,359.9,13.54,383.1,14.3,620.5,0.0695,1.27,340.7,250.7,12.2
2025-05-03T15:56:00+00:00,1853.1,81.43,350.4,13.73,360.5,13.3,589.6,0.0766,1.27,340.7,250.7,11.0
2025-05-03T15:57:00+00:00,2034.1,82.07,342.5,13.79,387.7,15.1,580.3,0.0619,1.15,340.7,250.7,9.9
2025-05-03T15:58:00+00:00,2038.3,81.59,352.3,13.85,394.4,13.8,665.7,0.0656,1.34,340.7,250.7,10.4
2025-05-03T15:59:00+00:00,1907.3,82.06,349.1,14.09,362.1,11.5,600.1,0.0644,1.16,340.7,250.7,11.0
2025-05-03T16:00:00+00:00,1816.1,80.06,356.6,13.59,371.5,16.6,592.7,0.0640,1.23,340.7,250.7,8.6
2025-05-03T16:01:00+00:00,1911.5,85.51,344.5,13.90,374.6,16.1,543.9,0.0665,1.23,340.7,250.7,11.2
2025-05-03T16:02:00+00:00,2027.7,81.91,338.8,13.61,355.1,16.3,634.6,0.0719,1.22,340.7,250.7,10.1
2025-05-03T16:03:00+00:00,1982.8,82.78,356.8,14.01,391.9,16.8,581.6,0.0766,1.29,340.7,250.7,8.3
2025-05-03T16:04:00+00:00,2047.3,82.05,352.8,13.58,384.3,12.2,559.1,0.0636,1.32,340.7,250.7,10.8
2025-05-03T16:05:00+00:00,1852.1,80.81,349.2,13.68,384.4,14.4,521.6,0.0652,1.32,340.7,250.7,11.3
2025-05-03T16:06:00+00:00,1919.7,83.84,350.3,13.79,384.8,16.9,596.9,0.0650,1.23,340.7,250.7,11.9
2025-05-03T16:07:00+00:00,2208.9,83.02,342.7,13.75,394.0,14.2,594.3,0.0721,1.24,340.7,250.7,9.7
2025-05-03T16:08:00+00:00,1952.8,82.22,340.3,13.90,372.2,15.9,624.1,0.0674,1.28,340.7,250.7,11.1
2025-05-03T16:09:00+00:00,2110.6,83.61,358.7,13.64,383.8,15.4,571.0,0.0710,1.26,340.7,250.7,8.8
2025-05-03T16:10:00+00:00,1974.4,84.46,372.1,14.12,392.7,15.5,559.9,0.0634,1.33,340.7,250.7,11.1
2025-05-03T16:11:00+00:00,1985.7,83.32,350.1,14.00,378.1,16.6,582.8,0.0627,1.26,340.7,250.7,10.3
2025-05-03T16:12:00+00:00,1916.3,81.94,345.8,13.74,365.4,17.1,627.0,0.0641,1.24,340.7,250.7,9.2
2025-05-03T16:13:00+00:00,2355.3,83.31,343.6,13.73,386.9,13.6,623.3,0.0762,1.29,340.7,250.7,11.4
2025-05-03T16:14:00+00:00,2061.4,81.07,354.6,13.82,385.9,10.7,642.7,0.0675,1.24,340.7,250.7,11.9
2025-05-03T16:15:00+00:00,2102.3,81.27,359.7,13.95,367.2,17.3,632.7,0.0693,1.26,340.7,250.7,9.5
2025-05-03T16:16:00+00:00,2052.8,83.78,356.1,13.85,387.4,16.3,611.5,0.0627,1.21,340.7,250.7,11.9
2025-05-03T16:17:00+00:00,893.0,80.97,363.6,13.65,361.6,13.5,548.9,0.0618,1.24,340.7,250.7,10.6
2025-05-03T16:18:00+00:00,984.5,78.86,368.6,13.74,327.6,15.8,550.9,0.0621,1.23,340.7,250.7,9.7
2025-05-03T16:19:00+00:00,1001.0,77.86,362.0,13.74,328.0,16.3,587.5,0.0632,1.23,340.7,250.7,11.0
2025-05-03T16:20:00+00:00,879.7,78.74,351.5,14.07,357.8,16.5,510.1,0.0585,1.29,340.7,250.7,11.5
2025-05-03T16:21:00+00:00,930.3,78.71,350.1,13.81,360.5,14.2,563.0,0.0580,1.29,340.7,250.7,10.5
2025-05-03T16:22:00+00:00,785.4,78.10,343.1,13.70,337.3,16.5,552.2,0.0629,1.26,340.7,250.7,9.3
2025-05-03T16:23:00+00:00,1053.8,79.58,357.3,13.81,351.4,16.3,574.4,0.0630,1.25,340.7,250.7,11.8
2025-05-03T16:24:00+00:00,843.8,79.08,362.0,13.64,330.9,16.8,537.6,0.0566,1.23,340.7,250.7,11.9
2025-05-03T16:25:00+00:00,1003.7,80.64,358.0,13.79,355.2,14.0,563.2,0.0663,1.27,340.7,250.7,10.2
2025-05-03T16:26:00+00:00,903.8,76.51,346.8,13.74,372.2,17.4,521.8,0.0580,1.36,340.7,250.7,11.0
2025-05-03T16:27:00+00:00,899.8,78.11,371.9,13.80,345.1,16.1,601.6,0.0574,1.30,340.7,250.7,11.6
2025-05-04T06:00:00+00:00,948.7,78.06,370.5,13.83,346.1,13.1,514.6,0.0576,0.98,16.0,286.0,11.7
2025-05-04T06:01:00+00:00,1040.7,77.63,356.2,13.67,339.1,14.7,479.5,0.0541,0.92,16.0,286.0,11.9
2025-05-04T06:02:00+00:00,1065.1,79.43,356.9,13.96,348.1,14.3,571.2,0.0538,0.86,16.0,286.0,10.3
2025-05-04T06:03:00+00:00,1033.0,78.88,375.0,13.63,353.3,18.7,549.5,0.0597,0.94,16.0,286.0,12.8
2025-05-04T06:04:00+00:00,1111.9,80.00,344.6,13.75,368.5,17.0,532.5,0.0549,0.95,16.0,286.0,14.0
2025-05-04T06:05:00+00:00,802.9,76.47,354.2,13.65,352.8,14.2,519.8,0.0558,0.83,16.0,286.0,12.9
2025-05-04T06:06:00+00:00,1036.9,78.49,334.0,13.64,359.6,15.6,592.8,0.0594,0.98,16.0,286.0,12.4
2025-05-04T06:07:00+00:00,894.5,79.54,358.2,14.03,356.7,14.8,577.5,0.0592,0.98,16.0,286.0,11.2
2025-05-04T06:08:00+00:00,957.5,79.62,363.2,13.73,361.0,17.8,517.3,0.0563,0.97,16.0,286.0,11.8
2025-05-04T06:09:00+00:00,939.6,80.41,351.8,14.07,316.0,14.4,600.7,0.0541,0.96,16.0,286.0,12.1
2025-05-04T06:10:00+00:00,949.6,78.81,351.5,14.12,355.7,15.2,563.9,0.0571,0.96,16.0,286.0,11.4
2025-05-04T06:11:00+00:00,931.2,81.40,348.2,13.84,367.1,14.3,572.9,0.0540,0.92,16.0,286.0,14.4
2025-05-04T06:12:00+00:00,998.7,81.19,369.4,13.79,355.7,13.2,562.0,0.0546,0.96,16.0,286.0,11.1
2025-05-04T06:13:00+00:00,1870.1,84.70,350.9,13.82,390.6,15.6,635.1,0.0639,0.91,16.0,286.0,12.3
2025-05-04T06:14:00+00:00,2073.6,84.59,354.8,13.66,381.8,16.0,641.9,0.0602,0.96,16.0,286.0,11.3
2025-05-04T06:15:00+00:00,2017.1,82.24,343.6,13.96,374.8,15.3,609.9,0.0606,1.03,16.0,286.0,12.1
2025-05-04T06:16:00+00:00,1884.5,82.65,357.9,13.71,377.4,16.7,570.9,0.0611,0.92,16.0,286.0,11.2
2025-05-04T06:17:00+00:00,2054.6,82.17,345.0,13.81,378.5,17.2,638.4,0.0598,0.93,16.0,286.0,14.5
2025-05-04T06:18:00+00:00,2234.2,82.67,344.0,13.83,384.8,16.3,638.7,0.0611,0.86,16.0,286.0,12.3
2025-05-04T06:19:00+00:00,2034.2,84.71,352.9,13.91,372.3,17.8,581.1,0.0639,0.97,16.0,286.0,9.9
2025-05-04T06:20:00+00:00,1893.6,84.65,351.4,13.74,369.1,15.7,670.7,0.0602,1.05,16.0,286.0,10.6
2025-05-04T06:21:00+00:00,2068.3,83.28,354.3,13.82,381.2,16.0,566.4,0.0601,0.95,16.0,286.0,10.6
2025-05-04T06:22:00+00:00,2036.8,80.79,343.4,13.83,369.2,15.5,558.5,0.0592,0.89,16.0,286.0,11.1
2025-05-04T06:23:00+00:00,2090.0,83.24,366.0,13.92,390.9,15.1,649.8,0.0712,0.83,16.0,286.0,10.5
2025-05-04T06:24:00+00:00,2077.8,83.92,345.6,13.78,363.7,15.0,619.4,0.0697,0.91,16.0,286.0,11.8
2025-05-04T06:25:00+00:00,2034.2,82.10,348.7,13.81,383.8,11.7,587.2,0.0602,0.98,16.0,286.0,12.8
2025-05-04T06:26:00+00:00,1909.5,81.75,352.3,13.59,371.8,15.0,627.8,0.0590,0.92,16.0,286.0,12.6
2025-05-04T06:27:00+00:00,2088.9,83.03,348.0,14.20,384.9,15.0,621.2,0.0656,0.86,16.0,286.0,11.6
2025-05-04T06:28:00+00:00,2086.9,80.20,358.9,13.77,393.8,15.5,591.1,0.0600,0.92,16.0,286.0,11.6
2025-05-04T06:29:00+00:00,1970.2,83.94,338.5,13.49,365.1,15.2,565.9,0.0705,1.00,16.0,286.0,12.2
2025-05-04T06:30:00+00:00,2069.0,82.65,344.2,13.77,405.1,14.2,649.4,0.0635,0.91,16.0,286.0,10.2
2025-05-04T06:31:00+00:00,1961.8,81.29,350.0,13.83,391.4,20.2,553.1,0.0590,0.91,16.0,286.0,11.7
2025-05-04T06:32:00+00:00,1983.1,83.58,352.6,13.74,362.5,17.0,533.8,0.0665,0.96,16.0,286.0,10.1
2025-05-04T06:33:00+00:00,1997.5,82.19,348.0,13.92,403.8,14.0,625.7,0.0612,0.96,16.0,286.0,11.1
2025-05-04T06:34:00+00:00,2029.3,81.08,362.1,13.69,380.2,12.2,603.4,0.0598,0.90,16.0,286.0,14.0
2025-05-04T06:35:00+00:00,1862.5,80.76,359.7,13.75,353.6,16.7,534.2,0.0591,0.95,16.0,286.0,10.5
2025-05-04T06:36:00+00:00,2075.5,80.43,358.5,13.67,398.6,13.2,523.0,0.0615,1.01,16.0,286.0,11.9
2025-05-04T06:37:00+00:00,1895.2,82.53,359.0,13.85,374.3,13.7,532.6,0.0587,0.90,16.0,286.0,10.6
2025-05-04T06:38:00+00:00,2188.5,84.15,359.0,13.90,389.1,16.6,602.8,0.0601,0.88,16.0,286.0,12.0
2025-05-04T06:39:00+00:00,1745.7,79.94,348.8,13.88,368.4,15.8,546.2,0.0583,0.95,16.0,286.0,12.2
2025-05-04T06:40:00+00:00,1960.7,81.16,358.8,13.93,381.2,15.6,632.9,0.0595,0.94,16.0,286.0,10.7
2025-05-04T06:41:00+00:00,2130.4,79.90,354.6,13.86,404.3,15.2,610.3,0.0603,0.95,16.0,286.0,10.5
2025-05-04T06:42:00+00:00,2000.1,81.57,361.9,13.81,378.7,15.7,635.3,0.0631,0.95,16.0,286.0,12.9
2025-05-04T06:43:00+00:00,2064.8,83.49,354.9,13.64,392.1,14.3,623.7,0.0605,1.00,16.0,286.0,12.5
2025-05-04T06:44:00+00:00,2155.7,85.01,337.4,13.77,387.8,13.6,577.8,0.0603,0.94,16.0,286.0,10.4
2025-05-04T06:45:00+00:00,1950.0,81.48,348.3,13.74,391.2,16.0,635.8,0.0594,0.94,16.0,286.0,11.4
2025-05-04T06:46:00+00:00,2187.5,84.58,363.5,13.67,399.3,14.2,604.7,0.0610,0.98,16.0,286.0,10.3
2025-05-04T06:47:00+00:00,2070.8,82.19,359.9,13.94,362.7,14.2,553.6,0.0598,0.93,16.0,286.0,10.3
2025-05-04T06:48:00+00:00,1965.0,83.34,364.3,14.13,384.9,16.1,582.3,0.0590,0.88,16.0,286.0,10.6
2025-05-04T06:49:00+00:00,2119.7,80.25,348.2,13.73,376.8,15.2,621.5,0.0606,0.84,16.0,286.0,12.2
2025-05-04T06:50:00+00:00,2072.2,81.46,355.5,13.73,380.8,16.1,621.6,0.0631,0.87,16.0,286.0,12.0
2025-05-04T06:51:00+00:00,2074.7,82.99,348.2,13.65,398.2,15.2,580.0,0.0662,1.00,16.0,286.0,12.0
2025-05-04T06:52:00+00:00,1951.4,82.20,352.6,13.90,355.4,15.8,560.1,0.0689,0.95,16.0,286.0,12.5
2025-05-04T06:53:00+00:00,1892.0,80.12,352.9,13.71,393.8,14.5,600.9,0.0585,0.88,16.0,286.0,13.7
2025-05-04T06:54:00+00:00,1815.2,81.68,334.5,13.74,373.0,15.9,652.3,0.0581,0.88,16.0,286.0,12.7
2025-05-04T06:55:00+00:00,1737.2,81.19,356.0,13.86,372.3,15.5,554.7,0.0586,0.80,16.0,286.0,11.7
2025-05-04T06:56:00+00:00,2078.0,82.70,343.4,13.75,370.5,16.4,654.4,0.0651,0.96,16.0,286.0,11.9
2025-05-04T06:57:00+00:00,2013.3,82.43,350.1,13.85,369.4,16.2,586.3,0.0597,0.94,16.0,286.0,11.7
2025-05-04T06:58:00+00:00,1875.3,83.12,357.2,13.94,361.5,15.8,582.1,0.0597,1.01,16.0,286.0,11.2
2025-05-04T06:59:00+00:00,1912.4,80.33,352.6,13.81,379.8,13.8,607.8,0.0593,0.97,16.0,286.0,12.5
2025-05-04T07:00:00+00:00,2098.7,82.62,336.3,13.60,350.9,15.3,642.8,0.0599,0.91,16.0,286.0,11.6
2025-05-04T07:01:00+00:00,2060.0,81.39,360.0,13.67,395.4,17.1,566.5,0.0606,1.01,16.0,286.0,11.2
2025-05-04T07:02:00+00:00,2064.5,80.11,347.9,13.84,385.9,14.5,560.2,0.0587,0.82,16.0,286.0,10.8
2025-05-04T07:03:00+00:00,1936.4,81.60,364.2,13.72,401.0,16.0,578.9,0.0590,0.91,16.0,286.0,12.2
2025-05-04T07:04:00+00:00,1753.8,80.48,369.0,13.92,355.7,17.4,570.5,0.0600,0.93,16.0,286.0,11.9
2025-05-04T07:05:00+00:00,1953.9,82.28,358.5,13.86,365.3,14.2,574.2,0.0598,0.88,16.0,286.0,12.4
2025-05-04T07:06:00+00:00,1972.6,82.48,351.0,13.77,394.8,15.6,580.9,0.0600,1.00,16.0,286.0,10.6
2025-05-04T07:07:00+00:00,1888.0,80.77,350.6,13.74,411.1,17.4,565.3,0.0591,0.94,16.0,286.0,10.1
2025-05-04T07:08:00+00:00,2101.5,81.19,351.4,13.83,377.5,16.1,614.6,0.0672,0.88,16.0,286.0,11.4
2025-05-04T07:09:00+00:00,2012.6,81.98,352.2,13.54,381.8,13.2,635.1,0.0591,0.87,16.0,286.0,12.0
2025-05-04T07:10:00+00:00,2470.3,83.74,357.5,13.65,400.5,17.2,645.8,0.0614,0.87,16.0,286.0,12.7
2025-05-04T07:11:00+00:00,1968.6,82.43,352.7,13.82,389.6,14.0,600.9,0.0593,0.82,16.0,286.0,10.5
2025-05-04T07:12:00+00:00,2426.1,82.09,343.6,14.01,386.4,15.4,584.2,0.0644,0.94,16.0,286.0,11.8
2025-05-04T07:13:00+00:00,1773.3,80.77,357.5,13.83,346.5,14.6,608.7,0.0592,0.86,16.0,286.0,11.2
2025-05-04T07:14:00+00:00,1902.2,81.43,372.2,13.65,382.8,15.5,631.3,0.0586,0.87,16.0,286.0,9.7
2025-05-04T07:15:00+00:00,2147.0,82.63,355.6,13.67,375.2,18.6,667.6,0.0640,0.93,16.0,286.0,11.5
2025-05-04T07:16:00+00:00,1898.0,83.55,346.4,13.71,402.8,16.0,669.6,0.0667,0.88,16.0,286.0,11.1
2025-05-04T07:17:00+00:00,2078.0,82.19,341.5,13.87,404.7,14.5,589.4,0.0598,0.93,16.0,286.0,12.4
2025-05-04T07:18:00+00:00,1912.5,79.40,355.5,13.87,364.1,14.0,556.9,0.0588,0.90,16.0,286.0,10.4
2025-05-04T07:19:00+00:00,1981.2,82.54,346.2,13.97,393.1,16.0,563.2,0.0622,0.89,16.0,286.0,9.8
2025-05-04T07:20:00+00:00,2102.2,80.78,351.6,13.88,393.0,15.0,582.9,0.0598,0.91,16.0,286.0,10.6
2025-05-04T07:21:00+00:00,1954.6,80.90,361.1,13.62,396.3,15.4,604.3,0.0596,0.95,16.0,286.0,10.6
2025-05-04T07:22:00+00:00,2408.8,85.94,344.9,13.82,369.6,14.9,618.5,0.0611,0.87,16.0,286.0,12.1
2025-05-04T07:23:00+00:00,2051.7,81.29,345.0,13.72,367.5,14.8,637.2,0.0601,0.96,16.0,286.0,10.8
2025-05-04T07:24:00+00:00,2080.9,81.68,352.4,13.81,385.1,15.7,589.6,0.0678,0.99,16.0,286.0,11.3
2025-05-04T07:25:00+00:00,2495.7,81.14,349.0,13.76,405.1,17.6,620.6,0.0671,0.95,16.0,286.0,10.7
2025-05-04T07:26:00+00:00,2408.8,84.28,347.4,14.01,399.9,12.6,647.8,0.0630,0.94,16.0,286.0,10.2
2025-05-04T07:27:00+00:00,2082.0,83.11,329.4,13.65,388.4,16.5,638.3,0.0666,0.92,16.0,286.0,11.4
2025-05-04T07:28:00+00:00,2151.6,79.73,361.7,13.78,385.5,18.0,594.8,0.0616,0.80,16.0,286.0,12.1
2025-05-04T07:29:00+00:00,2052.3,83.94,361.5,13.61,385.6,14.9,536.8,0.0642,0.97,16.0,286.0,10.0
2025-05-04T07:30:00+00:00,2402.8,84.09,353.8,13.68,394.7,15.3,623.1,0.0635,0.96,16.0,286.0,9.9
2025-05-04T07:31:00+00:00,2514.8,85.91,345.6,13.83,379.3,18.3,658.0,0.0625,0.97,16.0,286.0,11.7
2025-05-04T07:32:00+00:00,1791.9,81.47,360.9,13.77,373.9,17.2,599.2,0.0582,0.91,16.0,286.0,12.6
2025-05-04T07:33:00+00:00,1962.6,83.19,354.0,13.66,384.0,13.8,566.3,0.0595,0.95,16.0,286.0,11.3
2025-05-04T07:34:00+00:00,2137.5,83.41,358.2,13.69,370.5,14.4,581.9,0.0611,0.94,16.0,286.0,12.8
2025-05-04T07:35:00+00:00,2045.9,84.34,355.6,13.74,381.8,14.8,642.2,0.0605,1.01,16.0,286.0,11.5
2025-05-04T07:36:00+00:00,2420.0,83.76,348.9,13.59,370.9,11.1,589.9,0.0618,0.92,16.0,286.0,11.2
2025-05-04T07:37:00+00:00,2455.2,83.33,352.3,14.01,373.9,17.0,650.2,0.0614,0.86,16.0,286.0,10.6
2025-05-04T07:38:00+00:00,2134.7,83.03,343.3,13.97,375.5,13.7,533.4,0.0604,0.92,16.0,286.0,10.2
2025-05-04T07:39:00+00:00,2106.7,83.83,336.6,13.76,372.9,16.4,652.9,0.0599,0.92,16.0,286.0,12.6
2025-05-04T07:40:00+00:00,1901.1,81.33,362.0,14.02,378.6,15.5,598.7,0.0623,0.94,16.0,286.0,11.8
2025-05-04T07:41:00+00:00,2202.2,83.61,348.0,13.78,386.5,16.4,587.7,0.0605,0.92,16.0,286.0,11.4
2025-05-04T07:42:00+00:00,1809.4,80.38,362.0,13.73,373.2,16.7,597.1,0.0584,0.84,16.0,286.0,10.5
2025-05-04T07:43:00+00:00,2015.1,81.23,359.4,13.72,368.7,14.5,634.4,0.0589,0.87,16.0,286.0,12.1
2025-05-04T07:44:00+00:00,2072.2,82.76,344.8,13.84,358.5,13.9,583.9,0.0662,0.91,16.0,286.0,12.3
2025-05-04T07:45:00+00:00,1871.9,81.41,357.9,13.73,372.0,16.9,613.0,0.0588,0.90,16.0,286.0,12.0
2025-05-04T07:46:00+00:00,1952.1,83.14,338.8,13.97,379.3,16.0,624.0,0.0617,0.94,16.0,286.0,12.9
2025-05-04T07:47:00+00:00,1949.9,81.95,355.0,13.73,386.9,14.4,646.6,0.0670,0.98,16.0,286.0,12.5
2025-05-04T07:48:00+00:00,2060.2,82.22,345.3,13.79,397.1,15.2,607.0,0.0596,0.90,16.0,286.0,12.3
2025-05-04T07:49:00+00:00,1939.2,80.79,351.7,13.83,368.2,15.2,679.9,0.0614,0.91,16.0,286.0,11.0
2025-05-04T07:50:00+00:00,2113.5,81.48,356.0,13.60,381.9,15.3,576.0,0.0688,0.97,16.0,286.0,12.3
2025-05-04T07:51:00+00:00,1910.7,81.05,344.1,13.60,349.9,14.9,589.9,0.0582,0.85,16.0,286.0,11.7
2025-05-04T07:52:00+00:00,1990.9,80.85,351.0,13.70,385.6,16.6,646.2,0.0592,0.90,16.0,286.0,12.0
2025-05-04T07:53:00+00:00,1896.7,83.86,357.5,13.78,379.7,18.5,610.7,0.0606,0.91,16.0,286.0,10.9
2025-05-04T07:54:00+00:00,1788.8,78.01,353.1,13.68,360.9,17.9,576.0,0.0597,0.90,16.0,286.0,10.7
2025-05-04T07:55:00+00:00,1974.0,82.50,352.1,13.64,364.7,16.3,620.5,0.0649,0.89,16.0,286.0,12.2
2025-05-04T07:56:00+00:00,1967.6,84.72,343.7,13.79,392.1,15.8,590.0,0.0603,1.02,16.0,286.0,11.8
2025-05-04T07:57:00+00:00,2093.5,81.51,342.3,13.74,385.9,15.0,622.8,0.0606,0.94,16.0,286.0,10.5
2025-05-04T07:58:00+00:00,2036.0,81.69,348.4,14.16,394.8,15.6,586.7,0.0642,0.91,16.0,286.0,9.5
2025-05-04T07:59:00+00:00,2166.2,85.55,341.9,13.90,382.3,16.2,557.3,0.0604,0.93,16.0,286.0,9.9
2025-05-04T08:00:00+00:00,2046.2,84.23,349.6,13.73,373.1,16.9,583.4,0.0587,0.82,16.0,286.0,11.0
2025-05-04T08:01:00+00:00,1902.1,82.60,354.4,13.79,369.2,16.4,614.6,0.0589,0.92,16.0,286.0,11.3
2025-05-04T08:02:00+00:00,1922.1,78.81,355.5,13.84,386.8,15.2,627.9,0.0674,0.93,16.0,286.0,11.5
2025-05-04T08:03:00+00:00,2033.1,84.22,343.8,13.82,376.1,12.3,622.8,0.0599,0.93,16.0,286.0,11.1
2025-05-04T08:04:00+00:00,1877.7,83.18,371.6,13.94,389.7,16.2,552.4,0.0638,0.95,16.0,286.0,9.1
2025-05-04T08:05:00+00:00,2099.6,85.96,353.4,13.71,369.4,15.3,609.1,0.0593,0.79,16.0,286.0,12.2
2025-05-04T08:06:00+00:00,2111.6,84.48,345.0,13.76,392.3,17.0,622.0,0.0618,0.92,16.0,286.0,12.3
2025-05-04T08:07:00+00:00,2077.3,82.78,329.8,13.73,391.4,14.9,627.1,0.0600,0.94,16.0,286.0,12.1
2025-05-04T08:08:00+00:00,2191.2,84.33,347.7,13.78,383.1,14.1,598.9,0.0624,0.90,16.0,286.0,11.6
2025-05-04T08:09:00+00:00,1927.4,86.11,345.4,13.68,362.9,14.8,592.1,0.0605,0.86,16.0,286.0,12.9
2025-05-04T08:10:00+00:00,1960.8,84.31,352.1,13.76,362.7,17.7,595.6,0.0647,0.88,16.0,286.0,12.3
2025-05-04T08:11:00+00:00,2104.4,81.37,340.8,13.63,376.8,14.9,561.7,0.0614,0.98,16.0,286.0,10.6
2025-05-04T08:12:00+00:00,1899.4,82.47,360.6,13.96,361.0,15.9,631.0,0.0633,0.94,16.0,286.0,12.8
2025-05-04T08:13:00+00:00,2090.6,82.61,361.2,13.67,409.7,12.7,607.7,0.0599,0.93,16.0,286.0,11.4
2025-05-04T08:14:00+00:00,2151.7,83.64,344.4,13.67,378.4,15.5,584.5,0.0642,0.89,16.0,286.0,10.2
2025-05-04T08:15:00+00:00,2030.7,81.46,356.6,13.84,416.6,15.9,590.1,0.0653,0.89,16.0,286.0,11.9
2025-05-04T08:16:00+00:00,2015.6,83.64,357.1,13.55,386.9,14.4,647.4,0.0589,0.86,16.0,286.0,13.1
2025-05-04T08:17:00+00:00,1994.3,82.18,357.0,13.91,382.1,16.9,638.5,0.0603,1.01,16.0,286.0,11.9
2025-05-04T08:18:00+00:00,1756.6,82.02,343.1,13.85,366.7,14.5,595.2,0.0581,0.92,16.0,286.0,10.0
2025-05-04T08:19:00+00:00,2174.9,82.96,337.6,13.70,389.7,16.9,619.4,0.0645,0.88,16.0,286.0,10.2
2025-05-04T08:20:00+00:00,2013.2,82.72,347.7,13.98,392.9,15.3,593.2,0.0596,0.93,16.0,286.0,13.0
2025-05-04T08:21:00+00:00,1922.0,80.61,357.7,13.74,402.6,14.8,582.9,0.0578,0.80,16.0,286.0,12.8
2025-05-04T08:22:00+00:00,2041.0,79.77,345.8,13.88,381.9,14.8,592.6,0.0592,0.87,16.0,286.0,12.1
2025-05-04T08:23:00+00:00,2183.6,82.85,349.2,14.09,359.3,17.5,602.3,0.0602,0.90,16.0,286.0,10.8
2025-05-04T08:24:00+00:00,1817.6,82.38,349.3,13.86,355.1,16.4,572.6,0.0593,0.87,16.0,286.0,9.6
2025-05-04T08:25:00+00:00,2007.5,82.21,353.1,13.72,388.7,12.7,528.7,0.0601,0.98,16.0,286.0,11.8
2025-05-04T08:26:00+00:00,2035.6,84.45,349.2,13.97,365.9,16.0,592.6,0.0591,0.88,16.0,286.0,13.5
2025-05-04T08:27:00+00:00,1973.4,79.92,342.6,13.86,370.2,15.8,561.3,0.0596,0.94,16.0,286.0,13.1
2025-05-04T08:28:00+00:00,1984.4,84.48,356.8,13.96,357.3,15.1,638.3,0.0589,0.87,16.0,286.0,10.6
2025-05-04T08:29:00+00:00,1991.9,83.41,349.3,13.99,384.6,12.8,625.4,0.0608,0.91,16.0,286.0,12.1
2025-05-04T08:30:00+00:00,1067.1,80.26,363.7,13.63,338.5,16.7,586.7,0.0581,0.96,16.0,286.0,12.5
2025-05-04T08:31:00+00:00,921.1,74.51,350.9,14.06,359.0,17.5,561.9,0.0531,0.87,16.0,286.0,12.0
2025-05-04T08:32:00+00:00,1094.7,79.36,355.8,13.85,357.3,15.0,479.8,0.0543,0.90,16.0,286.0,11.2
2025-05-04T08:33:00+00:00,943.4,75.48,361.5,13.89,335.5,14.1,512.8,0.0539,0.93,16.0,286.0,12.7
2025-05-04T08:34:00+00:00,1014.8,77.54,345.4,13.68,347.6,13.3,554.4,0.0540,0.90,16.0,286.0,11.4
2025-05-04T08:35:00+00:00,919.4,78.88,359.2,13.81,352.7,17.7,525.2,0.0532,0.86,16.0,286.0,10.4
2025-05-04T08:36:00+00:00,986.5,78.40,348.4,13.81,348.9,15.6,577.9,0.0553,0.96,16.0,286.0,9.7
2025-05-04T08:37:00+00:00,847.3,78.60,367.1,13.81,318.3,16.6,544.6,0.0536,0.94,16.0,286.0,11.4
2025-05-04T08:38:00+00:00,1044.9,78.05,367.8,14.01,361.4,16.8,521.6,0.0541,0.90,16.0,286.0,12.1
2025-05-04T08:39:00+00:00,1086.2,74.84,354.7,13.68,363.5,18.4,526.7,0.0530,0.78,16.0,286.0,11.1
2025-05-04T08:40:00+00:00,910.2,78.58,353.9,13.68,345.9,15.3,552.3,0.0537,0.94,16.0,286.0,11.9
2025-05-04T08:41:00+00:00,1046.6,79.42,362.7,13.53,341.3,16.7,591.8,0.0547,0.96,16.0,286.0,12.2
2025-05-04T14:00:00+00:00,958.7,78.15,363.1,13.94,353.9,17.9,534.7,0.0570,0.92,16.0,286.0,11.6
2025-05-04T14:01:00+00:00,925.8,79.50,363.4,13.66,341.6,16.2,568.4,0.0561,0.93,16.0,286.0,12.3
2025-05-04T14:02:00+00:00,1012.9,77.45,352.9,13.56,372.9,14.5,528.0,0.0534,0.86,16.0,286.0,10.8
2025-05-04T14:03:00+00:00,1062.2,78.56,354.7,13.86,353.5,16.2,573.8,0.0543,0.90,16.0,286.0,10.1
2025-05-04T14:04:00+00:00,927.0,77.22,358.8,13.89,353.9,12.7,502.9,0.0546,1.01,16.0,286.0,11.3
2025-05-04T14:05:00+00:00,968.0,76.66,351.6,14.04,336.8,14.2,506.2,0.0596,0.91,16.0,286.0,11.0
2025-05-04T14:06:00+00:00,1019.6,78.07,365.6,13.85,344.0,15.6,579.1,0.0626,0.89,16.0,286.0,10.4
2025-05-04T14:07:00+00:00,1101.3,80.83,347.4,13.92,340.7,15.8,585.4,0.0547,0.93,16.0,286.0,12.2
2025-05-04T14:08:00+00:00,940.8,79.77,343.3,13.64,345.5,15.6,545.3,0.0538,0.92,16.0,286.0,12.3
2025-05-04T14:09:00+00:00,991.1,78.09,352.1,13.77,359.1,13.6,511.4,0.0533,0.86,16.0,286.0,12.7
2025-05-04T14:10:00+00:00,996.1,83.53,364.3,13.70,367.9,14.0,535.4,0.0539,0.89,16.0,286.0,10.7
2025-05-04T14:11:00+00:00,1994.3,83.38,347.6,14.03,381.1,17.0,578.6,0.0582,0.80,16.0,286.0,11.7
2025-05-04T14:12:00+00:00,1940.9,81.91,339.1,13.79,367.2,17.1,622.0,0.0607,0.90,16.0,286.0,10.4
2025-05-04T14:13:00+00:00,2043.2,85.32,352.3,13.89,381.0,14.6,627.3,0.0590,0.86,16.0,286.0,9.1
2025-05-04T14:14:00+00:00,1870.8,79.60,358.9,13.78,350.0,12.9,562.7,0.0582,0.86,16.0,286.0,10.0
2025-05-04T14:15:00+00:00,2295.7,82.28,337.6,13.79,394.8,16.2,620.0,0.0605,0.89,16.0,286.0,13.0
2025-05-04T14:16:00+00:00,2061.7,80.67,346.1,13.85,388.1,15.8,588.3,0.0703,0.87,16.0,286.0,11.8
2025-05-04T14:17:00+00:00,2018.7,80.84,346.0,13.78,384.3,12.9,678.1,0.0640,0.91,16.0,286.0,11.1
2025-05-04T14:18:00+00:00,2070.6,81.31,353.6,13.73,376.0,14.0,586.6,0.0648,0.92,16.0,286.0,12.8
2025-05-04T14:19:00+00:00,2099.0,79.96,340.2,13.99,367.7,13.0,621.5,0.0603,0.96,16.0,286.0,12.2
2025-05-04T14:20:00+00:00,2171.0,83.17,354.0,13.58,377.1,17.7,598.1,0.0609,0.98,16.0,286.0,10.4
2025-05-04T14:21:00+00:00,2243.9,83.14,352.5,13.46,377.9,16.0,595.4,0.0611,0.97,16.0,286.0,11.1
2025-05-04T14:22:00+00:00,2070.3,80.78,349.9,13.73,396.9,14.8,569.1,0.0602,0.97,16.0,286.0,11.1
2025-05-04T14:23:00+00:00,1897.5,82.45,348.7,13.87,389.8,16.5,650.2,0.0603,0.90,16.0,286.0,11.7
2025-05-04T14:24:00+00:00,2215.7,83.18,353.6,13.82,381.4,17.3,651.9,0.0668,0.93,16.0,286.0,12.0
2025-05-04T14:25:00+00:00,1981.7,82.82,348.3,13.68,392.7,18.2,585.9,0.0590,0.88,16.0,286.0,13.0
2025-05-04T14:26:00+00:00,1817.1,81.81,356.7,14.18,378.6,14.5,600.0,0.0586,0.94,16.0,286.0,9.9
2025-05-04T14:27:00+00:00,2102.6,82.13,345.0,13.83,376.8,16.0,626.9,0.0601,0.91,16.0,286.0,11.5
2025-05-04T14:28:00+00:00,1805.1,82.86,361.7,13.88,370.9,14.0,601.2,0.0578,0.86,16.0,286.0,11.4
2025-05-04T14:29:00+00:00,2047.5,80.93,353.6,13.88,377.8,15.7,554.7,0.0590,0.85,16.0,286.0,12.7
2025-05-04T14:30:00+00:00,1790.4,77.80,345.7,14.15,348.7,17.7,607.2,0.0575,0.84,16.0,286.0,10.6
2025-05-04T14:31:00+00:00,2115.1,83.08,343.2,13.95,408.6,16.1,627.4,0.0604,0.94,16.0,286.0,12.3
2025-05-04T14:32:00+00:00,2062.5,80.70,352.9,13.80,365.7,16.1,572.9,0.0593,0.90,16.0,286.0,11.9
2025-05-04T14:33:00+00:00,2062.3,82.95,361.4,13.65,391.9,16.7,688.1,0.0674,0.99,16.0,286.0,13.6
2025-05-04T14:34:00+00:00,2041.6,82.22,353.0,13.77,393.7,11.8,670.0,0.0605,1.00,16.0,286.0,10.9
2025-05-04T14:35:00+00:00,2157.5,79.05,347.0,13.54,387.4,16.3,605.6,0.0622,0.95,16.0,286.0,12.2
2025-05-04T14:36:00+00:00,1860.9,81.54,350.8,13.77,398.7,15.9,559.0,0.0588,0.93,16.0,286.0,12.9
2025-05-04T14:37:00+00:00,1973.7,82.94,345.1,13.64,375.2,12.8,563.1,0.0657,0.98,16.0,286.0,10.5
2025-05-04T14:38:00+00:00,2025.9,80.84,350.3,13.66,395.7,15.3,571.2,0.0594,0.89,16.0,286.0,13.1
2025-05-04T14:39:00+00:00,2248.8,85.19,333.1,13.67,378.7,15.9,629.2,0.0606,0.90,16.0,286.0,12.1
2025-05-04T14:40:00+00:00,2024.0,82.72,367.7,13.85,355.8,16.5,568.9,0.0599,0.96,16.0,286.0,13.3
2025-05-04T14:41:00+00:00,1946.0,79.22,363.9,13.85,375.1,15.2,605.9,0.0592,0.94,16.0,286.0,11.5
2025-05-04T14:42:00+00:00,1968.3,81.61,344.6,13.79,391.1,17.4,634.7,0.0660,0.92,16.0,286.0,11.1
2025-05-04T14:43:00+00:00,2029.1,82.42,339.4,13.65,375.2,13.8,577.2,0.0602,0.98,16.0,286.0,11.1
2025-05-04T14:44:00+00:00,1850.4,81.20,354.2,13.60,357.3,15.5,613.6,0.0588,0.92,16.0,286.0,11.9
2025-05-04T14:45:00+00:00,2214.6,83.09,349.0,13.81,365.2,15.4,589.1,0.0618,1.04,16.0,286.0,9.5
2025-05-04T14:46:00+00:00,1996.2,81.69,345.1,13.79,374.6,13.7,588.3,0.0603,0.99,16.0,286.0,10.0
2025-05-04T14:47:00+00:00,2051.3,83.94,344.9,13.65,388.0,14.6,587.8,0.0602,0.96,16.0,286.0,10.6
2025-05-04T14:48:00+00:00,1977.0,81.52,353.9,13.89,369.5,16.2,687.0,0.0592,0.89,16.0,286.0,10.2
2025-05-04T14:49:00+00:00,1885.6,82.83,345.6,13.96,358.1,14.9,568.2,0.0660,1.01,16.0,286.0,12.6
2025-05-04T14:50:00+00:00,1969.5,79.27,344.9,13.57,362.9,13.7,641.4,0.0594,0.95,16.0,286.0,12.4
2025-05-04T14:51:00+00:00,2027.3,83.42,346.9,13.72,356.4,16.3,571.5,0.0593,0.88,16.0,286.0,12.4
2025-05-04T14:52:00+00:00,1794.0,81.13,347.5,13.92,381.7,15.2,560.1,0.0598,0.88,16.0,286.0,11.8
2025-05-04T14:53:00+00:00,2087.6,80.86,358.4,13.98,381.9,16.9,620.1,0.0625,0.94,16.0,286.0,14.1
2025-05-04T14:54:00+00:00,2029.2,81.89,345.1,13.73,388.4,15.6,638.7,0.0594,0.90,16.0,286.0,11.1
2025-05-04T14:55:00+00:00,2520.1,82.30,347.2,13.82,404.4,17.3,572.9,0.0666,0.91,16.0,286.0,9.7
2025-05-04T14:56:00+00:00,1887.8,81.18,356.2,13.75,389.5,16.7,621.5,0.0593,0.93,16.0,286.0,12.0
2025-05-04T14:57:00+00:00,1995.1,80.15,346.6,13.63,388.2,16.9,584.1,0.0589,0.87,16.0,286.0,12.0
2025-05-04T14:58:00+00:00,2197.9,78.52,364.1,13.82,399.5,14.3,700.4,0.0658,0.94,16.0,286.0,11.8
2025-05-04T14:59:00+00:00,2536.5,84.57,349.6,14.08,389.7,16.7,696.0,0.0627,0.96,16.0,286.0,10.2
2025-05-04T15:00:00+00:00,2440.2,83.81,350.3,13.94,384.9,14.0,591.3,0.0616,0.91,16.0,286.0,10.3
2025-05-04T15:01:00+00:00,2489.5,80.98,350.4,13.81,382.0,14.9,629.4,0.0649,0.95,16.0,286.0,13.6
2025-05-04T15:02:00+00:00,2375.3,85.04,350.8,13.90,408.5,16.4,634.4,0.0618,0.94,16.0,286.0,12.0
2025-05-04T15:03:00+00:00,2492.2,82.49,346.9,13.74,376.9,13.5,675.0,0.0613,0.86,16.0,286.0,11.8
2025-05-04T15:04:00+00:00,1818.8,81.71,351.4,13.83,394.8,16.6,595.9,0.0591,0.99,16.0,286.0,12.1
2025-05-04T15:05:00+00:00,2093.1,84.58,347.4,13.68,384.8,15.8,625.1,0.0713,0.88,16.0,286.0,11.5
2025-05-04T15:06:00+00:00,2226.7,79.80,368.2,14.07,375.2,12.9,615.1,0.0613,1.00,16.0,286.0,12.5
2025-05-04T15:07:00+00:00,1911.4,83.31,341.7,13.90,358.9,14.2,598.3,0.0652,0.92,16.0,286.0,12.0
2025-05-04T15:08:00+00:00,2042.9,83.42,341.6,13.66,404.0,17.1,586.8,0.0628,0.85,16.0,286.0,10.9
2025-05-04T15:09:00+00:00,2356.8,83.15,350.5,13.80,393.3,15.1,570.7,0.0621,0.82,16.0,286.0,12.5
2025-05-04T15:10:00+00:00,2456.0,81.78,354.3,13.81,410.7,14.4,676.5,0.0626,1.00,16.0,286.0,11.9
2025-05-04T15:11:00+00:00,2066.6,82.06,348.8,13.73,395.7,14.6,613.7,0.0624,0.89,16.0,286.0,11.7
2025-05-04T15:12:00+00:00,2098.0,83.07,353.9,13.62,382.3,15.2,607.2,0.0607,1.01,16.0,286.0,12.6
2025-05-04T15:13:00+00:00,2427.4,83.45,335.6,14.03,400.0,16.7,551.0,0.0620,0.96,16.0,286.0,11.4
2025-05-04T15:14:00+00:00,2040.7,83.95,345.5,13.65,389.9,14.9,600.7,0.0600,0.95,16.0,286.0,10.8
2025-05-04T15:15:00+00:00,2514.2,85.10,332.7,13.57,385.7,13.1,575.1,0.0668,0.97,16.0,286.0,11.3
2025-05-04T15:16:00+00:00,2450.0,85.01,341.9,13.86,374.3,17.1,553.1,0.0690,0.88,16.0,286.0,11.4
2025-05-04T15:17:00+00:00,1942.7,84.95,351.6,13.59,357.4,18.6,577.0,0.0634,0.87,16.0,286.0,10.9
2025-05-04T15:18:00+00:00,2049.9,82.01,352.2,13.68,395.9,14.2,577.0,0.0619,1.04,16.0,286.0,12.3
2025-05-04T15:19:00+00:00,1911.5,81.79,340.3,13.79,363.7,15.4,593.2,0.0603,1.00,16.0,286.0,11.6
2025-05-04T15:20:00+00:00,2058.0,82.96,342.1,13.80,390.5,13.2,556.4,0.0597,0.91,16.0,286.0,10.5
2025-05-04T15:21:00+00:00,2172.7,80.30,355.2,13.99,378.5,17.3,571.5,0.0601,0.90,16.0,286.0,11.7
2025-05-04T15:22:00+00:00,2186.8,84.39,349.4,13.87,371.3,11.9,602.2,0.0689,0.96,16.0,286.0,11.4
2025-05-04T15:23:00+00:00,1759.1,80.02,353.9,13.91,377.7,15.5,579.9,0.0581,0.90,16.0,286.0,10.2
2025-05-04T15:24:00+00:00,1934.6,82.32,341.7,13.73,377.0,15.9,570.6,0.0590,0.93,16.0,286.0,11.5
2025-05-04T15:25:00+00:00,2140.1,79.49,350.2,13.75,392.9,16.1,635.0,0.0607,0.96,16.0,286.0,11.5
2025-05-04T15:26:00+00:00,1877.2,82.20,342.0,13.86,384.6,16.5,616.8,0.0592,0.97,16.0,286.0,12.2
2025-05-04T15:27:00+00:00,2010.2,83.19,341.4,13.85,372.4,14.3,585.1,0.0587,0.86,16.0,286.0,10.5
2025-05-04T15:28:00+00:00,2098.4,83.30,360.7,13.54,382.1,14.5,580.6,0.0697,0.87,16.0,286.0,12.1
2025-05-04T15:29:00+00:00,2374.2,82.71,355.5,13.94,386.8,15.7,591.9,0.0611,0.90,16.0,286.0,10.9
2025-05-04T15:30:00+00:00,2141.5,82.29,351.8,13.91,391.9,14.9,602.4,0.0599,0.89,16.0,286.0,12.3
2025-05-04T15:31:00+00:00,2049.1,81.72,343.3,13.79,407.3,16.6,541.3,0.0602,0.90,16.0,286.0,12.1
2025-05-04T15:32:00+00:00,2070.0,83.90,355.8,13.97,364.7,15.9,660.4,0.0585,0.80,16.0,286.0,11.4
2025-05-04T15:33:00+00:00,1933.5,80.16,353.4,13.92,385.5,17.5,635.7,0.0630,0.95,16.0,286.0,12.8
2025-05-04T15:34:00+00:00,1992.4,83.65,346.0,14.07,378.6,13.2,641.4,0.0592,0.91,16.0,286.0,11.9
2025-05-04T15:35:00+00:00,1896.7,79.97,350.1,13.72,396.6,16.7,569.0,0.0645,0.94,16.0,286.0,10.6
2025-05-04T15:36:00+00:00,1780.5,80.86,346.7,13.66,368.3,15.3,569.2,0.0648,0.98,16.0,286.0,10.8
2025-05-04T15:37:00+00:00,2062.2,82.77,344.3,13.99,389.1,14.5,587.4,0.0670,0.93,16.0,286.0,10.6
2025-05-04T15:38:00+00:00,1916.9,81.31,346.7,13.74,387.2,16.8,598.8,0.0588,0.91,16.0,286.0,12.4
2025-05-04T15:39:00+00:00,1916.4,79.99,352.0,13.60,373.8,16.4,600.6,0.0675,0.99,16.0,286.0,11.9
2025-05-04T15:40:00+00:00,1900.3,81.36,340.9,13.74,385.6,16.2,551.5,0.0588,0.91,16.0,286.0,11.8
2025-05-04T15:41:00+00:00,2068.9,82.87,343.8,13.75,375.7,12.7,565.9,0.0601,0.94,16.0,286.0,11.9
2025-05-04T15:42:00+00:00,2105.3,78.48,348.1,13.67,359.6,14.2,610.1,0.0625,0.95,16.0,286.0,12.7
2025-05-04T15:43:00+00:00,1945.4,84.73,351.7,13.80,374.5,14.6,557.7,0.0595,0.88,16.0,286.0,11.1
2025-05-04T15:44:00+00:00,1969.0,82.10,343.8,13.71,378.1,14.1,567.8,0.0611,0.96,16.0,286.0,11.6
2025-05-04T15:45:00+00:00,1925.1,82.42,360.0,13.99,356.8,15.7,613.6,0.0589,0.90,16.0,286.0,11.7
2025-05-04T15:46:00+00:00,2259.0,83.00,338.6,13.64,373.3,16.3,625.4,0.0635,0.95,16.0,286.0,10.1
2025-05-04T15:47:00+00:00,2082.1,81.18,348.5,13.91,376.9,14.0,607.4,0.0602,0.95,16.0,286.0,13.2
2025-05-04T15:48:00+00:00,1983.8,80.88,347.8,13.71,391.6,15.1,599.2,0.0642,0.91,16.0,286.0,10.8
2025-05-04T15:49:00+00:00,2089.7,83.97,346.9,13.69,384.9,15.4,584.2,0.0687,0.90,16.0,286.0,9.7
2025-05-04T15:50:00+00:00,1949.2,84.37,328.6,13.74,400.4,12.9,646.9,0.0605,0.88,16.0,286.0,9.4
2025-05-04T15:51:00+00:00,2025.0,81.77,345.2,13.87,374.1,12.3,609.1,0.0620,0.97,16.0,286.0,11.9
2025-05-04T15:52:00+00:00,2048.6,83.31,355.5,13.99,395.4,15.0,561.3,0.0602,0.87,16.0,286.0,11.8
2025-05-04T15:53:00+00:00,2053.3,79.99,359.0,13.81,408.2,16.1,576.7,0.0601,0.97,16.0,286.0,11.1
2025-05-04T15:54:00+00:00,2097.3,81.87,360.9,13.71,374.3,17.5,608.0,0.0594,0.86,16.0,286.0,10.1
2025-05-04T15:55:00+00:00,2027.5,84.01,354.0,13.76,379.8,15.0,590.0,0.0597,0.92,16.0,286.0,11.5
2025-05-04T15:56:00+00:00,2017.3,83.68,363.3,13.68,379.4,15.0,594.7,0.0614,0.91,16.0,286.0,9.8
2025-05-04T15:57:00+00:00,2245.0,84.03,344.3,13.85,386.7,15.4,627.7,0.0615,1.00,16.0,286.0,12.5
2025-05-04T15:58:00+00:00,2019.9,81.98,356.1,13.91,350.0,17.0,623.2,0.0596,0.92,16.0,286.0,10.2
2025-05-04T15:59:00+00:00,874.6,80.00,354.8,13.59,327.7,18.7,565.6,0.0522,0.82,16.0,286.0,11.5
2025-05-04T16:00:00+00:00,825.7,77.82,355.6,13.87,335.8,12.3,568.0,0.0529,0.89,16.0,286.0,12.4
2025-05-04T16:01:00+00:00,954.3,77.20,336.0,13.63,355.8,15.1,543.6,0.0545,0.98,16.0,286.0,11.8
2025-05-04T16:02:00+00:00,961.2,79.14,359.7,13.94,341.1,15.5,568.4,0.0545,1.00,16.0,286.0,10.9
2025-05-04T16:03:00+00:00,757.7,76.66,362.4,13.88,330.6,16.5,552.6,0.0555,0.97,16.0,286.0,12.0
2025-05-04T16:04:00+00:00,874.0,80.23,341.5,14.04,346.7,13.3,550.2,0.0553,0.92,16.0,286.0,11.2
2025-05-04T16:05:00+00:00,852.2,77.36,355.9,13.79,355.1,16.5,562.3,0.0538,0.98,16.0,286.0,13.5
2025-05-04T16:06:00+00:00,1175.4,78.59,358.7,13.82,338.8,16.8,535.9,0.0560,1.01,16.0,286.0,11.3
2025-05-04T16:07:00+00:00,1019.8,79.88,351.8,14.07,352.3,18.1,605.1,0.0543,0.94,16.0,286.0,11.0
2025-05-04T16:08:00+00:00,947.0,80.84,364.5,13.70,343.0,16.5,545.5,0.0546,0.94,16.0,286.0,12.3
2025-05-05T06:00:00+00:00,849.0,77.92,345.0,13.94,330.2,15.2,511.0,0.0612,0.98,338.1,203.1,11.6
2025-05-05T06:01:00+00:00,855.0,81.14,354.0,13.96,335.6,14.3,619.9,0.0535,0.93,338.1,203.1,9.8
2025-05-05T06:02:00+00:00,914.3,77.79,363.4,13.92,312.8,15.5,601.4,0.0591,1.01,338.1,203.1,11.0
2025-05-05T06:03:00+00:00,800.3,78.17,367.6,13.72,333.3,17.5,575.3,0.0537,0.98,338.1,203.1,10.5
2025-05-05T06:04:00+00:00,996.9,81.26,366.5,13.63,335.8,17.2,543.0,0.0547,1.00,338.1,203.1,12.4
2025-05-05T06:05:00+00:00,1089.0,80.89,362.6,13.88,331.2,15.4,578.0,0.0556,1.03,338.1,203.1,11.2
2025-05-05T06:06:00+00:00,1075.3,81.39,357.6,13.69,363.6,13.8,533.0,0.0554,1.01,338.1,203.1,10.2
2025-05-05T06:07:00+00:00,941.4,80.95,355.2,13.87,353.9,16.1,492.6,0.0554,1.06,338.1,203.1,10.5
2025-05-05T06:08:00+00:00,1092.9,78.00,349.7,13.76,362.4,17.4,523.1,0.0559,1.05,338.1,203.1,11.1
2025-05-05T06:09:00+00:00,970.5,78.80,354.6,13.64,364.4,14.1,552.8,0.0587,1.09,338.1,203.1,10.9
2025-05-05T06:10:00+00:00,1001.9,80.36,350.6,13.55,347.2,17.1,597.6,0.0553,0.97,338.1,203.1,9.2
2025-05-05T06:11:00+00:00,1006.8,82.03,370.4,13.80,352.9,18.1,587.3,0.0662,0.95,338.1,203.1,12.7
2025-05-05T06:12:00+00:00,996.1,77.23,358.4,13.99,353.6,13.3,556.9,0.0550,0.91,338.1,203.1,11.4
2025-05-05T06:13:00+00:00,1060.2,79.23,364.9,13.65,371.9,16.5,560.4,0.0554,1.01,338.1,203.1,10.7
2025-05-05T06:14:00+00:00,943.4,80.08,348.3,13.81,341.9,19.0,624.1,0.0536,0.91,338.1,203.1,10.8
2025-05-05T06:15:00+00:00,2073.4,82.07,336.3,13.70,383.7,17.4,647.8,0.0650,0.97,338.1,203.1,11.2
2025-05-05T06:16:00+00:00,1971.5,83.63,339.5,13.70,363.8,13.6,585.6,0.0639,1.01,338.1,203.1,11.2
2025-05-05T06:17:00+00:00,1998.7,81.44,347.1,13.62,358.5,14.3,578.2,0.0600,0.97,338.1,203.1,10.7
2025-05-05T06:18:00+00:00,2131.6,81.12,332.8,13.84,385.8,16.1,593.9,0.0611,1.02,338.1,203.1,9.0
2025-05-05T06:19:00+00:00,2034.1,83.58,356.1,13.74,379.5,14.3,551.1,0.0617,0.96,338.1,203.1,11.3
2025-05-05T06:20:00+00:00,1933.5,81.89,353.3,13.95,372.2,15.7,592.4,0.0624,0.99,338.1,203.1,9.8
2025-05-05T06:21:00+00:00,1957.6,79.92,369.5,13.50,379.5,18.0,570.4,0.0600,0.98,338.1,203.1,11.8
2025-05-05T06:22:00+00:00,1877.5,83.46,361.6,13.94,377.3,13.8,640.7,0.0595,1.00,338.1,203.1,10.6
2025-05-05T06:23:00+00:00,2067.9,84.61,344.2,13.90,388.9,14.8,620.8,0.0610,1.03,338.1,203.1,12.1
2025-05-05T06:24:00+00:00,2036.7,81.47,343.8,13.61,385.1,15.4,545.4,0.0605,1.01,338.1,203.1,11.4
2025-05-05T06:25:00+00:00,2068.1,81.76,342.4,13.72,367.9,16.4,634.3,0.0610,1.04,338.1,203.1,10.4
2025-05-05T06:26:00+00:00,2021.3,81.64,353.1,13.91,361.6,16.1,585.8,0.0602,1.00,338.1,203.1,10.9
2025-05-05T06:27:00+00:00,2132.7,81.24,341.2,13.98,383.5,16.2,569.0,0.0655,1.07,338.1,203.1,8.8
2025-05-05T06:28:00+00:00,2189.6,81.75,346.0,13.79,369.5,15.7,589.4,0.0607,0.95,338.1,203.1,10.0
2025-05-05T06:29:00+00:00,1937.1,84.52,348.8,13.57,404.1,16.3,566.8,0.0602,1.03,338.1,203.1,10.6
2025-05-05T06:30:00+00:00,1964.9,84.96,349.2,13.77,357.3,14.5,588.2,0.0637,1.03,338.1,203.1,10.7
2025-05-05T06:31:00+00:00,1977.7,81.54,353.7,13.74,370.7,16.1,636.2,0.0590,0.89,338.1,203.1,13.0
2025-05-05T06:32:00+00:00,1948.3,80.29,356.3,13.77,395.7,12.5,615.8,0.0646,1.11,338.1,203.1,10.9
2025-05-05T06:33:00+00:00,1950.5,82.62,356.4,13.63,392.7,14.7,608.9,0.0594,0.94,338.1,203.1,12.7
2025-05-05T06:34:00+00:00,1974.3,81.53,361.0,13.75,412.1,17.3,665.5,0.0697,1.02,338.1,203.1,10.4
2025-05-05T06:35:00+00:00,2005.5,82.53,336.5,13.68,369.6,18.9,622.3,0.0604,1.01,338.1,203.1,12.2
2025-05-05T06:36:00+00:00,2107.9,81.21,355.2,13.56,392.3,12.9,601.1,0.0607,0.99,338.1,203.1,10.1
2025-05-05T06:37:00+00:00,2027.4,82.15,361.9,13.50,366.6,16.2,660.1,0.0655,0.94,338.1,203.1,9.9
2025-05-05T06:38:00+00:00,1835.9,82.34,357.5,13.70,380.2,15.5,608.8,0.0604,1.10,338.1,203.1,12.0
2025-05-05T06:39:00+00:00,1728.3,79.67,355.5,13.93,360.4,15.1,628.4,0.0585,0.96,338.1,203.1,10.7
2025-05-05T06:40:00+00:00,2020.8,81.35,349.6,13.74,384.8,15.6,547.4,0.0606,1.05,338.1,203.1,11.0
2025-05-05T06:41:00+00:00,2124.5,81.61,356.2,13.75,391.8,15.5,574.5,0.0604,0.95,338.1,203.1,10.1
2025-05-05T06:42:00+00:00,1957.0,83.79,347.6,13.89,394.2,15.2,575.4,0.0608,1.03,338.1,203.1,12.1
2025-05-05T06:43:00+00:00,2068.3,83.38,352.4,13.86,369.1,15.8,604.9,0.0650,0.96,338.1,203.1,9.5
2025-05-05T06:44:00+00:00,1875.6,80.83,358.0,13.75,375.4,15.6,607.1,0.0610,0.96,338.1,203.1,8.6
2025-05-05T06:45:00+00:00,1897.0,84.70,354.5,13.79,391.5,14.9,599.0,0.0596,0.98,338.1,203.1,11.4
2025-05-05T06:46:00+00:00,2063.2,80.40,356.3,13.62,367.0,13.9,617.9,0.0659,1.01,338.1,203.1,10.0
2025-05-05T06:47:00+00:00,1889.9,80.03,347.7,13.91,376.5,14.2,585.2,0.0601,0.98,338.1,203.1,11.1
2025-05-05T06:48:00+00:00,2034.4,81.98,352.5,14.01,383.9,17.3,559.6,0.0635,1.00,338.1,203.1,9.8
2025-05-05T06:49:00+00:00,1931.4,81.39,346.5,13.98,382.9,17.1,599.6,0.0645,0.98,338.1,203.1,10.8
2025-05-05T06:50:00+00:00,1939.8,84.82,354.3,13.63,384.7,13.7,615.1,0.0592,0.93,338.1,203.1,13.7
2025-05-05T06:51:00+00:00,2147.2,83.24,346.7,13.85,400.4,15.2,612.6,0.0614,1.04,338.1,203.1,11.8
2025-05-05T06:52:00+00:00,2185.2,80.31,371.5,13.75,383.4,16.1,632.5,0.0623,1.01,338.1,203.1,10.1
2025-05-05T06:53:00+00:00,1986.9,83.04,350.9,13.80,393.2,15.8,626.0,0.0609,1.07,338.1,203.1,9.8
2025-05-05T06:54:00+00:00,1990.4,83.14,362.6,13.87,381.4,18.3,555.2,0.0733,1.04,338.1,203.1,9.1
2025-05-05T06:55:00+00:00,2110.9,80.66,350.5,13.82,376.1,17.1,582.3,0.0608,0.96,338.1,203.1,10.9
2025-05-05T06:56:00+00:00,2009.8,82.96,349.8,13.83,415.5,14.3,590.7,0.0610,1.03,338.1,203.1,10.0
2025-05-05T06:57:00+00:00,2131.3,83.19,348.6,14.00,382.3,13.9,654.1,0.0611,1.02,338.1,203.1,10.1
2025-05-05T06:58:00+00:00,2114.5,82.37,344.8,13.76,375.9,17.7,642.8,0.0609,1.00,338.1,203.1,9.4
2025-05-05T06:59:00+00:00,2156.1,83.40,346.2,13.57,372.2,16.3,626.6,0.0606,0.97,338.1,203.1,11.0
2025-05-05T07:00:00+00:00,2192.2,81.69,353.7,13.78,376.5,16.4,622.1,0.0616,1.05,338.1,203.1,11.0
2025-05-05T07:01:00+00:00,1994.8,82.22,337.2,13.87,372.0,16.2,621.6,0.0640,1.03,338.1,203.1,11.0
2025-05-05T07:02:00+00:00,1949.9,80.62,361.6,13.55,387.9,15.3,577.6,0.0617,1.04,338.1,203.1,9.5
2025-05-05T07:03:00+00:00,1885.0,83.31,361.6,13.49,364.4,14.8,590.5,0.0597,1.03,338.1,203.1,9.0
2025-05-05T07:04:00+00:00,1869.7,79.80,361.6,13.75,395.1,16.8,604.3,0.0607,1.12,338.1,203.1,9.6
2025-05-05T07:05:00+00:00,2001.8,83.66,343.7,13.67,393.4,13.3,609.4,0.0594,0.93,338.1,203.1,12.1
2025-05-05T07:06:00+00:00,2073.6,83.29,341.7,13.62,379.8,16.3,560.5,0.0606,0.98,338.1,203.1,10.5
2025-05-05T07:07:00+00:00,1979.6,84.11,346.6,13.83,367.6,14.6,592.6,0.0682,0.98,338.1,203.1,11.4
2025-05-05T07:08:00+00:00,2133.3,86.58,344.7,14.13,395.3,14.2,694.1,0.0650,1.00,338.1,203.1,11.3
2025-05-05T07:09:00+00:00,1986.9,83.17,341.7,13.91,365.8,14.5,626.8,0.0601,0.99,338.1,203.1,8.6
2025-05-05T07:10:00+00:00,2301.9,82.62,338.4,13.56,384.3,16.9,660.9,0.0614,0.97,338.1,203.1,11.8
2025-05-05T07:11:00+00:00,2397.0,82.70,347.7,13.69,407.9,17.0,586.6,0.0630,1.04,338.1,203.1,10.3
2025-05-05T07:12:00+00:00,2009.7,81.13,362.4,13.57,396.6,18.6,579.2,0.0699,1.03,338.1,203.1,12.2
2025-05-05T07:13:00+00:00,2025.9,81.49,330.3,13.53,390.3,15.1,647.8,0.0642,1.00,338.1,203.1,11.9
2025-05-05T07:14:00+00:00,2401.8,81.87,335.6,13.76,407.5,17.3,597.6,0.0771,1.00,338.1,203.1,11.0
2025-05-05T07:15:00+00:00,2386.3,83.23,334.7,13.90,391.2,16.1,583.3,0.0634,1.11,338.1,203.1,9.1
2025-05-05T07:16:00+00:00,2097.4,82.47,338.6,13.87,374.1,15.3,600.4,0.0609,1.02,338.1,203.1,11.0
2025-05-05T07:17:00+00:00,2506.5,83.44,357.6,13.71,378.9,14.8,611.9,0.0627,0.98,338.1,203.1,9.8
2025-05-05T07:18:00+00:00,2054.5,85.32,338.5,13.98,400.1,16.4,611.5,0.0602,0.98,338.1,203.1,11.6
2025-05-05T07:19:00+00:00,2473.1,83.59,345.1,13.92,392.5,17.6,572.1,0.0659,0.99,338.1,203.1,10.8
2025-05-05T07:20:00+00:00,1982.0,83.09,350.3,13.99,394.7,13.6,591.8,0.0652,1.02,338.1,203.1,12.8
2025-05-05T07:21:00+00:00,2144.6,81.97,344.3,13.93,366.8,15.4,579.3,0.0606,0.97,338.1,203.1,11.5
2025-05-05T07:22:00+00:00,2433.2,81.95,351.9,13.70,388.4,15.4,587.0,0.0656,1.08,338.1,203.1,10.7
2025-05-05T07:23:00+00:00,2513.9,82.84,345.1,13.94,380.9,16.1,674.1,0.0624,0.95,338.1,203.1,10.3
2025-05-05T07:24:00+00:00,1993.1,82.55,345.2,13.53,364.1,14.9,670.3,0.0609,1.03,338.1,203.1,11.8
2025-05-05T07:25:00+00:00,1938.5,80.17,339.6,13.70,390.7,14.4,612.2,0.0676,1.02,338.1,203.1,11.8
2025-05-05T07:26:00+00:00,1974.8,80.32,331.5,13.90,384.9,15.7,584.7,0.0597,0.98,338.1,203.1,11.1
2025-05-05T07:27:00+00:00,2601.4,85.00,346.1,13.80,388.2,16.3,589.9,0.0652,0.99,338.1,203.1,11.3
2025-05-05T07:28:00+00:00,2406.0,83.14,341.9,13.68,423.7,16.3,607.3,0.0625,1.00,338.1,203.1,10.4
2025-05-05T07:29:00+00:00,1980.6,80.63,358.3,14.01,381.7,17.1,619.6,0.0599,0.98,338.1,203.1,11.0
2025-05-05T07:30:00+00:00,1958.1,82.67,353.7,13.67,380.0,17.0,566.4,0.0657,0.94,338.1,203.1,9.1
2025-05-05T07:31:00+00:00,2445.4,79.66,339.2,13.79,391.1,15.0,594.4,0.0629,1.02,338.1,203.1,9.5
2025-05-05T07:32:00+00:00,1899.1,81.58,340.8,13.89,375.2,16.5,609.9,0.0662,0.92,338.1,203.1,10.2
2025-05-05T07:33:00+00:00,1806.5,79.79,345.3,13.81,360.3,17.7,608.4,0.0592,1.01,338.1,203.1,10.2
2025-05-05T07:34:00+00:00,1908.6,82.81,358.4,13.37,389.2,17.2,605.4,0.0627,1.07,338.1,203.1,8.5
2025-05-05T07:35:00+00:00,2102.7,84.70,347.4,13.81,400.0,13.9,594.7,0.0699,1.02,338.1,203.1,11.4
2025-05-05T07:36:00+00:00,2242.6,83.11,368.4,13.78,385.1,15.6,621.3,0.0646,0.95,338.1,203.1,10.0
2025-05-05T07:37:00+00:00,1947.6,80.63,341.7,13.64,379.4,12.4,588.2,0.0632,0.95,338.1,203.1,13.2
2025-05-05T07:38:00+00:00,2454.5,84.60,341.5,13.71,371.6,17.9,636.2,0.0661,0.95,338.1,203.1,12.5
2025-05-05T07:39:00+00:00,2091.0,82.01,361.8,13.95,382.8,15.7,616.1,0.0657,1.03,338.1,203.1,12.0
2025-05-05T07:40:00+00:00,1862.8,80.69,355.5,13.68,400.8,15.8,588.6,0.0593,0.98,338.1,203.1,11.1
2025-05-05T07:41:00+00:00,2061.6,80.73,343.9,13.98,408.7,15.6,573.2,0.0645,1.01,338.1,203.1,10.4
2025-05-05T07:42:00+00:00,2043.8,85.11,348.6,13.96,402.5,14.6,550.4,0.0609,1.04,338.1,203.1,10.3
2025-05-05T07:43:00+00:00,2453.1,80.32,354.1,13.78,380.5,13.9,615.3,0.0628,1.01,338.1,203.1,10.8
2025-05-05T07:44:00+00:00,2346.8,85.30,351.0,13.75,375.0,16.9,614.6,0.0699,1.01,338.1,203.1,11.5
2025-05-05T07:45:00+00:00,2167.9,80.51,354.3,13.72,386.8,15.6,601.9,0.0627,1.16,338.1,203.1,8.7
2025-05-05T07:46:00+00:00,2101.4,81.87,338.7,13.98,406.2,16.6,622.5,0.0688,1.08,338.1,203.1,11.7
2025-05-05T07:47:00+00:00,1987.0,81.13,356.2,13.87,377.3,16.2,614.1,0.0599,0.97,338.1,203.1,10.9
2025-05-05T07:48:00+00:00,1997.8,82.91,333.3,13.91,381.8,14.6,626.6,0.0603,1.00,338.1,203.1,9.7
2025-05-05T07:49:00+00:00,2026.1,83.13,344.9,13.58,383.8,13.9,584.9,0.0608,1.03,338.1,203.1,10.6
2025-05-05T07:50:00+00:00,1921.5,83.71,353.2,13.63,382.0,15.4,590.6,0.0613,1.05,338.1,203.1,9.0
2025-05-05T07:51:00+00:00,2059.0,83.03,350.9,13.84,372.5,17.1,671.3,0.0665,1.01,338.1,203.1,11.7
2025-05-05T07:52:00+00:00,2002.5,80.74,338.4,13.90,424.1,16.4,577.6,0.0609,1.07,338.1,203.1,9.8
2025-05-05T07:53:00+00:00,1988.5,78.97,349.0,13.85,401.0,11.0,621.7,0.0610,1.08,338.1,203.1,11.9
2025-05-05T07:54:00+00:00,1975.1,81.20,358.0,14.04,370.8,16.8,571.0,0.0625,1.01,338.1,203.1,10.4
2025-05-05T07:55:00+00:00,1979.5,84.14,348.8,13.81,405.2,14.5,536.2,0.0602,1.02,338.1,203.1,9.5
2025-05-05T07:56:00+00:00,2059.2,83.01,336.2,13.86,377.0,15.8,514.5,0.0674,0.98,338.1,203.1,9.6
2025-05-05T07:57:00+00:00,1826.9,83.14,359.7,13.75,382.6,14.8,620.7,0.0595,1.02,338.1,203.1,11.5
2025-05-05T07:58:00+00:00,2106.0,82.31,348.4,13.85,385.3,12.8,653.1,0.0687,1.16,338.1,203.1,10.4
2025-05-05T07:59:00+00:00,1968.0,80.42,360.3,13.97,375.2,16.1,598.0,0.0594,0.92,338.1,203.1,11.0
2025-05-05T08:00:00+00:00,2221.0,84.53,345.9,13.93,381.4,14.7,579.2,0.0620,1.05,338.1,203.1,11.8
2025-05-05T08:01:00+00:00,2108.0,81.42,348.6,14.01,347.0,18.0,548.7,0.0615,1.08,338.1,203.1,10.9
2025-05-05T08:02:00+00:00,2067.7,81.96,356.7,13.78,389.9,12.5,605.4,0.0606,1.01,338.1,203.1,11.2
2025-05-05T08:03:00+00:00,2044.5,83.92,358.4,13.74,382.2,14.5,597.7,0.0613,1.01,338.1,203.1,11.0
2025-05-05T08:04:00+00:00,1772.7,81.66,341.9,13.60,366.6,15.1,643.3,0.0721,0.93,338.1,203.1,11.7
2025-05-05T08:05:00+00:00,2103.9,83.06,363.3,13.87,391.6,14.4,529.3,0.0615,1.07,338.1,203.1,10.7
2025-05-05T08:06:00+00:00,2120.6,82.56,356.1,14.15,379.9,14.8,568.8,0.0610,1.00,338.1,203.1,12.4
2025-05-05T08:07:00+00:00,2145.9,85.27,354.6,13.70,392.9,14.4,617.6,0.0613,1.02,338.1,203.1,8.8
2025-05-05T08:08:00+00:00,2050.4,81.77,350.8,13.86,360.0,14.5,633.0,0.0614,1.06,338.1,203.1,9.7
2025-05-05T08:09:00+00:00,2008.3,83.50,350.2,13.76,375.7,15.3,657.6,0.0599,0.95,338.1,203.1,11.2
2025-05-05T08:10:00+00:00,1934.4,83.91,353.9,13.92,374.4,14.5,569.1,0.0601,0.96,338.1,203.1,11.9
2025-05-05T08:11:00+00:00,2189.4,84.42,348.2,13.77,394.8,13.1,623.4,0.0699,1.00,338.1,203.1,10.9
2025-05-05T08:12:00+00:00,1933.6,82.01,330.8,13.84,371.7,17.0,575.4,0.0596,0.98,338.1,203.1,11.5
2025-05-05T08:13:00+00:00,2256.8,83.59,335.9,13.67,388.4,17.2,630.6,0.0617,1.02,338.1,203.1,11.9
2025-05-05T08:14:00+00:00,1869.7,83.49,350.9,13.89,392.3,14.7,609.4,0.0596,1.00,338.1,203.1,10.8
2025-05-05T08:15:00+00:00,2051.6,83.11,360.5,13.81,397.2,16.4,598.6,0.0614,1.07,338.1,203.1,8.9
2025-05-05T08:16:00+00:00,1994.0,82.45,354.5,13.82,392.3,15.6,599.0,0.0609,1.03,338.1,203.1,12.5
2025-05-05T08:17:00+00:00,2203.0,83.10,349.3,13.90,380.1,14.8,618.9,0.0692,0.90,338.1,203.1,12.4
2025-05-05T08:18:00+00:00,2018.5,80.01,355.5,13.48,373.5,16.1,611.9,0.0599,0.97,338.1,203.1,10.3
2025-05-05T08:19:00+00:00,2101.9,81.25,345.1,13.75,393.0,12.8,605.1,0.0681,1.06,338.1,203.1,10.6
2025-05-05T08:20:00+00:00,1860.4,80.61,339.1,13.90,387.1,14.5,560.1,0.0599,1.05,338.1,203.1,12.1
2025-05-05T08:21:00+00:00,2214.6,83.00,343.9,13.77,374.6,18.1,591.6,0.0622,0.98,338.1,203.1,11.2
2025-05-05T08:22:00+00:00,2145.3,83.80,331.5,13.98,386.9,16.1,633.1,0.0611,1.00,338.1,203.1,10.7
2025-05-05T08:23:00+00:00,2085.6,81.16,345.2,13.86,385.2,15.1,631.7,0.0635,0.97,338.1,203.1,10.7
2025-05-05T08:24:00+00:00,1972.6,80.24,357.5,13.63,403.9,16.8,613.1,0.0675,1.08,338.1,203.1,10.5
2025-05-05T08:25:00+00:00,2004.1,82.63,356.5,13.84,385.4,16.4,562.1,0.0605,1.00,338.1,203.1,9.2
2025-05-05T08:26:00+00:00,1797.3,81.35,352.6,13.91,359.7,15.1,541.3,0.0594,1.03,338.1,203.1,10.1
2025-05-05T08:27:00+00:00,2088.6,79.80,349.5,13.88,396.9,15.3,595.2,0.0682,0.91,338.1,203.1,9.1
2025-05-05T08:28:00+00:00,2173.9,82.93,359.2,13.76,396.9,16.8,616.3,0.0636,0.91,338.1,203.1,8.8
2025-05-05T08:29:00+00:00,2122.2,83.40,334.6,13.99,389.8,12.8,659.1,0.0633,1.10,338.1,203.1,11.4
2025-05-05T08:30:00+00:00,2086.4,84.54,352.9,13.84,394.1,16.2,649.4,0.0666,1.02,338.1,203.1,11.4
2025-05-05T08:31:00+00:00,1878.3,79.44,342.8,13.74,391.1,17.6,635.0,0.0684,0.95,338.1,203.1,11.2
2025-05-05T08:32:00+00:00,2106.7,82.96,345.4,13.86,396.7,14.5,572.6,0.0608,1.00,338.1,203.1,11.6
2025-05-05T08:33:00+00:00,2146.6,79.99,350.3,13.75,363.9,17.6,613.4,0.0612,1.01,338.1,203.1,11.6
2025-05-05T08:34:00+00:00,1970.2,82.02,339.1,14.11,377.1,16.5,592.3,0.0606,1.07,338.1,203.1,11.9
2025-05-05T08:35:00+00:00,2105.5,79.30,346.0,13.81,384.9,17.5,569.1,0.0629,0.95,338.1,203.1,9.8
2025-05-05T08:36:00+00:00,2107.1,81.53,340.4,13.81,386.9,14.8,619.8,0.0605,0.96,338.1,203.1,10.3
2025-05-05T08:37:00+00:00,2163.3,82.85,353.4,13.98,382.0,14.4,576.3,0.0613,1.02,338.1,203.1,10.3
2025-05-05T08:38:00+00:00,1857.0,81.99,360.9,13.66,379.1,17.7,602.8,0.0611,1.10,338.1,203.1,11.6
2025-05-05T08:39:00+00:00,2153.6,84.10,353.0,13.83,405.0,15.4,602.1,0.0672,0.99,338.1,203.1,11.4
2025-05-05T08:40:00+00:00,1799.7,81.25,343.2,13.72,376.9,15.1,640.6,0.0693,1.02,338.1,203.1,10.8
2025-05-05T08:41:00+00:00,2061.8,83.26,346.2,13.82,387.9,14.8,618.3,0.0622,0.97,338.1,203.1,9.2
2025-05-05T08:42:00+00:00,1877.4,83.40,349.3,13.71,403.0,17.4,596.2,0.0619,1.07,338.1,203.1,10.4
2025-05-05T08:43:00+00:00,1062.0,78.99,357.6,13.79,344.2,13.2,558.8,0.0541,0.92,338.1,203.1,10.7
2025-05-05T08:44:00+00:00,1123.8,77.14,348.3,13.76,344.8,15.4,536.7,0.0548,0.93,338.1,203.1,11.7
2025-05-05T08:45:00+00:00,1000.0,77.11,350.4,13.82,342.1,15.4,596.4,0.0620,0.97,338.1,203.1,11.2
2025-05-05T08:46:00+00:00,1007.9,78.34,359.8,14.11,339.2,16.4,573.0,0.0611,1.02,338.1,203.1,10.8
2025-05-05T08:47:00+00:00,975.8,77.95,357.9,13.83,341.1,12.3,551.7,0.0566,0.97,338.1,203.1,13.0
2025-05-05T08:48:00+00:00,981.0,79.36,361.7,13.83,341.2,15.1,597.4,0.0550,1.03,338.1,203.1,9.1
2025-05-05T08:49:00+00:00,1058.6,78.61,350.8,13.67,350.8,15.8,551.4,0.0559,1.06,338.1,203.1,10.7
2025-05-05T08:50:00+00:00,1047.2,80.71,358.0,13.75,389.7,16.1,500.7,0.0565,1.14,338.1,203.1,9.9
2025-05-05T08:51:00+00:00,1083.7,80.20,358.1,14.07,331.2,16.6,593.7,0.0550,0.98,338.1,203.1,10.4
2025-05-05T08:52:00+00:00,965.5,79.73,352.7,13.68,360.1,15.4,522.8,0.0551,1.04,338.1,203.1,12.7
2025-05-05T08:53:00+00:00,1012.8,80.12,367.7,13.79,365.1,16.4,543.7,0.0546,0.96,338.1,203.1,12.9
2025-05-05T08:54:00+00:00,1099.7,78.28,359.9,13.74,347.0,15.9,590.8,0.0553,1.00,338.1,203.1,11.6
2025-05-05T08:55:00+00:00,885.8,78.05,372.8,13.75,334.1,15.3,643.4,0.0542,0.99,338.1,203.1,9.7
2025-05-05T08:56:00+00:00,991.1,79.54,350.6,14.05,337.7,14.8,564.1,0.0547,0.99,338.1,203.1,11.7
2025-05-05T14:00:00+00:00,981.3,80.67,355.3,13.72,339.7,15.0,553.7,0.0612,1.15,338.1,203.1,10.8
2025-05-05T14:01:00+00:00,968.4,80.06,354.3,13.59,349.0,17.2,587.7,0.0551,1.04,338.1,203.1,11.3
2025-05-05T14:02:00+00:00,972.5,81.14,349.6,13.70,343.3,14.8,574.6,0.0552,1.04,338.1,203.1,11.7
2025-05-05T14:03:00+00:00,795.8,80.99,360.5,14.08,350.5,16.8,545.9,0.0559,0.94,338.1,203.1,8.8
2025-05-05T14:04:00+00:00,945.7,78.93,357.1,13.65,354.4,17.5,574.1,0.0543,0.99,338.1,203.1,9.7
2025-05-05T14:05:00+00:00,972.5,76.92,352.4,13.61,328.2,15.8,602.5,0.0555,1.08,338.1,203.1,12.2
2025-05-05T14:06:00+00:00,1048.2,79.04,349.7,13.72,373.4,15.3,523.7,0.0550,0.99,338.1,203.1,12.5
2025-05-05T14:07:00+00:00,990.7,80.31,349.8,13.76,363.5,17.2,565.5,0.0555,1.08,338.1,203.1,10.5
2025-05-05T14:08:00+00:00,925.9,76.86,356.6,13.74,346.3,16.6,558.9,0.0544,1.00,338.1,203.1,9.2
2025-05-05T14:09:00+00:00,993.2,79.04,357.8,13.83,352.5,16.6,506.6,0.0592,1.02,338.1,203.1,12.0
2025-05-05T14:10:00+00:00,1117.0,80.39,351.5,14.06,350.3,16.1,608.5,0.0555,1.02,338.1,203.1,11.3
2025-05-05T14:11:00+00:00,1125.0,78.88,350.5,13.35,336.0,14.9,551.0,0.0625,0.94,338.1,203.1,11.1
2025-05-05T14:12:00+00:00,985.2,77.55,363.7,13.81,342.3,17.2,553.6,0.0550,1.04,338.1,203.1,11.0
2025-05-05T14:13:00+00:00,1974.8,81.48,350.0,13.89,405.0,16.2,625.4,0.0618,0.98,338.1,203.1,10.7
2025-05-05T14:14:00+00:00,2109.5,84.18,341.9,13.75,377.5,16.0,566.0,0.0605,0.96,338.1,203.1,9.1
2025-05-05T14:15:00+00:00,1915.8,81.17,346.2,13.88,379.0,16.0,594.6,0.0603,1.06,338.1,203.1,10.6
2025-05-05T14:16:00+00:00,1961.3,81.28,356.2,13.80,376.5,11.9,563.3,0.0610,1.11,338.1,203.1,11.6
2025-05-05T14:17:00+00:00,2013.8,81.31,353.6,13.47,379.3,14.8,595.9,0.0654,0.97,338.1,203.1,11.2
2025-05-05T14:18:00+00:00,1875.8,81.81,338.4,13.91,372.0,16.0,556.5,0.0613,1.05,338.1,203.1,11.2
2025-05-05T14:19:00+00:00,1973.4,80.11,354.0,13.83,389.8,13.8,574.8,0.0603,1.02,338.1,203.1,10.8
2025-05-05T14:20:00+00:00,1911.6,82.78,346.4,13.80,382.8,14.4,652.1,0.0677,1.02,338.1,203.1,9.8
2025-05-05T14:21:00+00:00,1943.8,82.23,337.3,13.89,375.3,15.2,584.6,0.0601,0.96,338.1,203.1,10.3
2025-05-05T14:22:00+00:00,1980.8,82.26,360.9,13.84,356.3,14.5,661.8,0.0601,1.02,338.1,203.1,12.1
2025-05-05T14:23:00+00:00,1922.0,82.43,374.1,13.82,355.3,16.3,596.4,0.0595,0.97,338.1,203.1,9.8
2025-05-05T14:24:00+00:00,2088.2,83.68,344.0,13.75,359.6,16.3,621.5,0.0611,1.00,338.1,203.1,11.7
2025-05-05T14:25:00+00:00,1913.8,83.12,344.4,13.89,378.2,17.7,569.0,0.0636,1.05,338.1,203.1,10.0
2025-05-05T14:26:00+00:00,2056.8,80.34,339.7,14.06,399.1,16.7,596.0,0.0601,0.96,338.1,203.1,10.8
2025-05-05T14:27:00+00:00,2010.6,85.83,358.9,13.97,387.4,17.0,577.9,0.0598,0.93,338.1,203.1,11.2
2025-05-05T14:28:00+00:00,1966.5,85.45,334.0,13.89,389.1,14.4,619.8,0.0602,1.02,338.1,203.1,9.7
2025-05-05T14:29:00+00:00,2120.1,83.31,343.5,13.93,403.2,16.8,566.9,0.0615,1.06,338.1,203.1,12.6
2025-05-05T14:30:00+00:00,2101.8,84.00,344.7,13.85,380.9,18.4,632.1,0.0624,0.94,338.1,203.1,11.7
2025-05-05T14:31:00+00:00,1930.7,81.38,348.5,13.91,383.3,14.9,615.5,0.0635,0.96,338.1,203.1,10.2
2025-05-05T14:32:00+00:00,2059.1,83.25,335.6,13.77,397.8,15.1,634.9,0.0599,0.94,338.1,203.1,10.5
2025-05-05T14:33:00+00:00,1870.6,82.72,339.7,13.74,368.5,14.6,551.6,0.0590,0.94,338.1,203.1,10.9
2025-05-05T14:34:00+00:00,2142.1,81.93,345.3,13.92,391.8,17.1,640.3,0.0607,0.98,338.1,203.1,11.0
2025-05-05T14:35:00+00:00,2236.8,83.32,342.6,13.73,386.6,14.6,614.8,0.0607,0.91,338.1,203.1,9.6
2025-05-05T14:36:00+00:00,2021.3,81.90,320.7,13.91,377.2,13.9,671.8,0.0615,1.11,338.1,203.1,10.7
2025-05-05T14:37:00+00:00,1986.6,79.56,366.8,13.87,377.2,15.8,611.0,0.0666,1.05,338.1,203.1,9.3
2025-05-05T14:38:00+00:00,1836.9,81.04,363.5,14.11,375.8,14.3,634.7,0.0593,0.99,338.1,203.1,9.0
2025-05-05T14:39:00+00:00,1817.9,80.01,361.0,14.01,362.4,15.5,611.6,0.0590,0.97,338.1,203.1,11.9
2025-05-05T14:40:00+00:00,1881.9,80.59,362.4,13.92,394.9,15.1,609.8,0.0620,0.99,338.1,203.1,10.8
2025-05-05T14:41:00+00:00,1953.8,81.00,351.3,13.85,367.5,16.3,629.2,0.0716,0.93,338.1,203.1,10.9
2025-05-05T14:42:00+00:00,2101.3,82.16,355.0,13.92,387.0,15.7,579.0,0.0616,1.06,338.1,203.1,11.9
2025-05-05T14:43:00+00:00,2011.2,81.89,356.7,13.45,391.7,12.5,629.7,0.0608,1.05,338.1,203.1,10.7
2025-05-05T14:44:00+00:00,1814.6,81.71,342.2,13.86,379.2,14.9,629.2,0.0593,1.01,338.1,203.1,10.3
2025-05-05T14:45:00+00:00,2019.0,83.25,348.8,13.92,375.1,18.9,723.8,0.0600,0.96,338.1,203.1,11.4
2025-05-05T14:46:00+00:00,1941.5,83.43,359.0,13.82,397.7,15.5,594.5,0.0614,0.93,338.1,203.1,11.6
2025-05-05T14:47:00+00:00,2059.7,84.99,350.4,13.78,365.4,12.9,602.8,0.0600,0.95,338.1,203.1,11.1
2025-05-05T14:48:00+00:00,1951.4,84.04,352.0,13.95,413.0,16.0,622.1,0.0601,1.02,338.1,203.1,9.4
2025-05-05T14:49:00+00:00,2277.0,82.60,356.2,13.94,391.0,13.9,640.9,0.0611,0.93,338.1,203.1,11.9
2025-05-05T14:50:00+00:00,2037.3,82.43,341.2,13.98,368.1,16.1,594.9,0.0602,0.97,338.1,203.1,11.1
2025-05-05T14:51:00+00:00,2082.0,85.49,345.0,13.40,394.4,16.9,608.1,0.0622,1.16,338.1,203.1,10.3
2025-05-05T14:52:00+00:00,1927.3,81.18,358.8,14.06,370.1,18.1,544.3,0.0628,1.00,338.1,203.1,10.9
2025-05-05T14:53:00+00:00,1871.3,82.17,333.2,13.82,388.3,16.8,588.1,0.0591,0.95,338.1,203.1,9.1
2025-05-05T14:54:00+00:00,2179.6,82.66,352.3,13.86,382.7,16.0,613.5,0.0609,0.98,338.1,203.1,9.6
2025-05-05T14:55:00+00:00,2042.8,81.41,343.2,13.98,387.4,13.6,649.6,0.0603,0.99,338.1,203.1,10.1
2025-05-05T14:56:00+00:00,1851.2,80.74,347.7,13.99,375.0,15.3,641.4,0.0590,0.97,338.1,203.1,10.9
2025-05-05T14:57:00+00:00,1813.6,81.54,367.9,13.88,382.3,18.3,593.8,0.0595,1.02,338.1,203.1,7.9
2025-05-05T14:58:00+00:00,2178.9,85.29,348.8,13.97,367.7,17.7,580.3,0.0611,0.99,338.1,203.1,12.5
2025-05-05T14:59:00+00:00,1856.8,82.75,353.5,13.92,382.8,13.3,621.9,0.0599,1.06,338.1,203.1,10.4
2025-05-05T15:00:00+00:00,1940.2,82.16,346.4,13.87,387.0,14.8,583.1,0.0623,0.84,338.1,203.1,10.9
2025-05-05T15:01:00+00:00,1857.9,81.90,348.3,13.98,359.8,16.1,568.7,0.0646,0.98,338.1,203.1,11.3
2025-05-05T15:02:00+00:00,2421.2,82.52,352.4,13.63,386.7,17.2,627.0,0.0626,1.01,338.1,203.1,10.9
2025-05-05T15:03:00+00:00,2387.3,83.49,346.3,14.25,406.1,16.5,622.1,0.0669,0.92,338.1,203.1,9.1
2025-05-05T15:04:00+00:00,2509.6,87.06,339.2,13.58,367.9,13.5,619.7,0.0626,0.97,338.1,203.1,11.4
2025-05-05T15:05:00+00:00,2048.2,81.02,343.3,13.72,369.4,16.5,653.7,0.0599,0.95,338.1,203.1,10.2
2025-05-05T15:06:00+00:00,2078.4,80.34,353.9,13.76,370.4,17.4,607.5,0.0603,0.98,338.1,203.1,11.8
2025-05-05T15:07:00+00:00,2087.2,82.55,347.8,13.68,398.2,15.0,630.0,0.0612,1.05,338.1,203.1,11.0
2025-05-05T15:08:00+00:00,2335.7,86.02,345.5,13.64,397.8,13.8,648.5,0.0616,0.96,338.1,203.1,11.3
2025-05-05T15:09:00+00:00,2321.0,85.02,349.1,13.60,395.0,16.0,593.3,0.0617,0.97,338.1,203.1,11.1
2025-05-05T15:10:00+00:00,1901.3,82.85,346.1,13.79,358.0,16.3,607.4,0.0605,1.08,338.1,203.1,12.2
2025-05-05T15:11:00+00:00,2215.6,83.37,355.2,13.90,392.3,15.3,616.0,0.0610,0.98,338.1,203.1,11.9
2025-05-05T15:12:00+00:00,2059.2,84.99,339.4,13.67,366.7,17.7,626.8,0.0636,0.97,338.1,203.1,11.8
2025-05-05T15:13:00+00:00,1900.2,81.68,357.5,13.81,397.0,16.4,625.3,0.0611,1.03,338.1,203.1,11.3
2025-05-05T15:14:00+00:00,2406.6,82.45,342.9,13.93,368.4,13.5,682.7,0.0663,1.02,338.1,203.1,9.7
2025-05-05T15:15:00+00:00,1970.8,81.79,348.5,14.00,381.8,16.3,591.6,0.0654,0.99,338.1,203.1,10.4
2025-05-05T15:16:00+00:00,2032.5,82.51,349.5,13.60,392.6,13.1,655.3,0.0614,1.10,338.1,203.1,8.9
2025-05-05T15:17:00+00:00,2521.0,82.97,356.8,13.80,399.7,16.7,635.0,0.0713,0.99,338.1,203.1,10.8
2025-05-05T15:18:00+00:00,1915.2,81.71,351.7,13.65,369.2,16.2,563.3,0.0617,1.03,338.1,203.1,11.3
2025-05-05T15:19:00+00:00,2017.2,83.48,341.2,13.76,391.3,17.6,616.6,0.0602,0.99,338.1,203.1,9.7
2025-05-05T15:20:00+00:00,1869.7,83.21,358.4,13.77,375.1,15.9,588.1,0.0634,0.97,338.1,203.1,11.0
2025-05-05T15:21:00+00:00,1892.3,81.27,348.6,13.79,404.9,17.4,610.2,0.0597,0.92,338.1,203.1,11.6
2025-05-05T15:22:00+00:00,1791.6,82.60,342.6,13.75,378.2,15.5,591.3,0.0589,0.98,338.1,203.1,11.4
2025-05-05T15:23:00+00:00,2548.0,85.51,345.8,14.07,386.6,15.1,593.6,0.0626,0.97,338.1,203.1,12.9
2025-05-05T15:24:00+00:00,2478.0,82.99,359.1,13.83,397.2,14.2,665.2,0.0619,0.93,338.1,203.1,10.4
2025-05-05T15:25:00+00:00,2491.4,82.95,344.2,13.83,404.2,17.5,607.2,0.0650,1.03,338.1,203.1,11.3
2025-05-05T15:26:00+00:00,2564.1,81.62,333.2,13.77,386.9,15.4,560.4,0.0631,0.94,338.1,203.1,11.5
2025-05-05T15:27:00+00:00,2424.0,85.00,335.5,14.09,387.6,16.1,633.8,0.0638,1.11,338.1,203.1,10.7
2025-05-05T15:28:00+00:00,2135.2,82.31,357.1,13.47,387.2,14.1,577.9,0.0606,0.98,338.1,203.1,8.6
2025-05-05T15:29:00+00:00,1939.2,81.98,344.7,13.55,371.1,14.1,620.2,0.0593,0.95,338.1,203.1,11.5
2025-05-05T15:30:00+00:00,1973.4,84.70,359.8,13.85,392.7,16.3,596.5,0.0619,1.04,338.1,203.1,9.4
2025-05-05T15:31:00+00:00,2415.8,83.48,344.0,13.79,395.2,17.5,594.9,0.0647,1.07,338.1,203.1,11.1
2025-05-05T15:32:00+00:00,2034.0,84.07,350.0,13.93,380.1,17.8,563.0,0.0608,1.04,338.1,203.1,9.9
2025-05-05T15:33:00+00:00,2012.2,83.70,356.5,13.69,378.9,13.8,625.7,0.0699,1.02,338.1,203.1,12.0
2025-05-05T15:34:00+00:00,2131.1,82.91,351.4,13.75,391.6,13.8,620.1,0.0614,1.04,338.1,203.1,12.5
2025-05-05T15:35:00+00:00,1921.5,80.39,350.0,13.67,380.2,14.9,645.8,0.0597,0.99,338.1,203.1,9.4
2025-05-05T15:36:00+00:00,2200.1,80.59,354.4,13.77,370.7,17.1,688.8,0.0609,0.97,338.1,203.1,12.2
2025-05-05T15:37:00+00:00,2121.9,82.65,343.7,13.68,393.1,12.6,566.2,0.0658,1.01,338.1,203.1,10.9
2025-05-05T15:38:00+00:00,2014.5,80.73,348.7,13.72,382.0,18.1,625.8,0.0607,0.92,338.1,203.1,10.0
2025-05-05T15:39:00+00:00,2069.2,82.42,366.0,13.57,367.7,16.5,575.3,0.0607,1.01,338.1,203.1,10.5
2025-05-05T15:40:00+00:00,1810.8,81.24,342.0,13.95,381.0,15.8,604.7,0.0596,0.97,338.1,203.1,10.2
2025-05-05T15:41:00+00:00,1845.8,82.45,355.3,13.95,367.0,15.9,637.6,0.0668,1.07,338.1,203.1,10.5
2025-05-05T15:42:00+00:00,2158.7,82.16,353.5,13.47,405.8,18.0,579.0,0.0653,0.97,338.1,203.1,10.0
2025-05-05T15:43:00+00:00,1973.3,83.61,356.8,13.89,380.8,13.5,590.2,0.0639,1.12,338.1,203.1,11.1
2025-05-05T15:44:00+00:00,2071.8,84.03,352.4,13.68,361.4,14.9,586.7,0.0647,0.97,338.1,203.1,9.9
2025-05-05T15:45:00+00:00,2025.7,82.25,340.2,13.75,389.7,15.3,598.7,0.0601,0.98,338.1,203.1,10.9
2025-05-05T15:46:00+00:00,1875.4,82.58,356.6,13.65,380.7,16.5,588.7,0.0598,1.03,338.1,203.1,11.3
2025-05-05T15:47:00+00:00,2020.8,80.11,346.7,13.82,412.7,17.5,601.7,0.0613,1.09,338.1,203.1,11.4
2025-05-05T15:48:00+00:00,2007.4,83.45,355.9,13.80,374.7,15.0,653.7,0.0600,0.98,338.1,203.1,11.7
2025-05-05T15:49:00+00:00,2124.0,82.41,365.4,14.02,378.8,12.5,609.7,0.0609,1.00,338.1,203.1,10.9
2025-05-05T15:50:00+00:00,2127.1,83.34,357.9,13.55,381.3,16.4,630.8,0.0674,1.04,338.1,203.1,9.8
2025-05-05T15:51:00+00:00,1818.8,83.05,358.0,13.56,369.8,18.2,513.6,0.0594,1.01,338.1,203.1,9.8
2025-05-05T15:52:00+00:00,2180.2,84.84,351.4,13.86,383.1,16.8,514.3,0.0601,0.90,338.1,203.1,10.4
2025-05-05T15:53:00+00:00,1951.4,83.08,337.3,13.68,389.2,16.4,582.3,0.0611,1.02,338.1,203.1,11.1
2025-05-05T15:54:00+00:00,1928.3,81.31,351.6,14.06,369.3,15.8,580.1,0.0602,1.04,338.1,203.1,11.2
2025-05-05T15:55:00+00:00,1956.9,82.00,355.3,13.65,369.4,15.2,565.3,0.0603,1.03,338.1,203.1,11.0
2025-05-05T15:56:00+00:00,2077.9,80.69,348.9,13.91,393.5,17.2,605.7,0.0612,1.06,338.1,203.1,10.1
2025-05-05T15:57:00+00:00,1831.7,83.20,339.8,13.65,388.7,13.3,568.4,0.0595,1.01,338.1,203.1,9.5
2025-05-05T15:58:00+00:00,2223.6,83.85,349.4,13.71,384.2,14.9,581.7,0.0616,1.00,338.1,203.1,11.9
2025-05-05T15:59:00+00:00,2246.2,82.62,344.8,13.67,399.3,13.5,616.2,0.0619,1.04,338.1,203.1,13.1
2025-05-05T16:00:00+00:00,1992.1,81.37,363.0,13.64,388.3,15.3,626.4,0.0597,0.95,338.1,203.1,11.7
2025-05-05T16:01:00+00:00,1867.9,82.29,345.4,13.86,372.1,16.4,629.9,0.0595,1.00,338.1,203.1,10.7
2025-05-05T16:02:00+00:00,1902.9,84.58,357.7,13.87,373.3,14.6,575.0,0.0629,1.03,338.1,203.1,12.3
2025-05-05T16:03:00+00:00,2049.1,83.29,342.7,13.85,400.1,15.7,584.0,0.0608,1.02,338.1,203.1,10.3
2025-05-05T16:04:00+00:00,2265.7,83.04,349.7,13.82,403.0,17.2,661.5,0.0617,1.02,338.1,203.1,11.5
2025-05-05T16:05:00+00:00,1985.1,82.65,343.6,13.74,402.5,15.6,609.8,0.0608,1.07,338.1,203.1,11.1
2025-05-05T16:06:00+00:00,2148.6,81.81,347.5,13.73,365.2,13.0,559.2,0.0626,1.01,338.1,203.1,8.6
2025-05-05T16:07:00+00:00,2039.9,80.44,345.5,13.74,375.1,15.7,556.8,0.0684,1.01,338.1,203.1,10.4
2025-05-05T16:08:00+00:00,1933.2,82.93,342.1,13.92,390.0,13.6,574.2,0.0675,0.94,338.1,203.1,9.5
2025-05-05T16:09:00+00:00,1852.4,80.83,353.4,13.87,361.4,19.3,593.8,0.0672,1.01,338.1,203.1,10.8
2025-05-05T16:10:00+00:00,2168.2,80.83,349.6,13.85,379.6,14.3,620.7,0.0696,1.04,338.1,203.1,13.0
2025-05-05T16:11:00+00:00,2012.7,81.07,361.2,13.76,381.1,16.1,593.5,0.0606,1.03,338.1,203.1,10.3
2025-05-05T16:12:00+00:00,2069.6,82.60,356.0,13.72,383.4,15.6,615.2,0.0609,1.04,338.1,203.1,9.8
2025-05-05T16:13:00+00:00,2041.0,84.71,346.4,13.68,369.6,14.5,581.4,0.0610,1.05,338.1,203.1,10.2
2025-05-05T16:14:00+00:00,2047.9,83.30,346.1,13.58,365.4,14.6,567.2,0.0596,0.90,338.1,203.1,10.2
2025-05-05T16:15:00+00:00,1989.7,83.14,343.4,14.03,365.7,15.8,599.6,0.0639,0.96,338.1,203.1,11.0
2025-05-05T16:16:00+00:00,1965.0,80.67,344.5,13.76,382.6,13.9,595.8,0.0611,1.11,338.1,203.1,10.5
2025-05-05T16:17:00+00:00,1990.3,83.65,339.4,13.72,380.2,15.3,569.6,0.0651,1.02,338.1,203.1,12.4
2025-05-05T16:18:00+00:00,2156.2,81.44,340.0,13.85,409.5,16.2,625.0,0.0611,1.01,338.1,203.1,9.7
2025-05-05T16:19:00+00:00,2033.6,80.78,350.2,13.64,390.3,14.6,632.0,0.0602,0.97,338.1,203.1,9.4
2025-05-05T16:20:00+00:00,1858.1,83.09,349.2,13.72,383.3,17.8,640.2,0.0649,0.94,338.1,203.1,11.5
2025-05-05T16:21:00+00:00,2106.9,82.92,346.7,13.73,396.0,13.8,544.9,0.0607,0.97,338.1,203.1,11.5
2025-05-05T16:22:00+00:00,1026.0,78.53,356.0,14.00,353.9,15.6,476.2,0.0559,1.09,338.1,203.1,10.2
2025-05-05T16:23:00+00:00,906.4,75.32,371.5,14.17,337.9,15.3,542.3,0.0609,1.14,338.1,203.1,11.8
2025-05-05T16:24:00+00:00,969.2,81.24,356.5,13.94,341.8,15.6,520.4,0.0563,1.12,338.1,203.1,12.1
2025-05-05T16:25:00+00:00,956.8,80.53,355.5,13.49,370.5,13.0,538.5,0.0550,1.03,338.1,203.1,10.6
2025-05-05T16:26:00+00:00,1053.9,78.78,362.1,13.75,346.2,16.5,553.2,0.0548,0.96,338.1,203.1,10.9
2025-05-05T16:27:00+00:00,1080.8,78.95,359.0,13.88,344.3,15.3,600.0,0.0554,1.02,338.1,203.1,10.5
2025-05-05T16:28:00+00:00,960.8,77.70,347.4,14.00,358.7,16.1,597.6,0.0544,0.97,338.1,203.1,10.8
2025-05-05T16:29:00+00:00,1013.1,79.31,349.8,13.45,331.7,16.5,532.8,0.0550,0.99,338.1,203.1,9.2
2025-05-05T16:30:00+00:00,907.9,77.27,345.2,13.64,347.6,13.4,563.4,0.0545,1.01,338.1,203.1,11.9
2025-05-05T16:31:00+00:00,1086.9,82.12,360.2,13.92,358.4,14.8,568.1,0.0587,0.97,338.1,203.1,11.4
2025-05-05T16:32:00+00:00,811.3,78.24,342.9,13.74,361.1,14.9,616.9,0.0543,0.92,338.1,203.1,12.0
2025-05-05T16:33:00+00:00,1124.3,79.46,364.1,13.67,370.5,14.3,583.2,0.0554,1.00,338.1,203.1,12.4
2025-05-06T06:00:00+00:00,989.2,80.51,361.9,13.62,354.0,17.4,502.8,0.0558,1.11,7.0,142.0,13.7
2025-05-06T06:01:00+00:00,1097.0,79.56,354.7,13.72,335.6,16.4,546.2,0.0561,1.09,7.0,142.0,15.5
2025-05-06T06:02:00+00:00,1056.0,79.65,357.4,13.99,358.5,16.1,529.7,0.0557,1.07,7.0,142.0,14.6
2025-05-06T06:03:00+00:00,850.5,78.76,342.2,13.97,341.0,15.8,533.9,0.0570,1.10,7.0,142.0,15.1
2025-05-06T06:04:00+00:00,1137.8,80.65,357.2,13.91,349.9,16.9,542.5,0.0561,1.07,7.0,142.0,14.2
2025-05-06T06:05:00+00:00,850.1,81.90,367.2,13.70,371.3,14.3,551.5,0.0555,1.14,7.0,142.0,15.0
2025-05-06T06:06:00+00:00,902.1,77.72,362.4,13.90,354.0,13.4,569.3,0.0556,1.12,7.0,142.0,14.9
2025-05-06T06:07:00+00:00,977.4,82.55,349.2,13.60,364.3,16.0,587.6,0.0555,1.08,7.0,142.0,14.5
2025-05-06T06:08:00+00:00,965.3,80.17,345.5,13.72,345.3,15.9,627.6,0.0581,1.12,7.0,142.0,14.4
2025-05-06T06:09:00+00:00,988.0,78.45,356.2,13.57,333.1,18.7,547.0,0.0616,1.13,7.0,142.0,13.8
2025-05-06T06:10:00+00:00,862.5,79.61,355.8,13.82,336.9,18.1,509.8,0.0555,1.10,7.0,142.0,13.9
2025-05-06T06:11:00+00:00,924.4,78.03,345.1,13.75,319.9,16.0,507.2,0.0593,1.06,7.0,142.0,15.0
2025-05-06T06:12:00+00:00,1916.7,78.88,352.4,13.74,376.6,14.9,620.4,0.0631,1.16,7.0,142.0,16.4
2025-05-06T06:13:00+00:00,1976.4,82.72,362.0,13.83,401.8,16.2,592.9,0.0613,1.12,7.0,142.0,14.7
2025-05-06T06:14:00+00:00,1946.8,82.20,359.8,13.66,385.9,15.5,611.2,0.0607,1.08,7.0,142.0,14.2
2025-05-06T06:15:00+00:00,2119.8,82.08,363.9,13.81,368.0,14.4,625.2,0.0612,1.03,7.0,142.0,14.2
2025-05-06T06:16:00+00:00,2102.3,82.36,357.9,13.87,413.3,16.5,669.6,0.0625,1.17,7.0,142.0,14.6
2025-05-06T06:17:00+00:00,1954.9,78.62,342.9,13.73,387.6,17.9,669.2,0.0683,1.05,7.0,142.0,13.1
2025-05-06T06:18:00+00:00,2024.9,82.14,349.1,13.69,388.0,13.0,552.1,0.0603,1.00,7.0,142.0,14.3
2025-05-06T06:19:00+00:00,2146.8,83.17,344.4,13.89,355.0,16.8,637.9,0.0627,1.16,7.0,142.0,14.1
2025-05-06T06:20:00+00:00,2112.8,82.49,351.8,13.86,386.7,16.6,614.9,0.0674,1.08,7.0,142.0,13.2
2025-05-06T06:21:00+00:00,2122.5,81.07,354.9,13.68,393.6,15.5,630.8,0.0615,1.05,7.0,142.0,14.5
2025-05-06T06:22:00+00:00,1926.5,81.97,340.5,13.79,390.9,17.0,596.3,0.0687,1.09,7.0,142.0,13.0
2025-05-06T06:23:00+00:00,2116.1,80.53,347.1,13.98,398.0,17.3,603.4,0.0658,1.14,7.0,142.0,13.0
2025-05-06T06:24:00+00:00,2016.9,85.78,351.2,13.72,379.7,14.9,613.8,0.0656,1.17,7.0,142.0,13.1
2025-05-06T06:25:00+00:00,2115.2,83.05,348.9,13.68,392.5,15.3,626.5,0.0626,1.17,7.0,142.0,14.4
2025-05-06T06:26:00+00:00,2051.5,81.50,353.6,13.65,385.7,13.8,582.3,0.0610,1.05,7.0,142.0,14.9
2025-05-06T06:27:00+00:00,1861.3,82.17,343.6,13.74,356.5,15.1,572.4,0.0605,1.10,7.0,142.0,14.9
2025-05-06T06:28:00+00:00,1999.0,80.97,347.5,13.89,402.7,15.6,620.8,0.0609,1.06,7.0,142.0,14.3
2025-05-06T06:29:00+00:00,2139.8,81.62,355.0,13.86,410.6,15.1,592.0,0.0753,1.12,7.0,142.0,13.6
2025-05-06T06:30:00+00:00,1905.1,82.33,341.8,14.05,386.3,16.6,578.8,0.0719,1.05,7.0,142.0,14.8
2025-05-06T06:31:00+00:00,2173.8,81.33,354.8,13.52,395.7,17.1,656.0,0.0690,1.13,7.0,142.0,14.9
2025-05-06T06:32:00+00:00,2116.7,79.95,364.6,13.88,371.6,18.7,659.8,0.0632,1.09,7.0,142.0,15.0
2025-05-06T06:33:00+00:00,2211.6,85.96,353.1,13.94,389.0,17.0,577.4,0.0620,1.06,7.0,142.0,14.6
2025-05-06T06:34:00+00:00,2063.5,84.83,349.5,13.93,385.4,14.8,590.6,0.0621,1.14,7.0,142.0,14.0
2025-05-06T06:35:00+00:00,1805.9,84.23,358.4,13.77,395.2,12.2,565.3,0.0595,1.05,7.0,142.0,14.9
2025-05-06T06:36:00+00:00,1933.7,80.22,350.5,13.72,379.2,16.1,616.1,0.0647,1.13,7.0,142.0,13.8
2025-05-06T06:37:00+00:00,2046.9,83.50,356.2,13.67,377.8,16.8,600.9,0.0617,1.11,7.0,142.0,13.1
2025-05-06T06:38:00+00:00,1758.6,80.45,338.1,13.80,375.3,14.9,607.3,0.0668,1.14,7.0,142.0,12.7
2025-05-06T06:39:00+00:00,2046.9,79.91,356.9,13.75,385.8,13.7,538.4,0.0611,1.07,7.0,142.0,14.8
2025-05-06T06:40:00+00:00,1933.1,83.29,342.0,13.71,388.0,13.4,574.5,0.0614,1.14,7.0,142.0,13.8
2025-05-06T06:41:00+00:00,1889.2,80.12,364.9,13.88,384.1,15.8,615.1,0.0610,1.13,7.0,142.0,16.6
2025-05-06T06:42:00+00:00,2060.7,80.14,365.2,13.57,400.5,15.0,585.8,0.0627,1.15,7.0,142.0,15.1
2025-05-06T06:43:00+00:00,1857.2,82.02,353.3,13.89,365.5,15.2,576.2,0.0671,1.14,7.0,142.0,12.6
2025-05-06T06:44:00+00:00,2020.9,83.58,331.5,13.76,367.1,15.2,596.1,0.0664,1.10,7.0,142.0,14.8
2025-05-06T06:45:00+00:00,2008.6,83.11,351.4,13.88,376.6,16.0,627.0,0.0616,1.12,7.0,142.0,15.1
2025-05-06T06:46:00+00:00,2189.1,81.59,353.4,13.84,391.3,15.1,593.0,0.0620,1.09,7.0,142.0,15.0
2025-05-06T06:47:00+00:00,2201.2,82.09,351.7,13.93,408.2,16.7,591.1,0.0671,1.04,7.0,142.0,14.2
2025-05-06T06:48:00+00:00,2120.3,80.95,360.2,13.84,401.5,16.4,606.4,0.0615,1.07,7.0,142.0,14.9
2025-05-06T06:49:00+00:00,1992.5,82.50,342.1,13.64,366.9,16.0,578.8,0.0611,1.09,7.0,142.0,13.4
2025-05-06T06:50:00+00:00,1929.1,82.46,356.7,13.90,362.1,17.6,597.1,0.0644,1.11,7.0,142.0,15.0
2025-05-06T06:51:00+00:00,2074.3,83.69,344.3,13.84,383.5,16.6,607.8,0.0609,1.04,7.0,142.0,13.4
2025-05-06T06:52:00+00:00,1989.1,80.46,336.9,13.60,394.1,14.9,607.6,0.0610,1.11,7.0,142.0,14.7
2025-05-06T06:53:00+00:00,2048.5,79.29,350.2,13.59,364.7,16.2,633.5,0.0628,1.14,7.0,142.0,15.0
2025-05-06T06:54:00+00:00,2049.9,83.66,345.0,14.05,385.4,14.3,628.2,0.0625,1.17,7.0,142.0,14.0
2025-05-06T06:55:00+00:00,2209.9,86.80,357.2,13.69,394.1,15.8,638.0,0.0678,1.09,7.0,142.0,16.5
2025-05-06T06:56:00+00:00,1812.2,84.11,346.7,13.79,372.4,15.3,589.9,0.0593,1.01,7.0,142.0,14.7
2025-05-06T06:57:00+00:00,2154.7,83.05,352.9,13.81,400.4,13.4,564.1,0.0675,1.13,7.0,142.0,14.8
2025-05-06T06:58:00+00:00,1876.1,82.10,347.9,13.59,384.9,15.1,579.1,0.0600,1.04,7.0,142.0,13.6
2025-05-06T06:59:00+00:00,2402.6,83.28,351.3,13.87,384.5,14.5,565.7,0.0631,1.07,7.0,142.0,14.8
2025-05-06T07:00:00+00:00,2471.4,80.32,357.4,14.09,374.3,16.6,625.4,0.0672,1.07,7.0,142.0,15.3
2025-05-06T07:01:00+00:00,1929.3,82.16,350.7,13.55,369.9,16.6,585.9,0.0610,1.12,7.0,142.0,13.4
2025-05-06T07:02:00+00:00,2009.3,82.73,336.7,13.85,377.5,14.1,591.4,0.0604,1.02,7.0,142.0,14.4
2025-05-06T07:03:00+00:00,2115.1,82.47,358.3,13.65,376.5,13.2,603.7,0.0612,1.02,7.0,142.0,14.4
2025-05-06T07:04:00+00:00,2139.1,84.56,354.1,13.82,406.3,15.8,614.0,0.0659,1.08,7.0,142.0,12.9
2025-05-06T07:05:00+00:00,1938.2,81.65,351.9,13.87,359.3,16.8,610.2,0.0639,1.07,7.0,142.0,15.1
2025-05-06T07:06:00+00:00,2517.9,79.83,334.3,13.73,415.8,16.5,658.6,0.0636,1.07,7.0,142.0,15.1
2025-05-06T07:07:00+00:00,2221.4,80.94,357.2,13.93,381.5,18.3,557.0,0.0678,1.17,7.0,142.0,13.6
2025-05-06T07:08:00+00:00,1858.0,81.14,349.1,13.86,393.5,16.6,724.0,0.0672,1.15,7.0,142.0,14.0
2025-05-06T07:09:00+00:00,2454.6,86.77,334.6,13.63,409.1,16.7,594.9,0.0644,1.18,7.0,142.0,13.8
2025-05-06T07:10:00+00:00,1984.7,83.53,350.7,13.90,397.0,17.4,622.6,0.0670,1.10,7.0,142.0,14.1
2025-05-06T07:11:00+00:00,1967.2,82.47,351.6,13.77,374.3,16.1,572.7,0.0614,1.13,7.0,142.0,14.3
2025-05-06T07:12:00+00:00,1902.7,81.37,356.6,13.78,376.8,14.4,650.0,0.0615,1.08,7.0,142.0,14.5
2025-05-06T07:13:00+00:00,2183.5,81.16,339.3,13.60,402.0,14.8,593.5,0.0675,1.18,7.0,142.0,13.9
2025-05-06T07:14:00+00:00,2050.9,81.10,363.4,13.77,363.7,17.6,581.6,0.0626,1.14,7.0,142.0,13.3
2025-05-06T07:15:00+00:00,2205.9,82.85,350.8,13.74,372.8,14.9,587.3,0.0615,1.03,7.0,142.0,16.0
2025-05-06T07:16:00+00:00,2180.6,85.08,349.5,13.52,391.0,16.7,618.1,0.0726,1.06,7.0,142.0,12.2
2025-05-06T07:17:00+00:00,1986.2,83.31,352.1,13.69,399.4,17.2,601.4,0.0625,1.18,7.0,142.0,13.6
2025-05-06T07:18:00+00:00,2507.0,84.82,346.6,13.71,401.9,15.7,644.3,0.0677,1.11,7.0,142.0,15.4
2025-05-06T07:19:00+00:00,2013.2,82.26,351.0,13.74,415.6,15.5,581.8,0.0611,1.07,7.0,142.0,16.4
2025-05-06T07:20:00+00:00,2147.8,82.00,350.9,13.73,366.5,16.4,652.7,0.0616,1.06,7.0,142.0,14.3
2025-05-06T07:21:00+00:00,2366.1,83.27,341.3,14.09,409.6,17.1,600.3,0.0668,1.14,7.0,142.0,13.6
2025-05-06T07:22:00+00:00,2213.1,79.26,342.7,13.53,386.7,14.0,591.9,0.0627,1.14,7.0,142.0,14.5
2025-05-06T07:23:00+00:00,2398.5,84.23,331.8,13.76,390.7,17.7,601.3,0.0634,1.03,7.0,142.0,14.1
2025-05-06T07:24:00+00:00,1910.3,80.62,337.5,13.69,390.3,15.3,523.7,0.0624,1.10,7.0,142.0,13.9
2025-05-06T07:25:00+00:00,2283.6,79.79,348.9,13.91,399.7,18.5,625.8,0.0638,1.21,7.0,142.0,15.4
2025-05-06T07:26:00+00:00,2109.9,82.11,340.2,13.77,383.2,18.2,631.9,0.0674,1.16,7.0,142.0,13.9
2025-05-06T07:27:00+00:00,1884.8,80.70,354.7,13.87,373.4,16.2,633.9,0.0604,1.07,7.0,142.0,13.8
2025-05-06T07:28:00+00:00,1887.7,81.65,365.3,13.64,376.7,17.1,601.3,0.0703,1.06,7.0,142.0,15.4
2025-05-06T07:29:00+00:00,2130.4,84.43,350.4,13.78,376.6,15.5,658.4,0.0609,1.01,7.0,142.0,14.2
2025-05-06T07:30:00+00:00,2149.0,83.60,348.5,13.92,374.5,16.4,601.8,0.0672,1.10,7.0,142.0,15.4
2025-05-06T07:31:00+00:00,1837.0,80.68,352.7,13.78,384.0,16.9,625.1,0.0596,1.04,7.0,142.0,14.1
2025-05-06T07:32:00+00:00,2184.2,81.66,349.4,13.79,377.0,18.0,591.3,0.0620,1.08,7.0,142.0,13.5
2025-05-06T07:33:00+00:00,2147.4,82.46,353.1,13.77,372.5,15.0,624.6,0.0618,1.06,7.0,142.0,13.7
2025-05-06T07:34:00+00:00,2174.7,83.27,345.3,13.83,429.1,17.6,606.3,0.0626,1.16,7.0,142.0,15.0
2025-05-06T07:35:00+00:00,2062.4,81.51,347.3,13.51,396.5,17.0,612.3,0.0609,1.04,7.0,142.0,13.5
2025-05-06T07:36:00+00:00,1936.1,83.05,364.0,13.86,376.3,14.8,564.9,0.0605,1.06,7.0,142.0,14.2
2025-05-06T07:37:00+00:00,1994.9,82.81,339.9,13.95,367.0,16.9,635.5,0.0685,1.02,7.0,142.0,13.0
2025-05-06T07:38:00+00:00,2161.0,85.04,337.0,13.98,384.8,15.4,656.0,0.0669,1.07,7.0,142.0,13.7
2025-05-06T07:39:00+00:00,2109.0,85.59,366.9,13.42,385.2,14.1,628.7,0.0690,1.10,7.0,142.0,15.2
2025-05-06T07:40:00+00:00,1936.6,82.68,346.2,13.75,403.8,16.6,570.7,0.0604,1.05,7.0,142.0,12.9
2025-05-06T07:41:00+00:00,2030.4,79.75,354.5,13.78,367.0,16.4,552.8,0.0616,1.13,7.0,142.0,13.8
2025-05-06T07:42:00+00:00,1952.1,82.48,355.9,13.78,372.8,16.5,589.9,0.0657,1.16,7.0,142.0,14.2
2025-05-06T07:43:00+00:00,2187.9,82.60,364.0,13.91,369.7,15.1,587.7,0.0627,1.15,7.0,142.0,13.1
2025-05-06T07:44:00+00:00,1916.3,81.97,345.8,13.91,368.4,15.3,600.3,0.0632,1.14,7.0,142.0,14.5
2025-05-06T07:45:00+00:00,2044.3,81.78,341.6,13.76,372.4,14.8,612.9,0.0701,1.05,7.0,142.0,14.6
2025-05-06T07:46:00+00:00,2192.5,79.09,354.9,13.96,370.2,15.9,635.9,0.0627,1.15,7.0,142.0,11.8
2025-05-06T07:47:00+00:00,2088.7,81.97,343.7,13.87,382.3,16.7,561.1,0.0618,1.10,7.0,142.0,13.7
2025-05-06T07:48:00+00:00,2038.5,81.25,347.1,13.67,392.1,16.2,535.1,0.0609,1.05,7.0,142.0,13.7
2025-05-06T07:49:00+00:00,1969.4,81.23,357.8,13.77,363.1,16.0,573.1,0.0738,1.07,7.0,142.0,16.3
2025-05-06T07:50:00+00:00,1963.3,81.88,343.0,13.77,372.3,16.7,638.1,0.0610,1.09,7.0,142.0,13.1
2025-05-06T07:51:00+00:00,1926.0,82.08,343.0,13.68,401.7,15.5,596.8,0.0612,1.13,7.0,142.0,15.4
2025-05-06T07:52:00+00:00,2121.7,83.40,352.5,13.92,419.4,13.1,586.3,0.0623,1.09,7.0,142.0,13.0
2025-05-06T07:53:00+00:00,1731.2,83.09,361.4,13.99,369.6,18.4,612.2,0.0622,1.04,7.0,142.0,14.3
2025-05-06T07:54:00+00:00,2031.8,82.93,332.0,13.82,399.9,16.6,609.8,0.0659,1.12,7.0,142.0,14.7
2025-05-06T07:55:00+00:00,2097.3,82.41,359.3,13.74,372.0,17.3,587.4,0.0612,1.04,7.0,142.0,15.0
2025-05-06T07:56:00+00:00,1997.5,82.87,352.1,13.68,407.0,15.9,566.9,0.0617,1.14,7.0,142.0,15.2
2025-05-06T07:57:00+00:00,1732.9,81.29,350.9,13.75,374.5,18.1,586.1,0.0649,1.14,7.0,142.0,14.6
2025-05-06T07:58:00+00:00,1982.1,85.25,363.6,13.41,397.7,16.0,585.8,0.0604,1.04,7.0,142.0,15.4
2025-05-06T07:59:00+00:00,1955.7,80.48,357.0,14.10,379.8,14.2,555.0,0.0614,1.14,7.0,142.0,13.9
2025-05-06T08:00:00+00:00,2070.1,79.91,350.6,13.71,389.9,17.2,592.0,0.0641,1.06,7.0,142.0,16.3
2025-05-06T08:01:00+00:00,2156.5,80.57,328.8,13.49,388.0,14.5,634.2,0.0705,1.01,7.0,142.0,15.1
2025-05-06T08:02:00+00:00,1953.3,82.38,335.2,13.93,362.0,15.8,583.9,0.0651,1.08,7.0,142.0,14.4
2025-05-06T08:03:00+00:00,2104.2,82.10,333.5,13.88,370.9,16.2,645.8,0.0678,1.11,7.0,142.0,15.6
2025-05-06T08:04:00+00:00,1837.9,82.13,338.2,13.60,386.4,14.4,597.9,0.0654,1.09,7.0,142.0,14.1
2025-05-06T08:05:00+00:00,1898.3,79.92,353.5,13.81,383.1,16.9,645.5,0.0609,1.12,7.0,142.0,15.2
2025-05-06T08:06:00+00:00,2013.8,83.01,342.5,13.91,354.0,17.1,621.1,0.0678,1.13,7.0,142.0,14.4
2025-05-06T08:07:00+00:00,2022.5,81.17,349.9,14.13,405.0,15.2,571.4,0.0694,1.13,7.0,142.0,13.8
2025-05-06T08:08:00+00:00,2122.0,83.33,352.7,13.73,391.3,15.8,595.3,0.0624,1.16,7.0,142.0,14.5
2025-05-06T08:09:00+00:00,1849.6,82.74,356.1,13.67,372.0,14.6,613.8,0.0604,1.10,7.0,142.0,13.8
2025-05-06T08:10:00+00:00,2054.9,83.18,337.6,13.69,376.9,17.8,668.3,0.0611,1.06,7.0,142.0,14.0
2025-05-06T08:11:00+00:00,2136.4,82.97,350.1,14.14,407.8,18.0,626.3,0.0615,1.07,7.0,142.0,14.5
2025-05-06T08:12:00+00:00,2119.3,83.08,350.7,13.60,400.1,16.8,631.4,0.0621,1.11,7.0,142.0,13.1
2025-05-06T08:13:00+00:00,2056.1,79.98,347.8,13.90,382.8,16.2,616.0,0.0612,1.00,7.0,142.0,13.7
2025-05-06T08:14:00+00:00,869.5,80.26,364.3,13.98,325.0,15.9,598.4,0.0554,1.12,7.0,142.0,13.6
2025-05-06T08:15:00+00:00,854.2,77.40,360.1,13.90,340.7,17.1,515.3,0.0561,1.09,7.0,142.0,13.3
2025-05-06T08:16:00+00:00,1010.1,79.39,362.4,13.50,328.8,15.4,505.3,0.0561,1.11,7.0,142.0,15.6
2025-05-06T08:17:00+00:00,1005.9,80.21,364.0,13.74,343.0,15.5,623.3,0.0582,1.12,7.0,142.0,15.1
2025-05-06T08:18:00+00:00,1000.9,77.48,357.6,13.81,335.2,19.7,528.6,0.0623,1.14,7.0,142.0,14.3
2025-05-06T08:19:00+00:00,955.0,75.68,343.8,14.07,338.0,16.3,520.7,0.0560,1.14,7.0,142.0,13.1
2025-05-06T08:20:00+00:00,856.6,77.47,362.9,13.81,342.0,14.9,546.8,0.0551,1.09,7.0,142.0,12.6
2025-05-06T08:21:00+00:00,1087.6,82.86,352.5,13.63,337.9,14.6,551.3,0.0561,1.09,7.0,142.0,14.3
2025-05-06T08:22:00+00:00,890.7,78.40,360.5,13.91,309.5,15.5,600.2,0.0579,1.11,7.0,142.0,14.8
2025-05-06T08:23:00+00:00,914.4,79.95,357.4,13.65,364.0,15.3,598.2,0.0556,1.10,7.0,142.0,14.6
2025-05-06T08:24:00+00:00,964.5,77.52,359.3,13.66,350.7,16.4,649.6,0.0592,1.14,7.0,142.0,14.3
2025-05-06T14:00:00+00:00,1016.4,77.23,349.8,13.82,360.8,16.1,642.3,0.0585,1.05,7.0,142.0,14.0
2025-05-06T14:01:00+00:00,950.3,77.88,364.9,13.74,349.8,17.2,545.1,0.0564,1.18,7.0,142.0,12.6
2025-05-06T14:02:00+00:00,985.5,77.78,362.7,13.68,346.8,12.0,538.6,0.0594,1.08,7.0,142.0,15.3
2025-05-06T14:03:00+00:00,1075.6,80.24,355.7,13.72,338.5,15.1,580.3,0.0561,1.10,7.0,142.0,14.3
2025-05-06T14:04:00+00:00,996.6,80.24,358.3,14.04,344.6,15.0,550.4,0.0674,1.10,7.0,142.0,15.4
2025-05-06T14:05:00+00:00,959.2,77.85,363.4,13.99,370.3,14.4,603.6,0.0554,1.09,7.0,142.0,14.3
2025-05-06T14:06:00+00:00,747.5,78.24,356.6,13.93,345.6,14.5,553.2,0.0548,1.12,7.0,142.0,13.9
2025-05-06T14:07:00+00:00,901.0,75.17,352.7,13.64,347.6,15.5,543.1,0.0624,1.07,7.0,142.0,14.6
2025-05-06T14:08:00+00:00,935.2,78.85,360.3,13.74,339.2,14.3,593.1,0.0558,1.14,7.0,142.0,13.7
2025-05-06T14:09:00+00:00,944.9,77.95,350.1,13.91,357.3,15.0,563.1,0.0561,1.06,7.0,142.0,13.0
2025-05-06T14:10:00+00:00,1078.5,78.43,363.4,13.81,386.0,14.5,613.2,0.0567,1.13,7.0,142.0,13.4
2025-05-06T14:11:00+00:00,954.0,77.36,359.7,13.66,371.9,14.8,542.1,0.0583,1.12,7.0,142.0,14.1
2025-05-06T14:12:00+00:00,845.7,77.29,370.3,13.97,377.8,18.0,527.5,0.0550,1.08,7.0,142.0,15.0
2025-05-06T14:13:00+00:00,918.1,78.96,356.8,13.68,341.8,16.0,578.4,0.0546,1.00,7.0,142.0,13.3
2025-05-06T14:14:00+00:00,2315.7,83.68,325.1,13.64,412.5,17.3,591.3,0.0626,1.05,7.0,142.0,14.9
2025-05-06T14:15:00+00:00,2014.8,83.37,353.1,14.13,373.4,15.8,631.5,0.0627,1.11,7.0,142.0,14.9
2025-05-06T14:16:00+00:00,2102.5,81.87,340.1,13.71,392.7,19.2,557.0,0.0627,1.08,7.0,142.0,12.4
2025-05-06T14:17:00+00:00,2067.1,82.31,351.7,13.83,403.8,15.5,568.2,0.0658,1.11,7.0,142.0,13.9
2025-05-06T14:18:00+00:00,2077.4,84.50,350.3,13.87,380.4,16.5,576.3,0.0645,1.04,7.0,142.0,16.5
2025-05-06T14:19:00+00:00,2020.5,78.98,345.5,13.63,418.2,15.0,615.9,0.0669,1.06,7.0,142.0,12.8
2025-05-06T14:20:00+00:00,2054.7,82.50,336.6,13.88,417.9,15.3,598.0,0.0668,0.94,7.0,142.0,16.8
2025-05-06T14:21:00+00:00,2085.1,83.53,339.0,13.79,372.5,17.8,628.2,0.0620,1.12,7.0,142.0,13.1
2025-05-06T14:22:00+00:00,2112.0,80.31,351.1,13.44,382.9,16.2,622.6,0.0616,1.08,7.0,142.0,15.1
2025-05-06T14:23:00+00:00,2025.6,82.76,350.6,13.76,392.5,18.4,631.1,0.0614,1.11,7.0,142.0,14.9
2025-05-06T14:24:00+00:00,2117.8,82.91,340.4,13.68,376.3,15.8,606.4,0.0740,1.16,7.0,142.0,12.8
2025-05-06T14:25:00+00:00,1952.6,80.35,357.2,13.75,388.3,12.0,630.3,0.0638,1.07,7.0,142.0,15.2
2025-05-06T14:26:00+00:00,2260.8,81.70,343.9,14.03,374.1,13.2,629.5,0.0614,0.98,7.0,142.0,15.6
2025-05-06T14:27:00+00:00,2015.7,85.22,351.2,13.69,398.8,15.5,588.5,0.0610,1.08,7.0,142.0,14.3
2025-05-06T14:28:00+00:00,1946.4,79.67,352.6,13.68,372.7,15.7,560.9,0.0643,1.09,7.0,142.0,12.8
2025-05-06T14:29:00+00:00,1965.7,83.60,353.9,13.85,387.7,16.0,606.5,0.0731,1.14,7.0,142.0,14.0
2025-05-06T14:30:00+00:00,2020.4,82.09,350.7,13.79,359.8,17.5,640.4,0.0615,1.11,7.0,142.0,13.2
2025-05-06T14:31:00+00:00,1828.4,83.31,349.7,13.74,369.1,14.1,543.6,0.0604,1.11,7.0,142.0,13.8
2025-05-06T14:32:00+00:00,2007.7,84.72,338.0,13.93,355.2,18.8,615.3,0.0614,1.12,7.0,142.0,13.1
2025-05-06T14:33:00+00:00,2027.4,81.23,363.9,13.79,395.8,14.9,648.8,0.0614,1.09,7.0,142.0,15.2
2025-05-06T14:34:00+00:00,2002.5,81.53,365.1,13.75,372.5,17.6,598.0,0.0616,1.10,7.0,142.0,13.1
2025-05-06T14:35:00+00:00,2096.7,85.54,352.1,13.70,381.8,15.2,538.2,0.0682,1.14,7.0,142.0,14.4
2025-05-06T14:36:00+00:00,2178.7,80.14,355.6,13.70,367.0,16.1,622.2,0.0639,1.11,7.0,142.0,13.2
2025-05-06T14:37:00+00:00,1963.5,81.53,344.4,13.76,370.0,16.2,642.3,0.0607,1.08,7.0,142.0,15.6
2025-05-06T14:38:00+00:00,2026.4,80.37,343.1,13.65,396.1,14.6,567.1,0.0610,1.08,7.0,142.0,15.5
2025-05-06T14:39:00+00:00,1995.3,82.26,355.0,13.97,390.0,15.1,610.6,0.0607,1.04,7.0,142.0,14.1
2025-05-06T14:40:00+00:00,1977.8,80.35,346.2,13.81,377.1,17.2,621.9,0.0690,1.18,7.0,142.0,14.4
2025-05-06T14:41:00+00:00,2142.1,83.52,344.5,13.66,391.1,12.7,593.4,0.0656,1.05,7.0,142.0,14.4
2025-05-06T14:42:00+00:00,1905.0,80.60,351.9,13.84,386.3,14.3,621.5,0.0655,1.08,7.0,142.0,14.7
2025-05-06T14:43:00+00:00,2164.8,83.88,339.2,13.70,405.5,15.0,597.8,0.0613,1.01,7.0,142.0,13.7
2025-05-06T14:44:00+00:00,1960.4,80.98,352.9,14.12,416.4,17.1,622.0,0.0611,1.10,7.0,142.0,15.4
2025-05-06T14:45:00+00:00,2173.2,82.95,335.2,13.88,359.6,15.1,623.4,0.0616,1.04,7.0,142.0,15.6
2025-05-06T14:46:00+00:00,2002.0,83.15,341.9,13.92,364.7,18.0,556.0,0.0616,1.14,7.0,142.0,13.7
2025-05-06T14:47:00+00:00,2086.1,83.10,344.8,13.79,379.2,14.7,668.4,0.0639,1.14,7.0,142.0,12.1
2025-05-06T14:48:00+00:00,1994.9,82.18,368.3,13.91,387.0,17.7,579.5,0.0613,1.11,7.0,142.0,13.9
2025-05-06T14:49:00+00:00,2007.5,83.09,345.0,13.78,389.6,14.3,597.8,0.0701,1.08,7.0,142.0,14.1
2025-05-06T14:50:00+00:00,2077.2,83.89,351.8,13.83,379.1,17.5,612.6,0.0621,1.15,7.0,142.0,13.8
2025-05-06T14:51:00+00:00,2063.1,85.90,357.0,13.54,365.4,15.8,559.5,0.0657,1.13,7.0,142.0,14.2
2025-05-06T14:52:00+00:00,2088.7,82.31,357.0,13.90,388.5,15.7,573.4,0.0687,1.09,7.0,142.0,15.3
2025-05-06T14:53:00+00:00,2087.8,83.13,353.5,13.76,384.1,13.3,628.1,0.0619,0.98,7.0,142.0,13.4
2025-05-06T14:54:00+00:00,1999.9,80.28,351.2,13.77,378.8,15.2,558.8,0.0616,1.13,7.0,142.0,12.4
2025-05-06T14:55:00+00:00,1746.1,81.26,361.5,13.78,365.6,17.7,626.8,0.0605,1.16,7.0,142.0,13.5
2025-05-06T14:56:00+00:00,1989.7,83.21,355.3,13.62,393.6,15.6,621.6,0.0613,1.11,7.0,142.0,15.0
2025-05-06T14:57:00+00:00,2052.0,81.42,343.1,13.84,370.0,16.1,642.3,0.0603,0.98,7.0,142.0,14.9
2025-05-06T14:58:00+00:00,1918.5,84.45,339.5,14.03,356.2,14.2,626.7,0.0617,1.20,7.0,142.0,12.3
2025-05-06T14:59:00+00:00,1997.4,82.35,350.1,13.67,387.5,16.0,606.7,0.0688,1.10,7.0,142.0,13.9
2025-05-06T15:00:00+00:00,1892.8,84.52,353.7,13.85,355.6,15.5,547.5,0.0603,1.07,7.0,142.0,13.6
2025-05-06T15:01:00+00:00,1931.2,83.06,361.8,13.81,371.3,16.0,619.7,0.0606,1.07,7.0,142.0,14.5
2025-05-06T15:02:00+00:00,2111.9,82.29,333.9,13.63,365.1,15.7,592.5,0.0641,1.06,7.0,142.0,14.4
2025-05-06T15:03:00+00:00,2007.4,83.30,349.2,13.89,382.3,14.9,581.9,0.0619,1.16,7.0,142.0,14.8
2025-05-06T15:04:00+00:00,2245.8,81.28,348.9,13.87,387.8,15.7,627.7,0.0627,1.13,7.0,142.0,15.4
2025-05-06T15:05:00+00:00,1993.6,82.27,339.3,13.84,374.9,17.9,610.7,0.0632,1.06,7.0,142.0,14.2
2025-05-06T15:06:00+00:00,1935.0,81.96,352.7,14.00,367.4,17.5,558.5,0.0646,1.04,7.0,142.0,14.9
2025-05-06T15:07:00+00:00,2133.5,81.87,353.1,13.82,381.5,14.8,620.0,0.0627,1.16,7.0,142.0,15.2
2025-05-06T15:08:00+00:00,2509.6,84.33,346.4,13.66,384.3,14.6,680.9,0.0659,1.05,7.0,142.0,14.1
2025-05-06T15:09:00+00:00,2167.5,82.13,345.0,13.89,390.1,16.9,618.0,0.0656,1.12,7.0,142.0,14.4
2025-05-06T15:10:00+00:00,2410.5,84.48,344.8,13.77,398.0,17.3,595.0,0.0640,1.16,7.0,142.0,15.4
2025-05-06T15:11:00+00:00,2122.4,82.53,364.7,13.86,388.4,13.4,574.0,0.0625,1.15,7.0,142.0,14.0
2025-05-06T15:12:00+00:00,1811.3,80.75,359.9,13.86,365.8,16.3,554.4,0.0624,1.06,7.0,142.0,13.8
2025-05-06T15:13:00+00:00,2374.6,82.45,357.9,13.74,389.4,18.1,577.1,0.0651,1.10,7.0,142.0,15.6
2025-05-06T15:14:00+00:00,1779.8,79.07,348.5,13.81,379.3,18.4,588.9,0.0613,1.17,7.0,142.0,12.8
2025-05-06T15:15:00+00:00,2228.7,83.78,348.9,13.91,395.1,14.9,616.3,0.0622,1.07,7.0,142.0,14.8
2025-05-06T15:16:00+00:00,2169.9,82.96,351.6,13.89,372.4,16.9,631.5,0.0640,1.07,7.0,142.0,13.7
2025-05-06T15:17:00+00:00,2426.0,81.41,356.9,13.64,406.8,18.7,620.2,0.0637,1.12,7.0,142.0,13.9
2025-05-06T15:18:00+00:00,1916.9,83.25,359.2,13.63,368.9,19.0,575.0,0.0659,1.11,7.0,142.0,13.7
2025-05-06T15:19:00+00:00,2599.5,84.98,337.4,13.62,382.1,15.2,670.2,0.0681,1.12,7.0,142.0,13.6
2025-05-06T15:20:00+00:00,2077.4,82.76,343.2,13.83,394.9,13.9,625.9,0.0621,1.15,7.0,142.0,14.6
2025-05-06T15:21:00+00:00,1910.0,80.15,330.1,13.93,371.7,15.1,556.0,0.0619,1.15,7.0,142.0,15.6
2025-05-06T15:22:00+00:00,1994.8,81.47,343.3,13.85,390.5,15.8,619.8,0.0640,1.15,7.0,142.0,14.5
2025-05-06T15:23:00+00:00,2465.2,83.30,350.6,13.82,393.2,18.5,628.7,0.0661,0.98,7.0,142.0,16.3
2025-05-06T15:24:00+00:00,2104.6,83.74,346.7,13.88,364.0,17.5,685.5,0.0634,1.02,7.0,142.0,14.2
2025-05-06T15:25:00+00:00,2145.6,84.25,338.3,13.90,389.2,16.8,575.7,0.0620,1.11,7.0,142.0,15.1
2025-05-06T15:26:00+00:00,2489.6,84.28,360.0,13.79,373.9,13.8,601.6,0.0639,1.11,7.0,142.0,14.9
2025-05-06T15:27:00+00:00,1977.7,82.21,355.0,13.93,379.5,16.4,627.7,0.0678,1.21,7.0,142.0,12.0
2025-05-06T15:28:00+00:00,1959.3,82.32,356.7,13.50,391.1,15.9,569.2,0.0606,1.06,7.0,142.0,14.5
2025-05-06T15:29:00+00:00,1996.0,80.46,342.7,13.59,392.0,14.7,629.1,0.0611,1.08,7.0,142.0,12.6
2025-05-06T15:30:00+00:00,1947.3,83.18,361.2,13.81,364.3,14.7,651.2,0.0614,1.01,7.0,142.0,11.5
2025-05-06T15:31:00+00:00,1917.5,85.31,338.8,13.71,364.4,15.7,591.5,0.0660,1.05,7.0,142.0,13.4
2025-05-06T15:32:00+00:00,1884.1,82.40,358.6,13.89,390.6,15.0,637.1,0.0602,1.05,7.0,142.0,16.7
2025-05-06T15:33:00+00:00,1959.4,83.63,362.3,13.73,400.4,15.8,555.0,0.0682,1.12,7.0,142.0,15.1
2025-05-06T15:34:00+00:00,2168.5,83.50,345.4,13.64,396.3,16.4,587.1,0.0625,1.14,7.0,142.0,14.8
2025-05-06T15:35:00+00:00,2047.8,82.03,351.3,13.57,368.2,16.2,581.0,0.0683,1.11,7.0,142.0,12.7
2025-05-06T15:36:00+00:00,1952.7,81.73,346.0,14.01,386.3,17.6,605.5,0.0659,1.02,7.0,142.0,14.2
2025-05-06T15:37:00+00:00,2456.2,84.80,342.8,13.91,399.9,15.9,673.2,0.0629,1.03,7.0,142.0,13.6
2025-05-06T15:38:00+00:00,2251.0,82.01,334.8,14.03,391.8,12.6,650.5,0.0640,1.05,7.0,142.0,12.9
2025-05-06T15:39:00+00:00,2036.4,82.69,361.7,13.84,379.3,16.2,600.7,0.0724,1.11,7.0,142.0,15.7
2025-05-06T15:40:00+00:00,2050.9,83.30,355.7,13.81,391.4,15.5,606.9,0.0639,1.14,7.0,142.0,13.4
2025-05-06T15:41:00+00:00,2138.7,81.61,356.0,13.73,375.1,14.4,620.3,0.0630,1.14,7.0,142.0,14.9
2025-05-06T15:42:00+00:00,2047.7,84.56,343.5,13.85,391.1,14.5,567.8,0.0629,1.02,7.0,142.0,13.9
2025-05-06T15:43:00+00:00,2149.5,84.05,353.8,13.69,363.2,17.5,612.2,0.0621,1.10,7.0,142.0,16.7
2025-05-06T15:44:00+00:00,2070.1,83.88,344.6,13.78,370.5,17.1,578.7,0.0731,1.03,7.0,142.0,14.3
2025-05-06T15:45:00+00:00,1875.5,82.13,360.1,13.99,378.5,17.2,526.4,0.0601,1.06,7.0,142.0,15.9
2025-05-06T15:46:00+00:00,2078.6,83.29,343.9,13.94,368.1,13.4,621.9,0.0626,1.19,7.0,142.0,15.1
2025-05-06T15:47:00+00:00,2010.1,84.27,333.8,14.03,383.2,14.6,614.7,0.0608,1.05,7.0,142.0,14.6
2025-05-06T15:48:00+00:00,2037.5,83.56,366.3,13.91,390.1,16.7,590.0,0.0672,1.11,7.0,142.0,13.6
2025-05-06T15:49:00+00:00,1860.7,80.45,351.8,14.01,369.3,19.3,615.7,0.0609,1.13,7.0,142.0,13.9
2025-05-06T15:50:00+00:00,1851.8,82.35,337.3,13.83,367.7,12.5,577.3,0.0607,1.12,7.0,142.0,14.0
2025-05-06T15:51:00+00:00,2120.2,86.14,350.5,13.94,364.2,17.9,614.8,0.0674,0.95,7.0,142.0,14.2
2025-05-06T15:52:00+00:00,1894.3,82.76,353.4,13.74,382.0,13.4,614.0,0.0616,1.09,7.0,142.0,15.5
2025-05-06T15:53:00+00:00,2122.2,82.78,358.4,13.92,394.4,16.3,588.1,0.0628,1.14,7.0,142.0,12.8
2025-05-06T15:54:00+00:00,2113.4,82.97,350.3,13.81,379.0,14.4,573.0,0.0618,1.10,7.0,142.0,15.7
2025-05-06T15:55:00+00:00,2027.4,84.90,342.5,14.00,356.1,17.4,615.5,0.0618,1.15,7.0,142.0,13.6
2025-05-06T15:56:00+00:00,1734.2,79.41,355.3,13.74,366.7,15.3,620.5,0.0598,1.09,7.0,142.0,14.2
2025-05-06T15:57:00+00:00,1897.7,82.68,354.3,13.81,373.1,15.6,583.7,0.0668,1.08,7.0,142.0,12.8
2025-05-06T15:58:00+00:00,2129.4,84.87,341.6,13.78,386.4,18.5,580.5,0.0628,1.20,7.0,142.0,14.9
2025-05-06T15:59:00+00:00,1923.5,80.05,354.0,13.67,389.5,13.7,581.2,0.0697,1.15,7.0,142.0,14.5
2025-05-06T16:00:00+00:00,2134.5,83.94,348.0,13.68,397.6,13.2,661.0,0.0632,1.08,7.0,142.0,15.3
2025-05-06T16:01:00+00:00,2110.8,80.59,344.4,13.50,393.2,16.2,606.0,0.0656,1.09,7.0,142.0,12.3
2025-05-06T16:02:00+00:00,2025.6,83.68,338.9,13.58,374.4,16.5,626.1,0.0687,1.14,7.0,142.0,16.0
2025-05-06T16:03:00+00:00,1940.6,82.72,343.9,13.74,379.2,14.1,624.9,0.0698,1.13,7.0,142.0,15.7
2025-05-06T16:04:00+00:00,2095.4,82.26,338.5,13.94,375.0,15.9,551.9,0.0617,1.09,7.0,142.0,13.9
2025-05-06T16:05:00+00:00,2098.6,83.88,341.6,13.81,379.4,17.9,582.4,0.0648,1.12,7.0,142.0,13.3
2025-05-06T16:06:00+00:00,2069.4,80.52,354.5,13.59,365.7,15.8,549.6,0.0630,1.16,7.0,142.0,14.2
2025-05-06T16:07:00+00:00,1842.3,81.44,347.7,13.92,364.1,17.6,603.9,0.0634,1.07,7.0,142.0,15.2
2025-05-06T16:08:00+00:00,2026.5,83.20,355.5,13.57,371.3,16.3,554.5,0.0659,1.09,7.0,142.0,15.0
2025-05-06T16:09:00+00:00,2053.9,81.10,345.5,13.90,402.7,18.6,557.2,0.0625,0.99,7.0,142.0,13.9
2025-05-06T16:10:00+00:00,1842.9,82.30,335.7,14.12,361.6,15.5,589.7,0.0601,1.07,7.0,142.0,13.1
2025-05-06T16:11:00+00:00,2289.9,83.11,357.9,13.68,384.0,15.0,633.8,0.0666,1.09,7.0,142.0,13.4
2025-05-06T16:12:00+00:00,1872.1,81.27,364.8,13.69,365.5,15.3,573.5,0.0649,1.08,7.0,142.0,14.3
2025-05-06T16:13:00+00:00,1928.5,81.77,347.7,13.59,366.2,15.5,644.9,0.0639,1.14,7.0,142.0,14.5
2025-05-06T16:14:00+00:00,1839.9,81.43,356.5,13.94,408.1,16.3,576.0,0.0608,1.13,7.0,142.0,16.7
2025-05-06T16:15:00+00:00,2158.8,81.23,345.4,13.54,414.0,15.7,623.5,0.0625,1.08,7.0,142.0,15.5
2025-05-06T16:16:00+00:00,1940.1,80.98,346.4,13.71,375.3,17.4,644.0,0.0607,1.08,7.0,142.0,13.5
2025-05-06T16:17:00+00:00,1958.5,83.27,362.0,14.01,379.2,14.2,655.3,0.0605,1.06,7.0,142.0,13.9
2025-05-06T16:18:00+00:00,1992.7,80.30,343.9,13.87,382.5,13.9,610.1,0.0640,1.09,7.0,142.0,12.5
2025-05-06T16:19:00+00:00,1970.0,82.69,345.2,13.74,378.6,14.5,580.4,0.0655,1.13,7.0,142.0,13.5
2025-05-06T16:20:00+00:00,2031.6,81.77,345.0,13.68,357.5,14.3,628.0,0.0615,1.14,7.0,142.0,14.5
2025-05-06T16:21:00+00:00,2160.3,86.20,352.7,13.71,378.2,19.3,640.5,0.0621,1.10,7.0,142.0,13.0
2025-05-06T16:22:00+00:00,2001.1,80.76,357.5,13.69,384.5,14.0,621.6,0.0630,1.01,7.0,142.0,13.6
2025-05-06T16:23:00+00:00,2047.4,81.59,344.6,13.95,390.1,14.3,567.5,0.0622,1.13,7.0,142.0,14.1
2025-05-06T16:24:00+00:00,2170.8,78.89,352.9,13.84,376.7,17.8,556.3,0.0682,1.10,7.0,142.0,15.0
2025-05-06T16:25:00+00:00,2002.1,83.77,350.3,13.73,398.9,16.1,593.1,0.0617,1.14,7.0,142.0,14.4
2025-05-06T16:26:00+00:00,1977.7,83.29,333.7,13.63,389.7,13.7,612.2,0.0597,0.96,7.0,142.0,15.9
2025-05-06T16:27:00+00:00,1967.8,80.30,347.7,13.72,397.9,15.2,608.7,0.0687,1.11,7.0,142.0,14.0
2025-05-06T16:28:00+00:00,2043.5,81.36,352.3,13.81,377.9,17.6,606.4,0.0684,1.15,7.0,142.0,13.5
2025-05-06T16:29:00+00:00,2036.8,82.99,360.9,13.48,369.4,15.0,611.7,0.0610,1.05,7.0,142.0,14.4
2025-05-06T16:30:00+00:00,2218.3,80.34,347.4,13.90,383.6,16.8,633.3,0.0612,1.00,7.0,142.0,14.2
2025-05-06T16:31:00+00:00,2009.8,79.17,358.0,13.80,382.8,17.1,636.6,0.0610,1.07,7.0,142.0,12.6
2025-05-06T16:32:00+00:00,2008.5,83.00,347.6,13.38,385.2,15.3,651.5,0.0676,1.10,7.0,142.0,15.4
2025-05-06T16:33:00+00:00,1972.1,82.64,349.2,13.97,364.6,17.2,586.4,0.0667,1.09,7.0,142.0,14.9
2025-05-06T16:34:00+00:00,2045.4,84.10,349.4,13.60,382.8,17.3,612.9,0.0620,1.13,7.0,142.0,15.1
2025-05-06T16:35:00+00:00,2002.7,81.54,343.3,13.69,410.2,16.0,593.8,0.0613,1.09,7.0,142.0,16.1
2025-05-06T16:36:00+00:00,1116.9,80.29,355.4,13.84,348.0,18.4,560.9,0.0564,1.10,7.0,142.0,15.4
2025-05-06T16:37:00+00:00,899.1,78.78,346.1,13.77,317.6,16.2,554.3,0.0580,1.03,7.0,142.0,15.5
2025-05-06T16:38:00+00:00,1146.2,78.94,358.6,13.51,340.4,14.9,616.7,0.0580,0.99,7.0,142.0,15.4
2025-05-06T16:39:00+00:00,837.0,80.46,347.1,13.85,342.8,14.8,559.7,0.0545,1.05,7.0,142.0,13.9
2025-05-06T16:40:00+00:00,884.9,76.63,341.3,14.04,347.7,16.1,501.2,0.0577,1.04,7.0,142.0,13.8
2025-05-06T16:41:00+00:00,959.7,78.85,356.0,13.76,348.2,15.9,570.5,0.0556,1.07,7.0,142.0,13.5
2025-05-06T16:42:00+00:00,899.9,78.50,368.1,13.77,360.4,15.3,543.3,0.0556,1.12,7.0,142.0,15.3
2025-05-06T16:43:00+00:00,860.6,79.23,366.8,14.16,361.7,14.7,531.8,0.0595,1.09,7.0,142.0,14.0
2025-05-06T16:44:00+00:00,872.9,78.23,364.6,13.99,363.2,16.0,610.3,0.0555,1.10,7.0,142.0,13.2
2025-05-06T16:45:00+00:00,933.2,80.13,358.9,13.93,344.6,15.1,525.3,0.0630,1.16,7.0,142.0,14.4
2025-05-06T16:46:00+00:00,925.7,78.89,361.3,13.86,355.6,14.9,538.0,0.0554,1.10,7.0,142.0,13.6
2025-05-06T16:47:00+00:00,986.1,75.86,374.1,13.66,347.1,11.2,582.9,0.0563,1.16,7.0,142.0,13.4
2025-05-06T16:48:00+00:00,960.4,76.71,364.4,13.54,352.6,13.8,487.8,0.0568,1.21,7.0,142.0,14.0
2025-05-07T06:00:00+00:00,1099.8,80.10,351.4,13.90,332.5,16.8,547.3,0.0566,1.14,130.5,40.5,11.4
2025-05-07T06:01:00+00:00,961.6,76.19,347.2,13.88,360.0,18.0,532.5,0.0656,1.14,130.5,40.5,10.7
2025-05-07T06:02:00+00:00,988.2,76.13,359.1,13.99,325.9,15.8,562.0,0.0676,1.05,130.5,40.5,11.5
2025-05-07T06:03:00+00:00,843.5,79.24,357.8,13.71,349.6,16.6,552.6,0.0545,1.00,130.5,40.5,11.5
2025-05-07T06:04:00+00:00,950.1,77.68,354.4,13.69,349.5,17.0,604.2,0.0599,0.98,130.5,40.5,12.8
2025-05-07T06:05:00+00:00,924.0,77.33,372.0,13.56,334.2,11.1,575.9,0.0550,1.03,130.5,40.5,10.4
2025-05-07T06:06:00+00:00,838.8,78.50,360.9,13.66,372.4,16.1,542.1,0.0540,1.00,130.5,40.5,11.2
2025-05-07T06:07:00+00:00,1009.0,76.09,364.0,13.53,362.5,15.7,570.2,0.0543,0.95,130.5,40.5,10.9
2025-05-07T06:08:00+00:00,829.9,76.68,354.4,13.57,334.7,12.9,538.9,0.0572,1.03,130.5,40.5,11.3
2025-05-07T06:09:00+00:00,1042.5,79.91,351.4,13.84,358.1,15.5,559.7,0.0552,1.01,130.5,40.5,9.7
2025-05-07T06:10:00+00:00,963.5,77.37,350.1,13.70,354.5,16.8,535.9,0.0582,1.01,130.5,40.5,12.8
2025-05-07T06:11:00+00:00,2017.6,84.42,340.4,13.86,365.9,15.1,628.9,0.0606,1.04,130.5,40.5,11.0
2025-05-07T06:12:00+00:00,2120.7,81.76,339.5,13.93,374.4,16.6,624.5,0.0626,1.05,130.5,40.5,11.1
2025-05-07T06:13:00+00:00,1918.1,82.09,365.4,13.99,402.6,14.7,624.3,0.0651,1.03,130.5,40.5,10.1
2025-05-07T06:14:00+00:00,1959.8,83.56,348.7,13.84,379.5,17.1,588.1,0.0615,1.05,130.5,40.5,10.3
2025-05-07T06:15:00+00:00,1945.2,80.04,356.4,14.04,374.3,17.6,553.4,0.0604,1.05,130.5,40.5,10.5
2025-05-07T06:16:00+00:00,2210.1,83.52,363.2,13.87,401.9,16.2,620.1,0.0637,1.06,130.5,40.5,8.6
2025-05-07T06:17:00+00:00,2175.9,84.86,363.4,13.67,400.9,16.7,641.2,0.0667,1.00,130.5,40.5,11.3
2025-05-07T06:18:00+00:00,2122.0,82.78,352.2,13.90,392.5,17.1,673.4,0.0650,0.96,130.5,40.5,11.8
2025-05-07T06:19:00+00:00,2010.5,82.63,343.8,13.60,379.2,13.5,520.0,0.0605,1.02,130.5,40.5,12.0
2025-05-07T06:20:00+00:00,1982.3,79.28,352.3,13.88,368.5,16.0,626.1,0.0677,0.97,130.5,40.5,11.2
2025-05-07T06:21:00+00:00,2111.8,83.57,359.3,13.98,390.4,16.0,622.0,0.0632,1.02,130.5,40.5,12.7
2025-05-07T06:22:00+00:00,1999.9,82.38,364.1,13.62,369.6,14.7,565.3,0.0606,0.97,130.5,40.5,10.6
2025-05-07T06:23:00+00:00,2210.9,80.60,351.5,13.83,389.2,15.3,671.7,0.0718,1.04,130.5,40.5,10.8
2025-05-07T06:24:00+00:00,2058.8,79.68,353.5,13.98,367.0,17.6,616.1,0.0626,1.02,130.5,40.5,11.7
2025-05-07T06:25:00+00:00,1990.1,83.61,345.7,13.90,392.7,16.1,604.2,0.0608,1.05,130.5,40.5,11.9
2025-05-07T06:26:00+00:00,2047.2,81.58,345.0,13.77,382.9,14.0,623.5,0.0610,1.05,130.5,40.5,13.4
2025-05-07T06:27:00+00:00,2077.4,82.54,348.1,13.83,383.7,16.7,632.9,0.0622,1.04,130.5,40.5,10.7
2025-05-07T06:28:00+00:00,2099.9,83.70,355.2,13.56,378.9,13.1,636.6,0.0606,0.98,130.5,40.5,12.3
2025-05-07T06:29:00+00:00,1918.2,83.80,359.1,13.77,384.0,13.9,646.1,0.0716,1.00,130.5,40.5,9.8
2025-05-07T06:30:00+00:00,1974.4,80.30,343.7,13.69,386.4,13.8,615.8,0.0612,1.11,130.5,40.5,10.7
2025-05-07T06:31:00+00:00,2046.2,82.63,364.8,14.00,360.9,14.5,554.4,0.0629,0.98,130.5,40.5,12.5
2025-05-07T06:32:00+00:00,1919.3,80.61,359.3,13.71,379.6,15.1,583.7,0.0654,1.06,130.5,40.5,12.7
2025-05-07T06:33:00+00:00,2007.5,82.26,337.1,14.05,378.5,14.4,636.4,0.0609,1.06,130.5,40.5,12.3
2025-05-07T06:34:00+00:00,2060.4,85.86,352.9,13.91,389.8,12.2,532.4,0.0646,1.07,130.5,40.5,10.9
2025-05-07T06:35:00+00:00,1928.1,81.73,349.0,13.98,384.9,17.9,575.4,0.0686,0.94,130.5,40.5,10.4
2025-05-07T06:36:00+00:00,2129.0,78.40,352.7,13.83,383.4,15.5,598.3,0.0613,1.04,130.5,40.5,10.2
2025-05-07T06:37:00+00:00,1887.9,81.14,344.3,13.75,368.6,16.3,557.1,0.0600,1.03,130.5,40.5,11.2
2025-05-07T06:38:00+00:00,2032.0,78.66,340.0,13.90,383.9,15.5,624.3,0.0673,1.02,130.5,40.5,11.8
2025-05-07T06:39:00+00:00,2018.2,84.58,352.5,13.74,401.8,14.7,603.6,0.0643,0.99,130.5,40.5,10.5
2025-05-07T06:40:00+00:00,2023.4,83.30,360.5,13.67,390.5,13.2,576.8,0.0658,0.97,130.5,40.5,11.1
2025-05-07T06:41:00+00:00,1857.4,80.09,345.0,13.93,378.7,18.6,598.5,0.0714,1.03,130.5,40.5,11.9
2025-05-07T06:42:00+00:00,2162.1,84.20,345.5,13.82,405.5,15.0,612.9,0.0631,0.95,130.5,40.5,12.0
2025-05-07T06:43:00+00:00,2141.0,83.64,338.9,13.67,381.9,15.1,646.3,0.0613,1.04,130.5,40.5,10.4
2025-05-07T06:44:00+00:00,2008.3,80.91,352.5,13.61,388.2,14.5,626.6,0.0611,1.09,130.5,40.5,12.3
2025-05-07T06:45:00+00:00,2191.9,81.49,337.0,13.90,392.0,16.0,699.4,0.0617,1.06,130.5,40.5,10.0
2025-05-07T06:46:00+00:00,1940.3,82.68,351.1,13.66,405.1,17.2,593.4,0.0602,1.02,130.5,40.5,12.4
2025-05-07T06:47:00+00:00,1891.4,83.70,341.6,13.73,368.7,17.9,596.1,0.0602,1.07,130.5,40.5,11.9
2025-05-07T06:48:00+00:00,1929.3,85.33,355.7,13.66,379.8,15.0,575.7,0.0637,1.01,130.5,40.5,10.1
2025-05-07T06:49:00+00:00,1890.0,84.51,338.2,13.46,383.1,17.0,611.9,0.0591,0.95,130.5,40.5,11.7
2025-05-07T06:50:00+00:00,2019.1,83.17,340.9,14.01,373.3,15.7,603.3,0.0613,1.11,130.5,40.5,11.2
2025-05-07T06:51:00+00:00,2133.2,82.21,343.2,13.50,378.1,14.6,559.8,0.0619,1.00,130.5,40.5,10.6
2025-05-07T06:52:00+00:00,1999.2,83.75,317.8,13.67,368.1,16.7,577.4,0.0609,1.02,130.5,40.5,11.4
2025-05-07T06:53:00+00:00,2045.2,83.04,354.3,13.60,400.1,14.7,639.8,0.0608,1.04,130.5,40.5,10.5
2025-05-07T06:54:00+00:00,1979.5,80.00,371.9,14.00,406.1,14.0,571.4,0.0680,1.15,130.5,40.5,11.2
2025-05-07T06:55:00+00:00,2408.6,84.70,347.5,13.93,397.0,19.4,625.4,0.0628,1.05,130.5,40.5,9.6
2025-05-07T06:56:00+00:00,1873.0,81.99,353.7,13.88,392.3,16.7,577.9,0.0596,1.01,130.5,40.5,10.5
2025-05-07T06:57:00+00:00,1910.4,85.07,356.1,13.67,341.4,15.1,613.7,0.0599,1.02,130.5,40.5,10.3
2025-05-07T06:58:00+00:00,2394.5,82.99,346.6,13.69,404.7,16.0,714.3,0.0663,1.06,130.5,40.5,10.3
2025-05-07T06:59:00+00:00,2491.3,84.02,358.3,13.47,409.4,14.6,591.9,0.0649,1.03,130.5,40.5,12.0
2025-05-07T07:00:00+00:00,2514.1,82.55,349.2,13.94,406.4,14.6,633.6,0.0632,1.03,130.5,40.5,11.9
2025-05-07T07:01:00+00:00,1916.6,83.78,353.5,13.90,376.8,16.8,666.2,0.0642,1.07,130.5,40.5,9.8
2025-05-07T07:02:00+00:00,2558.2,85.74,341.0,13.78,408.8,16.3,625.9,0.0637,1.05,130.5,40.5,11.8
2025-05-07T07:03:00+00:00,2152.5,82.04,342.0,13.83,383.0,15.6,626.9,0.0602,0.93,130.5,40.5,9.4
2025-05-07T07:04:00+00:00,2141.8,81.99,344.6,13.85,369.6,18.0,600.9,0.0606,0.97,130.5,40.5,13.0
2025-05-07T07:05:00+00:00,2043.7,80.71,352.9,14.03,394.7,16.0,649.0,0.0620,1.03,130.5,40.5,11.3
2025-05-07T07:06:00+00:00,2013.6,81.20,345.8,14.06,367.2,14.4,581.6,0.0689,1.08,130.5,40.5,12.4
2025-05-07T07:07:00+00:00,2571.8,83.48,346.3,13.89,406.8,14.5,644.2,0.0636,1.02,130.5,40.5,9.8
2025-05-07T07:08:00+00:00,1953.4,82.07,347.6,13.59,366.9,14.2,611.8,0.0637,1.02,130.5,40.5,9.7
2025-05-07T07:09:00+00:00,2049.1,81.57,347.0,13.97,382.0,13.5,601.3,0.0612,1.07,130.5,40.5,12.9
2025-05-07T07:10:00+00:00,2560.1,84.81,334.3,13.84,401.0,17.1,656.3,0.0636,1.02,130.5,40.5,11.6
2025-05-07T07:11:00+00:00,2216.7,82.90,334.0,14.13,397.7,16.4,610.1,0.0629,1.01,130.5,40.5,11.9
2025-05-07T07:12:00+00:00,2481.7,80.37,340.2,13.96,381.3,13.5,643.8,0.0632,1.04,130.5,40.5,10.8
2025-05-07T07:13:00+00:00,2488.8,85.64,342.8,13.51,392.9,14.7,658.6,0.0629,0.99,130.5,40.5,13.6
2025-05-07T07:14:00+00:00,2011.1,83.76,353.7,13.60,384.3,19.2,542.7,0.0623,1.19,130.5,40.5,13.5
2025-05-07T07:15:00+00:00,2063.2,85.45,329.8,13.72,375.4,14.6,590.0,0.0716,1.00,130.5,40.5,10.9
2025-05-07T07:16:00+00:00,2051.6,82.32,352.8,13.91,382.8,15.5,621.8,0.0630,1.08,130.5,40.5,11.9
2025-05-07T07:17:00+00:00,1945.0,83.43,358.4,13.62,366.8,14.2,622.7,0.0653,1.06,130.5,40.5,9.9
2025-05-07T07:18:00+00:00,2220.6,81.62,353.9,13.32,395.5,15.2,660.8,0.0657,1.01,130.5,40.5,12.8
2025-05-07T07:19:00+00:00,2041.6,81.25,359.2,13.82,389.0,13.5,589.3,0.0611,1.06,130.5,40.5,10.1
2025-05-07T07:20:00+00:00,1904.3,78.75,332.1,13.86,394.1,15.7,573.3,0.0611,1.11,130.5,40.5,10.7
2025-05-07T07:21:00+00:00,2007.0,81.99,335.5,13.87,375.3,13.2,609.5,0.0610,1.09,130.5,40.5,12.5
2025-05-07T07:22:00+00:00,2075.9,79.24,346.4,13.82,390.0,16.4,641.9,0.0609,1.03,130.5,40.5,13.5
2025-05-07T07:23:00+00:00,1972.6,81.34,364.6,13.39,368.2,18.0,656.4,0.0597,0.97,130.5,40.5,13.5
2025-05-07T07:24:00+00:00,1906.4,81.30,347.0,13.54,382.6,17.7,552.9,0.0604,1.07,130.5,40.5,11.8
2025-05-07T07:25:00+00:00,2291.1,86.10,352.1,14.00,399.7,13.1,671.9,0.0704,1.04,130.5,40.5,11.3
2025-05-07T07:26:00+00:00,1918.2,81.69,350.2,14.10,386.3,14.9,547.6,0.0598,1.00,130.5,40.5,11.1
2025-05-07T07:27:00+00:00,2067.7,82.44,336.6,13.55,370.1,15.1,523.9,0.0655,1.07,130.5,40.5,13.1
2025-05-07T07:28:00+00:00,2150.6,80.69,337.0,13.55,384.4,14.8,584.3,0.0611,1.00,130.5,40.5,12.3
2025-05-07T07:29:00+00:00,1823.9,81.82,346.2,13.80,369.8,14.8,605.6,0.0611,1.18,130.5,40.5,11.0
2025-05-07T07:30:00+00:00,1948.8,81.27,351.3,13.79,362.5,15.1,603.5,0.0602,1.02,130.5,40.5,12.7
2025-05-07T07:31:00+00:00,1961.8,80.58,349.2,14.01,380.3,14.8,615.7,0.0625,0.92,130.5,40.5,13.1
2025-05-07T07:32:00+00:00,1852.4,80.10,354.1,13.86,384.0,13.5,615.1,0.0603,1.08,130.5,40.5,10.6
2025-05-07T07:33:00+00:00,1923.1,80.45,351.3,13.68,371.6,17.8,595.0,0.0724,1.13,130.5,40.5,11.0
2025-05-07T07:34:00+00:00,1957.7,79.76,351.8,13.44,376.3,15.6,595.4,0.0608,1.08,130.5,40.5,12.3
2025-05-07T07:35:00+00:00,1922.4,82.38,348.4,13.98,377.6,17.4,609.1,0.0608,0.96,130.5,40.5,11.9
2025-05-07T07:36:00+00:00,2049.0,81.81,352.5,13.40,391.2,16.3,581.1,0.0607,1.02,130.5,40.5,12.1
2025-05-07T07:37:00+00:00,1996.7,79.95,345.0,13.48,390.5,14.5,637.8,0.0601,1.00,130.5,40.5,10.5
2025-05-07T07:38:00+00:00,2019.8,84.57,354.7,13.83,385.4,16.1,592.8,0.0613,1.10,130.5,40.5,10.1
2025-05-07T07:39:00+00:00,2015.0,81.28,340.7,14.15,351.6,16.9,580.8,0.0625,1.02,130.5,40.5,11.2
2025-05-07T07:40:00+00:00,1960.2,81.49,332.6,13.85,404.4,17.8,636.5,0.0599,0.99,130.5,40.5,10.2
2025-05-07T07:41:00+00:00,1964.3,77.75,352.0,13.84,379.5,17.5,554.1,0.0609,1.08,130.5,40.5,12.1
2025-05-07T07:42:00+00:00,2102.1,83.45,371.0,13.85,402.7,17.6,556.2,0.0607,0.98,130.5,40.5,9.4
2025-05-07T07:43:00+00:00,2033.7,82.90,350.7,13.51,378.8,16.5,627.1,0.0628,1.06,130.5,40.5,10.6
2025-05-07T07:44:00+00:00,2048.2,83.79,357.5,13.82,384.1,16.7,558.8,0.0627,0.99,130.5,40.5,9.5
2025-05-07T07:45:00+00:00,2081.9,83.91,350.3,13.61,368.1,16.4,578.1,0.0631,1.06,130.5,40.5,10.7
2025-05-07T07:46:00+00:00,2136.8,83.15,340.3,13.83,405.3,17.5,624.5,0.0769,0.97,130.5,40.5,11.6
2025-05-07T07:47:00+00:00,2077.1,79.13,351.5,13.95,382.0,16.6,674.2,0.0685,1.06,130.5,40.5,11.5
2025-05-07T07:48:00+00:00,1974.8,81.72,344.1,13.50,385.6,13.8,621.6,0.0609,1.07,130.5,40.5,13.6
2025-05-07T07:49:00+00:00,2030.0,81.50,359.2,13.65,379.5,15.4,642.2,0.0628,1.04,130.5,40.5,11.3
2025-05-07T07:50:00+00:00,2008.0,83.47,361.3,13.42,351.5,15.9,619.1,0.0609,1.07,130.5,40.5,11.8
2025-05-07T07:51:00+00:00,2083.4,81.88,356.8,13.79,374.7,15.9,572.9,0.0610,1.04,130.5,40.5,12.7
2025-05-07T07:52:00+00:00,1933.1,82.03,351.0,13.95,360.2,15.4,607.5,0.0598,0.98,130.5,40.5,11.1
2025-05-07T07:53:00+00:00,2111.6,83.98,355.2,14.21,376.2,18.7,589.7,0.0610,1.03,130.5,40.5,10.0
2025-05-07T07:54:00+00:00,2098.5,83.20,345.0,14.15,374.0,15.9,584.1,0.0611,1.03,130.5,40.5,10.8
2025-05-07T07:55:00+00:00,2063.4,81.69,339.3,14.00,394.8,17.2,621.7,0.0604,0.97,130.5,40.5,12.6
2025-05-07T07:56:00+00:00,1126.3,81.22,361.9,13.84,336.8,16.2,583.0,0.0669,1.09,130.5,40.5,11.7
2025-05-07T07:57:00+00:00,947.9,78.66,352.9,13.99,352.7,15.4,554.7,0.0657,1.06,130.5,40.5,10.0
2025-05-07T07:58:00+00:00,951.4,78.68,361.6,13.86,361.4,15.9,541.8,0.0571,1.04,130.5,40.5,9.5
2025-05-07T07:59:00+00:00,934.0,79.80,355.2,13.83,338.2,15.6,576.5,0.0592,1.05,130.5,40.5,11.5
2025-05-07T08:00:00+00:00,1164.9,79.24,343.1,13.86,375.9,15.5,556.3,0.0671,1.05,130.5,40.5,9.8
2025-05-07T08:01:00+00:00,1021.9,79.37,353.0,13.80,365.2,13.8,533.6,0.0548,0.98,130.5,40.5,11.2
2025-05-07T08:02:00+00:00,1044.7,79.59,361.2,13.81,371.0,13.6,522.1,0.0555,1.04,130.5,40.5,11.9
2025-05-07T08:03:00+00:00,901.6,79.98,357.1,14.27,340.5,16.5,577.1,0.0641,1.02,130.5,40.5,10.9
2025-05-07T08:04:00+00:00,1002.9,78.97,351.5,13.99,350.4,17.6,575.9,0.0555,1.06,130.5,40.5,12.1
2025-05-07T08:05:00+00:00,903.0,77.54,351.2,13.83,355.9,16.9,553.7,0.0572,0.91,130.5,40.5,9.8
2025-05-07T14:00:00+00:00,853.4,77.38,352.2,13.96,349.9,16.6,552.0,0.0549,1.09,130.5,40.5,11.2
2025-05-07T14:01:00+00:00,917.8,79.16,361.9,13.81,333.5,14.5,546.4,0.0604,0.92,130.5,40.5,12.0
2025-05-07T14:02:00+00:00,1125.6,80.36,348.2,13.67,345.5,14.7,546.5,0.0625,1.09,130.5,40.5,8.7
2025-05-07T14:03:00+00:00,948.2,76.44,361.1,13.65,349.6,15.9,579.8,0.0569,1.06,130.5,40.5,11.2
2025-05-07T14:04:00+00:00,888.6,78.31,336.7,13.55,344.2,15.1,479.6,0.0557,1.03,130.5,40.5,11.8
2025-05-07T14:05:00+00:00,939.8,77.24,344.9,13.84,356.2,16.7,491.1,0.0553,1.07,130.5,40.5,11.7
2025-05-07T14:06:00+00:00,938.9,79.89,351.8,13.95,340.6,15.4,589.8,0.0577,1.12,130.5,40.5,11.8
2025-05-07T14:07:00+00:00,1002.0,79.40,346.7,14.07,342.6,15.2,538.1,0.0548,0.99,130.5,40.5,11.2
2025-05-07T14:08:00+00:00,838.2,77.98,362.9,13.79,338.7,15.5,562.4,0.0568,1.00,130.5,40.5,10.9
2025-05-07T14:09:00+00:00,950.8,79.28,364.0,14.01,316.9,15.4,478.4,0.0546,1.01,130.5,40.5,12.2
2025-05-07T14:10:00+00:00,1003.1,79.14,349.1,14.01,356.9,19.1,523.9,0.0644,1.12,130.5,40.5,11.3
2025-05-07T14:11:00+00:00,846.4,81.46,352.8,13.78,344.4,13.9,539.4,0.0577,0.98,130.5,40.5,10.4
2025-05-07T14:12:00+00:00,997.5,77.40,363.9,13.65,347.4,17.0,547.7,0.0550,1.02,130.5,40.5,11.5
2025-05-07T14:13:00+00:00,904.9,79.08,349.9,13.87,356.4,17.8,589.8,0.0550,1.06,130.5,40.5,9.6
2025-05-07T14:14:00+00:00,2041.2,79.59,355.7,13.71,396.2,15.5,603.4,0.0611,1.07,130.5,40.5,12.9
2025-05-07T14:15:00+00:00,1947.0,81.51,342.2,13.67,378.4,14.5,582.9,0.0607,1.09,130.5,40.5,11.0
2025-05-07T14:16:00+00:00,2011.0,83.56,352.9,13.82,370.9,15.4,502.1,0.0640,0.95,130.5,40.5,11.8
2025-05-07T14:17:00+00:00,2043.6,82.36,341.8,13.62,392.1,17.1,582.7,0.0603,1.00,130.5,40.5,9.0
2025-05-07T14:18:00+00:00,2148.8,84.20,361.1,13.81,402.1,15.3,659.9,0.0604,0.93,130.5,40.5,10.5
2025-05-07T14:19:00+00:00,2117.0,82.45,349.3,14.00,390.9,13.6,624.6,0.0622,1.15,130.5,40.5,10.2
2025-05-07T14:20:00+00:00,1925.9,80.83,339.2,14.19,381.7,18.4,565.3,0.0667,0.98,130.5,40.5,12.1
2025-05-07T14:21:00+00:00,1952.5,81.67,342.0,13.76,364.8,14.5,594.7,0.0603,1.03,130.5,40.5,10.8
2025-05-07T14:22:00+00:00,1978.0,81.54,349.9,13.73,376.7,15.4,663.6,0.0600,1.00,130.5,40.5,11.5
2025-05-07T14:23:00+00:00,1879.9,81.56,345.8,14.19,365.7,15.9,609.9,0.0633,1.01,130.5,40.5,10.5
2025-05-07T14:24:00+00:00,2055.1,80.13,347.5,14.08,364.1,16.4,597.5,0.0700,1.02,130.5,40.5,10.8
2025-05-07T14:25:00+00:00,1937.9,81.99,338.8,13.68,353.5,17.1,558.4,0.0629,1.00,130.5,40.5,12.5
2025-05-07T14:26:00+00:00,2093.7,81.38,326.0,13.59,380.4,15.6,584.7,0.0651,1.10,130.5,40.5,12.3
2025-05-07T14:27:00+00:00,2009.9,83.23,340.0,13.72,405.5,15.9,638.4,0.0614,1.12,130.5,40.5,10.9
2025-05-07T14:28:00+00:00,2039.9,81.70,347.1,13.90,384.7,15.9,608.6,0.0613,1.02,130.5,40.5,13.1
2025-05-07T14:29:00+00:00,1966.0,82.67,364.4,13.47,358.2,13.6,579.1,0.0615,1.13,130.5,40.5,11.4
2025-05-07T14:30:00+00:00,2127.3,78.28,339.1,13.81,386.0,16.3,634.3,0.0629,1.05,130.5,40.5,10.1
2025-05-07T14:31:00+00:00,1853.3,84.05,344.3,13.76,375.8,17.0,560.9,0.0600,1.05,130.5,40.5,11.4
2025-05-07T14:32:00+00:00,2108.8,80.34,357.4,13.75,382.0,16.3,582.0,0.0671,1.04,130.5,40.5,12.1
2025-05-07T14:33:00+00:00,1890.0,80.73,359.9,13.87,390.8,17.7,555.8,0.0594,0.98,130.5,40.5,10.8
2025-05-07T14:34:00+00:00,2095.1,82.47,355.9,14.07,381.6,18.5,564.8,0.0602,0.95,130.5,40.5,10.7
2025-05-07T14:35:00+00:00,2047.5,81.45,347.1,13.76,378.3,16.5,604.4,0.0655,1.03,130.5,40.5,11.1
2025-05-07T14:36:00+00:00,1971.2,82.98,358.8,13.83,376.3,16.5,570.2,0.0610,1.10,130.5,40.5,9.8
2025-05-07T14:37:00+00:00,2072.8,81.21,350.6,13.53,393.2,16.3,555.5,0.0674,0.98,130.5,40.5,12.3
2025-05-07T14:38:00+00:00,1920.2,84.18,343.6,13.65,398.0,14.1,605.0,0.0619,1.01,130.5,40.5,12.7
2025-05-07T14:39:00+00:00,2010.2,83.28,346.2,13.72,389.0,13.6,635.3,0.0612,0.96,130.5,40.5,11.5
2025-05-07T14:40:00+00:00,1986.6,81.96,357.3,13.74,374.4,16.3,602.7,0.0612,1.08,130.5,40.5,10.6
2025-05-07T14:41:00+00:00,1944.4,80.72,362.0,13.99,362.3,15.2,628.6,0.0603,1.04,130.5,40.5,11.4
2025-05-07T14:42:00+00:00,1882.8,83.05,345.6,13.86,355.3,12.5,615.9,0.0597,1.02,130.5,40.5,10.4
2025-05-07T14:43:00+00:00,1923.1,82.38,368.7,13.81,383.1,15.9,583.0,0.0600,1.02,130.5,40.5,10.2
2025-05-07T14:44:00+00:00,2090.5,82.69,336.9,13.88,388.3,19.1,659.5,0.0610,1.03,130.5,40.5,10.0
2025-05-07T14:45:00+00:00,1941.7,81.99,345.6,13.81,371.8,18.1,659.3,0.0642,1.10,130.5,40.5,13.5
2025-05-07T14:46:00+00:00,2071.0,81.05,344.4,14.14,349.6,16.6,662.2,0.0626,1.02,130.5,40.5,10.6
2025-05-07T14:47:00+00:00,2087.2,84.09,337.2,13.64,389.2,16.0,601.5,0.0609,1.03,130.5,40.5,12.8
2025-05-07T14:48:00+00:00,1996.8,80.23,360.4,13.84,389.5,16.1,621.3,0.0615,1.03,130.5,40.5,11.9
2025-05-07T14:49:00+00:00,2068.5,82.68,348.4,13.73,396.4,11.3,563.1,0.0607,1.00,130.5,40.5,11.5
2025-05-07T14:50:00+00:00,2013.3,80.91,351.7,13.56,393.2,16.0,588.7,0.0617,1.06,130.5,40.5,10.4
2025-05-07T14:51:00+00:00,2048.4,80.43,351.0,13.83,396.2,14.4,587.4,0.0614,1.09,130.5,40.5,10.5
2025-05-07T14:52:00+00:00,1879.0,84.62,350.4,14.06,374.3,17.1,572.1,0.0613,1.00,130.5,40.5,11.4
2025-05-07T14:53:00+00:00,1924.9,80.79,345.0,13.70,392.5,17.7,622.1,0.0639,1.02,130.5,40.5,11.9
2025-05-07T14:54:00+00:00,1949.9,80.34,353.1,13.66,402.9,15.0,617.0,0.0604,1.05,130.5,40.5,10.6
2025-05-07T14:55:00+00:00,1955.4,79.81,344.7,13.85,384.1,15.6,617.1,0.0698,1.02,130.5,40.5,11.4
2025-05-07T14:56:00+00:00,2039.8,79.46,352.2,13.58,360.3,14.3,646.5,0.0711,1.00,130.5,40.5,13.6
2025-05-07T14:57:00+00:00,1838.9,81.36,343.4,13.82,403.3,16.1,570.0,0.0608,0.98,130.5,40.5,11.2
2025-05-07T14:58:00+00:00,1905.5,79.45,332.8,13.73,369.2,15.7,585.6,0.0659,0.96,130.5,40.5,11.0
2025-05-07T14:59:00+00:00,2182.9,81.96,343.0,13.76,387.7,13.7,559.8,0.0613,1.02,130.5,40.5,11.1
2025-05-07T15:00:00+00:00,2016.7,83.82,357.3,13.74,381.5,16.8,584.5,0.0602,1.00,130.5,40.5,10.9
2025-05-07T15:01:00+00:00,2133.0,80.25,353.4,13.40,363.3,17.3,594.4,0.0611,1.01,130.5,40.5,10.7
2025-05-07T15:02:00+00:00,2062.3,84.15,368.9,14.00,399.5,15.7,637.0,0.0650,1.12,130.5,40.5,10.6
2025-05-07T15:03:00+00:00,2126.3,86.06,351.9,13.51,371.4,15.5,568.5,0.0614,0.97,130.5,40.5,10.2
2025-05-07T15:04:00+00:00,2089.8,81.43,354.4,14.11,381.1,14.0,627.8,0.0671,1.01,130.5,40.5,10.7
2025-05-07T15:05:00+00:00,2214.6,84.13,354.9,14.04,398.3,14.6,579.4,0.0623,1.10,130.5,40.5,10.6
2025-05-07T15:06:00+00:00,2055.5,82.81,352.8,13.86,387.3,15.4,559.8,0.0613,1.08,130.5,40.5,10.0
2025-05-07T15:07:00+00:00,1999.5,80.73,337.8,13.99,356.9,17.7,587.7,0.0601,0.93,130.5,40.5,9.4
2025-05-07T15:08:00+00:00,2047.6,81.44,343.3,13.50,366.3,19.0,577.5,0.0613,1.08,130.5,40.5,11.0
2025-05-07T15:09:00+00:00,1769.6,81.68,342.1,13.72,364.9,16.4,610.7,0.0638,1.11,130.5,40.5,13.0
2025-05-07T15:10:00+00:00,2176.7,81.82,344.5,13.63,371.0,12.3,671.5,0.0609,0.96,130.5,40.5,10.2
2025-05-07T15:11:00+00:00,2127.8,81.11,342.3,13.73,365.9,12.8,615.2,0.0610,1.02,130.5,40.5,12.0
2025-05-07T15:12:00+00:00,2112.9,79.74,342.8,13.65,393.7,17.5,625.2,0.0615,1.07,130.5,40.5,11.8
2025-05-07T15:13:00+00:00,1960.7,82.31,339.6,13.77,373.8,15.2,594.6,0.0604,1.05,130.5,40.5,12.6
2025-05-07T15:14:00+00:00,2453.5,84.56,338.7,13.64,378.7,15.4,573.9,0.0702,1.04,130.5,40.5,9.6
2025-05-07T15:15:00+00:00,2201.3,82.57,354.6,13.94,395.6,18.0,595.2,0.0660,1.10,130.5,40.5,9.7
2025-05-07T15:16:00+00:00,1957.8,79.80,348.5,13.81,390.1,16.2,573.8,0.0632,1.00,130.5,40.5,10.4
2025-05-07T15:17:00+00:00,1870.2,83.94,348.7,13.60,391.7,16.8,589.9,0.0596,1.01,130.5,40.5,10.3
2025-05-07T15:18:00+00:00,2489.9,81.39,338.4,13.85,397.2,18.0,566.9,0.0643,1.00,130.5,40.5,13.5
2025-05-07T15:19:00+00:00,2535.7,83.84,346.3,13.71,389.4,16.0,639.1,0.0629,0.98,130.5,40.5,10.1
2025-05-07T15:20:00+00:00,2495.5,82.07,347.7,13.84,390.8,19.5,639.3,0.0635,1.07,130.5,40.5,9.4
2025-05-07T15:21:00+00:00,2209.5,82.11,354.9,13.62,380.0,16.4,627.7,0.0736,1.01,130.5,40.5,12.0
2025-05-07T15:22:00+00:00,2061.4,79.81,359.5,13.52,389.5,16.6,640.9,0.0654,1.05,130.5,40.5,11.6
2025-05-07T15:23:00+00:00,2088.4,82.00,357.6,13.65,383.2,15.7,615.9,0.0607,1.00,130.5,40.5,10.4
2025-05-07T15:24:00+00:00,2499.0,83.75,353.7,13.86,398.2,14.0,606.5,0.0662,1.03,130.5,40.5,10.2
2025-05-07T15:25:00+00:00,2276.4,82.25,340.7,13.91,414.0,15.5,630.1,0.0683,1.09,130.5,40.5,10.9
2025-05-07T15:26:00+00:00,2102.1,82.83,347.1,13.68,364.8,16.7,618.2,0.0597,0.90,130.5,40.5,11.9
2025-05-07T15:27:00+00:00,1918.0,80.06,334.8,13.73,374.0,14.2,601.6,0.0606,1.08,130.5,40.5,10.3
2025-05-07T15:28:00+00:00,2059.9,85.13,355.6,13.81,373.4,17.2,617.3,0.0613,1.07,130.5,40.5,11.1
2025-05-07T15:29:00+00:00,2162.4,82.99,337.5,13.58,392.3,17.6,595.7,0.0687,1.09,130.5,40.5,12.6
2025-05-07T15:30:00+00:00,2186.4,84.49,356.5,13.63,357.7,17.4,593.5,0.0626,1.07,130.5,40.5,12.0
2025-05-07T15:31:00+00:00,1873.8,81.39,342.7,13.77,375.4,14.6,525.6,0.0681,1.09,130.5,40.5,9.9
2025-05-07T15:32:00+00:00,2071.1,82.69,357.0,13.67,389.6,16.1,618.2,0.0608,1.01,130.5,40.5,9.4
2025-05-07T15:33:00+00:00,2510.4,85.88,355.7,13.69,417.9,16.4,595.4,0.0641,1.12,130.5,40.5,10.9
2025-05-07T15:34:00+00:00,1935.6,81.22,349.4,14.01,378.7,16.6,589.7,0.0598,1.00,130.5,40.5,10.3
2025-05-07T15:35:00+00:00,1975.3,82.30,358.1,13.72,389.6,17.2,643.8,0.0673,1.05,130.5,40.5,10.8
2025-05-07T15:36:00+00:00,2026.6,83.04,345.0,13.53,392.5,15.0,566.6,0.0609,1.06,130.5,40.5,11.1
2025-05-07T15:37:00+00:00,1958.0,81.20,342.1,13.73,383.2,15.8,575.6,0.0615,1.07,130.5,40.5,10.2
2025-05-07T15:38:00+00:00,2030.3,81.59,361.7,13.87,388.3,16.1,605.8,0.0608,1.06,130.5,40.5,11.4
2025-05-07T15:39:00+00:00,2418.2,80.60,339.3,13.80,371.3,14.9,651.3,0.0659,1.09,130.5,40.5,11.9
2025-05-07T15:40:00+00:00,2535.8,85.49,344.6,13.97,396.8,15.9,642.9,0.0635,1.02,130.5,40.5,10.6
2025-05-07T15:41:00+00:00,2034.3,81.28,342.0,13.83,402.0,16.9,641.8,0.0616,1.12,130.5,40.5,11.2
2025-05-07T15:42:00+00:00,2484.3,82.77,349.2,13.82,402.9,14.6,655.4,0.0645,1.04,130.5,40.5,12.8
2025-05-07T15:43:00+00:00,1850.0,82.54,363.0,13.64,379.2,18.2,612.0,0.0596,1.01,130.5,40.5,11.7
2025-05-07T15:44:00+00:00,2035.1,82.20,357.9,13.83,379.1,16.1,589.6,0.0612,1.07,130.5,40.5,9.6
2025-05-07T15:45:00+00:00,2231.4,80.37,342.8,13.94,396.1,16.3,587.6,0.0697,1.13,130.5,40.5,12.2
2025-05-07T15:46:00+00:00,2007.4,80.43,345.7,13.97,381.5,16.6,578.3,0.0606,1.04,130.5,40.5,11.7
2025-05-07T15:47:00+00:00,1914.2,81.38,346.7,14.10,393.3,14.3,627.1,0.0603,1.05,130.5,40.5,10.2
2025-05-07T15:48:00+00:00,1916.4,81.16,354.3,14.05,371.6,14.8,587.7,0.0591,0.93,130.5,40.5,10.6
2025-05-07T15:49:00+00:00,2129.5,83.31,348.0,13.72,410.8,17.3,570.9,0.0606,0.95,130.5,40.5,9.8
2025-05-07T15:50:00+00:00,2154.4,85.66,342.1,13.68,392.4,15.1,603.3,0.0613,1.03,130.5,40.5,11.8
2025-05-07T15:51:00+00:00,2105.0,82.66,359.3,13.69,384.2,15.6,636.1,0.0614,1.05,130.5,40.5,11.6
2025-05-07T15:52:00+00:00,2045.0,82.79,340.6,13.76,386.3,15.4,549.7,0.0605,1.01,130.5,40.5,10.9
2025-05-07T15:53:00+00:00,1912.0,79.26,340.3,13.76,380.4,15.2,640.0,0.0602,1.05,130.5,40.5,11.4
2025-05-07T15:54:00+00:00,2172.0,82.31,344.9,13.89,383.1,16.4,640.2,0.0618,1.06,130.5,40.5,13.0
2025-05-07T15:55:00+00:00,2011.1,82.99,341.8,13.68,379.5,14.4,641.4,0.0693,1.14,130.5,40.5,12.5
2025-05-07T15:56:00+00:00,2197.0,82.47,353.1,13.90,392.9,16.4,575.6,0.0623,1.10,130.5,40.5,10.6
2025-05-07T15:57:00+00:00,1711.5,80.44,340.8,13.70,348.2,16.1,604.9,0.0610,1.14,130.5,40.5,11.0
2025-05-07T15:58:00+00:00,1932.3,82.67,340.5,13.82,393.1,17.9,576.2,0.0600,1.02,130.5,40.5,10.0
2025-05-07T15:59:00+00:00,2100.2,80.11,347.8,13.75,377.4,14.7,548.7,0.0614,1.06,130.5,40.5,10.3
2025-05-07T16:00:00+00:00,2102.9,82.19,342.5,13.83,407.2,15.9,587.7,0.0728,1.02,130.5,40.5,11.1
2025-05-07T16:01:00+00:00,1925.9,82.90,349.9,14.04,364.6,14.7,642.5,0.0595,0.97,130.5,40.5,11.3
2025-05-07T16:02:00+00:00,2213.2,81.13,348.2,13.84,395.8,15.2,604.7,0.0639,1.01,130.5,40.5,12.6
2025-05-07T16:03:00+00:00,2041.9,82.04,348.0,13.83,383.6,17.0,556.5,0.0638,1.01,130.5,40.5,9.8
2025-05-07T16:04:00+00:00,1780.1,78.07,349.3,13.75,370.6,17.5,641.1,0.0596,1.05,130.5,40.5,12.1
2025-05-07T16:05:00+00:00,2172.2,84.31,348.9,13.99,370.8,16.4,628.1,0.0620,1.08,130.5,40.5,10.6
2025-05-07T16:06:00+00:00,1947.5,81.45,355.8,13.60,377.0,14.7,563.7,0.0610,1.11,130.5,40.5,11.8
2025-05-07T16:07:00+00:00,1768.3,84.04,353.5,14.11,351.3,16.3,575.5,0.0592,1.03,130.5,40.5,12.7
2025-05-07T16:08:00+00:00,1995.2,82.55,354.5,13.82,349.0,17.7,677.0,0.0623,1.02,130.5,40.5,12.9
2025-05-07T16:09:00+00:00,1850.8,85.08,334.9,14.08,379.7,13.5,595.5,0.0639,1.10,130.5,40.5,10.6
2025-05-07T16:10:00+00:00,2070.8,84.31,353.1,14.01,364.5,17.0,657.0,0.0610,1.02,130.5,40.5,11.4
2025-05-07T16:11:00+00:00,2022.4,83.49,343.3,13.48,381.4,15.5,609.5,0.0625,0.99,130.5,40.5,9.4
2025-05-07T16:12:00+00:00,2031.8,78.97,353.7,13.72,364.0,14.9,640.7,0.0600,0.96,130.5,40.5,11.2
2025-05-07T16:13:00+00:00,1797.4,80.07,364.6,14.02,377.7,17.9,639.0,0.0724,1.03,130.5,40.5,11.3
2025-05-07T16:14:00+00:00,2141.6,82.98,345.9,13.79,375.4,15.7,611.2,0.0626,1.02,130.5,40.5,13.3
2025-05-07T16:15:00+00:00,2051.6,82.62,357.6,13.72,398.4,13.8,574.3,0.0605,0.99,130.5,40.5,10.7
2025-05-07T16:16:00+00:00,1930.9,84.62,340.6,13.78,389.0,15.6,626.7,0.0639,0.99,130.5,40.5,11.9
2025-05-07T16:17:00+00:00,1945.7,81.11,348.2,13.85,353.6,15.5,625.6,0.0594,0.95,130.5,40.5,11.4
2025-05-07T16:18:00+00:00,1761.7,79.88,338.2,13.71,346.5,17.0,620.4,0.0607,0.94,130.5,40.5,13.2
2025-05-07T16:19:00+00:00,1924.3,82.85,345.4,13.97,386.4,12.6,535.0,0.0618,1.06,130.5,40.5,10.7
2025-05-07T16:20:00+00:00,2041.1,77.91,354.1,13.94,382.9,13.9,603.9,0.0670,1.08,130.5,40.5,12.0
2025-05-07T16:21:00+00:00,2017.9,81.38,356.7,13.83,361.1,17.2,619.1,0.0614,1.09,130.5,40.5,12.4
2025-05-07T16:22:00+00:00,2171.8,83.57,356.9,13.54,409.9,17.0,639.7,0.0637,1.08,130.5,40.5,11.7
2025-05-07T16:23:00+00:00,2084.1,83.55,345.3,13.90,378.6,12.7,660.5,0.0610,1.03,130.5,40.5,11.5
2025-05-07T16:24:00+00:00,2138.3,81.26,359.9,13.68,363.1,14.4,657.7,0.0610,1.01,130.5,40.5,13.1
2025-05-07T16:25:00+00:00,1922.6,80.90,352.8,13.99,369.3,17.1,597.9,0.0607,1.08,130.5,40.5,9.7
2025-05-07T16:26:00+00:00,2006.2,83.10,332.2,13.79,377.9,16.4,612.1,0.0636,1.00,130.5,40.5,11.3
2025-05-07T16:27:00+00:00,1998.0,79.45,354.1,13.69,359.4,15.5,594.1,0.0604,1.03,130.5,40.5,10.5
2025-05-07T16:28:00+00:00,1949.5,83.81,361.9,14.04,396.3,14.4,615.8,0.0613,1.14,130.5,40.5,11.0
2025-05-07T16:29:00+00:00,2145.4,78.09,365.4,13.57,383.8,15.9,643.2,0.0663,1.10,130.5,40.5,12.0
2025-05-07T16:30:00+00:00,1954.7,80.95,352.3,13.64,386.5,16.7,596.1,0.0680,1.07,130.5,40.5,13.5
2025-05-07T16:31:00+00:00,1819.0,79.17,349.1,13.78,384.7,17.3,567.8,0.0710,1.10,130.5,40.5,9.8
2025-05-07T16:32:00+00:00,2138.5,82.60,334.8,14.27,377.0,14.6,599.0,0.0682,1.11,130.5,40.5,10.4
2025-05-07T16:33:00+00:00,1861.7,82.06,347.9,13.90,381.1,14.8,593.5,0.0592,0.97,130.5,40.5,11.0
2025-05-07T16:34:00+00:00,1907.5,82.95,348.3,13.95,375.5,15.0,606.0,0.0598,1.00,130.5,40.5,11.5
2025-05-07T16:35:00+00:00,2079.2,85.42,341.8,13.71,397.8,15.4,527.0,0.0618,1.12,130.5,40.5,9.7
2025-05-07T16:36:00+00:00,2027.7,84.54,351.1,13.96,379.9,15.4,565.5,0.0637,1.08,130.5,40.5,13.5
2025-05-07T16:37:00+00:00,1827.8,80.11,359.0,14.05,376.8,15.2,586.6,0.0595,1.03,130.5,40.5,11.0
2025-05-07T16:38:00+00:00,1985.2,80.26,343.6,13.83,367.3,17.2,635.8,0.0607,1.05,130.5,40.5,12.2
2025-05-07T16:39:00+00:00,1804.7,82.25,340.5,13.80,383.9,13.6,581.2,0.0642,1.05,130.5,40.5,10.0
2025-05-07T16:40:00+00:00,2024.1,82.34,340.3,13.53,400.3,14.7,590.8,0.0613,1.11,130.5,40.5,12.2
2025-05-07T16:41:00+00:00,1044.1,76.43,367.5,13.63,350.1,15.5,581.3,0.0543,0.92,130.5,40.5,11.9
2025-05-07T16:42:00+00:00,988.2,79.69,351.4,13.90,354.5,15.1,560.9,0.0556,1.07,130.5,40.5,12.6
2025-05-07T16:43:00+00:00,920.0,77.24,346.9,13.87,330.7,15.5,567.6,0.0540,0.97,130.5,40.5,12.0
2025-05-07T16:44:00+00:00,1072.7,78.09,352.8,13.98,344.4,15.9,621.3,0.0562,1.10,130.5,40.5,12.5
2025-05-07T16:45:00+00:00,1088.9,77.73,348.1,14.06,361.0,16.3,557.8,0.0594,1.09,130.5,40.5,11.0
2025-05-07T16:46:00+00:00,1006.3,76.85,363.8,13.80,355.3,18.8,569.3,0.0599,1.00,130.5,40.5,11.4
2025-05-07T16:47:00+00:00,1014.1,81.03,353.7,13.84,335.5,17.5,496.5,0.0546,0.97,130.5,40.5,9.2
2025-05-07T16:48:00+00:00,878.2,77.60,354.4,13.77,370.7,14.1,567.8,0.0550,1.09,130.5,40.5,10.9
2025-05-07T16:49:00+00:00,1057.6,80.44,354.7,14.23,343.0,19.6,559.2,0.0579,1.02,130.5,40.5,10.5
2025-05-07T16:50:00+00:00,1096.8,78.79,372.3,13.93,346.7,14.9,521.1,0.0550,0.95,130.5,40.5,13.2
2025-05-07T16:51:00+00:00,968.9,79.52,358.7,13.67,351.5,15.4,590.4,0.0542,0.94,130.5,40.5,10.7
2025-05-07T16:52:00+00:00,886.2,76.48,352.3,13.71,344.1,13.3,579.6,0.0557,0.98,130.5,40.5,10.9
2025-05-07T16:53:00+00:00,1006.5,77.79,346.1,13.79,355.7,16.9,593.5,0.0614,1.10,130.5,40.5,10.4
2025-05-08T06:00:00+00:00,979.8,79.26,361.1,13.79,346.8,20.5,496.5,0.0521,0.74,357.2,177.2,9.6
2025-05-08T06:01:00+00:00,993.6,78.97,349.8,13.94,340.9,16.7,594.8,0.0554,0.65,357.2,177.2,10.5
2025-05-08T06:02:00+00:00,1001.5,78.96,355.6,13.78,360.5,15.7,611.5,0.0567,0.73,357.2,177.2,9.8
2025-05-08T06:03:00+00:00,873.7,78.16,361.7,13.62,350.2,17.5,537.9,0.0515,0.71,357.2,177.2,9.3
2025-05-08T06:04:00+00:00,1020.7,76.65,356.1,13.96,348.3,15.1,583.0,0.0526,0.76,357.2,177.2,11.2
2025-05-08T06:05:00+00:00,1002.9,78.50,352.4,13.86,342.2,16.4,559.7,0.0577,0.72,357.2,177.2,9.7
2025-05-08T06:06:00+00:00,903.1,78.24,364.4,13.87,345.3,17.1,511.8,0.0524,0.67,357.2,177.2,11.3
2025-05-08T06:07:00+00:00,961.1,79.60,354.9,13.79,342.6,16.8,579.9,0.0505,0.60,357.2,177.2,9.8
2025-05-08T06:08:00+00:00,1123.2,77.68,355.9,13.90,333.5,16.7,569.1,0.0519,0.64,357.2,177.2,9.8
2025-05-08T06:09:00+00:00,915.4,74.59,347.4,13.72,368.1,15.9,539.1,0.0505,0.62,357.2,177.2,8.9
2025-05-08T06:10:00+00:00,1028.6,78.05,355.7,13.94,359.9,17.0,553.7,0.0541,0.68,357.2,177.2,9.2
2025-05-08T06:11:00+00:00,1846.6,81.72,350.8,13.91,378.7,13.7,581.5,0.0566,0.73,357.2,177.2,10.6
2025-05-08T06:12:00+00:00,2226.0,83.75,357.7,13.84,385.4,14.4,602.7,0.0591,0.78,357.2,177.2,11.0
2025-05-08T06:13:00+00:00,1927.4,81.69,364.2,13.67,392.0,17.5,544.4,0.0624,0.78,357.2,177.2,9.8
2025-05-08T06:14:00+00:00,1943.2,81.35,346.9,13.83,365.2,17.2,569.6,0.0585,0.65,357.2,177.2,10.6
2025-05-08T06:15:00+00:00,2116.5,82.98,350.6,13.67,379.3,14.7,615.9,0.0666,0.78,357.2,177.2,11.5
2025-05-08T06:16:00+00:00,2082.0,81.09,345.8,13.81,406.3,15.9,595.9,0.0580,0.73,357.2,177.2,11.9
2025-05-08T06:17:00+00:00,2020.3,85.96,354.7,14.06,385.6,16.5,580.2,0.0665,0.70,357.2,177.2,10.8
2025-05-08T06:18:00+00:00,1958.3,79.00,354.2,13.49,370.0,15.9,578.5,0.0572,0.73,357.2,177.2,7.8
2025-05-08T06:19:00+00:00,2129.7,79.42,362.2,13.62,383.8,15.9,566.7,0.0612,0.70,357.2,177.2,10.0
2025-05-08T06:20:00+00:00,1926.1,79.69,360.0,13.70,368.1,16.5,557.8,0.0596,0.76,357.2,177.2,9.9
2025-05-08T06:21:00+00:00,1911.5,80.85,347.6,13.66,375.9,14.7,565.3,0.0602,0.72,357.2,177.2,9.2
2025-05-08T06:22:00+00:00,1934.1,82.81,358.6,13.73,367.0,17.7,570.2,0.0566,0.66,357.2,177.2,10.3
2025-05-08T06:23:00+00:00,1962.1,82.83,355.0,13.72,376.5,14.8,563.8,0.0583,0.84,357.2,177.2,9.9
2025-05-08T06:24:00+00:00,2047.0,81.39,338.0,13.77,382.7,16.3,611.1,0.0592,0.79,357.2,177.2,11.7
2025-05-08T06:25:00+00:00,2037.6,84.64,334.9,13.80,374.9,16.2,618.2,0.0630,0.79,357.2,177.2,10.1
2025-05-08T06:26:00+00:00,2156.9,83.71,351.3,13.73,379.7,17.4,672.2,0.0582,0.72,357.2,177.2,10.3
2025-05-08T06:27:00+00:00,1982.8,83.64,354.3,13.63,392.2,16.8,550.6,0.0571,0.70,357.2,177.2,10.4
2025-05-08T06:28:00+00:00,2089.4,80.78,340.8,13.76,380.8,14.8,634.4,0.0577,0.70,357.2,177.2,10.5
2025-05-08T06:29:00+00:00,1890.5,81.22,348.5,13.98,359.9,16.9,636.9,0.0601,0.69,357.2,177.2,10.5
2025-05-08T06:30:00+00:00,1867.9,81.83,365.0,13.76,391.5,16.0,628.6,0.0579,0.78,357.2,177.2,10.5
2025-05-08T06:31:00+00:00,2149.2,78.37,351.9,13.95,403.5,17.9,577.7,0.0597,0.67,357.2,177.2,8.8
2025-05-08T06:32:00+00:00,1935.3,81.21,344.8,13.80,381.2,17.7,590.9,0.0613,0.80,357.2,177.2,9.8
2025-05-08T06:33:00+00:00,2169.4,82.10,357.3,13.85,393.9,14.1,638.5,0.0584,0.73,357.2,177.2,10.2
2025-05-08T06:34:00+00:00,1797.3,82.00,348.9,13.67,389.5,18.1,539.6,0.0568,0.77,357.2,177.2,8.5
2025-05-08T06:35:00+00:00,1897.5,80.24,356.5,13.99,394.7,15.0,632.9,0.0708,0.69,357.2,177.2,10.7
2025-05-08T06:36:00+00:00,2140.8,81.81,347.1,13.74,394.8,15.0,589.5,0.0576,0.68,357.2,177.2,10.3
2025-05-08T06:37:00+00:00,1904.6,81.87,355.3,13.67,412.5,15.3,541.1,0.0570,0.73,357.2,177.2,9.5
2025-05-08T06:38:00+00:00,1841.9,81.16,347.8,14.15,377.9,14.5,599.2,0.0566,0.72,357.2,177.2,10.2
2025-05-08T06:39:00+00:00,2069.1,81.60,348.2,13.64,371.9,16.4,569.8,0.0616,0.64,357.2,177.2,9.1
2025-05-08T06:40:00+00:00,1883.8,81.06,351.1,13.66,381.2,17.0,642.7,0.0634,0.72,357.2,177.2,10.6
2025-05-08T06:41:00+00:00,1945.1,83.03,346.9,13.86,384.7,17.4,624.6,0.0572,0.72,357.2,177.2,9.4
2025-05-08T06:42:00+00:00,2225.8,80.67,343.9,13.60,429.5,16.3,595.4,0.0606,0.72,357.2,177.2,9.8
2025-05-08T06:43:00+00:00,1980.1,82.27,332.2,13.87,368.7,17.1,586.5,0.0573,0.73,357.2,177.2,10.0
2025-05-08T06:44:00+00:00,2017.7,83.30,370.1,13.84,387.3,16.6,596.9,0.0582,0.77,357.2,177.2,9.0
2025-05-08T06:45:00+00:00,1785.6,81.35,336.1,13.80,371.3,16.9,563.4,0.0559,0.69,357.2,177.2,9.9
2025-05-08T06:46:00+00:00,2000.3,82.60,356.2,14.12,373.1,15.4,601.5,0.0577,0.74,357.2,177.2,8.3
2025-05-08T06:47:00+00:00,1677.4,82.04,364.5,13.77,392.8,15.8,543.2,0.0567,0.79,357.2,177.2,9.7
2025-05-08T06:48:00+00:00,2141.6,84.16,348.9,13.96,387.8,15.9,607.7,0.0581,0.71,357.2,177.2,9.8
2025-05-08T06:49:00+00:00,2046.7,81.97,335.4,13.64,388.6,14.6,580.7,0.0575,0.70,357.2,177.2,9.3
2025-05-08T06:50:00+00:00,2150.0,80.62,344.1,13.80,389.6,17.1,576.0,0.0617,0.68,357.2,177.2,8.9
2025-05-08T06:51:00+00:00,2027.4,83.57,347.6,13.83,359.8,19.8,644.3,0.0591,0.73,357.2,177.2,9.2
2025-05-08T06:52:00+00:00,1817.4,79.75,341.2,13.88,352.3,14.7,606.3,0.0570,0.66,357.2,177.2,9.6
2025-05-08T06:53:00+00:00,2160.4,81.97,353.9,13.77,404.0,16.5,617.4,0.0589,0.78,357.2,177.2,9.4
2025-05-08T06:54:00+00:00,2560.1,85.24,361.7,13.66,416.0,17.2,592.4,0.0687,0.79,357.2,177.2,10.0
2025-05-08T06:55:00+00:00,1983.0,79.09,358.1,13.84,382.3,14.0,616.8,0.0582,0.80,357.2,177.2,9.4
2025-05-08T06:56:00+00:00,2399.5,82.61,339.1,13.88,379.7,16.6,650.6,0.0608,0.72,357.2,177.2,11.3
2025-05-08T06:57:00+00:00,1956.2,78.94,327.2,14.06,373.3,15.5,637.5,0.0596,0.77,357.2,177.2,9.1
2025-05-08T06:58:00+00:00,2448.6,83.54,350.0,13.60,393.5,17.8,628.8,0.0601,0.75,357.2,177.2,10.5
2025-05-08T06:59:00+00:00,2104.9,81.01,353.5,13.62,386.8,14.9,611.7,0.0586,0.79,357.2,177.2,11.4
2025-05-08T07:00:00+00:00,2060.5,80.19,347.5,13.44,370.8,16.7,621.5,0.0574,0.69,357.2,177.2,9.5
2025-05-08T07:01:00+00:00,2047.5,81.92,352.9,13.55,394.7,16.7,622.5,0.0574,0.69,357.2,177.2,10.0
2025-05-08T07:02:00+00:00,2385.0,84.18,358.3,13.90,375.0,13.1,628.2,0.0591,0.69,357.2,177.2,10.1
2025-05-08T07:03:00+00:00,1892.4,81.05,356.2,13.87,370.1,18.0,600.7,0.0590,0.72,357.2,177.2,12.7
2025-05-08T07:04:00+00:00,2036.2,82.22,354.7,13.69,380.5,17.3,646.0,0.0577,0.74,357.2,177.2,9.9
2025-05-08T07:05:00+00:00,1878.0,81.32,349.7,13.77,387.6,15.3,575.9,0.0602,0.78,357.2,177.2,9.1
2025-05-08T07:06:00+00:00,2007.3,81.05,348.2,14.09,375.1,15.7,587.1,0.0611,0.63,357.2,177.2,8.3
2025-05-08T07:07:00+00:00,1978.0,82.65,346.8,13.53,382.5,13.5,562.5,0.0625,0.77,357.2,177.2,9.7
2025-05-08T07:08:00+00:00,1908.6,82.27,375.7,13.81,372.2,17.8,678.2,0.0618,0.67,357.2,177.2,10.1
2025-05-08T07:09:00+00:00,2079.7,80.91,341.8,13.30,379.7,16.2,556.3,0.0591,0.70,357.2,177.2,11.6
2025-05-08T07:10:00+00:00,1914.5,78.93,353.3,13.83,389.0,14.5,611.3,0.0639,0.74,357.2,177.2,9.6
2025-05-08T07:11:00+00:00,1969.4,82.48,355.3,13.66,348.7,15.7,620.1,0.0631,0.73,357.2,177.2,10.2
2025-05-08T07:12:00+00:00,2425.8,82.62,339.5,13.71,379.3,18.9,610.3,0.0672,0.69,357.2,177.2,9.4
2025-05-08T07:13:00+00:00,1950.8,81.38,356.1,13.70,387.9,17.2,585.9,0.0610,0.72,357.2,177.2,10.9
2025-05-08T07:14:00+00:00,2500.5,84.62,350.9,13.75,374.0,16.6,621.6,0.0601,0.73,357.2,177.2,10.8
2025-05-08T07:15:00+00:00,2158.9,82.58,342.2,13.96,373.3,15.2,637.5,0.0584,0.75,357.2,177.2,10.4
2025-05-08T07:16:00+00:00,2421.8,82.04,336.6,13.97,404.4,15.1,629.4,0.0689,0.64,357.2,177.2,10.5
2025-05-08T07:17:00+00:00,1965.8,82.04,367.0,13.76,393.9,13.8,634.7,0.0615,0.71,357.2,177.2,9.8
2025-05-08T07:18:00+00:00,1869.1,82.13,355.2,13.78,373.4,16.0,573.3,0.0563,0.67,357.2,177.2,9.2
2025-05-08T07:19:00+00:00,2041.4,84.00,342.2,13.78,386.5,16.4,595.9,0.0577,0.73,357.2,177.2,10.7
2025-05-08T07:20:00+00:00,1784.7,78.42,348.0,14.04,393.4,14.5,533.4,0.0563,0.71,357.2,177.2,11.0
2025-05-08T07:21:00+00:00,2139.2,81.48,354.5,13.71,395.9,15.7,668.1,0.0582,0.72,357.2,177.2,12.7
2025-05-08T07:22:00+00:00,1952.1,82.10,344.4,13.91,369.8,14.3,618.7,0.0602,0.80,357.2,177.2,8.1
2025-05-08T07:23:00+00:00,2016.9,81.67,359.8,14.08,382.7,15.5,651.1,0.0578,0.76,357.2,177.2,11.5
2025-05-08T07:24:00+00:00,1905.5,82.96,354.0,13.60,383.1,16.3,530.0,0.0567,0.70,357.2,177.2,11.9
2025-05-08T07:25:00+00:00,2074.5,82.41,341.5,14.00,373.0,15.1,607.6,0.0601,0.67,357.2,177.2,9.3
2025-05-08T07:26:00+00:00,1876.4,83.48,365.1,13.64,376.9,17.0,593.5,0.0565,0.69,357.2,177.2,9.9
2025-05-08T07:27:00+00:00,1946.8,81.68,359.5,13.92,391.3,17.3,597.5,0.0575,0.75,357.2,177.2,11.0
2025-05-08T07:28:00+00:00,1844.2,82.04,353.3,13.77,398.6,16.3,557.5,0.0579,0.85,357.2,177.2,11.4
2025-05-08T07:29:00+00:00,2041.2,83.55,346.5,13.74,390.6,12.8,570.7,0.0592,0.80,357.2,177.2,10.4
2025-05-08T07:30:00+00:00,2078.6,84.71,354.3,13.93,379.9,17.6,622.6,0.0671,0.68,357.2,177.2,9.5
2025-05-08T07:31:00+00:00,2122.8,82.59,351.9,13.68,360.3,16.5,603.8,0.0577,0.69,357.2,177.2,10.2
2025-05-08T07:32:00+00:00,2164.9,80.83,348.3,13.41,395.7,15.9,586.4,0.0604,0.71,357.2,177.2,10.1
2025-05-08T07:33:00+00:00,1915.7,81.56,337.0,13.73,377.9,16.0,593.3,0.0615,0.81,357.2,177.2,10.7
2025-05-08T07:34:00+00:00,2285.7,84.07,334.3,13.86,377.7,18.1,594.7,0.0596,0.78,357.2,177.2,9.3
2025-05-08T07:35:00+00:00,1944.4,82.90,355.2,13.72,383.7,15.9,545.5,0.0563,0.64,357.2,177.2,11.2
2025-05-08T07:36:00+00:00,1956.2,81.34,339.7,13.85,366.7,14.6,627.7,0.0567,0.65,357.2,177.2,8.8
2025-05-08T07:37:00+00:00,2136.9,86.14,348.8,13.97,387.6,18.8,622.8,0.0590,0.72,357.2,177.2,10.2
2025-05-08T07:38:00+00:00,2125.7,82.43,346.5,13.73,369.6,14.5,627.6,0.0699,0.77,357.2,177.2,11.2
2025-05-08T07:39:00+00:00,1976.2,80.06,353.1,13.61,385.7,15.7,606.5,0.0565,0.65,357.2,177.2,10.0
2025-05-08T07:40:00+00:00,2052.4,81.50,353.2,13.71,383.8,15.0,595.8,0.0574,0.69,357.2,177.2,9.8
2025-05-08T07:41:00+00:00,2116.3,82.45,346.5,13.75,381.1,17.0,562.2,0.0583,0.72,357.2,177.2,11.7
2025-05-08T07:42:00+00:00,1987.5,83.36,361.8,13.64,393.2,15.0,570.1,0.0580,0.77,357.2,177.2,11.1
2025-05-08T07:43:00+00:00,2124.7,79.19,349.6,13.81,397.9,15.3,626.2,0.0681,0.70,357.2,177.2,10.5
2025-05-08T07:44:00+00:00,2245.7,83.46,363.0,13.61,373.8,15.2,606.5,0.0695,0.71,357.2,177.2,9.3
2025-05-08T07:45:00+00:00,1740.6,80.16,356.1,13.65,382.2,17.5,620.0,0.0632,0.73,357.2,177.2,10.4
2025-05-08T07:46:00+00:00,2061.3,81.77,349.7,13.59,375.4,16.4,577.4,0.0587,0.82,357.2,177.2,9.6
2025-05-08T07:47:00+00:00,2044.6,82.98,356.7,13.87,385.2,15.2,603.5,0.0578,0.74,357.2,177.2,10.7
2025-05-08T07:48:00+00:00,2026.7,83.84,347.5,13.87,387.2,15.4,562.6,0.0587,0.68,357.2,177.2,11.5
2025-05-08T07:49:00+00:00,2077.3,81.77,341.7,13.66,384.2,17.0,582.4,0.0576,0.69,357.2,177.2,8.8
2025-05-08T07:50:00+00:00,1962.1,77.90,372.7,13.78,376.5,16.1,576.1,0.0709,0.67,357.2,177.2,10.0
2025-05-08T07:51:00+00:00,2048.2,81.78,355.0,13.85,374.7,17.7,604.8,0.0576,0.72,357.2,177.2,9.8
2025-05-08T07:52:00+00:00,2052.0,80.82,351.5,13.85,384.0,14.6,614.8,0.0586,0.81,357.2,177.2,10.7
2025-05-08T07:53:00+00:00,1857.8,83.07,352.1,13.84,371.6,16.7,649.5,0.0601,0.73,357.2,177.2,11.4
2025-05-08T07:54:00+00:00,2059.7,81.32,361.8,14.12,368.8,14.7,620.4,0.0575,0.69,357.2,177.2,9.5
2025-05-08T07:55:00+00:00,1866.2,81.59,363.6,13.94,374.9,13.9,551.9,0.0566,0.72,357.2,177.2,9.7
2025-05-08T07:56:00+00:00,1945.7,82.75,368.0,13.72,369.2,15.6,658.3,0.0568,0.70,357.2,177.2,9.7
2025-05-08T07:57:00+00:00,1918.9,81.08,362.0,13.78,365.8,17.6,560.9,0.0664,0.67,357.2,177.2,9.0
2025-05-08T07:58:00+00:00,1858.1,81.34,340.5,14.03,378.4,14.6,569.9,0.0575,0.74,357.2,177.2,10.5
2025-05-08T07:59:00+00:00,2012.0,81.93,347.6,13.89,370.0,14.0,614.0,0.0574,0.72,357.2,177.2,9.8
2025-05-08T08:00:00+00:00,1995.0,81.58,349.8,13.73,372.6,16.1,583.4,0.0600,0.70,357.2,177.2,9.3
2025-05-08T08:01:00+00:00,958.0,80.18,347.7,13.78,351.6,15.5,510.6,0.0523,0.67,357.2,177.2,12.1
2025-05-08T08:02:00+00:00,988.1,78.50,359.0,13.78,341.2,15.3,598.1,0.0596,0.66,357.2,177.2,11.6
2025-05-08T08:03:00+00:00,910.2,77.99,354.2,13.85,382.7,14.6,514.0,0.0521,0.78,357.2,177.2,9.8
2025-05-08T08:04:00+00:00,1110.9,78.51,367.9,13.52,348.3,18.7,603.2,0.0530,0.72,357.2,177.2,9.8
2025-05-08T08:05:00+00:00,1001.5,80.65,364.9,13.80,353.3,19.8,540.0,0.0521,0.72,357.2,177.2,12.2
2025-05-08T08:06:00+00:00,1153.0,82.10,353.3,13.87,366.1,16.7,548.9,0.0531,0.73,357.2,177.2,9.2
2025-05-08T08:07:00+00:00,1008.1,77.67,355.1,13.82,340.3,17.1,628.7,0.0522,0.73,357.2,177.2,8.2
2025-05-08T08:08:00+00:00,962.8,79.35,369.0,14.02,350.6,15.7,508.7,0.0527,0.73,357.2,177.2,12.1
2025-05-08T08:09:00+00:00,1039.6,80.53,354.2,13.97,356.9,16.2,549.4,0.0523,0.73,357.2,177.2,10.7
2025-05-08T08:10:00+00:00,986.0,79.75,352.1,13.85,340.1,14.5,576.6,0.0517,0.70,357.2,177.2,10.2
2025-05-08T14:00:00+00:00,1023.9,78.46,369.3,13.85,339.2,16.2,537.8,0.0529,0.79,357.2,177.2,11.3
2025-05-08T14:01:00+00:00,1056.1,78.29,349.7,13.94,338.6,16.5,526.6,0.0523,0.73,357.2,177.2,10.7
2025-05-08T14:02:00+00:00,929.5,77.34,358.1,13.91,351.7,14.1,613.9,0.0522,0.77,357.2,177.2,9.1
2025-05-08T14:03:00+00:00,969.9,78.84,362.8,13.39,333.4,16.6,613.8,0.0522,0.75,357.2,177.2,9.1
2025-05-08T14:04:00+00:00,920.7,79.15,360.3,13.96,360.7,16.1,591.7,0.0521,0.70,357.2,177.2,10.5
2025-05-08T14:05:00+00:00,756.7,78.56,360.3,13.78,353.7,15.3,532.0,0.0612,0.77,357.2,177.2,11.7
2025-05-08T14:06:00+00:00,939.1,77.69,361.7,13.79,352.8,17.9,575.1,0.0564,0.80,357.2,177.2,10.6
2025-05-08T14:07:00+00:00,923.4,77.86,344.2,13.73,353.4,16.7,565.3,0.0525,0.83,357.2,177.2,9.1
2025-05-08T14:08:00+00:00,880.7,77.61,357.0,13.70,344.8,16.5,572.0,0.0522,0.80,357.2,177.2,7.6
2025-05-08T14:09:00+00:00,1083.2,77.06,364.6,13.65,347.4,17.1,512.5,0.0530,0.71,357.2,177.2,9.4
2025-05-08T14:10:00+00:00,1931.3,81.22,352.7,13.58,358.8,10.7,628.8,0.0571,0.59,357.2,177.2,10.9
2025-05-08T14:11:00+00:00,2105.5,84.86,349.1,13.68,383.5,14.3,581.0,0.0587,0.80,357.2,177.2,11.4
2025-05-08T14:12:00+00:00,1907.2,82.67,351.2,13.64,398.4,15.1,588.8,0.0595,0.74,357.2,177.2,9.8
2025-05-08T14:13:00+00:00,1854.9,79.38,346.3,14.02,376.3,16.3,622.1,0.0564,0.69,357.2,177.2,9.2
2025-05-08T14:14:00+00:00,1898.0,83.56,344.1,13.76,382.4,16.1,565.6,0.0573,0.77,357.2,177.2,7.9
2025-05-08T14:15:00+00:00,2083.5,84.08,346.4,13.90,375.3,13.8,568.7,0.0574,0.68,357.2,177.2,10.1
2025-05-08T14:16:00+00:00,1972.7,83.39,350.6,13.97,383.6,16.0,582.2,0.0568,0.68,357.2,177.2,9.4
2025-05-08T14:17:00+00:00,1977.5,83.30,343.8,13.66,393.6,14.9,616.5,0.0586,0.78,357.2,177.2,10.3
2025-05-08T14:18:00+00:00,1927.8,79.46,349.4,13.87,386.5,16.9,625.4,0.0574,0.75,357.2,177.2,8.4
2025-05-08T14:19:00+00:00,1898.1,81.63,353.1,13.88,380.4,17.3,534.9,0.0567,0.70,357.2,177.2,8.4
2025-05-08T14:20:00+00:00,2038.9,83.07,344.9,13.76,390.8,14.2,612.8,0.0570,0.67,357.2,177.2,10.1
2025-05-08T14:21:00+00:00,2094.8,83.39,355.6,13.82,392.2,15.0,649.6,0.0600,0.65,357.2,177.2,11.6
2025-05-08T14:22:00+00:00,2145.3,85.00,355.1,13.98,385.2,17.3,628.8,0.0594,0.71,357.2,177.2,10.5
2025-05-08T14:23:00+00:00,1872.6,82.12,355.4,13.62,362.5,15.2,675.7,0.0573,0.76,357.2,177.2,10.3
2025-05-08T14:24:00+00:00,2271.7,83.42,351.0,13.81,394.9,20.7,599.8,0.0587,0.69,357.2,177.2,12.0
2025-05-08T14:25:00+00:00,1988.3,83.59,365.1,13.75,371.1,14.6,578.1,0.0578,0.77,357.2,177.2,10.7
2025-05-08T14:26:00+00:00,2133.0,82.26,354.2,13.98,400.3,17.2,674.2,0.0594,0.69,357.2,177.2,8.4
2025-05-08T14:27:00+00:00,2132.5,83.19,336.0,13.62,373.6,15.4,632.0,0.0582,0.71,357.2,177.2,11.4
2025-05-08T14:28:00+00:00,2107.6,81.99,348.9,13.55,364.2,16.6,581.9,0.0585,0.77,357.2,177.2,11.0
2025-05-08T14:29:00+00:00,1896.6,83.51,350.6,13.50,370.9,14.1,656.1,0.0619,0.68,357.2,177.2,12.1
2025-05-08T14:30:00+00:00,2112.3,83.57,348.5,13.85,374.6,16.2,579.2,0.0585,0.78,357.2,177.2,8.3
2025-05-08T14:31:00+00:00,2053.3,83.22,339.0,13.70,387.3,16.0,625.8,0.0584,0.65,357.2,177.2,12.2
2025-05-08T14:32:00+00:00,2103.3,83.41,349.0,14.01,384.1,13.1,642.4,0.0676,0.76,357.2,177.2,9.3
2025-05-08T14:33:00+00:00,2061.4,82.07,344.5,13.95,367.0,16.5,573.6,0.0636,0.70,357.2,177.2,10.3
2025-05-08T14:34:00+00:00,1986.8,83.61,355.0,13.79,374.3,15.8,650.9,0.0585,0.83,357.2,177.2,11.6
2025-05-08T14:35:00+00:00,1948.7,80.13,353.3,13.82,403.7,15.7,632.5,0.0609,0.74,357.2,177.2,9.3
2025-05-08T14:36:00+00:00,1995.4,82.05,353.2,13.73,387.6,15.2,660.4,0.0572,0.70,357.2,177.2,9.8
2025-05-08T14:37:00+00:00,1792.5,82.42,339.7,13.84,390.9,15.1,594.5,0.0558,0.67,357.2,177.2,10.0
2025-05-08T14:38:00+00:00,1901.6,82.79,346.5,13.68,401.2,15.1,614.8,0.0586,0.64,357.2,177.2,11.5
2025-05-08T14:39:00+00:00,1918.4,81.82,350.8,13.99,374.5,15.0,572.9,0.0604,0.78,357.2,177.2,10.5
2025-05-08T14:40:00+00:00,1994.9,81.22,356.9,13.78,393.0,16.1,588.8,0.0575,0.72,357.2,177.2,10.9
2025-05-08T14:41:00+00:00,1967.6,83.22,345.7,13.91,393.8,17.6,592.1,0.0600,0.71,357.2,177.2,10.7
2025-05-08T14:42:00+00:00,2166.8,82.71,340.5,13.71,389.8,15.6,625.5,0.0596,0.72,357.2,177.2,9.5
2025-05-08T14:43:00+00:00,2136.3,82.27,344.5,13.78,376.1,14.7,610.1,0.0582,0.72,357.2,177.2,10.0
2025-05-08T14:44:00+00:00,1733.2,80.87,348.2,13.90,366.2,16.4,652.6,0.0560,0.72,357.2,177.2,9.9
2025-05-08T14:45:00+00:00,2153.0,81.30,346.4,13.81,373.8,15.7,599.7,0.0576,0.65,357.2,177.2,10.5
2025-05-08T14:46:00+00:00,2166.4,85.71,355.9,14.12,397.5,14.2,576.5,0.0615,0.73,357.2,177.2,11.2
2025-05-08T14:47:00+00:00,1835.6,79.49,350.5,13.52,373.5,14.6,593.4,0.0571,0.67,357.2,177.2,9.9
2025-05-08T14:48:00+00:00,1901.3,81.32,342.8,13.84,393.5,16.3,564.9,0.0589,0.75,357.2,177.2,10.9
2025-05-08T14:49:00+00:00,2109.1,79.43,352.0,13.72,379.4,15.3,615.5,0.0589,0.79,357.2,177.2,11.0
2025-05-08T14:50:00+00:00,2491.8,86.65,337.4,13.84,393.0,14.2,636.6,0.0595,0.66,357.2,177.2,12.8
2025-05-08T14:51:00+00:00,2280.9,82.84,349.3,13.94,400.0,15.6,606.4,0.0593,0.76,357.2,177.2,11.1
2025-05-08T14:52:00+00:00,2565.5,83.74,337.8,13.96,398.7,13.2,582.6,0.0673,0.67,357.2,177.2,9.5
2025-05-08T14:53:00+00:00,2503.3,84.97,344.3,14.04,399.5,16.0,698.9,0.0601,0.73,357.2,177.2,9.6
2025-05-08T14:54:00+00:00,2499.3,83.79,329.0,14.00,411.4,19.3,633.0,0.0652,0.74,357.2,177.2,10.7
2025-05-08T14:55:00+00:00,2116.4,81.77,342.2,13.65,392.6,13.1,628.6,0.0578,0.71,357.2,177.2,9.0
2025-05-08T14:56:00+00:00,1998.5,82.40,351.5,13.63,354.8,17.3,599.3,0.0693,0.73,357.2,177.2,11.7
2025-05-08T14:57:00+00:00,2093.2,81.65,357.1,13.69,399.3,16.2,647.1,0.0615,0.67,357.2,177.2,8.7
2025-05-08T14:58:00+00:00,2070.3,80.62,343.0,13.42,396.3,15.7,616.6,0.0647,0.78,357.2,177.2,10.6
2025-05-08T14:59:00+00:00,1945.6,81.61,347.2,13.91,368.9,16.4,583.4,0.0574,0.75,357.2,177.2,10.3
2025-05-08T15:00:00+00:00,2045.6,82.72,355.4,13.72,381.8,15.9,665.9,0.0578,0.73,357.2,177.2,12.1
2025-05-08T15:01:00+00:00,2483.6,86.76,345.0,13.88,391.2,17.7,618.7,0.0614,0.70,357.2,177.2,10.0
2025-05-08T15:02:00+00:00,1944.3,80.59,346.9,13.79,386.3,18.0,559.5,0.0589,0.69,357.2,177.2,8.9
2025-05-08T15:03:00+00:00,1939.1,82.13,347.0,13.66,375.0,15.8,570.8,0.0572,0.71,357.2,177.2,12.1
2025-05-08T15:04:00+00:00,2054.0,79.01,362.1,13.95,389.9,15.1,581.4,0.0577,0.70,357.2,177.2,9.8
2025-05-08T15:05:00+00:00,2376.0,86.87,355.8,13.69,378.5,13.3,584.3,0.0603,0.81,357.2,177.2,10.1
2025-05-08T15:06:00+00:00,2043.5,81.27,326.7,13.70,378.9,14.6,600.6,0.0580,0.76,357.2,177.2,8.3
2025-05-08T15:07:00+00:00,1844.0,82.19,345.1,13.86,373.0,18.6,594.5,0.0694,0.71,357.2,177.2,9.5
2025-05-08T15:08:00+00:00,1922.2,81.45,354.7,13.63,365.8,14.9,617.6,0.0581,0.84,357.2,177.2,9.0
2025-05-08T15:09:00+00:00,1998.6,83.21,347.1,13.77,372.2,14.2,656.0,0.0622,0.77,357.2,177.2,9.2
2025-05-08T15:10:00+00:00,2073.3,84.87,356.2,13.84,361.0,16.8,622.8,0.0577,0.71,357.2,177.2,8.7
2025-05-08T15:11:00+00:00,1920.6,82.08,347.3,13.43,394.7,15.4,585.0,0.0564,0.65,357.2,177.2,9.0
2025-05-08T15:12:00+00:00,2373.4,82.70,343.7,13.86,399.2,18.5,630.3,0.0669,0.71,357.2,177.2,10.8
2025-05-08T15:13:00+00:00,2128.5,79.53,347.1,13.90,364.6,18.4,641.5,0.0651,0.68,357.2,177.2,10.6
2025-05-08T15:14:00+00:00,1927.1,83.05,350.4,14.05,380.1,15.9,532.8,0.0574,0.76,357.2,177.2,11.1
2025-05-08T15:15:00+00:00,2150.8,83.10,341.7,13.83,400.6,17.1,653.9,0.0645,0.69,357.2,177.2,9.6
2025-05-08T15:16:00+00:00,2091.1,81.30,353.4,13.73,372.2,14.8,613.9,0.0583,0.76,357.2,177.2,9.9
2025-05-08T15:17:00+00:00,1875.8,81.51,342.2,13.66,384.7,17.0,624.3,0.0562,0.65,357.2,177.2,9.4
2025-05-08T15:18:00+00:00,1773.0,83.17,350.5,13.75,375.8,17.0,548.7,0.0592,0.75,357.2,177.2,9.5
2025-05-08T15:19:00+00:00,1974.3,81.22,362.5,13.82,395.9,16.0,590.5,0.0627,0.68,357.2,177.2,11.3
2025-05-08T15:20:00+00:00,1905.3,83.48,343.4,13.75,366.2,12.6,557.7,0.0572,0.76,357.2,177.2,12.2
2025-05-08T15:21:00+00:00,2052.6,82.69,354.9,13.64,391.8,16.3,604.0,0.0578,0.74,357.2,177.2,12.3
2025-05-08T15:22:00+00:00,1838.0,81.77,358.7,13.94,380.9,14.5,583.0,0.0571,0.78,357.2,177.2,9.9
2025-05-08T15:23:00+00:00,2060.9,81.49,347.9,13.78,383.3,15.7,635.1,0.0605,0.69,357.2,177.2,10.0
2025-05-08T15:24:00+00:00,2088.3,82.21,361.7,13.40,383.3,14.9,585.9,0.0631,0.75,357.2,177.2,10.9
2025-05-08T15:25:00+00:00,2176.2,79.92,359.5,13.77,388.3,12.4,580.6,0.0590,0.78,357.2,177.2,8.9
2025-05-08T15:26:00+00:00,2175.3,81.85,343.4,13.66,388.7,15.3,537.9,0.0612,0.72,357.2,177.2,9.9
2025-05-08T15:27:00+00:00,1894.9,82.44,344.5,13.81,371.8,14.3,603.2,0.0565,0.69,357.2,177.2,9.3
2025-05-08T15:28:00+00:00,2101.8,84.90,345.5,13.82,383.0,13.9,596.5,0.0577,0.69,357.2,177.2,9.1
2025-05-08T15:29:00+00:00,2118.4,81.33,347.1,13.95,402.9,15.4,639.4,0.0581,0.73,357.2,177.2,10.2
2025-05-08T15:30:00+00:00,1724.2,80.07,349.7,13.68,374.5,17.3,571.0,0.0558,0.71,357.2,177.2,10.4
2025-05-08T15:31:00+00:00,2228.6,83.65,344.9,13.87,361.7,15.4,616.7,0.0592,0.66,357.2,177.2,10.6
2025-05-08T15:32:00+00:00,1929.3,80.61,334.5,13.88,370.5,17.4,521.9,0.0620,0.66,357.2,177.2,10.7
2025-05-08T15:33:00+00:00,1983.9,78.87,346.4,13.92,360.3,16.3,624.8,0.0578,0.76,357.2,177.2,9.2
2025-05-08T15:34:00+00:00,2125.6,80.30,342.3,13.81,364.9,18.9,587.9,0.0585,0.78,357.2,177.2,9.3
2025-05-08T15:35:00+00:00,2126.8,83.99,356.2,13.58,384.4,17.0,663.1,0.0583,0.74,357.2,177.2,9.4
2025-05-08T15:36:00+00:00,2124.6,80.94,352.2,13.70,386.2,16.4,632.5,0.0621,0.81,357.2,177.2,11.8
2025-05-08T15:37:00+00:00,1918.9,81.61,355.5,13.95,363.2,16.4,602.4,0.0647,0.71,357.2,177.2,9.1
2025-05-08T15:38:00+00:00,2033.4,79.99,353.7,13.56,379.1,16.2,626.5,0.0688,0.71,357.2,177.2,10.5
2025-05-08T15:39:00+00:00,1957.8,82.14,350.6,13.86,371.1,16.4,608.1,0.0567,0.69,357.2,177.2,9.6
2025-05-08T15:40:00+00:00,1984.5,83.20,351.4,13.76,368.7,14.5,590.2,0.0572,0.70,357.2,177.2,10.2
2025-05-08T15:41:00+00:00,2068.2,81.51,350.4,14.01,372.7,12.0,609.3,0.0575,0.70,357.2,177.2,10.7
2025-05-08T15:42:00+00:00,1985.5,78.91,355.2,13.65,389.4,17.7,598.0,0.0636,0.74,357.2,177.2,10.4
2025-05-08T15:43:00+00:00,2013.6,81.65,361.4,13.75,380.0,14.7,618.2,0.0639,0.70,357.2,177.2,12.2
2025-05-08T15:44:00+00:00,2095.3,83.72,356.5,13.84,389.5,18.6,617.9,0.0601,0.71,357.2,177.2,10.3
2025-05-08T15:45:00+00:00,2015.6,81.87,339.2,13.73,385.0,17.2,616.7,0.0570,0.68,357.2,177.2,11.2
2025-05-08T15:46:00+00:00,1923.4,82.12,357.5,13.84,382.3,17.3,660.1,0.0575,0.75,357.2,177.2,11.0
2025-05-08T15:47:00+00:00,1986.1,82.66,347.4,13.86,392.4,13.8,557.0,0.0578,0.76,357.2,177.2,11.0
2025-05-08T15:48:00+00:00,1692.3,80.38,365.1,13.78,365.1,15.8,576.2,0.0556,0.70,357.2,177.2,10.8
2025-05-08T15:49:00+00:00,2063.2,83.59,362.2,13.77,377.1,16.9,595.1,0.0582,0.58,357.2,177.2,9.7
2025-05-08T15:50:00+00:00,1977.8,82.09,344.9,13.76,377.2,16.9,623.5,0.0587,0.57,357.2,177.2,11.5
2025-05-08T15:51:00+00:00,2039.9,80.69,337.1,13.93,392.9,18.2,579.5,0.0577,0.73,357.2,177.2,9.4
2025-05-08T15:52:00+00:00,1051.5,78.50,365.9,13.64,357.5,14.2,600.4,0.0520,0.70,357.2,177.2,10.0
2025-05-08T15:53:00+00:00,980.0,82.10,363.1,13.71,340.9,17.7,640.4,0.0523,0.75,357.2,177.2,10.3
2025-05-08T15:54:00+00:00,898.8,76.86,356.4,13.70,333.5,16.1,542.1,0.0560,0.83,357.2,177.2,10.1
2025-05-08T15:55:00+00:00,1078.6,78.24,350.9,13.73,343.1,18.1,562.0,0.0518,0.65,357.2,177.2,9.6
2025-05-08T15:56:00+00:00,865.6,82.35,371.5,13.63,349.5,17.8,548.4,0.0574,0.70,357.2,177.2,9.1
2025-05-08T15:57:00+00:00,954.6,79.15,367.2,13.82,362.3,17.5,556.8,0.0518,0.69,357.2,177.2,9.3
2025-05-08T15:58:00+00:00,812.3,77.88,344.0,13.69,328.5,15.4,519.3,0.0539,0.74,357.2,177.2,10.2
2025-05-08T15:59:00+00:00,1035.8,76.95,365.7,13.50,336.3,15.6,545.4,0.0516,0.67,357.2,177.2,12.6
2025-05-08T16:00:00+00:00,977.4,75.59,357.7,13.83,345.1,16.8,516.3,0.0563,0.70,357.2,177.2,10.6
2025-05-09T06:00:00+00:00,1014.9,79.46,370.0,13.69,336.5,15.7,573.7,0.0605,1.38,295.5,250.5,16.6
2025-05-09T06:01:00+00:00,821.5,75.44,363.1,13.65,355.5,16.8,577.5,0.0576,1.37,295.5,250.5,15.6
2025-05-09T06:02:00+00:00,1082.8,78.78,355.3,13.83,358.5,16.0,514.4,0.0589,1.35,295.5,250.5,15.8
2025-05-09T06:03:00+00:00,1001.4,79.46,356.3,13.57,348.1,15.5,588.4,0.0581,1.30,295.5,250.5,17.1
2025-05-09T06:04:00+00:00,1091.8,79.34,362.8,13.68,362.3,16.1,577.4,0.0587,1.35,295.5,250.5,16.4
2025-05-09T06:05:00+00:00,935.1,79.20,339.1,13.78,364.0,16.3,599.2,0.0612,1.36,295.5,250.5,17.2
2025-05-09T06:06:00+00:00,963.6,78.98,346.6,13.67,342.2,16.7,545.6,0.0579,1.32,295.5,250.5,15.8
2025-05-09T06:07:00+00:00,830.0,78.98,357.5,13.87,329.7,17.4,582.6,0.0567,1.28,295.5,250.5,18.5
2025-05-09T06:08:00+00:00,1025.8,77.85,347.0,13.96,349.5,16.3,568.8,0.0580,1.29,295.5,250.5,16.5
2025-05-09T06:09:00+00:00,1183.2,79.34,353.5,13.77,346.1,16.0,566.2,0.0593,1.35,295.5,250.5,15.4
2025-05-09T06:10:00+00:00,935.0,80.91,347.1,13.52,328.1,14.7,559.9,0.0591,1.27,295.5,250.5,18.2
2025-05-09T06:11:00+00:00,2138.3,82.14,355.8,13.85,370.6,15.9,626.3,0.0644,1.29,295.5,250.5,17.6
2025-05-09T06:12:00+00:00,2034.4,82.55,360.3,13.67,372.3,16.6,601.8,0.0644,1.40,295.5,250.5,15.7
2025-05-09T06:13:00+00:00,1862.8,84.03,354.7,13.65,363.3,16.9,641.3,0.0626,1.31,295.5,250.5,16.2
2025-05-09T06:14:00+00:00,2011.6,82.09,341.4,13.61,394.9,14.7,583.0,0.0679,1.34,295.5,250.5,17.0
2025-05-09T06:15:00+00:00,1928.4,83.14,358.5,13.78,386.3,15.5,626.8,0.0630,1.32,295.5,250.5,16.4
2025-05-09T06:16:00+00:00,1862.1,83.28,355.1,13.93,382.1,16.0,578.0,0.0636,1.40,295.5,250.5,15.4
2025-05-09T06:17:00+00:00,2010.7,79.27,352.0,13.65,371.8,15.0,576.6,0.0634,1.31,295.5,250.5,16.5
2025-05-09T06:18:00+00:00,1907.2,80.43,341.6,13.92,390.0,17.5,631.7,0.0632,1.35,295.5,250.5,16.6
2025-05-09T06:19:00+00:00,1823.2,83.54,362.2,13.63,377.7,16.2,548.0,0.0628,1.36,295.5,250.5,16.2
2025-05-09T06:20:00+00:00,2066.4,84.92,351.3,13.70,375.0,15.4,625.7,0.0661,1.29,295.5,250.5,13.7
2025-05-09T06:21:00+00:00,2147.4,78.52,350.6,14.01,373.3,13.6,593.6,0.0770,1.34,295.5,250.5,17.2
2025-05-09T06:22:00+00:00,2107.3,83.90,362.3,13.73,376.3,17.5,648.9,0.0651,1.43,295.5,250.5,16.4
2025-05-09T06:23:00+00:00,2267.9,81.42,350.5,13.62,397.6,18.2,648.9,0.0644,1.27,295.5,250.5,16.4
2025-05-09T06:24:00+00:00,1697.6,81.08,359.6,13.88,380.6,12.7,577.2,0.0623,1.37,295.5,250.5,16.5
2025-05-09T06:25:00+00:00,2077.9,80.60,343.2,13.88,392.9,15.2,595.1,0.0666,1.27,295.5,250.5,16.0
2025-05-09T06:26:00+00:00,2057.6,82.37,353.3,13.76,384.2,17.2,581.4,0.0644,1.39,295.5,250.5,17.6
2025-05-09T06:27:00+00:00,2037.4,83.90,355.2,14.06,382.8,15.9,607.1,0.0651,1.47,295.5,250.5,15.7
2025-05-09T06:28:00+00:00,2239.0,79.34,352.6,13.71,393.3,16.5,556.6,0.0644,1.28,295.5,250.5,17.0
2025-05-09T06:29:00+00:00,2099.5,80.60,342.7,13.85,399.8,19.3,567.2,0.0675,1.37,295.5,250.5,16.2
2025-05-09T06:30:00+00:00,2160.3,83.33,340.2,14.04,388.8,16.0,612.9,0.0643,1.33,295.5,250.5,16.9
2025-05-09T06:31:00+00:00,1938.5,80.31,355.6,13.91,369.1,16.8,584.8,0.0634,1.35,295.5,250.5,17.1
2025-05-09T06:32:00+00:00,2010.3,81.35,342.3,13.92,403.8,14.8,567.4,0.0679,1.37,295.5,250.5,16.1
2025-05-09T06:33:00+00:00,2080.4,80.72,357.3,13.98,371.5,15.0,594.0,0.0702,1.35,295.5,250.5,15.2
2025-05-09T06:34:00+00:00,2030.8,83.20,344.4,14.02,408.8,16.5,624.8,0.0637,1.34,295.5,250.5,16.5
2025-05-09T06:35:00+00:00,1977.2,82.83,356.2,13.83,383.2,17.0,647.8,0.0637,1.36,295.5,250.5,16.2
2025-05-09T06:36:00+00:00,2033.6,79.90,342.1,13.86,372.1,15.6,622.7,0.0658,1.27,295.5,250.5,17.4
2025-05-09T06:37:00+00:00,2002.4,81.89,335.4,13.82,392.4,14.4,608.1,0.0640,1.38,295.5,250.5,17.4
2025-05-09T06:38:00+00:00,1873.8,83.08,346.4,13.71,353.7,16.8,599.8,0.0632,1.35,295.5,250.5,15.4
2025-05-09T06:39:00+00:00,2096.3,82.71,349.8,13.73,387.8,17.7,622.5,0.0644,1.38,295.5,250.5,16.2
2025-05-09T06:40:00+00:00,1956.0,81.73,358.2,13.66,351.0,17.0,610.8,0.0641,1.42,295.5,250.5,15.8
2025-05-09T06:41:00+00:00,2061.5,82.12,359.1,13.79,373.7,11.9,612.9,0.0640,1.35,295.5,250.5,16.2
2025-05-09T06:42:00+00:00,1922.4,80.54,350.6,13.60,392.3,16.1,618.6,0.0635,1.37,295.5,250.5,15.6
2025-05-09T06:43:00+00:00,2112.9,81.65,343.9,13.85,402.6,16.4,662.0,0.0702,1.33,295.5,250.5,18.3
2025-05-09T06:44:00+00:00,1834.4,80.81,353.2,13.71,388.8,12.6,637.0,0.0681,1.32,295.5,250.5,16.1
2025-05-09T06:45:00+00:00,1809.4,81.73,344.4,13.84,377.6,12.3,580.6,0.0688,1.29,295.5,250.5,15.7
2025-05-09T06:46:00+00:00,2074.5,82.45,351.0,13.92,373.1,15.8,573.3,0.0661,1.33,295.5,250.5,15.2
2025-05-09T06:47:00+00:00,2068.6,86.48,351.1,13.54,417.8,17.1,519.7,0.0637,1.31,295.5,250.5,15.9
2025-05-09T06:48:00+00:00,1963.4,83.81,363.3,13.96,358.4,16.0,595.5,0.0626,1.27,295.5,250.5,15.6
2025-05-09T06:49:00+00:00,1887.3,81.81,345.0,14.13,372.5,15.0,585.6,0.0626,1.30,295.5,250.5,16.9
2025-05-09T06:50:00+00:00,2043.6,81.71,342.6,13.59,400.4,15.5,622.1,0.0649,1.34,295.5,250.5,17.4
2025-05-09T06:51:00+00:00,2036.9,82.44,324.1,13.85,378.8,17.6,612.7,0.0645,1.39,295.5,250.5,18.3
2025-05-09T06:52:00+00:00,1872.6,82.76,350.8,13.75,375.4,15.7,629.3,0.0660,1.32,295.5,250.5,18.3
2025-05-09T06:53:00+00:00,2552.7,83.42,355.8,13.70,391.2,16.3,642.6,0.0680,1.33,295.5,250.5,16.4
2025-05-09T06:54:00+00:00,2109.3,84.40,367.7,14.05,379.5,17.4,642.5,0.0642,1.35,295.5,250.5,18.5
2025-05-09T06:55:00+00:00,1992.2,85.50,346.9,13.90,381.5,17.7,570.6,0.0639,1.34,295.5,250.5,15.1
2025-05-09T06:56:00+00:00,2324.3,82.75,360.2,13.58,400.8,17.1,632.4,0.0707,1.34,295.5,250.5,17.8
2025-05-09T06:57:00+00:00,2386.2,84.97,349.7,13.78,394.7,14.2,590.3,0.0662,1.39,295.5,250.5,15.3
2025-05-09T06:58:00+00:00,1893.0,80.90,359.3,13.92,369.1,17.6,577.8,0.0649,1.30,295.5,250.5,13.8
2025-05-09T06:59:00+00:00,2127.1,81.99,342.0,13.84,391.3,16.1,540.7,0.0638,1.29,295.5,250.5,17.4
2025-05-09T07:00:00+00:00,2424.0,83.01,344.9,13.81,371.0,17.1,639.5,0.0661,1.36,295.5,250.5,15.2
2025-05-09T07:01:00+00:00,2195.0,83.90,351.4,14.17,380.3,17.9,600.0,0.0709,1.39,295.5,250.5,14.7
2025-05-09T07:02:00+00:00,1965.9,81.84,346.6,13.83,400.1,16.3,643.9,0.0633,1.32,295.5,250.5,15.6
2025-05-09T07:03:00+00:00,2161.2,80.18,342.2,13.82,379.3,16.4,589.3,0.0641,1.31,295.5,250.5,15.6
2025-05-09T07:04:00+00:00,2453.8,82.84,353.2,13.46,428.1,16.5,553.6,0.0661,1.33,295.5,250.5,16.4
2025-05-09T07:05:00+00:00,2116.0,80.88,344.9,13.83,405.5,16.7,598.1,0.0673,1.33,295.5,250.5,17.6
2025-05-09T07:06:00+00:00,1963.6,83.57,345.2,13.54,377.5,16.1,563.3,0.0627,1.28,295.5,250.5,18.1
2025-05-09T07:07:00+00:00,2517.9,83.34,356.3,13.67,415.7,15.5,692.0,0.0661,1.32,295.5,250.5,17.0
2025-05-09T07:08:00+00:00,2063.8,81.74,332.1,13.78,392.6,16.0,591.4,0.0633,1.28,295.5,250.5,15.0
2025-05-09T07:09:00+00:00,1944.8,83.45,357.6,13.68,372.3,17.6,572.5,0.0650,1.26,295.5,250.5,16.3
2025-05-09T07:10:00+00:00,2382.7,81.56,363.3,13.77,392.1,14.4,612.1,0.0658,1.34,295.5,250.5,16.2
2025-05-09T07:11:00+00:00,1869.8,79.82,354.2,13.70,388.2,14.6,574.2,0.0687,1.33,295.5,250.5,15.7
2025-05-09T07:12:00+00:00,2541.4,85.33,349.4,13.77,411.5,16.2,593.4,0.0665,1.34,295.5,250.5,16.5
2025-05-09T07:13:00+00:00,2092.7,84.30,354.4,13.74,362.8,15.9,633.4,0.0694,1.23,295.5,250.5,15.3
2025-05-09T07:14:00+00:00,2021.9,81.37,347.5,13.57,382.2,15.5,611.1,0.0651,1.32,295.5,250.5,16.8
2025-05-09T07:15:00+00:00,2406.1,80.67,350.5,13.99,385.5,17.3,624.3,0.0669,1.42,295.5,250.5,16.3
2025-05-09T07:16:00+00:00,2008.6,79.47,353.9,14.22,373.3,17.3,602.3,0.0635,1.33,295.5,250.5,16.7
2025-05-09T07:17:00+00:00,2417.6,81.32,350.2,13.71,406.6,14.0,627.2,0.0711,1.34,295.5,250.5,15.8
2025-05-09T07:18:00+00:00,1921.4,77.65,356.0,13.88,354.7,14.3,552.3,0.0696,1.26,295.5,250.5,15.9
2025-05-09T07:19:00+00:00,2045.2,82.32,345.1,13.99,394.5,14.9,640.8,0.0685,1.25,295.5,250.5,16.5
2025-05-09T07:20:00+00:00,1735.8,81.46,366.1,13.91,382.6,16.4,601.3,0.0638,1.35,295.5,250.5,17.9
2025-05-09T07:21:00+00:00,2021.1,82.89,338.5,13.88,392.3,19.4,615.3,0.0634,1.31,295.5,250.5,16.1
2025-05-09T07:22:00+00:00,1885.4,83.09,354.7,13.77,390.6,16.4,639.5,0.0749,1.26,295.5,250.5,14.9
2025-05-09T07:23:00+00:00,2079.5,84.57,356.7,13.67,395.2,15.7,641.9,0.0638,1.32,295.5,250.5,16.3
2025-05-09T07:24:00+00:00,2290.4,81.52,343.7,13.76,389.2,16.8,576.9,0.0645,1.28,295.5,250.5,16.0
2025-05-09T07:25:00+00:00,2012.1,83.70,348.9,14.11,379.1,14.8,660.7,0.0633,1.31,295.5,250.5,17.4
2025-05-09T07:26:00+00:00,2119.2,82.04,341.3,13.86,397.9,14.2,577.2,0.0636,1.28,295.5,250.5,17.4
2025-05-09T07:27:00+00:00,1941.2,82.87,347.1,13.72,379.6,16.4,583.2,0.0663,1.34,295.5,250.5,15.9
2025-05-09T07:28:00+00:00,2013.4,82.28,342.7,13.82,387.6,13.2,573.0,0.0631,1.28,295.5,250.5,17.3
2025-05-09T07:29:00+00:00,2036.4,80.98,344.9,13.49,390.0,15.8,490.0,0.0722,1.35,295.5,250.5,14.7
2025-05-09T07:30:00+00:00,2014.2,82.58,354.9,13.62,366.3,13.9,649.3,0.0663,1.37,295.5,250.5,15.8
2025-05-09T07:31:00+00:00,1959.5,80.19,344.0,13.66,377.6,16.0,628.2,0.0637,1.35,295.5,250.5,15.5
2025-05-09T07:32:00+00:00,2036.3,84.99,358.5,13.85,375.7,15.5,582.3,0.0641,1.36,295.5,250.5,16.5
2025-05-09T07:33:00+00:00,2088.9,83.63,348.7,13.63,409.7,14.7,641.5,0.0637,1.31,295.5,250.5,17.2
2025-05-09T07:34:00+00:00,2007.2,87.12,353.3,13.71,380.3,17.2,621.7,0.0627,1.25,295.5,250.5,17.6
2025-05-09T07:35:00+00:00,2061.7,80.25,358.6,13.90,397.7,16.9,551.7,0.0634,1.28,295.5,250.5,16.9
2025-05-09T07:36:00+00:00,1971.9,82.65,358.7,13.83,382.4,13.8,673.6,0.0660,1.32,295.5,250.5,15.8
2025-05-09T07:37:00+00:00,1948.1,81.78,357.0,13.89,350.9,15.7,571.8,0.0631,1.32,295.5,250.5,16.2
2025-05-09T07:38:00+00:00,1949.2,82.60,360.9,13.64,382.6,15.4,640.0,0.0627,1.28,295.5,250.5,16.4
2025-05-09T07:39:00+00:00,1895.4,83.69,348.6,13.64,373.6,17.3,560.7,0.0639,1.19,295.5,250.5,15.5
2025-05-09T07:40:00+00:00,1939.2,81.40,352.5,13.75,377.3,16.1,591.0,0.0687,1.35,295.5,250.5,17.0
2025-05-09T07:41:00+00:00,2041.4,84.46,335.9,13.78,391.8,16.1,613.5,0.0634,1.29,295.5,250.5,17.4
2025-05-09T07:42:00+00:00,2128.8,80.77,350.6,13.90,382.0,16.6,595.4,0.0724,1.33,295.5,250.5,14.7
2025-05-09T07:43:00+00:00,2088.9,84.05,346.7,13.85,392.2,14.8,585.7,0.0638,1.30,295.5,250.5,16.3
2025-05-09T07:44:00+00:00,2276.8,81.40,358.4,13.84,407.1,14.9,646.4,0.0679,1.37,295.5,250.5,16.4
2025-05-09T07:45:00+00:00,2110.5,82.08,352.3,13.87,377.9,16.1,595.9,0.0641,1.33,295.5,250.5,15.3
2025-05-09T07:46:00+00:00,1929.7,81.27,357.7,13.87,375.0,17.3,650.0,0.0629,1.31,295.5,250.5,16.6
2025-05-09T07:47:00+00:00,1876.7,80.15,342.8,14.06,384.1,14.9,615.2,0.0666,1.31,295.5,250.5,16.3
2025-05-09T07:48:00+00:00,2123.8,84.26,340.6,13.96,402.9,17.5,613.4,0.0642,1.34,295.5,250.5,16.8
2025-05-09T07:49:00+00:00,2212.8,79.25,358.1,13.82,398.5,16.0,607.2,0.0650,1.37,295.5,250.5,16.0
2025-05-09T07:50:00+00:00,2061.3,85.04,349.1,13.75,378.3,16.2,653.9,0.0635,1.30,295.5,250.5,15.6
2025-05-09T07:51:00+00:00,1835.5,82.86,352.8,13.66,380.2,15.0,581.6,0.0678,1.32,295.5,250.5,16.2
2025-05-09T07:52:00+00:00,2050.5,80.13,347.6,13.55,384.6,16.1,658.2,0.0630,1.24,295.5,250.5,16.5
2025-05-09T07:53:00+00:00,2269.2,80.18,336.3,13.85,385.7,16.8,576.2,0.0649,1.31,295.5,250.5,18.3
2025-05-09T07:54:00+00:00,2198.5,83.36,350.7,13.69,414.0,17.5,570.1,0.0649,1.30,295.5,250.5,16.5
2025-05-09T07:55:00+00:00,1982.4,82.69,344.3,14.04,372.8,16.6,565.1,0.0633,1.33,295.5,250.5,15.1
2025-05-09T07:56:00+00:00,2034.5,83.65,353.4,13.77,378.9,14.7,595.1,0.0674,1.41,295.5,250.5,15.5
2025-05-09T07:57:00+00:00,1928.0,82.16,345.5,13.75,395.3,15.7,593.0,0.0672,1.40,295.5,250.5,15.8
2025-05-09T07:58:00+00:00,2020.6,83.54,340.8,14.14,386.6,12.5,585.8,0.0640,1.36,295.5,250.5,17.2
2025-05-09T07:59:00+00:00,1986.1,80.96,347.0,13.80,401.0,16.2,638.2,0.0664,1.31,295.5,250.5,16.0
2025-05-09T08:00:00+00:00,1066.5,80.89,363.8,13.68,349.6,15.4,572.0,0.0588,1.36,295.5,250.5,14.7
2025-05-09T08:01:00+00:00,966.9,77.55,357.6,13.66,337.7,16.6,591.4,0.0602,1.23,295.5,250.5,14.2
2025-05-09T08:02:00+00:00,927.6,78.09,350.1,14.40,318.9,13.4,591.5,0.0628,1.36,295.5,250.5,16.7
2025-05-09T08:03:00+00:00,999.8,81.01,357.1,13.83,355.0,14.9,620.3,0.0659,1.32,295.5,250.5,16.3
2025-05-09T08:04:00+00:00,956.0,80.15,354.7,13.46,329.1,15.4,571.6,0.0659,1.36,295.5,250.5,15.8
2025-05-09T08:05:00+00:00,972.9,77.22,353.1,13.76,342.7,14.9,600.4,0.0579,1.30,295.5,250.5,16.2
2025-05-09T08:06:00+00:00,973.2,78.11,354.6,13.98,362.9,15.4,561.9,0.0613,1.33,295.5,250.5,16.7
2025-05-09T08:07:00+00:00,1122.2,79.89,360.5,13.99,369.2,13.7,491.9,0.0645,1.34,295.5,250.5,15.0
2025-05-09T08:08:00+00:00,1009.3,79.69,364.1,13.89,333.0,12.9,556.3,0.0695,1.27,295.5,250.5,18.3
2025-05-09T08:09:00+00:00,938.3,78.39,358.7,13.71,331.7,15.4,535.1,0.0625,1.39,295.5,250.5,17.6
2025-05-09T14:00:00+00:00,994.0,77.10,364.5,13.50,342.7,16.2,584.3,0.0580,1.32,295.5,250.5,14.5
2025-05-09T14:01:00+00:00,1011.2,80.72,377.5,13.67,334.4,17.1,514.2,0.0642,1.34,295.5,250.5,15.6
2025-05-09T14:02:00+00:00,823.5,78.40,355.3,13.93,331.4,13.8,541.5,0.0582,1.44,295.5,250.5,16.9
2025-05-09T14:03:00+00:00,1037.9,79.52,352.6,13.81,343.7,18.1,564.6,0.0578,1.29,295.5,250.5,16.2
2025-05-09T14:04:00+00:00,988.5,78.90,370.8,13.94,340.6,13.9,480.0,0.0608,1.33,295.5,250.5,15.2
2025-05-09T14:05:00+00:00,1041.2,79.39,360.9,13.60,363.3,16.4,520.6,0.0576,1.25,295.5,250.5,15.8
2025-05-09T14:06:00+00:00,878.3,77.98,354.3,13.85,348.1,14.8,520.2,0.0616,1.36,295.5,250.5,15.4
2025-05-09T14:07:00+00:00,950.5,80.28,358.7,13.76,343.7,17.1,596.2,0.0650,1.27,295.5,250.5,15.0
2025-05-09T14:08:00+00:00,1054.2,76.25,354.1,13.69,332.1,13.7,587.0,0.0588,1.37,295.5,250.5,14.0
2025-05-09T14:09:00+00:00,873.3,78.65,371.9,13.99,352.8,15.4,547.0,0.0622,1.35,295.5,250.5,16.6
2025-05-09T14:10:00+00:00,993.3,76.40,362.2,13.96,330.6,15.3,550.0,0.0576,1.28,295.5,250.5,14.7
2025-05-09T14:11:00+00:00,919.0,79.23,350.4,13.69,334.0,17.3,551.5,0.0594,1.33,295.5,250.5,14.2
2025-05-09T14:12:00+00:00,952.6,81.32,348.9,13.68,343.3,16.6,520.5,0.0579,1.32,295.5,250.5,16.3
2025-05-09T14:13:00+00:00,2033.3,81.76,335.8,13.87,395.5,15.0,575.2,0.0705,1.47,295.5,250.5,17.1
2025-05-09T14:14:00+00:00,1839.4,79.29,349.3,13.93,375.6,17.2,602.0,0.0692,1.27,295.5,250.5,15.4
2025-05-09T14:15:00+00:00,1909.6,78.62,355.4,13.45,379.0,16.1,580.7,0.0682,1.33,295.5,250.5,15.5
2025-05-09T14:16:00+00:00,2046.3,82.32,351.4,13.60,389.5,17.7,716.7,0.0742,1.43,295.5,250.5,14.1
2025-05-09T14:17:00+00:00,2155.4,79.79,334.7,13.79,377.0,17.6,645.2,0.0644,1.33,295.5,250.5,16.1
2025-05-09T14:18:00+00:00,2065.3,80.29,352.2,13.41,372.1,14.8,609.8,0.0648,1.32,295.5,250.5,15.0
2025-05-09T14:19:00+00:00,2051.8,82.44,349.6,13.84,397.1,14.5,614.3,0.0697,1.35,295.5,250.5,17.3
2025-05-09T14:20:00+00:00,2033.7,81.53,342.2,14.03,365.1,14.9,615.2,0.0679,1.36,295.5,250.5,16.8
2025-05-09T14:21:00+00:00,1989.7,81.00,375.6,13.89,392.2,17.5,570.2,0.0650,1.35,295.5,250.5,15.5
2025-05-09T14:22:00+00:00,2093.0,83.37,336.4,13.93,382.6,17.9,585.2,0.0701,1.33,295.5,250.5,15.7
2025-05-09T14:23:00+00:00,2058.0,79.40,344.1,13.66,386.9,17.3,640.6,0.0641,1.35,295.5,250.5,16.7
2025-05-09T14:24:00+00:00,2136.6,78.80,352.4,13.66,396.4,15.1,618.4,0.0643,1.34,295.5,250.5,17.3
2025-05-09T14:25:00+00:00,1998.1,80.28,349.3,13.64,373.2,14.8,620.2,0.0640,1.38,295.5,250.5,15.8
2025-05-09T14:26:00+00:00,2127.5,84.13,348.8,13.49,370.5,16.0,651.3,0.0651,1.41,295.5,250.5,14.4
2025-05-09T14:27:00+00:00,2040.9,83.78,356.3,13.70,378.2,17.0,602.2,0.0642,1.38,295.5,250.5,16.2
2025-05-09T14:28:00+00:00,1903.8,82.95,359.2,13.65,378.4,12.5,655.2,0.0629,1.32,295.5,250.5,16.6
2025-05-09T14:29:00+00:00,1918.3,81.53,352.9,13.81,386.2,15.4,575.5,0.0659,1.31,295.5,250.5,15.6
2025-05-09T14:30:00+00:00,1809.9,82.06,357.5,13.86,381.2,16.8,545.0,0.0628,1.36,295.5,250.5,14.0
2025-05-09T14:31:00+00:00,2119.4,82.76,345.7,13.74,391.1,15.7,606.6,0.0633,1.25,295.5,250.5,15.9
2025-05-09T14:32:00+00:00,1836.2,82.09,346.2,13.91,367.9,14.7,575.0,0.0628,1.34,295.5,250.5,16.6
2025-05-09T14:33:00+00:00,2041.8,83.20,351.4,13.91,394.8,16.5,515.1,0.0643,1.37,295.5,250.5,16.1
2025-05-09T14:34:00+00:00,1913.9,82.47,346.4,13.76,390.0,18.0,612.9,0.0648,1.35,295.5,250.5,17.8
2025-05-09T14:35:00+00:00,2332.0,81.21,342.4,13.59,387.8,16.3,636.2,0.0656,1.36,295.5,250.5,16.8
2025-05-09T14:36:00+00:00,2154.0,83.57,349.7,14.12,383.2,15.7,620.1,0.0719,1.32,295.5,250.5,14.9
2025-05-09T14:37:00+00:00,1914.6,80.20,341.6,13.70,356.6,16.5,636.0,0.0729,1.29,295.5,250.5,14.6
2025-05-09T14:38:00+00:00,1997.8,83.02,360.3,13.81,400.3,17.1,617.4,0.0638,1.35,295.5,250.5,17.1
2025-05-09T14:39:00+00:00,2001.0,81.73,360.1,13.86,392.0,17.9,611.2,0.0690,1.43,295.5,250.5,16.9
2025-05-09T14:40:00+00:00,1943.2,81.10,355.3,13.86,382.4,16.7,573.6,0.0639,1.35,295.5,250.5,16.0
2025-05-09T14:41:00+00:00,2080.1,79.92,367.1,14.07,407.7,16.0,629.7,0.0675,1.36,295.5,250.5,16.6
2025-05-09T14:42:00+00:00,2051.3,80.58,363.2,13.74,398.6,13.9,583.7,0.0712,1.35,295.5,250.5,18.1
2025-05-09T14:43:00+00:00,1863.0,79.98,341.5,13.88,390.8,15.3,565.6,0.0639,1.36,295.5,250.5,15.8
2025-05-09T14:44:00+00:00,1880.8,83.18,349.8,13.60,389.2,15.9,609.1,0.0686,1.32,295.5,250.5,15.4
2025-05-09T14:45:00+00:00,2106.7,82.49,349.9,13.70,398.8,18.3,653.7,0.0644,1.36,295.5,250.5,16.0
2025-05-09T14:46:00+00:00,2018.2,81.96,350.1,14.10,368.3,14.6,626.2,0.0657,1.30,295.5,250.5,16.3
2025-05-09T14:47:00+00:00,1904.7,81.97,367.7,13.69,379.0,14.2,631.3,0.0636,1.39,295.5,250.5,16.1
2025-05-09T14:48:00+00:00,2066.5,81.02,358.6,13.77,390.6,16.1,559.5,0.0642,1.35,295.5,250.5,17.4
2025-05-09T14:49:00+00:00,2047.5,83.39,348.3,13.63,396.5,15.2,635.6,0.0634,1.30,295.5,250.5,16.0
2025-05-09T14:50:00+00:00,1934.9,82.52,342.6,13.71,390.4,13.9,605.6,0.0630,1.30,295.5,250.5,16.0
2025-05-09T14:51:00+00:00,1886.7,79.08,357.9,13.92,370.8,15.2,559.8,0.0635,1.37,295.5,250.5,17.3
2025-05-09T14:52:00+00:00,2017.3,81.32,347.5,13.87,393.2,12.5,628.6,0.0630,1.26,295.5,250.5,16.4
2025-05-09T14:53:00+00:00,1859.9,80.70,362.3,14.03,392.5,15.3,549.7,0.0629,1.27,295.5,250.5,15.5
2025-05-09T14:54:00+00:00,2002.4,81.60,338.5,13.94,368.0,16.0,635.4,0.0666,1.39,295.5,250.5,16.4
2025-05-09T14:55:00+00:00,1909.5,81.71,348.8,13.82,386.9,16.4,591.7,0.0687,1.29,295.5,250.5,14.8
2025-05-09T14:56:00+00:00,1984.1,85.52,341.5,13.89,369.3,14.1,623.9,0.0636,1.33,295.5,250.5,17.2
2025-05-09T14:57:00+00:00,2027.4,84.79,369.1,13.89,374.5,14.7,571.8,0.0643,1.40,295.5,250.5,16.0
2025-05-09T14:58:00+00:00,2038.2,83.71,352.8,13.73,370.6,16.9,566.6,0.0651,1.28,295.5,250.5,15.7
2025-05-09T14:59:00+00:00,1989.8,83.11,359.5,13.97,397.6,14.2,588.7,0.0736,1.42,295.5,250.5,15.3
2025-05-09T15:00:00+00:00,2132.9,81.78,347.1,13.73,364.6,16.1,536.3,0.0730,1.38,295.5,250.5,16.8
2025-05-09T15:01:00+00:00,2496.5,83.76,347.7,13.85,409.0,16.8,621.1,0.0679,1.36,295.5,250.5,15.5
2025-05-09T15:02:00+00:00,2382.2,84.19,339.1,13.84,386.9,15.8,590.6,0.0692,1.33,295.5,250.5,14.3
2025-05-09T15:03:00+00:00,2023.3,82.99,337.8,13.78,381.8,15.0,623.2,0.0643,1.41,295.5,250.5,15.6
2025-05-09T15:04:00+00:00,2394.7,84.34,336.7,13.90,397.7,15.5,604.7,0.0668,1.45,295.5,250.5,16.4
2025-05-09T15:05:00+00:00,2449.8,83.38,354.1,13.84,402.3,16.9,654.6,0.0686,1.33,295.5,250.5,17.1
2025-05-09T15:06:00+00:00,2124.0,81.53,345.0,13.90,378.4,14.3,603.9,0.0639,1.31,295.5,250.5,16.2
2025-05-09T15:07:00+00:00,2572.2,82.52,336.8,13.71,395.5,14.8,624.9,0.0762,1.33,295.5,250.5,17.0
2025-05-09T15:08:00+00:00,1998.8,81.34,349.6,13.54,378.3,15.5,582.0,0.0666,1.34,295.5,250.5,16.5
2025-05-09T15:09:00+00:00,2120.5,79.44,340.8,13.79,385.9,17.4,645.9,0.0674,1.37,295.5,250.5,15.2
2025-05-09T15:10:00+00:00,1838.4,81.87,342.5,13.91,380.2,18.9,572.4,0.0698,1.31,295.5,250.5,18.0
2025-05-09T15:11:00+00:00,2434.1,82.07,334.7,14.04,397.7,12.6,593.1,0.0682,1.38,295.5,250.5,15.0
2025-05-09T15:12:00+00:00,2030.3,84.97,350.0,13.78,383.3,14.8,613.1,0.0737,1.30,295.5,250.5,17.4
2025-05-09T15:13:00+00:00,1762.5,81.93,354.3,13.87,380.2,13.9,529.7,0.0635,1.44,295.5,250.5,14.8
2025-05-09T15:14:00+00:00,2036.2,84.57,339.9,13.82,391.4,19.5,620.6,0.0636,1.32,295.5,250.5,16.3
2025-05-09T15:15:00+00:00,2068.8,82.72,345.8,13.67,385.4,18.9,617.8,0.0682,1.34,295.5,250.5,15.9
2025-05-09T15:16:00+00:00,2065.1,81.97,356.2,13.96,370.7,12.8,585.7,0.0680,1.27,295.5,250.5,17.0
2025-05-09T15:17:00+00:00,2096.5,80.74,333.9,14.09,375.6,17.5,556.9,0.0702,1.24,295.5,250.5,16.6
2025-05-09T15:18:00+00:00,1943.5,81.07,356.6,13.63,367.4,14.1,530.3,0.0686,1.30,295.5,250.5,16.6
2025-05-09T15:19:00+00:00,2447.4,82.42,358.2,13.83,392.9,13.5,644.9,0.0661,1.35,295.5,250.5,16.4
2025-05-09T15:20:00+00:00,1966.6,83.92,358.0,13.81,388.8,18.5,620.4,0.0678,1.29,295.5,250.5,16.7
2025-05-09T15:21:00+00:00,2012.9,81.30,354.2,13.72,363.0,13.9,582.3,0.0637,1.35,295.5,250.5,16.3
2025-05-09T15:22:00+00:00,1942.2,80.99,351.3,13.76,370.4,18.6,503.5,0.0669,1.38,295.5,250.5,16.6
2025-05-09T15:23:00+00:00,2092.5,84.14,334.0,13.54,369.5,19.8,614.0,0.0645,1.38,295.5,250.5,16.6
2025-05-09T15:24:00+00:00,2090.7,82.17,340.3,13.85,394.4,17.7,652.9,0.0639,1.31,295.5,250.5,15.8
2025-05-09T15:25:00+00:00,2216.5,81.48,347.6,13.89,395.2,16.6,612.1,0.0682,1.40,295.5,250.5,14.7
2025-05-09T15:26:00+00:00,1823.7,83.12,350.8,13.81,377.3,16.0,521.1,0.0635,1.39,295.5,250.5,16.4
2025-05-09T15:27:00+00:00,2027.0,82.52,339.9,13.90,374.7,15.9,627.4,0.0633,1.28,295.5,250.5,16.1
2025-05-09T15:28:00+00:00,1820.2,80.80,347.2,13.76,378.4,20.8,514.0,0.0637,1.44,295.5,250.5,14.8
2025-05-09T15:29:00+00:00,1832.7,80.09,343.4,13.89,393.1,15.5,601.9,0.0698,1.31,295.5,250.5,15.0
2025-05-09T15:30:00+00:00,1988.6,80.16,361.4,13.40,394.0,17.2,618.9,0.0631,1.29,295.5,250.5,16.5
2025-05-09T15:31:00+00:00,1976.8,80.73,348.0,13.82,371.4,15.6,603.2,0.0629,1.28,295.5,250.5,17.0
2025-05-09T15:32:00+00:00,2097.8,84.46,348.0,13.77,382.2,17.9,635.5,0.0652,1.41,295.5,250.5,15.3
2025-05-09T15:33:00+00:00,1778.4,82.30,344.9,13.49,354.4,19.1,583.2,0.0629,1.38,295.5,250.5,15.3
2025-05-09T15:34:00+00:00,2009.6,82.16,350.1,13.50,380.6,15.8,622.1,0.0639,1.34,295.5,250.5,15.9
2025-05-09T15:35:00+00:00,1914.9,81.78,351.9,13.39,374.0,16.0,654.7,0.0648,1.33,295.5,250.5,15.9
2025-05-09T15:36:00+00:00,2215.3,82.56,335.4,13.58,381.4,17.5,577.9,0.0718,1.36,295.5,250.5,16.1
2025-05-09T15:37:00+00:00,2072.6,83.13,343.6,13.97,382.8,20.1,625.8,0.0646,1.40,295.5,250.5,16.4
2025-05-09T15:38:00+00:00,2217.0,82.30,349.0,13.70,375.4,16.3,608.9,0.0745,1.35,295.5,250.5,14.9
2025-05-09T15:39:00+00:00,2070.2,80.26,341.5,13.85,373.4,15.2,588.5,0.0635,1.29,295.5,250.5,13.9
2025-05-09T15:40:00+00:00,1942.1,79.34,357.4,13.62,388.6,17.3,634.3,0.0627,1.27,295.5,250.5,15.9
2025-05-09T15:41:00+00:00,1983.0,81.06,353.8,14.04,393.9,15.5,656.9,0.0640,1.38,295.5,250.5,14.9
2025-05-09T15:42:00+00:00,2036.5,82.66,341.5,13.87,390.2,14.5,647.2,0.0716,1.31,295.5,250.5,15.1
2025-05-09T15:43:00+00:00,2173.9,84.35,352.1,13.81,401.5,15.1,638.8,0.0644,1.28,295.5,250.5,15.6
2025-05-09T15:44:00+00:00,2050.3,81.87,354.7,13.81,377.0,15.6,581.1,0.0649,1.44,295.5,250.5,15.7
2025-05-09T15:45:00+00:00,1935.5,80.76,349.3,13.84,389.5,14.1,578.6,0.0731,1.35,295.5,250.5,17.2
2025-05-09T15:46:00+00:00,1894.5,81.68,357.0,13.83,383.1,14.7,586.2,0.0630,1.34,295.5,250.5,16.7
2025-05-09T15:47:00+00:00,2160.9,80.37,355.4,13.99,392.1,15.9,626.5,0.0648,1.37,295.5,250.5,16.2
2025-05-09T15:48:00+00:00,2223.9,85.97,330.0,13.79,373.1,14.9,537.4,0.0705,1.43,295.5,250.5,15.3
2025-05-09T15:49:00+00:00,2091.7,83.11,344.3,13.64,398.1,16.0,643.5,0.0718,1.34,295.5,250.5,15.1
2025-05-09T15:50:00+00:00,2152.6,83.77,360.4,13.82,391.2,17.4,621.0,0.0636,1.25,295.5,250.5,16.3
2025-05-09T15:51:00+00:00,2167.1,83.44,347.4,13.68,382.7,17.3,599.6,0.0662,1.39,295.5,250.5,16.8
2025-05-09T15:52:00+00:00,2126.9,84.60,357.1,13.96,388.2,16.6,581.3,0.0693,1.30,295.5,250.5,15.5
2025-05-09T15:53:00+00:00,1937.2,80.59,362.9,13.56,383.9,17.6,636.6,0.0630,1.32,295.5,250.5,13.8
2025-05-09T15:54:00+00:00,2078.8,82.17,354.7,13.98,403.0,17.3,621.7,0.0696,1.35,295.5,250.5,17.1
2025-05-09T15:55:00+00:00,2182.1,81.81,341.6,13.63,373.5,16.2,652.3,0.0681,1.36,295.5,250.5,15.9
2025-05-09T15:56:00+00:00,1873.0,83.78,359.2,13.57,385.0,16.4,564.5,0.0635,1.39,295.5,250.5,16.7
2025-05-09T15:57:00+00:00,1965.0,83.21,351.1,13.77,384.7,17.3,626.9,0.0645,1.44,295.5,250.5,16.7
2025-05-09T15:58:00+00:00,2162.6,84.51,351.2,13.89,376.1,16.2,570.3,0.0666,1.38,295.5,250.5,16.8
2025-05-09T15:59:00+00:00,2067.1,81.48,362.8,13.55,389.6,17.3,616.7,0.0699,1.25,295.5,250.5,15.4
2025-05-09T16:00:00+00:00,1863.3,78.89,341.5,13.73,358.7,13.5,574.3,0.0697,1.32,295.5,250.5,15.9
2025-05-09T16:01:00+00:00,2159.6,80.77,343.2,13.77,397.9,15.7,596.1,0.0653,1.39,295.5,250.5,15.9
2025-05-09T16:02:00+00:00,1981.0,84.73,354.1,13.75,371.5,16.1,614.0,0.0636,1.35,295.5,250.5,17.3
2025-05-09T16:03:00+00:00,1987.5,87.30,364.5,13.60,362.1,14.6,513.4,0.0695,1.33,295.5,250.5,17.0
2025-05-09T16:04:00+00:00,1970.6,84.76,341.8,13.74,365.2,15.8,576.3,0.0637,1.36,295.5,250.5,17.0
2025-05-09T16:05:00+00:00,2040.9,82.99,335.9,13.93,381.2,16.1,648.0,0.0719,1.28,295.5,250.5,14.4
2025-05-09T16:06:00+00:00,1790.7,82.34,345.4,13.92,369.8,16.9,547.5,0.0625,1.34,295.5,250.5,15.4
2025-05-09T16:07:00+00:00,2002.8,82.89,351.0,13.76,396.7,15.7,537.3,0.0640,1.39,295.5,250.5,15.9
2025-05-09T16:08:00+00:00,1868.3,80.19,345.1,13.55,375.0,16.8,637.4,0.0688,1.29,295.5,250.5,16.0
2025-05-09T16:09:00+00:00,2060.5,82.57,331.8,13.90,397.0,16.0,583.9,0.0732,1.37,295.5,250.5,17.3
2025-05-09T16:10:00+00:00,1608.4,79.96,347.9,13.87,359.7,19.0,590.8,0.0617,1.35,295.5,250.5,16.5
2025-05-09T16:11:00+00:00,2040.7,81.62,355.6,13.77,366.4,15.5,615.0,0.0651,1.40,295.5,250.5,17.2
2025-05-09T16:12:00+00:00,1907.0,81.76,353.8,13.51,366.0,14.5,583.6,0.0631,1.34,295.5,250.5,18.0
2025-05-09T16:13:00+00:00,2122.2,82.15,337.9,13.73,394.6,13.0,599.0,0.0698,1.23,295.5,250.5,17.4
2025-05-09T16:14:00+00:00,2184.9,82.15,350.0,13.72,387.4,16.1,632.5,0.0641,1.28,295.5,250.5,16.8
2025-05-09T16:15:00+00:00,1878.2,83.69,352.4,13.79,389.2,16.8,557.1,0.0642,1.46,295.5,250.5,16.3
2025-05-09T16:16:00+00:00,2075.9,84.53,348.7,13.77,396.5,15.7,682.4,0.0640,1.34,295.5,250.5,15.9
2025-05-09T16:17:00+00:00,2008.6,82.01,340.9,13.93,364.3,14.8,661.7,0.0637,1.34,295.5,250.5,18.0
2025-05-09T16:18:00+00:00,1947.1,84.85,355.3,13.68,398.2,15.2,605.9,0.0672,1.31,295.5,250.5,15.4
2025-05-09T16:19:00+00:00,965.5,77.55,353.2,14.03,344.4,16.9,523.5,0.0582,1.36,295.5,250.5,18.4
2025-05-09T16:20:00+00:00,802.3,75.09,357.4,13.82,341.1,15.8,568.8,0.0580,1.35,295.5,250.5,17.3
2025-05-09T16:21:00+00:00,930.5,76.68,364.8,13.82,338.3,15.6,577.2,0.0618,1.29,295.5,250.5,17.5
2025-05-09T16:22:00+00:00,1131.3,79.34,354.7,13.70,348.2,17.6,537.4,0.0586,1.25,295.5,250.5,15.5
2025-05-09T16:23:00+00:00,859.6,77.31,365.5,13.81,352.7,17.5,522.8,0.0578,1.37,295.5,250.5,15.2
2025-05-09T16:24:00+00:00,1014.6,80.14,349.0,13.80,360.4,13.1,587.1,0.0609,1.31,295.5,250.5,15.4
2025-05-09T16:25:00+00:00,1039.9,78.19,365.0,13.80,330.4,15.4,581.6,0.0580,1.29,295.5,250.5,17.4
2025-05-09T16:26:00+00:00,915.0,75.87,359.0,13.74,353.8,15.8,584.5,0.0572,1.28,295.5,250.5,15.2
2025-05-09T16:27:00+00:00,912.2,78.86,361.1,13.88,347.2,14.9,536.5,0.0577,1.33,295.5,250.5,17.4
2025-05-09T16:28:00+00:00,850.8,78.56,352.2,13.51,354.0,17.3,582.9,0.0671,1.36,295.5,250.5,15.5
2025-05-09T16:29:00+00:00,865.5,78.91,351.5,13.65,356.1,16.3,556.5,0.0582,1.39,295.5,250.5,17.4
2025-05-09T16:30:00+00:00,943.2,76.12,348.6,13.94,343.4,14.1,544.1,0.0575,1.29,295.5,250.5,17.9
2025-05-10T06:00:00+00:00,907.8,79.93,365.0,13.79,350.9,17.0,630.3,0.0582,1.05,275.0,140.0,16.1
2025-05-10T06:01:00+00:00,946.6,78.17,359.7,13.84,356.3,18.3,539.5,0.0571,1.14,275.0,140.0,14.3
2025-05-10T06:02:00+00:00,1056.1,76.66,346.5,13.52,323.1,15.9,510.7,0.0585,1.03,275.0,140.0,14.2
2025-05-10T06:03:00+00:00,931.3,79.47,340.1,13.99,336.9,14.6,537.9,0.0615,1.15,275.0,140.0,13.5
2025-05-10T06:04:00+00:00,1032.7,81.03,349.3,13.69,354.2,15.5,529.3,0.0557,1.08,275.0,140.0,14.1
2025-05-10T06:05:00+00:00,874.1,78.21,357.4,13.56,323.5,16.3,616.6,0.0546,1.03,275.0,140.0,15.5
2025-05-10T06:06:00+00:00,993.0,81.37,372.0,13.46,332.4,16.6,588.8,0.0550,1.01,275.0,140.0,15.8
2025-05-10T06:07:00+00:00,1129.7,77.74,375.1,13.64,357.7,15.1,609.8,0.0572,1.18,275.0,140.0,13.8
2025-05-10T06:08:00+00:00,1092.7,80.76,349.6,13.80,357.6,13.6,567.5,0.0609,1.13,275.0,140.0,12.6
2025-05-10T06:09:00+00:00,976.2,80.85,360.0,13.61,350.8,15.9,534.7,0.0574,1.13,275.0,140.0,14.9
2025-05-10T06:10:00+00:00,980.3,78.29,346.8,13.74,353.2,15.1,539.5,0.0555,1.07,275.0,140.0,15.0
2025-05-10T06:11:00+00:00,1081.8,78.72,356.5,13.51,339.0,14.8,584.6,0.0563,1.10,275.0,140.0,16.2
2025-05-10T06:12:00+00:00,2280.6,83.09,360.7,13.79,408.9,16.3,618.1,0.0655,1.02,275.0,140.0,13.4
2025-05-10T06:13:00+00:00,1756.2,79.94,341.6,13.71,368.7,15.9,596.1,0.0648,1.08,275.0,140.0,14.8
2025-05-10T06:14:00+00:00,1998.3,83.73,333.0,13.51,389.0,13.1,599.2,0.0619,1.16,275.0,140.0,14.9
2025-05-10T06:15:00+00:00,2195.8,82.98,350.8,13.59,384.2,16.2,583.4,0.0736,1.12,275.0,140.0,16.2
2025-05-10T06:16:00+00:00,2210.1,83.15,349.1,13.69,371.7,17.8,596.5,0.0629,1.15,275.0,140.0,15.2
2025-05-10T06:17:00+00:00,1884.6,82.34,371.4,13.85,381.8,15.3,603.8,0.0607,1.12,275.0,140.0,15.6
2025-05-10T06:18:00+00:00,2038.2,83.27,355.9,13.63,403.1,17.3,616.4,0.0624,1.05,275.0,140.0,13.9
2025-05-10T06:19:00+00:00,2005.2,83.84,349.2,13.63,382.3,21.2,550.1,0.0624,1.11,275.0,140.0,14.2
2025-05-10T06:20:00+00:00,2074.1,80.09,355.5,14.05,388.9,14.9,631.2,0.0671,1.11,275.0,140.0,13.8
2025-05-10T06:21:00+00:00,1988.1,80.67,347.7,13.90,371.4,15.6,588.5,0.0618,1.16,275.0,140.0,15.3
2025-05-10T06:22:00+00:00,2062.9,83.38,352.7,13.61,375.9,17.6,609.4,0.0669,1.07,275.0,140.0,14.7
2025-05-10T06:23:00+00:00,1998.8,79.42,357.1,13.92,381.4,14.6,582.5,0.0643,1.08,275.0,140.0,14.2
2025-05-10T06:24:00+00:00,2216.9,80.29,351.4,13.70,384.1,16.4,582.6,0.0621,1.07,275.0,140.0,14.8
2025-05-10T06:25:00+00:00,2109.8,83.14,358.7,14.02,369.9,17.2,655.8,0.0618,1.09,275.0,140.0,14.8
2025-05-10T06:26:00+00:00,1938.6,81.92,348.8,13.63,352.7,16.6,683.9,0.0607,1.08,275.0,140.0,15.5
2025-05-10T06:27:00+00:00,2002.2,79.83,345.0,13.61,383.1,15.9,582.0,0.0597,0.95,275.0,140.0,12.9
2025-05-10T06:28:00+00:00,1957.1,84.65,355.3,13.73,372.4,14.7,545.3,0.0605,0.98,275.0,140.0,12.1
2025-05-10T06:29:00+00:00,1861.9,78.86,350.2,13.67,386.3,16.5,612.1,0.0608,1.13,275.0,140.0,14.0
2025-05-10T06:30:00+00:00,2114.4,83.88,350.8,13.71,381.3,17.7,568.0,0.0633,1.12,275.0,140.0,14.6
2025-05-10T06:31:00+00:00,2166.2,83.38,354.7,13.88,374.6,16.8,614.3,0.0617,1.05,275.0,140.0,15.8
2025-05-10T06:32:00+00:00,1948.9,80.60,348.2,13.59,368.6,16.3,645.9,0.0617,1.07,275.0,140.0,12.0
2025-05-10T06:33:00+00:00,1982.7,81.15,353.8,13.58,405.0,16.4,563.1,0.0609,1.07,275.0,140.0,15.2
2025-05-10T06:34:00+00:00,2132.5,81.42,341.9,14.04,392.8,14.5,590.7,0.0668,0.98,275.0,140.0,13.4
2025-05-10T06:35:00+00:00,2044.8,83.91,346.5,14.13,379.9,16.0,551.1,0.0616,1.11,275.0,140.0,15.0
2025-05-10T06:36:00+00:00,2127.4,83.34,332.7,13.65,387.4,15.4,598.7,0.0610,1.01,275.0,140.0,14.3
2025-05-10T06:37:00+00:00,1915.5,79.03,345.7,13.75,359.3,13.9,613.3,0.0649,1.16,275.0,140.0,11.9
2025-05-10T06:38:00+00:00,2036.5,79.08,346.7,13.78,386.8,18.6,572.9,0.0616,1.12,275.0,140.0,16.3
2025-05-10T06:39:00+00:00,2215.5,81.70,360.3,13.75,372.0,15.6,595.8,0.0635,1.17,275.0,140.0,13.3
2025-05-10T06:40:00+00:00,1834.0,82.42,362.7,13.68,366.7,15.7,573.9,0.0602,1.10,275.0,140.0,13.5
2025-05-10T06:41:00+00:00,2127.7,84.96,342.2,13.94,375.3,14.7,543.2,0.0615,1.08,275.0,140.0,14.4
2025-05-10T06:42:00+00:00,1973.9,81.93,364.1,13.76,392.7,15.8,569.8,0.0607,1.06,275.0,140.0,16.0
2025-05-10T06:43:00+00:00,1853.5,79.03,344.6,13.79,369.5,16.7,568.6,0.0605,1.07,275.0,140.0,13.9
2025-05-10T06:44:00+00:00,1856.6,79.49,358.8,13.95,379.5,16.9,640.9,0.0644,1.16,275.0,140.0,15.5
2025-05-10T06:45:00+00:00,1809.5,82.85,352.6,13.76,373.9,16.1,575.3,0.0606,1.14,275.0,140.0,15.6
2025-05-10T06:46:00+00:00,1993.4,82.74,354.7,13.72,396.0,16.0,621.0,0.0614,1.12,275.0,140.0,13.0
2025-05-10T06:47:00+00:00,2108.4,83.15,353.6,13.62,384.0,16.5,646.7,0.0627,1.19,275.0,140.0,13.8
2025-05-10T06:48:00+00:00,2038.0,84.53,368.6,13.81,383.3,17.5,605.0,0.0632,1.05,275.0,140.0,15.0
2025-05-10T06:49:00+00:00,1962.1,81.13,331.4,13.58,389.9,15.5,599.4,0.0680,1.08,275.0,140.0,14.7
2025-05-10T06:50:00+00:00,2031.5,82.36,338.2,13.69,383.9,16.3,616.9,0.0618,1.09,275.0,140.0,14.5
2025-05-10T06:51:00+00:00,1889.9,82.84,360.9,13.80,372.5,16.3,580.7,0.0609,1.12,275.0,140.0,15.4
2025-05-10T06:52:00+00:00,1937.2,81.49,347.1,13.72,411.1,15.4,601.7,0.0651,1.08,275.0,140.0,15.1
2025-05-10T06:53:00+00:00,1785.0,82.20,361.8,13.84,368.3,17.6,602.1,0.0605,1.12,275.0,140.0,15.5
2025-05-10T06:54:00+00:00,2171.2,81.87,356.1,13.78,410.4,15.8,572.7,0.0627,1.15,275.0,140.0,14.3
2025-05-10T06:55:00+00:00,1972.6,83.59,332.9,13.60,382.0,16.4,566.6,0.0614,1.09,275.0,140.0,14.8
2025-05-10T06:56:00+00:00,1751.7,79.28,361.0,13.72,387.6,15.4,608.5,0.0594,1.05,275.0,140.0,14.3
2025-05-10T06:57:00+00:00,2162.7,81.03,357.7,13.62,367.1,17.8,587.7,0.0615,1.05,275.0,140.0,13.6
2025-05-10T06:58:00+00:00,2099.6,84.15,353.9,13.79,384.7,15.6,630.5,0.0607,1.00,275.0,140.0,14.9
2025-05-10T06:59:00+00:00,1924.5,82.73,346.7,13.74,384.1,15.8,635.8,0.0610,1.13,275.0,140.0,16.5
2025-05-10T07:00:00+00:00,2440.5,86.04,342.0,13.78,421.7,15.7,614.0,0.0725,1.03,275.0,140.0,15.6
2025-05-10T07:01:00+00:00,1903.2,82.03,342.0,14.10,376.9,15.6,606.9,0.0720,1.17,275.0,140.0,15.6
2025-05-10T07:02:00+00:00,2159.0,82.56,350.8,13.86,383.3,16.3,627.4,0.0612,1.00,275.0,140.0,14.2
2025-05-10T07:03:00+00:00,2373.6,82.95,357.3,13.63,388.5,16.1,651.7,0.0628,1.07,275.0,140.0,13.8
2025-05-10T07:04:00+00:00,2451.3,83.68,340.9,13.56,410.7,13.7,624.5,0.0629,1.03,275.0,140.0,15.1
2025-05-10T07:05:00+00:00,2006.9,82.20,334.9,13.88,373.2,15.4,569.6,0.0661,1.07,275.0,140.0,14.9
2025-05-10T07:06:00+00:00,2412.4,83.07,350.0,13.90,383.3,18.3,593.9,0.0638,1.13,275.0,140.0,13.5
2025-05-10T07:07:00+00:00,2046.8,82.54,327.7,13.85,388.1,17.4,606.6,0.0609,1.05,275.0,140.0,13.4
2025-05-10T07:08:00+00:00,2483.1,83.96,348.9,13.61,408.7,17.4,586.6,0.0624,0.97,275.0,140.0,14.9
2025-05-10T07:09:00+00:00,2036.9,82.05,359.0,14.10,365.7,15.2,554.2,0.0648,1.11,275.0,140.0,15.2
2025-05-10T07:10:00+00:00,2454.2,86.85,344.2,13.77,378.8,16.7,603.2,0.0669,1.08,275.0,140.0,15.3
2025-05-10T07:11:00+00:00,2009.3,82.49,356.0,13.97,395.4,15.7,599.4,0.0631,0.99,275.0,140.0,14.1
2025-05-10T07:12:00+00:00,2526.6,86.32,358.1,13.65,414.2,14.8,655.0,0.0634,1.03,275.0,140.0,13.7
2025-05-10T07:13:00+00:00,1916.8,81.00,359.5,14.01,398.4,17.1,640.7,0.0606,1.08,275.0,140.0,14.2
2025-05-10T07:14:00+00:00,2005.7,82.76,350.7,13.88,390.2,13.9,603.5,0.0609,1.08,275.0,140.0,16.2
2025-05-10T07:15:00+00:00,1953.9,81.57,363.3,13.88,396.3,15.7,620.9,0.0614,1.16,275.0,140.0,16.4
2025-05-10T07:16:00+00:00,2360.8,83.88,347.5,13.82,394.9,16.3,654.0,0.0627,1.06,275.0,140.0,16.7
2025-05-10T07:17:00+00:00,2373.1,82.13,355.8,13.83,401.7,17.4,566.5,0.0627,1.06,275.0,140.0,15.7
2025-05-10T07:18:00+00:00,1903.3,81.37,349.6,13.96,397.4,14.3,596.9,0.0600,1.04,275.0,140.0,13.4
2025-05-10T07:19:00+00:00,2106.1,81.65,357.1,13.79,399.0,16.5,598.1,0.0606,0.99,275.0,140.0,14.2
2025-05-10T07:20:00+00:00,1979.4,80.00,345.9,13.67,400.7,15.5,627.0,0.0615,1.08,275.0,140.0,14.0
2025-05-10T07:21:00+00:00,1820.9,81.17,342.9,13.73,373.7,19.0,600.6,0.0676,0.99,275.0,140.0,15.9
2025-05-10T07:22:00+00:00,2062.4,81.21,353.4,13.91,389.4,14.1,567.0,0.0610,1.05,275.0,140.0,13.8
2025-05-10T07:23:00+00:00,2313.1,83.42,360.2,13.68,375.0,14.5,608.0,0.0630,1.10,275.0,140.0,13.4
2025-05-10T07:24:00+00:00,1863.3,80.93,360.3,13.75,387.3,17.6,587.6,0.0599,1.04,275.0,140.0,14.7
2025-05-10T07:25:00+00:00,2236.3,82.66,336.2,13.75,377.7,14.5,609.2,0.0727,1.07,275.0,140.0,14.0
2025-05-10T07:26:00+00:00,1914.1,79.15,360.7,13.59,403.1,18.2,655.4,0.0609,1.10,275.0,140.0,16.6
2025-05-10T07:27:00+00:00,1933.7,81.23,349.4,13.80,379.2,14.5,626.8,0.0612,1.14,275.0,140.0,14.4
2025-05-10T07:28:00+00:00,1972.9,79.90,341.7,13.94,379.4,14.9,605.4,0.0658,1.07,275.0,140.0,14.5
2025-05-10T07:29:00+00:00,2053.8,81.91,349.3,13.85,388.3,13.5,581.4,0.0621,1.15,275.0,140.0,13.7
2025-05-10T07:30:00+00:00,2097.3,81.74,361.1,13.73,392.8,13.9,609.6,0.0618,1.11,275.0,140.0,16.0
2025-05-10T07:31:00+00:00,2028.8,80.11,363.0,13.76,363.1,18.7,598.0,0.0646,1.11,275.0,140.0,14.6
2025-05-10T07:32:00+00:00,2026.6,83.74,345.0,13.58,385.6,18.0,612.1,0.0611,1.09,275.0,140.0,16.5
2025-05-10T07:33:00+00:00,1997.5,83.10,337.6,13.79,390.5,15.4,619.8,0.0620,1.16,275.0,140.0,15.1
2025-05-10T07:34:00+00:00,2023.8,81.85,343.1,13.60,388.2,17.1,615.5,0.0676,1.13,275.0,140.0,14.7
2025-05-10T07:35:00+00:00,1960.8,81.06,341.0,13.70,380.4,17.7,579.0,0.0606,1.07,275.0,140.0,15.8
2025-05-10T07:36:00+00:00,1856.1,81.89,355.3,13.79,383.1,17.6,634.7,0.0618,1.12,275.0,140.0,14.0
2025-05-10T07:37:00+00:00,2063.5,81.33,343.8,13.88,400.3,16.0,578.5,0.0606,1.01,275.0,140.0,15.5
2025-05-10T07:38:00+00:00,2033.3,83.16,336.6,13.62,375.4,14.5,602.5,0.0649,1.06,275.0,140.0,15.9
2025-05-10T07:39:00+00:00,2063.5,81.03,346.2,13.40,372.7,14.5,591.5,0.0656,1.07,275.0,140.0,14.7
2025-05-10T07:40:00+00:00,2084.3,82.63,355.7,13.90,387.2,17.3,622.1,0.0625,1.19,275.0,140.0,15.7
2025-05-10T07:41:00+00:00,2151.8,82.94,351.6,13.86,376.9,16.3,611.1,0.0619,1.09,275.0,140.0,15.4
2025-05-10T07:42:00+00:00,1619.9,83.02,347.0,13.79,364.4,15.6,564.2,0.0581,1.00,275.0,140.0,14.7
2025-05-10T07:43:00+00:00,2026.8,81.64,342.6,13.87,361.1,17.7,593.0,0.0678,1.04,275.0,140.0,14.3
2025-05-10T07:44:00+00:00,1843.6,81.54,347.8,13.62,375.5,15.9,614.0,0.0632,1.02,275.0,140.0,13.6
2025-05-10T07:45:00+00:00,1997.5,82.32,356.1,13.89,364.2,17.0,565.7,0.0608,1.06,275.0,140.0,14.0
2025-05-10T07:46:00+00:00,2091.5,78.41,348.3,14.09,394.0,17.6,573.8,0.0634,1.14,275.0,140.0,14.3
2025-05-10T07:47:00+00:00,1989.6,82.02,342.0,13.91,388.3,16.9,605.3,0.0607,1.05,275.0,140.0,17.2
2025-05-10T07:48:00+00:00,2188.2,83.60,349.3,13.77,378.9,15.7,658.5,0.0626,1.14,275.0,140.0,12.6
2025-05-10T07:49:00+00:00,2136.4,84.35,352.4,13.73,399.4,14.8,549.1,0.0646,1.04,275.0,140.0,13.4
2025-05-10T07:50:00+00:00,1951.3,81.89,345.4,13.81,392.5,16.5,582.5,0.0612,1.13,275.0,140.0,14.7
2025-05-10T07:51:00+00:00,1902.4,81.60,363.9,13.76,365.9,15.6,586.9,0.0604,1.00,275.0,140.0,13.7
2025-05-10T07:52:00+00:00,2051.1,80.87,359.5,13.79,362.8,16.4,610.6,0.0630,1.01,275.0,140.0,13.9
2025-05-10T07:53:00+00:00,1907.1,82.38,371.0,13.91,360.9,12.9,588.1,0.0603,1.05,275.0,140.0,15.5
2025-05-10T07:54:00+00:00,1850.0,79.77,346.6,13.72,375.5,16.1,549.1,0.0627,1.04,275.0,140.0,14.0
2025-05-10T07:55:00+00:00,2025.7,82.16,350.0,13.83,393.2,19.1,589.2,0.0617,0.99,275.0,140.0,15.8
2025-05-10T07:56:00+00:00,1905.9,83.10,352.0,14.05,371.3,19.2,640.6,0.0640,1.08,275.0,140.0,14.0
2025-05-10T07:57:00+00:00,2041.7,81.03,353.7,13.87,369.3,17.0,570.8,0.0632,1.09,275.0,140.0,13.9
2025-05-10T07:58:00+00:00,2049.4,84.46,335.6,13.67,391.6,17.5,569.5,0.0644,1.05,275.0,140.0,15.1
2025-05-10T07:59:00+00:00,2185.3,83.70,347.9,13.93,392.8,12.2,600.0,0.0612,1.01,275.0,140.0,14.2
2025-05-10T08:00:00+00:00,1927.2,82.57,351.1,13.79,365.0,17.5,574.1,0.0617,1.12,275.0,140.0,16.2
2025-05-10T08:01:00+00:00,1865.8,81.98,361.9,13.64,379.6,14.4,662.6,0.0632,1.10,275.0,140.0,16.7
2025-05-10T08:02:00+00:00,2010.2,83.11,347.4,13.75,394.9,18.0,690.3,0.0607,1.03,275.0,140.0,15.6
2025-05-10T08:03:00+00:00,2157.3,82.35,344.2,13.90,416.5,14.3,579.9,0.0621,1.12,275.0,140.0,16.4
2025-05-10T08:04:00+00:00,1999.6,80.39,358.3,14.07,398.2,18.5,663.9,0.0659,1.08,275.0,140.0,14.7
2025-05-10T08:05:00+00:00,1967.6,81.59,371.7,13.80,387.1,17.7,562.2,0.0634,1.07,275.0,140.0,14.7
2025-05-10T08:06:00+00:00,2030.8,79.74,348.0,13.68,391.3,16.6,587.9,0.0707,1.07,275.0,140.0,15.0
2025-05-10T08:07:00+00:00,1980.3,80.36,351.3,13.75,409.5,16.4,597.9,0.0614,1.12,275.0,140.0,13.6
2025-05-10T08:08:00+00:00,1864.1,80.91,349.4,13.69,387.6,16.4,585.3,0.0604,1.09,275.0,140.0,14.5
2025-05-10T08:09:00+00:00,966.9,78.58,359.0,13.80,362.3,17.1,549.2,0.0545,0.98,275.0,140.0,15.4
2025-05-10T08:10:00+00:00,824.3,80.42,364.3,13.80,346.2,13.7,552.6,0.0546,1.06,275.0,140.0,14.3
2025-05-10T08:11:00+00:00,989.8,77.19,347.2,13.96,336.1,17.7,541.1,0.0590,1.06,275.0,140.0,13.5
2025-05-10T08:12:00+00:00,1077.8,77.16,361.6,13.76,321.7,18.9,548.8,0.0568,1.04,275.0,140.0,15.2
2025-05-10T08:13:00+00:00,985.6,77.23,350.5,13.89,348.7,16.1,597.9,0.0554,1.05,275.0,140.0,15.0
2025-05-10T08:14:00+00:00,994.2,78.45,354.2,13.88,351.8,14.4,484.1,0.0567,1.03,275.0,140.0,13.8
2025-05-10T08:15:00+00:00,1072.2,78.14,351.4,13.66,348.8,15.7,565.0,0.0559,1.07,275.0,140.0,14.3
2025-05-10T08:16:00+00:00,802.6,78.53,365.3,13.72,362.3,16.8,516.9,0.0551,1.13,275.0,140.0,13.6
2025-05-10T08:17:00+00:00,894.3,77.90,349.0,13.99,352.1,15.2,552.2,0.0560,1.17,275.0,140.0,14.5
2025-05-10T08:18:00+00:00,912.7,78.92,356.9,13.60,352.1,15.8,615.1,0.0555,1.11,275.0,140.0,14.5
2025-05-10T08:19:00+00:00,1019.6,79.45,351.3,13.66,371.6,16.7,582.5,0.0559,1.04,275.0,140.0,15.0
2025-05-10T14:00:00+00:00,952.1,76.16,361.1,14.02,347.0,17.9,494.2,0.0562,1.16,275.0,140.0,13.7
2025-05-10T14:01:00+00:00,1066.8,77.49,349.9,13.70,343.8,16.9,582.0,0.0557,1.05,275.0,140.0,15.0
2025-05-10T14:02:00+00:00,793.7,78.73,363.5,13.95,334.9,17.8,587.0,0.0552,1.15,275.0,140.0,15.2
2025-05-10T14:03:00+00:00,974.2,77.41,369.7,13.96,374.5,19.3,543.7,0.0550,1.04,275.0,140.0,15.0
2025-05-10T14:04:00+00:00,990.5,77.41,350.3,13.82,336.7,17.3,615.1,0.0561,1.13,275.0,140.0,16.5
2025-05-10T14:05:00+00:00,1089.4,80.07,360.2,13.99,351.9,16.7,549.1,0.0627,1.04,275.0,140.0,14.2
2025-05-10T14:06:00+00:00,790.5,77.05,357.3,13.56,340.3,19.6,495.5,0.0546,1.08,275.0,140.0,14.9
2025-05-10T14:07:00+00:00,894.2,79.28,362.9,13.78,343.9,14.3,603.9,0.0546,1.03,275.0,140.0,16.2
2025-05-10T14:08:00+00:00,960.3,79.90,355.8,13.59,365.6,15.3,581.9,0.0608,1.10,275.0,140.0,14.3
2025-05-10T14:09:00+00:00,1027.9,79.51,357.3,13.87,344.8,16.0,538.0,0.0565,1.07,275.0,140.0,15.7
2025-05-10T14:10:00+00:00,998.8,79.73,354.5,14.05,331.5,16.2,607.7,0.0598,1.13,275.0,140.0,15.3
2025-05-10T14:11:00+00:00,807.1,77.40,353.5,13.96,322.6,17.8,562.0,0.0574,1.12,275.0,140.0,16.2
2025-05-10T14:12:00+00:00,887.0,76.39,363.8,13.69,340.6,17.2,527.3,0.0549,1.06,275.0,140.0,13.7
2025-05-10T14:13:00+00:00,1942.9,83.99,343.2,13.78,381.1,14.7,586.7,0.0661,1.08,275.0,140.0,14.1
2025-05-10T14:14:00+00:00,2077.8,81.14,354.4,13.64,388.2,16.3,659.1,0.0615,1.08,275.0,140.0,16.0
2025-05-10T14:15:00+00:00,2031.4,79.86,357.1,13.76,376.5,17.0,555.4,0.0685,1.08,275.0,140.0,15.4
2025-05-10T14:16:00+00:00,1970.6,80.99,352.9,13.85,380.1,17.9,611.0,0.0658,1.10,275.0,140.0,15.6
2025-05-10T14:17:00+00:00,1965.8,83.18,346.6,13.79,372.7,15.8,643.7,0.0673,1.05,275.0,140.0,12.6
2025-05-10T14:18:00+00:00,2022.4,80.90,349.2,13.83,412.9,14.9,568.2,0.0606,1.02,275.0,140.0,14.8
2025-05-10T14:19:00+00:00,2043.7,82.56,343.5,13.54,388.5,15.6,630.2,0.0613,1.07,275.0,140.0,14.5
2025-05-10T14:20:00+00:00,2110.8,79.94,359.7,13.73,362.2,15.0,565.6,0.0616,1.07,275.0,140.0,15.0
2025-05-10T14:21:00+00:00,2058.3,82.33,348.5,13.79,391.1,17.4,625.9,0.0617,1.13,275.0,140.0,15.7
2025-05-10T14:22:00+00:00,1872.4,79.55,354.2,13.82,400.8,16.3,545.7,0.0612,1.17,275.0,140.0,15.3
2025-05-10T14:23:00+00:00,2271.5,81.26,338.6,13.84,368.4,16.0,590.6,0.0708,1.11,275.0,140.0,14.8
2025-05-10T14:24:00+00:00,1982.6,82.65,347.3,13.78,363.8,17.4,594.7,0.0609,1.08,275.0,140.0,13.9
2025-05-10T14:25:00+00:00,2033.4,86.32,344.2,14.02,368.1,15.6,623.7,0.0612,1.08,275.0,140.0,13.5
2025-05-10T14:26:00+00:00,1966.2,82.46,350.5,13.90,362.5,15.6,622.9,0.0612,1.07,275.0,140.0,14.7
2025-05-10T14:27:00+00:00,2142.5,82.58,332.6,13.78,397.0,16.1,628.7,0.0649,1.10,275.0,140.0,15.1
2025-05-10T14:28:00+00:00,2224.3,81.80,356.9,14.17,387.0,16.2,676.1,0.0654,1.09,275.0,140.0,15.5
2025-05-10T14:29:00+00:00,2043.6,81.34,356.8,13.80,387.3,14.3,651.6,0.0609,1.02,275.0,140.0,13.3
2025-05-10T14:30:00+00:00,2279.3,81.44,338.6,13.90,393.8,13.8,613.0,0.0633,1.12,275.0,140.0,15.3
2025-05-10T14:31:00+00:00,1994.3,79.73,342.1,13.93,360.7,14.3,594.7,0.0608,1.07,275.0,140.0,15.4
2025-05-10T14:32:00+00:00,2103.3,80.92,348.3,13.82,396.4,14.5,587.3,0.0621,1.09,275.0,140.0,15.1
2025-05-10T14:33:00+00:00,2060.7,83.19,350.2,13.69,370.2,15.8,587.9,0.0678,1.12,275.0,140.0,14.4
2025-05-10T14:34:00+00:00,2059.2,84.07,338.8,13.76,390.5,16.8,604.9,0.0607,1.01,275.0,140.0,14.0
2025-05-10T14:35:00+00:00,1955.5,80.96,354.4,13.81,381.2,13.5,604.9,0.0615,1.13,275.0,140.0,14.3
2025-05-10T14:36:00+00:00,2021.2,82.64,357.0,14.13,384.2,15.6,594.8,0.0632,1.16,275.0,140.0,16.6
2025-05-10T14:37:00+00:00,1846.2,83.34,340.8,13.74,374.3,18.9,534.7,0.0604,1.09,275.0,140.0,15.0
2025-05-10T14:38:00+00:00,2102.6,82.36,357.9,13.94,376.0,17.0,619.0,0.0623,1.10,275.0,140.0,14.5
2025-05-10T14:39:00+00:00,2144.8,82.14,351.4,13.61,381.4,16.2,570.8,0.0605,0.96,275.0,140.0,14.1
2025-05-10T14:40:00+00:00,1940.2,79.87,347.3,13.93,379.3,15.0,565.5,0.0608,1.10,275.0,140.0,13.1
2025-05-10T14:41:00+00:00,2008.4,83.05,360.4,13.94,400.8,16.7,619.8,0.0662,1.10,275.0,140.0,13.7
2025-05-10T14:42:00+00:00,2063.5,81.37,359.5,13.96,367.5,18.1,595.3,0.0647,1.08,275.0,140.0,14.8
2025-05-10T14:43:00+00:00,1997.4,83.51,369.2,13.95,382.1,18.1,606.6,0.0640,1.12,275.0,140.0,12.6
2025-05-10T14:44:00+00:00,2045.2,80.13,350.1,13.64,387.5,16.0,577.7,0.0613,1.07,275.0,140.0,16.2
2025-05-10T14:45:00+00:00,1927.8,82.77,349.3,13.75,386.4,16.7,574.5,0.0639,1.02,275.0,140.0,15.1
2025-05-10T14:46:00+00:00,1985.3,83.43,329.9,13.88,379.7,17.2,630.3,0.0687,1.04,275.0,140.0,14.9
2025-05-10T14:47:00+00:00,1904.0,80.22,347.6,13.79,381.6,19.4,618.3,0.0607,1.03,275.0,140.0,14.2
2025-05-10T14:48:00+00:00,2045.1,83.59,353.1,14.00,377.8,17.1,598.1,0.0617,1.12,275.0,140.0,13.1
2025-05-10T14:49:00+00:00,1820.4,82.79,353.6,13.80,361.5,17.2,636.5,0.0612,1.20,275.0,140.0,15.0
2025-05-10T14:50:00+00:00,2149.2,83.48,350.2,14.11,390.9,16.0,604.7,0.0649,1.12,275.0,140.0,15.6
2025-05-10T14:51:00+00:00,2028.7,81.95,346.6,13.62,370.5,18.5,637.7,0.0612,1.08,275.0,140.0,14.7
2025-05-10T14:52:00+00:00,2062.8,80.73,353.9,14.00,370.2,17.4,570.1,0.0672,1.03,275.0,140.0,15.2
2025-05-10T14:53:00+00:00,2078.3,83.39,352.5,13.95,394.1,17.1,532.7,0.0616,1.09,275.0,140.0,15.2
2025-05-10T14:54:00+00:00,2130.6,84.20,336.2,13.66,372.8,15.6,641.5,0.0612,1.04,275.0,140.0,13.5
2025-05-10T14:55:00+00:00,2053.1,84.50,347.5,13.91,386.9,16.4,580.5,0.0607,1.02,275.0,140.0,14.5
2025-05-10T14:56:00+00:00,2041.2,82.59,349.1,13.68,379.5,18.1,649.8,0.0607,1.02,275.0,140.0,15.6
2025-05-10T14:57:00+00:00,2055.8,82.55,363.8,13.80,378.1,17.0,572.3,0.0648,1.09,275.0,140.0,12.6
2025-05-10T14:58:00+00:00,2088.2,83.69,342.7,13.75,361.3,15.7,575.1,0.0624,1.17,275.0,140.0,14.5
2025-05-10T14:59:00+00:00,2097.7,81.05,341.1,13.95,374.7,17.7,603.3,0.0623,1.15,275.0,140.0,16.1
2025-05-10T15:00:00+00:00,1800.5,80.41,353.5,13.90,382.2,16.2,508.8,0.0604,1.13,275.0,140.0,14.2
2025-05-10T15:01:00+00:00,2067.2,84.09,355.8,14.08,387.3,14.4,555.1,0.0617,1.10,275.0,140.0,13.6
2025-05-10T15:02:00+00:00,2067.3,82.25,363.0,13.72,380.3,16.6,567.0,0.0682,1.11,275.0,140.0,13.8
2025-05-10T15:03:00+00:00,2191.3,80.92,346.1,13.60,372.9,16.3,621.9,0.0623,1.12,275.0,140.0,15.7
2025-05-10T15:04:00+00:00,2121.0,83.46,358.9,13.74,401.7,15.2,619.4,0.0643,1.07,275.0,140.0,14.6
2025-05-10T15:05:00+00:00,2030.4,83.05,347.4,13.61,380.0,18.3,622.2,0.0608,1.04,275.0,140.0,14.2
2025-05-10T15:06:00+00:00,1988.5,82.93,357.6,13.90,395.9,15.4,629.7,0.0608,1.06,275.0,140.0,14.7
2025-05-10T15:07:00+00:00,1786.6,83.18,354.6,13.85,364.3,15.6,596.7,0.0593,1.02,275.0,140.0,14.3
2025-05-10T15:08:00+00:00,1968.9,80.27,345.9,13.75,383.4,17.4,581.0,0.0601,1.01,275.0,140.0,13.8
2025-05-10T15:09:00+00:00,2051.3,78.95,354.6,13.85,373.9,18.4,581.0,0.0605,1.00,275.0,140.0,14.2
2025-05-10T15:10:00+00:00,1855.7,83.23,364.5,13.69,398.7,16.9,667.7,0.0660,1.08,275.0,140.0,16.1
2025-05-10T15:11:00+00:00,2082.3,83.87,347.8,13.77,393.2,14.6,596.3,0.0631,1.03,275.0,140.0,15.2
2025-05-10T15:12:00+00:00,2518.0,84.33,357.3,13.81,395.0,15.6,607.5,0.0641,1.00,275.0,140.0,13.6
2025-05-10T15:13:00+00:00,1935.8,80.91,362.5,13.86,365.2,14.7,550.1,0.0605,1.06,275.0,140.0,13.5
2025-05-10T15:14:00+00:00,2115.6,83.73,349.3,13.79,382.3,15.8,605.0,0.0647,1.05,275.0,140.0,14.0
2025-05-10T15:15:00+00:00,1950.4,80.36,357.4,14.03,388.2,17.9,562.8,0.0633,1.14,275.0,140.0,15.1
2025-05-10T15:16:00+00:00,2211.9,82.92,344.8,13.89,406.9,14.5,597.6,0.0621,1.09,275.0,140.0,14.5
2025-05-10T15:17:00+00:00,2021.7,84.65,367.8,13.97,389.9,19.0,617.0,0.0676,1.08,275.0,140.0,11.5
2025-05-10T15:18:00+00:00,2059.1,82.94,342.2,13.92,362.3,16.4,622.3,0.0619,1.12,275.0,140.0,11.9
2025-05-10T15:19:00+00:00,2114.8,81.81,351.7,13.84,406.4,17.5,620.9,0.0619,1.11,275.0,140.0,16.1
2025-05-10T15:20:00+00:00,2460.6,82.40,338.0,14.02,401.9,15.1,601.5,0.0647,1.07,275.0,140.0,14.7
2025-05-10T15:21:00+00:00,2132.4,85.26,352.8,14.06,383.1,17.7,602.1,0.0637,1.07,275.0,140.0,14.0
2025-05-10T15:22:00+00:00,2121.0,81.91,358.0,14.02,362.8,16.4,637.8,0.0618,1.11,275.0,140.0,13.9
2025-05-10T15:23:00+00:00,2109.5,83.34,348.9,13.81,384.9,18.4,586.6,0.0611,1.03,275.0,140.0,15.7
2025-05-10T15:24:00+00:00,2433.4,84.34,356.6,13.99,407.0,15.1,615.2,0.0668,1.05,275.0,140.0,14.3
2025-05-10T15:25:00+00:00,2013.0,79.34,353.9,13.68,393.3,17.0,567.5,0.0615,1.05,275.0,140.0,14.7
2025-05-10T15:26:00+00:00,2495.2,83.93,354.2,13.61,407.4,15.6,630.5,0.0635,1.05,275.0,140.0,14.2
2025-05-10T15:27:00+00:00,2384.9,84.18,343.9,13.74,400.0,18.1,573.9,0.0624,1.01,275.0,140.0,13.2
2025-05-10T15:28:00+00:00,1985.4,83.17,359.3,13.93,368.9,18.3,575.3,0.0675,1.08,275.0,140.0,13.4
2025-05-10T15:29:00+00:00,2371.1,84.09,363.0,13.89,389.3,16.5,642.2,0.0696,1.20,275.0,140.0,14.9
2025-05-10T15:30:00+00:00,1947.5,83.06,341.0,13.85,390.5,16.0,560.6,0.0656,1.05,275.0,140.0,14.7
2025-05-10T15:31:00+00:00,2454.1,81.37,360.9,13.43,392.8,16.0,621.3,0.0727,1.07,275.0,140.0,15.3
2025-05-10T15:32:00+00:00,1976.3,84.08,346.3,13.79,382.4,18.7,594.9,0.0606,1.06,275.0,140.0,14.2
2025-05-10T15:33:00+00:00,2027.8,80.62,339.4,13.65,367.9,15.5,595.3,0.0653,1.09,275.0,140.0,13.6
2025-05-10T15:34:00+00:00,2063.4,83.88,346.1,13.81,376.3,19.2,661.6,0.0617,1.11,275.0,140.0,14.1
2025-05-10T15:35:00+00:00,1802.8,81.31,339.3,13.69,374.1,16.8,579.9,0.0597,1.00,275.0,140.0,14.0
2025-05-10T15:36:00+00:00,2046.6,81.05,341.6,13.77,391.4,17.5,611.7,0.0693,1.01,275.0,140.0,16.2
2025-05-10T15:37:00+00:00,1898.4,80.08,343.3,13.78,391.1,16.5,644.3,0.0603,1.07,275.0,140.0,15.6
2025-05-10T15:38:00+00:00,2223.4,81.99,347.3,13.54,405.4,15.9,574.3,0.0625,1.11,275.0,140.0,16.0
2025-05-10T15:39:00+00:00,2139.2,80.86,347.0,13.61,363.7,16.9,686.8,0.0649,1.07,275.0,140.0,15.4
2025-05-10T15:40:00+00:00,1955.8,83.84,350.7,13.97,380.7,14.6,571.6,0.0607,1.07,275.0,140.0,15.4
2025-05-10T15:41:00+00:00,1830.9,81.80,345.0,13.76,372.1,17.0,669.8,0.0610,1.17,275.0,140.0,14.5
2025-05-10T15:42:00+00:00,1910.7,79.62,349.5,13.75,369.7,16.3,588.8,0.0640,0.99,275.0,140.0,15.8
2025-05-10T15:43:00+00:00,1953.1,82.29,356.8,14.01,388.0,14.7,536.6,0.0655,1.12,275.0,140.0,15.4
2025-05-10T15:44:00+00:00,2156.9,82.03,347.1,13.82,386.1,16.6,646.4,0.0613,1.05,275.0,140.0,12.5
2025-05-10T15:45:00+00:00,2194.3,83.86,360.9,13.68,370.5,13.9,597.8,0.0711,1.11,275.0,140.0,15.0
2025-05-10T15:46:00+00:00,2024.2,80.88,351.9,13.85,390.5,15.5,599.5,0.0616,1.12,275.0,140.0,14.2
2025-05-10T15:47:00+00:00,1984.2,84.05,349.2,14.05,380.7,16.4,619.3,0.0628,0.97,275.0,140.0,14.5
2025-05-10T15:48:00+00:00,2020.0,84.08,355.3,13.63,384.8,17.2,668.3,0.0608,1.06,275.0,140.0,13.0
2025-05-10T15:49:00+00:00,2168.7,83.07,339.1,14.01,414.1,16.5,578.9,0.0623,1.09,275.0,140.0,15.0
2025-05-10T15:50:00+00:00,2148.6,80.11,349.4,13.92,384.9,15.2,601.6,0.0615,1.05,275.0,140.0,15.7
2025-05-10T15:51:00+00:00,1925.6,79.94,352.7,13.78,388.9,13.9,581.6,0.0610,1.04,275.0,140.0,13.8
2025-05-10T15:52:00+00:00,1995.4,80.63,339.8,14.07,391.8,15.6,636.1,0.0608,1.06,275.0,140.0,14.0
2025-05-10T15:53:00+00:00,2105.3,82.93,340.7,13.56,363.8,14.5,560.7,0.0620,1.11,275.0,140.0,15.1
2025-05-10T15:54:00+00:00,1990.1,80.84,359.5,13.91,376.4,18.1,601.1,0.0687,1.08,275.0,140.0,14.6
2025-05-10T15:55:00+00:00,2092.2,83.28,350.6,13.93,370.8,14.4,581.4,0.0615,1.07,275.0,140.0,14.0
2025-05-10T15:56:00+00:00,2043.5,81.88,345.1,13.75,393.8,15.5,627.0,0.0631,1.09,275.0,140.0,14.9
2025-05-10T15:57:00+00:00,2010.4,82.34,364.5,14.03,390.0,19.3,613.5,0.0611,1.07,275.0,140.0,15.3
2025-05-10T15:58:00+00:00,2261.1,83.20,354.8,13.88,376.2,15.3,627.6,0.0631,1.10,275.0,140.0,13.5
2025-05-10T15:59:00+00:00,1974.0,81.64,350.6,13.71,398.9,17.4,595.4,0.0601,0.99,275.0,140.0,13.9
2025-05-10T16:00:00+00:00,2122.6,81.88,337.5,13.73,387.8,17.3,655.2,0.0687,1.12,275.0,140.0,12.7
2025-05-10T16:01:00+00:00,2068.3,82.31,353.0,13.73,398.0,14.4,609.2,0.0622,1.16,275.0,140.0,13.7
2025-05-10T16:02:00+00:00,1932.2,81.18,353.9,13.89,384.8,17.3,633.8,0.0610,1.10,275.0,140.0,16.2
2025-05-10T16:03:00+00:00,2004.4,84.53,356.5,13.92,365.9,16.1,588.4,0.0611,1.08,275.0,140.0,13.5
2025-05-10T16:04:00+00:00,2120.0,80.58,352.7,13.73,393.4,16.8,556.6,0.0619,1.11,275.0,140.0,14.4
2025-05-10T16:05:00+00:00,2179.0,86.22,356.6,13.62,406.6,17.3,535.0,0.0621,1.10,275.0,140.0,15.1
2025-05-10T16:06:00+00:00,1998.5,83.63,350.8,13.81,360.8,15.9,559.6,0.0619,1.06,275.0,140.0,12.8
2025-05-10T16:07:00+00:00,2027.4,83.67,342.8,13.87,408.6,15.2,554.3,0.0629,1.02,275.0,140.0,14.5
2025-05-10T16:08:00+00:00,1936.8,80.15,358.7,13.66,381.8,14.7,608.6,0.0616,1.16,275.0,140.0,14.9
2025-05-10T16:09:00+00:00,1873.2,79.50,352.6,13.81,369.0,16.9,652.6,0.0611,1.16,275.0,140.0,13.6
2025-05-10T16:10:00+00:00,2103.4,82.02,353.9,13.62,399.7,18.1,562.5,0.0654,1.03,275.0,140.0,14.4
2025-05-10T16:11:00+00:00,1819.7,79.48,351.4,13.56,374.1,16.7,610.8,0.0611,1.17,275.0,140.0,14.5
2025-05-10T16:12:00+00:00,1972.0,81.30,353.9,13.74,377.1,16.9,630.4,0.0639,1.14,275.0,140.0,14.8
2025-05-10T16:13:00+00:00,2025.0,81.54,336.2,13.97,365.0,15.1,637.6,0.0611,1.08,275.0,140.0,13.8
2025-05-10T16:14:00+00:00,1972.4,81.10,352.8,13.66,384.8,12.2,554.9,0.0617,1.17,275.0,140.0,15.2
2025-05-10T16:15:00+00:00,1908.5,79.67,358.7,13.58,349.0,15.8,567.0,0.0634,1.10,275.0,140.0,13.7
2025-05-10T16:16:00+00:00,1886.3,80.91,356.3,13.69,387.8,16.8,594.9,0.0595,0.99,275.0,140.0,14.8
2025-05-10T16:17:00+00:00,2232.3,85.16,350.7,13.76,383.1,15.8,607.0,0.0645,0.95,275.0,140.0,14.0
2025-05-10T16:18:00+00:00,2013.8,81.30,355.7,13.95,380.2,16.6,610.9,0.0617,1.14,275.0,140.0,15.6
2025-05-10T16:19:00+00:00,1923.1,82.08,356.9,14.07,386.8,15.8,557.4,0.0599,1.01,275.0,140.0,14.8
2025-05-10T16:20:00+00:00,2169.2,84.72,356.5,13.67,379.2,14.5,581.8,0.0620,1.11,275.0,140.0,17.1
2025-05-10T16:21:00+00:00,1909.3,83.25,351.2,13.74,383.3,16.5,492.7,0.0664,1.14,275.0,140.0,13.2
2025-05-10T16:22:00+00:00,1901.7,82.34,359.3,13.74,371.6,19.4,564.7,0.0608,1.10,275.0,140.0,13.2
2025-05-10T16:23:00+00:00,1969.0,82.83,350.4,13.68,368.6,14.8,616.7,0.0695,1.14,275.0,140.0,16.4
2025-05-10T16:24:00+00:00,2228.0,81.86,348.6,13.72,409.2,17.0,605.5,0.0627,1.13,275.0,140.0,13.0
2025-05-10T16:25:00+00:00,1864.6,81.15,340.8,14.00,368.7,17.8,597.1,0.0603,1.09,275.0,140.0,13.9
2025-05-10T16:26:00+00:00,1052.4,75.54,373.8,13.72,365.4,18.3,581.6,0.0552,1.00,275.0,140.0,13.7
2025-05-10T16:27:00+00:00,1062.9,80.25,359.0,13.78,355.1,16.6,516.2,0.0665,1.04,275.0,140.0,14.2
2025-05-10T16:28:00+00:00,887.5,77.16,361.8,13.39,340.2,16.0,590.5,0.0621,1.16,275.0,140.0,15.4
2025-05-10T16:29:00+00:00,995.9,79.33,356.5,13.53,335.8,15.0,590.0,0.0554,1.06,275.0,140.0,12.5
2025-05-10T16:30:00+00:00,877.9,79.87,357.6,13.81,336.3,16.1,577.1,0.0551,1.09,275.0,140.0,14.7
2025-05-10T16:31:00+00:00,903.8,79.84,362.5,13.96,350.2,15.4,558.6,0.0560,1.15,275.0,140.0,13.8
2025-05-10T16:32:00+00:00,1042.0,78.64,356.2,13.82,362.1,18.6,563.5,0.0550,0.99,275.0,140.0,15.3
2025-05-10T16:33:00+00:00,875.3,78.41,346.8,13.92,338.9,15.9,550.9,0.0550,1.08,275.0,140.0,14.7
2025-05-10T16:34:00+00:00,1084.9,77.87,369.7,13.93,340.6,13.1,592.4,0.0563,1.05,275.0,140.0,13.6
2025-05-10T16:35:00+00:00,902.0,80.24,352.5,13.77,319.3,14.6,558.3,0.0590,1.10,275.0,140.0,14.4
2025-05-10T16:36:00+00:00,850.5,77.78,356.2,14.22,349.6,15.9,576.8,0.0582,0.98,275.0,140.0,15.4
2025-05-10T16:37:00+00:00,1016.1,78.29,354.9,13.76,359.7,14.1,575.1,0.0553,0.99,275.0,140.0,13.7
2025-05-11T06:00:00+00:00,1007.3,77.58,366.2,13.65,337.1,17.1,534.7,0.0590,0.75,161.5,341.5,7.6
2025-05-11T06:01:00+00:00,815.2,80.19,358.1,13.83,347.6,18.2,568.8,0.0507,0.68,161.5,341.5,8.1
2025-05-11T06:02:00+00:00,964.9,76.81,359.6,13.69,339.2,14.0,545.8,0.0575,0.64,161.5,341.5,8.6
2025-05-11T06:03:00+00:00,948.9,78.77,358.2,13.95,358.0,16.3,582.5,0.0512,0.67,161.5,341.5,7.4
2025-05-11T06:04:00+00:00,975.9,80.80,349.9,13.54,378.4,15.6,602.3,0.0535,0.70,161.5,341.5,6.7
2025-05-11T06:05:00+00:00,882.5,79.21,352.0,13.78,340.4,16.1,548.6,0.0523,0.62,161.5,341.5,8.3
2025-05-11T06:06:00+00:00,992.0,79.45,361.8,13.88,362.0,17.0,573.2,0.0521,0.74,161.5,341.5,6.8
2025-05-11T06:07:00+00:00,1010.0,78.95,356.9,14.07,364.3,17.1,549.3,0.0529,0.67,161.5,341.5,7.9
2025-05-11T06:08:00+00:00,824.0,78.40,375.9,13.96,339.9,17.9,517.1,0.0523,0.73,161.5,341.5,8.0
2025-05-11T06:09:00+00:00,975.1,81.98,363.5,13.70,337.3,17.7,583.0,0.0508,0.61,161.5,341.5,7.9
2025-05-11T06:10:00+00:00,1940.9,83.19,358.3,13.94,373.3,17.8,584.9,0.0622,0.74,161.5,341.5,8.1
2025-05-11T06:11:00+00:00,2040.7,79.32,336.5,13.85,369.3,17.3,620.3,0.0679,0.80,161.5,341.5,6.9
2025-05-11T06:12:00+00:00,2195.3,82.60,362.5,13.82,397.9,15.8,602.0,0.0596,0.66,161.5,341.5,8.2
2025-05-11T06:13:00+00:00,1959.4,80.87,342.6,13.99,382.0,17.2,553.1,0.0564,0.65,161.5,341.5,8.1
2025-05-11T06:14:00+00:00,1876.7,81.19,359.1,13.58,363.3,16.9,573.8,0.0576,0.81,161.5,341.5,7.1
2025-05-11T06:15:00+00:00,2063.9,82.73,335.1,13.70,370.5,17.0,590.0,0.0583,0.77,161.5,341.5,9.3
2025-05-11T06:16:00+00:00,2001.4,80.54,330.3,13.60,392.3,14.7,609.9,0.0584,0.63,161.5,341.5,9.5
2025-05-11T06:17:00+00:00,2010.1,82.04,349.1,13.84,378.5,19.9,625.2,0.0573,0.71,161.5,341.5,8.6
2025-05-11T06:18:00+00:00,2265.2,81.70,356.3,13.86,398.3,14.5,568.4,0.0609,0.76,161.5,341.5,6.9
2025-05-11T06:19:00+00:00,1874.8,83.44,325.9,13.76,364.5,17.4,642.5,0.0571,0.77,161.5,341.5,9.5
2025-05-11T06:20:00+00:00,2019.8,83.56,339.9,13.74,399.7,17.4,654.8,0.0582,0.76,161.5,341.5,8.5
2025-05-11T06:21:00+00:00,2149.0,80.87,335.2,13.73,390.3,18.0,588.2,0.0580,0.69,161.5,341.5,7.6
2025-05-11T06:22:00+00:00,1963.3,80.44,364.3,13.69,391.9,16.4,626.0,0.0590,0.69,161.5,341.5,6.4
2025-05-11T06:23:00+00:00,2068.9,80.50,357.8,13.99,402.9,14.5,595.0,0.0667,0.65,161.5,341.5,5.6
2025-05-11T06:24:00+00:00,2069.5,81.71,338.6,13.80,384.8,15.2,598.1,0.0684,0.76,161.5,341.5,7.2
2025-05-11T06:25:00+00:00,2072.7,82.39,354.8,13.91,385.8,13.1,572.4,0.0581,0.75,161.5,341.5,8.0
2025-05-11T06:26:00+00:00,2104.2,84.39,350.2,14.01,380.1,18.2,642.3,0.0584,0.77,161.5,341.5,9.0
2025-05-11T06:27:00+00:00,1971.7,82.77,336.6,13.77,398.3,16.1,571.7,0.0590,0.78,161.5,341.5,6.7
2025-05-11T06:28:00+00:00,1723.1,80.04,358.8,14.00,342.3,16.3,655.3,0.0641,0.75,161.5,341.5,7.2
2025-05-11T06:29:00+00:00,2028.7,81.05,374.1,13.81,373.6,18.9,552.8,0.0586,0.82,161.5,341.5,8.9
2025-05-11T06:30:00+00:00,1901.5,84.48,341.9,13.96,385.7,13.8,630.1,0.0566,0.70,161.5,341.5,6.7
2025-05-11T06:31:00+00:00,2025.6,80.36,347.7,14.04,402.2,16.6,621.9,0.0582,0.78,161.5,341.5,8.5
2025-05-11T06:32:00+00:00,2023.0,82.08,363.6,13.81,402.4,17.7,587.3,0.0575,0.71,161.5,341.5,8.2
2025-05-11T06:33:00+00:00,1924.9,80.77,347.5,13.87,361.9,16.2,597.0,0.0572,0.74,161.5,341.5,9.4
2025-05-11T06:34:00+00:00,2032.1,80.61,350.4,13.68,377.7,14.2,627.4,0.0616,0.72,161.5,341.5,6.4
2025-05-11T06:35:00+00:00,2026.8,81.32,360.1,13.65,384.7,16.7,617.5,0.0564,0.60,161.5,341.5,8.5
2025-05-11T06:36:00+00:00,1960.0,84.95,333.9,13.66,376.5,19.6,620.0,0.0580,0.70,161.5,341.5,7.2
2025-05-11T06:37:00+00:00,2242.2,83.69,337.7,13.64,392.2,16.3,635.7,0.0585,0.71,161.5,341.5,8.1
2025-05-11T06:38:00+00:00,1927.3,82.35,351.1,13.56,388.4,14.6,626.2,0.0608,0.65,161.5,341.5,7.3
2025-05-11T06:39:00+00:00,2070.1,81.40,349.8,13.95,401.3,18.9,587.8,0.0584,0.77,161.5,341.5,6.9
2025-05-11T06:40:00+00:00,2010.1,82.38,350.9,13.85,382.0,15.2,610.6,0.0566,0.64,161.5,341.5,7.3
2025-05-11T06:41:00+00:00,1988.7,84.57,349.1,13.96,397.6,15.2,605.5,0.0577,0.69,161.5,341.5,7.0
2025-05-11T06:42:00+00:00,2105.9,82.87,362.7,13.80,394.3,18.7,650.6,0.0586,0.70,161.5,341.5,7.1
2025-05-11T06:43:00+00:00,1850.9,82.16,352.4,13.89,393.9,16.7,636.1,0.0566,0.73,161.5,341.5,8.7
2025-05-11T06:44:00+00:00,2075.4,83.24,353.0,13.67,398.5,18.6,522.7,0.0587,0.70,161.5,341.5,6.9
2025-05-11T06:45:00+00:00,1962.8,83.89,359.6,13.96,382.9,14.8,623.1,0.0595,0.68,161.5,341.5,8.0
2025-05-11T06:46:00+00:00,1963.8,81.40,358.2,13.53,365.1,17.2,591.0,0.0576,0.75,161.5,341.5,6.2
2025-05-11T06:47:00+00:00,2200.8,82.60,339.3,13.81,369.1,18.4,572.9,0.0602,0.64,161.5,341.5,7.0
2025-05-11T06:48:00+00:00,1888.1,79.32,358.4,13.85,353.9,15.2,629.4,0.0569,0.73,161.5,341.5,9.9
2025-05-11T06:49:00+00:00,1971.2,84.26,353.4,13.88,370.1,15.3,621.8,0.0588,0.72,161.5,341.5,7.9
2025-05-11T06:50:00+00:00,1958.6,80.50,350.4,13.41,381.5,17.2,673.3,0.0656,0.70,161.5,341.5,8.3
2025-05-11T06:51:00+00:00,2159.4,85.25,344.7,13.75,388.2,15.8,676.6,0.0588,0.77,161.5,341.5,7.2
2025-05-11T06:52:00+00:00,2253.1,80.51,349.8,13.96,394.0,13.6,621.0,0.0587,0.72,161.5,341.5,8.3
2025-05-11T06:53:00+00:00,2372.9,86.16,344.7,13.77,396.0,18.9,611.9,0.0613,0.62,161.5,341.5,7.7
2025-05-11T06:54:00+00:00,2595.3,82.39,347.3,13.55,401.7,18.3,611.3,0.0609,0.75,161.5,341.5,7.6
2025-05-11T06:55:00+00:00,2457.6,88.22,338.1,13.87,400.3,17.4,601.6,0.0610,0.70,161.5,341.5,8.9
2025-05-11T06:56:00+00:00,2045.0,83.13,339.7,13.72,396.9,16.5,600.1,0.0603,0.63,161.5,341.5,8.6
2025-05-11T06:57:00+00:00,2273.6,83.81,349.6,13.76,389.1,16.6,610.4,0.0591,0.75,161.5,341.5,7.3
2025-05-11T06:58:00+00:00,2155.6,82.26,349.2,13.60,395.6,16.7,612.4,0.0580,0.70,161.5,341.5,5.9
2025-05-11T06:59:00+00:00,1964.5,83.07,344.1,13.83,360.5,16.1,578.5,0.0736,0.72,161.5,341.5,6.8
2025-05-11T07:00:00+00:00,2207.5,83.34,335.1,13.60,380.0,15.1,510.0,0.0597,0.69,161.5,341.5,8.4
2025-05-11T07:01:00+00:00,1829.1,80.01,345.8,13.80,358.8,18.5,632.0,0.0581,0.69,161.5,341.5,7.7
2025-05-11T07:02:00+00:00,1899.5,83.31,355.4,14.08,388.6,16.6,587.0,0.0574,0.76,161.5,341.5,7.6
2025-05-11T07:03:00+00:00,1981.1,83.42,356.2,13.81,373.5,15.5,592.7,0.0570,0.69,161.5,341.5,8.0
2025-05-11T07:04:00+00:00,2355.0,80.56,359.5,13.75,386.4,15.9,565.2,0.0595,0.74,161.5,341.5,8.0
2025-05-11T07:05:00+00:00,1995.9,83.92,357.3,13.90,360.3,17.9,660.2,0.0568,0.67,161.5,341.5,6.8
2025-05-11T07:06:00+00:00,1956.5,80.43,334.0,13.79,388.0,15.4,575.4,0.0576,0.68,161.5,341.5,7.5
2025-05-11T07:07:00+00:00,2018.6,78.50,353.5,14.00,376.4,17.3,604.9,0.0571,0.68,161.5,341.5,8.8
2025-05-11T07:08:00+00:00,2471.9,84.60,331.0,13.76,380.4,17.2,627.0,0.0668,0.65,161.5,341.5,10.1
2025-05-11T07:09:00+00:00,2098.3,82.85,352.4,13.96,377.3,17.1,591.9,0.0634,0.68,161.5,341.5,9.0
2025-05-11T07:10:00+00:00,1947.3,81.50,334.5,13.78,381.0,16.8,600.8,0.0561,0.61,161.5,341.5,9.8
2025-05-11T07:11:00+00:00,2447.8,81.69,346.8,14.11,393.7,18.4,533.4,0.0639,0.68,161.5,341.5,8.9
2025-05-11T07:12:00+00:00,2329.3,82.72,333.6,13.73,403.2,17.2,602.8,0.0658,0.73,161.5,341.5,7.2
2025-05-11T07:13:00+00:00,2548.3,83.85,348.0,13.64,392.9,17.8,622.8,0.0601,0.70,161.5,341.5,8.1
2025-05-11T07:14:00+00:00,2539.2,84.00,347.8,13.97,380.8,16.0,636.2,0.0671,0.69,161.5,341.5,8.5
2025-05-11T07:15:00+00:00,2088.1,81.97,339.6,13.62,383.1,18.0,678.9,0.0577,0.64,161.5,341.5,7.1
2025-05-11T07:16:00+00:00,2023.9,81.67,347.7,14.10,388.9,16.9,546.8,0.0578,0.74,161.5,341.5,8.5
2025-05-11T07:17:00+00:00,2037.7,80.65,352.8,13.97,390.1,18.8,600.7,0.0572,0.69,161.5,341.5,7.2
2025-05-11T07:18:00+00:00,2222.1,84.14,348.2,14.00,379.4,17.7,608.8,0.0607,0.75,161.5,341.5,7.1
2025-05-11T07:19:00+00:00,1943.1,85.00,357.1,13.93,386.0,14.2,583.8,0.0586,0.73,161.5,341.5,8.2
2025-05-11T07:20:00+00:00,2101.9,83.51,348.1,14.06,390.3,17.8,623.6,0.0575,0.69,161.5,341.5,9.5
2025-05-11T07:21:00+00:00,1911.2,81.30,347.7,13.59,392.9,12.9,621.2,0.0600,0.65,161.5,341.5,6.9
2025-05-11T07:22:00+00:00,1791.0,81.28,344.5,14.02,381.6,15.9,563.1,0.0565,0.69,161.5,341.5,6.2
2025-05-11T07:23:00+00:00,1922.7,81.78,342.4,13.87,384.9,18.1,592.8,0.0566,0.68,161.5,341.5,8.4
2025-05-11T07:24:00+00:00,2197.6,80.08,348.2,13.71,402.2,16.6,599.0,0.0583,0.71,161.5,341.5,9.0
2025-05-11T07:25:00+00:00,1803.0,82.96,357.4,13.73,355.4,10.7,614.6,0.0616,0.76,161.5,341.5,7.4
2025-05-11T07:26:00+00:00,1722.3,79.98,349.1,13.68,370.0,17.3,637.9,0.0558,0.71,161.5,341.5,8.0
2025-05-11T07:27:00+00:00,2071.6,85.57,348.0,13.88,385.0,17.9,610.3,0.0576,0.69,161.5,341.5,7.7
2025-05-11T07:28:00+00:00,2090.0,80.75,352.0,13.88,389.6,15.1,586.9,0.0591,0.78,161.5,341.5,9.2
2025-05-11T07:29:00+00:00,2059.0,83.29,349.1,13.86,387.8,18.5,566.7,0.0623,0.73,161.5,341.5,7.4
2025-05-11T07:30:00+00:00,2109.8,82.41,348.7,13.90,394.7,15.3,655.0,0.0617,0.67,161.5,341.5,9.2
2025-05-11T07:31:00+00:00,2038.0,85.03,340.8,13.54,363.3,18.4,613.0,0.0569,0.66,161.5,341.5,8.2
2025-05-11T07:32:00+00:00,1957.0,80.95,339.7,13.64,387.4,15.5,634.3,0.0567,0.69,161.5,341.5,7.9
2025-05-11T07:33:00+00:00,2050.6,83.74,372.5,13.90,389.9,18.0,653.4,0.0576,0.72,161.5,341.5,8.1
2025-05-11T07:34:00+00:00,2023.1,84.21,338.3,13.88,390.4,14.9,611.2,0.0580,0.77,161.5,341.5,8.7
2025-05-11T07:35:00+00:00,2141.4,81.67,360.1,13.72,384.8,16.3,579.5,0.0583,0.73,161.5,341.5,8.5
2025-05-11T07:36:00+00:00,2121.5,84.29,341.1,13.82,391.4,17.8,604.3,0.0576,0.67,161.5,341.5,8.0
2025-05-11T07:37:00+00:00,1880.4,80.37,354.4,13.87,380.0,18.5,592.5,0.0568,0.73,161.5,341.5,6.3
2025-05-11T07:38:00+00:00,2222.1,83.54,340.5,13.80,392.2,14.6,607.2,0.0691,0.70,161.5,341.5,8.9
2025-05-11T07:39:00+00:00,2144.9,84.09,361.3,13.90,402.8,15.2,527.3,0.0650,0.71,161.5,341.5,8.9
2025-05-11T07:40:00+00:00,2010.4,80.16,341.5,13.82,361.9,17.8,657.4,0.0571,0.69,161.5,341.5,6.8
2025-05-11T07:41:00+00:00,2285.3,81.30,338.7,13.67,410.3,17.3,605.0,0.0686,0.74,161.5,341.5,8.1
2025-05-11T07:42:00+00:00,1879.9,84.13,345.3,13.92,382.4,15.1,595.1,0.0579,0.65,161.5,341.5,6.7
2025-05-11T07:43:00+00:00,1801.6,81.20,338.3,13.56,388.2,16.2,570.7,0.0593,0.77,161.5,341.5,8.9
2025-05-11T07:44:00+00:00,2038.2,82.58,352.9,13.83,374.6,16.3,631.3,0.0582,0.78,161.5,341.5,6.5
2025-05-11T07:45:00+00:00,1964.7,81.17,345.3,13.72,383.1,18.5,565.9,0.0618,0.77,161.5,341.5,7.0
2025-05-11T07:46:00+00:00,2029.2,81.71,340.9,13.81,396.2,16.4,567.1,0.0594,0.60,161.5,341.5,7.2
2025-05-11T07:47:00+00:00,1928.8,83.20,356.9,13.95,371.8,12.0,591.9,0.0562,0.63,161.5,341.5,8.0
2025-05-11T07:48:00+00:00,1816.6,83.07,341.2,13.69,383.5,15.4,631.3,0.0598,0.77,161.5,341.5,6.8
2025-05-11T07:49:00+00:00,2025.3,82.19,363.0,13.92,361.3,17.8,557.2,0.0571,0.68,161.5,341.5,6.1
2025-05-11T07:50:00+00:00,1948.9,82.85,348.1,13.74,371.6,14.8,539.7,0.0591,0.71,161.5,341.5,7.4
2025-05-11T07:51:00+00:00,2036.3,81.18,333.3,13.75,376.6,17.0,606.6,0.0575,0.62,161.5,341.5,6.6
2025-05-11T07:52:00+00:00,1830.5,83.50,362.8,13.99,392.3,15.8,592.5,0.0571,0.74,161.5,341.5,7.3
2025-05-11T07:53:00+00:00,1997.3,81.46,351.8,13.83,388.3,14.2,546.3,0.0599,0.72,161.5,341.5,7.7
2025-05-11T07:54:00+00:00,2168.6,83.78,345.5,13.87,386.5,16.2,655.7,0.0585,0.75,161.5,341.5,8.0
2025-05-11T07:55:00+00:00,1883.3,82.48,353.6,13.63,363.4,15.5,581.9,0.0598,0.79,161.5,341.5,6.7
2025-05-11T07:56:00+00:00,919.3,79.87,360.2,13.82,350.2,15.4,556.3,0.0563,0.63,161.5,341.5,8.9
2025-05-11T07:57:00+00:00,1049.6,77.77,363.6,13.73,354.6,15.6,545.6,0.0587,0.59,161.5,341.5,7.7
2025-05-11T07:58:00+00:00,946.1,79.08,359.7,13.83,345.1,13.8,622.2,0.0539,0.71,161.5,341.5,7.9
2025-05-11T07:59:00+00:00,1033.0,78.64,362.5,13.69,342.7,13.0,554.9,0.0604,0.64,161.5,341.5,8.7
2025-05-11T08:00:00+00:00,764.2,79.72,358.9,13.89,317.3,16.0,493.2,0.0590,0.67,161.5,341.5,7.9
2025-05-11T08:01:00+00:00,998.7,80.03,345.2,13.41,359.6,12.6,610.4,0.0512,0.62,161.5,341.5,8.2
2025-05-11T08:02:00+00:00,904.9,80.08,362.0,13.78,343.5,15.6,541.6,0.0519,0.74,161.5,341.5,7.4
2025-05-11T08:03:00+00:00,994.1,79.59,371.0,13.94,351.4,19.6,535.2,0.0556,0.71,161.5,341.5,6.8
2025-05-11T08:04:00+00:00,909.4,80.35,364.2,13.58,357.0,13.7,565.8,0.0562,0.71,161.5,341.5,9.6
2025-05-11T14:00:00+00:00,1004.9,78.50,353.8,13.57,328.7,18.0,519.4,0.0520,0.71,161.5,341.5,10.2
2025-05-11T14:01:00+00:00,1007.0,79.45,360.1,13.71,332.1,15.2,619.3,0.0522,0.74,161.5,341.5,7.4
2025-05-11T14:02:00+00:00,1037.4,78.39,341.9,13.59,355.2,15.0,489.9,0.0524,0.72,161.5,341.5,6.8
2025-05-11T14:03:00+00:00,1020.4,79.36,358.5,13.97,356.2,15.2,596.4,0.0607,0.70,161.5,341.5,7.8
2025-05-11T14:04:00+00:00,866.5,77.19,343.5,13.80,358.3,15.6,533.9,0.0514,0.72,161.5,341.5,8.9
2025-05-11T14:05:00+00:00,975.0,78.27,358.2,13.77,344.9,16.8,569.1,0.0561,0.66,161.5,341.5,6.2
2025-05-11T14:06:00+00:00,866.3,76.90,361.2,13.65,354.3,16.2,576.4,0.0503,0.61,161.5,341.5,9.5
2025-05-11T14:07:00+00:00,950.2,80.34,360.3,13.77,336.9,14.9,632.4,0.0505,0.61,161.5,341.5,8.0
2025-05-11T14:08:00+00:00,846.2,77.33,370.0,13.65,327.5,18.1,559.3,0.0555,0.74,161.5,341.5,7.2
2025-05-11T14:09:00+00:00,912.0,81.13,360.0,13.64,352.9,16.1,610.8,0.0518,0.73,161.5,341.5,9.4
2025-05-11T14:10:00+00:00,1116.3,77.07,372.1,13.85,353.3,19.9,539.1,0.0517,0.63,161.5,341.5,7.8
2025-05-11T14:11:00+00:00,1017.1,80.40,355.4,14.00,341.0,16.4,569.0,0.0508,0.59,161.5,341.5,7.2
2025-05-11T14:12:00+00:00,1890.4,79.89,349.6,13.70,385.5,16.0,590.2,0.0571,0.75,161.5,341.5,7.5
2025-05-11T14:13:00+00:00,2020.6,80.60,356.7,13.79,372.0,18.3,549.9,0.0575,0.72,161.5,341.5,10.2
2025-05-11T14:14:00+00:00,2122.2,83.70,347.0,13.77,390.7,19.9,677.1,0.0675,0.66,161.5,341.5,8.0
2025-05-11T14:15:00+00:00,1890.1,83.91,336.5,13.81,380.6,14.8,584.2,0.0600,0.73,161.5,341.5,7.3
2025-05-11T14:16:00+00:00,2062.4,78.82,362.5,13.79,393.1,15.6,578.7,0.0578,0.74,161.5,341.5,8.2
2025-05-11T14:17:00+00:00,1977.0,82.99,343.7,13.80,365.0,15.9,636.4,0.0605,0.75,161.5,341.5,9.5
2025-05-11T14:18:00+00:00,2035.9,79.66,341.0,13.73,373.8,18.6,582.8,0.0578,0.73,161.5,341.5,7.5
2025-05-11T14:19:00+00:00,1847.0,79.82,364.4,13.60,373.5,15.5,577.9,0.0559,0.65,161.5,341.5,6.7
2025-05-11T14:20:00+00:00,2084.2,82.42,357.9,13.70,378.1,17.2,586.9,0.0574,0.67,161.5,341.5,8.8
2025-05-11T14:21:00+00:00,2141.7,82.34,349.8,13.66,390.0,12.4,559.1,0.0578,0.67,161.5,341.5,8.4
2025-05-11T14:22:00+00:00,1935.6,84.59,350.9,13.74,385.3,16.6,534.3,0.0582,0.82,161.5,341.5,8.9
2025-05-11T14:23:00+00:00,1976.4,81.19,342.7,13.98,360.3,17.8,568.4,0.0636,0.73,161.5,341.5,8.3
2025-05-11T14:24:00+00:00,2142.7,81.14,357.2,13.75,386.4,16.7,625.4,0.0583,0.73,161.5,341.5,9.2
2025-05-11T14:25:00+00:00,2138.0,83.23,343.9,13.86,404.1,19.5,601.4,0.0603,0.74,161.5,341.5,8.5
2025-05-11T14:26:00+00:00,2186.5,81.07,355.7,13.94,392.0,15.1,574.5,0.0576,0.64,161.5,341.5,8.3
2025-05-11T14:27:00+00:00,2173.8,82.81,356.9,13.83,383.5,17.1,568.6,0.0599,0.69,161.5,341.5,8.5
2025-05-11T14:28:00+00:00,2024.9,81.88,351.5,13.93,391.9,17.8,594.6,0.0607,0.75,161.5,341.5,7.9
2025-05-11T14:29:00+00:00,1972.6,82.34,340.5,13.98,377.0,17.3,655.4,0.0643,0.78,161.5,341.5,8.8
2025-05-11T14:30:00+00:00,2114.5,82.59,341.2,13.76,373.0,14.8,641.2,0.0632,0.73,161.5,341.5,8.2
2025-05-11T14:31:00+00:00,2034.4,81.67,339.6,13.84,382.4,14.6,581.2,0.0570,0.65,161.5,341.5,8.0
2025-05-11T14:32:00+00:00,2014.7,83.50,349.3,13.69,394.0,14.7,633.8,0.0617,0.74,161.5,341.5,7.6
2025-05-11T14:33:00+00:00,2079.1,81.69,348.8,14.06,372.8,14.7,548.4,0.0642,0.69,161.5,341.5,8.7
2025-05-11T14:34:00+00:00,2029.4,82.84,347.3,13.73,411.4,14.2,583.3,0.0571,0.66,161.5,341.5,7.5
2025-05-11T14:35:00+00:00,1974.7,81.89,344.1,13.66,392.2,13.4,638.1,0.0571,0.70,161.5,341.5,7.5
2025-05-11T14:36:00+00:00,2133.4,80.54,356.7,13.77,387.2,15.2,591.3,0.0596,0.74,161.5,341.5,7.0
2025-05-11T14:37:00+00:00,1905.9,82.57,347.2,13.87,381.1,15.3,556.6,0.0570,0.74,161.5,341.5,9.1
2025-05-11T14:38:00+00:00,2136.5,82.08,352.4,13.71,385.1,17.2,600.8,0.0603,0.71,161.5,341.5,6.8
2025-05-11T14:39:00+00:00,1909.1,82.83,343.8,13.78,362.2,14.0,559.1,0.0573,0.76,161.5,341.5,8.6
2025-05-11T14:40:00+00:00,1987.5,81.96,350.0,13.72,379.7,14.5,578.5,0.0592,0.68,161.5,341.5,8.2
2025-05-11T14:41:00+00:00,1832.1,83.67,334.7,13.76,398.0,14.4,561.6,0.0586,0.68,161.5,341.5,7.2
2025-05-11T14:42:00+00:00,2184.3,83.21,352.9,13.78,363.7,16.4,640.7,0.0609,0.71,161.5,341.5,6.9
2025-05-11T14:43:00+00:00,1942.7,83.52,349.7,13.86,392.0,18.5,646.9,0.0603,0.67,161.5,341.5,8.2
2025-05-11T14:44:00+00:00,2114.5,80.97,353.4,13.75,381.8,18.8,598.8,0.0583,0.73,161.5,341.5,8.9
2025-05-11T14:45:00+00:00,1866.1,82.44,346.6,13.87,386.8,14.8,600.6,0.0568,0.72,161.5,341.5,7.1
2025-05-11T14:46:00+00:00,1967.4,79.00,346.9,13.77,361.8,17.5,652.9,0.0643,0.80,161.5,341.5,6.7
2025-05-11T14:47:00+00:00,2083.5,82.81,334.5,13.94,378.7,19.4,607.7,0.0587,0.77,161.5,341.5,7.2
2025-05-11T14:48:00+00:00,1895.1,83.15,352.4,13.76,391.4,15.8,670.0,0.0592,0.70,161.5,341.5,7.1
2025-05-11T14:49:00+00:00,1911.2,82.52,346.9,13.58,391.1,16.5,566.7,0.0572,0.75,161.5,341.5,8.5
2025-05-11T14:50:00+00:00,2174.2,82.27,360.0,13.81,389.0,19.3,644.5,0.0630,0.77,161.5,341.5,8.9
2025-05-11T14:51:00+00:00,1986.3,81.11,348.8,13.73,369.6,15.8,590.7,0.0574,0.73,161.5,341.5,8.0
2025-05-11T14:52:00+00:00,2063.1,82.36,342.7,13.71,362.6,15.6,615.6,0.0582,0.77,161.5,341.5,7.0
2025-05-11T14:53:00+00:00,1789.0,80.31,360.9,13.86,385.3,14.9,553.4,0.0594,0.71,161.5,341.5,8.1
2025-05-11T14:54:00+00:00,1873.8,81.51,328.4,13.81,359.2,18.9,658.2,0.0593,0.71,161.5,341.5,7.9
2025-05-11T14:55:00+00:00,1973.6,82.50,348.8,13.82,382.8,16.6,598.2,0.0578,0.76,161.5,341.5,7.4
2025-05-11T14:56:00+00:00,2193.0,82.99,336.4,13.76,395.0,18.6,608.5,0.0576,0.65,161.5,341.5,8.1
2025-05-11T14:57:00+00:00,1954.8,82.78,350.6,13.49,399.8,15.8,553.7,0.0575,0.76,161.5,341.5,7.6
2025-05-11T14:58:00+00:00,1996.4,82.66,350.5,14.04,383.7,18.6,548.8,0.0604,0.73,161.5,341.5,8.0
2025-05-11T14:59:00+00:00,2536.6,83.33,346.5,13.82,380.2,18.0,613.5,0.0605,0.73,161.5,341.5,7.2
2025-05-11T15:00:00+00:00,2049.8,82.66,341.0,13.51,362.8,15.4,594.9,0.0716,0.69,161.5,341.5,6.5
2025-05-11T15:01:00+00:00,2478.1,82.44,354.1,13.90,408.3,16.0,597.5,0.0613,0.75,161.5,341.5,8.5
2025-05-11T15:02:00+00:00,2103.0,82.04,344.3,13.63,371.5,15.4,637.1,0.0586,0.73,161.5,341.5,7.3
2025-05-11T15:03:00+00:00,2257.8,82.23,354.0,13.82,378.0,17.4,652.8,0.0590,0.74,161.5,341.5,7.4
2025-05-11T15:04:00+00:00,1983.6,81.77,352.6,13.87,386.7,13.4,596.0,0.0575,0.74,161.5,341.5,7.3
2025-05-11T15:05:00+00:00,2097.0,83.17,360.0,13.97,402.6,16.2,637.3,0.0576,0.69,161.5,341.5,8.2
2025-05-11T15:06:00+00:00,2029.1,83.48,353.7,13.83,366.6,16.5,604.6,0.0575,0.73,161.5,341.5,7.8
2025-05-11T15:07:00+00:00,1816.0,84.25,366.7,13.61,368.3,16.7,610.3,0.0595,0.67,161.5,341.5,8.1
2025-05-11T15:08:00+00:00,2135.7,79.55,338.0,13.76,370.4,17.5,638.8,0.0673,0.58,161.5,341.5,8.4
2025-05-11T15:09:00+00:00,1971.9,80.56,352.8,13.78,372.5,15.3,618.6,0.0590,0.76,161.5,341.5,7.9
2025-05-11T15:10:00+00:00,1728.5,80.56,349.6,13.81,380.9,16.1,628.8,0.0558,0.69,161.5,341.5,8.1
2025-05-11T15:11:00+00:00,1912.7,81.00,342.6,13.73,379.2,14.7,544.7,0.0570,0.72,161.5,341.5,9.5
2025-05-11T15:12:00+00:00,2385.7,81.97,349.5,13.70,389.8,16.0,628.6,0.0589,0.66,161.5,341.5,7.7
2025-05-11T15:13:00+00:00,2518.7,84.34,351.8,14.17,404.8,17.0,625.5,0.0699,0.78,161.5,341.5,8.9
2025-05-11T15:14:00+00:00,2020.6,82.93,346.6,13.75,399.2,16.4,586.4,0.0635,0.80,161.5,341.5,7.1
2025-05-11T15:15:00+00:00,1897.3,81.13,347.3,13.66,354.1,16.9,627.1,0.0593,0.63,161.5,341.5,7.9
2025-05-11T15:16:00+00:00,1980.1,82.70,360.9,13.90,378.4,13.5,652.0,0.0568,0.65,161.5,341.5,7.1
2025-05-11T15:17:00+00:00,2495.8,86.68,330.1,13.95,381.8,17.2,621.6,0.0611,0.75,161.5,341.5,5.3
2025-05-11T15:18:00+00:00,2230.6,83.43,345.9,14.04,387.3,15.3,585.8,0.0575,0.60,161.5,341.5,7.4
2025-05-11T15:19:00+00:00,2127.3,81.89,350.2,13.86,396.7,16.2,563.1,0.0646,0.72,161.5,341.5,8.5
2025-05-11T15:20:00+00:00,1803.0,81.32,349.6,14.02,390.1,15.0,583.6,0.0565,0.72,161.5,341.5,10.1
2025-05-11T15:21:00+00:00,1905.4,82.06,340.1,13.76,403.7,15.2,596.7,0.0566,0.69,161.5,341.5,7.4
2025-05-11T15:22:00+00:00,2072.2,82.43,355.8,13.67,383.0,14.7,591.1,0.0641,0.72,161.5,341.5,7.5
2025-05-11T15:23:00+00:00,1995.4,83.00,345.7,13.51,380.1,16.5,631.8,0.0572,0.70,161.5,341.5,6.4
2025-05-11T15:24:00+00:00,2023.0,83.59,341.5,13.83,373.9,15.8,639.6,0.0584,0.65,161.5,341.5,8.4
2025-05-11T15:25:00+00:00,2007.4,80.81,361.7,14.08,380.9,15.8,620.9,0.0571,0.68,161.5,341.5,6.0
2025-05-11T15:26:00+00:00,1993.7,80.60,357.8,13.71,390.2,12.8,665.0,0.0606,0.68,161.5,341.5,6.5
2025-05-11T15:27:00+00:00,2202.7,82.83,338.6,13.92,381.7,21.3,647.1,0.0699,0.63,161.5,341.5,7.2
2025-05-11T15:28:00+00:00,2013.5,82.91,354.0,13.61,366.9,13.9,629.3,0.0575,0.72,161.5,341.5,10.5
2025-05-11T15:29:00+00:00,1967.8,82.96,357.2,13.67,363.9,15.8,592.1,0.0563,0.65,161.5,341.5,7.9
2025-05-11T15:30:00+00:00,2261.2,83.54,338.0,13.95,389.4,14.0,573.0,0.0695,0.69,161.5,341.5,7.1
2025-05-11T15:31:00+00:00,2029.0,82.92,351.5,13.82,370.8,17.6,577.2,0.0572,0.68,161.5,341.5,7.7
2025-05-11T15:32:00+00:00,1915.8,79.39,351.8,13.91,385.6,14.6,608.3,0.0616,0.71,161.5,341.5,7.2
2025-05-11T15:33:00+00:00,2245.3,81.03,350.7,13.93,379.0,18.2,637.8,0.0583,0.67,161.5,341.5,7.5
2025-05-11T15:34:00+00:00,2146.2,81.37,363.2,13.97,407.6,14.2,625.1,0.0574,0.64,161.5,341.5,8.2
2025-05-11T15:35:00+00:00,1862.7,81.24,363.4,14.03,393.7,15.5,599.8,0.0584,0.70,161.5,341.5,9.2
2025-05-11T15:36:00+00:00,2235.4,80.79,351.6,13.79,382.7,17.4,630.0,0.0621,0.73,161.5,341.5,8.8
2025-05-11T15:37:00+00:00,2001.8,83.36,351.9,13.81,359.6,15.5,590.7,0.0569,0.67,161.5,341.5,10.1
2025-05-11T15:38:00+00:00,1918.6,84.22,334.9,14.06,384.4,18.2,614.9,0.0579,0.71,161.5,341.5,9.0
2025-05-11T15:39:00+00:00,1912.4,81.52,355.1,13.87,370.6,17.1,598.1,0.0576,0.78,161.5,341.5,8.9
2025-05-11T15:40:00+00:00,1933.9,83.64,335.6,13.80,383.3,17.8,580.4,0.0571,0.71,161.5,341.5,7.8
2025-05-11T15:41:00+00:00,1798.4,83.66,350.2,13.73,382.2,17.7,602.1,0.0562,0.70,161.5,341.5,6.7
2025-05-11T15:42:00+00:00,2102.9,83.71,354.3,13.86,393.9,16.3,557.2,0.0591,0.83,161.5,341.5,6.9
2025-05-11T15:43:00+00:00,1973.8,82.25,345.3,14.03,405.9,18.9,657.7,0.0567,0.64,161.5,341.5,7.4
2025-05-11T15:44:00+00:00,2150.0,82.18,339.6,13.72,365.2,14.3,605.8,0.0586,0.78,161.5,341.5,8.5
2025-05-11T15:45:00+00:00,1772.8,82.39,347.6,13.77,378.9,16.4,578.5,0.0559,0.68,161.5,341.5,7.3
2025-05-11T15:46:00+00:00,2141.1,84.32,348.5,13.67,381.0,17.1,628.9,0.0585,0.73,161.5,341.5,7.5
2025-05-11T15:47:00+00:00,1964.6,80.64,355.4,13.54,405.8,17.6,607.2,0.0617,0.67,161.5,341.5,7.5
2025-05-11T15:48:00+00:00,1855.8,81.08,344.5,13.78,396.4,19.4,559.8,0.0632,0.71,161.5,341.5,9.0
2025-05-11T15:49:00+00:00,2048.0,83.99,339.4,13.87,393.6,14.8,580.0,0.0577,0.73,161.5,341.5,7.8
2025-05-11T15:50:00+00:00,2004.4,84.34,344.4,13.74,389.5,14.7,648.0,0.0599,0.67,161.5,341.5,7.4
2025-05-11T15:51:00+00:00,1883.0,80.03,344.2,13.63,383.5,18.2,572.3,0.0570,0.74,161.5,341.5,6.3
2025-05-11T15:52:00+00:00,1923.5,78.93,354.9,13.68,361.7,15.5,588.5,0.0622,0.71,161.5,341.5,8.6
2025-05-11T15:53:00+00:00,2063.0,81.50,346.8,13.71,400.2,15.8,575.8,0.0567,0.63,161.5,341.5,6.8
2025-05-11T15:54:00+00:00,2081.2,84.85,351.3,13.76,391.3,14.9,577.7,0.0577,0.69,161.5,341.5,7.2
2025-05-11T15:55:00+00:00,2078.7,81.90,347.0,13.76,387.7,16.8,588.1,0.0584,0.77,161.5,341.5,7.7
2025-05-11T15:56:00+00:00,1908.3,79.86,352.6,14.05,361.6,19.8,588.4,0.0568,0.70,161.5,341.5,7.4
2025-05-11T15:57:00+00:00,2017.9,80.40,344.1,13.94,411.3,17.1,585.1,0.0570,0.67,161.5,341.5,7.7
2025-05-11T15:58:00+00:00,1845.8,79.96,352.0,14.06,379.2,15.8,652.5,0.0559,0.65,161.5,341.5,6.1
2025-05-11T15:59:00+00:00,2013.6,82.15,336.9,13.92,388.5,15.0,628.5,0.0572,0.68,161.5,341.5,7.2
2025-05-11T16:00:00+00:00,1991.7,80.70,337.0,13.69,380.7,21.3,609.3,0.0568,0.66,161.5,341.5,8.6
2025-05-11T16:01:00+00:00,2162.9,84.62,344.5,13.64,374.3,16.2,589.2,0.0588,0.79,161.5,341.5,9.5
2025-05-11T16:02:00+00:00,1994.0,82.86,337.9,13.84,376.4,18.1,618.3,0.0628,0.69,161.5,341.5,8.1
2025-05-11T16:03:00+00:00,2221.3,83.12,353.3,13.82,422.1,15.3,637.4,0.0586,0.72,161.5,341.5,7.7
2025-05-11T16:04:00+00:00,2192.1,84.36,356.0,13.65,389.7,15.1,615.3,0.0585,0.72,161.5,341.5,9.3
2025-05-11T16:05:00+00:00,1877.3,80.79,357.1,13.71,387.2,15.8,572.5,0.0625,0.69,161.5,341.5,5.9
2025-05-11T16:06:00+00:00,2092.6,82.49,361.3,13.80,392.8,17.0,596.5,0.0600,0.66,161.5,341.5,9.4
2025-05-11T16:07:00+00:00,1876.9,81.03,342.5,13.85,343.2,15.5,614.9,0.0664,0.64,161.5,341.5,8.2
2025-05-11T16:08:00+00:00,2071.9,83.77,341.3,13.54,393.5,16.6,637.9,0.0576,0.71,161.5,341.5,8.8
2025-05-11T16:09:00+00:00,868.7,81.94,361.3,13.95,339.8,17.3,580.3,0.0502,0.61,161.5,341.5,8.4
2025-05-11T16:10:00+00:00,1127.2,78.71,355.6,13.87,339.0,16.4,589.9,0.0531,0.76,161.5,341.5,6.9
2025-05-11T16:11:00+00:00,1049.0,79.95,350.5,13.95,358.9,16.8,579.8,0.0517,0.62,161.5,341.5,7.6
2025-05-11T16:12:00+00:00,928.7,79.11,353.5,13.53,357.5,15.9,562.9,0.0536,0.79,161.5,341.5,8.3
2025-05-11T16:13:00+00:00,1067.0,79.79,367.9,13.96,358.0,15.7,567.0,0.0591,0.60,161.5,341.5,5.4
2025-05-11T16:14:00+00:00,935.4,78.81,345.9,13.78,356.2,15.1,607.7,0.0512,0.68,161.5,341.5,8.2
2025-05-11T16:15:00+00:00,952.7,77.23,361.8,13.60,336.5,16.3,617.9,0.0619,0.69,161.5,341.5,8.1
2025-05-11T16:16:00+00:00,844.1,78.57,358.0,13.94,331.9,15.9,487.5,0.0525,0.85,161.5,341.5,8.1
2025-05-11T16:17:00+00:00,1031.0,80.46,357.3,13.76,342.8,18.0,576.3,0.0552,0.69,161.5,341.5,7.3
2025-05-11T16:18:00+00:00,978.3,78.57,361.4,13.92,370.4,16.8,518.3,0.0643,0.77,161.5,341.5,8.4
2025-05-11T16:19:00+00:00,1030.9,77.25,358.2,13.92,344.1,16.2,610.4,0.0519,0.70,161.5,341.5,6.7
2025-05-12T06:00:00+00:00,947.7,79.87,349.8,13.78,340.9,16.2,573.0,0.0566,1.20,337.7,292.7,13.8
2025-05-12T06:01:00+00:00,1056.0,79.57,360.4,13.86,370.5,20.5,552.3,0.0600,1.08,337.7,292.7,13.7
2025-05-12T06:02:00+00:00,1014.8,81.53,358.9,13.84,352.4,16.4,606.4,0.0560,1.11,337.7,292.7,12.2
2025-05-12T06:03:00+00:00,1068.9,78.50,354.1,13.63,358.2,18.5,619.6,0.0558,1.01,337.7,292.7,12.7
2025-05-12T06:04:00+00:00,1107.9,79.57,365.8,14.11,342.8,12.4,503.4,0.0561,1.06,337.7,292.7,11.7
2025-05-12T06:05:00+00:00,987.6,78.50,369.9,13.72,349.3,15.8,620.6,0.0557,1.09,337.7,292.7,13.8
2025-05-12T06:06:00+00:00,1043.1,78.85,359.3,13.86,351.1,18.5,523.1,0.0561,1.10,337.7,292.7,12.8
2025-05-12T06:07:00+00:00,968.8,81.24,352.2,13.75,355.7,14.5,554.5,0.0589,1.08,337.7,292.7,14.0
2025-05-12T06:08:00+00:00,951.4,80.43,356.3,13.97,346.2,18.9,547.2,0.0589,1.14,337.7,292.7,13.6
2025-05-12T06:09:00+00:00,909.0,78.22,356.8,14.11,358.3,16.8,564.8,0.0582,1.08,337.7,292.7,12.2
2025-05-12T06:10:00+00:00,1994.8,79.86,359.1,13.93,361.7,19.6,611.5,0.0671,1.02,337.7,292.7,12.9
2025-05-12T06:11:00+00:00,1768.6,82.24,351.1,13.78,376.5,16.2,566.7,0.0598,1.08,337.7,292.7,9.5
2025-05-12T06:12:00+00:00,1973.2,81.92,336.8,14.05,374.9,16.7,704.7,0.0674,1.05,337.7,292.7,12.1
2025-05-12T06:13:00+00:00,1874.0,79.75,360.8,13.80,385.1,16.7,548.0,0.0697,1.08,337.7,292.7,13.1
2025-05-12T06:14:00+00:00,1909.3,82.63,344.5,13.74,376.5,16.6,571.2,0.0624,1.01,337.7,292.7,12.2
2025-05-12T06:15:00+00:00,2160.0,82.30,362.4,13.96,402.1,18.0,598.3,0.0617,1.07,337.7,292.7,14.3
2025-05-12T06:16:00+00:00,2136.6,83.03,354.3,13.90,348.8,14.7,593.3,0.0608,0.99,337.7,292.7,12.8
2025-05-12T06:17:00+00:00,1949.8,82.73,348.3,14.00,376.0,16.8,563.9,0.0654,1.12,337.7,292.7,13.4
2025-05-12T06:18:00+00:00,2106.1,80.51,338.1,13.76,400.2,17.0,538.3,0.0613,1.06,337.7,292.7,14.1
2025-05-12T06:19:00+00:00,2143.0,81.96,336.7,13.87,373.8,15.9,637.3,0.0690,1.07,337.7,292.7,11.1
2025-05-12T06:20:00+00:00,1923.6,81.38,348.5,13.72,390.8,15.7,606.8,0.0640,1.05,337.7,292.7,13.4
2025-05-12T06:21:00+00:00,1991.0,82.05,344.1,13.96,369.8,13.9,603.8,0.0607,1.06,337.7,292.7,12.9
2025-05-12T06:22:00+00:00,2008.2,81.41,349.6,13.82,374.5,17.7,646.2,0.0634,1.04,337.7,292.7,12.8
2025-05-12T06:23:00+00:00,2103.6,81.19,348.7,13.80,390.0,17.2,602.5,0.0616,1.09,337.7,292.7,12.1
2025-05-12T06:24:00+00:00,2236.9,85.20,348.1,13.99,386.5,17.4,625.4,0.0650,1.01,337.7,292.7,12.9
2025-05-12T06:25:00+00:00,2034.4,85.40,338.8,13.83,379.5,15.1,616.1,0.0633,1.05,337.7,292.7,13.4
2025-05-12T06:26:00+00:00,2000.5,83.03,362.0,13.77,412.0,15.5,611.5,0.0627,1.09,337.7,292.7,12.6
2025-05-12T06:27:00+00:00,1787.0,80.49,358.7,13.71,372.8,13.2,565.4,0.0588,0.97,337.7,292.7,12.8
2025-05-12T06:28:00+00:00,2196.9,82.11,364.0,13.90,381.5,16.4,562.8,0.0650,1.10,337.7,292.7,13.7
2025-05-12T06:29:00+00:00,2030.8,82.60,343.9,13.98,366.3,16.3,604.8,0.0612,1.08,337.7,292.7,13.5
2025-05-12T06:30:00+00:00,1999.9,84.04,339.8,13.69,364.2,15.9,568.4,0.0617,1.15,337.7,292.7,13.8
2025-05-12T06:31:00+00:00,2174.6,82.63,338.0,13.52,371.0,17.1,564.1,0.0676,1.06,337.7,292.7,12.9
2025-05-12T06:32:00+00:00,2082.3,83.72,340.3,14.08,388.0,17.1,580.4,0.0604,0.98,337.7,292.7,11.8
2025-05-12T06:33:00+00:00,2021.3,83.37,334.8,13.87,376.7,16.7,591.4,0.0616,1.12,337.7,292.7,13.6
2025-05-12T06:34:00+00:00,1981.1,82.30,342.4,13.67,381.7,17.5,582.0,0.0608,1.07,337.7,292.7,12.6
2025-05-12T06:35:00+00:00,2005.0,82.86,350.8,13.99,381.5,15.9,605.1,0.0608,1.06,337.7,292.7,13.2
2025-05-12T06:36:00+00:00,1949.7,83.50,363.0,13.73,382.0,17.9,602.4,0.0600,1.02,337.7,292.7,12.4
2025-05-12T06:37:00+00:00,1976.5,81.89,339.4,13.70,388.8,17.0,563.7,0.0617,1.02,337.7,292.7,14.9
2025-05-12T06:38:00+00:00,2076.4,82.22,343.0,13.84,363.5,18.6,666.6,0.0681,1.05,337.7,292.7,12.3
2025-05-12T06:39:00+00:00,1905.3,82.83,353.0,13.80,374.1,17.2,582.6,0.0604,1.06,337.7,292.7,13.3
2025-05-12T06:40:00+00:00,1992.5,81.55,339.9,13.72,371.6,17.9,598.9,0.0667,1.10,337.7,292.7,13.5
2025-05-12T06:41:00+00:00,2015.0,79.52,353.1,13.89,389.7,16.9,555.2,0.0600,0.98,337.7,292.7,13.3
2025-05-12T06:42:00+00:00,2050.3,80.51,351.2,13.90,378.8,17.3,636.3,0.0653,1.04,337.7,292.7,12.4
2025-05-12T06:43:00+00:00,2111.5,82.46,335.1,13.64,364.8,14.7,627.2,0.0618,1.10,337.7,292.7,13.5
2025-05-12T06:44:00+00:00,1978.6,80.17,359.4,14.01,402.2,18.7,629.7,0.0606,0.95,337.7,292.7,12.7
2025-05-12T06:45:00+00:00,1965.0,83.78,342.3,13.74,383.9,16.2,647.2,0.0631,1.00,337.7,292.7,12.7
2025-05-12T06:46:00+00:00,2087.8,82.34,376.0,13.79,400.8,15.7,609.8,0.0611,1.05,337.7,292.7,14.4
2025-05-12T06:47:00+00:00,2198.5,82.00,348.7,13.80,393.0,16.1,624.2,0.0630,1.17,337.7,292.7,12.9
2025-05-12T06:48:00+00:00,1853.4,80.54,355.9,13.63,379.2,15.6,569.3,0.0652,1.12,337.7,292.7,13.1
2025-05-12T06:49:00+00:00,1855.3,81.59,356.2,13.78,379.3,14.4,591.0,0.0600,1.06,337.7,292.7,12.9
2025-05-12T06:50:00+00:00,2041.9,81.33,345.1,13.64,374.6,14.7,584.1,0.0633,1.06,337.7,292.7,14.3
2025-05-12T06:51:00+00:00,1951.2,80.92,351.4,13.76,389.9,16.4,560.1,0.0633,1.08,337.7,292.7,15.1
2025-05-12T06:52:00+00:00,2470.0,82.85,350.0,13.77,406.9,17.6,602.0,0.0748,1.00,337.7,292.7,11.6
2025-05-12T06:53:00+00:00,2486.5,83.81,351.9,13.77,421.6,15.0,661.5,0.0634,1.06,337.7,292.7,13.3
2025-05-12T06:54:00+00:00,1964.7,83.34,344.8,13.60,386.4,17.8,636.4,0.0673,1.06,337.7,292.7,12.8
2025-05-12T06:55:00+00:00,2036.8,80.15,350.4,13.85,370.0,15.7,610.4,0.0617,1.12,337.7,292.7,14.5
2025-05-12T06:56:00+00:00,1927.7,81.10,358.8,13.42,389.5,16.8,592.1,0.0611,1.12,337.7,292.7,13.5
2025-05-12T06:57:00+00:00,2546.3,85.42,335.2,13.82,409.4,17.8,629.9,0.0640,1.09,337.7,292.7,10.8
2025-05-12T06:58:00+00:00,1852.7,79.11,349.7,13.61,376.8,17.4,591.0,0.0594,1.01,337.7,292.7,14.0
2025-05-12T06:59:00+00:00,2040.2,83.33,344.3,13.70,375.6,16.8,658.3,0.0606,1.02,337.7,292.7,14.1
2025-05-12T07:00:00+00:00,2095.7,80.70,344.0,14.00,395.6,18.5,534.7,0.0610,1.03,337.7,292.7,11.0
2025-05-12T07:01:00+00:00,2174.7,80.10,364.0,13.84,388.1,15.7,619.2,0.0622,1.11,337.7,292.7,12.0
2025-05-12T07:02:00+00:00,2296.4,83.53,339.9,14.02,380.9,19.0,602.9,0.0657,1.09,337.7,292.7,13.2
2025-05-12T07:03:00+00:00,1914.4,83.02,344.3,13.91,403.3,17.1,589.0,0.0614,1.08,337.7,292.7,13.9
2025-05-12T07:04:00+00:00,2550.3,84.25,341.7,14.03,394.5,14.7,695.9,0.0643,1.12,337.7,292.7,11.1
2025-05-12T07:05:00+00:00,2074.1,83.60,341.0,13.66,374.7,15.1,555.4,0.0625,1.07,337.7,292.7,13.5
2025-05-12T07:06:00+00:00,2486.3,83.85,343.5,14.02,384.2,17.0,556.7,0.0643,1.01,337.7,292.7,12.1
2025-05-12T07:07:00+00:00,2411.8,82.68,343.4,13.80,408.5,16.6,645.1,0.0639,1.16,337.7,292.7,12.7
2025-05-12T07:08:00+00:00,2030.0,83.31,342.0,14.12,379.9,19.3,585.6,0.0605,1.01,337.7,292.7,13.5
2025-05-12T07:09:00+00:00,2063.1,82.35,339.3,14.06,397.4,17.1,638.4,0.0612,1.07,337.7,292.7,14.3
2025-05-12T07:10:00+00:00,2136.7,87.74,332.4,13.88,388.2,16.8,644.4,0.0618,1.07,337.7,292.7,13.8
2025-05-12T07:11:00+00:00,1987.8,82.43,360.7,13.76,396.7,14.0,606.6,0.0606,1.04,337.7,292.7,14.2
2025-05-12T07:12:00+00:00,2123.5,83.90,338.6,13.80,408.0,16.0,624.5,0.0625,1.15,337.7,292.7,12.0
2025-05-12T07:13:00+00:00,2081.1,82.02,339.1,13.93,380.5,16.8,607.0,0.0635,1.07,337.7,292.7,12.6
2025-05-12T07:14:00+00:00,2064.4,84.88,343.5,13.74,392.2,16.1,523.7,0.0611,1.06,337.7,292.7,12.1
2025-05-12T07:15:00+00:00,2052.7,84.08,333.7,13.83,386.2,17.1,594.5,0.0623,1.18,337.7,292.7,13.4
2025-05-12T07:16:00+00:00,2190.3,82.11,351.6,13.69,408.8,18.5,636.2,0.0631,0.89,337.7,292.7,11.6
2025-05-12T07:17:00+00:00,2018.6,78.65,340.5,13.56,365.7,18.2,599.9,0.0666,1.00,337.7,292.7,13.4
2025-05-12T07:18:00+00:00,1958.8,81.87,340.0,13.70,386.3,17.4,639.1,0.0689,1.12,337.7,292.7,12.1
2025-05-12T07:19:00+00:00,2187.1,84.16,344.0,13.90,361.9,15.6,559.1,0.0628,1.14,337.7,292.7,13.8
2025-05-12T07:20:00+00:00,1986.0,80.83,357.5,14.07,370.5,14.6,554.6,0.0613,0.98,337.7,292.7,13.1
2025-05-12T07:21:00+00:00,2053.6,84.61,350.4,13.76,402.1,18.0,618.6,0.0622,1.16,337.7,292.7,12.3
2025-05-12T07:22:00+00:00,1928.3,82.61,352.2,13.82,389.5,16.9,566.3,0.0618,1.19,337.7,292.7,14.4
2025-05-12T07:23:00+00:00,1999.3,84.21,349.2,14.03,379.3,16.7,534.0,0.0628,1.09,337.7,292.7,13.1
2025-05-12T07:24:00+00:00,1955.1,80.62,359.4,13.76,390.5,17.8,564.8,0.0617,1.09,337.7,292.7,14.4
2025-05-12T07:25:00+00:00,2114.1,80.89,346.5,13.91,395.6,17.7,543.3,0.0715,1.09,337.7,292.7,12.5
2025-05-12T07:26:00+00:00,1993.7,80.14,341.3,13.83,394.6,14.2,544.0,0.0690,1.14,337.7,292.7,14.3
2025-05-12T07:27:00+00:00,1939.3,82.58,359.8,13.56,365.1,11.4,601.8,0.0601,1.04,337.7,292.7,11.8
2025-05-12T07:28:00+00:00,1974.5,81.10,358.6,13.84,402.3,15.8,589.0,0.0616,1.14,337.7,292.7,13.7
2025-05-12T07:29:00+00:00,2081.9,81.10,351.2,13.53,375.4,16.5,605.7,0.0613,1.08,337.7,292.7,13.9
2025-05-12T07:30:00+00:00,1943.2,78.85,352.2,13.86,384.3,19.2,644.1,0.0683,1.06,337.7,292.7,10.5
2025-05-12T07:31:00+00:00,2079.0,80.68,350.1,13.93,383.8,18.9,612.8,0.0612,1.03,337.7,292.7,13.5
2025-05-12T07:32:00+00:00,2238.6,83.78,343.2,13.86,399.0,15.6,620.8,0.0621,1.04,337.7,292.7,12.5
2025-05-12T07:33:00+00:00,2261.3,84.87,339.6,13.75,398.6,16.2,622.2,0.0694,1.03,337.7,292.7,11.3
2025-05-12T07:34:00+00:00,2003.9,82.89,359.7,13.82,372.6,15.0,646.0,0.0611,1.09,337.7,292.7,12.2
2025-05-12T07:35:00+00:00,2087.9,84.15,358.5,13.93,373.3,14.7,573.8,0.0700,1.01,337.7,292.7,12.4
2025-05-12T07:36:00+00:00,2008.1,84.65,347.4,13.66,387.5,15.8,620.8,0.0612,1.10,337.7,292.7,13.3
2025-05-12T07:37:00+00:00,2062.5,79.84,366.6,13.38,385.5,17.1,611.7,0.0616,1.09,337.7,292.7,12.3
2025-05-12T07:38:00+00:00,1928.6,82.05,353.2,13.52,391.4,15.3,592.8,0.0613,1.15,337.7,292.7,13.0
2025-05-12T07:39:00+00:00,2008.3,81.19,360.7,13.76,384.3,18.6,622.8,0.0601,0.99,337.7,292.7,11.6
2025-05-12T07:40:00+00:00,1851.8,81.74,356.0,13.75,378.1,16.2,563.8,0.0603,1.05,337.7,292.7,11.7
2025-05-12T07:41:00+00:00,1957.6,82.83,347.4,13.66,374.1,17.3,602.1,0.0603,1.04,337.7,292.7,12.9
2025-05-12T07:42:00+00:00,2114.9,81.22,348.2,13.75,380.4,18.2,572.4,0.0620,1.10,337.7,292.7,12.1
2025-05-12T07:43:00+00:00,1934.3,82.89,346.1,13.71,380.9,14.8,631.1,0.0595,0.97,337.7,292.7,14.2
2025-05-12T07:44:00+00:00,2118.4,82.55,350.0,13.68,409.5,16.1,609.5,0.0618,1.10,337.7,292.7,12.4
2025-05-12T07:45:00+00:00,2056.5,80.33,355.3,13.87,374.1,16.9,531.7,0.0628,1.09,337.7,292.7,12.8
2025-05-12T07:46:00+00:00,2122.0,83.00,352.7,13.77,362.2,14.5,594.7,0.0648,1.04,337.7,292.7,12.1
2025-05-12T07:47:00+00:00,2060.3,83.82,343.0,13.79,373.0,15.8,598.9,0.0670,1.07,337.7,292.7,10.9
2025-05-12T07:48:00+00:00,2086.6,82.45,344.2,13.80,394.0,16.0,668.4,0.0614,1.07,337.7,292.7,13.3
2025-05-12T07:49:00+00:00,2028.9,82.12,359.2,13.95,396.5,16.8,638.2,0.0654,1.02,337.7,292.7,11.9
2025-05-12T07:50:00+00:00,2037.5,82.91,336.8,14.06,370.6,17.5,567.2,0.0609,1.04,337.7,292.7,13.1
2025-05-12T07:51:00+00:00,926.4,80.25,374.5,13.76,350.3,20.4,550.2,0.0554,1.09,337.7,292.7,13.2
2025-05-12T07:52:00+00:00,1080.1,80.53,343.7,13.84,339.6,15.3,601.0,0.0560,1.07,337.7,292.7,12.5
2025-05-12T07:53:00+00:00,951.1,77.96,349.7,13.72,328.1,16.7,554.7,0.0547,1.02,337.7,292.7,11.6
2025-05-12T07:54:00+00:00,1057.0,79.22,356.8,13.86,332.9,17.4,581.2,0.0557,1.06,337.7,292.7,12.8
2025-05-12T07:55:00+00:00,847.4,77.97,354.4,13.75,347.6,14.3,541.2,0.0554,1.14,337.7,292.7,14.5
2025-05-12T07:56:00+00:00,979.9,79.95,350.7,13.91,355.3,16.0,518.7,0.0596,1.13,337.7,292.7,12.4
2025-05-12T07:57:00+00:00,1037.6,78.59,354.0,13.74,364.3,15.9,600.1,0.0571,1.20,337.7,292.7,13.1
2025-05-12T07:58:00+00:00,774.8,77.00,362.9,13.71,332.3,17.2,516.8,0.0590,1.09,337.7,292.7,12.7
2025-05-12T07:59:00+00:00,1017.9,82.89,368.3,13.85,332.1,16.8,535.5,0.0563,1.15,337.7,292.7,13.1
2025-05-12T14:00:00+00:00,909.4,77.68,355.7,13.82,327.3,17.6,519.5,0.0607,1.15,337.7,292.7,11.8
2025-05-12T14:01:00+00:00,1031.9,79.52,359.0,14.00,318.1,14.6,574.4,0.0558,1.08,337.7,292.7,15.4
2025-05-12T14:02:00+00:00,924.6,78.53,371.7,13.61,358.0,14.7,590.1,0.0543,0.98,337.7,292.7,12.9
2025-05-12T14:03:00+00:00,974.1,81.04,345.6,13.85,333.5,18.6,611.3,0.0605,1.06,337.7,292.7,12.8
2025-05-12T14:04:00+00:00,919.9,77.48,344.1,13.90,341.0,15.4,543.0,0.0550,1.06,337.7,292.7,11.2
2025-05-12T14:05:00+00:00,855.7,80.68,382.2,13.90,373.3,15.8,572.0,0.0546,1.05,337.7,292.7,12.9
2025-05-12T14:06:00+00:00,1106.9,82.77,346.6,13.81,364.3,18.2,525.6,0.0555,1.02,337.7,292.7,14.7
2025-05-12T14:07:00+00:00,1013.1,80.27,362.0,13.83,338.0,16.3,562.7,0.0558,1.08,337.7,292.7,13.0
2025-05-12T14:08:00+00:00,1062.9,81.00,365.3,13.68,359.0,19.2,636.9,0.0551,1.01,337.7,292.7,11.0
2025-05-12T14:09:00+00:00,830.7,77.73,351.1,13.80,349.7,16.2,551.2,0.0548,1.08,337.7,292.7,12.9
2025-05-12T14:10:00+00:00,1029.1,80.05,358.2,13.93,334.0,16.7,569.8,0.0599,1.07,337.7,292.7,13.5
2025-05-12T14:11:00+00:00,1009.6,80.60,362.7,13.67,354.9,17.0,583.3,0.0603,1.10,337.7,292.7,12.3
2025-05-12T14:12:00+00:00,1099.5,78.47,357.1,13.78,341.9,16.4,583.8,0.0559,1.03,337.7,292.7,13.6
2025-05-12T14:13:00+00:00,2011.6,80.51,351.1,13.85,402.2,16.5,585.5,0.0656,1.00,337.7,292.7,14.2
2025-05-12T14:14:00+00:00,1955.0,83.64,343.0,14.16,376.3,14.9,566.8,0.0643,1.08,337.7,292.7,13.5
2025-05-12T14:15:00+00:00,2174.8,81.78,354.1,13.69,399.4,15.6,609.1,0.0614,1.02,337.7,292.7,13.1
2025-05-12T14:16:00+00:00,1911.4,83.93,344.9,13.64,380.6,19.3,614.3,0.0658,1.12,337.7,292.7,11.7
2025-05-12T14:17:00+00:00,2166.0,82.42,348.9,13.68,408.1,17.5,626.4,0.0621,1.10,337.7,292.7,12.6
2025-05-12T14:18:00+00:00,2194.3,82.69,352.6,13.64,379.9,17.3,586.5,0.0647,1.07,337.7,292.7,10.8
2025-05-12T14:19:00+00:00,1917.8,82.85,351.9,13.52,375.2,16.3,598.8,0.0645,1.09,337.7,292.7,12.8
2025-05-12T14:20:00+00:00,1867.5,80.00,351.7,14.00,357.9,16.2,591.5,0.0602,1.08,337.7,292.7,11.6
2025-05-12T14:21:00+00:00,2127.2,83.19,346.7,13.79,391.6,15.5,625.8,0.0629,1.08,337.7,292.7,13.0
2025-05-12T14:22:00+00:00,2070.4,83.16,355.0,13.78,402.9,15.7,594.5,0.0615,1.09,337.7,292.7,11.5
2025-05-12T14:23:00+00:00,1936.0,82.57,356.6,13.96,382.3,15.5,596.0,0.0614,1.15,337.7,292.7,12.6
2025-05-12T14:24:00+00:00,2042.7,81.62,345.9,13.76,389.4,17.8,614.7,0.0616,1.11,337.7,292.7,12.5
2025-05-12T14:25:00+00:00,2204.5,83.35,356.0,13.85,362.7,15.6,602.8,0.0648,1.12,337.7,292.7,11.9
2025-05-12T14:26:00+00:00,1925.1,81.61,339.1,13.67,360.6,14.5,588.3,0.0685,1.02,337.7,292.7,13.8
2025-05-12T14:27:00+00:00,2124.4,81.56,354.0,13.70,382.8,16.2,619.8,0.0677,1.09,337.7,292.7,13.5
2025-05-12T14:28:00+00:00,1721.7,81.26,350.7,13.89,356.1,14.5,661.8,0.0592,1.05,337.7,292.7,12.8
2025-05-12T14:29:00+00:00,2267.9,82.58,342.1,13.75,392.6,14.4,603.1,0.0689,1.13,337.7,292.7,13.0
2025-05-12T14:30:00+00:00,2003.5,82.96,358.8,13.87,389.1,16.2,611.2,0.0600,0.98,337.7,292.7,11.0
2025-05-12T14:31:00+00:00,1840.7,81.91,356.2,13.78,371.2,15.4,610.5,0.0600,1.05,337.7,292.7,11.2
2025-05-12T14:32:00+00:00,2000.2,81.76,349.2,13.78,385.3,16.8,582.3,0.0647,1.03,337.7,292.7,12.2
2025-05-12T14:33:00+00:00,2041.2,81.62,326.0,13.82,374.4,13.5,690.6,0.0612,1.08,337.7,292.7,13.4
2025-05-12T14:34:00+00:00,1904.8,82.76,351.4,13.81,397.0,16.7,627.7,0.0651,1.13,337.7,292.7,13.1
2025-05-12T14:35:00+00:00,1921.6,81.31,345.3,13.73,379.3,14.9,594.7,0.0602,1.04,337.7,292.7,13.9
2025-05-12T14:36:00+00:00,1988.6,81.28,349.3,13.65,390.4,17.7,549.7,0.0602,1.01,337.7,292.7,12.0
2025-05-12T14:37:00+00:00,2007.0,80.84,356.3,13.73,368.7,15.5,671.5,0.0617,1.14,337.7,292.7,14.3
2025-05-12T14:38:00+00:00,1838.3,78.61,343.9,13.84,374.4,14.8,542.8,0.0701,1.09,337.7,292.7,15.8
2025-05-12T14:39:00+00:00,2095.3,80.46,348.4,13.83,379.2,15.9,594.0,0.0707,1.12,337.7,292.7,12.7
2025-05-12T14:40:00+00:00,2060.1,83.35,365.9,13.84,410.8,18.0,601.9,0.0612,1.07,337.7,292.7,11.2
2025-05-12T14:41:00+00:00,2052.6,82.70,350.1,13.78,364.3,16.8,589.3,0.0609,1.04,337.7,292.7,12.0
2025-05-12T14:42:00+00:00,2241.0,81.76,345.5,13.87,418.2,18.7,596.9,0.0619,1.03,337.7,292.7,14.5
2025-05-12T14:43:00+00:00,2060.6,81.63,347.9,13.79,402.2,17.1,582.7,0.0619,1.14,337.7,292.7,12.8
2025-05-12T14:44:00+00:00,1778.2,80.16,348.9,13.82,398.1,17.7,593.9,0.0602,1.12,337.7,292.7,13.3
2025-05-12T14:45:00+00:00,1940.1,84.38,351.2,13.98,372.9,17.6,582.8,0.0633,1.13,337.7,292.7,11.8
2025-05-12T14:46:00+00:00,1775.9,83.32,347.1,14.11,381.1,16.2,566.9,0.0693,1.15,337.7,292.7,14.8
2025-05-12T14:47:00+00:00,1988.6,82.52,354.9,13.87,360.8,16.0,648.8,0.0602,1.00,337.7,292.7,13.0
2025-05-12T14:48:00+00:00,1929.1,80.82,336.1,13.70,387.5,15.5,617.4,0.0615,1.15,337.7,292.7,11.9
2025-05-12T14:49:00+00:00,1970.8,79.74,350.4,13.69,386.8,16.1,648.8,0.0632,1.16,337.7,292.7,12.4
2025-05-12T14:50:00+00:00,1994.9,80.75,355.2,13.75,402.5,16.3,619.4,0.0609,1.07,337.7,292.7,14.3
2025-05-12T14:51:00+00:00,2027.9,82.02,344.9,13.81,397.8,17.9,622.0,0.0610,1.05,337.7,292.7,12.0
2025-05-12T14:52:00+00:00,2068.1,81.48,357.1,14.02,371.5,18.3,629.8,0.0618,1.12,337.7,292.7,11.7
2025-05-12T14:53:00+00:00,1894.9,82.56,363.1,14.21,384.4,18.3,579.1,0.0610,1.11,337.7,292.7,13.7
2025-05-12T14:54:00+00:00,1689.6,82.98,341.5,13.79,379.1,17.0,629.0,0.0633,1.15,337.7,292.7,11.5
2025-05-12T14:55:00+00:00,2128.5,82.48,336.3,13.93,406.2,17.9,627.1,0.0687,1.06,337.7,292.7,13.3
2025-05-12T14:56:00+00:00,1906.4,83.41,363.5,13.81,390.3,13.4,563.8,0.0604,1.06,337.7,292.7,13.1
2025-05-12T14:57:00+00:00,2065.1,79.64,362.2,13.93,379.3,16.8,549.3,0.0624,1.03,337.7,292.7,12.9
2025-05-12T14:58:00+00:00,2104.0,82.69,352.8,13.65,396.3,17.4,600.1,0.0614,1.06,337.7,292.7,13.0
2025-05-12T14:59:00+00:00,2309.4,84.74,335.3,13.66,384.6,18.6,666.3,0.0630,0.92,337.7,292.7,12.5
2025-05-12T15:00:00+00:00,1943.8,81.97,343.2,13.83,366.8,18.8,547.2,0.0599,1.01,337.7,292.7,12.8
2025-05-12T15:01:00+00:00,2065.4,81.16,351.4,13.70,380.1,16.7,654.3,0.0638,1.05,337.7,292.7,12.4
2025-05-12T15:02:00+00:00,1822.7,81.65,346.8,13.95,395.1,16.4,631.6,0.0619,1.05,337.7,292.7,13.9
2025-05-12T15:03:00+00:00,1929.7,85.27,361.7,13.79,363.5,16.7,596.5,0.0702,1.10,337.7,292.7,14.2
2025-05-12T15:04:00+00:00,1985.7,81.28,342.1,13.95,380.5,15.8,592.3,0.0653,1.04,337.7,292.7,13.1
2025-05-12T15:05:00+00:00,2032.1,84.46,366.5,13.75,388.2,17.9,605.9,0.0607,1.05,337.7,292.7,9.8
2025-05-12T15:06:00+00:00,1979.6,79.73,349.0,13.98,378.7,14.5,650.8,0.0604,1.04,337.7,292.7,12.1
2025-05-12T15:07:00+00:00,1930.8,80.36,353.0,14.17,378.9,17.2,557.9,0.0604,1.05,337.7,292.7,10.6
2025-05-12T15:08:00+00:00,2457.6,85.56,343.3,13.89,390.8,16.2,597.8,0.0662,1.16,337.7,292.7,13.9
2025-05-12T15:09:00+00:00,1998.1,84.58,345.6,13.91,405.3,14.4,630.3,0.0615,1.02,337.7,292.7,12.4
2025-05-12T15:10:00+00:00,2155.1,81.97,347.8,13.68,397.6,15.2,608.9,0.0619,1.09,337.7,292.7,12.4
2025-05-12T15:11:00+00:00,1819.8,79.20,351.6,13.77,377.1,17.0,564.4,0.0595,1.02,337.7,292.7,12.2
2025-05-12T15:12:00+00:00,2510.5,83.70,348.2,13.89,387.6,17.7,640.3,0.0645,1.05,337.7,292.7,13.2
2025-05-12T15:13:00+00:00,2477.3,81.05,351.1,14.02,402.6,15.2,588.5,0.0637,1.10,337.7,292.7,13.0
2025-05-12T15:14:00+00:00,1992.7,80.96,339.5,13.82,398.3,17.6,583.0,0.0605,1.03,337.7,292.7,13.0
2025-05-12T15:15:00+00:00,2037.7,81.62,351.4,13.86,372.4,18.3,541.3,0.0673,1.14,337.7,292.7,14.0
2025-05-12T15:16:00+00:00,2359.1,85.36,353.3,13.89,414.6,17.8,674.5,0.0626,1.05,337.7,292.7,11.7
2025-05-12T15:17:00+00:00,2225.0,82.56,348.8,13.53,393.3,14.4,596.5,0.0733,1.06,337.7,292.7,13.4
2025-05-12T15:18:00+00:00,2431.4,82.46,337.6,13.65,415.9,18.1,622.8,0.0638,1.10,337.7,292.7,14.1
2025-05-12T15:19:00+00:00,2464.2,86.05,339.4,13.52,392.0,17.0,597.4,0.0630,1.03,337.7,292.7,12.6
2025-05-12T15:20:00+00:00,2171.6,82.42,344.4,13.83,375.2,16.6,668.7,0.0612,1.02,337.7,292.7,12.4
2025-05-12T15:21:00+00:00,2017.4,80.73,347.5,13.94,386.3,15.8,630.6,0.0652,1.07,337.7,292.7,14.5
2025-05-12T15:22:00+00:00,1956.4,80.43,355.3,13.98,381.9,16.1,608.1,0.0699,1.11,337.7,292.7,13.1
2025-05-12T15:23:00+00:00,2382.1,84.32,341.6,13.64,400.9,17.4,642.6,0.0630,1.06,337.7,292.7,12.5
2025-05-12T15:24:00+00:00,2471.9,84.04,350.4,13.81,410.2,16.8,619.2,0.0687,0.97,337.7,292.7,12.5
2025-05-12T15:25:00+00:00,1984.7,84.26,351.3,13.79,395.8,16.8,605.4,0.0612,1.08,337.7,292.7,11.2
2025-05-12T15:26:00+00:00,1903.3,84.11,351.5,13.77,363.5,16.5,595.6,0.0605,1.03,337.7,292.7,14.0
2025-05-12T15:27:00+00:00,1924.0,82.04,357.0,13.93,391.3,18.7,580.4,0.0603,1.06,337.7,292.7,12.2
2025-05-12T15:28:00+00:00,2394.8,83.89,350.8,14.13,399.4,15.4,564.8,0.0629,1.06,337.7,292.7,12.7
2025-05-12T15:29:00+00:00,2544.2,84.55,340.8,13.93,378.9,16.3,649.7,0.0635,1.04,337.7,292.7,13.3
2025-05-12T15:30:00+00:00,1959.0,81.89,362.9,14.02,392.5,15.9,611.4,0.0644,1.08,337.7,292.7,13.0
2025-05-12T15:31:00+00:00,1818.7,83.06,350.6,13.52,381.8,14.7,625.4,0.0666,1.08,337.7,292.7,13.0
2025-05-12T15:32:00+00:00,1981.1,82.51,340.6,13.69,372.6,16.9,573.4,0.0624,1.04,337.7,292.7,11.8
2025-05-12T15:33:00+00:00,1929.2,82.26,355.6,13.72,376.6,17.4,615.1,0.0606,1.08,337.7,292.7,13.6
2025-05-12T15:34:00+00:00,1902.3,80.62,345.6,13.85,360.1,14.2,621.4,0.0602,1.05,337.7,292.7,12.4
2025-05-12T15:35:00+00:00,1871.1,83.30,358.1,13.77,379.4,15.2,611.8,0.0601,1.06,337.7,292.7,12.3
2025-05-12T15:36:00+00:00,1840.5,83.81,353.3,13.73,364.4,16.4,583.1,0.0686,1.05,337.7,292.7,14.3
2025-05-12T15:37:00+00:00,2002.3,81.34,332.7,13.97,392.5,16.7,623.0,0.0609,1.06,337.7,292.7,12.1
2025-05-12T15:38:00+00:00,2036.9,79.79,338.5,13.81,370.3,15.4,625.0,0.0629,1.08,337.7,292.7,13.5
2025-05-12T15:39:00+00:00,2288.7,82.42,348.6,13.77,387.3,15.3,637.0,0.0620,1.02,337.7,292.7,11.7
2025-05-12T15:40:00+00:00,2056.3,82.47,347.7,13.61,394.2,18.9,629.3,0.0670,1.03,337.7,292.7,11.4
2025-05-12T15:41:00+00:00,2069.2,82.77,355.1,13.94,395.3,14.9,624.6,0.0654,1.11,337.7,292.7,13.5
2025-05-12T15:42:00+00:00,1904.9,79.32,344.7,14.19,359.0,14.6,588.7,0.0667,1.08,337.7,292.7,13.4
2025-05-12T15:43:00+00:00,1924.0,79.52,358.3,14.23,395.8,15.8,651.3,0.0632,1.09,337.7,292.7,12.0
2025-05-12T15:44:00+00:00,1823.2,82.21,343.6,13.80,385.4,14.0,623.5,0.0697,1.14,337.7,292.7,14.3
2025-05-12T15:45:00+00:00,2058.0,83.11,347.1,13.71,380.6,16.0,536.1,0.0607,1.02,337.7,292.7,12.5
2025-05-12T15:46:00+00:00,1975.6,80.95,346.5,13.79,384.0,16.0,624.8,0.0595,0.95,337.7,292.7,11.9
2025-05-12T15:47:00+00:00,1751.0,79.96,353.3,13.65,357.4,15.5,584.8,0.0644,1.02,337.7,292.7,12.7
2025-05-12T15:48:00+00:00,1963.2,82.48,350.5,13.86,373.4,17.4,603.2,0.0606,1.05,337.7,292.7,13.6
2025-05-12T15:49:00+00:00,2073.7,80.79,358.4,13.68,362.6,16.3,629.1,0.0634,1.04,337.7,292.7,13.6
2025-05-12T15:50:00+00:00,1824.0,83.37,350.6,13.90,384.9,16.0,543.0,0.0594,1.02,337.7,292.7,13.9
2025-05-12T15:51:00+00:00,2079.8,81.18,350.3,13.79,385.5,13.8,562.6,0.0638,1.08,337.7,292.7,14.3
2025-05-12T15:52:00+00:00,2037.0,84.29,346.0,13.79,385.1,17.3,679.5,0.0620,1.05,337.7,292.7,11.5
2025-05-12T15:53:00+00:00,1933.5,82.19,335.5,13.65,389.5,16.8,560.2,0.0613,1.14,337.7,292.7,14.4
2025-05-12T15:54:00+00:00,2021.9,83.09,357.2,13.82,378.1,15.8,655.5,0.0639,0.95,337.7,292.7,13.3
2025-05-12T15:55:00+00:00,2047.4,81.69,340.9,14.00,393.7,16.9,600.4,0.0619,1.14,337.7,292.7,11.5
2025-05-12T15:56:00+00:00,2011.0,81.99,352.0,13.73,381.6,15.5,595.9,0.0684,1.14,337.7,292.7,12.3
2025-05-12T15:57:00+00:00,2035.8,80.46,346.1,13.84,393.8,16.6,615.2,0.0680,1.02,337.7,292.7,13.0
2025-05-12T15:58:00+00:00,1869.9,82.80,342.3,13.94,409.9,14.9,602.4,0.0637,1.20,337.7,292.7,14.6
2025-05-12T15:59:00+00:00,2069.6,83.54,336.3,13.73,383.8,14.9,635.2,0.0613,1.08,337.7,292.7,14.1
2025-05-12T16:00:00+00:00,2005.8,83.50,358.8,13.79,396.5,17.3,628.9,0.0638,1.06,337.7,292.7,13.4
2025-05-12T16:01:00+00:00,2206.7,81.78,356.7,13.91,401.0,18.0,608.4,0.0623,1.10,337.7,292.7,14.5
2025-05-12T16:02:00+00:00,2064.1,81.87,357.7,13.69,402.3,19.6,588.0,0.0615,1.10,337.7,292.7,14.4
2025-05-12T16:03:00+00:00,1996.0,81.00,335.2,13.95,382.7,16.5,587.5,0.0618,1.11,337.7,292.7,11.4
2025-05-12T16:04:00+00:00,1936.8,82.36,353.3,13.84,380.2,18.5,647.0,0.0673,1.05,337.7,292.7,14.9
2025-05-12T16:05:00+00:00,2040.2,85.82,341.6,13.72,373.7,17.3,659.2,0.0608,1.04,337.7,292.7,13.9
2025-05-12T16:06:00+00:00,2008.7,84.92,356.8,13.79,364.7,18.8,635.0,0.0649,1.08,337.7,292.7,12.9
2025-05-12T16:07:00+00:00,2067.4,81.25,333.8,13.90,383.1,13.7,621.3,0.0661,1.06,337.7,292.7,13.1
2025-05-12T16:08:00+00:00,2076.9,82.02,357.7,13.80,375.7,14.4,630.2,0.0630,1.03,337.7,292.7,14.8
2025-05-12T16:09:00+00:00,1980.7,80.65,343.9,13.91,382.8,13.0,596.5,0.0607,1.06,337.7,292.7,12.1
2025-05-12T16:10:00+00:00,1923.5,82.69,367.1,13.55,375.0,16.0,585.5,0.0605,1.07,337.7,292.7,11.7
2025-05-12T16:11:00+00:00,2207.3,83.66,350.3,13.96,385.6,17.5,610.9,0.0624,1.12,337.7,292.7,14.0
2025-05-12T16:12:00+00:00,1760.8,84.06,347.9,13.97,341.8,15.8,600.3,0.0592,1.04,337.7,292.7,11.3
2025-05-12T16:13:00+00:00,1825.0,83.31,364.2,13.87,379.5,17.1,625.4,0.0618,1.05,337.7,292.7,13.0
2025-05-12T16:14:00+00:00,2180.4,81.91,340.3,13.71,389.2,15.0,615.9,0.0621,1.09,337.7,292.7,12.2
2025-05-12T16:15:00+00:00,2011.7,82.68,351.5,13.80,355.9,16.7,610.3,0.0608,1.05,337.7,292.7,12.9
2025-05-12T16:16:00+00:00,1937.4,79.77,352.8,13.84,363.2,18.3,576.7,0.0654,1.04,337.7,292.7,12.4
2025-05-12T16:17:00+00:00,2041.6,83.30,351.3,13.68,374.5,16.3,631.5,0.0639,1.06,337.7,292.7,13.1
2025-05-12T16:18:00+00:00,1977.6,80.28,352.3,13.91,373.0,16.4,571.0,0.0632,1.06,337.7,292.7,14.1
2025-05-12T16:19:00+00:00,1986.6,83.15,354.5,13.76,372.5,18.3,656.5,0.0609,1.08,337.7,292.7,13.4
2025-05-12T16:20:00+00:00,887.3,80.22,358.5,13.81,346.6,16.2,582.0,0.0555,1.13,337.7,292.7,11.3
2025-05-12T16:21:00+00:00,998.3,80.37,359.0,14.09,343.3,15.2,538.9,0.0679,1.13,337.7,292.7,13.6
2025-05-12T16:22:00+00:00,846.8,82.41,345.0,13.62,341.8,15.2,518.4,0.0542,0.97,337.7,292.7,13.7
2025-05-12T16:23:00+00:00,1048.5,78.77,345.4,13.91,358.6,13.5,586.0,0.0577,1.05,337.7,292.7,13.7
2025-05-12T16:24:00+00:00,874.7,79.74,365.5,13.66,341.9,16.0,611.8,0.0552,1.11,337.7,292.7,14.4
2025-05-12T16:25:00+00:00,883.4,80.49,352.1,13.91,345.5,15.8,501.1,0.0560,1.02,337.7,292.7,13.1
2025-05-12T16:26:00+00:00,895.1,78.70,358.9,13.89,351.4,14.6,536.9,0.0604,1.02,337.7,292.7,12.1
2025-05-12T16:27:00+00:00,962.1,79.03,348.7,13.74,353.7,15.1,593.1,0.0556,1.10,337.7,292.7,13.1
2025-05-12T16:28:00+00:00,1040.3,80.08,364.2,13.88,369.4,15.2,559.9,0.0564,1.13,337.7,292.7,11.6
2025-05-12T16:29:00+00:00,1051.2,81.18,350.9,13.96,366.2,16.6,601.0,0.0551,0.99,337.7,292.7,11.9
2025-05-12T16:30:00+00:00,1082.8,79.60,359.3,13.77,353.1,16.8,560.7,0.0558,1.05,337.7,292.7,11.9
2025-05-12T16:31:00+00:00,1136.2,82.60,350.3,14.14,361.3,18.2,610.1,0.0566,1.11,337.7,292.7,10.6
2025-05-13T06:00:00+00:00,910.2,79.99,356.6,13.99,355.0,16.5,556.9,0.0542,0.97,304.7,214.7,13.1
2025-05-13T06:01:00+00:00,872.4,79.90,357.9,13.69,348.7,16.2,596.6,0.0556,0.95,304.7,214.7,12.3
2025-05-13T06:02:00+00:00,961.2,80.45,364.8,14.02,341.7,14.0,539.3,0.0558,0.88,304.7,214.7,12.4
2025-05-13T06:03:00+00:00,1037.2,80.51,343.3,13.82,332.4,15.5,544.3,0.0566,0.88,304.7,214.7,12.7
2025-05-13T06:04:00+00:00,1005.3,80.50,358.8,13.78,349.3,17.4,579.5,0.0543,0.92,304.7,214.7,12.9
2025-05-13T06:05:00+00:00,997.9,80.34,350.8,13.67,354.5,17.9,548.1,0.0633,0.95,304.7,214.7,13.1
2025-05-13T06:06:00+00:00,1031.0,81.15,360.0,13.89,351.2,16.8,582.8,0.0543,0.92,304.7,214.7,14.6
2025-05-13T06:07:00+00:00,907.8,79.39,346.5,13.59,363.6,15.6,551.0,0.0576,0.93,304.7,214.7,10.6
2025-05-13T06:08:00+00:00,906.0,79.87,339.2,13.76,350.6,17.2,597.3,0.0595,0.91,304.7,214.7,13.1
2025-05-13T06:09:00+00:00,1022.8,78.67,352.0,13.62,359.0,15.1,574.9,0.0546,0.95,304.7,214.7,12.7
2025-05-13T06:10:00+00:00,886.7,79.52,368.1,13.83,344.7,14.9,545.0,0.0599,1.03,304.7,214.7,11.9
2025-05-13T06:11:00+00:00,908.2,79.70,355.1,14.05,339.4,17.1,596.4,0.0533,0.87,304.7,214.7,11.9
2025-05-13T06:12:00+00:00,2056.3,83.37,344.0,13.56,357.5,15.5,606.4,0.0602,0.90,304.7,214.7,11.7
2025-05-13T06:13:00+00:00,1998.1,80.82,364.2,13.60,412.5,17.5,620.8,0.0591,0.88,304.7,214.7,10.6
2025-05-13T06:14:00+00:00,1998.0,82.98,358.0,13.87,376.5,19.1,578.5,0.0623,0.87,304.7,214.7,12.1
2025-05-13T06:15:00+00:00,2043.7,82.06,351.3,13.91,358.9,16.2,558.4,0.0610,0.95,304.7,214.7,11.7
2025-05-13T06:16:00+00:00,2056.5,85.06,347.6,14.03,390.1,17.7,657.2,0.0613,0.95,304.7,214.7,12.7
2025-05-13T06:17:00+00:00,1840.1,82.25,352.9,13.88,385.5,16.0,592.8,0.0594,1.01,304.7,214.7,10.7
2025-05-13T06:18:00+00:00,2051.2,80.98,354.2,13.76,389.4,18.2,611.8,0.0589,0.84,304.7,214.7,13.6
2025-05-13T06:19:00+00:00,1898.5,81.34,339.9,13.70,374.3,19.1,594.9,0.0616,0.94,304.7,214.7,11.8
2025-05-13T06:20:00+00:00,2480.1,85.21,344.7,13.93,429.8,15.5,670.2,0.0686,0.95,304.7,214.7,11.8
2025-05-13T06:21:00+00:00,1983.7,84.10,342.3,13.90,381.7,14.6,641.6,0.0621,0.93,304.7,214.7,12.1
2025-05-13T06:22:00+00:00,2136.1,80.48,355.5,13.41,382.0,16.0,587.7,0.0604,0.95,304.7,214.7,12.5
2025-05-13T06:23:00+00:00,2216.1,81.43,360.2,13.66,383.5,16.2,595.0,0.0602,0.90,304.7,214.7,14.5
2025-05-13T06:24:00+00:00,1994.9,80.81,358.2,13.84,372.5,16.2,603.3,0.0619,0.92,304.7,214.7,13.7
2025-05-13T06:25:00+00:00,1828.7,80.78,356.7,13.69,402.4,16.4,600.6,0.0584,0.91,304.7,214.7,11.4
2025-05-13T06:26:00+00:00,2129.9,86.76,351.8,13.93,354.2,16.6,599.7,0.0600,0.91,304.7,214.7,12.4
2025-05-13T06:27:00+00:00,1926.2,80.74,343.6,13.98,379.4,16.4,602.4,0.0597,0.94,304.7,214.7,12.4
2025-05-13T06:28:00+00:00,2005.9,81.91,343.2,13.82,375.9,19.0,639.2,0.0704,0.94,304.7,214.7,13.0
2025-05-13T06:29:00+00:00,2087.2,83.46,346.8,13.81,376.4,15.8,583.7,0.0595,0.88,304.7,214.7,11.2
2025-05-13T06:30:00+00:00,2185.6,82.81,357.4,13.87,390.8,15.0,631.5,0.0615,1.03,304.7,214.7,13.8
2025-05-13T06:31:00+00:00,1949.1,81.58,338.0,13.61,379.2,16.8,634.9,0.0619,0.84,304.7,214.7,11.5
2025-05-13T06:32:00+00:00,1829.1,80.60,336.7,13.88,360.9,17.0,621.6,0.0578,0.83,304.7,214.7,14.5
2025-05-13T06:33:00+00:00,2001.1,82.69,360.7,13.89,388.1,15.2,621.4,0.0589,0.86,304.7,214.7,12.1
2025-05-13T06:34:00+00:00,1939.9,82.71,343.1,13.83,370.6,17.4,572.6,0.0595,0.90,304.7,214.7,11.1
2025-05-13T06:35:00+00:00,2139.1,83.69,348.3,13.78,410.3,15.5,530.8,0.0619,0.90,304.7,214.7,12.4
2025-05-13T06:36:00+00:00,2123.0,79.99,365.5,13.94,375.8,21.1,597.7,0.0605,0.95,304.7,214.7,11.9
2025-05-13T06:37:00+00:00,2001.3,84.81,343.2,13.67,394.6,15.8,541.3,0.0636,0.93,304.7,214.7,10.8
2025-05-13T06:38:00+00:00,2105.7,83.60,337.6,13.72,378.9,14.9,609.8,0.0607,0.98,304.7,214.7,10.8
2025-05-13T06:39:00+00:00,1981.5,82.79,349.4,14.03,400.8,13.5,606.2,0.0597,0.89,304.7,214.7,12.5
2025-05-13T06:40:00+00:00,2004.7,81.37,348.4,14.11,377.5,17.8,570.2,0.0591,0.88,304.7,214.7,12.8
2025-05-13T06:41:00+00:00,2157.3,84.18,351.7,14.09,378.9,16.0,583.1,0.0603,0.93,304.7,214.7,12.6
2025-05-13T06:42:00+00:00,1968.1,80.60,348.8,13.75,405.6,17.6,553.8,0.0590,0.90,304.7,214.7,12.7
2025-05-13T06:43:00+00:00,2011.7,81.23,334.3,13.83,392.4,18.6,583.4,0.0594,0.90,304.7,214.7,11.6
2025-05-13T06:44:00+00:00,2004.5,80.29,343.5,13.98,372.2,16.0,636.9,0.0657,0.87,304.7,214.7,11.3
2025-05-13T06:45:00+00:00,1854.4,81.03,349.0,13.89,369.7,16.9,607.4,0.0586,0.91,304.7,214.7,12.8
2025-05-13T06:46:00+00:00,1944.7,83.00,344.9,13.75,364.8,16.7,602.7,0.0608,0.88,304.7,214.7,13.2
2025-05-13T06:47:00+00:00,1924.3,81.60,336.2,13.95,395.3,15.9,637.8,0.0599,0.95,304.7,214.7,11.6
2025-05-13T06:48:00+00:00,2016.3,82.19,336.5,13.90,377.1,15.7,566.5,0.0595,0.91,304.7,214.7,10.1
2025-05-13T06:49:00+00:00,2021.0,82.54,348.0,13.59,366.3,16.3,622.3,0.0600,0.97,304.7,214.7,12.3
2025-05-13T06:50:00+00:00,1827.1,84.52,360.4,13.96,378.7,15.8,669.2,0.0595,0.95,304.7,214.7,12.8
2025-05-13T06:51:00+00:00,2011.5,84.04,352.6,13.88,399.7,15.7,610.1,0.0593,0.92,304.7,214.7,12.3
2025-05-13T06:52:00+00:00,2231.3,83.15,339.6,13.69,385.9,14.5,634.9,0.0606,0.92,304.7,214.7,12.4
2025-05-13T06:53:00+00:00,1958.2,82.44,363.7,13.73,376.7,15.2,601.7,0.0620,0.91,304.7,214.7,12.2
2025-05-13T06:54:00+00:00,2124.7,82.36,351.9,13.87,370.9,18.1,551.0,0.0618,0.90,304.7,214.7,11.2
2025-05-13T06:55:00+00:00,2162.8,82.15,347.2,13.82,388.5,15.1,588.9,0.0602,0.91,304.7,214.7,12.0
2025-05-13T06:56:00+00:00,2007.3,82.54,346.8,14.00,375.0,15.3,625.2,0.0583,0.81,304.7,214.7,11.0
2025-05-13T06:57:00+00:00,1842.2,82.70,347.1,13.97,393.1,15.5,577.9,0.0583,0.89,304.7,214.7,10.8
2025-05-13T06:58:00+00:00,1927.2,82.42,342.2,13.71,390.5,20.8,600.7,0.0586,0.87,304.7,214.7,11.4
2025-05-13T06:59:00+00:00,1940.6,87.14,344.4,13.75,375.8,17.2,551.9,0.0617,0.96,304.7,214.7,13.2
2025-05-13T07:00:00+00:00,1955.8,83.14,353.0,13.71,367.4,14.9,620.2,0.0663,0.84,304.7,214.7,10.6
2025-05-13T07:01:00+00:00,2038.4,80.49,354.2,13.70,366.3,13.9,616.9,0.0589,0.84,304.7,214.7,12.5
2025-05-13T07:02:00+00:00,2519.7,83.32,342.0,13.70,386.9,15.0,624.2,0.0637,0.89,304.7,214.7,11.3
2025-05-13T07:03:00+00:00,2145.3,80.20,351.4,13.75,376.2,17.4,627.2,0.0591,0.81,304.7,214.7,10.4
2025-05-13T07:04:00+00:00,2033.9,80.27,358.9,13.68,382.8,16.4,519.1,0.0590,0.85,304.7,214.7,9.8
2025-05-13T07:05:00+00:00,2143.5,83.10,332.4,13.92,405.3,17.8,636.5,0.0626,0.94,304.7,214.7,11.3
2025-05-13T07:06:00+00:00,1932.5,79.62,355.4,13.79,369.3,16.3,596.6,0.0590,0.92,304.7,214.7,10.7
2025-05-13T07:07:00+00:00,1855.1,80.02,349.9,14.17,390.6,18.0,589.8,0.0606,0.78,304.7,214.7,12.7
2025-05-13T07:08:00+00:00,1983.5,83.74,346.7,13.72,374.5,15.6,621.3,0.0694,0.99,304.7,214.7,11.9
2025-05-13T07:09:00+00:00,1983.0,80.55,354.7,13.71,388.2,18.2,589.7,0.0647,0.84,304.7,214.7,11.8
2025-05-13T07:10:00+00:00,1718.7,80.41,340.1,13.91,372.6,15.1,604.3,0.0583,0.94,304.7,214.7,12.7
2025-05-13T07:11:00+00:00,1929.8,82.89,343.5,13.69,395.8,14.5,641.6,0.0604,0.93,304.7,214.7,10.8
2025-05-13T07:12:00+00:00,1990.7,83.39,348.6,13.75,351.9,19.0,565.1,0.0609,0.94,304.7,214.7,9.7
2025-05-13T07:13:00+00:00,1956.8,82.63,356.3,13.96,402.3,17.8,637.7,0.0590,0.91,304.7,214.7,11.3
2025-05-13T07:14:00+00:00,2433.9,82.77,352.1,13.87,396.1,17.9,601.6,0.0619,0.94,304.7,214.7,13.6
2025-05-13T07:15:00+00:00,1925.7,82.06,351.6,13.69,405.4,16.8,637.4,0.0605,1.00,304.7,214.7,10.9
2025-05-13T07:16:00+00:00,2457.9,86.16,338.3,13.72,381.9,17.4,614.9,0.0626,1.00,304.7,214.7,13.0
2025-05-13T07:17:00+00:00,2003.5,82.35,345.3,13.75,364.2,16.6,621.9,0.0587,0.86,304.7,214.7,11.3
2025-05-13T07:18:00+00:00,1948.9,82.16,346.8,13.95,369.7,16.3,616.5,0.0593,0.93,304.7,214.7,13.3
2025-05-13T07:19:00+00:00,2091.8,81.18,344.1,13.84,373.0,14.8,583.0,0.0623,0.87,304.7,214.7,11.1
2025-05-13T07:20:00+00:00,2155.1,80.68,338.5,13.65,375.9,17.6,652.7,0.0589,0.79,304.7,214.7,12.0
2025-05-13T07:21:00+00:00,2413.3,84.12,343.2,13.68,393.8,15.0,622.8,0.0615,0.92,304.7,214.7,13.5
2025-05-13T07:22:00+00:00,1952.7,84.93,356.6,13.86,366.7,16.0,580.8,0.0585,0.85,304.7,214.7,12.0
2025-05-13T07:23:00+00:00,1962.5,82.24,345.2,14.01,388.6,16.0,619.8,0.0618,0.96,304.7,214.7,11.9
2025-05-13T07:24:00+00:00,2093.1,81.91,359.4,13.67,390.2,15.0,623.0,0.0650,1.01,304.7,214.7,13.1
2025-05-13T07:25:00+00:00,2082.5,84.63,340.0,14.18,371.9,18.2,567.8,0.0609,0.94,304.7,214.7,11.6
2025-05-13T07:26:00+00:00,1901.5,82.20,344.6,13.79,384.3,16.0,529.5,0.0605,0.93,304.7,214.7,12.1
2025-05-13T07:27:00+00:00,2068.7,80.60,348.1,13.40,354.6,17.9,567.9,0.0603,0.91,304.7,214.7,11.4
2025-05-13T07:28:00+00:00,1941.8,81.64,355.0,13.64,378.8,15.2,581.9,0.0598,0.99,304.7,214.7,11.8
2025-05-13T07:29:00+00:00,2054.7,81.72,350.0,13.62,388.3,16.5,602.3,0.0690,0.90,304.7,214.7,10.7
2025-05-13T07:30:00+00:00,1914.8,82.43,339.9,13.56,364.3,18.2,670.6,0.0651,0.88,304.7,214.7,12.8
2025-05-13T07:31:00+00:00,2044.8,82.77,353.8,13.90,393.6,14.8,611.8,0.0597,0.93,304.7,214.7,13.2
2025-05-13T07:32:00+00:00,2037.9,83.07,346.9,13.84,365.7,18.4,573.5,0.0596,0.92,304.7,214.7,12.1
2025-05-13T07:33:00+00:00,2273.9,82.73,348.4,13.70,389.1,19.5,641.1,0.0690,0.90,304.7,214.7,11.5
2025-05-13T07:34:00+00:00,2208.0,82.47,340.9,13.97,376.0,19.6,631.1,0.0606,0.90,304.7,214.7,12.6
2025-05-13T07:35:00+00:00,2031.8,82.94,338.5,13.69,372.8,16.3,613.2,0.0592,0.89,304.7,214.7,12.4
2025-05-13T07:36:00+00:00,2124.7,81.24,348.6,13.73,417.0,16.2,661.3,0.0601,0.91,304.7,214.7,12.6
2025-05-13T07:37:00+00:00,2045.0,82.70,360.6,13.75,373.6,17.7,636.7,0.0640,0.95,304.7,214.7,12.1
2025-05-13T07:38:00+00:00,1927.2,82.98,359.8,13.79,371.9,18.5,601.6,0.0596,0.98,304.7,214.7,11.7
2025-05-13T07:39:00+00:00,1962.7,79.26,349.4,13.67,390.4,17.4,614.7,0.0586,0.86,304.7,214.7,12.4
2025-05-13T07:40:00+00:00,2108.7,84.40,340.2,13.82,377.3,15.8,629.0,0.0652,0.87,304.7,214.7,13.7
2025-05-13T07:41:00+00:00,2042.2,83.21,347.0,13.63,394.4,16.7,639.3,0.0631,0.95,304.7,214.7,11.9
2025-05-13T07:42:00+00:00,2027.2,83.11,358.4,13.85,378.3,16.6,582.0,0.0588,0.85,304.7,214.7,11.7
2025-05-13T07:43:00+00:00,1867.1,83.19,346.0,13.88,390.1,16.7,604.7,0.0678,0.91,304.7,214.7,12.4
2025-05-13T07:44:00+00:00,2033.5,82.81,364.7,13.80,364.7,16.1,607.7,0.0600,0.98,304.7,214.7,13.9
2025-05-13T07:45:00+00:00,2170.2,83.59,340.0,13.93,373.3,16.3,605.9,0.0646,0.95,304.7,214.7,13.0
2025-05-13T07:46:00+00:00,2044.9,84.23,362.4,13.93,397.4,18.0,554.6,0.0632,0.96,304.7,214.7,12.8
2025-05-13T07:47:00+00:00,2102.8,82.47,346.5,13.94,387.7,15.6,630.6,0.0621,0.94,304.7,214.7,11.9
2025-05-13T07:48:00+00:00,2076.6,82.25,352.4,13.75,380.6,13.2,573.3,0.0653,0.87,304.7,214.7,11.3
2025-05-13T07:49:00+00:00,2051.6,82.44,345.6,13.95,378.1,13.7,611.2,0.0621,0.97,304.7,214.7,11.9
2025-05-13T07:50:00+00:00,2001.5,81.95,348.6,13.87,382.6,15.7,616.2,0.0599,0.97,304.7,214.7,12.0
2025-05-13T07:51:00+00:00,1945.7,80.10,353.0,13.68,386.4,18.4,588.9,0.0646,0.89,304.7,214.7,10.5
2025-05-13T07:52:00+00:00,2026.1,81.41,366.9,13.56,343.8,16.2,597.1,0.0608,0.91,304.7,214.7,13.6
2025-05-13T07:53:00+00:00,2229.3,82.83,335.9,14.00,386.9,16.6,564.8,0.0607,0.92,304.7,214.7,11.6
2025-05-13T07:54:00+00:00,2010.8,83.77,353.1,13.79,366.4,16.2,593.9,0.0624,0.94,304.7,214.7,12.1
2025-05-13T07:55:00+00:00,2002.0,82.74,357.0,13.74,391.6,16.2,628.3,0.0594,0.92,304.7,214.7,11.5
2025-05-13T07:56:00+00:00,2027.3,80.61,356.2,14.03,379.3,16.8,655.7,0.0601,0.96,304.7,214.7,14.2
2025-05-13T07:57:00+00:00,2110.4,82.91,361.0,13.66,371.9,16.9,612.7,0.0648,0.89,304.7,214.7,12.9
2025-05-13T07:58:00+00:00,1942.9,83.16,357.5,13.70,371.5,17.2,594.0,0.0615,0.92,304.7,214.7,12.2
2025-05-13T07:59:00+00:00,2117.3,83.84,355.9,13.67,385.0,17.4,620.6,0.0605,0.97,304.7,214.7,13.0
2025-05-13T08:00:00+00:00,1876.8,84.36,350.1,13.78,382.5,15.7,583.4,0.0588,0.92,304.7,214.7,11.0
2025-05-13T08:01:00+00:00,1925.6,82.43,352.0,13.98,403.0,15.3,614.5,0.0586,0.88,304.7,214.7,11.3
2025-05-13T08:02:00+00:00,1908.0,82.20,362.0,13.68,392.4,13.3,525.5,0.0586,0.87,304.7,214.7,13.0
2025-05-13T08:03:00+00:00,2019.2,81.76,338.7,13.96,385.6,18.0,542.7,0.0590,0.87,304.7,214.7,10.4
2025-05-13T08:04:00+00:00,2083.2,83.63,341.7,13.78,389.0,16.0,655.4,0.0597,0.90,304.7,214.7,13.0
2025-05-13T08:05:00+00:00,2042.0,81.07,344.6,13.73,392.1,15.4,559.4,0.0598,0.92,304.7,214.7,12.0
2025-05-13T08:06:00+00:00,2202.1,80.45,347.2,13.64,391.8,15.8,550.2,0.0668,0.91,304.7,214.7,10.7
2025-05-13T08:07:00+00:00,2177.1,83.26,339.4,14.03,376.5,17.0,658.2,0.0598,0.87,304.7,214.7,12.3
2025-05-13T08:08:00+00:00,1888.7,78.22,342.2,14.21,366.1,16.9,575.7,0.0586,0.91,304.7,214.7,10.5
2025-05-13T08:09:00+00:00,2036.3,81.91,358.9,14.02,370.3,15.3,612.1,0.0669,0.87,304.7,214.7,12.1
2025-05-13T08:10:00+00:00,2067.4,84.27,351.9,13.73,373.3,18.5,637.6,0.0607,0.93,304.7,214.7,13.6
2025-05-13T08:11:00+00:00,2012.1,80.58,346.8,13.61,367.7,13.0,590.0,0.0595,0.92,304.7,214.7,10.5
2025-05-13T08:12:00+00:00,2088.5,83.65,356.0,13.75,360.7,19.1,618.1,0.0601,0.94,304.7,214.7,13.8
2025-05-13T08:13:00+00:00,2019.8,80.78,352.6,13.86,383.7,16.3,609.1,0.0594,0.91,304.7,214.7,12.4
2025-05-13T08:14:00+00:00,2032.9,82.40,360.1,13.52,369.6,16.8,555.6,0.0595,0.91,304.7,214.7,11.0
2025-05-13T08:15:00+00:00,2016.4,81.71,337.4,13.74,389.7,17.0,621.8,0.0590,0.86,304.7,214.7,12.6
2025-05-13T08:16:00+00:00,2096.9,83.07,349.2,13.54,389.7,15.9,555.7,0.0599,0.92,304.7,214.7,13.0
2025-05-13T08:17:00+00:00,1001.2,81.15,354.1,14.11,381.6,17.3,575.6,0.0534,0.87,304.7,214.7,12.3
2025-05-13T08:18:00+00:00,1049.3,78.96,361.7,13.86,360.6,15.0,549.3,0.0569,0.88,304.7,214.7,13.4
2025-05-13T08:19:00+00:00,975.5,79.44,366.1,13.87,349.6,15.2,568.0,0.0532,0.86,304.7,214.7,12.5
2025-05-13T08:20:00+00:00,1004.5,80.72,359.5,14.01,352.7,18.2,564.1,0.0542,0.93,304.7,214.7,12.1
2025-05-13T08:21:00+00:00,972.9,76.36,357.4,13.51,346.2,18.1,492.5,0.0536,0.90,304.7,214.7,10.4
2025-05-13T08:22:00+00:00,893.9,78.36,373.0,13.78,338.6,18.6,576.1,0.0535,0.93,304.7,214.7,12.2
2025-05-13T08:23:00+00:00,1156.7,77.95,363.1,13.62,352.7,19.3,567.9,0.0549,0.92,304.7,214.7,13.1
2025-05-13T08:24:00+00:00,919.9,77.45,368.1,13.82,358.3,15.5,590.5,0.0623,0.91,304.7,214.7,13.1
2025-05-13T08:25:00+00:00,900.9,79.43,339.3,13.82,351.7,20.4,612.4,0.0565,0.97,304.7,214.7,13.3
2025-05-13T08:26:00+00:00,990.0,78.78,343.7,13.66,321.8,16.0,587.3,0.0551,0.85,304.7,214.7,11.5
2025-05-13T08:27:00+00:00,1093.8,78.80,356.1,13.62,367.6,14.4,547.1,0.0599,0.95,304.7,214.7,12.6
2025-05-13T14:00:00+00:00,856.1,77.26,361.6,13.81,330.2,16.7,549.4,0.0534,0.92,304.7,214.7,11.6
2025-05-13T14:01:00+00:00,927.8,77.84,359.9,14.01,368.0,16.6,536.2,0.0532,0.90,304.7,214.7,12.0
2025-05-13T14:02:00+00:00,852.5,77.87,358.0,13.72,326.9,16.7,604.0,0.0529,0.89,304.7,214.7,12.8
2025-05-13T14:03:00+00:00,1160.0,80.45,357.9,14.04,365.4,16.6,562.2,0.0539,0.82,304.7,214.7,12.1
2025-05-13T14:04:00+00:00,979.1,81.10,356.5,13.92,357.9,15.6,554.1,0.0542,0.95,304.7,214.7,11.8
2025-05-13T14:05:00+00:00,1087.6,81.64,359.1,14.04,363.9,18.1,576.7,0.0574,1.00,304.7,214.7,12.4
2025-05-13T14:06:00+00:00,1028.5,79.07,366.8,13.83,335.7,16.8,673.3,0.0550,0.78,304.7,214.7,11.4
2025-05-13T14:07:00+00:00,927.0,79.77,358.0,13.60,347.5,15.4,561.9,0.0537,0.93,304.7,214.7,11.7
2025-05-13T14:08:00+00:00,818.9,81.90,349.6,13.81,329.9,16.1,526.6,0.0533,0.91,304.7,214.7,12.9
2025-05-13T14:09:00+00:00,934.3,78.93,360.0,14.02,336.2,16.2,614.8,0.0604,0.88,304.7,214.7,12.6
2025-05-13T14:10:00+00:00,1106.2,79.05,350.4,13.90,333.4,16.1,540.9,0.0539,0.86,304.7,214.7,10.7
2025-05-13T14:11:00+00:00,1032.6,78.40,355.2,13.73,345.9,15.1,595.5,0.0539,0.89,304.7,214.7,13.2
2025-05-13T14:12:00+00:00,1037.8,76.74,364.9,13.82,352.8,16.3,566.9,0.0547,0.96,304.7,214.7,11.7
2025-05-13T14:13:00+00:00,2209.2,83.63,356.0,13.66,388.6,14.2,595.4,0.0599,0.86,304.7,214.7,12.3
2025-05-13T14:14:00+00:00,2096.2,84.15,347.8,13.55,374.7,16.7,618.9,0.0596,0.90,304.7,214.7,11.2
2025-05-13T14:15:00+00:00,2070.9,86.78,353.0,13.91,372.1,17.0,614.2,0.0595,0.89,304.7,214.7,13.9
2025-05-13T14:16:00+00:00,1924.5,80.73,356.5,13.76,384.3,12.7,608.5,0.0613,0.93,304.7,214.7,12.6
2025-05-13T14:17:00+00:00,2027.6,79.87,354.9,14.02,384.3,12.8,594.9,0.0614,0.87,304.7,214.7,9.9
2025-05-13T14:18:00+00:00,2065.8,81.38,353.0,13.84,361.9,18.3,551.5,0.0598,0.91,304.7,214.7,11.3
2025-05-13T14:19:00+00:00,2080.1,81.29,337.4,13.75,394.1,15.4,622.9,0.0606,0.85,304.7,214.7,11.1
2025-05-13T14:20:00+00:00,1889.9,82.17,351.0,13.83,381.5,16.8,578.2,0.0578,0.82,304.7,214.7,14.8
2025-05-13T14:21:00+00:00,1882.5,79.69,345.1,13.92,377.5,18.6,562.9,0.0586,0.90,304.7,214.7,13.3
2025-05-13T14:22:00+00:00,2007.6,82.58,353.2,13.75,384.1,17.5,593.6,0.0678,0.82,304.7,214.7,12.3
2025-05-13T14:23:00+00:00,2052.7,80.78,359.5,13.78,381.2,16.4,576.2,0.0625,0.90,304.7,214.7,14.4
2025-05-13T14:24:00+00:00,1923.9,85.91,342.8,13.80,371.9,16.4,619.3,0.0600,1.02,304.7,214.7,12.8
2025-05-13T14:25:00+00:00,2142.3,84.63,344.5,13.79,390.9,16.1,656.2,0.0653,0.96,304.7,214.7,12.8
2025-05-13T14:26:00+00:00,1885.5,82.79,350.7,13.82,378.1,17.5,585.6,0.0583,0.87,304.7,214.7,13.0
2025-05-13T14:27:00+00:00,2097.8,83.43,348.7,14.14,372.5,15.6,625.5,0.0590,0.78,304.7,214.7,12.1
2025-05-13T14:28:00+00:00,2172.5,81.27,344.2,13.85,388.7,18.0,607.6,0.0604,0.92,304.7,214.7,11.8
2025-05-13T14:29:00+00:00,1903.6,82.32,359.4,13.79,354.1,16.9,603.0,0.0591,0.93,304.7,214.7,11.3
2025-05-13T14:30:00+00:00,1925.8,83.47,355.1,13.72,407.3,13.9,597.1,0.0590,0.92,304.7,214.7,13.0
2025-05-13T14:31:00+00:00,2053.3,82.12,341.6,13.69,391.6,16.1,591.7,0.0596,0.92,304.7,214.7,12.4
2025-05-13T14:32:00+00:00,2072.2,83.49,357.0,14.18,376.7,17.9,586.3,0.0593,0.88,304.7,214.7,11.8
2025-05-13T14:33:00+00:00,2033.6,80.30,345.7,13.84,369.9,17.0,678.2,0.0586,0.83,304.7,214.7,10.6
2025-05-13T14:34:00+00:00,2022.4,83.10,357.7,13.68,374.6,19.6,597.5,0.0599,0.96,304.7,214.7,12.2
2025-05-13T14:35:00+00:00,1964.5,80.77,345.4,13.95,373.8,15.7,603.2,0.0593,0.91,304.7,214.7,9.1
2025-05-13T14:36:00+00:00,1951.6,80.17,361.6,13.70,357.6,15.1,585.7,0.0609,0.94,304.7,214.7,11.6
2025-05-13T14:37:00+00:00,2130.6,82.12,357.0,13.90,384.1,19.0,599.1,0.0601,0.91,304.7,214.7,12.6
2025-05-13T14:38:00+00:00,2141.1,82.90,350.5,13.98,385.6,16.4,581.7,0.0598,0.88,304.7,214.7,11.5
2025-05-13T14:39:00+00:00,2113.1,84.04,350.4,13.70,399.7,15.6,588.0,0.0713,0.88,304.7,214.7,12.9
2025-05-13T14:40:00+00:00,2167.2,83.93,356.7,13.75,375.7,14.3,631.8,0.0604,0.93,304.7,214.7,11.7
2025-05-13T14:41:00+00:00,1980.3,81.68,343.9,13.78,368.6,15.6,618.1,0.0591,0.88,304.7,214.7,13.3
2025-05-13T14:42:00+00:00,1948.5,79.82,339.2,13.81,392.5,16.7,654.9,0.0631,0.96,304.7,214.7,11.7
2025-05-13T14:43:00+00:00,1882.5,82.30,351.1,13.55,382.7,17.7,626.4,0.0591,0.95,304.7,214.7,11.9
2025-05-13T14:44:00+00:00,2017.9,81.81,334.7,13.83,359.6,16.1,597.0,0.0596,0.91,304.7,214.7,11.9
2025-05-13T14:45:00+00:00,1960.2,82.57,358.4,13.86,397.4,16.8,616.7,0.0586,0.86,304.7,214.7,10.0
2025-05-13T14:46:00+00:00,2059.5,86.56,350.2,14.01,376.6,18.6,597.7,0.0608,0.87,304.7,214.7,11.0
2025-05-13T14:47:00+00:00,2086.5,82.49,342.1,13.89,397.6,16.8,630.9,0.0614,0.88,304.7,214.7,12.1
2025-05-13T14:48:00+00:00,1929.8,80.87,364.3,13.45,385.6,14.6,610.1,0.0607,0.95,304.7,214.7,14.0
2025-05-13T14:49:00+00:00,1980.9,81.97,344.0,13.85,380.2,15.8,546.8,0.0635,0.96,304.7,214.7,11.9
2025-05-13T14:50:00+00:00,2064.7,84.37,339.0,13.81,385.7,18.4,676.1,0.0654,0.97,304.7,214.7,12.5
2025-05-13T14:51:00+00:00,1914.8,83.00,351.7,13.87,356.8,14.1,607.7,0.0580,0.83,304.7,214.7,12.0
2025-05-13T14:52:00+00:00,2066.3,81.38,349.3,13.72,383.8,17.8,654.1,0.0656,0.89,304.7,214.7,14.1
2025-05-13T14:53:00+00:00,2001.3,81.93,360.5,14.06,367.3,15.7,634.5,0.0591,0.90,304.7,214.7,11.0
2025-05-13T14:54:00+00:00,1967.1,81.01,345.8,13.88,392.6,19.2,637.9,0.0670,0.95,304.7,214.7,11.3
2025-05-13T14:55:00+00:00,1736.1,81.18,344.5,13.70,353.3,17.1,617.9,0.0602,0.91,304.7,214.7,12.3
2025-05-13T14:56:00+00:00,2000.2,80.31,336.0,13.74,369.4,14.5,632.3,0.0590,0.87,304.7,214.7,10.9
2025-05-13T14:57:00+00:00,2012.1,81.29,354.4,13.86,377.6,17.1,590.4,0.0626,0.82,304.7,214.7,11.5
2025-05-13T14:58:00+00:00,1950.4,82.32,364.4,13.76,371.7,15.1,614.4,0.0616,0.88,304.7,214.7,11.3
2025-05-13T14:59:00+00:00,2122.7,82.72,354.9,13.92,412.7,17.3,562.1,0.0618,0.87,304.7,214.7,14.0
2025-05-13T15:00:00+00:00,2146.6,80.87,337.1,14.24,370.3,17.8,584.0,0.0627,0.91,304.7,214.7,12.4
2025-05-13T15:01:00+00:00,2022.8,81.61,342.3,13.66,374.6,16.0,616.2,0.0631,0.93,304.7,214.7,11.4
2025-05-13T15:02:00+00:00,1855.5,81.49,349.3,13.92,366.4,15.9,609.6,0.0600,0.95,304.7,214.7,13.4
2025-05-13T15:03:00+00:00,1904.4,81.39,350.7,13.67,387.3,18.0,629.1,0.0587,0.90,304.7,214.7,12.0
2025-05-13T15:04:00+00:00,1811.6,81.61,346.8,13.94,363.7,15.8,592.9,0.0618,0.99,304.7,214.7,13.2
2025-05-13T15:05:00+00:00,2028.3,81.81,354.3,13.65,365.6,17.2,633.8,0.0610,0.96,304.7,214.7,12.0
2025-05-13T15:06:00+00:00,2083.7,83.16,343.9,13.77,385.7,16.4,614.3,0.0590,0.84,304.7,214.7,13.1
2025-05-13T15:07:00+00:00,2427.1,83.53,358.7,13.76,415.3,18.7,616.9,0.0655,0.87,304.7,214.7,11.9
2025-05-13T15:08:00+00:00,2165.2,82.88,342.5,13.78,388.5,16.5,608.6,0.0603,0.94,304.7,214.7,11.6
2025-05-13T15:09:00+00:00,2391.2,84.36,339.0,13.62,408.7,15.2,604.3,0.0619,0.96,304.7,214.7,13.6
2025-05-13T15:10:00+00:00,1941.3,81.16,356.4,13.79,377.3,15.6,619.9,0.0598,0.99,304.7,214.7,11.4
2025-05-13T15:11:00+00:00,1960.8,84.19,352.2,14.04,394.2,15.7,581.2,0.0586,0.86,304.7,214.7,12.5
2025-05-13T15:12:00+00:00,2415.0,82.73,357.3,13.84,389.3,13.9,619.6,0.0617,0.93,304.7,214.7,13.7
2025-05-13T15:13:00+00:00,2500.3,83.69,346.7,13.66,408.8,18.8,606.3,0.0838,0.99,304.7,214.7,12.0
2025-05-13T15:14:00+00:00,2087.7,80.73,347.5,13.72,360.7,13.0,632.3,0.0641,0.92,304.7,214.7,11.5
2025-05-13T15:15:00+00:00,1967.5,84.55,371.0,13.59,360.0,16.6,606.2,0.0593,0.94,304.7,214.7,11.9
2025-05-13T15:16:00+00:00,1921.2,81.39,339.3,13.90,391.2,18.4,617.0,0.0590,0.89,304.7,214.7,13.1
2025-05-13T15:17:00+00:00,2101.3,82.73,348.2,13.86,378.8,18.2,579.9,0.0664,0.91,304.7,214.7,11.8
2025-05-13T15:18:00+00:00,2006.8,83.60,340.1,13.86,373.8,16.7,589.7,0.0672,0.92,304.7,214.7,12.2
2025-05-13T15:19:00+00:00,2120.2,81.08,346.9,13.93,388.1,14.7,683.1,0.0620,0.94,304.7,214.7,13.0
2025-05-13T15:20:00+00:00,1843.6,80.05,354.6,13.76,342.8,14.4,621.3,0.0589,0.86,304.7,214.7,12.3
2025-05-13T15:21:00+00:00,2483.0,81.23,343.9,13.91,384.8,15.5,635.2,0.0613,0.85,304.7,214.7,12.5
2025-05-13T15:22:00+00:00,2047.1,81.22,354.3,13.66,366.7,17.8,630.5,0.0588,0.82,304.7,214.7,12.0
2025-05-13T15:23:00+00:00,2407.2,81.48,367.4,14.12,377.9,17.0,619.3,0.0608,0.84,304.7,214.7,12.3
2025-05-13T15:24:00+00:00,2484.3,82.65,341.3,13.73,393.1,18.9,587.2,0.0687,0.90,304.7,214.7,10.0
2025-05-13T15:25:00+00:00,2447.4,82.64,356.3,13.74,374.5,16.3,531.9,0.0613,0.87,304.7,214.7,9.4
2025-05-13T15:26:00+00:00,1932.2,81.45,365.2,13.99,379.1,15.4,593.6,0.0583,0.85,304.7,214.7,13.1
2025-05-13T15:27:00+00:00,2134.6,81.00,341.6,13.89,378.8,14.4,629.4,0.0594,0.85,304.7,214.7,13.6
2025-05-13T15:28:00+00:00,2047.9,80.60,335.5,13.78,374.3,17.8,576.2,0.0619,0.91,304.7,214.7,14.4
2025-05-13T15:29:00+00:00,1940.4,80.95,355.2,13.81,389.0,14.4,586.2,0.0598,0.92,304.7,214.7,12.8
2025-05-13T15:30:00+00:00,2421.4,82.33,340.6,13.61,384.7,16.5,608.7,0.0669,0.92,304.7,214.7,11.2
2025-05-13T15:31:00+00:00,2116.8,81.32,345.1,14.17,376.7,19.4,595.8,0.0595,0.87,304.7,214.7,10.1
2025-05-13T15:32:00+00:00,2186.2,79.43,346.3,13.95,384.7,16.6,588.8,0.0632,0.96,304.7,214.7,12.6
2025-05-13T15:33:00+00:00,2131.4,80.18,340.4,13.82,378.2,17.3,618.3,0.0697,0.96,304.7,214.7,13.5
2025-05-13T15:34:00+00:00,2112.7,84.45,360.6,14.16,389.9,16.3,617.0,0.0668,0.87,304.7,214.7,10.9
2025-05-13T15:35:00+00:00,2046.2,80.96,338.2,13.95,382.0,15.5,614.6,0.0615,0.87,304.7,214.7,12.7
2025-05-13T15:36:00+00:00,1958.6,82.38,347.0,14.04,347.2,17.2,605.2,0.0610,0.95,304.7,214.7,13.5
2025-05-13T15:37:00+00:00,2106.8,85.13,353.9,13.50,391.2,17.2,662.4,0.0604,0.95,304.7,214.7,11.8
2025-05-13T15:38:00+00:00,1848.2,81.68,346.0,13.77,368.0,14.7,534.3,0.0583,0.89,304.7,214.7,12.5
2025-05-13T15:39:00+00:00,1927.2,82.98,359.4,13.91,386.1,18.5,608.4,0.0590,0.92,304.7,214.7,12.7
2025-05-13T15:40:00+00:00,2063.4,85.72,352.8,13.76,396.4,17.0,608.6,0.0596,0.89,304.7,214.7,12.0
2025-05-13T15:41:00+00:00,1937.2,83.37,359.0,13.88,381.7,17.3,555.0,0.0615,0.87,304.7,214.7,13.3
2025-05-13T15:42:00+00:00,2077.1,81.71,362.6,13.63,396.9,18.0,618.7,0.0721,0.96,304.7,214.7,12.0
2025-05-13T15:43:00+00:00,1838.6,82.61,350.0,13.63,375.5,17.5,568.4,0.0624,0.87,304.7,214.7,12.7
2025-05-13T15:44:00+00:00,1781.6,82.48,349.0,13.94,355.4,18.5,605.6,0.0580,0.88,304.7,214.7,12.1
2025-05-13T15:45:00+00:00,2041.2,82.15,366.3,13.91,399.9,17.2,647.7,0.0607,0.95,304.7,214.7,11.2
2025-05-13T15:46:00+00:00,1822.4,83.48,352.8,13.92,364.7,19.0,580.4,0.0582,0.89,304.7,214.7,12.8
2025-05-13T15:47:00+00:00,2078.0,83.07,348.6,13.52,407.6,16.5,592.9,0.0597,0.91,304.7,214.7,11.3
2025-05-13T15:48:00+00:00,1974.7,82.04,354.3,13.71,402.6,15.1,626.7,0.0600,1.00,304.7,214.7,11.3
2025-05-13T15:49:00+00:00,2110.7,79.29,346.9,13.83,397.6,17.3,652.4,0.0616,0.91,304.7,214.7,13.1
2025-05-13T15:50:00+00:00,2010.5,82.34,338.6,13.77,380.0,13.9,634.3,0.0622,1.02,304.7,214.7,12.6
2025-05-13T15:51:00+00:00,1988.2,80.49,342.5,13.98,387.1,15.5,571.9,0.0668,0.88,304.7,214.7,11.7
2025-05-13T15:52:00+00:00,1861.2,82.30,359.0,13.74,364.6,16.0,559.0,0.0589,0.90,304.7,214.7,12.6
2025-05-13T15:53:00+00:00,1983.9,79.93,345.6,13.74,401.6,18.3,603.1,0.0588,0.85,304.7,214.7,12.7
2025-05-13T15:54:00+00:00,2062.5,82.09,351.2,13.86,351.5,15.6,512.4,0.0627,0.91,304.7,214.7,10.4
2025-05-13T15:55:00+00:00,2056.5,81.24,357.5,13.65,374.8,16.8,653.2,0.0665,0.94,304.7,214.7,11.9
2025-05-13T15:56:00+00:00,1964.6,82.15,347.6,13.84,398.7,15.1,599.2,0.0607,0.86,304.7,214.7,11.3
2025-05-13T15:57:00+00:00,2205.2,83.60,348.7,13.64,414.3,17.5,594.2,0.0599,0.87,304.7,214.7,11.4
2025-05-13T15:58:00+00:00,2068.2,82.90,350.6,13.80,381.5,16.5,595.7,0.0595,0.90,304.7,214.7,11.8
2025-05-13T15:59:00+00:00,1993.6,82.97,356.4,13.75,379.8,13.2,617.7,0.0638,0.86,304.7,214.7,9.2
2025-05-13T16:00:00+00:00,2118.4,82.85,328.9,13.72,381.9,16.7,578.7,0.0653,0.97,304.7,214.7,12.5
2025-05-13T16:01:00+00:00,1968.3,82.18,353.0,13.56,385.7,15.2,575.7,0.0592,0.90,304.7,214.7,10.6
2025-05-13T16:02:00+00:00,2138.7,85.30,367.9,13.78,377.8,19.0,565.0,0.0642,0.90,304.7,214.7,10.2
2025-05-13T16:03:00+00:00,1964.1,80.29,350.0,13.71,375.3,15.8,598.4,0.0592,0.93,304.7,214.7,12.0
2025-05-13T16:04:00+00:00,2201.2,84.55,354.1,13.82,406.6,19.4,639.3,0.0611,0.99,304.7,214.7,12.7
2025-05-13T16:05:00+00:00,1958.1,80.01,356.8,13.72,379.8,14.5,540.7,0.0598,0.88,304.7,214.7,11.7
2025-05-13T16:06:00+00:00,2037.4,82.73,359.4,13.72,391.4,18.2,616.6,0.0626,0.88,304.7,214.7,12.5
2025-05-13T16:07:00+00:00,1881.5,79.31,346.5,13.80,379.4,16.0,603.0,0.0582,0.86,304.7,214.7,12.1
2025-05-13T16:08:00+00:00,2099.5,82.35,340.2,13.72,389.9,17.8,599.1,0.0626,0.86,304.7,214.7,11.6
2025-05-13T16:09:00+00:00,1948.4,80.81,346.4,13.74,366.8,16.0,653.4,0.0594,0.96,304.7,214.7,11.8
2025-05-13T16:10:00+00:00,1796.4,79.96,353.8,13.79,386.4,20.5,573.4,0.0580,0.88,304.7,214.7,12.9
2025-05-13T16:11:00+00:00,1940.7,84.11,342.5,13.67,370.2,16.8,627.9,0.0651,0.95,304.7,214.7,11.9
2025-05-13T16:12:00+00:00,2001.0,83.59,360.3,13.80,414.2,17.5,544.9,0.0590,0.88,304.7,214.7,11.6
2025-05-13T16:13:00+00:00,2002.8,82.35,354.2,13.82,382.9,17.1,574.6,0.0585,0.85,304.7,214.7,12.5
2025-05-13T16:14:00+00:00,2132.0,85.91,347.6,13.79,377.5,16.6,637.2,0.0605,0.95,304.7,214.7,12.6
2025-05-13T16:15:00+00:00,1986.6,81.46,345.7,13.75,375.1,16.1,580.8,0.0632,0.95,304.7,214.7,11.9
2025-05-13T16:16:00+00:00,2016.2,83.18,345.0,14.00,396.4,14.9,561.5,0.0625,0.86,304.7,214.7,14.0
2025-05-13T16:17:00+00:00,1980.3,83.66,339.1,13.81,372.5,18.0,583.8,0.0627,0.81,304.7,214.7,13.5
2025-05-13T16:18:00+00:00,1898.8,81.70,355.6,13.74,377.6,15.0,570.4,0.0600,0.93,304.7,214.7,11.7
2025-05-13T16:19:00+00:00,2153.8,81.81,360.9,13.63,375.6,16.8,628.8,0.0658,0.80,304.7,214.7,12.8
2025-05-13T16:20:00+00:00,1955.2,79.94,341.4,13.76,362.8,19.5,603.9,0.0590,0.91,304.7,214.7,11.9
2025-05-13T16:21:00+00:00,2215.2,82.41,344.9,13.51,381.3,15.2,613.6,0.0629,0.85,304.7,214.7,12.2
2025-05-13T16:22:00+00:00,954.4,78.16,355.3,13.74,346.3,15.9,526.9,0.0592,0.86,304.7,214.7,13.8
2025-05-13T16:23:00+00:00,899.9,76.73,358.4,13.68,347.7,14.9,537.0,0.0529,0.87,304.7,214.7,11.6
2025-05-13T16:24:00+00:00,986.5,82.71,354.3,13.80,343.4,15.9,585.6,0.0640,0.95,304.7,214.7,11.5
2025-05-13T16:25:00+00:00,1039.0,79.77,350.9,13.74,338.1,16.7,546.0,0.0639,0.86,304.7,214.7,11.2
2025-05-13T16:26:00+00:00,1006.4,81.92,354.9,14.06,336.5,15.6,538.2,0.0558,0.87,304.7,214.7,13.6
2025-05-13T16:27:00+00:00,832.4,80.00,356.3,13.93,361.4,17.4,525.1,0.0553,0.93,304.7,214.7,11.5
2025-05-13T16:28:00+00:00,1068.8,77.48,360.5,13.85,348.2,17.2,563.9,0.0547,0.96,304.7,214.7,11.5
2025-05-13T16:29:00+00:00,877.1,78.12,350.0,13.81,326.0,15.1,559.6,0.0526,0.85,304.7,214.7,13.4
2025-05-13T16:30:00+00:00,836.0,79.79,358.1,13.70,338.8,16.3,525.1,0.0554,0.83,304.7,214.7,12.4
2025-05-13T16:31:00+00:00,899.7,78.60,354.8,13.68,333.4,16.7,670.2,0.0533,0.89,304.7,214.7,12.7
2025-05-13T16:32:00+00:00,1142.6,77.52,362.6,13.96,354.1,16.4,575.8,0.0635,0.98,304.7,214.7,13.1
2025-05-13T16:33:00+00:00,780.2,76.45,346.8,13.92,326.7,18.3,510.5,0.0530,0.92,304.7,214.7,13.9
2025-05-14T06:00:00+00:00,890.5,77.56,350.0,13.86,368.8,16.7,548.6,0.0514,0.70,246.7,156.7,4.7
2025-05-14T06:01:00+00:00,886.2,77.39,352.8,13.86,365.1,17.8,586.2,0.0551,0.68,246.7,156.7,5.8
2025-05-14T06:02:00+00:00,983.6,79.71,356.8,14.16,338.0,17.8,536.7,0.0519,0.71,246.7,156.7,6.7
2025-05-14T06:03:00+00:00,1041.7,77.69,356.6,13.93,345.1,15.4,560.8,0.0585,0.71,246.7,156.7,5.1
2025-05-14T06:04:00+00:00,683.8,80.49,359.2,13.78,347.6,17.1,588.9,0.0505,0.73,246.7,156.7,6.0
2025-05-14T06:05:00+00:00,1062.3,77.33,355.9,13.76,344.9,16.0,566.9,0.0584,0.76,246.7,156.7,5.3
2025-05-14T06:06:00+00:00,929.4,81.18,358.2,13.69,344.4,13.6,572.0,0.0520,0.76,246.7,156.7,5.8
2025-05-14T06:07:00+00:00,924.0,78.65,363.5,13.82,340.2,18.0,543.2,0.0524,0.80,246.7,156.7,4.6
2025-05-14T06:08:00+00:00,1039.1,78.43,357.2,13.67,349.7,16.6,609.0,0.0518,0.68,246.7,156.7,5.3
2025-05-14T06:09:00+00:00,922.4,80.22,361.2,13.91,340.5,17.6,552.1,0.0517,0.73,246.7,156.7,5.5
2025-05-14T06:10:00+00:00,1026.9,78.69,366.1,13.62,376.4,19.1,507.2,0.0526,0.77,246.7,156.7,6.3
2025-05-14T06:11:00+00:00,826.1,79.70,363.7,13.85,345.6,14.7,566.9,0.0539,0.75,246.7,156.7,3.9
2025-05-14T06:12:00+00:00,860.1,79.83,347.8,13.91,331.0,17.3,562.8,0.0513,0.73,246.7,156.7,5.9
2025-05-14T06:13:00+00:00,2069.7,80.88,344.7,13.59,383.4,16.0,577.6,0.0576,0.71,246.7,156.7,6.9
2025-05-14T06:14:00+00:00,2039.3,83.13,358.3,13.61,375.7,18.8,636.7,0.0584,0.75,246.7,156.7,6.4
2025-05-14T06:15:00+00:00,1966.2,84.08,352.2,13.67,380.8,15.3,567.6,0.0636,0.83,246.7,156.7,6.0
2025-05-14T06:16:00+00:00,2064.7,82.72,352.1,13.41,386.0,15.2,603.5,0.0627,0.70,246.7,156.7,6.0
2025-05-14T06:17:00+00:00,2094.2,82.32,352.1,13.84,364.4,16.0,529.9,0.0588,0.80,246.7,156.7,6.3
2025-05-14T06:18:00+00:00,1987.5,79.99,328.7,13.96,386.0,16.2,590.7,0.0633,0.69,246.7,156.7,5.0
2025-05-14T06:19:00+00:00,2058.5,82.42,353.5,14.03,379.8,16.8,634.7,0.0693,0.73,246.7,156.7,6.9
2025-05-14T06:20:00+00:00,1945.6,81.15,341.9,13.81,371.3,14.1,611.3,0.0573,0.74,246.7,156.7,5.7
2025-05-14T06:21:00+00:00,2111.4,82.07,354.0,13.60,390.4,17.2,613.9,0.0583,0.68,246.7,156.7,4.3
2025-05-14T06:22:00+00:00,2038.9,80.31,346.4,13.91,393.6,15.4,543.2,0.0571,0.66,246.7,156.7,5.0
2025-05-14T06:23:00+00:00,1888.4,84.65,356.8,13.65,407.4,18.7,570.1,0.0631,0.73,246.7,156.7,5.8
2025-05-14T06:24:00+00:00,2094.1,82.85,342.2,13.77,387.0,14.4,623.4,0.0619,0.75,246.7,156.7,5.0
2025-05-14T06:25:00+00:00,2055.7,82.20,345.5,13.96,372.9,19.5,567.7,0.0615,0.70,246.7,156.7,5.9
2025-05-14T06:26:00+00:00,2096.9,83.14,365.0,13.87,392.2,17.5,575.1,0.0615,0.75,246.7,156.7,5.3
2025-05-14T06:27:00+00:00,2078.6,81.65,338.8,13.82,376.5,17.0,530.8,0.0580,0.74,246.7,156.7,6.2
2025-05-14T06:28:00+00:00,2055.7,81.61,363.8,13.71,373.6,16.9,595.1,0.0578,0.73,246.7,156.7,5.7
2025-05-14T06:29:00+00:00,2126.6,80.74,340.5,14.05,386.2,15.8,667.2,0.0589,0.80,246.7,156.7,6.8
2025-05-14T06:30:00+00:00,1972.6,82.36,357.7,13.58,364.0,15.7,552.8,0.0621,0.79,246.7,156.7,6.5
2025-05-14T06:31:00+00:00,1946.4,82.30,344.5,13.97,364.0,16.8,557.4,0.0569,0.69,246.7,156.7,6.4
2025-05-14T06:32:00+00:00,2010.0,84.92,341.0,13.82,387.6,15.3,626.4,0.0577,0.76,246.7,156.7,5.3
2025-05-14T06:33:00+00:00,2166.1,81.77,339.6,13.79,385.2,20.2,625.3,0.0585,0.74,246.7,156.7,4.4
2025-05-14T06:34:00+00:00,1994.3,81.81,343.4,13.69,404.7,17.9,562.3,0.0566,0.64,246.7,156.7,6.6
2025-05-14T06:35:00+00:00,1905.1,80.36,344.8,13.52,385.9,18.3,611.1,0.0601,0.74,246.7,156.7,5.6
2025-05-14T06:36:00+00:00,2119.8,84.46,352.5,13.70,364.9,17.0,597.8,0.0585,0.77,246.7,156.7,6.2
2025-05-14T06:37:00+00:00,2082.3,81.17,344.1,13.69,399.7,16.7,597.5,0.0579,0.72,246.7,156.7,5.8
2025-05-14T06:38:00+00:00,1955.9,82.97,345.2,13.97,370.3,17.1,614.3,0.0578,0.78,246.7,156.7,7.3
2025-05-14T06:39:00+00:00,2016.1,79.28,339.1,13.59,365.4,18.6,616.3,0.0580,0.66,246.7,156.7,5.7
2025-05-14T06:40:00+00:00,2002.5,83.40,349.6,13.77,395.2,15.3,550.8,0.0575,0.72,246.7,156.7,6.4
2025-05-14T06:41:00+00:00,2111.8,80.78,348.4,13.74,374.1,18.8,619.8,0.0574,0.67,246.7,156.7,5.5
2025-05-14T06:42:00+00:00,2092.7,82.98,354.3,13.76,370.5,15.0,650.7,0.0631,0.73,246.7,156.7,6.1
2025-05-14T06:43:00+00:00,1961.0,82.64,361.4,14.00,388.0,19.1,615.7,0.0592,0.66,246.7,156.7,5.2
2025-05-14T06:44:00+00:00,2082.4,81.72,360.7,13.91,385.9,18.5,626.1,0.0634,0.75,246.7,156.7,4.7
2025-05-14T06:45:00+00:00,2083.4,80.27,343.7,13.79,385.7,15.7,589.3,0.0647,0.69,246.7,156.7,5.5
2025-05-14T06:46:00+00:00,1877.3,80.73,346.1,13.76,378.8,16.7,501.7,0.0565,0.71,246.7,156.7,4.4
2025-05-14T06:47:00+00:00,1965.3,81.53,370.6,13.85,369.9,15.7,546.0,0.0571,0.71,246.7,156.7,4.4
2025-05-14T06:48:00+00:00,2101.4,81.27,345.5,13.82,400.3,17.5,618.7,0.0588,0.81,246.7,156.7,5.2
2025-05-14T06:49:00+00:00,1961.4,82.59,352.2,13.92,372.9,16.6,595.3,0.0582,0.82,246.7,156.7,6.7
2025-05-14T06:50:00+00:00,1964.7,79.25,346.2,13.85,371.1,16.8,553.9,0.0642,0.78,246.7,156.7,6.8
2025-05-14T06:51:00+00:00,2157.7,84.98,339.3,13.61,387.4,15.4,598.5,0.0587,0.76,246.7,156.7,6.4
2025-05-14T06:52:00+00:00,1875.4,82.58,357.9,14.00,386.6,17.2,544.7,0.0629,0.74,246.7,156.7,6.1
2025-05-14T06:53:00+00:00,2146.8,85.66,350.1,13.83,373.5,18.5,637.7,0.0613,0.64,246.7,156.7,5.8
2025-05-14T06:54:00+00:00,2161.0,84.74,344.7,13.78,380.9,18.3,598.0,0.0610,0.79,246.7,156.7,5.2
2025-05-14T06:55:00+00:00,1841.3,80.04,355.9,14.24,353.2,15.5,595.6,0.0572,0.78,246.7,156.7,6.6
2025-05-14T06:56:00+00:00,1894.0,83.39,351.8,13.68,367.5,15.4,548.5,0.0582,0.66,246.7,156.7,6.7
2025-05-14T06:57:00+00:00,1963.7,83.12,348.1,13.86,397.3,19.1,657.5,0.0625,0.77,246.7,156.7,5.3
2025-05-14T06:58:00+00:00,2082.1,83.66,347.1,13.81,382.9,16.0,625.5,0.0574,0.69,246.7,156.7,6.8
2025-05-14T06:59:00+00:00,2142.0,83.54,360.0,13.92,395.8,17.5,582.0,0.0599,0.74,246.7,156.7,6.3
2025-05-14T07:00:00+00:00,1869.8,83.10,344.6,13.83,401.9,17.6,566.9,0.0570,0.75,246.7,156.7,4.0
2025-05-14T07:01:00+00:00,2082.8,82.59,358.2,13.56,395.5,17.8,586.9,0.0586,0.80,246.7,156.7,5.9
2025-05-14T07:02:00+00:00,1926.1,82.53,344.0,14.03,395.7,15.7,594.2,0.0576,0.79,246.7,156.7,5.7
2025-05-14T07:03:00+00:00,1946.9,81.60,356.4,13.66,400.7,14.4,646.5,0.0570,0.71,246.7,156.7,5.4
2025-05-14T07:04:00+00:00,1956.5,79.74,335.0,13.64,370.7,17.7,545.8,0.0568,0.68,246.7,156.7,5.0
2025-05-14T07:05:00+00:00,2055.9,82.94,357.5,13.79,380.0,18.7,602.3,0.0608,0.69,246.7,156.7,7.0
2025-05-14T07:06:00+00:00,2000.3,81.08,347.1,13.71,373.3,18.0,588.7,0.0567,0.64,246.7,156.7,4.9
2025-05-14T07:07:00+00:00,2064.6,79.53,347.2,14.20,390.8,18.6,630.9,0.0585,0.79,246.7,156.7,7.1
2025-05-14T07:08:00+00:00,2113.7,81.08,356.7,13.89,388.0,18.2,634.5,0.0611,0.76,246.7,156.7,3.8
2025-05-14T07:09:00+00:00,1982.6,80.40,337.3,13.77,373.8,16.1,598.6,0.0579,0.75,246.7,156.7,5.7
2025-05-14T07:10:00+00:00,2445.2,84.26,368.2,13.86,389.2,16.5,667.5,0.0595,0.70,246.7,156.7,5.5
2025-05-14T07:11:00+00:00,1820.1,80.91,340.4,13.77,360.8,14.7,644.2,0.0555,0.63,246.7,156.7,6.1
2025-05-14T07:12:00+00:00,2106.8,81.47,347.6,13.60,416.4,17.4,567.9,0.0585,0.76,246.7,156.7,6.9
2025-05-14T07:13:00+00:00,2436.2,82.23,340.2,13.89,383.7,15.9,612.1,0.0586,0.60,246.7,156.7,5.7
2025-05-14T07:14:00+00:00,2411.5,83.93,342.1,13.73,381.8,16.6,617.4,0.0621,0.70,246.7,156.7,5.9
2025-05-14T07:15:00+00:00,2011.2,83.12,356.1,13.97,386.2,18.0,587.5,0.0612,0.70,246.7,156.7,6.0
2025-05-14T07:16:00+00:00,2075.8,82.60,350.2,13.78,376.5,16.7,589.6,0.0624,0.67,246.7,156.7,5.9
2025-05-14T07:17:00+00:00,2201.0,83.54,337.1,13.95,383.8,17.7,634.5,0.0589,0.66,246.7,156.7,6.0
2025-05-14T07:18:00+00:00,1992.6,83.28,349.1,13.77,392.5,17.3,542.4,0.0574,0.73,246.7,156.7,6.7
2025-05-14T07:19:00+00:00,2510.9,82.57,344.2,13.85,404.4,18.7,674.9,0.0605,0.77,246.7,156.7,4.6
2025-05-14T07:20:00+00:00,2443.0,83.24,328.9,13.81,412.6,15.0,637.5,0.0632,0.67,246.7,156.7,6.3
2025-05-14T07:21:00+00:00,2485.2,84.43,340.7,13.84,406.3,17.1,610.4,0.0618,0.81,246.7,156.7,4.3
2025-05-14T07:22:00+00:00,2361.7,80.39,362.5,13.77,390.5,16.8,636.9,0.0616,0.67,246.7,156.7,6.1
2025-05-14T07:23:00+00:00,2205.8,81.97,354.3,13.70,413.9,18.3,576.6,0.0596,0.78,246.7,156.7,7.4
2025-05-14T07:24:00+00:00,2065.9,81.98,354.5,13.76,396.6,16.6,588.3,0.0657,0.61,246.7,156.7,6.5
2025-05-14T07:25:00+00:00,1994.8,85.50,347.4,13.98,388.1,16.2,558.2,0.0656,0.69,246.7,156.7,4.5
2025-05-14T07:26:00+00:00,1902.2,82.07,359.7,13.88,375.7,15.5,598.6,0.0610,0.66,246.7,156.7,7.1
2025-05-14T07:27:00+00:00,1810.0,84.59,350.4,13.70,376.6,15.1,613.9,0.0562,0.71,246.7,156.7,4.5
2025-05-14T07:28:00+00:00,2485.3,80.71,359.7,13.91,381.2,17.0,614.9,0.0599,0.72,246.7,156.7,6.8
2025-05-14T07:29:00+00:00,2497.3,83.03,343.9,13.82,395.3,17.4,657.9,0.0603,0.74,246.7,156.7,4.1
2025-05-14T07:30:00+00:00,1840.8,84.03,346.4,13.89,365.5,15.4,644.9,0.0563,0.68,246.7,156.7,6.2
2025-05-14T07:31:00+00:00,1901.1,85.31,339.9,13.94,380.6,17.6,562.2,0.0571,0.72,246.7,156.7,5.8
2025-05-14T07:32:00+00:00,1832.9,84.21,344.8,13.98,384.3,17.9,583.1,0.0595,0.74,246.7,156.7,4.9
2025-05-14T07:33:00+00:00,1975.3,82.57,364.5,13.64,388.8,17.7,616.9,0.0565,0.65,246.7,156.7,4.7
2025-05-14T07:34:00+00:00,2047.6,80.82,350.9,13.81,409.8,16.7,597.7,0.0625,0.69,246.7,156.7,7.2
2025-05-14T07:35:00+00:00,1870.7,83.90,348.5,13.67,379.1,17.4,591.0,0.0611,0.79,246.7,156.7,6.5
2025-05-14T07:36:00+00:00,1981.7,80.16,342.9,13.86,381.6,14.7,620.8,0.0572,0.72,246.7,156.7,5.6
2025-05-14T07:37:00+00:00,1971.3,83.66,354.8,13.76,355.0,16.7,574.7,0.0572,0.71,246.7,156.7,6.5
2025-05-14T07:38:00+00:00,1997.1,82.52,351.3,13.79,379.6,17.7,594.2,0.0606,0.72,246.7,156.7,5.7
2025-05-14T07:39:00+00:00,1983.1,83.22,346.5,13.78,389.4,18.0,552.4,0.0620,0.74,246.7,156.7,7.1
2025-05-14T07:40:00+00:00,1940.4,80.05,356.6,13.94,380.2,18.0,636.3,0.0564,0.66,246.7,156.7,5.7
2025-05-14T07:41:00+00:00,2060.6,84.08,362.5,13.90,393.7,19.1,600.5,0.0672,0.73,246.7,156.7,5.3
2025-05-14T07:42:00+00:00,1971.7,84.05,356.0,13.91,366.3,15.5,577.2,0.0575,0.75,246.7,156.7,6.9
2025-05-14T07:43:00+00:00,2017.4,86.00,352.1,13.88,384.4,14.0,585.4,0.0576,0.73,246.7,156.7,4.5
2025-05-14T07:44:00+00:00,2075.0,84.11,348.6,13.78,385.3,18.8,614.8,0.0584,0.78,246.7,156.7,4.6
2025-05-14T07:45:00+00:00,2160.1,82.97,342.3,13.75,403.9,16.6,571.3,0.0582,0.70,246.7,156.7,6.4
2025-05-14T07:46:00+00:00,1972.2,82.72,344.4,14.02,378.1,18.5,544.0,0.0574,0.73,246.7,156.7,3.0
2025-05-14T07:47:00+00:00,2004.8,83.80,358.7,13.87,379.6,17.8,647.6,0.0580,0.77,246.7,156.7,6.3
2025-05-14T07:48:00+00:00,1962.5,80.73,344.3,13.87,369.2,16.0,602.8,0.0569,0.70,246.7,156.7,7.4
2025-05-14T07:49:00+00:00,2005.0,81.07,344.0,13.65,372.7,14.9,591.1,0.0613,0.76,246.7,156.7,4.9
2025-05-14T07:50:00+00:00,1818.1,82.11,367.3,13.87,377.3,16.2,581.5,0.0568,0.74,246.7,156.7,5.4
2025-05-14T07:51:00+00:00,2137.7,85.99,335.2,14.06,384.4,17.8,650.9,0.0587,0.78,246.7,156.7,5.1
2025-05-14T07:52:00+00:00,1833.9,84.70,347.9,13.81,380.2,15.4,598.4,0.0555,0.62,246.7,156.7,6.8
2025-05-14T07:53:00+00:00,2053.3,82.04,358.2,13.86,414.9,18.2,614.2,0.0571,0.66,246.7,156.7,2.9
2025-05-14T07:54:00+00:00,1974.4,82.19,343.4,13.95,389.4,15.8,553.6,0.0610,0.80,246.7,156.7,5.1
2025-05-14T07:55:00+00:00,2060.7,82.66,352.8,13.73,362.4,15.9,592.7,0.0616,0.75,246.7,156.7,4.9
2025-05-14T07:56:00+00:00,1819.6,80.29,352.2,13.78,361.2,18.1,603.1,0.0572,0.74,246.7,156.7,5.7
2025-05-14T07:57:00+00:00,1851.5,78.68,344.5,13.93,370.9,17.2,540.2,0.0561,0.66,246.7,156.7,5.7
2025-05-14T07:58:00+00:00,2025.2,84.51,349.4,13.59,371.2,15.5,638.7,0.0609,0.87,246.7,156.7,5.8
2025-05-14T07:59:00+00:00,2017.8,80.29,344.5,13.84,365.1,14.9,666.4,0.0623,0.70,246.7,156.7,5.3
2025-05-14T08:00:00+00:00,1984.5,82.10,338.7,13.94,388.6,17.1,617.1,0.0586,0.65,246.7,156.7,6.2
2025-05-14T08:01:00+00:00,1996.8,81.53,346.5,13.75,383.2,18.5,545.7,0.0604,0.55,246.7,156.7,7.0
2025-05-14T08:02:00+00:00,2083.5,82.38,345.1,13.85,399.5,15.7,570.1,0.0596,0.75,246.7,156.7,4.7
2025-05-14T08:03:00+00:00,1922.5,81.95,345.0,13.63,390.9,17.9,651.6,0.0594,0.70,246.7,156.7,5.6
2025-05-14T08:04:00+00:00,2061.2,80.70,353.0,13.72,382.4,15.8,574.6,0.0582,0.76,246.7,156.7,5.8
2025-05-14T08:05:00+00:00,2230.5,83.46,348.3,13.51,399.7,17.0,684.9,0.0587,0.72,246.7,156.7,6.5
2025-05-14T08:06:00+00:00,1917.2,82.08,359.0,13.67,364.1,16.1,568.7,0.0563,0.66,246.7,156.7,5.3
2025-05-14T08:07:00+00:00,1887.9,80.93,342.4,13.69,395.4,17.4,677.1,0.0621,0.71,246.7,156.7,6.2
2025-05-14T08:08:00+00:00,2117.5,83.61,352.5,14.01,378.9,16.7,634.8,0.0577,0.70,246.7,156.7,4.9
2025-05-14T08:09:00+00:00,2385.5,82.43,342.2,13.71,379.9,15.5,681.5,0.0599,0.77,246.7,156.7,5.7
2025-05-14T08:10:00+00:00,1865.2,81.02,352.2,13.85,375.3,17.8,594.8,0.0563,0.67,246.7,156.7,5.7
2025-05-14T08:11:00+00:00,2188.0,83.37,355.3,13.70,368.2,17.0,586.0,0.0631,0.72,246.7,156.7,5.0
2025-05-14T08:12:00+00:00,1892.4,81.07,356.0,13.94,388.9,18.9,578.9,0.0644,0.68,246.7,156.7,7.6
2025-05-14T08:13:00+00:00,1942.0,84.33,349.9,13.80,400.7,16.2,519.5,0.0575,0.75,246.7,156.7,7.2
2025-05-14T08:14:00+00:00,2043.6,84.39,347.3,13.77,403.4,18.2,607.6,0.0575,0.68,246.7,156.7,5.9
2025-05-14T08:15:00+00:00,2154.9,82.93,346.5,13.64,392.3,14.4,607.7,0.0674,0.78,246.7,156.7,4.6
2025-05-14T08:16:00+00:00,1904.1,81.94,347.6,13.76,390.5,16.6,592.7,0.0570,0.72,246.7,156.7,7.1
2025-05-14T08:17:00+00:00,2048.0,84.82,347.0,13.66,384.2,14.0,649.2,0.0633,0.72,246.7,156.7,5.5
2025-05-14T08:18:00+00:00,2117.4,82.96,347.7,14.03,387.8,17.2,587.4,0.0640,0.76,246.7,156.7,3.6
2025-05-14T08:19:00+00:00,2101.6,83.36,344.5,13.60,389.4,15.5,641.2,0.0633,0.73,246.7,156.7,6.1
2025-05-14T08:20:00+00:00,2029.7,83.13,352.8,13.62,373.4,17.3,577.7,0.0591,0.78,246.7,156.7,6.4
2025-05-14T08:21:00+00:00,2126.5,82.07,343.5,13.81,367.2,18.1,556.9,0.0583,0.74,246.7,156.7,4.5
2025-05-14T08:22:00+00:00,2017.8,85.00,346.2,13.98,414.7,19.4,630.4,0.0571,0.65,246.7,156.7,6.3
2025-05-14T08:23:00+00:00,2239.1,80.07,346.6,13.59,394.2,17.7,626.1,0.0609,0.69,246.7,156.7,5.9
2025-05-14T08:24:00+00:00,1040.1,78.13,359.5,13.93,363.7,19.1,501.2,0.0575,0.73,246.7,156.7,5.3
2025-05-14T08:25:00+00:00,1006.1,76.17,347.8,13.65,346.4,18.3,605.1,0.0521,0.71,246.7,156.7,5.8
2025-05-14T08:26:00+00:00,906.1,79.13,361.3,13.58,331.6,17.7,607.5,0.0514,0.70,246.7,156.7,6.4
2025-05-14T08:27:00+00:00,950.9,82.86,366.8,13.64,342.8,17.4,522.6,0.0526,0.76,246.7,156.7,6.6
2025-05-14T08:28:00+00:00,992.4,77.21,356.1,13.63,350.8,17.7,602.0,0.0519,0.70,246.7,156.7,5.7
2025-05-14T08:29:00+00:00,960.9,76.84,351.4,14.11,333.7,15.7,503.7,0.0527,0.78,246.7,156.7,4.4
2025-05-14T08:30:00+00:00,1101.4,80.28,364.0,13.73,345.1,16.1,513.8,0.0533,0.74,246.7,156.7,5.8
2025-05-14T08:31:00+00:00,888.6,80.66,352.7,13.87,328.0,14.6,493.3,0.0548,0.71,246.7,156.7,6.9
2025-05-14T08:32:00+00:00,1000.9,76.91,364.1,13.81,350.3,15.7,564.4,0.0519,0.71,246.7,156.7,4.2
2025-05-14T08:33:00+00:00,1074.6,80.59,364.0,13.86,341.5,16.4,564.8,0.0522,0.69,246.7,156.7,6.5
2025-05-14T08:34:00+00:00,910.5,77.79,353.4,13.67,350.6,14.3,611.5,0.0531,0.70,246.7,156.7,5.8
2025-05-14T08:35:00+00:00,891.4,78.61,363.6,13.87,344.1,18.0,522.9,0.0513,0.70,246.7,156.7,5.1
2025-05-14T14:00:00+00:00,981.0,78.98,365.2,13.80,352.1,18.4,568.8,0.0516,0.69,246.7,156.7,4.3
2025-05-14T14:01:00+00:00,869.2,74.60,352.3,13.99,340.9,17.3,504.8,0.0510,0.69,246.7,156.7,4.8
2025-05-14T14:02:00+00:00,925.8,79.39,357.1,13.72,355.2,14.9,595.1,0.0516,0.70,246.7,156.7,7.0
2025-05-14T14:03:00+00:00,775.4,78.71,353.8,13.98,339.6,17.3,565.3,0.0506,0.69,246.7,156.7,5.0
2025-05-14T14:04:00+00:00,1041.6,81.56,352.7,13.92,359.0,14.4,542.3,0.0540,0.78,246.7,156.7,8.6
2025-05-14T14:05:00+00:00,889.6,79.75,360.8,13.74,342.7,18.8,539.5,0.0521,0.77,246.7,156.7,6.7
2025-05-14T14:06:00+00:00,972.4,79.06,360.9,13.60,381.2,16.2,634.4,0.0542,0.73,246.7,156.7,6.4
2025-05-14T14:07:00+00:00,1124.1,79.52,368.8,13.90,359.6,16.3,547.1,0.0521,0.66,246.7,156.7,3.8
2025-05-14T14:08:00+00:00,1073.5,79.73,353.8,13.71,342.1,16.8,474.1,0.0549,0.65,246.7,156.7,5.2
2025-05-14T14:09:00+00:00,692.8,78.79,367.0,13.81,331.9,15.0,624.4,0.0546,0.84,246.7,156.7,4.6
2025-05-14T14:10:00+00:00,809.3,79.26,342.3,13.94,358.7,16.3,535.9,0.0514,0.76,246.7,156.7,6.6
2025-05-14T14:11:00+00:00,835.3,79.80,365.2,13.76,345.2,15.4,610.3,0.0514,0.76,246.7,156.7,5.5
2025-05-14T14:12:00+00:00,1012.1,79.78,366.6,13.43,343.8,19.4,531.0,0.0523,0.72,246.7,156.7,6.1
2025-05-14T14:13:00+00:00,2062.9,81.64,352.5,13.85,370.9,14.9,621.8,0.0566,0.61,246.7,156.7,6.4
2025-05-14T14:14:00+00:00,2185.8,84.49,353.4,13.84,395.0,16.9,557.1,0.0590,0.78,246.7,156.7,6.9
2025-05-14T14:15:00+00:00,1793.4,82.08,351.6,13.93,388.0,14.5,555.8,0.0573,0.79,246.7,156.7,4.6
2025-05-14T14:16:00+00:00,2282.1,81.49,345.6,13.62,390.4,18.2,677.0,0.0586,0.68,246.7,156.7,6.0
2025-05-14T14:17:00+00:00,2069.5,82.27,352.0,13.90,381.9,14.9,657.5,0.0576,0.69,246.7,156.7,4.3
2025-05-14T14:18:00+00:00,2118.6,85.85,343.9,13.85,379.4,17.0,633.3,0.0600,0.75,246.7,156.7,5.7
2025-05-14T14:19:00+00:00,2031.1,83.32,347.3,13.79,367.2,18.8,589.1,0.0571,0.68,246.7,156.7,5.2
2025-05-14T14:20:00+00:00,2072.3,83.68,343.6,13.65,369.3,15.7,580.3,0.0605,0.73,246.7,156.7,5.3
2025-05-14T14:21:00+00:00,1806.1,81.87,354.4,13.94,354.4,19.8,584.0,0.0559,0.67,246.7,156.7,8.0
2025-05-14T14:22:00+00:00,1978.6,84.45,351.1,13.70,354.9,16.3,652.5,0.0592,0.74,246.7,156.7,6.6
2025-05-14T14:23:00+00:00,1977.3,83.30,352.5,13.46,384.6,15.4,584.0,0.0600,0.77,246.7,156.7,6.7
2025-05-14T14:24:00+00:00,2074.1,82.06,349.9,13.77,408.6,17.5,613.4,0.0583,0.61,246.7,156.7,6.0
2025-05-14T14:25:00+00:00,2043.4,81.16,342.6,13.66,393.4,17.8,587.9,0.0581,0.76,246.7,156.7,2.9
2025-05-14T14:26:00+00:00,1909.1,80.53,340.5,13.66,367.1,15.6,598.6,0.0575,0.78,246.7,156.7,4.5
2025-05-14T14:27:00+00:00,1903.2,81.66,347.3,14.10,368.2,17.4,568.0,0.0673,0.74,246.7,156.7,7.0
2025-05-14T14:28:00+00:00,2072.6,83.50,346.4,13.65,388.4,18.8,575.4,0.0566,0.60,246.7,156.7,6.3
2025-05-14T14:29:00+00:00,1926.2,82.88,344.8,13.89,376.1,13.1,642.5,0.0566,0.69,246.7,156.7,5.6
2025-05-14T14:30:00+00:00,1820.8,81.28,351.5,14.11,367.7,17.3,564.4,0.0589,0.82,246.7,156.7,6.0
2025-05-14T14:31:00+00:00,1971.7,80.78,334.8,13.52,380.0,17.7,649.9,0.0609,0.63,246.7,156.7,4.9
2025-05-14T14:32:00+00:00,2078.8,82.56,364.8,13.85,371.3,16.4,636.2,0.0626,0.78,246.7,156.7,4.9
2025-05-14T14:33:00+00:00,2278.9,84.57,358.2,13.88,364.7,18.0,630.0,0.0584,0.67,246.7,156.7,5.5
2025-05-14T14:34:00+00:00,2094.6,80.78,360.3,13.84,377.3,16.0,613.4,0.0580,0.73,246.7,156.7,5.3
2025-05-14T14:35:00+00:00,1804.0,79.78,354.5,13.63,385.8,16.4,610.3,0.0603,0.69,246.7,156.7,5.3
2025-05-14T14:36:00+00:00,2075.2,80.09,347.9,13.86,389.2,15.1,530.4,0.0576,0.70,246.7,156.7,4.7
2025-05-14T14:37:00+00:00,2106.6,82.12,345.1,13.92,393.8,18.5,622.7,0.0578,0.67,246.7,156.7,6.2
2025-05-14T14:38:00+00:00,1908.4,79.88,363.0,13.51,379.5,14.1,549.9,0.0572,0.59,246.7,156.7,4.7
2025-05-14T14:39:00+00:00,2061.0,84.69,354.6,13.55,392.9,16.8,580.7,0.0630,0.70,246.7,156.7,5.3
2025-05-14T14:40:00+00:00,2013.4,82.03,359.2,13.79,369.0,15.8,604.1,0.0630,0.74,246.7,156.7,4.6
2025-05-14T14:41:00+00:00,1799.6,81.26,350.4,13.86,359.2,18.8,640.8,0.0566,0.76,246.7,156.7,6.2
2025-05-14T14:42:00+00:00,1939.4,81.43,351.1,13.40,400.9,15.3,596.6,0.0614,0.65,246.7,156.7,6.6
2025-05-14T14:43:00+00:00,1985.4,81.04,347.2,13.66,408.5,18.8,626.9,0.0581,0.79,246.7,156.7,5.6
2025-05-14T14:44:00+00:00,1915.1,81.00,351.2,13.88,361.1,14.9,589.6,0.0614,0.66,246.7,156.7,6.0
2025-05-14T14:45:00+00:00,2266.4,84.92,350.1,13.95,362.0,16.0,629.0,0.0586,0.71,246.7,156.7,6.5
2025-05-14T14:46:00+00:00,1951.3,82.75,351.6,13.81,374.8,18.1,567.0,0.0696,0.66,246.7,156.7,5.1
2025-05-14T14:47:00+00:00,2061.7,79.84,347.1,13.63,368.9,21.4,547.4,0.0604,0.69,246.7,156.7,6.0
2025-05-14T14:48:00+00:00,1867.5,83.21,358.7,13.92,367.4,15.3,531.0,0.0603,0.75,246.7,156.7,5.7
2025-05-14T14:49:00+00:00,1869.0,81.49,351.2,13.72,371.5,16.2,609.8,0.0592,0.70,246.7,156.7,6.3
2025-05-14T14:50:00+00:00,2038.9,80.57,339.3,14.02,374.8,13.6,556.7,0.0580,0.74,246.7,156.7,7.1
2025-05-14T14:51:00+00:00,2006.2,80.28,349.4,13.72,400.2,17.3,655.9,0.0571,0.69,246.7,156.7,7.7
2025-05-14T14:52:00+00:00,1996.9,82.44,356.9,13.50,390.8,21.0,617.4,0.0567,0.66,246.7,156.7,3.6
2025-05-14T14:53:00+00:00,1946.2,83.05,338.2,14.00,362.7,20.0,626.1,0.0572,0.71,246.7,156.7,6.1
2025-05-14T14:54:00+00:00,2110.4,82.21,346.0,13.79,373.7,16.3,617.0,0.0576,0.67,246.7,156.7,6.3
2025-05-14T14:55:00+00:00,2100.7,79.98,343.6,13.96,396.3,18.0,598.9,0.0576,0.69,246.7,156.7,5.7
2025-05-14T14:56:00+00:00,2037.1,81.76,373.5,13.91,385.9,16.4,564.0,0.0574,0.70,246.7,156.7,6.8
2025-05-14T14:57:00+00:00,1858.8,81.37,342.9,14.24,388.5,17.1,561.0,0.0602,0.74,246.7,156.7,6.6
2025-05-14T14:58:00+00:00,1827.9,83.84,350.0,13.53,359.3,16.7,552.0,0.0562,0.68,246.7,156.7,5.4
2025-05-14T14:59:00+00:00,1950.8,82.00,344.2,13.66,404.0,17.7,638.2,0.0567,0.68,246.7,156.7,3.2
2025-05-14T15:00:00+00:00,1853.0,80.00,356.4,14.08,368.4,14.4,604.0,0.0556,0.63,246.7,156.7,4.2
2025-05-14T15:01:00+00:00,2111.4,79.73,345.5,13.80,386.5,15.2,669.4,0.0578,0.69,246.7,156.7,5.5
2025-05-14T15:02:00+00:00,2035.9,84.59,356.2,13.62,394.7,19.7,593.5,0.0698,0.65,246.7,156.7,5.6
2025-05-14T15:03:00+00:00,2513.9,85.24,335.6,13.88,392.7,17.8,634.1,0.0616,0.69,246.7,156.7,5.8
2025-05-14T15:04:00+00:00,1992.8,83.28,365.7,13.85,373.1,17.1,628.2,0.0594,0.81,246.7,156.7,6.1
2025-05-14T15:05:00+00:00,1875.4,82.06,352.4,13.98,382.1,13.5,563.7,0.0592,0.71,246.7,156.7,6.7
2025-05-14T15:06:00+00:00,2029.5,81.39,357.1,13.50,393.5,14.5,625.4,0.0577,0.73,246.7,156.7,3.8
2025-05-14T15:07:00+00:00,1961.6,80.53,340.0,13.83,375.3,18.2,584.8,0.0620,0.73,246.7,156.7,5.8
2025-05-14T15:08:00+00:00,1844.5,82.04,338.4,13.80,386.7,14.4,579.0,0.0565,0.71,246.7,156.7,4.9
2025-05-14T15:09:00+00:00,2116.9,81.03,346.6,13.64,393.1,16.8,591.3,0.0635,0.71,246.7,156.7,3.8
2025-05-14T15:10:00+00:00,2022.5,80.46,344.1,13.80,376.0,15.8,583.8,0.0594,0.80,246.7,156.7,5.9
2025-05-14T15:11:00+00:00,1928.3,80.93,354.1,13.88,404.6,14.0,554.5,0.0580,0.70,246.7,156.7,5.0
2025-05-14T15:12:00+00:00,2111.8,82.72,351.6,13.84,363.2,18.4,547.4,0.0588,0.80,246.7,156.7,5.9
2025-05-14T15:13:00+00:00,2144.5,82.83,342.5,13.97,391.0,17.7,600.1,0.0581,0.72,246.7,156.7,7.2
2025-05-14T15:14:00+00:00,1856.8,82.75,350.7,13.96,359.1,15.8,655.6,0.0589,0.63,246.7,156.7,6.7
2025-05-14T15:15:00+00:00,2071.5,83.35,338.3,13.80,381.9,14.7,597.1,0.0637,0.69,246.7,156.7,5.3
2025-05-14T15:16:00+00:00,2190.0,82.83,352.9,13.47,369.7,16.1,624.2,0.0638,0.73,246.7,156.7,5.7
2025-05-14T15:17:00+00:00,2144.4,83.45,341.7,13.73,389.4,16.9,619.7,0.0649,0.75,246.7,156.7,5.1
2025-05-14T15:18:00+00:00,2532.5,83.78,338.8,13.86,403.6,15.0,633.1,0.0595,0.64,246.7,156.7,6.6
2025-05-14T15:19:00+00:00,2423.2,84.49,356.0,13.88,377.4,16.1,574.3,0.0609,0.72,246.7,156.7,4.2
2025-05-14T15:20:00+00:00,1966.2,82.82,350.0,13.93,367.2,18.5,575.0,0.0585,0.76,246.7,156.7,4.7
2025-05-14T15:21:00+00:00,2018.6,82.15,349.3,13.70,398.7,17.8,542.4,0.0681,0.77,246.7,156.7,5.2
2025-05-14T15:22:00+00:00,2464.1,84.06,336.9,13.66,408.9,17.7,620.3,0.0588,0.61,246.7,156.7,5.6
2025-05-14T15:23:00+00:00,1999.1,83.78,353.3,13.94,380.4,17.0,644.9,0.0572,0.70,246.7,156.7,6.3
2025-05-14T15:24:00+00:00,1942.6,84.80,345.1,13.82,363.5,16.9,622.0,0.0578,0.78,246.7,156.7,6.7
2025-05-14T15:25:00+00:00,1954.6,80.49,342.5,13.98,405.2,16.1,599.2,0.0571,0.72,246.7,156.7,5.6
2025-05-14T15:26:00+00:00,1842.3,82.77,343.9,13.78,380.5,19.9,545.5,0.0607,0.80,246.7,156.7,5.5
2025-05-14T15:27:00+00:00,1909.8,83.67,352.1,13.85,392.7,15.9,616.8,0.0560,0.63,246.7,156.7,5.4
2025-05-14T15:28:00+00:00,1983.0,80.80,356.4,13.97,377.6,18.9,614.3,0.0656,0.72,246.7,156.7,4.8
2025-05-14T15:29:00+00:00,1948.7,81.29,347.1,13.81,379.4,16.8,550.1,0.0567,0.67,246.7,156.7,5.8
2025-05-14T15:30:00+00:00,2024.9,81.63,345.6,13.82,383.0,19.7,614.0,0.0572,0.69,246.7,156.7,3.5
2025-05-14T15:31:00+00:00,2069.5,80.30,346.7,13.57,385.1,16.2,625.4,0.0585,0.74,246.7,156.7,5.3
2025-05-14T15:32:00+00:00,2472.9,82.53,353.1,13.79,396.6,15.7,651.6,0.0599,0.71,246.7,156.7,6.0
2025-05-14T15:33:00+00:00,2070.7,83.14,347.9,13.75,386.7,18.3,623.9,0.0571,0.65,246.7,156.7,4.3
2025-05-14T15:34:00+00:00,2140.0,82.40,343.8,13.76,387.2,19.5,604.1,0.0591,0.69,246.7,156.7,7.3
2025-05-14T15:35:00+00:00,2005.6,80.47,349.3,13.46,389.4,19.9,635.5,0.0616,0.80,246.7,156.7,5.7
2025-05-14T15:36:00+00:00,1980.2,80.74,367.3,13.97,383.7,16.7,576.6,0.0576,0.76,246.7,156.7,3.8
2025-05-14T15:37:00+00:00,1990.0,83.69,351.0,13.81,376.1,17.1,614.8,0.0571,0.68,246.7,156.7,6.7
2025-05-14T15:38:00+00:00,2058.1,79.04,369.0,13.57,389.3,16.7,584.0,0.0575,0.71,246.7,156.7,6.5
2025-05-14T15:39:00+00:00,1866.4,83.35,344.5,13.71,374.6,16.9,587.1,0.0662,0.77,246.7,156.7,7.2
2025-05-14T15:40:00+00:00,2040.9,84.50,353.6,13.84,381.5,16.6,531.7,0.0585,0.81,246.7,156.7,5.1
2025-05-14T15:41:00+00:00,1911.6,81.18,344.9,13.44,395.5,18.1,610.3,0.0599,0.70,246.7,156.7,4.8
2025-05-14T15:42:00+00:00,1930.1,82.32,347.2,13.84,379.4,17.0,604.6,0.0576,0.78,246.7,156.7,5.2
2025-05-14T15:43:00+00:00,2099.2,83.81,357.4,13.85,399.8,16.0,599.9,0.0580,0.72,246.7,156.7,5.4
2025-05-14T15:44:00+00:00,1969.9,82.50,353.5,13.80,368.0,16.0,599.5,0.0618,0.72,246.7,156.7,6.0
2025-05-14T15:45:00+00:00,1953.6,82.22,357.7,13.85,388.9,15.1,589.6,0.0573,0.73,246.7,156.7,4.3
2025-05-14T15:46:00+00:00,2002.1,82.36,355.0,13.78,393.0,18.7,616.3,0.0623,0.73,246.7,156.7,6.4
2025-05-14T15:47:00+00:00,1986.3,81.88,332.8,13.72,391.6,17.7,642.2,0.0577,0.64,246.7,156.7,6.5
2025-05-14T15:48:00+00:00,2157.4,86.19,356.3,13.65,388.2,17.7,618.3,0.0661,0.71,246.7,156.7,6.2
2025-05-14T15:49:00+00:00,1920.8,81.72,344.7,13.78,388.6,17.5,588.6,0.0568,0.70,246.7,156.7,4.5
2025-05-14T15:50:00+00:00,2160.7,82.74,333.3,13.69,379.1,17.7,618.7,0.0587,0.76,246.7,156.7,5.4
2025-05-14T15:51:00+00:00,1942.4,81.42,347.4,14.00,371.9,17.1,640.8,0.0570,0.69,246.7,156.7,6.3
2025-05-14T15:52:00+00:00,2030.5,79.96,351.3,13.87,371.3,16.1,647.7,0.0574,0.71,246.7,156.7,5.7
2025-05-14T15:53:00+00:00,2180.8,83.45,337.5,13.73,386.4,15.8,596.3,0.0628,0.70,246.7,156.7,5.2
2025-05-14T15:54:00+00:00,1816.3,80.21,360.6,13.93,362.4,16.5,563.6,0.0645,0.71,246.7,156.7,6.4
2025-05-14T15:55:00+00:00,1868.6,83.64,369.0,13.68,367.1,16.4,590.3,0.0582,0.75,246.7,156.7,7.4
2025-05-14T15:56:00+00:00,2038.6,80.56,353.2,13.76,384.9,19.1,612.1,0.0577,0.74,246.7,156.7,4.6
2025-05-14T15:57:00+00:00,1943.5,82.56,356.4,13.76,373.4,16.0,605.5,0.0578,0.78,246.7,156.7,4.8
2025-05-14T15:58:00+00:00,2111.9,82.98,345.2,13.61,400.4,16.5,590.7,0.0579,0.72,246.7,156.7,3.6
2025-05-14T15:59:00+00:00,2070.8,83.34,348.9,13.88,408.7,16.7,631.5,0.0588,0.74,246.7,156.7,5.9
2025-05-14T16:00:00+00:00,1870.6,81.03,364.3,13.72,388.7,18.4,620.8,0.0596,0.73,246.7,156.7,4.0
2025-05-14T16:01:00+00:00,1964.8,84.33,345.2,13.84,358.5,17.6,568.0,0.0574,0.70,246.7,156.7,6.8
2025-05-14T16:02:00+00:00,2063.8,82.10,353.6,13.80,372.0,16.9,602.4,0.0575,0.70,246.7,156.7,5.3
2025-05-14T16:03:00+00:00,1939.9,81.57,343.5,13.85,367.2,15.2,671.0,0.0594,0.68,246.7,156.7,5.7
2025-05-14T16:04:00+00:00,2111.4,84.43,345.9,13.60,384.2,17.1,627.4,0.0573,0.66,246.7,156.7,5.7
2025-05-14T16:05:00+00:00,2074.4,81.32,347.7,13.88,370.6,17.1,610.2,0.0656,0.72,246.7,156.7,3.9
2025-05-14T16:06:00+00:00,2164.0,82.47,348.4,13.81,368.2,17.3,615.0,0.0584,0.74,246.7,156.7,4.9
2025-05-14T16:07:00+00:00,1891.9,82.28,352.7,13.58,393.3,15.5,608.3,0.0582,0.77,246.7,156.7,6.3
2025-05-14T16:08:00+00:00,2166.4,83.22,337.0,13.77,367.9,18.4,666.2,0.0631,0.77,246.7,156.7,5.4
2025-05-14T16:09:00+00:00,1900.8,79.27,353.5,13.72,383.2,15.4,619.7,0.0567,0.70,246.7,156.7,5.9
2025-05-14T16:10:00+00:00,1925.0,79.15,351.5,13.85,351.4,16.4,610.1,0.0574,0.76,246.7,156.7,5.8
2025-05-14T16:11:00+00:00,2090.1,82.87,330.7,13.90,388.6,16.9,560.6,0.0620,0.79,246.7,156.7,6.5
2025-05-14T16:12:00+00:00,2121.4,81.97,356.0,13.63,377.2,17.8,594.3,0.0580,0.73,246.7,156.7,3.5
2025-05-14T16:13:00+00:00,2027.9,81.01,342.5,13.81,379.3,15.6,643.3,0.0584,0.78,246.7,156.7,6.3
2025-05-14T16:14:00+00:00,2213.6,81.97,349.7,13.98,393.6,16.3,638.4,0.0574,0.61,246.7,156.7,5.4
2025-05-14T16:15:00+00:00,2099.1,81.96,345.7,13.79,380.4,18.3,502.0,0.0583,0.76,246.7,156.7,6.7
2025-05-14T16:16:00+00:00,2088.5,82.41,339.7,13.85,389.1,16.7,591.6,0.0581,0.63,246.7,156.7,7.7
2025-05-14T16:17:00+00:00,2150.2,81.94,350.6,13.60,401.8,16.8,611.2,0.0584,0.74,246.7,156.7,7.2
2025-05-14T16:18:00+00:00,1915.0,83.44,357.1,13.80,382.1,14.3,599.2,0.0580,0.81,246.7,156.7,3.5
2025-05-14T16:19:00+00:00,1919.9,84.08,346.2,13.74,355.4,15.9,557.3,0.0568,0.71,246.7,156.7,5.2
2025-05-14T16:20:00+00:00,1899.3,81.74,352.0,13.56,388.1,17.6,662.0,0.0566,0.64,246.7,156.7,6.0
2025-05-14T16:21:00+00:00,1908.3,83.38,357.5,13.74,369.4,19.1,555.5,0.0574,0.77,246.7,156.7,4.9
2025-05-14T16:22:00+00:00,1899.1,82.50,364.8,13.31,356.7,17.1,574.1,0.0560,0.62,246.7,156.7,7.4
2025-05-14T16:23:00+00:00,1990.3,80.36,344.7,13.65,366.9,16.2,670.2,0.0624,0.71,246.7,156.7,5.7
2025-05-14T16:24:00+00:00,984.4,77.96,363.6,14.08,367.0,15.3,602.2,0.0586,0.69,246.7,156.7,5.2
2025-05-14T16:25:00+00:00,1075.3,79.91,355.3,13.90,340.1,16.1,592.8,0.0550,0.72,246.7,156.7,6.4
2025-05-14T16:26:00+00:00,964.1,82.07,355.1,14.21,379.2,17.9,613.0,0.0523,0.77,246.7,156.7,4.3
2025-05-14T16:27:00+00:00,898.4,76.52,369.1,13.81,362.3,16.2,570.0,0.0511,0.67,246.7,156.7,5.7
2025-05-14T16:28:00+00:00,941.2,81.30,368.4,13.75,355.0,15.2,588.3,0.0524,0.78,246.7,156.7,7.7
2025-05-14T16:29:00+00:00,1008.9,80.95,366.0,13.88,339.8,15.8,571.3,0.0520,0.71,246.7,156.7,6.1
2025-05-14T16:30:00+00:00,997.7,79.22,372.3,13.70,348.7,15.5,507.0,0.0513,0.63,246.7,156.7,5.2
2025-05-14T16:31:00+00:00,944.8,79.56,361.2,13.74,354.3,17.1,528.9,0.0518,0.72,246.7,156.7,4.7
2025-05-14T16:32:00+00:00,1057.8,80.32,359.8,13.79,350.3,18.1,597.7,0.0555,0.78,246.7,156.7,4.1
2025-05-14T16:33:00+00:00,780.2,75.81,351.0,13.95,356.9,15.5,504.3,0.0528,0.68,246.7,156.7,6.1
2025-05-14T16:34:00+00:00,967.3,80.13,352.6,13.97,336.6,17.0,503.5,0.0511,0.65,246.7,156.7,6.7
2025-05-14T16:35:00+00:00,1010.0,77.28,358.2,13.49,344.3,15.4,578.8,0.0645,0.78,246.7,156.7,4.2
2025-05-15T06:00:00+00:00,1062.6,76.11,357.6,13.83,345.0,15.8,577.8,0.0470,0.19,98.2,188.2,4.4
2025-05-15T06:01:00+00:00,1109.1,78.97,355.3,13.78,345.3,18.4,539.9,0.0505,0.28,98.2,188.2,4.0
2025-05-15T06:02:00+00:00,930.8,77.71,360.3,13.73,364.1,15.1,524.8,0.0467,0.22,98.2,188.2,4.5
2025-05-15T06:03:00+00:00,990.4,76.20,353.2,13.85,341.5,15.1,521.9,0.0469,0.22,98.2,188.2,2.8
2025-05-15T06:04:00+00:00,910.3,77.36,350.0,13.80,343.9,19.7,550.3,0.0467,0.23,98.2,188.2,1.8
2025-05-15T06:05:00+00:00,860.1,77.56,354.0,13.91,339.9,18.6,522.2,0.0518,0.13,98.2,188.2,4.0
2025-05-15T06:06:00+00:00,1020.1,77.86,353.2,13.82,351.8,15.6,547.4,0.0476,0.26,98.2,188.2,3.4
2025-05-15T06:07:00+00:00,1057.8,79.04,356.7,13.70,320.6,16.8,536.8,0.0480,0.28,98.2,188.2,3.4
2025-05-15T06:08:00+00:00,881.4,78.92,368.1,13.96,347.8,13.6,569.6,0.0459,0.16,98.2,188.2,3.2
2025-05-15T06:09:00+00:00,1055.9,77.75,348.9,13.73,339.8,16.5,522.7,0.0481,0.21,98.2,188.2,3.2
2025-05-15T06:10:00+00:00,772.5,76.18,360.2,13.93,344.4,16.7,557.7,0.0466,0.24,98.2,188.2,3.6
2025-05-15T06:11:00+00:00,1012.5,75.60,349.3,14.18,359.9,17.2,543.6,0.0522,0.25,98.2,188.2,3.7
2025-05-15T06:12:00+00:00,1114.9,81.77,354.2,13.87,377.5,17.8,499.6,0.0479,0.24,98.2,188.2,4.5
2025-05-15T06:13:00+00:00,2021.7,79.37,339.1,13.72,377.6,16.5,609.4,0.0553,0.27,98.2,188.2,2.7
2025-05-15T06:14:00+00:00,2084.9,84.04,349.7,13.72,369.9,15.8,648.4,0.0566,0.28,98.2,188.2,4.0
2025-05-15T06:15:00+00:00,1895.2,81.38,354.4,14.03,373.9,18.3,581.8,0.0520,0.23,98.2,188.2,1.5
2025-05-15T06:16:00+00:00,1939.1,82.59,336.8,13.80,385.5,16.0,589.7,0.0569,0.28,98.2,188.2,2.5
2025-05-15T06:17:00+00:00,1777.3,81.16,355.5,13.77,367.3,20.4,623.2,0.0511,0.20,98.2,188.2,2.5
2025-05-15T06:18:00+00:00,2111.2,82.13,345.4,14.06,381.8,16.7,586.4,0.0533,0.22,98.2,188.2,4.8
2025-05-15T06:19:00+00:00,2061.8,81.30,353.4,13.92,382.7,16.3,586.4,0.0641,0.25,98.2,188.2,2.1
2025-05-15T06:20:00+00:00,1974.1,82.61,352.5,13.66,398.2,16.9,630.8,0.0524,0.24,98.2,188.2,2.4
2025-05-15T06:21:00+00:00,2048.3,82.67,337.4,13.95,383.5,19.3,635.4,0.0582,0.22,98.2,188.2,3.8
2025-05-15T06:22:00+00:00,2154.5,83.92,348.5,13.87,376.8,15.7,580.4,0.0574,0.18,98.2,188.2,4.6
2025-05-15T06:23:00+00:00,2150.0,83.69,342.3,13.76,385.3,16.2,575.7,0.0523,0.13,98.2,188.2,4.8
2025-05-15T06:24:00+00:00,1913.6,81.87,355.5,13.81,379.4,16.4,572.1,0.0585,0.28,98.2,188.2,1.2
2025-05-15T06:25:00+00:00,2063.2,82.17,363.3,13.59,375.6,18.8,634.5,0.0579,0.19,98.2,188.2,1.5
2025-05-15T06:26:00+00:00,1730.3,81.45,358.4,13.81,381.6,17.4,624.9,0.0514,0.25,98.2,188.2,3.5
2025-05-15T06:27:00+00:00,1956.0,81.76,343.4,13.95,377.0,17.0,651.3,0.0523,0.23,98.2,188.2,4.5
2025-05-15T06:28:00+00:00,1965.5,84.17,359.6,14.00,386.8,16.9,618.7,0.0521,0.21,98.2,188.2,3.1
2025-05-15T06:29:00+00:00,2069.6,84.57,344.7,13.93,386.6,14.8,591.2,0.0646,0.22,98.2,188.2,3.0
2025-05-15T06:30:00+00:00,1877.9,83.26,353.6,13.75,368.1,14.3,574.3,0.0518,0.22,98.2,188.2,2.9
2025-05-15T06:31:00+00:00,1785.6,81.35,368.2,13.73,417.4,17.2,585.6,0.0525,0.34,98.2,188.2,3.0
2025-05-15T06:32:00+00:00,2003.0,85.74,336.8,13.69,377.9,14.6,615.9,0.0610,0.17,98.2,188.2,2.6
2025-05-15T06:33:00+00:00,1925.9,81.61,349.7,13.68,372.8,16.6,595.6,0.0512,0.13,98.2,188.2,2.4
2025-05-15T06:34:00+00:00,1926.8,80.41,355.8,13.64,360.0,18.5,587.2,0.0517,0.20,98.2,188.2,1.6
2025-05-15T06:35:00+00:00,1903.9,79.34,349.4,13.42,392.3,18.5,615.4,0.0522,0.20,98.2,188.2,3.6
2025-05-15T06:36:00+00:00,1986.3,82.47,345.3,13.76,365.0,17.3,595.2,0.0523,0.13,98.2,188.2,3.7
2025-05-15T06:37:00+00:00,2077.0,82.32,328.5,13.82,374.1,17.0,591.7,0.0540,0.33,98.2,188.2,2.4
2025-05-15T06:38:00+00:00,1706.5,85.08,343.9,13.62,393.1,15.6,553.0,0.0508,0.22,98.2,188.2,2.9
2025-05-15T06:39:00+00:00,2071.3,80.30,351.7,13.81,385.8,17.9,578.2,0.0632,0.27,98.2,188.2,4.1
2025-05-15T06:40:00+00:00,2049.5,80.39,347.7,13.76,384.0,15.9,623.8,0.0560,0.20,98.2,188.2,1.7
2025-05-15T06:41:00+00:00,2116.2,85.09,353.2,13.76,375.6,18.4,632.8,0.0527,0.18,98.2,188.2,2.2
2025-05-15T06:42:00+00:00,2134.5,82.87,355.1,13.57,393.3,15.2,619.2,0.0589,0.22,98.2,188.2,2.5
2025-05-15T06:43:00+00:00,2036.1,80.20,351.5,13.79,380.4,16.1,570.1,0.0524,0.21,98.2,188.2,5.8
2025-05-15T06:44:00+00:00,1927.4,79.40,359.4,13.68,383.3,17.7,647.0,0.0554,0.15,98.2,188.2,2.7
2025-05-15T06:45:00+00:00,2010.8,81.95,353.4,13.76,382.1,17.2,587.1,0.0518,0.16,98.2,188.2,1.7
2025-05-15T06:46:00+00:00,2107.0,81.33,342.2,13.95,392.0,16.8,611.7,0.0535,0.27,98.2,188.2,0.5
2025-05-15T06:47:00+00:00,2193.8,81.57,345.0,13.84,390.0,16.2,597.2,0.0527,0.14,98.2,188.2,3.5
2025-05-15T06:48:00+00:00,1964.2,81.49,347.6,13.53,389.8,15.4,583.1,0.0525,0.23,98.2,188.2,3.0
2025-05-15T06:49:00+00:00,2185.8,84.23,342.9,13.87,388.5,16.8,650.7,0.0562,0.21,98.2,188.2,3.9
2025-05-15T06:50:00+00:00,2053.8,80.70,344.1,13.79,392.3,15.3,645.6,0.0539,0.18,98.2,188.2,2.9
2025-05-15T06:51:00+00:00,2011.0,82.24,339.4,13.89,355.9,17.6,576.6,0.0546,0.28,98.2,188.2,2.9
2025-05-15T06:52:00+00:00,2055.9,80.79,352.3,13.54,394.7,15.1,588.0,0.0541,0.20,98.2,188.2,3.1
2025-05-15T06:53:00+00:00,2201.7,82.02,338.8,13.72,396.3,16.4,608.9,0.0559,0.24,98.2,188.2,2.9
2025-05-15T06:54:00+00:00,2095.5,83.39,355.7,13.61,359.3,17.7,607.9,0.0549,0.24,98.2,188.2,2.0
2025-05-15T06:55:00+00:00,1782.8,80.77,360.7,13.84,366.0,18.2,552.4,0.0551,0.12,98.2,188.2,2.2
2025-05-15T06:56:00+00:00,2176.0,82.91,371.3,13.98,397.6,17.0,562.4,0.0599,0.31,98.2,188.2,2.2
2025-05-15T06:57:00+00:00,1958.4,82.06,331.3,13.62,363.6,14.6,604.1,0.0516,0.18,98.2,188.2,4.7
2025-05-15T06:58:00+00:00,1970.9,84.24,352.3,13.66,368.7,14.8,573.3,0.0544,0.26,98.2,188.2,3.9
2025-05-15T06:59:00+00:00,2032.7,81.32,352.9,13.95,371.2,17.3,582.7,0.0522,0.19,98.2,188.2,2.3
2025-05-15T07:00:00+00:00,1925.1,81.11,344.0,13.76,375.4,14.8,564.0,0.0559,0.13,98.2,188.2,4.6
2025-05-15T07:01:00+00:00,1808.0,81.45,362.1,13.77,377.5,16.4,568.4,0.0574,0.21,98.2,188.2,3.3
2025-05-15T07:02:00+00:00,2012.4,82.49,341.2,13.82,372.6,18.3,606.2,0.0554,0.19,98.2,188.2,5.4
2025-05-15T07:03:00+00:00,1862.7,80.78,348.7,13.84,372.2,15.9,597.5,0.0534,0.17,98.2,188.2,3.2
2025-05-15T07:04:00+00:00,2027.7,78.95,351.3,13.97,366.3,18.1,570.0,0.0524,0.20,98.2,188.2,2.4
2025-05-15T07:05:00+00:00,2112.4,84.95,349.6,13.84,392.9,17.5,604.0,0.0532,0.24,98.2,188.2,1.6
2025-05-15T07:06:00+00:00,1814.0,82.09,346.5,13.84,366.8,16.1,619.0,0.0517,0.24,98.2,188.2,2.2
2025-05-15T07:07:00+00:00,2262.3,85.68,344.9,13.90,396.9,16.9,664.6,0.0557,0.13,98.2,188.2,2.3
2025-05-15T07:08:00+00:00,2201.8,83.14,349.4,13.79,395.1,16.0,587.9,0.0572,0.11,98.2,188.2,4.2
2025-05-15T07:09:00+00:00,1887.5,82.31,366.4,13.84,383.1,15.2,592.4,0.0514,0.17,98.2,188.2,3.6
2025-05-15T07:10:00+00:00,2248.8,83.43,350.5,13.45,395.2,17.5,589.0,0.0562,0.25,98.2,188.2,4.1
2025-05-15T07:11:00+00:00,2060.0,82.18,338.7,13.77,366.7,17.6,605.1,0.0530,0.24,98.2,188.2,3.8
2025-05-15T07:12:00+00:00,1994.4,81.34,358.8,13.71,391.8,16.0,574.2,0.0519,0.18,98.2,188.2,1.6
2025-05-15T07:13:00+00:00,2056.5,78.82,358.9,13.71,368.5,15.5,643.1,0.0521,0.18,98.2,188.2,3.1
2025-05-15T07:14:00+00:00,1938.7,81.76,352.9,14.03,376.7,16.5,619.5,0.0542,0.27,98.2,188.2,2.3
2025-05-15T07:15:00+00:00,2037.7,82.00,347.7,13.78,392.3,14.8,556.9,0.0529,0.25,98.2,188.2,3.9
2025-05-15T07:16:00+00:00,2029.8,80.22,352.4,13.66,384.4,15.3,588.2,0.0522,0.10,98.2,188.2,3.8
2025-05-15T07:17:00+00:00,1881.4,81.74,348.9,13.88,374.5,16.2,561.5,0.0554,0.32,98.2,188.2,3.1
2025-05-15T07:18:00+00:00,2256.6,83.32,347.7,13.70,376.8,14.4,663.6,0.0540,0.25,98.2,188.2,3.6
2025-05-15T07:19:00+00:00,2006.2,80.75,351.8,13.89,401.3,15.2,580.8,0.0532,0.30,98.2,188.2,4.4
2025-05-15T07:20:00+00:00,1861.4,81.11,335.5,13.70,377.3,13.7,562.3,0.0518,0.24,98.2,188.2,3.1
2025-05-15T07:21:00+00:00,2465.0,86.44,346.1,13.82,399.0,18.0,585.9,0.0560,0.34,98.2,188.2,2.2
2025-05-15T07:22:00+00:00,2133.2,81.69,355.5,13.66,407.5,15.5,599.9,0.0536,0.27,98.2,188.2,1.8
2025-05-15T07:23:00+00:00,2095.3,82.90,342.3,13.90,398.8,19.5,641.6,0.0615,0.32,98.2,188.2,3.3
2025-05-15T07:24:00+00:00,2093.1,82.43,349.7,13.80,411.9,18.7,636.9,0.0520,0.15,98.2,188.2,3.7
2025-05-15T07:25:00+00:00,2067.0,82.61,356.4,13.84,380.2,21.7,607.5,0.0593,0.20,98.2,188.2,1.6
2025-05-15T07:26:00+00:00,1939.0,84.28,343.8,14.06,373.9,17.5,647.7,0.0549,0.20,98.2,188.2,2.6
2025-05-15T07:27:00+00:00,2142.3,82.29,342.1,14.17,383.8,14.9,620.1,0.0536,0.26,98.2,188.2,1.5
2025-05-15T07:28:00+00:00,2045.5,80.34,338.4,13.97,385.9,17.1,634.0,0.0525,0.20,98.2,188.2,3.3
2025-05-15T07:29:00+00:00,2039.5,80.21,342.8,14.02,372.7,19.7,632.0,0.0523,0.18,98.2,188.2,2.9
2025-05-15T07:30:00+00:00,2178.6,81.96,343.3,13.62,406.5,17.6,639.5,0.0606,0.10,98.2,188.2,3.3
2025-05-15T07:31:00+00:00,2002.7,80.87,343.8,14.12,380.4,17.9,584.8,0.0524,0.24,98.2,188.2,3.2
2025-05-15T07:32:00+00:00,2175.7,84.45,343.6,13.60,419.3,18.3,578.0,0.0536,0.26,98.2,188.2,1.4
2025-05-15T07:33:00+00:00,1927.2,82.35,357.2,13.94,373.9,17.6,627.0,0.0520,0.21,98.2,188.2,3.0
2025-05-15T07:34:00+00:00,2108.5,79.83,341.7,13.81,388.1,19.1,537.7,0.0550,0.13,98.2,188.2,4.6
2025-05-15T07:35:00+00:00,2069.7,80.89,340.4,13.94,400.9,17.7,579.3,0.0598,0.18,98.2,188.2,3.8
2025-05-15T07:36:00+00:00,1814.9,84.40,353.9,13.77,376.7,14.0,546.0,0.0511,0.18,98.2,188.2,1.0
2025-05-15T07:37:00+00:00,2047.3,80.66,343.8,13.88,378.6,18.7,628.2,0.0639,0.27,98.2,188.2,3.1
2025-05-15T07:38:00+00:00,2053.5,80.39,334.9,13.73,376.2,16.2,618.9,0.0540,0.20,98.2,188.2,2.1
2025-05-15T07:39:00+00:00,2037.6,82.79,364.8,14.01,383.8,15.8,605.7,0.0526,0.22,98.2,188.2,4.9
2025-05-15T07:40:00+00:00,1893.6,82.08,343.5,13.77,380.7,20.4,578.8,0.0515,0.19,98.2,188.2,3.6
2025-05-15T07:41:00+00:00,1902.3,80.66,354.4,13.91,373.9,18.3,577.6,0.0520,0.24,98.2,188.2,2.7
2025-05-15T07:42:00+00:00,1900.5,82.78,358.6,13.94,377.2,18.8,507.8,0.0564,0.21,98.2,188.2,3.2
2025-05-15T07:43:00+00:00,2003.0,82.67,348.1,13.80,357.9,19.1,591.3,0.0564,0.22,98.2,188.2,2.7
2025-05-15T07:44:00+00:00,2146.6,83.33,335.8,13.90,381.8,19.4,630.4,0.0533,0.23,98.2,188.2,3.8
2025-05-15T07:45:00+00:00,2142.9,81.59,343.8,13.85,384.1,17.3,565.3,0.0602,0.21,98.2,188.2,3.7
2025-05-15T07:46:00+00:00,1970.3,80.36,349.5,13.72,380.7,16.5,585.7,0.0550,0.30,98.2,188.2,4.0
2025-05-15T07:47:00+00:00,1936.9,82.47,361.3,13.79,368.1,15.2,591.3,0.0534,0.16,98.2,188.2,3.5
2025-05-15T07:48:00+00:00,2135.8,82.63,347.6,13.47,388.4,17.2,570.4,0.0535,0.20,98.2,188.2,2.9
2025-05-15T07:49:00+00:00,2037.3,83.56,339.2,13.79,401.0,19.1,602.8,0.0535,0.30,98.2,188.2,1.8
2025-05-15T07:50:00+00:00,2059.3,82.67,360.0,13.77,404.8,18.6,596.7,0.0524,0.15,98.2,188.2,4.8
2025-05-15T07:51:00+00:00,1906.4,82.09,354.0,14.05,367.0,16.4,585.6,0.0542,0.24,98.2,188.2,0.7
2025-05-15T07:52:00+00:00,2090.4,84.84,351.7,13.50,377.8,16.5,581.5,0.0523,0.18,98.2,188.2,3.6
2025-05-15T07:53:00+00:00,1882.3,83.44,339.3,13.75,357.4,17.8,601.1,0.0511,0.16,98.2,188.2,2.7
2025-05-15T07:54:00+00:00,1736.2,81.42,349.8,13.85,394.8,15.3,626.2,0.0550,0.20,98.2,188.2,2.3
2025-05-15T07:55:00+00:00,1876.1,82.66,348.8,13.80,390.7,16.5,578.0,0.0532,0.18,98.2,188.2,3.5
2025-05-15T07:56:00+00:00,2017.8,80.64,341.0,13.60,387.1,15.2,582.6,0.0564,0.22,98.2,188.2,4.5
2025-05-15T07:57:00+00:00,1940.5,81.73,342.7,13.62,394.0,17.1,623.1,0.0520,0.21,98.2,188.2,4.0
2025-05-15T07:58:00+00:00,1785.6,81.65,365.8,13.89,338.6,16.4,588.5,0.0507,0.17,98.2,188.2,3.3
2025-05-15T07:59:00+00:00,1852.0,80.94,358.6,13.67,402.4,16.8,563.8,0.0514,0.19,98.2,188.2,3.0
2025-05-15T08:00:00+00:00,1825.6,82.02,354.1,13.60,394.6,18.3,602.5,0.0522,0.29,98.2,188.2,3.3
2025-05-15T08:01:00+00:00,2022.9,82.82,340.3,14.15,358.5,15.6,614.0,0.0578,0.31,98.2,188.2,3.4
2025-05-15T08:02:00+00:00,1978.5,87.14,350.7,13.76,369.4,13.8,606.0,0.0607,0.17,98.2,188.2,3.4
2025-05-15T08:03:00+00:00,1973.9,78.83,351.0,13.72,384.6,15.4,573.7,0.0523,0.21,98.2,188.2,4.2
2025-05-15T08:04:00+00:00,2049.0,82.10,351.2,14.07,373.7,16.7,621.0,0.0546,0.29,98.2,188.2,2.5
2025-05-15T08:05:00+00:00,1902.3,82.41,364.6,13.75,384.4,19.2,556.3,0.0514,0.16,98.2,188.2,3.3
2025-05-15T08:06:00+00:00,2023.4,82.21,344.9,13.96,380.1,16.8,576.3,0.0611,0.21,98.2,188.2,0.8
2025-05-15T08:07:00+00:00,1966.5,83.53,352.8,13.82,375.7,15.2,581.6,0.0603,0.21,98.2,188.2,2.7
2025-05-15T08:08:00+00:00,1864.9,81.16,351.1,13.40,368.3,16.5,674.3,0.0555,0.26,98.2,188.2,2.8
2025-05-15T08:09:00+00:00,2226.3,83.81,352.9,13.77,393.5,16.7,647.9,0.0531,0.16,98.2,188.2,2.3
2025-05-15T08:10:00+00:00,1897.7,81.58,355.6,13.82,366.2,17.0,570.3,0.0538,0.18,98.2,188.2,3.6
2025-05-15T08:11:00+00:00,2048.6,83.75,353.5,13.91,397.0,19.3,569.3,0.0522,0.19,98.2,188.2,2.6
2025-05-15T08:12:00+00:00,2155.5,84.62,340.1,14.04,409.1,17.3,654.2,0.0549,0.25,98.2,188.2,3.3
2025-05-15T08:13:00+00:00,1990.9,82.76,334.2,13.79,402.0,16.0,630.6,0.0531,0.21,98.2,188.2,4.6
2025-05-15T08:14:00+00:00,2187.0,82.75,335.6,13.91,393.4,15.8,600.3,0.0534,0.22,98.2,188.2,2.5
2025-05-15T08:15:00+00:00,2165.8,79.99,348.4,13.99,367.5,15.5,601.4,0.0536,0.24,98.2,188.2,3.7
2025-05-15T08:16:00+00:00,1756.0,80.67,352.3,13.72,373.7,17.1,611.8,0.0514,0.25,98.2,188.2,2.9
2025-05-15T08:17:00+00:00,2241.8,83.39,334.9,13.75,374.5,14.7,650.0,0.0569,0.16,98.2,188.2,2.2
2025-05-15T08:18:00+00:00,2186.7,83.40,346.5,14.09,370.5,15.4,632.9,0.0580,0.22,98.2,188.2,3.0
2025-05-15T08:19:00+00:00,1869.9,82.23,365.2,13.45,369.8,19.9,539.5,0.0532,0.20,98.2,188.2,4.1
2025-05-15T08:20:00+00:00,1992.2,83.30,351.7,13.76,382.3,15.5,584.8,0.0520,0.17,98.2,188.2,3.1
2025-05-15T08:21:00+00:00,1948.7,80.80,337.3,13.82,375.4,17.9,602.7,0.0557,0.29,98.2,188.2,4.6
2025-05-15T08:22:00+00:00,929.9,77.96,354.2,13.66,339.8,17.6,488.2,0.0589,0.33,98.2,188.2,2.0
2025-05-15T08:23:00+00:00,1030.9,76.65,354.8,13.93,348.0,15.7,611.3,0.0471,0.21,98.2,188.2,3.4
2025-05-15T08:24:00+00:00,985.6,77.17,364.8,13.77,354.6,17.1,599.3,0.0545,0.17,98.2,188.2,2.2
2025-05-15T08:25:00+00:00,1009.5,79.16,360.7,13.82,365.2,15.2,559.7,0.0467,0.18,98.2,188.2,4.0
2025-05-15T08:26:00+00:00,892.1,77.87,345.5,13.71,333.8,15.6,580.8,0.0457,0.16,98.2,188.2,3.4
2025-05-15T08:27:00+00:00,1110.9,80.89,354.9,14.03,347.1,14.5,534.2,0.0477,0.23,98.2,188.2,3.2
2025-05-15T08:28:00+00:00,1070.8,78.28,352.5,13.84,342.4,16.0,480.9,0.0479,0.25,98.2,188.2,3.0
2025-05-15T08:29:00+00:00,796.2,78.35,363.9,13.81,332.6,20.4,545.3,0.0457,0.19,98.2,188.2,1.7
2025-05-15T08:30:00+00:00,1162.0,79.10,347.2,13.91,349.4,16.3,556.5,0.0469,0.13,98.2,188.2,2.5
2025-05-15T08:31:00+00:00,945.8,81.86,360.0,13.60,360.6,17.5,526.3,0.0507,0.25,98.2,188.2,2.8
2025-05-15T08:32:00+00:00,1031.7,80.38,350.5,13.77,356.1,14.6,543.2,0.0611,0.16,98.2,188.2,2.8
2025-05-15T08:33:00+00:00,954.8,79.10,363.0,13.83,334.2,16.6,579.8,0.0466,0.21,98.2,188.2,3.5
2025-05-15T14:00:00+00:00,876.2,79.50,355.4,13.91,355.4,16.1,560.9,0.0466,0.23,98.2,188.2,3.9
2025-05-15T14:01:00+00:00,895.5,76.82,357.2,13.74,355.6,16.3,551.7,0.0463,0.21,98.2,188.2,1.5
2025-05-15T14:02:00+00:00,1089.3,79.87,353.4,13.83,350.8,13.6,487.8,0.0463,0.10,98.2,188.2,1.7
2025-05-15T14:03:00+00:00,856.9,79.96,362.9,13.66,345.4,15.1,574.5,0.0469,0.28,98.2,188.2,1.5
2025-05-15T14:04:00+00:00,923.4,78.01,353.2,13.56,346.0,17.9,565.1,0.0460,0.14,98.2,188.2,3.9
2025-05-15T14:05:00+00:00,1028.6,79.43,370.0,13.73,342.6,16.4,530.1,0.0478,0.15,98.2,188.2,3.7
2025-05-15T14:06:00+00:00,952.1,79.09,351.8,13.93,357.2,16.6,537.3,0.0467,0.21,98.2,188.2,3.4
2025-05-15T14:07:00+00:00,1016.3,79.91,339.4,13.45,349.3,14.8,554.9,0.0472,0.22,98.2,188.2,2.3
2025-05-15T14:08:00+00:00,947.8,80.32,357.7,13.82,358.7,18.2,489.4,0.0521,0.19,98.2,188.2,4.5
2025-05-15T14:09:00+00:00,952.5,77.05,363.5,13.86,351.2,18.6,536.6,0.0458,0.12,98.2,188.2,1.3
2025-05-15T14:10:00+00:00,992.0,77.46,359.6,13.86,321.0,17.2,615.6,0.0464,0.16,98.2,188.2,3.3
2025-05-15T14:11:00+00:00,926.3,76.87,363.4,13.58,351.7,18.3,552.1,0.0468,0.24,98.2,188.2,2.6
2025-05-15T14:12:00+00:00,1058.4,80.56,352.7,13.70,342.4,16.9,575.5,0.0470,0.19,98.2,188.2,3.4
2025-05-15T14:13:00+00:00,1021.4,80.59,359.6,13.56,361.4,16.5,514.7,0.0465,0.14,98.2,188.2,1.9
2025-05-15T14:14:00+00:00,1836.1,78.39,374.7,13.66,377.9,17.1,578.3,0.0592,0.24,98.2,188.2,3.1
2025-05-15T14:15:00+00:00,2069.1,79.46,343.7,13.96,396.5,17.1,563.5,0.0529,0.23,98.2,188.2,4.5
2025-05-15T14:16:00+00:00,1988.0,82.44,347.4,13.88,365.7,19.1,593.1,0.0517,0.15,98.2,188.2,4.0
2025-05-15T14:17:00+00:00,2110.1,83.22,347.4,13.90,400.1,15.0,654.4,0.0609,0.25,98.2,188.2,3.8
2025-05-15T14:18:00+00:00,2043.6,79.02,354.4,13.80,398.4,17.1,526.3,0.0527,0.24,98.2,188.2,5.4
2025-05-15T14:19:00+00:00,1784.3,82.43,355.4,13.72,374.0,19.2,583.9,0.0555,0.22,98.2,188.2,4.2
2025-05-15T14:20:00+00:00,2239.7,83.12,357.6,13.66,361.1,17.1,625.7,0.0534,0.20,98.2,188.2,4.3
2025-05-15T14:21:00+00:00,2173.9,83.89,352.5,13.82,379.8,19.1,613.8,0.0567,0.23,98.2,188.2,3.0
2025-05-15T14:22:00+00:00,2171.9,79.51,341.9,13.79,388.9,18.3,574.0,0.0529,0.18,98.2,188.2,1.8
2025-05-15T14:23:00+00:00,2107.4,83.36,341.9,13.81,380.7,18.2,606.9,0.0530,0.23,98.2,188.2,4.1
2025-05-15T14:24:00+00:00,2140.8,81.31,352.9,13.74,389.4,19.0,640.4,0.0583,0.15,98.2,188.2,0.6
2025-05-15T14:25:00+00:00,2000.1,82.83,349.6,14.03,376.6,14.2,564.2,0.0579,0.20,98.2,188.2,2.7
2025-05-15T14:26:00+00:00,1918.3,80.67,352.6,13.75,394.7,16.8,607.3,0.0527,0.27,98.2,188.2,2.5
2025-05-15T14:27:00+00:00,2056.7,83.09,347.6,14.01,385.4,18.2,570.6,0.0570,0.23,98.2,188.2,0.9
2025-05-15T14:28:00+00:00,1884.8,78.84,346.2,13.90,392.7,15.3,607.4,0.0519,0.23,98.2,188.2,2.7
2025-05-15T14:29:00+00:00,2129.3,82.40,345.8,13.54,389.9,17.0,675.8,0.0524,0.15,98.2,188.2,3.3
2025-05-15T14:30:00+00:00,1956.6,82.03,350.8,13.76,364.5,15.7,615.2,0.0587,0.21,98.2,188.2,1.7
2025-05-15T14:31:00+00:00,2012.7,82.21,345.3,13.75,388.7,19.4,620.9,0.0600,0.31,98.2,188.2,4.4
2025-05-15T14:32:00+00:00,2060.2,85.00,352.9,13.61,395.8,14.6,613.1,0.0533,0.17,98.2,188.2,3.5
2025-05-15T14:33:00+00:00,2038.8,81.93,348.6,13.72,390.7,17.1,621.9,0.0523,0.19,98.2,188.2,3.1
2025-05-15T14:34:00+00:00,2089.8,83.18,346.8,13.91,392.5,14.4,632.5,0.0539,0.17,98.2,188.2,2.4
2025-05-15T14:35:00+00:00,1780.4,85.08,345.8,13.98,351.0,19.2,500.1,0.0640,0.21,98.2,188.2,3.0
2025-05-15T14:36:00+00:00,1992.8,83.24,349.7,13.66,403.4,17.5,607.3,0.0525,0.23,98.2,188.2,2.3
2025-05-15T14:37:00+00:00,1891.4,81.70,349.9,13.56,386.7,17.6,598.4,0.0516,0.20,98.2,188.2,3.1
2025-05-15T14:38:00+00:00,1910.1,79.38,339.2,13.72,353.1,17.0,629.7,0.0564,0.23,98.2,188.2,2.4
2025-05-15T14:39:00+00:00,2098.7,82.15,340.8,13.83,404.3,15.2,620.9,0.0525,0.16,98.2,188.2,3.9
2025-05-15T14:40:00+00:00,2157.1,85.64,356.1,13.83,391.0,16.7,642.7,0.0524,0.14,98.2,188.2,3.5
2025-05-15T14:41:00+00:00,2047.4,79.32,366.6,13.77,399.0,16.8,605.3,0.0533,0.23,98.2,188.2,1.2
2025-05-15T14:42:00+00:00,2193.0,82.02,330.3,13.65,395.2,16.2,625.0,0.0531,0.18,98.2,188.2,2.0
2025-05-15T14:43:00+00:00,2106.0,81.51,335.4,13.84,356.4,16.7,593.3,0.0522,0.15,98.2,188.2,3.9
2025-05-15T14:44:00+00:00,1911.4,83.90,347.1,13.76,348.3,19.2,604.2,0.0517,0.19,98.2,188.2,4.5
2025-05-15T14:45:00+00:00,2081.3,81.47,364.9,13.78,379.1,13.9,576.7,0.0561,0.12,98.2,188.2,1.3
2025-05-15T14:46:00+00:00,1727.4,79.31,346.1,13.86,391.7,17.4,611.8,0.0564,0.17,98.2,188.2,3.0
2025-05-15T14:47:00+00:00,2202.8,80.82,350.3,13.81,375.7,17.3,610.9,0.0539,0.27,98.2,188.2,3.4
2025-05-15T14:48:00+00:00,2136.3,83.97,359.2,13.77,397.2,15.4,641.0,0.0533,0.23,98.2,188.2,2.3
2025-05-15T14:49:00+00:00,1856.6,80.82,350.0,13.72,371.4,16.6,596.8,0.0523,0.28,98.2,188.2,2.7
2025-05-15T14:50:00+00:00,1959.8,82.10,356.8,13.63,373.2,19.4,641.8,0.0531,0.31,98.2,188.2,1.8
2025-05-15T14:51:00+00:00,1942.7,81.00,346.3,13.69,366.2,17.3,601.1,0.0546,0.20,98.2,188.2,2.8
2025-05-15T14:52:00+00:00,2037.6,83.57,337.6,13.83,383.2,14.7,560.7,0.0523,0.19,98.2,188.2,3.4
2025-05-15T14:53:00+00:00,1907.4,84.44,346.5,14.04,372.3,16.6,613.7,0.0519,0.21,98.2,188.2,0.8
2025-05-15T14:54:00+00:00,1995.8,81.61,351.9,13.91,383.4,18.2,656.7,0.0534,0.25,98.2,188.2,4.0
2025-05-15T14:55:00+00:00,1967.9,81.67,360.6,13.67,352.5,16.2,603.9,0.0564,0.30,98.2,188.2,5.2
2025-05-15T14:56:00+00:00,1946.5,84.40,347.3,14.08,392.1,17.2,593.4,0.0587,0.24,98.2,188.2,4.0
2025-05-15T14:57:00+00:00,2213.5,81.43,348.8,13.71,413.0,15.1,586.3,0.0531,0.18,98.2,188.2,4.5
2025-05-15T14:58:00+00:00,1957.9,80.07,340.4,13.51,369.7,16.5,590.6,0.0560,0.24,98.2,188.2,1.8
2025-05-15T14:59:00+00:00,1912.7,82.61,350.4,13.71,378.6,14.6,630.1,0.0575,0.16,98.2,188.2,2.8
2025-05-15T15:00:00+00:00,1858.3,82.71,345.7,13.96,349.7,18.4,578.7,0.0521,0.26,98.2,188.2,2.8
2025-05-15T15:01:00+00:00,2098.1,81.93,348.5,13.92,383.1,18.3,613.1,0.0579,0.25,98.2,188.2,2.6
2025-05-15T15:02:00+00:00,1926.8,83.75,353.0,13.65,370.8,12.0,591.6,0.0521,0.23,98.2,188.2,5.4
2025-05-15T15:03:00+00:00,2186.1,82.69,367.2,13.80,383.9,17.5,553.9,0.0542,0.22,98.2,188.2,1.7
2025-05-15T15:04:00+00:00,2088.3,85.31,354.9,14.00,393.1,17.4,621.5,0.0543,0.18,98.2,188.2,2.8
2025-05-15T15:05:00+00:00,1975.9,82.28,353.1,13.64,378.3,17.1,557.2,0.0533,0.26,98.2,188.2,3.5
2025-05-15T15:06:00+00:00,2080.0,82.62,366.3,13.93,378.3,18.4,636.5,0.0524,0.18,98.2,188.2,3.0
2025-05-15T15:07:00+00:00,2007.6,83.33,347.7,13.79,353.9,16.2,513.5,0.0546,0.25,98.2,188.2,3.2
2025-05-15T15:08:00+00:00,2054.8,83.50,354.4,13.77,383.8,16.6,587.7,0.0523,0.18,98.2,188.2,3.5
2025-05-15T15:09:00+00:00,1962.4,82.16,346.4,13.68,365.6,15.3,588.2,0.0526,0.17,98.2,188.2,4.1
2025-05-15T15:10:00+00:00,2063.3,81.55,350.7,13.63,386.5,13.1,632.5,0.0585,0.24,98.2,188.2,1.8
2025-05-15T15:11:00+00:00,1807.9,82.48,345.8,13.78,362.9,16.7,616.8,0.0535,0.18,98.2,188.2,3.1
2025-05-15T15:12:00+00:00,1961.9,84.16,342.2,13.86,369.0,19.8,549.1,0.0559,0.24,98.2,188.2,3.8
2025-05-15T15:13:00+00:00,1913.7,81.82,354.4,13.58,374.0,17.9,618.5,0.0598,0.22,98.2,188.2,4.1
2025-05-15T15:14:00+00:00,2432.0,85.43,331.6,13.60,376.3,15.2,646.4,0.0545,0.19,98.2,188.2,4.2
2025-05-15T15:15:00+00:00,2060.5,81.69,348.4,13.94,403.6,15.9,566.8,0.0531,0.19,98.2,188.2,1.0
2025-05-15T15:16:00+00:00,1995.6,82.58,356.6,13.91,392.2,15.6,573.0,0.0522,0.20,98.2,188.2,4.0
2025-05-15T15:17:00+00:00,2020.7,85.82,366.2,13.95,344.8,17.7,618.2,0.0557,0.22,98.2,188.2,4.3
2025-05-15T15:18:00+00:00,2057.2,82.68,335.7,13.84,379.3,17.6,592.6,0.0524,0.18,98.2,188.2,2.2
2025-05-15T15:19:00+00:00,2493.1,85.46,347.6,13.86,410.5,19.1,684.0,0.0564,0.11,98.2,188.2,4.4
2025-05-15T15:20:00+00:00,1924.3,80.12,343.0,13.89,377.1,16.8,597.4,0.0575,0.28,98.2,188.2,2.8
2025-05-15T15:21:00+00:00,2064.3,82.58,353.9,13.68,384.1,17.5,618.2,0.0551,0.14,98.2,188.2,2.6
2025-05-15T15:22:00+00:00,2430.0,82.07,351.6,13.82,384.7,18.9,568.5,0.0551,0.25,98.2,188.2,2.6
2025-05-15T15:23:00+00:00,2485.4,82.99,342.9,13.69,383.9,18.3,671.1,0.0544,0.18,98.2,188.2,0.8
2025-05-15T15:24:00+00:00,2108.3,83.97,353.7,13.93,371.8,17.1,552.9,0.0539,0.32,98.2,188.2,4.3
2025-05-15T15:25:00+00:00,2393.1,83.38,343.1,13.74,393.0,18.2,621.4,0.0543,0.19,98.2,188.2,3.3
2025-05-15T15:26:00+00:00,2429.0,84.55,355.0,13.82,409.0,16.9,658.7,0.0541,0.16,98.2,188.2,3.5
2025-05-15T15:27:00+00:00,2083.9,81.57,358.4,13.90,384.3,15.0,599.4,0.0530,0.23,98.2,188.2,4.5
2025-05-15T15:28:00+00:00,2436.1,83.43,353.0,13.56,403.9,14.7,592.3,0.0540,0.14,98.2,188.2,3.4
2025-05-15T15:29:00+00:00,1959.5,80.98,351.6,14.03,357.5,15.7,589.3,0.0519,0.19,98.2,188.2,2.9
2025-05-15T15:30:00+00:00,1982.3,80.19,341.3,13.71,366.6,18.9,590.4,0.0517,0.16,98.2,188.2,0.8
2025-05-15T15:31:00+00:00,2087.7,82.99,352.4,13.93,391.2,17.8,636.0,0.0525,0.18,98.2,188.2,4.6
2025-05-15T15:32:00+00:00,2421.0,84.03,354.3,13.81,372.0,17.7,601.0,0.0553,0.26,98.2,188.2,3.9
2025-05-15T15:33:00+00:00,1952.9,80.65,354.2,13.84,397.7,16.0,613.1,0.0563,0.24,98.2,188.2,6.3
2025-05-15T15:34:00+00:00,2472.6,82.22,350.4,13.82,392.3,15.5,570.8,0.0609,0.21,98.2,188.2,2.4
2025-05-15T15:35:00+00:00,2424.5,84.03,363.0,13.88,407.8,16.4,619.5,0.0555,0.31,98.2,188.2,3.4
2025-05-15T15:36:00+00:00,2033.3,82.51,336.0,13.65,380.1,16.7,552.8,0.0519,0.16,98.2,188.2,4.9
2025-05-15T15:37:00+00:00,2002.2,82.37,341.8,13.75,387.0,15.8,621.2,0.0600,0.22,98.2,188.2,2.2
2025-05-15T15:38:00+00:00,2010.0,81.47,342.8,13.58,373.7,19.3,601.3,0.0523,0.19,98.2,188.2,1.9
2025-05-15T15:39:00+00:00,1945.0,82.61,346.6,14.04,390.4,17.2,517.6,0.0525,0.25,98.2,188.2,3.2
2025-05-15T15:40:00+00:00,2423.1,84.00,344.8,13.70,413.3,18.9,646.9,0.0551,0.22,98.2,188.2,2.9
2025-05-15T15:41:00+00:00,2040.9,79.45,349.8,13.83,384.6,14.7,634.0,0.0551,0.20,98.2,188.2,4.1
2025-05-15T15:42:00+00:00,1863.3,85.14,360.5,14.08,362.3,18.9,575.6,0.0535,0.23,98.2,188.2,3.9
2025-05-15T15:43:00+00:00,2088.4,80.70,347.8,13.81,365.3,17.8,555.6,0.0547,0.25,98.2,188.2,3.7
2025-05-15T15:44:00+00:00,2018.5,83.72,338.1,13.67,386.3,16.4,603.0,0.0568,0.15,98.2,188.2,2.6
2025-05-15T15:45:00+00:00,1991.4,82.02,348.2,13.75,397.3,16.8,614.5,0.0517,0.16,98.2,188.2,1.8
2025-05-15T15:46:00+00:00,2005.9,81.54,351.8,13.75,375.1,15.9,561.4,0.0518,0.16,98.2,188.2,4.2
2025-05-15T15:47:00+00:00,2199.0,84.29,338.2,13.71,410.9,16.4,668.6,0.0528,0.17,98.2,188.2,1.3
2025-05-15T15:48:00+00:00,2102.3,82.85,345.7,14.11,387.1,15.1,606.3,0.0553,0.24,98.2,188.2,3.2
2025-05-15T15:49:00+00:00,2145.3,80.89,345.2,13.69,384.6,15.7,650.0,0.0536,0.26,98.2,188.2,2.8
2025-05-15T15:50:00+00:00,1926.6,83.81,347.5,14.14,386.3,18.0,603.5,0.0535,0.15,98.2,188.2,4.1
2025-05-15T15:51:00+00:00,1828.7,82.40,345.2,14.08,384.3,16.8,528.2,0.0540,0.20,98.2,188.2,3.4
2025-05-15T15:52:00+00:00,1907.3,81.58,345.8,13.74,392.5,18.1,560.0,0.0538,0.21,98.2,188.2,3.5
2025-05-15T15:53:00+00:00,1891.9,81.15,341.3,14.07,354.2,16.3,552.9,0.0523,0.27,98.2,188.2,1.0
2025-05-15T15:54:00+00:00,2116.5,83.22,347.3,13.65,370.9,17.1,602.4,0.0525,0.17,98.2,188.2,2.3
2025-05-15T15:55:00+00:00,2052.6,80.53,347.8,13.72,391.5,20.5,637.9,0.0624,0.30,98.2,188.2,3.2
2025-05-15T15:56:00+00:00,2014.4,85.33,340.8,13.58,364.8,17.5,558.1,0.0518,0.14,98.2,188.2,3.7
2025-05-15T15:57:00+00:00,2056.7,82.43,350.5,13.82,378.2,16.1,596.0,0.0525,0.19,98.2,188.2,3.2
2025-05-15T15:58:00+00:00,2066.9,82.45,337.1,13.58,383.5,19.3,619.1,0.0560,0.19,98.2,188.2,3.4
2025-05-15T15:59:00+00:00,1822.3,80.47,351.8,13.75,376.1,17.4,524.2,0.0514,0.22,98.2,188.2,2.7
2025-05-15T16:00:00+00:00,2104.0,83.07,356.7,13.60,394.4,15.7,538.7,0.0535,0.28,98.2,188.2,3.4
2025-05-15T16:01:00+00:00,1957.6,81.79,348.5,13.79,390.3,17.8,576.6,0.0598,0.19,98.2,188.2,2.9
2025-05-15T16:02:00+00:00,1874.8,82.98,347.8,13.56,374.1,16.8,641.0,0.0546,0.20,98.2,188.2,4.2
2025-05-15T16:03:00+00:00,2105.9,82.74,352.1,13.89,396.6,14.2,631.8,0.0527,0.19,98.2,188.2,3.5
2025-05-15T16:04:00+00:00,2026.3,81.16,355.5,14.01,378.0,14.9,591.8,0.0538,0.16,98.2,188.2,2.6
2025-05-15T16:05:00+00:00,2055.2,82.82,353.8,13.80,361.1,16.9,603.9,0.0536,0.13,98.2,188.2,3.0
2025-05-15T16:06:00+00:00,1976.9,82.15,341.1,13.70,372.1,18.0,563.0,0.0623,0.25,98.2,188.2,2.4
2025-05-15T16:07:00+00:00,2054.0,84.36,352.6,13.92,377.7,17.0,638.7,0.0564,0.16,98.2,188.2,2.3
2025-05-15T16:08:00+00:00,1849.7,82.24,360.5,13.62,373.7,16.7,577.5,0.0528,0.32,98.2,188.2,2.6
2025-05-15T16:09:00+00:00,1816.8,82.96,351.0,13.95,373.9,18.2,585.2,0.0612,0.22,98.2,188.2,2.4
2025-05-15T16:10:00+00:00,2078.5,81.39,359.0,14.00,386.3,16.0,562.7,0.0548,0.20,98.2,188.2,4.0
2025-05-15T16:11:00+00:00,2053.7,81.94,340.0,13.58,381.6,16.3,628.0,0.0524,0.19,98.2,188.2,3.5
2025-05-15T16:12:00+00:00,2017.3,80.73,362.1,13.95,382.7,19.3,640.4,0.0526,0.23,98.2,188.2,2.9
2025-05-15T16:13:00+00:00,2065.8,81.84,356.8,13.82,378.1,19.0,583.6,0.0534,0.27,98.2,188.2,4.6
2025-05-15T16:14:00+00:00,2080.6,84.14,360.2,13.55,377.4,14.3,604.1,0.0526,0.19,98.2,188.2,2.7
2025-05-15T16:15:00+00:00,2067.9,82.17,352.5,13.79,370.2,17.1,618.7,0.0521,0.15,98.2,188.2,3.1
2025-05-15T16:16:00+00:00,2104.1,81.48,342.1,13.78,380.7,16.4,563.4,0.0579,0.34,98.2,188.2,4.1
2025-05-15T16:17:00+00:00,1916.9,81.83,343.6,13.77,368.7,17.4,606.9,0.0512,0.14,98.2,188.2,3.1
2025-05-15T16:18:00+00:00,1929.0,82.20,337.8,13.74,399.8,15.6,575.5,0.0545,0.19,98.2,188.2,3.1
2025-05-15T16:19:00+00:00,2202.9,84.45,351.6,14.04,400.1,16.6,651.8,0.0534,0.21,98.2,188.2,3.4
2025-05-15T16:20:00+00:00,2025.1,82.68,363.0,13.65,380.2,16.0,648.0,0.0521,0.16,98.2,188.2,3.0
2025-05-15T16:21:00+00:00,1945.6,80.64,352.3,13.93,378.4,17.7,614.3,0.0525,0.26,98.2,188.2,2.6
2025-05-15T16:22:00+00:00,1844.0,81.92,355.7,13.90,371.1,16.2,646.2,0.0525,0.15,98.2,188.2,2.4
2025-05-15T16:23:00+00:00,2184.8,83.16,348.7,13.97,403.8,16.1,549.9,0.0532,0.16,98.2,188.2,5.9
2025-05-15T16:24:00+00:00,2072.9,84.64,351.4,13.89,398.5,19.6,644.5,0.0531,0.26,98.2,188.2,4.7
2025-05-15T16:25:00+00:00,2042.1,82.69,328.3,13.78,372.0,16.6,582.3,0.0522,0.18,98.2,188.2,4.1
2025-05-15T16:26:00+00:00,2071.4,81.56,348.8,13.88,371.0,17.8,596.9,0.0569,0.20,98.2,188.2,3.4
2025-05-15T16:27:00+00:00,1938.2,82.10,351.5,13.82,374.4,19.2,542.9,0.0522,0.22,98.2,188.2,1.7
2025-05-15T16:28:00+00:00,1931.2,81.72,348.9,13.55,410.6,16.4,588.5,0.0553,0.22,98.2,188.2,2.0
2025-05-15T16:29:00+00:00,2031.4,82.80,346.5,13.90,394.2,19.2,601.8,0.0527,0.22,98.2,188.2,3.4
2025-05-15T16:30:00+00:00,1864.5,82.80,340.5,13.77,379.8,18.6,576.0,0.0508,0.14,98.2,188.2,3.9
2025-05-15T16:31:00+00:00,2107.3,79.06,348.7,13.99,378.9,15.5,600.4,0.0547,0.24,98.2,188.2,3.4
2025-05-15T16:32:00+00:00,2110.1,81.61,349.6,13.65,380.7,15.0,625.8,0.0528,0.19,98.2,188.2,1.8
2025-05-15T16:33:00+00:00,2106.1,81.43,345.4,13.84,383.8,12.0,629.7,0.0533,0.24,98.2,188.2,3.6
2025-05-15T16:34:00+00:00,1863.7,82.45,346.3,13.95,378.8,17.5,616.6,0.0576,0.27,98.2,188.2,2.1
2025-05-15T16:35:00+00:00,1948.6,82.58,351.6,13.87,394.1,17.1,539.1,0.0572,0.23,98.2,188.2,3.6
2025-05-15T16:36:00+00:00,979.9,76.99,355.7,13.75,333.6,17.4,543.7,0.0473,0.25,98.2,188.2,3.4
2025-05-15T16:37:00+00:00,1005.9,79.47,345.8,13.75,354.5,18.9,581.4,0.0473,0.25,98.2,188.2,4.5
2025-05-15T16:38:00+00:00,1087.3,79.24,348.6,13.74,344.1,18.0,547.6,0.0468,0.10,98.2,188.2,4.0
2025-05-15T16:39:00+00:00,1030.5,79.56,352.5,13.94,360.1,16.1,518.5,0.0548,0.20,98.2,188.2,1.6
2025-05-15T16:40:00+00:00,917.5,77.14,363.1,13.86,346.8,18.7,579.9,0.0461,0.16,98.2,188.2,2.4
2025-05-15T16:41:00+00:00,960.6,77.98,358.9,13.65,363.0,15.3,503.3,0.0523,0.26,98.2,188.2,2.0
2025-05-15T16:42:00+00:00,1059.4,78.38,370.6,13.86,329.3,17.3,591.6,0.0487,0.16,98.2,188.2,3.1
2025-05-15T16:43:00+00:00,963.5,80.12,370.2,13.75,358.6,17.2,547.3,0.0488,0.20,98.2,188.2,4.8
2025-05-15T16:44:00+00:00,987.2,79.25,350.4,13.98,345.1,17.5,630.7,0.0469,0.21,98.2,188.2,3.7
2025-05-15T16:45:00+00:00,987.1,81.81,357.4,13.74,370.3,19.8,553.4,0.0475,0.27,98.2,188.2,3.8
2025-05-15T16:46:00+00:00,1068.1,78.76,366.4,13.79,354.7,18.1,572.9,0.0476,0.16,98.2,188.2,2.6
2025-05-15T16:47:00+00:00,1027.6,79.39,350.6,13.63,332.0,17.6,578.7,0.0474,0.24,98.2,188.2,3.9
2025-05-15T16:48:00+00:00,1090.4,75.40,353.3,13.99,326.9,17.3,543.3,0.0538,0.17,98.2,188.2,2.6
2025-05-16T06:00:00+00:00,926.1,80.48,369.4,13.75,320.6,19.6,590.1,0.0576,1.31,262.6,172.6,15.8
2025-05-16T06:01:00+00:00,1139.8,80.61,341.8,14.34,335.9,17.1,588.0,0.0611,1.23,262.6,172.6,16.2
2025-05-16T06:02:00+00:00,1068.5,78.90,362.8,13.69,364.6,22.1,611.1,0.0578,1.25,262.6,172.6,17.6
2025-05-16T06:03:00+00:00,1061.1,82.26,359.5,13.66,336.3,17.4,547.3,0.0616,1.29,262.6,172.6,17.2
2025-05-16T06:04:00+00:00,844.3,78.58,358.0,13.51,338.8,17.5,557.9,0.0564,1.23,262.6,172.6,17.1
2025-05-16T06:05:00+00:00,924.5,78.52,363.6,13.65,381.1,15.6,531.5,0.0569,1.25,262.6,172.6,14.9
2025-05-16T06:06:00+00:00,996.1,77.75,355.6,13.67,364.3,19.8,552.6,0.0646,1.27,262.6,172.6,16.8
2025-05-16T06:07:00+00:00,1064.6,79.11,365.7,13.80,346.6,17.1,622.6,0.0578,1.26,262.6,172.6,17.4
2025-05-16T06:08:00+00:00,966.9,80.26,367.9,13.59,349.7,15.8,561.0,0.0601,1.30,262.6,172.6,15.3
2025-05-16T06:09:00+00:00,975.9,78.72,347.9,14.04,340.6,18.4,539.7,0.0663,1.26,262.6,172.6,15.3
2025-05-16T06:10:00+00:00,1089.2,79.96,356.0,13.85,355.3,15.7,584.1,0.0648,1.30,262.6,172.6,15.0
2025-05-16T06:11:00+00:00,989.7,76.43,360.3,13.90,362.4,18.9,544.4,0.0579,1.27,262.6,172.6,14.5
2025-05-16T06:12:00+00:00,1926.2,81.67,349.0,13.83,381.8,19.1,566.1,0.0632,1.34,262.6,172.6,17.5
2025-05-16T06:13:00+00:00,2022.2,83.72,352.7,13.51,376.1,15.1,621.3,0.0690,1.28,262.6,172.6,15.2
2025-05-16T06:14:00+00:00,2145.5,81.65,346.9,13.80,375.3,14.6,640.2,0.0637,1.28,262.6,172.6,15.6
2025-05-16T06:15:00+00:00,2163.5,84.53,334.7,13.98,374.7,19.5,621.6,0.0637,1.26,262.6,172.6,14.7
2025-05-16T06:16:00+00:00,1927.6,81.02,357.0,13.77,391.9,19.5,579.6,0.0636,1.39,262.6,172.6,15.7
2025-05-16T06:17:00+00:00,2017.8,82.76,357.6,13.88,377.8,17.0,592.0,0.0639,1.37,262.6,172.6,15.4
2025-05-16T06:18:00+00:00,1971.8,80.49,349.5,13.55,373.0,16.9,632.8,0.0647,1.28,262.6,172.6,16.0
2025-05-16T06:19:00+00:00,2000.8,83.57,340.9,13.83,397.8,20.4,603.9,0.0628,1.26,262.6,172.6,17.4
2025-05-16T06:20:00+00:00,1982.2,80.63,358.4,13.67,412.7,16.8,578.6,0.0626,1.25,262.6,172.6,16.6
2025-05-16T06:21:00+00:00,2003.9,81.82,348.4,13.79,374.8,16.0,612.4,0.0630,1.27,262.6,172.6,15.4
2025-05-16T06:22:00+00:00,2032.6,84.63,343.4,13.83,370.8,18.0,630.4,0.0630,1.27,262.6,172.6,16.5
2025-05-16T06:23:00+00:00,1942.0,81.71,344.0,13.69,396.0,17.7,601.7,0.0615,1.17,262.6,172.6,15.6
2025-05-16T06:24:00+00:00,1896.8,81.42,354.0,13.66,385.0,16.2,615.3,0.0694,1.30,262.6,172.6,16.0
2025-05-16T06:25:00+00:00,1959.4,84.67,349.9,13.68,403.3,17.4,647.5,0.0665,1.22,262.6,172.6,15.6
2025-05-16T06:26:00+00:00,1929.4,81.09,341.0,14.04,372.1,15.9,644.6,0.0690,1.31,262.6,172.6,15.4
2025-05-16T06:27:00+00:00,2119.0,79.80,339.6,13.62,377.2,20.0,638.7,0.0634,1.26,262.6,172.6,15.4
2025-05-16T06:28:00+00:00,2016.1,82.20,337.1,13.94,391.9,16.8,593.7,0.0717,1.24,262.6,172.6,16.3
2025-05-16T06:29:00+00:00,1991.1,82.26,353.7,13.86,381.3,14.5,615.0,0.0633,1.29,262.6,172.6,15.3
2025-05-16T06:30:00+00:00,2014.1,79.44,350.5,14.08,388.5,17.5,550.9,0.0629,1.26,262.6,172.6,15.5
2025-05-16T06:31:00+00:00,2097.7,80.98,340.3,13.62,394.9,16.2,592.8,0.0691,1.34,262.6,172.6,15.6
2025-05-16T06:32:00+00:00,1817.5,80.83,350.8,13.43,379.2,18.4,610.8,0.0626,1.33,262.6,172.6,16.9
2025-05-16T06:33:00+00:00,1950.8,83.35,347.3,13.58,369.4,16.0,642.1,0.0621,1.24,262.6,172.6,17.5
2025-05-16T06:34:00+00:00,2045.3,80.14,362.6,13.84,370.4,17.7,610.8,0.0637,1.33,262.6,172.6,17.8
2025-05-16T06:35:00+00:00,1921.5,82.00,341.8,14.00,374.0,17.3,598.8,0.0626,1.28,262.6,172.6,16.4
2025-05-16T06:36:00+00:00,1995.2,81.45,338.7,13.57,393.6,19.2,590.8,0.0680,1.23,262.6,172.6,17.6
2025-05-16T06:37:00+00:00,2027.6,79.37,347.7,13.52,367.1,16.5,622.9,0.0628,1.24,262.6,172.6,16.5
2025-05-16T06:38:00+00:00,2106.6,83.11,351.9,13.68,402.1,16.2,597.3,0.0676,1.24,262.6,172.6,16.1
2025-05-16T06:39:00+00:00,2145.5,81.54,342.0,13.84,385.9,21.8,581.6,0.0636,1.25,262.6,172.6,15.9
2025-05-16T06:40:00+00:00,2162.8,83.94,334.1,13.53,380.0,17.9,522.9,0.0630,1.20,262.6,172.6,18.3
2025-05-16T06:41:00+00:00,1980.4,82.96,352.0,13.81,396.7,17.8,600.8,0.0624,1.21,262.6,172.6,15.9
2025-05-16T06:42:00+00:00,1944.9,82.49,329.8,13.74,362.1,17.5,537.2,0.0629,1.30,262.6,172.6,16.6
2025-05-16T06:43:00+00:00,2012.4,79.65,348.0,13.84,393.3,17.5,563.1,0.0636,1.33,262.6,172.6,17.0
2025-05-16T06:44:00+00:00,2038.0,82.49,364.3,13.73,381.6,15.8,670.9,0.0639,1.35,262.6,172.6,17.4
2025-05-16T06:45:00+00:00,2064.2,82.33,354.0,13.84,380.9,18.5,629.6,0.0639,1.34,262.6,172.6,15.8
2025-05-16T06:46:00+00:00,1900.5,81.52,342.7,13.85,382.5,15.4,577.6,0.0662,1.27,262.6,172.6,16.3
2025-05-16T06:47:00+00:00,2009.6,84.08,349.9,13.91,380.2,19.1,551.3,0.0682,1.32,262.6,172.6,15.6
2025-05-16T06:48:00+00:00,1850.2,81.94,355.8,13.92,384.3,16.9,621.8,0.0628,1.27,262.6,172.6,17.8
2025-05-16T06:49:00+00:00,2080.5,81.65,341.6,13.75,356.9,15.2,622.1,0.0624,1.17,262.6,172.6,16.1
2025-05-16T06:50:00+00:00,1968.1,80.68,351.3,13.62,401.1,18.2,594.1,0.0627,1.26,262.6,172.6,15.3
2025-05-16T06:51:00+00:00,2147.9,81.75,348.4,13.61,381.6,18.1,649.6,0.0640,1.30,262.6,172.6,16.4
2025-05-16T06:52:00+00:00,2099.1,80.96,348.0,14.06,397.5,17.0,636.7,0.0648,1.27,262.6,172.6,16.8
2025-05-16T06:53:00+00:00,2014.8,80.02,353.6,13.91,383.9,16.6,657.0,0.0625,1.21,262.6,172.6,18.2
2025-05-16T06:54:00+00:00,2055.1,82.89,347.9,13.70,419.7,17.7,572.9,0.0638,1.34,262.6,172.6,16.3
2025-05-16T06:55:00+00:00,1821.5,84.54,357.5,13.57,380.5,15.6,607.0,0.0637,1.25,262.6,172.6,14.7
2025-05-16T06:56:00+00:00,2034.9,84.13,349.1,13.86,383.5,18.1,619.7,0.0700,1.35,262.6,172.6,15.4
2025-05-16T06:57:00+00:00,1942.7,81.26,345.5,13.43,379.8,18.3,590.6,0.0694,1.25,262.6,172.6,17.0
2025-05-16T06:58:00+00:00,1907.2,82.44,335.3,13.86,387.7,17.2,629.3,0.0661,1.27,262.6,172.6,15.7
2025-05-16T06:59:00+00:00,2265.0,83.99,350.4,13.78,380.3,19.7,620.1,0.0733,1.21,262.6,172.6,17.3
2025-05-16T07:00:00+00:00,1854.1,79.17,338.8,13.70,361.9,14.7,543.4,0.0674,1.23,262.6,172.6,15.7
2025-05-16T07:01:00+00:00,2204.4,84.29,336.4,13.65,388.7,15.2,612.8,0.0658,1.36,262.6,172.6,17.0
2025-05-16T07:02:00+00:00,2387.9,84.22,348.3,13.90,382.4,18.0,602.5,0.0647,1.23,262.6,172.6,15.8
2025-05-16T07:03:00+00:00,1984.9,82.73,356.5,14.05,366.7,16.5,583.4,0.0631,1.31,262.6,172.6,16.3
2025-05-16T07:04:00+00:00,2528.1,85.19,347.2,13.87,384.2,21.2,637.5,0.0660,1.30,262.6,172.6,17.3
2025-05-16T07:05:00+00:00,1900.9,80.44,338.5,13.94,382.0,18.3,614.4,0.0623,1.26,262.6,172.6,15.6
2025-05-16T07:06:00+00:00,2437.6,81.95,340.7,14.01,415.2,17.2,666.8,0.0659,1.34,262.6,172.6,16.5
2025-05-16T07:07:00+00:00,2512.0,79.91,344.2,13.56,407.8,17.1,556.7,0.0651,1.23,262.6,172.6,16.6
2025-05-16T07:08:00+00:00,2441.1,83.85,347.6,13.95,391.1,16.8,618.0,0.0649,1.22,262.6,172.6,17.1
2025-05-16T07:09:00+00:00,2170.9,83.01,336.9,13.99,395.2,19.8,618.1,0.0684,1.30,262.6,172.6,17.8
2025-05-16T07:10:00+00:00,2076.5,81.90,360.0,13.72,391.4,19.4,545.7,0.0689,1.32,262.6,172.6,15.6
2025-05-16T07:11:00+00:00,2015.1,83.79,342.9,13.65,390.2,16.6,571.7,0.0692,1.30,262.6,172.6,16.6
2025-05-16T07:12:00+00:00,2321.2,85.95,353.9,13.77,400.2,17.1,640.6,0.0647,1.27,262.6,172.6,15.3
2025-05-16T07:13:00+00:00,2468.2,80.59,343.2,13.70,399.0,16.4,611.7,0.0652,1.23,262.6,172.6,16.6
2025-05-16T07:14:00+00:00,1819.2,79.99,344.8,13.75,378.6,15.8,575.0,0.0613,1.21,262.6,172.6,15.8
2025-05-16T07:15:00+00:00,2520.1,81.91,351.1,13.74,395.8,17.4,642.9,0.0664,1.34,262.6,172.6,15.7
2025-05-16T07:16:00+00:00,2215.2,84.83,348.6,13.85,379.6,18.1,635.5,0.0652,1.29,262.6,172.6,16.0
2025-05-16T07:17:00+00:00,2513.3,80.77,347.7,13.88,382.4,15.8,557.4,0.0663,1.35,262.6,172.6,16.2
2025-05-16T07:18:00+00:00,2406.3,83.56,342.8,13.81,385.6,14.7,602.0,0.0651,1.27,262.6,172.6,14.0
2025-05-16T07:19:00+00:00,2564.0,84.77,336.1,13.61,426.0,18.6,599.3,0.0660,1.26,262.6,172.6,16.7
2025-05-16T07:20:00+00:00,2105.7,83.71,336.4,13.69,389.6,16.5,606.1,0.0673,1.27,262.6,172.6,16.5
2025-05-16T07:21:00+00:00,2114.1,84.83,361.3,13.89,378.0,17.9,597.2,0.0664,1.31,262.6,172.6,16.6
2025-05-16T07:22:00+00:00,1984.4,81.52,350.8,13.71,369.2,17.2,647.7,0.0627,1.25,262.6,172.6,17.8
2025-05-16T07:23:00+00:00,1987.3,82.02,340.7,13.85,376.6,16.9,617.4,0.0630,1.28,262.6,172.6,16.1
2025-05-16T07:24:00+00:00,2479.4,84.21,337.3,13.90,392.9,18.5,664.7,0.0671,1.30,262.6,172.6,14.5
2025-05-16T07:25:00+00:00,2437.6,85.60,356.1,13.64,400.8,18.9,641.9,0.0693,1.27,262.6,172.6,18.3
2025-05-16T07:26:00+00:00,1995.0,82.06,337.5,13.95,381.0,16.3,542.6,0.0668,1.19,262.6,172.6,15.4
2025-05-16T07:27:00+00:00,1917.1,81.66,359.4,13.90,380.2,19.0,613.3,0.0629,1.31,262.6,172.6,15.9
2025-05-16T07:28:00+00:00,1973.4,81.03,364.6,13.87,371.9,16.6,547.1,0.0683,1.30,262.6,172.6,15.8
2025-05-16T07:29:00+00:00,1941.9,81.27,358.3,13.92,378.8,18.5,547.4,0.0629,1.30,262.6,172.6,16.8
2025-05-16T07:30:00+00:00,2016.5,83.20,347.9,13.60,388.8,19.0,603.7,0.0714,1.30,262.6,172.6,16.3
2025-05-16T07:31:00+00:00,1735.3,79.78,347.4,13.84,370.0,14.5,601.3,0.0679,1.27,262.6,172.6,16.0
2025-05-16T07:32:00+00:00,2208.3,81.40,359.0,13.80,396.9,15.2,599.9,0.0638,1.17,262.6,172.6,14.0
2025-05-16T07:33:00+00:00,2063.6,82.16,349.6,14.21,396.5,17.0,633.2,0.0629,1.24,262.6,172.6,16.6
2025-05-16T07:34:00+00:00,1946.4,81.69,349.5,13.77,392.9,17.8,636.7,0.0657,1.21,262.6,172.6,16.1
2025-05-16T07:35:00+00:00,2007.8,81.43,361.3,13.86,365.4,18.1,538.3,0.0632,1.30,262.6,172.6,17.4
2025-05-16T07:36:00+00:00,1979.2,78.81,344.9,14.05,401.1,15.8,615.7,0.0632,1.31,262.6,172.6,14.2
2025-05-16T07:37:00+00:00,1937.1,81.20,352.2,13.73,353.6,15.8,611.3,0.0624,1.25,262.6,172.6,15.8
2025-05-16T07:38:00+00:00,2046.9,81.31,346.5,13.81,395.0,17.9,614.8,0.0665,1.19,262.6,172.6,16.0
2025-05-16T07:39:00+00:00,1943.9,80.92,351.8,13.77,371.7,19.0,595.1,0.0623,1.23,262.6,172.6,17.1
2025-05-16T07:40:00+00:00,2055.3,84.33,352.6,13.68,392.7,16.0,702.6,0.0656,1.37,262.6,172.6,17.6
2025-05-16T07:41:00+00:00,2024.9,81.14,350.5,13.78,385.0,18.2,636.3,0.0630,1.26,262.6,172.6,16.9
2025-05-16T07:42:00+00:00,1923.3,79.30,355.8,13.87,364.6,15.6,602.7,0.0626,1.26,262.6,172.6,17.7
2025-05-16T07:43:00+00:00,1946.1,82.44,350.8,13.94,382.5,16.5,631.6,0.0635,1.36,262.6,172.6,15.0
2025-05-16T07:44:00+00:00,1901.3,83.61,347.9,13.75,373.8,18.2,612.5,0.0623,1.27,262.6,172.6,16.9
2025-05-16T07:45:00+00:00,2169.0,81.32,344.4,13.93,387.7,15.9,630.2,0.0693,1.34,262.6,172.6,16.8
2025-05-16T07:46:00+00:00,2022.7,83.13,352.0,13.67,378.5,13.9,604.1,0.0663,1.31,262.6,172.6,16.2
2025-05-16T07:47:00+00:00,1926.6,82.82,341.3,13.94,391.4,14.6,597.9,0.0623,1.25,262.6,172.6,17.6
2025-05-16T07:48:00+00:00,2355.0,81.09,357.2,13.94,390.4,18.0,650.2,0.0650,1.29,262.6,172.6,16.6
2025-05-16T07:49:00+00:00,1916.4,81.41,348.6,13.91,386.4,18.1,573.0,0.0665,1.33,262.6,172.6,14.8
2025-05-16T07:50:00+00:00,2034.0,82.01,348.3,13.66,379.5,18.4,587.7,0.0624,1.20,262.6,172.6,16.9
2025-05-16T07:51:00+00:00,1856.4,81.58,347.8,13.69,389.1,15.4,577.8,0.0628,1.33,262.6,172.6,17.1
2025-05-16T07:52:00+00:00,2007.0,83.68,356.5,13.75,395.6,16.5,580.5,0.0726,1.29,262.6,172.6,15.2
2025-05-16T07:53:00+00:00,1915.6,81.21,352.0,14.01,398.7,15.7,606.0,0.0622,1.25,262.6,172.6,16.3
2025-05-16T07:54:00+00:00,1937.4,81.15,363.0,13.75,385.4,15.3,619.6,0.0643,1.32,262.6,172.6,16.2
2025-05-16T07:55:00+00:00,1984.6,81.42,355.1,13.75,380.2,16.8,609.9,0.0644,1.20,262.6,172.6,16.9
2025-05-16T07:56:00+00:00,1929.8,86.62,346.9,13.83,354.5,14.0,665.1,0.0631,1.31,262.6,172.6,17.4
2025-05-16T07:57:00+00:00,1926.1,80.52,346.4,13.78,387.5,14.0,558.1,0.0683,1.20,262.6,172.6,17.4
2025-05-16T07:58:00+00:00,1948.7,80.24,358.4,13.95,397.2,14.5,589.5,0.0669,1.31,262.6,172.6,15.4
2025-05-16T07:59:00+00:00,1990.6,81.99,337.0,13.76,386.2,17.1,604.3,0.0633,1.31,262.6,172.6,14.2
2025-05-16T08:00:00+00:00,1927.1,80.58,362.8,13.88,369.7,20.9,639.0,0.0627,1.27,262.6,172.6,17.5
2025-05-16T08:01:00+00:00,1983.2,82.26,348.7,13.71,382.6,14.8,633.9,0.0726,1.29,262.6,172.6,17.5
2025-05-16T08:02:00+00:00,2040.2,86.06,356.7,13.82,378.7,19.3,592.9,0.0636,1.31,262.6,172.6,15.8
2025-05-16T08:03:00+00:00,1962.1,80.93,342.1,13.87,363.0,18.1,594.5,0.0690,1.29,262.6,172.6,15.8
2025-05-16T08:04:00+00:00,2067.4,84.67,348.7,13.69,383.6,14.2,627.5,0.0637,1.32,262.6,172.6,17.3
2025-05-16T08:05:00+00:00,1902.3,81.37,341.5,13.62,383.8,18.0,631.5,0.0641,1.33,262.6,172.6,16.1
2025-05-16T08:06:00+00:00,2075.9,82.27,330.2,13.59,385.8,16.9,663.0,0.0708,1.26,262.6,172.6,14.3
2025-05-16T08:07:00+00:00,1892.1,82.33,367.1,13.98,374.2,19.8,554.9,0.0618,1.22,262.6,172.6,17.3
2025-05-16T08:08:00+00:00,2231.7,82.07,356.6,13.94,390.6,17.8,579.1,0.0649,1.34,262.6,172.6,16.9
2025-05-16T08:09:00+00:00,1965.2,80.89,343.7,13.70,370.5,17.2,631.4,0.0646,1.32,262.6,172.6,15.2
2025-05-16T08:10:00+00:00,1989.7,80.69,348.1,13.83,362.2,15.1,565.3,0.0625,1.22,262.6,172.6,17.6
2025-05-16T08:11:00+00:00,2042.8,83.56,356.8,13.85,374.2,17.7,636.2,0.0635,1.31,262.6,172.6,17.2
2025-05-16T08:12:00+00:00,1939.2,80.76,357.2,14.00,392.2,15.2,643.3,0.0640,1.36,262.6,172.6,16.1
2025-05-16T08:13:00+00:00,2262.5,83.25,349.7,13.72,379.4,14.8,669.6,0.0708,1.24,262.6,172.6,16.9
2025-05-16T08:14:00+00:00,1793.1,82.17,353.4,13.89,367.8,14.4,547.1,0.0624,1.33,262.6,172.6,16.4
2025-05-16T08:15:00+00:00,2174.0,83.72,351.7,13.81,371.3,16.5,589.8,0.0703,1.21,262.6,172.6,15.3
2025-05-16T08:16:00+00:00,963.2,79.65,337.2,13.80,355.3,14.9,549.7,0.0576,1.29,262.6,172.6,15.2
2025-05-16T08:17:00+00:00,959.3,78.07,360.6,13.59,346.3,15.7,559.1,0.0678,1.30,262.6,172.6,17.0
2025-05-16T08:18:00+00:00,904.9,79.08,353.5,13.44,348.7,17.7,497.8,0.0586,1.32,262.6,172.6,17.5
2025-05-16T08:19:00+00:00,1077.6,77.14,352.4,13.57,336.2,17.1,511.4,0.0667,1.31,262.6,172.6,15.0
2025-05-16T08:20:00+00:00,807.8,78.89,364.0,14.00,365.3,14.2,513.5,0.0561,1.23,262.6,172.6,16.7
2025-05-16T08:21:00+00:00,1006.2,76.86,354.9,13.96,364.6,18.4,576.3,0.0656,1.22,262.6,172.6,15.3
2025-05-16T08:22:00+00:00,1016.2,79.81,358.5,13.91,353.4,18.8,556.1,0.0568,1.19,262.6,172.6,14.9
2025-05-16T08:23:00+00:00,1094.9,82.14,357.1,13.74,340.5,19.2,515.3,0.0703,1.25,262.6,172.6,16.2
2025-05-16T08:24:00+00:00,1072.4,76.97,351.4,14.03,355.6,15.2,655.4,0.0574,1.22,262.6,172.6,15.5
2025-05-16T08:25:00+00:00,978.2,78.40,358.2,13.87,373.1,16.5,576.1,0.0574,1.25,262.6,172.6,14.9
2025-05-16T08:26:00+00:00,946.2,79.77,352.7,13.99,334.1,16.1,560.0,0.0574,1.28,262.6,172.6,13.1
2025-05-16T14:00:00+00:00,863.7,77.51,355.7,13.71,343.2,17.5,574.9,0.0563,1.20,262.6,172.6,16.8
2025-05-16T14:01:00+00:00,1008.4,80.62,355.5,13.91,359.2,14.4,505.8,0.0581,1.31,262.6,172.6,16.4
2025-05-16T14:02:00+00:00,886.2,79.41,348.0,13.78,371.7,16.8,543.5,0.0630,1.29,262.6,172.6,16.2
2025-05-16T14:03:00+00:00,1066.0,80.43,365.7,13.72,366.1,14.7,572.9,0.0583,1.31,262.6,172.6,15.8
2025-05-16T14:04:00+00:00,1082.4,80.25,355.5,13.96,341.5,16.2,510.1,0.0589,1.38,262.6,172.6,15.7
2025-05-16T14:05:00+00:00,997.9,78.96,351.4,14.03,343.6,18.8,501.3,0.0585,1.36,262.6,172.6,16.6
2025-05-16T14:06:00+00:00,967.6,79.34,350.3,13.77,361.7,19.1,565.6,0.0579,1.31,262.6,172.6,17.4
2025-05-16T14:07:00+00:00,882.3,77.83,340.7,13.63,351.4,18.3,528.4,0.0634,1.33,262.6,172.6,16.4
2025-05-16T14:08:00+00:00,1014.0,82.07,344.7,13.84,332.2,18.5,552.9,0.0622,1.34,262.6,172.6,17.1
2025-05-16T14:09:00+00:00,938.0,79.75,368.2,13.84,326.8,16.3,538.1,0.0621,1.31,262.6,172.6,17.2
2025-05-16T14:10:00+00:00,1015.5,80.82,371.4,13.78,360.0,18.4,536.1,0.0570,1.21,262.6,172.6,15.9
2025-05-16T14:11:00+00:00,918.1,76.15,343.9,13.49,332.9,16.6,619.7,0.0574,1.29,262.6,172.6,17.2
2025-05-16T14:12:00+00:00,1973.3,82.87,352.0,13.94,366.4,17.8,625.9,0.0641,1.39,262.6,172.6,15.1
2025-05-16T14:13:00+00:00,1814.6,82.46,352.7,13.78,379.9,12.9,605.3,0.0619,1.19,262.6,172.6,18.4
2025-05-16T14:14:00+00:00,2086.8,82.61,330.5,13.89,377.6,16.4,616.9,0.0633,1.27,262.6,172.6,16.6
2025-05-16T14:15:00+00:00,2163.4,83.02,354.1,13.97,400.5,15.4,596.7,0.0776,1.34,262.6,172.6,17.7
2025-05-16T14:16:00+00:00,2077.5,81.51,360.5,13.60,398.9,16.9,560.4,0.0638,1.32,262.6,172.6,17.4
2025-05-16T14:17:00+00:00,1757.3,81.77,345.7,13.97,384.5,15.4,611.2,0.0643,1.15,262.6,172.6,16.7
2025-05-16T14:18:00+00:00,2096.2,82.58,355.3,13.73,365.5,15.0,557.2,0.0747,1.32,262.6,172.6,17.9
2025-05-16T14:19:00+00:00,2079.8,79.88,346.8,13.95,407.3,18.7,604.2,0.0635,1.31,262.6,172.6,15.8
2025-05-16T14:20:00+00:00,1816.8,80.26,353.6,13.82,377.8,15.7,685.4,0.0618,1.27,262.6,172.6,16.8
2025-05-16T14:21:00+00:00,2223.0,81.66,348.6,13.48,388.4,15.5,613.6,0.0677,1.16,262.6,172.6,16.9
2025-05-16T14:22:00+00:00,2150.5,79.47,339.4,13.89,387.8,16.5,594.2,0.0631,1.21,262.6,172.6,16.1
2025-05-16T14:23:00+00:00,2022.3,81.98,355.8,13.57,356.9,16.9,649.1,0.0616,1.12,262.6,172.6,18.1
2025-05-16T14:24:00+00:00,2054.7,83.34,355.0,13.95,379.7,17.3,669.0,0.0638,1.33,262.6,172.6,17.4
2025-05-16T14:25:00+00:00,1823.5,82.78,341.8,13.89,378.7,18.8,646.1,0.0631,1.38,262.6,172.6,19.0
2025-05-16T14:26:00+00:00,2208.3,81.73,348.4,13.75,399.8,18.7,601.5,0.0668,1.21,262.6,172.6,14.7
2025-05-16T14:27:00+00:00,1994.2,79.86,339.1,13.69,391.7,15.9,595.6,0.0631,1.30,262.6,172.6,15.5
2025-05-16T14:28:00+00:00,1943.5,82.79,349.5,13.69,361.2,18.8,632.6,0.0624,1.24,262.6,172.6,15.0
2025-05-16T14:29:00+00:00,1933.8,81.72,348.8,13.97,380.7,18.2,628.6,0.0676,1.29,262.6,172.6,16.5
2025-05-16T14:30:00+00:00,1963.5,81.99,353.3,13.96,370.9,16.3,616.9,0.0628,1.26,262.6,172.6,15.3
2025-05-16T14:31:00+00:00,2036.6,80.98,345.8,13.70,373.9,18.3,604.9,0.0689,1.34,262.6,172.6,17.1
2025-05-16T14:32:00+00:00,1871.8,81.85,353.8,13.89,366.3,17.6,562.0,0.0621,1.25,262.6,172.6,15.2
2025-05-16T14:33:00+00:00,1932.9,82.70,342.3,13.74,374.5,16.3,547.9,0.0639,1.32,262.6,172.6,16.2
2025-05-16T14:34:00+00:00,1918.0,81.10,350.4,13.96,385.8,17.1,592.3,0.0629,1.27,262.6,172.6,15.2
2025-05-16T14:35:00+00:00,1973.7,85.13,355.1,13.86,376.7,19.9,618.4,0.0639,1.34,262.6,172.6,14.2
2025-05-16T14:36:00+00:00,1906.4,82.12,361.5,13.94,374.6,16.6,548.9,0.0636,1.39,262.6,172.6,16.5
2025-05-16T14:37:00+00:00,2071.5,83.38,347.0,13.80,380.6,16.5,654.2,0.0702,1.35,262.6,172.6,15.7
2025-05-16T14:38:00+00:00,1990.9,82.61,345.3,13.92,388.3,16.1,614.0,0.0626,1.23,262.6,172.6,15.7
2025-05-16T14:39:00+00:00,1919.4,81.83,328.1,13.84,386.8,14.0,587.1,0.0626,1.29,262.6,172.6,16.0
2025-05-16T14:40:00+00:00,2069.5,80.54,345.9,13.84,368.0,18.5,598.3,0.0634,1.27,262.6,172.6,16.5
2025-05-16T14:41:00+00:00,2078.1,84.01,356.1,14.13,393.2,16.9,505.2,0.0636,1.29,262.6,172.6,15.4
2025-05-16T14:42:00+00:00,2003.2,84.58,355.8,13.75,410.9,15.4,683.4,0.0632,1.29,262.6,172.6,15.7
2025-05-16T14:43:00+00:00,2359.9,82.80,341.1,13.54,407.8,16.4,647.2,0.0668,1.26,262.6,172.6,15.3
2025-05-16T14:44:00+00:00,1873.4,81.88,357.3,13.86,387.3,18.4,629.5,0.0621,1.24,262.6,172.6,16.6
2025-05-16T14:45:00+00:00,2105.3,83.21,344.5,13.69,397.9,18.8,586.4,0.0657,1.28,262.6,172.6,16.2
2025-05-16T14:46:00+00:00,1767.5,82.31,350.0,13.88,365.2,18.7,584.4,0.0645,1.30,262.6,172.6,17.0
2025-05-16T14:47:00+00:00,1989.6,83.33,354.4,13.83,393.0,19.1,601.2,0.0633,1.24,262.6,172.6,15.9
2025-05-16T14:48:00+00:00,1848.3,80.76,344.1,13.86,361.9,15.5,588.2,0.0763,1.35,262.6,172.6,16.5
2025-05-16T14:49:00+00:00,2023.4,83.96,359.3,13.97,402.6,15.2,645.8,0.0625,1.21,262.6,172.6,17.1
2025-05-16T14:50:00+00:00,2105.5,81.36,345.9,13.75,378.8,16.8,639.0,0.0642,1.22,262.6,172.6,16.0
2025-05-16T14:51:00+00:00,2137.6,84.44,363.0,14.05,395.8,16.9,633.8,0.0648,1.27,262.6,172.6,17.1
2025-05-16T14:52:00+00:00,1941.5,81.65,356.8,13.53,376.3,15.9,646.5,0.0620,1.21,262.6,172.6,15.8
2025-05-16T14:53:00+00:00,2166.6,81.80,349.0,14.05,376.3,15.9,613.8,0.0646,1.34,262.6,172.6,15.7
2025-05-16T14:54:00+00:00,1949.7,82.24,357.7,13.75,395.1,15.4,594.8,0.0653,1.36,262.6,172.6,16.5
2025-05-16T14:55:00+00:00,1993.3,82.70,351.2,13.64,393.9,16.5,560.8,0.0627,1.25,262.6,172.6,15.6
2025-05-16T14:56:00+00:00,1943.1,80.00,346.5,13.71,368.3,17.3,671.3,0.0675,1.28,262.6,172.6,16.2
2025-05-16T14:57:00+00:00,1913.4,82.06,340.7,13.97,366.3,18.4,579.0,0.0628,1.31,262.6,172.6,17.1
2025-05-16T14:58:00+00:00,1920.5,82.30,351.3,13.78,378.2,16.1,596.5,0.0625,1.28,262.6,172.6,17.5
2025-05-16T14:59:00+00:00,2113.1,81.76,366.2,13.83,369.0,17.3,628.4,0.0642,1.34,262.6,172.6,16.8
2025-05-16T15:00:00+00:00,1991.1,82.65,367.6,13.92,383.8,15.7,634.7,0.0656,1.27,262.6,172.6,17.7
2025-05-16T15:01:00+00:00,1963.0,81.69,344.3,13.66,395.8,17.3,614.3,0.0627,1.27,262.6,172.6,17.0
2025-05-16T15:02:00+00:00,2507.8,82.99,353.8,13.58,391.0,19.0,621.2,0.0798,1.32,262.6,172.6,17.2
2025-05-16T15:03:00+00:00,2072.8,85.14,348.4,13.67,370.5,16.2,630.5,0.0633,1.18,262.6,172.6,16.9
2025-05-16T15:04:00+00:00,2003.5,81.13,353.2,13.87,380.4,18.0,616.6,0.0646,1.24,262.6,172.6,16.0
2025-05-16T15:05:00+00:00,2157.4,78.49,367.7,13.82,388.7,17.5,616.6,0.0643,1.32,262.6,172.6,16.7
2025-05-16T15:06:00+00:00,1989.1,81.14,353.2,13.89,383.0,17.1,561.6,0.0632,1.31,262.6,172.6,16.9
2025-05-16T15:07:00+00:00,2166.3,83.28,355.3,13.68,407.5,14.5,628.7,0.0632,1.20,262.6,172.6,16.2
2025-05-16T15:08:00+00:00,2489.0,85.12,347.0,13.62,404.9,18.6,636.5,0.0686,1.31,262.6,172.6,17.7
2025-05-16T15:09:00+00:00,2511.9,81.01,347.5,13.81,418.4,18.9,592.1,0.0684,1.30,262.6,172.6,15.4
2025-05-16T15:10:00+00:00,2399.3,83.79,341.3,13.83,395.9,16.3,652.7,0.0653,1.29,262.6,172.6,16.4
2025-05-16T15:11:00+00:00,2198.4,79.95,352.5,13.70,403.1,17.5,551.1,0.0643,1.31,262.6,172.6,16.1
2025-05-16T15:12:00+00:00,1987.5,81.26,354.3,13.90,377.9,17.6,624.9,0.0633,1.32,262.6,172.6,15.7
2025-05-16T15:13:00+00:00,2019.5,80.64,341.7,13.89,381.7,18.1,613.3,0.0630,1.26,262.6,172.6,16.1
2025-05-16T15:14:00+00:00,2507.6,83.92,327.2,13.82,384.3,17.5,572.2,0.0675,1.24,262.6,172.6,15.7
2025-05-16T15:15:00+00:00,1930.6,81.07,352.6,13.92,385.9,18.6,601.5,0.0629,1.31,262.6,172.6,16.1
2025-05-16T15:16:00+00:00,1969.4,83.70,348.4,13.83,382.1,17.3,583.2,0.0629,1.30,262.6,172.6,14.8
2025-05-16T15:17:00+00:00,2018.7,81.06,338.3,13.72,371.4,17.6,648.9,0.0642,1.27,262.6,172.6,16.5
2025-05-16T15:18:00+00:00,2492.0,83.70,355.4,13.71,409.5,17.4,638.3,0.0649,1.22,262.6,172.6,16.6
2025-05-16T15:19:00+00:00,1978.1,81.06,341.2,14.16,368.1,17.6,581.4,0.0658,1.31,262.6,172.6,15.2
2025-05-16T15:20:00+00:00,2056.2,80.86,344.6,13.90,370.7,16.1,644.5,0.0638,1.33,262.6,172.6,16.3
2025-05-16T15:21:00+00:00,2190.4,82.07,343.9,13.97,377.9,14.4,642.1,0.0676,1.26,262.6,172.6,16.3
2025-05-16T15:22:00+00:00,2411.8,83.45,343.4,13.57,403.3,18.3,574.3,0.0674,1.22,262.6,172.6,13.9
2025-05-16T15:23:00+00:00,2468.8,83.01,355.4,13.93,394.7,16.0,620.3,0.0696,1.27,262.6,172.6,16.1
2025-05-16T15:24:00+00:00,1888.1,81.29,372.2,14.09,369.4,13.0,680.7,0.0659,1.28,262.6,172.6,15.3
2025-05-16T15:25:00+00:00,1933.0,82.24,359.7,13.82,375.0,18.2,589.0,0.0628,1.28,262.6,172.6,16.6
2025-05-16T15:26:00+00:00,1992.8,82.41,346.0,13.58,389.7,15.7,620.3,0.0632,1.31,262.6,172.6,16.4
2025-05-16T15:27:00+00:00,2163.2,80.39,351.7,13.65,392.5,19.6,555.5,0.0639,1.18,262.6,172.6,16.9
2025-05-16T15:28:00+00:00,2007.1,80.67,352.8,13.84,384.9,17.5,626.5,0.0671,1.33,262.6,172.6,14.4
2025-05-16T15:29:00+00:00,2074.0,84.23,354.8,13.70,407.2,14.8,596.0,0.0630,1.22,262.6,172.6,15.2
2025-05-16T15:30:00+00:00,1940.8,82.66,341.3,13.65,405.7,17.2,636.6,0.0649,1.36,262.6,172.6,18.2
2025-05-16T15:31:00+00:00,1957.3,82.56,345.6,13.87,373.4,15.8,627.9,0.0684,1.23,262.6,172.6,16.3
2025-05-16T15:32:00+00:00,1963.7,81.43,349.6,13.62,382.8,15.1,579.0,0.0634,1.34,262.6,172.6,16.6
2025-05-16T15:33:00+00:00,2099.1,83.35,350.8,13.85,383.8,16.9,622.8,0.0663,1.24,262.6,172.6,17.3
2025-05-16T15:34:00+00:00,2323.1,83.79,335.8,14.11,392.6,17.1,672.2,0.0640,1.19,262.6,172.6,16.6
2025-05-16T15:35:00+00:00,2133.3,82.08,340.7,13.60,398.7,16.3,590.2,0.0637,1.28,262.6,172.6,15.5
2025-05-16T15:36:00+00:00,1981.4,81.84,350.1,13.64,371.1,18.3,573.1,0.0644,1.26,262.6,172.6,16.3
2025-05-16T15:37:00+00:00,2060.9,77.94,347.5,13.91,379.4,20.0,637.6,0.0670,1.34,262.6,172.6,15.7
2025-05-16T15:38:00+00:00,2000.5,83.97,343.3,13.59,394.6,16.4,622.3,0.0636,1.27,262.6,172.6,14.8
2025-05-16T15:39:00+00:00,1923.2,82.83,352.3,13.58,385.9,18.1,638.6,0.0623,1.25,262.6,172.6,16.3
2025-05-16T15:40:00+00:00,1814.7,82.76,357.9,13.68,397.4,18.3,597.9,0.0737,1.28,262.6,172.6,14.5
2025-05-16T15:41:00+00:00,1849.9,81.88,368.9,13.91,371.2,17.0,559.4,0.0638,1.29,262.6,172.6,15.2
2025-05-16T15:42:00+00:00,2026.3,81.03,341.8,13.65,394.7,14.9,658.8,0.0638,1.35,262.6,172.6,16.5
2025-05-16T15:43:00+00:00,1910.7,81.01,352.5,13.98,385.1,15.6,616.9,0.0630,1.27,262.6,172.6,16.3
2025-05-16T15:44:00+00:00,1958.1,82.11,335.8,13.97,385.4,16.8,627.6,0.0640,1.27,262.6,172.6,16.1
2025-05-16T15:45:00+00:00,2081.8,82.83,345.4,13.88,378.8,16.9,573.5,0.0669,1.25,262.6,172.6,14.4
2025-05-16T15:46:00+00:00,1911.6,80.52,345.2,13.95,381.0,17.6,591.5,0.0632,1.33,262.6,172.6,16.0
2025-05-16T15:47:00+00:00,2066.3,81.62,353.4,13.85,381.8,15.8,589.1,0.0639,1.24,262.6,172.6,16.5
2025-05-16T15:48:00+00:00,1942.8,83.11,346.9,13.72,380.5,16.4,607.7,0.0623,1.23,262.6,172.6,15.4
2025-05-16T15:49:00+00:00,2083.2,81.61,353.0,13.91,391.4,18.9,596.4,0.0656,1.21,262.6,172.6,14.5
2025-05-16T15:50:00+00:00,2209.6,85.45,346.6,13.92,392.1,17.9,636.7,0.0643,1.31,262.6,172.6,15.3
2025-05-16T15:51:00+00:00,2128.4,83.38,350.3,13.96,379.3,17.9,580.1,0.0634,1.27,262.6,172.6,16.8
2025-05-16T15:52:00+00:00,1909.3,79.71,347.5,13.80,379.7,14.8,618.5,0.0648,1.31,262.6,172.6,16.8
2025-05-16T15:53:00+00:00,1752.1,80.94,347.1,13.29,359.2,17.7,592.3,0.0614,1.25,262.6,172.6,17.0
2025-05-16T15:54:00+00:00,2031.2,83.73,338.5,13.51,360.3,17.1,530.6,0.0627,1.24,262.6,172.6,16.4
2025-05-16T15:55:00+00:00,1741.4,83.24,338.0,13.62,367.6,17.9,577.7,0.0647,1.22,262.6,172.6,16.7
2025-05-16T15:56:00+00:00,2064.5,81.08,343.8,13.66,390.0,13.9,549.4,0.0691,1.25,262.6,172.6,16.0
2025-05-16T15:57:00+00:00,1903.4,80.33,342.3,13.79,394.1,16.3,642.2,0.0627,1.24,262.6,172.6,16.9
2025-05-16T15:58:00+00:00,1989.6,81.17,353.6,13.51,385.7,16.6,603.1,0.0637,1.36,262.6,172.6,16.0
2025-05-16T15:59:00+00:00,1919.2,80.83,348.8,13.65,362.4,16.5,604.2,0.0649,1.29,262.6,172.6,18.1
2025-05-16T16:00:00+00:00,1949.7,83.13,346.6,13.93,376.3,15.7,574.5,0.0682,1.11,262.6,172.6,16.4
2025-05-16T16:01:00+00:00,2017.2,81.57,361.4,13.67,372.9,15.5,612.5,0.0624,1.20,262.6,172.6,16.7
2025-05-16T16:02:00+00:00,1879.8,82.73,353.6,13.96,393.2,15.6,603.3,0.0641,1.29,262.6,172.6,16.8
2025-05-16T16:03:00+00:00,2112.7,83.41,337.9,13.88,364.6,15.9,614.2,0.0634,1.27,262.6,172.6,16.8
2025-05-16T16:04:00+00:00,2124.3,83.17,349.9,13.93,392.9,15.7,625.8,0.0674,1.28,262.6,172.6,16.0
2025-05-16T16:05:00+00:00,2094.5,83.46,347.4,14.03,395.6,17.5,631.5,0.0635,1.27,262.6,172.6,16.8
2025-05-16T16:06:00+00:00,2164.5,82.48,360.3,13.85,383.8,16.6,666.0,0.0715,1.28,262.6,172.6,16.2
2025-05-16T16:07:00+00:00,2069.1,81.22,359.0,13.74,399.9,16.0,606.0,0.0635,1.28,262.6,172.6,16.8
2025-05-16T16:08:00+00:00,2140.3,80.53,353.7,13.76,387.1,17.0,611.3,0.0658,1.29,262.6,172.6,14.8
2025-05-16T16:09:00+00:00,2136.8,84.19,367.0,13.54,379.0,15.5,636.2,0.0642,1.33,262.6,172.6,16.2
2025-05-16T16:10:00+00:00,2044.7,80.20,357.8,13.83,380.1,16.8,629.2,0.0628,1.23,262.6,172.6,15.7
2025-05-16T16:11:00+00:00,1946.3,82.67,355.9,13.71,391.6,16.2,601.3,0.0630,1.32,262.6,172.6,17.0
2025-05-16T16:12:00+00:00,1789.8,82.60,359.4,13.80,390.3,19.4,617.2,0.0615,1.24,262.6,172.6,18.1
2025-05-16T16:13:00+00:00,2035.1,82.75,328.9,13.71,386.9,16.9,569.0,0.0673,1.26,262.6,172.6,18.2
2025-05-16T16:14:00+00:00,2026.0,84.09,343.3,13.64,390.9,17.8,560.6,0.0650,1.28,262.6,172.6,16.0
2025-05-16T16:15:00+00:00,1989.0,79.85,342.6,13.78,376.0,19.3,602.7,0.0686,1.34,262.6,172.6,16.8
2025-05-16T16:16:00+00:00,2130.3,81.81,346.6,13.71,373.5,17.1,555.8,0.0644,1.29,262.6,172.6,17.0
2025-05-16T16:17:00+00:00,2096.6,82.65,351.0,13.73,381.6,16.2,650.4,0.0635,1.27,262.6,172.6,16.9
2025-05-16T16:18:00+00:00,2063.4,82.13,354.1,13.80,408.3,15.2,618.0,0.0728,1.31,262.6,172.6,14.9
2025-05-16T16:19:00+00:00,1078.0,79.19,358.6,13.94,359.7,17.2,514.7,0.0602,1.23,262.6,172.6,15.5
2025-05-16T16:20:00+00:00,1040.8,79.04,371.5,13.96,358.8,16.9,530.6,0.0618,1.20,262.6,172.6,15.2
2025-05-16T16:21:00+00:00,1032.7,76.63,360.8,13.98,329.5,17.7,544.2,0.0584,1.35,262.6,172.6,15.8
2025-05-16T16:22:00+00:00,1017.2,78.71,359.5,13.70,364.4,18.4,516.1,0.0577,1.28,262.6,172.6,16.8
2025-05-16T16:23:00+00:00,928.5,78.46,368.2,13.81,332.8,16.7,519.2,0.0561,1.16,262.6,172.6,14.6
2025-05-16T16:24:00+00:00,1125.8,82.05,349.6,13.65,355.4,16.7,596.8,0.0630,1.39,262.6,172.6,16.5
2025-05-16T16:25:00+00:00,977.3,76.12,356.4,13.96,367.5,16.0,577.7,0.0600,1.23,262.6,172.6,16.4
2025-05-16T16:26:00+00:00,930.9,77.41,369.0,13.69,332.4,17.4,583.0,0.0567,1.23,262.6,172.6,14.7
2025-05-16T16:27:00+00:00,923.8,77.98,355.0,13.88,350.6,18.8,595.7,0.0599,1.26,262.6,172.6,15.6
2025-05-16T16:28:00+00:00,1095.7,79.47,351.7,13.85,367.7,13.1,540.5,0.0634,1.40,262.6,172.6,17.2
2025-05-16T16:29:00+00:00,910.2,78.78,352.5,13.76,350.2,14.6,564.7,0.0579,1.32,262.6,172.6,17.4
2025-05-17T06:00:00+00:00,875.7,78.42,353.4,13.95,367.5,14.8,522.2,0.0502,0.58,142.9,97.9,3.9
2025-05-17T06:01:00+00:00,848.5,77.33,366.0,13.79,336.7,15.4,524.8,0.0502,0.56,142.9,97.9,5.5
2025-05-17T06:02:00+00:00,1004.6,77.46,344.9,14.03,334.6,19.0,636.1,0.0516,0.65,142.9,97.9,6.4
2025-05-17T06:03:00+00:00,909.8,82.22,363.8,14.07,337.4,16.0,556.5,0.0584,0.66,142.9,97.9,3.1
2025-05-17T06:04:00+00:00,1011.0,79.19,359.4,13.80,356.7,17.4,587.8,0.0510,0.59,142.9,97.9,3.6
2025-05-17T06:05:00+00:00,1010.4,80.28,347.6,13.75,348.8,19.0,601.3,0.0515,0.65,142.9,97.9,3.6
2025-05-17T06:06:00+00:00,919.5,76.19,367.0,13.94,341.1,18.3,593.8,0.0514,0.70,142.9,97.9,2.9
2025-05-17T06:07:00+00:00,972.1,78.69,354.6,13.48,337.5,17.5,611.1,0.0612,0.67,142.9,97.9,4.6
2025-05-17T06:08:00+00:00,899.4,78.49,345.5,13.86,344.7,18.4,498.6,0.0520,0.58,142.9,97.9,2.9
2025-05-17T06:09:00+00:00,1028.6,78.48,361.5,13.92,337.3,16.5,580.4,0.0539,0.63,142.9,97.9,4.8
2025-05-17T06:10:00+00:00,2060.1,82.94,347.8,13.62,393.1,16.3,655.6,0.0572,0.66,142.9,97.9,6.4
2025-05-17T06:11:00+00:00,1888.9,80.97,332.0,13.53,388.8,19.4,539.0,0.0562,0.65,142.9,97.9,4.2
2025-05-17T06:12:00+00:00,1893.4,80.39,359.1,13.78,376.2,15.3,648.5,0.0557,0.61,142.9,97.9,5.1
2025-05-17T06:13:00+00:00,1924.4,80.69,335.6,13.78,388.0,16.4,544.2,0.0560,0.61,142.9,97.9,6.2
2025-05-17T06:14:00+00:00,2008.8,82.12,355.2,13.80,391.4,17.5,651.5,0.0569,0.57,142.9,97.9,5.7
2025-05-17T06:15:00+00:00,1872.2,81.43,346.5,14.12,360.4,17.1,591.5,0.0598,0.67,142.9,97.9,3.1
2025-05-17T06:16:00+00:00,1983.5,81.81,359.7,13.62,389.8,16.3,571.3,0.0624,0.56,142.9,97.9,4.3
2025-05-17T06:17:00+00:00,1728.6,82.54,349.2,13.92,364.0,17.5,594.3,0.0551,0.63,142.9,97.9,5.1
2025-05-17T06:18:00+00:00,2007.6,83.22,333.1,13.91,366.0,18.7,595.0,0.0595,0.65,142.9,97.9,5.9
2025-05-17T06:19:00+00:00,2181.0,80.27,353.9,13.87,402.1,20.3,648.9,0.0573,0.62,142.9,97.9,6.5
2025-05-17T06:20:00+00:00,1886.7,81.09,357.0,13.71,372.5,16.1,586.9,0.0561,0.64,142.9,97.9,3.6
2025-05-17T06:21:00+00:00,1852.8,81.05,349.5,13.84,377.8,18.0,565.0,0.0578,0.67,142.9,97.9,5.7
2025-05-17T06:22:00+00:00,2227.5,79.67,354.6,13.69,389.2,19.2,640.6,0.0630,0.62,142.9,97.9,4.0
2025-05-17T06:23:00+00:00,2402.0,82.55,353.6,13.79,405.6,17.0,667.7,0.0591,0.67,142.9,97.9,3.5
2025-05-17T06:24:00+00:00,2187.8,81.62,334.7,13.69,397.1,18.3,602.0,0.0641,0.56,142.9,97.9,5.2
2025-05-17T06:25:00+00:00,2047.0,83.30,332.6,13.81,394.7,16.0,576.4,0.0567,0.63,142.9,97.9,5.1
2025-05-17T06:26:00+00:00,1879.3,77.59,354.0,14.04,357.7,16.3,610.1,0.0559,0.63,142.9,97.9,3.4
2025-05-17T06:27:00+00:00,2142.9,84.27,343.6,13.87,376.2,17.0,593.0,0.0571,0.62,142.9,97.9,4.5
2025-05-17T06:28:00+00:00,2036.7,84.07,346.9,13.75,382.7,17.3,603.7,0.0585,0.62,142.9,97.9,4.8
2025-05-17T06:29:00+00:00,2088.0,86.46,354.8,13.74,394.4,19.1,568.4,0.0568,0.61,142.9,97.9,5.2
2025-05-17T06:30:00+00:00,1857.4,81.00,350.4,13.69,371.7,16.9,581.7,0.0549,0.54,142.9,97.9,4.7
2025-05-17T06:31:00+00:00,2031.0,81.16,343.1,13.78,379.9,17.8,614.1,0.0590,0.69,142.9,97.9,4.5
2025-05-17T06:32:00+00:00,1912.0,83.98,352.7,13.78,378.3,15.9,518.3,0.0679,0.67,142.9,97.9,5.0
2025-05-17T06:33:00+00:00,2000.5,81.77,356.7,13.83,392.5,15.0,649.6,0.0582,0.68,142.9,97.9,5.0
2025-05-17T06:34:00+00:00,1659.0,79.47,349.8,13.71,383.2,17.7,579.4,0.0565,0.63,142.9,97.9,5.0
2025-05-17T06:35:00+00:00,2016.4,81.84,355.2,13.84,386.8,18.4,558.0,0.0633,0.57,142.9,97.9,3.7
2025-05-17T06:36:00+00:00,1920.6,81.81,347.8,13.80,366.5,18.2,601.2,0.0582,0.58,142.9,97.9,5.3
2025-05-17T06:37:00+00:00,1899.5,82.43,340.6,13.79,395.2,18.6,614.5,0.0615,0.65,142.9,97.9,5.0
2025-05-17T06:38:00+00:00,2028.8,81.12,345.4,13.82,369.9,14.9,654.5,0.0569,0.66,142.9,97.9,4.2
2025-05-17T06:39:00+00:00,1956.6,80.84,351.1,13.99,382.4,16.6,561.1,0.0602,0.63,142.9,97.9,3.5
2025-05-17T06:40:00+00:00,2080.4,79.78,348.2,13.75,382.5,16.5,560.1,0.0570,0.64,142.9,97.9,5.6
2025-05-17T06:41:00+00:00,1843.5,80.19,333.3,13.81,365.0,16.0,604.2,0.0556,0.63,142.9,97.9,5.4
2025-05-17T06:42:00+00:00,1998.6,83.74,359.2,13.65,368.3,16.0,609.6,0.0588,0.60,142.9,97.9,4.8
2025-05-17T06:43:00+00:00,1971.4,81.59,353.8,13.67,390.6,15.3,623.4,0.0556,0.54,142.9,97.9,5.6
2025-05-17T06:44:00+00:00,2074.4,82.62,347.3,13.72,376.7,17.4,643.2,0.0572,0.67,142.9,97.9,5.4
2025-05-17T06:45:00+00:00,2137.6,83.97,355.9,13.84,388.4,17.8,614.8,0.0590,0.62,142.9,97.9,2.7
2025-05-17T06:46:00+00:00,2148.2,83.16,351.5,13.81,370.8,16.5,579.7,0.0569,0.59,142.9,97.9,7.4
2025-05-17T06:47:00+00:00,2157.7,83.43,351.0,13.74,373.9,20.4,556.2,0.0582,0.61,142.9,97.9,4.4
2025-05-17T06:48:00+00:00,1937.4,79.22,367.9,13.88,382.0,16.8,593.1,0.0614,0.66,142.9,97.9,5.1
2025-05-17T06:49:00+00:00,2521.8,84.23,334.6,13.88,402.0,19.0,620.9,0.0606,0.77,142.9,97.9,5.5
2025-05-17T06:50:00+00:00,2372.6,82.89,352.0,13.43,403.9,15.3,586.7,0.0655,0.59,142.9,97.9,3.1
2025-05-17T06:51:00+00:00,2024.7,82.64,347.4,13.72,375.7,14.6,575.5,0.0566,0.62,142.9,97.9,4.8
2025-05-17T06:52:00+00:00,2048.8,83.10,345.1,13.80,386.0,17.1,620.4,0.0565,0.61,142.9,97.9,4.8
2025-05-17T06:53:00+00:00,2026.7,85.17,350.2,13.76,411.1,19.3,614.5,0.0586,0.63,142.9,97.9,4.9
2025-05-17T06:54:00+00:00,1992.9,82.10,351.7,13.75,387.7,16.9,596.9,0.0596,0.66,142.9,97.9,5.3
2025-05-17T06:55:00+00:00,1960.6,81.20,338.2,13.63,368.4,16.1,597.6,0.0559,0.58,142.9,97.9,3.5
2025-05-17T06:56:00+00:00,2017.4,81.03,351.8,13.96,358.5,19.5,632.6,0.0577,0.74,142.9,97.9,5.8
2025-05-17T06:57:00+00:00,2079.9,82.52,340.4,13.90,357.9,18.1,630.9,0.0591,0.65,142.9,97.9,4.3
2025-05-17T06:58:00+00:00,2077.0,85.10,345.8,13.72,379.9,18.3,623.5,0.0624,0.65,142.9,97.9,5.6
2025-05-17T06:59:00+00:00,2107.4,81.16,347.5,13.96,398.9,17.0,537.0,0.0568,0.60,142.9,97.9,5.4
2025-05-17T07:00:00+00:00,1962.9,80.68,359.7,13.76,364.1,14.9,573.0,0.0564,0.65,142.9,97.9,3.7
2025-05-17T07:01:00+00:00,1930.9,81.31,358.9,13.86,378.4,16.0,605.5,0.0565,0.66,142.9,97.9,4.8
2025-05-17T07:02:00+00:00,2534.8,83.47,350.3,13.81,413.2,19.1,621.2,0.0589,0.59,142.9,97.9,4.0
2025-05-17T07:03:00+00:00,2128.9,82.09,330.7,13.71,364.0,15.4,628.7,0.0579,0.71,142.9,97.9,5.5
2025-05-17T07:04:00+00:00,1963.1,83.45,353.9,13.67,376.8,14.1,571.7,0.0570,0.68,142.9,97.9,4.2
2025-05-17T07:05:00+00:00,2477.5,83.44,360.2,13.66,394.8,13.9,659.0,0.0587,0.60,142.9,97.9,4.2
2025-05-17T07:06:00+00:00,2512.1,82.72,332.5,13.81,406.2,18.4,639.1,0.0589,0.59,142.9,97.9,5.2
2025-05-17T07:07:00+00:00,2437.2,81.55,342.8,13.78,394.7,14.9,598.3,0.0660,0.65,142.9,97.9,4.8
2025-05-17T07:08:00+00:00,2015.4,80.84,353.2,13.77,383.6,16.5,688.3,0.0568,0.65,142.9,97.9,4.0
2025-05-17T07:09:00+00:00,2442.2,81.93,338.7,13.96,367.8,17.3,563.8,0.0590,0.62,142.9,97.9,4.5
2025-05-17T07:10:00+00:00,2434.3,82.56,340.2,13.68,395.7,18.3,611.4,0.0646,0.70,142.9,97.9,6.4
2025-05-17T07:11:00+00:00,2002.8,83.05,349.6,13.62,374.6,15.0,580.5,0.0570,0.68,142.9,97.9,5.1
2025-05-17T07:12:00+00:00,1961.2,82.25,349.2,13.96,387.4,19.2,578.0,0.0645,0.57,142.9,97.9,6.3
2025-05-17T07:13:00+00:00,1951.3,79.21,361.4,13.90,379.7,14.8,653.1,0.0562,0.62,142.9,97.9,4.7
2025-05-17T07:14:00+00:00,1968.1,84.12,351.5,13.76,392.0,15.4,527.8,0.0586,0.57,142.9,97.9,3.8
2025-05-17T07:15:00+00:00,1925.9,81.61,351.9,13.83,369.6,17.3,559.1,0.0557,0.60,142.9,97.9,2.7
2025-05-17T07:16:00+00:00,2001.7,80.00,351.6,13.85,386.3,18.6,591.6,0.0571,0.69,142.9,97.9,5.7
2025-05-17T07:17:00+00:00,2121.1,84.13,362.5,13.85,386.4,17.1,665.7,0.0576,0.69,142.9,97.9,5.2
2025-05-17T07:18:00+00:00,1972.8,82.54,344.6,13.75,393.4,18.2,619.3,0.0565,0.64,142.9,97.9,4.6
2025-05-17T07:19:00+00:00,2015.2,84.15,359.2,13.65,381.5,21.5,644.9,0.0567,0.63,142.9,97.9,4.4
2025-05-17T07:20:00+00:00,1946.5,81.50,357.0,13.80,382.1,16.0,575.2,0.0623,0.66,142.9,97.9,4.8
2025-05-17T07:21:00+00:00,1934.7,82.00,360.2,13.64,383.6,17.7,619.8,0.0558,0.60,142.9,97.9,4.1
2025-05-17T07:22:00+00:00,1774.4,83.27,359.1,13.92,378.7,15.0,536.1,0.0618,0.63,142.9,97.9,4.3
2025-05-17T07:23:00+00:00,1933.1,82.28,364.6,13.50,380.4,19.1,585.4,0.0575,0.61,142.9,97.9,2.4
2025-05-17T07:24:00+00:00,2012.0,81.07,352.5,13.90,388.3,17.5,635.8,0.0604,0.65,142.9,97.9,6.0
2025-05-17T07:25:00+00:00,2082.7,83.73,360.0,13.79,392.6,20.1,604.1,0.0573,0.66,142.9,97.9,6.3
2025-05-17T07:26:00+00:00,1966.2,82.50,353.8,13.78,357.3,16.6,630.1,0.0578,0.72,142.9,97.9,3.7
2025-05-17T07:27:00+00:00,2021.7,82.48,348.0,13.93,370.2,14.0,643.0,0.0566,0.62,142.9,97.9,5.2
2025-05-17T07:28:00+00:00,1960.7,82.61,350.4,13.87,402.7,18.7,582.7,0.0610,0.64,142.9,97.9,5.0
2025-05-17T07:29:00+00:00,2009.0,81.51,358.9,13.74,363.7,16.5,602.8,0.0563,0.62,142.9,97.9,3.5
2025-05-17T07:30:00+00:00,1901.2,82.21,352.9,13.62,378.8,17.4,647.1,0.0565,0.68,142.9,97.9,3.1
2025-05-17T07:31:00+00:00,2157.6,82.33,352.8,13.81,377.6,17.6,597.6,0.0574,0.63,142.9,97.9,4.4
2025-05-17T07:32:00+00:00,1851.5,79.79,344.0,13.75,372.1,17.8,536.0,0.0565,0.71,142.9,97.9,3.4
2025-05-17T07:33:00+00:00,2000.5,84.05,346.7,13.78,359.5,17.5,566.7,0.0617,0.66,142.9,97.9,4.7
2025-05-17T07:34:00+00:00,2169.7,85.59,354.4,13.95,382.9,17.3,572.5,0.0578,0.68,142.9,97.9,5.0
2025-05-17T07:35:00+00:00,1714.3,81.86,348.8,13.91,340.7,15.4,624.9,0.0548,0.62,142.9,97.9,4.1
2025-05-17T07:36:00+00:00,1930.7,81.96,346.6,13.87,358.3,17.4,592.7,0.0568,0.70,142.9,97.9,6.6
2025-05-17T07:37:00+00:00,1988.2,82.71,351.8,13.45,381.9,19.6,584.4,0.0565,0.64,142.9,97.9,4.1
2025-05-17T07:38:00+00:00,2060.1,84.44,350.8,13.85,413.3,13.2,639.6,0.0561,0.55,142.9,97.9,3.1
2025-05-17T07:39:00+00:00,1857.0,81.94,365.7,13.80,406.0,18.3,602.5,0.0613,0.57,142.9,97.9,3.5
2025-05-17T07:40:00+00:00,2198.3,82.60,344.1,13.72,401.8,16.8,663.0,0.0579,0.67,142.9,97.9,4.6
2025-05-17T07:41:00+00:00,1967.9,79.54,343.9,13.79,374.9,16.6,608.3,0.0564,0.63,142.9,97.9,5.6
2025-05-17T07:42:00+00:00,1804.2,79.88,346.6,13.70,378.5,15.3,550.4,0.0556,0.64,142.9,97.9,5.7
2025-05-17T07:43:00+00:00,1924.4,80.65,346.2,14.16,398.3,16.7,599.2,0.0552,0.55,142.9,97.9,6.7
2025-05-17T07:44:00+00:00,1973.8,83.37,349.3,13.77,386.3,18.5,615.4,0.0561,0.61,142.9,97.9,4.1
2025-05-17T07:45:00+00:00,2019.6,83.20,350.8,13.79,405.9,18.2,548.1,0.0570,0.63,142.9,97.9,4.9
2025-05-17T07:46:00+00:00,2011.1,79.83,357.4,13.39,367.5,16.5,569.8,0.0600,0.64,142.9,97.9,3.6
2025-05-17T07:47:00+00:00,2103.5,79.58,348.6,13.79,359.8,18.8,577.6,0.0576,0.63,142.9,97.9,5.3
2025-05-17T07:48:00+00:00,1975.3,80.25,345.9,13.83,390.1,16.6,513.7,0.0568,0.67,142.9,97.9,6.7
2025-05-17T07:49:00+00:00,2151.6,81.90,339.0,13.67,362.8,16.7,588.0,0.0571,0.61,142.9,97.9,3.3
2025-05-17T07:50:00+00:00,2113.6,82.42,352.7,13.82,400.2,19.4,560.9,0.0572,0.64,142.9,97.9,5.7
2025-05-17T07:51:00+00:00,1810.5,82.10,355.5,13.64,360.5,17.2,580.2,0.0556,0.64,142.9,97.9,3.8
2025-05-17T07:52:00+00:00,2078.4,82.23,342.8,13.84,375.7,14.5,597.6,0.0668,0.64,142.9,97.9,3.8
2025-05-17T07:53:00+00:00,884.0,75.52,361.0,13.77,369.8,18.0,565.2,0.0557,0.72,142.9,97.9,2.8
2025-05-17T07:54:00+00:00,1102.4,79.79,363.8,13.76,329.8,18.6,552.1,0.0516,0.61,142.9,97.9,5.8
2025-05-17T07:55:00+00:00,845.9,78.76,352.9,13.52,334.9,15.7,545.1,0.0503,0.64,142.9,97.9,3.2
2025-05-17T07:56:00+00:00,1012.2,81.93,356.5,13.94,337.9,17.3,548.0,0.0512,0.63,142.9,97.9,3.7
2025-05-17T07:57:00+00:00,938.2,80.02,359.0,14.02,342.9,17.0,543.7,0.0506,0.61,142.9,97.9,4.0
2025-05-17T07:58:00+00:00,955.4,80.87,360.3,13.59,353.0,18.0,598.7,0.0546,0.62,142.9,97.9,4.7
2025-05-17T07:59:00+00:00,934.9,80.19,351.2,13.70,329.9,16.5,507.4,0.0505,0.55,142.9,97.9,4.7
2025-05-17T08:00:00+00:00,999.6,81.61,362.3,13.62,376.4,19.4,545.0,0.0549,0.62,142.9,97.9,3.4
2025-05-17T08:01:00+00:00,941.5,77.80,359.9,14.10,353.5,15.3,579.6,0.0511,0.64,142.9,97.9,4.2
2025-05-17T14:00:00+00:00,949.0,77.30,363.0,13.65,354.4,17.4,561.9,0.0508,0.62,142.9,97.9,1.9
2025-05-17T14:01:00+00:00,873.4,81.43,373.8,13.86,360.1,17.0,613.3,0.0500,0.58,142.9,97.9,4.0
2025-05-17T14:02:00+00:00,1019.8,79.29,348.2,13.76,366.4,17.0,549.0,0.0534,0.67,142.9,97.9,5.3
2025-05-17T14:03:00+00:00,853.7,74.56,366.1,14.08,365.7,17.0,570.9,0.0501,0.60,142.9,97.9,3.9
2025-05-17T14:04:00+00:00,1025.0,76.62,361.4,13.93,378.5,16.4,569.2,0.0569,0.64,142.9,97.9,3.8
2025-05-17T14:05:00+00:00,940.8,78.97,357.1,13.72,366.2,16.1,578.7,0.0505,0.60,142.9,97.9,5.4
2025-05-17T14:06:00+00:00,935.2,78.88,355.0,13.90,367.1,18.4,528.2,0.0501,0.56,142.9,97.9,3.5
2025-05-17T14:07:00+00:00,1121.0,81.70,344.9,13.89,371.1,15.2,608.8,0.0596,0.60,142.9,97.9,5.3
2025-05-17T14:08:00+00:00,849.1,76.71,363.1,14.03,354.3,17.3,509.5,0.0493,0.52,142.9,97.9,3.5
2025-05-17T14:09:00+00:00,923.3,75.94,355.3,13.84,371.1,17.7,531.1,0.0513,0.69,142.9,97.9,2.8
2025-05-17T14:10:00+00:00,862.6,79.39,355.3,13.77,331.9,18.8,516.8,0.0569,0.58,142.9,97.9,4.3
2025-05-17T14:11:00+00:00,906.4,78.00,345.2,13.79,340.1,15.6,629.5,0.0511,0.66,142.9,97.9,4.6
2025-05-17T14:12:00+00:00,1128.4,76.95,362.3,13.88,365.5,15.4,603.4,0.0524,0.69,142.9,97.9,6.1
2025-05-17T14:13:00+00:00,867.7,78.61,367.4,13.98,334.0,16.7,513.2,0.0567,0.58,142.9,97.9,3.8
2025-05-17T14:14:00+00:00,2059.9,82.14,346.8,13.96,384.9,18.7,610.5,0.0566,0.62,142.9,97.9,4.6
2025-05-17T14:15:00+00:00,2392.4,81.94,345.0,13.95,395.8,18.9,596.4,0.0583,0.60,142.9,97.9,6.3
2025-05-17T14:16:00+00:00,1838.9,83.41,350.3,13.66,371.7,18.9,564.0,0.0555,0.60,142.9,97.9,5.0
2025-05-17T14:17:00+00:00,2052.4,84.10,360.9,13.67,400.1,18.5,598.8,0.0568,0.62,142.9,97.9,4.4
2025-05-17T14:18:00+00:00,1797.2,83.40,350.3,13.65,375.0,14.4,554.2,0.0560,0.67,142.9,97.9,4.3
2025-05-17T14:19:00+00:00,1967.0,83.34,360.8,13.66,386.0,17.5,611.6,0.0593,0.69,142.9,97.9,5.0
2025-05-17T14:20:00+00:00,1991.8,81.35,335.7,13.50,369.5,15.9,598.3,0.0666,0.70,142.9,97.9,4.4
2025-05-17T14:21:00+00:00,1904.6,83.16,351.9,13.84,374.4,16.7,606.7,0.0557,0.60,142.9,97.9,2.6
2025-05-17T14:22:00+00:00,2088.1,81.03,339.9,13.54,387.8,17.9,597.4,0.0637,0.62,142.9,97.9,4.8
2025-05-17T14:23:00+00:00,1960.1,86.21,358.2,13.71,379.6,19.6,639.2,0.0610,0.62,142.9,97.9,6.0
2025-05-17T14:24:00+00:00,1824.1,83.55,355.4,13.70,384.9,17.8,627.9,0.0553,0.60,142.9,97.9,5.8
2025-05-17T14:25:00+00:00,2045.1,79.29,355.8,13.72,396.6,16.8,625.4,0.0598,0.68,142.9,97.9,5.0
2025-05-17T14:26:00+00:00,1999.9,83.49,350.3,13.65,387.2,17.9,577.9,0.0566,0.65,142.9,97.9,5.2
2025-05-17T14:27:00+00:00,2216.0,83.17,335.8,13.93,367.0,14.6,673.8,0.0570,0.57,142.9,97.9,5.4
2025-05-17T14:28:00+00:00,2051.7,83.02,351.8,13.76,377.0,13.9,564.6,0.0561,0.57,142.9,97.9,5.8
2025-05-17T14:29:00+00:00,2069.4,82.62,358.4,13.59,382.4,18.9,598.9,0.0574,0.69,142.9,97.9,4.8
2025-05-17T14:30:00+00:00,2109.3,81.93,348.2,13.69,393.6,15.9,551.8,0.0590,0.64,142.9,97.9,3.7
2025-05-17T14:31:00+00:00,2091.9,82.94,350.7,13.98,388.9,17.8,594.0,0.0607,0.70,142.9,97.9,5.1
2025-05-17T14:32:00+00:00,1997.8,82.04,348.0,13.71,346.8,18.4,608.6,0.0604,0.63,142.9,97.9,3.1
2025-05-17T14:33:00+00:00,2273.1,81.88,341.8,13.93,382.5,18.6,549.5,0.0619,0.64,142.9,97.9,4.8
2025-05-17T14:34:00+00:00,2067.3,82.02,343.5,13.76,401.3,15.8,621.6,0.0565,0.61,142.9,97.9,7.2
2025-05-17T14:35:00+00:00,1987.6,81.01,339.3,13.91,377.6,17.6,632.8,0.0561,0.59,142.9,97.9,5.4
2025-05-17T14:36:00+00:00,2067.2,82.88,347.3,13.88,379.1,18.4,591.2,0.0642,0.60,142.9,97.9,5.8
2025-05-17T14:37:00+00:00,2086.5,79.26,354.3,13.88,377.4,17.8,607.8,0.0570,0.65,142.9,97.9,5.2
2025-05-17T14:38:00+00:00,1855.3,82.74,357.8,13.87,374.4,17.3,598.1,0.0559,0.64,142.9,97.9,2.9
2025-05-17T14:39:00+00:00,2029.2,81.38,343.7,13.95,385.5,17.8,539.7,0.0565,0.61,142.9,97.9,4.0
2025-05-17T14:40:00+00:00,2064.2,82.96,345.7,13.78,395.3,19.2,628.6,0.0627,0.64,142.9,97.9,5.4
2025-05-17T14:41:00+00:00,2013.9,80.84,356.2,13.56,398.2,17.4,596.3,0.0656,0.70,142.9,97.9,4.8
2025-05-17T14:42:00+00:00,1957.2,81.97,360.4,13.69,375.5,17.2,626.1,0.0569,0.68,142.9,97.9,4.6
2025-05-17T14:43:00+00:00,2024.7,84.16,353.6,13.75,409.7,15.0,619.7,0.0569,0.66,142.9,97.9,5.9
2025-05-17T14:44:00+00:00,1996.6,83.32,343.5,13.53,377.2,16.7,602.2,0.0653,0.65,142.9,97.9,4.1
2025-05-17T14:45:00+00:00,1893.0,81.13,358.9,13.78,372.1,15.9,572.2,0.0553,0.58,142.9,97.9,4.0
2025-05-17T14:46:00+00:00,1810.1,79.23,353.2,14.01,369.5,18.3,581.2,0.0555,0.62,142.9,97.9,4.7
2025-05-17T14:47:00+00:00,2176.5,83.32,352.0,13.38,393.3,18.6,566.0,0.0580,0.69,142.9,97.9,5.7
2025-05-17T14:48:00+00:00,1809.9,81.88,354.4,13.50,388.0,15.1,606.5,0.0568,0.66,142.9,97.9,3.6
2025-05-17T14:49:00+00:00,1992.7,83.35,345.4,13.88,392.2,15.4,639.5,0.0568,0.65,142.9,97.9,3.3
2025-05-17T14:50:00+00:00,2089.9,84.01,363.6,14.03,388.2,17.7,562.0,0.0637,0.61,142.9,97.9,6.1
2025-05-17T14:51:00+00:00,1990.9,81.52,347.2,13.75,382.2,19.1,564.2,0.0551,0.49,142.9,97.9,2.7
2025-05-17T14:52:00+00:00,1933.2,83.68,366.3,13.70,402.6,18.6,608.3,0.0561,0.62,142.9,97.9,3.5
2025-05-17T14:53:00+00:00,1831.2,83.04,341.5,13.79,368.8,17.8,604.7,0.0594,0.65,142.9,97.9,4.3
2025-05-17T14:54:00+00:00,2114.6,80.85,346.9,13.74,375.3,14.8,609.9,0.0566,0.58,142.9,97.9,3.0
2025-05-17T14:55:00+00:00,1982.4,80.43,349.1,13.67,359.8,15.9,595.6,0.0563,0.62,142.9,97.9,2.8
2025-05-17T14:56:00+00:00,2030.6,81.77,362.7,13.46,377.8,16.9,631.5,0.0573,0.70,142.9,97.9,5.8
2025-05-17T14:57:00+00:00,1950.1,79.99,347.5,13.89,366.2,16.8,599.9,0.0631,0.61,142.9,97.9,4.6
2025-05-17T14:58:00+00:00,1989.4,84.21,340.8,14.15,380.3,17.0,591.5,0.0573,0.72,142.9,97.9,4.6
2025-05-17T14:59:00+00:00,1904.2,79.35,339.0,13.81,373.3,16.5,644.1,0.0559,0.61,142.9,97.9,4.3
2025-05-17T15:00:00+00:00,2179.2,80.07,351.6,13.74,370.1,19.2,586.9,0.0578,0.68,142.9,97.9,5.5
2025-05-17T15:01:00+00:00,2009.1,83.66,343.0,14.00,388.6,18.0,593.6,0.0609,0.70,142.9,97.9,4.1
2025-05-17T15:02:00+00:00,2136.2,80.81,343.8,13.87,400.4,16.5,660.4,0.0604,0.62,142.9,97.9,4.8
2025-05-17T15:03:00+00:00,2151.0,80.83,326.4,13.74,374.5,17.2,670.3,0.0656,0.57,142.9,97.9,4.4
2025-05-17T15:04:00+00:00,2115.4,84.04,356.9,13.74,399.1,16.2,577.3,0.0681,0.66,142.9,97.9,4.9
2025-05-17T15:05:00+00:00,2170.5,84.23,355.9,13.76,368.2,18.2,551.8,0.0577,0.66,142.9,97.9,4.9
2025-05-17T15:06:00+00:00,2008.8,80.44,352.7,13.65,386.8,21.1,616.2,0.0594,0.61,142.9,97.9,1.6
2025-05-17T15:07:00+00:00,1922.9,80.73,366.1,14.00,386.0,17.9,609.9,0.0557,0.60,142.9,97.9,4.7
2025-05-17T15:08:00+00:00,2079.9,82.90,365.1,13.79,377.6,17.4,592.6,0.0641,0.67,142.9,97.9,2.7
2025-05-17T15:09:00+00:00,2445.9,83.52,336.8,13.62,392.4,18.3,622.8,0.0594,0.67,142.9,97.9,4.5
2025-05-17T15:10:00+00:00,2080.4,83.70,344.9,13.70,408.0,19.1,607.2,0.0567,0.59,142.9,97.9,5.0
2025-05-17T15:11:00+00:00,2450.7,83.91,342.5,13.81,412.8,18.7,692.1,0.0586,0.59,142.9,97.9,5.8
2025-05-17T15:12:00+00:00,1968.2,81.02,347.6,13.86,385.1,15.8,547.8,0.0598,0.74,142.9,97.9,3.4
2025-05-17T15:13:00+00:00,1931.3,82.51,356.8,13.81,370.0,15.9,622.6,0.0603,0.61,142.9,97.9,2.3
2025-05-17T15:14:00+00:00,2093.6,81.68,344.3,13.85,366.2,15.5,625.5,0.0576,0.69,142.9,97.9,4.8
2025-05-17T15:15:00+00:00,1875.3,80.98,351.7,13.67,392.2,18.3,564.5,0.0562,0.67,142.9,97.9,4.5
2025-05-17T15:16:00+00:00,2132.8,80.08,343.6,13.94,363.0,18.2,600.5,0.0689,0.69,142.9,97.9,4.8
2025-05-17T15:17:00+00:00,2526.4,84.97,348.8,13.72,401.7,17.9,623.8,0.0588,0.59,142.9,97.9,6.4
2025-05-17T15:18:00+00:00,1991.4,80.38,353.7,13.58,377.9,18.3,602.9,0.0624,0.63,142.9,97.9,3.5
2025-05-17T15:19:00+00:00,1907.2,80.22,344.5,13.79,366.5,16.8,593.3,0.0579,0.63,142.9,97.9,5.4
2025-05-17T15:20:00+00:00,2162.7,82.01,335.7,13.74,393.6,14.2,680.1,0.0656,0.52,142.9,97.9,3.8
2025-05-17T15:21:00+00:00,1838.5,82.16,345.2,13.69,359.0,17.2,580.3,0.0566,0.65,142.9,97.9,4.8
2025-05-17T15:22:00+00:00,2124.3,82.85,337.8,14.00,377.3,16.7,604.8,0.0568,0.59,142.9,97.9,3.5
2025-05-17T15:23:00+00:00,1969.2,81.47,338.9,13.83,385.1,17.9,564.7,0.0637,0.68,142.9,97.9,5.6
2025-05-17T15:24:00+00:00,2478.3,82.40,351.2,13.85,384.3,16.0,625.0,0.0591,0.64,142.9,97.9,6.2
2025-05-17T15:25:00+00:00,1962.8,83.55,349.2,13.97,367.1,15.1,560.9,0.0569,0.65,142.9,97.9,3.8
2025-05-17T15:26:00+00:00,2206.3,81.97,347.9,13.89,352.2,19.8,645.4,0.0567,0.55,142.9,97.9,6.6
2025-05-17T15:27:00+00:00,1908.3,82.60,351.6,13.81,388.0,17.9,587.4,0.0563,0.66,142.9,97.9,3.7
2025-05-17T15:28:00+00:00,2563.9,83.12,335.8,13.64,435.9,17.7,620.8,0.0636,0.63,142.9,97.9,3.5
2025-05-17T15:29:00+00:00,2014.7,83.09,355.3,13.81,370.9,16.9,593.8,0.0629,0.66,142.9,97.9,2.5
2025-05-17T15:30:00+00:00,1997.7,84.62,362.9,13.87,407.0,15.8,589.1,0.0626,0.63,142.9,97.9,3.2
2025-05-17T15:31:00+00:00,2493.7,84.17,340.7,13.87,425.0,18.5,653.9,0.0586,0.59,142.9,97.9,4.6
2025-05-17T15:32:00+00:00,1959.3,82.06,352.3,13.63,401.3,17.1,583.1,0.0567,0.67,142.9,97.9,4.9
2025-05-17T15:33:00+00:00,2191.1,83.69,363.8,13.40,402.8,17.2,600.2,0.0587,0.63,142.9,97.9,5.2
2025-05-17T15:34:00+00:00,2041.3,83.05,340.7,14.01,379.2,17.4,551.8,0.0566,0.62,142.9,97.9,4.9
2025-05-17T15:35:00+00:00,1938.6,83.29,359.8,13.78,400.3,17.5,597.0,0.0611,0.74,142.9,97.9,4.7
2025-05-17T15:36:00+00:00,1944.4,83.44,364.2,13.84,386.7,15.8,585.8,0.0614,0.63,142.9,97.9,2.7
2025-05-17T15:37:00+00:00,1927.6,79.70,350.1,13.76,362.6,17.0,553.9,0.0560,0.57,142.9,97.9,3.7
2025-05-17T15:38:00+00:00,2050.1,82.77,339.8,14.24,368.9,17.0,565.6,0.0574,0.70,142.9,97.9,2.0
2025-05-17T15:39:00+00:00,1932.4,80.72,351.6,13.47,372.4,17.2,578.6,0.0558,0.60,142.9,97.9,3.9
2025-05-17T15:40:00+00:00,2029.4,83.28,345.5,13.97,385.0,18.7,633.9,0.0566,0.62,142.9,97.9,5.1
2025-05-17T15:41:00+00:00,2120.4,84.54,341.1,13.61,370.2,13.4,664.5,0.0577,0.69,142.9,97.9,5.1
2025-05-17T15:42:00+00:00,1975.9,82.02,350.2,13.75,381.5,18.6,635.8,0.0565,0.60,142.9,97.9,4.4
2025-05-17T15:43:00+00:00,1960.7,83.32,355.8,13.89,391.7,16.2,591.9,0.0601,0.61,142.9,97.9,5.8
2025-05-17T15:44:00+00:00,1984.1,81.53,358.7,13.97,362.5,16.3,596.9,0.0565,0.65,142.9,97.9,3.1
2025-05-17T15:45:00+00:00,1846.2,81.88,364.2,13.95,381.6,12.6,557.8,0.0611,0.62,142.9,97.9,4.9
2025-05-17T15:46:00+00:00,2082.1,82.87,352.6,13.96,384.9,17.4,601.6,0.0606,0.54,142.9,97.9,3.9
2025-05-17T15:47:00+00:00,2041.9,81.40,358.0,13.52,390.6,17.5,580.0,0.0571,0.66,142.9,97.9,5.1
2025-05-17T15:48:00+00:00,2030.5,86.37,349.6,13.85,400.4,15.1,615.6,0.0566,0.64,142.9,97.9,3.6
2025-05-17T15:49:00+00:00,1628.4,80.62,337.6,13.53,366.5,19.4,575.3,0.0554,0.71,142.9,97.9,3.5
2025-05-17T15:50:00+00:00,2082.9,82.62,341.4,13.73,390.0,17.4,576.6,0.0581,0.75,142.9,97.9,3.4
2025-05-17T15:51:00+00:00,2048.6,80.99,334.1,13.62,375.1,16.6,627.5,0.0568,0.64,142.9,97.9,4.7
2025-05-17T15:52:00+00:00,2112.6,83.50,344.9,13.76,385.4,18.5,614.3,0.0575,0.65,142.9,97.9,5.3
2025-05-17T15:53:00+00:00,2031.5,80.05,343.5,13.86,383.8,15.8,613.1,0.0643,0.70,142.9,97.9,4.0
2025-05-17T15:54:00+00:00,2116.5,82.43,349.8,13.55,373.9,16.7,619.6,0.0573,0.64,142.9,97.9,5.8
2025-05-17T15:55:00+00:00,1919.5,80.57,359.4,14.00,384.1,14.5,573.5,0.0558,0.61,142.9,97.9,4.4
2025-05-17T15:56:00+00:00,2069.5,81.87,342.9,13.95,379.2,17.6,553.9,0.0635,0.64,142.9,97.9,6.4
2025-05-17T15:57:00+00:00,1962.9,82.57,361.1,13.72,368.6,17.2,605.2,0.0656,0.60,142.9,97.9,4.6
2025-05-17T15:58:00+00:00,2057.8,84.26,337.5,13.71,377.4,13.7,590.9,0.0561,0.55,142.9,97.9,4.6
2025-05-17T15:59:00+00:00,1860.5,82.62,359.3,13.75,369.1,17.5,584.9,0.0564,0.63,142.9,97.9,4.4
2025-05-17T16:00:00+00:00,2116.8,84.00,357.8,14.03,391.1,17.4,601.4,0.0619,0.71,142.9,97.9,2.7
2025-05-17T16:01:00+00:00,2220.6,81.41,352.6,13.86,413.2,18.0,615.2,0.0582,0.67,142.9,97.9,4.6
2025-05-17T16:02:00+00:00,2189.1,82.88,355.8,13.65,391.6,13.4,622.8,0.0591,0.68,142.9,97.9,3.7
2025-05-17T16:03:00+00:00,2317.3,81.91,358.7,13.47,377.2,14.5,599.9,0.0584,0.66,142.9,97.9,4.2
2025-05-17T16:04:00+00:00,2307.7,84.60,357.6,13.74,379.5,16.5,634.7,0.0582,0.64,142.9,97.9,4.7
2025-05-17T16:05:00+00:00,2063.1,82.03,344.8,13.72,405.8,14.8,597.4,0.0560,0.54,142.9,97.9,4.4
2025-05-17T16:06:00+00:00,1964.7,82.24,364.4,13.88,389.1,12.4,608.3,0.0559,0.58,142.9,97.9,4.3
2025-05-17T16:07:00+00:00,1912.6,83.62,346.5,13.53,382.8,15.0,584.9,0.0562,0.66,142.9,97.9,2.9
2025-05-17T16:08:00+00:00,2001.8,82.04,348.0,13.77,387.6,19.3,628.3,0.0567,0.65,142.9,97.9,3.5
2025-05-17T16:09:00+00:00,2024.0,82.64,339.0,13.78,380.5,17.1,571.1,0.0639,0.60,142.9,97.9,3.0
2025-05-17T16:10:00+00:00,2061.9,81.21,353.5,13.44,377.1,17.2,610.5,0.0681,0.59,142.9,97.9,4.6
2025-05-17T16:11:00+00:00,1969.5,82.24,349.7,13.85,387.1,17.6,542.6,0.0619,0.67,142.9,97.9,3.7
2025-05-17T16:12:00+00:00,1909.6,80.49,350.1,13.57,378.7,14.9,587.9,0.0554,0.56,142.9,97.9,4.8
2025-05-17T16:13:00+00:00,2075.7,83.83,349.8,13.76,380.0,17.5,632.6,0.0572,0.66,142.9,97.9,2.9
2025-05-17T16:14:00+00:00,2176.6,80.88,343.2,13.85,382.2,17.9,619.4,0.0619,0.71,142.9,97.9,2.4
2025-05-17T16:15:00+00:00,1940.1,79.86,362.1,13.69,358.0,20.1,620.4,0.0573,0.74,142.9,97.9,4.1
2025-05-17T16:16:00+00:00,1906.0,82.45,333.8,13.47,378.8,14.9,628.4,0.0562,0.56,142.9,97.9,2.7
2025-05-17T16:17:00+00:00,1900.2,82.64,349.4,13.62,361.3,17.6,591.6,0.0601,0.64,142.9,97.9,4.6
2025-05-17T16:18:00+00:00,2110.6,83.68,348.3,13.84,395.8,16.5,614.5,0.0608,0.71,142.9,97.9,3.1
2025-05-17T16:19:00+00:00,2048.4,81.67,336.8,13.92,400.9,14.4,624.9,0.0572,0.68,142.9,97.9,5.2
2025-05-17T16:20:00+00:00,2048.1,83.87,341.1,13.80,386.9,16.7,600.6,0.0572,0.62,142.9,97.9,5.6
2025-05-17T16:21:00+00:00,1896.3,77.15,339.6,13.90,395.9,16.7,648.3,0.0554,0.58,142.9,97.9,4.9
2025-05-17T16:22:00+00:00,1884.1,81.56,356.9,13.97,370.6,16.1,608.6,0.0559,0.63,142.9,97.9,1.9
2025-05-17T16:23:00+00:00,2013.2,82.76,346.4,13.86,404.8,18.4,587.4,0.0627,0.67,142.9,97.9,6.0
2025-05-17T16:24:00+00:00,2088.8,81.53,350.0,13.71,391.6,17.3,601.3,0.0613,0.62,142.9,97.9,4.8
2025-05-17T16:25:00+00:00,2156.9,82.71,343.6,13.62,387.9,17.7,650.9,0.0576,0.66,142.9,97.9,5.4
2025-05-17T16:26:00+00:00,2036.0,83.90,360.7,13.95,384.5,15.3,626.5,0.0571,0.66,142.9,97.9,1.9
2025-05-17T16:27:00+00:00,1883.9,79.17,362.2,14.07,366.4,16.9,571.5,0.0561,0.65,142.9,97.9,3.4
2025-05-17T16:28:00+00:00,1877.9,81.13,349.2,13.78,364.7,15.6,572.9,0.0551,0.55,142.9,97.9,4.3
2025-05-17T16:29:00+00:00,1887.2,79.02,348.0,14.22,366.8,19.3,607.1,0.0586,0.68,142.9,97.9,2.5
2025-05-17T16:30:00+00:00,872.7,76.44,365.9,13.82,336.5,14.3,492.8,0.0531,0.60,142.9,97.9,4.3
2025-05-17T16:31:00+00:00,1131.1,78.41,354.9,13.81,348.0,17.3,573.7,0.0517,0.62,142.9,97.9,3.3
2025-05-17T16:32:00+00:00,859.9,76.86,350.6,13.61,334.3,13.8,500.1,0.0511,0.65,142.9,97.9,5.4
2025-05-17T16:33:00+00:00,1009.9,77.88,352.9,13.93,338.3,16.4,534.4,0.0512,0.63,142.9,97.9,5.3
2025-05-17T16:34:00+00:00,964.7,77.08,359.4,13.71,354.0,16.2,531.9,0.0520,0.67,142.9,97.9,6.4
2025-05-17T16:35:00+00:00,968.0,80.67,361.0,13.83,347.1,17.5,497.3,0.0529,0.64,142.9,97.9,4.5
2025-05-17T16:36:00+00:00,995.9,79.62,364.2,13.84,346.0,17.8,566.8,0.0538,0.69,142.9,97.9,3.4
2025-05-17T16:37:00+00:00,1168.7,81.14,355.5,13.82,367.5,14.8,533.6,0.0522,0.65,142.9,97.9,5.4
2025-05-17T16:38:00+00:00,1078.6,77.14,348.5,13.89,350.7,15.1,538.6,0.0511,0.59,142.9,97.9,4.3
2025-05-17T16:39:00+00:00,991.1,79.12,351.9,13.57,321.8,16.6,583.0,0.0516,0.67,142.9,97.9,4.9
2025-05-17T16:40:00+00:00,1013.1,79.59,353.3,13.93,364.7,17.0,556.4,0.0545,0.64,142.9,97.9,3.7
2025-05-17T16:41:00+00:00,986.1,79.84,348.0,13.66,357.7,15.0,497.5,0.0516,0.68,142.9,97.9,5.4
2025-05-17T16:42:00+00:00,1056.7,80.68,347.9,13.62,347.5,18.0,606.9,0.0548,0.64,142.9,97.9,6.1
2025-05-18T06:00:00+00:00,947.1,79.70,357.1,13.90,364.0,16.5,587.5,0.0518,0.58,269.2,359.2,6.5
2025-05-18T06:01:00+00:00,982.4,81.10,347.3,13.89,352.6,18.2,552.4,0.0533,0.64,269.2,359.2,6.9
2025-05-18T06:02:00+00:00,1030.1,81.25,356.2,13.98,356.7,17.6,592.5,0.0536,0.63,269.2,359.2,5.2
2025-05-18T06:03:00+00:00,998.9,78.11,367.2,13.79,342.7,15.4,577.6,0.0556,0.67,269.2,359.2,5.1
2025-05-18T06:04:00+00:00,950.9,77.11,356.4,13.88,348.7,17.3,551.9,0.0515,0.69,269.2,359.2,6.9
2025-05-18T06:05:00+00:00,847.4,76.32,356.7,13.83,350.0,18.1,594.0,0.0501,0.61,269.2,359.2,3.8
2025-05-18T06:06:00+00:00,1026.1,79.05,351.4,13.81,360.1,16.1,549.8,0.0560,0.72,269.2,359.2,5.5
2025-05-18T06:07:00+00:00,992.2,80.10,356.8,13.67,356.3,16.2,592.5,0.0518,0.60,269.2,359.2,4.7
2025-05-18T06:08:00+00:00,1086.4,78.50,361.1,13.76,319.7,17.6,576.2,0.0561,0.55,269.2,359.2,5.8
2025-05-18T06:09:00+00:00,839.0,76.18,356.9,13.66,351.9,16.9,591.5,0.0547,0.61,269.2,359.2,6.8
2025-05-18T06:10:00+00:00,942.7,78.22,357.7,13.89,356.3,15.5,540.7,0.0509,0.63,269.2,359.2,6.5
2025-05-18T06:11:00+00:00,1140.8,78.98,366.8,13.72,362.6,15.3,548.5,0.0521,0.65,269.2,359.2,7.0
2025-05-18T06:12:00+00:00,1004.7,77.92,356.1,13.46,345.7,13.1,573.5,0.0571,0.64,269.2,359.2,6.3
2025-05-18T06:13:00+00:00,1905.7,80.92,335.4,13.89,359.7,16.7,572.1,0.0580,0.59,269.2,359.2,6.7
2025-05-18T06:14:00+00:00,1997.5,79.08,355.3,13.84,376.3,14.9,621.7,0.0570,0.67,269.2,359.2,4.8
2025-05-18T06:15:00+00:00,2223.3,83.30,354.7,14.05,399.4,16.3,648.8,0.0576,0.62,269.2,359.2,6.0
2025-05-18T06:16:00+00:00,2083.7,84.11,338.8,13.81,366.7,17.1,603.9,0.0601,0.65,269.2,359.2,7.0
2025-05-18T06:17:00+00:00,1959.4,81.85,346.4,13.74,398.5,16.4,543.6,0.0592,0.69,269.2,359.2,8.0
2025-05-18T06:18:00+00:00,2159.6,84.75,371.0,14.26,380.9,16.7,592.7,0.0577,0.67,269.2,359.2,6.8
2025-05-18T06:19:00+00:00,2093.7,79.52,346.0,13.54,376.4,15.3,611.8,0.0564,0.56,269.2,359.2,6.1
2025-05-18T06:20:00+00:00,1884.8,82.46,343.5,13.92,379.0,17.8,596.3,0.0575,0.68,269.2,359.2,8.3
2025-05-18T06:21:00+00:00,1867.2,82.75,335.8,13.66,393.9,15.8,619.6,0.0547,0.52,269.2,359.2,7.0
2025-05-18T06:22:00+00:00,1970.4,80.90,348.7,13.62,399.3,15.7,613.5,0.0559,0.58,269.2,359.2,6.1
2025-05-18T06:23:00+00:00,2142.9,86.41,346.6,13.80,396.3,16.3,619.6,0.0621,0.66,269.2,359.2,7.0
2025-05-18T06:24:00+00:00,1953.8,81.00,336.9,13.66,397.1,17.9,597.3,0.0573,0.61,269.2,359.2,6.3
2025-05-18T06:25:00+00:00,1936.0,82.56,357.7,13.99,378.5,16.9,594.8,0.0563,0.63,269.2,359.2,7.1
2025-05-18T06:26:00+00:00,1835.2,83.72,352.6,14.15,367.8,15.1,581.0,0.0606,0.58,269.2,359.2,5.5
2025-05-18T06:27:00+00:00,1954.6,81.18,354.4,14.14,371.3,18.7,592.6,0.0574,0.60,269.2,359.2,5.1
2025-05-18T06:28:00+00:00,2133.7,83.61,351.7,13.65,435.2,17.8,593.2,0.0616,0.66,269.2,359.2,6.1
2025-05-18T06:29:00+00:00,2052.7,81.63,350.2,13.76,374.2,18.8,604.2,0.0563,0.59,269.2,359.2,6.3
2025-05-18T06:30:00+00:00,1887.0,83.44,346.7,13.99,404.2,15.3,580.4,0.0553,0.57,269.2,359.2,6.5
2025-05-18T06:31:00+00:00,2086.7,82.09,335.7,13.78,382.9,16.6,574.7,0.0570,0.63,269.2,359.2,6.2
2025-05-18T06:32:00+00:00,2020.4,83.72,352.5,13.83,376.6,18.4,615.4,0.0559,0.55,269.2,359.2,6.8
2025-05-18T06:33:00+00:00,1974.5,81.53,336.4,13.74,358.2,18.1,619.9,0.0603,0.55,269.2,359.2,5.4
2025-05-18T06:34:00+00:00,2092.7,82.95,350.0,13.85,378.7,18.7,630.0,0.0617,0.60,269.2,359.2,4.1
2025-05-18T06:35:00+00:00,2016.6,81.42,355.0,13.82,381.8,17.3,587.9,0.0571,0.68,269.2,359.2,5.9
2025-05-18T06:36:00+00:00,2152.3,81.78,350.5,13.81,386.0,16.2,591.0,0.0575,0.65,269.2,359.2,4.6
2025-05-18T06:37:00+00:00,2175.2,79.34,356.3,13.55,374.9,16.1,603.6,0.0641,0.65,269.2,359.2,5.9
2025-05-18T06:38:00+00:00,2078.8,83.14,335.0,13.96,373.3,19.0,561.5,0.0570,0.63,269.2,359.2,6.6
2025-05-18T06:39:00+00:00,1940.3,84.20,342.2,13.54,374.8,17.4,591.7,0.0565,0.66,269.2,359.2,5.4
2025-05-18T06:40:00+00:00,1907.1,82.86,355.2,13.65,371.8,15.8,586.8,0.0563,0.67,269.2,359.2,5.6
2025-05-18T06:41:00+00:00,1993.3,81.21,345.3,13.93,381.9,16.4,593.2,0.0670,0.64,269.2,359.2,5.1
2025-05-18T06:42:00+00:00,2119.8,82.48,340.4,13.79,367.6,19.2,603.0,0.0572,0.62,269.2,359.2,6.7
2025-05-18T06:43:00+00:00,1872.5,81.14,354.6,13.67,377.6,18.1,593.3,0.0574,0.79,269.2,359.2,6.5
2025-05-18T06:44:00+00:00,1833.7,80.80,355.5,13.93,376.8,16.4,583.1,0.0559,0.66,269.2,359.2,5.1
2025-05-18T06:45:00+00:00,2130.5,84.12,342.2,13.51,377.5,18.3,586.8,0.0645,0.64,269.2,359.2,7.1
2025-05-18T06:46:00+00:00,2006.4,83.32,340.4,13.76,359.2,15.3,575.9,0.0562,0.58,269.2,359.2,6.0
2025-05-18T06:47:00+00:00,1865.2,83.48,350.2,13.85,381.6,15.7,566.9,0.0564,0.69,269.2,359.2,6.8
2025-05-18T06:48:00+00:00,1938.1,83.49,348.4,13.97,374.4,16.5,598.8,0.0580,0.62,269.2,359.2,6.3
2025-05-18T06:49:00+00:00,1847.5,81.12,354.4,13.70,411.7,18.0,591.8,0.0598,0.68,269.2,359.2,4.5
2025-05-18T06:50:00+00:00,1908.4,84.13,349.6,13.79,378.2,15.6,599.7,0.0555,0.57,269.2,359.2,5.8
2025-05-18T06:51:00+00:00,1967.8,82.07,359.2,13.83,357.3,16.7,607.9,0.0565,0.64,269.2,359.2,7.3
2025-05-18T06:52:00+00:00,1938.0,80.71,356.1,13.70,374.2,16.1,614.5,0.0591,0.56,269.2,359.2,5.7
2025-05-18T06:53:00+00:00,1862.7,82.15,348.3,13.70,391.5,16.4,596.0,0.0654,0.66,269.2,359.2,5.9
2025-05-18T06:54:00+00:00,2140.6,81.66,338.3,13.65,371.2,19.5,641.6,0.0613,0.61,269.2,359.2,6.1
2025-05-18T06:55:00+00:00,1836.4,80.80,357.3,13.76,368.6,20.0,595.8,0.0604,0.61,269.2,359.2,8.2
2025-05-18T06:56:00+00:00,2131.2,83.09,345.8,13.76,391.2,15.9,588.8,0.0575,0.66,269.2,359.2,6.8
2025-05-18T06:57:00+00:00,1891.3,81.15,356.6,13.89,405.4,17.1,524.4,0.0611,0.53,269.2,359.2,5.5
2025-05-18T06:58:00+00:00,2026.6,81.63,354.4,13.70,382.3,15.4,577.0,0.0608,0.57,269.2,359.2,8.2
2025-05-18T06:59:00+00:00,1981.7,80.45,348.6,13.69,369.0,17.2,578.7,0.0578,0.58,269.2,359.2,9.3
2025-05-18T07:00:00+00:00,1976.4,85.56,348.1,13.79,395.2,19.0,631.1,0.0558,0.58,269.2,359.2,7.4
2025-05-18T07:01:00+00:00,1921.9,82.11,366.5,13.64,369.8,18.3,611.5,0.0569,0.70,269.2,359.2,7.0
2025-05-18T07:02:00+00:00,2127.5,80.66,352.5,13.91,368.4,18.5,666.4,0.0615,0.51,269.2,359.2,7.2
2025-05-18T07:03:00+00:00,1971.4,81.65,352.4,13.67,390.0,15.1,624.1,0.0605,0.66,269.2,359.2,5.5
2025-05-18T07:04:00+00:00,1942.7,83.90,339.6,14.01,359.0,17.0,619.2,0.0590,0.68,269.2,359.2,6.8
2025-05-18T07:05:00+00:00,2466.6,82.04,330.5,13.96,401.5,16.1,608.7,0.0593,0.64,269.2,359.2,5.6
2025-05-18T07:06:00+00:00,1889.2,82.12,352.6,13.74,367.1,16.5,635.4,0.0630,0.61,269.2,359.2,5.6
2025-05-18T07:07:00+00:00,2055.2,83.14,343.9,13.94,369.9,16.2,579.3,0.0579,0.75,269.2,359.2,4.8
2025-05-18T07:08:00+00:00,1951.3,80.56,339.8,13.64,380.8,16.8,576.3,0.0565,0.66,269.2,359.2,5.1
2025-05-18T07:09:00+00:00,2100.6,84.32,364.9,13.87,373.2,17.2,571.2,0.0571,0.55,269.2,359.2,5.1
2025-05-18T07:10:00+00:00,2073.7,81.15,347.2,13.81,386.2,16.9,605.3,0.0625,0.62,269.2,359.2,5.1
2025-05-18T07:11:00+00:00,2179.7,81.18,331.3,14.02,377.6,17.3,565.4,0.0569,0.57,269.2,359.2,4.8
2025-05-18T07:12:00+00:00,2014.4,83.16,338.0,13.99,382.0,17.2,651.6,0.0569,0.67,269.2,359.2,7.2
2025-05-18T07:13:00+00:00,2492.0,84.52,356.6,13.99,392.4,16.0,584.1,0.0609,0.62,269.2,359.2,8.0
2025-05-18T07:14:00+00:00,2479.4,83.70,349.6,13.87,415.7,18.0,676.5,0.0584,0.56,269.2,359.2,7.2
2025-05-18T07:15:00+00:00,2127.3,81.60,351.6,13.61,377.2,15.3,621.3,0.0628,0.70,269.2,359.2,5.8
2025-05-18T07:16:00+00:00,1972.1,81.94,364.1,13.52,382.9,18.1,584.1,0.0610,0.68,269.2,359.2,6.5
2025-05-18T07:17:00+00:00,1927.9,81.51,357.8,13.81,378.1,18.2,631.7,0.0693,0.68,269.2,359.2,6.4
2025-05-18T07:18:00+00:00,2068.3,81.38,339.0,13.72,393.2,18.9,598.9,0.0592,0.75,269.2,359.2,6.7
2025-05-18T07:19:00+00:00,1795.7,78.35,356.7,13.70,362.6,16.5,624.3,0.0578,0.68,269.2,359.2,8.9
2025-05-18T07:20:00+00:00,1960.2,83.65,350.6,13.87,404.6,17.3,564.3,0.0557,0.54,269.2,359.2,6.3
2025-05-18T07:21:00+00:00,2598.8,84.33,348.1,13.64,414.2,14.4,612.3,0.0654,0.70,269.2,359.2,5.5
2025-05-18T07:22:00+00:00,2102.0,81.79,342.6,13.76,372.4,18.0,577.1,0.0597,0.60,269.2,359.2,4.0
2025-05-18T07:23:00+00:00,2174.9,80.35,358.4,13.75,404.3,18.1,603.7,0.0603,0.67,269.2,359.2,6.1
2025-05-18T07:24:00+00:00,2014.0,81.30,361.4,13.89,366.6,15.8,614.8,0.0569,0.57,269.2,359.2,5.8
2025-05-18T07:25:00+00:00,2080.3,84.04,354.6,13.84,378.2,19.4,629.1,0.0580,0.60,269.2,359.2,8.7
2025-05-18T07:26:00+00:00,2516.1,83.52,342.7,13.83,409.0,14.0,632.1,0.0597,0.67,269.2,359.2,5.5
2025-05-18T07:27:00+00:00,2410.3,84.16,343.7,13.90,391.5,19.5,620.8,0.0588,0.64,269.2,359.2,5.7
2025-05-18T07:28:00+00:00,2566.6,84.18,349.9,14.11,419.1,15.0,620.3,0.0618,0.58,269.2,359.2,5.7
2025-05-18T07:29:00+00:00,2344.3,83.58,334.2,13.69,385.4,15.5,572.6,0.0581,0.59,269.2,359.2,4.4
2025-05-18T07:30:00+00:00,2109.2,81.99,341.0,13.84,383.2,16.5,547.8,0.0626,0.51,269.2,359.2,6.0
2025-05-18T07:31:00+00:00,2485.9,82.60,347.8,13.88,383.6,17.0,593.0,0.0601,0.73,269.2,359.2,5.2
2025-05-18T07:32:00+00:00,2549.0,82.05,337.4,13.57,398.7,19.3,621.8,0.0624,0.68,269.2,359.2,6.4
2025-05-18T07:33:00+00:00,1971.1,83.98,350.4,13.66,363.2,16.9,576.2,0.0587,0.66,269.2,359.2,7.7
2025-05-18T07:34:00+00:00,2084.3,82.01,346.1,13.69,362.3,18.3,552.2,0.0570,0.63,269.2,359.2,7.4
2025-05-18T07:35:00+00:00,2120.3,82.77,345.7,13.91,372.2,17.0,623.9,0.0578,0.71,269.2,359.2,7.3
2025-05-18T07:36:00+00:00,2093.6,82.83,335.2,13.71,387.1,17.2,638.0,0.0580,0.73,269.2,359.2,6.2
2025-05-18T07:37:00+00:00,2197.9,82.94,362.6,13.80,399.1,20.2,592.1,0.0576,0.62,269.2,359.2,7.0
2025-05-18T07:38:00+00:00,2087.3,81.62,340.3,13.68,363.3,15.5,622.1,0.0578,0.71,269.2,359.2,7.6
2025-05-18T07:39:00+00:00,2126.3,85.25,345.2,14.02,387.4,16.7,628.6,0.0579,0.70,269.2,359.2,7.4
2025-05-18T07:40:00+00:00,2240.4,85.16,344.7,14.03,376.5,16.5,667.2,0.0582,0.63,269.2,359.2,5.7
2025-05-18T07:41:00+00:00,2083.0,80.86,350.6,13.89,388.0,16.8,571.7,0.0569,0.63,269.2,359.2,8.0
2025-05-18T07:42:00+00:00,2033.8,83.85,357.4,13.63,390.0,16.7,648.1,0.0571,0.59,269.2,359.2,7.2
2025-05-18T07:43:00+00:00,2145.8,82.05,357.6,13.76,386.3,16.6,612.7,0.0632,0.66,269.2,359.2,4.3
2025-05-18T07:44:00+00:00,2045.0,80.66,348.5,13.87,384.4,15.7,596.3,0.0634,0.72,269.2,359.2,7.2
2025-05-18T07:45:00+00:00,1995.4,80.91,351.3,13.78,376.3,16.8,603.0,0.0562,0.60,269.2,359.2,6.7
2025-05-18T07:46:00+00:00,2085.0,82.05,342.5,13.81,396.8,17.4,558.3,0.0607,0.59,269.2,359.2,6.2
2025-05-18T07:47:00+00:00,1960.1,80.59,356.3,14.06,387.8,16.9,575.0,0.0579,0.77,269.2,359.2,6.9
2025-05-18T07:48:00+00:00,2010.9,81.99,345.9,13.79,384.2,18.2,575.1,0.0582,0.66,269.2,359.2,5.4
2025-05-18T07:49:00+00:00,1951.8,80.03,344.9,13.64,376.1,16.0,554.7,0.0569,0.69,269.2,359.2,7.0
2025-05-18T07:50:00+00:00,1946.0,81.84,355.2,13.71,394.2,18.3,623.4,0.0589,0.59,269.2,359.2,6.4
2025-05-18T07:51:00+00:00,2062.0,84.29,349.8,13.72,382.1,17.8,566.4,0.0637,0.62,269.2,359.2,5.7
2025-05-18T07:52:00+00:00,2148.9,82.96,350.5,13.65,390.2,18.2,592.7,0.0645,0.66,269.2,359.2,6.7
2025-05-18T07:53:00+00:00,2029.9,84.06,339.3,13.70,362.6,16.5,596.6,0.0564,0.60,269.2,359.2,4.9
2025-05-18T07:54:00+00:00,1993.9,81.95,360.2,13.77,397.6,19.0,585.9,0.0569,0.66,269.2,359.2,5.5
2025-05-18T07:55:00+00:00,2266.1,83.62,355.0,13.90,407.6,17.3,615.2,0.0582,0.65,269.2,359.2,6.7
2025-05-18T07:56:00+00:00,2057.2,83.75,363.4,13.77,396.5,19.0,563.9,0.0578,0.72,269.2,359.2,6.4
2025-05-18T07:57:00+00:00,2036.1,82.58,352.7,13.72,378.7,18.5,602.4,0.0565,0.62,269.2,359.2,6.0
2025-05-18T07:58:00+00:00,1974.0,84.59,360.0,13.82,365.1,20.1,600.9,0.0560,0.60,269.2,359.2,7.2
2025-05-18T07:59:00+00:00,2042.3,84.00,345.4,13.96,390.8,19.9,600.5,0.0568,0.64,269.2,359.2,6.6
2025-05-18T08:00:00+00:00,2102.1,80.84,345.2,13.87,389.2,21.7,611.8,0.0568,0.60,269.2,359.2,6.4
2025-05-18T08:01:00+00:00,2147.4,82.39,349.8,13.64,382.3,17.6,575.3,0.0594,0.59,269.2,359.2,6.4
2025-05-18T08:02:00+00:00,2038.3,85.44,350.3,13.87,375.8,17.8,572.6,0.0568,0.62,269.2,359.2,5.3
2025-05-18T08:03:00+00:00,1964.1,80.60,348.3,13.65,373.7,16.9,566.8,0.0649,0.64,269.2,359.2,7.5
2025-05-18T08:04:00+00:00,2161.7,82.82,370.5,13.93,407.5,16.9,609.9,0.0580,0.68,269.2,359.2,4.3
2025-05-18T08:05:00+00:00,1886.8,80.01,363.7,13.68,340.6,17.3,624.7,0.0567,0.70,269.2,359.2,7.1
2025-05-18T08:06:00+00:00,2099.0,82.45,360.2,13.70,384.7,15.9,636.3,0.0588,0.72,269.2,359.2,6.5
2025-05-18T08:07:00+00:00,1960.8,81.68,345.0,13.75,403.3,16.9,527.8,0.0559,0.53,269.2,359.2,6.0
2025-05-18T08:08:00+00:00,1960.9,84.19,343.7,13.92,377.0,19.6,577.4,0.0604,0.71,269.2,359.2,6.7
2025-05-18T08:09:00+00:00,2095.9,82.49,352.9,13.73,390.3,15.3,587.2,0.0586,0.65,269.2,359.2,5.1
2025-05-18T08:10:00+00:00,2191.8,82.74,345.2,13.69,411.2,19.5,598.7,0.0641,0.62,269.2,359.2,6.8
2025-05-18T08:11:00+00:00,1929.8,81.80,356.4,13.83,378.0,17.1,635.6,0.0559,0.61,269.2,359.2,5.9
2025-05-18T08:12:00+00:00,2035.4,82.37,357.6,13.74,373.2,18.8,656.2,0.0557,0.52,269.2,359.2,7.4
2025-05-18T08:13:00+00:00,2028.3,82.13,353.7,13.94,364.4,14.0,626.3,0.0611,0.59,269.2,359.2,6.4
2025-05-18T08:14:00+00:00,2101.8,79.89,349.8,14.05,394.9,18.2,627.5,0.0703,0.61,269.2,359.2,6.7
2025-05-18T08:15:00+00:00,1977.0,81.79,358.4,13.86,346.5,17.7,587.6,0.0561,0.60,269.2,359.2,5.1
2025-05-18T08:16:00+00:00,2169.6,83.44,353.2,13.79,387.2,15.4,602.7,0.0577,0.61,269.2,359.2,5.9
2025-05-18T08:17:00+00:00,1925.6,80.17,358.7,13.68,394.1,18.0,623.5,0.0561,0.63,269.2,359.2,5.8
2025-05-18T08:18:00+00:00,2059.5,82.99,335.8,13.94,393.1,16.6,649.3,0.0626,0.62,269.2,359.2,6.2
2025-05-18T08:19:00+00:00,2138.4,83.56,362.1,13.74,395.6,18.9,570.1,0.0666,0.65,269.2,359.2,7.3
2025-05-18T08:20:00+00:00,2036.6,82.70,354.3,13.75,386.1,19.5,603.1,0.0572,0.62,269.2,359.2,6.4
2025-05-18T08:21:00+00:00,1915.4,84.73,344.9,13.88,381.4,14.6,599.6,0.0595,0.70,269.2,359.2,5.2
2025-05-18T08:22:00+00:00,1891.0,81.14,331.2,13.84,379.4,16.7,578.8,0.0560,0.65,269.2,359.2,5.6
2025-05-18T08:23:00+00:00,1918.7,80.83,356.4,13.50,383.1,18.0,606.4,0.0580,0.61,269.2,359.2,5.5
2025-05-18T08:24:00+00:00,2022.0,81.46,335.2,13.98,367.0,18.5,629.2,0.0583,0.65,269.2,359.2,6.4
2025-05-18T08:25:00+00:00,2160.3,80.78,339.6,13.80,395.3,15.8,606.6,0.0578,0.66,269.2,359.2,6.7
2025-05-18T08:26:00+00:00,2032.9,83.59,360.3,13.84,382.8,16.6,617.3,0.0561,0.56,269.2,359.2,4.8
2025-05-18T08:27:00+00:00,1831.2,82.67,361.9,13.97,371.5,14.6,548.5,0.0578,0.67,269.2,359.2,7.6
2025-05-18T08:28:00+00:00,2117.4,80.08,346.7,13.80,400.8,16.2,582.9,0.0578,0.61,269.2,359.2,5.3
2025-05-18T08:29:00+00:00,1115.5,80.44,345.3,13.81,353.9,15.9,554.2,0.0542,0.61,269.2,359.2,6.3
2025-05-18T08:30:00+00:00,993.3,78.12,360.8,13.98,340.5,17.9,603.1,0.0523,0.62,269.2,359.2,6.0
2025-05-18T08:31:00+00:00,891.4,76.10,365.2,13.69,319.1,13.0,510.6,0.0548,0.65,269.2,359.2,5.4
2025-05-18T08:32:00+00:00,1044.5,80.83,353.8,13.94,346.1,19.2,600.6,0.0680,0.60,269.2,359.2,7.5
2025-05-18T08:33:00+00:00,1069.2,78.15,364.3,14.08,338.3,19.6,574.0,0.0510,0.57,269.2,359.2,6.2
2025-05-18T08:34:00+00:00,1101.0,79.92,358.8,13.78,352.2,18.6,581.8,0.0541,0.59,269.2,359.2,5.7
2025-05-18T08:35:00+00:00,972.1,82.21,345.9,13.92,342.3,19.4,611.9,0.0519,0.72,269.2,359.2,4.7
2025-05-18T08:36:00+00:00,1027.0,76.62,360.8,13.80,345.3,18.7,617.4,0.0507,0.57,269.2,359.2,5.2
2025-05-18T08:37:00+00:00,891.2,79.82,358.8,13.58,340.0,17.6,564.4,0.0509,0.64,269.2,359.2,5.3
2025-05-18T08:38:00+00:00,975.9,77.16,344.2,13.70,366.8,17.3,563.2,0.0511,0.65,269.2,359.2,7.3
2025-05-18T08:39:00+00:00,1036.8,78.26,347.1,13.67,341.3,20.7,575.2,0.0516,0.65,269.2,359.2,7.2
2025-05-18T08:40:00+00:00,885.7,79.83,376.3,13.88,365.0,14.2,559.2,0.0562,0.67,269.2,359.2,5.6
2025-05-18T14:00:00+00:00,871.7,77.26,358.3,13.95,350.0,17.4,555.5,0.0568,0.66,269.2,359.2,4.8
2025-05-18T14:01:00+00:00,1075.8,80.05,361.8,13.96,354.6,16.7,579.4,0.0536,0.65,269.2,359.2,6.7
2025-05-18T14:02:00+00:00,910.5,78.54,355.2,13.66,350.4,17.9,510.9,0.0509,0.66,269.2,359.2,5.6
2025-05-18T14:03:00+00:00,952.1,78.00,352.3,13.69,350.8,19.3,539.0,0.0515,0.67,269.2,359.2,7.1
2025-05-18T14:04:00+00:00,840.7,76.12,354.6,14.16,343.8,21.2,507.1,0.0499,0.58,269.2,359.2,5.6
2025-05-18T14:05:00+00:00,983.9,77.51,364.0,13.75,343.5,16.7,533.7,0.0578,0.63,269.2,359.2,7.1
2025-05-18T14:06:00+00:00,1048.6,78.23,355.1,13.72,333.0,18.9,573.3,0.0508,0.57,269.2,359.2,6.7
2025-05-18T14:07:00+00:00,922.7,79.55,355.6,13.87,332.3,15.9,617.5,0.0507,0.63,269.2,359.2,6.6
2025-05-18T14:08:00+00:00,965.1,77.24,362.8,13.77,361.5,15.1,538.5,0.0544,0.68,269.2,359.2,4.5
2025-05-18T14:09:00+00:00,981.3,79.55,348.1,13.67,358.0,17.5,512.0,0.0512,0.63,269.2,359.2,6.2
2025-05-18T14:10:00+00:00,1126.5,78.35,366.0,13.71,358.0,16.7,602.6,0.0533,0.56,269.2,359.2,7.0
2025-05-18T14:11:00+00:00,991.8,81.41,349.6,13.83,373.2,17.8,574.6,0.0542,0.60,269.2,359.2,6.7
2025-05-18T14:12:00+00:00,970.9,77.56,358.2,13.48,365.0,17.8,578.6,0.0510,0.63,269.2,359.2,7.3
2025-05-18T14:13:00+00:00,904.0,81.67,359.7,13.90,348.1,16.0,533.4,0.0517,0.70,269.2,359.2,5.7
2025-05-18T14:14:00+00:00,2007.4,81.79,361.6,13.78,404.2,16.1,560.6,0.0568,0.59,269.2,359.2,6.9
2025-05-18T14:15:00+00:00,1918.3,81.32,354.5,13.84,370.8,18.8,622.6,0.0564,0.67,269.2,359.2,5.8
2025-05-18T14:16:00+00:00,1925.4,81.68,355.0,13.62,379.3,17.0,514.3,0.0563,0.58,269.2,359.2,6.6
2025-05-18T14:17:00+00:00,1845.5,85.56,353.8,13.64,367.7,16.7,600.7,0.0578,0.66,269.2,359.2,7.7
2025-05-18T14:18:00+00:00,1901.0,80.12,355.1,13.71,379.4,16.5,599.4,0.0559,0.62,269.2,359.2,5.6
2025-05-18T14:19:00+00:00,1943.2,81.60,343.1,13.84,394.8,18.5,601.3,0.0590,0.63,269.2,359.2,6.0
2025-05-18T14:20:00+00:00,2065.4,81.86,349.4,13.84,394.5,17.8,560.3,0.0588,0.65,269.2,359.2,6.2
2025-05-18T14:21:00+00:00,2127.5,81.76,341.6,13.89,389.6,19.2,606.8,0.0573,0.64,269.2,359.2,5.7
2025-05-18T14:22:00+00:00,1947.3,82.87,347.3,13.95,382.6,17.7,562.3,0.0634,0.69,269.2,359.2,6.4
2025-05-18T14:23:00+00:00,2044.3,81.38,347.4,13.69,373.7,17.7,631.5,0.0567,0.61,269.2,359.2,4.0
2025-05-18T14:24:00+00:00,1860.8,81.47,347.5,13.91,383.1,16.4,630.3,0.0570,0.63,269.2,359.2,5.8
2025-05-18T14:25:00+00:00,1796.6,80.81,366.8,13.91,370.3,15.7,624.0,0.0598,0.66,269.2,359.2,6.7
2025-05-18T14:26:00+00:00,1940.0,80.56,348.1,13.77,382.1,17.2,598.7,0.0579,0.68,269.2,359.2,7.9
2025-05-18T14:27:00+00:00,1902.8,82.56,347.4,14.08,383.2,17.0,624.4,0.0566,0.69,269.2,359.2,5.9
2025-05-18T14:28:00+00:00,1990.3,81.07,344.2,13.87,384.1,19.3,624.8,0.0562,0.61,269.2,359.2,5.4
2025-05-18T14:29:00+00:00,2027.9,83.34,362.5,13.99,379.4,17.0,564.8,0.0652,0.69,269.2,359.2,5.0
2025-05-18T14:30:00+00:00,1839.4,80.68,365.4,13.54,359.2,18.2,598.3,0.0558,0.64,269.2,359.2,6.0
2025-05-18T14:31:00+00:00,1967.2,80.26,345.9,13.71,379.4,17.7,622.5,0.0563,0.61,269.2,359.2,7.0
2025-05-18T14:32:00+00:00,1860.6,83.85,351.5,13.57,368.9,15.7,596.1,0.0588,0.61,269.2,359.2,5.8
2025-05-18T14:33:00+00:00,2273.0,82.69,346.4,13.89,413.7,16.6,579.2,0.0674,0.71,269.2,359.2,5.5
2025-05-18T14:34:00+00:00,1954.3,83.08,342.2,13.81,375.6,17.6,596.0,0.0624,0.60,269.2,359.2,7.5
2025-05-18T14:35:00+00:00,2094.9,82.84,340.9,13.77,394.8,17.2,586.7,0.0620,0.72,269.2,359.2,6.0
2025-05-18T14:36:00+00:00,1962.2,79.23,357.4,13.89,395.9,17.9,557.5,0.0559,0.60,269.2,359.2,6.1
2025-05-18T14:37:00+00:00,2004.3,85.25,341.0,13.68,397.2,16.6,637.4,0.0562,0.58,269.2,359.2,6.8
2025-05-18T14:38:00+00:00,2095.0,83.66,360.7,13.58,392.5,15.6,608.3,0.0630,0.61,269.2,359.2,6.2
2025-05-18T14:39:00+00:00,1974.7,83.03,347.2,14.10,380.0,16.7,588.6,0.0563,0.60,269.2,359.2,6.5
2025-05-18T14:40:00+00:00,2026.0,82.26,352.9,13.69,363.9,17.9,609.7,0.0561,0.57,269.2,359.2,6.7
2025-05-18T14:41:00+00:00,2112.6,84.02,358.7,13.78,397.6,15.7,610.9,0.0568,0.60,269.2,359.2,5.5
2025-05-18T14:42:00+00:00,2074.5,83.09,343.9,13.74,399.4,16.5,604.7,0.0657,0.66,269.2,359.2,7.1
2025-05-18T14:43:00+00:00,1995.6,82.01,351.4,13.72,374.0,17.3,610.7,0.0571,0.66,269.2,359.2,6.3
2025-05-18T14:44:00+00:00,2067.7,81.83,347.4,13.58,391.2,13.7,619.3,0.0611,0.65,269.2,359.2,7.5
2025-05-18T14:45:00+00:00,2147.3,82.45,347.8,13.80,368.3,16.5,626.6,0.0570,0.59,269.2,359.2,7.1
2025-05-18T14:46:00+00:00,1866.3,80.30,366.3,14.07,388.8,15.6,562.3,0.0598,0.67,269.2,359.2,6.4
2025-05-18T14:47:00+00:00,1920.3,87.00,364.9,14.00,368.5,19.8,585.5,0.0571,0.74,269.2,359.2,7.6
2025-05-18T14:48:00+00:00,2067.8,83.20,349.1,13.83,379.1,16.9,642.9,0.0660,0.60,269.2,359.2,4.7
2025-05-18T14:49:00+00:00,2130.7,81.94,350.8,13.83,385.6,17.6,535.1,0.0576,0.60,269.2,359.2,6.1
2025-05-18T14:50:00+00:00,1899.6,84.04,349.7,13.52,376.5,18.8,565.0,0.0645,0.71,269.2,359.2,7.4
2025-05-18T14:51:00+00:00,2036.1,80.85,338.6,13.81,411.8,16.3,626.6,0.0571,0.55,269.2,359.2,5.0
2025-05-18T14:52:00+00:00,2049.5,81.76,351.0,13.94,388.0,19.6,536.7,0.0570,0.64,269.2,359.2,7.4
2025-05-18T14:53:00+00:00,1897.4,80.07,347.0,13.99,385.6,18.5,542.1,0.0565,0.68,269.2,359.2,6.4
2025-05-18T14:54:00+00:00,2117.2,81.70,343.7,13.98,387.8,19.1,573.5,0.0571,0.51,269.2,359.2,6.4
2025-05-18T14:55:00+00:00,2026.1,81.49,345.3,13.99,388.4,16.7,636.5,0.0565,0.60,269.2,359.2,6.2
2025-05-18T14:56:00+00:00,2033.4,82.63,351.5,13.89,369.5,14.7,668.0,0.0608,0.66,269.2,359.2,5.3
2025-05-18T14:57:00+00:00,1989.9,82.81,358.0,13.65,401.7,18.4,651.5,0.0598,0.64,269.2,359.2,6.6
2025-05-18T14:58:00+00:00,2206.7,82.72,358.4,13.75,381.1,15.6,637.3,0.0630,0.62,269.2,359.2,4.8
2025-05-18T14:59:00+00:00,2137.8,81.36,350.8,13.80,365.6,20.5,639.8,0.0661,0.65,269.2,359.2,7.0
2025-05-18T15:00:00+00:00,2068.2,82.35,338.2,13.84,399.2,16.7,637.2,0.0584,0.63,269.2,359.2,5.9
2025-05-18T15:01:00+00:00,1919.6,81.63,356.8,13.67,383.2,12.6,635.4,0.0565,0.68,269.2,359.2,7.4
2025-05-18T15:02:00+00:00,1832.4,81.07,349.5,14.11,362.3,16.0,612.6,0.0556,0.60,269.2,359.2,5.4
2025-05-18T15:03:00+00:00,2146.1,83.24,358.8,13.54,379.9,18.6,575.8,0.0615,0.66,269.2,359.2,6.5
2025-05-18T15:04:00+00:00,2028.3,83.50,343.4,14.00,406.4,17.0,620.1,0.0568,0.65,269.2,359.2,6.3
2025-05-18T15:05:00+00:00,1856.0,82.28,345.1,13.75,382.1,16.8,590.1,0.0624,0.63,269.2,359.2,5.2
2025-05-18T15:06:00+00:00,2434.3,84.66,352.0,13.85,388.2,18.9,673.5,0.0669,0.58,269.2,359.2,7.5
2025-05-18T15:07:00+00:00,2048.2,83.43,353.2,13.95,384.9,16.9,586.6,0.0683,0.64,269.2,359.2,6.1
2025-05-18T15:08:00+00:00,2087.1,84.24,348.1,13.64,388.0,18.0,578.6,0.0570,0.62,269.2,359.2,5.1
2025-05-18T15:09:00+00:00,2088.0,80.95,354.6,14.18,366.7,18.3,582.2,0.0574,0.68,269.2,359.2,6.8
2025-05-18T15:10:00+00:00,2085.0,83.57,350.0,13.75,352.0,16.6,623.6,0.0571,0.63,269.2,359.2,7.7
2025-05-18T15:11:00+00:00,2389.4,84.08,338.8,13.83,394.9,16.0,588.0,0.0620,0.63,269.2,359.2,6.7
2025-05-18T15:12:00+00:00,2101.4,83.02,345.5,13.38,366.9,17.4,501.5,0.0624,0.71,269.2,359.2,6.9
2025-05-18T15:13:00+00:00,2023.0,83.81,352.3,14.08,400.8,19.0,543.3,0.0576,0.73,269.2,359.2,6.3
2025-05-18T15:14:00+00:00,2129.3,80.29,344.3,13.73,381.6,18.3,639.3,0.0577,0.68,269.2,359.2,5.7
2025-05-18T15:15:00+00:00,2430.6,83.75,348.8,13.60,389.1,18.4,659.9,0.0711,0.68,269.2,359.2,5.6
2025-05-18T15:16:00+00:00,2060.7,82.70,344.9,13.92,387.2,16.7,598.2,0.0617,0.69,269.2,359.2,6.0
2025-05-18T15:17:00+00:00,2480.3,84.43,362.5,13.91,408.8,19.4,598.0,0.0673,0.63,269.2,359.2,5.2
2025-05-18T15:18:00+00:00,2023.1,82.23,340.1,13.80,382.3,17.9,568.6,0.0595,0.58,269.2,359.2,4.8
2025-05-18T15:19:00+00:00,2040.9,84.95,346.5,13.76,399.6,18.2,597.9,0.0587,0.65,269.2,359.2,6.6
2025-05-18T15:20:00+00:00,2043.7,80.05,347.2,13.55,385.4,15.9,590.0,0.0575,0.72,269.2,359.2,7.0
2025-05-18T15:21:00+00:00,2487.2,81.07,354.4,13.76,400.7,19.1,607.2,0.0609,0.76,269.2,359.2,7.0
2025-05-18T15:22:00+00:00,2355.7,84.97,343.0,13.71,395.9,15.2,659.8,0.0583,0.61,269.2,359.2,6.6
2025-05-18T15:23:00+00:00,2056.6,82.74,354.4,13.63,384.8,15.5,587.7,0.0577,0.71,269.2,359.2,5.9
2025-05-18T15:24:00+00:00,2470.7,88.10,346.4,13.85,396.2,14.6,593.1,0.0617,0.69,269.2,359.2,6.0
2025-05-18T15:25:00+00:00,1998.3,82.26,358.3,13.76,391.8,17.2,640.9,0.0597,0.71,269.2,359.2,7.1
2025-05-18T15:26:00+00:00,2142.5,83.43,351.9,13.89,382.8,18.6,590.9,0.0575,0.65,269.2,359.2,4.3
2025-05-18T15:27:00+00:00,2023.1,81.62,350.7,13.74,399.5,16.8,578.0,0.0602,0.59,269.2,359.2,6.6
2025-05-18T15:28:00+00:00,2037.1,81.13,349.9,14.07,387.1,17.5,598.3,0.0615,0.74,269.2,359.2,5.5
2025-05-18T15:29:00+00:00,2550.7,83.02,340.5,13.74,389.1,15.7,586.0,0.0607,0.67,269.2,359.2,7.1
2025-05-18T15:30:00+00:00,2175.7,81.10,346.9,13.78,393.0,14.4,613.7,0.0655,0.74,269.2,359.2,5.5
2025-05-18T15:31:00+00:00,1977.4,82.40,355.5,13.88,366.3,17.0,572.8,0.0564,0.62,269.2,359.2,7.0
2025-05-18T15:32:00+00:00,2075.1,82.41,355.2,13.77,376.4,16.2,620.0,0.0624,0.67,269.2,359.2,5.7
2025-05-18T15:33:00+00:00,2021.3,81.40,358.5,13.99,353.0,21.6,601.8,0.0571,0.68,269.2,359.2,7.5
2025-05-18T15:34:00+00:00,2417.1,84.85,354.4,13.73,387.9,17.4,612.3,0.0591,0.62,269.2,359.2,7.4
2025-05-18T15:35:00+00:00,1932.9,81.94,346.0,13.79,362.3,17.4,613.0,0.0583,0.68,269.2,359.2,6.6
2025-05-18T15:36:00+00:00,2476.0,84.47,344.8,13.68,383.8,18.3,567.5,0.0585,0.58,269.2,359.2,7.5
2025-05-18T15:37:00+00:00,2261.0,82.63,342.1,13.89,375.7,16.5,632.4,0.0668,0.64,269.2,359.2,6.7
2025-05-18T15:38:00+00:00,1852.9,81.60,359.1,13.87,383.7,19.3,567.0,0.0604,0.67,269.2,359.2,6.0
2025-05-18T15:39:00+00:00,2075.0,82.97,354.7,13.73,380.7,17.2,583.1,0.0576,0.69,269.2,359.2,4.1
2025-05-18T15:40:00+00:00,2080.9,84.13,344.8,13.86,391.4,13.1,587.6,0.0589,0.60,269.2,359.2,5.8
2025-05-18T15:41:00+00:00,2242.5,82.45,346.8,13.62,381.5,16.3,566.2,0.0581,0.63,269.2,359.2,5.4
2025-05-18T15:42:00+00:00,2069.6,82.24,353.3,13.95,411.7,18.0,581.3,0.0569,0.63,269.2,359.2,6.2
2025-05-18T15:43:00+00:00,2151.3,83.24,354.5,13.89,367.3,17.3,591.1,0.0569,0.59,269.2,359.2,6.2
2025-05-18T15:44:00+00:00,1985.8,82.47,344.3,13.65,357.3,19.1,570.3,0.0598,0.65,269.2,359.2,6.5
2025-05-18T15:45:00+00:00,1948.0,81.83,356.3,13.68,383.8,18.0,622.1,0.0657,0.67,269.2,359.2,5.5
2025-05-18T15:46:00+00:00,1989.1,83.83,339.6,13.88,385.1,20.0,624.9,0.0558,0.57,269.2,359.2,7.9
2025-05-18T15:47:00+00:00,1919.4,80.44,355.7,13.69,388.8,16.5,661.9,0.0568,0.71,269.2,359.2,5.1
2025-05-18T15:48:00+00:00,1929.6,82.56,355.8,14.00,379.8,14.1,620.9,0.0563,0.64,269.2,359.2,6.7
2025-05-18T15:49:00+00:00,2158.8,81.94,360.4,13.98,395.3,16.5,562.2,0.0571,0.60,269.2,359.2,6.7
2025-05-18T15:50:00+00:00,2159.2,83.72,350.0,13.90,394.4,17.8,618.9,0.0678,0.59,269.2,359.2,7.0
2025-05-18T15:51:00+00:00,1996.2,81.36,336.2,13.85,401.6,15.4,618.0,0.0585,0.68,269.2,359.2,7.8
2025-05-18T15:52:00+00:00,1986.4,82.78,361.1,13.59,391.8,17.3,598.4,0.0560,0.60,269.2,359.2,6.6
2025-05-18T15:53:00+00:00,1899.8,84.08,362.1,13.77,363.6,18.3,584.8,0.0598,0.69,269.2,359.2,6.3
2025-05-18T15:54:00+00:00,2365.8,80.28,347.0,14.03,405.1,15.5,582.0,0.0664,0.65,269.2,359.2,5.8
2025-05-18T15:55:00+00:00,2065.2,82.06,354.8,13.84,380.3,16.9,572.9,0.0573,0.58,269.2,359.2,7.2
2025-05-18T15:56:00+00:00,1814.4,81.75,349.2,13.94,374.8,17.0,603.5,0.0560,0.63,269.2,359.2,6.4
2025-05-18T15:57:00+00:00,2129.6,83.23,343.7,13.71,373.2,16.5,585.3,0.0570,0.61,269.2,359.2,5.8
2025-05-18T15:58:00+00:00,2152.4,83.84,337.7,13.69,392.3,17.7,502.4,0.0574,0.61,269.2,359.2,6.7
2025-05-18T15:59:00+00:00,1895.0,83.19,357.1,13.64,381.5,15.6,607.1,0.0633,0.61,269.2,359.2,6.1
2025-05-18T16:00:00+00:00,1833.3,82.99,344.1,14.00,378.5,18.2,596.1,0.0578,0.69,269.2,359.2,5.3
2025-05-18T16:01:00+00:00,1984.7,82.01,338.2,14.06,387.9,16.3,623.4,0.0560,0.58,269.2,359.2,5.0
2025-05-18T16:02:00+00:00,2207.9,82.52,344.3,13.54,389.6,15.5,584.0,0.0580,0.67,269.2,359.2,7.6
2025-05-18T16:03:00+00:00,1965.5,78.86,356.9,13.71,397.5,19.5,559.4,0.0563,0.64,269.2,359.2,5.1
2025-05-18T16:04:00+00:00,1971.8,82.61,360.6,13.72,366.7,19.4,593.3,0.0597,0.63,269.2,359.2,3.7
2025-05-18T16:05:00+00:00,2061.1,83.07,358.1,13.74,384.3,21.1,639.8,0.0572,0.67,269.2,359.2,5.6
2025-05-18T16:06:00+00:00,1973.4,80.68,357.6,13.67,395.1,18.6,603.5,0.0577,0.63,269.2,359.2,5.7
2025-05-18T16:07:00+00:00,1880.2,81.77,356.2,13.76,370.8,15.1,580.8,0.0674,0.62,269.2,359.2,5.4
2025-05-18T16:08:00+00:00,2113.2,79.94,356.4,13.79,360.4,15.6,661.6,0.0631,0.72,269.2,359.2,5.4
2025-05-18T16:09:00+00:00,2004.7,83.81,355.4,13.75,385.2,19.3,606.0,0.0593,0.62,269.2,359.2,8.5
2025-05-18T16:10:00+00:00,2131.4,82.74,345.4,13.55,375.8,15.1,626.2,0.0571,0.59,269.2,359.2,7.2
2025-05-18T16:11:00+00:00,1960.3,78.75,356.2,13.68,414.9,17.3,560.5,0.0601,0.64,269.2,359.2,6.0
2025-05-18T16:12:00+00:00,2053.4,80.13,342.2,13.44,371.6,17.5,599.3,0.0639,0.62,269.2,359.2,6.2
2025-05-18T16:13:00+00:00,2027.1,83.56,344.0,13.80,384.4,17.2,555.9,0.0569,0.64,269.2,359.2,5.5
2025-05-18T16:14:00+00:00,2112.0,79.95,341.9,13.55,399.6,18.3,646.9,0.0607,0.64,269.2,359.2,6.9
2025-05-18T16:15:00+00:00,2167.0,82.19,332.8,13.70,371.0,16.7,614.3,0.0575,0.65,269.2,359.2,6.0
2025-05-18T16:16:00+00:00,2143.7,81.99,357.2,13.96,395.1,16.4,596.2,0.0573,0.63,269.2,359.2,7.6
2025-05-18T16:17:00+00:00,2050.0,81.37,349.5,13.61,375.3,17.8,524.0,0.0654,0.57,269.2,359.2,6.0
2025-05-18T16:18:00+00:00,2161.2,81.68,351.4,13.77,374.0,16.9,603.5,0.0581,0.69,269.2,359.2,5.8
2025-05-18T16:19:00+00:00,2039.2,80.72,352.3,13.75,356.4,15.8,575.1,0.0569,0.65,269.2,359.2,6.6
2025-05-18T16:20:00+00:00,2114.9,82.91,359.3,13.77,394.8,20.4,605.3,0.0563,0.56,269.2,359.2,5.5
2025-05-18T16:21:00+00:00,1729.3,83.77,344.5,14.00,378.5,15.2,573.0,0.0560,0.72,269.2,359.2,6.4
2025-05-18T16:22:00+00:00,1856.3,83.90,349.8,13.73,379.7,16.1,635.3,0.0558,0.65,269.2,359.2,7.2
2025-05-18T16:23:00+00:00,2050.0,79.90,348.1,14.08,361.4,20.0,604.5,0.0626,0.62,269.2,359.2,6.6
2025-05-18T16:24:00+00:00,2135.1,81.32,348.2,13.72,386.6,17.7,629.5,0.0572,0.62,269.2,359.2,7.1
2025-05-18T16:25:00+00:00,1910.8,82.17,358.5,13.73,381.0,15.9,577.0,0.0558,0.61,269.2,359.2,5.5
2025-05-18T16:26:00+00:00,2035.7,84.29,351.2,13.89,348.5,15.8,593.7,0.0614,0.57,269.2,359.2,7.1
2025-05-18T16:27:00+00:00,2026.0,82.37,352.7,13.68,383.1,17.6,555.0,0.0584,0.58,269.2,359.2,6.7
2025-05-18T16:28:00+00:00,1847.5,81.78,351.9,13.75,404.1,15.9,615.8,0.0591,0.61,269.2,359.2,5.2
2025-05-18T16:29:00+00:00,1853.3,81.70,350.6,14.07,376.5,16.0,578.1,0.0556,0.60,269.2,359.2,5.8
2025-05-18T16:30:00+00:00,880.1,77.38,365.5,13.59,351.9,15.0,571.6,0.0513,0.72,269.2,359.2,5.5
2025-05-18T16:31:00+00:00,1078.5,80.40,350.3,13.59,335.8,17.1,560.9,0.0527,0.54,269.2,359.2,6.2
2025-05-18T16:32:00+00:00,1113.9,79.49,353.2,13.98,346.1,18.4,584.3,0.0517,0.62,269.2,359.2,7.5
2025-05-18T16:33:00+00:00,860.9,77.57,354.6,13.82,355.9,18.2,545.8,0.0521,0.62,269.2,359.2,6.9
2025-05-18T16:34:00+00:00,1020.2,79.09,374.4,13.77,333.4,18.6,594.2,0.0522,0.68,269.2,359.2,5.6
2025-05-18T16:35:00+00:00,1037.9,78.66,366.5,13.47,353.5,16.9,580.0,0.0517,0.67,269.2,359.2,6.3
2025-05-18T16:36:00+00:00,1018.9,77.59,355.0,13.61,349.2,15.4,551.2,0.0519,0.69,269.2,359.2,6.6
2025-05-18T16:37:00+00:00,1038.9,80.67,354.7,13.97,347.7,17.5,582.3,0.0547,0.65,269.2,359.2,6.3
2025-05-18T16:38:00+00:00,1016.5,81.63,365.8,13.68,352.9,17.3,598.4,0.0559,0.56,269.2,359.2,5.6
2025-05-18T16:39:00+00:00,948.0,78.34,362.8,13.65,336.6,18.7,576.1,0.0509,0.61,269.2,359.2,7.5
2025-05-18T16:40:00+00:00,1036.1,77.09,369.6,14.14,348.7,14.3,559.0,0.0508,0.58,269.2,359.2,6.0
2025-05-18T16:41:00+00:00,901.9,77.32,361.9,13.95,354.8,16.0,527.2,0.0575,0.58,269.2,359.2,6.3
2025-05-18T16:42:00+00:00,898.8,78.18,352.2,13.61,341.5,12.8,544.9,0.0507,0.64,269.2,359.2,6.4
2025-05-19T06:00:00+00:00,1140.8,80.12,367.0,13.70,332.7,19.9,554.5,0.0565,1.09,196.4,16.4,10.6
2025-05-19T06:01:00+00:00,962.7,78.30,365.7,13.95,360.6,17.0,595.3,0.0561,1.15,196.4,16.4,10.6
2025-05-19T06:02:00+00:00,886.9,79.56,347.1,13.63,355.2,16.4,552.7,0.0614,1.11,196.4,16.4,9.7
2025-05-19T06:03:00+00:00,947.9,82.71,354.6,13.78,353.4,15.6,546.8,0.0549,1.04,196.4,16.4,10.3
2025-05-19T06:04:00+00:00,1190.5,82.40,345.4,14.00,351.8,15.7,559.5,0.0564,1.04,196.4,16.4,10.3
2025-05-19T06:05:00+00:00,927.3,77.78,357.3,13.97,340.6,20.4,520.6,0.0558,1.09,196.4,16.4,10.9
2025-05-19T06:06:00+00:00,1095.8,79.12,350.0,13.82,348.9,18.4,583.4,0.0621,1.11,196.4,16.4,11.3
2025-05-19T06:07:00+00:00,1044.5,79.59,355.5,13.99,375.5,18.5,558.8,0.0557,1.08,196.4,16.4,10.0
2025-05-19T06:08:00+00:00,1019.2,83.52,346.4,13.56,363.1,15.6,551.4,0.0556,1.05,196.4,16.4,11.1
2025-05-19T06:09:00+00:00,945.5,78.42,356.2,13.80,344.1,17.2,535.4,0.0620,1.12,196.4,16.4,11.8
2025-05-19T06:10:00+00:00,976.8,81.82,355.5,13.84,377.8,15.8,595.4,0.0559,1.10,196.4,16.4,12.5
2025-05-19T06:11:00+00:00,1157.9,79.64,351.6,13.75,365.5,19.2,535.5,0.0593,1.10,196.4,16.4,11.5
2025-05-19T06:12:00+00:00,2012.7,80.98,355.8,13.80,355.8,15.7,597.0,0.0609,1.05,196.4,16.4,12.7
2025-05-19T06:13:00+00:00,1958.6,82.34,349.1,13.79,371.5,16.6,567.8,0.0618,1.17,196.4,16.4,10.8
2025-05-19T06:14:00+00:00,2040.8,82.27,346.3,13.74,353.0,17.1,569.5,0.0610,1.06,196.4,16.4,9.6
2025-05-19T06:15:00+00:00,2236.1,82.18,358.8,13.82,413.8,16.8,554.9,0.0618,1.03,196.4,16.4,10.3
2025-05-19T06:16:00+00:00,2052.4,82.44,338.1,13.95,372.1,17.7,551.8,0.0693,1.06,196.4,16.4,12.4
2025-05-19T06:17:00+00:00,2106.1,81.24,343.8,13.83,396.7,17.0,591.6,0.0702,1.08,196.4,16.4,12.1
2025-05-19T06:18:00+00:00,2168.4,80.00,353.3,14.00,368.2,18.7,620.2,0.0622,1.10,196.4,16.4,12.6
2025-05-19T06:19:00+00:00,2121.9,80.81,355.6,13.84,387.9,17.8,632.0,0.0688,1.05,196.4,16.4,10.8
2025-05-19T06:20:00+00:00,2003.7,84.10,348.6,14.17,373.1,16.5,571.1,0.0604,1.03,196.4,16.4,11.2
2025-05-19T06:21:00+00:00,1839.9,80.41,346.4,13.91,385.2,16.1,598.6,0.0607,1.05,196.4,16.4,11.1
2025-05-19T06:22:00+00:00,2112.0,82.91,354.9,13.91,385.5,17.1,674.0,0.0648,1.09,196.4,16.4,10.3
2025-05-19T06:23:00+00:00,2000.8,82.98,348.0,13.67,379.1,18.7,556.0,0.0614,1.12,196.4,16.4,10.0
2025-05-19T06:24:00+00:00,2022.4,79.89,351.3,13.88,372.9,16.2,583.9,0.0604,1.01,196.4,16.4,9.9
2025-05-19T06:25:00+00:00,2243.4,81.41,342.7,13.79,377.4,19.2,572.8,0.0705,1.15,196.4,16.4,10.4
2025-05-19T06:26:00+00:00,1906.8,83.47,361.2,14.05,391.7,18.6,603.4,0.0651,1.11,196.4,16.4,9.3
2025-05-19T06:27:00+00:00,2060.0,83.05,342.7,13.70,366.3,16.0,605.3,0.0618,1.13,196.4,16.4,11.1
2025-05-19T06:28:00+00:00,1965.1,81.21,350.6,13.75,360.5,15.9,643.2,0.0618,1.07,196.4,16.4,10.7
2025-05-19T06:29:00+00:00,2172.1,81.69,352.4,13.63,395.6,18.3,599.0,0.0641,1.13,196.4,16.4,11.3
2025-05-19T06:30:00+00:00,2044.9,82.19,358.8,13.76,393.9,16.5,629.0,0.0613,1.09,196.4,16.4,11.7
2025-05-19T06:31:00+00:00,1988.0,80.47,340.0,13.95,368.0,15.4,585.7,0.0603,1.01,196.4,16.4,9.5
2025-05-19T06:32:00+00:00,1898.9,83.56,336.2,13.79,376.0,18.2,588.8,0.0611,1.13,196.4,16.4,12.6
2025-05-19T06:33:00+00:00,2004.0,83.17,344.4,13.65,388.3,16.3,593.1,0.0640,1.16,196.4,16.4,11.7
2025-05-19T06:34:00+00:00,2009.4,79.97,347.9,13.76,390.5,18.8,564.1,0.0612,1.10,196.4,16.4,9.8
2025-05-19T06:35:00+00:00,1989.2,81.43,355.3,13.99,386.4,13.7,624.7,0.0609,1.07,196.4,16.4,10.8
2025-05-19T06:36:00+00:00,1937.8,80.87,350.2,13.63,361.7,17.8,597.2,0.0658,1.10,196.4,16.4,10.3
2025-05-19T06:37:00+00:00,1908.1,81.50,350.7,14.10,388.9,16.9,607.3,0.0632,1.10,196.4,16.4,12.9
2025-05-19T06:38:00+00:00,1797.7,80.75,348.3,13.83,377.1,17.4,583.3,0.0605,1.13,196.4,16.4,9.7
2025-05-19T06:39:00+00:00,1917.2,81.63,348.2,13.68,372.0,20.0,619.4,0.0673,1.15,196.4,16.4,13.0
2025-05-19T06:40:00+00:00,2168.2,82.68,341.8,13.84,395.3,16.0,606.1,0.0622,1.11,196.4,16.4,12.7
2025-05-19T06:41:00+00:00,1952.5,79.57,353.4,13.69,377.0,19.6,646.7,0.0606,1.06,196.4,16.4,9.5
2025-05-19T06:42:00+00:00,1996.0,83.27,354.1,13.84,389.3,14.8,584.8,0.0699,1.07,196.4,16.4,12.2
2025-05-19T06:43:00+00:00,1932.9,80.99,352.4,13.70,361.7,18.3,588.9,0.0612,1.14,196.4,16.4,11.2
2025-05-19T06:44:00+00:00,2207.0,80.31,339.7,13.71,390.0,17.4,645.6,0.0709,1.18,196.4,16.4,9.0
2025-05-19T06:45:00+00:00,2081.1,81.02,353.5,13.78,364.4,18.7,647.3,0.0618,1.07,196.4,16.4,12.1
2025-05-19T06:46:00+00:00,1984.3,80.04,340.9,13.97,388.4,17.0,606.5,0.0691,1.10,196.4,16.4,10.7
2025-05-19T06:47:00+00:00,2158.8,80.86,347.7,13.74,396.9,20.0,634.9,0.0621,1.11,196.4,16.4,10.0
2025-05-19T06:48:00+00:00,2257.7,85.74,330.9,13.80,391.9,16.7,553.1,0.0640,1.15,196.4,16.4,10.5
2025-05-19T06:49:00+00:00,2060.8,81.97,343.4,13.73,388.2,18.7,668.7,0.0639,1.12,196.4,16.4,11.7
2025-05-19T06:50:00+00:00,2070.4,84.84,356.8,13.92,385.3,17.6,615.5,0.0617,1.10,196.4,16.4,11.7
2025-05-19T06:51:00+00:00,1949.8,79.41,362.7,13.49,388.3,17.0,611.7,0.0607,1.08,196.4,16.4,11.2
2025-05-19T06:52:00+00:00,2130.4,85.55,347.7,13.91,356.4,19.9,560.4,0.0637,1.12,196.4,16.4,14.6
2025-05-19T06:53:00+00:00,2084.6,82.07,354.1,13.75,398.9,16.9,566.8,0.0626,1.19,196.4,16.4,9.8
2025-05-19T06:54:00+00:00,2036.3,83.47,342.9,13.75,362.6,17.0,617.4,0.0612,1.08,196.4,16.4,11.3
2025-05-19T06:55:00+00:00,1993.4,81.64,347.4,13.72,382.0,18.0,613.1,0.0607,1.06,196.4,16.4,10.1
2025-05-19T06:56:00+00:00,2179.1,83.55,347.2,13.63,398.0,17.7,587.3,0.0617,1.06,196.4,16.4,11.8
2025-05-19T06:57:00+00:00,1930.7,82.09,352.2,13.94,381.1,18.8,625.3,0.0607,1.02,196.4,16.4,12.1
2025-05-19T06:58:00+00:00,1999.8,83.18,362.7,13.93,383.3,16.4,641.6,0.0639,1.05,196.4,16.4,11.7
2025-05-19T06:59:00+00:00,2461.6,84.54,334.3,13.64,411.0,15.6,605.4,0.0641,1.14,196.4,16.4,11.6
2025-05-19T07:00:00+00:00,2450.9,84.57,344.7,13.76,395.2,17.6,702.3,0.0639,1.13,196.4,16.4,11.4
2025-05-19T07:01:00+00:00,2454.4,84.68,334.6,14.05,413.8,19.3,598.1,0.0701,1.07,196.4,16.4,10.7
2025-05-19T07:02:00+00:00,2490.0,84.49,345.9,13.73,407.8,17.1,592.2,0.0679,1.07,196.4,16.4,11.3
2025-05-19T07:03:00+00:00,2106.8,84.24,349.0,13.75,382.6,17.9,597.0,0.0611,1.04,196.4,16.4,9.5
2025-05-19T07:04:00+00:00,2109.2,82.30,332.5,13.37,385.8,18.5,564.1,0.0621,1.12,196.4,16.4,11.1
2025-05-19T07:05:00+00:00,2146.4,83.79,349.1,13.43,381.2,17.2,642.1,0.0623,1.13,196.4,16.4,11.8
2025-05-19T07:06:00+00:00,2244.4,83.70,354.7,13.85,386.4,18.2,626.3,0.0679,1.05,196.4,16.4,11.2
2025-05-19T07:07:00+00:00,2506.2,84.65,347.7,13.97,383.9,17.7,615.7,0.0635,1.06,196.4,16.4,10.7
2025-05-19T07:08:00+00:00,2413.2,85.97,355.4,13.95,392.2,20.1,637.5,0.0719,1.11,196.4,16.4,10.4
2025-05-19T07:09:00+00:00,2471.9,85.39,351.7,13.70,395.7,16.0,699.4,0.0632,1.05,196.4,16.4,10.9
2025-05-19T07:10:00+00:00,2460.5,83.61,340.7,13.85,404.9,15.7,656.3,0.0640,1.07,196.4,16.4,10.4
2025-05-19T07:11:00+00:00,2387.9,83.04,348.1,13.67,402.1,16.6,645.2,0.0639,1.07,196.4,16.4,12.7
2025-05-19T07:12:00+00:00,2428.6,81.83,344.7,14.02,391.4,19.5,629.9,0.0650,1.10,196.4,16.4,12.2
2025-05-19T07:13:00+00:00,2448.0,80.64,346.4,13.69,398.8,19.1,592.7,0.0629,1.04,196.4,16.4,11.6
2025-05-19T07:14:00+00:00,2498.6,83.92,338.4,13.70,421.7,19.2,557.4,0.0672,1.06,196.4,16.4,11.3
2025-05-19T07:15:00+00:00,1961.0,82.46,357.6,13.88,381.1,16.1,572.9,0.0600,1.00,196.4,16.4,9.9
2025-05-19T07:16:00+00:00,2473.4,84.71,338.2,13.92,394.9,16.5,602.1,0.0680,1.12,196.4,16.4,10.3
2025-05-19T07:17:00+00:00,1806.1,83.40,345.4,13.88,390.5,15.1,620.5,0.0603,1.11,196.4,16.4,11.0
2025-05-19T07:18:00+00:00,2482.1,82.38,355.8,13.76,382.5,18.4,628.1,0.0732,0.98,196.4,16.4,12.3
2025-05-19T07:19:00+00:00,2198.2,84.38,337.4,13.93,377.8,19.5,636.2,0.0623,1.10,196.4,16.4,9.4
2025-05-19T07:20:00+00:00,1942.1,84.56,333.1,13.80,382.3,16.7,631.1,0.0639,1.10,196.4,16.4,9.9
2025-05-19T07:21:00+00:00,2196.0,84.85,347.2,13.84,402.7,18.1,566.0,0.0620,1.07,196.4,16.4,10.8
2025-05-19T07:22:00+00:00,2227.6,80.91,357.1,13.62,392.8,19.0,610.9,0.0629,1.14,196.4,16.4,12.9
2025-05-19T07:23:00+00:00,2039.4,82.90,345.6,13.70,393.2,14.8,614.3,0.0622,1.19,196.4,16.4,10.5
2025-05-19T07:24:00+00:00,2158.7,83.42,358.8,14.08,392.0,15.8,647.0,0.0616,1.05,196.4,16.4,11.4
2025-05-19T07:25:00+00:00,2021.9,80.82,337.8,13.82,381.9,15.7,565.7,0.0755,1.12,196.4,16.4,10.2
2025-05-19T07:26:00+00:00,1855.8,83.30,338.5,13.68,392.0,13.3,600.4,0.0603,1.08,196.4,16.4,10.5
2025-05-19T07:27:00+00:00,2062.5,81.95,346.7,13.65,412.1,19.3,600.0,0.0611,1.07,196.4,16.4,10.4
2025-05-19T07:28:00+00:00,1915.4,82.32,345.1,13.48,368.6,17.8,588.3,0.0604,1.07,196.4,16.4,10.7
2025-05-19T07:29:00+00:00,2209.2,83.19,361.2,13.87,402.8,16.2,590.2,0.0619,1.05,196.4,16.4,10.3
2025-05-19T07:30:00+00:00,2067.6,81.20,353.5,13.68,377.4,15.3,606.2,0.0638,1.11,196.4,16.4,11.4
2025-05-19T07:31:00+00:00,2061.5,82.01,345.4,13.70,393.0,16.8,644.2,0.0708,1.13,196.4,16.4,10.4
2025-05-19T07:32:00+00:00,1818.8,77.57,355.8,13.83,390.1,17.7,622.3,0.0595,1.02,196.4,16.4,10.6
2025-05-19T07:33:00+00:00,2099.5,83.16,353.9,13.77,400.0,15.5,613.6,0.0613,1.05,196.4,16.4,13.2
2025-05-19T07:34:00+00:00,2000.3,83.28,352.1,13.78,393.0,18.6,608.4,0.0612,1.05,196.4,16.4,13.0
2025-05-19T07:35:00+00:00,2103.0,82.97,349.0,13.86,403.8,14.8,571.9,0.0622,1.15,196.4,16.4,10.9
2025-05-19T07:36:00+00:00,1967.8,80.76,345.7,13.75,367.8,17.0,673.7,0.0653,1.10,196.4,16.4,12.5
2025-05-19T07:37:00+00:00,1799.8,82.10,343.4,13.82,364.0,18.2,572.3,0.0631,1.08,196.4,16.4,10.6
2025-05-19T07:38:00+00:00,1811.2,80.99,355.2,13.64,365.0,16.9,602.8,0.0600,1.07,196.4,16.4,10.4
2025-05-19T07:39:00+00:00,1888.7,79.01,348.5,13.91,377.0,17.2,581.9,0.0615,1.06,196.4,16.4,11.2
2025-05-19T07:40:00+00:00,2187.1,84.13,355.6,14.04,405.6,17.5,601.0,0.0610,0.98,196.4,16.4,12.3
2025-05-19T07:41:00+00:00,2087.6,82.50,339.3,13.62,395.6,17.4,629.1,0.0661,1.01,196.4,16.4,9.8
2025-05-19T07:42:00+00:00,1907.3,77.54,352.1,13.92,387.0,15.7,589.1,0.0663,1.10,196.4,16.4,13.5
2025-05-19T07:43:00+00:00,2038.4,83.24,354.3,13.94,385.3,20.9,586.2,0.0612,1.08,196.4,16.4,9.5
2025-05-19T07:44:00+00:00,2031.9,83.19,344.3,13.88,370.1,16.2,604.1,0.0658,1.05,196.4,16.4,10.4
2025-05-19T07:45:00+00:00,2124.7,85.23,351.8,13.75,396.2,17.1,626.6,0.0616,1.07,196.4,16.4,11.8
2025-05-19T07:46:00+00:00,2214.0,80.16,348.4,13.55,383.5,17.3,605.0,0.0626,1.09,196.4,16.4,11.2
2025-05-19T07:47:00+00:00,2071.4,82.27,347.4,13.87,384.5,15.3,586.4,0.0610,1.04,196.4,16.4,9.8
2025-05-19T07:48:00+00:00,1963.4,81.13,364.1,13.76,364.4,14.7,597.8,0.0642,0.99,196.4,16.4,11.7
2025-05-19T07:49:00+00:00,1832.8,81.36,350.6,13.75,375.4,16.7,573.5,0.0607,1.14,196.4,16.4,8.4
2025-05-19T07:50:00+00:00,2101.9,80.80,356.6,13.56,366.0,13.4,687.7,0.0660,1.10,196.4,16.4,9.1
2025-05-19T07:51:00+00:00,2065.5,80.09,342.8,13.78,383.4,18.5,646.4,0.0615,1.10,196.4,16.4,11.6
2025-05-19T07:52:00+00:00,2028.0,83.16,361.0,13.63,379.1,15.6,609.0,0.0627,1.06,196.4,16.4,11.9
2025-05-19T07:53:00+00:00,2075.5,84.87,355.0,13.68,378.4,15.3,573.6,0.0673,1.10,196.4,16.4,13.3
2025-05-19T07:54:00+00:00,2196.1,82.05,349.5,13.83,404.6,19.4,600.1,0.0634,1.21,196.4,16.4,9.4
2025-05-19T07:55:00+00:00,2043.4,81.30,340.9,13.75,379.7,16.4,586.1,0.0623,1.19,196.4,16.4,11.6
2025-05-19T07:56:00+00:00,2147.2,82.74,352.8,13.90,380.3,18.6,585.0,0.0652,1.10,196.4,16.4,10.7
2025-05-19T07:57:00+00:00,2052.8,82.28,347.6,13.69,377.4,17.6,649.1,0.0648,1.12,196.4,16.4,9.5
2025-05-19T07:58:00+00:00,2014.6,81.97,347.1,13.99,367.6,17.7,603.9,0.0741,1.12,196.4,16.4,11.2
2025-05-19T07:59:00+00:00,1969.8,80.05,344.5,13.88,380.9,13.9,557.8,0.0615,1.13,196.4,16.4,12.0
2025-05-19T08:00:00+00:00,2072.0,80.50,343.7,13.69,388.6,19.0,635.9,0.0627,1.05,196.4,16.4,11.5
2025-05-19T08:01:00+00:00,2008.3,81.22,342.4,13.70,385.8,15.4,636.9,0.0609,1.07,196.4,16.4,11.2
2025-05-19T08:02:00+00:00,2278.7,84.14,352.3,13.73,406.0,18.4,587.1,0.0668,1.12,196.4,16.4,11.1
2025-05-19T08:03:00+00:00,1814.6,82.36,353.1,13.87,355.2,14.7,607.4,0.0610,1.17,196.4,16.4,11.8
2025-05-19T08:04:00+00:00,2053.7,82.23,347.8,13.84,379.6,16.9,641.9,0.0692,1.11,196.4,16.4,11.9
2025-05-19T08:05:00+00:00,1881.7,83.82,366.0,13.85,367.7,17.9,590.0,0.0668,1.06,196.4,16.4,11.9
2025-05-19T08:06:00+00:00,2108.5,83.08,338.1,13.66,370.3,17.5,620.4,0.0649,1.07,196.4,16.4,10.4
2025-05-19T08:07:00+00:00,2067.2,84.05,341.0,14.03,378.6,17.7,611.3,0.0649,0.99,196.4,16.4,10.8
2025-05-19T08:08:00+00:00,2006.4,81.26,353.9,13.79,397.2,15.5,639.8,0.0607,1.05,196.4,16.4,12.5
2025-05-19T08:09:00+00:00,1911.2,81.83,350.3,13.71,376.0,19.2,600.3,0.0645,1.18,196.4,16.4,11.1
2025-05-19T08:10:00+00:00,2006.8,83.84,345.8,13.78,386.7,20.1,610.3,0.0620,1.15,196.4,16.4,9.8
2025-05-19T08:11:00+00:00,2035.0,83.88,346.5,13.67,394.6,17.6,574.7,0.0651,1.02,196.4,16.4,10.8
2025-05-19T08:12:00+00:00,2168.8,83.40,351.1,13.88,384.3,18.2,607.8,0.0622,1.12,196.4,16.4,8.9
2025-05-19T08:13:00+00:00,2274.7,83.83,340.3,13.90,398.2,18.7,645.0,0.0625,1.08,196.4,16.4,10.9
2025-05-19T08:14:00+00:00,2084.4,81.45,335.3,13.55,392.5,15.2,607.0,0.0715,1.04,196.4,16.4,9.7
2025-05-19T08:15:00+00:00,963.1,77.30,353.6,13.92,364.1,17.5,520.6,0.0577,1.05,196.4,16.4,8.6
2025-05-19T08:16:00+00:00,949.3,81.38,357.8,13.93,352.0,16.4,563.8,0.0553,1.08,196.4,16.4,12.4
2025-05-19T08:17:00+00:00,951.8,77.97,359.8,13.56,358.8,18.0,557.9,0.0550,1.04,196.4,16.4,11.1
2025-05-19T08:18:00+00:00,987.9,75.74,369.1,13.86,353.5,15.4,583.0,0.0559,1.09,196.4,16.4,13.6
2025-05-19T08:19:00+00:00,801.9,79.16,353.9,13.82,341.2,17.1,581.0,0.0593,1.07,196.4,16.4,9.4
2025-05-19T08:20:00+00:00,973.0,79.81,356.0,13.77,352.4,19.5,494.7,0.0558,1.09,196.4,16.4,12.1
2025-05-19T08:21:00+00:00,928.9,76.76,360.1,13.74,325.1,19.1,534.7,0.0555,1.10,196.4,16.4,10.9
2025-05-19T08:22:00+00:00,1042.1,78.97,359.4,13.84,337.9,18.7,573.9,0.0556,1.05,196.4,16.4,10.1
2025-05-19T08:23:00+00:00,904.7,80.31,356.7,13.89,359.7,19.7,623.6,0.0554,1.10,196.4,16.4,10.9
2025-05-19T08:24:00+00:00,1118.5,80.83,363.2,13.71,358.2,18.0,515.1,0.0569,1.13,196.4,16.4,11.6
2025-05-19T08:25:00+00:00,786.8,82.03,359.7,14.10,359.8,19.3,560.4,0.0611,1.12,196.4,16.4,10.8
2025-05-19T14:00:00+00:00,971.3,80.72,352.2,14.03,336.3,16.3,600.1,0.0667,1.10,196.4,16.4,11.5
2025-05-19T14:01:00+00:00,974.0,77.30,348.8,13.57,350.7,17.6,565.7,0.0589,1.13,196.4,16.4,11.3
2025-05-19T14:02:00+00:00,1015.5,80.87,369.2,13.95,337.6,18.3,587.2,0.0568,1.08,196.4,16.4,11.3
2025-05-19T14:03:00+00:00,886.0,76.58,346.6,14.15,342.3,16.5,553.6,0.0535,0.93,196.4,16.4,9.5
2025-05-19T14:04:00+00:00,971.1,81.33,367.3,13.83,355.5,15.1,545.3,0.0575,1.09,196.4,16.4,10.8
2025-05-19T14:05:00+00:00,895.4,77.11,375.5,13.65,347.9,17.4,522.1,0.0609,1.09,196.4,16.4,10.3
2025-05-19T14:06:00+00:00,952.4,79.30,363.9,13.83,355.2,18.3,574.5,0.0559,1.13,196.4,16.4,11.1
2025-05-19T14:07:00+00:00,971.4,81.14,358.5,13.69,333.6,19.5,513.2,0.0551,1.04,196.4,16.4,9.3
2025-05-19T14:08:00+00:00,1037.7,78.89,359.5,13.82,363.5,15.0,549.4,0.0558,1.08,196.4,16.4,10.1
2025-05-19T14:09:00+00:00,1089.4,77.14,350.1,13.73,336.8,19.7,509.4,0.0553,1.00,196.4,16.4,11.6
2025-05-19T14:10:00+00:00,1002.2,79.03,347.0,13.95,341.5,19.2,561.0,0.0554,1.07,196.4,16.4,10.6
2025-05-19T14:11:00+00:00,1019.1,79.90,356.9,13.81,332.0,17.6,540.5,0.0552,1.03,196.4,16.4,11.4
2025-05-19T14:12:00+00:00,1021.7,78.96,354.7,13.83,359.0,19.6,585.2,0.0553,1.03,196.4,16.4,10.2
2025-05-19T14:13:00+00:00,951.8,79.05,352.6,13.75,362.3,17.2,585.1,0.0607,0.99,196.4,16.4,11.3
2025-05-19T14:14:00+00:00,1164.5,77.31,340.9,13.93,332.6,14.3,584.3,0.0612,1.05,196.4,16.4,9.8
2025-05-19T14:15:00+00:00,1837.9,82.97,349.7,13.82,361.6,13.4,572.6,0.0671,1.16,196.4,16.4,12.7
2025-05-19T14:16:00+00:00,1935.2,83.08,340.0,13.59,377.4,14.7,626.8,0.0680,0.99,196.4,16.4,11.1
2025-05-19T14:17:00+00:00,2100.5,83.50,364.2,13.76,384.5,17.3,650.5,0.0615,1.08,196.4,16.4,10.4
2025-05-19T14:18:00+00:00,2264.6,84.52,356.7,13.75,380.0,18.9,604.4,0.0624,1.09,196.4,16.4,11.9
2025-05-19T14:19:00+00:00,1999.0,83.10,345.7,13.97,381.3,18.3,562.2,0.0609,1.06,196.4,16.4,11.6
2025-05-19T14:20:00+00:00,1934.1,81.24,355.8,13.87,381.4,17.1,584.9,0.0676,1.10,196.4,16.4,8.7
2025-05-19T14:21:00+00:00,1981.3,82.36,360.8,13.76,387.9,18.9,553.6,0.0621,1.21,196.4,16.4,9.5
2025-05-19T14:22:00+00:00,2079.9,80.29,343.8,13.65,393.0,15.4,591.3,0.0668,1.06,196.4,16.4,11.6
2025-05-19T14:23:00+00:00,1900.4,82.99,357.3,13.82,348.3,18.2,616.6,0.0600,1.03,196.4,16.4,11.8
2025-05-19T14:24:00+00:00,2075.8,80.80,355.3,13.94,375.3,15.5,555.4,0.0618,1.12,196.4,16.4,11.0
2025-05-19T14:25:00+00:00,1877.0,80.08,344.0,13.55,359.5,18.0,555.1,0.0608,1.12,196.4,16.4,9.9
2025-05-19T14:26:00+00:00,2061.4,83.62,359.7,13.91,371.5,16.1,603.5,0.0626,1.11,196.4,16.4,12.2
2025-05-19T14:27:00+00:00,1999.5,82.96,361.8,13.94,353.5,19.4,613.0,0.0610,1.07,196.4,16.4,11.7
2025-05-19T14:28:00+00:00,1969.0,81.18,347.6,14.05,380.9,15.1,548.1,0.0614,1.13,196.4,16.4,9.9
2025-05-19T14:29:00+00:00,1934.2,80.13,353.3,14.09,387.2,17.9,649.9,0.0621,1.09,196.4,16.4,10.5
2025-05-19T14:30:00+00:00,2083.3,84.27,351.8,13.92,384.1,20.8,589.0,0.0625,1.08,196.4,16.4,11.3
2025-05-19T14:31:00+00:00,2213.0,81.03,341.0,13.81,388.7,18.2,652.5,0.0625,1.12,196.4,16.4,12.5
2025-05-19T14:32:00+00:00,2200.1,81.35,350.5,13.81,383.1,16.8,609.1,0.0620,1.07,196.4,16.4,10.3
2025-05-19T14:33:00+00:00,1965.4,84.88,347.9,13.95,357.1,17.1,609.9,0.0629,1.09,196.4,16.4,10.9
2025-05-19T14:34:00+00:00,1947.2,82.23,348.9,13.86,370.3,18.7,610.8,0.0651,1.02,196.4,16.4,11.3
2025-05-19T14:35:00+00:00,1931.4,81.25,361.2,13.76,375.6,20.0,562.1,0.0623,1.11,196.4,16.4,10.5
2025-05-19T14:36:00+00:00,2204.9,82.95,354.3,13.78,382.1,18.1,663.9,0.0674,1.04,196.4,16.4,9.5
2025-05-19T14:37:00+00:00,2038.2,81.40,339.7,13.97,371.5,21.1,627.9,0.0613,1.09,196.4,16.4,10.4
2025-05-19T14:38:00+00:00,2042.5,83.76,346.5,13.78,397.2,17.8,606.8,0.0616,1.11,196.4,16.4,12.1
2025-05-19T14:39:00+00:00,2177.4,83.61,345.6,13.85,412.3,20.9,603.0,0.0618,1.06,196.4,16.4,11.8
2025-05-19T14:40:00+00:00,1920.7,82.18,358.0,13.72,392.8,18.8,577.1,0.0677,1.10,196.4,16.4,11.3
2025-05-19T14:41:00+00:00,2093.2,82.35,334.5,13.71,371.4,18.5,587.7,0.0688,1.21,196.4,16.4,11.8
2025-05-19T14:42:00+00:00,2040.7,80.80,352.6,13.86,420.8,14.8,655.7,0.0609,1.05,196.4,16.4,12.7
2025-05-19T14:43:00+00:00,2057.9,83.33,358.6,13.81,387.0,18.8,550.2,0.0665,0.95,196.4,16.4,11.9
2025-05-19T14:44:00+00:00,2185.1,82.54,340.2,13.70,376.7,18.5,541.8,0.0655,1.16,196.4,16.4,11.2
2025-05-19T14:45:00+00:00,1899.7,81.52,363.2,13.81,364.4,18.0,601.9,0.0673,1.15,196.4,16.4,10.9
2025-05-19T14:46:00+00:00,1926.6,80.26,352.4,13.58,375.2,18.0,687.2,0.0603,1.06,196.4,16.4,9.9
2025-05-19T14:47:00+00:00,2073.3,83.71,354.4,13.85,393.8,15.7,596.9,0.0649,1.07,196.4,16.4,11.1
2025-05-19T14:48:00+00:00,2110.1,80.80,354.9,14.10,378.8,19.0,623.1,0.0620,1.13,196.4,16.4,9.5
2025-05-19T14:49:00+00:00,1955.1,81.62,354.0,14.00,405.3,16.0,624.5,0.0608,1.06,196.4,16.4,11.8
2025-05-19T14:50:00+00:00,1945.3,84.55,352.7,13.73,392.6,15.8,639.0,0.0607,1.07,196.4,16.4,12.7
2025-05-19T14:51:00+00:00,2068.1,83.66,345.8,13.76,402.4,16.1,603.2,0.0612,1.06,196.4,16.4,11.7
2025-05-19T14:52:00+00:00,1757.2,81.41,357.7,13.78,369.7,18.9,593.0,0.0621,1.14,196.4,16.4,11.5
2025-05-19T14:53:00+00:00,1901.7,81.78,368.4,13.89,374.0,17.4,565.0,0.0611,1.15,196.4,16.4,11.4
2025-05-19T14:54:00+00:00,1966.6,83.83,342.2,14.29,367.2,17.0,590.7,0.0642,1.07,196.4,16.4,12.1
2025-05-19T14:55:00+00:00,2134.7,80.59,338.1,13.67,376.2,18.1,641.6,0.0665,1.17,196.4,16.4,9.9
2025-05-19T14:56:00+00:00,2184.8,83.10,344.4,14.06,385.0,16.3,635.0,0.0615,1.03,196.4,16.4,12.6
2025-05-19T14:57:00+00:00,2041.8,82.08,343.4,14.08,379.3,18.1,593.0,0.0613,1.09,196.4,16.4,11.6
2025-05-19T14:58:00+00:00,1890.2,82.39,345.0,13.92,371.9,17.1,602.3,0.0602,1.05,196.4,16.4,11.8
2025-05-19T14:59:00+00:00,2112.9,81.89,351.9,13.82,393.8,16.1,629.6,0.0620,1.13,196.4,16.4,11.7
2025-05-19T15:00:00+00:00,2063.2,85.71,354.1,13.73,369.0,16.8,582.2,0.0614,1.09,196.4,16.4,12.7
2025-05-19T15:01:00+00:00,1941.6,83.15,354.3,13.75,380.4,18.4,615.5,0.0642,1.17,196.4,16.4,8.6
2025-05-19T15:02:00+00:00,1950.0,82.27,348.8,13.72,394.1,17.5,596.3,0.0616,1.18,196.4,16.4,10.7
2025-05-19T15:03:00+00:00,2090.2,83.79,337.1,13.65,400.9,14.3,593.1,0.0661,1.16,196.4,16.4,12.3
2025-05-19T15:04:00+00:00,2091.3,83.86,351.1,13.62,394.4,15.8,641.7,0.0625,1.19,196.4,16.4,10.5
2025-05-19T15:05:00+00:00,2095.9,81.78,356.3,13.70,396.9,15.4,567.0,0.0614,1.06,196.4,16.4,11.0
2025-05-19T15:06:00+00:00,2009.0,81.14,352.2,13.75,364.0,18.6,629.9,0.0613,1.11,196.4,16.4,11.8
2025-05-19T15:07:00+00:00,2035.6,82.16,349.4,13.57,395.8,17.9,622.0,0.0658,1.03,196.4,16.4,13.0
2025-05-19T15:08:00+00:00,1932.6,82.61,362.1,13.65,371.2,16.6,622.7,0.0608,1.10,196.4,16.4,11.1
2025-05-19T15:09:00+00:00,2095.7,81.95,350.8,13.84,401.5,13.6,584.8,0.0751,1.02,196.4,16.4,13.2
2025-05-19T15:10:00+00:00,1849.7,80.77,355.7,13.82,387.8,17.1,644.3,0.0677,1.13,196.4,16.4,11.8
2025-05-19T15:11:00+00:00,2179.2,80.78,347.4,13.72,413.6,19.4,631.7,0.0680,1.11,196.4,16.4,11.8
2025-05-19T15:12:00+00:00,2404.8,84.34,351.3,13.52,397.1,16.8,628.7,0.0632,1.08,196.4,16.4,10.2
2025-05-19T15:13:00+00:00,2395.5,84.36,348.7,13.60,393.0,19.2,606.7,0.0663,1.06,196.4,16.4,12.9
2025-05-19T15:14:00+00:00,2214.8,79.97,354.7,14.17,367.5,18.9,618.8,0.0614,1.01,196.4,16.4,11.9
2025-05-19T15:15:00+00:00,2102.0,79.13,357.8,14.04,383.3,19.1,591.2,0.0617,1.10,196.4,16.4,11.5
2025-05-19T15:16:00+00:00,2372.1,82.74,340.0,13.46,385.4,18.7,667.4,0.0623,1.02,196.4,16.4,10.9
2025-05-19T15:17:00+00:00,2100.0,84.21,336.6,13.62,374.8,15.3,630.1,0.0623,1.16,196.4,16.4,11.0
2025-05-19T15:18:00+00:00,2457.8,85.03,340.2,13.82,404.8,16.7,611.2,0.0701,1.07,196.4,16.4,10.4
2025-05-19T15:19:00+00:00,1918.5,81.22,346.7,13.60,379.0,16.1,580.4,0.0609,1.11,196.4,16.4,10.9
2025-05-19T15:20:00+00:00,1907.8,83.47,344.6,13.94,367.2,16.8,550.3,0.0606,1.10,196.4,16.4,11.0
2025-05-19T15:21:00+00:00,1879.9,84.27,352.0,13.66,385.1,14.9,650.6,0.0639,1.10,196.4,16.4,11.3
2025-05-19T15:22:00+00:00,2039.4,83.46,350.7,13.96,389.0,16.3,530.4,0.0602,0.99,196.4,16.4,11.5
2025-05-19T15:23:00+00:00,1975.7,82.41,345.2,13.83,373.1,19.3,614.2,0.0611,1.10,196.4,16.4,12.5
2025-05-19T15:24:00+00:00,1915.6,81.23,362.8,14.10,365.3,18.2,557.1,0.0611,1.15,196.4,16.4,12.0
2025-05-19T15:25:00+00:00,2167.1,82.39,341.4,13.79,348.2,19.4,588.6,0.0629,1.06,196.4,16.4,10.2
2025-05-19T15:26:00+00:00,1889.0,83.00,352.6,14.02,369.1,17.3,610.4,0.0616,1.19,196.4,16.4,11.4
2025-05-19T15:27:00+00:00,2510.8,85.22,342.1,13.75,380.5,17.1,597.0,0.0634,1.04,196.4,16.4,11.7
2025-05-19T15:28:00+00:00,2340.4,81.14,348.5,14.03,396.9,15.9,645.8,0.0658,1.12,196.4,16.4,11.2
2025-05-19T15:29:00+00:00,1733.9,82.77,353.4,13.61,385.6,16.8,565.8,0.0598,1.09,196.4,16.4,12.0
2025-05-19T15:30:00+00:00,1917.7,81.99,350.0,13.96,367.2,17.4,595.0,0.0626,1.13,196.4,16.4,10.5
2025-05-19T15:31:00+00:00,1960.1,84.67,342.2,13.87,396.9,16.7,600.6,0.0629,1.11,196.4,16.4,9.7
2025-05-19T15:32:00+00:00,1818.6,80.74,342.5,13.76,379.3,16.8,612.5,0.0601,1.08,196.4,16.4,10.4
2025-05-19T15:33:00+00:00,2450.7,84.67,343.4,13.85,410.2,17.0,579.7,0.0634,1.07,196.4,16.4,10.7
2025-05-19T15:34:00+00:00,2092.9,81.12,347.2,13.86,373.1,19.0,575.5,0.0686,1.02,196.4,16.4,10.5
2025-05-19T15:35:00+00:00,1886.1,81.27,332.6,13.89,372.0,17.2,619.2,0.0605,1.10,196.4,16.4,11.1
2025-05-19T15:36:00+00:00,1923.6,82.84,338.7,13.64,379.1,17.4,641.1,0.0606,1.08,196.4,16.4,10.3
2025-05-19T15:37:00+00:00,2384.3,83.15,341.7,13.94,403.2,16.5,616.5,0.0632,1.09,196.4,16.4,11.9
2025-05-19T15:38:00+00:00,2034.2,81.93,341.1,13.75,376.0,17.8,583.3,0.0745,1.13,196.4,16.4,11.4
2025-05-19T15:39:00+00:00,1747.4,80.67,346.8,13.75,363.2,18.1,621.7,0.0593,1.04,196.4,16.4,11.2
2025-05-19T15:40:00+00:00,2506.3,86.23,351.1,13.79,388.7,17.2,627.0,0.0641,1.12,196.4,16.4,11.3
2025-05-19T15:41:00+00:00,2037.0,82.71,352.7,13.78,404.6,17.6,593.4,0.0696,1.01,196.4,16.4,10.9
2025-05-19T15:42:00+00:00,2085.9,84.87,341.1,14.12,393.2,19.9,571.3,0.0614,1.07,196.4,16.4,12.1
2025-05-19T15:43:00+00:00,2017.8,81.54,346.4,13.80,398.0,19.7,593.7,0.0610,1.07,196.4,16.4,12.0
2025-05-19T15:44:00+00:00,2371.0,83.53,346.9,13.81,394.1,18.9,634.6,0.0646,1.15,196.4,16.4,10.9
2025-05-19T15:45:00+00:00,2111.8,81.40,340.3,13.74,391.3,16.2,632.0,0.0627,1.04,196.4,16.4,10.1
2025-05-19T15:46:00+00:00,2064.9,81.27,362.3,13.95,388.6,14.0,617.2,0.0618,1.12,196.4,16.4,9.8
2025-05-19T15:47:00+00:00,2075.6,81.06,348.0,13.52,361.1,15.6,585.0,0.0635,1.08,196.4,16.4,11.5
2025-05-19T15:48:00+00:00,2025.9,84.85,347.8,13.63,397.5,17.5,648.9,0.0652,1.02,196.4,16.4,12.5
2025-05-19T15:49:00+00:00,1855.4,81.13,348.7,13.97,359.1,20.5,551.1,0.0730,1.11,196.4,16.4,12.4
2025-05-19T15:50:00+00:00,1991.0,84.59,353.2,13.82,377.0,18.7,583.2,0.0635,1.18,196.4,16.4,10.7
2025-05-19T15:51:00+00:00,2096.8,84.65,357.8,13.84,368.2,19.6,576.1,0.0609,1.04,196.4,16.4,11.2
2025-05-19T15:52:00+00:00,1976.7,82.06,364.0,13.81,398.4,17.8,566.3,0.0641,1.09,196.4,16.4,12.3
2025-05-19T15:53:00+00:00,1878.6,80.84,350.8,13.76,371.3,17.5,591.6,0.0605,1.09,196.4,16.4,14.0
2025-05-19T15:54:00+00:00,2085.6,80.58,342.7,13.72,381.6,17.8,659.7,0.0622,1.14,196.4,16.4,11.3
2025-05-19T15:55:00+00:00,1863.0,80.16,357.3,13.52,362.2,18.4,596.0,0.0607,1.13,196.4,16.4,13.1
2025-05-19T15:56:00+00:00,2012.5,81.56,363.2,13.81,366.3,17.6,617.1,0.0649,1.13,196.4,16.4,11.4
2025-05-19T15:57:00+00:00,1981.2,81.45,347.9,13.61,393.3,17.0,615.5,0.0630,1.06,196.4,16.4,10.7
2025-05-19T15:58:00+00:00,1991.0,81.33,347.5,13.69,375.7,17.2,560.3,0.0615,1.13,196.4,16.4,13.8
2025-05-19T15:59:00+00:00,2026.6,84.03,345.4,13.84,390.9,18.9,581.0,0.0619,1.15,196.4,16.4,12.2
2025-05-19T16:00:00+00:00,1964.6,84.04,346.8,13.77,386.4,15.6,621.2,0.0637,1.08,196.4,16.4,11.6
2025-05-19T16:01:00+00:00,2088.5,82.17,357.1,13.77,385.5,18.0,585.7,0.0614,1.07,196.4,16.4,8.9
2025-05-19T16:02:00+00:00,2086.2,79.69,347.9,13.55,391.0,18.0,634.2,0.0642,1.09,196.4,16.4,10.8
2025-05-19T16:03:00+00:00,1833.5,82.45,345.9,13.82,392.1,18.6,566.4,0.0606,1.13,196.4,16.4,9.4
2025-05-19T16:04:00+00:00,1982.5,82.93,363.7,13.95,381.2,16.6,566.5,0.0682,1.15,196.4,16.4,12.5
2025-05-19T16:05:00+00:00,2087.6,83.66,358.8,13.87,369.1,16.9,572.2,0.0622,1.14,196.4,16.4,10.6
2025-05-19T16:06:00+00:00,1874.3,80.95,359.9,13.80,361.0,13.4,607.3,0.0713,1.08,196.4,16.4,10.9
2025-05-19T16:07:00+00:00,1908.7,80.58,346.6,13.68,386.9,16.7,593.3,0.0600,1.03,196.4,16.4,12.2
2025-05-19T16:08:00+00:00,1986.3,79.98,344.8,14.16,402.0,17.4,592.6,0.0609,1.07,196.4,16.4,10.3
2025-05-19T16:09:00+00:00,1780.0,80.22,368.1,14.05,366.1,19.1,582.6,0.0607,1.06,196.4,16.4,10.1
2025-05-19T16:10:00+00:00,2018.3,80.09,354.4,13.72,393.8,17.3,622.6,0.0616,1.12,196.4,16.4,11.1
2025-05-19T16:11:00+00:00,2004.4,84.29,358.0,13.80,366.5,18.8,613.6,0.0682,1.03,196.4,16.4,10.5
2025-05-19T16:12:00+00:00,2048.1,81.34,331.9,13.84,391.4,19.9,591.4,0.0633,1.05,196.4,16.4,9.2
2025-05-19T16:13:00+00:00,1857.3,81.73,353.7,13.77,355.5,15.4,579.3,0.0601,1.06,196.4,16.4,11.4
2025-05-19T16:14:00+00:00,2170.9,84.96,353.5,13.87,373.7,17.7,645.8,0.0634,1.23,196.4,16.4,11.3
2025-05-19T16:15:00+00:00,1971.0,79.84,348.0,13.65,383.5,17.2,570.6,0.0647,1.09,196.4,16.4,11.0
2025-05-19T16:16:00+00:00,1998.3,81.41,355.9,13.69,362.7,13.3,595.7,0.0677,1.14,196.4,16.4,11.0
2025-05-19T16:17:00+00:00,2163.6,84.31,353.6,13.73,382.1,17.5,612.4,0.0701,1.17,196.4,16.4,10.3
2025-05-19T16:18:00+00:00,1921.4,79.14,338.6,14.03,391.6,20.3,601.3,0.0624,1.07,196.4,16.4,9.8
2025-05-19T16:19:00+00:00,2007.9,82.41,345.7,13.81,407.2,14.7,655.5,0.0611,1.07,196.4,16.4,11.3
2025-05-19T16:20:00+00:00,1848.1,82.37,346.0,13.84,387.8,15.5,624.6,0.0628,1.05,196.4,16.4,11.6
2025-05-19T16:21:00+00:00,2123.6,83.16,361.4,13.82,378.0,18.8,558.2,0.0781,1.15,196.4,16.4,11.5
2025-05-19T16:22:00+00:00,2155.2,84.16,346.7,13.70,384.2,17.3,632.1,0.0653,1.02,196.4,16.4,10.0
2025-05-19T16:23:00+00:00,2123.1,81.07,342.7,13.70,377.0,16.3,583.0,0.0610,1.02,196.4,16.4,11.7
2025-05-19T16:24:00+00:00,2134.2,82.89,350.5,13.75,387.2,19.8,583.6,0.0659,1.15,196.4,16.4,10.6
2025-05-19T16:25:00+00:00,2034.9,82.53,353.2,13.67,405.9,15.3,579.8,0.0613,1.03,196.4,16.4,12.4
2025-05-19T16:26:00+00:00,1976.2,81.86,345.9,14.11,394.0,19.0,554.4,0.0613,1.12,196.4,16.4,12.0
2025-05-19T16:27:00+00:00,2035.1,84.60,351.6,13.72,375.3,19.7,614.4,0.0617,1.15,196.4,16.4,10.7
2025-05-19T16:28:00+00:00,1995.4,85.11,361.9,13.78,374.2,15.2,618.3,0.0648,1.06,196.4,16.4,11.5
2025-05-19T16:29:00+00:00,2031.0,80.69,341.7,13.62,365.5,17.6,595.5,0.0619,1.15,196.4,16.4,12.2
2025-05-19T16:30:00+00:00,1993.3,82.21,353.5,13.81,357.9,17.3,572.2,0.0634,0.98,196.4,16.4,11.6
2025-05-19T16:31:00+00:00,1925.7,83.43,362.7,13.77,390.6,19.7,565.7,0.0596,0.98,196.4,16.4,12.5
2025-05-19T16:32:00+00:00,1971.5,82.07,331.9,13.59,389.9,18.9,624.1,0.0615,1.10,196.4,16.4,10.6
2025-05-19T16:33:00+00:00,2036.5,81.22,351.5,13.94,371.9,15.9,572.1,0.0646,1.06,196.4,16.4,9.8
2025-05-19T16:34:00+00:00,1968.2,79.64,349.1,13.81,395.6,16.5,567.7,0.0624,1.14,196.4,16.4,12.7
2025-05-19T16:35:00+00:00,1987.1,82.50,351.5,13.64,351.3,14.4,606.7,0.0638,1.10,196.4,16.4,10.6
2025-05-19T16:36:00+00:00,2251.3,84.09,344.0,13.75,367.9,18.4,649.9,0.0728,1.16,196.4,16.4,10.0
2025-05-19T16:37:00+00:00,2216.6,82.83,350.7,13.62,404.1,16.6,634.1,0.0678,1.07,196.4,16.4,11.2
2025-05-19T16:38:00+00:00,2138.0,81.46,365.5,13.83,360.4,18.3,627.7,0.0644,1.07,196.4,16.4,11.1
2025-05-19T16:39:00+00:00,2084.7,80.88,345.7,13.74,371.4,16.6,642.7,0.0615,1.10,196.4,16.4,11.2
2025-05-19T16:40:00+00:00,1813.8,79.63,356.6,13.71,391.1,18.3,586.4,0.0626,1.10,196.4,16.4,9.5
2025-05-19T16:41:00+00:00,1857.6,80.83,365.5,13.80,371.4,18.8,564.9,0.0658,1.20,196.4,16.4,11.5
2025-05-19T16:42:00+00:00,1842.5,82.26,357.1,13.74,383.4,15.9,599.2,0.0691,1.11,196.4,16.4,11.0
2025-05-19T16:43:00+00:00,973.8,78.25,349.1,13.64,348.7,17.2,514.5,0.0625,1.15,196.4,16.4,9.8
2025-05-19T16:44:00+00:00,1156.3,79.44,358.0,13.68,354.3,19.6,526.7,0.0621,1.10,196.4,16.4,11.0
2025-05-19T16:45:00+00:00,992.6,78.48,359.8,13.67,367.6,17.2,543.7,0.0584,1.08,196.4,16.4,10.3
2025-05-19T16:46:00+00:00,1038.8,78.84,358.1,13.60,335.0,16.4,524.0,0.0633,1.09,196.4,16.4,10.1
2025-05-19T16:47:00+00:00,910.5,77.69,354.1,13.83,343.2,17.2,569.9,0.0547,1.04,196.4,16.4,12.7
2025-05-19T16:48:00+00:00,955.6,79.62,359.1,13.64,366.3,18.3,535.6,0.0595,1.10,196.4,16.4,10.8
2025-05-19T16:49:00+00:00,795.2,74.28,349.9,13.81,354.6,18.8,617.6,0.0568,1.08,196.4,16.4,10.6
2025-05-19T16:50:00+00:00,875.3,78.66,368.2,13.85,328.9,18.6,568.1,0.0546,1.03,196.4,16.4,10.0
2025-05-19T16:51:00+00:00,844.5,78.66,359.9,13.79,355.4,18.8,545.8,0.0551,1.11,196.4,16.4,12.3
2025-05-19T16:52:00+00:00,912.5,80.74,369.0,13.95,355.2,16.7,530.9,0.0548,1.04,196.4,16.4,11.3
2025-05-19T16:53:00+00:00,996.8,79.52,369.0,13.99,363.8,17.2,574.5,0.0636,1.20,196.4,16.4,10.5
2025-05-19T16:54:00+00:00,982.6,79.29,350.3,13.72,346.5,15.8,557.2,0.0596,1.04,196.4,16.4,11.1
2025-05-19T16:55:00+00:00,1056.4,78.82,355.0,13.65,336.1,16.3,524.0,0.0588,1.03,196.4,16.4,11.6
2025-05-19T16:56:00+00:00,931.5,78.23,360.1,13.68,357.2,21.1,487.5,0.0551,1.06,196.4,16.4,12.3
2025-05-20T06:00:00+00:00,1008.8,79.82,354.7,14.02,349.8,16.7,558.1,0.0540,0.90,56.2,191.2,12.3
2025-05-20T06:01:00+00:00,920.0,78.17,351.4,13.76,327.5,18.8,549.3,0.0539,0.94,56.2,191.2,14.8
2025-05-20T06:02:00+00:00,1009.8,80.02,355.6,13.46,349.3,15.6,523.3,0.0597,0.94,56.2,191.2,13.4
2025-05-20T06:03:00+00:00,952.9,79.46,344.8,13.91,357.2,17.2,545.0,0.0546,0.99,56.2,191.2,14.2
2025-05-20T06:04:00+00:00,901.7,80.84,358.8,13.65,332.0,19.5,554.2,0.0538,0.95,56.2,191.2,13.7
2025-05-20T06:05:00+00:00,886.3,77.84,361.4,13.49,347.6,17.2,558.9,0.0541,0.98,56.2,191.2,14.7
2025-05-20T06:06:00+00:00,913.5,77.26,357.6,13.76,361.2,19.0,525.1,0.0605,0.92,56.2,191.2,15.5
2025-05-20T06:07:00+00:00,835.4,76.06,352.1,13.91,339.8,18.8,498.8,0.0539,0.99,56.2,191.2,13.0
2025-05-20T06:08:00+00:00,1084.6,77.26,368.7,13.73,355.9,16.4,514.6,0.0573,1.03,56.2,191.2,14.2
2025-05-20T06:09:00+00:00,830.8,79.07,355.8,13.66,320.3,18.9,579.8,0.0532,0.91,56.2,191.2,13.5
2025-05-20T06:10:00+00:00,931.6,78.91,361.4,13.72,327.1,16.0,584.4,0.0644,0.94,56.2,191.2,13.5
2025-05-20T06:11:00+00:00,1014.3,78.67,362.9,14.11,345.8,15.0,528.1,0.0548,0.98,56.2,191.2,12.9
2025-05-20T06:12:00+00:00,915.4,79.65,368.9,13.57,347.8,17.0,540.2,0.0538,0.95,56.2,191.2,14.0
2025-05-20T06:13:00+00:00,964.1,80.79,339.4,13.88,354.0,14.3,554.5,0.0542,0.95,56.2,191.2,13.5
2025-05-20T06:14:00+00:00,2185.3,81.10,359.3,13.77,391.3,17.1,657.8,0.0612,0.93,56.2,191.2,17.1
2025-05-20T06:15:00+00:00,2133.9,83.55,358.6,13.76,391.0,19.7,538.2,0.0600,0.92,56.2,191.2,15.4
2025-05-20T06:16:00+00:00,1892.5,81.51,351.0,14.12,353.5,15.8,591.0,0.0595,0.99,56.2,191.2,14.9
2025-05-20T06:17:00+00:00,1880.0,80.53,340.0,13.68,394.5,20.3,671.9,0.0613,0.92,56.2,191.2,15.1
2025-05-20T06:18:00+00:00,2037.5,85.39,338.5,13.56,367.8,18.1,616.7,0.0641,1.05,56.2,191.2,15.3
2025-05-20T06:19:00+00:00,2108.9,81.28,346.6,14.07,393.3,19.0,636.7,0.0606,0.97,56.2,191.2,14.6
2025-05-20T06:20:00+00:00,1878.7,82.58,343.1,13.73,365.8,14.6,590.8,0.0592,0.96,56.2,191.2,14.1
2025-05-20T06:21:00+00:00,2167.7,84.05,341.0,13.78,376.4,20.3,604.3,0.0689,0.89,56.2,191.2,13.0
2025-05-20T06:22:00+00:00,2090.6,81.53,337.7,13.69,367.6,15.7,553.7,0.0654,1.03,56.2,191.2,16.1
2025-05-20T06:23:00+00:00,1952.6,83.09,350.8,13.84,393.7,16.7,614.1,0.0587,0.88,56.2,191.2,12.9
2025-05-20T06:24:00+00:00,1841.2,82.97,356.2,14.05,370.4,17.7,510.3,0.0602,0.94,56.2,191.2,16.4
2025-05-20T06:25:00+00:00,2015.7,82.31,357.3,13.87,349.7,17.6,599.6,0.0705,0.99,56.2,191.2,15.9
2025-05-20T06:26:00+00:00,2200.9,82.83,349.1,13.94,395.9,20.2,599.8,0.0645,1.01,56.2,191.2,14.3
2025-05-20T06:27:00+00:00,1996.1,84.28,352.7,13.95,376.9,17.5,585.9,0.0592,0.90,56.2,191.2,14.1
2025-05-20T06:28:00+00:00,2211.6,84.32,358.3,13.84,389.9,18.7,618.0,0.0613,0.99,56.2,191.2,12.4
2025-05-20T06:29:00+00:00,1855.1,82.23,346.4,13.85,370.2,19.5,610.6,0.0612,0.97,56.2,191.2,14.7
2025-05-20T06:30:00+00:00,1929.5,80.60,355.2,13.77,369.1,17.4,607.2,0.0617,1.06,56.2,191.2,14.2
2025-05-20T06:31:00+00:00,2044.7,83.61,339.2,13.61,395.9,15.7,622.6,0.0647,0.97,56.2,191.2,15.5
2025-05-20T06:32:00+00:00,2009.1,80.78,355.1,13.69,359.1,17.5,602.2,0.0616,0.93,56.2,191.2,16.0
2025-05-20T06:33:00+00:00,2046.2,83.62,359.6,13.78,396.0,17.1,633.8,0.0616,1.05,56.2,191.2,14.2
2025-05-20T06:34:00+00:00,1903.8,82.86,344.4,13.99,384.9,16.6,603.0,0.0614,0.94,56.2,191.2,13.6
2025-05-20T06:35:00+00:00,2075.0,82.91,364.8,13.59,378.9,17.6,628.0,0.0621,1.00,56.2,191.2,14.9
2025-05-20T06:36:00+00:00,2081.0,85.05,354.8,13.77,381.0,18.1,583.7,0.0602,0.95,56.2,191.2,14.8
2025-05-20T06:37:00+00:00,2041.7,82.78,351.7,13.82,378.7,18.6,681.8,0.0608,1.04,56.2,191.2,14.0
2025-05-20T06:38:00+00:00,1823.0,79.22,344.9,13.70,372.9,18.2,575.5,0.0601,1.07,56.2,191.2,13.1
2025-05-20T06:39:00+00:00,2013.7,83.30,360.2,13.68,354.9,17.1,578.9,0.0662,1.01,56.2,191.2,15.4
2025-05-20T06:40:00+00:00,2002.9,78.74,347.2,13.78,397.0,19.7,596.7,0.0646,0.96,56.2,191.2,14.9
2025-05-20T06:41:00+00:00,1820.1,81.55,343.1,13.94,387.4,19.0,542.4,0.0648,1.02,56.2,191.2,14.0
2025-05-20T06:42:00+00:00,2106.9,80.30,342.1,13.88,371.8,18.1,564.0,0.0622,0.95,56.2,191.2,15.6
2025-05-20T06:43:00+00:00,2006.0,82.30,349.2,13.45,377.8,16.5,538.9,0.0583,0.80,56.2,191.2,14.2
2025-05-20T06:44:00+00:00,1919.8,81.00,348.7,14.04,354.5,16.1,550.5,0.0601,1.03,56.2,191.2,14.1
2025-05-20T06:45:00+00:00,2135.8,82.95,349.0,13.90,401.7,18.2,581.5,0.0604,0.93,56.2,191.2,16.9
2025-05-20T06:46:00+00:00,2021.9,83.39,353.0,13.69,366.1,16.7,560.1,0.0606,1.01,56.2,191.2,15.6
2025-05-20T06:47:00+00:00,2004.7,82.31,357.1,13.92,375.3,18.0,654.5,0.0629,0.92,56.2,191.2,14.3
2025-05-20T06:48:00+00:00,1862.7,82.36,342.3,13.87,389.6,16.4,630.9,0.0590,0.95,56.2,191.2,13.5
2025-05-20T06:49:00+00:00,1866.0,83.90,339.3,13.67,351.8,17.9,616.3,0.0597,1.01,56.2,191.2,14.5
2025-05-20T06:50:00+00:00,2061.9,80.65,351.1,13.75,382.3,17.8,576.7,0.0594,0.90,56.2,191.2,13.3
2025-05-20T06:51:00+00:00,2110.3,82.31,356.9,13.97,406.1,16.5,595.0,0.0600,0.92,56.2,191.2,14.5
2025-05-20T06:52:00+00:00,2139.4,82.16,356.4,13.76,382.5,19.7,551.8,0.0605,0.96,56.2,191.2,12.6
2025-05-20T06:53:00+00:00,2059.7,82.97,344.3,13.58,389.7,18.3,632.0,0.0595,0.89,56.2,191.2,14.1
2025-05-20T06:54:00+00:00,2062.5,83.66,361.4,13.81,400.2,18.4,624.2,0.0601,0.96,56.2,191.2,14.0
2025-05-20T06:55:00+00:00,2138.2,83.58,345.3,13.55,375.1,18.8,551.6,0.0607,0.97,56.2,191.2,14.5
2025-05-20T06:56:00+00:00,2030.3,83.37,350.0,13.75,399.7,18.7,581.7,0.0592,0.89,56.2,191.2,18.0
2025-05-20T06:57:00+00:00,2086.9,82.39,353.3,13.71,361.0,13.9,587.4,0.0661,0.99,56.2,191.2,13.8
2025-05-20T06:58:00+00:00,1888.2,81.15,352.5,13.83,368.2,17.8,617.5,0.0647,0.94,56.2,191.2,14.5
2025-05-20T06:59:00+00:00,2049.4,85.02,358.8,13.68,373.3,16.6,581.2,0.0593,0.87,56.2,191.2,15.7
2025-05-20T07:00:00+00:00,2166.6,82.39,352.4,13.56,401.5,17.5,641.5,0.0648,0.98,56.2,191.2,13.3
2025-05-20T07:01:00+00:00,2022.0,85.16,338.9,13.72,394.9,18.0,556.8,0.0613,0.90,56.2,191.2,14.0
2025-05-20T07:02:00+00:00,2193.3,81.69,351.9,13.65,403.6,16.8,616.4,0.0636,0.86,56.2,191.2,14.9
2025-05-20T07:03:00+00:00,1991.2,80.21,351.8,13.78,374.9,21.9,637.8,0.0609,0.90,56.2,191.2,14.9
2025-05-20T07:04:00+00:00,2095.5,84.28,354.2,13.74,366.8,18.8,668.8,0.0605,0.96,56.2,191.2,13.3
2025-05-20T07:05:00+00:00,1910.3,80.81,359.8,13.77,361.4,18.4,612.5,0.0592,0.95,56.2,191.2,15.0
2025-05-20T07:06:00+00:00,1807.6,81.03,357.1,13.74,360.2,15.5,586.2,0.0582,0.90,56.2,191.2,14.8
2025-05-20T07:07:00+00:00,2133.0,83.78,341.9,13.78,409.5,13.9,648.8,0.0631,0.94,56.2,191.2,15.7
2025-05-20T07:08:00+00:00,1880.2,84.37,362.3,13.81,358.1,14.0,589.3,0.0618,0.97,56.2,191.2,15.8
2025-05-20T07:09:00+00:00,1963.2,81.86,346.2,13.60,365.1,18.3,582.9,0.0717,0.90,56.2,191.2,16.1
2025-05-20T07:10:00+00:00,2412.1,82.81,354.5,13.85,402.7,20.2,602.4,0.0625,1.00,56.2,191.2,15.3
2025-05-20T07:11:00+00:00,2521.9,82.82,344.9,13.89,393.1,18.4,577.9,0.0627,0.99,56.2,191.2,15.7
2025-05-20T07:12:00+00:00,1817.0,83.68,353.4,14.00,385.6,17.0,543.1,0.0580,0.85,56.2,191.2,15.0
2025-05-20T07:13:00+00:00,2488.8,82.90,341.8,13.87,408.3,16.6,604.2,0.0661,0.91,56.2,191.2,13.2
2025-05-20T07:14:00+00:00,1865.6,80.75,362.3,13.85,363.1,16.5,567.3,0.0610,0.95,56.2,191.2,14.7
2025-05-20T07:15:00+00:00,2094.1,84.59,359.2,13.58,382.1,14.2,574.3,0.0655,0.85,56.2,191.2,14.3
2025-05-20T07:16:00+00:00,2478.5,81.94,338.1,14.09,385.8,15.5,619.3,0.0661,0.91,56.2,191.2,16.7
2025-05-20T07:17:00+00:00,2382.5,81.47,362.9,13.63,402.2,16.8,634.7,0.0613,0.91,56.2,191.2,15.0
2025-05-20T07:18:00+00:00,1883.9,83.04,367.3,13.60,382.2,17.6,622.7,0.0589,0.94,56.2,191.2,15.8
2025-05-20T07:19:00+00:00,2446.1,81.78,353.4,14.01,389.3,18.1,620.7,0.0612,0.86,56.2,191.2,14.2
2025-05-20T07:20:00+00:00,1815.7,80.54,345.5,13.67,381.3,19.5,607.8,0.0613,0.87,56.2,191.2,13.0
2025-05-20T07:21:00+00:00,2505.9,86.04,351.1,13.79,416.0,17.4,537.9,0.0630,1.01,56.2,191.2,14.6
2025-05-20T07:22:00+00:00,2113.7,82.56,352.0,13.75,400.7,15.9,656.2,0.0602,0.94,56.2,191.2,14.4
2025-05-20T07:23:00+00:00,2423.7,82.92,341.4,13.90,396.2,16.4,632.6,0.0626,1.01,56.2,191.2,15.0
2025-05-20T07:24:00+00:00,2427.9,84.97,349.2,13.84,387.5,15.7,569.9,0.0617,0.92,56.2,191.2,15.7
2025-05-20T07:25:00+00:00,1846.5,80.18,351.6,13.54,377.2,20.1,575.1,0.0678,1.03,56.2,191.2,14.2
2025-05-20T07:26:00+00:00,1956.8,81.99,348.7,13.80,372.5,17.4,588.7,0.0609,0.91,56.2,191.2,15.2
2025-05-20T07:27:00+00:00,1934.1,79.69,346.9,13.86,363.7,17.8,570.6,0.0591,0.92,56.2,191.2,15.1
2025-05-20T07:28:00+00:00,1941.4,84.12,349.1,13.61,385.3,16.8,614.8,0.0668,0.91,56.2,191.2,14.2
2025-05-20T07:29:00+00:00,2441.6,83.93,345.5,13.64,400.9,16.0,569.4,0.0674,0.84,56.2,191.2,15.7
2025-05-20T07:30:00+00:00,2543.5,84.78,332.5,13.96,382.3,16.1,594.6,0.0651,0.96,56.2,191.2,14.6
2025-05-20T07:31:00+00:00,1778.7,83.14,351.9,13.76,394.1,17.5,579.1,0.0601,0.93,56.2,191.2,14.5
2025-05-20T07:32:00+00:00,2356.2,84.78,344.4,13.89,403.2,16.4,557.0,0.0629,1.00,56.2,191.2,13.0
2025-05-20T07:33:00+00:00,1886.8,84.07,353.6,13.75,390.1,16.8,601.8,0.0595,0.99,56.2,191.2,14.7
2025-05-20T07:34:00+00:00,1837.9,82.65,347.3,13.85,374.1,18.2,583.2,0.0596,0.93,56.2,191.2,14.8
2025-05-20T07:35:00+00:00,2038.6,82.12,354.9,13.59,386.6,19.0,579.5,0.0624,1.02,56.2,191.2,14.9
2025-05-20T07:36:00+00:00,1842.2,80.75,351.5,13.90,394.5,15.7,601.4,0.0594,0.88,56.2,191.2,14.0
2025-05-20T07:37:00+00:00,2415.6,84.37,347.3,13.88,381.3,16.5,622.1,0.0638,0.99,56.2,191.2,14.7
2025-05-20T07:38:00+00:00,1947.8,83.98,354.7,13.80,399.9,16.9,607.0,0.0607,0.98,56.2,191.2,17.2
2025-05-20T07:39:00+00:00,1721.3,81.56,352.9,13.90,377.9,17.4,594.9,0.0681,0.93,56.2,191.2,15.8
2025-05-20T07:40:00+00:00,2400.0,84.07,341.8,13.83,398.0,17.2,600.6,0.0694,1.01,56.2,191.2,15.6
2025-05-20T07:41:00+00:00,2158.8,80.60,361.1,13.96,416.3,18.0,610.7,0.0616,1.00,56.2,191.2,16.2
2025-05-20T07:42:00+00:00,2201.3,82.13,359.1,13.90,433.0,16.6,672.2,0.0609,0.95,56.2,191.2,14.4
2025-05-20T07:43:00+00:00,1961.6,80.79,349.7,13.84,368.8,16.6,575.0,0.0596,0.96,56.2,191.2,14.7
2025-05-20T07:44:00+00:00,1967.5,83.48,346.4,13.61,371.1,14.2,612.2,0.0597,0.97,56.2,191.2,15.7
2025-05-20T07:45:00+00:00,1957.3,83.64,346.3,13.75,385.8,17.0,564.1,0.0645,0.90,56.2,191.2,15.8
2025-05-20T07:46:00+00:00,2082.3,82.24,338.8,13.76,401.0,17.7,598.4,0.0688,0.98,56.2,191.2,14.2
2025-05-20T07:47:00+00:00,1861.5,78.24,357.0,13.95,398.5,18.9,606.4,0.0592,0.97,56.2,191.2,15.1
2025-05-20T07:48:00+00:00,2114.8,81.45,355.7,13.94,392.9,18.8,610.7,0.0641,0.90,56.2,191.2,16.2
2025-05-20T07:49:00+00:00,1954.8,81.64,359.7,14.01,367.2,18.0,602.6,0.0654,0.99,56.2,191.2,13.8
2025-05-20T07:50:00+00:00,1853.9,82.64,343.1,13.68,383.8,15.7,621.8,0.0616,0.98,56.2,191.2,14.7
2025-05-20T07:51:00+00:00,2087.3,82.78,353.6,13.83,376.9,15.2,587.7,0.0603,0.96,56.2,191.2,15.4
2025-05-20T07:52:00+00:00,1991.0,82.03,349.0,13.59,377.4,16.5,587.9,0.0586,0.84,56.2,191.2,15.4
2025-05-20T07:53:00+00:00,1994.6,82.79,356.5,13.57,391.6,20.6,579.7,0.0673,0.93,56.2,191.2,15.3
2025-05-20T07:54:00+00:00,1990.2,77.99,354.9,13.79,374.3,15.9,701.7,0.0635,0.98,56.2,191.2,15.9
2025-05-20T07:55:00+00:00,2021.5,84.94,339.6,13.49,375.8,18.0,618.7,0.0610,0.99,56.2,191.2,13.7
2025-05-20T07:56:00+00:00,2144.5,81.97,342.0,13.88,380.2,18.2,634.1,0.0613,0.97,56.2,191.2,13.3
2025-05-20T07:57:00+00:00,2322.3,84.01,340.9,13.75,388.3,19.4,545.0,0.0629,0.97,56.2,191.2,14.2
2025-05-20T07:58:00+00:00,1796.5,82.23,355.1,13.88,391.8,17.1,597.8,0.0590,0.99,56.2,191.2,13.3
2025-05-20T07:59:00+00:00,1878.8,81.87,359.4,14.21,368.5,16.5,573.3,0.0597,1.00,56.2,191.2,15.7
2025-05-20T08:00:00+00:00,2202.9,82.72,348.8,13.79,393.6,17.2,589.2,0.0631,0.91,56.2,191.2,14.4
2025-05-20T08:01:00+00:00,2121.9,81.22,332.8,13.78,378.8,15.4,598.4,0.0600,0.91,56.2,191.2,15.2
2025-05-20T08:02:00+00:00,2125.1,82.73,337.8,13.64,396.8,18.7,618.6,0.0688,1.01,56.2,191.2,14.5
2025-05-20T08:03:00+00:00,2064.2,83.10,366.0,13.71,373.7,17.1,651.2,0.0601,0.95,56.2,191.2,14.8
2025-05-20T08:04:00+00:00,1995.2,85.01,353.6,13.99,392.4,19.2,588.1,0.0593,0.91,56.2,191.2,16.2
2025-05-20T08:05:00+00:00,2205.4,81.71,348.0,13.71,397.1,18.3,628.3,0.0604,0.91,56.2,191.2,13.3
2025-05-20T08:06:00+00:00,1843.0,78.58,356.7,13.64,395.6,17.4,588.0,0.0588,0.95,56.2,191.2,15.3
2025-05-20T08:07:00+00:00,1914.7,84.21,365.8,13.94,389.5,19.1,606.7,0.0595,0.98,56.2,191.2,13.7
2025-05-20T08:08:00+00:00,2165.2,82.93,341.9,13.67,373.8,21.2,620.0,0.0606,0.95,56.2,191.2,14.1
2025-05-20T08:09:00+00:00,2050.7,83.59,351.3,14.00,363.7,17.6,648.8,0.0635,0.89,56.2,191.2,12.3
2025-05-20T08:10:00+00:00,2229.2,81.16,342.1,13.74,402.0,17.7,578.1,0.0610,0.95,56.2,191.2,15.2
2025-05-20T08:11:00+00:00,2101.9,82.65,342.3,13.78,404.9,17.7,605.9,0.0604,0.96,56.2,191.2,16.3
2025-05-20T08:12:00+00:00,2102.1,82.10,338.5,14.00,380.5,18.1,666.2,0.0608,1.01,56.2,191.2,15.8
2025-05-20T08:13:00+00:00,2035.4,81.65,364.9,13.91,373.9,19.4,614.2,0.0669,1.00,56.2,191.2,14.8
2025-05-20T08:14:00+00:00,2069.1,84.18,345.0,13.83,389.2,14.1,632.0,0.0610,1.06,56.2,191.2,16.0
2025-05-20T08:15:00+00:00,1997.0,83.30,354.0,13.92,376.7,17.2,617.8,0.0661,0.92,56.2,191.2,14.5
2025-05-20T08:16:00+00:00,2023.5,81.65,348.6,13.83,368.5,16.8,606.0,0.0688,0.97,56.2,191.2,14.3
2025-05-20T08:17:00+00:00,2026.9,81.44,353.8,13.80,403.8,15.9,564.5,0.0654,0.95,56.2,191.2,14.9
2025-05-20T08:18:00+00:00,2144.2,85.22,333.2,13.82,372.0,17.2,582.8,0.0630,0.97,56.2,191.2,14.4
2025-05-20T08:19:00+00:00,1912.4,81.70,348.6,13.68,360.6,19.7,580.8,0.0649,0.90,56.2,191.2,15.8
2025-05-20T08:20:00+00:00,1934.9,79.21,350.6,13.52,393.8,17.2,578.6,0.0588,0.91,56.2,191.2,15.8
2025-05-20T08:21:00+00:00,2102.0,81.66,361.3,13.71,394.4,17.8,652.8,0.0616,0.94,56.2,191.2,14.1
2025-05-20T08:22:00+00:00,1865.3,82.46,361.5,13.90,371.4,18.0,610.9,0.0582,0.88,56.2,191.2,14.8
2025-05-20T08:23:00+00:00,1969.2,80.49,345.3,13.96,385.8,15.9,621.3,0.0616,1.01,56.2,191.2,14.3
2025-05-20T08:24:00+00:00,2153.9,79.79,352.4,13.60,379.2,18.4,609.4,0.0605,0.95,56.2,191.2,14.3
2025-05-20T08:25:00+00:00,1967.7,80.97,344.3,13.76,390.5,17.1,573.4,0.0664,1.03,56.2,191.2,16.0
2025-05-20T08:26:00+00:00,2150.6,82.88,345.2,13.79,371.6,17.8,621.2,0.0610,0.99,56.2,191.2,14.7
2025-05-20T08:27:00+00:00,2041.3,78.81,340.4,13.67,383.6,18.5,616.6,0.0602,0.98,56.2,191.2,16.4
2025-05-20T08:28:00+00:00,1968.2,84.12,340.7,14.13,380.2,16.2,611.1,0.0594,0.93,56.2,191.2,14.7
2025-05-20T08:29:00+00:00,1973.8,81.16,349.3,13.89,365.4,20.3,585.6,0.0590,0.89,56.2,191.2,14.5
2025-05-20T08:30:00+00:00,2029.2,80.01,352.0,13.79,373.8,17.0,581.9,0.0632,0.87,56.2,191.2,14.7
2025-05-20T08:31:00+00:00,1957.6,79.24,352.3,13.82,373.4,18.8,597.1,0.0631,1.01,56.2,191.2,14.0
2025-05-20T08:32:00+00:00,1933.7,82.92,349.2,13.81,375.9,15.1,621.9,0.0584,0.86,56.2,191.2,13.2
2025-05-20T08:33:00+00:00,1992.6,80.82,351.8,13.98,406.2,18.3,633.5,0.0669,0.93,56.2,191.2,14.3
2025-05-20T08:34:00+00:00,1829.3,81.96,343.7,13.74,377.5,19.9,595.0,0.0590,0.97,56.2,191.2,14.7
2025-05-20T08:35:00+00:00,1800.2,80.40,339.5,13.57,368.3,16.1,566.3,0.0661,0.96,56.2,191.2,14.7
2025-05-20T08:36:00+00:00,1856.5,80.08,347.0,13.53,370.4,20.6,629.2,0.0653,0.97,56.2,191.2,13.5
2025-05-20T08:37:00+00:00,2039.5,79.47,338.6,13.92,366.7,17.6,568.9,0.0592,0.87,56.2,191.2,13.4
2025-05-20T08:38:00+00:00,2115.8,85.39,362.9,13.64,401.6,14.6,590.6,0.0604,0.97,56.2,191.2,16.3
2025-05-20T08:39:00+00:00,1825.3,79.76,353.2,13.86,385.2,18.3,556.3,0.0624,0.95,56.2,191.2,13.9
2025-05-20T08:40:00+00:00,975.2,77.29,356.1,13.78,351.1,17.9,565.2,0.0623,1.01,56.2,191.2,15.3
2025-05-20T08:41:00+00:00,948.0,78.33,350.7,13.70,349.5,18.3,559.4,0.0587,0.94,56.2,191.2,13.8
2025-05-20T08:42:00+00:00,1091.6,78.82,352.1,13.86,350.2,17.3,580.0,0.0551,0.99,56.2,191.2,14.2
2025-05-20T08:43:00+00:00,895.0,79.41,357.2,13.88,353.7,20.1,626.0,0.0544,0.97,56.2,191.2,13.8
2025-05-20T08:44:00+00:00,1075.0,78.99,361.8,13.93,362.7,19.7,605.1,0.0562,0.94,56.2,191.2,15.2
2025-05-20T08:45:00+00:00,938.4,78.25,362.9,13.54,342.3,17.9,626.8,0.0596,1.01,56.2,191.2,14.7
2025-05-20T08:46:00+00:00,877.0,78.50,346.2,13.71,366.5,18.0,564.8,0.0589,0.83,56.2,191.2,12.7
2025-05-20T08:47:00+00:00,938.0,79.43,358.2,13.67,339.9,16.5,577.4,0.0587,0.94,56.2,191.2,14.5
2025-05-20T08:48:00+00:00,876.4,77.98,354.7,13.82,355.1,16.8,553.4,0.0592,0.96,56.2,191.2,13.4
2025-05-20T08:49:00+00:00,919.9,78.35,340.4,13.81,338.6,17.8,567.2,0.0595,0.86,56.2,191.2,13.5
2025-05-20T08:50:00+00:00,879.0,80.17,376.7,13.72,343.3,16.9,538.6,0.0535,0.93,56.2,191.2,14.8
2025-05-20T08:51:00+00:00,959.6,80.05,343.8,13.93,340.0,19.1,567.5,0.0580,0.90,56.2,191.2,15.0
2025-05-20T08:52:00+00:00,1005.3,77.78,355.0,13.96,336.8,17.2,536.6,0.0533,0.85,56.2,191.2,15.2
2025-05-20T14:00:00+00:00,911.1,77.80,345.5,13.70,332.6,17.9,503.4,0.0533,0.89,56.2,191.2,15.2
2025-05-20T14:01:00+00:00,988.2,81.60,361.4,13.70,351.4,16.7,507.1,0.0558,1.10,56.2,191.2,14.3
2025-05-20T14:02:00+00:00,981.1,79.39,350.6,13.64,346.1,16.0,608.0,0.0620,1.03,56.2,191.2,15.6
2025-05-20T14:03:00+00:00,1027.8,78.24,352.6,14.05,338.2,17.7,579.6,0.0547,0.98,56.2,191.2,14.3
2025-05-20T14:04:00+00:00,931.4,83.06,356.1,13.74,366.5,17.6,565.7,0.0539,0.94,56.2,191.2,16.9
2025-05-20T14:05:00+00:00,952.6,75.06,353.3,13.90,348.7,16.8,527.2,0.0587,0.88,56.2,191.2,13.9
2025-05-20T14:06:00+00:00,1171.4,81.65,357.5,13.62,352.7,18.9,560.5,0.0554,0.96,56.2,191.2,14.3
2025-05-20T14:07:00+00:00,1054.3,78.61,356.8,13.81,322.7,16.8,597.0,0.0546,0.94,56.2,191.2,15.3
2025-05-20T14:08:00+00:00,932.7,76.48,357.2,13.59,348.9,18.7,550.9,0.0637,0.96,56.2,191.2,14.1
2025-05-20T14:09:00+00:00,921.5,78.65,361.7,13.65,350.8,18.0,563.5,0.0569,1.01,56.2,191.2,15.7
2025-05-20T14:10:00+00:00,1133.8,77.46,357.5,13.97,372.6,15.1,552.1,0.0618,0.96,56.2,191.2,14.8
2025-05-20T14:11:00+00:00,1147.8,77.18,348.0,13.62,352.8,17.0,551.9,0.0551,0.96,56.2,191.2,14.1
2025-05-20T14:12:00+00:00,889.7,81.80,368.4,13.99,349.2,17.3,525.5,0.0588,0.93,56.2,191.2,15.1
2025-05-20T14:13:00+00:00,879.3,77.43,354.3,13.74,342.4,18.0,571.9,0.0569,0.97,56.2,191.2,15.9
2025-05-20T14:14:00+00:00,1028.9,79.24,359.0,13.66,365.7,17.7,541.1,0.0546,0.95,56.2,191.2,15.8
2025-05-20T14:15:00+00:00,1841.7,80.64,347.6,13.84,381.0,20.1,584.1,0.0590,0.96,56.2,191.2,15.5
2025-05-20T14:16:00+00:00,1964.9,79.54,338.4,13.90,399.3,16.2,633.5,0.0597,0.96,56.2,191.2,15.5
2025-05-20T14:17:00+00:00,1923.1,78.84,348.5,13.83,365.3,15.8,624.5,0.0601,1.02,56.2,191.2,15.3
2025-05-20T14:18:00+00:00,1912.5,81.63,358.7,13.65,394.1,15.9,594.1,0.0669,0.96,56.2,191.2,14.5
2025-05-20T14:19:00+00:00,2014.3,82.04,347.3,13.54,382.0,16.6,617.7,0.0655,0.87,56.2,191.2,14.7
2025-05-20T14:20:00+00:00,1833.1,81.97,356.2,13.78,378.5,18.0,578.2,0.0597,0.98,56.2,191.2,13.1
2025-05-20T14:21:00+00:00,2115.7,80.89,341.1,13.65,370.3,14.8,608.4,0.0609,0.98,56.2,191.2,15.6
2025-05-20T14:22:00+00:00,1927.4,81.69,349.7,13.75,389.3,17.6,572.7,0.0603,1.04,56.2,191.2,13.8
2025-05-20T14:23:00+00:00,2150.3,81.35,351.5,13.98,386.0,18.8,658.9,0.0667,0.81,56.2,191.2,14.5
2025-05-20T14:24:00+00:00,1708.4,81.95,342.7,13.86,386.2,14.3,625.5,0.0592,1.02,56.2,191.2,13.4
2025-05-20T14:25:00+00:00,2031.0,79.73,339.0,13.58,387.8,18.2,595.2,0.0622,0.98,56.2,191.2,16.4
2025-05-20T14:26:00+00:00,2058.5,82.75,344.6,14.01,384.0,17.6,616.4,0.0627,0.98,56.2,191.2,13.4
2025-05-20T14:27:00+00:00,2083.6,83.80,346.2,13.89,375.3,17.0,611.0,0.0630,0.90,56.2,191.2,16.4
2025-05-20T14:28:00+00:00,1931.9,85.81,354.6,13.71,397.6,19.7,574.6,0.0644,0.86,56.2,191.2,15.2
2025-05-20T14:29:00+00:00,1886.1,80.56,368.6,13.81,372.0,19.7,607.2,0.0586,0.89,56.2,191.2,14.2
2025-05-20T14:30:00+00:00,1852.6,81.50,339.2,13.67,373.6,18.1,575.1,0.0659,1.01,56.2,191.2,14.8
2025-05-20T14:31:00+00:00,1789.8,79.97,363.9,13.75,397.5,15.6,579.2,0.0593,1.02,56.2,191.2,14.0
2025-05-20T14:32:00+00:00,1980.1,83.28,343.4,13.96,371.5,17.3,567.4,0.0599,0.96,56.2,191.2,15.2
2025-05-20T14:33:00+00:00,2082.4,81.37,347.9,14.25,387.8,17.5,657.3,0.0641,0.97,56.2,191.2,14.4
2025-05-20T14:34:00+00:00,1934.7,83.09,350.0,13.82,370.6,17.9,556.4,0.0694,0.94,56.2,191.2,14.0
2025-05-20T14:35:00+00:00,2149.1,80.95,328.6,13.73,378.4,18.1,575.5,0.0603,0.92,56.2,191.2,13.8
2025-05-20T14:36:00+00:00,2015.9,82.56,343.8,14.04,389.4,18.5,601.9,0.0630,0.94,56.2,191.2,14.5
2025-05-20T14:37:00+00:00,2061.2,83.62,357.8,13.94,380.0,14.1,569.0,0.0590,0.85,56.2,191.2,12.8
2025-05-20T14:38:00+00:00,1995.7,80.51,355.1,13.89,393.0,19.1,590.2,0.0610,0.97,56.2,191.2,14.9
2025-05-20T14:39:00+00:00,2026.1,84.27,339.3,13.81,393.4,18.0,607.3,0.0592,0.87,56.2,191.2,13.6
2025-05-20T14:40:00+00:00,2027.8,80.76,345.9,13.86,382.6,16.3,602.4,0.0600,0.96,56.2,191.2,14.7
2025-05-20T14:41:00+00:00,1849.7,83.73,349.2,13.63,380.1,15.8,583.1,0.0614,0.96,56.2,191.2,14.6
2025-05-20T14:42:00+00:00,1977.5,81.63,348.9,13.78,362.1,18.4,652.5,0.0598,0.98,56.2,191.2,13.3
2025-05-20T14:43:00+00:00,2109.1,81.64,341.3,13.72,379.8,16.6,621.0,0.0607,0.86,56.2,191.2,14.9
2025-05-20T14:44:00+00:00,2070.6,84.23,342.4,13.73,366.9,15.7,595.7,0.0621,0.93,56.2,191.2,13.9
2025-05-20T14:45:00+00:00,2092.6,81.19,349.4,13.72,366.2,18.6,625.7,0.0662,1.02,56.2,191.2,14.7
2025-05-20T14:46:00+00:00,2272.1,81.79,353.9,13.66,388.9,17.6,595.4,0.0605,0.88,56.2,191.2,14.9
2025-05-20T14:47:00+00:00,1921.2,83.69,352.8,13.85,392.1,20.6,624.4,0.0584,0.86,56.2,191.2,14.6
2025-05-20T14:48:00+00:00,2179.0,81.35,346.4,13.83,409.1,16.8,602.0,0.0609,0.97,56.2,191.2,13.0
2025-05-20T14:49:00+00:00,1929.1,81.83,365.5,13.63,356.5,14.6,604.5,0.0595,0.97,56.2,191.2,14.4
2025-05-20T14:50:00+00:00,2066.0,83.27,351.6,14.00,387.2,17.5,519.2,0.0609,1.02,56.2,191.2,16.4
2025-05-20T14:51:00+00:00,1969.3,83.43,339.3,13.74,369.8,20.1,632.9,0.0642,0.95,56.2,191.2,14.6
2025-05-20T14:52:00+00:00,1954.6,83.12,358.2,13.77,383.6,16.5,621.8,0.0711,0.92,56.2,191.2,15.1
2025-05-20T14:53:00+00:00,2004.8,82.77,350.7,13.86,365.2,17.6,625.9,0.0593,0.91,56.2,191.2,14.2
2025-05-20T14:54:00+00:00,2232.6,84.44,343.4,14.01,408.4,17.4,632.0,0.0598,0.84,56.2,191.2,14.6
2025-05-20T14:55:00+00:00,1974.5,81.03,346.9,13.62,389.5,16.5,641.9,0.0635,0.99,56.2,191.2,14.3
2025-05-20T14:56:00+00:00,1965.1,83.13,357.0,13.89,383.8,17.6,598.6,0.0611,0.99,56.2,191.2,13.8
2025-05-20T14:57:00+00:00,2161.3,82.69,346.2,13.75,388.5,15.2,608.4,0.0641,1.00,56.2,191.2,12.1
2025-05-20T14:58:00+00:00,1822.2,85.18,345.4,13.67,380.0,19.4,564.4,0.0594,0.99,56.2,191.2,15.2
2025-05-20T14:59:00+00:00,2134.7,81.02,341.7,14.11,401.3,19.9,581.0,0.0647,0.93,56.2,191.2,15.6
2025-05-20T15:00:00+00:00,1831.2,78.96,349.7,13.55,374.9,20.0,600.8,0.0589,0.95,56.2,191.2,15.0
2025-05-20T15:01:00+00:00,1813.6,82.76,351.4,13.91,381.0,17.7,570.5,0.0617,0.90,56.2,191.2,15.1
2025-05-20T15:02:00+00:00,1932.3,81.08,356.4,13.72,394.7,16.7,614.0,0.0597,0.86,56.2,191.2,16.4
2025-05-20T15:03:00+00:00,2050.6,80.48,349.1,14.00,379.7,17.1,665.6,0.0595,0.89,56.2,191.2,14.9
2025-05-20T15:04:00+00:00,1871.0,83.90,342.9,13.86,358.9,17.1,596.0,0.0665,1.02,56.2,191.2,16.2
2025-05-20T15:05:00+00:00,1985.2,81.26,348.1,13.81,406.0,18.9,659.0,0.0593,0.93,56.2,191.2,14.8
2025-05-20T15:06:00+00:00,1950.8,83.37,351.9,13.73,365.7,15.5,588.2,0.0601,0.91,56.2,191.2,14.5
2025-05-20T15:07:00+00:00,1945.2,80.17,349.5,13.76,402.3,17.7,661.7,0.0589,0.91,56.2,191.2,15.4
2025-05-20T15:08:00+00:00,2072.6,81.05,341.4,13.97,388.2,13.9,667.8,0.0602,0.95,56.2,191.2,14.4
2025-05-20T15:09:00+00:00,2022.4,83.27,346.1,13.72,392.8,17.5,697.7,0.0606,1.02,56.2,191.2,13.8
2025-05-20T15:10:00+00:00,1910.7,78.52,355.9,13.87,398.0,17.8,647.9,0.0590,0.93,56.2,191.2,14.9
2025-05-20T15:11:00+00:00,2033.3,80.45,341.8,13.85,388.2,16.8,621.3,0.0592,0.88,56.2,191.2,15.6
2025-05-20T15:12:00+00:00,1961.8,81.13,363.6,13.61,366.4,20.4,548.5,0.0620,0.99,56.2,191.2,14.6
2025-05-20T15:13:00+00:00,2203.3,83.96,340.9,13.70,383.5,15.9,675.2,0.0653,0.87,56.2,191.2,15.1
2025-05-20T15:14:00+00:00,2426.4,85.70,339.0,13.74,410.4,17.8,665.7,0.0628,1.03,56.2,191.2,12.6
2025-05-20T15:15:00+00:00,2038.3,81.82,342.5,14.07,376.7,17.3,590.9,0.0607,0.95,56.2,191.2,14.4
2025-05-20T15:16:00+00:00,2526.2,84.05,352.4,13.81,418.3,18.5,647.9,0.0673,1.05,56.2,191.2,14.6
2025-05-20T15:17:00+00:00,1990.1,81.28,335.1,13.93,356.0,16.3,606.9,0.0604,0.97,56.2,191.2,16.6
2025-05-20T15:18:00+00:00,2066.5,82.32,338.0,13.46,382.2,19.5,597.2,0.0600,0.95,56.2,191.2,14.6
2025-05-20T15:19:00+00:00,1929.7,82.29,337.3,13.66,359.8,16.6,629.6,0.0632,0.99,56.2,191.2,14.2
2025-05-20T15:20:00+00:00,2473.2,82.36,344.5,14.04,389.4,16.7,651.8,0.0621,0.94,56.2,191.2,13.5
2025-05-20T15:21:00+00:00,2111.8,82.23,340.1,13.76,381.9,18.3,582.6,0.0601,0.91,56.2,191.2,14.8
2025-05-20T15:22:00+00:00,1900.6,80.78,338.4,13.81,395.5,16.3,631.2,0.0590,0.92,56.2,191.2,16.5
2025-05-20T15:23:00+00:00,2114.4,80.40,334.2,13.69,388.9,20.4,603.5,0.0600,0.92,56.2,191.2,14.1
2025-05-20T15:24:00+00:00,2250.3,80.80,356.3,13.75,392.9,16.0,602.5,0.0641,0.99,56.2,191.2,14.6
2025-05-20T15:25:00+00:00,2028.3,81.80,350.5,13.93,374.6,17.1,630.7,0.0604,1.00,56.2,191.2,14.0
2025-05-20T15:26:00+00:00,2120.5,83.79,354.9,14.04,374.9,19.0,546.9,0.0603,0.90,56.2,191.2,14.1
2025-05-20T15:27:00+00:00,2095.9,82.74,344.3,14.02,408.9,18.0,619.5,0.0603,0.95,56.2,191.2,16.4
2025-05-20T15:28:00+00:00,2122.5,83.32,338.4,13.86,383.3,16.5,585.7,0.0614,1.05,56.2,191.2,14.9
2025-05-20T15:29:00+00:00,2413.8,82.85,334.2,13.87,395.0,20.4,564.1,0.0690,1.02,56.2,191.2,16.0
2025-05-20T15:30:00+00:00,2063.1,80.53,345.2,14.08,398.0,17.6,654.3,0.0603,0.90,56.2,191.2,14.4
2025-05-20T15:31:00+00:00,2485.0,83.89,350.6,13.78,396.5,16.7,675.7,0.0625,0.92,56.2,191.2,17.3
2025-05-20T15:32:00+00:00,1887.4,82.33,360.8,13.62,382.2,20.5,536.6,0.0600,0.97,56.2,191.2,13.6
2025-05-20T15:33:00+00:00,2399.7,82.89,351.7,13.68,378.7,12.9,573.6,0.0635,1.01,56.2,191.2,15.1
2025-05-20T15:34:00+00:00,2034.8,80.43,345.3,14.11,370.9,15.0,536.9,0.0624,0.87,56.2,191.2,12.9
2025-05-20T15:35:00+00:00,1966.0,81.37,351.5,13.99,384.7,16.1,548.6,0.0598,0.96,56.2,191.2,15.4
2025-05-20T15:36:00+00:00,2439.9,84.38,348.4,13.71,393.1,18.4,624.2,0.0664,0.93,56.2,191.2,15.8
2025-05-20T15:37:00+00:00,2438.9,82.45,352.6,13.75,384.3,17.1,628.5,0.0652,0.92,56.2,191.2,15.4
2025-05-20T15:38:00+00:00,2069.0,82.95,344.0,13.85,397.1,15.6,566.4,0.0602,0.96,56.2,191.2,13.3
2025-05-20T15:39:00+00:00,2562.4,83.23,350.7,13.65,405.2,16.7,593.4,0.0626,0.95,56.2,191.2,14.2
2025-05-20T15:40:00+00:00,2459.6,83.24,334.7,13.86,401.0,19.0,616.6,0.0653,0.93,56.2,191.2,14.1
2025-05-20T15:41:00+00:00,2002.9,81.65,363.4,13.52,392.1,17.3,459.6,0.0623,0.95,56.2,191.2,14.7
2025-05-20T15:42:00+00:00,2514.4,79.29,344.5,13.67,410.9,20.0,603.0,0.0623,0.94,56.2,191.2,15.5
2025-05-20T15:43:00+00:00,2056.2,81.32,350.6,13.78,387.9,15.3,612.7,0.0600,0.95,56.2,191.2,16.6
2025-05-20T15:44:00+00:00,2082.6,82.77,351.7,14.00,359.1,18.8,633.2,0.0598,0.89,56.2,191.2,12.0
2025-05-20T15:45:00+00:00,2405.7,80.81,347.8,13.60,379.1,15.4,677.5,0.0650,0.92,56.2,191.2,15.4
2025-05-20T15:46:00+00:00,2454.1,85.24,353.2,13.87,395.1,19.4,677.9,0.0624,0.97,56.2,191.2,13.6
2025-05-20T15:47:00+00:00,2044.7,79.73,359.4,13.62,384.0,17.0,588.2,0.0606,0.93,56.2,191.2,13.9
2025-05-20T15:48:00+00:00,2086.6,80.75,364.9,13.79,387.6,19.3,592.1,0.0597,0.92,56.2,191.2,14.5
2025-05-20T15:49:00+00:00,1825.7,82.11,348.7,13.99,367.5,17.8,608.3,0.0590,0.98,56.2,191.2,15.8
2025-05-20T15:50:00+00:00,1910.2,80.63,363.8,13.73,372.5,17.5,593.5,0.0652,0.93,56.2,191.2,13.5
2025-05-20T15:51:00+00:00,1940.7,81.21,337.6,13.92,395.5,18.5,555.5,0.0587,0.88,56.2,191.2,14.3
2025-05-20T15:52:00+00:00,2028.7,81.94,351.1,13.86,380.7,16.3,601.1,0.0587,0.83,56.2,191.2,14.8
2025-05-20T15:53:00+00:00,2085.3,80.81,358.9,13.78,370.7,19.2,598.7,0.0601,0.95,56.2,191.2,16.0
2025-05-20T15:54:00+00:00,2318.6,80.17,339.0,14.11,388.9,20.8,582.4,0.0638,0.96,56.2,191.2,14.4
2025-05-20T15:55:00+00:00,1997.4,83.47,339.8,14.04,399.9,19.5,586.0,0.0601,0.99,56.2,191.2,14.4
2025-05-20T15:56:00+00:00,1944.4,82.22,354.6,13.44,375.5,15.6,652.2,0.0620,0.89,56.2,191.2,15.4
2025-05-20T15:57:00+00:00,2139.5,80.93,373.1,13.73,374.3,15.9,616.7,0.0609,0.97,56.2,191.2,16.2
2025-05-20T15:58:00+00:00,1916.9,82.07,355.0,13.77,368.0,16.0,579.9,0.0639,0.99,56.2,191.2,14.2
2025-05-20T15:59:00+00:00,1990.4,80.22,344.3,13.95,367.1,17.8,567.0,0.0610,0.96,56.2,191.2,14.2
2025-05-20T16:00:00+00:00,2110.0,83.10,346.6,13.66,381.2,16.6,605.9,0.0609,1.02,56.2,191.2,14.0
2025-05-20T16:01:00+00:00,2077.7,82.13,359.1,13.78,393.9,19.0,599.7,0.0658,0.96,56.2,191.2,13.8
2025-05-20T16:02:00+00:00,1821.1,82.95,344.9,13.58,374.2,18.2,522.0,0.0590,0.96,56.2,191.2,13.6
2025-05-20T16:03:00+00:00,2176.1,81.26,325.1,13.54,383.9,19.9,612.1,0.0607,0.91,56.2,191.2,14.4
2025-05-20T16:04:00+00:00,1927.9,81.60,351.1,13.64,368.0,18.8,644.3,0.0633,0.91,56.2,191.2,13.9
2025-05-20T16:05:00+00:00,1945.0,82.62,358.7,13.85,389.0,18.5,633.1,0.0593,0.94,56.2,191.2,13.7
2025-05-20T16:06:00+00:00,2046.5,81.76,348.9,14.05,405.9,15.8,545.5,0.0604,1.00,56.2,191.2,14.9
2025-05-20T16:07:00+00:00,2085.0,82.59,342.8,13.70,385.5,18.9,579.6,0.0607,1.01,56.2,191.2,15.7
2025-05-20T16:08:00+00:00,2110.3,85.10,361.3,13.77,383.5,16.5,637.7,0.0602,0.93,56.2,191.2,15.7
2025-05-20T16:09:00+00:00,2020.4,81.12,341.5,14.09,358.2,17.2,670.8,0.0625,0.97,56.2,191.2,14.2
2025-05-20T16:10:00+00:00,1908.8,82.02,349.2,13.56,369.7,15.2,574.9,0.0596,0.97,56.2,191.2,12.4
2025-05-20T16:11:00+00:00,1781.5,79.42,343.8,13.50,365.3,15.3,541.5,0.0701,0.96,56.2,191.2,14.2
2025-05-20T16:12:00+00:00,1791.7,78.84,347.3,13.77,389.2,19.5,650.9,0.0589,0.98,56.2,191.2,14.1
2025-05-20T16:13:00+00:00,2013.0,83.63,357.8,13.93,377.5,16.1,619.6,0.0630,0.95,56.2,191.2,15.1
2025-05-20T16:14:00+00:00,2049.6,81.81,355.3,13.69,378.1,15.8,640.4,0.0609,1.03,56.2,191.2,15.7
2025-05-20T16:15:00+00:00,2007.2,81.72,361.6,13.72,366.4,17.6,621.3,0.0589,0.86,56.2,191.2,14.7
2025-05-20T16:16:00+00:00,2148.5,83.30,350.2,13.98,399.3,18.8,622.0,0.0607,0.98,56.2,191.2,12.5
2025-05-20T16:17:00+00:00,2047.1,83.24,340.8,13.49,383.8,18.2,595.9,0.0594,0.89,56.2,191.2,14.6
2025-05-20T16:18:00+00:00,1936.7,81.37,350.5,13.60,389.6,20.3,628.1,0.0590,0.91,56.2,191.2,12.7
2025-05-20T16:19:00+00:00,1970.2,80.93,359.0,13.86,372.4,19.2,603.4,0.0591,0.92,56.2,191.2,13.4
2025-05-20T16:20:00+00:00,2106.2,82.59,343.0,14.02,384.4,19.7,609.0,0.0603,0.95,56.2,191.2,14.3
2025-05-20T16:21:00+00:00,2035.7,83.80,343.5,13.69,392.5,17.7,589.1,0.0621,0.95,56.2,191.2,15.3
2025-05-20T16:22:00+00:00,1853.5,82.04,337.1,13.89,388.8,17.7,636.1,0.0589,0.86,56.2,191.2,13.2
2025-05-20T16:23:00+00:00,2172.1,81.70,340.4,14.03,388.3,18.3,618.6,0.0595,0.84,56.2,191.2,14.9
2025-05-20T16:24:00+00:00,2102.2,80.86,358.7,13.77,380.3,20.5,639.4,0.0598,0.90,56.2,191.2,14.4
2025-05-20T16:25:00+00:00,1702.4,79.75,346.0,13.82,369.5,17.0,559.0,0.0693,0.99,56.2,191.2,15.9
2025-05-20T16:26:00+00:00,2028.9,81.13,353.3,13.90,389.3,16.1,572.3,0.0595,0.90,56.2,191.2,14.8
2025-05-20T16:27:00+00:00,2007.9,84.08,338.2,13.91,381.1,17.4,585.1,0.0646,1.05,56.2,191.2,12.4
2025-05-20T16:28:00+00:00,1985.6,83.26,338.6,14.04,388.3,17.6,679.8,0.0597,0.96,56.2,191.2,16.4
2025-05-20T16:29:00+00:00,1878.2,84.36,364.6,13.42,376.0,19.5,602.9,0.0601,1.06,56.2,191.2,15.3
2025-05-20T16:30:00+00:00,1969.3,83.09,361.1,13.76,386.5,15.0,612.3,0.0613,0.94,56.2,191.2,14.1
2025-05-20T16:31:00+00:00,2271.5,83.95,347.8,13.57,408.9,19.8,645.0,0.0613,0.96,56.2,191.2,14.1
2025-05-20T16:32:00+00:00,2127.3,81.36,351.0,13.58,380.8,16.7,636.5,0.0631,0.94,56.2,191.2,16.0
2025-05-20T16:33:00+00:00,1985.9,82.45,335.2,13.45,385.0,17.6,610.5,0.0632,0.89,56.2,191.2,13.9
2025-05-20T16:34:00+00:00,1903.9,82.67,347.2,13.73,383.6,19.5,554.4,0.0592,0.95,56.2,191.2,15.1
2025-05-20T16:35:00+00:00,2163.1,82.45,356.3,13.64,378.8,17.0,595.9,0.0610,0.99,56.2,191.2,14.9
2025-05-20T16:36:00+00:00,2028.4,84.41,358.3,13.93,368.2,17.3,571.9,0.0653,0.89,56.2,191.2,13.0
2025-05-20T16:37:00+00:00,2074.1,83.24,339.8,13.67,390.2,18.7,573.2,0.0612,0.95,56.2,191.2,15.4
2025-05-20T16:38:00+00:00,2087.6,81.90,340.9,13.74,387.8,19.5,617.4,0.0637,0.97,56.2,191.2,14.0
2025-05-20T16:39:00+00:00,2062.4,84.65,358.5,13.95,376.3,17.4,604.2,0.0594,0.83,56.2,191.2,14.0
2025-05-20T16:40:00+00:00,2038.0,81.80,345.0,13.78,374.7,14.9,590.1,0.0646,0.96,56.2,191.2,15.8
2025-05-20T16:41:00+00:00,2090.4,84.29,346.6,13.67,377.8,12.5,607.1,0.0602,0.95,56.2,191.2,13.6
2025-05-20T16:42:00+00:00,2059.4,82.66,364.0,13.82,404.1,14.8,616.6,0.0593,0.87,56.2,191.2,15.2
2025-05-20T16:43:00+00:00,1924.2,80.90,356.6,13.69,408.1,18.7,636.8,0.0633,0.95,56.2,191.2,13.6
2025-05-20T16:44:00+00:00,1073.1,77.67,347.1,13.87,325.1,16.7,571.5,0.0547,0.95,56.2,191.2,13.6
2025-05-20T16:45:00+00:00,1021.4,77.83,367.2,13.95,337.2,16.4,546.1,0.0569,0.90,56.2,191.2,14.4
2025-05-20T16:46:00+00:00,958.5,77.98,356.0,13.67,329.7,19.0,556.5,0.0612,0.93,56.2,191.2,16.9
2025-05-20T16:47:00+00:00,941.9,78.14,355.9,13.87,328.7,17.8,577.3,0.0530,0.84,56.2,191.2,14.1
2025-05-20T16:48:00+00:00,1073.0,78.98,353.6,13.92,344.9,16.6,541.2,0.0553,1.00,56.2,191.2,16.1
2025-05-20T16:49:00+00:00,951.8,81.19,372.8,13.79,327.3,20.7,487.7,0.0549,1.01,56.2,191.2,14.0
2025-05-20T16:50:00+00:00,1041.4,79.18,359.5,13.86,351.8,18.9,602.4,0.0570,1.01,56.2,191.2,15.6
2025-05-20T16:51:00+00:00,1039.4,80.86,339.5,13.75,371.9,15.9,516.8,0.0555,1.03,56.2,191.2,16.1
2025-05-20T16:52:00+00:00,990.3,77.74,360.4,13.61,349.7,17.6,551.3,0.0553,1.01,56.2,191.2,14.6
2025-05-20T16:53:00+00:00,945.4,76.68,355.3,13.79,360.5,17.5,577.7,0.0534,0.89,56.2,191.2,13.5
2025-05-20T16:54:00+00:00,1143.9,79.79,354.5,13.49,355.6,19.2,573.6,0.0600,1.00,56.2,191.2,13.8
2025-05-20T16:55:00+00:00,1010.8,79.35,361.0,14.16,347.7,17.9,527.7,0.0596,1.03,56.2,191.2,11.9
2025-05-20T16:56:00+00:00,917.5,80.38,346.6,13.88,349.4,16.1,577.6,0.0545,1.00,56.2,191.2,13.6
2025-05-20T16:57:00+00:00,1045.1,80.99,360.1,13.79,337.9,17.5,520.5,0.0544,0.92,56.2,191.2,15.8
2025-05-21T06:00:00+00:00,1043.2,77.56,358.4,13.88,347.6,13.7,606.8,0.0557,1.06,213.8,78.8,11.3
2025-05-21T06:01:00+00:00,993.1,78.16,369.2,13.58,347.6,15.0,555.0,0.0563,1.05,213.8,78.8,12.2
2025-05-21T06:02:00+00:00,1044.8,78.62,351.4,13.82,370.9,17.0,542.3,0.0571,1.07,213.8,78.8,12.6
2025-05-21T06:03:00+00:00,937.8,79.05,361.0,13.40,338.0,15.3,571.7,0.0571,0.89,213.8,78.8,10.4
2025-05-21T06:04:00+00:00,1026.4,79.21,363.3,14.05,346.2,18.5,560.0,0.0567,1.01,213.8,78.8,11.8
2025-05-21T06:05:00+00:00,1008.1,78.34,353.6,13.72,331.7,16.2,554.3,0.0546,0.98,213.8,78.8,11.7
2025-05-21T06:06:00+00:00,1077.3,77.33,354.5,13.60,356.1,16.0,546.9,0.0548,0.96,213.8,78.8,11.2
2025-05-21T06:07:00+00:00,984.9,77.83,367.3,13.72,363.2,18.3,548.3,0.0548,0.99,213.8,78.8,12.1
2025-05-21T06:08:00+00:00,828.7,75.01,359.2,13.78,369.3,17.5,536.3,0.0536,0.97,213.8,78.8,11.4
2025-05-21T06:09:00+00:00,850.7,79.87,358.5,13.74,334.0,17.5,566.8,0.0600,1.04,213.8,78.8,12.5
2025-05-21T06:10:00+00:00,972.3,78.43,349.2,13.45,313.4,18.2,576.1,0.0559,1.12,213.8,78.8,11.3
2025-05-21T06:11:00+00:00,908.3,79.39,360.3,13.75,335.4,16.7,566.1,0.0635,0.94,213.8,78.8,11.1
2025-05-21T06:12:00+00:00,966.9,81.91,369.9,13.73,327.4,17.0,567.4,0.0534,0.88,213.8,78.8,11.8
2025-05-21T06:13:00+00:00,1050.0,78.71,351.6,13.79,367.4,16.1,545.9,0.0551,1.00,213.8,78.8,10.5
2025-05-21T06:14:00+00:00,1906.7,81.04,349.7,13.92,380.2,20.1,583.1,0.0596,0.99,213.8,78.8,10.8
2025-05-21T06:15:00+00:00,2124.7,82.01,347.3,13.52,388.3,17.5,603.7,0.0690,0.96,213.8,78.8,12.2
2025-05-21T06:16:00+00:00,1963.1,84.83,352.6,13.79,382.4,16.8,587.2,0.0600,0.99,213.8,78.8,14.1
2025-05-21T06:17:00+00:00,2053.1,83.91,343.0,13.92,379.2,20.7,588.6,0.0603,0.99,213.8,78.8,10.0
2025-05-21T06:18:00+00:00,2137.1,81.82,343.6,14.05,403.5,19.6,658.8,0.0725,1.02,213.8,78.8,11.3
2025-05-21T06:19:00+00:00,1842.8,80.12,347.5,13.83,366.7,16.6,556.4,0.0626,1.05,213.8,78.8,11.5
2025-05-21T06:20:00+00:00,2043.6,81.25,354.7,13.98,387.7,19.0,653.1,0.0603,0.99,213.8,78.8,12.2
2025-05-21T06:21:00+00:00,1892.4,80.88,341.0,13.59,389.6,16.8,664.6,0.0627,1.06,213.8,78.8,13.2
2025-05-21T06:22:00+00:00,2067.6,81.29,331.4,13.77,377.0,16.1,622.1,0.0659,0.98,213.8,78.8,11.3
2025-05-21T06:23:00+00:00,2119.9,80.40,336.9,13.84,392.0,18.6,617.0,0.0610,1.00,213.8,78.8,11.6
2025-05-21T06:24:00+00:00,2142.9,81.82,355.4,13.87,394.9,19.9,591.4,0.0627,1.02,213.8,78.8,13.1
2025-05-21T06:25:00+00:00,1862.6,84.39,354.5,14.00,368.1,16.0,575.5,0.0617,0.98,213.8,78.8,12.5
2025-05-21T06:26:00+00:00,1993.8,82.39,343.0,13.84,386.6,17.8,620.2,0.0674,0.94,213.8,78.8,13.0
2025-05-21T06:27:00+00:00,1804.1,81.18,351.5,13.90,368.5,15.8,619.1,0.0666,1.01,213.8,78.8,11.5
2025-05-21T06:28:00+00:00,2027.2,82.46,362.2,13.49,373.3,17.3,576.9,0.0638,0.96,213.8,78.8,12.0
2025-05-21T06:29:00+00:00,2054.1,81.43,341.1,13.67,375.8,18.1,652.0,0.0621,0.95,213.8,78.8,12.5
2025-05-21T06:30:00+00:00,1840.5,83.33,359.3,13.70,370.1,17.6,570.1,0.0588,0.94,213.8,78.8,10.3
2025-05-21T06:31:00+00:00,2005.8,84.38,354.0,13.82,365.2,16.6,601.7,0.0717,1.02,213.8,78.8,10.4
2025-05-21T06:32:00+00:00,2092.6,81.54,343.0,13.80,379.2,21.4,590.8,0.0606,0.99,213.8,78.8,12.5
2025-05-21T06:33:00+00:00,1921.1,80.15,354.3,13.62,370.0,16.6,553.1,0.0633,0.97,213.8,78.8,10.8
2025-05-21T06:34:00+00:00,1868.1,81.69,345.3,13.93,375.1,12.9,537.2,0.0659,0.89,213.8,78.8,12.3
2025-05-21T06:35:00+00:00,2000.4,81.02,357.5,13.80,371.3,18.1,573.9,0.0602,1.00,213.8,78.8,11.5
2025-05-21T06:36:00+00:00,2002.5,79.71,354.6,13.78,375.3,19.3,642.8,0.0612,1.10,213.8,78.8,12.3
2025-05-21T06:37:00+00:00,2225.2,81.00,341.3,13.75,391.3,16.9,654.7,0.0664,0.93,213.8,78.8,10.8
2025-05-21T06:38:00+00:00,2126.8,82.42,359.9,13.84,367.7,17.0,586.1,0.0615,0.96,213.8,78.8,11.5
2025-05-21T06:39:00+00:00,2128.0,82.66,338.0,14.22,385.2,16.2,574.6,0.0637,1.01,213.8,78.8,13.3
2025-05-21T06:40:00+00:00,1885.1,85.21,343.6,13.99,367.1,17.0,557.1,0.0603,0.98,213.8,78.8,11.5
2025-05-21T06:41:00+00:00,2074.4,82.62,345.2,13.87,392.5,21.4,545.3,0.0613,1.06,213.8,78.8,13.0
2025-05-21T06:42:00+00:00,2031.7,82.89,346.7,13.94,391.5,16.3,539.7,0.0608,1.04,213.8,78.8,12.2
2025-05-21T06:43:00+00:00,1821.7,81.45,353.8,13.57,387.2,17.5,558.2,0.0618,1.06,213.8,78.8,13.0
2025-05-21T06:44:00+00:00,2141.4,79.82,338.0,13.63,390.1,16.4,630.5,0.0619,1.07,213.8,78.8,10.9
2025-05-21T06:45:00+00:00,2045.1,81.81,336.2,14.04,376.7,17.6,572.5,0.0609,1.04,213.8,78.8,12.8
2025-05-21T06:46:00+00:00,2087.8,79.91,342.9,13.78,357.8,17.7,557.9,0.0623,1.00,213.8,78.8,11.6
2025-05-21T06:47:00+00:00,1834.2,82.16,359.6,13.71,396.9,17.6,553.4,0.0599,1.05,213.8,78.8,11.4
2025-05-21T06:48:00+00:00,1976.7,83.74,345.0,13.70,375.6,19.6,576.8,0.0596,0.96,213.8,78.8,13.0
2025-05-21T06:49:00+00:00,1887.2,82.88,348.3,13.81,366.2,18.6,604.8,0.0642,0.98,213.8,78.8,12.7
2025-05-21T06:50:00+00:00,1993.8,83.67,337.0,13.73,376.7,16.7,562.6,0.0606,1.05,213.8,78.8,11.3
2025-05-21T06:51:00+00:00,2021.7,79.68,342.2,13.84,376.2,18.0,547.5,0.0605,1.02,213.8,78.8,12.3
2025-05-21T06:52:00+00:00,2099.3,82.44,347.1,13.92,378.4,17.2,556.5,0.0629,0.93,213.8,78.8,13.3
2025-05-21T06:53:00+00:00,1881.0,82.98,345.8,13.89,387.4,18.5,581.6,0.0591,0.94,213.8,78.8,12.6
2025-05-21T06:54:00+00:00,2051.8,81.16,348.2,14.16,394.3,20.2,635.6,0.0606,1.01,213.8,78.8,11.8
2025-05-21T06:55:00+00:00,1775.5,80.37,346.2,13.96,366.4,19.9,546.9,0.0618,1.07,213.8,78.8,12.7
2025-05-21T06:56:00+00:00,2052.7,83.27,362.5,13.60,393.8,17.4,604.9,0.0608,1.02,213.8,78.8,12.3
2025-05-21T06:57:00+00:00,2105.2,81.61,350.1,14.00,407.5,18.9,612.9,0.0610,1.02,213.8,78.8,11.9
2025-05-21T06:58:00+00:00,2107.1,81.05,352.0,13.69,402.0,16.7,632.9,0.0659,0.86,213.8,78.8,12.3
2025-05-21T06:59:00+00:00,1989.8,81.94,359.2,14.00,377.4,17.3,573.2,0.0597,0.96,213.8,78.8,11.4
2025-05-21T07:00:00+00:00,2030.8,82.28,339.7,13.72,397.2,18.7,559.7,0.0614,1.03,213.8,78.8,11.3
2025-05-21T07:01:00+00:00,2008.5,84.53,342.3,13.76,393.0,16.1,602.1,0.0600,0.98,213.8,78.8,10.6
2025-05-21T07:02:00+00:00,2099.5,82.10,346.0,13.67,382.7,16.1,609.6,0.0648,1.00,213.8,78.8,12.7
2025-05-21T07:03:00+00:00,1970.9,81.27,336.0,13.87,377.2,20.1,600.6,0.0625,0.98,213.8,78.8,11.4
2025-05-21T07:04:00+00:00,1965.8,84.68,356.8,13.54,355.3,14.9,572.4,0.0667,0.97,213.8,78.8,11.3
2025-05-21T07:05:00+00:00,2066.8,82.16,355.1,14.01,388.0,18.7,612.4,0.0605,1.00,213.8,78.8,12.3
2025-05-21T07:06:00+00:00,1931.8,81.82,350.8,13.52,392.5,18.7,602.9,0.0620,1.00,213.8,78.8,12.1
2025-05-21T07:07:00+00:00,2128.8,83.71,326.1,13.89,403.4,19.8,556.4,0.0604,0.94,213.8,78.8,10.3
2025-05-21T07:08:00+00:00,1854.4,82.45,342.4,13.88,380.5,19.0,560.0,0.0590,0.97,213.8,78.8,14.4
2025-05-21T07:09:00+00:00,2064.9,82.28,344.6,13.66,413.4,15.9,624.9,0.0616,1.10,213.8,78.8,12.9
2025-05-21T07:10:00+00:00,2453.6,84.81,347.2,13.73,394.6,19.0,666.7,0.0648,1.00,213.8,78.8,11.4
2025-05-21T07:11:00+00:00,2484.1,82.55,342.4,13.90,377.2,19.5,643.0,0.0622,0.93,213.8,78.8,12.3
2025-05-21T07:12:00+00:00,2118.6,82.56,350.1,13.89,394.1,17.6,601.6,0.0619,0.98,213.8,78.8,9.9
2025-05-21T07:13:00+00:00,2429.7,83.99,353.1,14.10,384.1,15.9,647.6,0.0641,1.05,213.8,78.8,13.1
2025-05-21T07:14:00+00:00,2195.2,82.55,340.3,13.85,414.8,19.2,618.1,0.0612,0.99,213.8,78.8,11.0
2025-05-21T07:15:00+00:00,2068.3,83.53,344.9,13.90,375.6,19.7,552.6,0.0648,1.10,213.8,78.8,11.8
2025-05-21T07:16:00+00:00,2052.3,80.52,350.3,13.94,383.0,18.7,624.5,0.0672,0.96,213.8,78.8,10.9
2025-05-21T07:17:00+00:00,1994.2,79.91,333.0,13.98,375.5,17.1,577.7,0.0593,0.89,213.8,78.8,11.7
2025-05-21T07:18:00+00:00,2091.6,83.12,349.8,13.67,373.5,18.7,634.5,0.0642,1.04,213.8,78.8,11.3
2025-05-21T07:19:00+00:00,2482.0,84.74,340.3,13.88,396.9,19.7,626.1,0.0666,1.00,213.8,78.8,10.9
2025-05-21T07:20:00+00:00,1942.1,80.87,349.2,13.86,376.4,16.6,645.1,0.0602,1.03,213.8,78.8,12.2
2025-05-21T07:21:00+00:00,2455.1,82.61,351.7,13.84,394.7,16.2,642.3,0.0666,0.96,213.8,78.8,10.5
2025-05-21T07:22:00+00:00,2097.0,81.78,360.1,13.92,388.0,18.6,587.4,0.0631,0.95,213.8,78.8,11.1
2025-05-21T07:23:00+00:00,2494.2,84.78,348.5,14.03,389.9,16.4,582.2,0.0669,0.98,213.8,78.8,12.2
2025-05-21T07:24:00+00:00,2151.6,82.12,357.5,13.81,388.9,17.1,622.7,0.0647,0.99,213.8,78.8,11.4
2025-05-21T07:25:00+00:00,1995.1,84.00,343.9,13.94,386.1,16.6,608.3,0.0629,1.03,213.8,78.8,10.5
2025-05-21T07:26:00+00:00,2124.5,81.66,351.7,14.17,384.3,16.8,637.3,0.0652,1.05,213.8,78.8,11.3
2025-05-21T07:27:00+00:00,2436.0,84.30,354.4,13.82,414.8,17.3,614.9,0.0632,1.05,213.8,78.8,11.6
2025-05-21T07:28:00+00:00,1975.2,83.85,342.4,13.89,384.9,18.4,574.1,0.0602,1.00,213.8,78.8,12.4
2025-05-21T07:29:00+00:00,2426.9,86.46,360.8,13.72,377.8,16.6,649.3,0.0688,1.06,213.8,78.8,11.3
2025-05-21T07:30:00+00:00,1827.9,83.37,371.0,13.82,357.3,16.5,611.0,0.0592,0.99,213.8,78.8,11.4
2025-05-21T07:31:00+00:00,2092.1,81.91,353.4,13.79,396.9,19.2,560.8,0.0638,0.92,213.8,78.8,11.9
2025-05-21T07:32:00+00:00,1986.1,81.93,362.3,13.89,381.0,15.9,648.4,0.0609,0.96,213.8,78.8,11.9
2025-05-21T07:33:00+00:00,2445.9,85.98,341.9,13.64,382.7,15.0,590.5,0.0698,0.91,213.8,78.8,13.6
2025-05-21T07:34:00+00:00,1932.8,80.99,350.4,13.55,359.5,18.9,621.9,0.0600,1.02,213.8,78.8,12.6
2025-05-21T07:35:00+00:00,2135.5,81.50,351.7,13.79,393.4,18.1,643.5,0.0615,1.06,213.8,78.8,13.6
2025-05-21T07:36:00+00:00,1741.8,80.70,348.1,13.94,342.2,13.7,677.6,0.0665,1.06,213.8,78.8,13.1
2025-05-21T07:37:00+00:00,2011.4,82.80,336.6,13.82,395.1,18.1,619.5,0.0601,0.98,213.8,78.8,11.0
2025-05-21T07:38:00+00:00,2031.1,81.31,337.8,13.72,387.4,17.9,597.4,0.0608,1.03,213.8,78.8,13.7
2025-05-21T07:39:00+00:00,1905.1,83.14,343.5,13.69,367.5,16.7,571.0,0.0595,0.98,213.8,78.8,10.7
2025-05-21T07:40:00+00:00,2453.4,80.91,333.1,13.69,400.5,16.7,624.2,0.0627,0.98,213.8,78.8,12.3
2025-05-21T07:41:00+00:00,1876.6,79.20,369.2,13.75,364.2,18.1,601.8,0.0583,0.88,213.8,78.8,12.7
2025-05-21T07:42:00+00:00,1956.4,82.98,355.7,14.02,383.5,17.6,607.0,0.0609,0.94,213.8,78.8,11.7
2025-05-21T07:43:00+00:00,2054.1,79.75,347.7,13.94,405.7,16.0,578.9,0.0622,1.03,213.8,78.8,11.5
2025-05-21T07:44:00+00:00,2176.4,80.96,352.0,13.57,375.2,19.4,577.4,0.0707,0.97,213.8,78.8,13.8
2025-05-21T07:45:00+00:00,2195.2,81.32,352.5,13.87,378.2,15.6,620.8,0.0617,1.03,213.8,78.8,9.3
2025-05-21T07:46:00+00:00,2203.2,83.31,358.9,13.77,391.8,17.7,533.6,0.0646,1.00,213.8,78.8,11.9
2025-05-21T07:47:00+00:00,1860.3,82.20,335.5,13.69,393.5,18.3,605.3,0.0650,1.03,213.8,78.8,12.4
2025-05-21T07:48:00+00:00,2017.8,79.65,357.7,13.85,385.7,18.3,622.5,0.0604,1.00,213.8,78.8,13.3
2025-05-21T07:49:00+00:00,2035.5,82.33,370.2,13.91,392.4,17.4,672.3,0.0607,1.03,213.8,78.8,10.3
2025-05-21T07:50:00+00:00,1733.5,81.00,336.7,13.76,386.5,16.9,657.5,0.0666,0.98,213.8,78.8,12.0
2025-05-21T07:51:00+00:00,2159.7,82.18,341.7,13.95,388.1,18.3,620.2,0.0651,1.04,213.8,78.8,12.3
2025-05-21T07:52:00+00:00,1819.1,82.39,347.5,13.88,376.9,18.3,598.2,0.0583,0.90,213.8,78.8,13.4
2025-05-21T07:53:00+00:00,1821.5,82.93,357.7,13.62,377.2,17.1,608.0,0.0593,0.99,213.8,78.8,13.2
2025-05-21T07:54:00+00:00,2067.5,83.60,343.1,14.20,379.0,17.7,625.1,0.0607,1.02,213.8,78.8,11.4
2025-05-21T07:55:00+00:00,2019.3,80.85,357.5,13.77,365.8,20.1,570.7,0.0603,1.00,213.8,78.8,12.3
2025-05-21T07:56:00+00:00,1837.7,78.26,337.7,13.93,363.4,14.7,549.7,0.0587,0.93,213.8,78.8,12.1
2025-05-21T07:57:00+00:00,1895.1,82.31,349.4,14.08,399.4,17.9,583.4,0.0593,0.97,213.8,78.8,11.3
2025-05-21T07:58:00+00:00,2297.7,80.55,334.4,14.07,401.0,18.6,631.0,0.0624,1.05,213.8,78.8,10.9
2025-05-21T07:59:00+00:00,2009.9,83.25,362.8,13.65,386.8,18.7,633.2,0.0602,0.98,213.8,78.8,11.2
2025-05-21T08:00:00+00:00,2012.0,83.18,348.5,13.90,388.5,19.0,620.9,0.0608,1.03,213.8,78.8,12.3
2025-05-21T08:01:00+00:00,1924.8,82.73,350.9,13.87,385.9,16.6,558.2,0.0596,0.98,213.8,78.8,12.8
2025-05-21T08:02:00+00:00,2170.4,82.13,351.2,13.73,391.2,18.6,600.5,0.0614,1.03,213.8,78.8,10.9
2025-05-21T08:03:00+00:00,2068.2,81.47,347.6,13.63,364.4,20.3,623.3,0.0608,1.02,213.8,78.8,11.6
2025-05-21T08:04:00+00:00,1986.5,81.90,359.0,13.83,390.9,15.7,543.3,0.0599,0.97,213.8,78.8,12.5
2025-05-21T08:05:00+00:00,2105.4,83.29,335.3,13.62,374.7,16.7,570.3,0.0609,1.02,213.8,78.8,11.4
2025-05-21T08:06:00+00:00,1977.0,82.38,352.2,13.74,383.0,15.5,571.4,0.0601,1.00,213.8,78.8,14.5
2025-05-21T08:07:00+00:00,2119.9,81.22,356.4,13.80,391.0,18.3,609.6,0.0609,1.00,213.8,78.8,13.1
2025-05-21T08:08:00+00:00,2030.8,81.27,347.7,13.68,380.5,16.5,592.3,0.0616,1.13,213.8,78.8,13.0
2025-05-21T08:09:00+00:00,1861.4,84.00,346.7,14.13,357.5,16.7,644.8,0.0596,1.01,213.8,78.8,12.2
2025-05-21T08:10:00+00:00,2024.5,79.57,357.3,13.85,374.6,18.5,614.8,0.0596,0.93,213.8,78.8,12.8
2025-05-21T08:11:00+00:00,2011.5,83.01,341.6,13.81,357.1,17.4,641.2,0.0664,1.09,213.8,78.8,12.6
2025-05-21T08:12:00+00:00,1853.0,81.15,349.7,13.52,368.4,17.3,580.1,0.0602,1.09,213.8,78.8,11.4
2025-05-21T08:13:00+00:00,1974.7,85.06,351.5,14.00,379.4,17.4,573.6,0.0597,0.95,213.8,78.8,12.2
2025-05-21T08:14:00+00:00,2076.2,84.82,356.6,13.58,369.3,18.6,516.6,0.0610,1.05,213.8,78.8,12.4
2025-05-21T08:15:00+00:00,2004.3,81.52,341.9,13.89,408.0,16.8,638.0,0.0615,0.99,213.8,78.8,12.9
2025-05-21T08:16:00+00:00,1996.1,84.08,336.9,13.70,363.9,17.5,580.8,0.0627,1.01,213.8,78.8,13.3
2025-05-21T08:17:00+00:00,2079.3,83.67,341.9,13.84,378.1,15.2,633.1,0.0598,0.93,213.8,78.8,12.3
2025-05-21T08:18:00+00:00,1960.9,80.63,343.1,13.53,386.9,17.9,582.1,0.0634,0.97,213.8,78.8,12.3
2025-05-21T08:19:00+00:00,1914.7,83.91,341.1,13.66,375.5,17.2,597.1,0.0590,0.91,213.8,78.8,11.7
2025-05-21T08:20:00+00:00,2132.3,84.16,342.6,13.91,365.7,13.6,586.8,0.0605,0.97,213.8,78.8,12.3
2025-05-21T08:21:00+00:00,2349.3,83.92,340.0,13.82,363.4,21.6,627.2,0.0624,0.95,213.8,78.8,12.5
2025-05-21T08:22:00+00:00,1935.7,81.61,342.9,13.86,373.7,17.0,537.5,0.0631,1.03,213.8,78.8,10.4
2025-05-21T08:23:00+00:00,2155.7,84.02,354.8,13.82,381.7,18.3,583.0,0.0669,1.03,213.8,78.8,12.4
2025-05-21T08:24:00+00:00,2002.2,82.41,345.5,13.84,385.7,19.6,646.9,0.0604,1.01,213.8,78.8,10.7
2025-05-21T08:25:00+00:00,2002.0,82.39,358.3,13.63,365.9,16.9,566.8,0.0654,0.91,213.8,78.8,12.1
2025-05-21T08:26:00+00:00,1887.7,83.68,349.9,13.51,387.4,17.1,615.7,0.0602,1.05,213.8,78.8,12.4
2025-05-21T08:27:00+00:00,1976.8,82.39,338.9,13.77,374.6,18.0,573.0,0.0600,0.99,213.8,78.8,10.9
2025-05-21T08:28:00+00:00,2063.5,81.25,343.8,13.75,399.4,18.8,568.2,0.0608,1.02,213.8,78.8,11.8
2025-05-21T08:29:00+00:00,2026.2,81.02,341.2,13.67,370.6,18.2,625.6,0.0606,1.01,213.8,78.8,12.3
2025-05-21T08:30:00+00:00,2002.6,81.49,344.5,13.65,366.9,15.1,578.5,0.0612,1.02,213.8,78.8,11.7
2025-05-21T08:31:00+00:00,1951.6,82.71,346.8,13.55,378.1,18.1,541.2,0.0647,1.01,213.8,78.8,13.2
2025-05-21T08:32:00+00:00,1991.5,83.34,348.5,13.78,382.4,17.8,579.7,0.0650,1.10,213.8,78.8,11.7
2025-05-21T08:33:00+00:00,1996.5,83.55,350.0,13.86,372.6,15.7,612.8,0.0631,1.02,213.8,78.8,10.6
2025-05-21T08:34:00+00:00,953.3,77.96,357.3,13.58,329.3,17.4,548.2,0.0582,1.03,213.8,78.8,9.0
2025-05-21T08:35:00+00:00,985.7,80.18,359.8,14.05,357.4,18.4,598.2,0.0553,1.07,213.8,78.8,13.1
2025-05-21T08:36:00+00:00,912.9,75.61,357.4,13.76,345.0,18.0,532.2,0.0581,1.04,213.8,78.8,13.1
2025-05-21T08:37:00+00:00,888.3,77.44,361.2,13.71,346.9,16.1,524.3,0.0585,0.92,213.8,78.8,12.9
2025-05-21T08:38:00+00:00,877.9,78.66,354.8,14.04,355.4,18.1,627.5,0.0626,0.95,213.8,78.8,10.2
2025-05-21T08:39:00+00:00,1016.6,80.05,359.4,13.72,357.2,14.9,545.2,0.0531,0.81,213.8,78.8,13.3
2025-05-21T08:40:00+00:00,963.2,78.35,356.7,13.89,341.7,16.8,557.7,0.0548,1.01,213.8,78.8,11.0
2025-05-21T08:41:00+00:00,1062.3,77.29,363.7,13.71,366.4,16.3,572.4,0.0564,1.04,213.8,78.8,11.6
2025-05-21T08:42:00+00:00,1036.8,81.16,361.9,13.82,369.7,16.3,608.5,0.0560,1.03,213.8,78.8,11.4
2025-05-21T08:43:00+00:00,813.4,76.45,351.8,13.70,332.1,16.4,554.5,0.0528,0.92,213.8,78.8,11.0
2025-05-21T08:44:00+00:00,970.3,82.97,365.0,13.38,361.8,17.0,602.6,0.0545,0.98,213.8,78.8,11.0
2025-05-21T08:45:00+00:00,972.9,80.44,358.2,14.16,321.5,17.3,521.1,0.0596,1.03,213.8,78.8,12.3
2025-05-21T08:46:00+00:00,894.9,78.03,363.3,13.85,351.9,19.4,554.1,0.0603,1.09,213.8,78.8,12.7
2025-05-21T14:00:00+00:00,1140.3,82.80,354.9,13.96,336.0,19.3,559.7,0.0586,1.08,213.8,78.8,10.3
2025-05-21T14:01:00+00:00,898.4,79.09,359.9,14.03,341.4,15.6,517.3,0.0547,1.04,213.8,78.8,10.8
2025-05-21T14:02:00+00:00,980.3,77.04,349.7,13.66,328.0,20.2,533.1,0.0553,1.05,213.8,78.8,13.0
2025-05-21T14:03:00+00:00,1024.8,79.69,365.4,13.60,345.8,17.5,578.2,0.0607,1.07,213.8,78.8,13.0
2025-05-21T14:04:00+00:00,942.9,77.24,363.6,13.75,365.4,18.3,562.3,0.0544,0.98,213.8,78.8,11.4
2025-05-21T14:05:00+00:00,980.4,80.11,353.3,13.65,359.3,20.1,547.1,0.0547,0.99,213.8,78.8,13.2
2025-05-21T14:06:00+00:00,975.4,76.64,363.6,13.95,374.3,20.6,503.0,0.0551,1.04,213.8,78.8,12.5
2025-05-21T14:07:00+00:00,876.4,80.33,359.5,13.70,337.3,16.9,574.7,0.0575,0.99,213.8,78.8,11.5
2025-05-21T14:08:00+00:00,991.1,76.12,349.6,13.95,348.8,18.6,537.6,0.0583,0.98,213.8,78.8,11.9
2025-05-21T14:09:00+00:00,1018.2,78.59,369.5,13.92,347.4,20.9,557.0,0.0549,1.01,213.8,78.8,12.8
2025-05-21T14:10:00+00:00,911.3,79.84,363.2,13.89,363.6,17.1,632.3,0.0540,0.96,213.8,78.8,10.7
2025-05-21T14:11:00+00:00,863.2,77.09,367.3,14.11,356.9,16.3,478.6,0.0546,1.06,213.8,78.8,11.1
2025-05-21T14:12:00+00:00,2044.4,82.64,354.3,13.78,369.1,19.3,623.7,0.0681,1.01,213.8,78.8,9.1
2025-05-21T14:13:00+00:00,2074.3,82.29,351.0,13.93,393.6,17.6,585.6,0.0608,1.02,213.8,78.8,13.0
2025-05-21T14:14:00+00:00,2163.1,83.58,348.0,13.85,393.2,16.7,563.3,0.0652,1.03,213.8,78.8,10.8
2025-05-21T14:15:00+00:00,1964.9,80.89,355.9,13.85,378.6,17.4,586.6,0.0593,0.93,213.8,78.8,11.8
2025-05-21T14:16:00+00:00,1999.2,81.32,352.4,13.77,398.3,15.3,631.0,0.0602,1.00,213.8,78.8,12.2
2025-05-21T14:17:00+00:00,2102.5,81.20,358.7,13.83,361.2,17.9,551.9,0.0604,0.96,213.8,78.8,12.6
2025-05-21T14:18:00+00:00,1901.3,82.63,344.2,13.57,356.8,16.9,586.1,0.0590,0.93,213.8,78.8,12.4
2025-05-21T14:19:00+00:00,2291.3,81.08,352.8,13.82,364.7,16.4,547.7,0.0624,1.06,213.8,78.8,10.7
2025-05-21T14:20:00+00:00,1907.0,82.07,347.0,13.58,377.8,18.0,585.0,0.0597,1.00,213.8,78.8,11.6
2025-05-21T14:21:00+00:00,2058.9,80.04,348.6,13.89,357.2,17.7,587.1,0.0606,1.00,213.8,78.8,12.7
2025-05-21T14:22:00+00:00,1860.0,81.43,338.5,13.86,359.9,17.6,520.4,0.0589,0.91,213.8,78.8,12.9
2025-05-21T14:23:00+00:00,2033.1,79.96,344.0,13.95,397.4,18.2,582.2,0.0596,0.94,213.8,78.8,10.8
2025-05-21T14:24:00+00:00,1993.7,84.10,369.3,13.73,375.6,17.1,662.0,0.0604,1.02,213.8,78.8,11.0
2025-05-21T14:25:00+00:00,1947.1,81.06,365.4,13.80,390.6,18.2,616.0,0.0641,1.01,213.8,78.8,10.8
2025-05-21T14:26:00+00:00,1980.5,83.55,349.2,13.76,377.5,17.3,630.5,0.0618,1.12,213.8,78.8,13.1
2025-05-21T14:27:00+00:00,1979.3,80.73,346.5,13.87,375.0,15.8,524.1,0.0618,0.96,213.8,78.8,13.2
2025-05-21T14:28:00+00:00,2129.2,82.54,361.7,14.13,366.1,16.7,605.4,0.0684,0.88,213.8,78.8,11.1
2025-05-21T14:29:00+00:00,1981.2,83.08,348.2,13.96,382.8,16.2,628.1,0.0604,1.03,213.8,78.8,12.6
2025-05-21T14:30:00+00:00,2226.5,84.84,343.1,13.87,392.9,16.9,622.1,0.0617,1.01,213.8,78.8,10.7
2025-05-21T14:31:00+00:00,2008.0,82.86,348.0,13.83,377.3,14.6,617.9,0.0682,1.05,213.8,78.8,12.5
2025-05-21T14:32:00+00:00,1934.0,81.64,355.2,13.63,373.4,19.6,581.3,0.0635,0.98,213.8,78.8,11.9
2025-05-21T14:33:00+00:00,2061.7,82.80,350.7,13.67,376.6,17.3,640.3,0.0610,1.06,213.8,78.8,12.6
2025-05-21T14:34:00+00:00,2003.3,83.06,342.3,13.77,358.0,20.0,615.2,0.0605,1.03,213.8,78.8,12.0
2025-05-21T14:35:00+00:00,2113.6,82.64,352.3,13.79,389.9,16.0,559.2,0.0599,0.91,213.8,78.8,11.8
2025-05-21T14:36:00+00:00,2137.3,82.15,363.1,13.66,401.2,17.1,643.0,0.0610,1.00,213.8,78.8,13.0
2025-05-21T14:37:00+00:00,2190.2,82.36,360.5,13.73,393.7,17.1,639.4,0.0615,1.04,213.8,78.8,11.5
2025-05-21T14:38:00+00:00,2064.1,81.60,346.7,13.93,365.9,18.8,604.2,0.0751,1.07,213.8,78.8,12.1
2025-05-21T14:39:00+00:00,1994.1,86.77,334.5,13.83,366.4,16.7,580.7,0.0606,1.04,213.8,78.8,12.3
2025-05-21T14:40:00+00:00,1935.9,81.16,353.6,14.04,375.6,21.3,579.8,0.0604,1.05,213.8,78.8,9.5
2025-05-21T14:41:00+00:00,2237.4,80.30,340.1,13.58,367.3,18.1,561.1,0.0633,0.98,213.8,78.8,11.7
2025-05-21T14:42:00+00:00,1806.0,78.17,346.5,13.88,372.8,18.4,560.4,0.0637,0.97,213.8,78.8,11.3
2025-05-21T14:43:00+00:00,1843.0,81.13,339.4,13.46,399.2,17.8,611.0,0.0587,0.94,213.8,78.8,12.5
2025-05-21T14:44:00+00:00,1802.5,82.89,336.6,13.59,374.9,18.7,650.8,0.0595,1.04,213.8,78.8,12.5
2025-05-21T14:45:00+00:00,2245.8,82.08,362.4,13.91,369.9,16.8,603.9,0.0608,0.94,213.8,78.8,11.3
2025-05-21T14:46:00+00:00,2059.2,81.36,361.2,13.67,380.8,14.3,628.8,0.0691,0.96,213.8,78.8,12.6
2025-05-21T14:47:00+00:00,2071.2,81.63,353.1,13.66,374.8,19.4,585.9,0.0600,0.95,213.8,78.8,12.5
2025-05-21T14:48:00+00:00,1930.1,81.54,342.8,13.80,405.1,20.1,545.8,0.0629,1.03,213.8,78.8,11.6
2025-05-21T14:49:00+00:00,2082.0,82.15,360.1,13.50,401.3,18.0,604.0,0.0636,0.97,213.8,78.8,13.9
2025-05-21T14:50:00+00:00,2031.2,81.07,354.6,13.63,377.3,17.6,601.6,0.0622,0.92,213.8,78.8,11.4
2025-05-21T14:51:00+00:00,1732.4,80.06,344.9,13.87,387.8,16.7,569.0,0.0586,0.97,213.8,78.8,12.8
2025-05-21T14:52:00+00:00,2074.6,81.86,344.0,13.69,383.7,18.1,618.1,0.0604,0.97,213.8,78.8,10.7
2025-05-21T14:53:00+00:00,1999.9,81.19,351.7,13.84,396.0,18.5,527.0,0.0607,0.98,213.8,78.8,11.7
2025-05-21T14:54:00+00:00,1936.2,83.74,342.4,13.78,396.4,18.8,608.1,0.0636,1.00,213.8,78.8,10.2
2025-05-21T14:55:00+00:00,2017.2,81.81,345.0,13.86,391.9,17.4,611.1,0.0608,1.05,213.8,78.8,11.5
2025-05-21T14:56:00+00:00,1912.3,84.86,338.9,13.99,368.9,19.4,590.2,0.0599,1.00,213.8,78.8,12.4
2025-05-21T14:57:00+00:00,2076.2,81.61,324.8,13.88,377.9,19.1,604.3,0.0623,0.87,213.8,78.8,12.0
2025-05-21T14:58:00+00:00,2036.1,83.36,350.7,13.63,378.1,18.3,638.0,0.0599,0.96,213.8,78.8,11.0
2025-05-21T14:59:00+00:00,2015.4,81.75,362.2,13.72,409.3,20.1,661.2,0.0682,1.04,213.8,78.8,11.9
2025-05-21T15:00:00+00:00,1969.7,81.93,355.5,13.90,389.9,15.9,641.3,0.0632,0.94,213.8,78.8,11.4
2025-05-21T15:01:00+00:00,2443.1,84.36,338.2,13.64,394.0,17.2,657.0,0.0629,1.01,213.8,78.8,12.1
2025-05-21T15:02:00+00:00,2485.0,85.31,350.7,13.71,385.0,17.7,610.7,0.0623,0.96,213.8,78.8,11.7
2025-05-21T15:03:00+00:00,2104.8,83.48,368.3,13.98,393.8,17.1,614.8,0.0600,0.92,213.8,78.8,13.1
2025-05-21T15:04:00+00:00,1950.8,83.43,340.1,13.86,372.6,20.2,554.8,0.0598,0.99,213.8,78.8,11.1
2025-05-21T15:05:00+00:00,1836.0,79.68,346.1,13.57,365.3,14.9,591.4,0.0588,0.95,213.8,78.8,11.7
2025-05-21T15:06:00+00:00,2227.5,83.39,358.2,13.72,368.3,17.8,581.3,0.0618,1.04,213.8,78.8,12.9
2025-05-21T15:07:00+00:00,2249.6,83.96,352.9,13.68,382.2,15.5,545.3,0.0612,0.96,213.8,78.8,11.9
2025-05-21T15:08:00+00:00,2107.8,80.05,349.7,13.79,394.5,17.9,595.4,0.0615,0.97,213.8,78.8,12.2
2025-05-21T15:09:00+00:00,1927.6,79.24,351.2,13.85,404.9,15.5,581.0,0.0649,0.91,213.8,78.8,11.7
2025-05-21T15:10:00+00:00,1999.8,81.42,347.2,13.80,366.8,19.5,604.3,0.0599,0.97,213.8,78.8,10.5
2025-05-21T15:11:00+00:00,1810.9,77.98,341.6,13.94,357.5,17.5,647.2,0.0601,1.08,213.8,78.8,12.1
2025-05-21T15:12:00+00:00,2007.2,81.69,360.6,14.08,363.3,17.1,560.7,0.0679,1.12,213.8,78.8,14.0
2025-05-21T15:13:00+00:00,2070.5,83.77,354.2,13.74,354.2,16.8,550.1,0.0612,1.05,213.8,78.8,13.1
2025-05-21T15:14:00+00:00,2047.3,81.83,348.9,13.80,390.7,17.9,621.6,0.0657,0.93,213.8,78.8,13.0
2025-05-21T15:15:00+00:00,2020.1,82.61,363.5,13.74,377.8,19.2,625.0,0.0644,1.14,213.8,78.8,11.6
2025-05-21T15:16:00+00:00,1847.2,79.46,345.9,13.67,369.6,18.5,606.3,0.0590,0.95,213.8,78.8,10.9
2025-05-21T15:17:00+00:00,1906.5,80.78,352.4,14.01,384.7,14.0,622.3,0.0598,1.00,213.8,78.8,13.1
2025-05-21T15:18:00+00:00,2096.1,83.24,356.4,13.69,361.9,16.1,636.0,0.0643,1.01,213.8,78.8,11.9
2025-05-21T15:19:00+00:00,1969.2,82.37,347.4,13.78,359.0,16.5,628.3,0.0601,1.00,213.8,78.8,13.0
2025-05-21T15:20:00+00:00,2029.3,81.76,339.9,13.69,401.5,18.4,597.6,0.0593,0.89,213.8,78.8,11.5
2025-05-21T15:21:00+00:00,2567.5,84.76,339.3,13.56,415.3,14.4,676.8,0.0625,0.95,213.8,78.8,11.1
2025-05-21T15:22:00+00:00,1789.4,82.42,356.3,13.80,360.3,18.5,555.5,0.0607,1.05,213.8,78.8,12.1
2025-05-21T15:23:00+00:00,1989.1,79.03,345.2,13.84,374.1,19.5,596.1,0.0604,1.02,213.8,78.8,12.1
2025-05-21T15:24:00+00:00,2039.3,80.01,338.8,13.48,391.2,17.2,638.4,0.0606,1.01,213.8,78.8,11.1
2025-05-21T15:25:00+00:00,2022.8,83.23,357.6,13.97,388.4,15.5,664.4,0.0601,0.97,213.8,78.8,11.8
2025-05-21T15:26:00+00:00,1981.1,82.12,338.2,13.66,377.8,17.1,606.7,0.0649,0.91,213.8,78.8,12.6
2025-05-21T15:27:00+00:00,2535.3,83.86,347.2,13.61,401.4,19.1,652.6,0.0636,0.90,213.8,78.8,13.8
2025-05-21T15:28:00+00:00,2114.4,80.88,363.8,13.68,387.7,20.4,615.6,0.0612,1.03,213.8,78.8,13.4
2025-05-21T15:29:00+00:00,2019.4,84.83,355.7,13.88,384.2,17.6,628.4,0.0668,1.02,213.8,78.8,12.0
2025-05-21T15:30:00+00:00,2024.3,82.18,352.9,13.91,403.5,17.8,576.2,0.0638,0.95,213.8,78.8,11.8
2025-05-21T15:31:00+00:00,2054.5,80.44,358.9,13.85,373.4,17.5,629.3,0.0607,1.02,213.8,78.8,12.4
2025-05-21T15:32:00+00:00,1938.9,81.41,358.1,13.98,363.2,17.1,600.7,0.0633,0.96,213.8,78.8,12.6
2025-05-21T15:33:00+00:00,1889.8,81.92,349.0,13.80,375.2,16.8,619.4,0.0606,0.94,213.8,78.8,13.9
2025-05-21T15:34:00+00:00,1875.4,81.97,348.4,13.75,372.9,17.0,562.7,0.0636,1.05,213.8,78.8,11.8
2025-05-21T15:35:00+00:00,1897.4,80.23,353.0,13.81,364.1,15.7,589.0,0.0592,0.96,213.8,78.8,11.6
2025-05-21T15:36:00+00:00,1927.9,77.07,342.6,13.61,370.4,19.5,624.2,0.0600,1.02,213.8,78.8,10.9
2025-05-21T15:37:00+00:00,2079.4,82.59,350.7,13.61,397.2,16.8,592.8,0.0613,1.08,213.8,78.8,12.1
2025-05-21T15:38:00+00:00,2082.2,84.88,356.8,13.97,391.7,16.5,609.0,0.0608,1.02,213.8,78.8,10.2
2025-05-21T15:39:00+00:00,1816.3,82.70,345.9,13.97,402.5,15.3,649.5,0.0592,0.90,213.8,78.8,10.9
2025-05-21T15:40:00+00:00,2006.1,82.90,343.7,13.59,387.1,18.6,602.3,0.0613,1.10,213.8,78.8,12.7
2025-05-21T15:41:00+00:00,1980.7,85.62,348.2,14.14,395.3,17.3,614.9,0.0606,1.03,213.8,78.8,12.7
2025-05-21T15:42:00+00:00,2070.2,87.17,335.1,13.63,384.4,18.9,628.5,0.0610,1.05,213.8,78.8,11.5
2025-05-21T15:43:00+00:00,1929.1,80.20,346.1,13.83,371.8,16.9,625.8,0.0650,0.88,213.8,78.8,11.6
2025-05-21T15:44:00+00:00,1880.4,80.21,354.8,13.82,369.7,16.6,566.4,0.0628,0.95,213.8,78.8,11.5
2025-05-21T15:45:00+00:00,1890.0,84.46,358.2,14.01,380.0,18.0,623.5,0.0601,1.05,213.8,78.8,12.3
2025-05-21T15:46:00+00:00,1948.1,82.04,350.2,13.89,396.1,17.1,596.7,0.0597,0.96,213.8,78.8,10.4
2025-05-21T15:47:00+00:00,2195.5,82.53,352.7,13.62,352.6,21.0,550.3,0.0617,1.05,213.8,78.8,12.5
2025-05-21T15:48:00+00:00,1942.5,82.99,348.7,13.72,389.0,17.2,596.9,0.0656,0.94,213.8,78.8,12.1
2025-05-21T15:49:00+00:00,2020.0,85.23,342.1,13.63,390.5,15.7,633.8,0.0597,0.95,213.8,78.8,13.0
2025-05-21T15:50:00+00:00,2121.5,82.84,348.4,13.64,398.3,18.2,585.3,0.0604,0.96,213.8,78.8,12.8
2025-05-21T15:51:00+00:00,2176.3,81.44,342.8,13.50,394.2,17.5,611.9,0.0603,0.92,213.8,78.8,13.5
2025-05-21T15:52:00+00:00,2134.6,82.13,335.2,13.89,383.7,18.8,661.9,0.0662,0.95,213.8,78.8,11.9
2025-05-21T15:53:00+00:00,2148.0,81.34,344.8,13.63,385.3,16.8,559.4,0.0609,0.99,213.8,78.8,12.1
2025-05-21T15:54:00+00:00,2159.1,82.90,348.5,13.78,370.0,16.5,608.7,0.0658,1.06,213.8,78.8,10.9
2025-05-21T15:55:00+00:00,2026.0,82.64,350.1,13.86,372.5,19.1,575.9,0.0604,1.00,213.8,78.8,12.2
2025-05-21T15:56:00+00:00,1955.0,82.10,349.2,13.79,395.6,16.5,636.6,0.0607,1.07,213.8,78.8,11.6
2025-05-21T15:57:00+00:00,2022.8,83.00,356.6,14.04,408.0,16.6,613.8,0.0604,1.01,213.8,78.8,12.3
2025-05-21T15:58:00+00:00,1937.6,79.42,356.5,13.88,388.8,15.4,603.7,0.0638,0.99,213.8,78.8,11.1
2025-05-21T15:59:00+00:00,2154.4,83.37,349.4,13.71,376.4,16.3,661.6,0.0620,1.09,213.8,78.8,12.8
2025-05-21T16:00:00+00:00,2209.7,81.96,351.7,14.09,393.3,16.1,648.3,0.0617,1.04,213.8,78.8,11.2
2025-05-21T16:01:00+00:00,2069.2,80.92,344.2,13.62,365.5,19.4,613.2,0.0649,1.07,213.8,78.8,9.9
2025-05-21T16:02:00+00:00,1855.4,80.84,347.9,14.01,360.0,18.1,604.0,0.0605,1.05,213.8,78.8,11.3
2025-05-21T16:03:00+00:00,2321.9,84.44,353.5,13.87,418.0,17.8,605.1,0.0693,0.96,213.8,78.8,10.6
2025-05-21T16:04:00+00:00,2195.7,81.52,349.0,13.69,361.8,19.3,641.3,0.0693,1.01,213.8,78.8,11.7
2025-05-21T16:05:00+00:00,1995.3,82.11,328.7,13.66,372.9,15.6,572.6,0.0613,0.98,213.8,78.8,12.1
2025-05-21T16:06:00+00:00,2072.5,82.93,345.4,13.84,382.3,15.7,577.8,0.0734,1.01,213.8,78.8,10.3
2025-05-21T16:07:00+00:00,1952.1,82.96,351.1,13.76,381.6,17.9,539.1,0.0591,0.90,213.8,78.8,10.0
2025-05-21T16:08:00+00:00,2171.7,84.50,352.6,13.67,401.5,15.9,628.1,0.0652,0.96,213.8,78.8,11.8
2025-05-21T16:09:00+00:00,1854.5,81.26,348.1,13.50,360.7,17.6,630.0,0.0623,0.99,213.8,78.8,12.8
2025-05-21T16:10:00+00:00,2110.6,83.63,351.0,13.63,369.7,17.8,624.1,0.0607,0.99,213.8,78.8,11.5
2025-05-21T16:11:00+00:00,2084.1,81.97,340.9,13.56,356.4,17.0,634.5,0.0604,0.99,213.8,78.8,12.1
2025-05-21T16:12:00+00:00,2009.5,81.21,358.3,13.63,391.1,18.0,593.6,0.0598,0.95,213.8,78.8,12.1
2025-05-21T16:13:00+00:00,1997.2,80.70,340.8,13.78,388.6,19.0,615.6,0.0602,1.01,213.8,78.8,11.4
2025-05-21T16:14:00+00:00,1973.5,78.08,363.4,13.81,393.5,19.4,607.1,0.0605,1.02,213.8,78.8,12.1
2025-05-21T16:15:00+00:00,950.6,80.08,354.0,13.79,360.2,20.0,558.8,0.0547,1.02,213.8,78.8,9.6
2025-05-21T16:16:00+00:00,946.9,81.26,367.9,13.70,346.6,15.7,564.4,0.0552,1.06,213.8,78.8,12.7
2025-05-21T16:17:00+00:00,870.3,79.37,353.4,13.81,327.7,19.0,476.1,0.0576,1.02,213.8,78.8,12.2
2025-05-21T16:18:00+00:00,991.6,80.12,355.4,13.81,349.1,16.3,568.5,0.0628,0.96,213.8,78.8,13.2
2025-05-21T16:19:00+00:00,888.6,78.12,339.0,13.85,366.5,16.9,555.5,0.0560,1.05,213.8,78.8,12.9
2025-05-21T16:20:00+00:00,978.6,77.47,349.6,13.58,333.8,17.4,593.1,0.0545,0.98,213.8,78.8,11.9
2025-05-21T16:21:00+00:00,854.0,76.35,353.9,13.58,334.6,17.2,527.1,0.0538,0.97,213.8,78.8,11.0
2025-05-21T16:22:00+00:00,941.0,79.26,355.4,13.78,368.1,18.3,601.9,0.0544,1.00,213.8,78.8,12.1
2025-05-21T16:23:00+00:00,1060.0,80.50,343.7,14.09,354.4,15.0,591.4,0.0555,1.04,213.8,78.8,12.4
2025-05-21T16:24:00+00:00,944.0,80.56,353.6,14.10,334.9,14.5,521.3,0.0601,0.99,213.8,78.8,10.7
2025-05-21T16:25:00+00:00,828.3,80.09,350.6,13.65,362.2,18.1,542.5,0.0541,1.01,213.8,78.8,12.6
2025-05-22T06:00:00+00:00,1084.3,78.76,358.2,13.88,355.1,17.1,503.2,0.0530,0.77,225.0,135.0,15.4
2025-05-22T06:01:00+00:00,1064.3,80.37,362.8,13.78,367.2,18.1,522.1,0.0628,0.80,225.0,135.0,16.4
2025-05-22T06:02:00+00:00,1048.4,78.14,363.1,13.71,349.1,15.7,569.3,0.0534,0.83,225.0,135.0,14.9
2025-05-22T06:03:00+00:00,1171.0,80.01,364.5,13.69,366.4,16.2,549.9,0.0601,0.79,225.0,135.0,15.8
2025-05-22T06:04:00+00:00,1142.7,78.24,349.8,13.55,349.4,17.2,545.1,0.0566,0.76,225.0,135.0,15.7
2025-05-22T06:05:00+00:00,959.9,76.52,351.0,13.66,347.9,16.7,594.5,0.0573,0.81,225.0,135.0,14.4
2025-05-22T06:06:00+00:00,1012.2,82.49,362.2,13.83,336.6,16.6,558.4,0.0530,0.79,225.0,135.0,15.2
2025-05-22T06:07:00+00:00,970.4,78.35,347.3,13.70,336.5,19.2,584.7,0.0602,0.77,225.0,135.0,14.8
2025-05-22T06:08:00+00:00,1056.3,79.25,358.9,13.69,342.1,17.6,523.4,0.0548,0.80,225.0,135.0,13.3
2025-05-22T06:09:00+00:00,904.3,78.05,342.4,13.99,344.0,20.5,575.8,0.0527,0.83,225.0,135.0,14.9
2025-05-22T06:10:00+00:00,1058.8,78.72,353.5,13.73,355.0,15.2,558.0,0.0572,0.76,225.0,135.0,14.6
2025-05-22T06:11:00+00:00,982.3,74.66,351.9,13.98,374.4,17.1,573.8,0.0533,0.85,225.0,135.0,14.5
2025-05-22T06:12:00+00:00,1023.2,78.18,352.8,13.79,328.1,18.8,550.7,0.0543,0.81,225.0,135.0,16.0
2025-05-22T06:13:00+00:00,2109.5,82.46,338.2,13.97,355.2,18.5,667.5,0.0590,0.83,225.0,135.0,12.9
2025-05-22T06:14:00+00:00,1947.8,79.69,351.7,13.76,387.7,14.8,614.3,0.0577,0.78,225.0,135.0,14.5
2025-05-22T06:15:00+00:00,1751.2,80.48,345.2,13.74,370.3,15.6,589.0,0.0572,0.82,225.0,135.0,14.7
2025-05-22T06:16:00+00:00,1985.7,81.63,357.2,14.02,365.9,17.2,577.8,0.0705,0.83,225.0,135.0,14.3
2025-05-22T06:17:00+00:00,2073.7,81.10,352.3,13.66,370.8,16.1,612.6,0.0597,0.76,225.0,135.0,15.2
2025-05-22T06:18:00+00:00,1843.0,82.20,364.2,13.97,372.4,17.0,542.7,0.0575,0.81,225.0,135.0,14.9
2025-05-22T06:19:00+00:00,1921.1,81.13,346.9,13.83,391.0,15.1,600.7,0.0653,0.81,225.0,135.0,13.8
2025-05-22T06:20:00+00:00,2027.0,82.13,347.5,13.80,373.2,16.1,592.0,0.0677,0.84,225.0,135.0,15.2
2025-05-22T06:21:00+00:00,1903.2,82.39,340.6,13.97,386.7,19.5,604.1,0.0620,0.77,225.0,135.0,15.0
2025-05-22T06:22:00+00:00,2154.9,82.96,362.8,14.04,374.1,19.9,626.8,0.0664,0.80,225.0,135.0,13.8
2025-05-22T06:23:00+00:00,1963.5,82.63,334.5,13.94,362.0,17.3,619.6,0.0645,0.86,225.0,135.0,16.8
2025-05-22T06:24:00+00:00,1863.6,80.57,350.4,13.93,401.9,19.4,562.2,0.0577,0.83,225.0,135.0,12.9
2025-05-22T06:25:00+00:00,2089.8,80.50,332.6,13.81,426.5,18.1,645.2,0.0659,0.84,225.0,135.0,14.2
2025-05-22T06:26:00+00:00,1939.5,82.46,347.6,13.74,362.3,14.8,620.2,0.0583,0.83,225.0,135.0,13.0
2025-05-22T06:27:00+00:00,2098.1,82.49,341.7,13.80,366.3,16.6,633.7,0.0593,0.85,225.0,135.0,16.3
2025-05-22T06:28:00+00:00,2084.4,82.09,350.7,13.89,370.2,18.4,649.8,0.0585,0.77,225.0,135.0,13.7
2025-05-22T06:29:00+00:00,1853.1,83.34,371.7,13.85,381.5,18.1,571.1,0.0679,0.83,225.0,135.0,14.4
2025-05-22T06:30:00+00:00,2016.2,82.41,356.8,13.76,370.1,17.9,650.7,0.0591,0.83,225.0,135.0,16.4
2025-05-22T06:31:00+00:00,1957.9,80.89,351.2,13.47,370.6,15.5,643.6,0.0600,0.72,225.0,135.0,14.0
2025-05-22T06:32:00+00:00,1988.9,83.61,345.2,13.82,377.6,18.3,631.4,0.0580,0.79,225.0,135.0,13.8
2025-05-22T06:33:00+00:00,1917.7,83.09,360.8,13.86,396.2,16.0,633.7,0.0569,0.70,225.0,135.0,15.8
2025-05-22T06:34:00+00:00,2163.7,83.23,363.7,13.86,376.4,17.0,628.5,0.0641,0.85,225.0,135.0,13.8
2025-05-22T06:35:00+00:00,2144.3,80.19,340.0,13.80,376.4,17.9,590.4,0.0585,0.76,225.0,135.0,15.3
2025-05-22T06:36:00+00:00,1952.7,80.71,346.3,13.59,381.8,17.4,570.8,0.0578,0.78,225.0,135.0,14.1
2025-05-22T06:37:00+00:00,1887.7,80.12,357.0,14.13,375.3,15.4,616.2,0.0611,0.76,225.0,135.0,14.9
2025-05-22T06:38:00+00:00,2060.1,84.78,352.8,13.79,367.0,19.2,567.0,0.0581,0.75,225.0,135.0,13.9
2025-05-22T06:39:00+00:00,2126.4,85.42,358.6,13.79,370.1,15.2,613.3,0.0642,0.82,225.0,135.0,14.8
2025-05-22T06:40:00+00:00,2108.6,83.14,345.7,13.89,384.1,18.3,595.5,0.0591,0.83,225.0,135.0,15.6
2025-05-22T06:41:00+00:00,2055.4,82.26,331.1,13.76,388.6,16.6,583.6,0.0584,0.80,225.0,135.0,12.7
2025-05-22T06:42:00+00:00,2099.2,81.61,347.9,13.76,400.3,16.6,611.8,0.0590,0.83,225.0,135.0,14.3
2025-05-22T06:43:00+00:00,1930.3,81.08,342.5,13.80,378.5,15.8,558.6,0.0613,0.85,225.0,135.0,15.6
2025-05-22T06:44:00+00:00,1890.6,81.82,346.6,13.74,363.0,16.9,565.5,0.0590,0.92,225.0,135.0,14.6
2025-05-22T06:45:00+00:00,2046.5,83.23,351.9,13.67,377.7,16.0,663.0,0.0613,0.81,225.0,135.0,13.5
2025-05-22T06:46:00+00:00,1973.3,82.86,344.9,13.71,374.4,17.4,585.9,0.0627,0.84,225.0,135.0,14.7
2025-05-22T06:47:00+00:00,2058.5,83.66,351.9,13.98,395.3,16.6,546.8,0.0583,0.78,225.0,135.0,14.2
2025-05-22T06:48:00+00:00,2071.3,82.37,343.7,13.84,384.4,17.2,617.5,0.0590,0.79,225.0,135.0,14.3
2025-05-22T06:49:00+00:00,2070.7,84.25,354.7,13.89,373.9,17.6,639.2,0.0581,0.76,225.0,135.0,15.2
2025-05-22T06:50:00+00:00,2127.5,83.74,339.0,13.95,379.1,15.8,655.1,0.0620,0.75,225.0,135.0,16.0
2025-05-22T06:51:00+00:00,2166.7,83.80,355.6,14.03,383.2,15.5,614.2,0.0589,0.78,225.0,135.0,15.4
2025-05-22T06:52:00+00:00,2169.3,82.49,360.5,13.73,382.0,15.0,586.2,0.0646,0.84,225.0,135.0,15.3
2025-05-22T06:53:00+00:00,2152.4,82.67,346.1,13.74,366.1,17.5,554.4,0.0592,0.80,225.0,135.0,14.9
2025-05-22T06:54:00+00:00,1870.8,83.85,355.7,14.01,373.9,18.6,562.5,0.0579,0.86,225.0,135.0,14.2
2025-05-22T06:55:00+00:00,2088.6,80.45,339.2,13.77,379.6,16.3,581.8,0.0666,0.76,225.0,135.0,14.9
2025-05-22T06:56:00+00:00,2011.3,78.79,355.1,14.10,360.6,18.5,602.4,0.0614,0.84,225.0,135.0,14.1
2025-05-22T06:57:00+00:00,1954.1,79.83,346.8,13.82,379.8,19.0,671.3,0.0719,0.88,225.0,135.0,14.6
2025-05-22T06:58:00+00:00,2033.2,80.31,353.4,13.73,393.7,20.7,588.0,0.0647,0.83,225.0,135.0,15.0
2025-05-22T06:59:00+00:00,2036.4,81.23,344.9,13.89,380.2,15.9,623.9,0.0581,0.78,225.0,135.0,15.8
2025-05-22T07:00:00+00:00,2147.3,78.99,348.3,13.60,385.6,19.2,640.7,0.0585,0.75,225.0,135.0,14.9
2025-05-22T07:01:00+00:00,1943.4,82.68,344.2,13.78,392.0,18.3,568.4,0.0578,0.79,225.0,135.0,15.1
2025-05-22T07:02:00+00:00,2110.1,81.76,352.9,13.83,381.0,18.0,625.5,0.0600,0.76,225.0,135.0,13.6
2025-05-22T07:03:00+00:00,2052.8,80.61,341.9,13.90,391.5,18.1,577.2,0.0588,0.83,225.0,135.0,14.0
2025-05-22T07:04:00+00:00,2183.7,82.87,355.4,13.94,398.8,19.1,584.8,0.0592,0.80,225.0,135.0,14.2
2025-05-22T07:05:00+00:00,2547.9,85.08,345.9,13.76,402.5,17.8,586.8,0.0622,0.85,225.0,135.0,14.5
2025-05-22T07:06:00+00:00,2479.1,81.80,345.4,13.95,397.2,17.1,637.6,0.0650,0.84,225.0,135.0,14.5
2025-05-22T07:07:00+00:00,2215.2,80.08,344.5,14.00,391.8,15.5,672.3,0.0599,0.81,225.0,135.0,12.8
2025-05-22T07:08:00+00:00,1954.3,82.78,334.9,13.64,380.7,19.5,658.8,0.0589,0.90,225.0,135.0,13.9
2025-05-22T07:09:00+00:00,2046.7,80.65,342.0,13.82,360.0,15.9,620.2,0.0582,0.78,225.0,135.0,14.9
2025-05-22T07:10:00+00:00,2431.4,84.05,361.3,13.84,408.0,19.8,605.3,0.0606,0.80,225.0,135.0,15.2
2025-05-22T07:11:00+00:00,2237.0,82.18,360.4,13.72,382.4,15.5,584.5,0.0608,0.84,225.0,135.0,14.2
2025-05-22T07:12:00+00:00,1976.8,80.46,356.6,13.81,367.7,16.9,635.6,0.0581,0.81,225.0,135.0,14.9
2025-05-22T07:13:00+00:00,2001.6,80.79,350.7,13.96,377.8,18.1,582.7,0.0589,0.87,225.0,135.0,13.0
2025-05-22T07:14:00+00:00,1907.4,82.41,358.1,14.04,381.7,15.6,584.2,0.0582,0.82,225.0,135.0,14.7
2025-05-22T07:15:00+00:00,2109.0,82.42,331.2,14.04,396.6,17.6,621.6,0.0596,0.87,225.0,135.0,17.0
2025-05-22T07:16:00+00:00,2439.0,83.58,341.3,13.94,381.2,18.8,612.4,0.0645,0.81,225.0,135.0,14.9
2025-05-22T07:17:00+00:00,2047.9,83.41,346.1,13.88,395.4,17.7,598.4,0.0616,0.86,225.0,135.0,14.6
2025-05-22T07:18:00+00:00,1936.6,83.88,345.5,13.68,404.6,15.2,690.4,0.0602,0.82,225.0,135.0,15.6
2025-05-22T07:19:00+00:00,2008.8,84.27,353.8,13.71,388.4,18.1,606.4,0.0631,0.78,225.0,135.0,14.5
2025-05-22T07:20:00+00:00,2100.7,83.63,345.9,13.69,391.7,16.7,568.3,0.0589,0.83,225.0,135.0,14.4
2025-05-22T07:21:00+00:00,2232.9,81.83,338.0,14.04,388.0,19.5,586.7,0.0595,0.80,225.0,135.0,15.6
2025-05-22T07:22:00+00:00,1955.0,82.19,351.8,13.72,376.9,19.2,602.2,0.0651,0.82,225.0,135.0,15.0
2025-05-22T07:23:00+00:00,2452.0,82.77,347.5,13.57,389.1,19.1,656.1,0.0735,0.85,225.0,135.0,14.8
2025-05-22T07:24:00+00:00,2187.0,82.43,343.9,13.68,378.0,17.9,644.0,0.0655,0.75,225.0,135.0,15.4
2025-05-22T07:25:00+00:00,1979.0,83.65,338.3,13.78,376.2,19.4,577.3,0.0587,0.87,225.0,135.0,14.2
2025-05-22T07:26:00+00:00,1904.0,82.59,346.2,13.45,379.8,17.9,591.4,0.0619,0.84,225.0,135.0,15.1
2025-05-22T07:27:00+00:00,1972.7,82.40,348.9,13.94,371.8,19.4,584.8,0.0585,0.75,225.0,135.0,13.1
2025-05-22T07:28:00+00:00,2502.1,83.72,346.3,13.91,400.7,18.2,618.0,0.0615,0.87,225.0,135.0,16.2
2025-05-22T07:29:00+00:00,2114.5,82.77,358.7,13.51,375.6,17.2,575.7,0.0590,0.82,225.0,135.0,13.6
2025-05-22T07:30:00+00:00,2454.2,83.74,354.9,13.55,368.2,16.0,608.1,0.0603,0.76,225.0,135.0,13.5
2025-05-22T07:31:00+00:00,2499.3,82.70,344.4,13.85,399.8,14.2,640.1,0.0636,0.79,225.0,135.0,15.3
2025-05-22T07:32:00+00:00,1948.1,81.88,338.7,13.63,359.8,18.1,646.9,0.0583,0.83,225.0,135.0,15.9
2025-05-22T07:33:00+00:00,1971.7,81.55,357.4,13.89,386.2,18.3,615.3,0.0581,0.78,225.0,135.0,13.9
2025-05-22T07:34:00+00:00,1992.6,82.59,360.0,13.86,374.0,17.3,657.1,0.0620,0.91,225.0,135.0,15.2
2025-05-22T07:35:00+00:00,2031.7,81.57,349.0,13.47,380.0,17.6,629.4,0.0582,0.78,225.0,135.0,13.9
2025-05-22T07:36:00+00:00,1903.6,81.73,347.8,14.13,396.6,17.1,604.6,0.0610,0.87,225.0,135.0,15.3
2025-05-22T07:37:00+00:00,2029.6,81.78,350.8,13.87,401.8,18.8,635.4,0.0585,0.80,225.0,135.0,13.4
2025-05-22T07:38:00+00:00,2070.1,82.41,353.3,13.82,370.7,17.2,616.1,0.0585,0.81,225.0,135.0,12.7
2025-05-22T07:39:00+00:00,2192.3,82.06,347.0,13.76,403.9,17.5,657.5,0.0638,0.77,225.0,135.0,14.4
2025-05-22T07:40:00+00:00,1838.8,81.12,340.4,13.70,384.3,17.8,590.3,0.0570,0.77,225.0,135.0,13.4
2025-05-22T07:41:00+00:00,2187.5,82.14,341.6,13.66,388.0,18.0,595.0,0.0596,0.85,225.0,135.0,14.9
2025-05-22T07:42:00+00:00,1918.1,85.06,344.0,13.81,372.2,17.7,622.1,0.0589,0.90,225.0,135.0,14.9
2025-05-22T07:43:00+00:00,1850.1,79.28,351.1,13.70,364.5,16.5,602.6,0.0580,0.85,225.0,135.0,15.3
2025-05-22T07:44:00+00:00,1777.4,84.27,342.0,13.86,348.0,16.8,590.7,0.0581,0.89,225.0,135.0,15.0
2025-05-22T07:45:00+00:00,1938.7,80.79,363.9,13.78,377.8,20.1,600.7,0.0585,0.86,225.0,135.0,14.0
2025-05-22T07:46:00+00:00,1976.0,79.40,340.3,13.76,378.8,17.4,626.9,0.0583,0.81,225.0,135.0,13.9
2025-05-22T07:47:00+00:00,2031.7,86.19,349.2,13.80,390.6,17.7,669.3,0.0661,0.84,225.0,135.0,14.3
2025-05-22T07:48:00+00:00,2123.3,82.47,346.5,13.77,387.2,18.4,619.1,0.0678,0.83,225.0,135.0,15.3
2025-05-22T07:49:00+00:00,1988.2,80.57,360.2,13.90,367.6,18.7,658.5,0.0580,0.79,225.0,135.0,15.4
2025-05-22T07:50:00+00:00,2164.4,84.43,340.0,14.07,405.5,20.5,608.9,0.0627,0.80,225.0,135.0,12.8
2025-05-22T07:51:00+00:00,1961.2,81.58,341.3,13.67,369.2,17.6,649.1,0.0605,0.77,225.0,135.0,13.0
2025-05-22T07:52:00+00:00,2038.5,83.65,334.9,13.72,367.4,19.1,580.8,0.0590,0.86,225.0,135.0,15.6
2025-05-22T07:53:00+00:00,2027.4,79.63,346.7,13.87,361.1,17.8,603.5,0.0582,0.78,225.0,135.0,12.8
2025-05-22T07:54:00+00:00,2080.6,84.20,344.2,13.62,383.3,15.6,590.6,0.0589,0.81,225.0,135.0,15.9
2025-05-22T07:55:00+00:00,1832.7,80.74,356.7,13.57,374.5,18.2,580.7,0.0582,0.69,225.0,135.0,13.5
2025-05-22T07:56:00+00:00,1787.7,80.60,358.7,13.82,386.6,18.3,624.9,0.0575,0.83,225.0,135.0,14.2
2025-05-22T07:57:00+00:00,2052.7,82.54,346.8,13.83,376.6,18.0,565.1,0.0677,0.75,225.0,135.0,14.7
2025-05-22T07:58:00+00:00,1981.2,82.88,339.4,13.84,393.2,16.5,611.3,0.0592,0.81,225.0,135.0,16.2
2025-05-22T07:59:00+00:00,2044.8,84.61,346.3,13.67,373.0,19.8,586.2,0.0581,0.76,225.0,135.0,14.9
2025-05-22T08:00:00+00:00,2158.2,81.83,351.8,13.68,380.5,17.2,638.4,0.0602,0.80,225.0,135.0,14.2
2025-05-22T08:01:00+00:00,1979.7,80.78,345.1,14.07,375.5,18.0,573.7,0.0656,0.85,225.0,135.0,15.4
2025-05-22T08:02:00+00:00,2038.8,83.22,340.7,13.91,391.3,16.6,632.6,0.0579,0.74,225.0,135.0,15.3
2025-05-22T08:03:00+00:00,1995.4,83.32,330.7,13.74,368.0,17.3,643.9,0.0581,0.79,225.0,135.0,14.8
2025-05-22T08:04:00+00:00,2139.5,81.78,352.8,13.86,404.8,18.3,607.8,0.0592,0.81,225.0,135.0,16.0
2025-05-22T08:05:00+00:00,1985.5,84.64,356.3,13.78,392.7,20.6,629.5,0.0584,0.82,225.0,135.0,15.1
2025-05-22T08:06:00+00:00,2098.9,83.35,363.3,13.69,392.7,19.9,579.5,0.0634,0.81,225.0,135.0,13.9
2025-05-22T08:07:00+00:00,1959.7,85.65,354.3,13.70,362.8,19.0,612.6,0.0587,0.87,225.0,135.0,15.1
2025-05-22T08:08:00+00:00,2031.7,81.59,350.2,13.87,384.3,16.7,604.1,0.0583,0.79,225.0,135.0,15.2
2025-05-22T08:09:00+00:00,1942.1,83.06,359.1,13.72,358.8,15.9,649.1,0.0575,0.76,225.0,135.0,15.5
2025-05-22T08:10:00+00:00,1948.1,83.52,351.6,13.81,379.0,15.9,611.2,0.0582,0.84,225.0,135.0,15.6
2025-05-22T08:11:00+00:00,2097.6,81.57,341.1,13.66,380.0,16.3,529.0,0.0602,0.74,225.0,135.0,13.2
2025-05-22T08:12:00+00:00,1949.8,83.71,361.3,13.62,372.3,17.1,574.6,0.0580,0.81,225.0,135.0,13.6
2025-05-22T08:13:00+00:00,1867.9,81.15,358.0,13.53,386.3,17.4,660.2,0.0600,0.76,225.0,135.0,17.2
2025-05-22T08:14:00+00:00,1937.6,84.59,350.9,13.63,409.3,16.5,617.9,0.0583,0.85,225.0,135.0,16.0
2025-05-22T08:15:00+00:00,1962.3,82.83,341.8,13.89,393.2,17.9,635.8,0.0623,0.78,225.0,135.0,16.3
2025-05-22T08:16:00+00:00,2000.0,83.68,350.7,13.86,376.2,17.2,600.6,0.0584,0.82,225.0,135.0,14.2
2025-05-22T08:17:00+00:00,2061.9,81.34,352.3,13.97,397.7,17.8,575.7,0.0591,0.86,225.0,135.0,14.2
2025-05-22T08:18:00+00:00,2182.5,78.95,349.6,13.78,404.9,18.6,638.8,0.0691,0.86,225.0,135.0,14.9
2025-05-22T08:19:00+00:00,2278.5,82.01,355.5,13.98,383.4,18.2,580.1,0.0605,0.83,225.0,135.0,15.9
2025-05-22T08:20:00+00:00,884.1,78.48,359.0,13.95,354.6,17.7,560.8,0.0522,0.77,225.0,135.0,13.7
2025-05-22T08:21:00+00:00,1064.0,78.43,360.6,13.67,353.0,15.9,548.9,0.0536,0.85,225.0,135.0,15.3
2025-05-22T08:22:00+00:00,1012.2,80.54,348.9,13.55,353.2,14.7,629.6,0.0534,0.84,225.0,135.0,12.7
2025-05-22T08:23:00+00:00,1080.0,80.18,374.7,13.66,338.8,19.3,548.7,0.0555,0.81,225.0,135.0,13.9
2025-05-22T08:24:00+00:00,1057.1,79.58,372.8,13.95,354.1,18.0,599.1,0.0535,0.84,225.0,135.0,15.4
2025-05-22T08:25:00+00:00,938.9,78.88,373.3,13.62,330.7,17.6,590.8,0.0575,0.81,225.0,135.0,13.0
2025-05-22T08:26:00+00:00,1045.4,79.38,340.4,13.82,340.0,17.6,565.1,0.0579,0.84,225.0,135.0,13.6
2025-05-22T08:27:00+00:00,1028.5,77.11,349.1,13.71,343.3,16.1,568.3,0.0588,0.77,225.0,135.0,13.9
2025-05-22T08:28:00+00:00,937.8,78.57,365.6,13.58,348.6,16.3,566.3,0.0524,0.79,225.0,135.0,13.7
2025-05-22T08:29:00+00:00,981.3,77.55,360.8,13.88,339.9,16.5,548.4,0.0536,0.70,225.0,135.0,15.3
2025-05-22T08:30:00+00:00,900.9,77.10,370.4,13.89,337.6,16.9,553.3,0.0523,0.80,225.0,135.0,14.2
2025-05-22T08:31:00+00:00,823.8,80.97,352.6,13.82,351.1,17.4,548.9,0.0517,0.76,225.0,135.0,13.2
2025-05-22T14:00:00+00:00,1066.2,80.98,362.8,13.57,351.3,18.2,510.1,0.0566,0.71,225.0,135.0,13.8
2025-05-22T14:01:00+00:00,983.0,79.77,375.2,13.95,359.5,16.8,575.6,0.0539,0.91,225.0,135.0,16.4
2025-05-22T14:02:00+00:00,957.5,76.69,352.2,13.66,331.4,17.5,542.4,0.0526,0.79,225.0,135.0,12.9
2025-05-22T14:03:00+00:00,927.5,75.41,354.6,13.53,349.9,17.2,557.8,0.0579,0.83,225.0,135.0,15.9
2025-05-22T14:04:00+00:00,863.7,79.84,365.1,13.70,343.5,16.6,539.9,0.0564,0.81,225.0,135.0,15.8
2025-05-22T14:05:00+00:00,895.0,77.42,350.5,13.96,372.8,17.2,580.4,0.0617,0.81,225.0,135.0,13.4
2025-05-22T14:06:00+00:00,989.2,79.90,367.8,13.87,338.4,16.8,550.7,0.0535,0.84,225.0,135.0,15.1
2025-05-22T14:07:00+00:00,986.2,80.12,349.0,14.12,365.1,16.2,614.2,0.0553,0.87,225.0,135.0,14.2
2025-05-22T14:08:00+00:00,1064.2,79.63,348.2,13.89,368.2,20.5,535.5,0.0540,0.89,225.0,135.0,15.5
2025-05-22T14:09:00+00:00,1088.8,76.91,361.8,13.58,343.5,18.6,557.9,0.0530,0.77,225.0,135.0,14.5
2025-05-22T14:10:00+00:00,1023.3,81.40,365.4,13.89,350.8,14.3,527.3,0.0595,0.86,225.0,135.0,15.3
2025-05-22T14:11:00+00:00,1057.7,80.62,360.4,13.96,343.9,17.7,534.9,0.0589,0.78,225.0,135.0,15.7
2025-05-22T14:12:00+00:00,1020.9,77.37,359.2,13.91,339.5,17.1,556.7,0.0555,0.91,225.0,135.0,14.6
2025-05-22T14:13:00+00:00,966.2,78.59,361.2,13.68,347.1,17.6,609.4,0.0589,0.80,225.0,135.0,14.3
2025-05-22T14:14:00+00:00,1875.5,80.89,335.7,13.76,374.1,18.8,563.8,0.0578,0.83,225.0,135.0,12.9
2025-05-22T14:15:00+00:00,1988.4,86.04,351.4,13.75,401.1,17.7,584.4,0.0617,0.83,225.0,135.0,13.3
2025-05-22T14:16:00+00:00,1968.3,83.32,358.8,13.47,384.6,17.7,615.6,0.0588,0.88,225.0,135.0,14.5
2025-05-22T14:17:00+00:00,2103.6,83.15,339.2,13.51,396.1,17.5,650.0,0.0619,0.80,225.0,135.0,13.2
2025-05-22T14:18:00+00:00,1972.0,84.12,358.3,13.76,363.6,19.1,663.8,0.0597,0.86,225.0,135.0,14.1
2025-05-22T14:19:00+00:00,1962.9,83.03,352.3,14.00,397.5,16.7,557.4,0.0573,0.74,225.0,135.0,14.4
2025-05-22T14:20:00+00:00,2024.3,79.49,354.4,13.87,373.1,18.7,558.8,0.0583,0.79,225.0,135.0,14.2
2025-05-22T14:21:00+00:00,2073.6,80.12,352.8,13.88,372.2,19.6,614.6,0.0584,0.77,225.0,135.0,15.5
2025-05-22T14:22:00+00:00,2081.6,80.74,351.7,13.82,357.1,17.9,602.4,0.0587,0.82,225.0,135.0,15.0
2025-05-22T14:23:00+00:00,1932.8,82.60,337.1,14.05,376.4,16.8,583.4,0.0578,0.79,225.0,135.0,12.3
2025-05-22T14:24:00+00:00,1874.5,82.44,335.8,13.83,389.2,18.8,512.0,0.0607,0.81,225.0,135.0,14.7
2025-05-22T14:25:00+00:00,1957.7,83.81,349.7,13.89,386.1,18.9,649.6,0.0730,0.82,225.0,135.0,14.2
2025-05-22T14:26:00+00:00,2166.3,82.01,339.1,14.16,394.9,14.4,664.4,0.0603,0.79,225.0,135.0,15.6
2025-05-22T14:27:00+00:00,1913.5,81.82,342.3,13.71,373.5,16.7,610.1,0.0632,0.78,225.0,135.0,15.1
2025-05-22T14:28:00+00:00,2035.2,84.82,347.8,13.55,350.9,16.6,606.0,0.0646,0.80,225.0,135.0,14.8
2025-05-22T14:29:00+00:00,2102.6,80.48,339.6,13.88,380.4,20.3,604.6,0.0585,0.79,225.0,135.0,12.5
2025-05-22T14:30:00+00:00,2093.1,83.92,351.6,13.70,389.9,19.1,630.7,0.0592,0.84,225.0,135.0,15.7
2025-05-22T14:31:00+00:00,2066.2,83.43,344.9,13.88,376.1,17.7,591.8,0.0588,0.83,225.0,135.0,13.7
2025-05-22T14:32:00+00:00,2036.6,82.33,350.1,14.03,375.3,18.4,565.5,0.0635,0.80,225.0,135.0,15.2
2025-05-22T14:33:00+00:00,1826.8,81.53,344.7,13.92,397.7,18.1,561.2,0.0598,0.73,225.0,135.0,14.9
2025-05-22T14:34:00+00:00,1873.1,80.23,346.8,13.87,350.1,15.6,542.8,0.0588,0.92,225.0,135.0,15.1
2025-05-22T14:35:00+00:00,1989.4,79.91,351.9,13.55,374.9,16.9,592.7,0.0584,0.84,225.0,135.0,16.7
2025-05-22T14:36:00+00:00,2066.1,80.18,339.1,14.07,389.3,16.1,564.1,0.0655,0.89,225.0,135.0,13.4
2025-05-22T14:37:00+00:00,2191.9,83.29,358.0,13.85,413.7,19.8,603.3,0.0606,0.77,225.0,135.0,13.9
2025-05-22T14:38:00+00:00,2141.9,83.53,343.3,13.75,364.6,14.3,611.0,0.0614,0.82,225.0,135.0,14.8
2025-05-22T14:39:00+00:00,2209.7,82.72,354.9,13.91,403.2,19.0,637.5,0.0603,0.89,225.0,135.0,14.3
2025-05-22T14:40:00+00:00,2361.2,81.39,345.4,13.63,371.3,16.1,649.0,0.0603,0.82,225.0,135.0,13.9
2025-05-22T14:41:00+00:00,2201.1,80.92,353.6,13.92,376.3,20.2,657.6,0.0592,0.79,225.0,135.0,16.5
2025-05-22T14:42:00+00:00,1911.8,82.82,341.7,14.00,371.6,19.5,608.2,0.0591,0.86,225.0,135.0,14.2
2025-05-22T14:43:00+00:00,2060.6,80.73,348.8,13.95,376.0,17.4,606.4,0.0677,0.82,225.0,135.0,15.6
2025-05-22T14:44:00+00:00,1910.6,79.50,349.7,13.66,409.1,17.0,639.1,0.0581,0.84,225.0,135.0,14.2
2025-05-22T14:45:00+00:00,2134.7,80.98,338.2,13.61,387.3,18.5,633.9,0.0598,0.88,225.0,135.0,14.9
2025-05-22T14:46:00+00:00,2292.4,84.45,338.5,13.72,401.2,14.6,576.5,0.0589,0.72,225.0,135.0,14.8
2025-05-22T14:47:00+00:00,1800.8,83.04,346.0,13.79,385.0,19.3,613.8,0.0573,0.80,225.0,135.0,13.9
2025-05-22T14:48:00+00:00,2178.3,82.12,357.6,13.64,382.9,19.5,618.9,0.0599,0.86,225.0,135.0,16.1
2025-05-22T14:49:00+00:00,2058.8,82.66,357.0,13.57,367.5,16.1,552.9,0.0587,0.81,225.0,135.0,14.5
2025-05-22T14:50:00+00:00,1979.5,80.88,352.0,13.81,378.2,18.1,584.9,0.0578,0.77,225.0,135.0,14.2
2025-05-22T14:51:00+00:00,1871.1,80.65,337.1,13.71,401.6,18.5,548.8,0.0574,0.79,225.0,135.0,15.6
2025-05-22T14:52:00+00:00,1917.7,81.16,365.8,13.83,387.9,16.8,603.1,0.0636,0.76,225.0,135.0,15.9
2025-05-22T14:53:00+00:00,1939.3,83.09,347.2,13.90,384.6,15.9,556.7,0.0631,0.82,225.0,135.0,13.8
2025-05-22T14:54:00+00:00,2003.5,82.02,346.9,13.84,363.7,20.3,575.7,0.0590,0.88,225.0,135.0,15.3
2025-05-22T14:55:00+00:00,2047.5,82.42,360.9,13.36,378.7,17.9,561.2,0.0605,0.78,225.0,135.0,15.4
2025-05-22T14:56:00+00:00,2233.9,82.23,341.9,13.70,375.3,16.7,583.1,0.0628,0.87,225.0,135.0,16.3
2025-05-22T14:57:00+00:00,2033.1,83.50,348.8,13.88,372.3,16.4,607.5,0.0613,0.83,225.0,135.0,15.6
2025-05-22T14:58:00+00:00,2027.6,84.64,338.9,13.41,351.3,17.7,630.4,0.0591,0.88,225.0,135.0,14.4
2025-05-22T14:59:00+00:00,1957.7,82.66,345.6,13.76,375.9,19.3,581.7,0.0592,0.92,225.0,135.0,15.9
2025-05-22T15:00:00+00:00,1990.9,81.56,344.9,13.77,379.3,18.9,635.5,0.0628,0.80,225.0,135.0,15.3
2025-05-22T15:01:00+00:00,2271.5,84.02,348.8,13.54,383.2,16.0,562.9,0.0594,0.78,225.0,135.0,15.8
2025-05-22T15:02:00+00:00,1911.0,81.16,349.7,13.88,383.0,15.7,578.3,0.0693,0.89,225.0,135.0,14.9
2025-05-22T15:03:00+00:00,2110.6,82.23,360.9,13.78,370.9,17.4,626.4,0.0686,0.83,225.0,135.0,15.0
2025-05-22T15:04:00+00:00,2036.2,80.67,335.6,13.59,383.0,18.2,603.7,0.0587,0.82,225.0,135.0,14.0
2025-05-22T15:05:00+00:00,1828.7,79.38,345.9,14.11,373.5,18.2,592.9,0.0583,0.82,225.0,135.0,14.6
2025-05-22T15:06:00+00:00,2082.5,82.99,339.6,14.10,382.2,18.2,637.8,0.0616,0.83,225.0,135.0,15.6
2025-05-22T15:07:00+00:00,2097.6,82.34,349.6,13.73,389.8,16.3,529.8,0.0589,0.81,225.0,135.0,15.8
2025-05-22T15:08:00+00:00,2015.7,81.80,354.7,13.75,392.2,18.2,632.0,0.0582,0.79,225.0,135.0,14.8
2025-05-22T15:09:00+00:00,1996.3,82.88,343.4,13.70,396.6,17.2,594.7,0.0624,0.87,225.0,135.0,14.2
2025-05-22T15:10:00+00:00,1992.0,81.24,359.9,13.65,387.6,15.9,586.6,0.0627,0.83,225.0,135.0,13.3
2025-05-22T15:11:00+00:00,1986.4,80.36,356.4,13.63,392.1,16.6,651.6,0.0628,0.78,225.0,135.0,13.9
2025-05-22T15:12:00+00:00,2441.5,84.24,340.8,13.88,384.7,19.3,582.2,0.0605,0.81,225.0,135.0,15.2
2025-05-22T15:13:00+00:00,2457.5,83.44,340.9,13.63,391.8,18.4,672.0,0.0610,0.77,225.0,135.0,14.2
2025-05-22T15:14:00+00:00,2370.7,88.34,338.6,13.70,381.1,18.0,604.1,0.0607,0.84,225.0,135.0,16.9
2025-05-22T15:15:00+00:00,2198.1,82.69,353.4,13.96,386.3,16.4,599.5,0.0589,0.75,225.0,135.0,13.8
2025-05-22T15:16:00+00:00,2094.4,81.38,348.1,13.63,371.1,16.9,593.1,0.0595,0.79,225.0,135.0,14.6
2025-05-22T15:17:00+00:00,2247.8,83.69,347.4,14.14,388.6,19.8,661.9,0.0589,0.73,225.0,135.0,15.0
2025-05-22T15:18:00+00:00,2027.3,84.10,351.6,13.76,380.9,16.4,609.0,0.0589,0.86,225.0,135.0,15.6
2025-05-22T15:19:00+00:00,2065.0,82.58,337.1,13.89,392.6,16.5,585.9,0.0624,0.81,225.0,135.0,12.9
2025-05-22T15:20:00+00:00,1979.0,83.56,350.9,13.93,388.7,19.8,599.6,0.0609,0.82,225.0,135.0,13.5
2025-05-22T15:21:00+00:00,2026.8,82.63,353.2,13.66,363.4,17.5,654.0,0.0588,0.81,225.0,135.0,16.5
2025-05-22T15:22:00+00:00,2539.8,85.75,330.0,13.72,403.0,16.8,634.5,0.0700,0.77,225.0,135.0,13.8
2025-05-22T15:23:00+00:00,2034.8,84.16,344.8,13.75,383.0,16.0,589.7,0.0577,0.74,225.0,135.0,15.0
2025-05-22T15:24:00+00:00,2110.4,81.77,344.1,13.72,396.0,17.5,620.7,0.0588,0.80,225.0,135.0,12.9
2025-05-22T15:25:00+00:00,1999.6,79.84,354.5,14.03,403.1,16.8,528.5,0.0593,0.83,225.0,135.0,15.2
2025-05-22T15:26:00+00:00,2547.3,83.03,333.9,13.86,417.2,18.9,641.2,0.0622,0.89,225.0,135.0,14.1
2025-05-22T15:27:00+00:00,1948.6,81.64,351.7,13.89,373.1,17.2,598.1,0.0639,0.85,225.0,135.0,15.4
2025-05-22T15:28:00+00:00,2470.1,81.71,348.2,13.94,409.7,19.3,591.2,0.0606,0.77,225.0,135.0,15.1
2025-05-22T15:29:00+00:00,1915.8,81.74,344.7,13.72,380.5,19.1,599.9,0.0586,0.83,225.0,135.0,14.1
2025-05-22T15:30:00+00:00,1942.4,83.14,336.7,13.73,408.4,18.0,640.3,0.0660,0.72,225.0,135.0,14.4
2025-05-22T15:31:00+00:00,2128.4,82.05,340.1,13.86,390.4,17.2,571.6,0.0592,0.82,225.0,135.0,16.0
2025-05-22T15:32:00+00:00,2446.4,84.77,350.6,13.86,412.2,16.3,571.7,0.0612,0.86,225.0,135.0,13.2
2025-05-22T15:33:00+00:00,2015.4,82.03,354.6,13.71,385.5,17.0,629.2,0.0585,0.82,225.0,135.0,14.2
2025-05-22T15:34:00+00:00,2469.2,82.10,340.6,13.78,380.2,17.0,629.0,0.0719,0.77,225.0,135.0,15.1
2025-05-22T15:35:00+00:00,1928.7,86.88,350.4,13.71,400.3,18.5,591.1,0.0581,0.82,225.0,135.0,14.7
2025-05-22T15:36:00+00:00,2131.5,79.58,337.9,13.83,378.3,16.9,589.3,0.0620,0.80,225.0,135.0,13.7
2025-05-22T15:37:00+00:00,1969.0,82.19,351.5,13.73,368.6,15.8,616.6,0.0585,0.79,225.0,135.0,17.8
2025-05-22T15:38:00+00:00,1952.7,81.46,351.4,13.91,375.8,16.5,605.1,0.0585,0.86,225.0,135.0,14.5
2025-05-22T15:39:00+00:00,2476.1,82.48,351.2,13.92,393.1,20.7,594.9,0.0614,0.87,225.0,135.0,13.6
2025-05-22T15:40:00+00:00,1948.4,82.88,349.6,14.19,384.4,17.5,609.7,0.0574,0.73,225.0,135.0,14.9
2025-05-22T15:41:00+00:00,1817.5,80.75,359.1,13.79,369.5,17.2,584.7,0.0720,0.83,225.0,135.0,15.0
2025-05-22T15:42:00+00:00,1897.5,81.59,360.3,13.74,377.2,21.3,513.3,0.0580,0.83,225.0,135.0,14.4
2025-05-22T15:43:00+00:00,1849.9,80.79,354.6,14.04,376.5,14.1,635.3,0.0575,0.81,225.0,135.0,14.7
2025-05-22T15:44:00+00:00,2009.4,79.90,337.6,13.69,401.5,17.8,624.9,0.0575,0.72,225.0,135.0,14.3
2025-05-22T15:45:00+00:00,1980.4,80.62,341.8,13.93,380.5,18.3,624.5,0.0597,0.84,225.0,135.0,15.7
2025-05-22T15:46:00+00:00,1837.4,80.24,337.2,13.90,368.8,19.2,613.5,0.0572,0.77,225.0,135.0,13.5
2025-05-22T15:47:00+00:00,2119.7,84.38,342.0,13.64,391.1,19.9,595.7,0.0610,0.72,225.0,135.0,14.7
2025-05-22T15:48:00+00:00,2059.1,82.61,354.9,13.85,397.9,19.1,589.4,0.0614,0.78,225.0,135.0,15.0
2025-05-22T15:49:00+00:00,2038.7,79.90,363.3,13.65,392.2,19.6,628.0,0.0659,0.79,225.0,135.0,12.8
2025-05-22T15:50:00+00:00,1950.4,82.58,336.4,14.16,398.7,16.2,622.8,0.0573,0.73,225.0,135.0,16.1
2025-05-22T15:51:00+00:00,2025.8,82.51,339.6,13.37,357.1,16.1,584.7,0.0582,0.80,225.0,135.0,14.2
2025-05-22T15:52:00+00:00,2047.5,81.26,343.3,14.01,374.5,16.7,571.0,0.0585,0.79,225.0,135.0,15.6
2025-05-22T15:53:00+00:00,2184.2,82.40,352.4,13.78,373.9,15.5,558.0,0.0611,0.90,225.0,135.0,14.6
2025-05-22T15:54:00+00:00,1853.6,79.95,342.4,13.72,380.3,19.8,555.7,0.0581,0.86,225.0,135.0,14.9
2025-05-22T15:55:00+00:00,2197.3,80.43,346.0,13.91,405.0,17.6,549.9,0.0635,0.79,225.0,135.0,14.7
2025-05-22T15:56:00+00:00,1998.9,82.45,336.1,13.50,376.2,16.4,563.3,0.0582,0.80,225.0,135.0,13.9
2025-05-22T15:57:00+00:00,1983.7,83.24,363.4,14.00,391.3,16.9,571.3,0.0577,0.76,225.0,135.0,16.9
2025-05-22T15:58:00+00:00,2095.7,82.63,344.6,13.88,378.6,16.9,625.4,0.0585,0.77,225.0,135.0,14.8
2025-05-22T15:59:00+00:00,2143.8,82.17,346.5,13.80,392.7,18.6,576.5,0.0618,0.86,225.0,135.0,15.0
2025-05-22T16:00:00+00:00,1937.0,83.35,356.8,13.86,380.3,18.1,573.8,0.0580,0.80,225.0,135.0,14.3
2025-05-22T16:01:00+00:00,2170.9,80.41,346.9,14.00,379.0,17.6,599.5,0.0603,0.76,225.0,135.0,13.9
2025-05-22T16:02:00+00:00,1948.6,83.46,350.9,13.42,409.6,16.6,613.1,0.0582,0.83,225.0,135.0,15.0
2025-05-22T16:03:00+00:00,2007.3,80.38,338.9,13.82,389.1,17.5,551.4,0.0622,0.75,225.0,135.0,14.2
2025-05-22T16:04:00+00:00,2066.4,83.46,347.6,13.94,382.9,19.2,640.5,0.0584,0.78,225.0,135.0,16.0
2025-05-22T16:05:00+00:00,2101.3,83.12,339.5,13.89,386.7,17.0,613.1,0.0715,0.81,225.0,135.0,14.1
2025-05-22T16:06:00+00:00,1723.1,82.36,343.7,13.83,373.4,17.9,614.5,0.0585,0.80,225.0,135.0,14.3
2025-05-22T16:07:00+00:00,1918.9,83.05,354.0,13.99,367.2,18.4,641.5,0.0579,0.75,225.0,135.0,17.1
2025-05-22T16:08:00+00:00,2073.8,80.41,344.2,14.00,377.0,17.5,585.9,0.0614,0.84,225.0,135.0,15.0
2025-05-22T16:09:00+00:00,2103.9,85.04,348.5,13.91,377.2,18.9,598.8,0.0635,0.90,225.0,135.0,14.3
2025-05-22T16:10:00+00:00,2055.9,81.06,343.2,13.58,413.3,18.8,615.7,0.0609,0.70,225.0,135.0,14.8
2025-05-22T16:11:00+00:00,2296.0,83.22,341.5,13.91,381.9,15.5,643.6,0.0598,0.78,225.0,135.0,14.3
2025-05-22T16:12:00+00:00,2064.4,83.75,339.1,13.94,386.3,18.5,615.6,0.0687,0.89,225.0,135.0,15.5
2025-05-22T16:13:00+00:00,2206.6,85.31,360.0,13.83,395.1,17.9,623.9,0.0635,0.77,225.0,135.0,14.1
2025-05-22T16:14:00+00:00,2031.8,84.23,353.6,13.98,399.3,19.5,598.6,0.0592,0.86,225.0,135.0,17.2
2025-05-22T16:15:00+00:00,2085.3,82.75,352.3,13.94,382.8,17.7,647.3,0.0662,0.77,225.0,135.0,15.2
2025-05-22T16:16:00+00:00,2089.8,83.71,342.5,13.83,374.2,13.9,643.4,0.0632,0.84,225.0,135.0,15.3
2025-05-22T16:17:00+00:00,1857.2,80.80,349.4,13.94,389.8,15.9,575.8,0.0591,0.86,225.0,135.0,13.0
2025-05-22T16:18:00+00:00,1890.0,81.94,351.0,13.61,400.7,16.4,589.9,0.0576,0.79,225.0,135.0,16.0
2025-05-22T16:19:00+00:00,2125.0,82.95,349.2,13.87,406.7,20.1,585.8,0.0598,0.88,225.0,135.0,15.1
2025-05-22T16:20:00+00:00,1991.2,82.81,351.7,13.73,369.0,18.2,584.5,0.0619,0.89,225.0,135.0,14.1
2025-05-22T16:21:00+00:00,2127.6,82.93,349.8,13.68,377.7,17.1,605.7,0.0594,0.85,225.0,135.0,12.5
2025-05-22T16:22:00+00:00,1982.8,80.04,340.9,13.88,357.7,19.4,528.7,0.0634,0.84,225.0,135.0,15.4
2025-05-22T16:23:00+00:00,2021.0,84.57,350.2,13.95,377.6,19.9,562.9,0.0619,0.77,225.0,135.0,14.8
2025-05-22T16:24:00+00:00,2048.5,84.14,357.5,13.70,381.2,18.1,650.5,0.0658,0.76,225.0,135.0,16.8
2025-05-22T16:25:00+00:00,2119.0,82.52,336.2,13.52,382.6,19.5,602.8,0.0583,0.74,225.0,135.0,15.4
2025-05-22T16:26:00+00:00,2026.1,81.98,344.6,13.85,374.4,16.8,617.1,0.0607,0.86,225.0,135.0,14.2
2025-05-22T16:27:00+00:00,1958.6,81.22,361.9,13.90,398.5,19.0,556.8,0.0574,0.75,225.0,135.0,16.0
2025-05-22T16:28:00+00:00,2096.3,81.77,356.5,13.75,372.2,18.4,610.1,0.0586,0.80,225.0,135.0,16.9
2025-05-22T16:29:00+00:00,1919.8,80.00,353.9,13.63,387.4,19.0,610.1,0.0580,0.83,225.0,135.0,14.8
2025-05-22T16:30:00+00:00,2166.8,82.05,336.1,13.45,397.2,17.8,516.1,0.0590,0.79,225.0,135.0,13.5
2025-05-22T16:31:00+00:00,2004.0,82.84,350.8,13.83,381.8,17.9,609.0,0.0599,0.85,225.0,135.0,13.8
2025-05-22T16:32:00+00:00,2078.2,83.23,350.5,13.74,367.5,17.7,575.4,0.0589,0.83,225.0,135.0,14.9
2025-05-22T16:33:00+00:00,1817.5,81.06,342.2,13.69,387.6,15.7,553.6,0.0571,0.78,225.0,135.0,14.0
2025-05-22T16:34:00+00:00,1907.8,80.55,354.6,13.80,381.6,17.6,586.4,0.0571,0.75,225.0,135.0,13.9
2025-05-22T16:35:00+00:00,2140.6,83.34,352.0,13.95,389.3,15.8,623.8,0.0592,0.82,225.0,135.0,14.2
2025-05-22T16:36:00+00:00,2010.9,81.64,346.8,13.63,360.0,16.2,587.2,0.0647,0.81,225.0,135.0,14.0
2025-05-22T16:37:00+00:00,2026.6,81.40,347.5,13.87,382.6,18.8,643.1,0.0587,0.83,225.0,135.0,12.9
2025-05-22T16:38:00+00:00,1978.6,82.99,354.4,13.89,370.4,16.9,594.2,0.0579,0.78,225.0,135.0,13.9
2025-05-22T16:39:00+00:00,1033.2,77.11,349.3,13.75,333.6,19.9,574.2,0.0571,0.80,225.0,135.0,15.0
2025-05-22T16:40:00+00:00,895.9,77.09,352.7,13.59,348.9,18.2,515.3,0.0524,0.80,225.0,135.0,13.3
2025-05-22T16:41:00+00:00,996.7,77.60,341.4,13.83,331.5,20.7,611.1,0.0530,0.83,225.0,135.0,15.2
2025-05-22T16:42:00+00:00,1021.3,78.69,366.6,13.68,357.7,19.3,537.0,0.0532,0.83,225.0,135.0,14.9
2025-05-22T16:43:00+00:00,1062.1,79.20,357.2,13.78,344.8,17.2,504.2,0.0552,0.82,225.0,135.0,14.5
2025-05-22T16:44:00+00:00,858.8,79.06,350.8,13.78,369.9,19.3,577.0,0.0571,0.83,225.0,135.0,14.8
2025-05-22T16:45:00+00:00,909.9,79.44,360.4,13.59,349.2,18.7,562.6,0.0545,0.88,225.0,135.0,15.0
2025-05-22T16:46:00+00:00,1170.5,78.33,353.4,13.83,334.4,19.1,576.9,0.0536,0.78,225.0,135.0,14.0
2025-05-22T16:47:00+00:00,1109.1,78.28,355.3,13.80,369.5,18.1,534.3,0.0538,0.86,225.0,135.0,15.5
2025-05-22T16:48:00+00:00,987.4,78.59,356.5,13.80,334.6,19.6,590.3,0.0537,0.78,225.0,135.0,15.0
2025-05-22T16:49:00+00:00,1142.1,78.96,359.2,13.77,331.0,19.0,590.1,0.0617,0.92,225.0,135.0,15.8
2025-05-22T16:50:00+00:00,1090.1,78.88,352.8,13.82,366.3,15.3,553.2,0.0559,0.77,225.0,135.0,14.7
2025-05-22T16:51:00+00:00,1028.1,80.51,348.4,13.67,352.8,18.0,545.2,0.0528,0.79,225.0,135.0,16.7
2025-05-23T06:00:00+00:00,1122.8,75.97,362.7,13.93,368.0,17.8,534.1,0.0489,0.32,319.1,229.1,7.6
2025-05-23T06:01:00+00:00,1080.1,79.89,355.7,13.74,361.6,17.5,549.3,0.0499,0.46,319.1,229.1,8.3
2025-05-23T06:02:00+00:00,947.8,79.47,347.6,13.86,349.7,17.7,517.4,0.0486,0.39,319.1,229.1,6.1
2025-05-23T06:03:00+00:00,906.9,77.47,348.3,13.80,353.5,18.7,569.5,0.0527,0.32,319.1,229.1,5.9
2025-05-23T06:04:00+00:00,932.9,79.65,351.3,13.81,362.1,19.6,612.3,0.0484,0.38,319.1,229.1,7.2
2025-05-23T06:05:00+00:00,909.8,77.86,360.1,14.02,331.0,17.7,523.4,0.0487,0.44,319.1,229.1,7.5
2025-05-23T06:06:00+00:00,1006.0,79.06,354.0,13.75,379.1,18.1,593.3,0.0489,0.40,319.1,229.1,9.5
2025-05-23T06:07:00+00:00,1084.6,77.24,368.2,13.56,359.6,18.0,547.3,0.0512,0.34,319.1,229.1,7.0
2025-05-23T06:08:00+00:00,1064.7,79.70,352.4,13.99,372.7,19.0,571.1,0.0483,0.30,319.1,229.1,7.4
2025-05-23T06:09:00+00:00,1031.4,78.89,347.2,13.96,341.9,17.1,581.6,0.0506,0.40,319.1,229.1,5.3
2025-05-23T06:10:00+00:00,964.4,79.53,356.8,13.77,340.1,18.6,571.8,0.0488,0.43,319.1,229.1,6.2
2025-05-23T06:11:00+00:00,845.9,74.84,357.9,13.48,343.3,17.9,575.2,0.0472,0.31,319.1,229.1,7.1
2025-05-23T06:12:00+00:00,908.5,77.62,362.5,13.75,340.1,19.2,633.0,0.0481,0.37,319.1,229.1,8.0
2025-05-23T06:13:00+00:00,933.9,77.06,357.2,13.89,338.8,14.3,579.7,0.0484,0.40,319.1,229.1,6.6
2025-05-23T06:14:00+00:00,2015.3,82.58,344.8,13.69,405.2,18.5,573.6,0.0542,0.38,319.1,229.1,6.5
2025-05-23T06:15:00+00:00,1878.1,81.76,356.5,13.79,386.9,17.6,629.4,0.0556,0.38,319.1,229.1,8.2
2025-05-23T06:16:00+00:00,2012.8,83.23,358.4,13.68,388.5,17.3,619.0,0.0557,0.37,319.1,229.1,7.2
2025-05-23T06:17:00+00:00,2005.4,82.51,357.1,13.87,383.8,17.7,609.0,0.0535,0.33,319.1,229.1,8.1
2025-05-23T06:18:00+00:00,2230.4,81.07,340.1,13.76,368.0,17.8,596.5,0.0549,0.35,319.1,229.1,7.2
2025-05-23T06:19:00+00:00,2115.5,80.99,341.6,13.85,383.6,22.1,613.3,0.0577,0.35,319.1,229.1,8.6
2025-05-23T06:20:00+00:00,1900.4,82.27,364.7,13.93,378.0,16.9,611.3,0.0533,0.36,319.1,229.1,8.0
2025-05-23T06:21:00+00:00,1861.9,80.67,345.1,13.90,376.4,14.9,596.6,0.0529,0.33,319.1,229.1,5.3
2025-05-23T06:22:00+00:00,2063.1,82.42,349.0,13.78,395.5,18.0,621.6,0.0571,0.33,319.1,229.1,9.2
2025-05-23T06:23:00+00:00,1997.0,81.09,346.0,13.78,398.0,17.6,648.7,0.0551,0.32,319.1,229.1,8.3
2025-05-23T06:24:00+00:00,1898.3,81.30,345.8,14.05,360.2,19.4,594.4,0.0593,0.46,319.1,229.1,7.4
2025-05-23T06:25:00+00:00,1843.4,80.72,358.2,13.83,373.9,13.4,548.2,0.0584,0.34,319.1,229.1,6.2
2025-05-23T06:26:00+00:00,1953.0,82.00,344.9,13.79,367.6,18.1,559.1,0.0549,0.27,319.1,229.1,8.1
2025-05-23T06:27:00+00:00,2030.5,81.54,349.3,13.50,411.3,16.9,591.5,0.0644,0.39,319.1,229.1,7.5
2025-05-23T06:28:00+00:00,1923.8,80.14,363.9,13.88,388.5,17.2,591.6,0.0539,0.41,319.1,229.1,6.8
2025-05-23T06:29:00+00:00,2083.5,81.60,354.5,13.52,360.8,15.6,613.7,0.0540,0.34,319.1,229.1,7.6
2025-05-23T06:30:00+00:00,1966.4,81.26,338.3,13.93,377.7,18.7,631.9,0.0570,0.35,319.1,229.1,7.1
2025-05-23T06:31:00+00:00,1913.5,80.34,347.5,13.58,361.0,17.1,620.4,0.0562,0.41,319.1,229.1,7.2
2025-05-23T06:32:00+00:00,2048.8,81.58,342.1,13.73,392.7,18.1,624.5,0.0610,0.31,319.1,229.1,8.6
2025-05-23T06:33:00+00:00,1981.3,80.05,354.6,13.76,389.3,20.2,567.3,0.0538,0.37,319.1,229.1,7.6
2025-05-23T06:34:00+00:00,2053.1,83.54,354.5,14.03,390.4,19.3,631.8,0.0550,0.44,319.1,229.1,7.5
2025-05-23T06:35:00+00:00,1874.5,82.69,343.8,13.81,393.4,16.6,594.5,0.0536,0.41,319.1,229.1,8.3
2025-05-23T06:36:00+00:00,2040.1,80.02,341.7,13.77,366.7,18.9,613.1,0.0537,0.33,319.1,229.1,7.9
2025-05-23T06:37:00+00:00,2041.9,82.29,355.0,13.77,380.8,18.6,589.7,0.0544,0.39,319.1,229.1,9.2
2025-05-23T06:38:00+00:00,1977.5,84.14,362.7,13.88,369.6,18.2,600.6,0.0577,0.38,319.1,229.1,7.2
2025-05-23T06:39:00+00:00,2020.6,83.44,348.6,13.65,357.9,17.8,635.0,0.0534,0.31,319.1,229.1,7.5
2025-05-23T06:40:00+00:00,2097.6,82.32,340.4,13.59,363.5,19.1,628.8,0.0660,0.46,319.1,229.1,7.3
2025-05-23T06:41:00+00:00,2002.1,82.19,342.3,13.84,398.6,16.4,620.1,0.0543,0.40,319.1,229.1,7.2
2025-05-23T06:42:00+00:00,2194.1,80.11,342.4,13.68,393.7,14.1,646.3,0.0581,0.33,319.1,229.1,8.4
2025-05-23T06:43:00+00:00,2236.5,85.64,332.9,13.78,413.3,18.5,632.8,0.0629,0.42,319.1,229.1,8.2
2025-05-23T06:44:00+00:00,2057.5,80.84,353.6,13.90,385.0,16.9,566.4,0.0549,0.44,319.1,229.1,8.6
2025-05-23T06:45:00+00:00,1982.6,81.89,332.8,13.77,391.5,15.8,607.5,0.0535,0.33,319.1,229.1,7.3
2025-05-23T06:46:00+00:00,2089.2,83.17,350.5,13.59,365.6,18.0,658.3,0.0556,0.44,319.1,229.1,7.8
2025-05-23T06:47:00+00:00,1866.8,85.01,332.5,13.83,361.5,19.3,558.9,0.0557,0.43,319.1,229.1,6.8
2025-05-23T06:48:00+00:00,1955.3,84.92,354.6,13.74,362.7,18.7,648.2,0.0567,0.38,319.1,229.1,9.5
2025-05-23T06:49:00+00:00,2043.5,82.69,360.8,13.81,405.9,17.0,605.9,0.0532,0.26,319.1,229.1,8.5
2025-05-23T06:50:00+00:00,2068.7,83.17,344.2,13.74,386.8,19.0,578.2,0.0623,0.45,319.1,229.1,8.4
2025-05-23T06:51:00+00:00,2157.2,83.80,340.4,13.95,394.5,16.9,580.3,0.0542,0.32,319.1,229.1,6.7
2025-05-23T06:52:00+00:00,1927.1,83.99,352.2,13.64,385.1,16.3,570.6,0.0578,0.37,319.1,229.1,9.0
2025-05-23T06:53:00+00:00,1969.7,82.16,347.6,13.87,396.4,16.8,566.4,0.0530,0.29,319.1,229.1,7.3
2025-05-23T06:54:00+00:00,2092.7,81.89,350.0,13.79,373.0,14.6,565.8,0.0554,0.48,319.1,229.1,8.3
2025-05-23T06:55:00+00:00,1949.5,84.88,354.8,13.81,387.7,18.3,595.8,0.0577,0.41,319.1,229.1,8.6
2025-05-23T06:56:00+00:00,2021.6,83.64,346.3,13.91,382.3,20.4,543.1,0.0537,0.29,319.1,229.1,7.3
2025-05-23T06:57:00+00:00,2273.7,82.18,343.9,13.78,384.4,19.3,635.9,0.0563,0.34,319.1,229.1,8.1
2025-05-23T06:58:00+00:00,2020.1,82.48,344.5,13.84,371.1,16.9,564.2,0.0538,0.36,319.1,229.1,8.6
2025-05-23T06:59:00+00:00,1944.0,83.05,342.2,13.52,398.2,14.8,605.1,0.0537,0.36,319.1,229.1,7.8
2025-05-23T07:00:00+00:00,1890.2,83.13,365.4,13.62,413.0,16.3,598.9,0.0537,0.40,319.1,229.1,5.9
2025-05-23T07:01:00+00:00,2114.4,84.15,347.7,14.14,378.2,15.8,630.8,0.0542,0.34,319.1,229.1,7.6
2025-05-23T07:02:00+00:00,2068.9,82.95,349.6,13.73,382.2,17.8,567.7,0.0597,0.39,319.1,229.1,8.0
2025-05-23T07:03:00+00:00,2080.9,82.06,356.2,13.87,394.0,19.0,600.4,0.0546,0.40,319.1,229.1,7.9
2025-05-23T07:04:00+00:00,2049.9,83.58,353.3,13.85,388.0,19.1,604.4,0.0540,0.34,319.1,229.1,6.3
2025-05-23T07:05:00+00:00,2012.8,82.64,346.3,13.73,374.8,19.0,606.8,0.0577,0.34,319.1,229.1,7.0
2025-05-23T07:06:00+00:00,2059.9,84.42,354.3,14.07,383.0,17.9,562.6,0.0607,0.34,319.1,229.1,7.5
2025-05-23T07:07:00+00:00,1962.9,82.25,358.9,14.02,385.8,18.4,583.5,0.0564,0.36,319.1,229.1,6.6
2025-05-23T07:08:00+00:00,2070.8,84.16,353.6,13.66,391.5,17.3,622.1,0.0555,0.50,319.1,229.1,6.7
2025-05-23T07:09:00+00:00,1878.6,78.83,352.4,13.78,370.5,16.8,559.8,0.0594,0.40,319.1,229.1,6.5
2025-05-23T07:10:00+00:00,2366.1,81.52,353.4,13.65,381.2,15.7,627.9,0.0568,0.46,319.1,229.1,7.7
2025-05-23T07:11:00+00:00,2068.3,81.21,336.5,13.45,400.2,17.8,582.1,0.0559,0.52,319.1,229.1,7.5
2025-05-23T07:12:00+00:00,2044.8,82.83,357.9,13.96,384.8,17.4,596.4,0.0583,0.43,319.1,229.1,8.4
2025-05-23T07:13:00+00:00,2515.0,83.86,344.0,13.85,396.4,19.9,639.6,0.0566,0.36,319.1,229.1,8.1
2025-05-23T07:14:00+00:00,2031.8,84.13,343.0,13.63,396.9,19.3,607.4,0.0543,0.39,319.1,229.1,6.9
2025-05-23T07:15:00+00:00,1952.1,80.86,356.3,13.60,389.6,17.7,593.3,0.0594,0.40,319.1,229.1,8.2
2025-05-23T07:16:00+00:00,1964.9,79.47,356.5,13.89,381.8,18.6,652.9,0.0541,0.39,319.1,229.1,7.2
2025-05-23T07:17:00+00:00,2483.3,82.46,334.9,14.03,380.8,18.0,607.4,0.0560,0.32,319.1,229.1,7.8
2025-05-23T07:18:00+00:00,2403.8,85.65,341.5,13.83,372.5,18.6,638.0,0.0564,0.40,319.1,229.1,6.8
2025-05-23T07:19:00+00:00,2423.9,81.44,343.7,13.71,381.7,18.2,620.7,0.0619,0.42,319.1,229.1,7.1
2025-05-23T07:20:00+00:00,1985.4,82.67,352.4,13.81,387.5,17.8,641.0,0.0558,0.39,319.1,229.1,4.3
2025-05-23T07:21:00+00:00,2056.8,82.14,338.5,13.89,400.4,16.7,599.7,0.0621,0.37,319.1,229.1,8.1
2025-05-23T07:22:00+00:00,2161.9,80.86,348.1,13.83,392.9,20.2,651.4,0.0543,0.32,319.1,229.1,9.1
2025-05-23T07:23:00+00:00,2081.1,81.38,350.4,13.83,389.8,14.4,626.5,0.0608,0.37,319.1,229.1,8.2
2025-05-23T07:24:00+00:00,2462.9,80.55,355.7,14.03,404.1,18.7,639.3,0.0599,0.35,319.1,229.1,8.2
2025-05-23T07:25:00+00:00,2483.7,83.71,340.7,13.98,391.6,17.9,643.6,0.0570,0.39,319.1,229.1,7.8
2025-05-23T07:26:00+00:00,2098.4,82.64,338.0,13.78,383.5,17.3,563.5,0.0587,0.34,319.1,229.1,8.8
2025-05-23T07:27:00+00:00,2121.9,82.86,337.4,13.77,389.2,19.4,611.1,0.0574,0.38,319.1,229.1,8.4
2025-05-23T07:28:00+00:00,2540.2,83.89,362.8,13.72,409.2,18.7,639.1,0.0571,0.41,319.1,229.1,7.5
2025-05-23T07:29:00+00:00,1871.2,80.21,364.5,13.80,386.2,14.9,598.7,0.0529,0.34,319.1,229.1,6.5
2025-05-23T07:30:00+00:00,1998.7,82.27,343.6,14.00,404.2,18.0,573.3,0.0528,0.28,319.1,229.1,8.6
2025-05-23T07:31:00+00:00,1954.3,82.71,350.7,13.58,369.7,17.4,588.4,0.0532,0.31,319.1,229.1,6.8
2025-05-23T07:32:00+00:00,2508.4,83.41,355.4,13.77,376.9,14.3,658.7,0.0570,0.40,319.1,229.1,7.3
2025-05-23T07:33:00+00:00,2457.5,81.40,343.0,13.98,381.1,18.6,621.0,0.0572,0.46,319.1,229.1,7.1
2025-05-23T07:34:00+00:00,2148.9,81.66,348.9,14.02,363.6,15.3,576.4,0.0575,0.49,319.1,229.1,6.2
2025-05-23T07:35:00+00:00,1808.6,81.86,358.9,13.57,384.4,19.7,628.1,0.0579,0.25,319.1,229.1,6.3
2025-05-23T07:36:00+00:00,2409.4,83.26,347.2,13.90,391.9,17.0,622.0,0.0604,0.40,319.1,229.1,7.4
2025-05-23T07:37:00+00:00,2506.5,82.99,348.9,13.99,390.7,19.5,561.4,0.0571,0.42,319.1,229.1,5.9
2025-05-23T07:38:00+00:00,2039.3,83.76,353.0,13.58,376.1,17.7,637.6,0.0543,0.38,319.1,229.1,8.6
2025-05-23T07:39:00+00:00,2111.7,80.27,354.0,13.74,389.0,19.9,539.1,0.0544,0.38,319.1,229.1,7.9
2025-05-23T07:40:00+00:00,2443.6,80.52,351.9,13.88,384.5,19.6,620.2,0.0572,0.29,319.1,229.1,8.5
2025-05-23T07:41:00+00:00,2015.6,81.20,348.6,13.78,362.0,17.6,677.3,0.0545,0.41,319.1,229.1,7.6
2025-05-23T07:42:00+00:00,2532.3,84.13,337.5,13.85,404.3,18.8,645.0,0.0643,0.48,319.1,229.1,7.6
2025-05-23T07:43:00+00:00,2471.2,85.25,340.8,13.72,397.9,19.0,585.4,0.0616,0.44,319.1,229.1,7.4
2025-05-23T07:44:00+00:00,2212.7,82.61,354.6,13.74,399.9,18.2,635.3,0.0566,0.38,319.1,229.1,7.4
2025-05-23T07:45:00+00:00,2115.6,85.08,349.6,13.83,372.3,19.4,634.2,0.0542,0.34,319.1,229.1,9.3
2025-05-23T07:46:00+00:00,2198.7,81.56,360.0,13.70,370.7,16.8,669.6,0.0566,0.42,319.1,229.1,7.1
2025-05-23T07:47:00+00:00,2033.8,79.86,355.3,13.95,370.6,19.4,641.2,0.0530,0.26,319.1,229.1,7.4
2025-05-23T07:48:00+00:00,1835.7,81.48,352.0,13.98,382.6,20.0,552.7,0.0525,0.30,319.1,229.1,7.9
2025-05-23T07:49:00+00:00,2066.4,84.29,358.3,13.72,373.1,16.2,616.8,0.0566,0.34,319.1,229.1,8.3
2025-05-23T07:50:00+00:00,2163.3,83.03,355.7,13.89,403.9,19.1,617.5,0.0551,0.39,319.1,229.1,7.5
2025-05-23T07:51:00+00:00,2078.1,81.95,351.9,13.70,387.2,20.3,624.5,0.0539,0.33,319.1,229.1,7.7
2025-05-23T07:52:00+00:00,1843.1,79.98,353.7,13.82,393.9,17.0,592.2,0.0527,0.33,319.1,229.1,7.9
2025-05-23T07:53:00+00:00,2126.8,80.19,339.9,13.69,356.5,17.5,615.8,0.0554,0.40,319.1,229.1,6.3
2025-05-23T07:54:00+00:00,1917.5,83.74,346.6,13.96,385.7,19.5,663.4,0.0533,0.36,319.1,229.1,9.1
2025-05-23T07:55:00+00:00,2068.2,79.22,357.1,13.66,369.8,20.3,568.5,0.0615,0.39,319.1,229.1,7.9
2025-05-23T07:56:00+00:00,1986.5,80.15,354.7,13.74,351.9,17.9,596.6,0.0539,0.38,319.1,229.1,8.8
2025-05-23T07:57:00+00:00,1833.7,82.59,341.6,14.02,350.7,16.6,577.1,0.0529,0.35,319.1,229.1,8.6
2025-05-23T07:58:00+00:00,1917.1,78.87,343.4,13.88,382.8,15.3,617.2,0.0548,0.31,319.1,229.1,7.2
2025-05-23T07:59:00+00:00,1994.4,81.63,330.8,13.67,367.9,15.5,638.4,0.0556,0.46,319.1,229.1,9.3
2025-05-23T08:00:00+00:00,2139.4,82.89,342.2,14.01,359.8,16.1,648.8,0.0562,0.30,319.1,229.1,8.8
2025-05-23T08:01:00+00:00,2002.7,80.09,356.5,13.94,405.5,16.4,642.7,0.0569,0.41,319.1,229.1,7.4
2025-05-23T08:02:00+00:00,2064.3,84.19,357.1,13.91,376.7,20.7,557.8,0.0546,0.39,319.1,229.1,6.9
2025-05-23T08:03:00+00:00,1911.2,83.05,348.1,14.03,393.7,16.3,537.6,0.0528,0.32,319.1,229.1,6.6
2025-05-23T08:04:00+00:00,2058.1,81.98,338.1,13.79,386.0,14.1,590.9,0.0546,0.40,319.1,229.1,8.3
2025-05-23T08:05:00+00:00,1960.9,81.88,349.3,13.73,375.5,17.9,664.7,0.0534,0.35,319.1,229.1,8.6
2025-05-23T08:06:00+00:00,1848.5,81.33,344.6,13.90,352.5,18.0,536.2,0.0582,0.34,319.1,229.1,8.3
2025-05-23T08:07:00+00:00,1981.9,83.70,355.5,13.66,388.3,18.9,617.1,0.0571,0.43,319.1,229.1,7.6
2025-05-23T08:08:00+00:00,1811.7,82.72,352.4,13.80,398.1,16.4,587.3,0.0534,0.31,319.1,229.1,6.7
2025-05-23T08:09:00+00:00,2098.3,82.36,353.1,13.88,375.9,15.9,650.9,0.0634,0.38,319.1,229.1,7.7
2025-05-23T08:10:00+00:00,2067.3,85.57,358.9,13.71,391.8,16.9,630.1,0.0582,0.29,319.1,229.1,7.8
2025-05-23T08:11:00+00:00,1852.7,82.52,350.4,13.79,369.8,17.9,592.0,0.0533,0.39,319.1,229.1,7.2
2025-05-23T08:12:00+00:00,1925.6,82.98,352.6,13.97,388.3,16.1,623.9,0.0535,0.35,319.1,229.1,8.5
2025-05-23T08:13:00+00:00,1997.8,81.37,343.7,14.12,381.8,16.9,557.2,0.0536,0.33,319.1,229.1,8.0
2025-05-23T08:14:00+00:00,2116.1,82.16,351.3,13.77,412.5,16.8,580.1,0.0539,0.29,319.1,229.1,7.9
2025-05-23T08:15:00+00:00,2037.8,82.23,341.9,13.79,374.4,15.7,618.0,0.0553,0.37,319.1,229.1,8.1
2025-05-23T08:16:00+00:00,2080.0,81.47,341.1,13.90,393.8,17.6,616.5,0.0546,0.40,319.1,229.1,7.2
2025-05-23T08:17:00+00:00,2015.2,81.11,355.4,13.65,389.1,17.8,611.1,0.0537,0.35,319.1,229.1,7.6
2025-05-23T08:18:00+00:00,2091.5,82.43,355.8,13.74,392.0,17.4,587.0,0.0537,0.31,319.1,229.1,8.3
2025-05-23T08:19:00+00:00,2025.0,82.98,342.1,13.96,388.5,19.3,597.4,0.0540,0.36,319.1,229.1,10.1
2025-05-23T08:20:00+00:00,1909.5,84.80,354.5,13.97,368.0,18.1,555.9,0.0576,0.38,319.1,229.1,5.9
2025-05-23T08:21:00+00:00,2150.9,83.98,331.9,13.70,362.3,20.6,605.7,0.0571,0.40,319.1,229.1,7.6
2025-05-23T08:22:00+00:00,1914.7,81.56,335.8,13.76,371.5,17.8,618.1,0.0559,0.37,319.1,229.1,7.9
2025-05-23T08:23:00+00:00,2156.1,82.15,344.8,13.80,377.8,18.6,646.6,0.0598,0.38,319.1,229.1,7.3
2025-05-23T08:24:00+00:00,2018.8,81.68,341.7,13.73,397.3,18.0,625.2,0.0545,0.38,319.1,229.1,6.5
2025-05-23T08:25:00+00:00,2111.6,84.48,337.4,13.89,374.9,17.3,633.5,0.0551,0.42,319.1,229.1,8.8
2025-05-23T08:26:00+00:00,1992.0,81.41,345.7,13.89,381.0,16.8,626.7,0.0550,0.48,319.1,229.1,8.8
2025-05-23T08:27:00+00:00,1920.3,81.17,360.1,13.75,374.4,16.0,548.2,0.0528,0.28,319.1,229.1,5.4
2025-05-23T08:28:00+00:00,2052.3,83.16,336.8,13.88,368.2,18.3,619.1,0.0592,0.39,319.1,229.1,8.0
2025-05-23T08:29:00+00:00,1960.2,79.97,351.6,13.94,389.6,17.9,619.8,0.0649,0.37,319.1,229.1,8.2
2025-05-23T08:30:00+00:00,1998.7,81.86,350.8,14.01,384.9,16.0,564.4,0.0537,0.35,319.1,229.1,8.1
2025-05-23T08:31:00+00:00,2096.8,82.49,345.7,13.61,395.2,18.0,609.7,0.0540,0.33,319.1,229.1,7.0
2025-05-23T08:32:00+00:00,2236.6,83.87,343.9,14.10,371.3,20.8,630.0,0.0562,0.34,319.1,229.1,7.8
2025-05-23T08:33:00+00:00,2045.1,81.27,371.1,13.92,368.4,16.7,583.1,0.0541,0.36,319.1,229.1,7.8
2025-05-23T08:34:00+00:00,1913.3,82.33,359.7,13.79,385.4,18.4,580.6,0.0608,0.34,319.1,229.1,8.2
2025-05-23T08:35:00+00:00,2063.8,78.41,344.0,13.98,366.8,17.6,581.0,0.0558,0.52,319.1,229.1,8.1
2025-05-23T08:36:00+00:00,2050.5,82.40,333.1,13.76,397.5,19.1,562.6,0.0579,0.31,319.1,229.1,6.9
2025-05-23T08:37:00+00:00,1843.6,80.12,347.9,13.71,377.6,17.3,598.5,0.0536,0.44,319.1,229.1,7.2
2025-05-23T08:38:00+00:00,2202.5,83.10,353.9,13.85,373.8,16.5,600.1,0.0553,0.31,319.1,229.1,8.6
2025-05-23T08:39:00+00:00,1986.8,83.89,365.4,13.61,361.0,15.0,598.6,0.0619,0.29,319.1,229.1,9.9
2025-05-23T08:40:00+00:00,2294.3,84.42,329.2,13.72,368.3,18.2,617.1,0.0577,0.37,319.1,229.1,7.8
2025-05-23T08:41:00+00:00,972.0,78.60,353.1,13.77,348.2,18.6,586.1,0.0485,0.38,319.1,229.1,8.5
2025-05-23T08:42:00+00:00,984.9,79.51,344.7,13.99,327.2,17.6,507.4,0.0554,0.34,319.1,229.1,6.9
2025-05-23T08:43:00+00:00,939.9,78.29,365.9,13.79,343.5,18.6,626.1,0.0480,0.36,319.1,229.1,8.8
2025-05-23T08:44:00+00:00,1003.2,81.95,361.7,13.82,356.7,17.0,566.1,0.0499,0.32,319.1,229.1,6.4
2025-05-23T08:45:00+00:00,1011.8,78.83,354.3,13.72,347.1,18.3,592.8,0.0486,0.38,319.1,229.1,7.7
2025-05-23T08:46:00+00:00,982.0,79.54,355.9,13.55,355.8,18.3,583.0,0.0570,0.38,319.1,229.1,8.8
2025-05-23T08:47:00+00:00,1018.2,78.71,350.9,13.85,363.4,17.6,580.8,0.0489,0.39,319.1,229.1,8.4
2025-05-23T08:48:00+00:00,932.5,80.14,356.4,14.05,340.6,19.2,547.0,0.0485,0.42,319.1,229.1,7.4
2025-05-23T08:49:00+00:00,999.0,78.40,354.2,13.84,362.8,19.7,543.9,0.0504,0.35,319.1,229.1,7.4
2025-05-23T08:50:00+00:00,876.1,77.08,359.9,13.62,362.0,18.7,549.0,0.0501,0.31,319.1,229.1,6.2
2025-05-23T08:51:00+00:00,943.8,78.96,366.4,14.06,327.1,16.3,550.3,0.0475,0.31,319.1,229.1,5.2
2025-05-23T08:52:00+00:00,970.3,77.65,351.6,13.80,337.9,20.5,517.9,0.0483,0.37,319.1,229.1,7.8
2025-05-23T08:53:00+00:00,1083.0,79.37,364.2,13.86,344.8,18.2,533.9,0.0551,0.41,319.1,229.1,7.0
2025-05-23T14:00:00+00:00,989.9,76.66,356.3,13.76,341.1,16.8,631.1,0.0488,0.40,319.1,229.1,6.9
2025-05-23T14:01:00+00:00,893.3,79.62,345.1,13.77,343.2,18.7,513.7,0.0476,0.34,319.1,229.1,8.3
2025-05-23T14:02:00+00:00,889.5,77.48,352.6,13.75,345.4,17.6,523.0,0.0482,0.39,319.1,229.1,4.9
2025-05-23T14:03:00+00:00,958.6,76.86,361.9,13.57,338.6,18.6,592.9,0.0534,0.26,319.1,229.1,6.7
2025-05-23T14:04:00+00:00,1014.2,79.92,377.5,13.75,338.6,17.7,570.1,0.0479,0.30,319.1,229.1,9.7
2025-05-23T14:05:00+00:00,807.1,77.07,360.5,13.72,354.3,19.0,572.0,0.0488,0.50,319.1,229.1,6.8
2025-05-23T14:06:00+00:00,1024.1,81.31,355.3,13.95,339.5,16.5,514.0,0.0485,0.36,319.1,229.1,7.9
2025-05-23T14:07:00+00:00,971.5,77.29,350.9,13.59,354.7,15.8,537.6,0.0545,0.45,319.1,229.1,9.4
2025-05-23T14:08:00+00:00,1055.3,80.49,355.8,13.58,352.0,14.0,534.9,0.0487,0.35,319.1,229.1,7.9
2025-05-23T14:09:00+00:00,944.1,77.80,366.0,13.68,354.6,13.7,553.2,0.0506,0.41,319.1,229.1,7.2
2025-05-23T14:10:00+00:00,897.9,78.55,355.1,14.01,348.0,14.9,554.7,0.0480,0.37,319.1,229.1,7.8
2025-05-23T14:11:00+00:00,2021.9,78.42,354.5,13.62,369.4,22.1,578.1,0.0552,0.48,319.1,229.1,7.0
2025-05-23T14:12:00+00:00,1803.0,82.10,354.9,13.74,387.1,19.4,564.4,0.0524,0.32,319.1,229.1,9.2
2025-05-23T14:13:00+00:00,2020.9,82.38,363.3,13.77,378.7,17.2,640.6,0.0564,0.36,319.1,229.1,7.1
2025-05-23T14:14:00+00:00,2108.5,83.33,339.3,13.84,385.9,19.4,596.9,0.0590,0.44,319.1,229.1,7.4
2025-05-23T14:15:00+00:00,1961.7,83.25,349.7,13.80,384.3,18.1,577.7,0.0535,0.34,319.1,229.1,7.5
2025-05-23T14:16:00+00:00,1978.3,82.49,342.5,13.42,380.9,17.1,650.6,0.0535,0.33,319.1,229.1,9.2
2025-05-23T14:17:00+00:00,1932.4,80.60,342.5,13.64,373.4,19.0,577.7,0.0536,0.38,319.1,229.1,8.6
2025-05-23T14:18:00+00:00,1848.6,83.61,336.8,13.50,360.2,17.7,618.8,0.0538,0.42,319.1,229.1,7.4
2025-05-23T14:19:00+00:00,2067.0,80.82,352.1,13.84,382.1,15.0,678.3,0.0598,0.42,319.1,229.1,9.7
2025-05-23T14:20:00+00:00,2116.7,85.93,354.8,13.86,398.2,18.7,646.2,0.0568,0.36,319.1,229.1,9.0
2025-05-23T14:21:00+00:00,1862.9,83.50,334.7,13.71,373.2,18.9,539.8,0.0616,0.34,319.1,229.1,7.4
2025-05-23T14:22:00+00:00,2170.8,82.66,356.2,13.63,379.6,20.2,666.5,0.0619,0.32,319.1,229.1,7.3
2025-05-23T14:23:00+00:00,1950.6,81.50,358.9,13.70,397.9,16.1,632.4,0.0537,0.37,319.1,229.1,7.5
2025-05-23T14:24:00+00:00,1910.1,81.69,343.1,14.00,383.0,17.3,631.4,0.0552,0.30,319.1,229.1,7.7
2025-05-23T14:25:00+00:00,1856.7,78.31,341.6,13.72,392.1,17.5,614.6,0.0535,0.39,319.1,229.1,7.3
2025-05-23T14:26:00+00:00,2032.6,82.32,362.2,13.84,409.3,17.4,589.9,0.0541,0.37,319.1,229.1,6.0
2025-05-23T14:27:00+00:00,2181.0,85.91,340.9,13.78,368.2,17.0,513.9,0.0547,0.33,319.1,229.1,6.1
2025-05-23T14:28:00+00:00,2000.7,82.95,349.6,13.86,374.5,17.7,664.7,0.0550,0.34,319.1,229.1,8.8
2025-05-23T14:29:00+00:00,2114.4,83.76,334.2,13.70,383.0,17.6,584.8,0.0552,0.43,319.1,229.1,7.8
2025-05-23T14:30:00+00:00,1862.3,78.58,350.4,13.93,373.8,18.8,623.3,0.0577,0.25,319.1,229.1,8.1
2025-05-23T14:31:00+00:00,2039.1,81.65,351.3,13.82,394.6,20.5,602.5,0.0555,0.36,319.1,229.1,5.6
2025-05-23T14:32:00+00:00,2121.9,83.43,330.6,13.95,378.7,19.9,653.1,0.0548,0.38,319.1,229.1,7.8
2025-05-23T14:33:00+00:00,2087.6,82.36,347.5,13.76,385.9,16.5,638.0,0.0550,0.44,319.1,229.1,7.7
2025-05-23T14:34:00+00:00,1997.9,83.81,341.1,13.83,372.8,18.2,605.4,0.0616,0.38,319.1,229.1,6.0
2025-05-23T14:35:00+00:00,1951.3,81.02,353.6,13.90,379.2,15.8,676.7,0.0586,0.35,319.1,229.1,5.1
2025-05-23T14:36:00+00:00,2072.6,80.73,345.4,13.75,373.6,19.0,590.1,0.0593,0.30,319.1,229.1,7.5
2025-05-23T14:37:00+00:00,2096.5,82.61,352.6,13.81,367.2,17.7,596.1,0.0546,0.40,319.1,229.1,8.0
2025-05-23T14:38:00+00:00,1946.3,79.99,333.9,13.58,362.2,20.0,623.6,0.0545,0.40,319.1,229.1,8.7
2025-05-23T14:39:00+00:00,1841.5,83.99,348.1,13.79,370.2,15.2,601.3,0.0525,0.31,319.1,229.1,8.3
2025-05-23T14:40:00+00:00,1948.8,83.87,361.6,13.53,369.8,19.2,573.0,0.0613,0.41,319.1,229.1,7.3
2025-05-23T14:41:00+00:00,2069.8,83.55,348.5,13.82,405.8,18.9,627.5,0.0542,0.38,319.1,229.1,7.2
2025-05-23T14:42:00+00:00,1942.1,83.32,353.3,13.54,354.1,15.6,612.1,0.0571,0.44,319.1,229.1,9.2
2025-05-23T14:43:00+00:00,2104.2,80.82,356.1,13.65,382.3,15.1,602.0,0.0585,0.35,319.1,229.1,7.6
2025-05-23T14:44:00+00:00,2056.0,81.90,342.4,13.57,377.2,19.2,640.3,0.0599,0.43,319.1,229.1,9.2
2025-05-23T14:45:00+00:00,2042.8,82.59,339.2,13.56,356.1,18.5,648.5,0.0580,0.34,319.1,229.1,7.7
2025-05-23T14:46:00+00:00,2188.3,82.90,344.8,13.77,376.5,15.5,578.5,0.0550,0.38,319.1,229.1,6.8
2025-05-23T14:47:00+00:00,1954.7,81.84,341.0,13.88,375.1,18.0,615.2,0.0542,0.41,319.1,229.1,8.1
2025-05-23T14:48:00+00:00,1865.7,82.31,356.8,13.75,388.9,18.1,566.1,0.0535,0.40,319.1,229.1,6.2
2025-05-23T14:49:00+00:00,2129.2,81.90,334.6,13.72,380.2,18.8,559.6,0.0540,0.30,319.1,229.1,7.6
2025-05-23T14:50:00+00:00,1994.5,82.44,344.8,13.50,375.2,19.5,602.2,0.0574,0.27,319.1,229.1,7.9
2025-05-23T14:51:00+00:00,2199.8,84.69,342.9,13.80,377.8,14.7,516.3,0.0554,0.42,319.1,229.1,7.7
2025-05-23T14:52:00+00:00,1991.2,79.29,355.5,13.96,399.0,17.0,595.6,0.0570,0.42,319.1,229.1,8.8
2025-05-23T14:53:00+00:00,2053.4,81.87,337.4,13.89,391.4,18.5,620.7,0.0541,0.35,319.1,229.1,6.4
2025-05-23T14:54:00+00:00,1943.6,80.38,360.2,13.71,366.8,17.6,615.7,0.0572,0.32,319.1,229.1,5.7
2025-05-23T14:55:00+00:00,2133.1,84.07,350.5,13.75,394.6,17.9,591.2,0.0538,0.30,319.1,229.1,8.3
2025-05-23T14:56:00+00:00,2538.6,86.34,346.9,13.73,382.2,19.2,633.4,0.0588,0.45,319.1,229.1,9.0
2025-05-23T14:57:00+00:00,2456.9,80.72,360.3,13.58,383.9,19.5,631.5,0.0564,0.36,319.1,229.1,7.6
2025-05-23T14:58:00+00:00,2528.4,81.15,360.4,13.92,375.6,19.4,626.8,0.0639,0.42,319.1,229.1,7.2
2025-05-23T14:59:00+00:00,2574.2,84.76,354.7,13.75,384.8,17.6,628.8,0.0575,0.42,319.1,229.1,6.7
2025-05-23T15:00:00+00:00,2163.9,83.15,357.5,13.61,384.8,19.3,579.5,0.0553,0.43,319.1,229.1,8.1
2025-05-23T15:01:00+00:00,2237.0,83.92,323.8,13.97,369.4,18.0,628.0,0.0606,0.36,319.1,229.1,6.8
2025-05-23T15:02:00+00:00,2497.1,87.48,343.6,13.88,407.9,19.3,593.0,0.0564,0.35,319.1,229.1,7.8
2025-05-23T15:03:00+00:00,1977.5,81.23,337.9,13.91,398.8,21.9,588.3,0.0542,0.41,319.1,229.1,8.4
2025-05-23T15:04:00+00:00,1949.0,78.16,353.3,13.87,391.5,19.8,592.1,0.0537,0.38,319.1,229.1,6.8
2025-05-23T15:05:00+00:00,2569.0,85.83,352.2,13.62,391.1,16.2,640.9,0.0563,0.30,319.1,229.1,8.2
2025-05-23T15:06:00+00:00,2034.3,80.16,350.6,13.83,361.7,17.0,621.6,0.0535,0.31,319.1,229.1,7.1
2025-05-23T15:07:00+00:00,2560.9,86.85,333.4,13.64,413.9,16.7,646.2,0.0571,0.39,319.1,229.1,6.2
2025-05-23T15:08:00+00:00,2308.4,83.70,349.7,13.71,387.9,18.6,610.7,0.0557,0.38,319.1,229.1,7.9
2025-05-23T15:09:00+00:00,2077.6,81.77,339.6,13.66,389.3,17.1,565.6,0.0579,0.41,319.1,229.1,7.3
2025-05-23T15:10:00+00:00,2051.7,82.91,355.8,13.73,381.5,18.1,622.6,0.0543,0.38,319.1,229.1,7.7
2025-05-23T15:11:00+00:00,2551.8,84.54,344.7,13.74,377.2,18.0,651.6,0.0591,0.36,319.1,229.1,7.8
2025-05-23T15:12:00+00:00,2067.4,82.82,362.8,13.83,368.9,18.1,635.2,0.0550,0.44,319.1,229.1,6.7
2025-05-23T15:13:00+00:00,1962.9,83.68,347.1,13.74,368.7,16.0,571.9,0.0568,0.30,319.1,229.1,8.2
2025-05-23T15:14:00+00:00,2148.5,84.00,348.9,13.61,382.8,17.0,668.2,0.0602,0.36,319.1,229.1,7.8
2025-05-23T15:15:00+00:00,2505.8,83.67,347.5,13.47,383.0,16.1,576.0,0.0568,0.37,319.1,229.1,7.5
2025-05-23T15:16:00+00:00,1996.1,81.23,352.0,14.02,373.8,18.5,583.0,0.0535,0.33,319.1,229.1,6.3
2025-05-23T15:17:00+00:00,1991.7,81.20,352.8,13.68,378.6,17.0,559.9,0.0601,0.47,319.1,229.1,9.7
2025-05-23T15:18:00+00:00,1945.3,83.83,343.9,13.47,389.5,19.0,619.9,0.0532,0.34,319.1,229.1,6.7
2025-05-23T15:19:00+00:00,1772.0,80.13,347.4,13.69,367.3,16.7,616.6,0.0534,0.41,319.1,229.1,7.8
2025-05-23T15:20:00+00:00,1807.0,83.11,343.8,13.83,367.4,20.4,593.5,0.0525,0.33,319.1,229.1,6.9
2025-05-23T15:21:00+00:00,2038.1,81.24,347.1,13.49,381.7,21.5,579.4,0.0579,0.40,319.1,229.1,8.5
2025-05-23T15:22:00+00:00,1989.2,80.97,335.2,14.09,402.5,18.5,550.5,0.0627,0.33,319.1,229.1,7.9
2025-05-23T15:23:00+00:00,2108.6,83.69,341.8,13.63,362.6,18.7,573.9,0.0551,0.43,319.1,229.1,10.4
2025-05-23T15:24:00+00:00,2049.4,81.49,342.2,13.82,375.4,18.7,630.1,0.0560,0.37,319.1,229.1,6.7
2025-05-23T15:25:00+00:00,2079.3,83.85,346.9,14.09,402.9,17.8,668.7,0.0554,0.39,319.1,229.1,7.6
2025-05-23T15:26:00+00:00,2007.8,83.26,344.8,13.81,411.3,15.0,593.8,0.0541,0.36,319.1,229.1,8.3
2025-05-23T15:27:00+00:00,2102.1,81.55,344.1,13.94,398.6,16.4,633.5,0.0550,0.41,319.1,229.1,8.6
2025-05-23T15:28:00+00:00,2006.9,81.71,344.7,13.86,369.6,18.3,613.0,0.0553,0.49,319.1,229.1,6.0
2025-05-23T15:29:00+00:00,2177.7,82.97,341.7,13.77,388.8,16.3,616.2,0.0565,0.29,319.1,229.1,7.1
2025-05-23T15:30:00+00:00,1963.0,78.26,360.0,13.90,349.7,19.2,602.9,0.0558,0.31,319.1,229.1,9.0
2025-05-23T15:31:00+00:00,1890.9,82.12,350.7,13.89,365.9,17.8,591.1,0.0572,0.28,319.1,229.1,6.9
2025-05-23T15:32:00+00:00,2210.7,81.90,356.5,14.03,390.0,20.4,631.3,0.0545,0.32,319.1,229.1,6.9
2025-05-23T15:33:00+00:00,1991.2,84.39,335.9,14.04,385.9,17.4,630.3,0.0530,0.28,319.1,229.1,7.8
2025-05-23T15:34:00+00:00,1814.6,80.02,361.3,13.98,382.2,19.8,633.0,0.0626,0.32,319.1,229.1,8.1
2025-05-23T15:35:00+00:00,2045.2,81.50,364.0,13.94,386.5,18.5,585.4,0.0567,0.44,319.1,229.1,7.5
2025-05-23T15:36:00+00:00,1895.2,81.90,339.8,13.80,389.6,18.5,587.4,0.0537,0.39,319.1,229.1,7.5
2025-05-23T15:37:00+00:00,1971.7,81.19,355.7,13.92,386.6,18.8,595.4,0.0541,0.40,319.1,229.1,9.2
2025-05-23T15:38:00+00:00,2134.1,82.64,351.4,13.85,372.2,19.4,652.2,0.0549,0.39,319.1,229.1,7.0
2025-05-23T15:39:00+00:00,2041.8,82.86,344.6,13.62,395.5,19.3,598.9,0.0544,0.40,319.1,229.1,8.1
2025-05-23T15:40:00+00:00,1876.4,82.80,358.0,14.05,383.1,19.0,629.7,0.0528,0.34,319.1,229.1,8.6
2025-05-23T15:41:00+00:00,1908.3,81.30,340.1,13.71,391.5,18.0,654.7,0.0538,0.42,319.1,229.1,9.4
2025-05-23T15:42:00+00:00,1945.4,80.11,361.0,13.73,364.5,16.7,618.3,0.0582,0.38,319.1,229.1,7.9
2025-05-23T15:43:00+00:00,2040.0,83.10,346.6,13.63,379.1,17.7,629.5,0.0546,0.42,319.1,229.1,8.9
2025-05-23T15:44:00+00:00,1911.1,84.66,334.6,13.91,378.5,16.9,595.0,0.0554,0.36,319.1,229.1,9.1
2025-05-23T15:45:00+00:00,2261.9,83.37,352.1,13.59,379.9,18.1,596.1,0.0564,0.39,319.1,229.1,7.0
2025-05-23T15:46:00+00:00,1818.7,83.42,335.7,13.62,361.2,17.2,595.5,0.0522,0.30,319.1,229.1,8.1
2025-05-23T15:47:00+00:00,2069.0,81.95,352.2,14.04,388.0,18.9,579.0,0.0542,0.36,319.1,229.1,7.4
2025-05-23T15:48:00+00:00,2133.9,81.21,359.4,13.95,369.7,18.2,583.5,0.0546,0.36,319.1,229.1,9.2
2025-05-23T15:49:00+00:00,1953.7,83.46,345.6,13.58,379.9,17.8,620.7,0.0578,0.29,319.1,229.1,6.8
2025-05-23T15:50:00+00:00,1954.0,82.16,357.7,13.96,374.0,16.5,673.8,0.0529,0.31,319.1,229.1,8.2
2025-05-23T15:51:00+00:00,2251.3,83.15,329.2,13.87,399.8,18.4,597.0,0.0615,0.38,319.1,229.1,9.9
2025-05-23T15:52:00+00:00,1961.6,79.08,345.1,13.73,377.5,17.0,619.2,0.0601,0.44,319.1,229.1,5.7
2025-05-23T15:53:00+00:00,1957.5,81.78,347.6,13.64,371.1,20.6,550.2,0.0578,0.45,319.1,229.1,8.2
2025-05-23T15:54:00+00:00,1922.7,81.34,349.2,13.98,375.5,16.0,600.8,0.0581,0.41,319.1,229.1,7.4
2025-05-23T15:55:00+00:00,1884.1,81.87,334.9,13.81,380.2,14.4,593.5,0.0630,0.35,319.1,229.1,8.1
2025-05-23T15:56:00+00:00,1940.1,82.04,347.2,13.63,386.3,15.8,600.5,0.0610,0.43,319.1,229.1,8.8
2025-05-23T15:57:00+00:00,1978.5,81.08,350.9,13.89,371.3,17.5,559.8,0.0565,0.31,319.1,229.1,7.5
2025-05-23T15:58:00+00:00,1928.7,81.19,342.4,14.00,385.9,20.5,562.4,0.0532,0.35,319.1,229.1,8.1
2025-05-23T15:59:00+00:00,1957.2,79.35,349.1,13.76,378.6,18.6,623.1,0.0545,0.44,319.1,229.1,7.7
2025-05-23T16:00:00+00:00,2122.3,81.31,349.3,13.45,386.4,17.6,621.3,0.0543,0.33,319.1,229.1,5.9
2025-05-23T16:01:00+00:00,1884.4,83.46,338.5,13.87,373.2,18.1,635.8,0.0556,0.36,319.1,229.1,6.3
2025-05-23T16:02:00+00:00,1978.6,80.84,344.2,13.98,377.0,17.2,557.2,0.0537,0.36,319.1,229.1,7.8
2025-05-23T16:03:00+00:00,1020.7,82.48,347.5,13.83,351.9,19.1,551.5,0.0488,0.39,319.1,229.1,9.1
2025-05-23T16:04:00+00:00,1001.8,79.76,357.1,13.56,343.7,17.0,546.8,0.0582,0.34,319.1,229.1,7.3
2025-05-23T16:05:00+00:00,1016.1,80.87,359.9,13.85,343.6,19.0,573.8,0.0543,0.38,319.1,229.1,8.0
2025-05-23T16:06:00+00:00,908.2,77.23,346.6,13.99,350.5,18.6,555.8,0.0487,0.43,319.1,229.1,8.4
2025-05-23T16:07:00+00:00,1038.5,78.79,358.8,13.90,332.1,15.8,535.9,0.0489,0.37,319.1,229.1,7.1
2025-05-23T16:08:00+00:00,819.2,77.81,347.6,13.89,344.8,16.3,554.7,0.0530,0.41,319.1,229.1,7.9
2025-05-23T16:09:00+00:00,987.2,79.34,355.8,13.63,353.9,16.7,549.6,0.0497,0.50,319.1,229.1,8.9
2025-05-23T16:10:00+00:00,920.6,80.89,367.1,13.60,353.7,15.9,545.5,0.0479,0.34,319.1,229.1,7.1
2025-05-23T16:11:00+00:00,1115.0,79.56,347.6,13.77,354.4,18.9,531.2,0.0513,0.32,319.1,229.1,8.2
2025-05-23T16:12:00+00:00,943.2,79.41,345.1,13.89,356.3,16.8,540.9,0.0480,0.35,319.1,229.1,7.2
2025-05-24T06:00:00+00:00,1036.5,79.69,363.6,13.80,352.8,16.6,556.0,0.0603,0.69,230.2,95.2,8.6
2025-05-24T06:01:00+00:00,873.1,78.68,364.5,13.91,344.7,19.2,518.0,0.0522,0.79,230.2,95.2,7.4
2025-05-24T06:02:00+00:00,1053.7,79.27,358.1,13.66,355.8,19.3,564.6,0.0519,0.67,230.2,95.2,10.0
2025-05-24T06:03:00+00:00,1016.0,77.72,346.9,13.56,341.2,15.1,539.1,0.0521,0.72,230.2,95.2,9.5
2025-05-24T06:04:00+00:00,1052.5,78.21,359.5,13.62,354.5,19.6,548.6,0.0603,0.72,230.2,95.2,7.8
2025-05-24T06:05:00+00:00,867.3,75.96,361.9,13.73,326.1,19.1,619.2,0.0595,0.65,230.2,95.2,7.4
2025-05-24T06:06:00+00:00,1168.2,80.64,353.4,13.54,358.2,20.1,540.8,0.0525,0.69,230.2,95.2,9.1
2025-05-24T06:07:00+00:00,833.6,78.91,349.6,13.59,332.3,18.2,586.6,0.0513,0.74,230.2,95.2,7.7
2025-05-24T06:08:00+00:00,1039.6,78.52,354.2,13.77,356.9,17.4,563.2,0.0606,0.80,230.2,95.2,7.8
2025-05-24T06:09:00+00:00,943.6,76.37,369.1,13.63,365.4,17.6,589.6,0.0560,0.76,230.2,95.2,6.5
2025-05-24T06:10:00+00:00,999.2,79.90,354.3,13.72,361.6,16.0,582.7,0.0545,0.72,230.2,95.2,7.6
2025-05-24T06:11:00+00:00,924.8,78.97,367.8,13.85,331.8,19.4,517.6,0.0516,0.73,230.2,95.2,9.0
2025-05-24T06:12:00+00:00,1052.0,78.05,355.5,13.96,355.1,21.8,609.6,0.0523,0.73,230.2,95.2,9.4
2025-05-24T06:13:00+00:00,863.0,77.41,349.9,13.79,347.0,17.3,560.3,0.0513,0.72,230.2,95.2,7.8
2025-05-24T06:14:00+00:00,1884.6,81.10,344.2,13.94,384.4,19.9,573.7,0.0656,0.74,230.2,95.2,8.1
2025-05-24T06:15:00+00:00,1995.3,81.97,347.0,13.90,398.9,20.2,575.2,0.0589,0.76,230.2,95.2,7.6
2025-05-24T06:16:00+00:00,1958.2,79.54,363.6,13.95,405.7,19.2,586.0,0.0568,0.71,230.2,95.2,8.3
2025-05-24T06:17:00+00:00,1955.3,80.45,348.4,13.68,371.7,17.1,590.8,0.0646,0.73,230.2,95.2,8.4
2025-05-24T06:18:00+00:00,1926.9,83.48,350.0,13.60,383.0,18.9,558.1,0.0572,0.73,230.2,95.2,8.4
2025-05-24T06:19:00+00:00,2069.4,83.16,345.9,13.73,389.6,17.4,580.4,0.0590,0.83,230.2,95.2,7.7
2025-05-24T06:20:00+00:00,1887.5,79.89,357.6,13.76,380.2,15.5,604.3,0.0570,0.75,230.2,95.2,7.4
2025-05-24T06:21:00+00:00,2002.1,81.87,353.3,13.77,384.5,18.5,646.2,0.0582,0.80,230.2,95.2,8.0
2025-05-24T06:22:00+00:00,2020.0,82.39,340.6,13.70,359.3,19.8,642.1,0.0587,0.85,230.2,95.2,9.5
2025-05-24T06:23:00+00:00,2031.3,80.86,350.0,13.64,381.2,18.7,640.6,0.0589,0.71,230.2,95.2,7.5
2025-05-24T06:24:00+00:00,1974.9,79.71,340.5,13.97,394.9,18.0,621.4,0.0583,0.77,230.2,95.2,7.4
2025-05-24T06:25:00+00:00,1864.6,82.79,356.0,13.68,377.0,18.6,574.2,0.0598,0.81,230.2,95.2,9.0
2025-05-24T06:26:00+00:00,2048.2,80.44,347.1,13.90,397.6,17.7,565.3,0.0599,0.77,230.2,95.2,7.4
2025-05-24T06:27:00+00:00,2118.1,79.84,342.2,13.86,370.3,16.0,582.6,0.0628,0.75,230.2,95.2,7.8
2025-05-24T06:28:00+00:00,1900.5,83.27,350.9,13.90,369.7,19.6,573.3,0.0594,0.66,230.2,95.2,9.1
2025-05-24T06:29:00+00:00,2038.2,80.91,356.1,13.75,367.6,19.9,692.3,0.0580,0.74,230.2,95.2,7.9
2025-05-24T06:30:00+00:00,1798.7,83.06,350.9,14.04,384.7,17.4,580.4,0.0611,0.71,230.2,95.2,7.4
2025-05-24T06:31:00+00:00,2021.4,82.02,352.5,13.98,385.2,18.1,640.4,0.0573,0.70,230.2,95.2,10.4
2025-05-24T06:32:00+00:00,2008.7,81.42,358.3,13.88,376.9,15.5,603.1,0.0576,0.73,230.2,95.2,8.5
2025-05-24T06:33:00+00:00,1748.7,82.71,361.9,13.76,384.2,18.8,638.1,0.0568,0.79,230.2,95.2,8.3
2025-05-24T06:34:00+00:00,2045.9,80.61,364.2,14.02,376.3,19.4,589.6,0.0570,0.67,230.2,95.2,8.8
2025-05-24T06:35:00+00:00,1831.4,84.44,335.8,13.87,351.8,19.0,588.8,0.0640,0.80,230.2,95.2,8.3
2025-05-24T06:36:00+00:00,2004.9,81.81,335.3,13.70,381.2,15.8,599.5,0.0576,0.75,230.2,95.2,9.6
2025-05-24T06:37:00+00:00,1981.3,81.97,342.9,13.68,374.9,16.7,593.5,0.0571,0.69,230.2,95.2,9.2
2025-05-24T06:38:00+00:00,1775.4,80.01,346.2,13.57,367.0,19.2,569.9,0.0563,0.74,230.2,95.2,7.0
2025-05-24T06:39:00+00:00,2010.1,82.01,343.9,13.81,374.9,18.2,572.9,0.0593,0.70,230.2,95.2,7.6
2025-05-24T06:40:00+00:00,2077.1,82.29,342.6,14.03,366.2,18.9,658.4,0.0586,0.80,230.2,95.2,8.4
2025-05-24T06:41:00+00:00,1989.0,82.26,334.7,13.99,384.7,17.0,598.1,0.0680,0.69,230.2,95.2,7.8
2025-05-24T06:42:00+00:00,1960.8,80.39,337.7,14.03,386.9,18.1,576.0,0.0605,0.75,230.2,95.2,10.6
2025-05-24T06:43:00+00:00,1851.2,81.67,345.5,13.81,373.9,19.0,623.0,0.0566,0.72,230.2,95.2,8.4
2025-05-24T06:44:00+00:00,1952.7,80.55,340.0,13.82,391.2,19.4,624.1,0.0637,0.75,230.2,95.2,8.1
2025-05-24T06:45:00+00:00,1994.0,82.35,347.9,13.91,372.6,18.3,607.0,0.0572,0.72,230.2,95.2,8.5
2025-05-24T06:46:00+00:00,2008.7,84.61,349.9,13.93,376.3,19.5,595.0,0.0711,0.75,230.2,95.2,11.1
2025-05-24T06:47:00+00:00,1946.6,83.37,353.1,13.78,398.2,18.4,604.3,0.0585,0.85,230.2,95.2,8.3
2025-05-24T06:48:00+00:00,2042.5,79.80,352.2,13.99,381.1,20.4,586.2,0.0590,0.81,230.2,95.2,7.3
2025-05-24T06:49:00+00:00,2071.6,82.71,356.3,14.13,382.8,15.8,531.2,0.0574,0.67,230.2,95.2,8.4
2025-05-24T06:50:00+00:00,2158.9,81.58,346.2,13.65,392.7,16.6,627.2,0.0590,0.77,230.2,95.2,7.5
2025-05-24T06:51:00+00:00,2012.0,80.32,357.3,13.77,380.8,15.5,615.8,0.0590,0.87,230.2,95.2,7.6
2025-05-24T06:52:00+00:00,1796.6,82.14,352.2,13.88,377.3,19.1,620.8,0.0691,0.76,230.2,95.2,7.7
2025-05-24T06:53:00+00:00,1977.2,80.62,356.2,13.55,379.8,18.7,590.7,0.0604,0.73,230.2,95.2,7.9
2025-05-24T06:54:00+00:00,1889.2,80.36,347.0,13.76,379.7,18.2,598.1,0.0590,0.67,230.2,95.2,9.3
2025-05-24T06:55:00+00:00,1948.3,86.35,346.9,13.88,393.2,20.6,668.1,0.0644,0.75,230.2,95.2,6.5
2025-05-24T06:56:00+00:00,1896.1,81.97,354.7,13.83,372.0,16.8,544.9,0.0577,0.76,230.2,95.2,8.4
2025-05-24T06:57:00+00:00,2022.2,81.31,360.9,13.67,371.4,20.9,598.5,0.0623,0.73,230.2,95.2,8.1
2025-05-24T06:58:00+00:00,1935.9,80.25,356.6,13.56,365.4,17.4,624.0,0.0603,0.71,230.2,95.2,8.8
2025-05-24T06:59:00+00:00,1933.4,80.86,352.4,13.80,372.8,17.6,597.4,0.0577,0.76,230.2,95.2,8.4
2025-05-24T07:00:00+00:00,1902.6,80.37,350.4,13.91,365.3,20.1,674.8,0.0574,0.79,230.2,95.2,9.8
2025-05-24T07:01:00+00:00,2009.4,82.58,351.5,13.83,389.2,18.7,610.0,0.0579,0.77,230.2,95.2,9.3
2025-05-24T07:02:00+00:00,2037.0,83.28,343.2,13.92,395.3,20.6,557.8,0.0592,0.76,230.2,95.2,8.0
2025-05-24T07:03:00+00:00,2052.9,85.37,344.8,14.01,372.7,18.0,570.9,0.0588,0.83,230.2,95.2,8.9
2025-05-24T07:04:00+00:00,1946.9,83.37,333.3,13.71,385.0,19.2,655.5,0.0621,0.85,230.2,95.2,9.3
2025-05-24T07:05:00+00:00,2191.0,82.71,358.8,14.05,385.5,16.3,652.7,0.0633,0.79,230.2,95.2,6.5
2025-05-24T07:06:00+00:00,1822.6,81.18,352.5,13.64,370.3,19.0,565.4,0.0560,0.67,230.2,95.2,7.6
2025-05-24T07:07:00+00:00,2485.0,85.68,340.6,13.70,395.1,16.4,607.3,0.0608,0.80,230.2,95.2,10.3
2025-05-24T07:08:00+00:00,2528.1,83.96,354.1,13.75,364.3,17.2,626.5,0.0600,0.65,230.2,95.2,7.6
2025-05-24T07:09:00+00:00,1963.9,80.79,334.9,13.91,382.4,19.3,626.6,0.0575,0.73,230.2,95.2,8.4
2025-05-24T07:10:00+00:00,2391.3,86.41,357.6,14.10,412.0,17.8,636.8,0.0600,0.76,230.2,95.2,8.9
2025-05-24T07:11:00+00:00,1849.6,81.47,361.5,13.83,371.4,17.8,660.9,0.0632,0.80,230.2,95.2,6.9
2025-05-24T07:12:00+00:00,2457.7,84.23,340.7,13.85,394.3,19.4,610.8,0.0595,0.70,230.2,95.2,7.7
2025-05-24T07:13:00+00:00,2153.8,82.06,366.3,13.71,395.2,18.9,567.8,0.0633,0.77,230.2,95.2,8.3
2025-05-24T07:14:00+00:00,1880.6,81.87,347.5,13.64,362.8,16.6,551.8,0.0587,0.74,230.2,95.2,8.1
2025-05-24T07:15:00+00:00,2039.7,81.62,342.8,13.98,380.0,19.8,604.6,0.0610,0.76,230.2,95.2,10.2
2025-05-24T07:16:00+00:00,1936.8,81.34,347.8,13.80,379.8,19.1,610.1,0.0579,0.81,230.2,95.2,8.1
2025-05-24T07:17:00+00:00,1999.5,82.39,341.7,13.69,359.9,16.1,647.4,0.0598,0.81,230.2,95.2,8.7
2025-05-24T07:18:00+00:00,2107.5,82.04,348.4,13.86,389.7,17.8,605.9,0.0607,0.74,230.2,95.2,7.6
2025-05-24T07:19:00+00:00,1990.3,80.35,357.5,13.72,389.4,17.3,633.2,0.0573,0.73,230.2,95.2,8.0
2025-05-24T07:20:00+00:00,2041.7,80.28,361.2,13.72,378.4,19.2,642.5,0.0622,0.84,230.2,95.2,9.2
2025-05-24T07:21:00+00:00,2426.3,84.47,346.5,13.76,407.2,20.3,624.4,0.0603,0.78,230.2,95.2,7.5
2025-05-24T07:22:00+00:00,1901.6,80.22,347.3,13.77,379.2,17.2,654.0,0.0574,0.77,230.2,95.2,6.9
2025-05-24T07:23:00+00:00,1936.4,80.12,343.7,13.83,385.1,14.9,589.5,0.0575,0.77,230.2,95.2,7.2
2025-05-24T07:24:00+00:00,2049.2,83.39,350.0,13.78,398.0,17.1,633.0,0.0573,0.69,230.2,95.2,9.7
2025-05-24T07:25:00+00:00,2021.4,82.44,370.0,13.80,375.1,18.2,622.4,0.0628,0.73,230.2,95.2,9.5
2025-05-24T07:26:00+00:00,1978.3,84.02,346.3,13.55,378.0,18.2,587.8,0.0610,0.74,230.2,95.2,8.6
2025-05-24T07:27:00+00:00,2004.3,81.93,348.4,13.66,354.1,15.3,582.4,0.0575,0.72,230.2,95.2,6.5
2025-05-24T07:28:00+00:00,1968.9,80.51,337.4,13.85,377.0,18.2,541.5,0.0625,0.67,230.2,95.2,7.5
2025-05-24T07:29:00+00:00,2425.9,85.31,347.9,13.93,413.3,17.6,629.1,0.0617,0.79,230.2,95.2,7.1
2025-05-24T07:30:00+00:00,1924.2,80.49,350.3,13.74,392.9,16.4,565.7,0.0600,0.78,230.2,95.2,8.1
2025-05-24T07:31:00+00:00,1947.3,79.22,339.4,13.78,384.4,16.8,597.2,0.0647,0.75,230.2,95.2,9.6
2025-05-24T07:32:00+00:00,2135.9,79.43,350.8,13.78,392.7,16.5,605.8,0.0580,0.71,230.2,95.2,8.1
2025-05-24T07:33:00+00:00,2533.0,83.66,355.1,13.72,408.2,19.5,566.6,0.0604,0.74,230.2,95.2,9.1
2025-05-24T07:34:00+00:00,1952.2,78.10,339.0,14.06,391.9,19.2,665.2,0.0575,0.75,230.2,95.2,7.9
2025-05-24T07:35:00+00:00,1929.3,82.12,355.1,13.88,390.2,16.9,561.7,0.0570,0.72,230.2,95.2,9.3
2025-05-24T07:36:00+00:00,2456.4,84.46,350.7,13.68,410.0,20.1,657.6,0.0595,0.68,230.2,95.2,6.5
2025-05-24T07:37:00+00:00,2224.2,83.05,349.6,13.72,392.8,18.8,611.3,0.0613,0.80,230.2,95.2,9.6
2025-05-24T07:38:00+00:00,2117.1,82.20,340.1,14.03,370.8,18.0,617.6,0.0586,0.79,230.2,95.2,8.4
2025-05-24T07:39:00+00:00,2463.0,85.06,354.4,13.68,395.5,19.2,657.9,0.0600,0.72,230.2,95.2,8.1
2025-05-24T07:40:00+00:00,1893.6,80.35,353.9,14.10,384.4,19.3,552.0,0.0576,0.79,230.2,95.2,9.4
2025-05-24T07:41:00+00:00,1838.2,78.01,346.0,13.84,370.5,17.0,642.0,0.0664,0.78,230.2,95.2,6.9
2025-05-24T07:42:00+00:00,2084.5,85.46,353.2,13.80,376.8,17.2,638.6,0.0674,0.80,230.2,95.2,7.2
2025-05-24T07:43:00+00:00,2174.1,84.11,350.0,13.82,366.2,20.3,605.1,0.0583,0.73,230.2,95.2,8.9
2025-05-24T07:44:00+00:00,2028.6,84.28,356.0,13.52,384.6,15.7,631.1,0.0623,0.74,230.2,95.2,7.9
2025-05-24T07:45:00+00:00,2024.1,81.35,351.8,13.99,380.5,17.3,600.6,0.0574,0.69,230.2,95.2,6.6
2025-05-24T07:46:00+00:00,2066.5,84.30,347.5,13.79,396.8,17.8,603.4,0.0649,0.69,230.2,95.2,7.9
2025-05-24T07:47:00+00:00,1977.1,83.83,345.2,13.82,378.2,15.5,628.8,0.0574,0.73,230.2,95.2,8.3
2025-05-24T07:48:00+00:00,2003.8,80.82,343.6,13.78,395.7,17.7,632.8,0.0675,0.79,230.2,95.2,9.5
2025-05-24T07:49:00+00:00,1901.8,79.63,341.6,13.60,395.0,17.0,585.6,0.0577,0.79,230.2,95.2,9.0
2025-05-24T07:50:00+00:00,1867.0,81.21,357.5,13.67,346.1,19.9,664.8,0.0623,0.78,230.2,95.2,8.2
2025-05-24T07:51:00+00:00,2213.5,84.17,327.9,13.76,368.2,19.2,615.8,0.0604,0.74,230.2,95.2,7.9
2025-05-24T07:52:00+00:00,1851.7,85.00,349.5,13.84,362.6,16.9,621.3,0.0558,0.63,230.2,95.2,9.5
2025-05-24T07:53:00+00:00,2095.8,82.90,343.5,14.07,373.7,16.8,550.6,0.0578,0.70,230.2,95.2,9.0
2025-05-24T07:54:00+00:00,1885.8,80.44,356.5,13.72,381.4,17.2,592.6,0.0589,0.77,230.2,95.2,8.0
2025-05-24T07:55:00+00:00,1898.2,80.54,361.8,13.66,388.2,17.1,621.8,0.0571,0.73,230.2,95.2,9.3
2025-05-24T07:56:00+00:00,2010.7,78.94,343.1,13.90,377.2,20.2,655.2,0.0579,0.78,230.2,95.2,9.3
2025-05-24T07:57:00+00:00,2174.7,84.48,341.1,13.83,384.1,16.9,632.9,0.0587,0.69,230.2,95.2,8.6
2025-05-24T07:58:00+00:00,2045.3,81.70,344.8,13.88,356.1,15.3,616.0,0.0744,0.84,230.2,95.2,8.6
2025-05-24T07:59:00+00:00,2246.6,82.39,352.2,13.83,383.6,18.9,593.8,0.0649,0.70,230.2,95.2,8.4
2025-05-24T08:00:00+00:00,1986.5,82.57,344.9,13.74,358.8,20.4,606.6,0.0575,0.74,230.2,95.2,7.7
2025-05-24T08:01:00+00:00,1986.5,84.22,353.6,13.73,368.3,17.3,540.7,0.0568,0.67,230.2,95.2,7.5
2025-05-24T08:02:00+00:00,2039.4,82.15,346.8,13.91,396.3,17.1,588.5,0.0583,0.74,230.2,95.2,7.1
2025-05-24T08:03:00+00:00,2072.3,81.40,338.3,13.96,380.3,17.2,593.4,0.0654,0.73,230.2,95.2,9.9
2025-05-24T08:04:00+00:00,2043.8,81.60,344.1,13.61,396.5,18.0,657.3,0.0581,0.77,230.2,95.2,8.4
2025-05-24T08:05:00+00:00,2153.6,86.19,353.4,13.59,370.4,15.4,644.2,0.0650,0.76,230.2,95.2,7.5
2025-05-24T08:06:00+00:00,2118.9,81.59,359.7,13.78,396.7,17.7,603.6,0.0581,0.73,230.2,95.2,8.1
2025-05-24T08:07:00+00:00,1981.1,82.43,358.6,13.90,395.3,18.8,547.5,0.0574,0.75,230.2,95.2,6.4
2025-05-24T08:08:00+00:00,2066.3,80.98,349.4,13.71,409.5,18.0,577.6,0.0613,0.57,230.2,95.2,8.0
2025-05-24T08:09:00+00:00,1922.6,84.94,352.1,13.88,345.4,17.5,676.4,0.0566,0.68,230.2,95.2,8.1
2025-05-24T08:10:00+00:00,2003.8,81.66,346.4,13.86,378.7,20.0,567.5,0.0601,0.69,230.2,95.2,9.6
2025-05-24T08:11:00+00:00,1958.8,84.00,349.2,14.17,386.1,19.2,604.4,0.0569,0.69,230.2,95.2,6.6
2025-05-24T08:12:00+00:00,1921.6,80.57,351.5,13.81,377.3,16.9,637.3,0.0632,0.79,230.2,95.2,8.2
2025-05-24T08:13:00+00:00,2011.7,79.72,365.9,14.20,382.8,19.4,557.9,0.0611,0.76,230.2,95.2,7.2
2025-05-24T08:14:00+00:00,1945.3,83.90,352.5,13.63,370.3,20.8,535.6,0.0577,0.76,230.2,95.2,9.6
2025-05-24T08:15:00+00:00,2050.9,82.18,349.4,13.60,386.6,18.3,622.2,0.0569,0.64,230.2,95.2,7.9
2025-05-24T08:16:00+00:00,2045.8,82.08,346.6,13.84,382.4,15.2,625.8,0.0579,0.74,230.2,95.2,8.0
2025-05-24T08:17:00+00:00,2069.5,79.83,349.6,13.63,378.7,16.4,565.2,0.0585,0.78,230.2,95.2,9.9
2025-05-24T08:18:00+00:00,2249.0,82.70,356.7,13.57,386.8,18.6,597.5,0.0585,0.65,230.2,95.2,7.4
2025-05-24T08:19:00+00:00,2193.4,82.42,344.1,13.68,376.7,17.0,660.1,0.0585,0.73,230.2,95.2,8.9
2025-05-24T08:20:00+00:00,2203.4,83.49,346.6,14.10,364.5,18.0,645.6,0.0613,0.79,230.2,95.2,8.6
2025-05-24T08:21:00+00:00,1878.2,83.18,357.2,13.81,387.7,15.1,590.5,0.0595,0.79,230.2,95.2,8.2
2025-05-24T08:22:00+00:00,2047.6,80.98,350.9,13.76,404.0,19.3,591.8,0.0582,0.78,230.2,95.2,9.8
2025-05-24T08:23:00+00:00,2079.5,82.30,348.4,13.97,389.6,18.4,629.5,0.0576,0.70,230.2,95.2,8.5
2025-05-24T08:24:00+00:00,1724.2,79.35,364.7,13.74,371.6,18.3,588.9,0.0597,0.67,230.2,95.2,9.6
2025-05-24T08:25:00+00:00,2057.9,80.53,349.2,13.51,364.4,17.6,620.9,0.0599,0.68,230.2,95.2,8.3
2025-05-24T08:26:00+00:00,2014.7,79.42,353.0,13.65,382.5,20.1,617.2,0.0587,0.71,230.2,95.2,8.8
2025-05-24T08:27:00+00:00,1931.5,83.58,355.3,13.77,380.0,18.0,602.3,0.0570,0.72,230.2,95.2,7.7
2025-05-24T08:28:00+00:00,2098.4,81.70,348.2,13.77,382.7,16.1,577.7,0.0621,0.75,230.2,95.2,8.3
2025-05-24T08:29:00+00:00,2010.5,85.09,358.2,13.74,383.0,16.6,579.0,0.0586,0.82,230.2,95.2,10.4
2025-05-24T08:30:00+00:00,2240.3,83.80,343.5,13.75,380.9,18.5,637.4,0.0670,0.84,230.2,95.2,8.0
2025-05-24T08:31:00+00:00,2149.8,82.30,346.0,13.86,417.5,18.1,626.3,0.0618,0.75,230.2,95.2,9.7
2025-05-24T08:32:00+00:00,1998.3,82.91,357.7,13.94,361.9,17.6,635.2,0.0573,0.71,230.2,95.2,9.2
2025-05-24T08:33:00+00:00,885.7,80.16,345.6,13.84,332.1,17.9,578.2,0.0511,0.69,230.2,95.2,9.9
2025-05-24T08:34:00+00:00,963.1,79.13,351.1,13.84,366.3,17.7,525.9,0.0519,0.73,230.2,95.2,7.2
2025-05-24T08:35:00+00:00,942.2,77.66,357.3,13.72,348.5,17.2,546.2,0.0522,0.78,230.2,95.2,8.7
2025-05-24T08:36:00+00:00,1011.6,79.96,349.8,13.76,370.6,16.3,579.0,0.0603,0.80,230.2,95.2,7.3
2025-05-24T08:37:00+00:00,842.5,76.15,351.0,13.91,353.1,16.9,554.2,0.0513,0.72,230.2,95.2,8.2
2025-05-24T08:38:00+00:00,1104.6,78.62,363.3,13.77,352.5,17.5,546.7,0.0519,0.64,230.2,95.2,9.2
2025-05-24T08:39:00+00:00,841.5,80.37,349.7,13.55,352.3,19.0,554.5,0.0535,0.75,230.2,95.2,9.3
2025-05-24T08:40:00+00:00,1045.4,79.50,361.4,13.77,359.9,15.8,584.5,0.0533,0.82,230.2,95.2,9.2
2025-05-24T08:41:00+00:00,1018.7,77.91,342.5,13.88,340.7,18.6,598.7,0.0554,0.63,230.2,95.2,7.8
2025-05-24T08:42:00+00:00,1000.5,78.79,359.6,13.82,364.0,16.7,534.5,0.0527,0.78,230.2,95.2,8.4
2025-05-24T08:43:00+00:00,983.0,78.48,365.7,14.07,358.2,19.3,571.1,0.0621,0.76,230.2,95.2,6.8
2025-05-24T08:44:00+00:00,1003.0,77.28,360.1,13.78,361.3,18.9,533.7,0.0584,0.77,230.2,95.2,8.9
2025-05-24T08:45:00+00:00,1072.3,79.46,363.1,13.90,372.9,15.6,587.3,0.0556,0.74,230.2,95.2,8.1
2025-05-24T14:00:00+00:00,1008.4,81.28,363.3,13.78,353.8,15.5,527.6,0.0522,0.72,230.2,95.2,7.3
2025-05-24T14:01:00+00:00,945.4,78.95,364.9,13.68,351.3,18.0,515.5,0.0521,0.75,230.2,95.2,7.9
2025-05-24T14:02:00+00:00,1094.3,79.29,357.5,13.96,371.5,17.8,562.3,0.0546,0.73,230.2,95.2,10.0
2025-05-24T14:03:00+00:00,786.4,77.31,359.1,13.83,343.7,19.7,518.9,0.0514,0.77,230.2,95.2,7.9
2025-05-24T14:04:00+00:00,894.8,78.89,347.9,13.96,334.6,17.8,606.1,0.0506,0.63,230.2,95.2,7.7
2025-05-24T14:05:00+00:00,985.5,77.56,371.0,13.64,348.8,17.1,534.4,0.0622,0.74,230.2,95.2,6.4
2025-05-24T14:06:00+00:00,929.5,76.09,353.3,13.92,343.6,15.9,572.7,0.0558,0.77,230.2,95.2,7.8
2025-05-24T14:07:00+00:00,899.3,78.96,344.3,13.99,356.4,17.5,578.6,0.0556,0.70,230.2,95.2,9.2
2025-05-24T14:08:00+00:00,1014.2,81.06,341.5,13.54,344.3,18.2,542.2,0.0527,0.72,230.2,95.2,9.2
2025-05-24T14:09:00+00:00,977.5,77.24,358.2,14.14,351.6,17.3,572.7,0.0537,0.70,230.2,95.2,6.6
2025-05-24T14:10:00+00:00,888.3,79.39,351.7,13.72,355.6,16.6,572.2,0.0535,0.78,230.2,95.2,9.1
2025-05-24T14:11:00+00:00,969.8,76.88,345.7,13.64,342.9,16.3,525.1,0.0527,0.80,230.2,95.2,7.9
2025-05-24T14:12:00+00:00,941.9,78.07,348.0,13.60,339.6,18.3,544.7,0.0547,0.61,230.2,95.2,8.8
2025-05-24T14:13:00+00:00,1948.8,82.10,353.8,13.97,376.6,19.9,612.9,0.0576,0.75,230.2,95.2,8.6
2025-05-24T14:14:00+00:00,2051.9,82.20,334.4,13.82,372.2,14.6,599.4,0.0595,0.66,230.2,95.2,6.8
2025-05-24T14:15:00+00:00,1945.7,80.90,346.6,13.82,395.1,18.2,560.7,0.0613,0.80,230.2,95.2,8.7
2025-05-24T14:16:00+00:00,2142.5,83.03,350.7,14.02,375.7,15.4,612.6,0.0586,0.75,230.2,95.2,8.2
2025-05-24T14:17:00+00:00,1895.5,81.72,343.1,13.90,378.3,15.9,587.9,0.0579,0.83,230.2,95.2,6.6
2025-05-24T14:18:00+00:00,2239.8,82.82,344.5,13.72,387.7,16.9,626.6,0.0671,0.74,230.2,95.2,8.3
2025-05-24T14:19:00+00:00,2169.2,85.12,333.5,13.74,378.6,18.2,527.1,0.0579,0.67,230.2,95.2,8.9
2025-05-24T14:20:00+00:00,2108.1,81.86,355.9,14.18,387.1,16.1,636.8,0.0588,0.78,230.2,95.2,8.2
2025-05-24T14:21:00+00:00,2007.6,79.62,330.8,13.60,386.7,18.9,631.9,0.0616,0.73,230.2,95.2,6.6
2025-05-24T14:22:00+00:00,2092.3,79.64,347.9,13.64,384.2,18.1,639.0,0.0587,0.80,230.2,95.2,9.2
2025-05-24T14:23:00+00:00,1847.1,81.71,356.8,13.91,373.5,18.3,584.3,0.0573,0.81,230.2,95.2,10.0
2025-05-24T14:24:00+00:00,2168.7,82.64,355.6,13.86,380.6,18.0,619.8,0.0579,0.63,230.2,95.2,8.9
2025-05-24T14:25:00+00:00,1979.4,81.43,362.5,14.02,391.1,15.6,604.4,0.0573,0.72,230.2,95.2,8.6
2025-05-24T14:26:00+00:00,2006.1,80.70,334.1,13.92,391.6,17.8,624.0,0.0584,0.80,230.2,95.2,8.8
2025-05-24T14:27:00+00:00,2106.2,83.01,344.3,13.38,384.4,17.6,589.8,0.0588,0.79,230.2,95.2,7.7
2025-05-24T14:28:00+00:00,1954.6,82.53,356.0,14.08,370.3,17.8,673.5,0.0588,0.82,230.2,95.2,9.3
2025-05-24T14:29:00+00:00,1929.0,79.46,343.7,13.79,367.7,19.1,606.3,0.0627,0.74,230.2,95.2,9.4
2025-05-24T14:30:00+00:00,1949.3,81.73,349.5,13.73,368.5,18.7,560.3,0.0574,0.75,230.2,95.2,8.6
2025-05-24T14:31:00+00:00,2145.0,80.73,347.1,13.73,375.4,19.0,581.5,0.0577,0.68,230.2,95.2,7.8
2025-05-24T14:32:00+00:00,2003.8,84.05,347.6,13.69,404.1,17.6,644.3,0.0573,0.71,230.2,95.2,10.3
2025-05-24T14:33:00+00:00,2029.3,82.36,353.0,13.83,376.4,19.3,593.7,0.0643,0.70,230.2,95.2,9.5
2025-05-24T14:34:00+00:00,1812.8,79.17,346.3,13.60,388.0,18.1,590.7,0.0575,0.82,230.2,95.2,8.5
2025-05-24T14:35:00+00:00,1991.7,82.07,351.7,13.84,389.7,19.6,620.8,0.0606,0.73,230.2,95.2,9.4
2025-05-24T14:36:00+00:00,2012.0,81.51,359.1,13.70,410.7,17.3,625.5,0.0574,0.72,230.2,95.2,7.1
2025-05-24T14:37:00+00:00,1743.9,78.65,359.0,13.89,368.4,17.8,585.9,0.0569,0.80,230.2,95.2,7.4
2025-05-24T14:38:00+00:00,1961.2,81.92,352.4,13.78,372.8,18.8,597.9,0.0639,0.77,230.2,95.2,8.8
2025-05-24T14:39:00+00:00,1769.0,83.41,355.2,13.76,381.7,18.1,593.8,0.0559,0.70,230.2,95.2,7.1
2025-05-24T14:40:00+00:00,2078.2,81.65,368.1,13.70,390.5,14.4,651.8,0.0687,0.80,230.2,95.2,7.9
2025-05-24T14:41:00+00:00,1910.0,80.89,352.7,13.54,382.5,18.6,614.7,0.0618,0.81,230.2,95.2,8.4
2025-05-24T14:42:00+00:00,2010.8,79.32,348.0,13.75,372.7,20.1,595.5,0.0604,0.78,230.2,95.2,8.9
2025-05-24T14:43:00+00:00,1854.8,83.10,357.4,13.74,368.4,19.0,606.5,0.0617,0.72,230.2,95.2,6.4
2025-05-24T14:44:00+00:00,2038.8,82.61,343.0,14.03,397.4,14.1,597.0,0.0581,0.76,230.2,95.2,7.7
2025-05-24T14:45:00+00:00,2100.9,85.65,343.4,13.80,368.8,17.5,583.8,0.0705,0.81,230.2,95.2,8.7
2025-05-24T14:46:00+00:00,2076.5,85.26,349.6,13.67,396.8,15.9,627.7,0.0663,0.64,230.2,95.2,8.3
2025-05-24T14:47:00+00:00,1962.4,77.95,356.3,13.93,388.9,18.2,567.2,0.0652,0.83,230.2,95.2,7.3
2025-05-24T14:48:00+00:00,2002.0,81.23,357.0,14.02,380.0,19.8,591.9,0.0572,0.71,230.2,95.2,8.2
2025-05-24T14:49:00+00:00,2019.3,82.62,339.2,13.78,374.9,18.5,622.1,0.0581,0.78,230.2,95.2,9.6
2025-05-24T14:50:00+00:00,2205.8,84.93,355.0,13.87,385.4,15.4,600.2,0.0633,0.73,230.2,95.2,8.5
2025-05-24T14:51:00+00:00,2031.3,82.16,356.5,13.81,374.1,18.1,575.9,0.0589,0.85,230.2,95.2,7.8
2025-05-24T14:52:00+00:00,2083.1,83.66,351.5,13.91,377.7,21.0,620.0,0.0594,0.88,230.2,95.2,7.3
2025-05-24T14:53:00+00:00,1996.9,80.87,337.4,13.84,402.3,18.6,617.3,0.0578,0.76,230.2,95.2,9.3
2025-05-24T14:54:00+00:00,2178.3,83.35,342.0,13.57,396.9,16.4,589.4,0.0584,0.72,230.2,95.2,8.5
2025-05-24T14:55:00+00:00,2074.7,82.55,340.6,14.10,386.5,19.8,576.1,0.0582,0.75,230.2,95.2,6.5
2025-05-24T14:56:00+00:00,1867.6,83.79,346.7,13.99,408.6,18.9,571.9,0.0680,0.73,230.2,95.2,9.5
2025-05-24T14:57:00+00:00,1933.9,84.50,353.6,13.74,359.0,15.6,593.5,0.0630,0.79,230.2,95.2,8.5
2025-05-24T14:58:00+00:00,2174.4,83.65,341.4,13.78,372.2,20.5,680.5,0.0643,0.79,230.2,95.2,6.7
2025-05-24T14:59:00+00:00,1968.7,82.30,335.9,13.60,374.5,18.9,635.2,0.0573,0.73,230.2,95.2,7.9
2025-05-24T15:00:00+00:00,1985.8,82.01,364.5,13.76,386.7,17.9,619.9,0.0604,0.78,230.2,95.2,6.3
2025-05-24T15:01:00+00:00,2202.7,81.89,339.0,13.66,372.3,18.9,624.0,0.0590,0.76,230.2,95.2,9.5
2025-05-24T15:02:00+00:00,1951.4,81.57,343.8,13.81,394.1,17.1,671.1,0.0568,0.69,230.2,95.2,8.6
2025-05-24T15:03:00+00:00,2434.4,86.04,347.6,13.96,412.4,17.6,649.4,0.0672,0.78,230.2,95.2,9.8
2025-05-24T15:04:00+00:00,1971.5,82.45,339.6,13.87,390.9,15.1,593.1,0.0580,0.78,230.2,95.2,8.3
2025-05-24T15:05:00+00:00,2483.0,86.05,345.1,13.90,403.1,17.2,565.3,0.0616,0.70,230.2,95.2,8.5
2025-05-24T15:06:00+00:00,2403.4,84.81,344.4,13.69,391.5,22.4,670.0,0.0603,0.79,230.2,95.2,8.3
2025-05-24T15:07:00+00:00,1941.3,81.93,344.4,13.85,379.6,20.1,627.9,0.0567,0.68,230.2,95.2,9.2
2025-05-24T15:08:00+00:00,2102.4,80.97,347.7,13.96,370.5,21.4,586.9,0.0599,0.72,230.2,95.2,8.9
2025-05-24T15:09:00+00:00,2590.0,84.12,342.7,13.87,388.2,15.9,596.7,0.0607,0.72,230.2,95.2,10.7
2025-05-24T15:10:00+00:00,2108.0,82.95,348.9,13.74,396.4,18.9,630.8,0.0585,0.77,230.2,95.2,8.2
2025-05-24T15:11:00+00:00,2418.6,84.18,347.3,13.94,413.5,15.6,614.7,0.0655,0.73,230.2,95.2,9.7
2025-05-24T15:12:00+00:00,2112.6,82.98,335.9,13.87,381.6,17.1,598.5,0.0591,0.83,230.2,95.2,8.1
2025-05-24T15:13:00+00:00,2096.4,82.43,351.3,13.95,380.5,18.7,580.1,0.0590,0.83,230.2,95.2,8.9
2025-05-24T15:14:00+00:00,1951.3,85.10,342.7,13.88,388.3,15.7,562.1,0.0578,0.77,230.2,95.2,7.9
2025-05-24T15:15:00+00:00,2415.0,83.02,343.8,13.52,387.3,16.3,628.2,0.0634,0.74,230.2,95.2,10.2
2025-05-24T15:16:00+00:00,2011.4,82.98,352.1,13.88,365.3,18.1,553.9,0.0567,0.65,230.2,95.2,8.9
2025-05-24T15:17:00+00:00,2105.0,85.64,346.3,13.85,374.9,20.9,570.0,0.0575,0.68,230.2,95.2,8.6
2025-05-24T15:18:00+00:00,1786.9,84.55,351.7,13.58,367.1,19.0,594.6,0.0658,0.69,230.2,95.2,10.5
2025-05-24T15:19:00+00:00,2115.5,83.59,350.5,13.82,381.9,19.7,598.8,0.0577,0.69,230.2,95.2,7.7
2025-05-24T15:20:00+00:00,1967.9,80.42,344.2,14.07,381.6,18.4,574.0,0.0577,0.75,230.2,95.2,8.4
2025-05-24T15:21:00+00:00,1875.0,83.46,359.2,13.92,362.7,17.5,591.3,0.0637,0.84,230.2,95.2,9.5
2025-05-24T15:22:00+00:00,2458.8,84.23,339.3,13.77,377.4,18.1,594.3,0.0623,0.69,230.2,95.2,8.8
2025-05-24T15:23:00+00:00,2131.7,82.83,341.1,13.73,389.3,17.1,650.8,0.0580,0.70,230.2,95.2,9.1
2025-05-24T15:24:00+00:00,1918.7,82.34,356.5,13.91,423.4,18.4,611.7,0.0628,0.83,230.2,95.2,6.3
2025-05-24T15:25:00+00:00,2036.1,82.83,337.2,14.10,374.7,17.8,596.6,0.0626,0.70,230.2,95.2,8.3
2025-05-24T15:26:00+00:00,2502.9,84.33,344.5,14.06,402.4,21.6,655.0,0.0600,0.71,230.2,95.2,8.6
2025-05-24T15:27:00+00:00,2433.3,83.07,330.5,13.68,377.3,17.9,583.7,0.0627,0.69,230.2,95.2,9.1
2025-05-24T15:28:00+00:00,1803.6,78.98,355.4,13.70,375.8,19.0,628.6,0.0585,0.81,230.2,95.2,7.1
2025-05-24T15:29:00+00:00,1950.3,80.68,343.5,13.84,390.4,19.3,591.0,0.0616,0.70,230.2,95.2,8.7
2025-05-24T15:30:00+00:00,2434.0,83.08,344.5,13.93,382.0,18.5,628.9,0.0604,0.77,230.2,95.2,7.8
2025-05-24T15:31:00+00:00,1980.9,82.52,349.0,13.92,369.0,19.0,651.4,0.0565,0.65,230.2,95.2,7.9
2025-05-24T15:32:00+00:00,1949.6,80.88,356.9,13.57,388.4,17.7,593.2,0.0645,0.69,230.2,95.2,8.9
2025-05-24T15:33:00+00:00,2036.5,81.02,367.1,13.61,383.6,18.1,603.9,0.0578,0.75,230.2,95.2,8.8
2025-05-24T15:34:00+00:00,1823.1,82.20,347.1,13.43,371.7,17.5,641.4,0.0616,0.71,230.2,95.2,10.3
2025-05-24T15:35:00+00:00,2139.5,84.27,350.7,13.50,401.2,18.3,653.9,0.0621,0.77,230.2,95.2,6.8
2025-05-24T15:36:00+00:00,2188.1,82.94,337.3,14.01,381.0,18.3,624.2,0.0638,0.79,230.2,95.2,9.6
2025-05-24T15:37:00+00:00,1902.3,83.93,334.1,13.58,379.2,17.1,533.3,0.0659,0.78,230.2,95.2,10.6
2025-05-24T15:38:00+00:00,2054.6,79.29,349.2,14.13,387.7,17.8,628.1,0.0602,0.76,230.2,95.2,8.7
2025-05-24T15:39:00+00:00,1865.4,80.56,355.7,13.77,361.8,17.2,560.7,0.0605,0.74,230.2,95.2,7.7
2025-05-24T15:40:00+00:00,1959.4,82.76,355.7,13.80,396.0,20.1,585.8,0.0630,0.83,230.2,95.2,8.4
2025-05-24T15:41:00+00:00,1886.7,82.32,348.2,13.81,370.8,17.8,526.7,0.0586,0.79,230.2,95.2,9.3
2025-05-24T15:42:00+00:00,2041.0,81.68,345.9,13.83,389.0,17.0,608.8,0.0578,0.75,230.2,95.2,10.6
2025-05-24T15:43:00+00:00,2023.6,82.90,348.4,13.84,380.7,18.7,633.9,0.0605,0.73,230.2,95.2,9.8
2025-05-24T15:44:00+00:00,1912.9,81.33,347.3,13.59,389.4,19.3,603.3,0.0602,0.75,230.2,95.2,8.4
2025-05-24T15:45:00+00:00,1958.4,80.70,355.8,13.68,365.1,15.2,582.0,0.0603,0.72,230.2,95.2,9.2
2025-05-24T15:46:00+00:00,1942.5,80.77,350.3,13.65,383.8,17.3,577.5,0.0618,0.71,230.2,95.2,8.7
2025-05-24T15:47:00+00:00,2128.9,82.18,330.2,13.79,382.2,18.0,597.1,0.0655,0.73,230.2,95.2,10.1
2025-05-24T15:48:00+00:00,1893.7,83.83,346.4,13.39,356.7,20.0,613.3,0.0568,0.72,230.2,95.2,6.8
2025-05-24T15:49:00+00:00,2005.5,83.08,349.6,13.73,403.0,16.4,596.7,0.0580,0.76,230.2,95.2,6.0
2025-05-24T15:50:00+00:00,2081.4,81.46,353.3,13.82,390.9,18.2,623.8,0.0616,0.76,230.2,95.2,8.6
2025-05-24T15:51:00+00:00,2074.0,81.47,348.6,13.57,395.1,21.0,604.7,0.0584,0.79,230.2,95.2,9.0
2025-05-24T15:52:00+00:00,1897.3,81.12,351.0,13.81,363.5,16.5,550.3,0.0573,0.64,230.2,95.2,9.0
2025-05-24T15:53:00+00:00,1924.1,80.56,335.8,13.79,353.8,19.2,587.3,0.0575,0.73,230.2,95.2,8.7
2025-05-24T15:54:00+00:00,2129.2,81.88,342.4,13.73,401.7,16.1,651.3,0.0661,0.75,230.2,95.2,7.1
2025-05-24T15:55:00+00:00,1859.1,80.64,354.7,13.62,375.0,17.4,592.0,0.0576,0.68,230.2,95.2,8.0
2025-05-24T15:56:00+00:00,2063.7,82.31,336.7,13.93,385.7,17.2,640.0,0.0575,0.70,230.2,95.2,8.2
2025-05-24T15:57:00+00:00,2245.8,81.49,348.9,13.77,386.7,17.3,605.5,0.0593,0.79,230.2,95.2,7.7
2025-05-24T15:58:00+00:00,1844.3,80.44,352.2,13.64,379.4,18.4,511.2,0.0566,0.71,230.2,95.2,8.1
2025-05-24T15:59:00+00:00,1883.6,84.30,353.0,13.94,373.9,19.3,557.6,0.0578,0.82,230.2,95.2,10.2
2025-05-24T16:00:00+00:00,2003.0,80.93,348.1,13.72,409.3,18.0,619.3,0.0660,0.73,230.2,95.2,7.6
2025-05-24T16:01:00+00:00,1883.1,83.46,348.6,13.63,382.8,19.2,576.6,0.0571,0.75,230.2,95.2,7.2
2025-05-24T16:02:00+00:00,2155.8,83.17,343.3,13.93,399.3,19.5,613.3,0.0618,0.71,230.2,95.2,7.7
2025-05-24T16:03:00+00:00,2161.1,84.93,353.0,13.93,384.9,17.3,559.9,0.0622,0.79,230.2,95.2,7.7
2025-05-24T16:04:00+00:00,1940.6,82.71,350.0,13.58,374.8,19.5,611.8,0.0578,0.68,230.2,95.2,9.9
2025-05-24T16:05:00+00:00,1906.5,80.42,338.3,13.76,360.2,20.1,621.2,0.0608,0.79,230.2,95.2,7.7
2025-05-24T16:06:00+00:00,2101.2,83.17,361.3,13.67,393.9,18.5,632.4,0.0582,0.75,230.2,95.2,10.3
2025-05-24T16:07:00+00:00,1953.8,83.22,352.6,13.62,386.9,12.9,687.7,0.0647,0.80,230.2,95.2,6.5
2025-05-24T16:08:00+00:00,2001.4,81.35,361.2,13.90,393.6,16.1,625.2,0.0646,0.77,230.2,95.2,8.5
2025-05-24T16:09:00+00:00,1911.9,82.19,356.5,13.81,381.7,18.4,557.2,0.0573,0.73,230.2,95.2,10.4
2025-05-24T16:10:00+00:00,2007.9,80.14,347.5,13.58,403.7,18.9,619.2,0.0578,0.74,230.2,95.2,8.5
2025-05-24T16:11:00+00:00,2174.5,83.79,361.8,13.59,355.4,14.7,659.8,0.0585,0.69,230.2,95.2,9.5
2025-05-24T16:12:00+00:00,1916.0,81.96,353.9,13.88,372.9,19.3,647.1,0.0571,0.73,230.2,95.2,10.3
2025-05-24T16:13:00+00:00,1978.5,82.74,365.8,13.66,380.4,17.4,610.2,0.0580,0.78,230.2,95.2,8.9
2025-05-24T16:14:00+00:00,2057.9,84.68,353.8,13.47,382.0,19.8,563.3,0.0579,0.74,230.2,95.2,9.6
2025-05-24T16:15:00+00:00,2041.4,81.95,351.1,13.73,399.8,16.1,596.8,0.0598,0.65,230.2,95.2,7.9
2025-05-24T16:16:00+00:00,2214.4,84.06,354.4,13.77,387.4,17.1,575.0,0.0615,0.70,230.2,95.2,10.0
2025-05-24T16:17:00+00:00,2099.9,81.42,349.0,13.70,404.0,16.8,621.7,0.0604,0.68,230.2,95.2,8.7
2025-05-24T16:18:00+00:00,1954.3,82.49,333.3,13.87,395.8,17.3,592.5,0.0659,0.88,230.2,95.2,7.8
2025-05-24T16:19:00+00:00,1039.6,78.79,353.8,13.84,353.4,18.1,570.9,0.0528,0.76,230.2,95.2,8.5
2025-05-24T16:20:00+00:00,884.3,81.46,349.3,13.87,348.5,17.8,571.6,0.0519,0.66,230.2,95.2,8.8
2025-05-24T16:21:00+00:00,1061.5,79.25,361.5,13.82,352.9,16.6,579.8,0.0528,0.76,230.2,95.2,8.4
2025-05-24T16:22:00+00:00,974.7,77.58,370.5,13.57,349.8,18.0,527.1,0.0584,0.65,230.2,95.2,8.1
2025-05-24T16:23:00+00:00,1014.9,78.31,356.4,14.06,355.7,14.6,598.2,0.0595,0.77,230.2,95.2,9.2
2025-05-24T16:24:00+00:00,923.6,80.89,343.2,13.66,345.6,18.7,600.1,0.0607,0.77,230.2,95.2,7.7
2025-05-24T16:25:00+00:00,886.5,80.44,370.1,13.82,355.4,19.7,545.5,0.0524,0.73,230.2,95.2,8.9
2025-05-24T16:26:00+00:00,936.3,76.79,351.4,13.66,351.9,20.2,556.2,0.0517,0.74,230.2,95.2,7.6
2025-05-24T16:27:00+00:00,967.8,76.05,357.3,13.94,334.8,17.3,509.0,0.0532,0.76,230.2,95.2,7.6
2025-05-24T16:28:00+00:00,939.4,77.50,350.7,13.87,353.9,17.9,492.8,0.0532,0.70,230.2,95.2,8.1
2025-05-24T16:29:00+00:00,890.0,77.30,350.3,13.85,345.5,18.6,574.8,0.0615,0.74,230.2,95.2,8.4
2025-05-24T16:30:00+00:00,983.3,78.68,346.9,13.93,353.2,17.6,586.7,0.0523,0.73,230.2,95.2,8.4
2025-05-25T06:00:00+00:00,1114.9,79.47,370.9,13.72,360.7,15.2,596.9,0.0526,0.18,351.5,171.5,2.9
2025-05-25T06:01:00+00:00,918.6,77.26,353.6,13.93,331.7,18.1,559.5,0.0497,0.23,351.5,171.5,2.5
2025-05-25T06:02:00+00:00,978.8,74.75,351.4,13.74,345.3,19.7,542.3,0.0464,0.17,351.5,171.5,1.9
2025-05-25T06:03:00+00:00,860.0,77.23,349.5,13.76,336.6,20.1,532.4,0.0478,0.21,351.5,171.5,1.9
2025-05-25T06:04:00+00:00,803.3,76.49,373.7,13.89,342.7,16.8,539.5,0.0478,0.24,351.5,171.5,1.9
2025-05-25T06:05:00+00:00,1077.2,78.49,369.9,13.73,336.5,19.4,524.1,0.0475,0.22,351.5,171.5,5.0
2025-05-25T06:06:00+00:00,970.8,78.25,352.6,13.89,333.6,18.1,548.1,0.0469,0.22,351.5,171.5,2.9
2025-05-25T06:07:00+00:00,1026.5,79.15,362.5,13.73,344.3,17.7,548.3,0.0462,0.11,351.5,171.5,3.1
2025-05-25T06:08:00+00:00,1098.5,81.05,371.0,13.64,353.7,20.0,550.8,0.0480,0.27,351.5,171.5,1.7
2025-05-25T06:09:00+00:00,1063.0,78.92,350.9,13.78,362.7,16.6,585.7,0.0461,0.10,351.5,171.5,2.9
2025-05-25T06:10:00+00:00,1004.0,79.62,357.1,13.73,369.3,17.9,536.2,0.0563,0.23,351.5,171.5,5.2
2025-05-25T06:11:00+00:00,1093.1,80.77,371.6,13.83,345.4,17.6,565.7,0.0485,0.22,351.5,171.5,4.8
2025-05-25T06:12:00+00:00,921.4,80.10,352.4,13.37,348.5,17.8,597.0,0.0468,0.25,351.5,171.5,2.3
2025-05-25T06:13:00+00:00,2006.4,81.95,334.6,13.84,379.5,19.4,608.5,0.0526,0.22,351.5,171.5,2.2
2025-05-25T06:14:00+00:00,2216.2,80.60,359.9,13.89,399.6,20.5,594.9,0.0529,0.16,351.5,171.5,2.7
2025-05-25T06:15:00+00:00,2005.6,82.88,342.6,13.80,396.2,17.2,586.1,0.0554,0.23,351.5,171.5,2.7
2025-05-25T06:16:00+00:00,1846.7,81.53,349.9,14.06,362.3,18.5,572.0,0.0510,0.17,351.5,171.5,3.1
2025-05-25T06:17:00+00:00,1978.1,83.86,352.2,13.70,374.0,17.3,657.2,0.0548,0.21,351.5,171.5,3.8
2025-05-25T06:18:00+00:00,2006.0,80.78,353.7,13.83,378.1,18.0,599.6,0.0526,0.23,351.5,171.5,1.7
2025-05-25T06:19:00+00:00,1781.1,79.72,345.4,13.65,376.2,20.2,568.4,0.0583,0.19,351.5,171.5,1.7
2025-05-25T06:20:00+00:00,2042.1,81.10,357.1,13.81,376.3,20.7,636.4,0.0526,0.22,351.5,171.5,3.9
2025-05-25T06:21:00+00:00,2105.6,84.28,353.8,14.15,391.3,21.2,605.5,0.0536,0.28,351.5,171.5,3.1
2025-05-25T06:22:00+00:00,1961.6,83.99,356.3,14.09,366.6,19.5,607.5,0.0544,0.10,351.5,171.5,5.4
2025-05-25T06:23:00+00:00,2060.2,83.61,339.9,14.05,373.0,18.6,616.5,0.0532,0.11,351.5,171.5,2.4
2025-05-25T06:24:00+00:00,1907.2,82.63,355.7,13.88,360.5,18.6,637.5,0.0542,0.20,351.5,171.5,2.4
2025-05-25T06:25:00+00:00,2128.0,83.04,347.3,13.83,388.5,14.9,620.8,0.0588,0.20,351.5,171.5,2.2
2025-05-25T06:26:00+00:00,1949.5,82.25,354.1,13.77,391.3,18.5,619.3,0.0525,0.18,351.5,171.5,2.9
2025-05-25T06:27:00+00:00,1958.2,83.99,341.8,13.84,374.4,16.9,628.7,0.0563,0.23,351.5,171.5,1.4
2025-05-25T06:28:00+00:00,2100.8,80.77,362.0,13.90,389.2,19.6,637.2,0.0530,0.24,351.5,171.5,1.7
2025-05-25T06:29:00+00:00,2021.9,84.12,365.3,13.74,371.7,18.4,574.4,0.0521,0.18,351.5,171.5,2.5
2025-05-25T06:30:00+00:00,1926.8,81.56,364.0,13.82,379.6,17.4,612.5,0.0527,0.21,351.5,171.5,3.2
2025-05-25T06:31:00+00:00,1967.9,83.60,350.7,13.88,385.8,20.2,602.2,0.0635,0.20,351.5,171.5,3.3
2025-05-25T06:32:00+00:00,1819.7,80.63,353.7,13.84,389.4,18.7,557.8,0.0515,0.23,351.5,171.5,4.1
2025-05-25T06:33:00+00:00,2014.4,82.73,344.9,13.94,381.5,18.1,621.1,0.0526,0.24,351.5,171.5,3.0
2025-05-25T06:34:00+00:00,2077.0,82.72,346.0,13.98,419.7,19.0,611.9,0.0562,0.19,351.5,171.5,3.5
2025-05-25T06:35:00+00:00,1914.6,83.25,364.2,13.87,410.5,19.4,581.3,0.0518,0.21,351.5,171.5,2.5
2025-05-25T06:36:00+00:00,1925.7,82.27,332.5,13.92,346.7,18.9,626.7,0.0533,0.10,351.5,171.5,3.6
2025-05-25T06:37:00+00:00,1957.2,83.12,353.2,13.77,380.2,19.6,600.3,0.0556,0.10,351.5,171.5,2.2
2025-05-25T06:38:00+00:00,1996.5,80.80,343.8,13.93,390.7,21.5,559.0,0.0513,0.11,351.5,171.5,2.4
2025-05-25T06:39:00+00:00,1807.6,82.08,350.7,13.58,384.0,16.5,563.7,0.0500,0.10,351.5,171.5,4.1
2025-05-25T06:40:00+00:00,1973.9,84.88,370.6,13.92,357.9,17.0,553.9,0.0522,0.21,351.5,171.5,3.0
2025-05-25T06:41:00+00:00,1938.2,81.14,353.1,13.68,395.9,18.5,600.2,0.0513,0.14,351.5,171.5,3.0
2025-05-25T06:42:00+00:00,2028.0,84.31,355.7,13.73,382.1,17.3,628.0,0.0532,0.21,351.5,171.5,1.0
2025-05-25T06:43:00+00:00,1989.2,81.86,364.4,13.72,366.4,20.3,596.9,0.0552,0.23,351.5,171.5,3.7
2025-05-25T06:44:00+00:00,2017.6,79.66,337.9,13.65,370.9,18.2,689.1,0.0582,0.21,351.5,171.5,1.8
2025-05-25T06:45:00+00:00,2165.2,83.77,345.9,13.72,397.6,16.9,540.5,0.0541,0.29,351.5,171.5,4.0
2025-05-25T06:46:00+00:00,2120.6,82.13,346.1,13.74,390.5,20.0,615.9,0.0556,0.20,351.5,171.5,2.9
2025-05-25T06:47:00+00:00,1983.0,81.18,348.1,13.68,370.2,18.8,578.9,0.0524,0.18,351.5,171.5,3.7
2025-05-25T06:48:00+00:00,2072.6,84.87,352.7,13.78,390.7,20.5,626.4,0.0525,0.18,351.5,171.5,4.2
2025-05-25T06:49:00+00:00,2041.9,82.18,344.8,13.92,383.3,19.0,692.1,0.0526,0.21,351.5,171.5,3.1
2025-05-25T06:50:00+00:00,2149.7,81.79,338.4,13.90,394.4,16.8,614.3,0.0643,0.22,351.5,171.5,2.8
2025-05-25T06:51:00+00:00,2024.3,82.20,347.6,13.92,386.1,16.2,633.7,0.0531,0.23,351.5,171.5,2.0
2025-05-25T06:52:00+00:00,2009.4,83.86,343.2,13.65,374.0,16.6,622.9,0.0528,0.25,351.5,171.5,3.0
2025-05-25T06:53:00+00:00,1950.6,83.22,358.7,13.84,396.8,18.1,577.7,0.0518,0.14,351.5,171.5,3.3
2025-05-25T06:54:00+00:00,2017.7,82.21,363.3,13.87,397.6,19.9,616.7,0.0621,0.22,351.5,171.5,5.2
2025-05-25T06:55:00+00:00,2000.1,80.53,348.7,13.89,394.4,18.3,549.4,0.0520,0.20,351.5,171.5,4.1
2025-05-25T06:56:00+00:00,2151.7,79.13,341.4,13.91,374.5,18.0,631.4,0.0601,0.25,351.5,171.5,5.2
2025-05-25T06:57:00+00:00,2155.9,83.39,345.2,13.58,376.5,18.7,568.6,0.0540,0.29,351.5,171.5,2.6
2025-05-25T06:58:00+00:00,2104.6,81.57,355.3,13.74,385.4,19.9,645.7,0.0532,0.24,351.5,171.5,4.4
2025-05-25T06:59:00+00:00,2132.8,79.98,356.0,13.69,406.7,18.3,609.7,0.0543,0.18,351.5,171.5,2.4
2025-05-25T07:00:00+00:00,2062.6,82.45,370.4,13.88,371.2,18.7,581.3,0.0523,0.17,351.5,171.5,4.2
2025-05-25T07:01:00+00:00,2034.0,81.42,328.6,13.75,400.0,18.8,664.4,0.0524,0.19,351.5,171.5,3.2
2025-05-25T07:02:00+00:00,2068.8,81.66,354.8,13.79,396.6,18.2,601.7,0.0529,0.22,351.5,171.5,4.1
2025-05-25T07:03:00+00:00,1948.2,81.77,360.7,13.80,387.4,16.7,604.4,0.0531,0.14,351.5,171.5,1.5
2025-05-25T07:04:00+00:00,2550.9,81.70,349.1,13.65,407.7,17.3,642.2,0.0570,0.20,351.5,171.5,1.7
2025-05-25T07:05:00+00:00,2352.4,84.60,343.6,13.30,380.6,19.3,582.5,0.0611,0.22,351.5,171.5,2.0
2025-05-25T07:06:00+00:00,2439.1,80.92,350.7,13.71,398.4,18.8,599.4,0.0575,0.19,351.5,171.5,1.8
2025-05-25T07:07:00+00:00,1952.6,84.56,359.9,13.92,392.7,19.3,620.2,0.0511,0.10,351.5,171.5,3.9
2025-05-25T07:08:00+00:00,2326.5,82.28,341.0,13.76,393.6,16.3,634.3,0.0599,0.24,351.5,171.5,3.5
2025-05-25T07:09:00+00:00,2131.9,81.62,347.6,13.86,407.9,18.1,577.4,0.0524,0.15,351.5,171.5,2.5
2025-05-25T07:10:00+00:00,2013.1,84.75,362.6,13.86,383.4,18.7,677.2,0.0558,0.23,351.5,171.5,2.1
2025-05-25T07:11:00+00:00,2506.2,83.52,341.0,13.65,397.9,17.6,607.9,0.0546,0.18,351.5,171.5,5.0
2025-05-25T07:12:00+00:00,2035.5,83.51,365.1,14.00,383.7,15.7,648.8,0.0520,0.16,351.5,171.5,2.1
2025-05-25T07:13:00+00:00,2243.6,82.14,365.4,14.00,412.8,19.9,615.5,0.0625,0.23,351.5,171.5,1.4
2025-05-25T07:14:00+00:00,2412.6,83.43,345.7,13.67,389.8,19.8,572.6,0.0560,0.22,351.5,171.5,1.4
2025-05-25T07:15:00+00:00,2035.1,84.04,345.9,13.81,378.8,19.8,626.5,0.0644,0.21,351.5,171.5,3.8
2025-05-25T07:16:00+00:00,2021.2,81.99,363.3,13.73,363.6,19.1,631.2,0.0525,0.21,351.5,171.5,4.5
2025-05-25T07:17:00+00:00,2382.7,82.64,347.5,13.77,361.7,17.9,605.7,0.0565,0.15,351.5,171.5,3.2
2025-05-25T07:18:00+00:00,1899.1,79.85,341.7,13.83,358.8,17.2,568.0,0.0529,0.26,351.5,171.5,3.2
2025-05-25T07:19:00+00:00,2553.9,83.64,351.7,13.90,418.3,18.4,664.2,0.0557,0.24,351.5,171.5,3.1
2025-05-25T07:20:00+00:00,2459.0,85.60,341.4,13.86,397.5,20.3,626.2,0.0545,0.19,351.5,171.5,1.8
2025-05-25T07:21:00+00:00,1881.8,82.06,354.5,13.89,388.8,18.0,610.2,0.0515,0.17,351.5,171.5,2.3
2025-05-25T07:22:00+00:00,1874.7,80.42,349.9,13.67,363.9,17.5,588.5,0.0551,0.14,351.5,171.5,3.2
2025-05-25T07:23:00+00:00,1983.4,81.18,349.8,14.01,387.4,15.9,568.4,0.0600,0.28,351.5,171.5,2.0
2025-05-25T07:24:00+00:00,2328.0,82.43,368.5,13.51,401.9,19.0,639.3,0.0537,0.18,351.5,171.5,5.0
2025-05-25T07:25:00+00:00,2425.2,85.10,344.4,13.77,397.1,17.8,631.6,0.0544,0.19,351.5,171.5,4.4
2025-05-25T07:26:00+00:00,2039.8,81.28,354.5,13.96,355.9,18.1,572.6,0.0526,0.20,351.5,171.5,3.7
2025-05-25T07:27:00+00:00,2276.7,84.13,347.8,13.80,412.3,16.0,597.7,0.0543,0.27,351.5,171.5,4.1
2025-05-25T07:28:00+00:00,2503.7,84.06,350.9,13.74,422.0,18.1,632.8,0.0550,0.21,351.5,171.5,4.4
2025-05-25T07:29:00+00:00,2428.8,79.66,362.6,13.99,396.7,16.8,637.0,0.0543,0.16,351.5,171.5,2.3
2025-05-25T07:30:00+00:00,1971.6,81.12,352.5,13.44,357.9,19.1,538.6,0.0532,0.26,351.5,171.5,2.2
2025-05-25T07:31:00+00:00,2069.9,83.30,353.0,13.78,407.5,20.3,609.8,0.0531,0.26,351.5,171.5,4.1
2025-05-25T07:32:00+00:00,2483.5,82.61,354.5,13.84,382.0,18.1,646.4,0.0551,0.22,351.5,171.5,2.0
2025-05-25T07:33:00+00:00,2007.9,81.89,338.5,13.74,405.6,16.7,630.9,0.0519,0.17,351.5,171.5,1.9
2025-05-25T07:34:00+00:00,2239.0,80.02,346.9,13.55,393.3,17.9,581.9,0.0533,0.18,351.5,171.5,4.3
2025-05-25T07:35:00+00:00,2301.7,82.80,355.4,13.57,391.5,17.5,605.7,0.0551,0.15,351.5,171.5,2.2
2025-05-25T07:36:00+00:00,2101.4,85.69,350.8,13.69,379.8,17.5,619.4,0.0621,0.17,351.5,171.5,2.6
2025-05-25T07:37:00+00:00,2074.8,79.48,349.0,13.93,383.2,20.5,569.5,0.0549,0.20,351.5,171.5,4.2
2025-05-25T07:38:00+00:00,2137.3,81.97,342.2,13.76,379.4,19.2,605.0,0.0526,0.15,351.5,171.5,1.6
2025-05-25T07:39:00+00:00,2085.8,80.05,346.5,14.03,372.8,19.9,662.2,0.0526,0.18,351.5,171.5,3.1
2025-05-25T07:40:00+00:00,1773.0,82.33,352.5,13.51,365.9,17.6,566.5,0.0610,0.21,351.5,171.5,3.7
2025-05-25T07:41:00+00:00,1859.3,82.22,361.7,13.77,369.4,17.8,644.1,0.0524,0.28,351.5,171.5,3.4
2025-05-25T07:42:00+00:00,1940.7,80.70,345.2,13.86,367.9,19.5,613.2,0.0543,0.27,351.5,171.5,1.4
2025-05-25T07:43:00+00:00,2055.3,84.13,352.4,13.83,384.0,19.5,643.7,0.0519,0.15,351.5,171.5,3.1
2025-05-25T07:44:00+00:00,1891.3,82.87,350.0,13.89,379.9,16.5,670.4,0.0592,0.18,351.5,171.5,2.9
2025-05-25T07:45:00+00:00,2098.8,82.04,353.5,13.60,385.0,14.3,624.6,0.0610,0.22,351.5,171.5,2.5
2025-05-25T07:46:00+00:00,1864.0,81.30,337.6,13.93,372.5,18.4,611.3,0.0599,0.27,351.5,171.5,5.5
2025-05-25T07:47:00+00:00,2170.1,81.27,347.1,13.78,375.9,21.3,597.1,0.0531,0.19,351.5,171.5,2.7
2025-05-25T07:48:00+00:00,2022.6,83.32,358.2,13.83,358.5,18.3,610.3,0.0516,0.13,351.5,171.5,4.4
2025-05-25T07:49:00+00:00,1930.8,83.13,357.2,13.76,383.1,20.2,600.3,0.0528,0.17,351.5,171.5,1.3
2025-05-25T07:50:00+00:00,2069.8,83.87,355.0,13.84,410.8,18.3,626.7,0.0568,0.21,351.5,171.5,2.8
2025-05-25T07:51:00+00:00,1994.4,79.22,357.7,13.97,372.2,19.9,595.7,0.0517,0.14,351.5,171.5,3.4
2025-05-25T07:52:00+00:00,2139.4,80.52,343.9,14.19,379.6,21.7,654.5,0.0605,0.23,351.5,171.5,3.7
2025-05-25T07:53:00+00:00,1977.4,83.95,359.8,13.86,366.8,21.8,620.2,0.0546,0.27,351.5,171.5,3.3
2025-05-25T07:54:00+00:00,1913.5,84.11,341.7,13.72,374.9,20.1,599.8,0.0508,0.10,351.5,171.5,3.8
2025-05-25T07:55:00+00:00,2120.9,83.98,350.0,13.63,365.7,17.9,593.0,0.0529,0.21,351.5,171.5,4.2
2025-05-25T07:56:00+00:00,2211.2,81.40,361.7,13.88,380.2,18.8,583.8,0.0537,0.24,351.5,171.5,2.1
2025-05-25T07:57:00+00:00,1781.7,82.54,343.0,13.98,389.8,17.9,547.5,0.0509,0.19,351.5,171.5,3.7
2025-05-25T07:58:00+00:00,1887.4,80.12,349.1,13.68,361.8,16.4,549.6,0.0523,0.26,351.5,171.5,2.5
2025-05-25T07:59:00+00:00,2071.6,81.13,351.8,14.03,416.1,18.5,596.8,0.0564,0.25,351.5,171.5,2.8
2025-05-25T08:00:00+00:00,2005.2,81.35,362.8,13.83,369.8,18.2,544.9,0.0527,0.23,351.5,171.5,2.6
2025-05-25T08:01:00+00:00,2202.4,83.15,352.0,13.48,388.2,16.1,593.8,0.0530,0.17,351.5,171.5,3.0
2025-05-25T08:02:00+00:00,1862.2,82.02,339.1,13.83,366.5,17.9,614.4,0.0513,0.19,351.5,171.5,1.7
2025-05-25T08:03:00+00:00,2063.8,81.91,353.7,13.89,383.6,19.8,629.1,0.0531,0.26,351.5,171.5,3.0
2025-05-25T08:04:00+00:00,2094.6,82.55,346.9,13.86,409.1,19.3,632.8,0.0528,0.21,351.5,171.5,3.5
2025-05-25T08:05:00+00:00,1860.5,83.01,352.1,13.75,367.6,17.1,595.3,0.0535,0.15,351.5,171.5,4.0
2025-05-25T08:06:00+00:00,2048.2,81.83,346.8,13.61,381.0,18.2,600.2,0.0526,0.21,351.5,171.5,2.5
2025-05-25T08:07:00+00:00,1942.9,84.25,354.8,13.82,376.8,17.7,602.2,0.0524,0.25,351.5,171.5,3.9
2025-05-25T08:08:00+00:00,1951.6,79.34,358.3,13.79,382.0,20.3,619.0,0.0522,0.24,351.5,171.5,3.4
2025-05-25T08:09:00+00:00,1915.6,81.06,349.9,13.76,369.8,20.1,581.0,0.0551,0.21,351.5,171.5,2.6
2025-05-25T08:10:00+00:00,2088.3,81.27,341.7,13.95,371.2,16.3,656.9,0.0541,0.14,351.5,171.5,2.8
2025-05-25T08:11:00+00:00,2028.4,81.98,358.4,13.70,384.1,18.0,602.2,0.0522,0.17,351.5,171.5,2.8
2025-05-25T08:12:00+00:00,1953.5,83.55,360.2,13.89,377.5,16.4,573.9,0.0561,0.24,351.5,171.5,2.0
2025-05-25T08:13:00+00:00,2023.3,81.58,346.2,13.78,371.0,17.2,675.5,0.0524,0.21,351.5,171.5,1.3
2025-05-25T08:14:00+00:00,2044.6,79.19,346.5,13.86,396.1,19.1,579.2,0.0549,0.24,351.5,171.5,3.0
2025-05-25T08:15:00+00:00,2044.6,85.41,353.6,13.50,386.2,18.1,625.1,0.0516,0.12,351.5,171.5,3.5
2025-05-25T08:16:00+00:00,2215.5,81.64,360.5,13.87,421.3,17.3,588.0,0.0533,0.20,351.5,171.5,2.5
2025-05-25T08:17:00+00:00,2016.5,80.74,345.2,14.08,404.2,16.5,578.9,0.0524,0.20,351.5,171.5,5.0
2025-05-25T08:18:00+00:00,2031.0,80.77,348.1,13.72,388.2,17.5,557.3,0.0532,0.20,351.5,171.5,4.1
2025-05-25T08:19:00+00:00,1913.0,79.84,349.9,13.57,378.7,18.4,585.0,0.0523,0.26,351.5,171.5,2.8
2025-05-25T08:20:00+00:00,2007.2,81.13,342.1,13.97,390.3,17.2,593.0,0.0527,0.24,351.5,171.5,1.9
2025-05-25T08:21:00+00:00,1930.9,80.72,347.6,13.74,384.5,17.8,611.8,0.0521,0.23,351.5,171.5,2.7
2025-05-25T08:22:00+00:00,2214.3,82.38,338.7,13.91,388.0,18.1,588.1,0.0525,0.12,351.5,171.5,2.2
2025-05-25T08:23:00+00:00,820.2,74.82,368.0,13.53,333.5,16.9,548.7,0.0469,0.29,351.5,171.5,2.7
2025-05-25T08:24:00+00:00,1112.1,80.47,343.1,13.68,338.4,16.8,583.0,0.0468,0.14,351.5,171.5,3.3
2025-05-25T08:25:00+00:00,840.4,78.66,351.4,13.83,329.2,17.4,534.0,0.0460,0.19,351.5,171.5,2.9
2025-05-25T08:26:00+00:00,959.6,76.91,362.8,13.77,349.0,18.9,575.6,0.0487,0.30,351.5,171.5,2.2
2025-05-25T08:27:00+00:00,894.7,78.69,353.7,13.68,338.8,16.3,559.8,0.0470,0.26,351.5,171.5,4.0
2025-05-25T08:28:00+00:00,968.1,79.68,371.9,13.75,350.3,19.2,579.6,0.0457,0.10,351.5,171.5,2.0
2025-05-25T08:29:00+00:00,994.0,78.81,354.0,13.61,350.1,21.0,589.4,0.0469,0.21,351.5,171.5,4.3
2025-05-25T08:30:00+00:00,930.3,79.97,363.2,13.83,346.9,18.0,593.1,0.0478,0.14,351.5,171.5,2.7
2025-05-25T08:31:00+00:00,1008.9,78.50,351.3,13.86,333.1,17.2,573.7,0.0476,0.25,351.5,171.5,2.5
2025-05-25T08:32:00+00:00,902.3,78.83,355.0,13.76,340.6,15.6,536.1,0.0460,0.18,351.5,171.5,2.3
2025-05-25T08:33:00+00:00,1093.9,79.92,355.7,13.58,369.8,16.7,595.9,0.0472,0.17,351.5,171.5,4.2
2025-05-25T08:34:00+00:00,898.7,79.96,349.8,14.08,357.8,18.7,571.7,0.0465,0.16,351.5,171.5,2.7
2025-05-25T14:00:00+00:00,1026.4,80.02,370.1,13.78,341.6,17.2,561.6,0.0486,0.13,351.5,171.5,2.0
2025-05-25T14:01:00+00:00,1107.4,79.12,349.8,13.76,324.5,16.6,538.5,0.0474,0.17,351.5,171.5,2.8
2025-05-25T14:02:00+00:00,883.3,78.55,348.5,13.44,343.3,17.5,546.2,0.0464,0.19,351.5,171.5,5.1
2025-05-25T14:03:00+00:00,1054.5,80.18,360.2,14.01,330.8,21.4,627.3,0.0514,0.18,351.5,171.5,2.6
2025-05-25T14:04:00+00:00,924.5,79.29,351.7,13.55,342.8,17.5,571.5,0.0525,0.24,351.5,171.5,1.2
2025-05-25T14:05:00+00:00,1013.2,78.57,361.9,13.90,352.0,18.2,543.8,0.0476,0.27,351.5,171.5,2.3
2025-05-25T14:06:00+00:00,938.2,76.89,362.8,13.98,316.3,17.6,475.6,0.0483,0.22,351.5,171.5,3.1
2025-05-25T14:07:00+00:00,1040.5,79.46,357.8,13.96,356.1,17.6,557.0,0.0480,0.19,351.5,171.5,3.6
2025-05-25T14:08:00+00:00,1000.8,79.01,363.6,13.87,346.1,16.0,522.6,0.0462,0.13,351.5,171.5,1.8
2025-05-25T14:09:00+00:00,1177.6,80.88,352.7,13.78,337.3,20.0,615.3,0.0469,0.11,351.5,171.5,3.7
2025-05-25T14:10:00+00:00,900.7,77.80,341.7,14.08,342.3,16.8,500.8,0.0547,0.16,351.5,171.5,5.2
2025-05-25T14:11:00+00:00,847.2,80.29,372.8,13.79,327.3,15.2,591.0,0.0459,0.13,351.5,171.5,2.2
2025-05-25T14:12:00+00:00,1937.9,79.72,334.5,13.95,377.9,18.5,559.1,0.0518,0.19,351.5,171.5,2.2
2025-05-25T14:13:00+00:00,1836.3,82.17,346.7,14.17,365.4,18.6,556.6,0.0525,0.18,351.5,171.5,2.6
2025-05-25T14:14:00+00:00,2208.5,81.96,362.8,14.12,364.4,17.7,667.5,0.0568,0.13,351.5,171.5,2.8
2025-05-25T14:15:00+00:00,2326.0,83.55,345.8,14.05,377.0,16.5,572.5,0.0560,0.16,351.5,171.5,2.5
2025-05-25T14:16:00+00:00,2110.2,82.33,338.5,13.85,385.5,20.1,598.5,0.0526,0.11,351.5,171.5,4.8
2025-05-25T14:17:00+00:00,2143.4,83.50,345.2,13.64,386.9,19.1,591.3,0.0532,0.11,351.5,171.5,2.1
2025-05-25T14:18:00+00:00,2064.3,81.95,344.2,13.74,379.6,16.3,626.1,0.0541,0.18,351.5,171.5,4.7
2025-05-25T14:19:00+00:00,1770.4,83.08,338.5,14.05,351.6,18.8,670.4,0.0611,0.19,351.5,171.5,3.2
2025-05-25T14:20:00+00:00,2200.9,82.51,333.4,13.89,388.4,17.9,607.0,0.0538,0.24,351.5,171.5,3.4
2025-05-25T14:21:00+00:00,2008.3,81.81,347.1,13.82,391.4,20.2,593.8,0.0522,0.19,351.5,171.5,3.9
2025-05-25T14:22:00+00:00,2086.9,83.47,341.3,13.49,390.4,17.4,657.8,0.0576,0.28,351.5,171.5,3.0
2025-05-25T14:23:00+00:00,2143.8,83.34,353.7,13.72,370.6,17.2,612.2,0.0530,0.20,351.5,171.5,2.9
2025-05-25T14:24:00+00:00,1909.9,80.83,343.0,13.85,373.7,18.5,654.4,0.0519,0.21,351.5,171.5,4.0
2025-05-25T14:25:00+00:00,1865.4,79.80,361.5,13.68,371.4,18.0,573.6,0.0510,0.15,351.5,171.5,3.1
2025-05-25T14:26:00+00:00,1886.5,81.87,357.5,13.99,378.1,19.2,528.1,0.0513,0.17,351.5,171.5,2.6
2025-05-25T14:27:00+00:00,1946.3,78.21,354.9,13.69,366.7,19.9,593.1,0.0552,0.26,351.5,171.5,1.1
2025-05-25T14:28:00+00:00,2229.9,83.33,342.8,13.67,401.2,17.6,614.0,0.0561,0.23,351.5,171.5,1.7
2025-05-25T14:29:00+00:00,1914.7,83.20,340.6,13.86,383.1,17.9,600.2,0.0525,0.27,351.5,171.5,3.9
2025-05-25T14:30:00+00:00,1939.5,81.01,339.6,14.22,363.0,17.0,629.7,0.0538,0.17,351.5,171.5,4.7
2025-05-25T14:31:00+00:00,1948.2,83.08,356.1,13.90,379.0,15.8,611.4,0.0570,0.23,351.5,171.5,3.6
2025-05-25T14:32:00+00:00,2125.4,83.13,361.2,14.08,388.8,19.5,610.5,0.0562,0.20,351.5,171.5,2.9
2025-05-25T14:33:00+00:00,2050.5,82.04,349.9,13.81,365.4,17.0,600.8,0.0601,0.22,351.5,171.5,2.3
2025-05-25T14:34:00+00:00,2028.4,80.96,355.6,13.93,395.5,17.4,637.2,0.0523,0.20,351.5,171.5,2.1
2025-05-25T14:35:00+00:00,1852.9,81.23,352.8,13.76,376.4,19.1,586.5,0.0520,0.25,351.5,171.5,1.8
2025-05-25T14:36:00+00:00,2042.2,80.73,344.7,13.89,390.1,18.1,579.7,0.0548,0.21,351.5,171.5,2.2
2025-05-25T14:37:00+00:00,2072.4,81.74,367.7,13.70,380.6,19.0,590.3,0.0586,0.27,351.5,171.5,3.9
2025-05-25T14:38:00+00:00,2146.4,85.49,354.3,13.67,384.0,18.6,640.1,0.0534,0.13,351.5,171.5,2.6
2025-05-25T14:39:00+00:00,2001.0,79.64,347.4,13.68,366.7,17.9,600.6,0.0554,0.18,351.5,171.5,4.0
2025-05-25T14:40:00+00:00,1954.8,82.65,339.8,13.89,373.6,16.1,612.3,0.0518,0.18,351.5,171.5,2.9
2025-05-25T14:41:00+00:00,2050.9,80.42,349.7,13.92,397.2,17.8,561.9,0.0598,0.25,351.5,171.5,3.2
2025-05-25T14:42:00+00:00,1908.3,80.02,357.2,14.10,390.7,19.2,606.8,0.0529,0.33,351.5,171.5,1.0
2025-05-25T14:43:00+00:00,2005.1,80.40,344.8,13.71,390.4,18.1,551.2,0.0550,0.18,351.5,171.5,3.0
2025-05-25T14:44:00+00:00,2060.3,82.94,336.3,13.79,362.3,17.9,570.2,0.0550,0.24,351.5,171.5,3.7
2025-05-25T14:45:00+00:00,1875.2,81.37,342.3,13.77,366.3,17.9,530.9,0.0593,0.22,351.5,171.5,1.5
2025-05-25T14:46:00+00:00,2179.8,81.71,353.6,13.89,388.9,21.1,605.5,0.0621,0.15,351.5,171.5,1.7
2025-05-25T14:47:00+00:00,1961.3,82.56,357.8,13.92,373.7,16.9,603.5,0.0526,0.21,351.5,171.5,1.7
2025-05-25T14:48:00+00:00,2121.6,81.84,350.6,13.74,382.5,17.0,574.8,0.0585,0.14,351.5,171.5,2.8
2025-05-25T14:49:00+00:00,2079.1,79.73,345.5,13.78,384.3,18.3,613.5,0.0608,0.21,351.5,171.5,4.0
2025-05-25T14:50:00+00:00,2033.6,84.84,332.9,14.00,397.7,17.5,627.3,0.0528,0.23,351.5,171.5,2.8
2025-05-25T14:51:00+00:00,2048.7,85.31,342.9,13.92,380.3,18.1,527.5,0.0527,0.21,351.5,171.5,2.2
2025-05-25T14:52:00+00:00,1905.9,79.97,337.1,14.16,364.9,19.0,624.1,0.0513,0.16,351.5,171.5,3.9
2025-05-25T14:53:00+00:00,2067.7,80.80,350.8,13.85,383.0,18.3,585.1,0.0551,0.20,351.5,171.5,5.5
2025-05-25T14:54:00+00:00,1795.8,80.81,359.2,14.11,393.0,18.8,571.2,0.0571,0.24,351.5,171.5,2.1
2025-05-25T14:55:00+00:00,1913.7,82.39,347.3,13.58,374.7,15.1,663.9,0.0533,0.23,351.5,171.5,1.2
2025-05-25T14:56:00+00:00,1897.9,81.41,350.2,13.71,386.2,15.5,592.1,0.0537,0.20,351.5,171.5,1.6
2025-05-25T14:57:00+00:00,2099.8,82.31,363.6,13.90,375.8,17.2,591.5,0.0529,0.22,351.5,171.5,3.3
2025-05-25T14:58:00+00:00,2484.3,84.43,340.0,13.56,380.5,19.6,596.9,0.0557,0.18,351.5,171.5,2.6
2025-05-25T14:59:00+00:00,1995.8,84.24,348.1,13.97,365.0,19.0,620.9,0.0527,0.25,351.5,171.5,2.4
2025-05-25T15:00:00+00:00,2579.0,83.63,344.1,13.88,411.9,17.2,693.2,0.0608,0.23,351.5,171.5,3.2
2025-05-25T15:01:00+00:00,2014.0,82.78,342.0,13.70,380.3,21.1,627.8,0.0574,0.15,351.5,171.5,1.9
2025-05-25T15:02:00+00:00,2464.9,84.73,344.6,14.08,395.0,18.5,611.3,0.0600,0.27,351.5,171.5,3.1
2025-05-25T15:03:00+00:00,1914.6,79.92,358.9,13.58,371.5,18.5,618.8,0.0521,0.23,351.5,171.5,1.5
2025-05-25T15:04:00+00:00,2371.5,83.34,349.0,13.75,379.4,17.5,700.1,0.0630,0.20,351.5,171.5,1.7
2025-05-25T15:05:00+00:00,2088.4,79.90,349.3,13.67,395.9,14.9,678.6,0.0520,0.14,351.5,171.5,1.8
2025-05-25T15:06:00+00:00,1954.0,84.35,360.4,13.77,371.6,19.6,627.8,0.0557,0.29,351.5,171.5,4.0
2025-05-25T15:07:00+00:00,2477.6,81.02,351.0,14.00,381.3,18.8,642.8,0.0552,0.15,351.5,171.5,4.7
2025-05-25T15:08:00+00:00,2031.1,82.13,351.3,13.93,409.1,20.9,618.3,0.0520,0.16,351.5,171.5,1.4
2025-05-25T15:09:00+00:00,1938.9,78.78,345.1,13.83,381.0,18.4,597.0,0.0518,0.18,351.5,171.5,2.1
2025-05-25T15:10:00+00:00,2422.7,84.26,355.1,13.52,406.7,18.7,579.0,0.0554,0.29,351.5,171.5,4.2
2025-05-25T15:11:00+00:00,2070.7,83.76,364.3,13.64,388.8,19.2,628.4,0.0547,0.10,351.5,171.5,3.9
2025-05-25T15:12:00+00:00,1991.3,81.42,360.0,13.86,368.4,18.8,636.9,0.0518,0.15,351.5,171.5,1.6
2025-05-25T15:13:00+00:00,2130.1,82.84,351.4,13.86,394.7,20.9,608.1,0.0522,0.12,351.5,171.5,3.5
2025-05-25T15:14:00+00:00,1886.5,85.33,332.8,13.68,391.8,17.5,589.7,0.0535,0.33,351.5,171.5,3.6
2025-05-25T15:15:00+00:00,2164.3,81.68,349.0,13.95,375.2,17.2,548.2,0.0548,0.20,351.5,171.5,2.9
2025-05-25T15:16:00+00:00,1960.5,84.29,360.9,13.83,380.1,18.6,572.9,0.0566,0.21,351.5,171.5,4.2
2025-05-25T15:17:00+00:00,2067.5,79.99,353.7,13.64,388.2,18.4,672.6,0.0543,0.18,351.5,171.5,3.6
2025-05-25T15:18:00+00:00,2034.4,83.04,355.7,13.76,383.8,20.6,613.5,0.0553,0.18,351.5,171.5,3.6
2025-05-25T15:19:00+00:00,2026.9,82.11,344.0,13.69,377.4,17.1,628.9,0.0596,0.23,351.5,171.5,3.8
2025-05-25T15:20:00+00:00,2396.7,83.07,349.5,13.95,421.6,19.3,642.3,0.0572,0.18,351.5,171.5,3.1
2025-05-25T15:21:00+00:00,2169.9,81.38,346.7,13.87,420.4,20.4,549.9,0.0521,0.11,351.5,171.5,2.6
2025-05-25T15:22:00+00:00,2552.2,83.45,343.1,13.91,393.4,18.8,608.4,0.0558,0.28,351.5,171.5,2.4
2025-05-25T15:23:00+00:00,2111.0,83.71,350.7,13.90,390.5,17.8,630.7,0.0531,0.22,351.5,171.5,4.5
2025-05-25T15:24:00+00:00,1930.8,79.92,353.4,13.90,396.2,20.3,622.1,0.0585,0.22,351.5,171.5,4.2
2025-05-25T15:25:00+00:00,2047.5,80.92,345.3,13.85,382.1,16.5,536.7,0.0524,0.20,351.5,171.5,2.9
2025-05-25T15:26:00+00:00,2085.1,80.75,362.2,13.47,383.2,18.4,652.8,0.0536,0.17,351.5,171.5,3.0
2025-05-25T15:27:00+00:00,1989.7,81.74,352.9,13.63,374.9,18.8,601.4,0.0562,0.31,351.5,171.5,1.8
2025-05-25T15:28:00+00:00,2104.4,79.90,353.9,13.85,383.7,16.4,621.3,0.0525,0.17,351.5,171.5,2.4
2025-05-25T15:29:00+00:00,2069.2,83.45,350.6,14.00,377.2,18.8,633.3,0.0644,0.22,351.5,171.5,1.8
2025-05-25T15:30:00+00:00,1930.1,81.79,347.0,14.01,387.2,21.3,620.8,0.0565,0.22,351.5,171.5,1.5
2025-05-25T15:31:00+00:00,2095.9,80.92,338.1,13.92,393.6,18.0,635.0,0.0525,0.17,351.5,171.5,4.6
2025-05-25T15:32:00+00:00,1882.2,82.99,346.3,13.54,363.8,16.8,543.2,0.0514,0.18,351.5,171.5,2.2
2025-05-25T15:33:00+00:00,1990.0,83.70,354.7,13.59,386.7,19.2,565.9,0.0629,0.21,351.5,171.5,2.3
2025-05-25T15:34:00+00:00,2030.0,80.71,334.5,13.83,371.3,19.0,622.5,0.0730,0.22,351.5,171.5,3.0
2025-05-25T15:35:00+00:00,1910.1,82.24,350.0,13.67,383.6,17.9,592.3,0.0579,0.26,351.5,171.5,1.4
2025-05-25T15:36:00+00:00,2000.5,80.26,340.0,13.37,374.8,18.2,614.0,0.0606,0.20,351.5,171.5,4.7
2025-05-25T15:37:00+00:00,2241.9,80.79,342.0,13.81,398.1,19.4,639.8,0.0526,0.11,351.5,171.5,4.6
2025-05-25T15:38:00+00:00,1989.8,81.70,356.5,13.79,400.5,14.9,568.2,0.0538,0.20,351.5,171.5,3.9
2025-05-25T15:39:00+00:00,2031.2,80.26,342.0,13.58,396.1,16.7,576.5,0.0598,0.25,351.5,171.5,1.3
2025-05-25T15:40:00+00:00,2008.5,82.15,335.0,13.60,370.4,20.5,601.8,0.0631,0.22,351.5,171.5,2.0
2025-05-25T15:41:00+00:00,2001.4,83.09,354.0,13.50,371.5,16.0,552.6,0.0546,0.21,351.5,171.5,4.0
2025-05-25T15:42:00+00:00,1986.6,85.99,351.5,13.86,385.7,19.0,621.2,0.0516,0.16,351.5,171.5,3.7
2025-05-25T15:43:00+00:00,2025.6,80.10,356.1,13.81,383.9,16.5,610.2,0.0575,0.22,351.5,171.5,3.5
2025-05-25T15:44:00+00:00,1926.8,81.41,351.3,14.05,355.8,17.6,551.1,0.0534,0.23,351.5,171.5,2.8
2025-05-25T15:45:00+00:00,1971.7,81.04,351.5,13.98,393.3,17.8,602.8,0.0613,0.28,351.5,171.5,2.7
2025-05-25T15:46:00+00:00,1985.8,79.58,347.8,13.69,385.5,19.1,625.7,0.0526,0.14,351.5,171.5,1.7
2025-05-25T15:47:00+00:00,1889.9,81.80,345.3,13.72,370.8,18.2,583.4,0.0510,0.13,351.5,171.5,2.7
2025-05-25T15:48:00+00:00,1829.2,79.47,360.5,13.93,380.9,19.2,627.7,0.0516,0.20,351.5,171.5,1.6
2025-05-25T15:49:00+00:00,1909.7,80.74,343.4,14.18,359.2,18.0,570.8,0.0506,0.10,351.5,171.5,3.4
2025-05-25T15:50:00+00:00,2116.8,82.66,354.9,13.64,374.5,20.2,598.9,0.0560,0.19,351.5,171.5,3.4
2025-05-25T15:51:00+00:00,1811.3,82.16,352.2,13.91,371.5,16.3,499.1,0.0508,0.17,351.5,171.5,1.7
2025-05-25T15:52:00+00:00,2064.0,81.84,359.3,13.72,381.7,18.9,683.7,0.0582,0.23,351.5,171.5,3.6
2025-05-25T15:53:00+00:00,2052.3,82.36,342.4,13.54,423.2,18.9,624.7,0.0525,0.20,351.5,171.5,3.2
2025-05-25T15:54:00+00:00,2062.8,82.70,354.4,13.68,397.0,17.1,658.2,0.0569,0.19,351.5,171.5,2.4
2025-05-25T15:55:00+00:00,2013.0,80.71,359.6,13.83,395.9,18.5,585.3,0.0526,0.23,351.5,171.5,3.5
2025-05-25T15:56:00+00:00,2067.2,80.70,356.4,13.95,397.5,13.9,618.5,0.0526,0.20,351.5,171.5,3.3
2025-05-25T15:57:00+00:00,2068.7,83.04,351.3,13.70,394.1,20.9,624.5,0.0529,0.22,351.5,171.5,3.7
2025-05-25T15:58:00+00:00,2108.3,83.99,345.8,13.87,386.9,16.7,617.6,0.0531,0.12,351.5,171.5,5.9
2025-05-25T15:59:00+00:00,2070.9,82.52,371.1,13.66,370.7,18.0,604.5,0.0525,0.20,351.5,171.5,2.4
2025-05-25T16:00:00+00:00,1753.2,83.82,351.3,13.88,361.4,16.5,587.8,0.0498,0.10,351.5,171.5,2.8
2025-05-25T16:01:00+00:00,1834.3,80.97,353.8,13.93,395.2,16.9,575.6,0.0525,0.18,351.5,171.5,3.8
2025-05-25T16:02:00+00:00,2094.0,80.01,371.3,13.73,377.4,17.2,629.8,0.0560,0.17,351.5,171.5,4.3
2025-05-25T16:03:00+00:00,2129.7,81.47,347.5,13.92,365.3,19.3,622.8,0.0533,0.24,351.5,171.5,3.2
2025-05-25T16:04:00+00:00,1927.7,82.31,363.2,13.99,361.4,17.6,610.0,0.0516,0.17,351.5,171.5,2.1
2025-05-25T16:05:00+00:00,2285.2,83.17,345.8,13.61,386.9,17.5,637.5,0.0595,0.11,351.5,171.5,2.7
2025-05-25T16:06:00+00:00,2082.1,80.21,342.5,13.86,380.1,16.5,568.5,0.0517,0.12,351.5,171.5,3.0
2025-05-25T16:07:00+00:00,2011.1,81.05,350.7,13.84,383.5,19.6,640.9,0.0535,0.32,351.5,171.5,4.2
2025-05-25T16:08:00+00:00,2042.2,79.16,361.2,13.73,381.6,19.7,621.3,0.0531,0.27,351.5,171.5,3.5
2025-05-25T16:09:00+00:00,1957.0,86.07,358.6,14.00,363.7,19.0,579.8,0.0520,0.20,351.5,171.5,1.5
2025-05-25T16:10:00+00:00,1991.1,81.90,368.8,13.89,404.6,19.2,598.3,0.0517,0.15,351.5,171.5,2.7
2025-05-25T16:11:00+00:00,1044.9,79.30,350.5,13.96,365.1,16.7,586.3,0.0467,0.17,351.5,171.5,5.1
2025-05-25T16:12:00+00:00,726.1,76.50,375.6,13.81,326.7,17.4,482.2,0.0553,0.28,351.5,171.5,3.8
2025-05-25T16:13:00+00:00,1170.4,78.02,358.3,13.50,365.2,16.1,593.3,0.0525,0.15,351.5,171.5,4.2
2025-05-25T16:14:00+00:00,1056.6,79.40,377.6,13.72,375.9,16.4,616.4,0.0466,0.14,351.5,171.5,3.0
2025-05-25T16:15:00+00:00,865.5,79.53,368.4,13.83,331.3,17.0,569.7,0.0477,0.20,351.5,171.5,3.4
2025-05-25T16:16:00+00:00,996.8,79.77,355.9,13.48,346.6,19.9,567.3,0.0502,0.22,351.5,171.5,3.6
2025-05-25T16:17:00+00:00,1117.0,79.89,369.9,13.79,381.6,15.1,556.5,0.0478,0.22,351.5,171.5,3.3
2025-05-25T16:18:00+00:00,930.9,75.99,352.1,14.09,350.0,17.1,538.0,0.0471,0.26,351.5,171.5,0.7
2025-05-25T16:19:00+00:00,897.9,79.84,355.7,13.72,369.9,16.4,525.9,0.0457,0.14,351.5,171.5,3.2
2025-05-25T16:20:00+00:00,997.6,79.87,362.1,13.80,341.2,18.0,580.4,0.0466,0.17,351.5,171.5,1.8
2025-05-25T16:21:00+00:00,1024.2,79.90,353.5,13.69,359.0,21.3,555.3,0.0479,0.31,351.5,171.5,2.4
2025-05-26T06:00:00+00:00,960.8,76.66,356.7,13.84,355.1,17.6,529.9,0.0561,0.92,72.1,252.1,10.5
2025-05-26T06:01:00+00:00,1083.8,78.05,365.8,13.77,347.2,14.1,529.9,0.0547,0.93,72.1,252.1,10.2
2025-05-26T06:02:00+00:00,882.8,79.26,359.5,13.79,330.0,17.8,518.7,0.0536,0.93,72.1,252.1,8.7
2025-05-26T06:03:00+00:00,944.9,80.79,351.2,13.96,370.5,18.3,569.0,0.0591,0.88,72.1,252.1,8.8
2025-05-26T06:04:00+00:00,943.2,77.28,361.7,13.69,328.4,16.5,579.8,0.0528,0.83,72.1,252.1,8.7
2025-05-26T06:05:00+00:00,998.2,81.97,361.5,13.79,355.6,15.7,539.6,0.0540,0.90,72.1,252.1,11.4
2025-05-26T06:06:00+00:00,964.0,78.56,343.8,13.86,350.8,20.6,539.3,0.0545,0.97,72.1,252.1,10.6
2025-05-26T06:07:00+00:00,937.7,78.88,349.2,14.00,348.0,18.0,492.5,0.0554,0.91,72.1,252.1,9.1
2025-05-26T06:08:00+00:00,862.8,78.94,351.3,13.98,345.7,18.1,562.0,0.0621,0.88,72.1,252.1,9.6
2025-05-26T06:09:00+00:00,1051.5,78.25,356.2,13.67,351.6,18.5,534.1,0.0546,0.94,72.1,252.1,10.4
2025-05-26T06:10:00+00:00,907.2,76.19,343.0,13.97,343.1,18.5,527.6,0.0541,0.96,72.1,252.1,9.0
2025-05-26T06:11:00+00:00,1055.6,79.50,348.2,13.72,369.5,18.9,541.7,0.0545,0.94,72.1,252.1,9.8
2025-05-26T06:12:00+00:00,1062.7,76.54,363.7,13.83,329.0,16.9,590.9,0.0595,0.90,72.1,252.1,10.2
2025-05-26T06:13:00+00:00,805.5,80.43,356.3,13.95,336.9,18.2,536.3,0.0569,0.92,72.1,252.1,8.7
2025-05-26T06:14:00+00:00,1951.0,81.71,361.1,13.77,386.5,16.6,627.2,0.0668,0.99,72.1,252.1,12.2
2025-05-26T06:15:00+00:00,2021.7,83.98,351.8,13.92,398.2,18.7,623.5,0.0598,0.95,72.1,252.1,10.4
2025-05-26T06:16:00+00:00,1962.0,81.99,353.7,13.63,379.8,18.9,593.9,0.0601,1.00,72.1,252.1,9.0
2025-05-26T06:17:00+00:00,2043.0,83.81,354.9,14.15,388.6,20.9,610.0,0.0594,0.90,72.1,252.1,10.9
2025-05-26T06:18:00+00:00,2051.8,80.32,350.4,13.69,382.0,20.4,624.7,0.0597,0.92,72.1,252.1,9.9
2025-05-26T06:19:00+00:00,2186.9,80.21,343.0,13.85,377.6,14.7,608.8,0.0661,0.95,72.1,252.1,10.4
2025-05-26T06:20:00+00:00,1887.5,84.26,349.9,13.60,379.5,16.9,602.0,0.0702,0.96,72.1,252.1,9.1
2025-05-26T06:21:00+00:00,1987.3,84.60,351.1,13.83,350.1,19.2,678.9,0.0591,0.90,72.1,252.1,8.9
2025-05-26T06:22:00+00:00,1950.7,81.31,342.5,13.60,379.4,18.2,591.5,0.0646,0.96,72.1,252.1,8.8
2025-05-26T06:23:00+00:00,1972.4,81.85,350.9,13.67,395.6,16.2,624.9,0.0725,0.88,72.1,252.1,11.7
2025-05-26T06:24:00+00:00,2129.5,82.15,349.4,14.06,388.2,17.7,573.7,0.0604,0.95,72.1,252.1,11.1
2025-05-26T06:25:00+00:00,2071.7,81.41,360.1,13.66,385.0,15.7,618.9,0.0641,0.90,72.1,252.1,9.7
2025-05-26T06:26:00+00:00,2079.2,81.85,352.3,13.66,385.8,15.3,650.0,0.0641,0.95,72.1,252.1,9.6
2025-05-26T06:27:00+00:00,1945.9,82.89,366.7,13.81,366.0,16.9,592.9,0.0646,0.93,72.1,252.1,9.8
2025-05-26T06:28:00+00:00,2041.2,84.14,342.3,13.69,372.4,17.4,576.3,0.0657,0.97,72.1,252.1,8.8
2025-05-26T06:29:00+00:00,2134.9,82.65,353.3,13.95,385.4,18.2,621.9,0.0602,0.94,72.1,252.1,10.8
2025-05-26T06:30:00+00:00,1972.4,81.74,354.4,13.75,382.4,16.4,579.0,0.0637,0.92,72.1,252.1,10.2
2025-05-26T06:31:00+00:00,1991.1,81.42,356.7,13.88,372.6,17.6,599.4,0.0629,0.88,72.1,252.1,7.7
2025-05-26T06:32:00+00:00,2063.8,81.81,358.6,13.79,377.8,19.6,582.2,0.0596,0.90,72.1,252.1,9.9
2025-05-26T06:33:00+00:00,2176.3,80.33,361.8,13.68,374.9,17.2,652.0,0.0685,0.93,72.1,252.1,10.6
2025-05-26T06:34:00+00:00,2113.9,80.42,345.4,13.73,368.1,16.8,586.2,0.0599,0.91,72.1,252.1,9.0
2025-05-26T06:35:00+00:00,1947.5,83.22,355.4,13.90,355.1,17.1,614.9,0.0594,0.95,72.1,252.1,10.8
2025-05-26T06:36:00+00:00,2230.4,85.36,342.8,14.03,374.0,14.7,581.8,0.0598,0.85,72.1,252.1,8.9
2025-05-26T06:37:00+00:00,1898.0,82.01,346.3,13.84,402.7,21.1,638.0,0.0644,0.96,72.1,252.1,9.8
2025-05-26T06:38:00+00:00,2046.1,79.45,356.9,13.74,359.9,20.4,582.4,0.0588,0.83,72.1,252.1,11.2
2025-05-26T06:39:00+00:00,1903.4,82.40,350.3,13.87,394.7,17.9,618.4,0.0625,1.03,72.1,252.1,10.7
2025-05-26T06:40:00+00:00,1904.5,83.00,352.4,13.91,358.7,20.1,564.8,0.0688,0.86,72.1,252.1,9.8
2025-05-26T06:41:00+00:00,1873.3,82.87,353.3,14.08,372.9,17.0,564.3,0.0645,0.96,72.1,252.1,10.7
2025-05-26T06:42:00+00:00,2029.2,82.45,351.8,14.25,379.6,17.6,591.4,0.0606,1.02,72.1,252.1,10.2
2025-05-26T06:43:00+00:00,2283.9,83.75,353.9,13.60,363.7,20.4,645.8,0.0611,0.96,72.1,252.1,9.6
2025-05-26T06:44:00+00:00,2007.1,83.33,338.2,13.88,366.0,18.4,619.1,0.0596,0.94,72.1,252.1,10.3
2025-05-26T06:45:00+00:00,1768.8,80.92,353.2,13.55,368.0,18.1,567.8,0.0585,0.95,72.1,252.1,8.6
2025-05-26T06:46:00+00:00,1957.5,81.49,345.3,13.93,368.2,20.3,657.9,0.0593,0.93,72.1,252.1,11.1
2025-05-26T06:47:00+00:00,2066.5,83.43,352.4,14.11,393.5,17.2,627.1,0.0595,0.90,72.1,252.1,10.9
2025-05-26T06:48:00+00:00,2056.8,82.93,342.8,13.91,372.3,17.9,553.1,0.0600,0.95,72.1,252.1,9.0
2025-05-26T06:49:00+00:00,1934.2,84.29,334.6,13.75,371.6,19.5,653.9,0.0656,0.92,72.1,252.1,10.3
2025-05-26T06:50:00+00:00,1933.1,80.40,357.0,13.82,383.0,20.0,595.3,0.0590,0.90,72.1,252.1,9.9
2025-05-26T06:51:00+00:00,2061.7,82.08,350.4,13.93,381.1,18.3,601.8,0.0600,0.93,72.1,252.1,10.7
2025-05-26T06:52:00+00:00,2090.3,81.47,349.1,13.98,387.6,16.6,622.7,0.0604,0.98,72.1,252.1,8.3
2025-05-26T06:53:00+00:00,1701.6,80.44,348.9,14.00,369.3,18.3,560.3,0.0576,0.89,72.1,252.1,9.5
2025-05-26T06:54:00+00:00,2090.9,84.48,348.2,13.91,392.3,15.2,539.2,0.0591,0.84,72.1,252.1,10.1
2025-05-26T06:55:00+00:00,1997.5,81.65,350.4,13.62,386.2,18.3,620.0,0.0586,0.86,72.1,252.1,8.9
2025-05-26T06:56:00+00:00,2168.0,82.93,341.7,13.79,379.7,15.6,547.7,0.0593,0.84,72.1,252.1,9.3
2025-05-26T06:57:00+00:00,2145.0,81.61,348.8,14.04,374.6,18.4,626.9,0.0606,0.95,72.1,252.1,8.5
2025-05-26T06:58:00+00:00,2146.0,81.77,341.5,13.77,385.0,17.1,579.1,0.0679,0.90,72.1,252.1,10.4
2025-05-26T06:59:00+00:00,1961.4,82.79,334.6,13.53,375.9,18.3,595.2,0.0631,0.96,72.1,252.1,12.0
2025-05-26T07:00:00+00:00,1745.9,81.57,360.8,13.60,385.5,17.8,591.0,0.0619,0.90,72.1,252.1,8.3
2025-05-26T07:01:00+00:00,1852.9,83.05,346.7,13.86,381.7,18.1,569.1,0.0620,0.83,72.1,252.1,12.2
2025-05-26T07:02:00+00:00,1860.2,82.12,348.7,13.88,375.3,17.8,542.9,0.0595,0.90,72.1,252.1,11.3
2025-05-26T07:03:00+00:00,1963.8,81.25,360.9,13.73,391.4,17.7,598.2,0.0626,0.94,72.1,252.1,11.6
2025-05-26T07:04:00+00:00,1999.3,79.38,350.0,13.64,390.0,17.0,602.5,0.0599,0.96,72.1,252.1,12.0
2025-05-26T07:05:00+00:00,1912.5,81.48,351.1,14.07,351.8,16.6,629.0,0.0644,0.88,72.1,252.1,10.6
2025-05-26T07:06:00+00:00,2493.3,79.32,338.5,13.69,417.0,20.1,573.2,0.0658,0.91,72.1,252.1,11.9
2025-05-26T07:07:00+00:00,1963.2,80.69,354.4,13.79,397.6,19.0,576.3,0.0646,0.95,72.1,252.1,12.2
2025-05-26T07:08:00+00:00,2137.2,83.51,346.7,13.73,388.5,18.8,591.7,0.0601,0.90,72.1,252.1,9.3
2025-05-26T07:09:00+00:00,1901.6,80.80,343.6,13.85,385.3,18.1,605.4,0.0667,0.95,72.1,252.1,11.2
2025-05-26T07:10:00+00:00,2183.4,81.25,348.9,13.67,398.5,16.1,566.0,0.0601,0.89,72.1,252.1,8.8
2025-05-26T07:11:00+00:00,2073.4,80.44,343.4,14.02,378.1,15.8,598.7,0.0643,0.92,72.1,252.1,9.2
2025-05-26T07:12:00+00:00,1992.1,81.08,352.9,13.81,370.7,20.1,539.7,0.0595,0.94,72.1,252.1,10.2
2025-05-26T07:13:00+00:00,1850.5,82.79,350.1,14.10,368.0,18.0,607.2,0.0588,0.94,72.1,252.1,9.5
2025-05-26T07:14:00+00:00,1859.8,81.69,345.6,13.80,378.4,20.6,597.4,0.0604,0.95,72.1,252.1,8.7
2025-05-26T07:15:00+00:00,2447.3,84.37,346.7,13.70,389.4,19.9,618.5,0.0742,0.93,72.1,252.1,11.6
2025-05-26T07:16:00+00:00,2482.8,84.88,343.6,13.95,397.8,17.3,591.9,0.0663,1.00,72.1,252.1,9.0
2025-05-26T07:17:00+00:00,2432.1,84.55,336.5,13.69,406.6,19.1,627.6,0.0635,1.05,72.1,252.1,11.2
2025-05-26T07:18:00+00:00,2222.8,84.67,335.5,13.84,375.4,18.9,613.4,0.0603,0.88,72.1,252.1,10.5
2025-05-26T07:19:00+00:00,1994.9,81.43,338.6,13.81,396.9,17.6,660.3,0.0651,0.82,72.1,252.1,9.2
2025-05-26T07:20:00+00:00,2536.6,85.02,353.2,13.96,382.6,18.0,626.2,0.0621,0.91,72.1,252.1,8.6
2025-05-26T07:21:00+00:00,2380.7,82.67,356.1,13.75,389.7,18.4,652.1,0.0650,0.83,72.1,252.1,11.8
2025-05-26T07:22:00+00:00,2012.0,82.38,348.5,13.87,388.7,18.7,621.0,0.0597,0.93,72.1,252.1,9.4
2025-05-26T07:23:00+00:00,1704.7,81.19,359.3,13.86,367.8,20.0,543.2,0.0618,0.95,72.1,252.1,9.2
2025-05-26T07:24:00+00:00,1912.4,83.58,344.8,13.82,375.5,18.5,647.9,0.0603,0.94,72.1,252.1,11.2
2025-05-26T07:25:00+00:00,2119.9,83.54,360.6,13.65,388.0,18.9,599.2,0.0601,0.92,72.1,252.1,9.7
2025-05-26T07:26:00+00:00,1786.8,80.86,334.8,13.82,394.5,15.8,554.6,0.0589,0.98,72.1,252.1,9.8
2025-05-26T07:27:00+00:00,2128.3,84.51,344.1,13.63,376.8,17.9,589.3,0.0597,0.90,72.1,252.1,10.7
2025-05-26T07:28:00+00:00,2123.1,82.60,355.1,13.55,367.0,19.1,620.6,0.0604,0.96,72.1,252.1,10.5
2025-05-26T07:29:00+00:00,1961.7,79.68,338.4,13.68,378.4,18.8,626.5,0.0599,0.99,72.1,252.1,11.2
2025-05-26T07:30:00+00:00,1919.6,82.29,345.1,14.17,382.7,20.2,539.0,0.0585,0.87,72.1,252.1,8.3
2025-05-26T07:31:00+00:00,2126.1,82.67,359.4,13.58,383.7,18.6,609.7,0.0616,0.92,72.1,252.1,11.3
2025-05-26T07:32:00+00:00,2150.7,79.57,346.7,13.74,395.7,18.2,633.1,0.0606,0.96,72.1,252.1,10.2
2025-05-26T07:33:00+00:00,1902.9,82.33,335.4,14.03,394.4,20.0,607.4,0.0602,1.03,72.1,252.1,10.0
2025-05-26T07:34:00+00:00,2204.2,83.06,354.2,13.56,374.1,16.4,614.2,0.0602,0.91,72.1,252.1,10.3
2025-05-26T07:35:00+00:00,1904.8,81.76,355.2,13.90,371.6,17.2,549.0,0.0614,0.97,72.1,252.1,11.5
2025-05-26T07:36:00+00:00,2491.5,82.04,349.6,14.04,387.0,17.0,670.9,0.0623,0.83,72.1,252.1,10.8
2025-05-26T07:37:00+00:00,1920.7,80.25,358.3,13.76,374.0,19.0,595.0,0.0662,0.89,72.1,252.1,9.3
2025-05-26T07:38:00+00:00,2220.2,82.17,345.0,13.86,404.5,17.1,541.8,0.0610,0.95,72.1,252.1,11.1
2025-05-26T07:39:00+00:00,2051.4,83.57,352.0,13.74,359.1,19.5,583.0,0.0594,0.88,72.1,252.1,10.6
2025-05-26T07:40:00+00:00,2005.1,80.37,344.4,13.95,371.8,18.9,607.3,0.0650,0.94,72.1,252.1,8.8
2025-05-26T07:41:00+00:00,1866.5,81.53,361.0,13.97,377.5,18.2,600.0,0.0593,0.97,72.1,252.1,11.3
2025-05-26T07:42:00+00:00,2137.0,82.82,363.4,13.87,378.2,15.8,591.1,0.0601,0.91,72.1,252.1,9.3
2025-05-26T07:43:00+00:00,1729.4,80.94,345.6,13.81,374.2,21.3,636.2,0.0622,0.92,72.1,252.1,8.9
2025-05-26T07:44:00+00:00,2143.4,83.13,341.5,13.76,387.6,19.8,610.6,0.0598,0.88,72.1,252.1,9.5
2025-05-26T07:45:00+00:00,2008.7,80.16,355.9,13.50,408.9,19.0,608.0,0.0608,1.01,72.1,252.1,10.4
2025-05-26T07:46:00+00:00,1953.8,84.09,350.3,13.92,387.1,17.3,551.4,0.0598,0.98,72.1,252.1,9.5
2025-05-26T07:47:00+00:00,1852.2,82.19,329.9,13.93,389.2,14.2,628.9,0.0636,0.96,72.1,252.1,10.1
2025-05-26T07:48:00+00:00,1950.8,81.85,360.7,13.59,395.3,18.5,566.7,0.0589,0.89,72.1,252.1,10.1
2025-05-26T07:49:00+00:00,1998.7,82.13,357.4,13.85,390.9,18.1,601.5,0.0681,0.93,72.1,252.1,10.4
2025-05-26T07:50:00+00:00,1944.0,81.89,353.1,13.76,352.2,17.1,583.3,0.0598,1.00,72.1,252.1,9.8
2025-05-26T07:51:00+00:00,1968.8,85.36,354.6,13.72,361.9,18.2,538.9,0.0613,0.89,72.1,252.1,9.5
2025-05-26T07:52:00+00:00,1940.8,82.31,348.8,13.70,378.4,17.8,609.1,0.0591,0.91,72.1,252.1,9.7
2025-05-26T07:53:00+00:00,2013.4,83.45,351.6,13.78,375.1,19.9,586.1,0.0595,0.93,72.1,252.1,10.4
2025-05-26T07:54:00+00:00,1959.8,81.76,335.6,14.18,359.1,19.1,580.5,0.0590,0.90,72.1,252.1,11.6
2025-05-26T07:55:00+00:00,1974.7,82.06,348.4,13.68,377.1,20.0,616.1,0.0687,0.88,72.1,252.1,10.2
2025-05-26T07:56:00+00:00,2136.5,83.50,340.2,13.78,392.0,19.0,607.8,0.0637,0.85,72.1,252.1,10.6
2025-05-26T07:57:00+00:00,1897.5,82.51,351.0,13.57,363.6,18.3,558.7,0.0671,0.93,72.1,252.1,10.0
2025-05-26T07:58:00+00:00,2042.9,81.04,350.1,13.80,384.3,17.8,584.0,0.0605,0.82,72.1,252.1,10.7
2025-05-26T07:59:00+00:00,2139.7,82.54,343.1,13.96,380.3,19.0,591.9,0.0651,0.97,72.1,252.1,10.1
2025-05-26T08:00:00+00:00,2125.8,80.62,355.1,13.80,415.5,18.8,626.3,0.0626,0.90,72.1,252.1,9.0
2025-05-26T08:01:00+00:00,1988.5,81.02,344.6,13.94,394.4,17.9,630.9,0.0601,0.99,72.1,252.1,12.8
2025-05-26T08:02:00+00:00,2099.9,81.01,353.8,13.82,385.5,17.7,578.4,0.0599,0.86,72.1,252.1,9.6
2025-05-26T08:03:00+00:00,2140.0,82.12,340.6,14.03,359.5,18.7,545.9,0.0608,0.98,72.1,252.1,10.7
2025-05-26T08:04:00+00:00,1944.4,82.64,357.7,13.64,383.2,18.9,539.4,0.0593,0.94,72.1,252.1,9.3
2025-05-26T08:05:00+00:00,2062.8,82.76,350.3,13.68,386.4,17.4,660.3,0.0620,0.88,72.1,252.1,10.4
2025-05-26T08:06:00+00:00,1909.4,83.84,362.7,13.98,373.6,17.8,582.1,0.0589,0.92,72.1,252.1,10.6
2025-05-26T08:07:00+00:00,1996.9,82.96,351.5,13.77,367.3,18.6,587.4,0.0599,0.96,72.1,252.1,10.4
2025-05-26T08:08:00+00:00,2045.6,83.31,343.0,14.08,373.7,20.6,616.7,0.0646,1.00,72.1,252.1,10.3
2025-05-26T08:09:00+00:00,1874.2,81.20,363.2,13.93,368.5,17.8,623.6,0.0659,0.93,72.1,252.1,11.4
2025-05-26T08:10:00+00:00,1920.7,78.84,349.9,13.69,366.1,16.9,625.5,0.0610,1.02,72.1,252.1,10.8
2025-05-26T08:11:00+00:00,1952.0,81.08,354.8,13.48,382.6,17.8,570.6,0.0594,0.94,72.1,252.1,10.2
2025-05-26T08:12:00+00:00,2212.8,82.10,359.3,13.63,383.6,19.0,662.7,0.0621,1.09,72.1,252.1,10.7
2025-05-26T08:13:00+00:00,2037.3,86.18,336.8,13.87,374.4,16.8,595.9,0.0602,0.96,72.1,252.1,10.0
2025-05-26T08:14:00+00:00,1823.8,81.30,329.5,13.65,372.4,18.6,616.5,0.0661,0.91,72.1,252.1,10.0
2025-05-26T08:15:00+00:00,2056.3,83.93,340.8,13.88,349.9,19.4,568.8,0.0594,0.90,72.1,252.1,9.4
2025-05-26T08:16:00+00:00,2153.8,83.61,345.6,13.61,396.5,15.9,560.2,0.0619,0.93,72.1,252.1,9.0
2025-05-26T08:17:00+00:00,2007.8,82.32,347.6,13.71,379.0,18.4,659.3,0.0611,1.08,72.1,252.1,10.5
2025-05-26T08:18:00+00:00,2075.4,83.85,344.3,14.02,383.1,18.3,628.3,0.0657,1.04,72.1,252.1,8.8
2025-05-26T08:19:00+00:00,2057.5,83.12,344.0,13.94,387.0,17.4,604.8,0.0651,0.89,72.1,252.1,9.8
2025-05-26T08:20:00+00:00,2042.9,82.78,360.3,13.63,372.6,15.8,577.8,0.0604,1.00,72.1,252.1,9.2
2025-05-26T08:21:00+00:00,2123.9,81.59,341.8,13.63,390.7,17.6,595.7,0.0597,0.88,72.1,252.1,11.1
2025-05-26T08:22:00+00:00,2267.0,82.83,343.9,13.77,405.5,17.9,657.5,0.0625,0.90,72.1,252.1,8.2
2025-05-26T08:23:00+00:00,2189.2,83.50,337.2,13.69,386.9,18.0,583.9,0.0697,0.89,72.1,252.1,8.7
2025-05-26T08:24:00+00:00,2048.9,79.29,340.3,13.81,404.5,15.9,636.1,0.0611,0.99,72.1,252.1,9.7
2025-05-26T08:25:00+00:00,2152.4,85.28,348.6,13.57,378.3,16.2,613.4,0.0704,0.95,72.1,252.1,11.2
2025-05-26T08:26:00+00:00,2101.9,82.48,341.5,13.94,406.7,19.1,590.1,0.0606,0.98,72.1,252.1,10.8
2025-05-26T08:27:00+00:00,1869.0,80.16,347.6,13.73,363.9,19.2,597.1,0.0585,0.90,72.1,252.1,9.6
2025-05-26T08:28:00+00:00,2117.0,82.58,343.2,14.09,390.9,16.1,618.1,0.0595,0.87,72.1,252.1,10.3
2025-05-26T08:29:00+00:00,1955.8,81.27,335.2,13.85,382.5,15.6,622.2,0.0591,0.92,72.1,252.1,9.3
2025-05-26T08:30:00+00:00,1044.5,82.48,356.8,13.72,359.5,17.6,582.7,0.0568,1.00,72.1,252.1,9.0
2025-05-26T08:31:00+00:00,892.3,78.95,352.2,13.82,341.6,19.3,582.8,0.0540,0.97,72.1,252.1,11.0
2025-05-26T08:32:00+00:00,925.6,78.48,366.3,13.80,353.1,15.3,534.9,0.0556,0.92,72.1,252.1,9.0
2025-05-26T08:33:00+00:00,1042.7,81.51,356.6,13.78,356.7,18.8,509.3,0.0555,1.02,72.1,252.1,10.6
2025-05-26T08:34:00+00:00,914.4,78.75,354.0,13.78,328.2,21.0,527.9,0.0541,0.97,72.1,252.1,10.3
2025-05-26T08:35:00+00:00,1008.2,78.45,346.9,13.78,344.0,20.1,599.2,0.0546,0.97,72.1,252.1,8.6
2025-05-26T08:36:00+00:00,825.2,77.45,363.5,13.52,363.7,19.9,533.3,0.0585,0.96,72.1,252.1,11.0
2025-05-26T08:37:00+00:00,955.4,78.72,350.3,13.56,353.7,19.9,596.7,0.0550,0.98,72.1,252.1,9.1
2025-05-26T08:38:00+00:00,961.4,77.59,358.0,13.84,355.2,18.3,551.9,0.0552,0.95,72.1,252.1,10.8
2025-05-26T08:39:00+00:00,945.6,78.78,353.2,14.04,356.4,17.1,517.3,0.0537,0.92,72.1,252.1,9.6
2025-05-26T08:40:00+00:00,870.5,76.14,347.7,13.84,332.4,18.8,535.6,0.0565,1.00,72.1,252.1,8.6
2025-05-26T08:41:00+00:00,907.3,77.94,350.4,13.68,350.6,19.4,535.3,0.0539,0.96,72.1,252.1,10.9
2025-05-26T08:42:00+00:00,972.6,79.50,367.0,13.68,345.0,18.5,577.0,0.0626,0.91,72.1,252.1,8.7
2025-05-26T14:00:00+00:00,1127.6,79.96,353.3,13.80,326.2,21.3,593.8,0.0578,0.91,72.1,252.1,7.4
2025-05-26T14:01:00+00:00,980.5,74.94,350.2,14.08,363.4,18.3,519.8,0.0540,0.92,72.1,252.1,10.1
2025-05-26T14:02:00+00:00,959.6,77.87,371.1,13.78,341.2,16.3,512.8,0.0621,0.99,72.1,252.1,10.0
2025-05-26T14:03:00+00:00,1025.1,77.98,347.1,13.51,356.7,20.9,605.6,0.0598,0.88,72.1,252.1,8.8
2025-05-26T14:04:00+00:00,843.3,79.65,356.1,13.82,338.9,17.3,573.2,0.0556,0.93,72.1,252.1,9.5
2025-05-26T14:05:00+00:00,1132.8,80.30,368.2,13.94,362.8,15.9,610.7,0.0576,0.83,72.1,252.1,9.7
2025-05-26T14:06:00+00:00,883.3,82.10,358.4,13.82,354.4,17.2,539.7,0.0600,0.87,72.1,252.1,10.2
2025-05-26T14:07:00+00:00,783.7,77.16,347.6,13.79,355.6,17.6,554.1,0.0607,1.00,72.1,252.1,10.5
2025-05-26T14:08:00+00:00,946.7,76.72,359.7,13.75,376.9,17.8,549.8,0.0543,0.95,72.1,252.1,11.0
2025-05-26T14:09:00+00:00,981.6,79.81,347.6,13.82,347.5,15.9,492.7,0.0542,0.94,72.1,252.1,9.1
2025-05-26T14:10:00+00:00,867.0,77.20,354.4,13.79,347.0,17.2,540.7,0.0529,0.86,72.1,252.1,8.2
2025-05-26T14:11:00+00:00,936.5,76.01,349.3,13.82,353.1,19.4,563.3,0.0537,0.91,72.1,252.1,12.2
2025-05-26T14:12:00+00:00,2064.1,83.38,347.5,13.92,371.8,23.8,601.2,0.0663,0.94,72.1,252.1,9.5
2025-05-26T14:13:00+00:00,2008.1,82.55,328.2,13.85,375.7,17.0,585.9,0.0627,0.98,72.1,252.1,9.3
2025-05-26T14:14:00+00:00,2079.4,79.27,360.5,13.95,389.1,17.6,553.0,0.0598,0.92,72.1,252.1,10.0
2025-05-26T14:15:00+00:00,1922.3,81.95,350.4,13.84,367.9,17.8,591.8,0.0593,0.94,72.1,252.1,10.2
2025-05-26T14:16:00+00:00,2016.3,81.57,348.3,13.74,382.1,17.6,663.6,0.0635,0.88,72.1,252.1,9.2
2025-05-26T14:17:00+00:00,2024.1,82.53,348.8,13.90,383.3,16.4,629.7,0.0624,0.96,72.1,252.1,11.7
2025-05-26T14:18:00+00:00,1948.3,83.45,348.9,13.70,392.9,21.8,585.2,0.0593,0.94,72.1,252.1,10.8
2025-05-26T14:19:00+00:00,2004.8,81.91,349.7,13.85,369.9,20.2,660.0,0.0595,0.92,72.1,252.1,11.3
2025-05-26T14:20:00+00:00,1907.1,81.77,344.0,13.94,403.9,17.8,574.6,0.0599,1.00,72.1,252.1,10.7
2025-05-26T14:21:00+00:00,1984.6,79.82,346.6,13.97,385.8,16.8,619.8,0.0610,0.96,72.1,252.1,9.5
2025-05-26T14:22:00+00:00,2059.7,82.61,342.6,13.77,404.7,16.5,599.9,0.0599,0.95,72.1,252.1,10.7
2025-05-26T14:23:00+00:00,1815.3,83.72,344.9,13.79,360.6,20.2,616.9,0.0585,0.86,72.1,252.1,9.7
2025-05-26T14:24:00+00:00,1978.7,80.52,353.0,13.76,379.9,17.9,629.7,0.0690,0.92,72.1,252.1,9.9
2025-05-26T14:25:00+00:00,1787.7,80.87,347.2,13.87,387.7,17.5,638.0,0.0584,0.94,72.1,252.1,10.9
2025-05-26T14:26:00+00:00,2057.9,84.81,356.0,13.73,360.0,20.1,581.1,0.0604,0.99,72.1,252.1,9.6
2025-05-26T14:27:00+00:00,1869.0,83.83,354.6,14.07,380.3,16.3,609.3,0.0628,1.00,72.1,252.1,11.7
2025-05-26T14:28:00+00:00,2087.7,82.47,350.7,13.78,371.1,21.2,571.3,0.0602,0.94,72.1,252.1,11.0
2025-05-26T14:29:00+00:00,1926.4,82.95,346.1,13.86,368.3,20.0,571.1,0.0597,0.92,72.1,252.1,9.7
2025-05-26T14:30:00+00:00,1950.2,82.68,351.0,13.95,372.2,17.7,548.6,0.0595,0.96,72.1,252.1,7.2
2025-05-26T14:31:00+00:00,1992.3,78.83,346.9,13.64,391.0,17.4,567.1,0.0594,0.91,72.1,252.1,8.5
2025-05-26T14:32:00+00:00,1894.3,82.45,342.3,13.92,380.7,17.0,583.6,0.0589,0.93,72.1,252.1,12.1
2025-05-26T14:33:00+00:00,2269.4,82.96,344.2,14.24,388.0,18.4,673.3,0.0615,0.99,72.1,252.1,11.3
2025-05-26T14:34:00+00:00,1974.3,82.01,353.0,13.62,383.9,18.6,577.8,0.0689,0.91,72.1,252.1,11.6
2025-05-26T14:35:00+00:00,1856.9,80.21,350.0,13.68,385.8,20.0,606.6,0.0589,0.92,72.1,252.1,8.3
2025-05-26T14:36:00+00:00,2061.3,81.34,357.8,13.66,401.2,18.8,609.9,0.0607,1.01,72.1,252.1,9.5
2025-05-26T14:37:00+00:00,2077.8,83.25,350.7,13.82,393.2,20.9,567.3,0.0604,0.97,72.1,252.1,8.3
2025-05-26T14:38:00+00:00,1919.0,83.51,351.3,13.51,395.1,19.9,637.8,0.0586,0.89,72.1,252.1,9.3
2025-05-26T14:39:00+00:00,2072.3,81.92,360.1,13.99,379.2,17.0,601.8,0.0600,0.94,72.1,252.1,10.9
2025-05-26T14:40:00+00:00,2010.9,80.70,358.3,13.74,379.1,19.1,583.5,0.0590,0.87,72.1,252.1,9.2
2025-05-26T14:41:00+00:00,1916.9,81.94,338.3,13.53,377.4,16.0,657.8,0.0620,0.94,72.1,252.1,11.5
2025-05-26T14:42:00+00:00,1874.5,83.63,354.6,14.11,385.6,20.1,582.9,0.0680,1.02,72.1,252.1,9.6
2025-05-26T14:43:00+00:00,2130.2,84.40,335.2,13.75,375.8,17.5,566.1,0.0594,0.86,72.1,252.1,8.7
2025-05-26T14:44:00+00:00,1973.7,83.84,339.2,13.72,386.9,16.3,664.6,0.0611,0.92,72.1,252.1,12.2
2025-05-26T14:45:00+00:00,1931.4,80.79,359.3,13.71,389.5,17.7,622.2,0.0632,0.89,72.1,252.1,10.0
2025-05-26T14:46:00+00:00,2058.2,81.29,358.8,13.84,387.8,19.1,604.7,0.0598,0.92,72.1,252.1,10.8
2025-05-26T14:47:00+00:00,1906.4,81.33,360.6,13.68,374.4,18.3,650.5,0.0593,0.95,72.1,252.1,9.5
2025-05-26T14:48:00+00:00,1989.1,83.26,360.7,13.93,372.7,18.8,548.2,0.0691,0.91,72.1,252.1,10.0
2025-05-26T14:49:00+00:00,2048.2,81.00,342.2,14.10,374.9,19.8,643.3,0.0660,0.92,72.1,252.1,11.1
2025-05-26T14:50:00+00:00,1808.6,82.44,360.3,13.76,374.2,18.3,611.1,0.0586,0.87,72.1,252.1,9.8
2025-05-26T14:51:00+00:00,2069.9,85.11,352.3,13.70,375.0,18.5,573.5,0.0633,0.94,72.1,252.1,8.5
2025-05-26T14:52:00+00:00,2079.9,80.74,340.4,13.73,358.3,18.8,556.5,0.0602,0.92,72.1,252.1,8.7
2025-05-26T14:53:00+00:00,2079.9,82.96,345.5,14.14,372.2,20.4,527.1,0.0601,0.94,72.1,252.1,8.7
2025-05-26T14:54:00+00:00,2010.2,85.45,349.9,13.68,384.2,17.1,636.2,0.0592,0.90,72.1,252.1,9.5
2025-05-26T14:55:00+00:00,2068.0,80.15,351.3,13.87,395.4,17.7,625.8,0.0604,0.97,72.1,252.1,8.5
2025-05-26T14:56:00+00:00,2067.2,81.76,344.8,14.07,386.3,17.4,549.9,0.0603,0.99,72.1,252.1,9.3
2025-05-26T14:57:00+00:00,1973.8,82.27,336.0,13.94,395.0,17.5,627.5,0.0596,0.95,72.1,252.1,9.7
2025-05-26T14:58:00+00:00,2005.7,80.80,348.0,13.77,379.1,17.2,618.9,0.0598,0.95,72.1,252.1,10.9
2025-05-26T14:59:00+00:00,2072.3,81.54,353.8,13.90,378.4,17.1,621.7,0.0599,0.94,72.1,252.1,11.0
2025-05-26T15:00:00+00:00,1872.5,84.49,347.9,13.87,381.8,18.8,549.5,0.0589,0.92,72.1,252.1,11.1
2025-05-26T15:01:00+00:00,2073.9,84.27,356.4,13.64,393.2,17.5,596.0,0.0660,0.90,72.1,252.1,10.1
2025-05-26T15:02:00+00:00,2099.6,80.39,351.9,13.89,385.0,18.0,607.9,0.0596,0.89,72.1,252.1,11.0
2025-05-26T15:03:00+00:00,1890.8,81.87,350.2,13.84,381.3,16.5,607.3,0.0722,0.98,72.1,252.1,11.4
2025-05-26T15:04:00+00:00,1980.1,82.66,354.3,13.67,367.9,18.1,571.1,0.0643,0.95,72.1,252.1,9.6
2025-05-26T15:05:00+00:00,2492.9,80.76,358.4,13.69,401.1,20.1,654.8,0.0618,0.90,72.1,252.1,10.4
2025-05-26T15:06:00+00:00,2227.9,82.23,356.9,13.84,404.8,17.1,634.8,0.0613,0.98,72.1,252.1,10.9
2025-05-26T15:07:00+00:00,1857.5,80.25,348.6,13.65,385.0,19.3,623.9,0.0620,0.99,72.1,252.1,9.8
2025-05-26T15:08:00+00:00,2399.9,84.01,340.0,13.90,394.6,17.2,621.8,0.0633,1.00,72.1,252.1,9.5
2025-05-26T15:09:00+00:00,2413.3,83.27,340.4,14.11,375.3,19.6,593.2,0.0610,0.86,72.1,252.1,9.0
2025-05-26T15:10:00+00:00,2535.2,82.80,347.0,13.78,391.4,16.7,614.2,0.0674,0.90,72.1,252.1,12.2
2025-05-26T15:11:00+00:00,1882.2,83.91,343.4,14.01,405.5,20.2,577.8,0.0588,0.91,72.1,252.1,9.1
2025-05-26T15:12:00+00:00,1971.4,83.47,352.9,13.54,366.2,18.6,592.3,0.0593,0.88,72.1,252.1,8.9
2025-05-26T15:13:00+00:00,2065.2,82.96,347.2,13.85,373.5,16.7,639.8,0.0600,0.96,72.1,252.1,8.6
2025-05-26T15:14:00+00:00,1972.5,81.11,354.5,13.91,356.1,19.1,597.1,0.0592,0.92,72.1,252.1,12.0
2025-05-26T15:15:00+00:00,1877.4,81.13,347.0,13.71,380.4,16.1,599.6,0.0615,0.92,72.1,252.1,10.1
2025-05-26T15:16:00+00:00,2453.4,86.21,339.5,13.53,395.3,17.6,653.9,0.0622,0.95,72.1,252.1,10.0
2025-05-26T15:17:00+00:00,2415.8,83.37,361.3,13.89,410.0,18.8,608.2,0.0618,0.94,72.1,252.1,9.9
2025-05-26T15:18:00+00:00,2025.4,81.11,346.7,13.62,397.6,19.4,622.2,0.0588,0.84,72.1,252.1,10.8
2025-05-26T15:19:00+00:00,2129.3,83.90,356.8,13.96,388.7,20.7,601.9,0.0639,0.95,72.1,252.1,10.9
2025-05-26T15:20:00+00:00,2380.2,85.14,359.2,13.70,391.9,17.3,645.4,0.0604,0.80,72.1,252.1,9.6
2025-05-26T15:21:00+00:00,1971.8,82.23,351.9,13.98,373.9,17.0,634.4,0.0679,1.04,72.1,252.1,10.2
2025-05-26T15:22:00+00:00,1978.8,81.31,340.4,13.64,384.1,19.5,577.7,0.0594,0.91,72.1,252.1,11.1
2025-05-26T15:23:00+00:00,2400.9,83.42,345.6,13.78,396.0,16.0,623.8,0.0615,0.90,72.1,252.1,9.6
2025-05-26T15:24:00+00:00,1959.0,83.17,343.3,13.87,368.3,17.7,620.6,0.0601,1.01,72.1,252.1,11.0
2025-05-26T15:25:00+00:00,2022.0,81.84,351.5,13.93,373.9,19.5,565.9,0.0642,1.02,72.1,252.1,9.8
2025-05-26T15:26:00+00:00,1968.0,79.49,354.0,13.94,379.7,22.1,519.1,0.0690,0.85,72.1,252.1,11.6
2025-05-26T15:27:00+00:00,2456.9,83.82,341.5,13.77,400.6,15.3,573.9,0.0623,0.96,72.1,252.1,10.1
2025-05-26T15:28:00+00:00,2072.0,82.44,357.8,13.73,384.5,20.1,644.3,0.0634,0.97,72.1,252.1,10.9
2025-05-26T15:29:00+00:00,2098.6,80.71,343.0,13.87,385.5,17.8,601.5,0.0598,0.91,72.1,252.1,8.7
2025-05-26T15:30:00+00:00,1974.8,83.68,355.1,13.82,372.7,23.1,673.9,0.0600,0.98,72.1,252.1,7.8
2025-05-26T15:31:00+00:00,2022.1,80.92,360.0,13.56,399.1,18.1,552.5,0.0608,0.92,72.1,252.1,10.2
2025-05-26T15:32:00+00:00,1928.3,82.52,354.5,14.20,390.7,17.9,658.9,0.0620,0.91,72.1,252.1,9.5
2025-05-26T15:33:00+00:00,2070.3,83.46,356.5,13.89,383.8,16.3,623.5,0.0588,0.83,72.1,252.1,9.8
2025-05-26T15:34:00+00:00,1926.9,80.66,344.5,13.73,404.2,20.4,609.8,0.0638,0.95,72.1,252.1,9.6
2025-05-26T15:35:00+00:00,1946.8,80.99,358.1,13.95,363.8,19.0,631.9,0.0616,0.95,72.1,252.1,12.4
2025-05-26T15:36:00+00:00,1984.3,81.90,341.5,13.76,387.6,18.2,613.9,0.0588,0.87,72.1,252.1,9.5
2025-05-26T15:37:00+00:00,1930.2,84.01,345.8,13.70,381.3,18.4,603.2,0.0593,0.93,72.1,252.1,11.0
2025-05-26T15:38:00+00:00,2074.4,82.47,338.4,13.93,384.7,17.9,537.2,0.0595,0.89,72.1,252.1,10.3
2025-05-26T15:39:00+00:00,2057.7,84.19,346.9,13.74,410.6,18.7,576.0,0.0653,0.96,72.1,252.1,10.9
2025-05-26T15:40:00+00:00,2004.3,83.50,342.7,13.64,385.2,18.2,570.6,0.0598,0.95,72.1,252.1,10.6
2025-05-26T15:41:00+00:00,1799.0,81.06,351.3,13.88,378.5,17.2,614.1,0.0587,0.95,72.1,252.1,11.2
2025-05-26T15:42:00+00:00,1801.1,81.50,352.5,13.90,386.0,18.5,590.7,0.0598,0.90,72.1,252.1,10.4
2025-05-26T15:43:00+00:00,2213.3,84.08,352.3,13.89,391.3,14.4,606.5,0.0619,1.04,72.1,252.1,11.2
2025-05-26T15:44:00+00:00,2171.8,81.77,353.2,13.82,397.6,17.5,558.7,0.0674,0.88,72.1,252.1,10.6
2025-05-26T15:45:00+00:00,2157.0,82.52,351.8,13.88,390.5,16.7,636.8,0.0624,0.98,72.1,252.1,10.0
2025-05-26T15:46:00+00:00,1959.8,83.72,354.8,13.68,360.7,19.8,595.4,0.0597,0.95,72.1,252.1,11.2
2025-05-26T15:47:00+00:00,2072.9,80.06,341.9,13.45,370.8,17.0,649.2,0.0618,0.98,72.1,252.1,9.7
2025-05-26T15:48:00+00:00,2050.4,84.21,355.4,13.72,363.6,18.0,624.4,0.0650,1.02,72.1,252.1,10.5
2025-05-26T15:49:00+00:00,2033.0,82.40,345.3,13.74,407.5,18.9,570.5,0.0667,0.91,72.1,252.1,10.5
2025-05-26T15:50:00+00:00,1802.4,80.94,349.1,13.79,357.6,16.9,490.9,0.0585,0.93,72.1,252.1,10.1
2025-05-26T15:51:00+00:00,1844.1,80.79,344.1,14.06,366.7,19.4,624.0,0.0587,0.94,72.1,252.1,10.6
2025-05-26T15:52:00+00:00,1940.8,81.06,364.4,13.81,365.2,16.4,636.6,0.0627,0.97,72.1,252.1,9.3
2025-05-26T15:53:00+00:00,2015.3,81.49,336.4,13.87,353.6,19.2,606.9,0.0659,0.91,72.1,252.1,9.4
2025-05-26T15:54:00+00:00,2023.3,84.59,353.7,14.03,377.5,18.5,589.5,0.0596,0.92,72.1,252.1,10.4
2025-05-26T15:55:00+00:00,2062.3,82.24,338.2,13.42,361.0,16.2,602.9,0.0602,0.97,72.1,252.1,8.5
2025-05-26T15:56:00+00:00,1849.2,80.78,347.4,13.71,383.7,17.7,614.0,0.0590,0.95,72.1,252.1,12.0
2025-05-26T15:57:00+00:00,2127.4,85.45,343.9,13.89,388.7,15.9,645.6,0.0597,0.87,72.1,252.1,10.7
2025-05-26T15:58:00+00:00,2038.8,81.58,353.8,13.75,412.3,19.9,656.9,0.0600,0.95,72.1,252.1,10.1
2025-05-26T15:59:00+00:00,2057.7,84.61,346.2,13.88,378.1,17.0,656.4,0.0639,0.91,72.1,252.1,11.6
2025-05-26T16:00:00+00:00,2072.6,81.51,352.4,13.91,373.6,17.2,600.3,0.0623,0.98,72.1,252.1,11.0
2025-05-26T16:01:00+00:00,1795.6,81.32,355.1,14.01,370.8,19.0,599.4,0.0582,0.89,72.1,252.1,9.2
2025-05-26T16:02:00+00:00,2046.4,82.57,342.3,13.49,385.4,19.7,673.7,0.0594,0.89,72.1,252.1,10.2
2025-05-26T16:03:00+00:00,2052.1,82.58,358.5,13.95,368.1,15.4,655.3,0.0598,0.92,72.1,252.1,8.9
2025-05-26T16:04:00+00:00,2174.8,82.47,352.6,13.65,366.6,18.4,629.7,0.0602,0.92,72.1,252.1,11.4
2025-05-26T16:05:00+00:00,2205.5,85.47,374.7,13.75,389.5,17.7,566.5,0.0608,0.94,72.1,252.1,9.5
2025-05-26T16:06:00+00:00,2123.0,80.57,353.2,13.81,382.0,18.6,645.0,0.0602,0.93,72.1,252.1,9.8
2025-05-26T16:07:00+00:00,1989.4,83.34,364.7,13.82,378.2,19.0,625.3,0.0694,0.89,72.1,252.1,11.0
2025-05-26T16:08:00+00:00,2301.3,80.64,355.5,13.85,376.5,19.1,694.8,0.0612,0.94,72.1,252.1,10.4
2025-05-26T16:09:00+00:00,1943.3,81.87,351.9,13.70,385.5,17.7,597.9,0.0589,0.89,72.1,252.1,10.1
2025-05-26T16:10:00+00:00,1945.6,82.69,357.6,13.72,387.1,21.5,610.9,0.0635,0.95,72.1,252.1,10.9
2025-05-26T16:11:00+00:00,2053.2,83.71,352.7,13.86,396.2,20.3,591.1,0.0600,0.94,72.1,252.1,9.3
2025-05-26T16:12:00+00:00,1951.2,83.43,360.1,13.81,382.1,19.9,589.2,0.0589,0.90,72.1,252.1,10.7
2025-05-26T16:13:00+00:00,1839.0,82.06,347.0,13.88,373.9,18.5,557.7,0.0583,0.89,72.1,252.1,10.0
2025-05-26T16:14:00+00:00,1927.0,84.10,349.2,13.82,372.3,17.8,634.9,0.0585,0.86,72.1,252.1,9.4
2025-05-26T16:15:00+00:00,2054.6,80.15,344.7,13.75,373.0,20.0,607.1,0.0676,0.92,72.1,252.1,8.9
2025-05-26T16:16:00+00:00,938.9,82.07,354.5,13.60,361.5,17.6,551.1,0.0537,0.92,72.1,252.1,12.0
2025-05-26T16:17:00+00:00,890.1,80.42,366.4,13.85,353.0,19.7,501.1,0.0550,0.97,72.1,252.1,11.5
2025-05-26T16:18:00+00:00,977.4,82.32,355.2,13.66,362.3,20.4,541.1,0.0594,0.86,72.1,252.1,9.4
2025-05-26T16:19:00+00:00,1062.9,78.63,354.4,13.85,333.5,18.5,539.1,0.0610,0.93,72.1,252.1,9.7
2025-05-26T16:20:00+00:00,878.7,78.88,357.4,13.84,348.0,20.2,528.1,0.0545,0.97,72.1,252.1,11.6
2025-05-26T16:21:00+00:00,875.2,79.89,356.9,13.85,337.5,18.9,518.2,0.0533,0.91,72.1,252.1,10.3
2025-05-26T16:22:00+00:00,1052.8,78.03,354.5,13.83,371.8,17.5,544.3,0.0543,0.92,72.1,252.1,10.0
2025-05-26T16:23:00+00:00,955.2,79.02,356.6,13.56,382.1,17.7,528.8,0.0542,0.97,72.1,252.1,9.1
2025-05-26T16:24:00+00:00,986.9,77.96,346.9,13.83,334.8,17.8,547.1,0.0546,0.93,72.1,252.1,10.1
2025-05-26T16:25:00+00:00,872.7,77.45,361.5,13.71,369.1,17.6,491.2,0.0615,0.96,72.1,252.1,10.7
2025-05-26T16:26:00+00:00,914.3,80.06,371.6,13.55,349.8,18.3,594.0,0.0532,0.88,72.1,252.1,10.0
2025-05-27T06:00:00+00:00,909.7,81.20,341.6,13.85,327.7,19.1,577.0,0.0534,0.91,349.8,304.8,7.8
2025-05-27T06:01:00+00:00,864.9,77.55,365.6,13.67,348.1,17.8,593.6,0.0529,0.88,349.8,304.8,8.4
2025-05-27T06:02:00+00:00,903.0,77.97,362.2,13.83,355.0,18.6,571.0,0.0535,0.92,349.8,304.8,7.9
2025-05-27T06:03:00+00:00,969.3,78.76,352.3,14.09,344.2,20.5,554.5,0.0596,0.84,349.8,304.8,8.4
2025-05-27T06:04:00+00:00,933.8,79.31,344.2,13.71,354.5,17.4,528.2,0.0562,0.87,349.8,304.8,8.5
2025-05-27T06:05:00+00:00,1116.1,80.11,370.0,13.84,357.4,16.4,572.2,0.0578,0.88,349.8,304.8,7.7
2025-05-27T06:06:00+00:00,1061.7,79.81,365.9,13.78,350.5,18.8,521.6,0.0606,0.96,349.8,304.8,6.7
2025-05-27T06:07:00+00:00,903.5,78.88,361.1,13.59,355.2,18.6,580.0,0.0536,0.93,349.8,304.8,8.4
2025-05-27T06:08:00+00:00,987.8,78.67,343.0,13.62,368.2,14.4,598.2,0.0541,0.93,349.8,304.8,7.5
2025-05-27T06:09:00+00:00,985.5,79.70,350.7,13.82,345.8,17.6,556.3,0.0538,0.88,349.8,304.8,7.8
2025-05-27T06:10:00+00:00,933.1,79.71,355.4,13.60,339.9,20.4,492.7,0.0540,0.97,349.8,304.8,8.3
2025-05-27T06:11:00+00:00,1950.6,82.91,358.1,13.93,372.7,19.0,612.1,0.0593,0.93,349.8,304.8,7.7
2025-05-27T06:12:00+00:00,2031.2,79.97,351.7,13.98,397.8,17.0,561.2,0.0621,0.98,349.8,304.8,7.2
2025-05-27T06:13:00+00:00,1973.2,82.28,353.8,13.96,373.7,18.0,641.2,0.0594,0.92,349.8,304.8,9.0
2025-05-27T06:14:00+00:00,2038.0,81.95,348.4,13.89,385.4,20.1,636.4,0.0591,0.87,349.8,304.8,7.4
2025-05-27T06:15:00+00:00,2200.0,84.86,350.6,13.68,370.5,18.2,664.7,0.0609,0.96,349.8,304.8,8.5
2025-05-27T06:16:00+00:00,2035.8,82.04,344.3,13.97,407.2,16.5,598.6,0.0606,0.93,349.8,304.8,9.4
2025-05-27T06:17:00+00:00,1940.8,78.93,338.4,13.81,377.6,19.1,571.1,0.0629,1.00,349.8,304.8,8.4
2025-05-27T06:18:00+00:00,2027.4,81.90,343.1,13.97,373.6,16.3,669.2,0.0666,0.99,349.8,304.8,9.5
2025-05-27T06:19:00+00:00,2007.6,81.99,353.0,13.83,364.9,19.8,602.4,0.0590,0.83,349.8,304.8,9.8
2025-05-27T06:20:00+00:00,2014.3,81.15,347.7,13.72,387.1,18.5,626.3,0.0606,1.04,349.8,304.8,8.1
2025-05-27T06:21:00+00:00,2077.8,82.53,344.3,13.54,382.3,19.6,646.8,0.0603,0.95,349.8,304.8,8.5
2025-05-27T06:22:00+00:00,1879.9,83.07,354.5,13.67,390.3,18.5,563.5,0.0600,1.00,349.8,304.8,7.4
2025-05-27T06:23:00+00:00,2066.0,84.33,349.6,13.72,382.6,17.0,585.1,0.0597,0.91,349.8,304.8,10.0
2025-05-27T06:24:00+00:00,2158.9,82.07,349.7,13.60,387.6,17.0,621.0,0.0612,1.01,349.8,304.8,8.7
2025-05-27T06:25:00+00:00,2288.3,84.20,341.8,13.68,398.5,17.4,612.3,0.0655,1.00,349.8,304.8,10.0
2025-05-27T06:26:00+00:00,1801.2,82.33,353.7,13.66,383.0,19.4,581.6,0.0619,0.94,349.8,304.8,8.7
2025-05-27T06:27:00+00:00,2031.1,80.01,360.6,13.70,387.5,18.4,602.0,0.0614,1.01,349.8,304.8,7.7
2025-05-27T06:28:00+00:00,1753.6,79.93,350.7,14.05,389.0,16.2,612.0,0.0585,0.95,349.8,304.8,8.5
2025-05-27T06:29:00+00:00,2122.9,85.27,339.1,13.61,408.5,18.0,664.1,0.0617,0.85,349.8,304.8,7.2
2025-05-27T06:30:00+00:00,2067.5,84.96,351.7,13.86,369.2,18.9,592.7,0.0608,1.02,349.8,304.8,8.1
2025-05-27T06:31:00+00:00,1896.7,83.64,361.2,13.33,367.4,17.2,597.0,0.0588,0.92,349.8,304.8,10.2
2025-05-27T06:32:00+00:00,2029.5,84.53,356.4,13.61,386.2,17.1,590.4,0.0596,0.93,349.8,304.8,8.9
2025-05-27T06:33:00+00:00,2073.1,83.66,339.5,13.93,374.0,17.5,594.4,0.0659,0.93,349.8,304.8,8.4
2025-05-27T06:34:00+00:00,1856.1,79.59,340.8,13.77,405.5,19.2,524.1,0.0627,0.91,349.8,304.8,9.4
2025-05-27T06:35:00+00:00,2023.3,80.27,347.4,13.69,355.6,18.6,592.9,0.0600,0.99,349.8,304.8,7.3
2025-05-27T06:36:00+00:00,1853.7,82.15,369.9,13.96,366.8,17.0,650.7,0.0598,0.94,349.8,304.8,9.7
2025-05-27T06:37:00+00:00,2078.9,81.18,341.8,13.84,394.4,18.7,604.5,0.0626,0.91,349.8,304.8,7.5
2025-05-27T06:38:00+00:00,1976.9,82.22,342.2,13.83,402.9,18.2,588.6,0.0600,0.99,349.8,304.8,7.5
2025-05-27T06:39:00+00:00,2002.3,82.42,363.3,13.80,399.0,21.7,608.5,0.0622,0.98,349.8,304.8,8.2
2025-05-27T06:40:00+00:00,1918.3,83.34,361.6,13.76,390.2,16.9,539.9,0.0609,0.98,349.8,304.8,6.6
2025-05-27T06:41:00+00:00,2005.9,81.72,349.1,13.86,369.3,19.0,623.3,0.0592,0.89,349.8,304.8,8.3
2025-05-27T06:42:00+00:00,2058.3,82.70,342.6,13.88,391.9,18.9,571.6,0.0635,0.90,349.8,304.8,7.9
2025-05-27T06:43:00+00:00,2069.9,83.34,344.9,13.86,378.6,19.5,633.4,0.0597,0.93,349.8,304.8,8.6
2025-05-27T06:44:00+00:00,2170.3,80.47,340.0,13.89,384.2,17.0,632.5,0.0605,0.95,349.8,304.8,8.0
2025-05-27T06:45:00+00:00,2006.0,80.63,348.7,13.77,384.4,18.5,614.0,0.0598,0.95,349.8,304.8,8.0
2025-05-27T06:46:00+00:00,1946.4,81.01,347.1,13.73,360.6,20.7,584.2,0.0710,0.94,349.8,304.8,8.4
2025-05-27T06:47:00+00:00,2119.7,83.91,362.8,13.89,368.8,19.4,672.9,0.0608,0.99,349.8,304.8,9.9
2025-05-27T06:48:00+00:00,1973.9,81.37,359.5,13.76,391.4,18.6,524.5,0.0588,0.87,349.8,304.8,8.5
2025-05-27T06:49:00+00:00,2047.2,83.16,352.3,13.63,379.8,17.6,627.2,0.0602,0.96,349.8,304.8,7.0
2025-05-27T06:50:00+00:00,2188.2,82.22,358.2,13.60,395.8,19.0,565.1,0.0605,0.92,349.8,304.8,7.7
2025-05-27T06:51:00+00:00,2155.4,81.50,350.4,13.89,356.7,19.0,596.6,0.0590,0.80,349.8,304.8,7.0
2025-05-27T06:52:00+00:00,2014.6,81.49,359.6,13.76,380.0,18.0,561.9,0.0625,0.95,349.8,304.8,7.1
2025-05-27T06:53:00+00:00,2044.1,82.52,339.5,13.90,373.3,18.2,625.9,0.0660,0.96,349.8,304.8,6.8
2025-05-27T06:54:00+00:00,1958.0,83.29,351.3,13.88,368.9,16.5,596.9,0.0594,0.95,349.8,304.8,8.2
2025-05-27T06:55:00+00:00,1970.4,80.76,354.5,13.69,391.2,18.5,584.5,0.0600,1.00,349.8,304.8,8.0
2025-05-27T06:56:00+00:00,2484.3,82.87,342.8,14.05,391.4,15.8,639.2,0.0621,0.92,349.8,304.8,8.0
2025-05-27T06:57:00+00:00,1970.0,81.53,346.3,13.98,387.6,18.5,571.1,0.0639,0.94,349.8,304.8,8.0
2025-05-27T06:58:00+00:00,2025.7,81.36,352.4,14.03,383.8,18.2,642.1,0.0630,0.96,349.8,304.8,9.4
2025-05-27T06:59:00+00:00,2096.9,81.54,324.6,13.87,362.5,19.5,593.4,0.0640,0.98,349.8,304.8,7.0
2025-05-27T07:00:00+00:00,1991.9,79.91,347.4,13.86,373.7,20.5,599.2,0.0691,0.92,349.8,304.8,8.1
2025-05-27T07:01:00+00:00,1870.0,82.33,359.6,13.63,366.9,16.7,575.2,0.0599,0.87,349.8,304.8,8.5
2025-05-27T07:02:00+00:00,1980.1,82.86,353.7,13.74,379.6,17.5,604.3,0.0630,0.93,349.8,304.8,8.1
2025-05-27T07:03:00+00:00,2012.5,81.58,351.1,14.00,365.0,20.7,614.6,0.0608,0.98,349.8,304.8,10.4
2025-05-27T07:04:00+00:00,2057.6,82.31,364.2,13.68,396.3,20.3,575.7,0.0677,0.91,349.8,304.8,9.3
2025-05-27T07:05:00+00:00,2028.6,81.70,340.4,13.79,375.6,17.0,658.4,0.0625,0.91,349.8,304.8,8.2
2025-05-27T07:06:00+00:00,2094.1,81.19,365.9,13.66,410.0,17.7,562.5,0.0626,1.02,349.8,304.8,8.7
2025-05-27T07:07:00+00:00,2467.9,82.03,354.0,13.79,389.8,19.6,620.8,0.0626,0.99,349.8,304.8,8.0
2025-05-27T07:08:00+00:00,1864.6,81.45,340.4,13.86,367.7,17.8,534.2,0.0642,0.97,349.8,304.8,8.0
2025-05-27T07:09:00+00:00,2021.6,82.37,353.0,13.81,345.4,16.5,594.6,0.0635,0.95,349.8,304.8,8.7
2025-05-27T07:10:00+00:00,2045.5,82.27,351.3,13.65,391.1,18.3,575.0,0.0607,1.02,349.8,304.8,7.3
2025-05-27T07:11:00+00:00,1936.5,80.16,348.4,13.77,366.9,17.8,561.0,0.0640,0.94,349.8,304.8,7.6
2025-05-27T07:12:00+00:00,2478.1,84.98,350.1,13.59,374.2,19.1,636.4,0.0644,1.00,349.8,304.8,7.3
2025-05-27T07:13:00+00:00,1979.4,80.56,349.7,13.77,373.1,19.1,591.3,0.0592,0.91,349.8,304.8,8.8
2025-05-27T07:14:00+00:00,2375.4,83.01,357.7,13.79,387.4,16.5,610.1,0.0713,0.89,349.8,304.8,8.5
2025-05-27T07:15:00+00:00,2439.4,83.96,352.6,13.59,398.6,17.5,559.3,0.0713,0.91,349.8,304.8,8.3
2025-05-27T07:16:00+00:00,1957.7,81.01,336.8,13.81,376.8,16.5,596.0,0.0669,1.04,349.8,304.8,8.8
2025-05-27T07:17:00+00:00,1898.1,82.27,359.8,13.73,377.4,16.0,635.9,0.0593,0.97,349.8,304.8,10.1
2025-05-27T07:18:00+00:00,2082.6,82.48,346.1,13.87,367.7,18.6,556.2,0.0672,0.90,349.8,304.8,10.5
2025-05-27T07:19:00+00:00,1837.4,82.90,340.0,13.95,378.8,20.2,606.7,0.0652,0.97,349.8,304.8,8.6
2025-05-27T07:20:00+00:00,2177.4,81.93,348.3,13.76,375.6,16.7,612.0,0.0606,0.94,349.8,304.8,6.5
2025-05-27T07:21:00+00:00,2085.2,84.89,339.8,13.58,381.9,17.9,613.8,0.0620,0.91,349.8,304.8,8.1
2025-05-27T07:22:00+00:00,1968.0,83.34,354.5,13.94,403.9,20.0,619.3,0.0620,0.93,349.8,304.8,8.1
2025-05-27T07:23:00+00:00,2033.7,82.76,348.7,13.94,390.7,18.4,561.9,0.0596,0.94,349.8,304.8,8.4
2025-05-27T07:24:00+00:00,1770.8,83.33,351.1,13.64,377.1,20.5,577.1,0.0587,0.96,349.8,304.8,8.4
2025-05-27T07:25:00+00:00,2092.7,79.49,347.1,14.10,384.9,15.7,655.0,0.0594,0.87,349.8,304.8,8.7
2025-05-27T07:26:00+00:00,2125.3,80.45,353.6,14.13,386.6,17.6,626.7,0.0594,0.85,349.8,304.8,6.2
2025-05-27T07:27:00+00:00,2130.2,83.19,344.9,14.06,375.6,18.0,612.5,0.0670,1.00,349.8,304.8,8.2
2025-05-27T07:28:00+00:00,2113.3,84.66,357.3,13.90,379.3,17.3,602.6,0.0611,0.98,349.8,304.8,6.3
2025-05-27T07:29:00+00:00,2057.5,83.97,360.5,13.94,375.5,20.9,618.1,0.0604,0.98,349.8,304.8,9.8
2025-05-27T07:30:00+00:00,2110.2,81.53,339.1,13.81,387.6,21.0,651.0,0.0614,1.06,349.8,304.8,6.9
2025-05-27T07:31:00+00:00,1671.9,81.25,339.1,13.97,388.5,15.9,604.2,0.0577,0.92,349.8,304.8,7.3
2025-05-27T07:32:00+00:00,1870.4,83.38,345.9,13.93,395.4,16.4,625.3,0.0634,0.95,349.8,304.8,8.9
2025-05-27T07:33:00+00:00,1968.1,80.42,348.6,13.85,385.5,19.6,584.5,0.0599,0.91,349.8,304.8,7.0
2025-05-27T07:34:00+00:00,1966.0,83.01,359.0,14.08,388.2,18.6,641.3,0.0630,0.95,349.8,304.8,6.7
2025-05-27T07:35:00+00:00,2023.3,81.99,359.7,13.57,388.8,21.6,564.3,0.0622,0.95,349.8,304.8,10.0
2025-05-27T07:36:00+00:00,1877.7,84.27,354.8,13.79,378.3,16.6,592.8,0.0602,0.98,349.8,304.8,9.4
2025-05-27T07:37:00+00:00,2048.1,83.77,342.8,13.74,353.7,19.9,634.4,0.0591,0.87,349.8,304.8,7.9
2025-05-27T07:38:00+00:00,2112.3,85.51,330.1,13.83,396.9,21.8,574.5,0.0610,0.99,349.8,304.8,7.0
2025-05-27T07:39:00+00:00,1986.8,80.73,359.2,13.99,384.8,19.4,627.8,0.0609,1.08,349.8,304.8,6.2
2025-05-27T07:40:00+00:00,1993.4,82.93,353.6,13.62,383.2,18.6,661.1,0.0631,1.00,349.8,304.8,9.2
2025-05-27T07:41:00+00:00,2107.1,81.84,359.1,14.02,389.2,19.6,640.6,0.0680,1.01,349.8,304.8,9.4
2025-05-27T07:42:00+00:00,2072.7,85.95,351.1,13.91,373.3,18.5,607.9,0.0721,0.81,349.8,304.8,11.4
2025-05-27T07:43:00+00:00,1955.3,80.24,358.9,13.93,372.5,20.5,644.1,0.0592,0.93,349.8,304.8,7.9
2025-05-27T07:44:00+00:00,1918.3,83.44,351.5,13.88,382.3,17.3,597.4,0.0604,0.93,349.8,304.8,10.3
2025-05-27T07:45:00+00:00,1866.7,79.23,345.8,13.66,385.8,16.8,628.8,0.0583,0.88,349.8,304.8,8.8
2025-05-27T07:46:00+00:00,1978.3,82.91,340.7,13.77,399.3,18.2,565.6,0.0598,0.96,349.8,304.8,10.6
2025-05-27T07:47:00+00:00,1911.3,83.27,353.6,14.09,355.8,19.6,558.4,0.0595,0.96,349.8,304.8,8.0
2025-05-27T07:48:00+00:00,1845.3,83.93,340.7,13.52,371.5,17.1,643.8,0.0587,0.93,349.8,304.8,9.3
2025-05-27T07:49:00+00:00,1909.9,83.35,342.3,13.96,375.6,19.8,617.7,0.0592,0.94,349.8,304.8,6.2
2025-05-27T07:50:00+00:00,1983.9,80.82,352.4,13.60,377.0,17.8,590.2,0.0686,0.96,349.8,304.8,9.0
2025-05-27T07:51:00+00:00,1911.2,79.72,351.8,13.88,384.8,21.0,582.4,0.0596,0.99,349.8,304.8,8.6
2025-05-27T07:52:00+00:00,2017.5,84.44,333.5,13.70,370.3,21.1,601.9,0.0663,0.91,349.8,304.8,7.6
2025-05-27T07:53:00+00:00,1941.8,82.89,353.0,13.74,386.5,21.0,554.6,0.0591,0.92,349.8,304.8,7.6
2025-05-27T07:54:00+00:00,2171.0,82.08,346.7,13.90,390.4,20.9,622.7,0.0602,0.90,349.8,304.8,8.9
2025-05-27T07:55:00+00:00,1970.0,82.36,337.2,13.82,395.6,20.1,631.4,0.0595,0.94,349.8,304.8,8.3
2025-05-27T07:56:00+00:00,2172.2,81.61,345.7,13.71,405.4,17.7,580.5,0.0602,0.90,349.8,304.8,8.7
2025-05-27T07:57:00+00:00,2017.4,83.55,340.7,13.40,361.7,18.9,635.3,0.0667,0.91,349.8,304.8,7.6
2025-05-27T07:58:00+00:00,2067.9,79.97,345.8,13.96,374.0,18.8,615.5,0.0612,0.91,349.8,304.8,8.3
2025-05-27T07:59:00+00:00,1835.3,83.07,333.0,13.91,373.4,19.7,625.2,0.0600,0.94,349.8,304.8,7.1
2025-05-27T08:00:00+00:00,964.7,77.23,356.8,13.62,338.0,19.7,545.3,0.0539,0.93,349.8,304.8,9.0
2025-05-27T08:01:00+00:00,944.5,77.21,357.2,14.26,350.4,18.2,523.2,0.0539,0.94,349.8,304.8,9.9
2025-05-27T08:02:00+00:00,1161.2,79.80,347.7,13.71,348.2,17.9,545.7,0.0552,0.94,349.8,304.8,7.5
2025-05-27T08:03:00+00:00,866.6,79.71,359.0,13.86,335.7,17.6,518.1,0.0532,0.90,349.8,304.8,8.0
2025-05-27T08:04:00+00:00,925.2,77.82,361.3,13.97,338.1,20.3,601.4,0.0545,1.01,349.8,304.8,7.6
2025-05-27T08:05:00+00:00,880.1,78.74,358.3,13.85,331.7,20.1,561.9,0.0568,0.97,349.8,304.8,8.3
2025-05-27T08:06:00+00:00,889.0,79.29,357.7,13.92,363.4,21.0,560.8,0.0540,0.97,349.8,304.8,9.2
2025-05-27T08:07:00+00:00,929.6,80.17,358.7,13.87,383.2,15.3,554.3,0.0538,0.94,349.8,304.8,6.3
2025-05-27T08:08:00+00:00,872.9,78.83,361.2,13.76,343.4,19.7,609.4,0.0559,0.94,349.8,304.8,10.1
2025-05-27T08:09:00+00:00,941.8,78.65,349.5,13.72,363.1,18.7,535.1,0.0532,0.87,349.8,304.8,8.2
2025-05-27T14:00:00+00:00,938.4,79.90,347.5,13.82,366.0,17.6,537.1,0.0545,0.85,349.8,304.8,9.1
2025-05-27T14:01:00+00:00,1008.0,79.77,362.1,13.83,346.4,19.2,528.0,0.0553,0.92,349.8,304.8,7.9
2025-05-27T14:02:00+00:00,985.5,78.43,362.3,13.80,338.0,16.6,569.1,0.0544,0.95,349.8,304.8,6.8
2025-05-27T14:03:00+00:00,897.3,76.26,357.6,13.64,353.2,18.4,533.8,0.0566,1.02,349.8,304.8,6.3
2025-05-27T14:04:00+00:00,982.8,80.68,361.5,13.91,330.1,20.0,553.9,0.0555,1.00,349.8,304.8,9.1
2025-05-27T14:05:00+00:00,1035.6,80.72,366.7,13.70,373.1,17.6,541.0,0.0540,0.89,349.8,304.8,8.4
2025-05-27T14:06:00+00:00,975.0,81.21,351.1,13.91,339.5,19.1,578.9,0.0603,0.94,349.8,304.8,7.7
2025-05-27T14:07:00+00:00,1030.4,77.75,358.3,13.87,349.2,17.9,558.6,0.0613,0.92,349.8,304.8,8.6
2025-05-27T14:08:00+00:00,1111.0,79.58,348.1,13.95,336.5,16.6,553.9,0.0539,0.86,349.8,304.8,7.9
2025-05-27T14:09:00+00:00,923.2,80.21,369.9,13.79,338.5,18.2,563.2,0.0628,0.89,349.8,304.8,9.2
2025-05-27T14:10:00+00:00,1804.4,80.14,341.6,13.75,385.9,19.4,576.8,0.0639,0.90,349.8,304.8,8.1
2025-05-27T14:11:00+00:00,1966.7,81.26,352.4,13.96,382.2,17.6,583.8,0.0596,0.97,349.8,304.8,7.0
2025-05-27T14:12:00+00:00,2029.2,84.23,343.3,13.82,377.5,17.4,572.0,0.0615,0.90,349.8,304.8,7.5
2025-05-27T14:13:00+00:00,1983.1,81.85,351.2,13.90,409.9,19.1,666.4,0.0592,0.92,349.8,304.8,7.7
2025-05-27T14:14:00+00:00,1846.9,80.76,346.0,13.84,389.2,19.3,560.5,0.0645,0.96,349.8,304.8,7.7
2025-05-27T14:15:00+00:00,1991.9,83.02,355.5,13.99,384.3,19.0,554.4,0.0675,0.99,349.8,304.8,8.7
2025-05-27T14:16:00+00:00,1991.7,79.56,361.8,14.01,377.0,19.2,583.3,0.0593,0.92,349.8,304.8,8.5
2025-05-27T14:17:00+00:00,1878.4,81.75,360.9,13.91,380.2,19.0,617.9,0.0596,1.01,349.8,304.8,6.8
2025-05-27T14:18:00+00:00,1909.3,80.97,341.2,13.89,370.9,19.0,617.9,0.0703,1.02,349.8,304.8,7.3
2025-05-27T14:19:00+00:00,2163.5,81.17,337.3,13.65,396.8,17.9,598.3,0.0644,0.95,349.8,304.8,7.4
2025-05-27T14:20:00+00:00,2073.6,80.56,347.7,13.97,408.1,19.1,598.7,0.0623,1.01,349.8,304.8,7.4
2025-05-27T14:21:00+00:00,2118.8,85.27,353.2,13.77,406.7,19.3,575.7,0.0634,0.92,349.8,304.8,6.6
2025-05-27T14:22:00+00:00,2035.0,82.17,351.9,13.53,386.9,16.1,616.1,0.0600,0.95,349.8,304.8,8.1
2025-05-27T14:23:00+00:00,2042.9,83.11,340.0,14.16,375.1,18.9,615.7,0.0602,0.97,349.8,304.8,9.7
2025-05-27T14:24:00+00:00,2054.6,79.46,358.1,13.91,369.8,18.6,660.1,0.0598,0.93,349.8,304.8,8.8
2025-05-27T14:25:00+00:00,2040.4,81.49,341.1,13.94,366.0,18.2,631.0,0.0597,0.93,349.8,304.8,6.3
2025-05-27T14:26:00+00:00,1928.4,80.90,357.4,13.84,386.3,17.5,594.9,0.0611,0.89,349.8,304.8,11.4
2025-05-27T14:27:00+00:00,1858.3,84.62,340.3,13.75,370.5,18.3,587.6,0.0592,0.88,349.8,304.8,7.0
2025-05-27T14:28:00+00:00,2004.5,82.26,368.8,13.95,369.5,18.4,560.7,0.0628,0.91,349.8,304.8,8.7
2025-05-27T14:29:00+00:00,2219.9,84.64,356.3,13.65,401.4,18.8,565.8,0.0667,1.06,349.8,304.8,8.2
2025-05-27T14:30:00+00:00,2121.6,82.36,334.9,13.79,387.6,17.0,632.7,0.0595,0.87,349.8,304.8,9.9
2025-05-27T14:31:00+00:00,1914.3,81.41,351.2,13.79,386.8,17.2,583.3,0.0632,0.83,349.8,304.8,8.8
2025-05-27T14:32:00+00:00,1986.5,83.67,357.1,13.85,396.9,19.3,598.6,0.0595,0.94,349.8,304.8,10.1
2025-05-27T14:33:00+00:00,1873.6,81.75,351.9,13.75,358.8,21.1,614.5,0.0584,0.90,349.8,304.8,8.5
2025-05-27T14:34:00+00:00,2235.5,82.20,341.9,13.69,408.9,19.3,555.9,0.0600,0.87,349.8,304.8,8.4
2025-05-27T14:35:00+00:00,1994.6,82.02,350.1,13.98,390.2,17.6,596.0,0.0593,0.91,349.8,304.8,8.4
2025-05-27T14:36:00+00:00,2228.0,81.73,352.5,13.93,384.2,17.8,662.1,0.0693,0.87,349.8,304.8,7.0
2025-05-27T14:37:00+00:00,2073.2,81.91,341.3,13.83,382.3,18.9,619.5,0.0657,1.15,349.8,304.8,8.7
2025-05-27T14:38:00+00:00,1852.5,82.57,350.4,13.67,363.2,18.2,685.2,0.0604,0.97,349.8,304.8,9.9
2025-05-27T14:39:00+00:00,1834.0,80.81,350.5,13.79,373.7,16.5,555.6,0.0600,0.98,349.8,304.8,7.8
2025-05-27T14:40:00+00:00,1832.5,82.27,353.8,13.87,361.0,20.4,605.3,0.0584,0.91,349.8,304.8,8.7
2025-05-27T14:41:00+00:00,1879.7,82.79,352.1,13.69,359.4,19.2,612.6,0.0653,1.00,349.8,304.8,6.3
2025-05-27T14:42:00+00:00,2001.4,83.11,368.8,13.98,365.7,20.0,555.9,0.0617,1.01,349.8,304.8,8.1
2025-05-27T14:43:00+00:00,1945.4,81.19,352.3,13.82,401.5,17.7,561.5,0.0596,0.97,349.8,304.8,9.1
2025-05-27T14:44:00+00:00,1992.0,83.11,356.8,13.95,384.6,17.1,607.1,0.0619,1.00,349.8,304.8,7.7
2025-05-27T14:45:00+00:00,1966.7,83.08,355.2,14.22,385.4,19.1,618.8,0.0584,0.83,349.8,304.8,7.9
2025-05-27T14:46:00+00:00,1869.8,81.15,360.4,13.75,405.6,17.9,575.9,0.0669,0.96,349.8,304.8,9.2
2025-05-27T14:47:00+00:00,2122.6,82.63,347.8,13.90,368.1,19.1,722.6,0.0608,0.99,349.8,304.8,8.9
2025-05-27T14:48:00+00:00,1960.3,81.15,348.4,13.99,403.0,18.0,601.0,0.0589,0.90,349.8,304.8,6.8
2025-05-27T14:49:00+00:00,1808.9,80.07,357.8,13.67,378.8,18.8,654.5,0.0587,0.94,349.8,304.8,9.5
2025-05-27T14:50:00+00:00,2086.3,81.02,340.2,13.87,382.7,18.3,610.0,0.0604,0.97,349.8,304.8,6.8
2025-05-27T14:51:00+00:00,1872.7,80.79,351.0,13.70,375.1,19.0,593.2,0.0579,0.83,349.8,304.8,7.4
2025-05-27T14:52:00+00:00,2280.7,82.55,351.5,13.56,378.7,17.4,619.6,0.0636,0.96,349.8,304.8,10.0
2025-05-27T14:53:00+00:00,2444.6,84.47,355.5,13.59,395.5,17.9,613.9,0.0672,0.94,349.8,304.8,10.8
2025-05-27T14:54:00+00:00,2442.6,82.94,349.8,13.82,376.3,18.2,659.4,0.0673,0.96,349.8,304.8,7.4
2025-05-27T14:55:00+00:00,2107.6,81.89,353.7,13.85,400.0,18.0,592.6,0.0641,0.92,349.8,304.8,6.9
2025-05-27T14:56:00+00:00,1964.0,80.93,350.3,13.72,372.2,16.8,588.0,0.0599,1.00,349.8,304.8,9.3
2025-05-27T14:57:00+00:00,2034.4,82.44,352.9,13.96,371.2,19.2,613.3,0.0652,0.93,349.8,304.8,8.8
2025-05-27T14:58:00+00:00,1918.0,83.33,341.5,13.66,389.0,19.3,605.9,0.0592,0.94,349.8,304.8,7.5
2025-05-27T14:59:00+00:00,2427.1,83.71,355.1,13.81,397.6,14.9,597.3,0.0621,0.96,349.8,304.8,7.4
2025-05-27T15:00:00+00:00,1928.3,81.00,350.2,14.07,368.1,19.0,561.2,0.0626,1.10,349.8,304.8,8.1
2025-05-27T15:01:00+00:00,2176.8,84.44,352.4,13.68,379.7,17.6,645.5,0.0618,0.99,349.8,304.8,9.5
2025-05-27T15:02:00+00:00,2055.0,81.46,355.1,13.89,393.7,18.7,615.5,0.0603,0.98,349.8,304.8,9.5
2025-05-27T15:03:00+00:00,2526.6,83.42,329.3,13.85,393.3,18.2,641.3,0.0683,0.90,349.8,304.8,8.1
2025-05-27T15:04:00+00:00,2116.2,81.08,363.0,13.83,373.6,20.1,592.3,0.0614,0.92,349.8,304.8,7.5
2025-05-27T15:05:00+00:00,2067.3,83.64,355.6,13.73,390.6,17.8,648.9,0.0591,0.86,349.8,304.8,7.7
2025-05-27T15:06:00+00:00,2519.5,86.04,339.9,13.77,407.7,18.0,646.9,0.0659,1.02,349.8,304.8,8.5
2025-05-27T15:07:00+00:00,2205.7,80.75,348.8,13.77,426.8,18.8,614.0,0.0688,0.95,349.8,304.8,9.8
2025-05-27T15:08:00+00:00,2017.5,83.91,358.5,13.62,370.5,20.1,598.5,0.0604,1.00,349.8,304.8,8.0
2025-05-27T15:09:00+00:00,2162.4,82.55,360.7,13.92,388.2,18.0,602.8,0.0600,0.90,349.8,304.8,8.9
2025-05-27T15:10:00+00:00,1970.8,83.99,357.3,13.84,364.8,20.1,599.0,0.0605,0.96,349.8,304.8,7.5
2025-05-27T15:11:00+00:00,2023.1,80.61,343.7,13.72,382.4,17.2,595.1,0.0595,0.91,349.8,304.8,9.9
2025-05-27T15:12:00+00:00,2087.8,81.54,346.1,13.57,387.5,19.4,565.6,0.0605,0.98,349.8,304.8,8.2
2025-05-27T15:13:00+00:00,2447.3,83.31,355.9,13.90,412.3,15.9,623.0,0.0619,0.92,349.8,304.8,8.5
2025-05-27T15:14:00+00:00,1945.7,80.38,356.3,13.82,393.3,20.2,630.0,0.0649,1.00,349.8,304.8,9.0
2025-05-27T15:15:00+00:00,1950.8,79.02,329.7,13.69,384.9,21.8,569.3,0.0586,0.86,349.8,304.8,8.9
2025-05-27T15:16:00+00:00,1993.0,80.09,334.2,13.66,398.4,17.6,572.3,0.0646,0.87,349.8,304.8,10.0
2025-05-27T15:17:00+00:00,1862.6,79.00,345.3,13.83,373.3,21.2,656.5,0.0582,0.87,349.8,304.8,9.4
2025-05-27T15:18:00+00:00,1922.0,80.63,347.2,14.00,375.9,17.2,631.2,0.0591,0.92,349.8,304.8,9.2
2025-05-27T15:19:00+00:00,2026.8,82.83,348.2,13.85,396.5,22.7,595.0,0.0594,0.91,349.8,304.8,8.3
2025-05-27T15:20:00+00:00,1964.0,81.49,343.8,14.08,376.9,19.4,601.3,0.0594,0.94,349.8,304.8,8.2
2025-05-27T15:21:00+00:00,2116.3,81.93,357.3,13.92,398.5,18.3,584.4,0.0633,0.91,349.8,304.8,7.7
2025-05-27T15:22:00+00:00,1896.6,81.81,350.9,14.02,367.7,16.0,540.6,0.0596,0.98,349.8,304.8,8.0
2025-05-27T15:23:00+00:00,2131.1,80.12,353.6,13.75,393.5,16.3,521.3,0.0605,0.95,349.8,304.8,6.2
2025-05-27T15:24:00+00:00,1802.5,78.65,343.7,13.83,381.2,18.3,619.4,0.0581,0.90,349.8,304.8,7.1
2025-05-27T15:25:00+00:00,1967.8,79.43,345.4,13.93,362.2,19.2,615.2,0.0597,0.91,349.8,304.8,9.5
2025-05-27T15:26:00+00:00,1841.8,81.81,370.3,13.70,385.8,18.6,600.9,0.0599,1.06,349.8,304.8,7.4
2025-05-27T15:27:00+00:00,1981.2,83.13,359.5,13.73,396.9,20.1,655.0,0.0637,0.86,349.8,304.8,11.3
2025-05-27T15:28:00+00:00,2011.6,81.21,345.5,13.78,380.9,16.9,659.8,0.0617,0.95,349.8,304.8,9.7
2025-05-27T15:29:00+00:00,2058.1,81.82,352.3,13.70,380.1,16.6,638.2,0.0659,0.91,349.8,304.8,6.8
2025-05-27T15:30:00+00:00,1857.0,79.16,336.9,13.76,380.9,19.7,607.5,0.0584,0.86,349.8,304.8,7.5
2025-05-27T15:31:00+00:00,2084.9,83.06,351.0,13.79,385.9,17.8,569.1,0.0603,0.95,349.8,304.8,8.2
2025-05-27T15:32:00+00:00,1919.9,83.15,338.5,13.86,371.3,16.1,562.5,0.0593,0.94,349.8,304.8,8.6
2025-05-27T15:33:00+00:00,2039.7,81.37,338.4,13.69,392.2,19.6,587.8,0.0620,0.94,349.8,304.8,8.3
2025-05-27T15:34:00+00:00,1846.3,81.71,345.8,13.71,369.4,18.9,577.9,0.0633,0.89,349.8,304.8,9.5
2025-05-27T15:35:00+00:00,2177.7,82.74,347.7,13.67,383.5,18.7,602.5,0.0604,0.92,349.8,304.8,7.2
2025-05-27T15:36:00+00:00,2091.2,84.31,349.0,13.96,383.0,18.3,583.3,0.0703,0.88,349.8,304.8,9.3
2025-05-27T15:37:00+00:00,2132.6,80.62,344.7,13.68,372.7,18.3,586.9,0.0600,0.91,349.8,304.8,7.8
2025-05-27T15:38:00+00:00,1922.2,82.73,364.2,14.11,379.2,19.5,598.0,0.0585,0.87,349.8,304.8,7.3
2025-05-27T15:39:00+00:00,1959.0,81.35,368.6,13.88,378.1,19.5,603.3,0.0598,0.98,349.8,304.8,10.4
2025-05-27T15:40:00+00:00,1962.9,80.58,348.4,13.67,391.1,17.0,633.7,0.0597,0.98,349.8,304.8,8.0
2025-05-27T15:41:00+00:00,1965.6,84.30,345.3,13.79,371.5,18.4,572.0,0.0602,0.98,349.8,304.8,8.4
2025-05-27T15:42:00+00:00,2003.2,82.74,368.5,13.95,391.9,15.3,589.7,0.0608,0.94,349.8,304.8,7.9
2025-05-27T15:43:00+00:00,2048.5,81.49,346.3,13.75,389.9,19.7,591.1,0.0647,1.02,349.8,304.8,8.7
2025-05-27T15:44:00+00:00,2039.2,80.81,335.6,13.82,375.0,18.5,638.5,0.0605,1.01,349.8,304.8,5.9
2025-05-27T15:45:00+00:00,2138.8,83.14,345.8,13.95,401.9,20.2,563.3,0.0602,0.93,349.8,304.8,8.1
2025-05-27T15:46:00+00:00,1902.4,79.45,364.8,13.69,385.2,18.6,621.8,0.0606,0.95,349.8,304.8,7.5
2025-05-27T15:47:00+00:00,1976.3,79.85,346.2,13.88,373.0,21.4,583.5,0.0665,0.96,349.8,304.8,9.6
2025-05-27T15:48:00+00:00,2074.2,84.53,355.2,13.54,367.4,18.1,608.3,0.0622,0.94,349.8,304.8,9.1
2025-05-27T15:49:00+00:00,2053.6,84.41,348.1,13.74,362.9,16.5,546.6,0.0584,0.80,349.8,304.8,6.2
2025-05-27T15:50:00+00:00,2046.0,81.91,363.6,13.95,377.5,19.7,596.7,0.0630,0.92,349.8,304.8,10.0
2025-05-27T15:51:00+00:00,2001.2,80.75,353.9,13.90,348.9,17.8,613.8,0.0604,1.02,349.8,304.8,9.1
2025-05-27T15:52:00+00:00,1916.6,81.28,349.6,13.54,405.5,18.0,628.2,0.0628,0.82,349.8,304.8,8.5
2025-05-27T15:53:00+00:00,2041.2,81.20,344.9,13.65,417.1,18.4,573.0,0.0620,0.97,349.8,304.8,7.9
2025-05-27T15:54:00+00:00,1843.2,81.90,344.0,13.62,389.5,19.2,622.1,0.0589,0.94,349.8,304.8,7.3
2025-05-27T15:55:00+00:00,1073.2,79.85,358.6,13.53,362.2,17.1,503.3,0.0564,0.87,349.8,304.8,8.6
2025-05-27T15:56:00+00:00,1118.2,78.89,353.2,13.75,375.7,17.5,563.2,0.0554,0.95,349.8,304.8,8.8
2025-05-27T15:57:00+00:00,1053.1,78.21,359.4,13.99,335.3,18.0,584.1,0.0549,0.98,349.8,304.8,7.9
2025-05-27T15:58:00+00:00,1112.3,80.33,346.0,13.75,352.0,16.5,587.4,0.0576,1.02,349.8,304.8,10.4
2025-05-27T15:59:00+00:00,952.4,78.87,353.8,13.96,330.7,17.4,558.3,0.0539,0.92,349.8,304.8,8.1
2025-05-27T16:00:00+00:00,817.9,77.69,351.7,13.92,355.3,21.6,534.3,0.0538,1.00,349.8,304.8,9.1
2025-05-27T16:01:00+00:00,917.7,79.94,351.7,14.03,357.4,17.7,530.1,0.0582,0.93,349.8,304.8,8.2
2025-05-27T16:02:00+00:00,860.2,80.83,344.3,13.55,318.1,17.7,531.8,0.0569,1.01,349.8,304.8,7.1
2025-05-27T16:03:00+00:00,1018.8,76.25,353.0,13.70,373.6,17.4,594.9,0.0586,1.00,349.8,304.8,7.0
2025-05-28T06:00:00+00:00,905.2,79.17,352.7,13.87,351.1,17.5,513.9,0.0643,1.27,78.5,213.5,18.9
2025-05-28T06:01:00+00:00,965.1,78.26,340.8,13.85,346.7,18.9,511.0,0.0574,1.27,78.5,213.5,18.1
2025-05-28T06:02:00+00:00,1045.5,79.43,358.4,13.91,369.7,17.3,540.4,0.0643,1.30,78.5,213.5,20.0
2025-05-28T06:03:00+00:00,990.6,79.30,361.6,13.87,351.9,18.2,583.3,0.0571,1.22,78.5,213.5,17.8
2025-05-28T06:04:00+00:00,1057.8,76.50,363.2,13.69,349.0,21.1,584.7,0.0573,1.22,78.5,213.5,19.5
2025-05-28T06:05:00+00:00,1019.6,77.63,353.1,13.70,359.3,16.3,542.0,0.0585,1.35,78.5,213.5,20.9
2025-05-28T06:06:00+00:00,1048.7,76.56,349.6,13.89,331.4,20.8,565.5,0.0576,1.26,78.5,213.5,20.8
2025-05-28T06:07:00+00:00,954.8,78.96,363.2,13.81,363.6,16.7,526.9,0.0574,1.19,78.5,213.5,21.0
2025-05-28T06:08:00+00:00,1028.1,79.18,355.6,13.88,355.0,17.2,525.3,0.0586,1.24,78.5,213.5,19.6
2025-05-28T06:09:00+00:00,1057.1,79.21,357.2,13.89,365.7,17.7,575.7,0.0577,1.26,78.5,213.5,19.6
2025-05-28T06:10:00+00:00,1160.8,77.85,347.3,13.53,357.1,16.3,574.6,0.0594,1.37,78.5,213.5,18.6
2025-05-28T06:11:00+00:00,875.1,78.65,354.6,13.85,342.7,19.3,570.9,0.0565,1.24,78.5,213.5,19.4
2025-05-28T06:12:00+00:00,1020.5,77.83,344.6,13.76,355.9,20.9,551.7,0.0584,1.29,78.5,213.5,20.0
2025-05-28T06:13:00+00:00,1956.7,83.77,354.0,13.62,378.5,20.4,639.6,0.0628,1.28,78.5,213.5,19.7
2025-05-28T06:14:00+00:00,2130.2,81.91,365.8,13.79,375.2,19.0,559.2,0.0714,1.28,78.5,213.5,19.5
2025-05-28T06:15:00+00:00,1862.0,82.40,357.9,13.55,354.6,17.8,585.8,0.0615,1.20,78.5,213.5,19.4
2025-05-28T06:16:00+00:00,2018.0,81.10,350.5,13.79,396.9,19.1,586.0,0.0634,1.32,78.5,213.5,20.9
2025-05-28T06:17:00+00:00,2051.2,82.89,342.8,13.69,378.2,18.1,623.3,0.0656,1.24,78.5,213.5,19.4
2025-05-28T06:18:00+00:00,2220.7,82.30,336.7,13.76,383.7,19.0,577.5,0.0642,1.28,78.5,213.5,17.6
2025-05-28T06:19:00+00:00,2242.1,82.88,357.4,13.86,378.1,19.5,589.1,0.0641,1.26,78.5,213.5,17.1
2025-05-28T06:20:00+00:00,1998.8,83.35,348.3,13.76,378.3,16.5,614.1,0.0627,1.25,78.5,213.5,19.4
2025-05-28T06:21:00+00:00,1986.3,82.15,344.1,13.81,387.1,19.4,559.9,0.0632,1.31,78.5,213.5,17.9
2025-05-28T06:22:00+00:00,2004.2,78.16,351.7,14.14,394.7,22.6,637.6,0.0681,1.21,78.5,213.5,19.2
2025-05-28T06:23:00+00:00,1884.0,83.36,361.8,13.94,399.3,17.7,568.2,0.0668,1.25,78.5,213.5,18.9
2025-05-28T06:24:00+00:00,1986.8,80.02,346.1,13.83,384.8,15.0,542.6,0.0638,1.24,78.5,213.5,19.6
2025-05-28T06:25:00+00:00,2041.0,81.72,348.5,13.88,369.3,17.5,583.0,0.0631,1.27,78.5,213.5,18.5
2025-05-28T06:26:00+00:00,1993.9,81.75,340.4,13.75,395.2,22.1,565.5,0.0633,1.31,78.5,213.5,17.3
2025-05-28T06:27:00+00:00,2019.5,82.00,356.1,13.66,383.4,18.8,626.4,0.0629,1.29,78.5,213.5,18.5
2025-05-28T06:28:00+00:00,2162.2,83.64,349.0,13.87,376.3,20.9,616.5,0.0638,1.27,78.5,213.5,18.4
2025-05-28T06:29:00+00:00,2082.2,83.63,366.1,13.74,388.6,18.7,523.8,0.0642,1.35,78.5,213.5,19.1
2025-05-28T06:30:00+00:00,2181.9,84.54,339.1,13.81,389.0,16.5,540.7,0.0643,1.22,78.5,213.5,20.5
2025-05-28T06:31:00+00:00,1845.0,78.66,362.4,13.60,370.6,19.5,602.4,0.0619,1.17,78.5,213.5,18.0
2025-05-28T06:32:00+00:00,1944.8,80.05,350.6,13.83,370.6,17.5,596.4,0.0623,1.23,78.5,213.5,17.9
2025-05-28T06:33:00+00:00,2167.9,81.76,366.8,13.90,384.2,18.4,518.2,0.0672,1.16,78.5,213.5,18.6
2025-05-28T06:34:00+00:00,2105.2,81.22,350.2,13.88,363.0,19.4,614.5,0.0689,1.26,78.5,213.5,19.5
2025-05-28T06:35:00+00:00,1897.6,82.27,345.4,13.81,368.5,17.1,604.4,0.0693,1.24,78.5,213.5,17.6
2025-05-28T06:36:00+00:00,2115.9,81.10,349.6,13.69,377.7,17.1,574.7,0.0636,1.28,78.5,213.5,19.5
2025-05-28T06:37:00+00:00,2068.1,82.40,349.2,14.06,377.5,17.8,573.8,0.0640,1.34,78.5,213.5,19.8
2025-05-28T06:38:00+00:00,2139.1,83.13,356.5,13.75,379.5,16.1,608.0,0.0691,1.19,78.5,213.5,18.0
2025-05-28T06:39:00+00:00,2007.2,80.84,340.1,13.93,389.3,19.7,558.5,0.0656,1.25,78.5,213.5,17.9
2025-05-28T06:40:00+00:00,1845.3,80.32,352.1,14.10,394.4,19.6,635.2,0.0626,1.32,78.5,213.5,18.5
2025-05-28T06:41:00+00:00,2051.0,83.86,341.5,13.89,393.7,17.7,599.9,0.0649,1.28,78.5,213.5,17.2
2025-05-28T06:42:00+00:00,2148.2,82.96,336.4,13.96,381.2,20.0,587.6,0.0650,1.24,78.5,213.5,20.3
2025-05-28T06:43:00+00:00,2211.3,82.41,340.8,13.97,376.4,19.8,609.3,0.0642,1.28,78.5,213.5,18.5
2025-05-28T06:44:00+00:00,2026.8,82.21,348.1,13.92,393.9,15.6,647.9,0.0631,1.26,78.5,213.5,20.1
2025-05-28T06:45:00+00:00,2093.8,81.66,341.5,14.06,391.4,19.0,608.8,0.0625,1.18,78.5,213.5,16.2
2025-05-28T06:46:00+00:00,1978.2,81.27,356.0,13.60,395.5,19.1,578.0,0.0654,1.23,78.5,213.5,19.4
2025-05-28T06:47:00+00:00,2078.9,82.72,351.0,14.07,378.0,21.2,575.9,0.0685,1.22,78.5,213.5,18.2
2025-05-28T06:48:00+00:00,1880.1,82.11,356.4,13.76,368.7,16.8,637.9,0.0618,1.23,78.5,213.5,19.4
2025-05-28T06:49:00+00:00,1962.9,81.95,355.7,13.83,372.7,19.6,628.4,0.0621,1.20,78.5,213.5,20.7
2025-05-28T06:50:00+00:00,2056.1,83.87,348.6,13.83,373.8,18.0,578.2,0.0640,1.29,78.5,213.5,19.7
2025-05-28T06:51:00+00:00,2153.5,80.32,341.6,13.55,391.4,17.4,602.3,0.0631,1.21,78.5,213.5,18.5
2025-05-28T06:52:00+00:00,2145.9,81.63,355.2,13.72,360.1,18.0,620.5,0.0638,1.28,78.5,213.5,18.9
2025-05-28T06:53:00+00:00,1919.4,80.42,359.9,13.72,379.7,20.1,617.0,0.0673,1.30,78.5,213.5,17.5
2025-05-28T06:54:00+00:00,1964.8,79.20,355.2,14.11,355.4,15.8,642.8,0.0622,1.22,78.5,213.5,19.0
2025-05-28T06:55:00+00:00,1931.0,81.78,346.7,13.89,382.0,17.0,667.7,0.0616,1.18,78.5,213.5,18.6
2025-05-28T06:56:00+00:00,1933.7,82.47,337.1,14.09,386.8,17.4,554.6,0.0674,1.31,78.5,213.5,21.9
2025-05-28T06:57:00+00:00,1769.2,81.69,344.1,13.80,387.6,21.5,603.8,0.0622,1.15,78.5,213.5,18.9
2025-05-28T06:58:00+00:00,2001.2,83.50,353.7,13.73,387.1,18.6,638.2,0.0652,1.22,78.5,213.5,19.8
2025-05-28T06:59:00+00:00,2169.1,83.28,346.2,13.82,389.0,19.8,539.3,0.0661,1.32,78.5,213.5,19.7
2025-05-28T07:00:00+00:00,2015.3,83.66,348.1,13.90,385.4,20.2,658.7,0.0635,1.31,78.5,213.5,19.4
2025-05-28T07:01:00+00:00,2005.0,82.95,346.5,13.63,378.0,16.6,675.4,0.0667,1.21,78.5,213.5,16.7
2025-05-28T07:02:00+00:00,2104.6,85.70,362.6,14.00,381.0,18.0,557.6,0.0628,1.20,78.5,213.5,19.6
2025-05-28T07:03:00+00:00,1907.6,81.24,346.1,13.71,365.4,19.9,578.7,0.0628,1.25,78.5,213.5,18.9
2025-05-28T07:04:00+00:00,2046.3,82.25,350.8,13.77,381.7,21.3,585.6,0.0641,1.26,78.5,213.5,20.2
2025-05-28T07:05:00+00:00,1950.2,81.61,358.2,13.76,412.7,16.5,611.6,0.0626,1.26,78.5,213.5,19.1
2025-05-28T07:06:00+00:00,2520.3,80.80,345.3,13.99,384.6,19.5,617.5,0.0654,1.23,78.5,213.5,18.3
2025-05-28T07:07:00+00:00,2004.6,84.49,352.7,13.75,380.6,19.1,616.8,0.0630,1.28,78.5,213.5,20.0
2025-05-28T07:08:00+00:00,2489.9,82.33,345.7,13.90,398.5,15.6,644.0,0.0653,1.21,78.5,213.5,20.3
2025-05-28T07:09:00+00:00,1981.9,84.02,353.3,13.61,375.1,18.4,595.5,0.0624,1.23,78.5,213.5,18.7
2025-05-28T07:10:00+00:00,1920.4,84.02,350.2,13.83,387.7,19.4,586.7,0.0693,1.25,78.5,213.5,19.4
2025-05-28T07:11:00+00:00,2395.2,83.92,332.9,13.58,407.5,18.8,680.4,0.0655,1.31,78.5,213.5,18.7
2025-05-28T07:12:00+00:00,2543.8,81.86,324.2,13.78,384.6,18.4,616.2,0.0661,1.30,78.5,213.5,18.9
2025-05-28T07:13:00+00:00,2491.2,82.95,344.6,13.86,378.6,16.0,654.6,0.0661,1.22,78.5,213.5,17.1
2025-05-28T07:14:00+00:00,2007.2,84.18,358.1,13.97,400.5,18.9,593.4,0.0627,1.24,78.5,213.5,18.9
2025-05-28T07:15:00+00:00,1832.1,81.61,349.8,13.84,387.8,19.7,616.9,0.0674,1.26,78.5,213.5,18.2
2025-05-28T07:16:00+00:00,1873.7,82.39,345.4,13.58,363.5,19.9,597.3,0.0643,1.18,78.5,213.5,20.0
2025-05-28T07:17:00+00:00,2078.8,84.06,354.8,13.73,405.5,17.5,635.7,0.0627,1.21,78.5,213.5,21.0
2025-05-28T07:18:00+00:00,2503.5,83.21,354.0,13.83,388.0,20.4,690.2,0.0655,1.24,78.5,213.5,18.7
2025-05-28T07:19:00+00:00,2239.2,80.67,344.9,13.65,384.0,17.0,571.6,0.0686,1.30,78.5,213.5,19.2
2025-05-28T07:20:00+00:00,1923.9,83.33,341.4,13.89,379.5,16.6,543.2,0.0665,1.32,78.5,213.5,19.9
2025-05-28T07:21:00+00:00,2167.1,81.69,343.3,13.94,387.6,20.7,642.3,0.0645,1.34,78.5,213.5,21.4
2025-05-28T07:22:00+00:00,1922.3,79.23,361.0,13.73,378.0,17.5,596.7,0.0628,1.30,78.5,213.5,18.2
2025-05-28T07:23:00+00:00,2180.9,81.63,360.2,13.56,396.6,17.0,604.3,0.0663,1.30,78.5,213.5,18.4
2025-05-28T07:24:00+00:00,2392.3,82.71,346.5,13.86,374.3,18.0,659.4,0.0647,1.24,78.5,213.5,17.5
2025-05-28T07:25:00+00:00,2452.7,83.35,346.9,13.71,387.3,18.8,621.1,0.0653,1.25,78.5,213.5,17.5
2025-05-28T07:26:00+00:00,2447.2,84.80,335.9,13.84,400.8,15.6,696.3,0.0651,1.24,78.5,213.5,19.7
2025-05-28T07:27:00+00:00,2533.2,84.90,364.1,13.56,386.3,15.9,574.2,0.0653,1.23,78.5,213.5,17.8
2025-05-28T07:28:00+00:00,1898.9,84.27,360.3,13.86,394.3,19.0,638.2,0.0658,1.28,78.5,213.5,20.4
2025-05-28T07:29:00+00:00,2202.2,81.34,338.7,13.76,379.5,18.8,637.3,0.0625,1.12,78.5,213.5,19.5
2025-05-28T07:30:00+00:00,2520.4,81.40,340.6,13.96,386.1,19.2,595.2,0.0654,1.24,78.5,213.5,19.8
2025-05-28T07:31:00+00:00,2072.1,80.84,365.9,13.71,388.5,18.5,622.9,0.0629,1.22,78.5,213.5,18.7
2025-05-28T07:32:00+00:00,2028.3,85.55,356.2,13.75,400.8,17.3,603.6,0.0629,1.23,78.5,213.5,18.0
2025-05-28T07:33:00+00:00,1853.7,81.63,351.5,13.90,388.1,18.5,568.4,0.0624,1.29,78.5,213.5,18.4
2025-05-28T07:34:00+00:00,2380.0,80.90,349.8,13.85,389.5,17.2,579.3,0.0721,1.37,78.5,213.5,18.3
2025-05-28T07:35:00+00:00,1917.7,82.39,342.9,13.74,367.0,18.7,588.5,0.0666,1.32,78.5,213.5,18.8
2025-05-28T07:36:00+00:00,2054.0,81.07,351.8,13.97,390.5,18.2,580.5,0.0632,1.26,78.5,213.5,19.0
2025-05-28T07:37:00+00:00,1972.1,80.38,336.3,13.75,386.2,18.3,662.0,0.0644,1.19,78.5,213.5,20.5
2025-05-28T07:38:00+00:00,2148.3,79.65,339.8,13.68,396.3,17.6,616.7,0.0636,1.27,78.5,213.5,19.3
2025-05-28T07:39:00+00:00,2193.0,87.50,358.5,13.89,372.3,19.8,639.6,0.0636,1.25,78.5,213.5,19.3
2025-05-28T07:40:00+00:00,2008.7,80.95,361.4,14.01,375.0,15.9,590.4,0.0635,1.32,78.5,213.5,17.9
2025-05-28T07:41:00+00:00,2028.6,81.54,340.2,13.70,365.8,19.7,603.5,0.0637,1.25,78.5,213.5,19.9
2025-05-28T07:42:00+00:00,2012.0,83.03,367.6,13.92,390.5,18.3,585.5,0.0631,1.29,78.5,213.5,21.2
2025-05-28T07:43:00+00:00,1953.6,79.73,350.9,13.56,394.4,17.9,588.7,0.0688,1.28,78.5,213.5,19.3
2025-05-28T07:44:00+00:00,1990.2,82.44,352.3,13.58,370.1,15.6,550.1,0.0644,1.24,78.5,213.5,18.9
2025-05-28T07:45:00+00:00,1949.7,84.07,359.7,13.85,370.0,17.6,587.7,0.0718,1.28,78.5,213.5,19.9
2025-05-28T07:46:00+00:00,2037.9,80.72,348.3,13.88,384.9,20.9,606.1,0.0628,1.23,78.5,213.5,19.1
2025-05-28T07:47:00+00:00,2196.4,83.29,360.3,13.92,401.8,16.8,633.5,0.0668,1.32,78.5,213.5,19.1
2025-05-28T07:48:00+00:00,2033.9,81.42,359.5,13.98,374.2,17.7,609.4,0.0676,1.22,78.5,213.5,18.8
2025-05-28T07:49:00+00:00,2274.6,83.92,340.1,14.33,390.8,16.0,605.6,0.0658,1.30,78.5,213.5,17.7
2025-05-28T07:50:00+00:00,2058.5,80.25,342.6,13.87,397.0,18.4,693.3,0.0630,1.24,78.5,213.5,18.2
2025-05-28T07:51:00+00:00,1993.9,82.72,348.3,13.67,375.6,18.3,646.5,0.0634,1.32,78.5,213.5,19.7
2025-05-28T07:52:00+00:00,2045.3,85.24,353.3,13.57,378.9,19.7,625.8,0.0626,1.23,78.5,213.5,19.3
2025-05-28T07:53:00+00:00,2132.5,82.52,354.6,13.82,382.2,17.0,668.7,0.0634,1.25,78.5,213.5,18.8
2025-05-28T07:54:00+00:00,1878.5,83.06,360.4,13.62,380.9,21.5,582.0,0.0722,1.31,78.5,213.5,19.7
2025-05-28T07:55:00+00:00,1952.9,81.66,343.7,13.91,393.5,21.5,556.8,0.0623,1.22,78.5,213.5,20.0
2025-05-28T07:56:00+00:00,1975.1,82.62,343.9,14.01,389.3,17.3,620.9,0.0719,1.30,78.5,213.5,18.0
2025-05-28T07:57:00+00:00,1985.5,83.12,351.6,13.83,402.2,17.5,568.8,0.0626,1.25,78.5,213.5,18.1
2025-05-28T07:58:00+00:00,1988.6,81.57,337.2,13.80,386.1,18.0,603.5,0.0627,1.24,78.5,213.5,20.6
2025-05-28T07:59:00+00:00,1980.1,81.76,347.6,14.03,376.4,19.2,602.3,0.0675,1.37,78.5,213.5,17.0
2025-05-28T08:00:00+00:00,1829.4,80.06,360.3,13.72,375.3,19.0,558.0,0.0611,1.17,78.5,213.5,19.9
2025-05-28T08:01:00+00:00,1909.0,82.19,358.7,13.89,378.9,16.5,564.6,0.0619,1.22,78.5,213.5,19.6
2025-05-28T08:02:00+00:00,1984.5,82.65,336.6,14.10,381.8,16.8,554.2,0.0631,1.30,78.5,213.5,19.2
2025-05-28T08:03:00+00:00,1933.6,83.77,357.3,13.51,387.2,16.5,612.1,0.0628,1.28,78.5,213.5,19.4
2025-05-28T08:04:00+00:00,1893.6,81.02,349.4,14.01,385.5,17.3,589.1,0.0625,1.28,78.5,213.5,19.5
2025-05-28T08:05:00+00:00,1976.8,79.30,354.3,13.63,386.9,20.3,612.7,0.0623,1.22,78.5,213.5,19.7
2025-05-28T08:06:00+00:00,2055.5,82.52,350.8,13.80,372.6,24.4,590.9,0.0636,1.31,78.5,213.5,18.4
2025-05-28T08:07:00+00:00,2132.0,82.76,355.6,14.02,367.0,18.1,602.0,0.0679,1.26,78.5,213.5,17.9
2025-05-28T08:08:00+00:00,1988.6,82.25,343.5,13.57,377.9,21.0,557.1,0.0631,1.28,78.5,213.5,19.2
2025-05-28T08:09:00+00:00,1948.7,79.92,343.7,13.80,346.2,18.0,600.5,0.0658,1.20,78.5,213.5,19.4
2025-05-28T08:10:00+00:00,2055.5,84.39,342.8,13.81,385.9,18.8,605.0,0.0655,1.28,78.5,213.5,18.3
2025-05-28T08:11:00+00:00,2052.7,82.61,360.3,13.63,406.8,16.7,589.9,0.0658,1.29,78.5,213.5,19.2
2025-05-28T08:12:00+00:00,1969.2,83.08,341.2,13.97,361.2,16.5,559.5,0.0689,1.29,78.5,213.5,20.3
2025-05-28T08:13:00+00:00,1886.9,81.96,338.3,13.68,347.5,17.0,600.6,0.0609,1.13,78.5,213.5,17.7
2025-05-28T08:14:00+00:00,1981.8,81.73,337.1,13.95,372.5,17.9,632.0,0.0625,1.24,78.5,213.5,17.8
2025-05-28T08:15:00+00:00,2125.6,80.11,345.9,13.74,389.2,19.5,626.4,0.0643,1.32,78.5,213.5,18.1
2025-05-28T08:16:00+00:00,1896.1,85.22,346.4,13.94,382.2,18.6,604.7,0.0631,1.31,78.5,213.5,18.8
2025-05-28T08:17:00+00:00,1957.9,82.00,355.4,14.16,371.8,19.8,624.5,0.0625,1.24,78.5,213.5,17.7
2025-05-28T08:18:00+00:00,2133.8,83.09,363.8,13.81,375.7,17.5,622.1,0.0655,1.31,78.5,213.5,17.7
2025-05-28T08:19:00+00:00,2000.7,80.32,346.0,13.53,373.9,16.5,592.9,0.0646,1.27,78.5,213.5,19.5
2025-05-28T08:20:00+00:00,1998.0,80.71,349.9,13.89,409.3,17.7,593.6,0.0623,1.21,78.5,213.5,18.2
2025-05-28T08:21:00+00:00,2255.8,81.77,348.9,13.49,385.8,21.9,632.2,0.0734,1.38,78.5,213.5,18.7
2025-05-28T08:22:00+00:00,2060.7,81.39,345.6,13.83,411.0,18.6,576.8,0.0634,1.28,78.5,213.5,19.7
2025-05-28T08:23:00+00:00,2017.2,82.54,355.3,13.80,367.7,18.9,595.8,0.0751,1.33,78.5,213.5,20.7
2025-05-28T08:24:00+00:00,2093.6,80.78,352.8,13.90,391.2,17.7,651.3,0.0656,1.28,78.5,213.5,19.7
2025-05-28T08:25:00+00:00,1941.8,79.45,359.6,13.83,386.8,15.2,665.5,0.0624,1.23,78.5,213.5,20.4
2025-05-28T08:26:00+00:00,1023.7,77.31,357.8,13.60,334.2,17.4,551.3,0.0571,1.22,78.5,213.5,17.6
2025-05-28T08:27:00+00:00,962.3,81.46,351.3,13.68,367.2,20.6,564.8,0.0580,1.33,78.5,213.5,19.3
2025-05-28T08:28:00+00:00,887.3,78.82,348.3,13.61,344.7,18.3,612.5,0.0572,1.30,78.5,213.5,19.8
2025-05-28T08:29:00+00:00,949.5,78.88,362.4,13.80,334.7,19.4,530.6,0.0581,1.35,78.5,213.5,19.9
2025-05-28T08:30:00+00:00,1125.4,77.42,368.0,14.12,360.1,18.4,523.6,0.0606,1.26,78.5,213.5,22.4
2025-05-28T08:31:00+00:00,1016.7,79.95,342.2,13.69,365.3,17.2,505.7,0.0583,1.21,78.5,213.5,19.2
2025-05-28T08:32:00+00:00,882.5,75.19,352.7,13.74,365.5,19.7,506.7,0.0565,1.22,78.5,213.5,19.6
2025-05-28T08:33:00+00:00,898.1,78.06,362.5,13.91,329.6,19.9,494.1,0.0575,1.27,78.5,213.5,18.8
2025-05-28T08:34:00+00:00,931.7,79.72,368.6,13.84,350.7,16.5,601.2,0.0696,1.28,78.5,213.5,19.7
2025-05-28T08:35:00+00:00,941.5,79.53,350.8,14.00,361.1,17.3,532.5,0.0568,1.23,78.5,213.5,18.0
2025-05-28T08:36:00+00:00,1132.3,80.92,357.8,13.98,374.7,18.5,528.8,0.0610,1.28,78.5,213.5,19.8
2025-05-28T08:37:00+00:00,1047.1,78.84,349.9,13.69,342.4,17.9,541.6,0.0566,1.14,78.5,213.5,18.9
2025-05-28T14:00:00+00:00,968.4,80.80,356.2,13.75,342.4,17.5,556.3,0.0631,1.29,78.5,213.5,20.2
2025-05-28T14:01:00+00:00,963.5,76.76,359.1,13.73,366.2,19.6,602.8,0.0620,1.29,78.5,213.5,19.6
2025-05-28T14:02:00+00:00,1071.5,76.65,358.9,13.78,342.5,21.2,565.4,0.0625,1.23,78.5,213.5,18.8
2025-05-28T14:03:00+00:00,998.6,77.93,357.4,13.90,357.8,13.9,554.6,0.0569,1.21,78.5,213.5,17.7
2025-05-28T14:04:00+00:00,992.9,78.31,363.9,13.52,352.5,19.6,564.4,0.0579,1.30,78.5,213.5,20.2
2025-05-28T14:05:00+00:00,906.2,76.23,358.6,13.87,345.6,17.2,642.6,0.0567,1.25,78.5,213.5,19.6
2025-05-28T14:06:00+00:00,930.1,77.35,368.4,13.73,357.6,18.5,538.1,0.0718,1.35,78.5,213.5,18.5
2025-05-28T14:07:00+00:00,1070.6,78.82,362.4,13.87,350.6,16.3,614.0,0.0579,1.27,78.5,213.5,18.7
2025-05-28T14:08:00+00:00,937.3,77.50,363.4,14.01,349.3,18.6,541.8,0.0588,1.22,78.5,213.5,18.6
2025-05-28T14:09:00+00:00,1077.3,80.81,350.6,13.85,357.2,19.8,552.4,0.0578,1.25,78.5,213.5,18.2
2025-05-28T14:10:00+00:00,932.5,77.48,348.8,13.75,362.4,19.7,544.0,0.0608,1.32,78.5,213.5,17.4
2025-05-28T14:11:00+00:00,993.8,81.70,367.7,13.87,344.7,18.9,559.6,0.0597,1.31,78.5,213.5,19.4
2025-05-28T14:12:00+00:00,906.4,78.05,349.1,13.70,342.6,18.2,593.6,0.0647,1.24,78.5,213.5,17.1
2025-05-28T14:13:00+00:00,983.8,80.91,363.4,13.81,361.0,19.0,548.4,0.0680,1.22,78.5,213.5,19.1
2025-05-28T14:14:00+00:00,1866.3,81.79,352.2,13.75,370.7,20.0,568.1,0.0619,1.24,78.5,213.5,18.6
2025-05-28T14:15:00+00:00,2006.7,81.01,350.7,13.89,367.6,19.4,594.8,0.0659,1.32,78.5,213.5,20.9
2025-05-28T14:16:00+00:00,2267.0,80.97,350.8,13.65,380.2,19.1,634.9,0.0737,1.33,78.5,213.5,17.8
2025-05-28T14:17:00+00:00,2046.1,81.29,342.4,13.87,381.7,17.0,612.6,0.0633,1.28,78.5,213.5,18.0
2025-05-28T14:18:00+00:00,1966.1,82.51,353.2,13.83,376.7,18.2,608.8,0.0647,1.19,78.5,213.5,17.7
2025-05-28T14:19:00+00:00,1877.2,80.07,348.6,13.65,379.2,18.9,618.9,0.0625,1.30,78.5,213.5,19.6
2025-05-28T14:20:00+00:00,2000.8,81.24,334.0,13.47,399.8,18.4,619.1,0.0651,1.24,78.5,213.5,18.8
2025-05-28T14:21:00+00:00,2060.5,81.26,341.6,13.90,386.1,19.0,577.8,0.0683,1.28,78.5,213.5,19.7
2025-05-28T14:22:00+00:00,1939.3,83.76,348.9,13.85,363.9,17.3,503.4,0.0628,1.29,78.5,213.5,18.5
2025-05-28T14:23:00+00:00,1911.7,82.16,354.1,13.86,386.5,17.1,622.7,0.0624,1.27,78.5,213.5,19.9
2025-05-28T14:24:00+00:00,2005.4,83.02,346.1,13.49,389.1,19.7,604.4,0.0625,1.22,78.5,213.5,19.8
2025-05-28T14:25:00+00:00,2052.7,82.74,352.2,13.84,385.0,18.4,656.1,0.0628,1.24,78.5,213.5,21.2
2025-05-28T14:26:00+00:00,2080.6,81.65,349.7,13.91,378.2,18.9,561.9,0.0716,1.20,78.5,213.5,18.9
2025-05-28T14:27:00+00:00,2013.5,83.81,350.8,14.00,397.9,17.4,584.7,0.0633,1.31,78.5,213.5,19.4
2025-05-28T14:28:00+00:00,1928.8,85.76,364.8,13.67,381.3,17.9,611.3,0.0627,1.15,78.5,213.5,18.9
2025-05-28T14:29:00+00:00,1947.6,82.12,345.9,14.06,378.3,18.1,575.4,0.0620,1.21,78.5,213.5,19.8
2025-05-28T14:30:00+00:00,1840.1,77.99,375.4,13.78,373.8,20.6,595.5,0.0619,1.16,78.5,213.5,20.0
2025-05-28T14:31:00+00:00,2031.0,82.21,341.6,13.77,373.3,19.6,551.1,0.0656,1.28,78.5,213.5,20.2
2025-05-28T14:32:00+00:00,2159.1,81.24,348.6,13.98,407.4,19.8,595.1,0.0663,1.17,78.5,213.5,19.2
2025-05-28T14:33:00+00:00,2000.6,84.63,356.1,13.85,390.9,16.8,599.3,0.0628,1.27,78.5,213.5,21.2
2025-05-28T14:34:00+00:00,2156.5,82.80,355.5,13.92,398.4,19.8,620.4,0.0638,1.28,78.5,213.5,19.7
2025-05-28T14:35:00+00:00,2050.0,82.13,350.9,13.79,402.3,19.4,586.1,0.0627,1.23,78.5,213.5,18.7
2025-05-28T14:36:00+00:00,1869.3,82.46,354.5,13.79,364.3,15.1,606.3,0.0622,1.27,78.5,213.5,20.0
2025-05-28T14:37:00+00:00,2035.7,84.15,353.8,13.74,385.8,17.4,601.8,0.0682,1.22,78.5,213.5,19.8
2025-05-28T14:38:00+00:00,2022.4,83.47,346.3,13.62,378.9,17.9,605.6,0.0647,1.23,78.5,213.5,21.2
2025-05-28T14:39:00+00:00,2240.8,82.47,344.4,13.88,386.3,16.1,595.4,0.0656,1.23,78.5,213.5,19.4
2025-05-28T14:40:00+00:00,1825.7,80.96,341.8,13.53,375.7,20.6,571.7,0.0626,1.27,78.5,213.5,18.8
2025-05-28T14:41:00+00:00,1934.7,80.68,346.8,13.82,382.7,17.2,620.1,0.0669,1.34,78.5,213.5,19.2
2025-05-28T14:42:00+00:00,2241.3,79.43,352.2,13.88,380.9,19.6,570.3,0.0661,1.13,78.5,213.5,20.2
2025-05-28T14:43:00+00:00,2122.3,83.30,345.5,14.00,386.2,20.1,565.7,0.0636,1.18,78.5,213.5,18.9
2025-05-28T14:44:00+00:00,1928.3,79.02,349.7,13.66,376.4,15.6,604.5,0.0627,1.28,78.5,213.5,17.3
2025-05-28T14:45:00+00:00,1848.3,80.78,355.8,13.61,389.1,19.2,576.0,0.0650,1.24,78.5,213.5,20.5
2025-05-28T14:46:00+00:00,2302.6,85.77,356.2,13.93,356.5,18.0,637.0,0.0643,1.25,78.5,213.5,18.1
2025-05-28T14:47:00+00:00,2100.5,82.11,351.2,13.71,376.5,19.7,581.6,0.0656,1.28,78.5,213.5,20.0
2025-05-28T14:48:00+00:00,1794.8,79.97,350.7,13.63,376.7,20.9,527.8,0.0617,1.25,78.5,213.5,19.9
2025-05-28T14:49:00+00:00,1926.9,83.38,349.7,13.87,370.9,19.1,606.3,0.0646,1.38,78.5,213.5,18.7
2025-05-28T14:50:00+00:00,2001.6,83.29,351.5,13.78,369.3,18.7,616.1,0.0634,1.32,78.5,213.5,19.9
2025-05-28T14:51:00+00:00,2060.5,81.23,352.6,13.97,378.7,19.3,587.3,0.0633,1.27,78.5,213.5,18.1
2025-05-28T14:52:00+00:00,1967.1,81.26,331.4,13.85,390.4,18.8,525.8,0.0629,1.30,78.5,213.5,17.8
2025-05-28T14:53:00+00:00,2102.6,82.53,354.5,13.85,380.0,19.4,591.9,0.0700,1.30,78.5,213.5,20.3
2025-05-28T14:54:00+00:00,2102.8,83.88,349.9,13.74,386.4,18.0,611.9,0.0636,1.28,78.5,213.5,20.2
2025-05-28T14:55:00+00:00,2176.3,83.27,351.0,13.56,392.5,20.6,622.0,0.0694,1.23,78.5,213.5,20.3
2025-05-28T14:56:00+00:00,1949.1,80.35,361.8,14.06,389.7,17.4,575.5,0.0640,1.22,78.5,213.5,20.3
2025-05-28T14:57:00+00:00,2027.3,82.44,353.1,13.70,376.6,18.1,581.1,0.0613,1.10,78.5,213.5,19.7
2025-05-28T14:58:00+00:00,1965.9,81.92,356.5,13.92,384.3,19.7,582.0,0.0637,1.36,78.5,213.5,17.9
2025-05-28T14:59:00+00:00,2158.6,84.20,335.2,13.84,409.2,17.2,615.8,0.0633,1.23,78.5,213.5,19.5
2025-05-28T15:00:00+00:00,1998.3,80.08,361.2,13.93,384.3,18.8,607.3,0.0730,1.26,78.5,213.5,17.9
2025-05-28T15:01:00+00:00,1957.5,82.51,354.7,13.68,370.5,19.8,545.7,0.0675,1.29,78.5,213.5,19.1
2025-05-28T15:02:00+00:00,2097.0,83.60,365.2,13.90,400.3,17.3,605.5,0.0628,1.20,78.5,213.5,18.7
2025-05-28T15:03:00+00:00,1890.2,81.63,344.2,13.76,347.4,19.3,592.3,0.0717,1.30,78.5,213.5,19.5
2025-05-28T15:04:00+00:00,2046.4,80.68,359.0,13.44,409.5,16.4,594.8,0.0637,1.33,78.5,213.5,18.3
2025-05-28T15:05:00+00:00,2199.4,83.27,354.4,13.66,371.6,21.0,578.3,0.0642,1.29,78.5,213.5,19.8
2025-05-28T15:06:00+00:00,1979.4,81.55,344.6,13.99,383.5,19.4,558.1,0.0633,1.32,78.5,213.5,17.4
2025-05-28T15:07:00+00:00,1937.0,81.82,348.7,14.04,380.7,18.1,581.0,0.0622,1.22,78.5,213.5,20.6
2025-05-28T15:08:00+00:00,2008.1,81.22,345.2,13.80,364.9,17.7,612.5,0.0634,1.31,78.5,213.5,18.8
2025-05-28T15:09:00+00:00,2020.1,81.02,360.9,13.91,389.5,20.6,558.4,0.0630,1.27,78.5,213.5,19.0
2025-05-28T15:10:00+00:00,1991.4,81.73,353.8,13.60,363.9,19.9,572.3,0.0619,1.17,78.5,213.5,18.5
2025-05-28T15:11:00+00:00,2005.3,81.17,338.2,13.59,388.2,18.2,615.5,0.0625,1.22,78.5,213.5,17.5
2025-05-28T15:12:00+00:00,2148.1,80.56,351.6,13.78,404.7,21.2,597.9,0.0640,1.30,78.5,213.5,20.6
2025-05-28T15:13:00+00:00,2086.0,83.78,347.3,14.04,362.5,20.5,624.7,0.0708,1.28,78.5,213.5,17.9
2025-05-28T15:14:00+00:00,2026.3,82.14,352.3,13.69,392.6,19.7,622.3,0.0644,1.31,78.5,213.5,17.9
2025-05-28T15:15:00+00:00,1812.5,81.07,348.9,13.97,390.9,15.8,548.3,0.0626,1.28,78.5,213.5,18.5
2025-05-28T15:16:00+00:00,2085.6,81.26,349.5,14.13,395.9,16.9,630.8,0.0633,1.26,78.5,213.5,19.5
2025-05-28T15:17:00+00:00,1995.9,84.08,350.4,13.77,374.5,16.8,645.7,0.0648,1.31,78.5,213.5,19.7
2025-05-28T15:18:00+00:00,1894.2,79.83,355.4,13.92,374.6,18.2,571.3,0.0651,1.28,78.5,213.5,18.5
2025-05-28T15:19:00+00:00,2416.8,84.10,356.3,13.65,392.5,17.2,601.2,0.0680,1.24,78.5,213.5,20.1
2025-05-28T15:20:00+00:00,2428.1,83.24,345.9,13.42,387.5,20.7,610.3,0.0650,1.25,78.5,213.5,20.4
2025-05-28T15:21:00+00:00,1929.7,80.60,363.7,13.89,368.7,20.7,614.2,0.0657,1.31,78.5,213.5,19.4
2025-05-28T15:22:00+00:00,1870.8,80.88,349.2,14.15,372.4,20.9,583.8,0.0623,1.29,78.5,213.5,17.8
2025-05-28T15:23:00+00:00,1945.0,83.48,347.4,13.59,393.9,20.0,568.8,0.0622,1.24,78.5,213.5,18.7
2025-05-28T15:24:00+00:00,1868.8,81.37,362.0,13.62,349.8,17.9,549.7,0.0630,1.35,78.5,213.5,19.1
2025-05-28T15:25:00+00:00,1996.5,83.64,342.2,13.83,398.0,18.9,612.5,0.0617,1.15,78.5,213.5,18.7
2025-05-28T15:26:00+00:00,2066.0,82.66,335.8,13.83,378.5,19.0,619.7,0.0701,1.17,78.5,213.5,21.3
2025-05-28T15:27:00+00:00,1996.1,81.69,342.9,13.64,395.1,19.4,604.6,0.0625,1.24,78.5,213.5,18.9
2025-05-28T15:28:00+00:00,2558.9,84.95,351.2,13.65,390.0,20.0,666.4,0.0661,1.29,78.5,213.5,18.5
2025-05-28T15:29:00+00:00,1997.4,82.96,353.2,13.63,372.2,17.6,626.6,0.0627,1.25,78.5,213.5,18.5
2025-05-28T15:30:00+00:00,2460.9,83.54,347.4,13.84,413.2,18.5,593.2,0.0651,1.23,78.5,213.5,19.1
2025-05-28T15:31:00+00:00,2079.9,82.94,349.1,13.88,384.4,17.6,579.5,0.0672,1.24,78.5,213.5,18.8
2025-05-28T15:32:00+00:00,1899.8,82.80,341.3,13.77,364.7,20.1,614.6,0.0628,1.30,78.5,213.5,20.2
2025-05-28T15:33:00+00:00,1883.0,80.51,363.8,14.07,377.7,19.4,587.9,0.0620,1.23,78.5,213.5,18.7
2025-05-28T15:34:00+00:00,2204.1,81.83,339.5,13.87,377.4,16.6,578.4,0.0635,1.20,78.5,213.5,18.9
2025-05-28T15:35:00+00:00,2429.2,85.93,344.9,13.73,380.4,18.5,620.7,0.0656,1.30,78.5,213.5,20.3
2025-05-28T15:36:00+00:00,2009.3,80.94,345.5,13.82,377.0,17.0,611.4,0.0627,1.25,78.5,213.5,18.6
2025-05-28T15:37:00+00:00,2500.2,85.76,334.9,14.28,417.6,16.8,603.1,0.0751,1.26,78.5,213.5,17.9
2025-05-28T15:38:00+00:00,2288.2,83.05,339.4,13.56,381.5,16.4,643.2,0.0643,1.25,78.5,213.5,19.2
2025-05-28T15:39:00+00:00,2011.3,81.39,333.5,13.78,371.6,18.3,560.2,0.0656,1.28,78.5,213.5,20.2
2025-05-28T15:40:00+00:00,2146.3,83.30,351.7,13.80,393.7,15.7,631.6,0.0649,1.33,78.5,213.5,18.4
2025-05-28T15:41:00+00:00,1882.1,82.58,355.3,13.78,369.8,16.0,607.6,0.0632,1.36,78.5,213.5,21.8
2025-05-28T15:42:00+00:00,2346.2,84.45,344.4,13.54,390.3,16.9,623.7,0.0681,1.26,78.5,213.5,20.6
2025-05-28T15:43:00+00:00,2057.4,79.27,360.8,13.51,384.1,18.3,617.6,0.0742,1.14,78.5,213.5,18.3
2025-05-28T15:44:00+00:00,1836.5,81.03,349.6,13.68,378.3,18.7,626.5,0.0696,1.28,78.5,213.5,19.5
2025-05-28T15:45:00+00:00,2254.2,85.23,348.9,13.68,379.5,18.0,561.4,0.0805,1.25,78.5,213.5,19.7
2025-05-28T15:46:00+00:00,2075.7,82.87,358.6,14.02,389.0,19.1,611.5,0.0632,1.19,78.5,213.5,18.2
2025-05-28T15:47:00+00:00,2137.5,83.45,353.9,13.91,397.0,19.8,620.8,0.0642,1.32,78.5,213.5,19.1
2025-05-28T15:48:00+00:00,2029.5,81.98,358.3,13.90,385.3,18.9,577.8,0.0692,1.30,78.5,213.5,18.7
2025-05-28T15:49:00+00:00,2018.7,80.83,350.5,13.89,391.0,21.0,584.2,0.0624,1.21,78.5,213.5,18.8
2025-05-28T15:50:00+00:00,1939.2,81.73,345.1,13.85,355.8,18.1,610.1,0.0618,1.21,78.5,213.5,20.0
2025-05-28T15:51:00+00:00,2040.1,81.18,348.8,13.90,384.1,19.5,696.2,0.0626,1.22,78.5,213.5,20.2
2025-05-28T15:52:00+00:00,2170.4,81.40,363.8,13.86,372.9,20.0,583.6,0.0683,1.17,78.5,213.5,18.8
2025-05-28T15:53:00+00:00,1891.3,78.89,349.9,13.42,371.3,17.9,572.4,0.0688,1.33,78.5,213.5,18.3
2025-05-28T15:54:00+00:00,1909.4,80.60,351.3,13.81,352.8,19.1,527.7,0.0666,1.26,78.5,213.5,21.3
2025-05-28T15:55:00+00:00,2203.0,82.30,339.8,13.82,399.9,17.6,598.3,0.0670,1.22,78.5,213.5,18.7
2025-05-28T15:56:00+00:00,2010.9,82.28,343.3,13.97,369.1,17.3,645.9,0.0617,1.15,78.5,213.5,19.1
2025-05-28T15:57:00+00:00,2194.6,81.16,347.5,13.64,386.8,19.5,521.5,0.0640,1.28,78.5,213.5,20.0
2025-05-28T15:58:00+00:00,2052.1,82.91,347.7,13.72,428.7,18.6,643.0,0.0630,1.25,78.5,213.5,17.0
2025-05-28T15:59:00+00:00,1886.2,81.67,347.8,13.68,404.5,16.9,616.0,0.0615,1.17,78.5,213.5,21.1
2025-05-28T16:00:00+00:00,2087.6,82.25,357.0,13.54,405.8,15.3,618.9,0.0642,1.34,78.5,213.5,17.2
2025-05-28T16:01:00+00:00,2005.0,85.45,341.8,13.80,386.4,18.1,615.3,0.0625,1.23,78.5,213.5,20.6
2025-05-28T16:02:00+00:00,2044.2,83.22,366.2,13.87,400.1,21.8,613.1,0.0728,1.23,78.5,213.5,19.7
2025-05-28T16:03:00+00:00,2261.3,80.61,346.6,13.80,418.9,20.6,624.6,0.0643,1.27,78.5,213.5,18.4
2025-05-28T16:04:00+00:00,1801.0,82.33,341.8,13.83,386.5,18.2,624.9,0.0619,1.27,78.5,213.5,18.7
2025-05-28T16:05:00+00:00,2095.1,81.57,344.7,13.72,361.5,18.8,589.4,0.0625,1.17,78.5,213.5,19.9
2025-05-28T16:06:00+00:00,1979.4,82.46,353.5,13.88,366.6,17.6,578.4,0.0647,1.18,78.5,213.5,21.9
2025-05-28T16:07:00+00:00,1999.2,79.77,356.6,13.89,381.4,22.1,644.5,0.0689,1.24,78.5,213.5,19.5
2025-05-28T16:08:00+00:00,2137.9,81.43,345.4,14.03,400.6,18.6,585.3,0.0642,1.26,78.5,213.5,17.9
2025-05-28T16:09:00+00:00,2038.8,83.96,358.8,13.80,388.2,17.3,600.0,0.0633,1.28,78.5,213.5,20.2
2025-05-28T16:10:00+00:00,2127.2,79.61,352.1,13.89,390.7,20.8,621.6,0.0648,1.22,78.5,213.5,21.2
2025-05-28T16:11:00+00:00,2084.7,83.76,336.3,13.95,406.7,17.2,618.2,0.0625,1.19,78.5,213.5,19.7
2025-05-28T16:12:00+00:00,1958.7,81.52,341.9,13.82,379.8,19.4,619.7,0.0625,1.26,78.5,213.5,18.6
2025-05-28T16:13:00+00:00,2008.4,82.51,351.9,13.82,387.2,17.5,659.5,0.0628,1.26,78.5,213.5,19.4
2025-05-28T16:14:00+00:00,1966.6,80.67,347.2,13.89,355.6,19.3,603.3,0.0626,1.26,78.5,213.5,19.9
2025-05-28T16:15:00+00:00,1947.0,83.65,362.4,13.69,365.7,15.8,586.2,0.0625,1.26,78.5,213.5,20.2
2025-05-28T16:16:00+00:00,2007.5,81.25,346.2,13.87,385.4,19.4,573.7,0.0712,1.32,78.5,213.5,18.5
2025-05-28T16:17:00+00:00,1959.3,82.09,349.9,13.95,372.0,19.1,612.1,0.0657,1.26,78.5,213.5,19.5
2025-05-28T16:18:00+00:00,2031.1,83.83,350.0,13.96,380.7,19.9,593.2,0.0635,1.32,78.5,213.5,18.8
2025-05-28T16:19:00+00:00,2082.4,79.57,350.9,13.77,405.0,20.7,587.5,0.0639,1.32,78.5,213.5,19.1
2025-05-28T16:20:00+00:00,2003.2,82.31,352.9,13.84,394.6,17.0,583.0,0.0626,1.23,78.5,213.5,20.5
2025-05-28T16:21:00+00:00,1858.9,81.63,347.6,13.69,393.0,22.0,559.0,0.0627,1.31,78.5,213.5,19.8
2025-05-28T16:22:00+00:00,2025.2,83.07,346.8,13.84,389.8,17.7,676.3,0.0624,1.20,78.5,213.5,19.3
2025-05-28T16:23:00+00:00,1804.4,81.48,348.8,13.66,388.6,20.3,635.7,0.0705,1.33,78.5,213.5,20.2
2025-05-28T16:24:00+00:00,1945.4,82.68,343.5,13.97,378.8,19.8,611.0,0.0620,1.22,78.5,213.5,20.5
2025-05-28T16:25:00+00:00,2059.5,81.52,359.8,13.61,379.6,19.3,574.6,0.0627,1.23,78.5,213.5,18.6
2025-05-28T16:26:00+00:00,1823.9,80.07,339.4,13.67,373.1,17.1,572.5,0.0636,1.32,78.5,213.5,18.8
2025-05-28T16:27:00+00:00,2023.1,78.31,343.5,13.96,393.5,17.3,638.5,0.0632,1.28,78.5,213.5,19.1
2025-05-28T16:28:00+00:00,1915.3,80.73,348.1,13.80,367.5,22.5,618.9,0.0627,1.30,78.5,213.5,18.4
2025-05-28T16:29:00+00:00,2010.7,82.18,345.9,13.69,393.2,16.0,582.3,0.0619,1.16,78.5,213.5,19.3
2025-05-28T16:30:00+00:00,1996.6,81.92,351.8,14.05,383.2,17.2,664.6,0.0630,1.28,78.5,213.5,18.9
2025-05-28T16:31:00+00:00,1944.1,80.08,339.1,13.84,361.5,18.2,600.6,0.0624,1.25,78.5,213.5,18.2
2025-05-28T16:32:00+00:00,2032.4,83.29,356.8,13.78,382.8,15.7,611.6,0.0629,1.25,78.5,213.5,19.2
2025-05-28T16:33:00+00:00,2068.0,83.56,354.6,13.70,395.8,17.0,588.6,0.0670,1.30,78.5,213.5,19.0
2025-05-28T16:34:00+00:00,1930.8,81.18,349.5,14.01,405.2,18.3,610.1,0.0629,1.31,78.5,213.5,19.8
2025-05-28T16:35:00+00:00,1988.5,81.63,341.3,13.59,392.4,19.0,594.9,0.0630,1.26,78.5,213.5,19.0
2025-05-28T16:36:00+00:00,2018.3,81.74,358.6,13.82,385.5,19.8,629.4,0.0638,1.35,78.5,213.5,19.4
2025-05-28T16:37:00+00:00,1955.0,81.21,353.3,13.70,373.3,20.1,584.8,0.0617,1.18,78.5,213.5,19.2
2025-05-28T16:38:00+00:00,1052.0,79.70,352.9,13.75,358.0,16.9,579.5,0.0581,1.20,78.5,213.5,20.1
2025-05-28T16:39:00+00:00,921.5,78.56,353.4,13.57,328.4,17.0,550.9,0.0628,1.23,78.5,213.5,18.5
2025-05-28T16:40:00+00:00,876.5,78.64,364.7,13.99,357.2,18.6,538.0,0.0575,1.22,78.5,213.5,17.8
2025-05-28T16:41:00+00:00,881.0,78.72,352.5,13.94,323.3,21.4,568.5,0.0566,1.24,78.5,213.5,18.6
2025-05-28T16:42:00+00:00,1031.1,79.52,351.1,13.83,348.9,21.0,560.6,0.0609,1.31,78.5,213.5,18.6
2025-05-28T16:43:00+00:00,993.0,77.15,368.9,13.79,360.5,19.1,535.0,0.0602,1.26,78.5,213.5,18.7
2025-05-28T16:44:00+00:00,840.2,75.96,342.5,13.86,324.7,18.5,520.3,0.0590,1.32,78.5,213.5,18.7
2025-05-28T16:45:00+00:00,842.9,77.40,330.5,14.12,328.1,18.5,511.2,0.0662,1.36,78.5,213.5,18.7
2025-05-28T16:46:00+00:00,882.1,77.73,362.1,13.91,347.5,18.4,582.4,0.0564,1.23,78.5,213.5,19.4
2025-05-28T16:47:00+00:00,918.5,81.72,354.2,13.97,331.2,21.2,525.8,0.0567,1.23,78.5,213.5,19.1
2025-05-28T16:48:00+00:00,935.5,80.05,359.3,13.79,335.7,19.8,590.4,0.0568,1.23,78.5,213.5,20.2
2025-05-28T16:49:00+00:00,889.0,78.66,354.9,13.80,340.6,17.5,557.8,0.0569,1.24,78.5,213.5,18.6
2025-05-28T16:50:00+00:00,909.6,77.38,369.9,13.78,336.7,19.6,500.6,0.0588,1.23,78.5,213.5,18.2
2025-05-29T06:00:00+00:00,982.4,76.47,346.0,13.51,347.7,19.2,589.8,0.0573,1.03,69.7,249.7,16.7
2025-05-29T06:01:00+00:00,832.3,79.12,345.2,13.97,337.1,19.9,554.1,0.0545,1.05,69.7,249.7,15.3
2025-05-29T06:02:00+00:00,1036.6,78.36,371.4,13.79,338.1,17.9,516.5,0.0592,1.06,69.7,249.7,17.0
2025-05-29T06:03:00+00:00,1049.1,79.41,353.3,13.92,369.7,16.8,576.0,0.0561,1.10,69.7,249.7,15.0
2025-05-29T06:04:00+00:00,898.8,76.93,370.0,13.99,357.9,19.3,579.3,0.0556,1.12,69.7,249.7,14.6
2025-05-29T06:05:00+00:00,928.3,78.36,341.0,13.81,357.2,20.0,551.3,0.0556,1.08,69.7,249.7,15.5
2025-05-29T06:06:00+00:00,877.2,78.80,361.4,13.69,343.2,18.6,591.4,0.0584,1.09,69.7,249.7,16.0
2025-05-29T06:07:00+00:00,1054.0,76.02,350.8,13.92,329.4,20.6,591.5,0.0578,1.06,69.7,249.7,15.5
2025-05-29T06:08:00+00:00,923.9,79.54,334.0,13.74,338.0,18.2,584.8,0.0549,1.04,69.7,249.7,15.6
2025-05-29T06:09:00+00:00,931.1,82.67,368.9,13.94,340.2,20.4,592.6,0.0555,1.10,69.7,249.7,16.1
2025-05-29T06:10:00+00:00,1954.1,82.10,356.0,13.86,381.9,17.9,645.3,0.0603,1.03,69.7,249.7,14.9
2025-05-29T06:11:00+00:00,1845.7,80.33,350.7,13.65,374.8,20.4,556.5,0.0606,1.12,69.7,249.7,15.9
2025-05-29T06:12:00+00:00,1993.0,80.16,336.1,13.84,389.8,17.8,601.3,0.0613,1.05,69.7,249.7,16.4
2025-05-29T06:13:00+00:00,1971.2,81.36,339.1,13.63,377.6,18.4,534.9,0.0613,1.06,69.7,249.7,14.8
2025-05-29T06:14:00+00:00,2200.6,83.82,347.9,13.53,390.4,20.6,597.8,0.0681,1.10,69.7,249.7,17.9
2025-05-29T06:15:00+00:00,1949.3,81.20,346.8,14.09,386.0,20.2,632.5,0.0615,1.14,69.7,249.7,14.8
2025-05-29T06:16:00+00:00,2131.3,83.19,348.2,13.73,394.1,17.1,650.2,0.0613,1.03,69.7,249.7,15.9
2025-05-29T06:17:00+00:00,2100.6,80.63,347.6,13.71,385.9,17.1,581.5,0.0610,1.03,69.7,249.7,16.2
2025-05-29T06:18:00+00:00,2088.4,84.12,334.7,13.65,373.4,16.9,589.7,0.0614,1.02,69.7,249.7,15.3
2025-05-29T06:19:00+00:00,1904.2,82.60,334.9,13.65,400.6,20.2,578.7,0.0658,1.06,69.7,249.7,15.8
2025-05-29T06:20:00+00:00,2228.2,82.37,355.6,14.01,408.6,17.8,547.7,0.0622,1.07,69.7,249.7,16.1
2025-05-29T06:21:00+00:00,1946.5,80.76,348.5,13.75,389.5,18.8,562.2,0.0607,1.09,69.7,249.7,17.3
2025-05-29T06:22:00+00:00,1912.1,81.82,352.2,13.51,357.9,18.2,635.4,0.0693,1.04,69.7,249.7,14.6
2025-05-29T06:23:00+00:00,1927.4,84.52,347.6,13.59,375.2,19.3,568.7,0.0601,1.05,69.7,249.7,16.0
2025-05-29T06:24:00+00:00,1954.1,84.17,350.4,14.03,368.5,20.0,626.9,0.0606,1.05,69.7,249.7,16.3
2025-05-29T06:25:00+00:00,2103.2,85.01,365.9,14.00,409.5,21.1,584.1,0.0629,1.09,69.7,249.7,14.1
2025-05-29T06:26:00+00:00,2150.3,84.22,354.9,13.94,392.2,17.7,643.8,0.0610,1.00,69.7,249.7,15.9
2025-05-29T06:27:00+00:00,1994.3,83.02,342.1,13.87,378.5,16.1,618.0,0.0600,1.00,69.7,249.7,15.2
2025-05-29T06:28:00+00:00,1929.4,83.27,341.1,13.71,375.8,16.8,596.4,0.0601,1.03,69.7,249.7,17.2
2025-05-29T06:29:00+00:00,2101.0,83.49,344.1,13.86,382.0,18.2,624.5,0.0617,1.00,69.7,249.7,13.3
2025-05-29T06:30:00+00:00,1826.7,81.08,339.2,14.05,389.8,20.2,628.3,0.0601,1.09,69.7,249.7,14.7
2025-05-29T06:31:00+00:00,1925.7,83.01,348.2,13.75,376.6,19.1,644.5,0.0617,1.11,69.7,249.7,15.7
2025-05-29T06:32:00+00:00,1972.9,82.53,351.9,13.83,360.2,19.1,641.8,0.0620,1.14,69.7,249.7,16.2
2025-05-29T06:33:00+00:00,2155.0,83.65,347.9,13.96,363.3,19.4,642.3,0.0643,1.09,69.7,249.7,15.2
2025-05-29T06:34:00+00:00,1956.7,83.00,357.9,13.84,366.7,17.6,555.6,0.0609,1.09,69.7,249.7,17.2
2025-05-29T06:35:00+00:00,2033.3,81.18,347.6,13.78,369.6,17.7,594.8,0.0624,1.16,69.7,249.7,16.6
2025-05-29T06:36:00+00:00,1920.9,82.94,357.1,13.90,368.2,17.6,617.1,0.0595,0.96,69.7,249.7,16.1
2025-05-29T06:37:00+00:00,2136.3,81.60,359.8,13.58,387.4,20.6,610.9,0.0650,1.07,69.7,249.7,17.5
2025-05-29T06:38:00+00:00,2051.1,83.59,347.2,14.07,374.6,17.1,632.8,0.0643,1.11,69.7,249.7,16.1
2025-05-29T06:39:00+00:00,1826.0,81.46,354.0,13.86,359.4,18.3,601.6,0.0589,0.96,69.7,249.7,16.4
2025-05-29T06:40:00+00:00,2167.8,81.44,352.7,13.60,386.4,18.3,546.5,0.0626,1.03,69.7,249.7,14.8
2025-05-29T06:41:00+00:00,2035.2,79.87,367.0,13.76,368.8,18.7,645.4,0.0663,1.03,69.7,249.7,16.1
2025-05-29T06:42:00+00:00,1710.9,80.43,361.1,13.59,357.3,19.0,602.9,0.0587,0.99,69.7,249.7,15.1
2025-05-29T06:43:00+00:00,1947.7,80.94,360.3,14.01,372.9,17.1,630.4,0.0667,1.03,69.7,249.7,15.9
2025-05-29T06:44:00+00:00,1948.5,80.85,345.4,13.52,385.2,17.2,589.2,0.0658,1.20,69.7,249.7,15.4
2025-05-29T06:45:00+00:00,2138.2,84.65,340.7,14.00,377.0,19.4,607.4,0.0621,1.12,69.7,249.7,14.9
2025-05-29T06:46:00+00:00,2172.8,82.43,344.3,13.59,392.0,17.4,559.6,0.0624,1.12,69.7,249.7,14.1
2025-05-29T06:47:00+00:00,1751.0,82.18,359.3,13.91,382.4,18.3,561.9,0.0606,1.18,69.7,249.7,13.5
2025-05-29T06:48:00+00:00,1811.6,80.52,358.9,13.87,387.0,18.5,597.1,0.0621,1.03,69.7,249.7,16.9
2025-05-29T06:49:00+00:00,2136.6,82.82,351.9,13.80,404.9,17.6,544.9,0.0661,1.03,69.7,249.7,17.2
2025-05-29T06:50:00+00:00,2093.0,84.67,354.6,13.92,390.3,18.1,561.1,0.0609,1.02,69.7,249.7,14.8
2025-05-29T06:51:00+00:00,2445.7,82.15,342.9,13.62,409.2,18.6,675.1,0.0632,1.08,69.7,249.7,16.6
2025-05-29T06:52:00+00:00,1947.5,82.25,347.3,13.79,359.1,16.6,562.1,0.0603,1.04,69.7,249.7,15.7
2025-05-29T06:53:00+00:00,1978.1,82.32,351.5,13.65,370.5,21.2,626.4,0.0659,1.05,69.7,249.7,15.0
2025-05-29T06:54:00+00:00,1915.3,83.36,359.7,13.91,342.8,18.4,586.7,0.0602,1.06,69.7,249.7,16.1
2025-05-29T06:55:00+00:00,2528.8,84.73,338.0,13.88,391.6,17.6,601.0,0.0645,1.09,69.7,249.7,14.9
2025-05-29T06:56:00+00:00,2058.8,80.61,341.1,13.72,386.9,16.0,488.3,0.0699,1.16,69.7,249.7,16.1
2025-05-29T06:57:00+00:00,2211.7,81.52,364.0,13.70,379.2,20.2,590.7,0.0624,1.11,69.7,249.7,15.0
2025-05-29T06:58:00+00:00,2205.5,83.08,331.6,14.07,404.2,17.0,583.0,0.0668,1.03,69.7,249.7,17.1
2025-05-29T06:59:00+00:00,2394.6,81.06,339.5,13.84,384.8,20.1,674.6,0.0626,1.02,69.7,249.7,16.0
2025-05-29T07:00:00+00:00,2212.7,82.19,351.0,13.75,382.4,18.2,617.9,0.0624,1.11,69.7,249.7,14.9
2025-05-29T07:01:00+00:00,2077.7,81.43,349.9,13.73,362.2,17.7,668.7,0.0614,1.07,69.7,249.7,16.1
2025-05-29T07:02:00+00:00,1960.1,82.88,348.1,13.77,365.0,16.6,573.5,0.0637,1.00,69.7,249.7,16.1
2025-05-29T07:03:00+00:00,2434.4,87.47,359.1,13.72,386.0,17.7,625.6,0.0632,1.07,69.7,249.7,15.2
2025-05-29T07:04:00+00:00,1939.8,82.66,362.0,13.60,349.5,20.2,619.2,0.0632,1.09,69.7,249.7,15.5
2025-05-29T07:05:00+00:00,2445.5,82.85,340.7,13.76,407.2,17.1,680.8,0.0631,1.05,69.7,249.7,15.5
2025-05-29T07:06:00+00:00,1925.6,80.24,349.5,13.71,368.1,16.9,636.0,0.0694,1.15,69.7,249.7,17.9
2025-05-29T07:07:00+00:00,1912.2,80.92,348.3,13.62,379.4,17.0,540.7,0.0603,1.04,69.7,249.7,15.6
2025-05-29T07:08:00+00:00,2034.3,81.88,349.2,13.82,395.6,18.9,542.1,0.0622,1.18,69.7,249.7,15.6
2025-05-29T07:09:00+00:00,2383.5,84.12,333.3,13.85,423.0,18.6,601.2,0.0679,1.08,69.7,249.7,15.5
2025-05-29T07:10:00+00:00,2470.9,83.57,340.9,13.84,430.5,18.1,638.3,0.0635,1.06,69.7,249.7,15.2
2025-05-29T07:11:00+00:00,2050.4,83.66,355.2,13.82,374.0,17.2,561.8,0.0638,1.16,69.7,249.7,15.8
2025-05-29T07:12:00+00:00,1994.2,83.13,353.2,13.72,369.9,19.9,579.0,0.0631,1.16,69.7,249.7,15.5
2025-05-29T07:13:00+00:00,2005.3,82.05,351.8,13.75,378.6,18.0,601.2,0.0680,1.06,69.7,249.7,16.1
2025-05-29T07:14:00+00:00,1872.3,83.39,346.4,13.86,387.2,15.3,617.0,0.0625,1.02,69.7,249.7,15.9
2025-05-29T07:15:00+00:00,1968.2,83.18,346.0,13.95,360.6,16.4,581.2,0.0634,1.07,69.7,249.7,14.1
2025-05-29T07:16:00+00:00,1993.6,81.34,339.3,13.88,362.8,22.1,589.4,0.0612,1.09,69.7,249.7,15.6
2025-05-29T07:17:00+00:00,1946.2,79.70,351.2,13.78,367.3,18.5,595.6,0.0607,1.08,69.7,249.7,16.0
2025-05-29T07:18:00+00:00,1968.6,80.68,346.8,13.64,382.4,19.7,603.7,0.0609,1.09,69.7,249.7,16.7
2025-05-29T07:19:00+00:00,1972.2,82.52,344.0,14.07,378.6,20.0,608.2,0.0644,1.06,69.7,249.7,14.2
2025-05-29T07:20:00+00:00,1998.4,78.77,348.3,13.96,396.4,20.0,609.8,0.0639,1.03,69.7,249.7,16.4
2025-05-29T07:21:00+00:00,2157.9,81.82,348.6,13.75,398.8,18.9,586.4,0.0616,1.06,69.7,249.7,15.7
2025-05-29T07:22:00+00:00,1966.5,82.42,351.8,13.94,354.4,17.6,579.8,0.0679,1.07,69.7,249.7,14.8
2025-05-29T07:23:00+00:00,1995.2,83.41,344.5,13.90,376.9,19.6,616.7,0.0612,1.09,69.7,249.7,15.2
2025-05-29T07:24:00+00:00,2054.4,79.08,356.9,13.94,378.3,16.9,582.2,0.0698,1.14,69.7,249.7,15.9
2025-05-29T07:25:00+00:00,2209.2,79.76,331.3,13.52,384.9,19.2,585.0,0.0695,1.07,69.7,249.7,16.8
2025-05-29T07:26:00+00:00,2211.7,81.97,349.1,14.01,389.8,21.0,627.7,0.0624,1.11,69.7,249.7,15.6
2025-05-29T07:27:00+00:00,2051.2,83.01,342.5,14.00,368.5,16.2,554.9,0.0612,1.08,69.7,249.7,15.6
2025-05-29T07:28:00+00:00,1853.5,82.58,339.0,14.03,364.5,17.5,534.3,0.0623,1.03,69.7,249.7,15.5
2025-05-29T07:29:00+00:00,1981.9,80.07,358.0,13.75,380.8,20.3,561.3,0.0606,1.05,69.7,249.7,15.5
2025-05-29T07:30:00+00:00,1865.3,79.01,352.6,13.94,358.0,20.8,619.2,0.0650,1.12,69.7,249.7,15.3
2025-05-29T07:31:00+00:00,1973.8,80.44,352.5,13.87,389.1,20.0,614.2,0.0631,1.13,69.7,249.7,15.0
2025-05-29T07:32:00+00:00,1840.7,82.29,353.5,13.84,373.5,15.0,642.9,0.0603,1.02,69.7,249.7,15.9
2025-05-29T07:33:00+00:00,2033.0,82.89,355.3,13.56,379.3,19.6,624.1,0.0649,1.04,69.7,249.7,14.8
2025-05-29T07:34:00+00:00,2044.5,83.29,348.1,13.88,390.0,19.8,590.9,0.0614,1.09,69.7,249.7,15.0
2025-05-29T07:35:00+00:00,1820.9,78.42,355.4,13.84,386.8,20.3,602.5,0.0598,1.06,69.7,249.7,16.7
2025-05-29T07:36:00+00:00,2130.0,78.74,352.6,13.83,382.8,19.5,644.6,0.0619,1.10,69.7,249.7,14.9
2025-05-29T07:37:00+00:00,1921.3,84.06,358.4,13.79,386.1,17.3,591.7,0.0621,1.07,69.7,249.7,14.9
2025-05-29T07:38:00+00:00,2091.4,81.40,357.2,13.77,366.3,18.8,600.8,0.0659,1.15,69.7,249.7,16.4
2025-05-29T07:39:00+00:00,1995.2,80.64,345.5,13.66,375.4,16.6,578.4,0.0613,1.12,69.7,249.7,15.7
2025-05-29T07:40:00+00:00,1975.4,81.15,354.4,13.99,375.8,21.9,619.5,0.0616,1.16,69.7,249.7,15.2
2025-05-29T07:41:00+00:00,1996.3,80.41,330.3,13.97,394.7,16.9,622.5,0.0682,1.05,69.7,249.7,15.0
2025-05-29T07:42:00+00:00,2151.0,82.04,334.8,13.48,375.0,18.3,522.3,0.0659,1.12,69.7,249.7,15.2
2025-05-29T07:43:00+00:00,2052.4,79.96,346.6,13.81,379.6,18.5,598.1,0.0664,1.06,69.7,249.7,15.0
2025-05-29T07:44:00+00:00,1967.5,80.79,351.7,13.89,380.9,16.4,586.5,0.0608,1.09,69.7,249.7,15.5
2025-05-29T07:45:00+00:00,1986.1,82.94,349.3,13.72,391.8,17.5,595.0,0.0663,1.07,69.7,249.7,17.2
2025-05-29T07:46:00+00:00,1994.9,82.04,349.5,13.97,372.2,18.2,602.6,0.0608,1.07,69.7,249.7,16.3
2025-05-29T07:47:00+00:00,1892.3,82.02,353.5,13.80,380.5,19.7,552.7,0.0623,1.01,69.7,249.7,16.1
2025-05-29T07:48:00+00:00,2054.0,82.87,345.2,13.85,376.5,17.3,595.4,0.0646,1.07,69.7,249.7,16.6
2025-05-29T07:49:00+00:00,2105.0,82.13,355.4,13.76,356.8,18.7,589.3,0.0629,1.08,69.7,249.7,16.4
2025-05-29T07:50:00+00:00,1916.9,82.10,342.0,13.96,354.8,19.2,587.8,0.0611,1.13,69.7,249.7,13.6
2025-05-29T07:51:00+00:00,2196.6,81.81,339.7,13.83,389.7,19.1,580.9,0.0629,1.18,69.7,249.7,14.5
2025-05-29T07:52:00+00:00,1984.6,84.16,361.4,13.76,375.9,17.9,608.7,0.0632,1.01,69.7,249.7,14.9
2025-05-29T07:53:00+00:00,2026.8,82.75,355.6,13.76,380.4,18.7,660.2,0.0642,1.03,69.7,249.7,16.3
2025-05-29T07:54:00+00:00,2030.1,82.29,352.7,13.67,390.8,17.3,573.2,0.0620,1.16,69.7,249.7,14.7
2025-05-29T07:55:00+00:00,1984.2,80.90,368.1,13.82,357.7,17.3,552.4,0.0602,1.01,69.7,249.7,15.2
2025-05-29T07:56:00+00:00,1074.0,78.32,354.9,13.86,333.8,18.0,558.3,0.0560,1.07,69.7,249.7,17.2
2025-05-29T07:57:00+00:00,1082.4,81.02,356.8,13.76,324.0,20.5,552.9,0.0558,1.05,69.7,249.7,15.8
2025-05-29T07:58:00+00:00,899.6,80.26,375.5,13.98,343.7,18.0,561.7,0.0558,1.13,69.7,249.7,13.7
2025-05-29T07:59:00+00:00,995.5,76.74,359.2,13.70,348.3,18.9,581.6,0.0560,1.13,69.7,249.7,17.3
2025-05-29T08:00:00+00:00,1027.5,76.31,355.5,13.90,370.2,19.6,587.9,0.0660,1.12,69.7,249.7,13.7
2025-05-29T08:01:00+00:00,870.4,81.53,355.4,14.03,338.7,19.3,567.8,0.0549,1.07,69.7,249.7,14.5
2025-05-29T08:02:00+00:00,955.2,78.21,365.6,13.58,353.3,18.6,573.8,0.0581,1.05,69.7,249.7,16.2
2025-05-29T08:03:00+00:00,756.9,74.69,356.0,13.64,327.9,17.3,622.1,0.0541,1.04,69.7,249.7,16.8
2025-05-29T08:04:00+00:00,988.1,79.24,351.1,13.64,351.4,20.2,587.2,0.0563,1.00,69.7,249.7,15.0
2025-05-29T14:00:00+00:00,871.0,76.88,369.7,13.31,354.6,18.2,553.3,0.0554,1.12,69.7,249.7,13.8
2025-05-29T14:01:00+00:00,1005.7,78.13,357.7,13.71,364.4,18.4,597.8,0.0563,1.13,69.7,249.7,15.0
2025-05-29T14:02:00+00:00,888.6,79.97,367.4,13.69,346.7,19.2,491.4,0.0543,1.00,69.7,249.7,16.0
2025-05-29T14:03:00+00:00,772.5,79.16,373.3,13.79,330.2,17.7,550.2,0.0617,1.20,69.7,249.7,15.3
2025-05-29T14:04:00+00:00,1097.0,78.79,350.9,13.89,333.9,19.9,560.2,0.0642,1.06,69.7,249.7,18.8
2025-05-29T14:05:00+00:00,1012.1,79.22,355.1,13.89,357.8,19.8,551.4,0.0591,1.10,69.7,249.7,16.2
2025-05-29T14:06:00+00:00,987.5,78.97,364.0,13.96,362.9,18.3,519.0,0.0562,1.14,69.7,249.7,17.2
2025-05-29T14:07:00+00:00,1042.7,79.52,343.3,13.99,349.5,21.3,528.6,0.0614,1.08,69.7,249.7,16.9
2025-05-29T14:08:00+00:00,1074.8,79.09,356.1,13.69,349.4,20.7,546.0,0.0578,1.11,69.7,249.7,15.1
2025-05-29T14:09:00+00:00,905.9,79.25,350.2,14.05,339.0,19.4,574.4,0.0540,0.96,69.7,249.7,16.6
2025-05-29T14:10:00+00:00,2108.9,80.47,343.9,13.84,385.7,18.3,563.5,0.0614,1.06,69.7,249.7,15.5
2025-05-29T14:11:00+00:00,1991.5,82.41,356.3,13.78,359.3,19.0,625.8,0.0613,1.13,69.7,249.7,15.4
2025-05-29T14:12:00+00:00,2104.7,82.31,359.7,13.90,398.1,20.4,561.8,0.0612,1.05,69.7,249.7,14.0
2025-05-29T14:13:00+00:00,2275.4,82.74,348.8,13.70,395.5,18.8,673.0,0.0716,1.03,69.7,249.7,14.8
2025-05-29T14:14:00+00:00,2102.6,81.17,359.7,13.99,392.0,20.4,648.9,0.0642,1.19,69.7,249.7,17.8
2025-05-29T14:15:00+00:00,2234.5,83.66,351.3,13.51,407.9,17.6,609.7,0.0693,1.05,69.7,249.7,15.0
2025-05-29T14:16:00+00:00,1946.3,80.72,367.4,13.68,389.3,18.3,638.1,0.0619,1.14,69.7,249.7,15.7
2025-05-29T14:17:00+00:00,2009.9,81.88,351.4,14.09,383.4,17.8,607.9,0.0607,1.07,69.7,249.7,14.4
2025-05-29T14:18:00+00:00,1746.3,77.29,344.8,13.59,378.7,19.1,627.5,0.0600,1.10,69.7,249.7,15.3
2025-05-29T14:19:00+00:00,2188.3,83.36,341.9,13.98,390.2,16.4,625.7,0.0616,1.04,69.7,249.7,16.4
2025-05-29T14:20:00+00:00,2105.8,85.74,339.9,13.66,384.3,18.9,547.4,0.0606,0.99,69.7,249.7,14.7
2025-05-29T14:21:00+00:00,1956.1,82.52,367.0,13.93,372.3,21.1,628.4,0.0618,1.08,69.7,249.7,14.0
2025-05-29T14:22:00+00:00,2036.7,81.54,365.4,13.70,365.5,19.5,581.4,0.0623,1.02,69.7,249.7,13.7
2025-05-29T14:23:00+00:00,2027.1,82.23,356.0,13.76,381.2,19.3,589.4,0.0629,1.09,69.7,249.7,15.1
2025-05-29T14:24:00+00:00,2013.7,83.13,352.0,13.89,381.6,20.8,672.2,0.0639,1.02,69.7,249.7,15.0
2025-05-29T14:25:00+00:00,2224.4,82.77,351.2,13.80,388.4,17.6,546.0,0.0625,1.09,69.7,249.7,15.1
2025-05-29T14:26:00+00:00,1728.9,79.65,347.8,13.66,375.7,17.4,600.7,0.0641,1.12,69.7,249.7,16.0
2025-05-29T14:27:00+00:00,1917.4,81.97,360.1,13.71,369.8,17.7,587.8,0.0605,1.07,69.7,249.7,16.0
2025-05-29T14:28:00+00:00,1936.2,82.89,351.2,13.78,373.6,16.1,562.3,0.0722,1.12,69.7,249.7,16.7
2025-05-29T14:29:00+00:00,2126.4,81.40,351.5,13.94,398.3,19.4,589.4,0.0644,1.08,69.7,249.7,16.5
2025-05-29T14:30:00+00:00,1784.4,84.17,342.6,13.70,383.0,16.5,542.0,0.0614,1.02,69.7,249.7,16.1
2025-05-29T14:31:00+00:00,2091.9,82.41,353.2,13.62,378.7,20.0,577.5,0.0675,0.98,69.7,249.7,15.0
2025-05-29T14:32:00+00:00,2047.3,83.04,353.7,13.74,392.1,17.2,577.4,0.0619,1.09,69.7,249.7,16.9
2025-05-29T14:33:00+00:00,2101.0,83.01,342.4,14.01,400.8,20.7,627.1,0.0622,1.14,69.7,249.7,16.9
2025-05-29T14:34:00+00:00,1747.0,80.48,359.3,13.75,376.0,17.8,568.1,0.0641,0.97,69.7,249.7,16.2
2025-05-29T14:35:00+00:00,2004.5,85.50,360.3,13.98,398.1,21.4,612.5,0.0648,1.14,69.7,249.7,17.2
2025-05-29T14:36:00+00:00,1942.7,78.92,355.5,14.02,366.1,16.8,609.5,0.0603,1.04,69.7,249.7,15.0
2025-05-29T14:37:00+00:00,1997.5,81.64,352.9,13.86,366.0,17.8,535.4,0.0610,1.08,69.7,249.7,13.7
2025-05-29T14:38:00+00:00,2098.5,86.13,344.1,13.95,404.9,19.7,611.4,0.0610,1.02,69.7,249.7,17.8
2025-05-29T14:39:00+00:00,1871.0,81.17,338.8,13.82,380.0,18.4,550.5,0.0594,1.01,69.7,249.7,15.3
2025-05-29T14:40:00+00:00,2158.1,83.01,344.1,13.49,375.0,20.3,609.2,0.0689,1.01,69.7,249.7,17.2
2025-05-29T14:41:00+00:00,2028.0,82.77,341.7,13.66,365.9,18.9,634.0,0.0607,1.05,69.7,249.7,14.9
2025-05-29T14:42:00+00:00,1900.1,80.77,341.4,13.85,370.4,19.3,647.9,0.0641,1.06,69.7,249.7,15.6
2025-05-29T14:43:00+00:00,2076.6,85.98,352.5,13.79,390.2,18.5,553.9,0.0637,1.22,69.7,249.7,15.9
2025-05-29T14:44:00+00:00,1875.0,83.95,363.4,13.86,371.3,19.0,635.6,0.0606,1.10,69.7,249.7,15.6
2025-05-29T14:45:00+00:00,1933.1,80.57,348.6,13.70,364.2,17.8,625.9,0.0629,1.02,69.7,249.7,14.8
2025-05-29T14:46:00+00:00,2034.4,82.33,350.0,13.79,386.9,18.9,586.0,0.0615,1.10,69.7,249.7,13.2
2025-05-29T14:47:00+00:00,2001.0,82.68,342.2,13.97,365.0,19.6,613.0,0.0669,1.12,69.7,249.7,15.2
2025-05-29T14:48:00+00:00,2013.0,81.87,347.0,13.93,383.7,18.7,600.3,0.0699,1.09,69.7,249.7,14.4
2025-05-29T14:49:00+00:00,1995.7,82.06,339.4,13.83,379.1,18.0,554.9,0.0601,0.99,69.7,249.7,13.5
2025-05-29T14:50:00+00:00,2532.7,87.38,346.6,13.65,391.2,16.4,621.5,0.0659,1.03,69.7,249.7,14.6
2025-05-29T14:51:00+00:00,1803.8,80.32,345.0,13.84,389.0,17.6,638.5,0.0669,1.08,69.7,249.7,15.5
2025-05-29T14:52:00+00:00,2004.0,83.24,349.9,13.83,404.8,17.2,648.5,0.0609,1.06,69.7,249.7,17.5
2025-05-29T14:53:00+00:00,1976.3,81.40,369.3,14.02,388.9,18.0,598.6,0.0658,1.11,69.7,249.7,16.5
2025-05-29T14:54:00+00:00,1883.8,80.58,356.6,13.67,387.6,17.6,556.2,0.0606,1.06,69.7,249.7,16.9
2025-05-29T14:55:00+00:00,1885.9,83.62,342.4,13.93,371.4,22.1,655.4,0.0613,1.06,69.7,249.7,14.8
2025-05-29T14:56:00+00:00,2154.4,82.40,352.7,13.80,384.4,21.1,560.4,0.0615,1.05,69.7,249.7,16.2
2025-05-29T14:57:00+00:00,2065.6,79.95,359.9,13.90,383.2,21.4,592.0,0.0614,1.09,69.7,249.7,15.6
2025-05-29T14:58:00+00:00,1962.4,79.55,353.3,13.87,409.2,19.1,574.8,0.0636,1.09,69.7,249.7,15.0
2025-05-29T14:59:00+00:00,2006.6,82.14,346.2,13.80,352.2,18.5,626.8,0.0599,0.98,69.7,249.7,16.2
2025-05-29T15:00:00+00:00,2525.3,83.38,329.2,13.84,399.5,17.7,577.7,0.0634,1.06,69.7,249.7,16.0
2025-05-29T15:01:00+00:00,1939.9,80.61,357.7,13.94,372.1,17.4,625.2,0.0603,1.05,69.7,249.7,15.5
2025-05-29T15:02:00+00:00,2045.9,81.73,348.6,13.72,381.0,18.7,580.3,0.0618,1.14,69.7,249.7,14.3
2025-05-29T15:03:00+00:00,2049.4,80.70,358.0,13.75,387.1,16.6,629.6,0.0606,1.02,69.7,249.7,17.0
2025-05-29T15:04:00+00:00,1813.4,82.97,355.0,13.63,386.1,21.2,635.4,0.0599,1.00,69.7,249.7,15.7
2025-05-29T15:05:00+00:00,1734.5,83.63,352.5,13.79,341.6,17.4,575.9,0.0604,1.11,69.7,249.7,16.2
2025-05-29T15:06:00+00:00,1906.4,81.72,344.0,14.00,368.8,19.2,595.4,0.0606,1.08,69.7,249.7,16.6
2025-05-29T15:07:00+00:00,1960.0,82.43,356.0,13.68,369.1,20.8,562.6,0.0607,1.06,69.7,249.7,17.3
2025-05-29T15:08:00+00:00,1862.3,83.54,358.9,13.74,375.8,18.7,632.0,0.0593,0.99,69.7,249.7,14.5
2025-05-29T15:09:00+00:00,2159.5,82.20,348.9,14.03,380.0,19.8,580.0,0.0647,1.09,69.7,249.7,16.1
2025-05-29T15:10:00+00:00,1959.0,78.99,345.9,13.78,390.3,19.0,636.1,0.0596,0.96,69.7,249.7,14.7
2025-05-29T15:11:00+00:00,2045.5,81.12,342.1,13.85,388.3,18.1,631.2,0.0615,1.10,69.7,249.7,16.4
2025-05-29T15:12:00+00:00,2498.2,85.74,344.5,13.74,375.9,19.3,651.8,0.0661,1.04,69.7,249.7,14.3
2025-05-29T15:13:00+00:00,1887.3,83.65,353.3,14.05,355.6,18.8,545.3,0.0701,1.10,69.7,249.7,16.7
2025-05-29T15:14:00+00:00,1909.1,81.00,353.9,13.55,365.5,18.5,571.3,0.0601,1.04,69.7,249.7,16.8
2025-05-29T15:15:00+00:00,1958.5,83.18,363.3,13.70,377.3,19.0,606.4,0.0657,1.05,69.7,249.7,15.1
2025-05-29T15:16:00+00:00,1960.1,85.81,346.5,13.83,369.6,13.6,598.8,0.0647,0.95,69.7,249.7,15.0
2025-05-29T15:17:00+00:00,1900.4,82.56,354.5,13.64,388.8,21.4,575.4,0.0607,1.10,69.7,249.7,15.4
2025-05-29T15:18:00+00:00,1975.7,82.70,347.9,14.06,378.3,20.8,591.2,0.0657,1.16,69.7,249.7,16.0
2025-05-29T15:19:00+00:00,1977.9,82.65,350.4,13.79,373.1,19.3,622.6,0.0679,1.05,69.7,249.7,15.7
2025-05-29T15:20:00+00:00,2024.0,81.79,339.1,13.72,390.6,18.3,571.6,0.0685,1.07,69.7,249.7,16.0
2025-05-29T15:21:00+00:00,2229.5,83.39,337.0,13.82,385.9,19.0,559.6,0.0662,1.06,69.7,249.7,15.5
2025-05-29T15:22:00+00:00,1835.5,83.03,344.2,13.99,398.3,18.8,597.4,0.0618,1.13,69.7,249.7,16.1
2025-05-29T15:23:00+00:00,2193.6,83.02,350.8,13.93,381.8,17.4,651.8,0.0629,1.15,69.7,249.7,17.5
2025-05-29T15:24:00+00:00,1999.9,81.24,345.3,13.91,380.5,20.5,567.9,0.0621,1.05,69.7,249.7,15.6
2025-05-29T15:25:00+00:00,2065.8,82.79,338.4,13.76,376.1,19.0,566.0,0.0633,1.12,69.7,249.7,16.2
2025-05-29T15:26:00+00:00,1900.9,80.97,362.6,13.59,385.6,18.2,588.7,0.0637,1.11,69.7,249.7,17.0
2025-05-29T15:27:00+00:00,2135.2,84.90,343.1,13.71,376.4,18.2,642.1,0.0617,1.06,69.7,249.7,15.1
2025-05-29T15:28:00+00:00,1989.5,80.45,347.0,13.86,390.6,20.0,599.6,0.0607,1.06,69.7,249.7,14.8
2025-05-29T15:29:00+00:00,1837.4,80.52,353.0,13.84,372.1,20.0,663.1,0.0600,1.07,69.7,249.7,16.0
2025-05-29T15:30:00+00:00,2115.9,82.28,348.7,13.96,381.3,15.7,620.1,0.0608,1.00,69.7,249.7,15.4
2025-05-29T15:31:00+00:00,2010.9,79.78,351.4,13.62,380.7,17.4,619.2,0.0608,1.02,69.7,249.7,15.3
2025-05-29T15:32:00+00:00,2017.3,84.36,342.7,13.86,389.4,18.8,619.9,0.0614,1.08,69.7,249.7,14.9
2025-05-29T15:33:00+00:00,1829.1,79.76,363.1,14.04,380.3,17.9,653.0,0.0605,1.12,69.7,249.7,14.6
2025-05-29T15:34:00+00:00,1989.3,84.00,352.9,13.63,369.5,18.3,575.1,0.0669,1.09,69.7,249.7,15.5
2025-05-29T15:35:00+00:00,1926.8,81.60,366.3,13.92,400.2,21.6,598.6,0.0642,1.00,69.7,249.7,14.3
2025-05-29T15:36:00+00:00,2013.6,79.92,348.2,13.64,373.4,19.9,594.1,0.0640,1.11,69.7,249.7,16.8
2025-05-29T15:37:00+00:00,2257.2,85.10,342.0,13.82,411.2,17.0,601.6,0.0621,1.05,69.7,249.7,16.6
2025-05-29T15:38:00+00:00,1891.0,82.16,345.5,14.14,389.7,16.4,637.7,0.0605,1.07,69.7,249.7,16.4
2025-05-29T15:39:00+00:00,2055.4,82.84,348.8,13.96,375.2,19.6,560.9,0.0614,1.11,69.7,249.7,15.9
2025-05-29T15:40:00+00:00,1988.8,80.45,353.9,13.77,355.1,17.0,599.2,0.0628,1.12,69.7,249.7,17.0
2025-05-29T15:41:00+00:00,2125.4,83.23,363.7,13.78,406.3,16.8,690.5,0.0623,1.04,69.7,249.7,17.4
2025-05-29T15:42:00+00:00,2099.2,80.99,354.3,13.74,380.7,20.1,622.1,0.0647,1.11,69.7,249.7,15.0
2025-05-29T15:43:00+00:00,2044.6,80.42,352.6,14.01,395.4,20.4,628.8,0.0621,1.15,69.7,249.7,15.5
2025-05-29T15:44:00+00:00,2062.1,82.59,340.8,13.70,398.2,19.2,535.6,0.0609,1.04,69.7,249.7,15.9
2025-05-29T15:45:00+00:00,2105.9,81.33,350.5,13.94,381.1,16.3,593.2,0.0654,1.13,69.7,249.7,15.7
2025-05-29T15:46:00+00:00,2068.5,81.24,343.3,13.74,403.1,18.4,571.3,0.0700,0.95,69.7,249.7,14.1
2025-05-29T15:47:00+00:00,1881.4,83.85,356.7,13.77,376.7,19.8,594.7,0.0608,1.12,69.7,249.7,14.7
2025-05-29T15:48:00+00:00,2104.5,83.53,352.3,13.62,395.1,17.2,673.7,0.0616,1.08,69.7,249.7,15.7
2025-05-29T15:49:00+00:00,2134.1,81.28,343.2,13.87,379.7,19.2,612.0,0.0682,1.12,69.7,249.7,15.1
2025-05-29T15:50:00+00:00,2130.1,84.28,349.4,13.66,387.8,18.4,624.8,0.0620,1.13,69.7,249.7,16.1
2025-05-29T15:51:00+00:00,2057.9,82.50,347.9,13.82,385.1,19.0,597.6,0.0663,1.14,69.7,249.7,16.8
2025-05-29T15:52:00+00:00,2177.3,83.46,354.0,13.87,386.7,16.4,633.2,0.0629,1.18,69.7,249.7,16.0
2025-05-29T15:53:00+00:00,2048.3,81.22,361.0,13.92,366.2,20.6,641.0,0.0609,1.04,69.7,249.7,16.4
2025-05-29T15:54:00+00:00,2046.0,80.39,353.9,13.74,399.5,15.8,573.1,0.0610,1.05,69.7,249.7,15.9
2025-05-29T15:55:00+00:00,771.3,78.29,353.7,13.92,347.0,20.5,536.7,0.0535,0.98,69.7,249.7,16.0
2025-05-29T15:56:00+00:00,1037.2,80.60,352.3,13.73,354.6,17.4,577.2,0.0552,1.00,69.7,249.7,15.5
2025-05-29T15:57:00+00:00,942.8,80.55,358.2,13.79,333.1,21.0,585.5,0.0552,1.07,69.7,249.7,14.4
2025-05-29T15:58:00+00:00,920.3,79.84,357.6,13.77,361.8,19.0,543.6,0.0560,1.01,69.7,249.7,18.6
2025-05-29T15:59:00+00:00,893.6,76.72,358.5,13.57,358.1,17.9,516.9,0.0588,1.04,69.7,249.7,14.9
2025-05-29T16:00:00+00:00,1093.3,78.65,351.2,13.74,368.7,18.8,565.5,0.0592,1.02,69.7,249.7,18.0
2025-05-29T16:01:00+00:00,999.3,79.01,365.7,13.89,351.7,18.7,595.5,0.0668,1.07,69.7,249.7,13.0
2025-05-29T16:02:00+00:00,896.8,77.24,356.4,13.95,331.4,19.8,570.3,0.0544,0.99,69.7,249.7,15.6
2025-05-29T16:03:00+00:00,948.5,79.21,356.8,13.55,333.5,18.2,561.5,0.0552,1.04,69.7,249.7,14.7
2025-05-30T06:00:00+00:00,1236.9,83.04,356.2,13.84,358.6,18.1,540.6,0.0567,1.07,129.8,219.8,14.1
2025-05-30T06:01:00+00:00,992.0,80.07,361.2,13.64,367.5,23.3,614.3,0.0575,0.99,129.8,219.8,12.4
2025-05-30T06:02:00+00:00,952.2,79.18,348.7,13.76,329.2,19.6,563.6,0.0569,0.99,129.8,219.8,14.3
2025-05-30T06:03:00+00:00,1082.3,79.90,351.5,13.87,370.6,16.7,619.7,0.0572,1.00,129.8,219.8,14.0
2025-05-30T06:04:00+00:00,1084.7,80.80,343.5,13.97,345.1,21.2,590.7,0.0551,0.97,129.8,219.8,11.8
2025-05-30T06:05:00+00:00,999.5,80.29,367.5,13.67,351.2,19.4,515.3,0.0547,0.98,129.8,219.8,12.4
2025-05-30T06:06:00+00:00,1057.6,77.83,348.4,13.71,362.0,17.8,631.7,0.0559,1.07,129.8,219.8,13.0
2025-05-30T06:07:00+00:00,977.7,80.73,354.8,13.61,332.7,21.1,574.4,0.0550,1.02,129.8,219.8,13.3
2025-05-30T06:08:00+00:00,1173.0,79.12,352.2,13.76,376.4,19.4,553.3,0.0561,1.02,129.8,219.8,11.0
2025-05-30T06:09:00+00:00,955.9,75.81,369.0,13.76,348.1,21.2,526.7,0.0651,0.99,129.8,219.8,13.1
2025-05-30T06:10:00+00:00,2039.2,84.94,346.0,13.58,380.5,20.1,624.4,0.0626,1.06,129.8,219.8,12.8
2025-05-30T06:11:00+00:00,1890.8,82.73,347.9,14.14,395.5,16.0,629.4,0.0588,0.92,129.8,219.8,13.3
2025-05-30T06:12:00+00:00,2257.6,81.72,351.5,13.71,380.3,20.8,653.7,0.0614,0.99,129.8,219.8,12.8
2025-05-30T06:13:00+00:00,2058.1,83.54,348.3,13.90,381.2,18.3,587.9,0.0637,1.00,129.8,219.8,12.6
2025-05-30T06:14:00+00:00,2128.7,84.39,353.8,13.87,380.9,19.9,554.9,0.0611,1.02,129.8,219.8,13.0
2025-05-30T06:15:00+00:00,1888.9,80.82,353.0,14.03,359.3,17.4,607.3,0.0593,0.96,129.8,219.8,13.1
2025-05-30T06:16:00+00:00,1913.4,81.50,357.1,13.66,379.1,20.4,580.1,0.0595,0.98,129.8,219.8,12.5
2025-05-30T06:17:00+00:00,2072.1,81.96,347.9,14.07,407.7,19.3,603.5,0.0627,1.01,129.8,219.8,14.3
2025-05-30T06:18:00+00:00,1889.6,82.84,350.3,13.99,364.4,18.4,585.2,0.0591,0.94,129.8,219.8,11.6
2025-05-30T06:19:00+00:00,2128.4,80.92,342.4,13.72,386.3,16.4,629.9,0.0607,0.98,129.8,219.8,12.7
2025-05-30T06:20:00+00:00,1970.7,81.76,365.1,13.87,361.0,20.0,568.2,0.0633,1.01,129.8,219.8,11.8
2025-05-30T06:21:00+00:00,2145.3,82.62,346.1,13.86,374.5,18.2,610.3,0.0614,1.05,129.8,219.8,12.8
2025-05-30T06:22:00+00:00,2150.0,82.17,332.8,13.76,382.3,19.8,611.4,0.0644,0.93,129.8,219.8,14.1
2025-05-30T06:23:00+00:00,2074.8,84.66,347.1,13.75,388.2,20.4,636.5,0.0656,1.08,129.8,219.8,12.6
2025-05-30T06:24:00+00:00,2146.6,79.90,348.7,13.80,401.3,18.6,562.3,0.0619,1.08,129.8,219.8,12.2
2025-05-30T06:25:00+00:00,1886.0,79.72,349.9,13.42,373.0,22.5,633.3,0.0614,0.99,129.8,219.8,13.9
2025-05-30T06:26:00+00:00,2051.3,83.03,370.2,13.85,398.1,17.9,580.3,0.0598,0.94,129.8,219.8,14.4
2025-05-30T06:27:00+00:00,1925.6,81.11,356.9,13.83,365.0,18.4,565.5,0.0634,1.01,129.8,219.8,14.5
2025-05-30T06:28:00+00:00,1982.4,81.28,334.7,13.83,394.0,18.9,617.1,0.0600,1.00,129.8,219.8,11.5
2025-05-30T06:29:00+00:00,2190.9,83.36,341.2,13.92,397.7,18.5,596.7,0.0616,1.03,129.8,219.8,12.3
2025-05-30T06:30:00+00:00,1975.0,84.43,342.0,13.82,382.1,19.6,640.6,0.0700,1.05,129.8,219.8,13.3
2025-05-30T06:31:00+00:00,1933.6,82.79,343.8,14.04,382.4,16.7,601.5,0.0717,0.97,129.8,219.8,13.5
2025-05-30T06:32:00+00:00,2178.4,82.26,358.3,13.73,394.0,18.7,613.6,0.0612,1.00,129.8,219.8,14.4
2025-05-30T06:33:00+00:00,1983.2,80.39,373.8,13.85,368.7,19.3,621.2,0.0606,1.07,129.8,219.8,13.4
2025-05-30T06:34:00+00:00,2005.1,81.37,345.8,13.87,379.2,19.1,617.2,0.0602,1.00,129.8,219.8,12.1
2025-05-30T06:35:00+00:00,2017.5,78.59,348.4,13.94,380.0,20.8,578.9,0.0605,1.02,129.8,219.8,14.3
2025-05-30T06:36:00+00:00,2064.1,80.44,349.9,13.78,369.7,19.7,566.0,0.0660,1.04,129.8,219.8,12.2
2025-05-30T06:37:00+00:00,2039.0,83.79,339.6,13.55,359.8,17.8,611.3,0.0630,0.99,129.8,219.8,12.7
2025-05-30T06:38:00+00:00,2119.5,86.69,358.9,13.80,383.8,17.2,618.3,0.0599,0.90,129.8,219.8,12.4
2025-05-30T06:39:00+00:00,2241.6,82.43,339.1,13.98,368.0,17.5,594.6,0.0648,1.03,129.8,219.8,13.2
2025-05-30T06:40:00+00:00,2136.5,80.37,346.3,13.74,405.4,20.8,574.9,0.0609,1.00,129.8,219.8,13.1
2025-05-30T06:41:00+00:00,2081.3,81.55,348.6,14.06,389.6,20.3,617.1,0.0605,0.99,129.8,219.8,11.3
2025-05-30T06:42:00+00:00,2185.4,84.77,346.4,14.00,389.1,17.4,565.2,0.0613,1.00,129.8,219.8,11.2
2025-05-30T06:43:00+00:00,2298.5,81.31,361.1,13.69,391.5,19.0,626.6,0.0692,1.06,129.8,219.8,14.8
2025-05-30T06:44:00+00:00,1926.4,82.89,356.2,13.88,385.2,19.5,578.6,0.0606,1.07,129.8,219.8,13.6
2025-05-30T06:45:00+00:00,1835.8,81.66,359.1,13.75,385.4,19.8,593.0,0.0587,0.93,129.8,219.8,14.8
2025-05-30T06:46:00+00:00,2060.4,82.01,352.2,13.92,375.2,18.3,556.6,0.0648,0.91,129.8,219.8,12.2
2025-05-30T06:47:00+00:00,1950.1,81.28,349.5,13.68,414.8,20.1,584.1,0.0604,1.02,129.8,219.8,13.9
2025-05-30T06:48:00+00:00,1877.0,82.54,344.6,13.81,378.7,19.2,655.0,0.0599,0.96,129.8,219.8,13.6
2025-05-30T06:49:00+00:00,2011.9,82.67,348.5,13.66,371.7,18.8,576.0,0.0684,0.97,129.8,219.8,12.6
2025-05-30T06:50:00+00:00,1922.3,83.05,352.8,13.64,370.1,18.6,605.8,0.0598,0.91,129.8,219.8,12.3
2025-05-30T06:51:00+00:00,2304.7,82.51,355.4,13.77,375.8,16.5,619.4,0.0618,1.00,129.8,219.8,12.2
2025-05-30T06:52:00+00:00,1812.5,79.05,358.7,13.72,383.6,17.3,537.6,0.0595,1.02,129.8,219.8,12.7
2025-05-30T06:53:00+00:00,2143.5,82.06,341.2,13.51,387.5,17.6,568.5,0.0612,1.03,129.8,219.8,13.2
2025-05-30T06:54:00+00:00,1914.3,83.43,359.7,13.57,383.0,20.6,567.1,0.0615,0.95,129.8,219.8,14.6
2025-05-30T06:55:00+00:00,2092.2,80.51,355.9,13.94,399.7,18.3,556.9,0.0612,0.95,129.8,219.8,13.5
2025-05-30T06:56:00+00:00,2078.5,83.69,347.0,13.84,392.1,19.0,634.2,0.0608,1.02,129.8,219.8,13.8
2025-05-30T06:57:00+00:00,1910.7,82.58,363.2,13.78,386.7,19.4,638.0,0.0622,0.97,129.8,219.8,10.8
2025-05-30T06:58:00+00:00,1921.2,83.03,361.7,13.93,392.8,16.2,574.9,0.0708,0.94,129.8,219.8,12.7
2025-05-30T06:59:00+00:00,1947.2,80.92,344.4,13.77,354.1,15.4,632.7,0.0608,1.08,129.8,219.8,13.1
2025-05-30T07:00:00+00:00,2130.5,83.15,352.1,13.66,380.6,19.0,647.3,0.0607,0.98,129.8,219.8,14.1
2025-05-30T07:01:00+00:00,1928.6,81.49,347.7,13.74,397.2,21.0,570.9,0.0594,0.97,129.8,219.8,14.6
2025-05-30T07:02:00+00:00,2395.5,85.46,353.3,13.57,394.1,18.7,640.4,0.0666,0.99,129.8,219.8,11.9
2025-05-30T07:03:00+00:00,2035.4,80.52,363.1,13.50,374.2,17.8,643.7,0.0626,1.02,129.8,219.8,14.9
2025-05-30T07:04:00+00:00,2060.1,79.97,347.0,13.84,379.5,17.9,611.7,0.0634,0.98,129.8,219.8,12.4
2025-05-30T07:05:00+00:00,2077.6,80.30,351.5,13.63,377.3,21.3,589.3,0.0610,1.04,129.8,219.8,14.6
2025-05-30T07:06:00+00:00,2131.1,84.24,343.8,13.76,404.6,19.2,642.5,0.0613,1.04,129.8,219.8,12.9
2025-05-30T07:07:00+00:00,1745.6,78.69,359.1,13.62,361.6,20.7,638.3,0.0618,1.03,129.8,219.8,13.7
2025-05-30T07:08:00+00:00,2059.8,81.45,370.9,13.75,372.2,20.5,621.9,0.0608,1.03,129.8,219.8,11.6
2025-05-30T07:09:00+00:00,2418.8,82.44,344.9,13.93,432.1,19.6,649.7,0.0717,0.95,129.8,219.8,11.8
2025-05-30T07:10:00+00:00,2007.8,83.83,358.8,13.58,366.9,17.9,605.7,0.0597,0.95,129.8,219.8,13.3
2025-05-30T07:11:00+00:00,2007.8,80.40,350.2,13.56,396.8,15.8,551.5,0.0620,0.97,129.8,219.8,14.3
2025-05-30T07:12:00+00:00,2073.6,84.14,347.6,13.79,393.1,20.6,602.9,0.0686,1.06,129.8,219.8,14.3
2025-05-30T07:13:00+00:00,1965.6,79.98,357.4,13.91,378.5,18.0,646.7,0.0593,0.93,129.8,219.8,13.3
2025-05-30T07:14:00+00:00,1970.9,79.60,346.6,13.77,367.7,18.5,557.0,0.0638,0.99,129.8,219.8,13.3
2025-05-30T07:15:00+00:00,1988.7,85.38,347.5,14.05,391.4,17.8,641.9,0.0601,0.99,129.8,219.8,11.9
2025-05-30T07:16:00+00:00,1966.9,81.61,337.4,13.71,403.0,17.5,621.5,0.0600,0.99,129.8,219.8,15.5
2025-05-30T07:17:00+00:00,1890.4,81.53,359.9,13.92,374.6,17.6,628.4,0.0625,1.05,129.8,219.8,13.7
2025-05-30T07:18:00+00:00,1943.4,82.42,343.6,13.82,375.2,20.3,609.5,0.0607,1.08,129.8,219.8,13.0
2025-05-30T07:19:00+00:00,2062.7,82.06,345.2,13.68,371.0,20.0,563.7,0.0623,1.05,129.8,219.8,13.7
2025-05-30T07:20:00+00:00,2112.3,80.16,353.5,13.81,379.7,18.2,615.0,0.0607,0.99,129.8,219.8,12.6
2025-05-30T07:21:00+00:00,2207.1,83.68,347.5,13.57,396.0,18.1,636.9,0.0611,0.98,129.8,219.8,12.3
2025-05-30T07:22:00+00:00,1984.9,82.34,364.8,13.76,393.5,20.5,640.4,0.0603,1.01,129.8,219.8,14.6
2025-05-30T07:23:00+00:00,2061.8,82.95,347.6,14.18,394.1,17.7,618.2,0.0612,1.02,129.8,219.8,12.5
2025-05-30T07:24:00+00:00,2048.6,80.64,355.0,13.98,376.3,18.6,584.8,0.0614,1.01,129.8,219.8,13.6
2025-05-30T07:25:00+00:00,1818.0,80.54,358.9,13.70,374.7,15.5,652.4,0.0707,1.08,129.8,219.8,14.3
2025-05-30T07:26:00+00:00,1828.4,81.58,340.1,13.62,390.8,18.4,621.9,0.0588,0.95,129.8,219.8,12.2
2025-05-30T07:27:00+00:00,1970.7,83.67,354.6,13.66,356.7,20.0,550.3,0.0636,0.97,129.8,219.8,12.6
2025-05-30T07:28:00+00:00,1997.5,82.33,357.1,13.73,386.2,16.6,583.8,0.0667,1.01,129.8,219.8,12.3
2025-05-30T07:29:00+00:00,1899.1,82.07,348.1,13.94,375.4,17.9,597.0,0.0682,1.02,129.8,219.8,12.7
2025-05-30T07:30:00+00:00,1987.8,82.69,355.3,13.93,385.8,18.7,577.7,0.0624,1.01,129.8,219.8,11.9
2025-05-30T07:31:00+00:00,1961.1,81.70,356.0,13.73,377.5,16.1,651.9,0.0604,1.05,129.8,219.8,14.5
2025-05-30T07:32:00+00:00,1865.9,80.92,361.5,13.82,369.6,19.1,554.7,0.0607,1.11,129.8,219.8,13.0
2025-05-30T07:33:00+00:00,1901.6,82.45,340.7,13.81,367.0,19.8,567.7,0.0603,1.05,129.8,219.8,12.7
2025-05-30T07:34:00+00:00,1990.4,82.88,352.4,13.69,373.1,21.1,570.2,0.0639,0.99,129.8,219.8,12.3
2025-05-30T07:35:00+00:00,2040.6,80.43,351.2,13.69,374.8,21.6,659.0,0.0660,1.01,129.8,219.8,13.9
2025-05-30T07:36:00+00:00,2005.4,82.93,336.6,13.55,388.1,20.1,680.0,0.0667,0.96,129.8,219.8,13.7
2025-05-30T07:37:00+00:00,2027.6,81.02,342.2,13.74,398.5,20.5,589.4,0.0612,1.00,129.8,219.8,13.7
2025-05-30T07:38:00+00:00,2188.0,83.92,342.8,13.91,399.2,20.3,629.7,0.0678,1.03,129.8,219.8,12.2
2025-05-30T07:39:00+00:00,2012.5,80.70,353.9,13.72,375.3,18.8,658.5,0.0762,1.02,129.8,219.8,12.1
2025-05-30T07:40:00+00:00,2001.0,81.68,339.4,14.04,382.4,19.0,632.1,0.0602,1.00,129.8,219.8,13.4
2025-05-30T07:41:00+00:00,2122.5,80.56,346.1,13.79,399.5,19.4,588.4,0.0653,0.98,129.8,219.8,12.2
2025-05-30T07:42:00+00:00,2038.2,81.43,334.5,13.75,381.9,21.1,567.5,0.0607,1.03,129.8,219.8,14.3
2025-05-30T07:43:00+00:00,1918.9,82.44,362.9,13.59,392.9,19.7,596.8,0.0666,1.02,129.8,219.8,13.6
2025-05-30T07:44:00+00:00,2025.5,81.60,348.4,13.81,383.3,16.9,631.6,0.0610,0.88,129.8,219.8,11.9
2025-05-30T07:45:00+00:00,1731.6,80.65,347.0,13.75,388.9,16.5,616.4,0.0584,0.96,129.8,219.8,13.8
2025-05-30T07:46:00+00:00,1961.8,80.54,357.1,13.60,374.4,16.0,622.5,0.0597,0.98,129.8,219.8,14.3
2025-05-30T07:47:00+00:00,2036.9,81.67,346.4,14.06,370.0,15.8,653.5,0.0604,1.01,129.8,219.8,13.0
2025-05-30T07:48:00+00:00,2074.6,82.21,344.2,13.75,375.8,19.4,616.0,0.0612,1.03,129.8,219.8,12.9
2025-05-30T07:49:00+00:00,2239.0,82.14,343.5,13.71,397.9,19.7,623.3,0.0615,1.00,129.8,219.8,12.9
2025-05-30T07:50:00+00:00,1911.7,81.44,379.1,13.88,381.2,19.2,543.5,0.0596,0.97,129.8,219.8,14.0
2025-05-30T07:51:00+00:00,986.0,80.06,355.3,13.59,361.8,18.1,511.1,0.0550,1.00,129.8,219.8,12.1
2025-05-30T07:52:00+00:00,897.5,78.95,357.6,13.76,340.3,19.1,529.4,0.0552,1.07,129.8,219.8,12.8
2025-05-30T07:53:00+00:00,931.4,78.12,358.0,13.69,337.7,17.5,534.4,0.0548,1.03,129.8,219.8,13.4
2025-05-30T07:54:00+00:00,981.9,80.83,360.8,13.80,359.0,19.4,499.4,0.0540,0.93,129.8,219.8,12.0
2025-05-30T07:55:00+00:00,911.2,76.48,343.8,13.81,345.9,19.3,578.1,0.0554,1.05,129.8,219.8,9.5
2025-05-30T07:56:00+00:00,914.7,79.44,361.9,13.92,348.6,17.4,535.7,0.0578,1.06,129.8,219.8,15.9
2025-05-30T07:57:00+00:00,1060.7,78.87,355.1,13.79,354.3,20.1,532.9,0.0556,1.05,129.8,219.8,13.0
2025-05-30T07:58:00+00:00,1281.8,79.40,364.2,13.47,368.6,14.8,553.4,0.0605,1.03,129.8,219.8,13.6
2025-05-30T07:59:00+00:00,1092.5,81.38,369.1,13.68,346.9,20.9,555.8,0.0560,1.06,129.8,219.8,13.1
2025-05-30T14:00:00+00:00,843.3,74.93,351.4,13.87,317.9,19.0,531.9,0.0541,1.01,129.8,219.8,13.7
2025-05-30T14:01:00+00:00,957.7,77.79,348.8,14.02,354.5,17.6,558.8,0.0608,1.02,129.8,219.8,14.1
2025-05-30T14:02:00+00:00,898.4,83.70,357.7,13.89,341.1,19.0,556.0,0.0552,1.00,129.8,219.8,12.1
2025-05-30T14:03:00+00:00,1055.9,77.96,365.2,13.39,345.8,18.3,611.4,0.0548,0.97,129.8,219.8,11.6
2025-05-30T14:04:00+00:00,1031.2,76.90,366.9,13.73,365.9,19.5,527.5,0.0599,0.94,129.8,219.8,13.9
2025-05-30T14:05:00+00:00,978.8,77.44,358.3,13.52,329.4,18.8,488.2,0.0573,1.01,129.8,219.8,13.4
2025-05-30T14:06:00+00:00,969.8,78.81,347.0,13.83,361.7,19.6,583.4,0.0545,0.99,129.8,219.8,12.0
2025-05-30T14:07:00+00:00,937.6,79.69,358.7,13.78,367.1,21.1,524.9,0.0542,0.96,129.8,219.8,12.5
2025-05-30T14:08:00+00:00,1024.7,81.17,362.5,13.66,339.0,19.4,544.9,0.0600,0.93,129.8,219.8,12.4
2025-05-30T14:09:00+00:00,865.1,77.38,350.5,13.88,336.7,16.1,494.9,0.0544,1.04,129.8,219.8,12.2
2025-05-30T14:10:00+00:00,1116.2,78.87,352.6,13.76,334.1,17.8,513.6,0.0609,0.99,129.8,219.8,11.8
2025-05-30T14:11:00+00:00,990.2,78.01,361.3,13.85,364.4,19.6,554.6,0.0672,1.01,129.8,219.8,13.9
2025-05-30T14:12:00+00:00,2178.5,84.52,346.6,13.91,385.4,16.6,580.5,0.0623,1.11,129.8,219.8,13.6
2025-05-30T14:13:00+00:00,2178.8,81.88,361.6,13.74,371.6,16.7,625.1,0.0613,1.01,129.8,219.8,12.9
2025-05-30T14:14:00+00:00,1655.7,84.37,346.0,13.78,356.5,18.3,566.3,0.0594,1.08,129.8,219.8,14.9
2025-05-30T14:15:00+00:00,2025.7,81.91,357.4,13.81,380.6,22.6,621.7,0.0608,1.04,129.8,219.8,13.4
2025-05-30T14:16:00+00:00,1954.8,79.32,364.3,13.64,385.8,18.7,660.4,0.0683,1.00,129.8,219.8,13.7
2025-05-30T14:17:00+00:00,2013.2,82.37,340.9,13.80,385.5,18.2,592.2,0.0610,1.07,129.8,219.8,13.3
2025-05-30T14:18:00+00:00,2069.7,83.12,345.8,13.68,368.7,17.8,595.4,0.0602,0.96,129.8,219.8,13.0
2025-05-30T14:19:00+00:00,2153.2,82.86,328.6,13.91,385.3,17.2,602.5,0.0620,0.98,129.8,219.8,14.0
2025-05-30T14:20:00+00:00,1948.7,80.61,332.7,13.84,378.9,19.9,596.1,0.0608,1.02,129.8,219.8,15.3
2025-05-30T14:21:00+00:00,2036.6,84.67,356.3,13.91,394.4,17.0,590.2,0.0602,0.98,129.8,219.8,14.0
2025-05-30T14:22:00+00:00,1890.0,80.52,338.2,13.96,372.1,17.3,597.9,0.0596,1.01,129.8,219.8,11.5
2025-05-30T14:23:00+00:00,1838.4,79.69,363.5,13.75,382.6,18.9,628.4,0.0606,1.01,129.8,219.8,13.9
2025-05-30T14:24:00+00:00,1831.8,81.77,354.1,13.58,392.3,19.9,617.4,0.0591,0.97,129.8,219.8,15.1
2025-05-30T14:25:00+00:00,1958.7,79.91,349.7,13.79,398.0,20.2,666.0,0.0617,0.97,129.8,219.8,12.9
2025-05-30T14:26:00+00:00,1978.1,81.58,354.4,13.74,380.1,19.6,620.8,0.0603,1.03,129.8,219.8,13.6
2025-05-30T14:27:00+00:00,2049.7,86.20,350.3,13.84,384.5,18.6,583.6,0.0601,0.95,129.8,219.8,11.7
2025-05-30T14:28:00+00:00,1934.8,80.95,362.6,13.83,377.0,19.7,579.3,0.0620,1.00,129.8,219.8,13.2
2025-05-30T14:29:00+00:00,2114.1,82.69,344.3,13.84,400.4,20.3,558.9,0.0617,1.08,129.8,219.8,10.9
2025-05-30T14:30:00+00:00,1962.3,81.11,346.7,13.88,388.1,19.5,621.7,0.0700,1.01,129.8,219.8,13.2
2025-05-30T14:31:00+00:00,1788.4,79.63,364.4,13.74,367.3,18.1,638.9,0.0591,1.01,129.8,219.8,13.0
2025-05-30T14:32:00+00:00,2193.5,81.99,347.3,13.83,405.8,18.1,623.9,0.0645,0.96,129.8,219.8,12.0
2025-05-30T14:33:00+00:00,1767.3,80.74,350.9,13.77,375.0,21.3,620.8,0.0583,0.94,129.8,219.8,12.6
2025-05-30T14:34:00+00:00,1889.1,79.86,354.6,13.90,393.6,18.6,646.9,0.0590,0.94,129.8,219.8,14.4
2025-05-30T14:35:00+00:00,2214.0,82.23,339.6,13.65,389.7,21.0,615.5,0.0695,1.11,129.8,219.8,12.4
2025-05-30T14:36:00+00:00,1968.2,82.60,349.9,14.03,363.5,18.6,606.5,0.0601,1.02,129.8,219.8,13.0
2025-05-30T14:37:00+00:00,1883.1,80.74,340.3,13.76,361.8,16.4,629.4,0.0682,1.04,129.8,219.8,13.3
2025-05-30T14:38:00+00:00,2105.1,83.62,362.0,13.80,369.5,18.0,573.1,0.0609,1.01,129.8,219.8,11.9
2025-05-30T14:39:00+00:00,2153.6,82.42,343.0,13.63,370.8,21.2,564.9,0.0610,0.99,129.8,219.8,13.7
2025-05-30T14:40:00+00:00,2065.5,79.00,342.1,13.70,384.0,19.0,600.6,0.0600,0.97,129.8,219.8,13.7
2025-05-30T14:41:00+00:00,1757.8,78.00,346.0,13.61,373.7,20.0,643.1,0.0582,0.93,129.8,219.8,13.0
2025-05-30T14:42:00+00:00,1905.0,82.06,350.5,13.94,373.1,19.7,536.8,0.0600,1.04,129.8,219.8,13.2
2025-05-30T14:43:00+00:00,2049.6,83.62,345.7,13.95,396.2,19.6,598.4,0.0621,1.01,129.8,219.8,12.5
2025-05-30T14:44:00+00:00,1885.2,82.66,345.7,13.75,369.9,16.3,569.9,0.0593,0.98,129.8,219.8,12.1
2025-05-30T14:45:00+00:00,2030.8,78.74,352.6,13.94,376.2,16.4,614.1,0.0604,1.01,129.8,219.8,12.4
2025-05-30T14:46:00+00:00,1969.3,82.29,344.5,13.98,390.9,18.7,653.6,0.0633,1.09,129.8,219.8,13.2
2025-05-30T14:47:00+00:00,2178.3,86.07,346.3,13.91,394.2,16.5,640.2,0.0638,0.93,129.8,219.8,14.3
2025-05-30T14:48:00+00:00,1780.2,80.53,341.7,13.88,365.0,15.7,632.0,0.0589,0.99,129.8,219.8,11.6
2025-05-30T14:49:00+00:00,2229.9,80.83,327.1,13.98,368.1,19.6,589.4,0.0642,1.09,129.8,219.8,15.3
2025-05-30T14:50:00+00:00,2028.5,80.53,347.5,13.81,408.3,17.4,567.2,0.0620,1.14,129.8,219.8,14.0
2025-05-30T14:51:00+00:00,1876.3,80.87,355.9,13.70,343.4,15.4,578.2,0.0595,1.00,129.8,219.8,11.0
2025-05-30T14:52:00+00:00,2016.1,79.01,337.3,13.87,398.3,19.0,589.6,0.0597,0.93,129.8,219.8,14.4
2025-05-30T14:53:00+00:00,1855.3,81.96,352.3,13.88,355.7,20.1,599.2,0.0603,1.02,129.8,219.8,14.0
2025-05-30T14:54:00+00:00,2110.9,82.66,352.4,14.02,385.4,18.6,630.2,0.0607,0.99,129.8,219.8,14.0
2025-05-30T14:55:00+00:00,1933.9,80.95,329.0,13.98,379.1,17.0,600.9,0.0663,1.20,129.8,219.8,14.7
2025-05-30T14:56:00+00:00,1959.4,83.24,365.9,13.84,384.5,20.7,564.0,0.0689,1.11,129.8,219.8,15.1
2025-05-30T14:57:00+00:00,2352.4,85.88,364.3,13.67,387.4,19.5,645.7,0.0626,1.04,129.8,219.8,12.5
2025-05-30T14:58:00+00:00,2246.6,82.89,356.6,14.02,392.6,19.1,632.5,0.0644,1.07,129.8,219.8,13.3
2025-05-30T14:59:00+00:00,2538.2,86.33,339.9,13.63,401.2,23.0,602.8,0.0640,1.10,129.8,219.8,12.6
2025-05-30T15:00:00+00:00,2070.0,81.71,351.3,13.69,365.7,18.8,597.1,0.0611,1.05,129.8,219.8,13.1
2025-05-30T15:01:00+00:00,1742.0,82.50,353.8,13.82,373.9,17.3,587.4,0.0619,0.98,129.8,219.8,14.8
2025-05-30T15:02:00+00:00,1811.0,80.90,351.8,13.78,358.6,19.0,598.4,0.0589,0.96,129.8,219.8,13.5
2025-05-30T15:03:00+00:00,2563.6,85.77,366.1,13.63,414.7,17.3,617.6,0.0634,1.01,129.8,219.8,14.4
2025-05-30T15:04:00+00:00,2485.0,83.30,344.1,13.73,398.6,20.6,653.7,0.0633,1.06,129.8,219.8,13.2
2025-05-30T15:05:00+00:00,2029.1,85.58,348.3,13.65,405.1,19.5,632.4,0.0618,1.13,129.8,219.8,13.5
2025-05-30T15:06:00+00:00,2075.6,83.57,350.5,13.91,389.2,20.6,571.0,0.0694,1.00,129.8,219.8,13.3
2025-05-30T15:07:00+00:00,2369.0,82.53,348.6,13.56,374.9,18.3,580.4,0.0629,1.06,129.8,219.8,12.6
2025-05-30T15:08:00+00:00,2403.2,83.45,346.0,13.72,407.4,17.7,577.0,0.0662,0.90,129.8,219.8,11.4
2025-05-30T15:09:00+00:00,1855.3,80.84,351.0,13.54,373.5,16.6,593.5,0.0644,1.02,129.8,219.8,14.5
2025-05-30T15:10:00+00:00,2443.5,84.56,340.6,13.90,376.6,17.6,611.4,0.0634,1.06,129.8,219.8,13.0
2025-05-30T15:11:00+00:00,2093.8,83.04,331.3,14.01,390.2,19.3,650.5,0.0606,0.99,129.8,219.8,13.0
2025-05-30T15:12:00+00:00,2506.9,83.87,349.0,13.90,427.5,17.9,657.4,0.0632,0.91,129.8,219.8,10.3
2025-05-30T15:13:00+00:00,2084.4,84.96,345.4,13.68,378.7,19.5,619.2,0.0660,0.99,129.8,219.8,14.7
2025-05-30T15:14:00+00:00,2605.2,81.93,351.8,13.66,407.3,16.0,634.7,0.0638,1.04,129.8,219.8,12.1
2025-05-30T15:15:00+00:00,1915.6,80.37,350.9,13.57,398.0,19.0,583.6,0.0606,1.06,129.8,219.8,12.3
2025-05-30T15:16:00+00:00,2095.4,80.27,365.0,13.74,378.5,16.4,616.9,0.0602,0.94,129.8,219.8,11.2
2025-05-30T15:17:00+00:00,2191.7,83.06,339.0,13.97,397.1,20.4,623.3,0.0613,1.00,129.8,219.8,12.3
2025-05-30T15:18:00+00:00,2505.0,82.96,350.2,13.48,400.6,21.3,634.2,0.0683,1.00,129.8,219.8,13.1
2025-05-30T15:19:00+00:00,2258.2,83.13,347.5,13.70,367.0,18.5,611.2,0.0609,0.94,129.8,219.8,14.6
2025-05-30T15:20:00+00:00,2107.5,81.54,353.0,13.71,383.9,19.4,665.9,0.0603,0.97,129.8,219.8,12.0
2025-05-30T15:21:00+00:00,1819.6,78.57,351.9,13.82,361.7,18.7,612.5,0.0604,1.11,129.8,219.8,13.4
2025-05-30T15:22:00+00:00,2033.5,80.37,346.7,13.93,397.1,19.5,599.9,0.0679,1.02,129.8,219.8,13.4
2025-05-30T15:23:00+00:00,2070.4,80.85,339.6,13.85,394.8,19.3,579.9,0.0658,1.00,129.8,219.8,12.0
2025-05-30T15:24:00+00:00,2201.9,83.72,339.1,13.81,390.1,21.5,593.4,0.0640,0.97,129.8,219.8,13.1
2025-05-30T15:25:00+00:00,1994.6,83.68,355.2,13.88,397.2,17.5,665.9,0.0602,1.00,129.8,219.8,12.9
2025-05-30T15:26:00+00:00,2056.1,82.59,345.7,13.90,412.7,19.5,623.5,0.0656,1.03,129.8,219.8,12.9
2025-05-30T15:27:00+00:00,2077.7,82.16,351.0,13.92,365.5,19.0,557.0,0.0662,0.91,129.8,219.8,15.1
2025-05-30T15:28:00+00:00,2098.9,84.52,355.3,13.99,374.8,20.3,626.9,0.0609,1.02,129.8,219.8,13.9
2025-05-30T15:29:00+00:00,2069.6,83.93,362.3,13.78,392.0,19.2,629.4,0.0601,0.94,129.8,219.8,13.8
2025-05-30T15:30:00+00:00,2015.0,81.82,347.1,13.62,362.1,17.8,614.6,0.0601,0.99,129.8,219.8,15.2
2025-05-30T15:31:00+00:00,1694.6,81.17,336.0,13.55,367.8,17.9,609.5,0.0589,0.89,129.8,219.8,14.3
2025-05-30T15:32:00+00:00,2041.8,82.67,349.0,13.97,382.0,17.3,619.6,0.0603,1.00,129.8,219.8,13.1
2025-05-30T15:33:00+00:00,2229.4,82.96,347.4,13.97,376.5,20.3,615.3,0.0615,1.02,129.8,219.8,13.5
2025-05-30T15:34:00+00:00,1909.3,81.87,355.7,13.87,403.8,19.7,607.4,0.0734,1.08,129.8,219.8,13.2
2025-05-30T15:35:00+00:00,2151.3,82.96,356.8,13.91,367.2,18.3,654.1,0.0613,1.02,129.8,219.8,14.2
2025-05-30T15:36:00+00:00,2003.2,81.70,347.5,13.88,400.7,18.9,552.0,0.0645,0.94,129.8,219.8,13.0
2025-05-30T15:37:00+00:00,1905.1,82.59,358.9,13.81,364.0,20.1,586.8,0.0655,1.03,129.8,219.8,14.0
2025-05-30T15:38:00+00:00,2169.6,82.41,356.5,13.75,385.5,16.9,592.5,0.0691,0.98,129.8,219.8,12.3
2025-05-30T15:39:00+00:00,2004.2,84.70,340.2,13.82,392.0,17.1,624.3,0.0637,1.05,129.8,219.8,12.4
2025-05-30T15:40:00+00:00,1986.7,79.91,366.8,13.70,386.6,18.6,595.1,0.0598,0.96,129.8,219.8,13.2
2025-05-30T15:41:00+00:00,2122.1,82.71,342.8,13.65,386.6,18.7,641.5,0.0614,1.06,129.8,219.8,14.6
2025-05-30T15:42:00+00:00,1889.7,80.37,345.4,13.69,383.7,19.6,618.8,0.0610,1.14,129.8,219.8,13.0
2025-05-30T15:43:00+00:00,1940.5,83.02,338.6,13.90,379.5,20.0,536.0,0.0599,0.98,129.8,219.8,12.6
2025-05-30T15:44:00+00:00,2178.9,85.21,344.1,14.01,410.9,21.4,631.4,0.0616,1.04,129.8,219.8,13.6
2025-05-30T15:45:00+00:00,2159.5,83.61,349.2,13.59,382.3,19.6,568.8,0.0620,1.09,129.8,219.8,14.2
2025-05-30T15:46:00+00:00,1889.8,80.16,351.1,13.80,394.0,20.1,624.9,0.0603,1.06,129.8,219.8,13.9
2025-05-30T15:47:00+00:00,2027.0,83.83,351.2,13.68,391.5,18.7,571.1,0.0708,1.00,129.8,219.8,12.7
2025-05-30T15:48:00+00:00,2034.3,81.93,348.8,13.71,377.9,20.2,612.8,0.0611,0.94,129.8,219.8,14.2
2025-05-30T15:49:00+00:00,2092.4,81.41,360.8,13.87,377.0,20.1,673.7,0.0620,0.98,129.8,219.8,14.1
2025-05-30T15:50:00+00:00,2200.9,84.44,346.1,13.81,417.0,16.9,668.5,0.0647,1.00,129.8,219.8,14.5
2025-05-30T15:51:00+00:00,1956.1,83.07,347.2,13.94,396.0,19.5,643.1,0.0597,0.98,129.8,219.8,13.3
2025-05-30T15:52:00+00:00,2156.1,80.86,343.6,13.93,395.3,18.7,612.2,0.0639,0.98,129.8,219.8,14.5
2025-05-30T15:53:00+00:00,2140.9,84.47,340.2,14.00,388.8,17.8,572.2,0.0634,0.92,129.8,219.8,13.1
2025-05-30T15:54:00+00:00,1886.3,81.92,352.7,14.05,366.9,19.7,596.0,0.0677,1.05,129.8,219.8,13.2
2025-05-30T15:55:00+00:00,1818.6,80.42,347.9,13.92,387.8,17.9,619.8,0.0678,0.97,129.8,219.8,13.9
2025-05-30T15:56:00+00:00,1963.1,80.96,350.7,13.68,364.7,18.9,597.9,0.0602,1.01,129.8,219.8,14.2
2025-05-30T15:57:00+00:00,2031.1,81.81,330.9,13.88,381.8,17.9,599.9,0.0596,0.93,129.8,219.8,13.1
2025-05-30T15:58:00+00:00,1947.0,84.96,358.7,13.91,386.7,17.8,593.5,0.0657,1.06,129.8,219.8,13.0
2025-05-30T15:59:00+00:00,1973.0,82.25,344.4,13.77,382.3,20.6,572.7,0.0613,1.05,129.8,219.8,13.4
2025-05-30T16:00:00+00:00,2124.8,82.50,353.3,13.83,388.8,18.5,604.8,0.0606,0.97,129.8,219.8,11.7
2025-05-30T16:01:00+00:00,1963.9,80.91,347.2,14.03,385.1,17.5,607.8,0.0651,1.05,129.8,219.8,16.0
2025-05-30T16:02:00+00:00,1850.2,80.92,353.9,13.90,399.8,18.1,554.2,0.0658,0.97,129.8,219.8,12.7
2025-05-30T16:03:00+00:00,1997.7,80.68,342.2,14.27,370.6,20.7,629.0,0.0608,0.99,129.8,219.8,13.1
2025-05-30T16:04:00+00:00,1972.0,84.22,352.1,13.42,386.9,18.5,601.6,0.0603,1.01,129.8,219.8,13.1
2025-05-30T16:05:00+00:00,1950.8,78.39,358.0,13.88,386.1,18.8,584.5,0.0655,1.06,129.8,219.8,13.0
2025-05-30T16:06:00+00:00,2227.8,81.75,338.7,13.81,377.2,19.2,663.2,0.0688,0.92,129.8,219.8,13.7
2025-05-30T16:07:00+00:00,933.2,81.57,345.0,13.65,341.4,17.7,572.7,0.0583,1.02,129.8,219.8,12.0
2025-05-30T16:08:00+00:00,1042.1,79.48,366.8,13.79,350.8,21.0,618.2,0.0592,1.02,129.8,219.8,14.4
2025-05-30T16:09:00+00:00,978.7,78.41,359.6,13.99,336.4,17.7,547.0,0.0598,1.04,129.8,219.8,14.0
2025-05-30T16:10:00+00:00,869.9,78.02,363.2,13.86,342.4,18.3,535.1,0.0548,1.08,129.8,219.8,11.8
2025-05-30T16:11:00+00:00,1066.7,77.69,345.6,13.78,333.2,18.2,561.7,0.0597,1.06,129.8,219.8,13.4
2025-05-30T16:12:00+00:00,853.6,77.82,361.4,13.65,344.9,18.9,559.7,0.0544,1.03,129.8,219.8,12.8
2025-05-30T16:13:00+00:00,1018.3,78.12,369.3,13.73,357.8,18.6,580.5,0.0547,0.98,129.8,219.8,11.3
2025-05-30T16:14:00+00:00,986.9,79.56,347.6,13.94,350.0,19.8,583.5,0.0565,0.98,129.8,219.8,11.3
2025-05-30T16:15:00+00:00,869.5,81.35,344.2,13.85,329.2,19.8,555.6,0.0578,1.03,129.8,219.8,13.2
2025-05-30T16:16:00+00:00,1021.7,77.50,341.5,13.72,353.6,19.2,571.4,0.0626,1.10,129.8,219.8,11.8
2025-05-30T16:17:00+00:00,833.2,76.97,356.3,13.76,323.7,20.9,574.7,0.0533,0.94,129.8,219.8,14.4
2025-05-31T06:00:00+00:00,1105.3,79.87,361.4,13.81,357.5,20.2,570.4,0.0528,0.73,42.1,312.1,11.7
2025-05-31T06:01:00+00:00,917.5,78.28,360.9,13.82,346.9,16.7,579.9,0.0596,0.91,42.1,312.1,12.4
2025-05-31T06:02:00+00:00,1061.4,77.60,357.9,13.60,349.1,17.2,517.8,0.0596,0.76,42.1,312.1,10.9
2025-05-31T06:03:00+00:00,965.6,76.48,351.3,13.80,353.4,16.8,562.8,0.0604,0.85,42.1,312.1,12.1
2025-05-31T06:04:00+00:00,942.9,79.43,358.5,13.57,328.5,16.2,571.4,0.0529,0.83,42.1,312.1,11.3
2025-05-31T06:05:00+00:00,928.5,81.35,358.6,13.68,346.0,21.9,570.3,0.0535,0.92,42.1,312.1,12.1
2025-05-31T06:06:00+00:00,987.0,77.30,376.0,13.84,346.0,19.8,573.1,0.0534,0.86,42.1,312.1,14.0
2025-05-31T06:07:00+00:00,986.9,81.00,357.6,13.63,353.8,19.8,595.5,0.0534,0.86,42.1,312.1,10.3
2025-05-31T06:08:00+00:00,1115.5,79.70,353.2,13.81,334.1,16.5,597.3,0.0533,0.80,42.1,312.1,10.5
2025-05-31T06:09:00+00:00,926.0,80.36,357.4,13.89,337.3,18.2,581.8,0.0531,0.86,42.1,312.1,12.5
2025-05-31T06:10:00+00:00,880.3,79.37,357.1,13.78,363.6,17.7,581.6,0.0603,0.86,42.1,312.1,11.4
2025-05-31T06:11:00+00:00,709.6,76.03,348.1,13.95,345.9,17.7,598.1,0.0515,0.80,42.1,312.1,10.2
2025-05-31T06:12:00+00:00,989.0,79.14,358.4,13.79,338.9,17.5,538.1,0.0552,0.89,42.1,312.1,12.5
2025-05-31T06:13:00+00:00,1012.0,78.28,355.6,13.96,343.8,20.3,565.4,0.0534,0.86,42.1,312.1,12.6
2025-05-31T06:14:00+00:00,2111.1,83.14,344.3,13.66,396.8,20.1,585.6,0.0590,0.82,42.1,312.1,11.9
2025-05-31T06:15:00+00:00,1998.1,80.46,350.5,13.88,400.7,20.4,644.0,0.0585,0.82,42.1,312.1,11.7
2025-05-31T06:16:00+00:00,1856.1,83.21,347.1,13.68,384.3,19.4,613.0,0.0573,0.79,42.1,312.1,12.1
2025-05-31T06:17:00+00:00,2026.3,85.15,363.3,13.85,374.3,19.2,595.6,0.0585,0.81,42.1,312.1,12.2
2025-05-31T06:18:00+00:00,1921.2,80.52,357.8,13.68,387.9,20.9,593.8,0.0587,0.88,42.1,312.1,11.2
2025-05-31T06:19:00+00:00,2066.5,81.49,350.3,13.55,389.3,19.4,588.9,0.0584,0.81,42.1,312.1,10.8
2025-05-31T06:20:00+00:00,2060.2,81.59,343.1,13.78,394.7,18.9,576.8,0.0586,0.81,42.1,312.1,11.1
2025-05-31T06:21:00+00:00,2135.7,79.76,349.7,13.72,353.6,21.0,619.0,0.0578,0.70,42.1,312.1,14.6
2025-05-31T06:22:00+00:00,2008.1,80.70,350.6,13.77,380.3,19.5,667.9,0.0589,0.86,42.1,312.1,11.8
2025-05-31T06:23:00+00:00,2260.7,81.74,355.3,13.98,393.4,15.3,584.3,0.0631,0.85,42.1,312.1,11.4
2025-05-31T06:24:00+00:00,2125.5,81.85,345.8,14.00,387.7,22.1,624.1,0.0607,0.83,42.1,312.1,12.5
2025-05-31T06:25:00+00:00,2004.0,81.03,350.7,13.90,389.6,19.3,587.0,0.0585,0.84,42.1,312.1,12.5
2025-05-31T06:26:00+00:00,1852.2,80.18,348.0,13.81,378.2,22.2,580.0,0.0582,0.88,42.1,312.1,11.7
2025-05-31T06:27:00+00:00,1884.7,79.80,350.8,13.63,374.2,18.6,644.3,0.0619,0.92,42.1,312.1,12.7
2025-05-31T06:28:00+00:00,2134.2,84.40,334.3,13.92,371.1,19.1,644.7,0.0596,0.85,42.1,312.1,10.5
2025-05-31T06:29:00+00:00,2022.2,79.53,345.3,13.93,397.9,16.9,627.7,0.0624,0.88,42.1,312.1,10.9
2025-05-31T06:30:00+00:00,2060.5,84.92,347.4,13.69,364.9,18.7,568.1,0.0686,0.83,42.1,312.1,11.8
2025-05-31T06:31:00+00:00,1883.3,81.25,337.1,13.82,372.6,16.7,583.9,0.0590,0.82,42.1,312.1,11.0
2025-05-31T06:32:00+00:00,1985.3,83.10,362.5,13.73,376.3,20.4,583.7,0.0635,0.80,42.1,312.1,10.6
2025-05-31T06:33:00+00:00,2172.4,81.84,349.5,13.81,373.3,23.2,551.3,0.0651,0.86,42.1,312.1,12.5
2025-05-31T06:34:00+00:00,1889.3,85.86,361.6,13.95,398.8,20.2,573.8,0.0577,0.79,42.1,312.1,11.3
2025-05-31T06:35:00+00:00,2038.9,82.77,354.3,13.71,391.0,20.1,625.7,0.0595,0.80,42.1,312.1,10.9
2025-05-31T06:36:00+00:00,1947.6,84.03,347.6,13.76,382.2,20.2,548.5,0.0583,0.84,42.1,312.1,11.3
2025-05-31T06:37:00+00:00,1882.5,81.83,350.1,13.78,381.5,20.9,633.5,0.0580,0.81,42.1,312.1,11.2
2025-05-31T06:38:00+00:00,1852.0,82.94,340.2,13.81,380.0,18.4,619.3,0.0583,0.83,42.1,312.1,10.1
2025-05-31T06:39:00+00:00,2186.8,81.67,349.1,13.97,378.8,19.4,589.9,0.0651,0.87,42.1,312.1,13.6
2025-05-31T06:40:00+00:00,1862.8,82.04,358.4,13.77,389.9,17.0,673.0,0.0594,0.83,42.1,312.1,12.7
2025-05-31T06:41:00+00:00,1756.8,80.82,352.2,13.77,399.3,18.0,594.8,0.0558,0.69,42.1,312.1,12.6
2025-05-31T06:42:00+00:00,2013.9,84.93,354.5,14.00,369.5,19.2,597.0,0.0581,0.80,42.1,312.1,12.0
2025-05-31T06:43:00+00:00,1991.0,82.74,357.4,13.82,377.5,21.6,569.3,0.0582,0.80,42.1,312.1,11.7
2025-05-31T06:44:00+00:00,1897.8,79.39,351.8,13.86,378.3,21.0,611.2,0.0573,0.76,42.1,312.1,11.9
2025-05-31T06:45:00+00:00,1780.9,82.72,356.5,13.56,360.9,18.0,597.6,0.0670,0.82,42.1,312.1,12.1
2025-05-31T06:46:00+00:00,1898.6,80.74,340.4,13.80,405.2,20.6,553.4,0.0577,0.74,42.1,312.1,14.5
2025-05-31T06:47:00+00:00,2071.6,79.42,352.4,14.06,374.6,19.0,611.1,0.0593,0.81,42.1,312.1,12.0
2025-05-31T06:48:00+00:00,1893.6,80.40,348.5,13.76,380.6,17.8,656.7,0.0634,0.87,42.1,312.1,9.3
2025-05-31T06:49:00+00:00,2067.4,82.83,356.9,13.77,383.5,19.1,659.3,0.0585,0.78,42.1,312.1,11.4
2025-05-31T06:50:00+00:00,1948.7,80.32,351.0,13.93,383.5,18.2,597.6,0.0670,0.90,42.1,312.1,13.6
2025-05-31T06:51:00+00:00,2080.3,82.84,351.4,13.79,381.1,18.6,606.0,0.0588,0.81,42.1,312.1,11.4
2025-05-31T06:52:00+00:00,1926.4,81.85,359.6,13.93,390.6,19.2,590.5,0.0580,0.81,42.1,312.1,12.1
2025-05-31T06:53:00+00:00,1939.8,80.84,349.1,13.75,385.0,16.5,679.9,0.0586,0.88,42.1,312.1,13.1
2025-05-31T06:54:00+00:00,1904.2,84.17,351.3,13.90,364.1,17.6,688.2,0.0628,0.91,42.1,312.1,12.8
2025-05-31T06:55:00+00:00,2034.2,80.33,336.1,13.68,399.1,19.1,607.9,0.0595,0.91,42.1,312.1,13.0
2025-05-31T06:56:00+00:00,1762.9,80.83,366.7,13.65,364.2,21.8,608.5,0.0568,0.79,42.1,312.1,12.2
2025-05-31T06:57:00+00:00,2063.6,81.42,360.5,13.94,396.7,20.5,619.1,0.0600,0.85,42.1,312.1,12.6
2025-05-31T06:58:00+00:00,2090.9,81.25,342.9,13.84,367.4,20.1,608.8,0.0644,0.78,42.1,312.1,11.7
2025-05-31T06:59:00+00:00,2067.9,80.73,338.6,13.79,381.1,19.4,605.2,0.0669,0.81,42.1,312.1,12.5
2025-05-31T07:00:00+00:00,2104.9,81.83,338.7,13.96,395.8,19.4,612.3,0.0666,0.72,42.1,312.1,12.8
2025-05-31T07:01:00+00:00,2089.5,83.58,353.1,13.65,371.4,17.9,610.2,0.0671,0.85,42.1,312.1,11.5
2025-05-31T07:02:00+00:00,1915.3,80.26,349.6,13.69,351.5,17.4,631.6,0.0581,0.84,42.1,312.1,10.3
2025-05-31T07:03:00+00:00,2063.9,83.82,364.1,13.83,377.8,23.5,623.9,0.0594,0.82,42.1,312.1,12.1
2025-05-31T07:04:00+00:00,2153.5,83.20,356.8,13.74,393.7,18.1,592.3,0.0598,0.76,42.1,312.1,11.9
2025-05-31T07:05:00+00:00,1886.5,80.24,358.4,13.74,368.9,22.5,641.9,0.0575,0.78,42.1,312.1,11.6
2025-05-31T07:06:00+00:00,2055.6,82.75,353.0,13.78,401.5,18.6,615.1,0.0593,0.80,42.1,312.1,14.1
2025-05-31T07:07:00+00:00,1965.4,81.07,341.0,13.87,364.8,19.0,597.4,0.0598,0.83,42.1,312.1,12.1
2025-05-31T07:08:00+00:00,2357.7,84.17,349.6,13.65,397.9,20.2,549.8,0.0599,0.78,42.1,312.1,12.2
2025-05-31T07:09:00+00:00,2512.1,83.00,350.8,13.66,408.3,21.3,597.6,0.0715,0.79,42.1,312.1,9.5
2025-05-31T07:10:00+00:00,1939.4,82.35,352.3,13.64,387.7,19.2,551.7,0.0582,0.82,42.1,312.1,10.6
2025-05-31T07:11:00+00:00,1894.3,79.52,348.1,13.99,385.3,17.5,594.3,0.0598,0.86,42.1,312.1,11.0
2025-05-31T07:12:00+00:00,1623.4,82.63,349.4,13.93,345.3,22.2,630.7,0.0567,0.85,42.1,312.1,11.5
2025-05-31T07:13:00+00:00,2082.0,81.34,351.0,13.74,391.8,18.6,611.0,0.0592,0.81,42.1,312.1,12.5
2025-05-31T07:14:00+00:00,1854.3,81.69,354.4,13.94,381.4,17.1,617.8,0.0578,0.83,42.1,312.1,12.1
2025-05-31T07:15:00+00:00,2526.3,85.64,365.1,13.72,382.2,18.9,660.1,0.0613,0.84,42.1,312.1,12.8
2025-05-31T07:16:00+00:00,2029.9,86.06,348.1,13.71,367.2,19.0,632.7,0.0586,0.83,42.1,312.1,11.7
2025-05-31T07:17:00+00:00,2025.3,80.52,366.1,13.99,378.7,19.9,637.0,0.0586,0.82,42.1,312.1,12.9
2025-05-31T07:18:00+00:00,2097.0,79.28,357.0,13.85,373.9,18.2,598.7,0.0590,0.84,42.1,312.1,11.2
2025-05-31T07:19:00+00:00,2123.2,84.11,342.8,13.76,387.5,21.4,626.2,0.0670,0.84,42.1,312.1,10.2
2025-05-31T07:20:00+00:00,2055.7,84.33,344.4,13.96,373.6,18.2,644.0,0.0583,0.77,42.1,312.1,11.8
2025-05-31T07:21:00+00:00,1884.7,84.53,357.6,13.81,376.5,17.7,656.6,0.0592,0.90,42.1,312.1,11.4
2025-05-31T07:22:00+00:00,2036.6,82.51,335.5,13.62,403.6,21.9,578.1,0.0613,0.77,42.1,312.1,11.9
2025-05-31T07:23:00+00:00,2147.2,82.87,348.4,13.59,378.5,18.6,613.3,0.0668,0.79,42.1,312.1,12.5
2025-05-31T07:24:00+00:00,1885.1,80.76,352.0,13.58,378.9,16.8,583.2,0.0574,0.77,42.1,312.1,12.7
2025-05-31T07:25:00+00:00,1970.7,80.48,347.8,13.90,385.9,18.1,594.5,0.0589,0.88,42.1,312.1,12.0
2025-05-31T07:26:00+00:00,1970.2,83.10,338.3,13.76,362.0,23.0,602.8,0.0638,0.84,42.1,312.1,12.1
2025-05-31T07:27:00+00:00,2467.7,84.06,343.8,13.95,370.3,20.8,628.4,0.0616,0.90,42.1,312.1,13.4
2025-05-31T07:28:00+00:00,2053.3,83.81,342.8,13.85,389.2,21.4,546.4,0.0640,0.81,42.1,312.1,10.8
2025-05-31T07:29:00+00:00,1921.4,83.82,358.6,13.55,375.6,18.8,672.5,0.0576,0.79,42.1,312.1,11.7
2025-05-31T07:30:00+00:00,1930.7,80.12,354.4,13.75,366.0,16.2,561.7,0.0586,0.88,42.1,312.1,11.7
2025-05-31T07:31:00+00:00,1975.0,83.01,351.1,13.79,372.9,20.9,626.5,0.0650,0.72,42.1,312.1,12.1
2025-05-31T07:32:00+00:00,2010.2,80.44,337.6,13.99,378.4,17.1,600.3,0.0638,0.73,42.1,312.1,12.6
2025-05-31T07:33:00+00:00,2265.8,80.63,355.9,13.99,386.5,19.3,599.7,0.0637,0.83,42.1,312.1,13.8
2025-05-31T07:34:00+00:00,2404.0,83.96,352.6,13.68,391.5,19.9,615.7,0.0609,0.85,42.1,312.1,12.3
2025-05-31T07:35:00+00:00,2459.4,86.63,343.0,13.96,394.5,18.7,612.3,0.0655,0.79,42.1,312.1,11.3
2025-05-31T07:36:00+00:00,2149.6,82.83,348.5,13.85,367.0,17.8,655.4,0.0664,0.78,42.1,312.1,11.9
2025-05-31T07:37:00+00:00,1931.3,80.96,345.9,14.04,366.4,20.0,548.5,0.0606,0.77,42.1,312.1,11.5
2025-05-31T07:38:00+00:00,2036.5,84.73,346.0,13.83,368.1,20.0,605.9,0.0585,0.82,42.1,312.1,11.9
2025-05-31T07:39:00+00:00,2250.6,84.18,358.6,13.74,368.8,17.7,604.3,0.0601,0.86,42.1,312.1,12.5
2025-05-31T07:40:00+00:00,2026.6,85.18,359.2,13.77,384.7,15.1,568.3,0.0711,0.77,42.1,312.1,12.9
2025-05-31T07:41:00+00:00,1880.9,79.91,350.5,13.77,363.5,18.6,611.6,0.0578,0.82,42.1,312.1,10.4
2025-05-31T07:42:00+00:00,2176.8,83.42,374.0,13.83,403.0,18.6,674.8,0.0636,0.81,42.1,312.1,12.2
2025-05-31T07:43:00+00:00,1753.7,79.68,336.3,13.77,390.8,19.8,560.1,0.0585,0.83,42.1,312.1,14.6
2025-05-31T07:44:00+00:00,2106.9,82.02,349.0,13.80,388.7,18.5,586.5,0.0591,0.83,42.1,312.1,12.8
2025-05-31T07:45:00+00:00,1858.6,83.12,361.9,13.99,372.1,21.4,593.4,0.0577,0.83,42.1,312.1,12.5
2025-05-31T07:46:00+00:00,2220.4,82.53,357.3,13.96,382.9,18.0,545.0,0.0596,0.82,42.1,312.1,12.1
2025-05-31T07:47:00+00:00,2050.3,82.30,355.4,13.54,399.9,19.0,608.4,0.0626,0.76,42.1,312.1,13.1
2025-05-31T07:48:00+00:00,2014.9,81.72,329.3,13.73,364.3,17.4,624.5,0.0589,0.85,42.1,312.1,10.5
2025-05-31T07:49:00+00:00,2117.5,81.01,351.1,13.56,394.0,20.7,566.6,0.0655,0.80,42.1,312.1,11.6
2025-05-31T07:50:00+00:00,1969.7,81.07,361.9,13.45,388.0,18.0,600.1,0.0581,0.82,42.1,312.1,12.5
2025-05-31T07:51:00+00:00,2146.8,81.92,344.5,13.84,366.2,18.9,585.3,0.0618,0.84,42.1,312.1,12.9
2025-05-31T07:52:00+00:00,1979.9,83.37,347.2,13.75,369.9,18.5,661.8,0.0576,0.75,42.1,312.1,12.5
2025-05-31T07:53:00+00:00,2205.5,82.25,350.7,14.12,389.3,19.2,585.8,0.0592,0.79,42.1,312.1,9.7
2025-05-31T07:54:00+00:00,2034.6,85.33,354.5,13.71,407.3,18.6,583.3,0.0613,0.88,42.1,312.1,13.1
2025-05-31T07:55:00+00:00,1899.4,83.16,345.8,13.67,393.2,20.9,531.3,0.0679,0.78,42.1,312.1,9.8
2025-05-31T07:56:00+00:00,1693.4,81.49,349.4,13.79,374.8,18.4,580.2,0.0564,0.78,42.1,312.1,11.4
2025-05-31T07:57:00+00:00,1848.6,81.58,357.4,13.81,366.8,20.3,629.3,0.0575,0.81,42.1,312.1,13.0
2025-05-31T07:58:00+00:00,1938.2,79.39,349.0,13.58,358.7,20.5,632.3,0.0581,0.82,42.1,312.1,11.9
2025-05-31T07:59:00+00:00,2133.5,86.14,353.9,13.77,392.9,17.5,637.7,0.0586,0.77,42.1,312.1,13.0
2025-05-31T08:00:00+00:00,2213.8,83.47,346.6,14.02,383.4,17.9,637.0,0.0594,0.81,42.1,312.1,12.2
2025-05-31T08:01:00+00:00,2204.1,81.83,330.1,13.71,391.1,20.4,636.9,0.0634,0.84,42.1,312.1,12.4
2025-05-31T08:02:00+00:00,2211.4,80.44,341.4,13.76,398.7,18.7,567.4,0.0595,0.81,42.1,312.1,10.7
2025-05-31T08:03:00+00:00,2173.4,80.78,347.4,13.88,384.3,17.9,602.8,0.0610,0.83,42.1,312.1,11.0
2025-05-31T08:04:00+00:00,2078.4,83.77,354.4,13.75,373.5,18.3,596.1,0.0594,0.84,42.1,312.1,11.8
2025-05-31T08:05:00+00:00,2045.8,82.89,347.4,13.63,399.9,18.1,586.3,0.0622,0.88,42.1,312.1,12.2
2025-05-31T08:06:00+00:00,2284.2,80.13,357.2,13.74,387.5,17.3,577.3,0.0611,0.72,42.1,312.1,12.1
2025-05-31T08:07:00+00:00,1961.1,82.46,339.2,13.81,360.0,15.5,544.8,0.0581,0.80,42.1,312.1,12.0
2025-05-31T08:08:00+00:00,1882.4,82.64,347.5,13.84,364.7,15.9,565.0,0.0573,0.76,42.1,312.1,12.5
2025-05-31T08:09:00+00:00,1818.5,79.88,358.0,13.95,395.3,18.5,594.4,0.0626,0.81,42.1,312.1,11.2
2025-05-31T08:10:00+00:00,2096.8,83.39,346.2,13.78,397.5,18.9,614.0,0.0646,0.83,42.1,312.1,14.4
2025-05-31T08:11:00+00:00,1779.3,79.58,347.3,14.03,369.7,17.6,588.2,0.0732,0.79,42.1,312.1,11.5
2025-05-31T08:12:00+00:00,1932.5,82.93,359.3,13.91,404.6,15.7,594.2,0.0645,0.71,42.1,312.1,11.8
2025-05-31T08:13:00+00:00,1785.6,81.74,366.7,13.76,386.7,19.2,605.3,0.0628,0.81,42.1,312.1,12.3
2025-05-31T08:14:00+00:00,2037.3,83.39,353.1,13.60,374.7,18.2,706.5,0.0616,0.83,42.1,312.1,12.3
2025-05-31T08:15:00+00:00,1828.9,82.34,344.4,13.52,372.0,16.6,602.4,0.0586,0.81,42.1,312.1,12.5
2025-05-31T08:16:00+00:00,2117.4,82.85,345.8,14.10,368.3,16.4,567.4,0.0595,0.87,42.1,312.1,12.3
2025-05-31T08:17:00+00:00,1993.4,78.98,349.4,13.67,367.8,18.9,615.6,0.0593,0.91,42.1,312.1,12.6
2025-05-31T08:18:00+00:00,2207.1,82.73,349.6,14.05,373.1,17.5,589.2,0.0596,0.82,42.1,312.1,12.9
2025-05-31T08:19:00+00:00,1852.3,82.82,353.9,13.82,377.6,18.2,628.9,0.0614,0.83,42.1,312.1,11.7
2025-05-31T08:20:00+00:00,2101.9,80.96,344.3,13.79,377.9,17.3,622.6,0.0607,0.85,42.1,312.1,15.2
2025-05-31T08:21:00+00:00,2021.8,82.69,347.0,13.62,353.2,19.6,592.0,0.0585,0.82,42.1,312.1,11.8
2025-05-31T08:22:00+00:00,1867.5,83.58,348.0,13.72,388.8,17.6,597.9,0.0657,0.93,42.1,312.1,13.1
2025-05-31T08:23:00+00:00,1903.9,82.49,351.4,13.61,398.4,17.7,591.5,0.0584,0.73,42.1,312.1,11.9
2025-05-31T08:24:00+00:00,2062.3,80.97,337.6,13.88,375.9,16.9,636.5,0.0594,0.89,42.1,312.1,11.5
2025-05-31T08:25:00+00:00,2091.4,84.00,354.6,13.69,398.5,19.3,643.6,0.0588,0.82,42.1,312.1,11.7
2025-05-31T08:26:00+00:00,2052.8,83.30,350.7,13.80,380.7,17.7,631.9,0.0652,0.78,42.1,312.1,12.6
2025-05-31T08:27:00+00:00,1918.5,83.92,367.6,13.94,376.2,19.7,648.0,0.0583,0.74,42.1,312.1,13.4
2025-05-31T08:28:00+00:00,1948.6,81.66,346.0,13.62,361.1,18.0,616.8,0.0576,0.76,42.1,312.1,13.2
2025-05-31T08:29:00+00:00,2197.5,82.45,337.5,13.75,391.5,19.9,603.1,0.0587,0.74,42.1,312.1,11.1
2025-05-31T08:30:00+00:00,2032.0,81.84,338.2,13.86,365.1,17.4,594.5,0.0676,0.87,42.1,312.1,12.2
2025-05-31T08:31:00+00:00,1906.7,82.52,354.7,13.69,386.4,15.2,594.8,0.0639,0.83,42.1,312.1,12.0
2025-05-31T08:32:00+00:00,2109.0,84.48,350.9,13.78,364.3,17.7,594.5,0.0597,0.89,42.1,312.1,11.8
2025-05-31T08:33:00+00:00,2102.6,85.36,355.0,13.93,396.6,24.7,661.3,0.0590,0.82,42.1,312.1,12.2
2025-05-31T08:34:00+00:00,2077.8,83.23,344.3,13.70,368.4,17.9,636.5,0.0661,0.85,42.1,312.1,12.1
2025-05-31T08:35:00+00:00,959.0,81.92,342.2,13.69,339.9,18.1,567.9,0.0528,0.81,42.1,312.1,10.5
2025-05-31T08:36:00+00:00,1038.9,81.24,362.5,13.80,357.0,18.9,563.3,0.0530,0.79,42.1,312.1,11.5
2025-05-31T08:37:00+00:00,894.3,78.11,355.4,13.78,353.2,19.1,511.5,0.0537,0.93,42.1,312.1,12.4
2025-05-31T08:38:00+00:00,1044.9,77.17,357.2,13.91,363.2,21.1,568.2,0.0542,0.83,42.1,312.1,12.4
2025-05-31T08:39:00+00:00,1187.6,82.76,355.8,13.94,358.8,18.7,581.2,0.0530,0.73,42.1,312.1,12.1
2025-05-31T08:40:00+00:00,903.9,77.40,359.2,13.82,349.2,21.3,512.2,0.0531,0.88,42.1,312.1,13.0
2025-05-31T08:41:00+00:00,1012.2,78.22,346.3,13.55,369.6,20.0,589.6,0.0593,0.76,42.1,312.1,13.3
2025-05-31T08:42:00+00:00,1047.9,78.50,366.1,13.55,363.7,20.2,543.5,0.0545,0.82,42.1,312.1,11.3
2025-05-31T08:43:00+00:00,866.5,79.59,346.9,13.51,355.8,18.4,576.2,0.0528,0.86,42.1,312.1,11.8
2025-05-31T08:44:00+00:00,1013.1,79.87,364.1,13.79,330.6,18.9,523.5,0.0624,0.81,42.1,312.1,11.5
2025-05-31T08:45:00+00:00,976.4,77.46,362.9,13.96,359.4,21.6,593.1,0.0582,0.82,42.1,312.1,11.8
2025-05-31T08:46:00+00:00,1019.5,78.60,351.6,13.87,370.0,19.8,527.0,0.0556,0.83,42.1,312.1,11.2
2025-05-31T08:47:00+00:00,958.5,77.51,352.2,13.71,346.3,16.6,578.1,0.0546,0.84,42.1,312.1,11.2
2025-05-31T14:00:00+00:00,972.7,77.92,354.9,13.56,347.4,19.1,543.8,0.0579,0.78,42.1,312.1,10.6
2025-05-31T14:01:00+00:00,972.2,76.73,363.2,13.50,356.7,19.7,564.6,0.0537,0.90,42.1,312.1,12.6
2025-05-31T14:02:00+00:00,1222.0,80.51,373.3,13.68,344.6,18.5,635.8,0.0582,0.81,42.1,312.1,11.9
2025-05-31T14:03:00+00:00,1078.2,79.33,361.0,14.00,361.8,21.3,510.6,0.0531,0.78,42.1,312.1,12.5
2025-05-31T14:04:00+00:00,1078.5,80.79,363.9,13.83,372.9,19.2,572.6,0.0525,0.72,42.1,312.1,10.6
2025-05-31T14:05:00+00:00,978.1,76.92,356.8,13.94,337.6,18.2,543.8,0.0527,0.79,42.1,312.1,12.0
2025-05-31T14:06:00+00:00,889.0,78.18,354.4,13.69,344.1,20.2,565.7,0.0532,0.90,42.1,312.1,12.9
2025-05-31T14:07:00+00:00,1052.6,78.52,362.9,13.67,354.2,19.2,607.1,0.0565,0.88,42.1,312.1,11.5
2025-05-31T14:08:00+00:00,1025.9,78.88,375.3,13.73,340.7,21.5,585.8,0.0531,0.81,42.1,312.1,13.5
2025-05-31T14:09:00+00:00,913.5,78.82,341.8,14.06,332.6,17.6,597.9,0.0623,0.89,42.1,312.1,12.5
2025-05-31T14:10:00+00:00,1128.9,79.14,353.2,13.78,368.8,19.2,545.2,0.0561,0.85,42.1,312.1,11.5
2025-05-31T14:11:00+00:00,939.9,77.97,368.0,13.68,348.7,21.4,525.7,0.0547,0.82,42.1,312.1,11.4
2025-05-31T14:12:00+00:00,937.5,79.08,354.7,13.69,311.8,19.0,570.0,0.0538,0.93,42.1,312.1,12.7
2025-05-31T14:13:00+00:00,911.9,77.54,357.1,13.68,353.5,20.0,537.2,0.0536,0.92,42.1,312.1,13.9
2025-05-31T14:14:00+00:00,2096.4,82.20,330.2,13.84,386.3,17.9,618.0,0.0588,0.81,42.1,312.1,12.2
2025-05-31T14:15:00+00:00,2211.5,78.82,342.9,13.70,390.4,17.1,605.0,0.0604,0.82,42.1,312.1,13.2
2025-05-31T14:16:00+00:00,2252.8,82.85,353.2,13.85,367.0,18.3,601.3,0.0653,0.84,42.1,312.1,14.5
2025-05-31T14:17:00+00:00,1818.2,80.40,339.0,13.99,369.4,19.3,604.7,0.0583,0.90,42.1,312.1,11.6
2025-05-31T14:18:00+00:00,1938.5,82.74,345.1,13.82,388.1,16.3,595.4,0.0579,0.81,42.1,312.1,11.0
2025-05-31T14:19:00+00:00,2080.7,83.27,339.4,13.86,388.0,20.5,608.6,0.0625,0.89,42.1,312.1,13.4
2025-05-31T14:20:00+00:00,1970.3,84.31,355.1,13.85,382.4,16.9,616.8,0.0614,0.91,42.1,312.1,11.5
2025-05-31T14:21:00+00:00,1917.3,81.12,364.1,13.79,379.5,16.4,589.7,0.0616,0.81,42.1,312.1,10.9
2025-05-31T14:22:00+00:00,1916.1,82.73,349.1,13.56,362.9,21.4,603.6,0.0584,0.82,42.1,312.1,13.6
2025-05-31T14:23:00+00:00,2011.5,81.01,357.0,13.88,385.3,18.1,594.5,0.0589,0.77,42.1,312.1,9.6
2025-05-31T14:24:00+00:00,1954.3,82.61,351.3,13.65,387.4,17.2,613.0,0.0582,0.81,42.1,312.1,14.1
2025-05-31T14:25:00+00:00,2447.5,84.31,333.6,13.92,409.8,16.0,624.9,0.0593,0.68,42.1,312.1,10.8
2025-05-31T14:26:00+00:00,1607.3,80.89,355.7,13.79,362.9,19.9,589.6,0.0613,0.80,42.1,312.1,12.1
2025-05-31T14:27:00+00:00,2117.5,80.46,367.1,13.51,387.6,18.2,659.5,0.0583,0.74,42.1,312.1,11.7
2025-05-31T14:28:00+00:00,2062.8,80.84,349.2,13.96,389.5,17.2,635.9,0.0581,0.76,42.1,312.1,12.9
2025-05-31T14:29:00+00:00,1795.5,80.43,349.2,13.95,372.0,17.7,581.9,0.0571,0.80,42.1,312.1,11.8
2025-05-31T14:30:00+00:00,1856.5,79.72,345.4,13.81,367.1,18.8,590.0,0.0601,0.82,42.1,312.1,12.9
2025-05-31T14:31:00+00:00,1793.9,81.15,349.3,13.65,364.0,17.5,585.7,0.0598,0.90,42.1,312.1,12.8
2025-05-31T14:32:00+00:00,2052.0,82.21,337.9,13.67,380.1,15.3,622.9,0.0578,0.73,42.1,312.1,9.4
2025-05-31T14:33:00+00:00,2047.9,81.86,351.3,13.59,385.0,18.1,606.8,0.0615,0.85,42.1,312.1,11.0
2025-05-31T14:34:00+00:00,1999.7,82.99,334.4,13.79,393.0,19.6,648.5,0.0590,0.88,42.1,312.1,11.4
2025-05-31T14:35:00+00:00,2000.3,83.64,348.3,13.95,394.3,18.9,633.9,0.0590,0.88,42.1,312.1,11.7
2025-05-31T14:36:00+00:00,1962.4,82.28,354.1,13.84,400.2,17.9,580.6,0.0577,0.76,42.1,312.1,11.3
2025-05-31T14:37:00+00:00,1965.9,83.09,345.9,13.78,380.8,16.8,515.8,0.0588,0.86,42.1,312.1,12.3
2025-05-31T14:38:00+00:00,2045.3,83.40,337.7,13.91,387.2,19.1,594.9,0.0608,0.83,42.1,312.1,13.7
2025-05-31T14:39:00+00:00,1964.2,85.81,349.7,13.90,356.4,17.5,625.0,0.0585,0.83,42.1,312.1,11.5
2025-05-31T14:40:00+00:00,1934.9,80.23,350.8,13.72,378.2,19.9,618.2,0.0583,0.81,42.1,312.1,11.6
2025-05-31T14:41:00+00:00,2192.0,84.30,345.8,13.84,365.5,20.9,636.9,0.0620,0.78,42.1,312.1,10.7
2025-05-31T14:42:00+00:00,1919.8,81.28,348.9,13.72,381.4,18.2,603.6,0.0576,0.79,42.1,312.1,12.5
2025-05-31T14:43:00+00:00,2108.9,81.12,346.9,13.73,382.6,21.0,607.6,0.0637,0.88,42.1,312.1,13.2
2025-05-31T14:44:00+00:00,2060.6,82.04,355.6,13.66,405.5,19.5,645.8,0.0585,0.81,42.1,312.1,11.1
2025-05-31T14:45:00+00:00,2026.5,81.01,343.0,13.74,388.2,15.8,583.1,0.0612,0.80,42.1,312.1,11.8
2025-05-31T14:46:00+00:00,1833.5,79.16,347.2,13.91,383.5,18.7,589.3,0.0569,0.74,42.1,312.1,10.1
2025-05-31T14:47:00+00:00,2142.1,82.56,350.2,13.57,389.2,19.0,567.3,0.0629,0.88,42.1,312.1,12.1
2025-05-31T14:48:00+00:00,2217.9,82.95,348.9,13.84,395.5,19.9,590.0,0.0600,0.87,42.1,312.1,13.2
2025-05-31T14:49:00+00:00,2036.3,82.21,362.8,13.83,369.9,20.4,604.4,0.0630,0.80,42.1,312.1,12.6
2025-05-31T14:50:00+00:00,1964.4,82.91,342.8,13.96,377.0,18.9,647.0,0.0629,0.76,42.1,312.1,11.7
2025-05-31T14:51:00+00:00,2062.0,82.38,332.3,14.07,403.3,19.0,625.2,0.0596,0.82,42.1,312.1,13.0
2025-05-31T14:52:00+00:00,1918.7,80.12,351.9,13.42,396.1,19.1,625.1,0.0608,0.90,42.1,312.1,10.4
2025-05-31T14:53:00+00:00,1928.0,82.69,353.6,13.82,399.0,22.5,608.5,0.0646,0.86,42.1,312.1,13.5
2025-05-31T14:54:00+00:00,2036.3,81.93,344.1,14.01,393.4,18.4,605.9,0.0623,0.74,42.1,312.1,11.7
2025-05-31T14:55:00+00:00,1819.8,81.96,345.0,13.87,375.2,17.7,600.3,0.0627,0.84,42.1,312.1,12.7
2025-05-31T14:56:00+00:00,1995.9,82.98,339.1,13.85,374.4,19.0,599.3,0.0586,0.84,42.1,312.1,11.0
2025-05-31T14:57:00+00:00,2261.9,83.45,341.9,14.13,361.2,19.2,586.7,0.0599,0.83,42.1,312.1,12.4
2025-05-31T14:58:00+00:00,2055.1,81.14,344.7,13.81,399.2,17.8,637.3,0.0584,0.80,42.1,312.1,11.8
2025-05-31T14:59:00+00:00,2080.9,83.64,356.7,13.61,388.3,18.6,579.6,0.0589,0.83,42.1,312.1,8.3
2025-05-31T15:00:00+00:00,1893.7,81.73,359.0,13.75,375.1,20.0,541.6,0.0576,0.80,42.1,312.1,11.5
2025-05-31T15:01:00+00:00,1805.5,82.54,365.4,13.71,351.6,20.2,598.9,0.0597,0.78,42.1,312.1,10.8
2025-05-31T15:02:00+00:00,2009.1,81.63,348.2,13.93,403.1,19.5,607.3,0.0624,0.83,42.1,312.1,12.9
2025-05-31T15:03:00+00:00,1863.4,83.67,354.8,13.99,395.9,18.8,540.1,0.0568,0.73,42.1,312.1,12.2
2025-05-31T15:04:00+00:00,2091.7,84.30,358.5,13.92,400.4,17.6,610.5,0.0588,0.83,42.1,312.1,12.1
2025-05-31T15:05:00+00:00,1914.3,81.80,341.2,13.87,380.2,18.2,601.2,0.0578,0.81,42.1,312.1,12.8
2025-05-31T15:06:00+00:00,2060.4,82.84,351.6,13.50,375.4,18.9,691.4,0.0616,0.77,42.1,312.1,10.3
2025-05-31T15:07:00+00:00,2215.0,81.95,347.1,13.66,377.7,17.1,598.8,0.0593,0.81,42.1,312.1,12.6
2025-05-31T15:08:00+00:00,2122.1,80.47,347.2,13.62,402.4,19.1,604.8,0.0598,0.89,42.1,312.1,11.9
2025-05-31T15:09:00+00:00,2020.3,84.45,331.6,13.69,378.1,18.5,518.3,0.0619,0.81,42.1,312.1,12.7
2025-05-31T15:10:00+00:00,1954.7,80.27,361.9,13.88,361.5,19.2,614.9,0.0573,0.74,42.1,312.1,11.5
2025-05-31T15:11:00+00:00,2481.7,83.45,342.6,13.76,404.4,18.2,670.3,0.0608,0.80,42.1,312.1,11.5
2025-05-31T15:12:00+00:00,2457.5,84.75,341.4,13.86,425.4,19.1,627.8,0.0608,0.81,42.1,312.1,11.6
2025-05-31T15:13:00+00:00,2152.5,82.08,358.1,14.01,385.5,20.8,631.2,0.0607,0.87,42.1,312.1,9.8
2025-05-31T15:14:00+00:00,1908.0,83.57,359.9,13.55,371.7,18.2,617.4,0.0582,0.74,42.1,312.1,12.7
2025-05-31T15:15:00+00:00,2042.1,81.34,339.3,13.74,372.5,17.1,600.9,0.0661,0.87,42.1,312.1,12.5
2025-05-31T15:16:00+00:00,2043.6,84.52,348.9,13.85,382.7,19.0,628.6,0.0581,0.75,42.1,312.1,11.1
2025-05-31T15:17:00+00:00,2428.0,84.32,356.6,13.92,407.5,18.2,525.4,0.0622,0.83,42.1,312.1,12.7
2025-05-31T15:18:00+00:00,2140.6,81.86,354.5,13.81,421.3,16.9,645.0,0.0597,0.82,42.1,312.1,12.6
2025-05-31T15:19:00+00:00,2406.5,83.43,363.0,14.04,373.5,18.1,601.4,0.0612,0.89,42.1,312.1,11.8
2025-05-31T15:20:00+00:00,1937.6,80.31,348.4,13.75,338.0,18.6,582.9,0.0592,0.92,42.1,312.1,11.8
2025-05-31T15:21:00+00:00,2317.5,85.71,350.6,13.95,364.9,18.7,599.7,0.0675,0.86,42.1,312.1,12.9
2025-05-31T15:22:00+00:00,2435.6,84.25,345.9,14.10,376.3,17.9,603.3,0.0689,0.84,42.1,312.1,12.8
2025-05-31T15:23:00+00:00,2473.8,85.41,328.0,13.94,379.8,20.3,664.8,0.0611,0.85,42.1,312.1,11.6
2025-05-31T15:24:00+00:00,1927.6,85.34,356.3,13.80,380.7,20.1,561.5,0.0586,0.81,42.1,312.1,12.6
2025-05-31T15:25:00+00:00,2570.5,85.65,341.6,13.38,402.2,19.0,695.4,0.0608,0.76,42.1,312.1,12.9
2025-05-31T15:26:00+00:00,1905.8,80.30,347.7,13.92,379.0,18.4,537.0,0.0584,0.87,42.1,312.1,9.8
2025-05-31T15:27:00+00:00,2446.6,81.60,352.4,13.76,389.3,19.1,642.4,0.0604,0.78,42.1,312.1,13.7
2025-05-31T15:28:00+00:00,1800.6,82.80,355.9,13.86,358.2,19.0,569.0,0.0628,0.90,42.1,312.1,11.8
2025-05-31T15:29:00+00:00,2033.2,81.18,374.1,13.84,381.5,22.5,570.3,0.0580,0.76,42.1,312.1,12.1
2025-05-31T15:30:00+00:00,1931.2,81.21,349.7,13.75,383.4,17.3,656.8,0.0576,0.78,42.1,312.1,12.5
2025-05-31T15:31:00+00:00,1909.8,82.42,359.6,13.74,382.5,20.8,635.6,0.0629,0.85,42.1,312.1,12.6
2025-05-31T15:32:00+00:00,2081.8,81.82,345.7,13.94,394.2,20.1,580.1,0.0638,0.87,42.1,312.1,12.0
2025-05-31T15:33:00+00:00,2037.4,82.09,360.6,13.95,388.3,18.0,613.8,0.0587,0.82,42.1,312.1,12.0
2025-05-31T15:34:00+00:00,2125.6,80.10,356.4,13.78,398.5,16.8,619.0,0.0589,0.81,42.1,312.1,11.2
2025-05-31T15:35:00+00:00,2465.4,84.20,350.4,13.70,398.2,19.8,597.4,0.0605,0.74,42.1,312.1,12.6
2025-05-31T15:36:00+00:00,1913.8,79.01,354.1,13.79,360.0,16.9,540.4,0.0583,0.86,42.1,312.1,11.1
2025-05-31T15:37:00+00:00,2129.5,81.60,345.7,13.69,399.5,18.3,572.7,0.0587,0.78,42.1,312.1,11.8
2025-05-31T15:38:00+00:00,2543.9,83.82,350.3,13.95,407.9,17.2,627.7,0.0651,0.79,42.1,312.1,12.3
2025-05-31T15:39:00+00:00,2596.4,82.65,348.1,13.82,372.3,19.6,683.3,0.0617,0.84,42.1,312.1,9.5
2025-05-31T15:40:00+00:00,2009.1,82.08,349.9,13.78,406.8,16.5,638.3,0.0578,0.75,42.1,312.1,14.3
2025-05-31T15:41:00+00:00,2030.2,80.93,343.2,13.57,376.6,17.1,619.3,0.0590,0.87,42.1,312.1,12.6
2025-05-31T15:42:00+00:00,1926.7,83.36,365.4,14.01,375.7,18.3,576.3,0.0606,0.82,42.1,312.1,12.2
2025-05-31T15:43:00+00:00,2573.3,82.18,343.7,13.67,394.9,19.6,580.5,0.0606,0.74,42.1,312.1,10.7
2025-05-31T15:44:00+00:00,1949.9,84.05,334.8,13.58,384.4,16.2,577.0,0.0588,0.85,42.1,312.1,12.4
2025-05-31T15:45:00+00:00,2211.7,82.05,347.7,13.98,387.5,18.4,610.2,0.0598,0.85,42.1,312.1,13.0
2025-05-31T15:46:00+00:00,1892.4,83.77,355.3,13.78,362.7,19.9,542.8,0.0587,0.90,42.1,312.1,13.6
2025-05-31T15:47:00+00:00,1872.6,80.73,353.1,13.70,356.0,16.3,562.1,0.0583,0.88,42.1,312.1,11.6
2025-05-31T15:48:00+00:00,1918.8,81.16,348.8,13.89,373.6,16.8,614.8,0.0572,0.74,42.1,312.1,11.5
2025-05-31T15:49:00+00:00,2089.3,80.17,357.4,13.75,406.1,17.5,615.2,0.0590,0.82,42.1,312.1,11.3
2025-05-31T15:50:00+00:00,2245.2,83.55,329.0,13.68,401.2,17.3,614.4,0.0696,0.84,42.1,312.1,10.3
2025-05-31T15:51:00+00:00,2057.2,80.92,350.2,13.73,392.5,21.3,586.2,0.0582,0.77,42.1,312.1,12.3
2025-05-31T15:52:00+00:00,2120.7,79.91,347.6,13.68,384.5,18.3,614.1,0.0584,0.75,42.1,312.1,14.4
2025-05-31T15:53:00+00:00,2196.0,81.18,356.6,13.79,377.4,19.9,630.5,0.0589,0.76,42.1,312.1,13.5
2025-05-31T15:54:00+00:00,2035.7,81.14,348.8,13.89,395.1,18.8,610.3,0.0587,0.83,42.1,312.1,11.5
2025-05-31T15:55:00+00:00,2050.2,80.35,351.3,13.74,389.8,17.5,556.7,0.0581,0.76,42.1,312.1,15.0
2025-05-31T15:56:00+00:00,2066.7,79.80,361.2,13.81,387.6,19.5,600.9,0.0683,0.82,42.1,312.1,12.3
2025-05-31T15:57:00+00:00,2031.4,82.54,349.1,13.73,395.1,20.2,555.2,0.0648,0.94,42.1,312.1,11.3
2025-05-31T15:58:00+00:00,2072.9,76.69,330.3,13.77,400.7,16.5,597.9,0.0657,0.76,42.1,312.1,11.0
2025-05-31T15:59:00+00:00,2127.7,83.62,366.5,13.75,373.5,19.2,582.5,0.0599,0.78,42.1,312.1,11.6
2025-05-31T16:00:00+00:00,1983.6,83.42,351.8,13.65,380.4,18.0,668.4,0.0599,0.92,42.1,312.1,11.9
2025-05-31T16:01:00+00:00,1843.7,82.62,353.7,13.91,384.7,18.8,573.7,0.0645,0.81,42.1,312.1,14.1
2025-05-31T16:02:00+00:00,1959.8,82.44,351.1,14.16,370.5,19.9,541.5,0.0649,0.85,42.1,312.1,12.2
2025-05-31T16:03:00+00:00,1737.7,81.08,348.1,13.75,373.2,17.8,596.2,0.0621,0.86,42.1,312.1,10.4
2025-05-31T16:04:00+00:00,2199.5,80.33,361.6,13.67,380.3,19.3,538.3,0.0585,0.73,42.1,312.1,10.8
2025-05-31T16:05:00+00:00,2190.8,83.53,348.0,13.79,396.5,17.9,602.9,0.0595,0.83,42.1,312.1,11.4
2025-05-31T16:06:00+00:00,2096.7,81.34,349.1,13.71,400.7,17.7,599.2,0.0587,0.80,42.1,312.1,13.6
2025-05-31T16:07:00+00:00,1926.7,81.99,353.7,13.77,368.2,18.0,568.2,0.0580,0.82,42.1,312.1,13.1
2025-05-31T16:08:00+00:00,2138.6,81.97,350.7,13.59,396.1,21.2,564.2,0.0586,0.78,42.1,312.1,11.8
2025-05-31T16:09:00+00:00,2133.8,82.25,359.6,14.12,386.9,19.6,624.5,0.0652,0.76,42.1,312.1,12.5
2025-05-31T16:10:00+00:00,2037.9,80.98,355.0,13.75,370.9,19.9,606.9,0.0654,0.85,42.1,312.1,11.8
2025-05-31T16:11:00+00:00,2010.1,80.72,352.2,13.82,409.8,19.7,613.7,0.0583,0.78,42.1,312.1,12.9
2025-05-31T16:12:00+00:00,2001.8,79.77,335.7,13.82,391.3,20.1,605.8,0.0658,0.81,42.1,312.1,11.1
2025-05-31T16:13:00+00:00,2140.1,81.15,335.9,13.87,389.7,21.6,567.6,0.0591,0.81,42.1,312.1,13.6
2025-05-31T16:14:00+00:00,2080.6,82.39,350.0,13.98,374.8,19.1,604.8,0.0589,0.82,42.1,312.1,12.7
2025-05-31T16:15:00+00:00,1984.6,81.36,357.6,13.92,394.6,16.0,620.9,0.0594,0.83,42.1,312.1,14.9
2025-05-31T16:16:00+00:00,2061.3,81.76,342.3,13.41,374.0,21.9,612.4,0.0644,0.78,42.1,312.1,13.2
2025-05-31T16:17:00+00:00,1859.5,82.14,353.2,13.82,372.9,18.9,608.1,0.0593,0.73,42.1,312.1,12.1
2025-05-31T16:18:00+00:00,2081.9,82.92,346.5,13.86,360.5,19.3,516.2,0.0610,0.87,42.1,312.1,11.7
2025-05-31T16:19:00+00:00,2060.8,82.52,349.6,14.01,373.2,16.9,633.2,0.0602,0.80,42.1,312.1,10.6
2025-05-31T16:20:00+00:00,1964.0,84.38,352.7,13.85,380.0,20.1,566.8,0.0579,0.79,42.1,312.1,12.6
2025-05-31T16:21:00+00:00,1970.1,83.01,359.8,13.86,371.8,17.4,601.8,0.0589,0.87,42.1,312.1,11.9
2025-05-31T16:22:00+00:00,2072.4,80.93,353.2,13.84,379.1,16.8,564.1,0.0596,0.81,42.1,312.1,12.6
2025-05-31T16:23:00+00:00,1888.7,83.07,359.1,13.80,372.2,18.8,599.8,0.0618,0.83,42.1,312.1,13.2
2025-05-31T16:24:00+00:00,1986.3,82.76,344.9,13.74,360.6,17.1,597.3,0.0584,0.83,42.1,312.1,10.9
2025-05-31T16:25:00+00:00,1906.0,84.45,359.2,13.97,359.9,18.7,597.1,0.0571,0.73,42.1,312.1,12.9
2025-05-31T16:26:00+00:00,1997.4,82.09,344.9,13.87,373.6,22.7,591.3,0.0576,0.74,42.1,312.1,11.6
2025-05-31T16:27:00+00:00,2118.8,82.76,338.9,13.76,386.9,16.6,625.2,0.0587,0.78,42.1,312.1,12.1
2025-05-31T16:28:00+00:00,2017.2,83.26,346.9,13.99,372.9,18.7,613.0,0.0580,0.76,42.1,312.1,11.7
2025-05-31T16:29:00+00:00,1960.6,82.42,333.9,14.00,390.5,19.7,597.6,0.0718,0.93,42.1,312.1,14.4
2025-05-31T16:30:00+00:00,1888.1,83.31,351.9,13.80,371.5,17.9,600.7,0.0585,0.88,42.1,312.1,12.2
2025-05-31T16:31:00+00:00,2175.2,82.48,343.5,13.62,372.6,19.0,595.2,0.0651,0.85,42.1,312.1,10.9
2025-05-31T16:32:00+00:00,1998.7,76.83,346.1,13.68,384.4,17.9,617.5,0.0591,0.89,42.1,312.1,11.6
2025-05-31T16:33:00+00:00,1889.9,85.80,354.4,13.73,375.1,19.8,601.3,0.0590,0.92,42.1,312.1,12.8
2025-05-31T16:34:00+00:00,2021.9,81.64,342.7,13.95,373.6,19.4,549.8,0.0595,0.84,42.1,312.1,12.3
2025-05-31T16:35:00+00:00,2006.6,80.83,357.9,13.64,389.1,20.1,571.8,0.0578,0.75,42.1,312.1,13.0
2025-05-31T16:36:00+00:00,2066.3,81.47,364.3,14.02,366.9,18.0,547.7,0.0586,0.82,42.1,312.1,11.2
2025-05-31T16:37:00+00:00,2090.6,80.41,353.6,13.66,361.0,21.4,552.5,0.0636,0.71,42.1,312.1,12.4
2025-05-31T16:38:00+00:00,2184.3,84.30,351.0,13.81,404.3,19.9,583.3,0.0580,0.68,42.1,312.1,11.6
2025-05-31T16:39:00+00:00,1880.7,83.68,351.0,13.81,396.7,19.5,588.4,0.0578,0.82,42.1,312.1,11.5
2025-05-31T16:40:00+00:00,1935.5,81.35,353.6,13.74,377.3,20.2,599.4,0.0576,0.79,42.1,312.1,12.4
2025-05-31T16:41:00+00:00,1005.1,80.21,355.8,13.83,355.8,16.8,578.2,0.0535,0.86,42.1,312.1,13.2
2025-05-31T16:42:00+00:00,1013.3,79.49,357.8,13.68,374.7,20.7,621.7,0.0662,0.91,42.1,312.1,11.4
2025-05-31T16:43:00+00:00,1019.5,80.64,363.2,13.84,344.0,20.8,500.8,0.0524,0.75,42.1,312.1,11.7
2025-05-31T16:44:00+00:00,1109.8,82.52,365.0,13.86,337.9,16.0,567.4,0.0563,0.83,42.1,312.1,13.1
2025-05-31T16:45:00+00:00,1021.6,79.07,375.1,13.73,358.9,17.6,565.2,0.0651,0.80,42.1,312.1,11.9
2025-05-31T16:46:00+00:00,990.3,76.18,352.9,13.69,348.1,18.0,614.4,0.0546,0.85,42.1,312.1,12.1
2025-05-31T16:47:00+00:00,885.2,79.62,353.8,13.74,346.1,19.1,520.1,0.0561,0.91,42.1,312.1,12.6
2025-05-31T16:48:00+00:00,1089.1,77.56,353.4,13.70,353.5,18.1,603.4,0.0566,0.79,42.1,312.1,11.3
2025-05-31T16:49:00+00:00,955.6,79.48,358.3,13.54,357.9,19.0,583.5,0.0528,0.81,42.1,312.1,11.6
2025-05-31T16:50:00+00:00,1112.0,77.65,354.4,13.81,359.0,20.9,563.4,0.0541,0.86,42.1,312.1,12.1
2025-05-31T16:51:00+00:00,1013.6,78.67,355.0,13.76,343.7,22.3,609.4,0.0563,0.79,42.1,312.1,10.0
2025-05-31T16:52:00+00:00,904.9,78.97,342.7,13.53,336.0,20.6,584.3,0.0523,0.79,42.1,312.1,12.4
2025-05-31T16:53:00+00:00,895.9,79.09,349.3,13.86,348.2,18.6,513.1,0.0535,0.92,42.1,312.1,11.5
