timestamp,engine_rpm,coolant_temp_c,oil_pressure_kpa,battery_voltage_v,exhaust_gas_temp_c,oil_particulate_ppm,exhaust_nox_ppm,vibration_rms_g,wave_height_m,heading_deg,wind_direction_deg,wind_speed_kn
2025-06-01T06:00:00+00:00,974.9,80.62,348.4,13.70,355.7,19.1,582.3,0.0569,1.23,303.7,168.7,15.9
2025-06-01T06:01:00+00:00,935.9,77.34,360.7,13.76,350.6,20.2,515.6,0.0591,1.20,303.7,168.7,15.1
2025-06-01T06:02:00+00:00,949.6,80.44,360.6,13.71,338.9,19.3,531.1,0.0560,1.15,303.7,168.7,16.9
2025-06-01T06:03:00+00:00,854.0,78.56,359.5,13.70,364.5,19.2,587.8,0.0559,1.18,303.7,168.7,18.0
2025-06-01T06:04:00+00:00,1054.4,80.54,349.6,13.91,341.7,16.6,590.9,0.0678,1.21,303.7,168.7,17.3
2025-06-01T06:05:00+00:00,946.5,78.56,353.5,13.63,351.9,16.5,543.4,0.0572,1.26,303.7,168.7,17.0
2025-06-01T06:06:00+00:00,996.2,79.20,360.3,13.63,352.0,16.3,537.3,0.0564,1.16,303.7,168.7,17.4
2025-06-01T06:07:00+00:00,970.0,79.30,357.3,13.73,368.5,16.6,541.8,0.0567,1.20,303.7,168.7,17.6
2025-06-01T06:08:00+00:00,1137.3,79.69,356.8,13.92,358.9,23.4,565.1,0.0594,1.23,303.7,168.7,16.3
2025-06-01T06:09:00+00:00,1043.9,76.98,362.8,13.58,348.1,20.0,556.3,0.0572,1.21,303.7,168.7,14.6
2025-06-01T06:10:00+00:00,874.3,76.70,354.8,13.92,334.2,17.7,533.7,0.0564,1.12,303.7,168.7,15.4
2025-06-01T06:11:00+00:00,919.6,77.56,367.5,13.77,349.1,20.9,549.6,0.0641,1.17,303.7,168.7,17.2
2025-06-01T06:12:00+00:00,818.8,75.36,359.8,13.81,347.8,18.9,542.0,0.0557,1.19,303.7,168.7,15.3
2025-06-01T06:13:00+00:00,964.3,78.84,356.3,13.90,340.0,19.1,575.6,0.0678,1.25,303.7,168.7,18.3
2025-06-01T06:14:00+00:00,2099.0,81.02,336.9,13.78,382.0,19.5,647.0,0.0691,1.27,303.7,168.7,16.3
2025-06-01T06:15:00+00:00,2019.2,82.72,347.9,13.82,381.1,16.1,550.3,0.0645,1.31,303.7,168.7,17.1
2025-06-01T06:16:00+00:00,2211.2,84.07,342.1,13.66,385.2,21.0,660.3,0.0649,1.21,303.7,168.7,15.2
2025-06-01T06:17:00+00:00,2017.3,83.74,355.6,13.98,380.7,19.2,599.0,0.0651,1.20,303.7,168.7,15.9
2025-06-01T06:18:00+00:00,2033.0,84.08,354.6,13.68,365.2,21.2,616.1,0.0624,1.20,303.7,168.7,15.6
2025-06-01T06:19:00+00:00,1969.1,81.61,359.1,13.88,393.2,18.5,587.4,0.0614,1.13,303.7,168.7,16.0
2025-06-01T06:20:00+00:00,2031.4,83.66,332.7,13.96,396.7,17.4,610.2,0.0621,1.18,303.7,168.7,15.9
2025-06-01T06:21:00+00:00,1964.4,82.45,344.7,13.79,374.0,19.8,565.0,0.0621,1.20,303.7,168.7,16.8
2025-06-01T06:22:00+00:00,1919.0,80.04,344.2,13.98,370.5,19.7,616.4,0.0641,1.21,303.7,168.7,16.5
2025-06-01T06:23:00+00:00,2064.3,82.87,347.5,13.76,364.3,20.1,623.4,0.0636,1.21,303.7,168.7,17.7
2025-06-01T06:24:00+00:00,2006.1,83.55,337.1,13.90,376.3,18.8,571.2,0.0705,1.27,303.7,168.7,17.9
2025-06-01T06:25:00+00:00,1889.1,81.65,361.4,13.76,359.8,16.4,652.0,0.0644,1.19,303.7,168.7,16.5
2025-06-01T06:26:00+00:00,1900.9,80.53,352.7,13.71,396.5,20.6,597.4,0.0612,1.16,303.7,168.7,15.7
2025-06-01T06:27:00+00:00,2022.8,82.17,355.6,13.73,393.6,19.7,599.1,0.0618,1.15,303.7,168.7,16.6
2025-06-01T06:28:00+00:00,1929.8,81.47,340.3,13.91,395.0,17.6,680.0,0.0625,1.22,303.7,168.7,16.0
2025-06-01T06:29:00+00:00,1820.9,78.48,347.5,13.69,369.8,16.9,596.8,0.0615,1.23,303.7,168.7,17.1
2025-06-01T06:30:00+00:00,2061.1,82.74,352.5,13.87,384.1,21.0,640.9,0.0707,1.23,303.7,168.7,16.4
2025-06-01T06:31:00+00:00,2106.0,82.23,348.2,13.82,378.4,20.0,592.5,0.0650,1.16,303.7,168.7,19.4
2025-06-01T06:32:00+00:00,2019.1,84.15,351.7,13.81,389.0,20.6,570.6,0.0627,1.18,303.7,168.7,15.8
2025-06-01T06:33:00+00:00,2047.8,82.63,358.8,14.09,373.9,18.7,574.6,0.0633,1.29,303.7,168.7,18.0
2025-06-01T06:34:00+00:00,2007.8,81.32,342.1,13.58,384.8,21.0,642.1,0.0625,1.21,303.7,168.7,17.3
2025-06-01T06:35:00+00:00,2068.3,81.95,359.7,13.69,384.2,15.8,616.7,0.0636,1.30,303.7,168.7,17.2
2025-06-01T06:36:00+00:00,1848.1,84.01,356.2,13.81,380.8,16.9,570.1,0.0632,1.14,303.7,168.7,17.3
2025-06-01T06:37:00+00:00,2091.8,82.13,343.1,14.24,396.3,21.4,622.4,0.0701,1.18,303.7,168.7,17.2
2025-06-01T06:38:00+00:00,1986.0,81.12,352.0,13.69,381.0,19.3,618.9,0.0625,1.22,303.7,168.7,15.7
2025-06-01T06:39:00+00:00,2021.4,83.47,347.5,13.89,388.1,19.4,652.5,0.0694,1.17,303.7,168.7,18.1
2025-06-01T06:40:00+00:00,1893.5,84.36,347.7,14.04,374.8,22.1,596.4,0.0616,1.20,303.7,168.7,16.1
2025-06-01T06:41:00+00:00,1998.8,79.69,343.6,13.91,383.9,15.6,565.5,0.0629,1.25,303.7,168.7,15.8
2025-06-01T06:42:00+00:00,2139.0,81.49,350.2,14.15,404.9,18.3,598.1,0.0627,1.17,303.7,168.7,16.1
2025-06-01T06:43:00+00:00,2116.9,81.08,340.4,13.71,356.6,17.7,622.4,0.0635,1.10,303.7,168.7,18.4
2025-06-01T06:44:00+00:00,2072.1,79.86,337.8,13.54,370.6,20.4,575.1,0.0632,1.26,303.7,168.7,17.1
2025-06-01T06:45:00+00:00,2008.5,83.85,336.7,13.87,386.2,17.8,618.2,0.0688,1.22,303.7,168.7,15.7
2025-06-01T06:46:00+00:00,2045.4,82.90,345.7,13.43,378.7,19.1,636.3,0.0661,1.17,303.7,168.7,17.3
2025-06-01T06:47:00+00:00,2115.2,80.15,345.5,14.02,363.9,18.8,606.1,0.0630,1.20,303.7,168.7,18.8
2025-06-01T06:48:00+00:00,2119.7,83.83,359.0,13.77,384.4,18.9,586.7,0.0630,1.22,303.7,168.7,14.8
2025-06-01T06:49:00+00:00,1928.5,80.59,351.0,13.65,366.1,18.3,624.2,0.0693,1.11,303.7,168.7,16.4
2025-06-01T06:50:00+00:00,1928.1,82.87,350.7,13.76,377.4,17.9,589.8,0.0629,1.16,303.7,168.7,16.4
2025-06-01T06:51:00+00:00,1878.5,81.50,352.4,13.62,395.0,19.3,640.1,0.0637,1.18,303.7,168.7,15.6
2025-06-01T06:52:00+00:00,1789.8,80.91,361.5,13.80,379.6,17.5,608.2,0.0616,1.25,303.7,168.7,17.3
2025-06-01T06:53:00+00:00,2052.5,81.54,352.3,14.11,373.6,20.4,577.0,0.0643,1.19,303.7,168.7,19.4
2025-06-01T06:54:00+00:00,1873.6,80.98,345.1,13.80,358.7,17.2,595.4,0.0622,1.27,303.7,168.7,16.1
2025-06-01T06:55:00+00:00,2018.0,82.42,349.7,13.97,397.2,18.4,588.2,0.0627,1.24,303.7,168.7,16.8
2025-06-01T06:56:00+00:00,1934.6,84.96,353.4,13.73,389.6,16.3,633.6,0.0647,1.12,303.7,168.7,17.8
2025-06-01T06:57:00+00:00,1881.0,85.29,369.7,13.67,357.7,21.2,593.0,0.0680,1.24,303.7,168.7,15.7
2025-06-01T06:58:00+00:00,1812.0,83.25,361.4,13.70,373.3,19.6,627.5,0.0609,1.18,303.7,168.7,18.8
2025-06-01T06:59:00+00:00,1845.5,79.88,353.1,13.72,386.2,19.3,566.8,0.0675,1.23,303.7,168.7,17.0
2025-06-01T07:00:00+00:00,1878.6,82.04,371.5,14.10,386.5,19.7,577.7,0.0663,1.24,303.7,168.7,16.7
2025-06-01T07:01:00+00:00,2134.3,81.81,364.8,13.71,402.7,17.2,534.6,0.0699,1.21,303.7,168.7,17.8
2025-06-01T07:02:00+00:00,2073.1,82.32,333.8,14.10,380.5,19.2,663.1,0.0623,1.17,303.7,168.7,17.8
2025-06-01T07:03:00+00:00,2218.3,82.65,344.9,13.45,379.8,19.0,645.6,0.0745,1.20,303.7,168.7,14.8
2025-06-01T07:04:00+00:00,1976.3,82.28,348.1,14.01,355.4,17.4,556.1,0.0633,1.15,303.7,168.7,17.5
2025-06-01T07:05:00+00:00,1932.8,80.60,345.4,13.93,376.1,19.8,587.5,0.0632,1.09,303.7,168.7,15.2
2025-06-01T07:06:00+00:00,1993.7,83.43,353.4,13.71,383.4,17.6,660.1,0.0615,1.13,303.7,168.7,16.4
2025-06-01T07:07:00+00:00,1921.7,81.31,359.6,13.87,373.0,19.5,635.6,0.0616,1.16,303.7,168.7,16.6
2025-06-01T07:08:00+00:00,1974.0,79.71,352.6,13.64,371.1,18.7,576.3,0.0763,1.28,303.7,168.7,18.0
2025-06-01T07:09:00+00:00,2506.9,85.87,334.1,13.73,388.6,17.5,600.6,0.0709,1.18,303.7,168.7,15.8
2025-06-01T07:10:00+00:00,2467.3,82.92,340.0,13.94,391.1,21.5,615.2,0.0691,1.19,303.7,168.7,17.3
2025-06-01T07:11:00+00:00,1932.5,80.67,342.9,13.82,379.1,19.2,622.1,0.0620,1.21,303.7,168.7,17.2
2025-06-01T07:12:00+00:00,1976.3,82.91,351.1,13.99,402.2,18.6,591.7,0.0628,1.17,303.7,168.7,15.2
2025-06-01T07:13:00+00:00,2049.6,81.21,339.8,13.77,373.7,18.9,635.8,0.0645,1.25,303.7,168.7,17.2
2025-06-01T07:14:00+00:00,2423.2,85.30,356.5,13.73,375.4,18.4,641.8,0.0670,1.13,303.7,168.7,18.7
2025-06-01T07:15:00+00:00,2445.0,80.82,339.2,13.89,385.4,21.1,656.5,0.0701,1.23,303.7,168.7,18.0
2025-06-01T07:16:00+00:00,2141.5,82.79,331.4,13.62,371.0,21.9,631.1,0.0632,1.21,303.7,168.7,17.5
2025-06-01T07:17:00+00:00,2098.7,84.26,351.7,13.82,374.4,19.5,609.8,0.0627,1.19,303.7,168.7,19.4
2025-06-01T07:18:00+00:00,1833.5,79.87,355.9,13.70,394.0,16.7,622.9,0.0607,1.13,303.7,168.7,17.3
2025-06-01T07:19:00+00:00,1869.0,83.02,365.3,13.92,377.3,22.6,627.1,0.0616,1.20,303.7,168.7,17.2
2025-06-01T07:20:00+00:00,1976.6,82.58,347.5,13.95,377.4,17.9,551.9,0.0621,1.21,303.7,168.7,15.3
2025-06-01T07:21:00+00:00,1859.8,79.45,351.0,13.65,358.0,18.4,610.3,0.0615,1.20,303.7,168.7,16.6
2025-06-01T07:22:00+00:00,2098.9,81.46,343.0,13.96,384.3,20.1,605.1,0.0680,1.17,303.7,168.7,15.3
2025-06-01T07:23:00+00:00,2415.4,82.96,339.6,13.61,380.2,16.9,573.0,0.0648,1.22,303.7,168.7,17.3
2025-06-01T07:24:00+00:00,2531.0,84.85,334.0,13.84,398.4,19.2,624.9,0.0656,1.25,303.7,168.7,18.3
2025-06-01T07:25:00+00:00,2101.6,83.27,350.3,13.89,390.7,20.8,621.4,0.0686,1.25,303.7,168.7,18.3
2025-06-01T07:26:00+00:00,2042.2,80.92,361.5,13.75,375.6,18.2,622.4,0.0681,1.34,303.7,168.7,17.0
2025-06-01T07:27:00+00:00,2069.0,83.95,340.9,13.96,393.1,18.7,653.5,0.0693,1.23,303.7,168.7,17.4
2025-06-01T07:28:00+00:00,2057.1,80.42,350.1,13.91,374.2,18.7,612.0,0.0623,1.19,303.7,168.7,18.1
2025-06-01T07:29:00+00:00,1922.5,83.25,349.0,13.78,373.8,20.8,601.3,0.0610,1.15,303.7,168.7,17.7
2025-06-01T07:30:00+00:00,2118.1,82.38,346.1,13.54,397.1,19.8,557.0,0.0641,1.21,303.7,168.7,15.8
2025-06-01T07:31:00+00:00,2109.0,84.17,338.1,14.07,396.7,18.2,598.6,0.0694,1.16,303.7,168.7,17.1
2025-06-01T07:32:00+00:00,2101.6,83.67,337.4,13.74,375.5,19.4,598.8,0.0693,1.22,303.7,168.7,16.0
2025-06-01T07:33:00+00:00,2505.4,84.23,355.9,13.81,402.8,17.1,647.5,0.0644,1.16,303.7,168.7,15.6
2025-06-01T07:34:00+00:00,2495.8,84.07,341.5,13.97,403.4,18.7,642.2,0.0682,1.14,303.7,168.7,15.3
2025-06-01T07:35:00+00:00,2471.6,82.46,347.2,13.69,393.4,21.5,616.7,0.0646,1.20,303.7,168.7,17.3
2025-06-01T07:36:00+00:00,2583.9,84.34,340.8,13.93,413.3,20.9,662.7,0.0680,1.18,303.7,168.7,16.3
2025-06-01T07:37:00+00:00,2140.8,86.37,337.4,13.71,382.1,19.6,553.3,0.0665,1.21,303.7,168.7,17.2
2025-06-01T07:38:00+00:00,2479.6,85.17,355.1,13.71,412.4,19.4,593.3,0.0647,1.12,303.7,168.7,15.5
2025-06-01T07:39:00+00:00,2353.1,84.13,347.8,14.12,380.8,19.2,678.7,0.0678,1.24,303.7,168.7,19.0
2025-06-01T07:40:00+00:00,2047.5,81.36,336.4,13.75,391.0,18.7,632.8,0.0629,1.25,303.7,168.7,17.0
2025-06-01T07:41:00+00:00,1956.0,81.14,354.2,13.70,382.3,20.8,573.0,0.0627,1.26,303.7,168.7,17.1
2025-06-01T07:42:00+00:00,2017.2,83.75,363.4,13.78,392.8,17.6,585.2,0.0623,1.21,303.7,168.7,16.1
2025-06-01T07:43:00+00:00,1982.0,82.87,342.5,13.83,380.7,17.7,651.6,0.0625,1.23,303.7,168.7,14.0
2025-06-01T07:44:00+00:00,1872.6,82.38,336.6,13.72,381.7,19.9,581.9,0.0619,1.23,303.7,168.7,17.5
2025-06-01T07:45:00+00:00,1892.3,80.26,346.9,13.81,373.7,19.4,599.4,0.0667,1.21,303.7,168.7,16.9
2025-06-01T07:46:00+00:00,1802.9,81.71,355.4,13.73,360.2,18.0,578.4,0.0662,1.14,303.7,168.7,15.9
2025-06-01T07:47:00+00:00,2017.9,83.81,367.8,13.57,395.0,20.4,608.2,0.0653,1.20,303.7,168.7,17.9
2025-06-01T07:48:00+00:00,2110.0,80.60,346.5,13.64,397.4,18.8,593.7,0.0647,1.25,303.7,168.7,18.6
2025-06-01T07:49:00+00:00,1754.9,83.39,344.9,13.71,380.5,17.2,544.3,0.0639,1.17,303.7,168.7,17.2
2025-06-01T07:50:00+00:00,2090.8,84.36,352.1,13.69,374.1,19.7,598.0,0.0622,1.15,303.7,168.7,16.5
2025-06-01T07:51:00+00:00,2231.6,82.70,337.7,13.84,401.6,18.3,570.6,0.0632,1.18,303.7,168.7,14.6
2025-06-01T07:52:00+00:00,1932.6,82.06,359.4,13.81,398.4,19.1,595.7,0.0639,1.16,303.7,168.7,15.8
2025-06-01T07:53:00+00:00,2053.8,80.30,345.3,14.20,389.0,17.2,584.9,0.0621,1.17,303.7,168.7,15.1
2025-06-01T07:54:00+00:00,1861.8,79.70,355.6,13.55,358.3,17.9,579.9,0.0703,1.22,303.7,168.7,17.1
2025-06-01T07:55:00+00:00,2076.1,81.05,355.7,13.81,409.7,20.5,592.8,0.0645,1.24,303.7,168.7,16.4
2025-06-01T07:56:00+00:00,2063.3,82.96,337.0,13.89,374.7,19.4,596.9,0.0624,1.19,303.7,168.7,15.4
2025-06-01T07:57:00+00:00,2019.3,81.73,355.4,13.77,386.6,19.1,595.9,0.0694,1.24,303.7,168.7,16.2
2025-06-01T07:58:00+00:00,2098.7,81.51,353.8,14.05,396.4,18.3,587.1,0.0635,1.29,303.7,168.7,16.6
2025-06-01T07:59:00+00:00,2158.2,82.09,348.2,13.70,382.5,17.3,550.1,0.0630,1.20,303.7,168.7,16.8
2025-06-01T08:00:00+00:00,1887.1,81.97,352.9,13.73,389.8,17.9,578.5,0.0618,1.17,303.7,168.7,17.7
2025-06-01T08:01:00+00:00,2005.8,83.42,354.3,13.90,363.9,20.0,639.1,0.0623,1.19,303.7,168.7,18.1
2025-06-01T08:02:00+00:00,2076.6,82.08,342.2,13.64,383.4,18.4,617.2,0.0644,1.16,303.7,168.7,17.7
2025-06-01T08:03:00+00:00,1991.3,81.27,334.3,13.92,374.0,17.9,601.8,0.0619,1.16,303.7,168.7,18.1
2025-06-01T08:04:00+00:00,1908.8,80.32,353.0,13.68,373.9,18.1,657.2,0.0734,1.25,303.7,168.7,15.7
2025-06-01T08:05:00+00:00,2118.5,83.63,344.6,13.73,402.1,17.4,615.9,0.0629,1.16,303.7,168.7,15.5
2025-06-01T08:06:00+00:00,1929.8,81.42,350.5,13.78,363.9,17.8,596.4,0.0613,1.14,303.7,168.7,18.8
2025-06-01T08:07:00+00:00,1919.7,83.31,343.6,13.80,383.3,19.1,659.2,0.0661,1.25,303.7,168.7,16.4
2025-06-01T08:08:00+00:00,1764.2,82.54,357.4,13.70,374.0,18.9,518.7,0.0606,1.15,303.7,168.7,17.0
2025-06-01T08:09:00+00:00,2013.4,81.62,350.0,13.92,367.0,17.7,661.8,0.0619,1.17,303.7,168.7,17.8
2025-06-01T08:10:00+00:00,2115.8,80.68,348.0,13.94,394.8,15.5,572.7,0.0638,1.18,303.7,168.7,16.9
2025-06-01T08:11:00+00:00,2074.3,81.04,354.8,13.92,392.0,18.6,607.5,0.0715,1.17,303.7,168.7,15.9
2025-06-01T08:12:00+00:00,2103.7,82.71,354.5,13.61,365.4,18.5,588.1,0.0630,1.21,303.7,168.7,17.4
2025-06-01T08:13:00+00:00,2098.0,84.03,337.8,13.63,382.4,18.6,528.2,0.0631,1.24,303.7,168.7,18.0
2025-06-01T08:14:00+00:00,2033.5,80.96,348.5,13.97,387.0,21.3,602.0,0.0694,1.21,303.7,168.7,16.6
2025-06-01T08:15:00+00:00,2235.9,82.09,357.2,13.88,383.8,19.6,670.2,0.0634,1.18,303.7,168.7,15.6
2025-06-01T08:16:00+00:00,2029.7,81.95,355.5,13.64,399.0,15.0,577.3,0.0630,1.27,303.7,168.7,17.3
2025-06-01T08:17:00+00:00,2024.4,81.88,347.0,13.62,356.7,19.4,630.7,0.0614,1.11,303.7,168.7,16.1
2025-06-01T08:18:00+00:00,1954.2,79.45,355.9,13.45,345.2,19.2,592.3,0.0683,1.18,303.7,168.7,16.3
2025-06-01T08:19:00+00:00,1900.7,83.16,340.9,13.75,382.8,19.9,647.4,0.0673,1.18,303.7,168.7,17.0
2025-06-01T08:20:00+00:00,1968.9,83.27,357.8,14.14,388.8,19.5,571.8,0.0617,1.16,303.7,168.7,15.0
2025-06-01T08:21:00+00:00,2081.8,81.26,350.9,13.63,367.2,20.3,612.1,0.0630,1.23,303.7,168.7,15.8
2025-06-01T08:22:00+00:00,2109.2,81.31,348.0,13.68,398.1,18.2,623.2,0.0622,1.13,303.7,168.7,16.7
2025-06-01T08:23:00+00:00,2087.2,82.42,353.0,13.72,377.6,18.0,597.7,0.0665,1.21,303.7,168.7,16.7
2025-06-01T08:24:00+00:00,2041.8,82.25,356.4,13.90,377.1,17.4,573.9,0.0614,1.09,303.7,168.7,17.2
2025-06-01T08:25:00+00:00,2009.3,80.82,336.0,13.64,394.7,19.2,598.6,0.0615,1.14,303.7,168.7,17.0
2025-06-01T08:26:00+00:00,1939.5,80.35,351.5,13.89,389.3,20.0,660.8,0.0618,1.19,303.7,168.7,17.8
2025-06-01T08:27:00+00:00,1979.3,83.03,350.6,13.76,380.7,22.0,577.7,0.0624,1.23,303.7,168.7,18.9
2025-06-01T08:28:00+00:00,2133.9,83.55,341.1,13.75,393.3,20.3,640.9,0.0630,1.20,303.7,168.7,16.6
2025-06-01T08:29:00+00:00,2037.3,82.61,348.4,14.25,388.8,18.1,588.9,0.0645,1.29,303.7,168.7,18.8
2025-06-01T08:30:00+00:00,2120.2,80.50,357.1,13.88,368.5,18.5,601.3,0.0628,1.21,303.7,168.7,16.1
2025-06-01T08:31:00+00:00,1973.7,80.95,352.1,13.77,390.3,17.0,622.3,0.0662,1.23,303.7,168.7,16.9
2025-06-01T08:32:00+00:00,2026.9,84.24,340.4,14.10,357.0,16.3,578.9,0.0620,1.16,303.7,168.7,18.8
2025-06-01T08:33:00+00:00,2162.2,81.50,345.6,13.74,376.8,17.5,617.0,0.0636,1.24,303.7,168.7,14.5
2025-06-01T08:34:00+00:00,1937.1,80.40,342.5,13.73,385.8,19.5,625.8,0.0623,1.25,303.7,168.7,14.3
2025-06-01T08:35:00+00:00,1002.1,80.79,356.4,13.99,352.2,19.4,560.6,0.0563,1.13,303.7,168.7,16.6
2025-06-01T08:36:00+00:00,813.0,77.59,363.0,14.25,337.5,19.4,507.4,0.0558,1.19,303.7,168.7,17.5
2025-06-01T08:37:00+00:00,913.7,79.02,363.5,13.67,357.2,20.9,572.8,0.0563,1.18,303.7,168.7,17.5
2025-06-01T08:38:00+00:00,995.2,76.47,359.0,13.92,344.5,20.3,553.0,0.0679,1.25,303.7,168.7,16.2
2025-06-01T08:39:00+00:00,850.2,77.30,364.6,13.70,352.0,17.8,584.1,0.0600,1.29,303.7,168.7,15.6
2025-06-01T08:40:00+00:00,1111.0,78.55,359.0,13.65,341.1,19.2,515.3,0.0563,1.09,303.7,168.7,17.3
2025-06-01T08:41:00+00:00,947.7,76.18,369.6,13.64,350.5,19.6,592.0,0.0602,1.24,303.7,168.7,17.9
2025-06-01T08:42:00+00:00,909.4,78.31,354.1,13.95,381.0,19.6,530.5,0.0564,1.20,303.7,168.7,17.7
2025-06-01T08:43:00+00:00,963.6,79.02,349.8,14.02,358.1,18.5,534.5,0.0598,1.25,303.7,168.7,16.1
2025-06-01T08:44:00+00:00,961.1,76.99,358.3,13.93,333.4,19.2,584.5,0.0613,1.20,303.7,168.7,17.5
2025-06-01T08:45:00+00:00,1049.2,79.03,351.4,14.05,339.5,20.1,572.2,0.0562,1.13,303.7,168.7,18.5
2025-06-01T08:46:00+00:00,1044.3,82.40,356.0,13.83,357.7,20.9,549.3,0.0601,1.17,303.7,168.7,18.5
2025-06-01T08:47:00+00:00,1082.3,81.36,354.1,13.87,350.5,20.6,471.7,0.0629,1.23,303.7,168.7,17.2
2025-06-01T14:00:00+00:00,957.2,79.64,347.4,13.76,362.1,20.0,514.8,0.0565,1.20,303.7,168.7,17.7
2025-06-01T14:01:00+00:00,937.3,78.20,352.7,13.57,337.5,17.6,546.9,0.0571,1.24,303.7,168.7,16.9
2025-06-01T14:02:00+00:00,928.7,79.52,362.0,13.82,358.6,19.5,493.5,0.0562,1.17,303.7,168.7,16.2
2025-06-01T14:03:00+00:00,1071.8,79.34,355.9,13.90,338.9,21.4,539.2,0.0660,1.28,303.7,168.7,16.1
2025-06-01T14:04:00+00:00,869.1,78.16,337.2,14.12,352.5,18.4,522.9,0.0632,1.21,303.7,168.7,15.9
2025-06-01T14:05:00+00:00,1028.9,79.96,349.0,14.10,335.3,20.8,553.2,0.0569,1.19,303.7,168.7,17.5
2025-06-01T14:06:00+00:00,866.3,77.16,346.2,13.89,323.6,17.6,521.1,0.0566,1.24,303.7,168.7,16.9
2025-06-01T14:07:00+00:00,970.9,79.98,365.9,13.70,352.4,16.7,559.5,0.0576,1.21,303.7,168.7,17.6
2025-06-01T14:08:00+00:00,1011.3,77.70,354.2,13.82,353.9,19.1,603.3,0.0570,1.21,303.7,168.7,16.1
2025-06-01T14:09:00+00:00,919.6,79.38,363.7,13.82,341.5,18.3,588.7,0.0563,1.20,303.7,168.7,15.9
2025-06-01T14:10:00+00:00,1032.4,78.56,350.9,13.78,390.7,17.7,537.4,0.0570,1.20,303.7,168.7,18.0
2025-06-01T14:11:00+00:00,1002.4,78.41,355.7,13.50,365.1,20.3,586.7,0.0570,1.20,303.7,168.7,17.8
2025-06-01T14:12:00+00:00,843.5,78.90,366.6,13.86,369.0,17.6,561.1,0.0580,1.15,303.7,168.7,18.0
2025-06-01T14:13:00+00:00,1024.7,78.37,359.4,13.56,354.3,18.0,588.8,0.0606,1.17,303.7,168.7,16.3
2025-06-01T14:14:00+00:00,2234.7,79.22,346.9,13.66,381.0,18.0,557.5,0.0633,1.19,303.7,168.7,16.2
2025-06-01T14:15:00+00:00,1946.5,80.71,338.4,13.93,363.3,19.9,651.3,0.0621,1.22,303.7,168.7,15.6
2025-06-01T14:16:00+00:00,2058.7,83.25,341.0,13.78,377.8,19.0,611.2,0.0619,1.13,303.7,168.7,16.8
2025-06-01T14:17:00+00:00,2016.4,79.70,358.0,13.95,367.2,20.5,618.5,0.0691,1.15,303.7,168.7,17.3
2025-06-01T14:18:00+00:00,2022.4,81.12,340.4,14.11,374.5,18.7,638.2,0.0734,1.22,303.7,168.7,14.8
2025-06-01T14:19:00+00:00,1966.5,79.20,358.4,13.60,382.0,19.5,612.6,0.0627,1.25,303.7,168.7,16.4
2025-06-01T14:20:00+00:00,2129.2,83.10,352.0,14.01,394.5,19.1,539.0,0.0625,1.17,303.7,168.7,16.3
2025-06-01T14:21:00+00:00,2066.7,80.87,351.4,13.82,354.5,18.8,567.4,0.0720,1.20,303.7,168.7,15.8
2025-06-01T14:22:00+00:00,2031.2,83.12,353.0,13.81,371.3,19.7,582.0,0.0617,1.14,303.7,168.7,16.3
2025-06-01T14:23:00+00:00,2039.7,84.45,339.7,13.46,365.7,19.5,598.9,0.0668,1.26,303.7,168.7,15.5
2025-06-01T14:24:00+00:00,1850.9,80.14,345.3,13.92,372.4,21.3,590.8,0.0605,1.11,303.7,168.7,16.7
2025-06-01T14:25:00+00:00,2156.3,81.30,341.9,13.67,397.5,19.3,643.9,0.0634,1.24,303.7,168.7,16.2
2025-06-01T14:26:00+00:00,1981.8,80.89,343.2,13.91,375.7,17.9,663.5,0.0718,1.17,303.7,168.7,15.7
2025-06-01T14:27:00+00:00,2063.1,84.78,343.6,13.77,387.9,21.3,577.6,0.0693,1.21,303.7,168.7,16.3
2025-06-01T14:28:00+00:00,2127.7,81.32,354.0,13.82,360.5,19.6,562.1,0.0625,1.16,303.7,168.7,15.2
2025-06-01T14:29:00+00:00,2032.1,81.51,349.1,13.92,384.9,17.7,576.5,0.0615,1.12,303.7,168.7,17.0
2025-06-01T14:30:00+00:00,1929.4,81.85,350.8,13.85,372.4,20.1,568.2,0.0610,1.12,303.7,168.7,16.1
2025-06-01T14:31:00+00:00,2069.9,81.70,348.9,13.88,390.8,19.2,654.1,0.0650,1.13,303.7,168.7,16.4
2025-06-01T14:32:00+00:00,2011.6,82.75,355.3,13.89,401.1,19.8,627.6,0.0653,1.23,303.7,168.7,16.6
2025-06-01T14:33:00+00:00,1989.7,80.70,362.6,13.33,394.1,17.7,602.8,0.0719,1.23,303.7,168.7,16.2
2025-06-01T14:34:00+00:00,2026.4,81.60,357.3,13.78,382.3,16.6,653.3,0.0668,1.18,303.7,168.7,17.4
2025-06-01T14:35:00+00:00,1998.4,80.07,340.2,13.57,380.4,18.1,564.1,0.0687,1.18,303.7,168.7,17.3
2025-06-01T14:36:00+00:00,1956.0,82.99,351.6,13.80,380.4,18.1,597.8,0.0615,1.16,303.7,168.7,16.1
2025-06-01T14:37:00+00:00,2149.4,82.12,353.0,13.98,386.0,21.8,545.3,0.0727,1.18,303.7,168.7,16.7
2025-06-01T14:38:00+00:00,1812.2,82.30,344.9,13.76,378.5,18.5,531.7,0.0596,1.03,303.7,168.7,17.1
2025-06-01T14:39:00+00:00,1956.6,84.07,341.6,13.94,408.7,18.9,657.8,0.0718,1.24,303.7,168.7,16.0
2025-06-01T14:40:00+00:00,2023.0,84.44,356.2,13.64,362.0,18.4,594.9,0.0715,1.15,303.7,168.7,16.8
2025-06-01T14:41:00+00:00,2186.7,81.15,340.7,13.62,403.2,19.3,600.3,0.0632,1.20,303.7,168.7,15.8
2025-06-01T14:42:00+00:00,2037.9,81.82,363.7,13.61,383.2,21.0,579.2,0.0621,1.18,303.7,168.7,16.6
2025-06-01T14:43:00+00:00,1902.4,84.52,358.9,13.97,367.4,18.1,612.1,0.0638,1.21,303.7,168.7,15.7
2025-06-01T14:44:00+00:00,1950.0,81.92,354.3,13.80,345.8,17.8,589.7,0.0641,1.16,303.7,168.7,14.9
2025-06-01T14:45:00+00:00,2060.9,81.51,357.6,13.73,405.8,18.7,591.0,0.0658,1.16,303.7,168.7,15.9
2025-06-01T14:46:00+00:00,2025.4,83.86,341.2,14.01,388.3,19.4,573.2,0.0626,1.22,303.7,168.7,17.3
2025-06-01T14:47:00+00:00,1930.6,82.21,344.6,13.80,377.0,20.2,612.3,0.0666,1.25,303.7,168.7,15.7
2025-06-01T14:48:00+00:00,2093.1,82.44,351.9,13.76,400.0,19.6,608.8,0.0672,1.17,303.7,168.7,15.9
2025-06-01T14:49:00+00:00,2104.7,80.40,340.7,13.96,371.6,17.7,647.2,0.0649,1.25,303.7,168.7,16.8
2025-06-01T14:50:00+00:00,1907.6,82.28,346.3,13.72,372.8,17.6,657.2,0.0642,1.16,303.7,168.7,15.8
2025-06-01T14:51:00+00:00,2074.8,80.44,351.3,13.81,385.9,17.2,663.6,0.0658,1.18,303.7,168.7,19.1
2025-06-01T14:52:00+00:00,2116.8,83.04,345.4,13.81,392.9,19.3,580.1,0.0631,1.21,303.7,168.7,17.2
2025-06-01T14:53:00+00:00,1905.7,82.27,355.3,13.57,383.4,16.0,647.5,0.0613,1.14,303.7,168.7,15.5
2025-06-01T14:54:00+00:00,2041.9,82.45,348.4,13.83,385.7,17.8,596.8,0.0647,1.24,303.7,168.7,16.1
2025-06-01T14:55:00+00:00,1926.3,81.02,349.3,13.88,386.0,18.9,607.2,0.0628,1.23,303.7,168.7,18.4
2025-06-01T14:56:00+00:00,1887.2,80.67,337.9,13.87,357.9,19.9,606.4,0.0614,1.18,303.7,168.7,15.7
2025-06-01T14:57:00+00:00,2014.6,82.58,355.7,13.70,397.4,19.4,608.1,0.0635,1.30,303.7,168.7,16.9
2025-06-01T14:58:00+00:00,1999.9,81.07,349.5,13.72,395.1,17.6,636.3,0.0652,1.18,303.7,168.7,17.3
2025-06-01T14:59:00+00:00,1830.2,81.50,340.0,13.77,378.7,19.6,497.0,0.0632,1.22,303.7,168.7,16.5
2025-06-01T15:00:00+00:00,1956.9,84.08,353.2,13.93,375.5,18.8,627.1,0.0626,1.03,303.7,168.7,16.2
2025-06-01T15:01:00+00:00,1895.7,81.89,342.2,13.63,386.6,18.2,637.4,0.0620,1.22,303.7,168.7,15.9
2025-06-01T15:02:00+00:00,2141.8,83.54,340.7,13.76,371.9,17.6,609.0,0.0658,1.19,303.7,168.7,17.3
2025-06-01T15:03:00+00:00,1802.0,82.04,333.8,13.97,380.1,20.8,577.7,0.0613,1.21,303.7,168.7,16.9
2025-06-01T15:04:00+00:00,2013.8,83.30,359.7,13.64,345.8,19.1,607.5,0.0628,1.26,303.7,168.7,18.4
2025-06-01T15:05:00+00:00,2143.1,85.84,361.1,13.59,377.4,21.6,629.7,0.0701,1.11,303.7,168.7,18.1
2025-06-01T15:06:00+00:00,2218.8,82.44,342.7,13.87,375.2,18.9,642.9,0.0714,1.14,303.7,168.7,15.1
2025-06-01T15:07:00+00:00,1921.4,82.75,353.4,13.96,360.5,19.3,558.7,0.0634,1.18,303.7,168.7,18.7
2025-06-01T15:08:00+00:00,2153.8,83.45,351.1,13.81,371.9,18.2,584.7,0.0634,1.24,303.7,168.7,17.8
2025-06-01T15:09:00+00:00,2454.9,84.18,346.0,14.01,395.7,18.6,599.0,0.0641,1.15,303.7,168.7,17.5
2025-06-01T15:10:00+00:00,2440.4,84.71,345.6,13.70,373.2,17.7,606.8,0.0664,1.19,303.7,168.7,17.1
2025-06-01T15:11:00+00:00,1911.5,81.65,336.1,13.92,364.9,18.7,697.7,0.0615,1.16,303.7,168.7,16.1
2025-06-01T15:12:00+00:00,2447.3,81.37,345.8,13.76,401.5,21.3,578.3,0.0673,1.16,303.7,168.7,16.2
2025-06-01T15:13:00+00:00,2518.1,80.79,346.5,13.65,382.2,20.5,609.5,0.0645,1.16,303.7,168.7,16.9
2025-06-01T15:14:00+00:00,2000.3,81.80,354.7,13.77,390.3,19.9,609.0,0.0673,1.21,303.7,168.7,16.4
2025-06-01T15:15:00+00:00,1804.1,80.25,350.9,14.05,390.4,20.3,573.1,0.0697,1.12,303.7,168.7,17.6
2025-06-01T15:16:00+00:00,2153.6,82.39,338.7,13.77,373.6,22.4,635.6,0.0677,1.16,303.7,168.7,15.8
2025-06-01T15:17:00+00:00,2489.2,86.00,351.0,13.89,402.8,15.7,655.9,0.0755,1.24,303.7,168.7,16.0
2025-06-01T15:18:00+00:00,2087.8,82.86,353.4,13.57,390.5,19.3,620.9,0.0667,1.24,303.7,168.7,15.4
2025-06-01T15:19:00+00:00,1966.7,80.33,348.6,13.85,367.5,16.9,623.9,0.0653,1.21,303.7,168.7,16.1
2025-06-01T15:20:00+00:00,2004.8,81.44,351.3,13.81,381.8,17.8,629.1,0.0628,1.26,303.7,168.7,16.6
2025-06-01T15:21:00+00:00,1933.7,80.61,347.9,13.89,399.5,18.9,624.8,0.0693,1.20,303.7,168.7,15.8
2025-06-01T15:22:00+00:00,2000.5,81.88,347.1,13.60,364.3,18.8,617.7,0.0662,1.27,303.7,168.7,16.7
2025-06-01T15:23:00+00:00,2019.4,85.11,355.3,13.69,389.9,18.8,642.5,0.0633,1.31,303.7,168.7,17.6
2025-06-01T15:24:00+00:00,2402.2,82.89,346.7,13.91,383.9,19.0,652.9,0.0692,1.23,303.7,168.7,16.4
2025-06-01T15:25:00+00:00,2111.6,83.82,361.8,14.01,353.7,18.4,536.5,0.0681,1.20,303.7,168.7,16.8
2025-06-01T15:26:00+00:00,2162.4,82.27,338.7,13.60,376.7,16.0,599.9,0.0665,1.16,303.7,168.7,16.4
2025-06-01T15:27:00+00:00,2502.5,81.89,349.1,13.89,389.1,23.5,590.4,0.0659,1.30,303.7,168.7,15.9
2025-06-01T15:28:00+00:00,2072.2,82.83,355.2,13.85,395.1,16.7,625.0,0.0627,1.23,303.7,168.7,16.8
2025-06-01T15:29:00+00:00,1939.5,81.53,349.0,13.68,389.4,16.9,616.6,0.0617,1.17,303.7,168.7,15.4
2025-06-01T15:30:00+00:00,2418.6,81.31,338.0,13.75,404.2,16.7,658.3,0.0694,1.21,303.7,168.7,16.9
2025-06-01T15:31:00+00:00,2340.2,82.32,354.6,13.82,393.2,20.4,572.0,0.0627,1.07,303.7,168.7,17.5
2025-06-01T15:32:00+00:00,2261.4,84.31,354.1,13.68,371.5,18.2,626.3,0.0685,1.16,303.7,168.7,16.9
2025-06-01T15:33:00+00:00,2502.3,82.85,351.8,13.90,402.6,18.3,626.9,0.0640,1.12,303.7,168.7,16.6
2025-06-01T15:34:00+00:00,2394.6,83.19,347.1,13.96,395.9,19.3,638.2,0.0642,1.18,303.7,168.7,15.4
2025-06-01T15:35:00+00:00,2442.2,81.65,344.2,13.62,431.4,19.8,642.4,0.0637,1.10,303.7,168.7,15.3
2025-06-01T15:36:00+00:00,2041.6,81.91,357.3,14.01,376.9,16.5,599.8,0.0660,1.17,303.7,168.7,18.5
2025-06-01T15:37:00+00:00,2019.2,81.27,350.4,13.87,384.0,21.2,598.6,0.0620,1.17,303.7,168.7,15.5
2025-06-01T15:38:00+00:00,2168.5,82.27,358.9,13.78,406.9,15.7,669.8,0.0629,1.18,303.7,168.7,18.3
2025-06-01T15:39:00+00:00,1940.1,84.44,351.6,13.66,382.1,21.6,560.3,0.0626,1.15,303.7,168.7,17.3
2025-06-01T15:40:00+00:00,2452.3,82.98,360.9,14.04,408.3,19.1,556.1,0.0650,1.23,303.7,168.7,16.7
2025-06-01T15:41:00+00:00,2216.5,82.54,349.9,13.51,384.8,19.3,645.4,0.0634,1.19,303.7,168.7,17.2
2025-06-01T15:42:00+00:00,2010.1,82.69,348.7,13.61,405.9,17.8,592.4,0.0670,1.24,303.7,168.7,17.5
2025-06-01T15:43:00+00:00,2060.3,84.17,353.9,13.64,384.4,20.0,599.6,0.0616,1.11,303.7,168.7,17.5
2025-06-01T15:44:00+00:00,2013.9,83.08,342.1,13.71,395.8,19.4,571.2,0.0619,1.11,303.7,168.7,15.6
2025-06-01T15:45:00+00:00,2047.4,82.02,342.8,13.85,374.3,17.8,557.4,0.0625,1.20,303.7,168.7,16.7
2025-06-01T15:46:00+00:00,2019.5,81.02,366.2,13.76,385.7,17.9,561.4,0.0624,1.20,303.7,168.7,15.8
2025-06-01T15:47:00+00:00,2015.8,82.06,355.1,13.92,369.1,18.2,644.7,0.0724,1.20,303.7,168.7,17.9
2025-06-01T15:48:00+00:00,1839.7,81.00,339.6,13.84,351.2,19.2,565.4,0.0602,1.09,303.7,168.7,17.5
2025-06-01T15:49:00+00:00,1960.8,81.18,354.0,13.88,391.0,18.1,539.7,0.0638,1.20,303.7,168.7,16.5
2025-06-01T15:50:00+00:00,1894.5,80.01,346.6,13.87,382.2,20.2,639.3,0.0710,1.25,303.7,168.7,15.6
2025-06-01T15:51:00+00:00,1769.6,83.01,360.3,13.84,384.5,20.2,582.8,0.0639,1.13,303.7,168.7,16.8
2025-06-01T15:52:00+00:00,1992.2,78.46,350.9,13.65,384.1,18.3,633.6,0.0645,1.23,303.7,168.7,14.8
2025-06-01T15:53:00+00:00,2040.5,82.73,348.9,13.72,355.7,17.8,600.6,0.0640,1.16,303.7,168.7,16.9
2025-06-01T15:54:00+00:00,2162.9,82.58,351.7,13.83,409.1,17.6,636.4,0.0648,1.18,303.7,168.7,16.8
2025-06-01T15:55:00+00:00,2216.2,84.46,356.8,13.58,370.8,19.9,603.1,0.0632,1.19,303.7,168.7,16.8
2025-06-01T15:56:00+00:00,1834.5,80.89,359.8,13.81,376.0,20.1,653.1,0.0610,1.17,303.7,168.7,16.6
2025-06-01T15:57:00+00:00,1968.3,81.85,348.5,13.99,374.4,18.6,549.6,0.0629,1.28,303.7,168.7,15.4
2025-06-01T15:58:00+00:00,1869.9,82.84,350.7,13.76,356.8,20.2,577.9,0.0628,1.19,303.7,168.7,17.2
2025-06-01T15:59:00+00:00,2082.9,81.82,342.0,13.87,369.5,19.9,633.0,0.0623,1.16,303.7,168.7,15.1
2025-06-01T16:00:00+00:00,2113.5,82.54,350.2,13.63,398.3,21.1,567.1,0.0641,1.25,303.7,168.7,16.3
2025-06-01T16:01:00+00:00,1891.6,83.96,365.1,13.73,382.9,19.6,560.7,0.0672,1.17,303.7,168.7,17.3
2025-06-01T16:02:00+00:00,1922.5,83.31,358.3,13.59,384.4,19.5,603.9,0.0621,1.23,303.7,168.7,15.6
2025-06-01T16:03:00+00:00,2096.6,83.84,343.2,13.66,377.1,19.4,677.7,0.0669,1.20,303.7,168.7,15.4
2025-06-01T16:04:00+00:00,2060.2,80.93,358.4,13.92,378.4,20.2,570.9,0.0653,1.21,303.7,168.7,18.1
2025-06-01T16:05:00+00:00,1970.7,81.69,343.5,13.80,384.1,18.1,618.6,0.0653,1.16,303.7,168.7,15.1
2025-06-01T16:06:00+00:00,1847.3,82.35,342.2,13.77,391.1,20.5,580.1,0.0653,1.21,303.7,168.7,16.6
2025-06-01T16:07:00+00:00,1994.2,81.10,341.8,13.86,397.8,17.7,631.9,0.0623,1.20,303.7,168.7,16.8
2025-06-01T16:08:00+00:00,2155.9,84.53,347.2,13.83,387.2,21.2,592.5,0.0647,1.21,303.7,168.7,18.8
2025-06-01T16:09:00+00:00,2167.0,84.62,341.4,13.74,396.6,18.7,602.7,0.0619,1.09,303.7,168.7,16.8
2025-06-01T16:10:00+00:00,1969.9,82.30,346.2,13.73,380.3,20.1,567.1,0.0624,1.23,303.7,168.7,15.7
2025-06-01T16:11:00+00:00,2089.5,81.78,341.8,14.02,408.0,20.1,566.1,0.0615,1.08,303.7,168.7,18.0
2025-06-01T16:12:00+00:00,1912.9,79.86,346.7,13.72,379.4,22.7,619.8,0.0618,1.19,303.7,168.7,17.0
2025-06-01T16:13:00+00:00,2005.0,81.69,359.6,14.08,387.4,17.1,601.0,0.0619,1.17,303.7,168.7,16.6
2025-06-01T16:14:00+00:00,1945.2,82.71,353.6,13.72,386.5,22.9,548.0,0.0621,1.23,303.7,168.7,17.1
2025-06-01T16:15:00+00:00,2093.5,81.23,346.6,13.84,372.6,19.4,623.9,0.0671,1.22,303.7,168.7,15.2
2025-06-01T16:16:00+00:00,1961.2,80.73,345.2,13.63,372.1,19.1,572.4,0.0630,1.29,303.7,168.7,15.9
2025-06-01T16:17:00+00:00,2191.8,82.85,360.4,14.01,394.4,20.2,592.2,0.0630,1.19,303.7,168.7,16.6
2025-06-01T16:18:00+00:00,2070.8,84.52,358.6,13.73,394.3,16.2,620.3,0.0621,1.17,303.7,168.7,16.1
2025-06-01T16:19:00+00:00,1981.0,82.94,361.2,13.86,383.5,16.2,641.2,0.0616,1.14,303.7,168.7,15.0
2025-06-01T16:20:00+00:00,2128.5,82.80,343.4,13.73,392.3,19.1,650.5,0.0622,1.15,303.7,168.7,16.8
2025-06-01T16:21:00+00:00,2052.7,82.90,349.2,13.90,372.1,21.4,606.4,0.0672,1.28,303.7,168.7,15.1
2025-06-01T16:22:00+00:00,2081.5,80.67,344.6,13.87,380.6,20.5,624.8,0.0633,1.16,303.7,168.7,15.5
2025-06-01T16:23:00+00:00,2134.4,85.19,361.5,14.09,397.7,16.9,629.5,0.0630,1.22,303.7,168.7,16.8
2025-06-01T16:24:00+00:00,2096.2,82.18,354.0,13.96,396.2,18.3,593.2,0.0631,1.15,303.7,168.7,16.0
2025-06-01T16:25:00+00:00,1746.5,81.32,355.2,13.71,379.7,16.8,633.5,0.0606,1.15,303.7,168.7,16.9
2025-06-01T16:26:00+00:00,1821.9,79.99,355.4,13.85,379.3,20.5,628.3,0.0614,1.21,303.7,168.7,16.6
2025-06-01T16:27:00+00:00,1997.9,82.48,346.3,13.63,365.1,19.4,634.5,0.0622,1.21,303.7,168.7,16.1
2025-06-01T16:28:00+00:00,1945.5,82.91,363.2,13.77,363.0,18.7,602.8,0.0631,1.19,303.7,168.7,17.4
2025-06-01T16:29:00+00:00,2038.8,82.22,348.9,13.72,389.6,19.3,631.5,0.0638,1.21,303.7,168.7,16.0
2025-06-01T16:30:00+00:00,2144.1,83.11,346.7,13.71,401.6,18.0,547.0,0.0632,1.22,303.7,168.7,15.4
2025-06-01T16:31:00+00:00,2018.0,80.03,348.7,13.81,387.2,21.2,581.4,0.0629,1.19,303.7,168.7,16.6
2025-06-01T16:32:00+00:00,2158.3,83.93,346.1,13.86,360.0,19.5,619.4,0.0637,1.27,303.7,168.7,15.9
2025-06-01T16:33:00+00:00,1958.5,83.86,351.8,13.96,390.8,17.3,545.5,0.0613,1.12,303.7,168.7,15.4
2025-06-01T16:34:00+00:00,1967.5,81.78,348.6,13.79,374.7,19.7,613.4,0.0681,1.22,303.7,168.7,16.5
2025-06-01T16:35:00+00:00,2127.8,82.25,353.5,13.77,386.4,20.8,566.0,0.0632,1.22,303.7,168.7,16.5
2025-06-01T16:36:00+00:00,911.6,78.17,357.3,14.06,340.9,17.7,560.8,0.0563,1.20,303.7,168.7,16.5
2025-06-01T16:37:00+00:00,954.3,80.38,368.5,13.91,353.1,18.1,597.3,0.0595,1.28,303.7,168.7,16.9
2025-06-01T16:38:00+00:00,902.6,76.09,358.6,13.66,346.9,18.0,543.1,0.0620,1.17,303.7,168.7,15.6
2025-06-01T16:39:00+00:00,1116.7,80.56,350.5,14.15,351.2,17.9,599.7,0.0578,1.24,303.7,168.7,17.0
2025-06-01T16:40:00+00:00,1016.5,77.07,360.0,13.77,351.0,18.4,563.5,0.0570,1.22,303.7,168.7,17.6
2025-06-01T16:41:00+00:00,826.6,75.09,370.9,13.44,337.7,18.4,580.3,0.0548,1.09,303.7,168.7,17.0
2025-06-01T16:42:00+00:00,869.8,77.97,358.8,13.87,357.3,20.7,566.0,0.0667,1.18,303.7,168.7,17.4
2025-06-01T16:43:00+00:00,965.0,78.68,364.5,13.75,328.8,19.1,556.8,0.0559,1.12,303.7,168.7,17.5
2025-06-01T16:44:00+00:00,1039.4,79.82,362.1,13.81,347.3,21.0,564.4,0.0580,1.28,303.7,168.7,18.5
2025-06-01T16:45:00+00:00,1068.0,79.73,355.0,13.74,339.0,20.9,545.6,0.0583,1.21,303.7,168.7,17.0
2025-06-01T16:46:00+00:00,860.8,79.57,374.2,13.69,345.1,19.0,581.8,0.0557,1.13,303.7,168.7,16.7
2025-06-01T16:47:00+00:00,857.5,79.43,345.8,13.98,371.9,19.4,552.6,0.0577,1.23,303.7,168.7,16.8
2025-06-01T16:48:00+00:00,985.4,80.19,341.1,13.91,334.4,18.9,588.2,0.0575,1.28,303.7,168.7,15.2
2025-06-02T06:00:00+00:00,1088.2,77.72,370.4,13.83,348.7,21.6,593.0,0.0479,0.21,121.4,256.4,4.6
2025-06-02T06:01:00+00:00,898.9,80.77,355.6,13.79,361.9,18.6,492.3,0.0470,0.18,121.4,256.4,4.0
2025-06-02T06:02:00+00:00,854.7,78.77,357.9,14.11,345.2,18.8,558.4,0.0471,0.31,121.4,256.4,3.5
2025-06-02T06:03:00+00:00,993.3,75.75,357.5,13.82,352.7,21.2,516.7,0.0482,0.33,121.4,256.4,4.9
2025-06-02T06:04:00+00:00,911.9,77.88,365.6,13.68,356.6,20.2,614.9,0.0471,0.27,121.4,256.4,6.6
2025-06-02T06:05:00+00:00,860.8,77.58,354.8,13.70,329.2,18.3,534.5,0.0481,0.29,121.4,256.4,5.2
2025-06-02T06:06:00+00:00,907.3,79.68,351.7,13.74,358.7,19.5,570.0,0.0470,0.26,121.4,256.4,7.7
2025-06-02T06:07:00+00:00,871.4,79.36,357.8,13.94,348.0,18.9,554.7,0.0532,0.35,121.4,256.4,5.0
2025-06-02T06:08:00+00:00,969.7,81.43,352.9,14.14,352.1,19.5,586.9,0.0520,0.38,121.4,256.4,3.6
2025-06-02T06:09:00+00:00,993.6,78.49,358.5,13.68,349.6,17.9,551.6,0.0490,0.29,121.4,256.4,5.1
2025-06-02T06:10:00+00:00,939.2,78.78,361.1,13.70,347.2,18.3,556.9,0.0482,0.36,121.4,256.4,4.2
2025-06-02T06:11:00+00:00,862.5,80.52,362.7,13.89,338.7,19.7,600.1,0.0489,0.28,121.4,256.4,5.2
2025-06-02T06:12:00+00:00,848.9,79.16,349.9,13.93,343.6,20.3,524.1,0.0466,0.25,121.4,256.4,5.8
2025-06-02T06:13:00+00:00,812.8,81.14,350.9,13.82,349.1,18.4,558.8,0.0503,0.27,121.4,256.4,2.9
2025-06-02T06:14:00+00:00,796.1,75.46,364.7,13.72,334.6,22.5,519.7,0.0485,0.20,121.4,256.4,5.0
2025-06-02T06:15:00+00:00,2131.7,81.56,367.0,13.53,375.8,18.1,613.4,0.0540,0.32,121.4,256.4,4.5
2025-06-02T06:16:00+00:00,1962.8,79.48,354.1,13.70,365.9,18.6,543.8,0.0580,0.22,121.4,256.4,5.3
2025-06-02T06:17:00+00:00,2082.3,82.27,357.4,13.92,390.1,20.1,602.0,0.0536,0.29,121.4,256.4,3.0
2025-06-02T06:18:00+00:00,2156.6,82.94,339.2,14.03,363.1,21.7,664.1,0.0535,0.24,121.4,256.4,5.7
2025-06-02T06:19:00+00:00,1950.8,83.75,336.0,13.97,367.5,18.1,612.1,0.0525,0.26,121.4,256.4,4.4
2025-06-02T06:20:00+00:00,2186.4,82.47,346.3,13.62,392.3,16.7,588.2,0.0596,0.23,121.4,256.4,3.5
2025-06-02T06:21:00+00:00,2188.5,81.86,342.2,13.94,376.6,17.1,641.2,0.0625,0.27,121.4,256.4,6.1
2025-06-02T06:22:00+00:00,2382.6,81.97,350.8,13.73,379.8,19.2,622.3,0.0554,0.31,121.4,256.4,4.0
2025-06-02T06:23:00+00:00,1983.4,82.55,346.9,13.74,393.1,18.7,578.1,0.0527,0.28,121.4,256.4,4.9
2025-06-02T06:24:00+00:00,1848.6,82.23,351.2,13.90,345.3,19.9,548.4,0.0580,0.34,121.4,256.4,3.4
2025-06-02T06:25:00+00:00,1872.7,80.75,348.6,13.79,384.6,19.1,648.5,0.0558,0.25,121.4,256.4,4.0
2025-06-02T06:26:00+00:00,1974.1,82.54,349.6,13.67,398.4,18.0,610.2,0.0575,0.25,121.4,256.4,4.5
2025-06-02T06:27:00+00:00,2044.0,82.04,348.5,13.96,359.3,17.7,602.5,0.0533,0.28,121.4,256.4,4.8
2025-06-02T06:28:00+00:00,2013.2,79.98,351.2,13.74,387.6,21.3,565.9,0.0525,0.22,121.4,256.4,6.2
2025-06-02T06:29:00+00:00,1971.0,84.17,343.6,13.70,381.2,21.1,596.1,0.0533,0.32,121.4,256.4,5.2
2025-06-02T06:30:00+00:00,2077.8,82.77,361.0,13.66,377.0,18.3,621.8,0.0532,0.25,121.4,256.4,5.6
2025-06-02T06:31:00+00:00,1976.7,82.41,352.8,13.81,366.2,22.5,608.4,0.0527,0.27,121.4,256.4,4.3
2025-06-02T06:32:00+00:00,1849.5,79.41,346.8,13.94,361.4,18.6,581.3,0.0629,0.31,121.4,256.4,5.1
2025-06-02T06:33:00+00:00,2211.7,84.18,351.2,13.78,413.1,17.5,594.8,0.0542,0.29,121.4,256.4,4.4
2025-06-02T06:34:00+00:00,1884.0,78.80,340.6,13.73,379.3,20.6,568.7,0.0541,0.12,121.4,256.4,5.6
2025-06-02T06:35:00+00:00,2007.1,81.72,350.5,13.89,362.2,20.3,565.1,0.0532,0.31,121.4,256.4,4.4
2025-06-02T06:36:00+00:00,1884.9,79.13,356.1,14.07,381.5,16.3,573.9,0.0563,0.29,121.4,256.4,4.9
2025-06-02T06:37:00+00:00,2001.1,83.41,342.8,13.78,383.6,17.4,591.7,0.0529,0.27,121.4,256.4,7.2
2025-06-02T06:38:00+00:00,1998.3,84.24,354.3,13.87,365.8,18.5,610.8,0.0556,0.20,121.4,256.4,4.5
2025-06-02T06:39:00+00:00,1974.3,81.73,362.0,13.69,398.5,17.8,628.6,0.0534,0.33,121.4,256.4,4.2
2025-06-02T06:40:00+00:00,2109.4,84.01,352.1,13.69,376.1,17.4,625.3,0.0576,0.26,121.4,256.4,4.9
2025-06-02T06:41:00+00:00,1921.3,83.57,347.2,13.68,375.2,18.6,610.0,0.0590,0.25,121.4,256.4,5.9
2025-06-02T06:42:00+00:00,2042.7,84.10,344.9,13.95,388.4,17.5,596.4,0.0538,0.25,121.4,256.4,6.8
2025-06-02T06:43:00+00:00,2081.2,83.32,351.6,13.98,365.4,19.8,566.0,0.0560,0.33,121.4,256.4,5.5
2025-06-02T06:44:00+00:00,1859.2,81.55,338.7,14.04,364.5,18.8,618.5,0.0561,0.29,121.4,256.4,4.1
2025-06-02T06:45:00+00:00,1995.3,82.36,344.3,13.90,395.0,16.7,680.3,0.0526,0.24,121.4,256.4,5.9
2025-06-02T06:46:00+00:00,2406.8,82.04,358.9,13.88,395.5,18.5,659.1,0.0551,0.27,121.4,256.4,3.7
2025-06-02T06:47:00+00:00,2074.6,80.59,360.5,13.50,393.9,16.5,609.2,0.0536,0.31,121.4,256.4,5.3
2025-06-02T06:48:00+00:00,1961.5,83.58,360.0,13.98,356.2,18.8,623.0,0.0519,0.18,121.4,256.4,5.1
2025-06-02T06:49:00+00:00,2027.9,81.50,348.7,13.76,383.5,16.8,581.7,0.0533,0.29,121.4,256.4,4.3
2025-06-02T06:50:00+00:00,2031.3,80.27,352.0,13.81,389.6,19.3,620.9,0.0527,0.24,121.4,256.4,4.3
2025-06-02T06:51:00+00:00,2026.8,81.12,346.4,13.97,392.4,20.2,605.5,0.0528,0.25,121.4,256.4,5.9
2025-06-02T06:52:00+00:00,2176.6,83.88,357.0,13.97,377.5,21.4,608.1,0.0549,0.37,121.4,256.4,4.8
2025-06-02T06:53:00+00:00,2068.2,79.72,339.5,13.91,372.9,21.1,608.8,0.0532,0.26,121.4,256.4,4.0
2025-06-02T06:54:00+00:00,2039.5,82.95,350.7,14.06,380.0,21.3,615.3,0.0527,0.24,121.4,256.4,3.5
2025-06-02T06:55:00+00:00,1985.7,81.64,356.9,13.88,391.4,20.9,573.1,0.0580,0.23,121.4,256.4,3.2
2025-06-02T06:56:00+00:00,2068.0,79.66,368.0,13.92,387.6,17.8,647.0,0.0532,0.26,121.4,256.4,4.9
2025-06-02T06:57:00+00:00,2049.1,82.97,351.7,13.75,381.8,20.0,642.0,0.0523,0.19,121.4,256.4,5.6
2025-06-02T06:58:00+00:00,2015.6,82.89,322.1,13.92,387.4,17.2,630.1,0.0610,0.24,121.4,256.4,4.3
2025-06-02T06:59:00+00:00,2083.1,81.40,346.5,13.86,380.6,18.6,665.8,0.0558,0.32,121.4,256.4,6.3
2025-06-02T07:00:00+00:00,1999.7,83.61,353.9,13.60,375.4,17.3,622.0,0.0530,0.28,121.4,256.4,5.5
2025-06-02T07:01:00+00:00,2053.5,83.32,338.1,13.64,369.7,16.8,569.3,0.0533,0.28,121.4,256.4,5.6
2025-06-02T07:02:00+00:00,2077.9,81.96,353.9,13.72,372.4,18.0,612.2,0.0540,0.32,121.4,256.4,3.9
2025-06-02T07:03:00+00:00,2126.8,82.27,349.0,13.80,370.6,20.0,626.8,0.0575,0.17,121.4,256.4,4.5
2025-06-02T07:04:00+00:00,1837.0,82.96,349.2,13.98,370.7,20.9,633.3,0.0561,0.36,121.4,256.4,4.1
2025-06-02T07:05:00+00:00,2017.3,83.03,341.7,13.88,357.1,19.3,617.4,0.0534,0.31,121.4,256.4,5.5
2025-06-02T07:06:00+00:00,1953.4,81.74,354.5,13.66,378.9,19.7,573.3,0.0519,0.19,121.4,256.4,4.2
2025-06-02T07:07:00+00:00,1925.2,83.34,364.1,13.71,369.2,18.5,624.1,0.0592,0.25,121.4,256.4,4.2
2025-06-02T07:08:00+00:00,2139.9,81.17,363.1,13.71,382.8,21.8,602.2,0.0527,0.18,121.4,256.4,5.2
2025-06-02T07:09:00+00:00,1832.3,80.60,351.8,13.32,372.7,18.9,626.8,0.0521,0.27,121.4,256.4,4.0
2025-06-02T07:10:00+00:00,2114.0,79.42,373.7,13.94,402.3,18.4,615.3,0.0529,0.21,121.4,256.4,3.4
2025-06-02T07:11:00+00:00,1752.1,85.16,367.7,13.71,391.1,18.4,554.2,0.0516,0.26,121.4,256.4,5.6
2025-06-02T07:12:00+00:00,2444.9,87.22,344.0,13.58,377.1,17.5,638.2,0.0550,0.24,121.4,256.4,5.3
2025-06-02T07:13:00+00:00,2399.9,85.43,347.2,13.82,405.6,17.5,627.9,0.0576,0.34,121.4,256.4,5.6
2025-06-02T07:14:00+00:00,1982.2,85.31,331.7,13.68,362.7,20.6,605.2,0.0531,0.28,121.4,256.4,5.8
2025-06-02T07:15:00+00:00,2516.1,83.36,341.6,13.65,369.5,16.7,599.4,0.0549,0.19,121.4,256.4,3.7
2025-06-02T07:16:00+00:00,1928.0,83.26,342.5,14.09,384.6,17.4,565.1,0.0530,0.33,121.4,256.4,5.1
2025-06-02T07:17:00+00:00,2169.1,83.42,353.5,13.29,374.9,17.9,615.7,0.0574,0.32,121.4,256.4,5.0
2025-06-02T07:18:00+00:00,2417.9,84.22,338.8,13.89,399.9,18.9,610.1,0.0550,0.26,121.4,256.4,5.6
2025-06-02T07:19:00+00:00,2265.8,85.46,346.3,13.91,378.9,22.3,613.8,0.0567,0.16,121.4,256.4,5.2
2025-06-02T07:20:00+00:00,2447.7,84.31,361.4,13.75,409.8,19.8,664.5,0.0546,0.21,121.4,256.4,4.6
2025-06-02T07:21:00+00:00,1712.3,79.71,351.3,13.95,362.4,21.3,592.8,0.0563,0.26,121.4,256.4,5.9
2025-06-02T07:22:00+00:00,2505.3,83.99,338.7,13.98,399.0,17.3,609.2,0.0587,0.31,121.4,256.4,4.6
2025-06-02T07:23:00+00:00,2421.1,84.30,344.1,13.94,406.8,16.0,612.7,0.0565,0.16,121.4,256.4,5.3
2025-06-02T07:24:00+00:00,1915.7,82.20,346.8,13.91,395.6,18.2,564.4,0.0531,0.32,121.4,256.4,3.9
2025-06-02T07:25:00+00:00,1975.4,82.42,345.6,13.80,371.7,18.6,611.8,0.0694,0.27,121.4,256.4,6.3
2025-06-02T07:26:00+00:00,2490.7,82.97,347.1,14.05,396.9,19.0,635.8,0.0553,0.25,121.4,256.4,3.4
2025-06-02T07:27:00+00:00,2519.0,84.52,348.8,13.44,412.6,20.0,635.5,0.0561,0.31,121.4,256.4,5.9
2025-06-02T07:28:00+00:00,2138.0,82.36,324.8,13.66,385.7,18.0,624.1,0.0538,0.30,121.4,256.4,5.1
2025-06-02T07:29:00+00:00,1887.0,78.58,337.3,13.57,371.3,19.9,577.5,0.0522,0.27,121.4,256.4,4.2
2025-06-02T07:30:00+00:00,1843.9,82.28,356.1,14.12,379.5,17.2,572.5,0.0562,0.23,121.4,256.4,5.1
2025-06-02T07:31:00+00:00,2143.7,83.24,357.3,13.92,382.7,19.1,545.4,0.0619,0.30,121.4,256.4,5.3
2025-06-02T07:32:00+00:00,1963.4,81.19,343.9,13.78,383.5,18.3,561.6,0.0525,0.25,121.4,256.4,5.5
2025-06-02T07:33:00+00:00,2005.1,84.10,356.9,13.52,370.1,20.8,657.4,0.0536,0.33,121.4,256.4,5.1
2025-06-02T07:34:00+00:00,2025.3,80.46,347.4,13.77,387.9,17.6,612.7,0.0541,0.24,121.4,256.4,5.5
2025-06-02T07:35:00+00:00,2255.0,81.80,341.2,13.72,390.6,18.3,654.6,0.0538,0.22,121.4,256.4,5.0
2025-06-02T07:36:00+00:00,2112.2,80.26,351.8,13.83,394.9,21.5,622.3,0.0544,0.36,121.4,256.4,2.5
2025-06-02T07:37:00+00:00,2431.3,83.36,340.4,14.01,392.2,21.7,580.9,0.0552,0.28,121.4,256.4,4.9
2025-06-02T07:38:00+00:00,1953.2,83.62,345.1,13.54,374.5,17.1,573.2,0.0542,0.29,121.4,256.4,5.7
2025-06-02T07:39:00+00:00,1938.9,82.17,358.2,13.97,373.1,19.3,630.1,0.0521,0.21,121.4,256.4,4.7
2025-06-02T07:40:00+00:00,1933.2,82.59,335.5,13.87,374.4,20.8,694.1,0.0560,0.29,121.4,256.4,4.9
2025-06-02T07:41:00+00:00,1786.7,81.12,343.5,13.95,364.3,18.1,552.3,0.0575,0.30,121.4,256.4,5.0
2025-06-02T07:42:00+00:00,2075.8,81.06,349.3,13.87,386.3,19.2,625.5,0.0523,0.17,121.4,256.4,5.4
2025-06-02T07:43:00+00:00,2521.3,84.02,346.9,13.69,417.8,16.2,666.4,0.0590,0.21,121.4,256.4,3.8
2025-06-02T07:44:00+00:00,2450.7,84.49,360.3,13.73,388.9,19.6,627.5,0.0550,0.24,121.4,256.4,4.7
2025-06-02T07:45:00+00:00,2617.3,82.17,364.5,13.92,382.6,19.6,639.5,0.0586,0.27,121.4,256.4,4.7
2025-06-02T07:46:00+00:00,1883.2,82.67,362.3,13.83,373.8,19.1,564.8,0.0534,0.21,121.4,256.4,5.6
2025-06-02T07:47:00+00:00,2127.5,82.60,340.1,13.57,387.8,20.7,578.4,0.0602,0.26,121.4,256.4,5.2
2025-06-02T07:48:00+00:00,2059.3,80.01,351.8,13.84,375.1,20.4,590.2,0.0529,0.25,121.4,256.4,6.3
2025-06-02T07:49:00+00:00,1976.2,82.84,359.4,13.97,375.0,19.6,556.7,0.0547,0.27,121.4,256.4,5.3
2025-06-02T07:50:00+00:00,1840.7,82.79,346.5,13.69,369.2,19.0,609.2,0.0514,0.20,121.4,256.4,3.3
2025-06-02T07:51:00+00:00,2101.0,80.98,357.3,13.73,365.0,19.8,635.0,0.0644,0.23,121.4,256.4,4.6
2025-06-02T07:52:00+00:00,2015.4,80.81,356.2,13.86,390.9,18.1,600.6,0.0540,0.37,121.4,256.4,5.2
2025-06-02T07:53:00+00:00,2041.8,81.85,349.3,13.93,391.3,19.5,605.6,0.0526,0.22,121.4,256.4,4.6
2025-06-02T07:54:00+00:00,2236.1,84.15,348.9,13.62,375.6,20.4,630.9,0.0535,0.21,121.4,256.4,6.7
2025-06-02T07:55:00+00:00,2084.8,83.08,346.7,13.81,385.9,18.1,599.2,0.0557,0.27,121.4,256.4,4.6
2025-06-02T07:56:00+00:00,1971.6,80.39,346.2,14.00,361.3,19.6,527.7,0.0539,0.30,121.4,256.4,2.4
2025-06-02T07:57:00+00:00,2210.7,83.97,350.8,14.10,401.5,18.2,620.2,0.0540,0.27,121.4,256.4,6.9
2025-06-02T07:58:00+00:00,1960.0,85.02,354.1,13.90,392.0,17.2,618.0,0.0527,0.26,121.4,256.4,4.7
2025-06-02T07:59:00+00:00,1831.1,82.98,347.4,14.16,391.6,21.2,576.4,0.0517,0.24,121.4,256.4,4.7
2025-06-02T08:00:00+00:00,2095.3,81.88,356.5,13.77,362.9,21.4,593.8,0.0528,0.21,121.4,256.4,4.1
2025-06-02T08:01:00+00:00,2031.7,82.12,355.4,13.92,361.9,19.1,652.1,0.0527,0.23,121.4,256.4,4.1
2025-06-02T08:02:00+00:00,2059.0,82.69,340.7,13.70,386.2,20.0,596.3,0.0526,0.22,121.4,256.4,5.2
2025-06-02T08:03:00+00:00,1977.6,83.40,346.0,13.91,368.5,20.6,562.9,0.0541,0.23,121.4,256.4,5.5
2025-06-02T08:04:00+00:00,1979.1,83.07,340.7,13.56,357.7,20.1,618.6,0.0533,0.32,121.4,256.4,5.5
2025-06-02T08:05:00+00:00,2095.3,83.49,340.5,13.72,367.4,19.5,627.8,0.0585,0.28,121.4,256.4,5.2
2025-06-02T08:06:00+00:00,2102.6,81.19,344.8,13.70,381.0,20.8,613.9,0.0556,0.34,121.4,256.4,5.6
2025-06-02T08:07:00+00:00,2121.6,80.42,349.2,13.85,371.8,17.3,670.3,0.0543,0.35,121.4,256.4,5.7
2025-06-02T08:08:00+00:00,1934.4,81.74,353.0,13.92,381.5,18.0,642.4,0.0568,0.23,121.4,256.4,4.1
2025-06-02T08:09:00+00:00,1906.3,82.17,366.2,13.82,377.3,19.0,536.5,0.0526,0.29,121.4,256.4,5.2
2025-06-02T08:10:00+00:00,2005.3,82.50,353.0,13.77,390.9,18.8,579.8,0.0575,0.28,121.4,256.4,4.0
2025-06-02T08:11:00+00:00,2110.6,82.21,345.1,13.52,366.3,18.6,610.3,0.0644,0.27,121.4,256.4,3.5
2025-06-02T08:12:00+00:00,2141.9,81.91,356.8,13.74,376.9,21.3,579.7,0.0532,0.23,121.4,256.4,4.6
2025-06-02T08:13:00+00:00,2160.6,86.27,341.0,13.74,414.6,21.6,604.8,0.0531,0.20,121.4,256.4,4.7
2025-06-02T08:14:00+00:00,1707.2,80.85,350.3,13.82,387.4,19.3,602.9,0.0508,0.21,121.4,256.4,4.7
2025-06-02T08:15:00+00:00,1995.8,80.50,337.2,14.05,386.5,19.4,572.3,0.0530,0.28,121.4,256.4,4.0
2025-06-02T08:16:00+00:00,1957.6,81.99,351.7,13.62,374.9,21.5,596.3,0.0535,0.36,121.4,256.4,6.0
2025-06-02T08:17:00+00:00,1970.6,81.91,342.5,13.70,365.8,19.0,544.9,0.0526,0.25,121.4,256.4,3.5
2025-06-02T08:18:00+00:00,1957.3,80.55,363.9,13.96,383.1,20.8,555.5,0.0528,0.27,121.4,256.4,4.3
2025-06-02T08:19:00+00:00,2109.3,84.42,351.8,13.82,385.1,19.1,626.0,0.0539,0.30,121.4,256.4,4.3
2025-06-02T08:20:00+00:00,2188.9,84.45,345.4,13.94,388.1,18.7,584.5,0.0547,0.34,121.4,256.4,3.9
2025-06-02T08:21:00+00:00,2149.9,81.40,348.6,13.98,384.8,21.2,606.9,0.0555,0.31,121.4,256.4,3.4
2025-06-02T08:22:00+00:00,2050.8,83.65,361.5,13.83,383.6,21.7,610.8,0.0591,0.33,121.4,256.4,6.2
2025-06-02T08:23:00+00:00,2059.0,81.27,350.7,14.07,380.2,18.8,622.0,0.0531,0.24,121.4,256.4,3.8
2025-06-02T08:24:00+00:00,1974.4,81.66,358.6,13.80,373.3,20.5,612.2,0.0520,0.19,121.4,256.4,4.3
2025-06-02T08:25:00+00:00,2042.2,82.88,348.9,13.76,371.4,18.5,637.2,0.0570,0.23,121.4,256.4,3.3
2025-06-02T08:26:00+00:00,1922.2,80.05,365.0,14.08,382.3,18.6,608.6,0.0513,0.15,121.4,256.4,5.8
2025-06-02T08:27:00+00:00,2124.7,82.09,349.2,13.67,397.9,18.5,600.0,0.0595,0.28,121.4,256.4,4.8
2025-06-02T08:28:00+00:00,2027.2,82.33,355.4,13.56,403.4,16.8,600.3,0.0569,0.34,121.4,256.4,2.9
2025-06-02T08:29:00+00:00,1959.0,82.30,343.4,13.62,370.6,17.9,559.2,0.0532,0.26,121.4,256.4,4.2
2025-06-02T08:30:00+00:00,2239.6,81.63,348.9,13.90,363.0,18.9,624.5,0.0546,0.32,121.4,256.4,4.5
2025-06-02T08:31:00+00:00,1857.3,79.95,336.2,13.94,385.0,19.7,602.9,0.0573,0.17,121.4,256.4,4.9
2025-06-02T08:32:00+00:00,2046.8,84.49,335.3,13.75,363.7,18.9,605.6,0.0533,0.28,121.4,256.4,6.0
2025-06-02T08:33:00+00:00,1903.5,83.28,352.6,13.59,365.3,17.2,591.2,0.0528,0.31,121.4,256.4,2.9
2025-06-02T08:34:00+00:00,2037.0,84.32,339.8,14.20,379.9,19.0,573.9,0.0636,0.23,121.4,256.4,2.6
2025-06-02T08:35:00+00:00,1983.6,82.56,353.8,13.67,378.0,21.1,547.3,0.0531,0.30,121.4,256.4,4.6
2025-06-02T08:36:00+00:00,2161.0,85.21,349.0,13.90,379.5,17.9,626.7,0.0537,0.28,121.4,256.4,3.5
2025-06-02T08:37:00+00:00,2008.4,83.02,336.0,13.67,381.5,19.5,556.3,0.0545,0.21,121.4,256.4,6.7
2025-06-02T08:38:00+00:00,2010.6,83.65,334.4,13.66,389.1,19.5,549.3,0.0526,0.23,121.4,256.4,4.3
2025-06-02T08:39:00+00:00,1856.9,81.69,353.2,13.80,366.5,19.0,592.5,0.0531,0.35,121.4,256.4,5.4
2025-06-02T08:40:00+00:00,2097.8,82.35,348.8,13.52,394.0,16.8,661.2,0.0534,0.27,121.4,256.4,4.0
2025-06-02T08:41:00+00:00,1902.1,81.14,335.9,13.86,373.7,17.9,547.0,0.0527,0.22,121.4,256.4,6.4
2025-06-02T08:42:00+00:00,1950.7,85.27,342.7,14.05,394.9,17.0,604.7,0.0553,0.36,121.4,256.4,5.2
2025-06-02T08:43:00+00:00,970.2,76.89,358.6,13.96,316.3,18.1,557.7,0.0501,0.31,121.4,256.4,4.4
2025-06-02T08:44:00+00:00,1038.0,78.14,354.0,13.95,352.6,18.7,570.5,0.0535,0.35,121.4,256.4,3.4
2025-06-02T08:45:00+00:00,996.0,82.52,371.6,13.73,339.2,19.4,594.0,0.0471,0.23,121.4,256.4,4.6
2025-06-02T08:46:00+00:00,884.4,77.86,361.4,13.87,337.4,19.1,551.0,0.0486,0.30,121.4,256.4,6.0
2025-06-02T08:47:00+00:00,902.5,77.03,342.9,13.60,364.0,18.7,538.8,0.0470,0.26,121.4,256.4,4.1
2025-06-02T08:48:00+00:00,980.8,78.80,367.8,13.76,346.5,18.3,505.1,0.0487,0.34,121.4,256.4,5.0
2025-06-02T08:49:00+00:00,964.6,78.27,366.7,13.88,362.5,18.3,550.9,0.0498,0.29,121.4,256.4,3.8
2025-06-02T08:50:00+00:00,1130.7,77.33,337.8,13.93,343.8,20.0,540.7,0.0483,0.28,121.4,256.4,6.2
2025-06-02T08:51:00+00:00,1023.4,78.59,374.9,13.98,326.3,19.3,554.1,0.0476,0.28,121.4,256.4,5.2
2025-06-02T08:52:00+00:00,881.1,79.42,360.1,13.59,335.9,19.9,534.2,0.0521,0.42,121.4,256.4,1.9
2025-06-02T08:53:00+00:00,1095.0,79.75,351.2,13.88,360.1,18.4,541.8,0.0490,0.35,121.4,256.4,4.7
2025-06-02T08:54:00+00:00,988.3,79.61,365.9,13.71,345.0,17.7,538.4,0.0462,0.15,121.4,256.4,5.1
2025-06-02T08:55:00+00:00,963.5,79.77,347.9,13.78,363.6,15.8,590.5,0.0468,0.19,121.4,256.4,5.1
2025-06-02T08:56:00+00:00,1007.8,78.37,363.4,13.63,352.5,21.4,566.6,0.0475,0.26,121.4,256.4,4.0
2025-06-02T14:00:00+00:00,949.0,78.16,351.1,13.98,363.3,19.0,536.8,0.0483,0.33,121.4,256.4,6.1
2025-06-02T14:01:00+00:00,995.6,79.04,372.0,13.85,345.6,18.2,591.5,0.0542,0.37,121.4,256.4,2.8
2025-06-02T14:02:00+00:00,1065.0,79.10,357.1,13.64,366.0,20.6,550.3,0.0477,0.24,121.4,256.4,6.0
2025-06-02T14:03:00+00:00,1069.3,78.71,362.3,13.96,341.9,17.4,588.7,0.0505,0.27,121.4,256.4,3.1
2025-06-02T14:04:00+00:00,825.9,79.71,361.8,13.99,366.4,18.7,519.4,0.0493,0.30,121.4,256.4,3.6
2025-06-02T14:05:00+00:00,940.8,77.99,362.8,13.82,369.9,19.4,562.5,0.0474,0.23,121.4,256.4,6.4
2025-06-02T14:06:00+00:00,901.8,77.60,347.4,13.81,345.2,18.8,583.5,0.0529,0.29,121.4,256.4,5.4
2025-06-02T14:07:00+00:00,916.5,79.07,353.4,13.83,356.9,23.5,559.1,0.0471,0.28,121.4,256.4,4.4
2025-06-02T14:08:00+00:00,1080.8,80.90,366.4,13.96,352.2,19.3,579.9,0.0524,0.18,121.4,256.4,5.1
2025-06-02T14:09:00+00:00,983.2,80.27,353.1,13.93,363.7,18.5,529.8,0.0476,0.28,121.4,256.4,5.2
2025-06-02T14:10:00+00:00,932.9,76.49,355.9,13.81,335.4,18.1,573.9,0.0498,0.29,121.4,256.4,5.7
2025-06-02T14:11:00+00:00,1057.9,78.15,362.9,13.68,362.0,20.1,564.0,0.0489,0.30,121.4,256.4,3.6
2025-06-02T14:12:00+00:00,1095.3,80.04,356.7,13.54,351.2,19.0,565.5,0.0484,0.32,121.4,256.4,5.0
2025-06-02T14:13:00+00:00,1006.1,79.57,348.0,13.93,363.0,19.6,594.1,0.0497,0.29,121.4,256.4,5.6
2025-06-02T14:14:00+00:00,1061.8,81.26,344.6,13.78,346.3,19.2,583.9,0.0523,0.17,121.4,256.4,5.1
2025-06-02T14:15:00+00:00,2197.0,84.13,347.2,13.80,381.3,19.4,614.7,0.0536,0.23,121.4,256.4,5.3
2025-06-02T14:16:00+00:00,1885.7,80.83,354.3,13.72,382.5,17.5,603.4,0.0525,0.28,121.4,256.4,5.5
2025-06-02T14:17:00+00:00,1979.5,81.14,353.1,13.89,392.3,21.5,621.1,0.0602,0.31,121.4,256.4,2.4
2025-06-02T14:18:00+00:00,2010.8,83.05,359.6,13.73,386.6,21.8,601.6,0.0536,0.33,121.4,256.4,3.8
2025-06-02T14:19:00+00:00,1901.7,80.35,350.7,13.80,391.6,18.9,580.0,0.0546,0.28,121.4,256.4,5.7
2025-06-02T14:20:00+00:00,2066.0,82.90,336.3,14.13,402.9,17.5,618.0,0.0535,0.31,121.4,256.4,5.9
2025-06-02T14:21:00+00:00,1839.0,82.42,351.4,14.01,365.4,18.1,666.1,0.0513,0.21,121.4,256.4,6.4
2025-06-02T14:22:00+00:00,2061.8,82.78,355.7,13.86,421.3,18.2,645.1,0.0525,0.18,121.4,256.4,2.2
2025-06-02T14:23:00+00:00,1952.8,80.84,357.4,13.63,381.3,18.0,578.3,0.0572,0.32,121.4,256.4,4.6
2025-06-02T14:24:00+00:00,1967.0,83.60,347.8,14.09,373.3,18.0,615.1,0.0535,0.30,121.4,256.4,4.4
2025-06-02T14:25:00+00:00,2065.6,84.12,361.9,13.91,382.6,19.3,622.2,0.0524,0.20,121.4,256.4,3.5
2025-06-02T14:26:00+00:00,2062.8,83.74,359.1,13.81,406.5,20.5,658.2,0.0596,0.33,121.4,256.4,4.1
2025-06-02T14:27:00+00:00,2037.3,78.52,346.4,13.62,387.4,17.8,560.4,0.0533,0.29,121.4,256.4,4.3
2025-06-02T14:28:00+00:00,2030.5,85.02,349.2,14.04,409.4,20.5,635.8,0.0534,0.30,121.4,256.4,5.1
2025-06-02T14:29:00+00:00,1800.7,79.93,334.5,13.68,373.9,20.9,580.7,0.0536,0.28,121.4,256.4,3.5
2025-06-02T14:30:00+00:00,1881.7,82.96,334.6,13.73,392.5,21.6,605.7,0.0551,0.26,121.4,256.4,4.5
2025-06-02T14:31:00+00:00,2087.0,82.54,355.9,13.96,372.8,19.8,617.7,0.0534,0.28,121.4,256.4,5.4
2025-06-02T14:32:00+00:00,1961.1,80.23,348.7,14.04,376.6,19.5,628.0,0.0537,0.22,121.4,256.4,2.9
2025-06-02T14:33:00+00:00,2093.2,84.15,361.6,13.77,375.6,19.9,636.3,0.0542,0.25,121.4,256.4,4.9
2025-06-02T14:34:00+00:00,2066.9,80.78,354.1,13.62,404.0,17.1,626.5,0.0553,0.26,121.4,256.4,4.9
2025-06-02T14:35:00+00:00,2115.7,83.39,336.4,13.84,375.2,20.6,628.5,0.0541,0.24,121.4,256.4,4.3
2025-06-02T14:36:00+00:00,2130.7,82.27,348.7,13.66,387.6,20.3,600.5,0.0543,0.34,121.4,256.4,4.2
2025-06-02T14:37:00+00:00,1947.4,79.46,357.0,13.71,381.0,18.5,573.3,0.0525,0.25,121.4,256.4,6.8
2025-06-02T14:38:00+00:00,1969.7,83.65,353.1,14.03,351.6,18.6,604.2,0.0519,0.17,121.4,256.4,4.9
2025-06-02T14:39:00+00:00,2035.6,80.85,366.6,13.78,357.4,18.0,590.8,0.0636,0.24,121.4,256.4,4.6
2025-06-02T14:40:00+00:00,1778.6,82.17,362.0,13.87,350.2,21.6,583.5,0.0521,0.31,121.4,256.4,4.9
2025-06-02T14:41:00+00:00,1899.9,80.23,339.3,13.96,395.2,18.4,606.0,0.0525,0.28,121.4,256.4,4.1
2025-06-02T14:42:00+00:00,1976.4,81.38,344.5,13.75,378.0,17.6,593.5,0.0525,0.23,121.4,256.4,5.7
2025-06-02T14:43:00+00:00,1843.4,80.80,354.0,13.83,364.3,17.3,601.8,0.0522,0.28,121.4,256.4,3.5
2025-06-02T14:44:00+00:00,2019.0,85.21,364.1,13.81,391.1,19.5,630.2,0.0535,0.32,121.4,256.4,7.0
2025-06-02T14:45:00+00:00,2009.6,82.01,342.0,13.77,380.7,19.1,615.9,0.0523,0.21,121.4,256.4,3.1
2025-06-02T14:46:00+00:00,2046.8,79.95,357.4,14.13,380.0,19.1,546.3,0.0582,0.26,121.4,256.4,3.1
2025-06-02T14:47:00+00:00,2145.1,78.59,341.3,13.89,387.3,21.1,637.0,0.0535,0.25,121.4,256.4,6.2
2025-06-02T14:48:00+00:00,2173.7,80.16,344.0,13.75,400.7,17.4,613.3,0.0549,0.38,121.4,256.4,4.4
2025-06-02T14:49:00+00:00,2185.9,84.99,339.8,14.10,383.0,19.2,548.2,0.0557,0.28,121.4,256.4,3.5
2025-06-02T14:50:00+00:00,1973.2,80.50,347.6,13.90,398.8,20.9,559.9,0.0533,0.33,121.4,256.4,4.0
2025-06-02T14:51:00+00:00,1988.0,79.74,348.0,13.86,373.9,18.8,636.7,0.0559,0.28,121.4,256.4,6.5
2025-06-02T14:52:00+00:00,2094.6,82.52,350.2,13.81,381.5,20.5,602.4,0.0543,0.36,121.4,256.4,4.1
2025-06-02T14:53:00+00:00,1950.5,83.54,352.7,13.75,396.2,18.0,581.2,0.0531,0.31,121.4,256.4,4.9
2025-06-02T14:54:00+00:00,1948.7,84.24,340.9,13.88,380.2,18.1,602.3,0.0524,0.25,121.4,256.4,4.9
2025-06-02T14:55:00+00:00,1956.3,80.67,336.4,13.86,362.5,19.5,635.6,0.0517,0.17,121.4,256.4,4.7
2025-06-02T14:56:00+00:00,2061.7,82.68,363.1,14.00,389.5,17.3,569.1,0.0580,0.30,121.4,256.4,5.4
2025-06-02T14:57:00+00:00,2108.2,82.98,342.7,14.01,380.4,19.3,590.7,0.0532,0.24,121.4,256.4,4.2
2025-06-02T14:58:00+00:00,2002.6,83.51,349.1,13.87,362.2,21.3,609.5,0.0536,0.33,121.4,256.4,3.2
2025-06-02T14:59:00+00:00,2041.5,82.25,342.7,13.53,353.3,19.0,616.7,0.0541,0.23,121.4,256.4,2.9
2025-06-02T15:00:00+00:00,2058.5,82.76,350.6,13.70,376.1,21.4,618.5,0.0537,0.33,121.4,256.4,4.4
2025-06-02T15:01:00+00:00,2102.2,81.80,346.4,13.93,399.2,19.7,631.6,0.0579,0.28,121.4,256.4,3.8
2025-06-02T15:02:00+00:00,2043.9,81.63,333.4,13.99,398.8,20.5,598.6,0.0540,0.35,121.4,256.4,5.5
2025-06-02T15:03:00+00:00,1929.1,82.44,349.3,13.71,348.5,19.9,617.3,0.0564,0.31,121.4,256.4,4.3
2025-06-02T15:04:00+00:00,2308.6,82.23,352.5,13.83,396.6,19.9,621.1,0.0644,0.30,121.4,256.4,3.7
2025-06-02T15:05:00+00:00,2165.9,83.10,346.8,13.77,384.7,18.5,626.7,0.0538,0.27,121.4,256.4,5.0
2025-06-02T15:06:00+00:00,1897.3,82.90,346.5,14.07,378.2,18.4,609.9,0.0540,0.19,121.4,256.4,3.5
2025-06-02T15:07:00+00:00,1963.5,80.05,347.8,13.81,369.3,19.9,538.9,0.0601,0.35,121.4,256.4,3.8
2025-06-02T15:08:00+00:00,1977.4,80.62,343.9,13.95,393.4,19.6,579.3,0.0585,0.30,121.4,256.4,3.5
2025-06-02T15:09:00+00:00,1997.8,80.79,354.4,13.84,379.0,19.4,575.3,0.0542,0.37,121.4,256.4,4.8
2025-06-02T15:10:00+00:00,2134.9,83.89,342.5,13.71,389.6,20.5,590.8,0.0533,0.23,121.4,256.4,5.3
2025-06-02T15:11:00+00:00,2193.7,80.29,335.1,13.94,373.9,18.9,560.5,0.0532,0.20,121.4,256.4,2.8
2025-06-02T15:12:00+00:00,2034.0,83.62,357.0,13.91,400.7,19.2,592.7,0.0599,0.16,121.4,256.4,3.9
2025-06-02T15:13:00+00:00,2533.3,83.02,345.1,14.05,394.1,19.0,519.3,0.0561,0.31,121.4,256.4,5.0
2025-06-02T15:14:00+00:00,2073.4,86.58,345.7,13.75,412.2,19.9,611.4,0.0538,0.28,121.4,256.4,4.7
2025-06-02T15:15:00+00:00,2081.6,80.18,352.1,13.84,372.9,19.1,608.8,0.0583,0.24,121.4,256.4,2.9
2025-06-02T15:16:00+00:00,2467.8,84.36,343.4,13.65,398.4,19.4,651.1,0.0558,0.32,121.4,256.4,6.5
2025-06-02T15:17:00+00:00,2567.6,82.77,339.4,13.58,374.2,19.6,659.7,0.0551,0.17,121.4,256.4,4.5
2025-06-02T15:18:00+00:00,1925.1,82.90,348.1,14.16,393.6,18.3,562.4,0.0529,0.29,121.4,256.4,4.9
2025-06-02T15:19:00+00:00,2377.2,81.96,356.4,13.74,405.6,18.8,645.4,0.0542,0.19,121.4,256.4,6.6
2025-06-02T15:20:00+00:00,2030.5,81.60,344.9,13.86,378.7,22.3,640.8,0.0560,0.24,121.4,256.4,4.4
2025-06-02T15:21:00+00:00,2506.2,82.83,350.1,13.73,399.9,18.9,592.1,0.0579,0.32,121.4,256.4,4.2
2025-06-02T15:22:00+00:00,2074.7,84.56,348.2,13.83,375.3,19.6,571.7,0.0555,0.20,121.4,256.4,3.5
2025-06-02T15:23:00+00:00,2562.5,85.88,344.5,13.87,397.8,18.1,668.4,0.0560,0.29,121.4,256.4,5.0
2025-06-02T15:24:00+00:00,2019.2,83.14,354.3,13.88,377.3,19.0,664.3,0.0556,0.26,121.4,256.4,5.3
2025-06-02T15:25:00+00:00,2464.2,84.08,342.8,13.76,384.4,20.3,582.0,0.0631,0.27,121.4,256.4,5.2
2025-06-02T15:26:00+00:00,2531.3,82.10,335.8,13.58,415.2,16.9,618.8,0.0560,0.29,121.4,256.4,4.8
2025-06-02T15:27:00+00:00,2147.2,81.32,346.7,13.94,396.6,19.8,596.1,0.0531,0.21,121.4,256.4,3.0
2025-06-02T15:28:00+00:00,2423.3,82.93,351.0,13.75,404.5,19.1,688.9,0.0588,0.26,121.4,256.4,3.7
2025-06-02T15:29:00+00:00,1995.3,81.63,353.4,13.86,357.1,16.4,630.8,0.0532,0.30,121.4,256.4,3.7
2025-06-02T15:30:00+00:00,1920.7,84.81,337.9,13.82,364.0,19.6,646.0,0.0547,0.22,121.4,256.4,3.7
2025-06-02T15:31:00+00:00,1948.1,80.59,339.8,13.84,364.6,18.5,562.0,0.0523,0.25,121.4,256.4,4.1
2025-06-02T15:32:00+00:00,1907.9,83.36,346.5,13.98,369.7,18.8,505.5,0.0513,0.16,121.4,256.4,3.8
2025-06-02T15:33:00+00:00,2461.4,83.60,332.9,13.91,376.4,19.0,613.2,0.0560,0.24,121.4,256.4,3.8
2025-06-02T15:34:00+00:00,2075.5,78.84,344.7,13.79,410.5,18.7,620.4,0.0541,0.33,121.4,256.4,5.7
2025-06-02T15:35:00+00:00,1989.8,85.04,352.7,13.86,389.0,19.4,573.4,0.0526,0.23,121.4,256.4,5.0
2025-06-02T15:36:00+00:00,1926.9,82.35,354.2,13.84,385.0,19.3,605.8,0.0531,0.22,121.4,256.4,4.1
2025-06-02T15:37:00+00:00,2103.0,81.75,362.6,13.80,391.4,19.7,569.2,0.0540,0.31,121.4,256.4,5.1
2025-06-02T15:38:00+00:00,1978.1,84.05,340.8,13.87,394.0,18.5,558.8,0.0537,0.36,121.4,256.4,3.4
2025-06-02T15:39:00+00:00,2449.7,82.84,345.8,13.95,397.3,19.7,609.4,0.0555,0.28,121.4,256.4,5.1
2025-06-02T15:40:00+00:00,1924.4,83.53,352.6,13.64,363.5,20.5,590.0,0.0527,0.29,121.4,256.4,3.4
2025-06-02T15:41:00+00:00,2524.6,86.58,339.3,13.57,387.9,17.6,592.8,0.0581,0.25,121.4,256.4,5.6
2025-06-02T15:42:00+00:00,2104.1,81.35,348.3,14.04,395.4,17.9,620.9,0.0528,0.20,121.4,256.4,5.7
2025-06-02T15:43:00+00:00,2092.2,84.93,354.6,13.66,398.2,20.9,618.2,0.0545,0.28,121.4,256.4,5.4
2025-06-02T15:44:00+00:00,1942.4,80.40,341.9,13.78,365.1,17.9,582.8,0.0555,0.21,121.4,256.4,4.2
2025-06-02T15:45:00+00:00,2466.5,83.26,349.8,13.90,409.0,20.4,594.1,0.0569,0.18,121.4,256.4,6.2
2025-06-02T15:46:00+00:00,2476.5,84.07,350.5,13.60,383.8,19.8,693.9,0.0566,0.33,121.4,256.4,4.4
2025-06-02T15:47:00+00:00,1886.2,81.58,350.5,13.68,385.0,18.1,589.2,0.0550,0.30,121.4,256.4,4.0
2025-06-02T15:48:00+00:00,1977.2,83.38,353.1,13.91,382.5,20.9,607.9,0.0555,0.30,121.4,256.4,4.4
2025-06-02T15:49:00+00:00,2111.5,82.96,348.4,13.75,390.2,17.9,625.8,0.0597,0.28,121.4,256.4,6.9
2025-06-02T15:50:00+00:00,2150.6,82.14,352.4,13.77,373.7,16.5,607.7,0.0542,0.32,121.4,256.4,4.8
2025-06-02T15:51:00+00:00,1928.4,82.22,345.8,13.88,360.2,19.1,614.5,0.0522,0.22,121.4,256.4,6.1
2025-06-02T15:52:00+00:00,2076.2,82.79,361.8,13.81,369.2,16.7,576.0,0.0578,0.22,121.4,256.4,5.5
2025-06-02T15:53:00+00:00,1967.1,83.13,339.0,13.93,367.3,17.6,603.8,0.0519,0.19,121.4,256.4,6.2
2025-06-02T15:54:00+00:00,2034.4,81.93,352.4,13.69,376.2,18.2,637.7,0.0525,0.22,121.4,256.4,3.9
2025-06-02T15:55:00+00:00,2061.7,83.75,349.2,13.68,383.3,20.4,596.2,0.0579,0.27,121.4,256.4,3.7
2025-06-02T15:56:00+00:00,2030.8,83.00,356.4,13.71,388.5,18.8,600.7,0.0646,0.28,121.4,256.4,4.4
2025-06-02T15:57:00+00:00,2086.8,83.56,341.5,13.93,387.9,17.4,634.0,0.0534,0.27,121.4,256.4,3.2
2025-06-02T15:58:00+00:00,1904.5,81.23,336.3,13.73,389.3,19.6,590.8,0.0531,0.34,121.4,256.4,3.5
2025-06-02T15:59:00+00:00,2136.1,81.98,340.8,13.81,389.0,18.4,580.5,0.0538,0.28,121.4,256.4,4.5
2025-06-02T16:00:00+00:00,2074.0,84.85,337.9,13.52,367.6,18.6,641.3,0.0535,0.29,121.4,256.4,4.6
2025-06-02T16:01:00+00:00,2019.9,79.83,341.8,13.69,377.1,19.5,620.0,0.0529,0.26,121.4,256.4,5.9
2025-06-02T16:02:00+00:00,2098.4,84.59,335.7,14.09,378.2,19.2,590.0,0.0536,0.28,121.4,256.4,3.2
2025-06-02T16:03:00+00:00,1806.3,85.85,350.1,13.61,356.9,21.0,599.3,0.0524,0.31,121.4,256.4,2.5
2025-06-02T16:04:00+00:00,2147.4,81.48,334.9,13.45,374.0,15.8,629.4,0.0594,0.31,121.4,256.4,7.2
2025-06-02T16:05:00+00:00,1896.7,84.36,349.0,13.85,380.3,17.9,605.8,0.0551,0.25,121.4,256.4,4.6
2025-06-02T16:06:00+00:00,2012.3,81.61,350.1,13.79,386.6,18.5,591.2,0.0519,0.15,121.4,256.4,5.6
2025-06-02T16:07:00+00:00,2076.9,83.32,345.6,13.98,392.5,20.0,618.7,0.0568,0.19,121.4,256.4,4.3
2025-06-02T16:08:00+00:00,1839.8,81.27,344.6,13.63,376.9,18.3,605.6,0.0524,0.30,121.4,256.4,5.4
2025-06-02T16:09:00+00:00,1955.1,80.27,349.1,13.68,382.6,20.6,628.5,0.0553,0.25,121.4,256.4,4.6
2025-06-02T16:10:00+00:00,2004.0,82.86,356.7,13.69,397.4,18.1,550.6,0.0639,0.30,121.4,256.4,4.1
2025-06-02T16:11:00+00:00,1893.2,82.82,352.3,13.82,361.9,19.5,640.4,0.0570,0.38,121.4,256.4,2.8
2025-06-02T16:12:00+00:00,1999.5,80.67,328.2,13.64,376.8,21.0,637.5,0.0600,0.35,121.4,256.4,5.8
2025-06-02T16:13:00+00:00,1979.4,82.90,338.5,13.73,375.9,20.9,647.6,0.0532,0.28,121.4,256.4,5.7
2025-06-02T16:14:00+00:00,2059.7,82.47,356.4,13.88,376.0,20.1,628.1,0.0540,0.35,121.4,256.4,4.4
2025-06-02T16:15:00+00:00,1968.2,82.09,344.4,13.75,387.9,20.6,629.2,0.0522,0.22,121.4,256.4,6.0
2025-06-02T16:16:00+00:00,1928.9,81.00,363.4,13.63,379.3,20.1,627.0,0.0564,0.33,121.4,256.4,3.4
2025-06-02T16:17:00+00:00,1794.7,83.21,341.4,13.98,364.2,18.8,591.2,0.0513,0.21,121.4,256.4,6.9
2025-06-02T16:18:00+00:00,1956.3,83.20,357.8,13.67,371.9,22.0,604.0,0.0568,0.18,121.4,256.4,6.3
2025-06-02T16:19:00+00:00,2072.1,85.10,346.3,13.76,403.4,18.5,593.0,0.0579,0.24,121.4,256.4,6.5
2025-06-02T16:20:00+00:00,1930.0,81.47,346.7,13.72,361.3,17.1,599.0,0.0527,0.27,121.4,256.4,3.8
2025-06-02T16:21:00+00:00,1897.3,80.48,354.6,13.85,392.4,19.1,597.6,0.0530,0.33,121.4,256.4,5.3
2025-06-02T16:22:00+00:00,2073.5,81.73,345.5,14.00,387.3,19.5,625.7,0.0572,0.22,121.4,256.4,4.7
2025-06-02T16:23:00+00:00,2001.5,83.16,328.1,13.69,377.7,21.2,578.8,0.0523,0.21,121.4,256.4,6.0
2025-06-02T16:24:00+00:00,2095.9,82.98,350.0,14.00,382.6,17.8,630.7,0.0586,0.33,121.4,256.4,4.9
2025-06-02T16:25:00+00:00,2060.2,83.79,357.1,13.82,374.6,20.5,607.5,0.0534,0.27,121.4,256.4,4.5
2025-06-02T16:26:00+00:00,1979.3,81.62,345.2,13.78,387.4,19.5,597.0,0.0592,0.19,121.4,256.4,4.9
2025-06-02T16:27:00+00:00,2165.2,79.33,346.7,13.61,367.4,19.2,627.6,0.0537,0.28,121.4,256.4,5.5
2025-06-02T16:28:00+00:00,2094.9,83.40,337.3,14.01,405.1,16.6,616.8,0.0590,0.31,121.4,256.4,3.7
2025-06-02T16:29:00+00:00,1938.7,82.44,346.1,13.76,398.1,17.6,574.2,0.0514,0.14,121.4,256.4,3.7
2025-06-02T16:30:00+00:00,2074.5,80.21,345.1,13.91,399.3,20.9,588.6,0.0541,0.25,121.4,256.4,3.3
2025-06-02T16:31:00+00:00,2200.1,84.12,340.2,13.88,395.3,20.3,579.6,0.0550,0.28,121.4,256.4,4.5
2025-06-02T16:32:00+00:00,1935.9,85.08,360.0,13.78,358.3,22.9,554.0,0.0548,0.35,121.4,256.4,4.2
2025-06-02T16:33:00+00:00,2113.0,83.62,342.9,13.85,360.6,18.7,567.3,0.0530,0.22,121.4,256.4,4.4
2025-06-02T16:34:00+00:00,2031.8,79.25,352.2,13.66,382.1,18.3,596.3,0.0572,0.23,121.4,256.4,5.6
2025-06-02T16:35:00+00:00,1875.6,82.57,350.8,13.96,369.1,22.2,551.3,0.0519,0.24,121.4,256.4,4.1
2025-06-02T16:36:00+00:00,2093.9,78.83,345.8,13.88,368.4,18.5,666.0,0.0524,0.18,121.4,256.4,4.5
2025-06-02T16:37:00+00:00,2007.4,83.53,345.2,13.65,391.4,20.3,589.2,0.0592,0.32,121.4,256.4,5.4
2025-06-02T16:38:00+00:00,2017.6,81.81,343.6,13.92,390.8,17.6,611.0,0.0555,0.25,121.4,256.4,5.2
2025-06-02T16:39:00+00:00,1904.6,80.38,354.6,13.48,398.4,18.6,550.1,0.0522,0.24,121.4,256.4,4.9
2025-06-02T16:40:00+00:00,2181.2,82.49,355.4,13.78,361.6,18.1,640.0,0.0538,0.26,121.4,256.4,4.6
2025-06-02T16:41:00+00:00,1959.7,81.61,329.9,13.93,403.1,17.6,600.9,0.0582,0.25,121.4,256.4,4.8
2025-06-02T16:42:00+00:00,1835.4,81.70,357.1,13.57,366.3,19.3,569.3,0.0572,0.26,121.4,256.4,5.7
2025-06-02T16:43:00+00:00,1989.2,82.33,360.6,13.54,374.6,18.8,545.8,0.0543,0.22,121.4,256.4,4.6
2025-06-02T16:44:00+00:00,1123.2,78.98,349.8,13.81,350.2,19.1,551.1,0.0478,0.24,121.4,256.4,6.6
2025-06-02T16:45:00+00:00,854.3,78.11,355.5,13.94,343.9,17.5,544.0,0.0521,0.25,121.4,256.4,4.8
2025-06-02T16:46:00+00:00,987.4,76.81,367.5,13.83,355.8,20.3,531.4,0.0472,0.23,121.4,256.4,5.3
2025-06-02T16:47:00+00:00,1097.5,78.75,352.2,14.07,338.2,19.1,602.7,0.0485,0.32,121.4,256.4,6.0
2025-06-02T16:48:00+00:00,957.6,77.57,355.9,13.89,364.3,16.4,549.5,0.0474,0.28,121.4,256.4,4.5
2025-06-02T16:49:00+00:00,878.0,77.86,350.4,13.73,336.1,19.3,542.7,0.0468,0.27,121.4,256.4,4.4
2025-06-02T16:50:00+00:00,994.2,79.64,356.7,13.82,346.1,19.2,582.8,0.0467,0.18,121.4,256.4,5.5
2025-06-02T16:51:00+00:00,1059.0,78.34,345.0,13.95,332.0,20.0,579.1,0.0478,0.26,121.4,256.4,5.4
2025-06-02T16:52:00+00:00,921.1,78.36,358.8,13.84,323.8,18.5,552.7,0.0479,0.35,121.4,256.4,5.5
2025-06-02T16:53:00+00:00,968.3,75.49,365.9,13.68,338.6,17.7,559.7,0.0517,0.27,121.4,256.4,5.6
2025-06-02T16:54:00+00:00,1162.8,78.04,350.3,13.78,363.8,17.6,595.3,0.0583,0.28,121.4,256.4,4.5
2025-06-02T16:55:00+00:00,967.3,79.90,349.4,13.77,339.3,19.0,526.1,0.0470,0.24,121.4,256.4,6.8
2025-06-02T16:56:00+00:00,971.5,79.59,351.5,13.71,347.1,19.0,558.3,0.0472,0.22,121.4,256.4,4.1
2025-06-02T16:57:00+00:00,1048.4,81.51,360.7,13.79,361.3,19.2,596.1,0.0535,0.32,121.4,256.4,4.1
2025-06-03T06:00:00+00:00,1012.7,80.17,370.7,13.50,342.0,20.4,530.7,0.0604,1.39,310.0,265.0,16.9
2025-06-03T06:01:00+00:00,944.4,80.67,356.1,13.89,382.7,21.5,597.0,0.0637,1.34,310.0,265.0,16.7
2025-06-03T06:02:00+00:00,957.0,80.45,354.7,14.08,335.5,17.5,569.6,0.0581,1.35,310.0,265.0,15.1
2025-06-03T06:03:00+00:00,1043.5,78.83,343.2,13.80,359.1,21.5,627.2,0.0656,1.35,310.0,265.0,17.7
2025-06-03T06:04:00+00:00,1039.5,79.08,361.0,13.81,326.8,17.1,508.3,0.0592,1.42,310.0,265.0,14.0
2025-06-03T06:05:00+00:00,857.5,76.88,352.7,13.72,332.2,19.8,523.3,0.0646,1.42,310.0,265.0,16.2
2025-06-03T06:06:00+00:00,1000.5,80.65,362.4,13.75,346.0,17.9,570.2,0.0604,1.32,310.0,265.0,16.3
2025-06-03T06:07:00+00:00,1089.0,81.86,371.2,14.02,358.4,20.1,601.5,0.0620,1.31,310.0,265.0,17.1
2025-06-03T06:08:00+00:00,967.8,79.45,350.9,13.68,343.7,23.0,565.4,0.0578,1.31,310.0,265.0,16.8
2025-06-03T06:09:00+00:00,945.5,80.44,359.0,13.49,339.7,21.0,580.5,0.0740,1.37,310.0,265.0,14.5
2025-06-03T06:10:00+00:00,1090.5,76.41,366.6,13.90,367.7,19.8,564.2,0.0587,1.35,310.0,265.0,17.3
2025-06-03T06:11:00+00:00,958.0,77.34,341.0,13.78,340.3,16.8,586.6,0.0577,1.31,310.0,265.0,16.2
2025-06-03T06:12:00+00:00,1110.0,81.59,357.5,13.89,380.5,21.0,539.3,0.0592,1.38,310.0,265.0,16.5
2025-06-03T06:13:00+00:00,959.1,80.58,363.4,13.89,356.4,23.5,598.1,0.0576,1.29,310.0,265.0,14.6
2025-06-03T06:14:00+00:00,2049.8,82.91,347.6,13.57,402.4,16.0,605.0,0.0642,1.27,310.0,265.0,15.5
2025-06-03T06:15:00+00:00,2193.9,82.98,334.2,13.92,377.1,20.5,647.6,0.0650,1.38,310.0,265.0,17.9
2025-06-03T06:16:00+00:00,1975.5,83.20,348.5,13.75,406.4,18.8,560.8,0.0645,1.44,310.0,265.0,15.1
2025-06-03T06:17:00+00:00,2041.8,83.07,338.4,13.65,399.9,18.9,639.4,0.0685,1.38,310.0,265.0,15.4
2025-06-03T06:18:00+00:00,2010.7,83.14,362.9,14.06,383.9,22.2,585.9,0.0634,1.31,310.0,265.0,15.7
2025-06-03T06:19:00+00:00,2017.5,83.21,342.0,13.69,370.7,18.7,642.6,0.0643,1.41,310.0,265.0,14.8
2025-06-03T06:20:00+00:00,1916.2,79.31,351.9,13.93,384.4,21.5,599.1,0.0633,1.37,310.0,265.0,15.9
2025-06-03T06:21:00+00:00,1962.9,83.55,356.9,13.79,396.0,19.6,556.2,0.0636,1.35,310.0,265.0,16.3
2025-06-03T06:22:00+00:00,2081.9,83.96,323.5,13.67,403.3,20.4,641.9,0.0650,1.30,310.0,265.0,13.2
2025-06-03T06:23:00+00:00,1986.6,83.06,360.4,13.86,369.4,19.6,626.7,0.0631,1.30,310.0,265.0,15.8
2025-06-03T06:24:00+00:00,1901.8,85.08,343.5,13.72,391.9,18.2,567.2,0.0632,1.34,310.0,265.0,15.9
2025-06-03T06:25:00+00:00,2101.3,80.27,330.0,13.67,395.3,19.0,563.2,0.0644,1.37,310.0,265.0,15.3
2025-06-03T06:26:00+00:00,2036.8,83.18,342.3,13.99,383.7,20.2,639.1,0.0659,1.29,310.0,265.0,14.3
2025-06-03T06:27:00+00:00,1968.6,81.68,354.7,13.85,399.9,20.1,599.5,0.0633,1.33,310.0,265.0,13.4
2025-06-03T06:28:00+00:00,2007.0,83.81,369.8,13.81,360.0,18.8,613.9,0.0646,1.39,310.0,265.0,16.2
2025-06-03T06:29:00+00:00,1945.7,80.82,356.0,13.80,375.4,20.6,577.4,0.0634,1.35,310.0,265.0,15.1
2025-06-03T06:30:00+00:00,1996.5,82.00,343.3,13.75,383.3,20.9,626.0,0.0633,1.32,310.0,265.0,18.0
2025-06-03T06:31:00+00:00,1802.4,82.32,358.9,13.87,363.3,20.0,585.0,0.0621,1.30,310.0,265.0,15.4
2025-06-03T06:32:00+00:00,1918.9,79.78,356.1,13.76,377.4,18.6,608.4,0.0669,1.40,310.0,265.0,14.9
2025-06-03T06:33:00+00:00,2209.1,81.56,366.1,13.97,407.7,20.5,610.3,0.0658,1.33,310.0,265.0,14.7
2025-06-03T06:34:00+00:00,2220.5,83.65,358.3,13.63,394.0,17.5,597.3,0.0645,1.30,310.0,265.0,17.5
2025-06-03T06:35:00+00:00,1958.8,81.40,354.0,13.68,383.1,18.0,522.3,0.0643,1.43,310.0,265.0,15.3
2025-06-03T06:36:00+00:00,2077.5,82.91,344.2,13.85,388.6,19.8,591.7,0.0650,1.36,310.0,265.0,15.6
2025-06-03T06:37:00+00:00,2087.6,79.90,346.0,13.86,393.0,17.5,580.8,0.0641,1.36,310.0,265.0,14.5
2025-06-03T06:38:00+00:00,2039.8,82.58,344.0,13.57,382.6,17.8,601.7,0.0643,1.38,310.0,265.0,15.5
2025-06-03T06:39:00+00:00,2051.4,83.45,345.2,13.77,384.0,19.0,618.8,0.0655,1.34,310.0,265.0,14.5
2025-06-03T06:40:00+00:00,1945.1,79.91,344.7,13.86,375.0,19.6,616.2,0.0674,1.42,310.0,265.0,15.5
2025-06-03T06:41:00+00:00,2148.5,83.25,345.9,13.82,376.7,20.2,618.3,0.0644,1.34,310.0,265.0,14.9
2025-06-03T06:42:00+00:00,1957.6,82.77,352.4,13.60,382.5,19.8,571.3,0.0636,1.36,310.0,265.0,16.6
2025-06-03T06:43:00+00:00,1928.6,82.54,351.4,13.85,390.0,19.2,582.5,0.0636,1.36,310.0,265.0,15.8
2025-06-03T06:44:00+00:00,2091.5,81.27,352.5,13.58,388.7,19.6,574.2,0.0643,1.36,310.0,265.0,15.5
2025-06-03T06:45:00+00:00,2026.2,82.17,348.8,13.81,370.7,21.0,652.2,0.0641,1.39,310.0,265.0,16.3
2025-06-03T06:46:00+00:00,2014.4,80.28,356.1,13.87,379.3,21.7,661.4,0.0653,1.50,310.0,265.0,15.7
2025-06-03T06:47:00+00:00,2111.0,82.89,347.5,13.60,373.5,17.3,613.1,0.0644,1.35,310.0,265.0,16.5
2025-06-03T06:48:00+00:00,1936.2,80.37,347.4,13.74,374.9,19.5,671.9,0.0628,1.29,310.0,265.0,16.0
2025-06-03T06:49:00+00:00,1944.0,82.81,348.1,13.52,398.2,19.6,580.8,0.0653,1.39,310.0,265.0,14.9
2025-06-03T06:50:00+00:00,1818.7,81.70,337.6,13.71,369.3,18.0,642.1,0.0634,1.27,310.0,265.0,13.4
2025-06-03T06:51:00+00:00,2047.8,82.02,354.1,13.71,373.7,15.9,620.1,0.0635,1.31,310.0,265.0,16.7
2025-06-03T06:52:00+00:00,1897.3,81.79,354.9,13.65,390.9,16.8,595.8,0.0626,1.29,310.0,265.0,14.7
2025-06-03T06:53:00+00:00,1933.6,82.77,354.2,13.81,363.3,21.5,589.0,0.0640,1.40,310.0,265.0,15.7
2025-06-03T06:54:00+00:00,2083.7,83.63,341.8,13.74,383.2,19.0,671.8,0.0634,1.29,310.0,265.0,15.4
2025-06-03T06:55:00+00:00,1959.4,82.60,362.9,13.92,373.1,19.2,573.6,0.0636,1.37,310.0,265.0,14.9
2025-06-03T06:56:00+00:00,2027.3,83.21,358.5,13.75,385.6,17.4,652.9,0.0695,1.36,310.0,265.0,15.3
2025-06-03T06:57:00+00:00,2119.2,82.43,326.6,13.67,371.5,20.9,664.9,0.0640,1.32,310.0,265.0,15.5
2025-06-03T06:58:00+00:00,2001.0,83.19,345.2,14.06,352.6,17.8,604.3,0.0669,1.38,310.0,265.0,15.8
2025-06-03T06:59:00+00:00,2062.6,81.90,356.2,13.63,403.0,19.9,598.7,0.0649,1.43,310.0,265.0,14.0
2025-06-03T07:00:00+00:00,1975.8,83.73,335.8,13.61,378.6,20.2,612.0,0.0678,1.42,310.0,265.0,16.5
2025-06-03T07:01:00+00:00,2166.6,83.74,349.9,13.76,371.2,21.0,555.0,0.0642,1.30,310.0,265.0,17.8
2025-06-03T07:02:00+00:00,1957.8,81.41,347.1,14.01,384.4,17.8,586.4,0.0647,1.48,310.0,265.0,13.7
2025-06-03T07:03:00+00:00,1995.2,82.49,343.9,13.99,358.1,16.4,600.4,0.0656,1.30,310.0,265.0,14.4
2025-06-03T07:04:00+00:00,2106.6,82.53,344.5,14.12,391.7,18.0,573.6,0.0700,1.35,310.0,265.0,17.2
2025-06-03T07:05:00+00:00,1838.6,80.11,367.2,13.63,377.8,19.5,589.1,0.0622,1.30,310.0,265.0,16.6
2025-06-03T07:06:00+00:00,2160.0,84.40,350.1,13.73,411.3,18.6,657.3,0.0728,1.31,310.0,265.0,17.8
2025-06-03T07:07:00+00:00,2037.2,82.51,339.0,13.75,381.2,19.3,636.1,0.0643,1.38,310.0,265.0,15.1
2025-06-03T07:08:00+00:00,1944.1,83.08,350.8,13.87,365.3,21.4,601.9,0.0655,1.31,310.0,265.0,18.0
2025-06-03T07:09:00+00:00,2221.5,83.50,344.9,13.93,382.6,19.3,631.0,0.0637,1.23,310.0,265.0,15.0
2025-06-03T07:10:00+00:00,1948.5,84.49,352.0,14.10,398.5,18.1,582.5,0.0631,1.31,310.0,265.0,17.5
2025-06-03T07:11:00+00:00,2047.4,81.57,352.4,13.85,373.7,20.6,630.9,0.0676,1.34,310.0,265.0,16.8
2025-06-03T07:12:00+00:00,2381.8,80.21,333.7,13.64,396.5,18.3,640.0,0.0650,1.26,310.0,265.0,15.1
2025-06-03T07:13:00+00:00,2102.3,83.67,355.8,14.08,373.1,21.6,584.2,0.0659,1.36,310.0,265.0,16.7
2025-06-03T07:14:00+00:00,2354.8,81.95,342.2,13.73,385.8,19.5,621.0,0.0665,1.44,310.0,265.0,14.2
2025-06-03T07:15:00+00:00,2485.9,82.26,345.6,13.92,404.3,19.8,638.6,0.0688,1.35,310.0,265.0,15.7
2025-06-03T07:16:00+00:00,2485.5,84.27,357.6,13.65,399.4,19.4,570.2,0.0698,1.44,310.0,265.0,15.7
2025-06-03T07:17:00+00:00,1877.0,82.11,353.2,13.81,369.5,20.2,632.7,0.0628,1.32,310.0,265.0,15.3
2025-06-03T07:18:00+00:00,1999.2,82.83,349.1,13.81,386.3,20.3,613.0,0.0694,1.41,310.0,265.0,15.5
2025-06-03T07:19:00+00:00,2220.9,80.85,348.4,13.77,385.6,20.6,510.9,0.0681,1.37,310.0,265.0,15.9
2025-06-03T07:20:00+00:00,2405.4,84.35,346.2,14.01,400.4,20.6,593.2,0.0661,1.37,310.0,265.0,15.5
2025-06-03T07:21:00+00:00,2018.0,81.77,348.3,13.84,390.6,19.6,680.5,0.0636,1.32,310.0,265.0,15.4
2025-06-03T07:22:00+00:00,2049.5,84.48,350.7,13.92,374.0,19.2,642.7,0.0641,1.37,310.0,265.0,15.7
2025-06-03T07:23:00+00:00,2425.3,83.53,347.8,13.96,397.2,18.9,627.7,0.0695,1.33,310.0,265.0,14.4
2025-06-03T07:24:00+00:00,1864.1,81.65,345.3,13.99,371.7,18.7,580.7,0.0736,1.36,310.0,265.0,16.3
2025-06-03T07:25:00+00:00,2119.3,82.66,337.8,14.03,382.8,19.9,644.6,0.0647,1.33,310.0,265.0,14.7
2025-06-03T07:26:00+00:00,2433.8,84.73,351.9,13.74,375.5,17.6,607.4,0.0656,1.31,310.0,265.0,16.8
2025-06-03T07:27:00+00:00,2094.7,80.13,367.7,13.75,390.9,20.1,673.8,0.0637,1.31,310.0,265.0,13.8
2025-06-03T07:28:00+00:00,2072.7,83.81,359.6,13.77,384.3,17.7,668.8,0.0647,1.42,310.0,265.0,16.2
2025-06-03T07:29:00+00:00,2089.7,81.04,344.7,13.73,378.7,18.8,600.3,0.0682,1.40,310.0,265.0,18.0
2025-06-03T07:30:00+00:00,2418.1,84.72,357.7,13.58,397.3,19.8,608.9,0.0661,1.36,310.0,265.0,16.4
2025-06-03T07:31:00+00:00,1924.8,80.32,343.7,13.58,381.3,16.0,589.9,0.0640,1.32,310.0,265.0,16.2
2025-06-03T07:32:00+00:00,2355.9,82.56,333.0,13.80,381.6,17.4,600.6,0.0659,1.37,310.0,265.0,14.5
2025-06-03T07:33:00+00:00,2525.1,83.28,334.5,13.61,403.4,19.5,674.0,0.0706,1.35,310.0,265.0,13.6
2025-06-03T07:34:00+00:00,2493.2,82.84,343.1,13.85,407.3,19.4,581.1,0.0749,1.42,310.0,265.0,16.5
2025-06-03T07:35:00+00:00,2249.5,81.42,341.5,13.60,371.0,19.5,567.9,0.0653,1.38,310.0,265.0,14.1
2025-06-03T07:36:00+00:00,2514.1,85.16,339.4,13.90,394.5,20.3,572.4,0.0659,1.29,310.0,265.0,15.4
2025-06-03T07:37:00+00:00,1992.4,80.83,347.7,13.81,384.1,17.8,597.9,0.0733,1.36,310.0,265.0,15.9
2025-06-03T07:38:00+00:00,2463.7,83.27,341.2,13.76,376.1,20.0,611.3,0.0672,1.31,310.0,265.0,14.9
2025-06-03T07:39:00+00:00,2074.0,82.39,362.8,13.96,389.1,19.1,607.4,0.0656,1.39,310.0,265.0,14.4
2025-06-03T07:40:00+00:00,2447.5,82.84,335.1,13.98,385.5,19.6,626.7,0.0667,1.41,310.0,265.0,14.3
2025-06-03T07:41:00+00:00,2022.4,83.07,362.3,13.87,374.8,18.9,604.7,0.0663,1.38,310.0,265.0,16.0
2025-06-03T07:42:00+00:00,2507.0,81.54,353.9,13.87,409.6,18.2,683.5,0.0677,1.48,310.0,265.0,15.0
2025-06-03T07:43:00+00:00,1947.5,83.59,353.7,13.82,385.8,18.3,604.3,0.0638,1.33,310.0,265.0,15.2
2025-06-03T07:44:00+00:00,2061.0,80.69,351.1,13.52,368.7,19.9,603.9,0.0640,1.34,310.0,265.0,15.0
2025-06-03T07:45:00+00:00,1968.4,81.43,346.2,13.88,377.0,21.5,596.0,0.0714,1.31,310.0,265.0,17.1
2025-06-03T07:46:00+00:00,2043.9,83.11,354.9,13.86,367.5,18.8,625.6,0.0638,1.33,310.0,265.0,14.3
2025-06-03T07:47:00+00:00,2072.3,81.90,351.6,14.06,369.5,20.8,623.7,0.0749,1.33,310.0,265.0,14.3
2025-06-03T07:48:00+00:00,2085.6,80.11,354.1,13.82,356.7,17.4,630.2,0.0656,1.38,310.0,265.0,14.7
2025-06-03T07:49:00+00:00,2053.0,82.21,346.2,13.76,387.4,17.6,562.0,0.0805,1.33,310.0,265.0,15.8
2025-06-03T07:50:00+00:00,2003.2,82.20,353.4,13.91,377.1,19.6,607.2,0.0687,1.26,310.0,265.0,14.9
2025-06-03T07:51:00+00:00,1939.7,82.34,349.5,13.93,392.3,19.5,583.5,0.0632,1.30,310.0,265.0,15.5
2025-06-03T07:52:00+00:00,1846.3,81.77,343.7,13.78,367.2,19.9,624.1,0.0635,1.38,310.0,265.0,15.5
2025-06-03T07:53:00+00:00,1966.3,80.97,360.1,13.70,367.1,20.6,560.4,0.0654,1.36,310.0,265.0,17.0
2025-06-03T07:54:00+00:00,2144.5,83.39,349.7,13.65,391.7,19.8,589.7,0.0707,1.35,310.0,265.0,16.7
2025-06-03T07:55:00+00:00,2001.8,81.39,348.1,13.69,384.3,17.3,544.6,0.0731,1.39,310.0,265.0,16.2
2025-06-03T07:56:00+00:00,2084.4,81.08,351.2,13.93,376.9,19.6,650.7,0.0640,1.33,310.0,265.0,17.3
2025-06-03T07:57:00+00:00,1965.0,81.76,335.4,13.98,363.6,19.1,601.5,0.0662,1.37,310.0,265.0,16.4
2025-06-03T07:58:00+00:00,1922.6,84.24,339.8,13.52,376.7,20.7,611.7,0.0624,1.25,310.0,265.0,17.2
2025-06-03T07:59:00+00:00,2066.9,82.31,344.5,13.72,398.6,16.7,660.0,0.0643,1.36,310.0,265.0,15.6
2025-06-03T08:00:00+00:00,2000.5,83.01,356.6,13.87,364.9,18.0,572.9,0.0628,1.26,310.0,265.0,15.7
2025-06-03T08:01:00+00:00,2069.6,81.98,351.7,13.89,405.5,19.0,578.0,0.0641,1.35,310.0,265.0,15.1
2025-06-03T08:02:00+00:00,2101.5,82.72,330.1,13.64,372.8,17.7,587.7,0.0643,1.36,310.0,265.0,16.2
2025-06-03T08:03:00+00:00,2168.9,82.75,335.2,13.97,378.1,18.9,536.3,0.0652,1.31,310.0,265.0,15.9
2025-06-03T08:04:00+00:00,1874.6,78.38,343.5,13.76,369.8,17.9,566.7,0.0628,1.34,310.0,265.0,16.8
2025-06-03T08:05:00+00:00,1800.2,82.62,361.1,13.78,372.8,19.5,582.9,0.0624,1.33,310.0,265.0,16.2
2025-06-03T08:06:00+00:00,1885.4,83.55,350.7,13.53,370.2,17.7,604.7,0.0633,1.37,310.0,265.0,16.7
2025-06-03T08:07:00+00:00,2151.9,81.28,364.4,13.61,390.0,17.7,682.1,0.0713,1.30,310.0,265.0,14.0
2025-06-03T08:08:00+00:00,1928.5,83.39,347.1,13.56,382.1,18.2,624.0,0.0701,1.38,310.0,265.0,16.9
2025-06-03T08:09:00+00:00,2009.6,80.75,372.9,13.62,363.8,20.2,651.7,0.0636,1.34,310.0,265.0,15.5
2025-06-03T08:10:00+00:00,2118.8,81.13,336.5,14.19,385.5,19.0,598.2,0.0664,1.44,310.0,265.0,16.6
2025-06-03T08:11:00+00:00,2117.2,84.09,347.4,13.63,374.0,18.8,611.2,0.0675,1.28,310.0,265.0,14.2
2025-06-03T08:12:00+00:00,2075.1,82.32,365.7,13.70,369.2,17.1,585.1,0.0638,1.31,310.0,265.0,15.3
2025-06-03T08:13:00+00:00,2042.3,79.75,348.5,13.59,371.3,16.0,570.2,0.0674,1.47,310.0,265.0,17.0
2025-06-03T08:14:00+00:00,1986.0,81.68,349.8,13.81,381.4,19.4,627.1,0.0637,1.34,310.0,265.0,14.7
2025-06-03T08:15:00+00:00,2266.8,84.29,343.0,13.72,386.9,16.3,550.8,0.0714,1.37,310.0,265.0,15.0
2025-06-03T08:16:00+00:00,1913.9,80.17,346.9,13.99,381.0,18.9,558.1,0.0627,1.29,310.0,265.0,15.9
2025-06-03T08:17:00+00:00,2028.3,80.50,339.8,13.80,371.6,17.8,616.6,0.0639,1.35,310.0,265.0,16.0
2025-06-03T08:18:00+00:00,2051.0,82.22,342.8,13.85,382.4,19.8,606.7,0.0637,1.31,310.0,265.0,17.0
2025-06-03T08:19:00+00:00,2073.9,81.22,340.6,13.84,370.0,19.5,640.3,0.0638,1.33,310.0,265.0,16.9
2025-06-03T08:20:00+00:00,2022.6,81.21,353.3,13.91,376.2,20.3,604.7,0.0657,1.41,310.0,265.0,16.8
2025-06-03T08:21:00+00:00,2157.5,85.79,336.4,13.83,387.8,18.4,636.7,0.0702,1.29,310.0,265.0,14.6
2025-06-03T08:22:00+00:00,1991.1,81.27,354.4,13.57,369.5,19.0,606.3,0.0653,1.33,310.0,265.0,12.9
2025-06-03T08:23:00+00:00,1973.3,78.29,351.2,13.91,355.5,20.9,599.1,0.0650,1.32,310.0,265.0,15.4
2025-06-03T08:24:00+00:00,1893.1,81.25,356.1,13.54,386.4,20.2,665.3,0.0628,1.31,310.0,265.0,15.6
2025-06-03T08:25:00+00:00,1918.3,82.80,358.8,13.60,371.2,19.4,565.6,0.0650,1.33,310.0,265.0,15.7
2025-06-03T08:26:00+00:00,1918.8,83.55,350.0,13.98,381.4,19.4,632.9,0.0616,1.17,310.0,265.0,14.0
2025-06-03T08:27:00+00:00,1987.1,82.28,353.3,14.09,382.0,23.1,583.4,0.0648,1.30,310.0,265.0,17.9
2025-06-03T08:28:00+00:00,2105.4,82.90,350.8,13.80,375.0,20.8,582.9,0.0640,1.32,310.0,265.0,15.2
2025-06-03T08:29:00+00:00,2147.8,84.26,351.4,13.96,373.3,19.5,644.4,0.0640,1.29,310.0,265.0,18.1
2025-06-03T08:30:00+00:00,1991.7,84.35,343.1,13.89,374.3,20.8,585.3,0.0685,1.23,310.0,265.0,17.3
2025-06-03T08:31:00+00:00,2088.3,83.56,358.5,13.67,384.4,17.3,605.9,0.0636,1.30,310.0,265.0,16.0
2025-06-03T08:32:00+00:00,1765.5,81.82,344.0,14.00,357.6,21.2,607.8,0.0631,1.41,310.0,265.0,16.4
2025-06-03T08:33:00+00:00,2068.8,82.56,338.6,14.15,376.6,19.2,584.0,0.0641,1.35,310.0,265.0,13.2
2025-06-03T08:34:00+00:00,1877.5,78.28,346.4,13.89,390.1,16.5,605.9,0.0682,1.40,310.0,265.0,14.6
2025-06-03T08:35:00+00:00,2035.6,80.79,347.0,13.99,402.3,21.4,682.5,0.0706,1.35,310.0,265.0,16.0
2025-06-03T08:36:00+00:00,1842.2,82.17,347.6,13.75,364.3,23.1,631.6,0.0636,1.40,310.0,265.0,14.9
2025-06-03T08:37:00+00:00,2114.3,83.94,358.3,14.09,389.3,16.6,622.7,0.0649,1.36,310.0,265.0,14.9
2025-06-03T08:38:00+00:00,2282.3,83.21,358.6,13.85,412.1,16.8,650.7,0.0662,1.38,310.0,265.0,15.3
2025-06-03T08:39:00+00:00,2106.1,83.01,350.8,13.81,377.2,21.4,556.1,0.0726,1.39,310.0,265.0,14.4
2025-06-03T08:40:00+00:00,1809.4,80.74,330.4,13.77,359.3,19.1,667.9,0.0627,1.34,310.0,265.0,15.8
2025-06-03T08:41:00+00:00,1848.8,84.13,338.2,13.78,379.2,19.1,567.8,0.0626,1.31,310.0,265.0,16.8
2025-06-03T08:42:00+00:00,1057.3,81.14,339.6,13.58,357.0,20.3,523.2,0.0597,1.46,310.0,265.0,15.8
2025-06-03T08:43:00+00:00,924.7,81.36,345.7,13.70,363.2,20.7,529.6,0.0632,1.41,310.0,265.0,15.7
2025-06-03T08:44:00+00:00,1149.5,79.99,366.5,13.70,357.1,17.9,607.8,0.0585,1.29,310.0,265.0,16.4
2025-06-03T08:45:00+00:00,1003.2,78.82,350.8,13.80,347.3,20.0,554.5,0.0602,1.39,310.0,265.0,14.0
2025-06-03T08:46:00+00:00,963.7,78.08,345.8,13.99,341.8,19.3,610.1,0.0582,1.35,310.0,265.0,13.8
2025-06-03T08:47:00+00:00,999.7,80.13,344.2,13.89,347.4,20.7,570.1,0.0583,1.32,310.0,265.0,18.5
2025-06-03T08:48:00+00:00,1144.8,78.77,357.4,13.96,362.0,18.8,616.9,0.0613,1.35,310.0,265.0,14.8
2025-06-03T08:49:00+00:00,881.1,78.66,352.5,13.61,328.5,19.0,579.2,0.0576,1.34,310.0,265.0,13.5
2025-06-03T08:50:00+00:00,976.6,77.11,362.2,13.93,328.6,16.6,543.9,0.0679,1.43,310.0,265.0,15.1
2025-06-03T08:51:00+00:00,941.6,75.68,363.5,13.61,324.6,20.6,579.9,0.0574,1.28,310.0,265.0,14.8
2025-06-03T08:52:00+00:00,949.3,79.91,360.3,13.78,354.4,16.8,533.1,0.0575,1.29,310.0,265.0,14.7
2025-06-03T08:53:00+00:00,722.0,79.49,345.2,13.95,352.3,19.8,550.7,0.0571,1.37,310.0,265.0,14.8
2025-06-03T08:54:00+00:00,1048.3,83.29,359.2,13.72,355.8,19.9,573.4,0.0585,1.34,310.0,265.0,15.5
2025-06-03T14:00:00+00:00,1065.4,77.51,349.8,14.10,358.9,20.0,535.3,0.0600,1.35,310.0,265.0,15.6
2025-06-03T14:01:00+00:00,922.1,79.63,360.2,14.06,337.0,18.1,526.0,0.0618,1.44,310.0,265.0,15.8
2025-06-03T14:02:00+00:00,886.5,80.96,342.6,13.76,341.9,19.3,557.2,0.0573,1.30,310.0,265.0,14.4
2025-06-03T14:03:00+00:00,1033.4,79.76,367.1,13.89,333.3,21.7,578.3,0.0632,1.42,310.0,265.0,15.4
2025-06-03T14:04:00+00:00,840.4,78.26,363.7,13.86,336.1,17.7,524.8,0.0569,1.29,310.0,265.0,15.2
2025-06-03T14:05:00+00:00,784.0,78.72,347.7,13.88,358.9,19.9,571.9,0.0576,1.39,310.0,265.0,16.2
2025-06-03T14:06:00+00:00,946.4,78.71,365.1,13.88,341.4,22.3,561.6,0.0651,1.25,310.0,265.0,15.5
2025-06-03T14:07:00+00:00,1026.0,78.44,356.4,13.88,332.2,18.8,573.8,0.0588,1.36,310.0,265.0,17.1
2025-06-03T14:08:00+00:00,966.7,78.76,350.1,13.78,338.6,20.2,509.0,0.0590,1.42,310.0,265.0,14.7
2025-06-03T14:09:00+00:00,951.5,77.12,368.6,13.73,352.4,20.2,536.7,0.0661,1.22,310.0,265.0,15.0
2025-06-03T14:10:00+00:00,857.8,80.63,359.6,13.81,362.3,22.2,545.0,0.0674,1.33,310.0,265.0,14.9
2025-06-03T14:11:00+00:00,1980.8,81.25,354.9,13.67,367.0,20.0,592.4,0.0674,1.37,310.0,265.0,15.7
2025-06-03T14:12:00+00:00,1976.8,82.95,340.4,13.77,380.7,17.6,649.3,0.0640,1.39,310.0,265.0,16.1
2025-06-03T14:13:00+00:00,1956.4,80.50,351.6,13.74,394.1,22.9,634.2,0.0660,1.27,310.0,265.0,15.4
2025-06-03T14:14:00+00:00,2052.3,78.36,335.9,13.71,398.2,18.4,680.3,0.0679,1.28,310.0,265.0,13.5
2025-06-03T14:15:00+00:00,1845.3,81.84,352.3,13.89,360.5,21.6,598.7,0.0669,1.35,310.0,265.0,15.4
2025-06-03T14:16:00+00:00,1928.3,83.32,350.2,14.01,397.3,19.0,652.3,0.0637,1.42,310.0,265.0,15.1
2025-06-03T14:17:00+00:00,1933.3,78.76,347.5,13.74,376.5,20.3,591.8,0.0632,1.34,310.0,265.0,16.1
2025-06-03T14:18:00+00:00,1978.7,83.04,358.6,13.52,385.5,19.7,588.4,0.0641,1.40,310.0,265.0,15.2
2025-06-03T14:19:00+00:00,1993.2,80.72,339.2,13.98,374.8,18.8,589.1,0.0720,1.37,310.0,265.0,15.6
2025-06-03T14:20:00+00:00,1920.5,80.87,356.4,13.75,382.4,17.7,606.4,0.0634,1.36,310.0,265.0,17.2
2025-06-03T14:21:00+00:00,2016.8,79.01,353.9,13.44,373.0,16.0,596.1,0.0633,1.32,310.0,265.0,16.0
2025-06-03T14:22:00+00:00,2079.3,84.08,339.2,13.96,399.9,20.2,643.1,0.0701,1.40,310.0,265.0,14.9
2025-06-03T14:23:00+00:00,1981.7,84.86,359.1,13.88,383.4,18.9,614.9,0.0724,1.36,310.0,265.0,13.2
2025-06-03T14:24:00+00:00,1886.1,78.87,346.6,13.96,378.5,19.4,582.2,0.0677,1.29,310.0,265.0,13.5
2025-06-03T14:25:00+00:00,1840.5,79.72,354.2,13.60,376.0,18.5,572.0,0.0665,1.38,310.0,265.0,16.1
2025-06-03T14:26:00+00:00,2073.9,85.21,348.0,13.70,378.2,17.6,646.1,0.0634,1.29,310.0,265.0,15.2
2025-06-03T14:27:00+00:00,1945.5,82.29,356.3,13.96,392.3,17.0,579.8,0.0637,1.38,310.0,265.0,15.0
2025-06-03T14:28:00+00:00,1914.3,83.92,346.3,13.62,381.9,19.1,543.9,0.0635,1.38,310.0,265.0,16.7
2025-06-03T14:29:00+00:00,1964.3,82.03,346.6,14.02,364.6,21.5,526.2,0.0637,1.35,310.0,265.0,16.4
2025-06-03T14:30:00+00:00,1989.9,81.26,350.6,13.80,384.1,17.9,543.6,0.0634,1.31,310.0,265.0,15.0
2025-06-03T14:31:00+00:00,2014.0,82.75,340.5,13.84,401.5,18.2,648.6,0.0631,1.29,310.0,265.0,15.4
2025-06-03T14:32:00+00:00,1972.0,82.11,353.1,13.54,393.2,16.3,678.8,0.0636,1.34,310.0,265.0,17.8
2025-06-03T14:33:00+00:00,1876.5,79.59,353.1,13.64,368.7,20.1,652.3,0.0628,1.32,310.0,265.0,14.8
2025-06-03T14:34:00+00:00,2033.1,80.43,344.4,13.68,401.1,22.6,595.1,0.0637,1.34,310.0,265.0,15.2
2025-06-03T14:35:00+00:00,2154.4,80.82,359.4,13.48,379.7,19.8,560.9,0.0674,1.23,310.0,265.0,15.2
2025-06-03T14:36:00+00:00,2123.1,85.10,347.0,13.81,389.4,19.1,594.8,0.0646,1.38,310.0,265.0,15.4
2025-06-03T14:37:00+00:00,1900.0,82.26,354.1,13.93,370.5,21.6,591.3,0.0651,1.33,310.0,265.0,15.8
2025-06-03T14:38:00+00:00,1958.3,79.96,353.4,13.89,373.2,15.3,616.3,0.0773,1.37,310.0,265.0,14.8
2025-06-03T14:39:00+00:00,2102.6,81.25,344.6,14.02,398.1,16.7,547.0,0.0645,1.37,310.0,265.0,15.0
2025-06-03T14:40:00+00:00,1965.2,80.18,342.6,13.68,382.7,19.4,606.3,0.0663,1.34,310.0,265.0,14.5
2025-06-03T14:41:00+00:00,2263.0,82.88,353.7,13.82,385.5,20.5,649.6,0.0656,1.41,310.0,265.0,15.5
2025-06-03T14:42:00+00:00,1927.1,81.44,344.4,13.70,374.9,16.0,562.0,0.0621,1.22,310.0,265.0,16.2
2025-06-03T14:43:00+00:00,1900.3,82.27,351.6,13.61,386.8,21.4,651.9,0.0630,1.33,310.0,265.0,15.8
2025-06-03T14:44:00+00:00,2068.6,81.60,338.7,13.67,388.6,21.3,626.5,0.0672,1.33,310.0,265.0,16.7
2025-06-03T14:45:00+00:00,2128.3,81.98,368.0,14.00,390.5,23.6,601.8,0.0697,1.32,310.0,265.0,16.4
2025-06-03T14:46:00+00:00,2018.9,82.79,350.0,13.80,372.6,18.3,527.0,0.0656,1.32,310.0,265.0,17.0
2025-06-03T14:47:00+00:00,1941.8,81.36,361.6,13.85,364.1,20.5,563.8,0.0641,1.37,310.0,265.0,17.5
2025-06-03T14:48:00+00:00,1985.1,84.67,352.2,14.01,396.0,20.6,572.0,0.0650,1.45,310.0,265.0,14.6
2025-06-03T14:49:00+00:00,2014.1,80.18,354.0,13.82,379.5,17.7,596.8,0.0721,1.29,310.0,265.0,15.9
2025-06-03T14:50:00+00:00,2090.4,84.62,351.2,13.77,383.4,20.0,615.6,0.0684,1.42,310.0,265.0,14.9
2025-06-03T14:51:00+00:00,2099.4,80.66,338.9,13.70,375.9,20.5,588.5,0.0662,1.25,310.0,265.0,14.3
2025-06-03T14:52:00+00:00,1889.0,82.57,350.9,13.58,389.7,20.9,537.7,0.0702,1.33,310.0,265.0,16.7
2025-06-03T14:53:00+00:00,2013.9,82.20,345.7,13.72,376.3,19.1,628.1,0.0641,1.38,310.0,265.0,16.6
2025-06-03T14:54:00+00:00,2161.5,82.31,348.2,13.64,395.1,23.2,649.3,0.0648,1.37,310.0,265.0,14.7
2025-06-03T14:55:00+00:00,2148.8,81.70,340.7,13.75,369.9,17.8,592.5,0.0671,1.31,310.0,265.0,16.2
2025-06-03T14:56:00+00:00,2114.9,82.60,347.0,13.57,388.5,18.2,637.6,0.0750,1.45,310.0,265.0,15.3
2025-06-03T14:57:00+00:00,2455.8,85.47,327.8,13.69,384.3,17.2,616.9,0.0684,1.34,310.0,265.0,16.0
2025-06-03T14:58:00+00:00,2230.4,80.33,341.3,13.83,384.1,18.8,632.2,0.0695,1.31,310.0,265.0,15.7
2025-06-03T14:59:00+00:00,2528.8,83.40,349.3,13.65,435.3,19.9,603.4,0.0663,1.34,310.0,265.0,16.3
2025-06-03T15:00:00+00:00,1941.7,81.65,355.6,13.30,387.8,21.5,538.1,0.0633,1.17,310.0,265.0,14.9
2025-06-03T15:01:00+00:00,2465.7,83.68,343.7,13.88,383.3,17.4,611.0,0.0658,1.31,310.0,265.0,16.4
2025-06-03T15:02:00+00:00,2485.4,80.01,343.8,13.76,396.0,18.6,597.3,0.0677,1.36,310.0,265.0,15.5
2025-06-03T15:03:00+00:00,1905.5,82.40,351.5,13.94,366.9,21.0,598.9,0.0630,1.33,310.0,265.0,16.1
2025-06-03T15:04:00+00:00,2069.9,81.66,351.2,13.98,373.1,19.0,642.4,0.0653,1.35,310.0,265.0,17.0
2025-06-03T15:05:00+00:00,1962.0,82.67,361.7,13.72,367.2,21.2,634.1,0.0665,1.46,310.0,265.0,17.0
2025-06-03T15:06:00+00:00,1933.1,81.55,362.8,13.84,376.1,19.3,604.7,0.0634,1.36,310.0,265.0,17.5
2025-06-03T15:07:00+00:00,2003.0,81.97,348.0,13.87,379.6,17.5,579.6,0.0634,1.31,310.0,265.0,15.5
2025-06-03T15:08:00+00:00,1919.7,80.95,334.8,13.72,376.6,19.9,607.2,0.0685,1.39,310.0,265.0,15.4
2025-06-03T15:09:00+00:00,2152.9,83.90,349.1,13.60,394.4,20.9,594.2,0.0711,1.36,310.0,265.0,15.1
2025-06-03T15:10:00+00:00,2093.7,84.67,350.7,13.85,392.4,16.5,598.4,0.0675,1.45,310.0,265.0,17.0
2025-06-03T15:11:00+00:00,2100.0,82.61,340.2,13.43,358.1,15.9,620.6,0.0685,1.41,310.0,265.0,16.1
2025-06-03T15:12:00+00:00,2003.7,83.52,343.5,13.70,380.7,21.9,611.5,0.0689,1.36,310.0,265.0,13.7
2025-06-03T15:13:00+00:00,2082.1,82.72,340.1,14.12,381.6,17.4,563.4,0.0667,1.24,310.0,265.0,17.4
2025-06-03T15:14:00+00:00,2056.7,78.48,351.6,13.88,375.7,19.7,640.1,0.0673,1.41,310.0,265.0,15.6
2025-06-03T15:15:00+00:00,2395.3,81.94,338.7,13.81,390.9,18.1,654.8,0.0657,1.32,310.0,265.0,14.2
2025-06-03T15:16:00+00:00,1905.2,81.71,353.4,13.67,358.8,16.6,570.3,0.0714,1.34,310.0,265.0,16.2
2025-06-03T15:17:00+00:00,1924.3,79.86,362.6,14.16,352.8,20.2,616.4,0.0639,1.40,310.0,265.0,14.1
2025-06-03T15:18:00+00:00,2067.4,86.65,341.2,13.66,390.5,22.1,564.9,0.0634,1.30,310.0,265.0,16.8
2025-06-03T15:19:00+00:00,2073.6,83.59,342.4,13.81,389.8,19.9,625.8,0.0644,1.37,310.0,265.0,16.2
2025-06-03T15:20:00+00:00,2074.4,82.76,347.2,13.89,370.3,16.7,597.1,0.0641,1.30,310.0,265.0,14.0
2025-06-03T15:21:00+00:00,1961.0,81.44,348.3,13.65,378.5,17.7,626.9,0.0665,1.37,310.0,265.0,15.3
2025-06-03T15:22:00+00:00,2062.7,82.00,334.4,13.68,394.5,20.0,563.0,0.0646,1.34,310.0,265.0,15.7
2025-06-03T15:23:00+00:00,1949.7,81.64,356.2,13.71,363.3,19.8,649.8,0.0645,1.30,310.0,265.0,16.4
2025-06-03T15:24:00+00:00,1781.6,82.69,350.5,13.88,365.9,20.1,590.8,0.0628,1.38,310.0,265.0,16.8
2025-06-03T15:25:00+00:00,2194.7,81.46,348.4,13.79,367.5,20.7,622.0,0.0650,1.38,310.0,265.0,14.8
2025-06-03T15:26:00+00:00,2151.7,84.20,330.6,13.88,387.0,19.4,570.5,0.0647,1.37,310.0,265.0,14.6
2025-06-03T15:27:00+00:00,2053.1,80.90,345.3,13.78,379.9,19.0,615.9,0.0747,1.37,310.0,265.0,16.0
2025-06-03T15:28:00+00:00,2034.3,80.68,350.2,13.59,371.2,19.5,602.7,0.0638,1.35,310.0,265.0,14.9
2025-06-03T15:29:00+00:00,2168.0,82.92,344.1,13.81,384.9,20.0,641.2,0.0676,1.43,310.0,265.0,17.4
2025-06-03T15:30:00+00:00,2036.5,80.17,346.2,13.85,390.2,21.8,641.5,0.0637,1.32,310.0,265.0,16.0
2025-06-03T15:31:00+00:00,2090.3,81.67,355.0,13.79,392.6,17.7,566.6,0.0638,1.32,310.0,265.0,16.0
2025-06-03T15:32:00+00:00,1915.3,82.25,355.7,13.78,396.3,18.6,627.7,0.0633,1.36,310.0,265.0,17.1
2025-06-03T15:33:00+00:00,2006.9,83.14,336.3,13.81,371.1,19.7,560.7,0.0662,1.44,310.0,265.0,16.1
2025-06-03T15:34:00+00:00,2155.3,84.83,344.8,13.83,388.4,17.4,516.8,0.0641,1.30,310.0,265.0,14.9
2025-06-03T15:35:00+00:00,1755.4,79.01,339.5,13.80,375.8,20.9,579.0,0.0664,1.39,310.0,265.0,15.7
2025-06-03T15:36:00+00:00,1993.8,81.11,357.0,13.64,386.0,20.4,609.8,0.0656,1.35,310.0,265.0,15.8
2025-06-03T15:37:00+00:00,1972.3,83.15,335.7,13.74,361.0,19.2,613.7,0.0636,1.35,310.0,265.0,16.5
2025-06-03T15:38:00+00:00,1952.7,83.53,350.9,13.88,394.4,21.1,622.9,0.0661,1.41,310.0,265.0,15.2
2025-06-03T15:39:00+00:00,2008.5,83.89,339.1,13.70,370.3,17.5,600.2,0.0644,1.32,310.0,265.0,15.8
2025-06-03T15:40:00+00:00,2058.9,82.61,347.9,13.71,396.5,21.5,619.6,0.0643,1.38,310.0,265.0,13.9
2025-06-03T15:41:00+00:00,1858.2,80.28,361.7,13.82,370.6,19.2,609.9,0.0627,1.32,310.0,265.0,15.7
2025-06-03T15:42:00+00:00,2142.9,82.40,333.3,14.02,392.9,19.3,613.9,0.0662,1.28,310.0,265.0,14.4
2025-06-03T15:43:00+00:00,2056.8,79.35,350.8,13.70,354.7,19.2,643.1,0.0640,1.35,310.0,265.0,13.3
2025-06-03T15:44:00+00:00,2054.5,81.90,347.0,13.99,370.3,20.6,643.9,0.0643,1.38,310.0,265.0,14.3
2025-06-03T15:45:00+00:00,2081.0,82.88,353.6,14.16,397.2,20.1,646.8,0.0633,1.27,310.0,265.0,16.2
2025-06-03T15:46:00+00:00,2102.0,81.32,354.6,13.74,386.8,17.8,565.2,0.0656,1.28,310.0,265.0,15.4
2025-06-03T15:47:00+00:00,2046.1,83.25,344.6,13.66,388.2,19.9,605.4,0.0657,1.36,310.0,265.0,16.7
2025-06-03T15:48:00+00:00,2212.6,82.40,337.6,13.77,390.2,19.5,632.1,0.0667,1.28,310.0,265.0,16.3
2025-06-03T15:49:00+00:00,1939.3,82.82,367.2,13.88,372.5,20.4,607.1,0.0636,1.38,310.0,265.0,14.4
2025-06-03T15:50:00+00:00,1851.1,81.55,350.5,13.96,368.7,18.1,641.2,0.0624,1.30,310.0,265.0,15.1
2025-06-03T15:51:00+00:00,1948.5,82.33,360.5,13.85,392.7,15.0,603.7,0.0675,1.32,310.0,265.0,14.9
2025-06-03T15:52:00+00:00,2099.5,83.56,367.2,13.90,409.4,16.8,612.7,0.0648,1.40,310.0,265.0,13.2
2025-06-03T15:53:00+00:00,1960.7,82.39,346.5,13.87,388.9,21.3,591.6,0.0643,1.43,310.0,265.0,16.4
2025-06-03T15:54:00+00:00,2070.7,84.01,355.8,13.78,383.6,18.5,577.4,0.0636,1.31,310.0,265.0,15.2
2025-06-03T15:55:00+00:00,2118.9,84.71,358.9,13.95,389.4,20.8,630.0,0.0644,1.35,310.0,265.0,16.2
2025-06-03T15:56:00+00:00,1865.3,81.52,360.8,13.64,364.5,20.5,594.4,0.0636,1.40,310.0,265.0,17.1
2025-06-03T15:57:00+00:00,2168.2,79.57,349.4,13.72,376.2,14.1,614.2,0.0648,1.36,310.0,265.0,16.2
2025-06-03T15:58:00+00:00,2151.9,82.31,354.6,13.92,398.2,18.0,581.8,0.0710,1.31,310.0,265.0,15.9
2025-06-03T15:59:00+00:00,1979.0,80.91,350.6,13.74,367.4,18.3,624.3,0.0691,1.36,310.0,265.0,15.7
2025-06-03T16:00:00+00:00,2063.5,83.24,352.5,13.56,393.7,18.9,654.6,0.0639,1.33,310.0,265.0,14.4
2025-06-03T16:01:00+00:00,1970.5,81.14,351.3,13.91,379.4,17.6,558.5,0.0629,1.29,310.0,265.0,15.1
2025-06-03T16:02:00+00:00,1084.6,79.59,364.7,13.56,339.3,20.8,559.1,0.0595,1.42,310.0,265.0,13.6
2025-06-03T16:03:00+00:00,1089.2,78.81,357.2,13.79,352.5,16.7,602.7,0.0586,1.32,310.0,265.0,14.5
2025-06-03T16:04:00+00:00,882.7,80.82,367.7,13.80,351.0,18.9,573.4,0.0613,1.27,310.0,265.0,15.3
2025-06-03T16:05:00+00:00,932.2,83.52,350.4,14.03,352.6,19.2,524.0,0.0583,1.38,310.0,265.0,13.7
2025-06-03T16:06:00+00:00,1099.3,81.34,358.8,13.85,353.8,21.1,623.2,0.0628,1.33,310.0,265.0,16.2
2025-06-03T16:07:00+00:00,887.8,80.28,356.9,13.95,356.3,18.1,522.2,0.0577,1.33,310.0,265.0,18.5
2025-06-03T16:08:00+00:00,889.2,79.18,357.3,13.85,343.2,19.4,531.2,0.0653,1.27,310.0,265.0,15.9
2025-06-03T16:09:00+00:00,916.3,76.83,364.2,13.73,331.2,20.0,593.4,0.0619,1.36,310.0,265.0,15.7
2025-06-03T16:10:00+00:00,983.4,79.00,365.7,13.91,341.2,21.6,593.9,0.0576,1.28,310.0,265.0,15.2
2025-06-03T16:11:00+00:00,888.7,80.73,364.3,13.93,363.2,18.6,541.5,0.0573,1.31,310.0,265.0,14.7
2025-06-04T06:00:00+00:00,998.3,77.45,361.2,13.97,344.5,21.3,530.9,0.0505,0.57,40.7,130.7,3.9
2025-06-04T06:01:00+00:00,758.8,78.85,360.3,14.06,336.0,19.3,487.9,0.0490,0.54,40.7,130.7,3.8
2025-06-04T06:02:00+00:00,976.8,78.43,358.9,13.64,343.0,20.6,549.3,0.0506,0.50,40.7,130.7,2.6
2025-06-04T06:03:00+00:00,999.6,81.16,366.5,13.81,362.5,21.5,545.0,0.0549,0.57,40.7,130.7,3.1
2025-06-04T06:04:00+00:00,815.3,75.98,361.1,13.61,364.7,19.0,549.5,0.0496,0.57,40.7,130.7,2.5
2025-06-04T06:05:00+00:00,1002.1,77.90,359.0,13.87,343.9,19.9,554.7,0.0505,0.55,40.7,130.7,3.1
2025-06-04T06:06:00+00:00,774.0,76.65,361.2,13.73,334.6,16.2,489.6,0.0504,0.54,40.7,130.7,2.7
2025-06-04T06:07:00+00:00,774.4,77.36,356.5,13.77,350.3,21.2,512.6,0.0524,0.57,40.7,130.7,2.7
2025-06-04T06:08:00+00:00,1027.4,81.24,357.2,13.88,341.1,20.2,593.5,0.0508,0.57,40.7,130.7,3.0
2025-06-04T06:09:00+00:00,946.9,79.04,355.5,13.70,332.3,19.1,486.6,0.0516,0.60,40.7,130.7,1.4
2025-06-04T06:10:00+00:00,956.1,79.42,352.1,13.87,348.9,18.5,604.2,0.0521,0.59,40.7,130.7,2.6
2025-06-04T06:11:00+00:00,1059.3,76.00,336.7,13.97,343.8,17.7,527.8,0.0533,0.57,40.7,130.7,0.9
2025-06-04T06:12:00+00:00,999.6,79.18,363.8,13.72,351.3,17.1,586.4,0.0497,0.50,40.7,130.7,2.4
2025-06-04T06:13:00+00:00,1964.8,83.37,354.8,13.80,377.7,21.6,604.1,0.0557,0.45,40.7,130.7,3.7
2025-06-04T06:14:00+00:00,2177.7,79.92,349.1,13.71,384.0,21.4,597.2,0.0568,0.56,40.7,130.7,3.7
2025-06-04T06:15:00+00:00,2122.0,85.40,331.9,13.70,385.1,19.3,598.4,0.0621,0.52,40.7,130.7,2.7
2025-06-04T06:16:00+00:00,2037.7,81.55,355.5,13.91,390.6,18.5,634.9,0.0559,0.53,40.7,130.7,3.5
2025-06-04T06:17:00+00:00,2002.2,82.76,355.8,13.69,384.5,18.9,667.3,0.0563,0.59,40.7,130.7,2.1
2025-06-04T06:18:00+00:00,2027.9,80.27,339.6,13.82,398.7,22.5,622.7,0.0569,0.53,40.7,130.7,3.1
2025-06-04T06:19:00+00:00,2226.0,84.86,347.9,13.69,387.5,19.3,587.5,0.0602,0.60,40.7,130.7,4.0
2025-06-04T06:20:00+00:00,2123.1,81.13,344.3,13.90,384.7,19.9,602.8,0.0607,0.49,40.7,130.7,3.8
2025-06-04T06:21:00+00:00,2100.3,82.66,340.3,13.79,379.7,18.3,586.8,0.0626,0.55,40.7,130.7,3.3
2025-06-04T06:22:00+00:00,2028.2,81.96,345.8,13.63,381.0,19.2,637.5,0.0613,0.56,40.7,130.7,1.4
2025-06-04T06:23:00+00:00,2112.7,84.47,351.6,13.88,365.0,21.5,586.4,0.0564,0.56,40.7,130.7,4.3
2025-06-04T06:24:00+00:00,2009.9,80.38,356.8,13.85,385.1,19.1,592.4,0.0596,0.57,40.7,130.7,5.1
2025-06-04T06:25:00+00:00,2006.8,81.82,343.4,13.61,374.2,20.4,634.7,0.0600,0.54,40.7,130.7,3.5
2025-06-04T06:26:00+00:00,2202.2,82.51,356.3,14.01,384.7,19.5,648.5,0.0598,0.61,40.7,130.7,2.3
2025-06-04T06:27:00+00:00,1817.1,83.21,357.2,13.76,368.3,19.1,628.2,0.0553,0.61,40.7,130.7,2.9
2025-06-04T06:28:00+00:00,2036.2,84.37,347.3,13.74,382.1,21.1,631.9,0.0671,0.54,40.7,130.7,3.1
2025-06-04T06:29:00+00:00,2061.2,84.15,347.2,13.79,385.6,16.5,581.8,0.0600,0.59,40.7,130.7,1.6
2025-06-04T06:30:00+00:00,1890.8,82.43,350.9,13.60,385.7,21.5,567.5,0.0555,0.46,40.7,130.7,5.2
2025-06-04T06:31:00+00:00,2093.1,82.51,340.2,13.70,374.9,20.8,570.5,0.0563,0.57,40.7,130.7,4.9
2025-06-04T06:32:00+00:00,2011.5,82.32,357.0,13.66,383.5,20.0,604.7,0.0559,0.58,40.7,130.7,1.8
2025-06-04T06:33:00+00:00,2076.4,84.18,358.3,13.67,371.1,23.1,579.3,0.0609,0.61,40.7,130.7,3.5
2025-06-04T06:34:00+00:00,2160.4,83.30,347.1,13.46,383.5,20.4,617.4,0.0564,0.53,40.7,130.7,2.7
2025-06-04T06:35:00+00:00,1915.7,81.52,353.1,13.82,397.1,22.4,609.1,0.0573,0.58,40.7,130.7,2.3
2025-06-04T06:36:00+00:00,1901.9,80.01,335.9,13.63,385.8,22.7,620.2,0.0566,0.61,40.7,130.7,2.1
2025-06-04T06:37:00+00:00,1708.3,79.06,341.9,13.84,374.1,20.3,627.3,0.0538,0.50,40.7,130.7,3.6
2025-06-04T06:38:00+00:00,1844.6,80.90,342.9,13.66,385.9,18.3,545.3,0.0588,0.56,40.7,130.7,2.7
2025-06-04T06:39:00+00:00,2008.3,81.02,356.9,13.85,383.6,16.8,631.1,0.0637,0.54,40.7,130.7,4.1
2025-06-04T06:40:00+00:00,2074.2,82.56,344.8,13.65,375.3,18.8,568.2,0.0561,0.54,40.7,130.7,5.0
2025-06-04T06:41:00+00:00,2216.2,82.69,347.6,13.77,360.6,19.0,592.6,0.0598,0.55,40.7,130.7,2.5
2025-06-04T06:42:00+00:00,1973.7,79.01,361.3,13.82,389.9,19.1,639.8,0.0551,0.49,40.7,130.7,4.0
2025-06-04T06:43:00+00:00,1955.0,82.24,341.3,13.80,371.4,19.2,615.5,0.0563,0.62,40.7,130.7,3.8
2025-06-04T06:44:00+00:00,1996.2,82.76,347.8,13.96,382.9,22.0,648.6,0.0618,0.54,40.7,130.7,3.5
2025-06-04T06:45:00+00:00,2051.8,83.79,349.2,13.57,373.6,20.8,582.6,0.0569,0.62,40.7,130.7,2.4
2025-06-04T06:46:00+00:00,1903.4,81.77,349.2,14.03,382.4,20.0,603.3,0.0556,0.60,40.7,130.7,4.8
2025-06-04T06:47:00+00:00,2022.8,83.92,357.4,13.91,382.0,19.2,641.7,0.0540,0.37,40.7,130.7,3.1
2025-06-04T06:48:00+00:00,1914.1,79.96,344.0,13.77,366.0,22.5,541.2,0.0617,0.63,40.7,130.7,2.9
2025-06-04T06:49:00+00:00,2126.3,82.60,347.8,13.54,386.9,21.6,621.3,0.0654,0.61,40.7,130.7,3.9
2025-06-04T06:50:00+00:00,1942.2,83.05,361.8,13.72,379.8,16.9,643.0,0.0557,0.58,40.7,130.7,5.1
2025-06-04T06:51:00+00:00,2133.4,78.40,345.3,13.77,371.8,21.5,641.1,0.0561,0.47,40.7,130.7,2.2
2025-06-04T06:52:00+00:00,2072.6,80.85,334.1,13.64,380.0,21.0,623.3,0.0558,0.53,40.7,130.7,4.1
2025-06-04T06:53:00+00:00,1951.0,78.91,355.6,14.03,381.5,17.7,576.2,0.0554,0.55,40.7,130.7,5.1
2025-06-04T06:54:00+00:00,2127.7,81.46,345.6,13.95,377.5,17.1,651.5,0.0615,0.59,40.7,130.7,3.1
2025-06-04T06:55:00+00:00,2113.4,80.66,343.0,13.81,374.8,21.7,604.3,0.0556,0.49,40.7,130.7,3.0
2025-06-04T06:56:00+00:00,1976.0,80.74,358.5,13.79,385.5,19.8,572.1,0.0563,0.63,40.7,130.7,3.6
2025-06-04T06:57:00+00:00,2004.4,83.13,363.5,13.81,361.8,17.9,627.2,0.0563,0.60,40.7,130.7,2.3
2025-06-04T06:58:00+00:00,2053.9,79.98,360.5,13.60,393.9,18.5,542.2,0.0640,0.58,40.7,130.7,2.7
2025-06-04T06:59:00+00:00,2076.5,82.64,341.3,13.96,388.8,20.4,635.4,0.0569,0.62,40.7,130.7,3.6
2025-06-04T07:00:00+00:00,1985.2,80.11,353.8,13.69,363.4,18.3,600.5,0.0580,0.53,40.7,130.7,3.6
2025-06-04T07:01:00+00:00,2009.1,83.68,344.7,13.84,373.9,19.9,618.5,0.0557,0.54,40.7,130.7,3.8
2025-06-04T07:02:00+00:00,2167.1,83.42,350.0,13.71,390.8,19.8,610.0,0.0570,0.59,40.7,130.7,1.6
2025-06-04T07:03:00+00:00,1823.9,81.79,345.1,14.03,391.0,19.4,595.2,0.0555,0.53,40.7,130.7,4.8
2025-06-04T07:04:00+00:00,1989.9,82.35,347.6,13.67,386.0,17.2,641.1,0.0638,0.54,40.7,130.7,3.5
2025-06-04T07:05:00+00:00,2121.3,82.68,353.0,13.78,380.2,20.7,639.4,0.0567,0.59,40.7,130.7,2.8
2025-06-04T07:06:00+00:00,1858.9,77.82,346.2,13.88,349.7,19.6,561.8,0.0550,0.55,40.7,130.7,3.3
2025-06-04T07:07:00+00:00,1980.4,83.18,349.4,13.80,380.7,18.8,663.9,0.0567,0.64,40.7,130.7,2.5
2025-06-04T07:08:00+00:00,2142.0,82.68,346.9,13.47,393.1,17.8,580.0,0.0561,0.49,40.7,130.7,3.0
2025-06-04T07:09:00+00:00,1917.1,80.10,351.6,13.87,354.5,20.4,634.5,0.0553,0.56,40.7,130.7,1.7
2025-06-04T07:10:00+00:00,2353.3,85.72,351.0,13.66,393.4,20.5,598.4,0.0652,0.60,40.7,130.7,3.9
2025-06-04T07:11:00+00:00,2174.1,83.16,357.2,13.80,384.8,18.8,653.7,0.0608,0.52,40.7,130.7,4.3
2025-06-04T07:12:00+00:00,1809.6,80.56,345.7,13.86,369.6,16.0,591.5,0.0623,0.62,40.7,130.7,5.4
2025-06-04T07:13:00+00:00,1936.7,82.10,355.6,13.64,398.8,19.8,607.9,0.0580,0.64,40.7,130.7,2.8
2025-06-04T07:14:00+00:00,2440.6,84.11,352.3,13.59,407.7,21.4,597.0,0.0637,0.57,40.7,130.7,3.2
2025-06-04T07:15:00+00:00,1996.6,81.75,340.4,14.08,380.3,18.0,622.6,0.0588,0.64,40.7,130.7,2.8
2025-06-04T07:16:00+00:00,2331.5,85.50,340.8,13.92,382.3,20.7,639.4,0.0576,0.56,40.7,130.7,4.3
2025-06-04T07:17:00+00:00,2412.9,83.36,354.5,13.80,388.2,18.4,590.0,0.0576,0.51,40.7,130.7,2.7
2025-06-04T07:18:00+00:00,2508.7,82.17,344.9,13.61,392.8,17.5,610.4,0.0586,0.58,40.7,130.7,1.5
2025-06-04T07:19:00+00:00,2150.6,82.40,346.7,13.77,392.0,17.2,623.2,0.0663,0.66,40.7,130.7,1.8
2025-06-04T07:20:00+00:00,2074.7,84.39,354.1,13.85,384.0,16.6,583.4,0.0585,0.55,40.7,130.7,2.1
2025-06-04T07:21:00+00:00,1902.5,82.27,365.5,13.82,369.4,17.2,629.6,0.0589,0.51,40.7,130.7,5.0
2025-06-04T07:22:00+00:00,2482.3,85.23,337.0,13.88,402.2,20.5,599.9,0.0582,0.55,40.7,130.7,1.6
2025-06-04T07:23:00+00:00,2027.2,86.01,342.9,13.97,378.6,19.2,625.1,0.0598,0.59,40.7,130.7,3.5
2025-06-04T07:24:00+00:00,1986.8,80.51,355.2,13.88,384.4,18.1,611.8,0.0597,0.61,40.7,130.7,3.6
2025-06-04T07:25:00+00:00,1957.2,81.63,348.6,13.87,385.7,21.0,562.9,0.0593,0.64,40.7,130.7,2.0
2025-06-04T07:26:00+00:00,2518.2,83.62,347.6,13.79,398.7,17.9,568.4,0.0664,0.55,40.7,130.7,4.2
2025-06-04T07:27:00+00:00,2048.2,82.25,372.8,13.71,353.2,18.3,602.0,0.0557,0.49,40.7,130.7,4.7
2025-06-04T07:28:00+00:00,2431.3,82.55,343.5,13.90,387.8,15.2,705.3,0.0651,0.56,40.7,130.7,3.4
2025-06-04T07:29:00+00:00,2425.4,79.84,349.9,13.82,376.3,17.7,598.8,0.0578,0.51,40.7,130.7,2.7
2025-06-04T07:30:00+00:00,1875.3,81.59,363.2,13.92,391.3,21.5,582.8,0.0555,0.59,40.7,130.7,2.0
2025-06-04T07:31:00+00:00,2128.1,80.92,343.5,13.74,403.8,20.8,571.8,0.0699,0.54,40.7,130.7,5.5
2025-06-04T07:32:00+00:00,2449.0,82.27,344.2,13.73,382.7,19.6,616.6,0.0593,0.54,40.7,130.7,3.6
2025-06-04T07:33:00+00:00,1894.8,79.74,355.6,13.77,365.3,18.8,559.9,0.0575,0.67,40.7,130.7,3.6
2025-06-04T07:34:00+00:00,2420.0,83.09,344.1,13.61,406.7,20.8,592.6,0.0606,0.57,40.7,130.7,4.1
2025-06-04T07:35:00+00:00,2448.4,87.03,346.3,13.86,389.6,19.5,579.8,0.0583,0.57,40.7,130.7,2.3
2025-06-04T07:36:00+00:00,1954.2,83.77,327.2,13.53,393.0,19.0,528.0,0.0556,0.56,40.7,130.7,3.8
2025-06-04T07:37:00+00:00,2132.5,80.96,353.1,13.81,398.7,17.8,644.7,0.0570,0.61,40.7,130.7,1.9
2025-06-04T07:38:00+00:00,1885.6,79.30,347.8,14.08,365.0,22.3,607.2,0.0673,0.52,40.7,130.7,3.2
2025-06-04T07:39:00+00:00,1945.6,81.82,350.5,13.67,351.5,17.7,613.0,0.0561,0.49,40.7,130.7,2.1
2025-06-04T07:40:00+00:00,2067.6,80.70,351.0,14.00,388.9,19.9,588.4,0.0569,0.64,40.7,130.7,3.1
2025-06-04T07:41:00+00:00,2008.1,82.71,352.7,14.12,364.3,20.3,594.1,0.0575,0.51,40.7,130.7,0.3
2025-06-04T07:42:00+00:00,2059.9,81.13,345.8,13.98,385.4,19.4,572.9,0.0564,0.59,40.7,130.7,3.9
2025-06-04T07:43:00+00:00,1954.6,81.42,344.4,13.61,396.1,20.7,560.2,0.0603,0.71,40.7,130.7,2.8
2025-06-04T07:44:00+00:00,1959.7,82.35,338.5,13.51,406.1,21.0,581.6,0.0673,0.58,40.7,130.7,3.8
2025-06-04T07:45:00+00:00,2009.0,80.72,349.1,13.79,373.8,18.0,631.1,0.0604,0.56,40.7,130.7,3.7
2025-06-04T07:46:00+00:00,1978.0,80.17,358.4,13.75,376.7,19.8,589.0,0.0559,0.58,40.7,130.7,4.3
2025-06-04T07:47:00+00:00,2110.2,79.92,339.4,13.92,391.0,19.4,602.1,0.0587,0.55,40.7,130.7,3.9
2025-06-04T07:48:00+00:00,1805.9,80.50,366.4,14.01,366.0,20.6,670.5,0.0552,0.60,40.7,130.7,2.1
2025-06-04T07:49:00+00:00,1976.4,80.57,349.5,13.72,398.8,18.4,625.2,0.0656,0.56,40.7,130.7,3.6
2025-06-04T07:50:00+00:00,2010.1,80.98,365.4,13.59,370.2,21.2,551.7,0.0566,0.64,40.7,130.7,5.0
2025-06-04T07:51:00+00:00,1824.1,80.94,345.0,13.91,379.5,18.7,638.9,0.0543,0.50,40.7,130.7,3.7
2025-06-04T07:52:00+00:00,2058.3,82.31,352.5,13.67,387.3,17.6,654.2,0.0558,0.53,40.7,130.7,2.1
2025-06-04T07:53:00+00:00,1850.2,80.40,336.0,13.94,373.3,18.3,637.0,0.0611,0.59,40.7,130.7,1.4
2025-06-04T07:54:00+00:00,1953.1,83.24,344.3,14.09,375.8,19.7,643.4,0.0644,0.59,40.7,130.7,3.1
2025-06-04T07:55:00+00:00,2016.6,83.20,350.3,14.19,383.5,20.7,581.4,0.0565,0.63,40.7,130.7,0.5
2025-06-04T07:56:00+00:00,2078.2,84.51,343.9,13.83,392.5,19.9,649.5,0.0615,0.52,40.7,130.7,4.8
2025-06-04T07:57:00+00:00,1962.2,80.89,352.5,14.00,373.8,19.9,640.0,0.0559,0.59,40.7,130.7,1.5
2025-06-04T07:58:00+00:00,2214.7,82.34,345.8,13.74,386.8,20.2,673.4,0.0614,0.52,40.7,130.7,2.5
2025-06-04T07:59:00+00:00,2225.1,80.82,337.6,13.61,375.0,20.3,649.6,0.0572,0.59,40.7,130.7,2.9
2025-06-04T08:00:00+00:00,2046.8,80.98,358.3,13.78,385.4,15.9,609.1,0.0574,0.53,40.7,130.7,3.3
2025-06-04T08:01:00+00:00,2025.2,82.57,350.5,13.78,365.7,18.7,595.6,0.0595,0.55,40.7,130.7,2.0
2025-06-04T08:02:00+00:00,1835.6,78.46,353.4,13.60,356.3,20.4,659.5,0.0580,0.61,40.7,130.7,4.5
2025-06-04T08:03:00+00:00,1814.2,81.37,356.4,13.77,362.9,22.5,555.8,0.0643,0.58,40.7,130.7,4.6
2025-06-04T08:04:00+00:00,2167.9,83.16,363.2,14.15,400.2,16.1,600.7,0.0623,0.60,40.7,130.7,1.4
2025-06-04T08:05:00+00:00,1942.9,80.87,345.2,13.69,387.5,20.1,542.8,0.0584,0.69,40.7,130.7,2.7
2025-06-04T08:06:00+00:00,1966.9,83.64,354.7,13.87,376.3,17.2,640.6,0.0553,0.51,40.7,130.7,2.3
2025-06-04T08:07:00+00:00,1907.4,83.69,359.6,13.54,379.6,20.4,591.6,0.0544,0.48,40.7,130.7,3.0
2025-06-04T08:08:00+00:00,1926.7,84.79,349.8,13.60,379.2,18.9,608.0,0.0558,0.50,40.7,130.7,1.2
2025-06-04T08:09:00+00:00,2064.9,82.09,352.0,13.89,384.5,19.9,579.2,0.0574,0.51,40.7,130.7,2.7
2025-06-04T08:10:00+00:00,1985.3,79.78,345.6,13.79,387.4,18.2,626.6,0.0558,0.55,40.7,130.7,5.4
2025-06-04T08:11:00+00:00,2050.6,83.76,349.0,13.83,367.9,22.3,630.8,0.0565,0.59,40.7,130.7,4.8
2025-06-04T08:12:00+00:00,2084.4,82.08,343.0,13.72,372.1,19.1,627.7,0.0578,0.49,40.7,130.7,4.6
2025-06-04T08:13:00+00:00,2046.7,83.27,348.9,13.70,399.9,19.4,630.1,0.0567,0.63,40.7,130.7,2.8
2025-06-04T08:14:00+00:00,1951.3,84.59,350.4,13.65,376.6,19.5,630.0,0.0559,0.59,40.7,130.7,2.3
2025-06-04T08:15:00+00:00,1981.5,80.60,350.8,13.70,363.3,20.4,620.9,0.0648,0.65,40.7,130.7,3.3
2025-06-04T08:16:00+00:00,2145.1,83.02,325.3,13.99,365.9,19.1,561.6,0.0599,0.53,40.7,130.7,4.0
2025-06-04T08:17:00+00:00,2103.6,81.27,329.5,13.91,382.1,18.6,618.6,0.0557,0.49,40.7,130.7,2.3
2025-06-04T08:18:00+00:00,1973.4,83.07,334.2,13.86,372.6,19.1,606.3,0.0561,0.47,40.7,130.7,2.7
2025-06-04T08:19:00+00:00,1942.9,82.40,351.8,13.67,358.1,19.5,605.5,0.0558,0.47,40.7,130.7,1.5
2025-06-04T08:20:00+00:00,2049.6,82.79,343.5,14.12,383.4,20.5,616.4,0.0570,0.64,40.7,130.7,2.6
2025-06-04T08:21:00+00:00,1751.7,81.89,349.0,13.82,356.7,17.4,602.2,0.0544,0.53,40.7,130.7,3.1
2025-06-04T08:22:00+00:00,2008.9,81.66,348.6,13.75,380.1,21.1,595.4,0.0580,0.52,40.7,130.7,4.0
2025-06-04T08:23:00+00:00,2209.6,83.32,356.3,13.82,382.8,18.6,620.2,0.0571,0.58,40.7,130.7,4.2
2025-06-04T08:24:00+00:00,1993.0,83.99,351.9,13.97,380.8,16.5,562.9,0.0556,0.54,40.7,130.7,2.1
2025-06-04T08:25:00+00:00,2086.2,83.58,342.0,14.01,359.0,18.3,647.0,0.0584,0.51,40.7,130.7,3.2
2025-06-04T08:26:00+00:00,1973.0,81.22,344.0,13.96,409.0,19.2,586.1,0.0634,0.48,40.7,130.7,2.6
2025-06-04T08:27:00+00:00,2028.3,81.16,355.0,13.97,394.7,17.2,606.6,0.0600,0.55,40.7,130.7,3.4
2025-06-04T08:28:00+00:00,1092.4,79.11,349.6,13.74,353.3,22.5,543.3,0.0511,0.47,40.7,130.7,3.1
2025-06-04T08:29:00+00:00,813.9,76.57,351.9,13.62,332.1,16.1,646.8,0.0561,0.57,40.7,130.7,3.9
2025-06-04T08:30:00+00:00,1014.2,82.51,350.9,13.65,346.2,21.4,559.0,0.0501,0.52,40.7,130.7,4.2
2025-06-04T08:31:00+00:00,1038.3,77.22,356.6,13.82,348.8,18.9,570.9,0.0542,0.52,40.7,130.7,3.8
2025-06-04T08:32:00+00:00,1002.1,78.29,358.3,13.71,362.0,22.0,602.3,0.0514,0.52,40.7,130.7,4.2
2025-06-04T08:33:00+00:00,934.4,77.82,353.9,13.95,362.6,18.8,533.0,0.0566,0.55,40.7,130.7,5.1
2025-06-04T08:34:00+00:00,901.7,79.77,355.1,13.92,339.3,19.7,539.1,0.0493,0.50,40.7,130.7,5.3
2025-06-04T08:35:00+00:00,905.5,78.86,355.0,13.68,357.5,18.2,515.1,0.0514,0.70,40.7,130.7,3.5
2025-06-04T08:36:00+00:00,1013.2,79.03,353.9,13.44,336.8,18.7,567.8,0.0571,0.66,40.7,130.7,4.7
2025-06-04T08:37:00+00:00,993.6,75.98,357.8,13.67,360.6,18.0,542.4,0.0507,0.59,40.7,130.7,2.7
2025-06-04T08:38:00+00:00,900.3,79.25,337.1,13.74,324.5,20.6,538.8,0.0498,0.55,40.7,130.7,5.1
2025-06-04T08:39:00+00:00,1019.0,81.01,355.1,13.83,343.4,19.6,551.2,0.0517,0.58,40.7,130.7,2.8
2025-06-04T14:00:00+00:00,936.1,79.61,358.7,13.65,367.1,18.0,538.8,0.0523,0.56,40.7,130.7,4.5
2025-06-04T14:01:00+00:00,942.4,79.16,373.8,13.72,345.9,20.4,575.3,0.0501,0.55,40.7,130.7,2.1
2025-06-04T14:02:00+00:00,1187.5,81.34,357.9,13.73,351.6,19.5,567.9,0.0553,0.51,40.7,130.7,2.9
2025-06-04T14:03:00+00:00,954.2,78.18,350.0,13.72,359.3,19.2,532.9,0.0507,0.60,40.7,130.7,3.0
2025-06-04T14:04:00+00:00,1017.1,80.09,352.1,13.79,337.5,17.4,610.5,0.0508,0.58,40.7,130.7,3.8
2025-06-04T14:05:00+00:00,1018.8,79.24,357.2,13.66,358.3,21.8,578.6,0.0562,0.57,40.7,130.7,2.6
2025-06-04T14:06:00+00:00,1095.1,77.98,357.3,13.87,355.1,18.5,575.3,0.0511,0.52,40.7,130.7,3.5
2025-06-04T14:07:00+00:00,1016.4,79.69,353.1,13.90,355.0,20.2,538.0,0.0565,0.58,40.7,130.7,4.2
2025-06-04T14:08:00+00:00,1120.2,78.02,348.9,13.58,361.6,20.0,615.5,0.0530,0.54,40.7,130.7,4.0
2025-06-04T14:09:00+00:00,972.1,79.69,362.6,13.83,340.8,19.1,573.9,0.0542,0.58,40.7,130.7,2.2
2025-06-04T14:10:00+00:00,1015.5,81.74,346.6,13.82,344.2,20.2,568.7,0.0510,0.60,40.7,130.7,4.8
2025-06-04T14:11:00+00:00,1038.0,80.82,356.3,13.68,377.7,20.9,527.2,0.0539,0.50,40.7,130.7,2.6
2025-06-04T14:12:00+00:00,922.1,78.43,351.7,13.29,320.0,21.2,624.4,0.0490,0.45,40.7,130.7,3.9
2025-06-04T14:13:00+00:00,946.5,80.14,362.5,13.77,362.1,21.3,602.1,0.0517,0.56,40.7,130.7,1.9
2025-06-04T14:14:00+00:00,2041.2,82.16,356.7,13.81,396.6,18.7,612.9,0.0574,0.59,40.7,130.7,3.6
2025-06-04T14:15:00+00:00,2015.7,83.54,345.0,14.11,381.9,20.1,598.5,0.0661,0.55,40.7,130.7,3.7
2025-06-04T14:16:00+00:00,2154.9,81.49,342.0,13.94,379.3,19.1,669.1,0.0572,0.53,40.7,130.7,4.2
2025-06-04T14:17:00+00:00,2257.9,82.69,349.1,13.78,390.9,17.7,654.9,0.0713,0.52,40.7,130.7,1.8
2025-06-04T14:18:00+00:00,1893.6,81.42,360.5,13.86,362.4,17.8,599.8,0.0560,0.63,40.7,130.7,2.7
2025-06-04T14:19:00+00:00,2232.3,84.22,349.3,13.96,379.1,17.9,595.5,0.0564,0.50,40.7,130.7,4.0
2025-06-04T14:20:00+00:00,1836.5,79.37,346.1,13.83,360.7,19.6,583.7,0.0549,0.55,40.7,130.7,1.4
2025-06-04T14:21:00+00:00,2091.2,83.17,341.0,13.82,385.1,17.1,604.2,0.0569,0.49,40.7,130.7,3.7
2025-06-04T14:22:00+00:00,2024.1,82.34,349.4,13.73,388.6,21.3,634.3,0.0556,0.54,40.7,130.7,3.0
2025-06-04T14:23:00+00:00,1944.6,84.20,341.4,14.09,361.3,19.2,592.0,0.0600,0.53,40.7,130.7,3.5
2025-06-04T14:24:00+00:00,2277.0,87.32,364.0,13.98,377.5,19.4,622.7,0.0574,0.58,40.7,130.7,2.4
2025-06-04T14:25:00+00:00,2086.6,83.78,341.4,13.77,364.1,19.4,579.9,0.0605,0.52,40.7,130.7,3.1
2025-06-04T14:26:00+00:00,1955.2,82.52,349.5,13.99,379.0,20.2,609.7,0.0564,0.64,40.7,130.7,2.5
2025-06-04T14:27:00+00:00,2029.4,81.43,343.5,13.71,343.3,17.9,639.7,0.0564,0.60,40.7,130.7,2.7
2025-06-04T14:28:00+00:00,2049.6,81.65,343.2,13.73,404.0,18.3,661.5,0.0567,0.63,40.7,130.7,3.8
2025-06-04T14:29:00+00:00,1795.0,79.61,339.0,13.79,369.0,17.1,623.5,0.0554,0.63,40.7,130.7,4.6
2025-06-04T14:30:00+00:00,1957.7,84.06,342.3,13.59,353.7,20.0,596.0,0.0558,0.59,40.7,130.7,4.3
2025-06-04T14:31:00+00:00,1932.6,80.49,350.3,14.08,377.3,17.2,589.1,0.0553,0.53,40.7,130.7,2.4
2025-06-04T14:32:00+00:00,2225.5,84.27,332.5,13.75,383.6,19.7,631.1,0.0692,0.62,40.7,130.7,4.5
2025-06-04T14:33:00+00:00,1786.5,80.89,350.4,13.92,359.2,18.8,540.9,0.0591,0.50,40.7,130.7,4.0
2025-06-04T14:34:00+00:00,2160.9,82.10,350.8,13.75,364.2,18.2,563.8,0.0565,0.57,40.7,130.7,3.6
2025-06-04T14:35:00+00:00,2071.5,82.13,350.5,13.88,380.5,19.8,640.9,0.0566,0.59,40.7,130.7,5.7
2025-06-04T14:36:00+00:00,1770.3,81.57,355.6,14.07,384.9,17.7,543.3,0.0615,0.53,40.7,130.7,2.1
2025-06-04T14:37:00+00:00,1922.4,81.22,353.8,13.62,383.7,17.6,590.4,0.0558,0.56,40.7,130.7,3.4
2025-06-04T14:38:00+00:00,2062.2,85.20,359.5,14.09,383.1,20.7,607.3,0.0635,0.56,40.7,130.7,4.7
2025-06-04T14:39:00+00:00,2152.9,82.41,335.0,13.56,360.6,20.6,629.1,0.0569,0.58,40.7,130.7,2.7
2025-06-04T14:40:00+00:00,2116.6,81.37,353.6,13.70,388.2,17.5,547.4,0.0567,0.57,40.7,130.7,4.3
2025-06-04T14:41:00+00:00,2237.9,79.93,353.6,13.83,387.8,20.4,628.0,0.0565,0.49,40.7,130.7,3.0
2025-06-04T14:42:00+00:00,1851.2,80.75,356.3,13.71,371.8,18.9,575.9,0.0553,0.52,40.7,130.7,1.6
2025-06-04T14:43:00+00:00,1981.6,81.21,343.3,13.68,381.7,20.5,632.2,0.0560,0.60,40.7,130.7,4.1
2025-06-04T14:44:00+00:00,2185.6,85.31,347.5,13.83,387.3,20.0,555.0,0.0599,0.59,40.7,130.7,4.4
2025-06-04T14:45:00+00:00,2011.8,83.22,357.4,13.70,390.3,22.4,598.6,0.0555,0.52,40.7,130.7,1.9
2025-06-04T14:46:00+00:00,1998.7,85.38,345.9,13.57,364.5,20.4,639.7,0.0589,0.54,40.7,130.7,2.4
2025-06-04T14:47:00+00:00,2090.6,85.84,352.1,13.52,369.0,16.3,615.5,0.0595,0.53,40.7,130.7,2.3
2025-06-04T14:48:00+00:00,2122.1,82.70,349.4,14.00,390.0,18.5,591.5,0.0602,0.57,40.7,130.7,3.6
2025-06-04T14:49:00+00:00,1939.3,82.82,346.2,13.77,374.9,22.5,597.1,0.0594,0.55,40.7,130.7,2.3
2025-06-04T14:50:00+00:00,2061.8,80.89,354.1,13.97,385.2,18.7,619.5,0.0573,0.50,40.7,130.7,3.8
2025-06-04T14:51:00+00:00,1885.7,79.54,342.1,13.92,383.6,19.7,621.5,0.0549,0.54,40.7,130.7,3.7
2025-06-04T14:52:00+00:00,2074.2,82.82,352.3,14.00,369.7,20.5,629.7,0.0567,0.51,40.7,130.7,3.9
2025-06-04T14:53:00+00:00,1890.9,82.38,351.0,13.90,381.9,20.3,576.6,0.0569,0.63,40.7,130.7,3.1
2025-06-04T14:54:00+00:00,2082.6,81.57,352.6,13.79,385.9,19.3,570.9,0.0675,0.61,40.7,130.7,5.4
2025-06-04T14:55:00+00:00,2035.5,80.53,355.6,13.82,381.1,19.5,583.3,0.0566,0.62,40.7,130.7,2.7
2025-06-04T14:56:00+00:00,2113.3,84.21,345.2,13.75,373.8,20.7,666.7,0.0605,0.58,40.7,130.7,3.2
2025-06-04T14:57:00+00:00,2071.0,82.02,352.3,13.70,378.4,17.6,557.3,0.0561,0.57,40.7,130.7,3.3
2025-06-04T14:58:00+00:00,2079.6,83.34,337.7,13.79,379.6,20.7,617.0,0.0556,0.50,40.7,130.7,3.0
2025-06-04T14:59:00+00:00,2041.5,84.64,338.7,13.80,411.9,22.6,573.2,0.0557,0.53,40.7,130.7,3.8
2025-06-04T15:00:00+00:00,2001.0,83.24,353.5,13.66,389.9,19.0,588.9,0.0564,0.62,40.7,130.7,3.2
2025-06-04T15:01:00+00:00,2085.9,80.78,354.4,13.88,390.0,16.5,619.7,0.0609,0.59,40.7,130.7,3.6
2025-06-04T15:02:00+00:00,2176.3,84.41,348.1,13.68,389.6,19.8,622.3,0.0566,0.56,40.7,130.7,3.4
2025-06-04T15:03:00+00:00,2075.3,83.28,348.1,13.62,387.9,18.6,600.4,0.0556,0.49,40.7,130.7,2.7
2025-06-04T15:04:00+00:00,1860.3,80.42,353.2,13.90,359.1,21.4,587.2,0.0544,0.50,40.7,130.7,1.8
2025-06-04T15:05:00+00:00,2005.4,82.86,360.7,13.45,387.7,20.4,595.0,0.0562,0.59,40.7,130.7,4.6
2025-06-04T15:06:00+00:00,2387.2,85.10,347.0,13.85,420.4,20.0,592.7,0.0659,0.50,40.7,130.7,3.9
2025-06-04T15:07:00+00:00,1901.1,81.32,348.2,13.46,363.7,21.0,570.3,0.0551,0.55,40.7,130.7,4.6
2025-06-04T15:08:00+00:00,1980.5,81.40,346.5,13.96,396.7,19.6,620.7,0.0611,0.58,40.7,130.7,2.7
2025-06-04T15:09:00+00:00,2409.1,81.76,348.8,13.68,374.1,20.1,596.6,0.0574,0.50,40.7,130.7,4.0
2025-06-04T15:10:00+00:00,2468.2,82.11,342.1,13.64,385.0,18.9,573.9,0.0645,0.51,40.7,130.7,2.9
2025-06-04T15:11:00+00:00,2110.5,82.14,352.5,13.50,396.8,17.8,564.6,0.0558,0.51,40.7,130.7,2.2
2025-06-04T15:12:00+00:00,2340.8,82.10,355.4,13.85,386.8,17.4,651.3,0.0672,0.42,40.7,130.7,0.8
2025-06-04T15:13:00+00:00,2248.8,81.93,337.9,13.89,378.1,20.6,634.2,0.0562,0.47,40.7,130.7,3.7
2025-06-04T15:14:00+00:00,2135.8,83.68,344.0,13.88,399.6,17.5,604.9,0.0566,0.56,40.7,130.7,3.2
2025-06-04T15:15:00+00:00,2013.0,81.46,345.3,13.93,394.2,20.3,525.5,0.0573,0.63,40.7,130.7,3.2
2025-06-04T15:16:00+00:00,1688.2,80.69,354.4,13.69,389.6,21.6,600.5,0.0544,0.58,40.7,130.7,4.3
2025-06-04T15:17:00+00:00,1989.6,81.68,356.7,13.66,367.9,18.7,600.9,0.0561,0.59,40.7,130.7,4.2
2025-06-04T15:18:00+00:00,2475.4,84.64,346.9,13.69,415.6,22.0,605.6,0.0589,0.60,40.7,130.7,3.9
2025-06-04T15:19:00+00:00,2414.1,81.17,349.6,13.69,397.6,20.0,616.4,0.0581,0.57,40.7,130.7,4.6
2025-06-04T15:20:00+00:00,2150.5,81.29,340.3,13.58,406.3,20.9,564.2,0.0571,0.59,40.7,130.7,2.1
2025-06-04T15:21:00+00:00,2006.4,81.95,356.9,13.93,421.5,17.9,576.1,0.0554,0.51,40.7,130.7,3.3
2025-06-04T15:22:00+00:00,2528.9,86.50,335.8,13.74,400.3,16.5,694.3,0.0590,0.55,40.7,130.7,3.3
2025-06-04T15:23:00+00:00,2436.3,84.66,341.2,14.00,381.1,22.2,626.6,0.0585,0.60,40.7,130.7,3.1
2025-06-04T15:24:00+00:00,2050.2,82.87,349.9,13.62,382.4,18.1,591.9,0.0562,0.58,40.7,130.7,4.3
2025-06-04T15:25:00+00:00,2427.2,81.64,346.4,13.58,400.8,18.3,605.1,0.0576,0.50,40.7,130.7,2.3
2025-06-04T15:26:00+00:00,2240.1,81.60,342.5,13.88,413.7,18.7,620.0,0.0568,0.53,40.7,130.7,2.2
2025-06-04T15:27:00+00:00,1777.1,80.83,354.8,13.79,382.5,19.9,564.6,0.0566,0.50,40.7,130.7,2.9
2025-06-04T15:28:00+00:00,2122.7,82.63,360.8,13.95,376.3,19.5,499.8,0.0620,0.43,40.7,130.7,3.7
2025-06-04T15:29:00+00:00,2607.5,83.73,348.3,13.63,411.7,19.5,631.9,0.0590,0.56,40.7,130.7,2.9
2025-06-04T15:30:00+00:00,2024.9,80.50,349.5,13.94,383.3,20.2,578.5,0.0612,0.54,40.7,130.7,3.9
2025-06-04T15:31:00+00:00,2123.4,82.46,357.2,13.88,371.9,18.6,641.1,0.0622,0.60,40.7,130.7,3.9
2025-06-04T15:32:00+00:00,2108.3,82.88,346.6,13.82,392.9,23.1,616.0,0.0562,0.53,40.7,130.7,0.7
2025-06-04T15:33:00+00:00,1975.7,82.00,349.0,14.00,402.2,17.8,643.2,0.0622,0.59,40.7,130.7,3.6
2025-06-04T15:34:00+00:00,1806.7,82.36,352.0,13.92,384.4,18.3,614.1,0.0549,0.56,40.7,130.7,1.6
2025-06-04T15:35:00+00:00,2123.8,82.59,340.5,13.82,376.7,18.9,638.3,0.0560,0.51,40.7,130.7,2.3
2025-06-04T15:36:00+00:00,2048.7,83.89,348.3,13.61,385.9,18.8,598.3,0.0563,0.58,40.7,130.7,2.7
2025-06-04T15:37:00+00:00,1890.6,82.09,347.1,13.65,388.9,17.1,635.8,0.0574,0.56,40.7,130.7,3.0
2025-06-04T15:38:00+00:00,1863.0,81.54,341.1,13.67,373.8,21.7,597.6,0.0593,0.57,40.7,130.7,2.3
2025-06-04T15:39:00+00:00,2089.2,81.57,358.4,13.80,396.1,21.4,598.9,0.0623,0.58,40.7,130.7,1.8
2025-06-04T15:40:00+00:00,2031.6,79.04,361.8,13.95,387.2,21.7,616.6,0.0555,0.52,40.7,130.7,3.1
2025-06-04T15:41:00+00:00,1992.7,80.69,360.1,13.94,378.9,20.8,647.2,0.0641,0.53,40.7,130.7,3.1
2025-06-04T15:42:00+00:00,2158.2,82.57,350.9,13.76,400.0,19.4,559.5,0.0561,0.53,40.7,130.7,3.5
2025-06-04T15:43:00+00:00,1907.7,81.36,355.6,13.94,400.9,17.4,578.2,0.0554,0.56,40.7,130.7,2.0
2025-06-04T15:44:00+00:00,2024.5,81.38,345.4,13.98,391.6,18.5,591.0,0.0569,0.53,40.7,130.7,4.1
2025-06-04T15:45:00+00:00,1996.1,83.70,356.7,13.84,353.2,18.8,613.7,0.0623,0.52,40.7,130.7,3.4
2025-06-04T15:46:00+00:00,1988.7,81.43,349.9,13.70,388.3,19.0,562.9,0.0580,0.53,40.7,130.7,3.6
2025-06-04T15:47:00+00:00,2029.3,82.42,353.8,13.63,413.3,20.4,525.7,0.0562,0.59,40.7,130.7,3.4
2025-06-04T15:48:00+00:00,2044.9,82.54,343.6,13.61,365.9,20.9,600.8,0.0556,0.51,40.7,130.7,3.6
2025-06-04T15:49:00+00:00,2103.7,82.25,340.8,13.90,378.3,17.5,578.1,0.0564,0.57,40.7,130.7,3.4
2025-06-04T15:50:00+00:00,2070.4,82.64,358.6,13.94,380.8,20.0,642.1,0.0552,0.45,40.7,130.7,2.0
2025-06-04T15:51:00+00:00,2018.2,83.43,337.3,13.63,362.6,19.7,576.9,0.0565,0.62,40.7,130.7,2.1
2025-06-04T15:52:00+00:00,1930.1,81.53,353.2,13.68,387.4,16.7,565.0,0.0595,0.56,40.7,130.7,3.9
2025-06-04T15:53:00+00:00,2057.4,83.19,346.1,13.62,386.6,18.8,554.1,0.0588,0.59,40.7,130.7,3.7
2025-06-04T15:54:00+00:00,2069.7,80.93,337.6,13.81,377.3,20.5,656.0,0.0564,0.59,40.7,130.7,2.8
2025-06-04T15:55:00+00:00,2052.8,81.86,347.8,13.57,383.6,18.2,565.4,0.0616,0.55,40.7,130.7,4.0
2025-06-04T15:56:00+00:00,1949.3,82.01,365.9,13.88,390.7,18.7,581.6,0.0549,0.51,40.7,130.7,4.2
2025-06-04T15:57:00+00:00,1993.5,81.50,347.2,13.74,386.0,17.0,587.6,0.0637,0.57,40.7,130.7,4.0
2025-06-04T15:58:00+00:00,1926.1,81.46,358.9,14.00,360.4,20.4,649.4,0.0555,0.57,40.7,130.7,3.1
2025-06-04T15:59:00+00:00,2034.0,82.10,359.2,13.95,385.0,17.8,560.1,0.0553,0.49,40.7,130.7,3.7
2025-06-04T16:00:00+00:00,1996.5,78.41,362.9,13.88,388.1,19.6,628.9,0.0554,0.51,40.7,130.7,4.4
2025-06-04T16:01:00+00:00,2026.3,81.84,338.8,14.14,385.0,20.5,598.4,0.0558,0.55,40.7,130.7,2.6
2025-06-04T16:02:00+00:00,2064.4,83.90,362.4,13.87,378.3,17.5,539.7,0.0559,0.54,40.7,130.7,3.2
2025-06-04T16:03:00+00:00,2172.5,83.76,346.5,13.49,406.5,21.8,584.8,0.0569,0.57,40.7,130.7,4.5
2025-06-04T16:04:00+00:00,2067.8,84.06,364.4,13.74,389.6,18.2,593.3,0.0562,0.58,40.7,130.7,3.1
2025-06-04T16:05:00+00:00,2015.9,84.73,346.8,13.64,386.6,19.4,593.0,0.0563,0.51,40.7,130.7,2.6
2025-06-04T16:06:00+00:00,1984.3,82.51,349.9,13.92,362.8,19.0,613.0,0.0546,0.44,40.7,130.7,2.6
2025-06-04T16:07:00+00:00,2098.7,83.56,357.5,13.71,384.3,22.1,619.8,0.0564,0.56,40.7,130.7,1.7
2025-06-04T16:08:00+00:00,2021.9,82.21,355.3,13.76,386.7,19.9,582.9,0.0593,0.53,40.7,130.7,4.0
2025-06-04T16:09:00+00:00,2253.8,82.50,344.6,13.91,402.8,16.2,602.9,0.0580,0.54,40.7,130.7,4.8
2025-06-04T16:10:00+00:00,2063.6,82.26,349.5,13.76,367.3,19.6,594.6,0.0564,0.57,40.7,130.7,3.3
2025-06-04T16:11:00+00:00,2059.5,81.81,348.8,13.93,400.6,19.5,556.3,0.0587,0.60,40.7,130.7,2.4
2025-06-04T16:12:00+00:00,1998.7,80.08,357.1,13.86,373.2,21.7,615.9,0.0559,0.57,40.7,130.7,2.9
2025-06-04T16:13:00+00:00,2136.3,82.35,352.3,13.80,380.9,21.2,639.0,0.0633,0.51,40.7,130.7,3.9
2025-06-04T16:14:00+00:00,2027.7,77.96,354.3,13.70,371.9,20.0,632.5,0.0564,0.61,40.7,130.7,4.0
2025-06-04T16:15:00+00:00,2017.9,81.40,351.1,14.10,377.4,19.1,573.4,0.0634,0.54,40.7,130.7,2.6
2025-06-04T16:16:00+00:00,1768.2,83.73,350.4,13.95,382.8,19.7,625.7,0.0543,0.53,40.7,130.7,1.7
2025-06-04T16:17:00+00:00,2101.9,82.63,351.2,13.45,397.8,19.0,622.8,0.0571,0.64,40.7,130.7,3.3
2025-06-04T16:18:00+00:00,2085.0,81.34,351.3,13.69,380.8,18.4,570.6,0.0563,0.56,40.7,130.7,4.3
2025-06-04T16:19:00+00:00,2089.3,82.53,345.6,13.78,371.7,20.5,621.4,0.0564,0.57,40.7,130.7,4.2
2025-06-04T16:20:00+00:00,2102.2,81.38,335.3,13.80,390.2,19.5,650.3,0.0648,0.48,40.7,130.7,1.0
2025-06-04T16:21:00+00:00,1917.6,80.44,336.9,14.04,384.0,19.5,652.6,0.0600,0.61,40.7,130.7,2.2
2025-06-04T16:22:00+00:00,2003.9,83.86,341.0,13.74,379.5,20.1,584.6,0.0565,0.63,40.7,130.7,2.8
2025-06-04T16:23:00+00:00,2101.7,82.78,355.0,13.92,380.4,17.6,578.8,0.0570,0.62,40.7,130.7,2.6
2025-06-04T16:24:00+00:00,1727.2,81.52,336.0,13.74,369.8,17.2,606.5,0.0545,0.58,40.7,130.7,4.5
2025-06-04T16:25:00+00:00,1998.5,82.16,358.0,13.72,414.4,20.2,639.9,0.0592,0.46,40.7,130.7,3.9
2025-06-04T16:26:00+00:00,1961.0,80.64,338.4,13.96,358.7,21.3,614.5,0.0581,0.64,40.7,130.7,4.8
2025-06-04T16:27:00+00:00,2087.6,81.83,357.2,13.75,352.0,19.0,601.3,0.0566,0.60,40.7,130.7,2.9
2025-06-04T16:28:00+00:00,2168.6,82.38,342.0,14.04,396.6,19.8,601.3,0.0640,0.56,40.7,130.7,4.1
2025-06-04T16:29:00+00:00,2132.3,83.40,356.6,13.66,366.1,20.5,620.1,0.0571,0.62,40.7,130.7,5.0
2025-06-04T16:30:00+00:00,905.4,79.28,355.5,14.06,330.2,19.1,555.9,0.0497,0.55,40.7,130.7,2.1
2025-06-04T16:31:00+00:00,987.7,80.28,341.5,13.69,321.5,20.1,529.4,0.0563,0.55,40.7,130.7,2.9
2025-06-04T16:32:00+00:00,1072.0,75.64,347.7,13.92,358.4,19.7,566.3,0.0507,0.55,40.7,130.7,2.5
2025-06-04T16:33:00+00:00,983.5,78.26,347.9,13.80,331.9,21.3,557.3,0.0501,0.52,40.7,130.7,1.4
2025-06-04T16:34:00+00:00,876.8,79.13,342.3,13.83,357.2,18.8,580.7,0.0577,0.52,40.7,130.7,2.2
2025-06-04T16:35:00+00:00,860.9,77.42,364.5,13.65,342.9,18.5,562.8,0.0497,0.56,40.7,130.7,2.4
2025-06-04T16:36:00+00:00,907.4,79.55,334.3,14.08,331.3,20.1,578.7,0.0522,0.59,40.7,130.7,2.1
2025-06-04T16:37:00+00:00,1104.1,78.64,362.3,14.01,341.9,18.2,484.7,0.0526,0.60,40.7,130.7,2.8
2025-06-04T16:38:00+00:00,915.6,80.11,360.5,13.75,359.7,18.2,578.6,0.0505,0.60,40.7,130.7,3.8
2025-06-04T16:39:00+00:00,1096.7,81.05,345.2,13.76,360.4,18.6,554.5,0.0506,0.52,40.7,130.7,4.0
2025-06-04T16:40:00+00:00,995.0,77.88,357.0,13.77,351.8,19.9,585.2,0.0518,0.58,40.7,130.7,4.1
2025-06-04T16:41:00+00:00,1027.2,81.47,356.3,13.62,349.3,21.8,520.1,0.0506,0.57,40.7,130.7,3.1
2025-06-04T16:42:00+00:00,1057.8,79.98,367.5,13.72,339.4,19.5,525.6,0.0536,0.63,40.7,130.7,1.5
2025-06-05T06:00:00+00:00,916.9,80.64,371.2,14.10,350.7,20.0,558.2,0.0547,0.82,236.0,11.0,10.1
2025-06-05T06:01:00+00:00,1056.7,78.01,345.1,13.65,337.1,20.5,602.7,0.0538,0.86,236.0,11.0,9.5
2025-06-05T06:02:00+00:00,1085.5,78.10,348.2,13.75,352.3,21.2,533.3,0.0546,0.92,236.0,11.0,10.2
2025-06-05T06:03:00+00:00,943.5,80.29,372.9,14.10,348.1,21.0,530.2,0.0533,0.88,236.0,11.0,7.5
2025-06-05T06:04:00+00:00,1018.9,78.69,344.3,13.97,344.7,19.8,602.5,0.0539,0.89,236.0,11.0,10.7
2025-06-05T06:05:00+00:00,911.6,78.36,351.0,13.86,357.6,23.8,544.1,0.0535,0.91,236.0,11.0,9.6
2025-06-05T06:06:00+00:00,984.7,78.44,358.5,13.82,355.2,20.9,516.4,0.0535,0.88,236.0,11.0,8.2
2025-06-05T06:07:00+00:00,927.8,78.48,348.2,13.62,340.6,19.7,541.4,0.0566,0.90,236.0,11.0,9.6
2025-06-05T06:08:00+00:00,977.7,78.60,362.0,13.77,344.8,18.9,531.6,0.0570,0.80,236.0,11.0,11.0
2025-06-05T06:09:00+00:00,825.2,79.27,370.4,13.68,359.1,18.0,566.0,0.0524,0.85,236.0,11.0,9.3
2025-06-05T06:10:00+00:00,846.9,77.53,345.8,13.53,334.5,19.5,546.4,0.0532,0.83,236.0,11.0,10.4
2025-06-05T06:11:00+00:00,1125.3,78.31,352.1,13.77,364.0,17.4,625.5,0.0591,0.88,236.0,11.0,9.6
2025-06-05T06:12:00+00:00,1040.9,77.83,348.0,13.69,364.7,20.4,554.6,0.0571,0.83,236.0,11.0,11.0
2025-06-05T06:13:00+00:00,1880.2,84.15,349.0,13.64,402.8,20.2,552.0,0.0583,0.83,236.0,11.0,10.2
2025-06-05T06:14:00+00:00,1821.1,80.56,341.0,13.71,381.6,20.8,593.4,0.0595,0.89,236.0,11.0,10.0
2025-06-05T06:15:00+00:00,2088.6,81.88,344.4,13.69,388.6,17.2,605.6,0.0602,0.89,236.0,11.0,9.8
2025-06-05T06:16:00+00:00,1969.3,80.75,347.6,13.85,368.7,21.7,625.5,0.0584,0.85,236.0,11.0,12.6
2025-06-05T06:17:00+00:00,1907.5,83.16,349.1,13.64,370.2,19.5,606.7,0.0630,0.90,236.0,11.0,9.6
2025-06-05T06:18:00+00:00,2034.3,85.43,345.8,13.81,388.4,19.1,616.3,0.0590,0.86,236.0,11.0,10.7
2025-06-05T06:19:00+00:00,2190.3,83.29,347.0,13.84,396.3,24.5,630.5,0.0608,0.96,236.0,11.0,11.3
2025-06-05T06:20:00+00:00,2199.4,82.51,346.5,13.90,381.6,19.5,597.9,0.0651,0.89,236.0,11.0,9.7
2025-06-05T06:21:00+00:00,2091.9,81.53,348.5,13.55,378.0,18.2,641.5,0.0595,0.88,236.0,11.0,9.3
2025-06-05T06:22:00+00:00,2049.5,84.99,341.1,13.81,369.5,17.9,594.3,0.0660,0.93,236.0,11.0,10.8
2025-06-05T06:23:00+00:00,1996.3,81.46,344.2,13.74,398.6,21.0,629.7,0.0634,0.90,236.0,11.0,10.0
2025-06-05T06:24:00+00:00,2100.5,81.30,354.5,13.73,387.3,18.9,590.6,0.0619,0.87,236.0,11.0,10.9
2025-06-05T06:25:00+00:00,1869.0,79.31,347.2,13.94,373.3,19.6,552.1,0.0592,0.80,236.0,11.0,9.1
2025-06-05T06:26:00+00:00,2039.0,82.30,341.1,13.80,397.9,19.2,568.9,0.0631,0.90,236.0,11.0,9.2
2025-06-05T06:27:00+00:00,1900.8,79.45,352.0,13.81,358.9,16.7,642.6,0.0576,0.80,236.0,11.0,10.6
2025-06-05T06:28:00+00:00,2025.2,82.54,346.8,13.57,394.3,21.8,606.5,0.0652,0.92,236.0,11.0,12.3
2025-06-05T06:29:00+00:00,2102.0,82.74,354.6,13.79,369.7,18.7,649.9,0.0591,0.84,236.0,11.0,11.6
2025-06-05T06:30:00+00:00,2170.0,82.25,344.3,13.73,382.0,19.2,608.8,0.0607,0.85,236.0,11.0,7.0
2025-06-05T06:31:00+00:00,1959.3,79.78,334.4,13.88,393.1,19.6,579.0,0.0586,0.86,236.0,11.0,9.3
2025-06-05T06:32:00+00:00,2194.6,86.16,350.5,13.76,377.5,20.3,571.2,0.0599,0.86,236.0,11.0,9.8
2025-06-05T06:33:00+00:00,1878.6,81.94,357.5,13.74,374.8,21.0,609.2,0.0591,0.91,236.0,11.0,9.9
2025-06-05T06:34:00+00:00,1949.1,84.88,360.3,13.79,376.5,20.9,614.4,0.0584,0.85,236.0,11.0,10.2
2025-06-05T06:35:00+00:00,2074.9,85.65,344.6,13.68,379.5,21.1,632.2,0.0628,0.90,236.0,11.0,9.4
2025-06-05T06:36:00+00:00,2039.1,79.71,345.2,13.89,385.6,20.0,591.5,0.0595,0.90,236.0,11.0,12.3
2025-06-05T06:37:00+00:00,2059.2,85.15,344.3,13.61,394.1,17.0,594.6,0.0592,0.85,236.0,11.0,8.1
2025-06-05T06:38:00+00:00,2019.9,81.56,351.4,13.72,374.9,18.4,604.4,0.0656,0.92,236.0,11.0,7.3
2025-06-05T06:39:00+00:00,1920.3,79.10,342.0,13.70,377.6,19.6,604.8,0.0615,0.88,236.0,11.0,9.0
2025-06-05T06:40:00+00:00,2166.2,80.88,341.9,13.66,389.4,21.1,625.3,0.0646,0.85,236.0,11.0,10.5
2025-06-05T06:41:00+00:00,2002.0,80.98,354.2,13.88,369.1,18.7,560.3,0.0577,0.74,236.0,11.0,9.9
2025-06-05T06:42:00+00:00,2111.1,81.58,345.4,14.04,396.5,16.0,629.2,0.0642,0.78,236.0,11.0,9.8
2025-06-05T06:43:00+00:00,2047.6,80.04,350.3,13.70,391.3,19.6,573.1,0.0583,0.73,236.0,11.0,10.7
2025-06-05T06:44:00+00:00,1951.6,81.94,339.7,13.68,390.2,17.0,585.6,0.0636,0.83,236.0,11.0,8.9
2025-06-05T06:45:00+00:00,1956.4,84.17,346.7,13.97,394.8,20.7,596.8,0.0591,0.91,236.0,11.0,8.0
2025-06-05T06:46:00+00:00,1956.4,81.13,348.7,13.78,382.8,20.7,654.4,0.0618,0.80,236.0,11.0,10.3
2025-06-05T06:47:00+00:00,2018.4,81.43,347.1,13.79,379.5,21.6,621.8,0.0592,0.89,236.0,11.0,11.6
2025-06-05T06:48:00+00:00,2301.3,83.02,355.4,13.64,388.3,23.0,599.9,0.0598,0.79,236.0,11.0,10.9
2025-06-05T06:49:00+00:00,1896.4,84.28,350.1,13.67,343.0,18.7,583.2,0.0589,0.92,236.0,11.0,10.9
2025-06-05T06:50:00+00:00,2124.6,85.34,343.2,13.60,381.2,17.7,610.9,0.0668,0.80,236.0,11.0,8.6
2025-06-05T06:51:00+00:00,1942.6,79.06,341.1,14.15,385.1,18.6,593.5,0.0617,0.85,236.0,11.0,8.2
2025-06-05T06:52:00+00:00,2097.6,80.32,335.8,13.82,389.2,20.7,638.2,0.0656,0.85,236.0,11.0,9.9
2025-06-05T06:53:00+00:00,2083.2,80.63,341.2,13.70,389.8,19.3,548.9,0.0602,0.96,236.0,11.0,8.4
2025-06-05T06:54:00+00:00,1968.2,82.81,356.8,13.90,386.3,18.5,607.1,0.0626,0.95,236.0,11.0,9.3
2025-06-05T06:55:00+00:00,2031.6,82.21,363.1,13.85,371.6,20.3,630.1,0.0619,0.93,236.0,11.0,8.5
2025-06-05T06:56:00+00:00,1861.4,80.56,356.8,13.77,366.9,20.1,564.2,0.0575,0.82,236.0,11.0,9.5
2025-06-05T06:57:00+00:00,2084.5,85.05,363.1,13.76,392.9,20.2,631.5,0.0606,0.91,236.0,11.0,10.0
2025-06-05T06:58:00+00:00,2097.2,85.63,340.3,14.10,379.2,19.5,594.3,0.0629,0.80,236.0,11.0,9.4
2025-06-05T06:59:00+00:00,2018.6,80.47,341.9,13.76,411.9,18.1,599.4,0.0592,0.89,236.0,11.0,10.3
2025-06-05T07:00:00+00:00,2201.9,84.10,351.5,13.79,384.9,19.7,612.7,0.0703,0.88,236.0,11.0,8.0
2025-06-05T07:01:00+00:00,2009.2,83.14,339.2,13.73,392.0,19.7,555.4,0.0620,0.82,236.0,11.0,9.8
2025-06-05T07:02:00+00:00,2440.2,82.96,355.9,13.93,373.4,18.6,637.3,0.0703,0.89,236.0,11.0,11.1
2025-06-05T07:03:00+00:00,1928.4,78.98,347.1,13.94,376.4,19.2,583.8,0.0585,0.87,236.0,11.0,10.8
2025-06-05T07:04:00+00:00,2200.2,83.08,341.9,13.65,400.0,17.2,612.9,0.0605,0.90,236.0,11.0,9.9
2025-06-05T07:05:00+00:00,2192.9,83.06,350.9,14.19,388.2,19.5,653.5,0.0615,0.79,236.0,11.0,9.3
2025-06-05T07:06:00+00:00,2016.4,82.38,343.8,13.93,397.2,19.7,584.5,0.0593,0.90,236.0,11.0,11.2
2025-06-05T07:07:00+00:00,2013.4,81.56,343.8,13.69,363.8,20.6,632.6,0.0590,0.87,236.0,11.0,11.1
2025-06-05T07:08:00+00:00,2131.0,83.53,334.7,13.68,391.5,20.6,687.3,0.0590,0.80,236.0,11.0,10.1
2025-06-05T07:09:00+00:00,2333.8,83.21,353.0,13.61,401.3,22.0,625.8,0.0633,0.86,236.0,11.0,8.4
2025-06-05T07:10:00+00:00,2463.5,83.37,343.4,13.63,408.1,20.9,631.2,0.0616,0.89,236.0,11.0,11.7
2025-06-05T07:11:00+00:00,2454.0,84.00,338.5,14.11,385.3,20.0,614.9,0.0614,0.87,236.0,11.0,10.6
2025-06-05T07:12:00+00:00,2081.9,84.01,350.2,13.90,367.1,19.3,662.0,0.0587,0.80,236.0,11.0,10.6
2025-06-05T07:13:00+00:00,2121.5,83.19,340.4,14.06,375.1,19.8,589.3,0.0590,0.81,236.0,11.0,9.4
2025-06-05T07:14:00+00:00,1874.4,79.70,357.7,13.70,384.4,20.3,608.2,0.0580,0.85,236.0,11.0,9.3
2025-06-05T07:15:00+00:00,1851.3,81.88,339.7,14.04,398.0,16.6,598.5,0.0579,0.86,236.0,11.0,9.7
2025-06-05T07:16:00+00:00,2131.9,81.35,348.2,13.86,368.5,18.8,619.2,0.0668,0.81,236.0,11.0,10.5
2025-06-05T07:17:00+00:00,2101.0,83.18,336.2,13.77,391.5,19.6,619.1,0.0591,0.83,236.0,11.0,8.2
2025-06-05T07:18:00+00:00,1935.0,83.86,342.2,13.91,372.2,21.3,639.8,0.0594,0.84,236.0,11.0,11.8
2025-06-05T07:19:00+00:00,2038.5,82.32,323.4,13.68,390.7,21.5,546.9,0.0620,0.87,236.0,11.0,8.5
2025-06-05T07:20:00+00:00,2431.7,84.52,363.1,14.02,389.3,17.2,629.9,0.0614,0.88,236.0,11.0,10.0
2025-06-05T07:21:00+00:00,1817.8,82.88,352.5,13.80,368.2,19.8,605.9,0.0577,0.84,236.0,11.0,11.2
2025-06-05T07:22:00+00:00,2454.1,84.69,358.4,14.00,388.1,21.9,640.7,0.0653,0.89,236.0,11.0,8.4
2025-06-05T07:23:00+00:00,1998.6,84.72,356.7,13.85,383.6,19.2,599.7,0.0590,0.87,236.0,11.0,10.6
2025-06-05T07:24:00+00:00,1897.7,82.31,355.8,13.73,382.8,18.1,578.2,0.0617,0.88,236.0,11.0,10.1
2025-06-05T07:25:00+00:00,1840.0,83.18,365.7,13.95,376.1,18.0,565.3,0.0579,0.86,236.0,11.0,9.8
2025-06-05T07:26:00+00:00,2099.3,84.07,362.9,13.78,371.9,19.4,627.8,0.0587,0.80,236.0,11.0,9.6
2025-06-05T07:27:00+00:00,2453.3,82.38,345.7,14.32,394.1,17.5,598.0,0.0628,0.92,236.0,11.0,9.8
2025-06-05T07:28:00+00:00,2398.8,84.72,341.8,13.67,405.4,21.2,635.5,0.0622,0.86,236.0,11.0,11.8
2025-06-05T07:29:00+00:00,1973.7,81.14,350.3,13.76,394.1,20.3,619.4,0.0594,0.94,236.0,11.0,10.8
2025-06-05T07:30:00+00:00,2385.1,84.00,345.3,13.82,391.8,18.9,626.5,0.0619,0.97,236.0,11.0,11.0
2025-06-05T07:31:00+00:00,1971.0,82.61,354.9,13.92,390.7,23.6,577.9,0.0610,0.83,236.0,11.0,9.5
2025-06-05T07:32:00+00:00,2061.8,82.68,346.5,14.09,379.7,19.2,599.1,0.0591,0.86,236.0,11.0,9.9
2025-06-05T07:33:00+00:00,1933.4,84.32,346.4,13.77,397.1,18.8,595.4,0.0626,0.85,236.0,11.0,9.1
2025-06-05T07:34:00+00:00,1809.4,83.47,359.7,13.70,368.7,19.0,607.2,0.0585,0.93,236.0,11.0,10.3
2025-06-05T07:35:00+00:00,2123.2,81.09,351.9,13.73,364.7,19.9,583.2,0.0589,0.81,236.0,11.0,10.9
2025-06-05T07:36:00+00:00,2164.6,81.00,340.2,13.89,404.4,17.1,637.2,0.0601,0.90,236.0,11.0,11.2
2025-06-05T07:37:00+00:00,1870.8,78.42,334.4,13.77,361.1,20.2,619.0,0.0614,0.83,236.0,11.0,9.5
2025-06-05T07:38:00+00:00,2058.9,81.89,344.3,13.75,381.3,17.6,653.4,0.0600,0.81,236.0,11.0,10.1
2025-06-05T07:39:00+00:00,2047.3,83.52,338.4,13.87,367.8,21.6,639.4,0.0625,0.92,236.0,11.0,9.9
2025-06-05T07:40:00+00:00,2087.5,83.52,358.2,13.79,371.6,18.6,588.5,0.0590,0.84,236.0,11.0,9.7
2025-06-05T07:41:00+00:00,1853.9,81.43,351.6,13.81,399.6,16.8,585.8,0.0603,0.85,236.0,11.0,10.3
2025-06-05T07:42:00+00:00,1894.9,79.41,356.3,13.86,347.4,18.5,602.4,0.0584,0.84,236.0,11.0,11.7
2025-06-05T07:43:00+00:00,2207.4,81.57,344.1,13.66,385.8,18.3,595.0,0.0619,0.79,236.0,11.0,10.3
2025-06-05T07:44:00+00:00,1919.8,81.95,354.3,13.81,379.3,19.8,627.6,0.0642,0.78,236.0,11.0,10.5
2025-06-05T07:45:00+00:00,2174.8,84.23,356.1,13.96,390.6,19.0,606.2,0.0648,0.90,236.0,11.0,11.9
2025-06-05T07:46:00+00:00,1972.4,79.13,346.2,13.75,399.6,20.3,634.5,0.0587,0.86,236.0,11.0,9.4
2025-06-05T07:47:00+00:00,1974.5,82.01,349.1,13.82,400.8,19.0,637.7,0.0602,0.84,236.0,11.0,8.0
2025-06-05T07:48:00+00:00,1873.1,81.97,345.2,13.83,388.5,20.5,609.9,0.0577,0.81,236.0,11.0,9.0
2025-06-05T07:49:00+00:00,2257.9,83.75,325.3,13.39,389.0,19.9,674.8,0.0680,0.92,236.0,11.0,10.2
2025-06-05T07:50:00+00:00,2003.8,83.97,358.9,13.73,362.5,22.5,589.7,0.0593,0.91,236.0,11.0,10.1
2025-06-05T07:51:00+00:00,2017.6,80.90,342.4,13.94,386.5,19.6,644.0,0.0591,0.87,236.0,11.0,8.9
2025-06-05T07:52:00+00:00,2126.4,83.15,363.3,13.88,376.7,18.2,646.8,0.0618,0.79,236.0,11.0,9.4
2025-06-05T07:53:00+00:00,2030.3,82.72,362.6,13.76,372.5,20.4,622.2,0.0593,0.90,236.0,11.0,10.0
2025-06-05T07:54:00+00:00,2089.1,82.96,348.2,13.87,385.5,17.6,580.1,0.0603,0.84,236.0,11.0,10.8
2025-06-05T07:55:00+00:00,1885.2,83.83,353.7,13.80,364.5,21.8,593.7,0.0588,0.92,236.0,11.0,7.7
2025-06-05T07:56:00+00:00,2049.4,81.73,340.0,13.75,384.7,18.7,562.4,0.0593,0.89,236.0,11.0,10.2
2025-06-05T07:57:00+00:00,2170.0,84.90,358.9,13.60,387.2,19.5,581.2,0.0602,0.91,236.0,11.0,9.6
2025-06-05T07:58:00+00:00,2199.5,81.59,349.9,13.89,390.6,20.4,615.5,0.0646,0.87,236.0,11.0,9.9
2025-06-05T07:59:00+00:00,2084.6,85.48,356.9,13.59,384.9,19.5,571.8,0.0586,0.80,236.0,11.0,8.5
2025-06-05T08:00:00+00:00,1872.5,81.15,353.1,13.96,373.6,22.4,588.2,0.0579,0.82,236.0,11.0,9.3
2025-06-05T08:01:00+00:00,2073.4,79.13,348.0,13.61,360.1,17.9,568.9,0.0591,0.85,236.0,11.0,10.0
2025-06-05T08:02:00+00:00,1980.4,83.61,367.2,14.07,382.6,20.4,623.6,0.0593,0.92,236.0,11.0,11.4
2025-06-05T08:03:00+00:00,2233.8,84.32,339.1,13.72,387.0,18.8,630.2,0.0603,0.89,236.0,11.0,8.5
2025-06-05T08:04:00+00:00,2122.5,84.00,352.4,13.69,379.9,18.4,639.3,0.0584,0.75,236.0,11.0,9.9
2025-06-05T08:05:00+00:00,2017.6,81.84,350.6,13.86,399.0,18.4,617.1,0.0592,0.89,236.0,11.0,10.5
2025-06-05T08:06:00+00:00,2022.1,83.94,354.2,13.66,383.3,18.6,596.2,0.0628,0.80,236.0,11.0,10.4
2025-06-05T08:07:00+00:00,1992.4,84.51,370.7,13.85,377.2,17.3,590.2,0.0588,0.86,236.0,11.0,9.0
2025-06-05T08:08:00+00:00,1950.3,80.18,354.2,13.80,378.4,19.5,597.4,0.0591,0.91,236.0,11.0,9.4
2025-06-05T08:09:00+00:00,1758.4,81.10,345.5,13.82,382.6,20.7,550.4,0.0613,0.95,236.0,11.0,10.0
2025-06-05T08:10:00+00:00,1868.3,81.84,360.6,13.99,377.8,20.1,559.1,0.0607,0.80,236.0,11.0,9.7
2025-06-05T08:11:00+00:00,2067.0,82.37,333.7,13.68,372.6,19.0,653.6,0.0582,0.77,236.0,11.0,10.2
2025-06-05T08:12:00+00:00,2017.3,79.67,352.0,13.49,389.2,18.5,610.6,0.0628,0.90,236.0,11.0,10.0
2025-06-05T08:13:00+00:00,2186.3,81.44,365.4,13.87,361.6,18.9,612.5,0.0648,0.88,236.0,11.0,8.9
2025-06-05T08:14:00+00:00,1840.9,82.15,354.7,13.89,374.4,19.3,609.5,0.0608,0.90,236.0,11.0,8.9
2025-06-05T08:15:00+00:00,1704.3,80.95,349.4,13.65,367.0,17.8,630.5,0.0590,0.93,236.0,11.0,8.4
2025-06-05T08:16:00+00:00,2066.1,82.56,353.7,13.89,406.3,20.8,623.0,0.0589,0.82,236.0,11.0,10.7
2025-06-05T08:17:00+00:00,1952.4,80.66,341.6,13.98,376.3,17.2,557.6,0.0595,0.96,236.0,11.0,9.4
2025-06-05T08:18:00+00:00,2140.1,81.47,344.1,13.70,380.8,21.9,598.4,0.0603,0.94,236.0,11.0,10.3
2025-06-05T08:19:00+00:00,1939.8,82.23,347.8,13.95,390.0,19.6,607.6,0.0587,0.87,236.0,11.0,11.1
2025-06-05T08:20:00+00:00,922.7,78.65,343.3,14.08,356.4,18.0,467.6,0.0633,0.91,236.0,11.0,9.2
2025-06-05T08:21:00+00:00,1056.9,78.23,348.4,13.82,342.9,18.0,501.9,0.0541,0.88,236.0,11.0,10.1
2025-06-05T08:22:00+00:00,807.5,76.73,377.0,13.62,355.8,18.3,494.7,0.0569,0.84,236.0,11.0,9.7
2025-06-05T08:23:00+00:00,1016.1,81.13,361.7,14.06,367.4,17.8,573.1,0.0539,0.90,236.0,11.0,10.0
2025-06-05T08:24:00+00:00,1002.1,84.00,356.0,14.02,353.2,18.0,547.3,0.0547,0.90,236.0,11.0,9.7
2025-06-05T08:25:00+00:00,991.2,77.02,371.5,13.74,348.3,20.3,579.0,0.0592,0.75,236.0,11.0,12.2
2025-06-05T08:26:00+00:00,930.4,76.92,356.6,13.84,342.3,17.8,556.8,0.0540,0.95,236.0,11.0,8.6
2025-06-05T08:27:00+00:00,945.0,76.54,354.4,13.64,334.8,19.7,541.7,0.0618,0.93,236.0,11.0,9.1
2025-06-05T08:28:00+00:00,937.4,78.23,360.8,13.84,348.8,17.3,549.4,0.0546,0.87,236.0,11.0,10.3
2025-06-05T08:29:00+00:00,1005.6,79.28,354.5,13.90,341.7,18.7,537.7,0.0539,0.91,236.0,11.0,9.6
2025-06-05T08:30:00+00:00,1109.0,78.20,367.7,13.88,367.8,17.4,529.6,0.0542,0.89,236.0,11.0,10.7
2025-06-05T08:31:00+00:00,977.7,78.94,351.5,13.65,344.4,18.4,529.0,0.0529,0.81,236.0,11.0,9.6
2025-06-05T14:00:00+00:00,940.5,77.16,349.1,13.81,351.2,19.0,597.5,0.0528,0.84,236.0,11.0,8.1
2025-06-05T14:01:00+00:00,962.1,80.00,357.5,13.85,356.4,18.8,495.3,0.0560,0.88,236.0,11.0,10.5
2025-06-05T14:02:00+00:00,1071.5,80.03,354.4,14.16,343.8,21.6,580.1,0.0537,0.84,236.0,11.0,9.2
2025-06-05T14:03:00+00:00,1040.7,78.40,366.9,13.82,348.9,19.9,610.5,0.0534,0.82,236.0,11.0,10.1
2025-06-05T14:04:00+00:00,976.4,77.43,354.3,13.77,336.2,21.0,604.0,0.0537,0.88,236.0,11.0,10.0
2025-06-05T14:05:00+00:00,1016.0,76.21,354.7,13.76,370.3,20.7,561.1,0.0648,0.89,236.0,11.0,9.8
2025-06-05T14:06:00+00:00,862.6,81.25,352.7,13.66,344.4,17.5,601.2,0.0538,0.90,236.0,11.0,10.1
2025-06-05T14:07:00+00:00,924.5,79.04,355.2,13.70,349.4,19.7,560.3,0.0550,0.91,236.0,11.0,8.8
2025-06-05T14:08:00+00:00,981.7,78.90,347.1,13.91,353.8,19.8,599.6,0.0533,0.86,236.0,11.0,9.3
2025-06-05T14:09:00+00:00,1018.0,80.96,355.0,14.04,345.0,18.6,505.3,0.0534,0.86,236.0,11.0,10.5
2025-06-05T14:10:00+00:00,1090.8,77.66,356.5,13.99,362.5,19.6,557.2,0.0579,0.84,236.0,11.0,10.6
2025-06-05T14:11:00+00:00,981.6,79.78,378.5,13.49,362.7,21.0,540.6,0.0573,0.87,236.0,11.0,8.4
2025-06-05T14:12:00+00:00,1972.5,78.41,351.3,13.92,375.7,20.4,598.6,0.0628,0.90,236.0,11.0,11.1
2025-06-05T14:13:00+00:00,2053.4,83.99,358.4,13.92,397.6,19.8,634.0,0.0602,0.95,236.0,11.0,9.4
2025-06-05T14:14:00+00:00,1975.3,80.39,339.1,13.99,380.8,19.5,620.1,0.0585,0.85,236.0,11.0,11.3
2025-06-05T14:15:00+00:00,2106.2,83.22,344.4,13.51,373.6,17.5,599.3,0.0634,0.81,236.0,11.0,9.4
2025-06-05T14:16:00+00:00,1886.8,80.12,341.5,13.69,395.1,19.4,589.8,0.0585,0.89,236.0,11.0,13.4
2025-06-05T14:17:00+00:00,1925.0,82.33,349.6,13.61,401.2,20.1,567.7,0.0642,0.90,236.0,11.0,10.4
2025-06-05T14:18:00+00:00,1970.0,78.47,345.4,13.87,383.7,21.0,565.6,0.0584,0.84,236.0,11.0,10.4
2025-06-05T14:19:00+00:00,1975.3,83.38,336.2,13.81,388.7,17.7,583.2,0.0596,0.90,236.0,11.0,10.7
2025-06-05T14:20:00+00:00,1883.7,80.22,359.4,13.96,373.3,19.1,586.5,0.0570,0.75,236.0,11.0,8.9
2025-06-05T14:21:00+00:00,1917.1,80.71,357.6,13.89,386.2,15.3,594.5,0.0575,0.77,236.0,11.0,8.2
2025-06-05T14:22:00+00:00,2087.3,80.03,340.0,14.00,382.9,21.5,598.5,0.0594,0.89,236.0,11.0,10.1
2025-06-05T14:23:00+00:00,1960.9,79.76,367.2,13.76,375.1,22.2,614.8,0.0620,0.95,236.0,11.0,10.4
2025-06-05T14:24:00+00:00,1997.2,83.54,340.0,13.66,383.1,19.3,606.5,0.0588,0.86,236.0,11.0,9.4
2025-06-05T14:25:00+00:00,2253.4,84.65,357.9,13.79,383.4,20.1,603.1,0.0595,0.80,236.0,11.0,8.5
2025-06-05T14:26:00+00:00,1853.6,79.13,327.7,13.73,358.3,22.7,642.1,0.0585,0.90,236.0,11.0,11.0
2025-06-05T14:27:00+00:00,1957.0,83.30,335.7,13.68,402.8,18.1,577.7,0.0683,0.85,236.0,11.0,10.8
2025-06-05T14:28:00+00:00,2132.3,79.13,348.0,13.66,391.4,20.3,643.4,0.0601,0.91,236.0,11.0,9.3
2025-06-05T14:29:00+00:00,1866.3,82.37,358.0,13.63,375.8,20.3,591.5,0.0581,0.85,236.0,11.0,9.6
2025-06-05T14:30:00+00:00,2055.1,80.50,345.8,13.82,385.6,21.2,594.2,0.0624,0.81,236.0,11.0,11.8
2025-06-05T14:31:00+00:00,1980.0,82.50,355.5,13.59,387.4,19.2,603.6,0.0597,0.95,236.0,11.0,11.7
2025-06-05T14:32:00+00:00,1923.8,80.86,355.8,13.92,365.1,19.8,587.1,0.0589,0.92,236.0,11.0,9.9
2025-06-05T14:33:00+00:00,1820.9,82.80,351.1,13.64,398.7,20.9,622.4,0.0592,0.92,236.0,11.0,9.4
2025-06-05T14:34:00+00:00,2184.1,85.04,335.5,13.83,393.3,18.7,617.3,0.0655,0.93,236.0,11.0,10.8
2025-06-05T14:35:00+00:00,2186.9,84.28,356.9,13.78,366.8,18.4,580.0,0.0623,0.92,236.0,11.0,9.5
2025-06-05T14:36:00+00:00,2087.4,84.04,351.3,13.68,365.4,20.6,566.2,0.0600,0.93,236.0,11.0,9.3
2025-06-05T14:37:00+00:00,1847.2,81.38,376.4,13.61,372.3,18.7,592.2,0.0583,0.90,236.0,11.0,10.0
2025-06-05T14:38:00+00:00,2118.0,81.01,359.0,13.81,360.2,22.8,611.4,0.0601,0.92,236.0,11.0,9.0
2025-06-05T14:39:00+00:00,1984.2,78.83,347.7,13.96,409.2,19.5,602.9,0.0642,0.89,236.0,11.0,10.6
2025-06-05T14:40:00+00:00,2129.4,82.65,342.8,13.77,355.7,20.4,670.9,0.0624,0.89,236.0,11.0,8.3
2025-06-05T14:41:00+00:00,2080.9,82.09,352.8,13.82,393.0,20.6,655.0,0.0594,0.87,236.0,11.0,9.0
2025-06-05T14:42:00+00:00,2012.3,82.92,356.7,13.70,401.3,19.9,550.5,0.0618,0.87,236.0,11.0,10.1
2025-06-05T14:43:00+00:00,2098.6,80.84,348.5,13.91,360.1,19.2,613.3,0.0672,0.83,236.0,11.0,9.8
2025-06-05T14:44:00+00:00,1982.7,80.94,364.4,13.95,386.2,17.6,581.2,0.0623,0.79,236.0,11.0,10.4
2025-06-05T14:45:00+00:00,1874.2,82.55,355.1,13.91,369.2,20.7,626.4,0.0588,0.94,236.0,11.0,10.6
2025-06-05T14:46:00+00:00,1865.8,79.59,350.1,13.81,380.8,20.2,605.2,0.0586,0.91,236.0,11.0,11.4
2025-06-05T14:47:00+00:00,1909.5,80.53,344.3,13.96,357.8,19.5,635.8,0.0598,0.86,236.0,11.0,12.0
2025-06-05T14:48:00+00:00,2046.8,81.32,345.8,13.71,373.2,17.4,615.4,0.0585,0.80,236.0,11.0,10.9
2025-06-05T14:49:00+00:00,1901.2,79.71,365.7,13.75,358.7,18.3,540.8,0.0589,0.92,236.0,11.0,9.2
2025-06-05T14:50:00+00:00,2165.4,81.85,341.6,13.82,377.4,17.8,570.0,0.0664,0.93,236.0,11.0,9.7
2025-06-05T14:51:00+00:00,1861.0,84.00,347.8,13.93,387.1,20.6,573.0,0.0593,0.98,236.0,11.0,8.3
2025-06-05T14:52:00+00:00,2045.8,81.93,343.3,13.76,403.1,18.7,643.4,0.0604,0.81,236.0,11.0,11.1
2025-06-05T14:53:00+00:00,2075.3,82.69,345.4,13.80,374.3,19.8,586.2,0.0646,0.87,236.0,11.0,10.2
2025-06-05T14:54:00+00:00,2188.8,81.60,347.3,14.08,373.8,18.9,577.1,0.0595,0.84,236.0,11.0,9.7
2025-06-05T14:55:00+00:00,2126.8,84.98,356.8,13.81,381.3,20.4,548.3,0.0601,0.91,236.0,11.0,10.6
2025-06-05T14:56:00+00:00,2111.2,81.09,332.2,13.62,424.2,21.0,598.8,0.0639,0.94,236.0,11.0,10.1
2025-06-05T14:57:00+00:00,2055.4,83.31,343.8,13.87,389.9,18.3,600.7,0.0606,0.82,236.0,11.0,9.4
2025-06-05T14:58:00+00:00,2392.4,84.36,349.0,13.90,394.0,19.3,573.1,0.0667,0.87,236.0,11.0,10.7
2025-06-05T14:59:00+00:00,2455.7,82.11,345.2,13.63,406.0,21.9,615.2,0.0680,0.83,236.0,11.0,9.7
2025-06-05T15:00:00+00:00,1996.8,83.03,352.6,13.88,383.9,19.4,611.8,0.0587,0.85,236.0,11.0,10.6
2025-06-05T15:01:00+00:00,1902.6,84.80,345.6,13.86,391.5,20.3,571.8,0.0583,0.85,236.0,11.0,10.0
2025-06-05T15:02:00+00:00,2504.4,83.04,343.6,13.58,393.0,18.2,598.2,0.0615,0.86,236.0,11.0,10.0
2025-06-05T15:03:00+00:00,2120.4,84.95,356.7,13.79,378.8,17.5,606.9,0.0585,0.77,236.0,11.0,10.8
2025-06-05T15:04:00+00:00,2182.1,82.42,342.9,13.99,384.3,20.4,581.9,0.0605,0.93,236.0,11.0,11.9
2025-06-05T15:05:00+00:00,1922.6,81.81,350.5,13.72,384.1,20.2,634.7,0.0591,0.92,236.0,11.0,8.3
2025-06-05T15:06:00+00:00,1971.3,83.83,362.8,13.93,373.9,17.8,596.7,0.0583,0.81,236.0,11.0,11.4
2025-06-05T15:07:00+00:00,2090.3,81.45,350.4,13.87,371.5,16.4,673.0,0.0614,0.88,236.0,11.0,8.8
2025-06-05T15:08:00+00:00,2082.0,85.50,360.9,13.88,370.2,19.4,647.7,0.0628,0.91,236.0,11.0,10.3
2025-06-05T15:09:00+00:00,2014.1,81.95,346.3,13.76,385.6,19.6,637.1,0.0591,0.88,236.0,11.0,10.3
2025-06-05T15:10:00+00:00,2519.6,84.15,353.3,13.86,397.7,17.8,655.1,0.0649,0.91,236.0,11.0,8.9
2025-06-05T15:11:00+00:00,2041.8,83.14,348.3,13.82,387.4,17.7,652.7,0.0644,0.87,236.0,11.0,11.6
2025-06-05T15:12:00+00:00,2519.8,86.74,326.3,13.94,413.6,18.4,611.4,0.0622,0.92,236.0,11.0,10.3
2025-06-05T15:13:00+00:00,2063.7,81.78,366.5,13.66,379.1,17.3,630.2,0.0590,0.85,236.0,11.0,10.6
2025-06-05T15:14:00+00:00,1942.0,83.10,353.4,13.84,383.1,19.4,571.0,0.0620,0.80,236.0,11.0,10.1
2025-06-05T15:15:00+00:00,2074.2,85.11,341.9,13.65,370.1,19.7,600.8,0.0594,0.87,236.0,11.0,9.3
2025-06-05T15:16:00+00:00,1889.2,80.85,343.2,13.58,368.9,19.4,615.7,0.0602,0.84,236.0,11.0,11.1
2025-06-05T15:17:00+00:00,2018.1,82.16,344.8,13.87,401.5,19.7,619.6,0.0589,0.85,236.0,11.0,9.5
2025-06-05T15:18:00+00:00,1989.2,82.03,337.1,13.91,384.1,19.8,608.4,0.0682,0.77,236.0,11.0,9.8
2025-06-05T15:19:00+00:00,2066.9,79.17,352.8,13.86,378.8,19.7,596.1,0.0650,0.83,236.0,11.0,9.9
2025-06-05T15:20:00+00:00,2479.6,86.15,347.0,13.62,402.3,18.8,646.8,0.0607,0.79,236.0,11.0,8.7
2025-06-05T15:21:00+00:00,2552.8,82.96,345.6,13.45,388.5,19.0,613.5,0.0615,0.86,236.0,11.0,11.4
2025-06-05T15:22:00+00:00,2429.1,82.02,345.0,13.78,396.0,22.8,641.2,0.0631,0.88,236.0,11.0,10.1
2025-06-05T15:23:00+00:00,2002.4,78.43,348.6,13.53,399.0,19.2,644.9,0.0637,0.98,236.0,11.0,9.5
2025-06-05T15:24:00+00:00,1932.7,86.00,347.2,13.64,381.1,18.4,573.8,0.0585,0.87,236.0,11.0,9.7
2025-06-05T15:25:00+00:00,2189.0,81.89,337.0,13.85,367.6,19.7,656.6,0.0602,0.90,236.0,11.0,10.4
2025-06-05T15:26:00+00:00,1998.2,81.76,343.7,13.84,396.5,18.1,642.6,0.0597,0.89,236.0,11.0,10.9
2025-06-05T15:27:00+00:00,1967.3,82.63,354.4,13.84,400.9,16.8,561.9,0.0599,0.91,236.0,11.0,10.6
2025-06-05T15:28:00+00:00,2045.9,81.86,348.0,13.85,357.8,19.0,595.9,0.0606,0.90,236.0,11.0,9.8
2025-06-05T15:29:00+00:00,1860.0,82.72,335.3,13.71,383.6,19.1,636.5,0.0630,0.79,236.0,11.0,8.3
2025-06-05T15:30:00+00:00,1985.0,84.50,360.7,13.83,378.6,20.2,574.8,0.0606,0.84,236.0,11.0,10.4
2025-06-05T15:31:00+00:00,1990.3,82.67,348.2,13.82,380.3,18.2,567.3,0.0591,0.90,236.0,11.0,10.5
2025-06-05T15:32:00+00:00,2059.8,83.47,352.8,13.84,381.5,19.3,589.1,0.0640,0.95,236.0,11.0,11.4
2025-06-05T15:33:00+00:00,2195.3,81.79,338.4,13.82,384.0,21.6,673.8,0.0635,0.84,236.0,11.0,10.9
2025-06-05T15:34:00+00:00,1729.0,81.26,341.8,13.66,373.9,18.3,612.2,0.0572,0.85,236.0,11.0,10.3
2025-06-05T15:35:00+00:00,1887.5,82.81,345.1,13.87,356.8,17.3,597.2,0.0582,0.86,236.0,11.0,11.5
2025-06-05T15:36:00+00:00,2143.0,83.44,339.1,13.61,371.7,18.5,583.6,0.0697,0.89,236.0,11.0,10.6
2025-06-05T15:37:00+00:00,1987.9,83.66,353.6,14.11,367.8,20.9,591.4,0.0580,0.78,236.0,11.0,7.9
2025-06-05T15:38:00+00:00,1911.1,81.62,360.7,13.85,373.9,20.3,599.4,0.0670,0.76,236.0,11.0,7.9
2025-06-05T15:39:00+00:00,1843.3,79.75,346.5,13.66,366.6,17.7,607.7,0.0588,0.83,236.0,11.0,11.0
2025-06-05T15:40:00+00:00,1878.7,81.23,342.8,13.96,362.6,21.1,581.9,0.0582,0.87,236.0,11.0,9.0
2025-06-05T15:41:00+00:00,2023.5,83.66,348.5,13.59,390.9,20.1,590.2,0.0639,0.81,236.0,11.0,9.7
2025-06-05T15:42:00+00:00,1936.6,80.35,355.1,14.05,389.9,19.4,610.7,0.0604,0.92,236.0,11.0,8.5
2025-06-05T15:43:00+00:00,1938.9,81.13,343.9,13.64,365.5,19.1,581.7,0.0593,0.80,236.0,11.0,10.3
2025-06-05T15:44:00+00:00,1977.9,81.34,353.5,13.97,388.8,19.8,588.0,0.0592,0.92,236.0,11.0,9.2
2025-06-05T15:45:00+00:00,2196.8,85.41,339.9,13.80,400.5,15.1,581.5,0.0603,0.92,236.0,11.0,9.2
2025-06-05T15:46:00+00:00,2106.2,84.51,347.3,13.90,358.5,23.0,572.4,0.0598,0.91,236.0,11.0,10.1
2025-06-05T15:47:00+00:00,1981.7,80.93,370.6,13.89,374.9,19.1,652.5,0.0593,0.92,236.0,11.0,9.2
2025-06-05T15:48:00+00:00,2034.0,84.39,344.4,13.72,404.3,18.9,616.7,0.0600,0.85,236.0,11.0,10.8
2025-06-05T15:49:00+00:00,1897.3,83.44,354.3,13.86,353.1,19.9,595.1,0.0596,0.84,236.0,11.0,9.7
2025-06-05T15:50:00+00:00,1890.1,82.68,355.6,13.98,383.0,20.2,576.0,0.0583,0.88,236.0,11.0,9.4
2025-06-05T15:51:00+00:00,1885.4,80.15,342.3,13.98,357.3,19.1,599.8,0.0593,0.90,236.0,11.0,9.5
2025-06-05T15:52:00+00:00,1905.5,82.24,343.7,13.70,368.4,19.0,603.5,0.0581,0.84,236.0,11.0,12.3
2025-06-05T15:53:00+00:00,1788.1,81.61,350.6,14.05,353.9,15.2,617.6,0.0623,0.77,236.0,11.0,10.4
2025-06-05T15:54:00+00:00,2088.9,79.98,360.4,13.82,378.4,17.8,629.9,0.0593,0.87,236.0,11.0,10.6
2025-06-05T15:55:00+00:00,1971.0,82.76,344.7,13.74,375.3,18.8,573.0,0.0610,0.84,236.0,11.0,9.3
2025-06-05T15:56:00+00:00,2001.2,81.44,353.3,13.81,382.5,16.9,633.9,0.0625,0.95,236.0,11.0,8.9
2025-06-05T15:57:00+00:00,2111.1,82.48,355.6,13.79,395.5,18.8,552.1,0.0591,0.84,236.0,11.0,11.5
2025-06-05T15:58:00+00:00,2071.5,83.41,343.4,13.52,386.5,20.4,616.8,0.0610,0.91,236.0,11.0,10.0
2025-06-05T15:59:00+00:00,1941.6,82.14,355.8,13.98,386.2,20.0,638.8,0.0591,0.91,236.0,11.0,9.3
2025-06-05T16:00:00+00:00,1953.2,82.56,357.1,13.97,406.7,21.2,509.4,0.0588,0.89,236.0,11.0,9.0
2025-06-05T16:01:00+00:00,2070.8,86.27,340.0,13.91,351.6,21.3,636.8,0.0630,0.85,236.0,11.0,8.5
2025-06-05T16:02:00+00:00,2136.1,83.09,355.3,13.72,395.3,20.9,601.7,0.0610,0.89,236.0,11.0,8.9
2025-06-05T16:03:00+00:00,2096.8,83.01,340.7,13.93,372.3,19.6,575.8,0.0601,0.92,236.0,11.0,10.3
2025-06-05T16:04:00+00:00,2006.8,82.16,353.2,13.51,396.0,19.7,592.3,0.0609,0.84,236.0,11.0,10.0
2025-06-05T16:05:00+00:00,2035.6,82.46,348.8,14.07,387.9,21.1,582.2,0.0691,0.83,236.0,11.0,9.4
2025-06-05T16:06:00+00:00,1964.2,80.70,345.9,13.95,407.8,20.8,608.8,0.0595,0.95,236.0,11.0,11.1
2025-06-05T16:07:00+00:00,2237.7,83.01,346.3,13.98,393.9,18.7,617.9,0.0596,0.82,236.0,11.0,9.9
2025-06-05T16:08:00+00:00,1974.0,81.70,343.7,13.92,381.9,17.9,547.9,0.0637,0.83,236.0,11.0,10.1
2025-06-05T16:09:00+00:00,873.3,77.00,364.7,13.72,345.4,20.7,493.6,0.0553,0.87,236.0,11.0,8.8
2025-06-05T16:10:00+00:00,1047.2,77.43,356.8,13.85,366.5,20.7,531.5,0.0533,0.81,236.0,11.0,7.6
2025-06-05T16:11:00+00:00,1010.6,80.85,358.9,13.60,351.6,19.8,612.0,0.0589,0.84,236.0,11.0,10.9
2025-06-05T16:12:00+00:00,1031.3,81.63,344.1,13.80,355.4,18.4,537.4,0.0539,0.90,236.0,11.0,9.7
2025-06-05T16:13:00+00:00,920.1,80.26,367.6,14.02,357.0,17.8,537.5,0.0607,0.81,236.0,11.0,10.4
2025-06-05T16:14:00+00:00,1096.2,78.02,362.6,13.63,348.0,17.2,654.6,0.0592,0.86,236.0,11.0,7.5
2025-06-05T16:15:00+00:00,958.3,80.57,351.4,13.71,352.2,22.2,557.4,0.0602,0.85,236.0,11.0,8.3
2025-06-05T16:16:00+00:00,917.8,78.77,366.1,13.88,317.4,18.7,529.9,0.0535,0.92,236.0,11.0,9.9
2025-06-05T16:17:00+00:00,1073.3,79.14,347.8,13.90,329.7,19.9,542.5,0.0612,0.95,236.0,11.0,8.6
2025-06-05T16:18:00+00:00,1140.8,80.90,361.9,13.60,370.6,20.7,570.1,0.0620,0.85,236.0,11.0,9.8
2025-06-05T16:19:00+00:00,1030.0,79.58,355.3,13.95,362.0,20.4,562.8,0.0531,0.81,236.0,11.0,8.5
2025-06-06T06:00:00+00:00,1086.7,85.00,373.8,13.86,339.2,20.4,530.6,0.0567,1.14,136.7,316.7,13.9
2025-06-06T06:01:00+00:00,1072.0,80.90,369.0,13.69,366.7,20.1,558.5,0.0600,1.14,136.7,316.7,14.9
2025-06-06T06:02:00+00:00,1117.9,80.03,357.9,14.06,330.1,20.6,531.3,0.0576,1.21,136.7,316.7,14.2
2025-06-06T06:03:00+00:00,1051.7,81.17,361.1,13.98,368.2,19.2,534.5,0.0587,1.15,136.7,316.7,15.1
2025-06-06T06:04:00+00:00,900.4,82.10,348.5,13.89,327.7,20.3,560.4,0.0552,1.08,136.7,316.7,13.8
2025-06-06T06:05:00+00:00,1013.1,79.10,355.7,13.86,329.8,20.4,520.9,0.0657,1.23,136.7,316.7,14.8
2025-06-06T06:06:00+00:00,992.0,78.74,350.6,13.61,319.7,19.6,528.8,0.0582,1.21,136.7,316.7,14.2
2025-06-06T06:07:00+00:00,1013.3,77.59,341.1,13.59,360.8,17.4,545.0,0.0562,1.13,136.7,316.7,13.2
2025-06-06T06:08:00+00:00,933.6,77.49,360.8,13.78,339.8,19.5,545.5,0.0564,1.19,136.7,316.7,12.0
2025-06-06T06:09:00+00:00,799.0,79.03,340.0,13.65,314.8,18.0,539.5,0.0557,1.19,136.7,316.7,13.9
2025-06-06T06:10:00+00:00,1026.5,78.95,362.3,13.78,345.8,18.0,531.1,0.0599,1.15,136.7,316.7,15.2
2025-06-06T06:11:00+00:00,986.2,80.09,368.2,13.79,347.3,19.9,584.6,0.0566,1.18,136.7,316.7,13.2
2025-06-06T06:12:00+00:00,1058.0,79.87,343.3,13.69,343.4,20.1,562.4,0.0566,1.15,136.7,316.7,15.9
2025-06-06T06:13:00+00:00,837.4,80.82,358.4,13.82,369.4,20.6,525.8,0.0612,1.14,136.7,316.7,13.7
2025-06-06T06:14:00+00:00,2091.9,84.28,344.4,13.62,400.1,20.0,616.2,0.0694,1.07,136.7,316.7,15.0
2025-06-06T06:15:00+00:00,2036.1,78.97,353.0,13.78,403.6,19.9,629.5,0.0620,1.15,136.7,316.7,14.3
2025-06-06T06:16:00+00:00,2251.0,83.45,350.6,13.90,389.5,20.6,635.9,0.0636,1.19,136.7,316.7,14.4
2025-06-06T06:17:00+00:00,1936.0,84.71,349.3,13.94,374.1,19.4,657.9,0.0649,1.20,136.7,316.7,13.8
2025-06-06T06:18:00+00:00,1952.6,83.30,342.6,13.88,406.0,19.0,519.0,0.0652,1.15,136.7,316.7,14.8
2025-06-06T06:19:00+00:00,1888.5,80.90,369.3,13.74,370.5,19.6,583.8,0.0616,1.10,136.7,316.7,12.2
2025-06-06T06:20:00+00:00,2091.9,81.78,344.8,13.92,398.5,18.4,615.6,0.0624,1.17,136.7,316.7,13.3
2025-06-06T06:21:00+00:00,2128.2,82.53,354.5,13.65,396.8,19.6,619.5,0.0670,1.10,136.7,316.7,12.3
2025-06-06T06:22:00+00:00,2144.3,82.23,349.3,13.96,334.8,19.2,634.7,0.0623,1.14,136.7,316.7,14.2
2025-06-06T06:23:00+00:00,1993.9,80.02,333.9,13.39,375.6,22.9,563.2,0.0608,1.07,136.7,316.7,15.1
2025-06-06T06:24:00+00:00,2143.1,81.20,348.6,13.63,408.5,22.6,606.6,0.0621,1.12,136.7,316.7,11.6
2025-06-06T06:25:00+00:00,2146.8,82.12,335.7,13.83,387.9,19.4,589.0,0.0656,1.18,136.7,316.7,13.9
2025-06-06T06:26:00+00:00,2081.7,82.37,358.1,13.61,378.4,23.0,589.0,0.0730,1.18,136.7,316.7,14.3
2025-06-06T06:27:00+00:00,2072.3,81.11,348.7,13.74,385.0,19.7,557.1,0.0620,1.15,136.7,316.7,14.9
2025-06-06T06:28:00+00:00,1888.0,83.17,353.9,13.93,362.0,15.6,530.2,0.0648,1.22,136.7,316.7,14.4
2025-06-06T06:29:00+00:00,2027.5,82.69,345.0,13.91,374.7,19.2,642.6,0.0633,1.31,136.7,316.7,14.7
2025-06-06T06:30:00+00:00,2025.6,80.74,356.6,13.57,379.8,18.5,575.4,0.0681,1.18,136.7,316.7,14.0
2025-06-06T06:31:00+00:00,1857.3,82.07,350.8,13.82,369.5,19.0,602.0,0.0606,1.14,136.7,316.7,14.4
2025-06-06T06:32:00+00:00,2037.4,83.32,350.9,13.96,394.4,21.1,633.7,0.0615,1.11,136.7,316.7,13.5
2025-06-06T06:33:00+00:00,1874.0,79.90,347.5,13.89,386.9,20.5,610.2,0.0651,1.18,136.7,316.7,14.9
2025-06-06T06:34:00+00:00,2043.1,80.85,361.4,13.53,382.0,18.8,614.5,0.0621,1.16,136.7,316.7,13.4
2025-06-06T06:35:00+00:00,1907.0,83.91,366.2,13.77,368.7,18.6,624.9,0.0611,1.13,136.7,316.7,14.3
2025-06-06T06:36:00+00:00,2023.6,85.01,350.9,13.57,403.7,21.6,610.1,0.0698,1.26,136.7,316.7,13.8
2025-06-06T06:37:00+00:00,2142.4,82.89,337.7,13.71,394.8,21.8,602.6,0.0625,1.16,136.7,316.7,14.4
2025-06-06T06:38:00+00:00,1964.3,83.16,351.3,13.89,392.1,20.6,669.9,0.0634,1.15,136.7,316.7,15.4
2025-06-06T06:39:00+00:00,1891.8,81.94,350.1,13.58,389.1,20.2,673.8,0.0656,1.24,136.7,316.7,14.8
2025-06-06T06:40:00+00:00,1942.6,80.83,358.6,13.88,391.9,18.4,613.8,0.0615,1.16,136.7,316.7,14.3
2025-06-06T06:41:00+00:00,2020.0,82.06,341.8,13.67,399.4,17.7,602.7,0.0623,1.20,136.7,316.7,14.1
2025-06-06T06:42:00+00:00,1942.9,81.43,365.0,13.94,365.4,20.5,600.8,0.0612,1.13,136.7,316.7,13.8
2025-06-06T06:43:00+00:00,2017.0,82.73,353.0,13.90,380.8,22.2,638.1,0.0664,1.20,136.7,316.7,12.6
2025-06-06T06:44:00+00:00,2073.0,82.10,349.3,13.59,389.5,18.5,616.3,0.0624,1.18,136.7,316.7,13.9
2025-06-06T06:45:00+00:00,2062.9,82.13,352.6,13.78,396.5,19.6,623.6,0.0620,1.15,136.7,316.7,14.6
2025-06-06T06:46:00+00:00,1989.7,83.34,347.4,13.88,363.0,20.9,561.0,0.0637,1.20,136.7,316.7,14.3
2025-06-06T06:47:00+00:00,1905.0,84.30,347.2,13.98,375.3,18.7,583.8,0.0610,1.11,136.7,316.7,15.0
2025-06-06T06:48:00+00:00,1948.7,81.28,357.5,13.49,373.8,19.2,632.9,0.0618,1.18,136.7,316.7,15.0
2025-06-06T06:49:00+00:00,2027.5,83.22,372.4,14.04,359.8,17.6,655.4,0.0630,1.15,136.7,316.7,14.6
2025-06-06T06:50:00+00:00,2205.0,85.92,346.6,13.66,368.4,17.7,648.5,0.0629,1.12,136.7,316.7,13.1
2025-06-06T06:51:00+00:00,1869.3,83.29,337.1,13.93,362.9,21.6,610.5,0.0612,1.17,136.7,316.7,14.1
2025-06-06T06:52:00+00:00,2074.5,81.85,335.8,13.73,375.0,20.1,590.4,0.0626,1.19,136.7,316.7,14.3
2025-06-06T06:53:00+00:00,1943.5,81.87,354.7,14.05,382.9,17.9,625.7,0.0621,1.14,136.7,316.7,14.1
2025-06-06T06:54:00+00:00,2061.8,81.76,361.7,13.88,367.8,20.0,550.8,0.0617,1.12,136.7,316.7,14.2
2025-06-06T06:55:00+00:00,1966.0,80.60,345.1,13.56,381.4,20.1,594.7,0.0620,1.20,136.7,316.7,12.1
2025-06-06T06:56:00+00:00,1873.1,81.79,358.4,13.89,388.4,18.2,621.9,0.0602,1.08,136.7,316.7,13.1
2025-06-06T06:57:00+00:00,2039.0,83.75,353.0,13.94,371.1,16.6,616.2,0.0619,1.15,136.7,316.7,13.8
2025-06-06T06:58:00+00:00,2110.8,84.71,355.9,13.65,411.8,18.0,625.4,0.0635,1.19,136.7,316.7,13.5
2025-06-06T06:59:00+00:00,1988.2,79.55,358.8,13.71,386.2,20.0,606.0,0.0616,1.14,136.7,316.7,14.2
2025-06-06T07:00:00+00:00,2014.1,83.23,343.7,13.58,386.9,16.2,559.0,0.0688,1.09,136.7,316.7,14.2
2025-06-06T07:01:00+00:00,2084.0,79.37,347.2,13.61,390.2,18.0,663.4,0.0622,1.15,136.7,316.7,15.2
2025-06-06T07:02:00+00:00,1976.7,80.58,365.1,13.65,375.0,20.6,584.4,0.0631,1.14,136.7,316.7,14.1
2025-06-06T07:03:00+00:00,2032.8,82.99,347.2,13.73,380.1,15.5,586.3,0.0652,1.19,136.7,316.7,13.3
2025-06-06T07:04:00+00:00,2017.4,78.53,338.1,14.03,376.6,18.4,601.3,0.0714,1.17,136.7,316.7,13.7
2025-06-06T07:05:00+00:00,1978.5,78.94,352.0,13.92,367.5,19.3,592.4,0.0634,1.34,136.7,316.7,14.2
2025-06-06T07:06:00+00:00,1994.8,82.39,357.3,13.97,386.3,19.1,628.6,0.0626,1.24,136.7,316.7,15.2
2025-06-06T07:07:00+00:00,1857.0,83.00,358.5,13.86,371.7,18.2,549.9,0.0613,1.18,136.7,316.7,14.2
2025-06-06T07:08:00+00:00,2080.6,82.42,347.8,13.91,399.3,18.7,605.4,0.0630,1.02,136.7,316.7,12.9
2025-06-06T07:09:00+00:00,1898.7,84.85,359.0,13.81,364.4,18.9,558.4,0.0609,1.13,136.7,316.7,14.7
2025-06-06T07:10:00+00:00,2033.8,82.01,361.9,13.70,390.7,20.5,603.5,0.0625,1.20,136.7,316.7,14.8
2025-06-06T07:11:00+00:00,2161.7,81.73,339.0,13.80,399.6,17.4,594.3,0.0671,1.11,136.7,316.7,12.7
2025-06-06T07:12:00+00:00,2379.8,83.70,346.9,13.70,383.7,22.2,651.2,0.0643,1.20,136.7,316.7,14.1
2025-06-06T07:13:00+00:00,2050.5,81.32,351.5,13.85,368.1,22.9,625.8,0.0620,1.15,136.7,316.7,13.2
2025-06-06T07:14:00+00:00,1949.3,80.91,346.7,13.82,404.2,19.6,608.1,0.0665,1.14,136.7,316.7,13.3
2025-06-06T07:15:00+00:00,1882.7,81.32,351.7,13.79,376.3,19.9,641.0,0.0655,1.11,136.7,316.7,13.6
2025-06-06T07:16:00+00:00,2498.7,83.19,346.6,13.55,403.2,18.4,662.7,0.0656,1.20,136.7,316.7,16.3
2025-06-06T07:17:00+00:00,1970.0,80.99,366.2,13.52,374.9,19.7,612.2,0.0620,1.20,136.7,316.7,14.6
2025-06-06T07:18:00+00:00,2373.3,85.05,342.9,13.88,387.9,18.4,610.2,0.0639,1.16,136.7,316.7,14.4
2025-06-06T07:19:00+00:00,1940.1,84.64,362.1,13.82,388.5,20.0,605.5,0.0606,1.07,136.7,316.7,12.4
2025-06-06T07:20:00+00:00,2053.3,83.37,353.4,13.65,400.9,22.0,599.5,0.0634,1.13,136.7,316.7,13.3
2025-06-06T07:21:00+00:00,2509.6,85.04,340.5,13.63,401.4,18.2,687.2,0.0649,1.19,136.7,316.7,15.8
2025-06-06T07:22:00+00:00,1884.8,84.01,348.8,13.59,369.1,18.1,591.4,0.0610,1.14,136.7,316.7,13.7
2025-06-06T07:23:00+00:00,2041.1,79.70,350.8,13.70,382.0,19.0,593.3,0.0627,1.22,136.7,316.7,15.5
2025-06-06T07:24:00+00:00,2043.4,83.04,346.2,13.76,377.7,21.4,596.0,0.0647,1.19,136.7,316.7,15.5
2025-06-06T07:25:00+00:00,2169.2,81.76,359.1,13.94,405.7,17.8,680.1,0.0620,1.11,136.7,316.7,12.6
2025-06-06T07:26:00+00:00,2006.6,81.69,355.3,13.83,372.6,19.2,639.6,0.0621,1.19,136.7,316.7,12.4
2025-06-06T07:27:00+00:00,2105.9,83.37,360.0,13.65,388.6,22.3,577.6,0.0668,1.16,136.7,316.7,14.8
2025-06-06T07:28:00+00:00,2411.7,85.17,355.2,13.82,390.8,20.3,627.3,0.0733,1.20,136.7,316.7,13.6
2025-06-06T07:29:00+00:00,2035.4,80.82,355.0,14.33,382.7,18.7,556.3,0.0702,1.13,136.7,316.7,13.7
2025-06-06T07:30:00+00:00,2002.1,79.83,347.7,13.75,377.7,21.1,546.8,0.0615,1.13,136.7,316.7,14.5
2025-06-06T07:31:00+00:00,1997.7,84.33,345.0,13.76,389.7,18.6,637.9,0.0617,1.15,136.7,316.7,13.2
2025-06-06T07:32:00+00:00,1869.9,81.95,354.9,13.73,382.8,20.4,623.1,0.0608,1.13,136.7,316.7,14.6
2025-06-06T07:33:00+00:00,2439.7,83.81,346.1,13.66,394.7,21.5,630.1,0.0638,1.11,136.7,316.7,14.0
2025-06-06T07:34:00+00:00,2024.2,82.85,340.3,13.54,400.3,20.9,600.8,0.0712,1.15,136.7,316.7,15.0
2025-06-06T07:35:00+00:00,2044.9,82.71,343.6,13.71,406.2,17.9,607.0,0.0639,1.17,136.7,316.7,13.3
2025-06-06T07:36:00+00:00,2494.1,82.74,356.9,13.77,403.8,19.1,598.3,0.0676,1.23,136.7,316.7,14.8
2025-06-06T07:37:00+00:00,2180.2,81.18,353.0,14.00,369.9,18.0,652.2,0.0631,1.16,136.7,316.7,13.5
2025-06-06T07:38:00+00:00,2140.9,83.92,347.2,13.81,391.0,19.1,585.0,0.0697,1.20,136.7,316.7,13.9
2025-06-06T07:39:00+00:00,2351.4,82.74,366.0,13.91,411.5,21.0,618.0,0.0660,1.13,136.7,316.7,14.9
2025-06-06T07:40:00+00:00,2411.1,82.51,352.1,13.89,376.3,19.1,600.8,0.0651,1.13,136.7,316.7,15.1
2025-06-06T07:41:00+00:00,1751.9,81.63,346.2,13.84,383.3,18.9,592.1,0.0621,1.15,136.7,316.7,15.6
2025-06-06T07:42:00+00:00,1966.2,80.91,348.0,13.72,373.8,19.5,579.2,0.0619,1.21,136.7,316.7,13.6
2025-06-06T07:43:00+00:00,1854.9,83.24,362.2,13.85,400.2,18.6,568.1,0.0612,1.16,136.7,316.7,12.4
2025-06-06T07:44:00+00:00,2111.8,84.81,336.9,13.65,387.7,20.7,610.0,0.0643,1.20,136.7,316.7,13.6
2025-06-06T07:45:00+00:00,1911.9,80.21,355.4,13.64,382.3,22.6,540.6,0.0606,1.09,136.7,316.7,16.5
2025-06-06T07:46:00+00:00,2047.9,83.10,340.9,13.84,374.0,20.7,571.7,0.0619,1.15,136.7,316.7,14.0
2025-06-06T07:47:00+00:00,2171.6,83.91,349.4,13.85,381.1,20.4,620.4,0.0625,1.15,136.7,316.7,15.2
2025-06-06T07:48:00+00:00,2082.4,85.24,344.2,13.77,392.1,22.0,570.6,0.0618,1.11,136.7,316.7,14.2
2025-06-06T07:49:00+00:00,1927.3,81.97,348.7,13.69,401.2,18.1,586.0,0.0679,1.14,136.7,316.7,13.4
2025-06-06T07:50:00+00:00,1899.8,83.06,351.5,13.71,383.3,17.9,579.3,0.0688,1.12,136.7,316.7,13.9
2025-06-06T07:51:00+00:00,1965.3,82.72,339.4,13.65,375.0,21.6,609.3,0.0624,1.23,136.7,316.7,14.2
2025-06-06T07:52:00+00:00,2039.7,81.88,352.6,13.90,390.7,18.0,594.1,0.0616,1.13,136.7,316.7,14.4
2025-06-06T07:53:00+00:00,2179.2,81.26,344.7,13.79,391.6,21.6,623.2,0.0633,1.20,136.7,316.7,13.9
2025-06-06T07:54:00+00:00,2009.7,80.31,355.0,13.80,387.5,19.2,654.6,0.0615,1.12,136.7,316.7,14.4
2025-06-06T07:55:00+00:00,2267.8,81.64,346.0,13.95,394.6,18.4,626.7,0.0630,1.14,136.7,316.7,14.0
2025-06-06T07:56:00+00:00,2145.3,83.59,346.4,13.80,354.6,20.6,689.1,0.0630,1.10,136.7,316.7,15.3
2025-06-06T07:57:00+00:00,2108.2,81.06,348.2,13.86,361.3,18.7,564.8,0.0620,1.14,136.7,316.7,13.9
2025-06-06T07:58:00+00:00,2076.9,81.62,342.0,13.79,374.4,22.0,579.8,0.0636,1.23,136.7,316.7,14.1
2025-06-06T07:59:00+00:00,1922.4,79.89,345.8,13.67,376.0,21.0,650.3,0.0615,1.17,136.7,316.7,14.6
2025-06-06T08:00:00+00:00,2026.6,83.07,347.5,13.49,382.7,17.0,628.5,0.0627,1.22,136.7,316.7,12.2
2025-06-06T08:01:00+00:00,1892.1,81.51,349.5,13.91,363.2,18.5,559.3,0.0634,1.23,136.7,316.7,13.3
2025-06-06T08:02:00+00:00,1921.1,81.00,347.3,13.87,367.5,18.6,576.1,0.0615,1.17,136.7,316.7,14.7
2025-06-06T08:03:00+00:00,1951.9,85.93,347.2,13.77,389.2,19.9,634.7,0.0663,1.14,136.7,316.7,14.2
2025-06-06T08:04:00+00:00,2012.9,82.18,350.8,13.64,390.5,19.3,642.5,0.0613,1.11,136.7,316.7,13.3
2025-06-06T08:05:00+00:00,2076.4,82.89,354.2,13.74,381.3,18.0,633.8,0.0676,1.27,136.7,316.7,15.1
2025-06-06T08:06:00+00:00,1910.2,79.88,344.3,13.91,379.7,20.5,581.7,0.0617,1.20,136.7,316.7,14.4
2025-06-06T08:07:00+00:00,2040.7,84.11,357.8,13.69,373.4,18.7,598.5,0.0623,1.19,136.7,316.7,12.4
2025-06-06T08:08:00+00:00,2050.4,79.23,358.2,13.77,381.3,19.7,632.5,0.0618,1.14,136.7,316.7,15.8
2025-06-06T08:09:00+00:00,1898.8,82.94,341.4,13.70,386.4,19.9,632.6,0.0654,1.13,136.7,316.7,13.8
2025-06-06T08:10:00+00:00,1884.8,81.81,358.0,13.94,399.7,17.9,597.3,0.0617,1.20,136.7,316.7,14.0
2025-06-06T08:11:00+00:00,2071.6,82.81,329.1,14.02,387.8,19.2,603.2,0.0619,1.13,136.7,316.7,14.8
2025-06-06T08:12:00+00:00,1976.3,81.70,354.8,13.61,378.9,19.3,603.4,0.0647,1.26,136.7,316.7,15.9
2025-06-06T08:13:00+00:00,2132.5,80.69,345.6,13.91,376.9,19.4,558.5,0.0645,1.15,136.7,316.7,12.2
2025-06-06T08:14:00+00:00,1988.0,80.76,346.7,13.77,379.0,20.0,566.5,0.0617,1.15,136.7,316.7,15.2
2025-06-06T08:15:00+00:00,2034.3,81.22,355.1,13.57,395.9,16.9,631.3,0.0618,1.14,136.7,316.7,14.6
2025-06-06T08:16:00+00:00,2092.7,80.37,361.4,13.81,383.4,20.2,580.6,0.0625,1.19,136.7,316.7,12.6
2025-06-06T08:17:00+00:00,2074.3,84.87,353.5,13.66,386.4,19.8,669.2,0.0623,1.18,136.7,316.7,14.2
2025-06-06T08:18:00+00:00,1814.7,82.10,360.0,14.02,388.5,22.2,622.7,0.0609,1.16,136.7,316.7,13.3
2025-06-06T08:19:00+00:00,2079.6,83.99,350.7,14.05,382.7,20.4,574.1,0.0717,1.17,136.7,316.7,12.4
2025-06-06T08:20:00+00:00,2161.0,83.71,349.9,13.90,366.7,18.6,634.9,0.0629,1.18,136.7,316.7,12.7
2025-06-06T08:21:00+00:00,1865.7,83.16,347.3,13.92,379.0,18.9,655.3,0.0614,1.16,136.7,316.7,14.6
2025-06-06T08:22:00+00:00,1813.3,83.63,347.3,13.76,360.6,17.0,638.1,0.0641,1.20,136.7,316.7,13.4
2025-06-06T08:23:00+00:00,1891.6,81.58,344.7,13.72,363.6,20.1,620.7,0.0614,1.19,136.7,316.7,15.3
2025-06-06T08:24:00+00:00,2002.6,80.49,351.8,13.85,384.1,19.4,605.1,0.0624,1.22,136.7,316.7,11.6
2025-06-06T08:25:00+00:00,1916.0,80.25,342.5,13.67,367.8,19.8,581.5,0.0615,1.17,136.7,316.7,15.6
2025-06-06T08:26:00+00:00,2146.6,86.46,342.2,13.67,386.0,20.0,654.7,0.0648,1.12,136.7,316.7,15.7
2025-06-06T08:27:00+00:00,1938.4,82.91,357.9,13.86,410.8,19.9,604.5,0.0612,1.13,136.7,316.7,13.2
2025-06-06T08:28:00+00:00,2110.4,80.28,367.0,13.62,401.4,18.5,642.3,0.0704,1.22,136.7,316.7,16.2
2025-06-06T08:29:00+00:00,1992.0,80.23,355.2,14.06,389.7,22.4,612.6,0.0635,1.16,136.7,316.7,15.3
2025-06-06T08:30:00+00:00,1939.5,81.01,357.1,13.91,357.0,17.8,581.2,0.0630,1.06,136.7,316.7,13.6
2025-06-06T08:31:00+00:00,1879.6,83.99,352.8,13.77,383.6,19.2,570.2,0.0659,1.15,136.7,316.7,13.7
2025-06-06T08:32:00+00:00,1904.0,81.44,347.9,13.72,381.6,20.0,532.9,0.0614,1.17,136.7,316.7,13.4
2025-06-06T08:33:00+00:00,1923.7,82.27,352.5,13.78,374.9,19.4,560.8,0.0646,1.20,136.7,316.7,15.0
2025-06-06T08:34:00+00:00,1045.6,77.62,357.3,13.66,365.3,19.4,501.4,0.0601,1.15,136.7,316.7,14.1
2025-06-06T08:35:00+00:00,1148.3,79.64,349.9,13.85,352.3,17.0,530.1,0.0592,1.12,136.7,316.7,13.1
2025-06-06T08:36:00+00:00,923.5,77.12,359.9,13.81,362.7,20.5,557.5,0.0600,1.13,136.7,316.7,14.3
2025-06-06T08:37:00+00:00,980.8,79.53,344.1,13.87,352.6,19.8,511.9,0.0591,1.13,136.7,316.7,14.3
2025-06-06T08:38:00+00:00,949.4,77.97,349.6,13.63,330.6,20.8,550.5,0.0570,1.23,136.7,316.7,13.5
2025-06-06T08:39:00+00:00,843.1,79.15,342.6,13.84,348.9,21.1,517.7,0.0571,1.26,136.7,316.7,15.7
2025-06-06T08:40:00+00:00,990.5,77.48,356.7,13.86,337.2,20.7,556.3,0.0589,1.13,136.7,316.7,15.0
2025-06-06T08:41:00+00:00,1043.0,78.08,361.0,13.82,353.4,18.3,595.2,0.0618,1.17,136.7,316.7,13.7
2025-06-06T08:42:00+00:00,1057.6,76.59,349.2,13.80,336.5,20.4,594.3,0.0562,1.09,136.7,316.7,13.5
2025-06-06T08:43:00+00:00,882.2,78.03,354.6,13.79,354.1,22.4,564.4,0.0608,1.13,136.7,316.7,15.5
2025-06-06T08:44:00+00:00,1044.4,78.66,364.7,14.00,353.1,20.8,556.3,0.0564,1.14,136.7,316.7,13.3
2025-06-06T08:45:00+00:00,833.5,80.00,374.8,14.01,338.9,16.6,487.5,0.0551,1.10,136.7,316.7,16.0
2025-06-06T08:46:00+00:00,1020.2,78.49,348.8,13.54,352.9,18.8,545.9,0.0560,1.09,136.7,316.7,15.5
2025-06-06T14:00:00+00:00,1019.4,78.51,348.4,13.83,334.8,20.4,552.0,0.0560,1.10,136.7,316.7,15.9
2025-06-06T14:01:00+00:00,1021.5,79.19,341.4,13.90,339.9,18.4,604.4,0.0569,1.18,136.7,316.7,13.1
2025-06-06T14:02:00+00:00,970.0,81.20,346.2,13.68,356.3,19.9,529.9,0.0557,1.10,136.7,316.7,15.5
2025-06-06T14:03:00+00:00,1126.4,80.08,346.5,14.15,362.1,20.0,580.5,0.0601,1.16,136.7,316.7,15.7
2025-06-06T14:04:00+00:00,859.0,77.62,360.2,13.77,317.0,20.0,579.3,0.0561,1.19,136.7,316.7,14.3
2025-06-06T14:05:00+00:00,864.2,79.47,343.7,13.89,345.2,18.4,547.6,0.0571,1.08,136.7,316.7,13.8
2025-06-06T14:06:00+00:00,849.0,79.06,370.0,13.84,353.4,21.3,574.3,0.0568,1.18,136.7,316.7,13.0
2025-06-06T14:07:00+00:00,983.7,81.73,359.1,13.93,342.1,18.8,550.0,0.0570,1.17,136.7,316.7,15.5
2025-06-06T14:08:00+00:00,890.1,77.11,357.9,13.71,360.2,20.7,549.4,0.0569,1.20,136.7,316.7,14.5
2025-06-06T14:09:00+00:00,821.6,79.93,360.0,13.83,322.0,19.6,560.5,0.0558,1.19,136.7,316.7,12.7
2025-06-06T14:10:00+00:00,960.9,78.72,361.7,13.92,325.9,21.9,621.7,0.0620,1.15,136.7,316.7,14.5
2025-06-06T14:11:00+00:00,989.0,78.03,361.7,13.87,342.3,19.0,613.8,0.0607,1.18,136.7,316.7,12.7
2025-06-06T14:12:00+00:00,1857.4,82.66,350.2,13.69,371.0,20.1,633.8,0.0605,1.10,136.7,316.7,14.1
2025-06-06T14:13:00+00:00,2024.6,80.47,350.2,14.04,374.6,18.8,592.8,0.0690,1.18,136.7,316.7,15.1
2025-06-06T14:14:00+00:00,2125.0,83.55,350.4,13.62,378.8,19.0,632.3,0.0627,1.17,136.7,316.7,14.4
2025-06-06T14:15:00+00:00,1917.8,82.24,368.8,13.65,401.3,18.4,620.5,0.0627,1.10,136.7,316.7,12.1
2025-06-06T14:16:00+00:00,1919.9,80.79,342.0,13.80,364.2,20.3,632.7,0.0628,1.25,136.7,316.7,13.8
2025-06-06T14:17:00+00:00,1956.2,81.31,356.3,14.05,388.2,18.0,546.7,0.0621,1.16,136.7,316.7,12.5
2025-06-06T14:18:00+00:00,2108.6,81.89,341.7,13.60,387.5,20.8,608.4,0.0690,1.23,136.7,316.7,16.1
2025-06-06T14:19:00+00:00,2172.2,80.86,346.9,13.75,380.5,19.7,646.0,0.0655,1.12,136.7,316.7,13.9
2025-06-06T14:20:00+00:00,2006.4,83.77,358.9,13.46,381.6,18.4,622.7,0.0653,1.14,136.7,316.7,15.3
2025-06-06T14:21:00+00:00,2062.1,83.57,360.3,13.77,397.4,22.8,633.9,0.0671,1.10,136.7,316.7,12.6
2025-06-06T14:22:00+00:00,1985.1,80.32,361.9,13.64,374.0,17.1,618.1,0.0659,1.19,136.7,316.7,15.4
2025-06-06T14:23:00+00:00,1984.1,83.03,362.2,13.74,383.9,21.4,615.0,0.0627,1.16,136.7,316.7,14.5
2025-06-06T14:24:00+00:00,1944.8,86.03,347.2,13.81,373.3,19.9,602.5,0.0615,1.16,136.7,316.7,13.7
2025-06-06T14:25:00+00:00,2220.0,80.47,351.0,13.93,396.3,19.0,593.4,0.0685,1.17,136.7,316.7,13.3
2025-06-06T14:26:00+00:00,2140.2,82.78,350.9,13.79,372.4,19.5,586.2,0.0670,1.23,136.7,316.7,14.2
2025-06-06T14:27:00+00:00,2175.1,80.86,362.4,13.94,380.3,20.9,622.0,0.0644,1.18,136.7,316.7,13.7
2025-06-06T14:28:00+00:00,2002.2,82.86,345.2,13.83,391.7,20.0,623.6,0.0625,1.23,136.7,316.7,14.3
2025-06-06T14:29:00+00:00,1893.5,78.93,343.3,13.76,393.7,19.4,591.2,0.0610,1.15,136.7,316.7,14.4
2025-06-06T14:30:00+00:00,2016.8,84.88,352.5,13.85,376.8,20.9,630.9,0.0629,1.17,136.7,316.7,13.0
2025-06-06T14:31:00+00:00,2228.8,84.14,346.7,13.85,401.0,17.2,599.5,0.0668,1.18,136.7,316.7,14.0
2025-06-06T14:32:00+00:00,2089.5,82.05,355.7,13.53,386.2,20.0,525.5,0.0721,1.24,136.7,316.7,13.6
2025-06-06T14:33:00+00:00,1980.2,81.18,349.9,13.92,389.6,21.4,537.7,0.0643,1.13,136.7,316.7,14.3
2025-06-06T14:34:00+00:00,2041.2,82.41,363.9,13.52,385.2,19.3,589.2,0.0624,1.09,136.7,316.7,13.0
2025-06-06T14:35:00+00:00,2345.2,83.68,356.3,13.93,395.1,16.5,601.6,0.0637,1.12,136.7,316.7,15.1
2025-06-06T14:36:00+00:00,1975.5,81.12,346.1,13.75,376.8,18.7,675.1,0.0607,1.04,136.7,316.7,13.2
2025-06-06T14:37:00+00:00,2102.3,82.89,355.5,13.85,382.6,21.6,643.2,0.0637,1.20,136.7,316.7,13.5
2025-06-06T14:38:00+00:00,2034.3,83.45,342.9,13.68,390.5,20.5,600.3,0.0669,1.10,136.7,316.7,12.9
2025-06-06T14:39:00+00:00,1990.9,81.25,343.5,13.94,356.1,18.1,610.5,0.0646,1.16,136.7,316.7,15.3
2025-06-06T14:40:00+00:00,2127.6,84.45,350.1,13.80,394.2,22.8,619.2,0.0622,1.13,136.7,316.7,14.2
2025-06-06T14:41:00+00:00,1957.3,79.29,338.8,13.67,353.1,21.7,601.7,0.0620,1.20,136.7,316.7,13.8
2025-06-06T14:42:00+00:00,2157.9,80.10,350.1,13.91,391.9,20.8,613.0,0.0631,1.20,136.7,316.7,13.4
2025-06-06T14:43:00+00:00,2132.3,83.66,342.8,14.20,405.2,18.8,582.6,0.0716,1.14,136.7,316.7,15.6
2025-06-06T14:44:00+00:00,2077.8,83.64,350.4,13.79,382.1,18.4,582.5,0.0633,1.25,136.7,316.7,13.3
2025-06-06T14:45:00+00:00,1942.5,81.31,347.1,13.97,379.5,19.5,551.6,0.0658,1.13,136.7,316.7,13.9
2025-06-06T14:46:00+00:00,1950.6,85.35,353.1,13.88,383.5,17.2,630.4,0.0629,1.19,136.7,316.7,13.1
2025-06-06T14:47:00+00:00,2037.5,81.54,343.8,13.65,376.1,20.7,606.9,0.0667,1.22,136.7,316.7,13.1
2025-06-06T14:48:00+00:00,2201.7,84.53,325.2,13.72,395.5,20.7,543.7,0.0633,1.19,136.7,316.7,13.2
2025-06-06T14:49:00+00:00,2191.9,81.42,335.3,13.94,377.2,18.6,601.2,0.0624,1.12,136.7,316.7,14.6
2025-06-06T14:50:00+00:00,2130.2,82.32,341.9,13.63,379.7,19.5,625.7,0.0627,1.18,136.7,316.7,16.5
2025-06-06T14:51:00+00:00,1979.1,82.21,349.5,14.04,384.1,18.2,607.9,0.0641,1.07,136.7,316.7,14.6
2025-06-06T14:52:00+00:00,1843.7,80.27,367.3,13.68,378.9,19.7,564.8,0.0617,1.22,136.7,316.7,16.4
2025-06-06T14:53:00+00:00,1968.5,80.55,351.2,13.76,388.7,16.3,595.2,0.0671,1.21,136.7,316.7,14.7
2025-06-06T14:54:00+00:00,2097.1,82.83,366.9,13.97,370.1,18.1,554.5,0.0722,1.14,136.7,316.7,14.9
2025-06-06T14:55:00+00:00,2053.8,81.48,358.2,13.92,353.1,17.2,565.8,0.0692,1.10,136.7,316.7,13.0
2025-06-06T14:56:00+00:00,1809.9,80.94,354.8,13.81,380.0,18.9,585.3,0.0626,1.16,136.7,316.7,15.4
2025-06-06T14:57:00+00:00,2093.5,83.84,353.6,13.74,367.8,19.7,655.1,0.0689,1.19,136.7,316.7,13.6
2025-06-06T14:58:00+00:00,2091.2,81.01,359.9,13.74,370.6,19.6,611.5,0.0621,1.15,136.7,316.7,13.0
2025-06-06T14:59:00+00:00,1933.3,84.56,349.9,13.78,375.2,21.7,604.0,0.0630,1.07,136.7,316.7,12.9
2025-06-06T15:00:00+00:00,2141.7,82.58,355.8,13.96,371.7,20.3,596.7,0.0639,1.12,136.7,316.7,14.1
2025-06-06T15:01:00+00:00,2461.8,84.22,342.1,13.73,358.4,21.6,647.4,0.0642,1.15,136.7,316.7,13.7
2025-06-06T15:02:00+00:00,1918.8,81.40,363.0,13.77,388.1,20.0,606.6,0.0625,1.14,136.7,316.7,15.2
2025-06-06T15:03:00+00:00,2000.4,83.71,359.8,13.69,372.4,19.8,595.5,0.0642,1.15,136.7,316.7,15.1
2025-06-06T15:04:00+00:00,2134.0,83.64,338.1,13.88,386.9,19.4,625.1,0.0646,1.21,136.7,316.7,13.4
2025-06-06T15:05:00+00:00,2101.7,84.32,332.9,13.57,383.0,20.0,608.1,0.0647,1.24,136.7,316.7,15.3
2025-06-06T15:06:00+00:00,2012.4,83.24,354.4,13.91,366.0,19.7,612.2,0.0664,1.14,136.7,316.7,12.6
2025-06-06T15:07:00+00:00,2436.7,82.31,340.4,13.68,398.9,20.5,637.1,0.0647,1.16,136.7,316.7,13.3
2025-06-06T15:08:00+00:00,1995.3,80.26,362.7,13.67,372.0,17.6,574.7,0.0704,1.05,136.7,316.7,14.6
2025-06-06T15:09:00+00:00,2507.8,81.21,352.7,13.77,400.1,21.4,599.6,0.0647,1.17,136.7,316.7,15.0
2025-06-06T15:10:00+00:00,1859.4,81.28,344.4,13.54,374.8,17.8,598.3,0.0666,1.17,136.7,316.7,13.8
2025-06-06T15:11:00+00:00,2190.5,82.93,360.6,13.75,363.9,20.9,640.0,0.0674,1.20,136.7,316.7,14.1
2025-06-06T15:12:00+00:00,1923.9,82.03,366.8,13.80,385.2,19.3,654.2,0.0619,1.18,136.7,316.7,13.9
2025-06-06T15:13:00+00:00,2117.8,80.81,328.8,13.65,387.2,22.1,568.5,0.0635,1.14,136.7,316.7,15.1
2025-06-06T15:14:00+00:00,2055.6,81.44,359.4,13.69,394.3,19.6,604.6,0.0609,1.04,136.7,316.7,14.0
2025-06-06T15:15:00+00:00,1780.6,81.75,356.0,13.90,362.9,20.5,602.0,0.0608,1.17,136.7,316.7,12.8
2025-06-06T15:16:00+00:00,1899.6,80.84,356.9,13.76,373.0,19.7,601.6,0.0659,1.15,136.7,316.7,14.4
2025-06-06T15:17:00+00:00,1869.6,81.99,353.7,13.83,391.0,19.5,564.8,0.0615,1.20,136.7,316.7,14.0
2025-06-06T15:18:00+00:00,2344.3,83.57,349.1,13.64,388.0,18.5,585.2,0.0644,1.24,136.7,316.7,14.3
2025-06-06T15:19:00+00:00,2289.6,83.83,357.4,14.05,392.3,19.4,609.6,0.0666,1.18,136.7,316.7,16.8
2025-06-06T15:20:00+00:00,2519.9,82.46,340.7,13.80,403.8,19.9,621.2,0.0647,1.18,136.7,316.7,13.8
2025-06-06T15:21:00+00:00,2053.4,82.73,340.0,13.65,359.2,19.6,603.4,0.0671,1.18,136.7,316.7,15.6
2025-06-06T15:22:00+00:00,1975.1,81.37,346.7,13.93,399.1,21.0,604.9,0.0617,1.16,136.7,316.7,14.3
2025-06-06T15:23:00+00:00,2438.6,84.59,342.5,13.73,393.3,21.1,600.9,0.0653,1.27,136.7,316.7,13.8
2025-06-06T15:24:00+00:00,1885.2,80.75,339.6,13.80,383.0,21.3,599.8,0.0612,1.15,136.7,316.7,12.6
2025-06-06T15:25:00+00:00,1940.9,82.67,350.4,13.86,353.1,18.5,551.1,0.0629,1.15,136.7,316.7,14.2
2025-06-06T15:26:00+00:00,1824.5,83.03,356.7,13.77,356.6,21.2,524.4,0.0665,1.20,136.7,316.7,14.9
2025-06-06T15:27:00+00:00,2069.0,80.84,354.3,13.60,381.9,18.9,599.5,0.0621,1.17,136.7,316.7,14.5
2025-06-06T15:28:00+00:00,1782.0,82.30,345.4,13.69,360.3,20.6,590.9,0.0635,1.18,136.7,316.7,13.9
2025-06-06T15:29:00+00:00,2034.2,80.48,362.4,13.64,370.3,18.4,631.3,0.0670,1.16,136.7,316.7,14.5
2025-06-06T15:30:00+00:00,2006.7,82.90,352.1,13.75,385.4,18.6,583.6,0.0622,1.19,136.7,316.7,14.4
2025-06-06T15:31:00+00:00,1895.2,81.78,362.8,13.93,382.1,20.2,616.5,0.0614,1.19,136.7,316.7,13.7
2025-06-06T15:32:00+00:00,1991.2,82.60,350.6,13.96,390.4,18.7,583.9,0.0660,1.13,136.7,316.7,13.5
2025-06-06T15:33:00+00:00,1869.4,85.91,355.8,13.81,386.9,20.5,630.4,0.0641,1.15,136.7,316.7,13.7
2025-06-06T15:34:00+00:00,1974.8,82.32,342.2,13.88,373.0,19.4,609.0,0.0745,1.18,136.7,316.7,14.6
2025-06-06T15:35:00+00:00,2178.3,82.89,348.4,13.87,382.6,18.9,689.0,0.0626,1.15,136.7,316.7,15.1
2025-06-06T15:36:00+00:00,2191.8,82.85,347.2,13.83,386.5,21.2,592.5,0.0621,1.10,136.7,316.7,14.9
2025-06-06T15:37:00+00:00,1948.6,81.63,339.6,13.94,386.5,18.1,632.2,0.0614,1.13,136.7,316.7,13.9
2025-06-06T15:38:00+00:00,1926.9,83.36,343.6,13.63,361.9,18.9,647.2,0.0641,1.18,136.7,316.7,14.5
2025-06-06T15:39:00+00:00,2146.3,80.29,361.9,13.73,402.8,20.7,623.4,0.0702,1.20,136.7,316.7,13.3
2025-06-06T15:40:00+00:00,2105.2,82.70,350.7,13.85,384.8,19.4,598.8,0.0620,1.10,136.7,316.7,14.1
2025-06-06T15:41:00+00:00,1919.7,81.10,360.8,13.90,377.0,20.0,613.6,0.0634,1.10,136.7,316.7,13.5
2025-06-06T15:42:00+00:00,1896.4,81.36,342.9,13.72,384.4,17.3,632.2,0.0696,1.17,136.7,316.7,15.2
2025-06-06T15:43:00+00:00,1982.2,83.39,345.5,13.65,371.9,18.5,634.4,0.0617,1.16,136.7,316.7,14.3
2025-06-06T15:44:00+00:00,1971.0,83.42,344.0,13.76,375.0,18.5,546.7,0.0603,1.02,136.7,316.7,15.7
2025-06-06T15:45:00+00:00,2267.9,81.09,348.9,13.97,378.9,18.3,545.2,0.0648,1.11,136.7,316.7,14.0
2025-06-06T15:46:00+00:00,2179.6,84.31,345.0,13.84,383.6,19.6,557.7,0.0627,1.13,136.7,316.7,15.4
2025-06-06T15:47:00+00:00,1869.9,82.09,350.4,13.71,378.4,21.7,588.3,0.0637,1.14,136.7,316.7,13.5
2025-06-06T15:48:00+00:00,1992.9,81.28,348.6,13.54,379.1,21.8,550.6,0.0654,1.14,136.7,316.7,13.3
2025-06-06T15:49:00+00:00,2077.4,83.44,349.1,13.62,388.3,18.4,652.1,0.0625,1.19,136.7,316.7,12.4
2025-06-06T15:50:00+00:00,1927.3,79.67,356.2,13.74,386.8,20.0,607.9,0.0614,1.17,136.7,316.7,12.9
2025-06-06T15:51:00+00:00,1912.2,81.62,348.8,13.68,381.7,18.4,640.0,0.0615,1.18,136.7,316.7,13.5
2025-06-06T15:52:00+00:00,2039.2,82.94,345.7,13.92,374.1,18.2,607.7,0.0635,1.18,136.7,316.7,14.0
2025-06-06T15:53:00+00:00,2003.9,82.65,355.4,13.75,375.2,18.4,622.4,0.0669,1.19,136.7,316.7,13.8
2025-06-06T15:54:00+00:00,1804.3,82.78,345.3,14.02,394.9,19.5,553.0,0.0721,1.15,136.7,316.7,14.2
2025-06-06T15:55:00+00:00,1868.5,83.77,344.1,13.67,384.0,22.2,571.3,0.0639,1.19,136.7,316.7,13.0
2025-06-06T15:56:00+00:00,1965.9,83.76,356.6,13.59,371.9,20.2,587.2,0.0616,1.13,136.7,316.7,13.0
2025-06-06T15:57:00+00:00,2100.4,82.42,342.7,13.71,398.4,18.6,622.9,0.0618,1.11,136.7,316.7,14.5
2025-06-06T15:58:00+00:00,2028.5,83.98,360.0,13.56,378.4,21.6,608.7,0.0647,1.21,136.7,316.7,13.4
2025-06-06T15:59:00+00:00,2047.9,81.94,349.0,13.97,391.9,19.9,616.4,0.0642,1.15,136.7,316.7,13.6
2025-06-06T16:00:00+00:00,2140.0,85.08,350.1,13.90,386.2,18.2,615.4,0.0625,1.16,136.7,316.7,14.3
2025-06-06T16:01:00+00:00,2060.7,79.40,357.2,13.76,389.0,18.8,648.3,0.0625,1.19,136.7,316.7,14.0
2025-06-06T16:02:00+00:00,2171.8,83.12,339.4,13.75,386.9,16.6,574.7,0.0629,1.19,136.7,316.7,12.7
2025-06-06T16:03:00+00:00,1940.9,81.66,355.8,13.59,400.5,17.3,640.6,0.0626,1.13,136.7,316.7,12.5
2025-06-06T16:04:00+00:00,2102.5,82.43,334.1,13.90,380.5,20.4,660.6,0.0627,1.20,136.7,316.7,12.3
2025-06-06T16:05:00+00:00,2011.4,81.48,343.9,13.98,380.1,22.0,601.9,0.0620,1.18,136.7,316.7,13.6
2025-06-06T16:06:00+00:00,1975.1,84.42,345.3,13.87,354.0,21.0,652.3,0.0677,1.13,136.7,316.7,14.6
2025-06-06T16:07:00+00:00,1844.8,82.82,340.1,13.74,369.3,20.5,593.7,0.0612,1.17,136.7,316.7,14.3
2025-06-06T16:08:00+00:00,901.5,78.52,353.4,13.62,359.5,17.9,587.9,0.0563,1.19,136.7,316.7,14.0
2025-06-06T16:09:00+00:00,955.6,78.72,364.4,13.92,364.1,20.9,514.3,0.0560,1.16,136.7,316.7,15.2
2025-06-06T16:10:00+00:00,1115.5,77.49,361.2,13.80,349.3,21.7,597.8,0.0567,1.14,136.7,316.7,15.2
2025-06-06T16:11:00+00:00,935.9,77.72,363.9,14.00,342.7,21.2,583.6,0.0555,1.09,136.7,316.7,14.8
2025-06-06T16:12:00+00:00,1023.3,78.98,353.3,13.82,334.3,21.4,564.6,0.0564,1.16,136.7,316.7,13.5
2025-06-06T16:13:00+00:00,984.1,78.81,372.9,14.12,332.4,21.7,571.1,0.0563,1.15,136.7,316.7,15.4
2025-06-06T16:14:00+00:00,988.0,75.67,347.1,13.90,336.3,18.9,553.6,0.0589,1.26,136.7,316.7,13.6
2025-06-06T16:15:00+00:00,964.8,76.98,339.8,14.08,350.8,20.3,546.9,0.0554,1.07,136.7,316.7,13.7
2025-06-06T16:16:00+00:00,915.1,78.16,346.8,13.47,352.8,17.0,585.3,0.0569,1.15,136.7,316.7,12.5
2025-06-06T16:17:00+00:00,913.1,77.41,360.4,13.78,361.3,17.6,493.7,0.0561,1.16,136.7,316.7,14.2
2025-06-06T16:18:00+00:00,967.3,78.94,354.0,14.07,345.0,20.3,594.5,0.0567,1.20,136.7,316.7,13.4
2025-06-07T06:00:00+00:00,727.5,76.45,346.9,13.93,326.2,20.1,561.3,0.0489,0.21,218.1,83.1,4.1
2025-06-07T06:01:00+00:00,943.6,77.30,356.2,13.67,367.8,17.4,547.0,0.0467,0.22,218.1,83.1,3.6
2025-06-07T06:02:00+00:00,933.7,80.21,358.6,13.56,351.3,19.2,558.6,0.0467,0.22,218.1,83.1,5.2
2025-06-07T06:03:00+00:00,1068.5,79.73,349.0,13.87,360.3,19.7,524.5,0.0466,0.14,218.1,83.1,3.3
2025-06-07T06:04:00+00:00,880.8,79.68,353.5,13.72,352.7,19.6,578.7,0.0470,0.16,218.1,83.1,2.3
2025-06-07T06:05:00+00:00,982.5,77.95,363.5,13.91,343.4,18.7,530.0,0.0555,0.27,218.1,83.1,2.5
2025-06-07T06:06:00+00:00,1023.4,77.42,345.9,13.86,380.4,20.4,487.6,0.0460,0.11,218.1,83.1,1.9
2025-06-07T06:07:00+00:00,855.5,76.07,350.6,13.80,367.0,19.5,556.3,0.0545,0.26,218.1,83.1,4.3
2025-06-07T06:08:00+00:00,1084.5,78.06,355.7,13.75,353.2,20.2,547.6,0.0478,0.25,218.1,83.1,3.7
2025-06-07T06:09:00+00:00,938.0,77.41,370.7,13.67,339.4,18.3,594.8,0.0463,0.19,218.1,83.1,3.1
2025-06-07T06:10:00+00:00,865.2,78.05,350.0,13.64,336.4,21.1,535.2,0.0454,0.13,218.1,83.1,1.7
2025-06-07T06:11:00+00:00,723.1,78.29,355.4,13.55,308.0,19.5,566.8,0.0459,0.25,218.1,83.1,4.3
2025-06-07T06:12:00+00:00,973.5,77.64,349.4,13.71,354.2,18.8,489.7,0.0465,0.18,218.1,83.1,2.7
2025-06-07T06:13:00+00:00,1952.9,79.60,359.8,13.46,389.8,22.5,606.7,0.0526,0.27,218.1,83.1,3.1
2025-06-07T06:14:00+00:00,2017.0,82.85,347.2,13.80,383.3,18.9,583.1,0.0544,0.24,218.1,83.1,3.5
2025-06-07T06:15:00+00:00,1833.1,84.24,360.4,13.74,376.4,19.5,561.6,0.0554,0.17,218.1,83.1,2.1
2025-06-07T06:16:00+00:00,2047.6,84.92,348.5,13.72,378.0,19.0,610.3,0.0527,0.21,218.1,83.1,4.2
2025-06-07T06:17:00+00:00,2022.7,82.36,347.2,13.92,417.2,20.2,559.0,0.0581,0.28,218.1,83.1,1.8
2025-06-07T06:18:00+00:00,2221.3,84.22,360.4,13.97,384.0,21.1,522.6,0.0560,0.18,218.1,83.1,3.0
2025-06-07T06:19:00+00:00,2154.1,81.64,347.8,14.00,371.5,20.2,617.4,0.0525,0.10,218.1,83.1,5.0
2025-06-07T06:20:00+00:00,1903.5,83.81,347.7,13.85,354.0,17.0,611.9,0.0564,0.14,218.1,83.1,4.1
2025-06-07T06:21:00+00:00,2045.8,84.50,344.6,13.72,385.8,19.3,546.9,0.0575,0.15,218.1,83.1,2.8
2025-06-07T06:22:00+00:00,2063.4,83.32,348.7,13.81,388.3,21.1,625.9,0.0526,0.21,218.1,83.1,4.1
2025-06-07T06:23:00+00:00,1900.5,80.98,334.4,13.62,367.5,19.0,619.9,0.0511,0.13,218.1,83.1,3.4
2025-06-07T06:24:00+00:00,2153.6,82.93,341.5,13.73,391.2,21.4,562.9,0.0563,0.24,218.1,83.1,3.5
2025-06-07T06:25:00+00:00,2164.5,82.67,344.1,13.94,361.4,17.3,614.3,0.0523,0.13,218.1,83.1,4.7
2025-06-07T06:26:00+00:00,1965.6,82.54,363.7,13.96,377.9,19.8,557.9,0.0523,0.23,218.1,83.1,3.3
2025-06-07T06:27:00+00:00,1921.5,81.53,354.9,13.83,376.2,20.5,597.7,0.0510,0.13,218.1,83.1,3.0
2025-06-07T06:28:00+00:00,1988.0,84.21,350.1,13.69,366.5,18.7,605.5,0.0547,0.24,218.1,83.1,3.0
2025-06-07T06:29:00+00:00,1807.4,79.19,353.0,13.62,346.2,19.6,593.4,0.0509,0.18,218.1,83.1,1.7
2025-06-07T06:30:00+00:00,2057.4,81.71,351.7,13.77,380.0,20.3,537.8,0.0530,0.24,218.1,83.1,2.4
2025-06-07T06:31:00+00:00,2061.6,79.64,347.9,13.70,395.0,20.7,689.1,0.0553,0.24,218.1,83.1,3.5
2025-06-07T06:32:00+00:00,1967.0,83.69,353.0,13.96,360.4,18.8,583.5,0.0518,0.18,218.1,83.1,2.6
2025-06-07T06:33:00+00:00,2161.5,84.82,356.1,13.80,371.2,17.9,603.1,0.0596,0.24,218.1,83.1,4.2
2025-06-07T06:34:00+00:00,1962.5,81.75,349.9,13.89,378.8,19.0,566.4,0.0516,0.16,218.1,83.1,2.3
2025-06-07T06:35:00+00:00,1974.3,82.05,357.8,13.73,363.7,21.9,633.0,0.0550,0.23,218.1,83.1,4.5
2025-06-07T06:36:00+00:00,2012.5,85.97,345.4,14.08,400.4,20.4,559.4,0.0536,0.22,218.1,83.1,1.2
2025-06-07T06:37:00+00:00,1893.2,82.51,350.2,14.05,361.1,20.8,494.8,0.0526,0.29,218.1,83.1,4.0
2025-06-07T06:38:00+00:00,1863.5,79.57,362.6,13.95,386.3,19.6,640.4,0.0510,0.14,218.1,83.1,0.6
2025-06-07T06:39:00+00:00,1981.3,80.88,335.3,13.80,394.1,20.2,639.0,0.0615,0.30,218.1,83.1,3.9
2025-06-07T06:40:00+00:00,2180.3,82.61,352.7,13.74,387.1,20.5,669.0,0.0527,0.16,218.1,83.1,4.3
2025-06-07T06:41:00+00:00,2007.3,84.41,345.8,13.78,377.4,22.5,610.1,0.0585,0.20,218.1,83.1,3.1
2025-06-07T06:42:00+00:00,1885.5,79.57,348.6,13.73,365.5,18.9,629.6,0.0513,0.17,218.1,83.1,2.1
2025-06-07T06:43:00+00:00,2004.1,84.04,341.1,13.96,362.4,17.4,658.8,0.0519,0.17,218.1,83.1,4.1
2025-06-07T06:44:00+00:00,2021.0,83.73,353.6,13.84,394.2,21.3,617.0,0.0547,0.21,218.1,83.1,4.2
2025-06-07T06:45:00+00:00,2140.6,79.71,352.2,13.42,401.6,18.2,575.5,0.0586,0.21,218.1,83.1,3.2
2025-06-07T06:46:00+00:00,2049.8,79.43,337.6,13.69,411.7,20.7,591.2,0.0530,0.24,218.1,83.1,4.2
2025-06-07T06:47:00+00:00,2097.6,81.24,351.9,13.59,385.2,17.7,654.5,0.0542,0.16,218.1,83.1,3.3
2025-06-07T06:48:00+00:00,2031.7,83.18,349.7,13.74,369.0,20.6,641.4,0.0614,0.16,218.1,83.1,2.1
2025-06-07T06:49:00+00:00,2117.1,83.24,359.3,13.67,386.3,20.8,627.7,0.0519,0.10,218.1,83.1,3.4
2025-06-07T06:50:00+00:00,1979.1,81.67,344.4,13.59,382.0,21.8,615.9,0.0525,0.24,218.1,83.1,2.5
2025-06-07T06:51:00+00:00,2073.3,84.04,341.2,14.10,346.1,19.9,576.2,0.0543,0.22,218.1,83.1,2.9
2025-06-07T06:52:00+00:00,2029.8,81.85,341.7,13.84,386.9,18.5,628.1,0.0536,0.31,218.1,83.1,3.1
2025-06-07T06:53:00+00:00,1968.4,82.69,353.9,13.94,402.2,20.7,591.4,0.0519,0.19,218.1,83.1,4.0
2025-06-07T06:54:00+00:00,2014.5,82.65,344.6,13.79,383.9,22.3,567.5,0.0533,0.30,218.1,83.1,4.9
2025-06-07T06:55:00+00:00,2034.8,79.49,349.2,13.77,373.7,20.5,647.9,0.0553,0.25,218.1,83.1,1.7
2025-06-07T06:56:00+00:00,2186.3,82.08,332.4,13.78,390.8,21.4,591.7,0.0531,0.21,218.1,83.1,3.3
2025-06-07T06:57:00+00:00,2199.1,85.39,365.0,13.73,358.8,20.6,651.2,0.0533,0.17,218.1,83.1,2.9
2025-06-07T06:58:00+00:00,1881.5,83.26,354.3,14.07,382.6,20.4,603.5,0.0522,0.26,218.1,83.1,2.8
2025-06-07T06:59:00+00:00,2004.3,81.37,343.7,13.44,389.5,20.5,613.9,0.0564,0.23,218.1,83.1,3.5
2025-06-07T07:00:00+00:00,1937.9,82.92,339.1,13.82,384.7,17.5,604.5,0.0517,0.18,218.1,83.1,2.8
2025-06-07T07:01:00+00:00,2007.9,80.24,350.8,13.96,372.1,18.9,558.0,0.0543,0.23,218.1,83.1,2.5
2025-06-07T07:02:00+00:00,2020.2,83.34,350.9,13.97,357.0,21.1,654.2,0.0531,0.27,218.1,83.1,3.2
2025-06-07T07:03:00+00:00,1975.3,83.13,354.8,14.15,380.6,18.8,602.3,0.0621,0.26,218.1,83.1,2.7
2025-06-07T07:04:00+00:00,1883.0,83.63,331.7,13.94,388.5,20.5,617.8,0.0518,0.21,218.1,83.1,2.9
2025-06-07T07:05:00+00:00,1745.9,83.71,353.9,13.71,382.5,18.8,611.9,0.0556,0.32,218.1,83.1,2.3
2025-06-07T07:06:00+00:00,2085.2,84.15,346.3,13.93,388.8,19.9,605.1,0.0534,0.27,218.1,83.1,2.3
2025-06-07T07:07:00+00:00,2005.6,84.26,355.6,13.89,372.4,20.8,606.4,0.0533,0.30,218.1,83.1,2.2
2025-06-07T07:08:00+00:00,2545.7,84.17,354.0,13.59,384.3,18.3,643.7,0.0573,0.23,218.1,83.1,4.0
2025-06-07T07:09:00+00:00,2069.0,80.81,349.0,13.76,390.3,21.0,616.1,0.0525,0.19,218.1,83.1,3.3
2025-06-07T07:10:00+00:00,2401.0,82.67,341.4,13.69,415.3,19.9,591.5,0.0546,0.22,218.1,83.1,2.0
2025-06-07T07:11:00+00:00,2473.2,83.25,337.5,13.88,403.6,21.7,572.8,0.0599,0.21,218.1,83.1,3.1
2025-06-07T07:12:00+00:00,2485.9,83.02,343.3,14.03,388.2,22.1,611.0,0.0559,0.16,218.1,83.1,3.9
2025-06-07T07:13:00+00:00,1964.8,82.01,351.7,13.83,372.1,17.9,636.8,0.0557,0.24,218.1,83.1,2.7
2025-06-07T07:14:00+00:00,2085.2,82.30,365.6,13.58,412.0,21.9,619.3,0.0533,0.25,218.1,83.1,4.3
2025-06-07T07:15:00+00:00,2484.3,81.14,351.6,13.87,405.4,21.3,663.3,0.0555,0.18,218.1,83.1,3.8
2025-06-07T07:16:00+00:00,2489.9,85.39,350.8,14.00,403.5,20.7,629.4,0.0548,0.21,218.1,83.1,4.1
2025-06-07T07:17:00+00:00,2087.5,81.64,359.1,13.81,401.5,20.1,546.6,0.0609,0.19,218.1,83.1,3.3
2025-06-07T07:18:00+00:00,2115.7,83.93,342.0,13.77,367.9,19.8,578.9,0.0545,0.14,218.1,83.1,2.4
2025-06-07T07:19:00+00:00,2099.4,81.33,339.2,13.78,395.7,17.1,608.7,0.0525,0.18,218.1,83.1,2.8
2025-06-07T07:20:00+00:00,1758.6,82.64,359.3,13.80,374.7,18.2,546.9,0.0556,0.14,218.1,83.1,4.6
2025-06-07T07:21:00+00:00,1951.0,83.20,360.8,13.58,372.7,20.4,579.2,0.0539,0.14,218.1,83.1,5.5
2025-06-07T07:22:00+00:00,1911.6,85.63,336.7,13.93,378.9,20.6,554.0,0.0529,0.15,218.1,83.1,4.6
2025-06-07T07:23:00+00:00,2191.9,82.41,334.2,13.82,388.7,19.1,618.6,0.0557,0.23,218.1,83.1,4.1
2025-06-07T07:24:00+00:00,1828.6,80.47,336.5,14.00,385.8,19.6,601.4,0.0512,0.19,218.1,83.1,2.3
2025-06-07T07:25:00+00:00,1958.1,83.69,347.0,13.80,373.8,21.1,607.2,0.0532,0.32,218.1,83.1,4.5
2025-06-07T07:26:00+00:00,2009.0,80.13,354.0,13.75,382.0,18.6,635.9,0.0527,0.23,218.1,83.1,4.7
2025-06-07T07:27:00+00:00,2041.2,80.36,352.1,13.80,376.0,20.5,633.4,0.0530,0.25,218.1,83.1,2.9
2025-06-07T07:28:00+00:00,2109.1,83.53,344.5,13.83,383.5,20.9,604.5,0.0550,0.23,218.1,83.1,3.1
2025-06-07T07:29:00+00:00,1938.4,80.97,349.9,13.93,402.4,21.0,601.7,0.0522,0.22,218.1,83.1,4.4
2025-06-07T07:30:00+00:00,2008.4,82.45,352.4,13.78,380.0,19.8,583.2,0.0522,0.19,218.1,83.1,3.5
2025-06-07T07:31:00+00:00,1994.0,84.49,350.8,13.78,371.0,19.3,582.7,0.0527,0.24,218.1,83.1,4.2
2025-06-07T07:32:00+00:00,2010.7,83.38,370.6,13.71,390.7,18.7,581.1,0.0514,0.11,218.1,83.1,1.7
2025-06-07T07:33:00+00:00,2105.3,81.37,339.0,13.78,379.0,19.9,595.2,0.0559,0.18,218.1,83.1,2.4
2025-06-07T07:34:00+00:00,1963.9,81.29,352.7,13.83,368.8,22.2,593.9,0.0522,0.21,218.1,83.1,3.4
2025-06-07T07:35:00+00:00,2273.9,83.70,337.3,14.02,386.6,21.5,629.9,0.0631,0.16,218.1,83.1,3.0
2025-06-07T07:36:00+00:00,2100.4,82.05,358.3,13.85,411.3,18.4,593.4,0.0516,0.10,218.1,83.1,3.4
2025-06-07T07:37:00+00:00,1936.4,82.19,348.4,13.95,366.3,21.8,603.5,0.0539,0.31,218.1,83.1,3.7
2025-06-07T07:38:00+00:00,2190.1,81.91,349.7,13.67,407.7,20.2,632.8,0.0566,0.19,218.1,83.1,3.2
2025-06-07T07:39:00+00:00,2130.5,83.28,336.8,13.76,387.6,17.8,543.3,0.0531,0.16,218.1,83.1,4.0
2025-06-07T07:40:00+00:00,2020.0,80.37,356.9,13.91,375.6,18.6,610.7,0.0516,0.13,218.1,83.1,2.7
2025-06-07T07:41:00+00:00,1844.7,80.13,373.1,13.81,379.5,19.0,554.8,0.0559,0.26,218.1,83.1,1.1
2025-06-07T07:42:00+00:00,2148.2,81.57,354.0,13.85,376.8,21.9,635.3,0.0529,0.20,218.1,83.1,3.3
2025-06-07T07:43:00+00:00,1988.7,81.06,342.8,13.60,381.3,19.8,637.8,0.0555,0.14,218.1,83.1,2.7
2025-06-07T07:44:00+00:00,2003.3,80.09,361.9,13.94,375.3,21.1,576.7,0.0523,0.20,218.1,83.1,3.9
2025-06-07T07:45:00+00:00,2086.7,83.35,331.6,13.75,377.5,17.7,600.8,0.0527,0.21,218.1,83.1,2.0
2025-06-07T07:46:00+00:00,1977.1,81.36,368.6,13.86,362.6,15.6,582.7,0.0515,0.13,218.1,83.1,3.8
2025-06-07T07:47:00+00:00,2135.8,84.91,372.0,13.78,370.1,17.9,675.8,0.0577,0.21,218.1,83.1,2.4
2025-06-07T07:48:00+00:00,2128.8,81.71,345.3,13.93,384.9,18.4,610.5,0.0520,0.11,218.1,83.1,2.2
2025-06-07T07:49:00+00:00,2054.5,83.22,350.7,13.73,389.1,19.4,583.5,0.0521,0.16,218.1,83.1,4.0
2025-06-07T07:50:00+00:00,2230.2,85.66,350.6,13.79,397.3,16.6,575.4,0.0538,0.24,218.1,83.1,2.4
2025-06-07T07:51:00+00:00,1868.6,81.10,350.6,13.78,362.7,19.2,666.8,0.0516,0.19,218.1,83.1,1.9
2025-06-07T07:52:00+00:00,1941.0,83.18,354.5,13.76,380.1,21.4,674.1,0.0526,0.26,218.1,83.1,3.2
2025-06-07T07:53:00+00:00,1811.3,80.96,365.0,13.88,381.2,21.8,593.7,0.0551,0.23,218.1,83.1,1.6
2025-06-07T07:54:00+00:00,1945.2,82.71,361.6,13.87,378.8,19.1,524.6,0.0518,0.20,218.1,83.1,4.3
2025-06-07T07:55:00+00:00,2016.2,82.83,351.2,13.80,361.4,19.0,655.0,0.0518,0.16,218.1,83.1,3.2
2025-06-07T07:56:00+00:00,1890.3,81.73,357.1,13.94,377.2,17.6,550.4,0.0574,0.11,218.1,83.1,3.1
2025-06-07T07:57:00+00:00,2070.5,79.97,353.5,13.58,393.5,20.8,627.8,0.0533,0.18,218.1,83.1,1.2
2025-06-07T07:58:00+00:00,1946.7,80.02,352.0,13.73,380.2,19.2,601.4,0.0569,0.18,218.1,83.1,4.0
2025-06-07T07:59:00+00:00,1985.2,79.02,348.5,13.97,374.5,17.2,569.6,0.0522,0.20,218.1,83.1,2.3
2025-06-07T08:00:00+00:00,2008.0,83.82,343.6,13.57,376.1,18.0,560.7,0.0522,0.19,218.1,83.1,3.3
2025-06-07T08:01:00+00:00,1981.1,82.00,354.3,13.77,380.3,19.2,579.5,0.0597,0.22,218.1,83.1,2.4
2025-06-07T08:02:00+00:00,2142.3,83.72,354.4,14.00,379.5,18.5,637.9,0.0530,0.21,218.1,83.1,2.1
2025-06-07T08:03:00+00:00,1857.6,81.56,342.1,13.70,385.8,18.5,598.6,0.0517,0.23,218.1,83.1,2.1
2025-06-07T08:04:00+00:00,1881.6,82.00,357.7,13.90,371.8,19.7,561.6,0.0523,0.25,218.1,83.1,3.7
2025-06-07T08:05:00+00:00,1917.4,82.80,358.9,13.99,371.5,21.4,607.6,0.0522,0.16,218.1,83.1,3.5
2025-06-07T08:06:00+00:00,1814.7,82.67,360.4,13.81,399.8,21.1,658.0,0.0515,0.22,218.1,83.1,5.5
2025-06-07T08:07:00+00:00,1843.0,83.17,347.9,13.81,360.5,21.7,546.5,0.0537,0.22,218.1,83.1,2.5
2025-06-07T08:08:00+00:00,2058.2,82.05,357.9,14.14,363.6,20.4,602.8,0.0523,0.19,218.1,83.1,3.5
2025-06-07T08:09:00+00:00,2045.0,81.67,357.4,13.92,365.2,21.2,580.3,0.0542,0.26,218.1,83.1,2.6
2025-06-07T08:10:00+00:00,2056.8,82.81,343.4,13.69,409.8,21.2,616.9,0.0541,0.24,218.1,83.1,2.0
2025-06-07T08:11:00+00:00,1910.7,80.89,357.4,13.72,397.2,21.9,642.9,0.0548,0.24,218.1,83.1,3.9
2025-06-07T08:12:00+00:00,1972.8,84.27,339.9,13.89,366.4,20.2,636.1,0.0516,0.15,218.1,83.1,4.8
2025-06-07T08:13:00+00:00,1928.1,82.45,350.3,13.32,364.8,19.4,610.6,0.0509,0.10,218.1,83.1,0.9
2025-06-07T08:14:00+00:00,1895.8,81.66,350.4,13.80,378.0,19.3,616.4,0.0568,0.23,218.1,83.1,4.4
2025-06-07T08:15:00+00:00,2211.3,81.96,359.3,13.93,383.6,20.1,635.6,0.0534,0.21,218.1,83.1,0.6
2025-06-07T08:16:00+00:00,2192.4,84.16,361.2,13.67,379.4,18.7,596.6,0.0525,0.12,218.1,83.1,3.8
2025-06-07T08:17:00+00:00,2146.4,83.90,361.5,13.89,380.8,22.0,617.2,0.0520,0.11,218.1,83.1,2.8
2025-06-07T08:18:00+00:00,2077.1,84.46,350.9,13.62,395.7,23.1,649.5,0.0533,0.19,218.1,83.1,3.7
2025-06-07T08:19:00+00:00,2273.0,86.19,344.1,13.82,400.1,18.7,560.7,0.0540,0.24,218.1,83.1,4.7
2025-06-07T08:20:00+00:00,2193.4,84.20,340.1,13.73,394.9,18.7,562.5,0.0536,0.17,218.1,83.1,3.3
2025-06-07T08:21:00+00:00,2108.3,83.80,342.2,13.74,397.8,20.5,602.7,0.0532,0.14,218.1,83.1,3.3
2025-06-07T08:22:00+00:00,2002.4,83.99,339.8,13.94,393.2,22.6,616.6,0.0520,0.19,218.1,83.1,2.9
2025-06-07T08:23:00+00:00,2193.9,84.48,337.8,13.75,378.4,21.1,593.7,0.0529,0.17,218.1,83.1,4.2
2025-06-07T08:24:00+00:00,1910.9,84.20,375.6,13.74,396.5,20.3,600.4,0.0541,0.25,218.1,83.1,2.8
2025-06-07T08:25:00+00:00,1989.5,82.59,334.8,13.93,377.7,20.0,573.3,0.0536,0.34,218.1,83.1,5.3
2025-06-07T08:26:00+00:00,1995.2,80.68,342.4,13.77,375.1,20.5,575.8,0.0522,0.20,218.1,83.1,3.5
2025-06-07T08:27:00+00:00,1929.5,82.60,356.9,13.49,376.7,19.9,595.8,0.0516,0.18,218.1,83.1,5.0
2025-06-07T08:28:00+00:00,1085.3,75.89,360.2,13.74,373.1,21.7,544.5,0.0481,0.27,218.1,83.1,2.6
2025-06-07T08:29:00+00:00,896.4,78.77,360.3,13.84,344.8,19.3,562.2,0.0465,0.21,218.1,83.1,3.7
2025-06-07T08:30:00+00:00,968.9,78.01,360.0,13.95,348.9,19.7,591.9,0.0480,0.16,218.1,83.1,2.7
2025-06-07T08:31:00+00:00,984.1,79.40,356.6,13.84,338.9,20.0,578.6,0.0477,0.30,218.1,83.1,2.8
2025-06-07T08:32:00+00:00,928.4,78.58,353.5,13.60,353.2,19.5,569.6,0.0483,0.28,218.1,83.1,1.7
2025-06-07T08:33:00+00:00,989.6,77.61,361.0,13.74,345.3,21.9,570.8,0.0491,0.29,218.1,83.1,3.6
2025-06-07T08:34:00+00:00,1011.9,79.74,365.9,13.64,344.4,21.3,578.9,0.0472,0.23,218.1,83.1,4.8
2025-06-07T08:35:00+00:00,1256.5,79.77,346.0,13.77,360.3,18.5,573.2,0.0477,0.15,218.1,83.1,3.3
2025-06-07T08:36:00+00:00,877.9,80.86,356.9,13.98,355.5,19.1,546.0,0.0546,0.19,218.1,83.1,2.9
2025-06-07T08:37:00+00:00,1073.7,79.96,341.8,13.81,351.9,22.7,542.6,0.0483,0.30,218.1,83.1,1.4
2025-06-07T08:38:00+00:00,1005.8,80.41,365.2,13.74,350.2,19.9,573.0,0.0516,0.19,218.1,83.1,3.0
2025-06-07T08:39:00+00:00,1020.4,77.80,365.7,13.93,350.2,20.7,578.9,0.0466,0.16,218.1,83.1,3.8
2025-06-07T14:00:00+00:00,1050.5,81.83,345.4,13.84,348.6,21.0,507.3,0.0499,0.30,218.1,83.1,3.2
2025-06-07T14:01:00+00:00,987.4,76.66,359.8,14.00,353.8,19.8,546.3,0.0470,0.21,218.1,83.1,4.5
2025-06-07T14:02:00+00:00,1031.3,77.35,357.0,13.98,361.4,19.1,524.1,0.0463,0.13,218.1,83.1,1.6
2025-06-07T14:03:00+00:00,1041.2,76.98,356.7,13.67,350.9,19.4,542.4,0.0472,0.23,218.1,83.1,1.8
2025-06-07T14:04:00+00:00,1021.3,77.40,350.3,13.89,349.3,20.5,594.9,0.0476,0.27,218.1,83.1,4.0
2025-06-07T14:05:00+00:00,1068.4,81.26,357.4,13.80,368.8,19.2,593.2,0.0470,0.18,218.1,83.1,0.6
2025-06-07T14:06:00+00:00,1182.6,80.19,361.5,13.83,333.8,17.5,621.9,0.0503,0.20,218.1,83.1,2.5
2025-06-07T14:07:00+00:00,1120.2,78.46,363.3,13.92,349.6,19.0,543.3,0.0479,0.24,218.1,83.1,3.4
2025-06-07T14:08:00+00:00,1017.8,76.60,351.6,13.86,343.3,20.2,580.8,0.0523,0.29,218.1,83.1,2.5
2025-06-07T14:09:00+00:00,905.0,80.23,351.9,13.90,327.8,20.0,494.2,0.0519,0.21,218.1,83.1,4.1
2025-06-07T14:10:00+00:00,1824.5,80.50,350.2,13.70,370.5,21.0,547.0,0.0512,0.18,218.1,83.1,3.6
2025-06-07T14:11:00+00:00,1996.0,83.71,337.3,13.97,371.6,19.1,569.1,0.0523,0.20,218.1,83.1,3.4
2025-06-07T14:12:00+00:00,2048.1,83.12,365.0,13.69,380.6,21.7,600.1,0.0518,0.13,218.1,83.1,1.9
2025-06-07T14:13:00+00:00,2076.1,84.80,353.6,14.01,398.2,18.1,580.5,0.0528,0.20,218.1,83.1,2.2
2025-06-07T14:14:00+00:00,2176.4,83.27,367.5,13.83,409.3,18.9,636.3,0.0568,0.27,218.1,83.1,2.7
2025-06-07T14:15:00+00:00,2012.4,80.32,344.8,13.86,387.4,20.4,538.2,0.0536,0.14,218.1,83.1,4.3
2025-06-07T14:16:00+00:00,2030.1,82.25,347.9,13.59,409.3,21.4,607.0,0.0522,0.17,218.1,83.1,2.7
2025-06-07T14:17:00+00:00,2107.0,85.52,345.3,13.85,386.5,18.0,586.1,0.0567,0.24,218.1,83.1,3.1
2025-06-07T14:18:00+00:00,2177.3,83.76,344.2,13.75,387.7,17.0,579.9,0.0541,0.23,218.1,83.1,3.6
2025-06-07T14:19:00+00:00,2036.2,81.92,351.1,14.07,386.4,20.0,636.1,0.0545,0.21,218.1,83.1,2.9
2025-06-07T14:20:00+00:00,1893.8,82.22,347.4,13.71,389.9,18.7,586.2,0.0532,0.21,218.1,83.1,0.8
2025-06-07T14:21:00+00:00,2079.5,82.22,336.8,13.98,387.7,19.3,622.5,0.0525,0.17,218.1,83.1,2.1
2025-06-07T14:22:00+00:00,1876.2,80.56,331.1,13.76,367.2,19.6,611.4,0.0547,0.16,218.1,83.1,3.8
2025-06-07T14:23:00+00:00,1930.1,81.90,340.4,13.78,394.3,18.5,603.4,0.0547,0.26,218.1,83.1,4.1
2025-06-07T14:24:00+00:00,2069.1,79.68,351.4,14.02,362.1,19.0,630.6,0.0537,0.16,218.1,83.1,1.8
2025-06-07T14:25:00+00:00,1990.3,86.32,354.9,13.79,393.2,18.3,549.5,0.0523,0.21,218.1,83.1,2.4
2025-06-07T14:26:00+00:00,2126.4,82.16,345.8,13.79,376.8,23.0,546.8,0.0525,0.17,218.1,83.1,3.4
2025-06-07T14:27:00+00:00,2012.3,81.65,343.4,13.71,374.0,20.6,579.2,0.0528,0.25,218.1,83.1,3.6
2025-06-07T14:28:00+00:00,1915.2,83.01,353.9,13.95,368.7,21.4,613.3,0.0515,0.16,218.1,83.1,3.0
2025-06-07T14:29:00+00:00,1804.4,78.56,351.3,13.90,387.3,19.9,568.6,0.0514,0.21,218.1,83.1,4.8
2025-06-07T14:30:00+00:00,1960.9,79.92,356.4,13.90,391.4,19.5,631.9,0.0516,0.14,218.1,83.1,4.9
2025-06-07T14:31:00+00:00,2041.0,79.10,364.8,13.79,398.9,19.9,632.6,0.0531,0.27,218.1,83.1,3.0
2025-06-07T14:32:00+00:00,1854.1,81.72,358.0,13.71,364.3,19.3,594.4,0.0547,0.10,218.1,83.1,2.6
2025-06-07T14:33:00+00:00,2039.2,84.70,354.1,13.87,380.0,19.9,617.4,0.0561,0.21,218.1,83.1,2.2
2025-06-07T14:34:00+00:00,1952.6,80.79,359.9,14.19,383.4,20.1,592.4,0.0553,0.20,218.1,83.1,1.9
2025-06-07T14:35:00+00:00,1980.1,83.84,349.4,13.73,372.7,22.3,605.6,0.0569,0.19,218.1,83.1,2.5
2025-06-07T14:36:00+00:00,2112.4,83.87,350.4,13.83,394.4,22.6,570.7,0.0577,0.22,218.1,83.1,3.5
2025-06-07T14:37:00+00:00,2222.2,82.78,355.5,13.68,385.5,19.3,627.1,0.0538,0.23,218.1,83.1,3.2
2025-06-07T14:38:00+00:00,2050.4,82.47,355.4,13.73,383.2,18.6,656.8,0.0521,0.16,218.1,83.1,4.0
2025-06-07T14:39:00+00:00,1912.8,81.07,350.6,13.96,360.3,18.8,665.7,0.0520,0.22,218.1,83.1,4.5
2025-06-07T14:40:00+00:00,2043.6,80.79,339.5,13.75,373.3,20.0,630.2,0.0551,0.29,218.1,83.1,3.0
2025-06-07T14:41:00+00:00,2216.3,80.34,348.6,13.76,377.2,18.1,573.3,0.0539,0.13,218.1,83.1,2.6
2025-06-07T14:42:00+00:00,1972.6,82.36,355.0,13.86,382.1,19.1,558.6,0.0593,0.20,218.1,83.1,4.1
2025-06-07T14:43:00+00:00,1958.1,83.98,345.6,13.77,394.6,17.4,595.3,0.0520,0.19,218.1,83.1,0.0
2025-06-07T14:44:00+00:00,2036.7,82.32,335.5,13.70,399.2,21.0,609.4,0.0524,0.20,218.1,83.1,3.4
2025-06-07T14:45:00+00:00,2173.0,81.61,346.1,13.97,380.4,22.4,649.0,0.0541,0.20,218.1,83.1,2.9
2025-06-07T14:46:00+00:00,1915.7,80.82,342.1,13.96,395.2,20.4,628.5,0.0514,0.17,218.1,83.1,1.8
2025-06-07T14:47:00+00:00,2057.1,82.09,350.6,13.61,348.8,20.8,600.9,0.0523,0.19,218.1,83.1,3.6
2025-06-07T14:48:00+00:00,2030.2,81.20,362.3,13.98,387.5,21.2,576.3,0.0525,0.21,218.1,83.1,1.7
2025-06-07T14:49:00+00:00,1888.3,82.25,343.4,13.97,389.1,20.9,640.7,0.0522,0.25,218.1,83.1,1.6
2025-06-07T14:50:00+00:00,2494.6,82.82,348.0,13.71,387.8,18.6,587.9,0.0559,0.30,218.1,83.1,4.4
2025-06-07T14:51:00+00:00,2064.2,82.66,345.4,14.20,375.1,20.7,593.7,0.0521,0.16,218.1,83.1,3.1
2025-06-07T14:52:00+00:00,2150.5,84.03,347.7,13.71,399.3,21.5,604.0,0.0542,0.31,218.1,83.1,1.9
2025-06-07T14:53:00+00:00,2024.2,84.51,360.7,13.70,367.2,20.0,652.2,0.0524,0.21,218.1,83.1,2.7
2025-06-07T14:54:00+00:00,1957.1,82.93,355.1,13.88,365.2,19.3,577.4,0.0597,0.19,218.1,83.1,4.4
2025-06-07T14:55:00+00:00,2491.8,83.74,354.6,13.86,414.7,16.2,619.1,0.0605,0.21,218.1,83.1,2.4
2025-06-07T14:56:00+00:00,2460.8,81.38,352.5,14.09,424.0,19.1,593.8,0.0550,0.23,218.1,83.1,2.1
2025-06-07T14:57:00+00:00,2416.3,83.23,338.2,13.84,397.5,20.5,584.3,0.0545,0.19,218.1,83.1,1.8
2025-06-07T14:58:00+00:00,2471.3,84.41,350.5,13.77,397.5,21.9,626.4,0.0554,0.27,218.1,83.1,4.9
2025-06-07T14:59:00+00:00,1966.7,81.66,351.9,13.74,382.9,22.7,645.0,0.0527,0.23,218.1,83.1,2.0
2025-06-07T15:00:00+00:00,2052.1,81.34,355.0,13.80,395.7,20.9,630.1,0.0560,0.24,218.1,83.1,4.4
2025-06-07T15:01:00+00:00,2385.6,83.18,339.8,13.71,410.4,20.8,590.7,0.0587,0.19,218.1,83.1,2.5
2025-06-07T15:02:00+00:00,1938.1,85.46,360.9,13.96,399.1,19.2,651.0,0.0524,0.25,218.1,83.1,2.9
2025-06-07T15:03:00+00:00,1969.8,82.25,349.2,13.68,385.0,20.7,605.0,0.0529,0.15,218.1,83.1,3.4
2025-06-07T15:04:00+00:00,2568.5,83.20,341.4,13.63,387.1,18.7,596.1,0.0571,0.26,218.1,83.1,2.8
2025-06-07T15:05:00+00:00,1906.6,82.02,350.3,13.91,387.5,19.9,571.0,0.0531,0.13,218.1,83.1,3.3
2025-06-07T15:06:00+00:00,2186.6,82.49,346.8,13.91,380.2,19.0,613.7,0.0593,0.25,218.1,83.1,4.0
2025-06-07T15:07:00+00:00,2121.8,82.53,348.3,13.75,385.5,18.1,636.9,0.0535,0.19,218.1,83.1,3.7
2025-06-07T15:08:00+00:00,2149.9,84.34,352.0,13.68,380.7,20.5,676.2,0.0631,0.18,218.1,83.1,3.4
2025-06-07T15:09:00+00:00,2031.7,83.70,346.7,13.95,396.7,22.9,615.0,0.0559,0.23,218.1,83.1,2.7
2025-06-07T15:10:00+00:00,2467.4,83.16,357.8,13.79,403.8,22.6,693.5,0.0554,0.26,218.1,83.1,2.3
2025-06-07T15:11:00+00:00,1998.6,82.59,337.0,13.82,389.7,19.6,611.5,0.0521,0.19,218.1,83.1,4.4
2025-06-07T15:12:00+00:00,2499.3,85.58,334.4,13.73,401.9,19.2,631.4,0.0552,0.22,218.1,83.1,3.7
2025-06-07T15:13:00+00:00,2440.5,82.82,345.3,13.92,411.2,19.2,550.5,0.0551,0.25,218.1,83.1,2.0
2025-06-07T15:14:00+00:00,2327.7,81.82,338.8,13.63,390.9,20.2,626.1,0.0539,0.19,218.1,83.1,4.5
2025-06-07T15:15:00+00:00,1933.9,83.90,351.4,13.98,364.9,19.3,572.5,0.0519,0.21,218.1,83.1,3.2
2025-06-07T15:16:00+00:00,2013.1,82.81,338.7,14.03,398.1,19.8,608.4,0.0581,0.24,218.1,83.1,2.4
2025-06-07T15:17:00+00:00,2124.8,83.83,351.4,13.73,370.7,20.1,583.2,0.0525,0.17,218.1,83.1,3.1
2025-06-07T15:18:00+00:00,1836.4,81.33,353.9,13.90,384.7,18.0,638.6,0.0535,0.18,218.1,83.1,2.8
2025-06-07T15:19:00+00:00,1863.0,80.98,329.8,13.97,362.5,18.4,596.1,0.0519,0.26,218.1,83.1,1.2
2025-06-07T15:20:00+00:00,2080.2,82.20,354.4,13.78,398.1,17.4,589.9,0.0524,0.19,218.1,83.1,3.8
2025-06-07T15:21:00+00:00,1985.0,83.93,347.5,13.78,379.6,19.1,621.0,0.0519,0.13,218.1,83.1,2.8
2025-06-07T15:22:00+00:00,2117.8,82.33,349.8,13.99,380.7,17.6,611.6,0.0542,0.21,218.1,83.1,3.3
2025-06-07T15:23:00+00:00,2107.9,82.98,337.1,13.79,417.1,19.1,591.7,0.0575,0.10,218.1,83.1,3.3
2025-06-07T15:24:00+00:00,1938.8,80.37,347.5,13.95,381.4,20.8,604.9,0.0524,0.19,218.1,83.1,5.4
2025-06-07T15:25:00+00:00,1755.3,80.19,346.4,13.86,349.8,18.3,586.6,0.0589,0.17,218.1,83.1,1.7
2025-06-07T15:26:00+00:00,2033.5,82.87,355.9,13.67,409.0,19.3,583.9,0.0524,0.21,218.1,83.1,2.9
2025-06-07T15:27:00+00:00,2114.3,82.16,354.0,13.63,373.9,19.3,608.4,0.0607,0.19,218.1,83.1,4.0
2025-06-07T15:28:00+00:00,1925.3,83.72,351.7,13.90,384.6,18.9,590.0,0.0542,0.18,218.1,83.1,3.1
2025-06-07T15:29:00+00:00,2136.9,81.33,353.5,14.04,375.2,19.8,629.6,0.0527,0.18,218.1,83.1,3.2
2025-06-07T15:30:00+00:00,1846.2,79.73,347.3,13.77,371.2,17.9,618.0,0.0598,0.18,218.1,83.1,3.6
2025-06-07T15:31:00+00:00,1970.9,80.78,356.9,13.85,377.8,17.9,569.3,0.0534,0.18,218.1,83.1,4.0
2025-06-07T15:32:00+00:00,1937.2,80.20,349.2,13.71,393.8,21.1,647.1,0.0556,0.23,218.1,83.1,3.3
2025-06-07T15:33:00+00:00,2003.3,82.80,338.6,13.53,391.1,19.8,590.5,0.0598,0.25,218.1,83.1,2.8
2025-06-07T15:34:00+00:00,1851.5,81.19,354.4,13.75,400.9,19.3,564.4,0.0515,0.20,218.1,83.1,4.2
2025-06-07T15:35:00+00:00,1908.0,82.22,335.7,13.68,386.5,20.6,602.5,0.0528,0.19,218.1,83.1,3.9
2025-06-07T15:36:00+00:00,1977.0,81.45,348.0,13.72,379.7,19.0,603.1,0.0560,0.28,218.1,83.1,2.7
2025-06-07T15:37:00+00:00,2098.9,81.95,360.5,13.72,384.9,21.2,585.6,0.0519,0.12,218.1,83.1,2.0
2025-06-07T15:38:00+00:00,1939.7,80.91,363.7,13.88,386.8,19.0,607.2,0.0518,0.19,218.1,83.1,2.1
2025-06-07T15:39:00+00:00,2038.0,81.35,348.7,13.56,373.4,20.7,601.1,0.0541,0.11,218.1,83.1,2.3
2025-06-07T15:40:00+00:00,2025.8,83.18,357.7,13.90,357.6,19.0,517.7,0.0522,0.18,218.1,83.1,3.6
2025-06-07T15:41:00+00:00,1933.0,86.10,353.2,14.00,389.6,17.0,677.2,0.0518,0.19,218.1,83.1,2.7
2025-06-07T15:42:00+00:00,2000.5,80.68,346.0,13.82,400.2,20.3,565.8,0.0586,0.26,218.1,83.1,5.2
2025-06-07T15:43:00+00:00,1902.0,80.22,360.4,13.89,368.8,20.7,606.7,0.0516,0.18,218.1,83.1,4.1
2025-06-07T15:44:00+00:00,2139.4,82.21,352.9,13.91,398.4,19.3,574.4,0.0532,0.22,218.1,83.1,2.6
2025-06-07T15:45:00+00:00,2016.0,81.41,350.7,13.77,378.2,16.3,564.5,0.0581,0.21,218.1,83.1,3.8
2025-06-07T15:46:00+00:00,1960.0,83.39,341.5,13.96,387.8,19.8,619.9,0.0525,0.24,218.1,83.1,2.4
2025-06-07T15:47:00+00:00,1963.7,80.75,361.9,13.90,385.4,21.2,602.0,0.0599,0.21,218.1,83.1,1.6
2025-06-07T15:48:00+00:00,2061.9,82.68,346.9,13.87,375.6,21.5,648.5,0.0571,0.24,218.1,83.1,3.5
2025-06-07T15:49:00+00:00,1890.6,81.50,342.1,13.62,388.9,18.2,615.0,0.0514,0.18,218.1,83.1,3.1
2025-06-07T15:50:00+00:00,2011.7,82.25,344.8,13.75,376.8,17.0,609.2,0.0580,0.20,218.1,83.1,3.0
2025-06-07T15:51:00+00:00,1879.7,83.80,351.0,13.93,353.7,20.0,546.8,0.0572,0.25,218.1,83.1,4.1
2025-06-07T15:52:00+00:00,1942.4,81.63,350.1,13.75,372.2,19.0,583.3,0.0548,0.21,218.1,83.1,3.2
2025-06-07T15:53:00+00:00,946.1,79.05,366.4,13.53,372.4,20.2,539.7,0.0469,0.24,218.1,83.1,2.0
2025-06-07T15:54:00+00:00,948.9,78.93,351.3,13.79,346.7,21.3,508.9,0.0538,0.24,218.1,83.1,3.6
2025-06-07T15:55:00+00:00,1035.4,78.74,366.2,13.75,349.6,20.8,556.2,0.0486,0.11,218.1,83.1,2.2
2025-06-07T15:56:00+00:00,994.0,80.54,349.7,14.00,370.2,20.6,539.3,0.0470,0.19,218.1,83.1,3.7
2025-06-07T15:57:00+00:00,998.4,76.49,351.3,13.79,358.9,17.3,624.9,0.0519,0.24,218.1,83.1,3.7
2025-06-07T15:58:00+00:00,1014.2,77.00,357.6,13.55,364.4,17.5,569.4,0.0472,0.22,218.1,83.1,3.3
2025-06-07T15:59:00+00:00,930.3,80.01,345.5,13.70,321.4,24.4,610.2,0.0479,0.20,218.1,83.1,2.5
2025-06-07T16:00:00+00:00,1033.7,79.63,355.8,13.68,346.1,20.2,545.8,0.0554,0.27,218.1,83.1,3.7
2025-06-07T16:01:00+00:00,1081.3,79.96,352.6,13.76,370.0,17.8,579.2,0.0539,0.24,218.1,83.1,4.2
2025-06-08T06:00:00+00:00,976.9,79.50,349.7,13.93,337.9,20.5,558.5,0.0537,0.89,35.2,305.2,10.1
2025-06-08T06:01:00+00:00,960.3,80.31,360.6,13.48,341.8,19.6,547.1,0.0537,0.77,35.2,305.2,9.4
2025-06-08T06:02:00+00:00,970.0,78.84,353.1,14.05,353.4,21.2,536.6,0.0539,0.92,35.2,305.2,11.2
2025-06-08T06:03:00+00:00,805.7,78.80,346.0,13.56,324.5,21.6,526.6,0.0529,0.90,35.2,305.2,10.7
2025-06-08T06:04:00+00:00,1021.0,77.82,355.1,13.96,344.6,21.1,560.2,0.0532,0.83,35.2,305.2,8.4
2025-06-08T06:05:00+00:00,903.1,77.43,344.8,13.96,358.4,19.4,580.2,0.0525,0.81,35.2,305.2,9.4
2025-06-08T06:06:00+00:00,1085.1,77.76,356.4,14.01,339.3,19.3,563.8,0.0533,0.79,35.2,305.2,8.2
2025-06-08T06:07:00+00:00,956.3,79.01,348.5,13.96,337.1,18.1,562.4,0.0532,0.86,35.2,305.2,10.1
2025-06-08T06:08:00+00:00,1021.8,76.81,356.2,13.89,361.0,18.9,591.3,0.0533,0.84,35.2,305.2,9.3
2025-06-08T06:09:00+00:00,923.8,78.28,345.9,13.71,338.6,19.1,585.9,0.0526,0.82,35.2,305.2,9.8
2025-06-08T06:10:00+00:00,1018.1,77.97,357.2,13.87,341.8,19.7,590.4,0.0557,0.95,35.2,305.2,11.6
2025-06-08T06:11:00+00:00,946.6,78.75,367.9,13.74,358.4,18.1,538.9,0.0578,0.90,35.2,305.2,10.9
2025-06-08T06:12:00+00:00,805.0,77.87,359.3,13.90,341.0,19.2,542.9,0.0527,0.88,35.2,305.2,10.1
2025-06-08T06:13:00+00:00,987.6,78.94,368.5,13.84,354.2,19.0,548.1,0.0577,0.82,35.2,305.2,9.4
2025-06-08T06:14:00+00:00,2146.9,83.72,347.5,13.77,375.9,19.9,628.0,0.0624,0.87,35.2,305.2,10.0
2025-06-08T06:15:00+00:00,2197.1,81.59,339.4,13.87,405.7,20.2,595.7,0.0674,0.72,35.2,305.2,11.7
2025-06-08T06:16:00+00:00,1996.8,81.76,350.8,13.99,383.6,21.0,595.6,0.0735,0.91,35.2,305.2,9.1
2025-06-08T06:17:00+00:00,2121.3,80.94,328.1,13.67,370.4,19.2,595.0,0.0667,0.75,35.2,305.2,11.4
2025-06-08T06:18:00+00:00,1891.5,81.06,338.3,13.59,376.5,21.0,623.8,0.0577,0.80,35.2,305.2,9.6
2025-06-08T06:19:00+00:00,2220.3,84.94,342.0,13.50,359.6,20.1,620.8,0.0605,0.91,35.2,305.2,10.4
2025-06-08T06:20:00+00:00,1936.6,80.89,342.6,13.94,396.2,20.0,584.5,0.0591,0.92,35.2,305.2,10.1
2025-06-08T06:21:00+00:00,1972.8,82.98,346.1,14.17,369.7,23.4,571.3,0.0623,0.83,35.2,305.2,7.1
2025-06-08T06:22:00+00:00,1968.6,81.56,361.7,13.73,400.3,21.5,651.6,0.0587,0.87,35.2,305.2,10.6
2025-06-08T06:23:00+00:00,2007.2,80.79,353.7,13.98,358.3,19.6,621.7,0.0589,0.87,35.2,305.2,10.0
2025-06-08T06:24:00+00:00,2149.8,81.00,351.1,13.87,389.4,20.7,599.8,0.0594,0.83,35.2,305.2,9.4
2025-06-08T06:25:00+00:00,2088.0,84.09,347.2,13.79,391.8,18.1,554.3,0.0589,0.83,35.2,305.2,10.0
2025-06-08T06:26:00+00:00,1952.0,80.15,340.8,13.70,359.8,24.5,584.8,0.0579,0.81,35.2,305.2,10.1
2025-06-08T06:27:00+00:00,2021.0,81.43,343.1,14.00,383.9,18.6,669.3,0.0606,0.80,35.2,305.2,9.8
2025-06-08T06:28:00+00:00,2026.1,82.39,351.1,13.87,371.1,20.1,586.3,0.0588,0.84,35.2,305.2,11.1
2025-06-08T06:29:00+00:00,1960.5,79.92,331.8,13.89,377.8,22.2,632.2,0.0594,0.94,35.2,305.2,10.8
2025-06-08T06:30:00+00:00,1942.5,80.38,346.4,13.76,391.8,20.1,630.8,0.0619,0.83,35.2,305.2,10.2
2025-06-08T06:31:00+00:00,1857.2,81.19,346.6,14.13,388.5,21.7,543.1,0.0579,0.80,35.2,305.2,9.3
2025-06-08T06:32:00+00:00,2019.3,83.83,343.2,13.72,374.1,19.5,620.8,0.0582,0.79,35.2,305.2,9.5
2025-06-08T06:33:00+00:00,2164.3,81.62,348.9,13.72,409.6,21.6,641.6,0.0599,0.86,35.2,305.2,8.2
2025-06-08T06:34:00+00:00,2044.6,82.99,332.9,14.03,383.4,20.1,606.2,0.0594,0.86,35.2,305.2,11.1
2025-06-08T06:35:00+00:00,2090.2,81.38,338.5,13.85,398.1,22.0,532.3,0.0591,0.84,35.2,305.2,9.1
2025-06-08T06:36:00+00:00,1883.7,81.86,355.4,13.53,384.2,21.1,592.7,0.0617,0.84,35.2,305.2,8.7
2025-06-08T06:37:00+00:00,1756.3,82.54,343.7,13.66,382.6,18.4,632.9,0.0603,0.86,35.2,305.2,9.1
2025-06-08T06:38:00+00:00,1863.2,82.07,350.6,13.80,364.3,20.1,624.7,0.0581,0.87,35.2,305.2,9.2
2025-06-08T06:39:00+00:00,1849.7,82.96,341.8,13.56,378.0,21.8,589.1,0.0579,0.85,35.2,305.2,10.1
2025-06-08T06:40:00+00:00,2053.0,80.32,364.5,13.66,399.5,17.9,570.9,0.0620,0.85,35.2,305.2,9.8
2025-06-08T06:41:00+00:00,2088.7,81.86,353.1,13.84,388.9,19.4,587.7,0.0597,0.88,35.2,305.2,10.2
2025-06-08T06:42:00+00:00,1989.1,82.74,358.2,13.96,388.6,18.7,636.5,0.0639,0.76,35.2,305.2,8.8
2025-06-08T06:43:00+00:00,2022.5,81.39,344.0,13.77,370.8,20.6,599.5,0.0653,0.76,35.2,305.2,11.0
2025-06-08T06:44:00+00:00,1916.1,82.25,338.6,13.88,394.5,21.3,618.2,0.0589,0.83,35.2,305.2,9.9
2025-06-08T06:45:00+00:00,2094.2,81.05,359.7,13.81,383.4,21.3,669.7,0.0659,0.86,35.2,305.2,10.0
2025-06-08T06:46:00+00:00,2101.7,85.16,349.7,13.87,415.1,19.8,595.9,0.0589,0.81,35.2,305.2,10.2
2025-06-08T06:47:00+00:00,2031.7,81.08,346.9,13.83,375.4,19.0,560.1,0.0595,0.91,35.2,305.2,7.8
2025-06-08T06:48:00+00:00,2076.6,82.10,336.6,13.87,354.7,18.0,619.4,0.0599,0.91,35.2,305.2,10.1
2025-06-08T06:49:00+00:00,2149.6,81.45,344.8,13.76,399.8,17.0,580.7,0.0612,0.92,35.2,305.2,10.6
2025-06-08T06:50:00+00:00,2017.5,82.56,337.9,13.71,381.2,21.2,613.2,0.0610,0.82,35.2,305.2,10.2
2025-06-08T06:51:00+00:00,2264.4,82.81,358.8,13.79,401.1,20.4,622.9,0.0685,0.88,35.2,305.2,8.5
2025-06-08T06:52:00+00:00,1903.4,82.38,355.3,13.96,399.9,19.1,639.0,0.0581,0.84,35.2,305.2,9.4
2025-06-08T06:53:00+00:00,2083.7,81.51,321.7,13.83,391.4,20.5,614.7,0.0602,0.95,35.2,305.2,10.4
2025-06-08T06:54:00+00:00,2074.5,83.64,351.3,13.71,395.0,21.4,633.3,0.0592,0.86,35.2,305.2,9.9
2025-06-08T06:55:00+00:00,1969.6,79.65,372.4,13.54,375.0,23.8,579.8,0.0577,0.77,35.2,305.2,10.3
2025-06-08T06:56:00+00:00,2160.6,81.38,356.5,13.67,395.4,19.7,624.7,0.0624,0.83,35.2,305.2,9.5
2025-06-08T06:57:00+00:00,2234.1,82.54,337.3,13.73,396.6,18.7,568.6,0.0599,0.83,35.2,305.2,8.3
2025-06-08T06:58:00+00:00,2070.4,82.97,362.9,13.89,389.7,18.6,635.3,0.0613,0.85,35.2,305.2,9.3
2025-06-08T06:59:00+00:00,2011.7,84.59,348.0,13.85,361.3,19.2,586.4,0.0626,0.81,35.2,305.2,9.0
2025-06-08T07:00:00+00:00,1945.6,81.72,346.1,13.77,377.4,17.8,580.4,0.0623,0.86,35.2,305.2,9.7
2025-06-08T07:01:00+00:00,1829.1,81.65,352.5,13.71,351.1,21.8,618.3,0.0620,0.82,35.2,305.2,9.7
2025-06-08T07:02:00+00:00,1885.7,81.66,350.7,13.98,384.2,20.4,576.6,0.0648,0.85,35.2,305.2,9.9
2025-06-08T07:03:00+00:00,2024.0,81.09,348.8,13.78,379.6,22.6,598.5,0.0592,0.88,35.2,305.2,10.6
2025-06-08T07:04:00+00:00,2102.2,82.47,357.2,13.60,371.4,22.7,634.5,0.0598,0.90,35.2,305.2,11.3
2025-06-08T07:05:00+00:00,1995.7,83.15,347.3,13.77,379.6,19.2,616.7,0.0582,0.80,35.2,305.2,9.3
2025-06-08T07:06:00+00:00,1845.8,81.11,341.6,13.39,380.7,17.3,536.3,0.0580,0.86,35.2,305.2,10.4
2025-06-08T07:07:00+00:00,1831.3,81.69,352.1,13.57,359.3,19.9,667.4,0.0635,0.88,35.2,305.2,10.4
2025-06-08T07:08:00+00:00,1798.3,80.87,356.8,14.02,376.2,19.1,678.9,0.0626,1.03,35.2,305.2,10.4
2025-06-08T07:09:00+00:00,1992.1,84.33,367.3,13.84,361.6,18.8,681.3,0.0588,0.86,35.2,305.2,11.0
2025-06-08T07:10:00+00:00,2100.6,85.10,342.0,13.75,395.0,22.9,689.3,0.0656,0.79,35.2,305.2,9.0
2025-06-08T07:11:00+00:00,2480.1,82.90,355.3,13.76,404.4,18.7,616.3,0.0628,0.82,35.2,305.2,9.8
2025-06-08T07:12:00+00:00,2003.3,84.10,356.1,13.80,379.7,17.2,647.6,0.0590,0.86,35.2,305.2,10.4
2025-06-08T07:13:00+00:00,2440.6,83.78,342.2,13.89,390.0,20.3,608.1,0.0621,0.84,35.2,305.2,11.3
2025-06-08T07:14:00+00:00,2051.4,81.70,348.8,13.69,392.9,19.3,615.2,0.0591,0.87,35.2,305.2,10.8
2025-06-08T07:15:00+00:00,1869.2,79.57,343.5,13.84,395.1,19.5,616.6,0.0572,0.77,35.2,305.2,9.0
2025-06-08T07:16:00+00:00,1908.2,84.03,352.5,13.86,362.9,21.3,572.7,0.0588,0.91,35.2,305.2,10.2
2025-06-08T07:17:00+00:00,1934.8,80.51,337.9,13.81,384.0,17.6,586.0,0.0589,0.87,35.2,305.2,10.1
2025-06-08T07:18:00+00:00,2381.5,84.40,348.6,13.96,374.6,18.5,620.6,0.0609,0.86,35.2,305.2,10.0
2025-06-08T07:19:00+00:00,2037.3,85.15,345.2,13.75,376.0,20.1,637.8,0.0600,0.83,35.2,305.2,9.2
2025-06-08T07:20:00+00:00,2429.4,81.51,360.4,13.67,402.2,19.8,627.5,0.0622,0.84,35.2,305.2,10.5
2025-06-08T07:21:00+00:00,2381.3,82.70,350.5,13.87,391.0,19.9,595.0,0.0683,0.81,35.2,305.2,9.9
2025-06-08T07:22:00+00:00,2350.6,83.37,335.2,13.93,382.2,21.6,575.8,0.0626,0.80,35.2,305.2,8.7
2025-06-08T07:23:00+00:00,1984.4,82.35,341.1,13.77,383.8,20.8,566.0,0.0579,0.78,35.2,305.2,11.0
2025-06-08T07:24:00+00:00,2010.3,83.68,349.5,13.95,397.2,17.4,616.4,0.0586,0.84,35.2,305.2,7.7
2025-06-08T07:25:00+00:00,2488.8,85.56,349.3,13.84,381.0,23.7,636.1,0.0615,0.86,35.2,305.2,9.8
2025-06-08T07:26:00+00:00,2406.6,83.51,351.8,14.06,400.9,16.1,642.6,0.0614,0.91,35.2,305.2,9.2
2025-06-08T07:27:00+00:00,2359.8,85.85,359.1,13.77,382.5,22.2,586.6,0.0632,0.80,35.2,305.2,8.9
2025-06-08T07:28:00+00:00,2590.5,83.55,350.4,13.71,391.6,20.2,641.3,0.0618,0.83,35.2,305.2,8.5
2025-06-08T07:29:00+00:00,2083.0,80.97,344.9,13.85,378.8,22.6,574.4,0.0588,0.80,35.2,305.2,9.5
2025-06-08T07:30:00+00:00,2482.6,86.07,361.5,13.99,397.8,18.8,623.3,0.0609,0.81,35.2,305.2,7.5
2025-06-08T07:31:00+00:00,2418.1,84.44,345.9,14.02,390.8,20.5,641.7,0.0612,0.87,35.2,305.2,9.4
2025-06-08T07:32:00+00:00,2485.9,84.29,353.8,13.77,400.2,19.2,650.4,0.0676,0.91,35.2,305.2,9.1
2025-06-08T07:33:00+00:00,2090.8,83.53,347.9,13.84,367.4,19.7,664.2,0.0593,0.86,35.2,305.2,9.0
2025-06-08T07:34:00+00:00,1987.1,81.26,339.7,14.07,384.5,19.6,607.5,0.0586,0.85,35.2,305.2,9.9
2025-06-08T07:35:00+00:00,1899.3,84.10,357.5,13.52,365.4,20.2,601.6,0.0586,0.89,35.2,305.2,8.8
2025-06-08T07:36:00+00:00,1964.9,80.67,356.7,13.66,383.9,23.3,598.4,0.0591,0.91,35.2,305.2,8.9
2025-06-08T07:37:00+00:00,1996.2,81.88,359.2,13.82,380.0,20.5,557.8,0.0585,0.83,35.2,305.2,9.5
2025-06-08T07:38:00+00:00,2122.6,81.74,343.6,13.75,376.3,23.2,648.4,0.0635,0.80,35.2,305.2,9.4
2025-06-08T07:39:00+00:00,1998.0,79.39,344.8,13.58,386.4,17.7,577.3,0.0653,0.88,35.2,305.2,9.0
2025-06-08T07:40:00+00:00,1882.3,84.15,356.3,13.74,375.6,21.5,586.8,0.0607,0.83,35.2,305.2,10.6
2025-06-08T07:41:00+00:00,1865.5,84.02,352.2,13.83,392.0,21.1,628.7,0.0630,0.80,35.2,305.2,10.4
2025-06-08T07:42:00+00:00,2025.0,80.29,353.1,13.63,401.9,21.9,632.6,0.0586,0.83,35.2,305.2,8.8
2025-06-08T07:43:00+00:00,2026.7,82.03,342.0,14.04,397.7,21.2,593.1,0.0639,0.75,35.2,305.2,10.2
2025-06-08T07:44:00+00:00,2106.2,83.83,350.4,13.83,363.1,20.7,610.0,0.0588,0.81,35.2,305.2,11.5
2025-06-08T07:45:00+00:00,2184.8,81.94,350.1,13.83,396.9,19.9,707.1,0.0604,0.91,35.2,305.2,10.7
2025-06-08T07:46:00+00:00,2021.9,82.62,353.2,13.42,422.7,17.1,535.4,0.0582,0.78,35.2,305.2,11.4
2025-06-08T07:47:00+00:00,2013.4,81.59,356.5,13.71,379.4,17.7,578.0,0.0590,0.87,35.2,305.2,8.2
2025-06-08T07:48:00+00:00,1952.8,79.81,343.9,13.93,364.1,18.5,598.1,0.0584,0.84,35.2,305.2,8.7
2025-06-08T07:49:00+00:00,2146.6,81.39,346.8,13.51,385.7,18.6,617.3,0.0634,0.83,35.2,305.2,10.3
2025-06-08T07:50:00+00:00,2065.8,83.41,341.8,13.74,377.4,19.2,611.4,0.0650,0.81,35.2,305.2,9.8
2025-06-08T07:51:00+00:00,2051.7,81.05,360.0,13.54,403.8,19.4,562.3,0.0615,0.90,35.2,305.2,11.0
2025-06-08T07:52:00+00:00,2122.5,83.86,352.2,13.68,363.6,20.5,605.0,0.0732,0.84,35.2,305.2,9.8
2025-06-08T07:53:00+00:00,2054.3,84.27,350.5,13.63,387.6,17.7,598.4,0.0594,0.89,35.2,305.2,10.1
2025-06-08T07:54:00+00:00,1808.1,78.49,359.4,13.74,373.5,19.5,557.0,0.0604,0.86,35.2,305.2,10.5
2025-06-08T07:55:00+00:00,1807.7,81.68,355.8,13.63,378.8,20.3,593.6,0.0595,0.89,35.2,305.2,9.5
2025-06-08T07:56:00+00:00,1943.9,79.87,340.8,13.82,381.4,21.1,589.9,0.0615,0.96,35.2,305.2,8.4
2025-06-08T07:57:00+00:00,2000.2,77.96,354.9,13.83,388.6,20.2,625.1,0.0622,0.87,35.2,305.2,8.5
2025-06-08T07:58:00+00:00,2113.6,82.94,344.1,13.83,394.2,19.1,605.1,0.0632,0.79,35.2,305.2,8.8
2025-06-08T07:59:00+00:00,1984.3,82.02,357.4,13.99,368.4,21.3,658.7,0.0592,0.84,35.2,305.2,11.0
2025-06-08T08:00:00+00:00,2159.3,82.61,349.2,13.71,409.8,20.2,581.0,0.0603,0.92,35.2,305.2,9.9
2025-06-08T08:01:00+00:00,2132.0,82.73,344.1,13.65,376.1,20.5,621.6,0.0666,0.81,35.2,305.2,9.6
2025-06-08T08:02:00+00:00,2021.9,82.14,347.0,13.95,371.4,21.7,629.5,0.0583,0.82,35.2,305.2,8.7
2025-06-08T08:03:00+00:00,1843.8,81.53,352.7,13.66,372.3,19.9,642.2,0.0598,0.85,35.2,305.2,9.5
2025-06-08T08:04:00+00:00,2032.2,84.39,337.2,13.96,388.5,19.4,618.3,0.0590,0.85,35.2,305.2,10.8
2025-06-08T08:05:00+00:00,2098.1,80.92,349.9,13.73,394.7,20.9,639.6,0.0599,0.85,35.2,305.2,9.6
2025-06-08T08:06:00+00:00,1997.7,81.54,334.2,13.92,388.9,20.3,626.1,0.0604,0.80,35.2,305.2,9.6
2025-06-08T08:07:00+00:00,1955.9,81.69,338.7,14.13,370.6,20.5,633.1,0.0583,0.81,35.2,305.2,9.6
2025-06-08T08:08:00+00:00,1973.9,83.03,355.2,13.90,370.1,19.3,581.7,0.0585,0.85,35.2,305.2,9.6
2025-06-08T08:09:00+00:00,2012.6,84.51,339.4,13.55,379.4,17.5,610.3,0.0585,0.76,35.2,305.2,8.7
2025-06-08T08:10:00+00:00,2125.5,82.14,353.8,13.83,376.6,20.5,576.9,0.0614,0.87,35.2,305.2,9.8
2025-06-08T08:11:00+00:00,2129.4,83.23,349.3,13.46,392.8,18.9,578.7,0.0587,0.79,35.2,305.2,10.7
2025-06-08T08:12:00+00:00,2070.8,84.99,353.7,13.97,370.2,19.3,658.3,0.0627,0.73,35.2,305.2,10.3
2025-06-08T08:13:00+00:00,1983.0,81.22,344.7,13.56,388.0,18.2,593.4,0.0584,0.82,35.2,305.2,9.7
2025-06-08T08:14:00+00:00,1990.8,83.00,347.7,13.90,375.2,19.2,561.1,0.0592,0.90,35.2,305.2,10.5
2025-06-08T08:15:00+00:00,1960.3,83.14,342.1,13.92,377.3,20.7,613.6,0.0628,0.89,35.2,305.2,10.4
2025-06-08T08:16:00+00:00,1886.0,80.71,359.5,13.81,387.9,19.8,586.4,0.0584,0.88,35.2,305.2,8.9
2025-06-08T08:17:00+00:00,2217.6,83.03,350.2,13.95,390.7,17.5,562.0,0.0593,0.81,35.2,305.2,11.3
2025-06-08T08:18:00+00:00,2124.4,84.63,336.2,13.74,383.4,21.2,582.8,0.0596,0.87,35.2,305.2,9.5
2025-06-08T08:19:00+00:00,1978.4,82.64,328.3,13.63,388.4,23.5,625.0,0.0590,0.88,35.2,305.2,8.8
2025-06-08T08:20:00+00:00,1967.6,82.41,353.3,13.74,379.8,21.5,586.6,0.0642,0.88,35.2,305.2,9.9
2025-06-08T08:21:00+00:00,1873.8,84.87,339.8,13.69,382.3,17.8,619.5,0.0637,0.92,35.2,305.2,9.0
2025-06-08T08:22:00+00:00,2028.1,85.55,339.8,13.69,363.4,18.5,627.5,0.0589,0.86,35.2,305.2,9.7
2025-06-08T08:23:00+00:00,2112.9,81.48,339.3,13.87,388.8,19.1,645.1,0.0589,0.82,35.2,305.2,10.3
2025-06-08T08:24:00+00:00,1979.7,83.44,349.9,13.91,366.5,20.4,633.5,0.0618,0.90,35.2,305.2,9.6
2025-06-08T08:25:00+00:00,2084.6,83.87,336.4,13.66,409.0,17.9,575.0,0.0622,0.85,35.2,305.2,9.5
2025-06-08T08:26:00+00:00,1861.9,82.71,343.4,14.06,358.7,21.9,570.5,0.0576,0.81,35.2,305.2,9.7
2025-06-08T08:27:00+00:00,2061.8,83.42,357.8,13.76,370.6,16.1,609.4,0.0586,0.80,35.2,305.2,8.2
2025-06-08T08:28:00+00:00,2133.0,83.52,341.8,13.76,383.2,21.2,592.1,0.0650,0.87,35.2,305.2,11.4
2025-06-08T08:29:00+00:00,2087.9,82.52,335.9,13.55,383.5,20.7,567.2,0.0615,0.86,35.2,305.2,10.2
2025-06-08T08:30:00+00:00,1877.4,83.21,352.2,13.63,364.6,20.2,547.1,0.0582,0.87,35.2,305.2,8.9
2025-06-08T08:31:00+00:00,1928.7,82.92,347.8,13.84,379.1,19.7,565.4,0.0574,0.74,35.2,305.2,10.2
2025-06-08T08:32:00+00:00,2052.1,82.40,331.7,14.02,368.5,23.8,577.2,0.0583,0.79,35.2,305.2,10.2
2025-06-08T08:33:00+00:00,2077.8,81.08,360.0,13.83,377.8,21.7,608.0,0.0590,0.83,35.2,305.2,10.3
2025-06-08T08:34:00+00:00,987.6,79.08,348.5,13.78,376.6,19.8,590.0,0.0532,0.85,35.2,305.2,9.2
2025-06-08T08:35:00+00:00,759.1,80.83,350.1,13.53,363.4,18.7,545.1,0.0524,0.89,35.2,305.2,9.4
2025-06-08T08:36:00+00:00,1060.6,79.57,360.0,13.84,354.2,18.2,550.5,0.0559,0.82,35.2,305.2,8.5
2025-06-08T08:37:00+00:00,955.8,76.40,363.7,13.87,358.4,20.9,557.8,0.0639,0.92,35.2,305.2,10.2
2025-06-08T08:38:00+00:00,998.5,76.96,343.9,13.77,385.5,19.2,485.8,0.0559,0.86,35.2,305.2,11.0
2025-06-08T08:39:00+00:00,1091.0,81.11,349.6,13.95,372.7,20.6,591.7,0.0551,0.83,35.2,305.2,8.5
2025-06-08T08:40:00+00:00,878.0,80.23,352.4,13.90,339.9,19.8,548.4,0.0524,0.81,35.2,305.2,10.1
2025-06-08T08:41:00+00:00,855.9,75.50,356.7,13.61,339.8,19.3,543.1,0.0570,0.90,35.2,305.2,7.1
2025-06-08T08:42:00+00:00,830.7,78.33,364.2,13.95,347.5,20.1,489.5,0.0529,0.90,35.2,305.2,8.8
2025-06-08T08:43:00+00:00,883.0,79.08,356.2,13.49,357.7,21.6,559.9,0.0530,0.87,35.2,305.2,9.8
2025-06-08T08:44:00+00:00,1109.8,80.85,362.7,13.58,333.9,19.6,594.4,0.0532,0.79,35.2,305.2,10.1
2025-06-08T08:45:00+00:00,966.8,81.92,349.9,13.99,359.3,18.2,571.8,0.0568,0.96,35.2,305.2,9.4
2025-06-08T08:46:00+00:00,1068.2,79.96,362.7,14.02,348.8,21.9,540.0,0.0553,0.89,35.2,305.2,10.2
2025-06-08T14:00:00+00:00,988.1,78.27,357.4,13.82,350.5,17.2,603.2,0.0562,0.91,35.2,305.2,8.7
2025-06-08T14:01:00+00:00,1007.1,78.42,355.0,13.68,359.5,21.4,540.8,0.0652,0.88,35.2,305.2,10.0
2025-06-08T14:02:00+00:00,1061.5,78.98,361.1,13.56,346.0,19.1,520.0,0.0536,0.86,35.2,305.2,9.4
2025-06-08T14:03:00+00:00,1017.4,77.38,354.0,13.95,364.1,19.5,543.3,0.0536,0.88,35.2,305.2,6.8
2025-06-08T14:04:00+00:00,926.9,79.72,351.1,13.83,361.6,20.5,500.1,0.0583,0.83,35.2,305.2,10.8
2025-06-08T14:05:00+00:00,1104.8,79.77,357.5,13.93,352.0,20.2,501.1,0.0595,0.78,35.2,305.2,9.1
2025-06-08T14:06:00+00:00,1105.3,78.20,355.2,13.81,362.7,20.1,557.0,0.0556,0.90,35.2,305.2,10.9
2025-06-08T14:07:00+00:00,1082.1,78.26,357.5,13.72,348.5,18.0,631.8,0.0586,0.78,35.2,305.2,10.3
2025-06-08T14:08:00+00:00,1101.0,80.95,361.3,13.72,352.4,17.6,586.7,0.0572,0.91,35.2,305.2,8.8
2025-06-08T14:09:00+00:00,1134.3,81.13,345.7,13.51,382.2,21.1,566.8,0.0638,0.86,35.2,305.2,10.5
2025-06-08T14:10:00+00:00,962.7,77.49,365.2,13.81,365.5,19.7,533.9,0.0536,0.88,35.2,305.2,9.4
2025-06-08T14:11:00+00:00,970.0,78.38,363.8,13.91,353.1,22.9,536.5,0.0641,0.91,35.2,305.2,9.7
2025-06-08T14:12:00+00:00,1200.9,79.02,374.7,13.86,350.9,15.4,526.2,0.0542,0.83,35.2,305.2,11.0
2025-06-08T14:13:00+00:00,981.6,79.07,361.5,13.66,323.6,19.1,514.3,0.0588,0.85,35.2,305.2,7.6
2025-06-08T14:14:00+00:00,1078.0,79.41,355.9,13.72,348.9,21.0,575.4,0.0586,0.79,35.2,305.2,10.3
2025-06-08T14:15:00+00:00,1995.6,82.94,371.3,13.85,385.9,17.7,614.9,0.0586,0.85,35.2,305.2,8.0
2025-06-08T14:16:00+00:00,2028.2,84.60,353.4,13.80,379.6,20.0,631.4,0.0597,0.93,35.2,305.2,8.0
2025-06-08T14:17:00+00:00,2104.8,78.50,359.9,13.91,382.3,18.7,648.5,0.0593,0.86,35.2,305.2,11.1
2025-06-08T14:18:00+00:00,2105.0,82.57,337.4,13.51,380.0,21.1,643.8,0.0598,0.90,35.2,305.2,8.3
2025-06-08T14:19:00+00:00,2027.3,81.40,348.1,13.67,364.0,20.7,653.8,0.0624,0.80,35.2,305.2,9.1
2025-06-08T14:20:00+00:00,2036.9,83.28,341.7,14.10,367.1,19.3,589.6,0.0604,0.83,35.2,305.2,9.4
2025-06-08T14:21:00+00:00,1908.4,83.38,340.1,13.80,385.8,20.5,578.9,0.0589,0.91,35.2,305.2,11.2
2025-06-08T14:22:00+00:00,2085.4,82.59,364.3,13.63,370.6,18.0,576.8,0.0643,0.75,35.2,305.2,9.6
2025-06-08T14:23:00+00:00,2032.5,81.74,343.5,13.70,374.2,19.2,611.5,0.0599,0.96,35.2,305.2,10.7
2025-06-08T14:24:00+00:00,2058.7,81.93,337.7,13.73,395.8,17.8,620.5,0.0583,0.77,35.2,305.2,8.6
2025-06-08T14:25:00+00:00,2037.0,82.33,343.5,13.76,370.9,20.2,614.7,0.0586,0.83,35.2,305.2,9.4
2025-06-08T14:26:00+00:00,2073.3,81.20,344.5,13.67,393.2,23.1,500.7,0.0598,0.91,35.2,305.2,9.6
2025-06-08T14:27:00+00:00,2021.8,80.41,355.1,13.84,390.6,19.4,602.1,0.0663,0.88,35.2,305.2,10.1
2025-06-08T14:28:00+00:00,2001.8,80.27,367.7,13.82,357.6,19.1,538.0,0.0635,0.81,35.2,305.2,9.2
2025-06-08T14:29:00+00:00,2148.0,84.74,337.8,13.81,407.2,20.1,582.0,0.0594,0.78,35.2,305.2,8.2
2025-06-08T14:30:00+00:00,2043.0,84.60,348.0,13.69,393.7,21.2,615.6,0.0628,0.92,35.2,305.2,11.0
2025-06-08T14:31:00+00:00,2064.2,80.61,359.5,13.69,358.4,19.9,587.9,0.0622,0.97,35.2,305.2,8.9
2025-06-08T14:32:00+00:00,2126.6,81.37,339.9,13.86,397.7,20.9,586.7,0.0655,0.89,35.2,305.2,9.5
2025-06-08T14:33:00+00:00,1934.5,83.43,352.9,13.66,389.4,21.1,587.0,0.0621,0.85,35.2,305.2,9.8
2025-06-08T14:34:00+00:00,1877.8,83.21,356.6,13.60,377.2,20.5,603.2,0.0603,0.79,35.2,305.2,9.6
2025-06-08T14:35:00+00:00,1917.9,82.37,341.6,13.62,383.9,20.1,611.7,0.0586,0.84,35.2,305.2,10.2
2025-06-08T14:36:00+00:00,2239.0,84.28,350.9,13.63,378.5,21.4,602.3,0.0618,0.87,35.2,305.2,12.2
2025-06-08T14:37:00+00:00,2299.0,82.51,342.9,13.96,370.6,20.2,572.1,0.0613,0.86,35.2,305.2,7.8
2025-06-08T14:38:00+00:00,2016.5,83.89,356.0,13.74,371.4,17.7,513.9,0.0584,0.81,35.2,305.2,10.6
2025-06-08T14:39:00+00:00,1840.4,83.26,357.8,13.96,376.9,18.4,588.6,0.0616,0.86,35.2,305.2,9.8
2025-06-08T14:40:00+00:00,1950.8,83.17,358.1,13.73,382.1,19.2,639.7,0.0637,0.86,35.2,305.2,10.4
2025-06-08T14:41:00+00:00,1910.9,81.71,344.9,13.48,357.1,18.9,616.4,0.0570,0.74,35.2,305.2,9.4
2025-06-08T14:42:00+00:00,2001.1,82.62,338.5,13.77,399.9,19.8,575.4,0.0625,0.88,35.2,305.2,10.9
2025-06-08T14:43:00+00:00,2011.7,81.90,345.6,13.76,366.7,18.6,594.0,0.0593,0.79,35.2,305.2,10.5
2025-06-08T14:44:00+00:00,2026.5,80.99,355.0,13.62,398.2,22.1,632.1,0.0584,0.79,35.2,305.2,9.2
2025-06-08T14:45:00+00:00,1827.9,81.02,344.9,13.66,368.0,16.9,570.5,0.0574,0.80,35.2,305.2,9.0
2025-06-08T14:46:00+00:00,2056.3,82.60,343.3,13.85,371.3,19.8,590.8,0.0596,0.90,35.2,305.2,10.8
2025-06-08T14:47:00+00:00,2152.8,83.67,346.5,13.90,413.8,19.6,637.4,0.0596,0.86,35.2,305.2,9.1
2025-06-08T14:48:00+00:00,2082.6,82.45,346.1,13.82,387.3,18.0,620.6,0.0608,0.89,35.2,305.2,10.4
2025-06-08T14:49:00+00:00,2047.5,85.32,355.6,13.75,348.7,21.4,569.9,0.0664,0.87,35.2,305.2,10.3
2025-06-08T14:50:00+00:00,1921.7,79.77,361.4,13.70,390.5,19.1,628.4,0.0581,0.82,35.2,305.2,9.9
2025-06-08T14:51:00+00:00,2056.9,84.64,338.1,13.62,359.7,19.1,613.1,0.0588,0.69,35.2,305.2,10.1
2025-06-08T14:52:00+00:00,1968.5,80.82,351.9,13.61,404.0,21.7,609.3,0.0582,0.80,35.2,305.2,11.1
2025-06-08T14:53:00+00:00,1894.9,81.97,359.1,14.01,396.8,21.5,593.9,0.0580,0.83,35.2,305.2,9.4
2025-06-08T14:54:00+00:00,2102.1,80.23,367.9,13.66,392.5,19.0,596.8,0.0588,0.81,35.2,305.2,9.9
2025-06-08T14:55:00+00:00,1904.3,84.23,347.2,13.78,376.0,17.2,597.0,0.0584,0.86,35.2,305.2,9.5
2025-06-08T14:56:00+00:00,2124.3,82.82,364.9,14.01,383.1,20.0,654.9,0.0626,0.79,35.2,305.2,9.1
2025-06-08T14:57:00+00:00,1863.2,81.26,347.0,13.68,379.9,20.0,606.2,0.0581,0.86,35.2,305.2,8.4
2025-06-08T14:58:00+00:00,2077.7,83.97,351.2,13.59,386.2,18.8,602.4,0.0598,0.91,35.2,305.2,9.3
2025-06-08T14:59:00+00:00,2115.5,80.30,350.8,13.97,385.3,18.8,626.4,0.0727,0.85,35.2,305.2,11.0
2025-06-08T15:00:00+00:00,2157.0,81.67,334.8,13.51,395.4,19.1,612.4,0.0597,0.88,35.2,305.2,10.1
2025-06-08T15:01:00+00:00,1913.6,80.91,357.2,13.63,367.4,19.6,564.8,0.0616,0.80,35.2,305.2,9.4
2025-06-08T15:02:00+00:00,1990.9,83.32,360.4,13.80,373.6,19.9,593.2,0.0580,0.77,35.2,305.2,9.5
2025-06-08T15:03:00+00:00,2131.5,80.87,351.4,13.79,371.6,22.3,587.6,0.0592,0.84,35.2,305.2,8.3
2025-06-08T15:04:00+00:00,1867.2,82.57,355.2,13.70,369.3,21.1,718.1,0.0597,0.87,35.2,305.2,7.1
2025-06-08T15:05:00+00:00,2249.2,84.45,344.9,13.73,373.8,21.5,657.5,0.0602,0.87,35.2,305.2,8.5
2025-06-08T15:06:00+00:00,1974.8,82.25,367.6,13.62,392.9,22.1,606.7,0.0590,0.91,35.2,305.2,10.2
2025-06-08T15:07:00+00:00,2038.1,80.97,352.1,13.74,407.5,18.5,628.1,0.0610,0.85,35.2,305.2,9.6
2025-06-08T15:08:00+00:00,2133.9,82.40,357.7,13.74,375.2,19.2,597.6,0.0701,0.95,35.2,305.2,10.2
2025-06-08T15:09:00+00:00,2072.9,82.00,331.7,13.82,401.3,17.8,604.9,0.0595,0.88,35.2,305.2,9.4
2025-06-08T15:10:00+00:00,1930.1,81.28,348.3,13.87,347.6,19.0,583.0,0.0598,0.82,35.2,305.2,10.0
2025-06-08T15:11:00+00:00,2089.2,81.97,343.9,13.85,386.4,19.2,609.6,0.0609,0.86,35.2,305.2,9.4
2025-06-08T15:12:00+00:00,1932.6,78.01,350.8,13.85,380.2,20.3,598.8,0.0582,0.83,35.2,305.2,9.9
2025-06-08T15:13:00+00:00,2108.3,81.63,338.3,13.73,381.2,22.4,551.9,0.0617,0.75,35.2,305.2,11.3
2025-06-08T15:14:00+00:00,1933.5,81.04,339.3,13.90,375.3,22.1,606.9,0.0580,0.80,35.2,305.2,9.5
2025-06-08T15:15:00+00:00,2448.5,81.08,360.1,13.77,413.7,18.2,626.3,0.0616,0.88,35.2,305.2,8.9
2025-06-08T15:16:00+00:00,1942.4,80.00,349.2,13.68,379.0,21.6,621.8,0.0582,0.83,35.2,305.2,9.3
2025-06-08T15:17:00+00:00,2011.1,83.58,332.3,13.68,387.0,19.1,628.8,0.0594,0.82,35.2,305.2,9.6
2025-06-08T15:18:00+00:00,2017.2,82.40,366.7,13.71,385.8,20.6,621.7,0.0621,0.86,35.2,305.2,9.4
2025-06-08T15:19:00+00:00,1850.0,81.51,374.0,13.69,376.2,21.6,598.8,0.0579,0.84,35.2,305.2,9.3
2025-06-08T15:20:00+00:00,1982.8,80.91,347.8,13.88,390.8,22.2,576.0,0.0612,0.94,35.2,305.2,9.5
2025-06-08T15:21:00+00:00,1999.7,83.17,341.9,13.99,383.7,18.5,621.7,0.0615,0.83,35.2,305.2,9.7
2025-06-08T15:22:00+00:00,2048.1,80.73,351.2,13.97,374.5,20.3,571.0,0.0693,0.84,35.2,305.2,9.9
2025-06-08T15:23:00+00:00,2036.1,82.52,340.0,13.66,389.1,17.2,547.4,0.0589,0.85,35.2,305.2,10.5
2025-06-08T15:24:00+00:00,1870.2,81.91,356.7,13.86,379.5,21.6,672.4,0.0576,0.83,35.2,305.2,9.0
2025-06-08T15:25:00+00:00,2386.1,82.27,347.3,13.86,430.2,22.4,631.2,0.0609,0.86,35.2,305.2,11.0
2025-06-08T15:26:00+00:00,1965.2,79.74,363.5,13.70,392.4,20.9,555.8,0.0583,0.82,35.2,305.2,10.9
2025-06-08T15:27:00+00:00,2383.5,82.33,335.8,13.62,410.9,20.3,578.5,0.0605,0.82,35.2,305.2,12.0
2025-06-08T15:28:00+00:00,2513.2,83.98,340.4,13.91,423.7,20.4,561.9,0.0630,0.82,35.2,305.2,9.9
2025-06-08T15:29:00+00:00,2446.3,85.30,351.7,13.85,392.9,18.6,621.3,0.0624,0.89,35.2,305.2,10.5
2025-06-08T15:30:00+00:00,2020.4,82.21,346.9,13.83,373.0,19.9,644.5,0.0615,0.94,35.2,305.2,7.8
2025-06-08T15:31:00+00:00,2519.1,83.55,327.4,13.81,399.1,20.0,589.9,0.0648,0.79,35.2,305.2,10.6
2025-06-08T15:32:00+00:00,2024.0,82.98,344.6,13.69,409.6,16.5,607.5,0.0635,0.87,35.2,305.2,10.4
2025-06-08T15:33:00+00:00,2137.6,81.70,357.6,13.68,375.9,19.9,618.4,0.0583,0.75,35.2,305.2,12.4
2025-06-08T15:34:00+00:00,2385.7,82.43,338.4,13.59,372.8,19.0,634.6,0.0658,0.78,35.2,305.2,9.9
2025-06-08T15:35:00+00:00,2464.5,82.25,345.1,14.01,405.7,20.6,625.2,0.0611,0.84,35.2,305.2,9.9
2025-06-08T15:36:00+00:00,1872.1,81.73,362.2,13.84,360.6,21.6,607.3,0.0580,0.85,35.2,305.2,11.4
2025-06-08T15:37:00+00:00,2516.1,84.96,356.1,13.85,385.2,20.7,615.8,0.0613,0.83,35.2,305.2,9.6
2025-06-08T15:38:00+00:00,2624.3,82.42,337.7,13.77,410.8,22.3,670.7,0.0648,0.95,35.2,305.2,8.8
2025-06-08T15:39:00+00:00,2108.2,83.89,346.8,13.78,388.3,20.3,646.8,0.0601,0.84,35.2,305.2,9.2
2025-06-08T15:40:00+00:00,2484.4,83.25,349.8,13.72,408.8,17.4,665.0,0.0612,0.83,35.2,305.2,8.9
2025-06-08T15:41:00+00:00,2583.7,83.23,341.2,13.77,394.6,19.2,614.1,0.0616,0.83,35.2,305.2,9.4
2025-06-08T15:42:00+00:00,1801.0,78.93,349.2,13.92,377.9,20.4,554.1,0.0588,0.91,35.2,305.2,9.4
2025-06-08T15:43:00+00:00,2471.5,82.47,346.3,13.61,388.2,20.7,647.9,0.0615,0.87,35.2,305.2,9.3
2025-06-08T15:44:00+00:00,1950.9,81.01,361.0,13.59,398.9,20.8,610.4,0.0581,0.82,35.2,305.2,11.8
2025-06-08T15:45:00+00:00,1953.1,81.11,334.3,13.44,369.4,20.3,636.4,0.0583,0.82,35.2,305.2,9.2
2025-06-08T15:46:00+00:00,1908.9,81.38,341.5,13.65,360.5,21.8,641.3,0.0609,0.87,35.2,305.2,9.4
2025-06-08T15:47:00+00:00,1983.3,79.91,349.3,14.18,377.6,20.9,636.0,0.0587,0.85,35.2,305.2,9.9
2025-06-08T15:48:00+00:00,1991.4,83.46,347.3,14.07,386.0,21.0,576.2,0.0584,0.83,35.2,305.2,10.9
2025-06-08T15:49:00+00:00,1920.4,82.14,341.9,13.82,368.1,19.6,569.8,0.0610,0.93,35.2,305.2,7.7
2025-06-08T15:50:00+00:00,2031.4,84.40,341.7,13.80,396.8,20.0,590.2,0.0685,0.80,35.2,305.2,10.4
2025-06-08T15:51:00+00:00,1876.7,81.95,349.4,13.91,363.7,20.7,529.0,0.0574,0.79,35.2,305.2,9.5
2025-06-08T15:52:00+00:00,2371.0,85.45,336.2,13.47,395.6,21.9,595.7,0.0691,0.86,35.2,305.2,10.1
2025-06-08T15:53:00+00:00,2127.3,81.80,354.6,13.85,400.9,21.8,543.3,0.0595,0.86,35.2,305.2,10.5
2025-06-08T15:54:00+00:00,2103.4,85.35,347.0,13.70,386.0,18.8,655.0,0.0592,0.83,35.2,305.2,10.8
2025-06-08T15:55:00+00:00,2082.7,84.38,340.2,13.88,406.7,16.4,663.9,0.0597,0.81,35.2,305.2,8.5
2025-06-08T15:56:00+00:00,2040.7,80.86,348.0,13.64,413.1,20.7,601.8,0.0664,0.79,35.2,305.2,9.0
2025-06-08T15:57:00+00:00,1967.7,80.78,345.2,13.90,389.0,19.2,599.3,0.0593,0.80,35.2,305.2,10.9
2025-06-08T15:58:00+00:00,2023.2,81.88,336.7,13.76,375.6,16.8,546.9,0.0594,0.91,35.2,305.2,10.2
2025-06-08T15:59:00+00:00,1933.3,81.10,347.5,13.80,397.4,21.4,582.1,0.0594,0.88,35.2,305.2,10.1
2025-06-08T16:00:00+00:00,2166.5,81.71,347.6,13.89,409.0,19.2,550.3,0.0601,0.89,35.2,305.2,10.6
2025-06-08T16:01:00+00:00,2101.3,80.30,357.2,13.96,342.8,19.5,617.3,0.0597,0.86,35.2,305.2,9.0
2025-06-08T16:02:00+00:00,2277.5,84.14,332.8,14.05,389.6,20.2,633.5,0.0635,0.82,35.2,305.2,9.8
2025-06-08T16:03:00+00:00,2137.5,80.59,351.3,13.80,350.3,21.5,614.8,0.0590,0.81,35.2,305.2,9.6
2025-06-08T16:04:00+00:00,2158.9,84.22,341.9,13.81,386.1,18.0,587.6,0.0621,0.77,35.2,305.2,10.6
2025-06-08T16:05:00+00:00,1949.2,82.79,355.2,13.73,372.2,19.9,604.1,0.0583,0.83,35.2,305.2,8.6
2025-06-08T16:06:00+00:00,2007.2,85.19,352.5,13.91,384.8,18.5,605.6,0.0588,0.85,35.2,305.2,8.9
2025-06-08T16:07:00+00:00,2121.1,83.84,358.5,13.71,375.3,18.6,600.0,0.0620,0.86,35.2,305.2,9.1
2025-06-08T16:08:00+00:00,2086.2,82.29,336.8,13.76,363.5,18.0,617.6,0.0636,0.87,35.2,305.2,10.3
2025-06-08T16:09:00+00:00,2208.8,82.44,332.9,13.63,398.9,19.4,562.4,0.0600,0.86,35.2,305.2,8.1
2025-06-08T16:10:00+00:00,2062.0,80.37,359.2,13.99,390.6,18.9,585.4,0.0615,0.85,35.2,305.2,9.0
2025-06-08T16:11:00+00:00,1865.8,83.98,354.4,13.61,377.8,18.7,616.8,0.0579,0.84,35.2,305.2,9.5
2025-06-08T16:12:00+00:00,2062.0,82.94,350.4,13.69,386.2,19.4,555.2,0.0590,0.83,35.2,305.2,9.6
2025-06-08T16:13:00+00:00,1994.3,85.31,358.5,13.78,396.3,19.7,580.1,0.0590,0.87,35.2,305.2,9.5
2025-06-08T16:14:00+00:00,1944.2,81.26,360.1,13.95,369.6,20.3,625.9,0.0593,0.93,35.2,305.2,9.4
2025-06-08T16:15:00+00:00,1870.2,80.44,367.5,13.65,372.1,20.2,585.9,0.0617,0.83,35.2,305.2,9.8
2025-06-08T16:16:00+00:00,2027.0,82.36,354.7,13.77,373.4,18.6,537.1,0.0580,0.77,35.2,305.2,9.9
2025-06-08T16:17:00+00:00,1854.1,81.03,355.4,13.90,369.9,20.8,596.3,0.0635,0.84,35.2,305.2,9.4
2025-06-08T16:18:00+00:00,1998.4,81.18,347.2,13.61,392.2,22.0,602.6,0.0585,0.83,35.2,305.2,11.2
2025-06-08T16:19:00+00:00,2077.3,81.95,345.3,13.82,379.9,21.8,640.2,0.0617,0.79,35.2,305.2,9.7
2025-06-08T16:20:00+00:00,2086.4,81.70,358.1,13.80,382.4,19.2,561.1,0.0599,0.92,35.2,305.2,9.4
2025-06-08T16:21:00+00:00,2007.5,82.96,352.4,13.82,360.8,19.5,663.0,0.0589,0.82,35.2,305.2,10.5
2025-06-08T16:22:00+00:00,2005.3,81.28,357.2,13.83,379.5,22.0,638.1,0.0592,0.89,35.2,305.2,11.4
2025-06-08T16:23:00+00:00,2030.7,81.00,369.3,13.67,385.4,18.8,591.8,0.0623,0.85,35.2,305.2,8.7
2025-06-08T16:24:00+00:00,2114.0,82.13,349.4,13.74,376.0,18.2,613.4,0.0594,0.86,35.2,305.2,9.1
2025-06-08T16:25:00+00:00,1929.8,83.46,349.8,13.79,369.1,17.7,625.5,0.0648,0.83,35.2,305.2,11.6
2025-06-08T16:26:00+00:00,2116.9,81.72,344.8,13.55,403.1,20.5,649.5,0.0646,0.78,35.2,305.2,9.6
2025-06-08T16:27:00+00:00,1941.1,83.15,348.4,13.68,376.1,20.2,568.0,0.0600,0.83,35.2,305.2,9.8
2025-06-08T16:28:00+00:00,1887.1,81.53,354.4,13.69,380.9,20.0,644.1,0.0577,0.81,35.2,305.2,10.4
2025-06-08T16:29:00+00:00,1986.7,83.89,356.9,13.81,406.5,20.9,611.6,0.0604,0.87,35.2,305.2,10.9
2025-06-08T16:30:00+00:00,1826.4,79.65,355.1,13.95,361.7,20.5,556.7,0.0586,0.94,35.2,305.2,8.6
2025-06-08T16:31:00+00:00,1960.1,81.47,340.9,13.97,373.7,18.9,603.9,0.0581,0.80,35.2,305.2,11.4
2025-06-08T16:32:00+00:00,2176.2,83.24,365.2,13.99,386.0,21.5,632.2,0.0596,0.85,35.2,305.2,9.6
2025-06-08T16:33:00+00:00,1999.4,84.39,365.8,13.47,393.5,20.1,590.2,0.0581,0.78,35.2,305.2,8.4
2025-06-08T16:34:00+00:00,2034.6,78.52,361.5,13.95,378.4,21.0,628.3,0.0630,0.86,35.2,305.2,9.9
2025-06-08T16:35:00+00:00,2075.7,82.71,346.6,13.98,370.3,18.0,619.0,0.0592,0.87,35.2,305.2,9.7
2025-06-08T16:36:00+00:00,1951.5,82.64,358.3,13.73,384.2,20.3,601.8,0.0669,0.89,35.2,305.2,11.8
2025-06-08T16:37:00+00:00,2143.7,80.86,344.8,13.85,388.3,20.1,611.8,0.0622,0.91,35.2,305.2,9.8
2025-06-08T16:38:00+00:00,1944.8,82.73,344.6,13.75,356.6,20.2,563.3,0.0598,0.76,35.2,305.2,10.3
2025-06-08T16:39:00+00:00,1981.0,81.03,364.0,13.90,362.5,22.8,595.2,0.0600,0.99,35.2,305.2,10.0
2025-06-08T16:40:00+00:00,2010.1,82.14,343.4,13.71,402.9,20.8,563.8,0.0583,0.79,35.2,305.2,8.4
2025-06-08T16:41:00+00:00,1881.0,82.73,349.1,13.90,404.8,20.8,576.0,0.0590,0.77,35.2,305.2,9.6
2025-06-08T16:42:00+00:00,1999.9,82.18,352.9,13.71,386.6,22.7,566.1,0.0625,0.81,35.2,305.2,10.4
2025-06-08T16:43:00+00:00,1035.8,82.24,357.2,13.55,359.7,19.3,561.6,0.0537,0.88,35.2,305.2,9.2
2025-06-08T16:44:00+00:00,966.9,78.75,361.8,13.84,337.7,22.1,525.9,0.0591,0.81,35.2,305.2,10.1
2025-06-08T16:45:00+00:00,989.4,79.23,366.1,13.85,326.0,17.4,528.1,0.0586,0.86,35.2,305.2,9.5
2025-06-08T16:46:00+00:00,983.9,77.57,341.0,13.88,344.2,21.4,577.5,0.0561,0.80,35.2,305.2,10.9
2025-06-08T16:47:00+00:00,989.8,79.61,356.8,13.98,340.5,19.5,533.3,0.0547,0.90,35.2,305.2,10.1
2025-06-08T16:48:00+00:00,977.2,78.06,357.8,13.71,364.2,21.0,525.8,0.0530,0.81,35.2,305.2,8.9
2025-06-08T16:49:00+00:00,915.9,78.30,353.8,13.84,355.9,21.1,606.2,0.0526,0.81,35.2,305.2,8.6
2025-06-08T16:50:00+00:00,855.9,78.44,351.5,13.79,364.9,21.6,519.4,0.0521,0.80,35.2,305.2,9.1
2025-06-08T16:51:00+00:00,1153.4,77.04,365.5,13.70,371.8,19.1,559.0,0.0539,0.82,35.2,305.2,10.0
2025-06-08T16:52:00+00:00,979.5,78.19,359.5,13.76,343.0,17.9,532.6,0.0532,0.85,35.2,305.2,9.5
2025-06-08T16:53:00+00:00,980.3,78.04,369.2,14.01,325.9,21.2,534.2,0.0533,0.85,35.2,305.2,10.2
2025-06-08T16:54:00+00:00,1106.2,80.08,351.7,13.57,339.1,19.6,620.7,0.0535,0.81,35.2,305.2,11.3
2025-06-08T16:55:00+00:00,1089.8,78.86,356.6,13.85,355.4,23.1,518.6,0.0541,0.88,35.2,305.2,9.2
2025-06-08T16:56:00+00:00,908.7,78.07,352.1,13.88,322.8,21.3,609.4,0.0598,0.87,35.2,305.2,7.0
2025-06-09T06:00:00+00:00,1047.0,76.66,350.1,13.46,375.5,21.9,543.6,0.0549,0.90,245.0,155.0,11.2
2025-06-09T06:01:00+00:00,841.9,76.73,345.3,13.60,346.5,20.2,574.6,0.0526,0.86,245.0,155.0,8.8
2025-06-09T06:02:00+00:00,953.7,78.18,358.4,14.13,351.9,20.0,544.7,0.0541,0.87,245.0,155.0,11.0
2025-06-09T06:03:00+00:00,873.9,80.77,350.5,13.91,339.9,19.4,527.8,0.0522,0.80,245.0,155.0,10.6
2025-06-09T06:04:00+00:00,1048.0,77.84,347.2,13.73,350.3,19.8,591.6,0.0539,0.89,245.0,155.0,11.6
2025-06-09T06:05:00+00:00,1068.8,78.34,362.4,13.77,352.0,20.3,563.8,0.0533,0.82,245.0,155.0,10.0
2025-06-09T06:06:00+00:00,842.4,80.26,359.2,13.76,351.0,23.4,567.5,0.0531,0.90,245.0,155.0,8.4
2025-06-09T06:07:00+00:00,894.2,79.30,345.5,13.64,342.2,17.9,561.3,0.0530,0.87,245.0,155.0,9.8
2025-06-09T06:08:00+00:00,839.4,77.30,364.9,13.90,347.6,19.6,538.2,0.0633,0.99,245.0,155.0,10.2
2025-06-09T06:09:00+00:00,911.5,81.14,371.3,13.75,348.4,22.7,528.4,0.0668,0.89,245.0,155.0,9.0
2025-06-09T06:10:00+00:00,862.2,78.05,356.9,14.02,331.7,18.5,525.1,0.0588,0.91,245.0,155.0,9.7
2025-06-09T06:11:00+00:00,1651.2,83.02,360.8,13.68,380.5,18.5,566.2,0.0611,0.85,245.0,155.0,11.0
2025-06-09T06:12:00+00:00,2025.3,83.33,365.6,13.91,383.6,22.5,610.4,0.0592,0.90,245.0,155.0,9.0
2025-06-09T06:13:00+00:00,1996.3,83.62,365.6,13.79,388.5,20.7,571.7,0.0587,0.85,245.0,155.0,9.9
2025-06-09T06:14:00+00:00,2016.6,82.48,348.6,13.65,383.4,18.9,576.9,0.0605,0.88,245.0,155.0,10.6
2025-06-09T06:15:00+00:00,2039.0,80.37,343.1,14.00,396.0,19.9,662.8,0.0609,0.78,245.0,155.0,9.0
2025-06-09T06:16:00+00:00,1972.3,83.70,350.9,13.92,366.8,19.1,639.1,0.0605,0.84,245.0,155.0,9.8
2025-06-09T06:17:00+00:00,1943.1,83.19,341.6,13.70,372.9,20.9,609.9,0.0583,0.84,245.0,155.0,9.7
2025-06-09T06:18:00+00:00,2162.8,84.33,343.2,13.64,406.1,18.6,585.0,0.0640,0.82,245.0,155.0,10.8
2025-06-09T06:19:00+00:00,1923.8,82.70,342.6,13.62,405.4,18.3,590.0,0.0619,0.90,245.0,155.0,9.0
2025-06-09T06:20:00+00:00,1961.4,81.22,350.6,13.88,376.0,18.8,584.4,0.0590,0.89,245.0,155.0,10.9
2025-06-09T06:21:00+00:00,1862.4,83.99,361.0,13.94,385.6,19.2,635.0,0.0591,0.95,245.0,155.0,9.4
2025-06-09T06:22:00+00:00,2212.1,83.63,357.3,14.22,363.3,20.2,627.1,0.0597,0.85,245.0,155.0,10.8
2025-06-09T06:23:00+00:00,2128.7,81.42,344.4,13.88,377.7,17.5,587.3,0.0605,0.87,245.0,155.0,10.7
2025-06-09T06:24:00+00:00,1993.0,83.70,346.6,14.01,360.0,17.4,608.2,0.0604,0.91,245.0,155.0,11.6
2025-06-09T06:25:00+00:00,1892.8,82.44,340.7,13.75,390.2,20.6,613.0,0.0583,0.85,245.0,155.0,11.5
2025-06-09T06:26:00+00:00,2109.5,85.36,354.6,13.74,407.7,19.9,574.6,0.0601,0.93,245.0,155.0,11.3
2025-06-09T06:27:00+00:00,1944.5,82.27,344.7,13.90,369.5,18.8,618.0,0.0662,0.93,245.0,155.0,10.4
2025-06-09T06:28:00+00:00,1955.5,84.91,351.7,13.89,396.0,20.5,633.9,0.0614,0.83,245.0,155.0,10.1
2025-06-09T06:29:00+00:00,2065.0,81.92,341.2,13.51,401.4,19.3,612.0,0.0715,0.90,245.0,155.0,9.3
2025-06-09T06:30:00+00:00,2009.4,81.65,351.9,13.67,374.1,20.0,593.7,0.0629,0.97,245.0,155.0,10.9
2025-06-09T06:31:00+00:00,2116.8,84.62,350.2,13.80,393.7,16.9,595.3,0.0666,0.87,245.0,155.0,9.3
2025-06-09T06:32:00+00:00,2047.3,83.85,342.0,13.99,384.3,19.0,557.0,0.0605,0.82,245.0,155.0,10.2
2025-06-09T06:33:00+00:00,2083.4,84.26,352.8,13.81,394.3,21.1,572.2,0.0632,0.91,245.0,155.0,9.8
2025-06-09T06:34:00+00:00,2321.5,83.71,355.5,13.89,395.0,18.7,604.5,0.0602,0.83,245.0,155.0,8.7
2025-06-09T06:35:00+00:00,2031.4,81.95,361.8,13.74,374.6,20.2,596.5,0.0659,0.91,245.0,155.0,7.8
2025-06-09T06:36:00+00:00,2066.7,85.07,349.7,13.73,394.5,20.9,609.7,0.0596,0.86,245.0,155.0,11.8
2025-06-09T06:37:00+00:00,2117.7,81.32,349.7,13.88,390.2,21.0,609.3,0.0599,0.91,245.0,155.0,9.3
2025-06-09T06:38:00+00:00,2061.7,79.33,351.2,13.64,390.4,21.9,650.5,0.0621,0.79,245.0,155.0,9.9
2025-06-09T06:39:00+00:00,1920.5,80.94,346.7,13.87,388.9,19.0,596.0,0.0600,0.86,245.0,155.0,11.6
2025-06-09T06:40:00+00:00,2046.3,82.09,361.2,13.84,376.4,19.3,593.3,0.0604,0.83,245.0,155.0,10.9
2025-06-09T06:41:00+00:00,1892.6,80.54,353.4,14.00,385.1,19.6,553.9,0.0646,0.91,245.0,155.0,10.7
2025-06-09T06:42:00+00:00,2033.0,82.28,367.3,13.87,371.4,20.6,603.8,0.0679,0.80,245.0,155.0,10.2
2025-06-09T06:43:00+00:00,1886.7,80.25,353.9,13.84,347.4,21.9,634.2,0.0582,0.86,245.0,155.0,10.2
2025-06-09T06:44:00+00:00,2016.4,80.50,348.9,13.86,362.9,21.3,636.4,0.0595,0.91,245.0,155.0,11.5
2025-06-09T06:45:00+00:00,2033.3,82.97,346.6,13.67,406.4,22.6,630.7,0.0599,0.92,245.0,155.0,10.2
2025-06-09T06:46:00+00:00,2288.3,79.67,331.8,13.92,383.4,18.5,627.7,0.0608,0.91,245.0,155.0,10.6
2025-06-09T06:47:00+00:00,2010.3,81.98,351.8,13.74,382.5,19.8,630.2,0.0597,0.74,245.0,155.0,10.6
2025-06-09T06:48:00+00:00,2145.4,82.74,357.0,13.91,364.6,21.5,598.3,0.0597,0.86,245.0,155.0,9.9
2025-06-09T06:49:00+00:00,1973.9,81.41,356.3,14.05,379.5,19.4,630.7,0.0607,0.91,245.0,155.0,12.3
2025-06-09T06:50:00+00:00,2128.9,80.75,346.1,13.77,369.2,18.3,601.4,0.0602,0.86,245.0,155.0,10.5
2025-06-09T06:51:00+00:00,1989.3,80.92,355.1,13.85,386.5,21.0,600.0,0.0590,0.89,245.0,155.0,10.5
2025-06-09T06:52:00+00:00,2132.5,82.79,343.7,13.73,383.3,20.5,622.9,0.0601,0.92,245.0,155.0,11.0
2025-06-09T06:53:00+00:00,2118.1,80.02,361.7,13.89,379.8,19.3,643.0,0.0599,0.91,245.0,155.0,9.0
2025-06-09T06:54:00+00:00,2037.8,83.35,356.2,13.91,396.1,20.2,552.9,0.0616,0.92,245.0,155.0,9.2
2025-06-09T06:55:00+00:00,1983.1,82.97,355.6,13.81,381.3,20.1,607.9,0.0583,0.83,245.0,155.0,10.9
2025-06-09T06:56:00+00:00,1902.3,81.52,355.7,13.90,375.2,21.7,579.0,0.0667,0.95,245.0,155.0,11.5
2025-06-09T06:57:00+00:00,1996.1,83.71,344.1,13.46,377.3,19.1,546.1,0.0600,0.84,245.0,155.0,8.5
2025-06-09T06:58:00+00:00,2047.0,80.88,347.6,13.66,394.7,17.6,570.2,0.0593,0.88,245.0,155.0,10.7
2025-06-09T06:59:00+00:00,2038.7,81.66,344.2,13.91,370.7,20.6,605.0,0.0590,0.87,245.0,155.0,11.9
2025-06-09T07:00:00+00:00,2149.5,80.52,334.2,13.75,388.9,19.7,596.6,0.0647,0.79,245.0,155.0,8.2
2025-06-09T07:01:00+00:00,2143.2,82.51,343.2,13.81,376.5,19.0,558.0,0.0629,0.86,245.0,155.0,9.1
2025-06-09T07:02:00+00:00,2211.2,82.51,347.1,13.79,382.7,20.4,576.1,0.0602,0.89,245.0,155.0,10.8
2025-06-09T07:03:00+00:00,2425.2,83.99,343.2,13.80,386.8,20.4,610.7,0.0669,0.89,245.0,155.0,11.6
2025-06-09T07:04:00+00:00,2430.0,84.12,352.5,13.84,390.9,20.5,549.2,0.0609,0.85,245.0,155.0,10.7
2025-06-09T07:05:00+00:00,2158.1,83.20,340.3,13.93,373.6,20.8,606.9,0.0686,0.96,245.0,155.0,10.7
2025-06-09T07:06:00+00:00,2463.9,85.21,342.4,13.71,391.8,17.8,666.5,0.0641,0.83,245.0,155.0,11.6
2025-06-09T07:07:00+00:00,2045.9,84.50,350.1,13.83,397.8,20.4,604.7,0.0623,0.92,245.0,155.0,11.5
2025-06-09T07:08:00+00:00,2532.2,82.89,360.4,13.74,416.1,18.4,604.9,0.0618,0.88,245.0,155.0,10.3
2025-06-09T07:09:00+00:00,2510.3,81.96,360.1,13.63,398.8,19.0,680.3,0.0677,0.93,245.0,155.0,11.4
2025-06-09T07:10:00+00:00,2031.1,83.74,350.5,14.04,367.2,18.4,646.8,0.0589,0.85,245.0,155.0,9.6
2025-06-09T07:11:00+00:00,2482.6,81.41,349.0,13.65,389.2,19.0,529.5,0.0696,0.86,245.0,155.0,10.1
2025-06-09T07:12:00+00:00,1996.5,80.78,344.7,13.71,368.9,20.3,594.8,0.0609,0.88,245.0,155.0,9.8
2025-06-09T07:13:00+00:00,2161.8,83.15,337.5,13.70,382.2,21.3,609.1,0.0599,0.87,245.0,155.0,9.0
2025-06-09T07:14:00+00:00,1992.8,80.03,343.6,13.79,383.6,22.9,554.0,0.0580,0.80,245.0,155.0,10.5
2025-06-09T07:15:00+00:00,1847.8,81.03,344.4,13.84,368.3,21.9,615.5,0.0657,0.94,245.0,155.0,11.4
2025-06-09T07:16:00+00:00,1767.7,80.05,346.4,14.00,383.4,20.5,602.0,0.0584,0.92,245.0,155.0,10.9
2025-06-09T07:17:00+00:00,1936.3,81.12,346.8,13.94,369.0,17.9,608.5,0.0589,0.90,245.0,155.0,10.0
2025-06-09T07:18:00+00:00,1988.3,82.21,349.8,13.74,395.7,21.6,671.6,0.0617,0.96,245.0,155.0,9.3
2025-06-09T07:19:00+00:00,1893.0,82.87,360.7,13.74,385.4,22.9,607.5,0.0623,0.91,245.0,155.0,10.3
2025-06-09T07:20:00+00:00,2551.4,84.65,339.9,13.84,405.9,18.6,629.3,0.0617,0.85,245.0,155.0,9.5
2025-06-09T07:21:00+00:00,2124.5,84.22,335.7,13.80,394.8,19.4,580.9,0.0644,0.98,245.0,155.0,8.9
2025-06-09T07:22:00+00:00,1915.1,81.26,346.9,13.66,371.7,21.0,584.9,0.0637,0.92,245.0,155.0,9.0
2025-06-09T07:23:00+00:00,1936.7,84.09,338.6,13.78,383.4,22.1,645.2,0.0602,1.04,245.0,155.0,8.2
2025-06-09T07:24:00+00:00,2034.8,82.07,355.4,13.80,372.1,17.5,622.2,0.0637,0.90,245.0,155.0,9.9
2025-06-09T07:25:00+00:00,1820.1,81.54,345.5,13.75,350.3,20.9,586.6,0.0590,0.95,245.0,155.0,10.4
2025-06-09T07:26:00+00:00,2050.5,82.17,344.3,13.70,387.5,18.0,575.5,0.0644,0.78,245.0,155.0,11.0
2025-06-09T07:27:00+00:00,2166.5,82.86,342.4,13.86,393.8,21.2,571.9,0.0623,0.97,245.0,155.0,11.2
2025-06-09T07:28:00+00:00,1969.0,83.05,352.6,13.91,369.7,18.9,599.1,0.0674,0.86,245.0,155.0,10.6
2025-06-09T07:29:00+00:00,1983.0,82.99,350.0,13.95,375.3,21.9,592.6,0.0590,0.89,245.0,155.0,9.2
2025-06-09T07:30:00+00:00,1853.5,80.99,348.0,13.76,366.1,18.4,570.9,0.0579,0.83,245.0,155.0,10.9
2025-06-09T07:31:00+00:00,1972.9,82.57,345.2,13.90,373.8,21.3,597.4,0.0635,0.84,245.0,155.0,11.0
2025-06-09T07:32:00+00:00,1931.3,82.98,342.6,13.90,373.2,18.1,613.3,0.0626,0.93,245.0,155.0,10.1
2025-06-09T07:33:00+00:00,1763.7,82.20,342.1,13.65,362.3,17.3,509.9,0.0606,0.90,245.0,155.0,8.6
2025-06-09T07:34:00+00:00,1955.3,81.87,350.4,13.59,382.2,22.5,599.7,0.0608,0.93,245.0,155.0,10.6
2025-06-09T07:35:00+00:00,2177.4,82.70,334.8,13.96,385.1,20.8,629.5,0.0626,1.05,245.0,155.0,10.7
2025-06-09T07:36:00+00:00,1911.4,81.91,343.3,13.75,387.5,19.1,627.3,0.0589,0.91,245.0,155.0,11.3
2025-06-09T07:37:00+00:00,1998.2,81.95,340.1,13.51,388.6,17.0,584.1,0.0597,0.96,245.0,155.0,10.3
2025-06-09T07:38:00+00:00,1902.2,82.50,336.1,13.76,390.4,16.3,594.9,0.0586,0.89,245.0,155.0,9.2
2025-06-09T07:39:00+00:00,1982.6,81.13,343.8,13.68,369.8,19.5,680.0,0.0591,0.90,245.0,155.0,9.7
2025-06-09T07:40:00+00:00,1956.5,84.81,340.9,13.64,392.5,20.2,583.9,0.0582,0.82,245.0,155.0,9.0
2025-06-09T07:41:00+00:00,2036.4,82.55,359.7,13.72,379.5,21.5,605.8,0.0581,0.78,245.0,155.0,10.0
2025-06-09T07:42:00+00:00,1873.9,80.38,357.6,13.95,399.5,23.2,600.0,0.0589,0.94,245.0,155.0,9.0
2025-06-09T07:43:00+00:00,2009.8,85.59,367.4,13.85,381.3,21.9,580.3,0.0597,0.88,245.0,155.0,10.7
2025-06-09T07:44:00+00:00,1981.2,83.66,369.3,13.68,402.5,17.3,594.2,0.0655,0.82,245.0,155.0,8.9
2025-06-09T07:45:00+00:00,2161.4,83.88,355.9,13.69,392.6,22.4,599.4,0.0621,0.89,245.0,155.0,10.6
2025-06-09T07:46:00+00:00,1982.5,84.06,344.9,13.97,363.1,17.8,585.3,0.0582,0.80,245.0,155.0,9.8
2025-06-09T07:47:00+00:00,2034.3,82.32,355.5,13.96,379.8,19.6,582.1,0.0589,0.85,245.0,155.0,9.1
2025-06-09T07:48:00+00:00,1998.2,81.64,362.0,13.96,393.4,19.1,632.6,0.0592,0.89,245.0,155.0,10.7
2025-06-09T07:49:00+00:00,1881.7,81.77,359.3,13.64,380.2,18.5,609.6,0.0614,0.77,245.0,155.0,10.0
2025-06-09T07:50:00+00:00,2235.3,85.19,350.3,13.97,377.5,19.4,661.2,0.0663,0.93,245.0,155.0,10.7
2025-06-09T07:51:00+00:00,2023.3,83.86,359.9,13.99,393.4,18.3,584.0,0.0612,0.78,245.0,155.0,10.0
2025-06-09T07:52:00+00:00,2085.7,81.64,341.7,13.62,378.6,16.7,590.5,0.0589,0.83,245.0,155.0,10.7
2025-06-09T07:53:00+00:00,1970.2,82.90,361.9,13.81,389.0,16.4,588.4,0.0589,0.89,245.0,155.0,9.1
2025-06-09T07:54:00+00:00,2009.1,84.02,353.4,13.69,363.6,20.6,573.2,0.0592,0.89,245.0,155.0,11.1
2025-06-09T07:55:00+00:00,1931.0,79.96,329.7,13.85,379.6,20.4,610.7,0.0608,0.89,245.0,155.0,11.6
2025-06-09T07:56:00+00:00,1992.5,81.58,356.9,13.93,382.6,20.8,551.3,0.0611,0.87,245.0,155.0,9.6
2025-06-09T07:57:00+00:00,2018.8,81.93,349.7,14.10,411.7,22.8,621.6,0.0613,0.92,245.0,155.0,10.5
2025-06-09T07:58:00+00:00,1794.7,81.66,355.7,13.87,373.5,22.2,596.4,0.0682,0.92,245.0,155.0,11.9
2025-06-09T07:59:00+00:00,1886.2,82.83,343.5,14.07,379.2,20.6,614.6,0.0637,0.86,245.0,155.0,10.1
2025-06-09T08:00:00+00:00,2042.4,83.71,351.1,13.90,384.7,18.7,643.6,0.0609,0.95,245.0,155.0,9.4
2025-06-09T08:01:00+00:00,2108.0,83.78,344.7,13.92,385.5,21.5,584.9,0.0604,0.88,245.0,155.0,9.5
2025-06-09T08:02:00+00:00,1932.6,80.21,339.6,13.71,376.4,19.1,653.0,0.0592,0.93,245.0,155.0,11.9
2025-06-09T08:03:00+00:00,2023.0,83.50,345.2,13.70,363.8,18.5,615.3,0.0584,0.81,245.0,155.0,11.2
2025-06-09T08:04:00+00:00,1954.9,80.75,348.8,13.82,383.0,20.8,626.2,0.0592,0.93,245.0,155.0,10.8
2025-06-09T08:05:00+00:00,1127.6,80.28,362.7,14.03,360.4,18.2,540.4,0.0545,0.90,245.0,155.0,10.4
2025-06-09T08:06:00+00:00,929.3,78.54,362.1,13.97,357.8,19.3,546.6,0.0588,0.91,245.0,155.0,11.1
2025-06-09T08:07:00+00:00,1080.3,78.54,348.3,13.60,364.8,20.8,580.7,0.0570,0.91,245.0,155.0,11.3
2025-06-09T08:08:00+00:00,1001.8,79.17,355.3,13.60,337.8,19.0,572.3,0.0549,0.87,245.0,155.0,11.7
2025-06-09T08:09:00+00:00,973.3,77.58,360.0,13.75,354.4,20.0,518.3,0.0598,0.85,245.0,155.0,8.9
2025-06-09T08:10:00+00:00,975.6,76.94,349.0,13.78,374.1,20.1,578.8,0.0543,0.98,245.0,155.0,8.4
2025-06-09T08:11:00+00:00,925.4,78.82,356.6,13.73,347.3,17.7,560.4,0.0583,0.87,245.0,155.0,10.2
2025-06-09T08:12:00+00:00,908.5,79.89,366.6,13.73,350.0,21.7,593.7,0.0544,0.90,245.0,155.0,9.8
2025-06-09T08:13:00+00:00,1047.8,77.70,353.4,13.77,366.3,21.6,558.7,0.0579,1.00,245.0,155.0,10.5
2025-06-09T08:14:00+00:00,1028.4,78.22,360.8,13.86,341.0,19.8,602.3,0.0544,0.94,245.0,155.0,9.9
2025-06-09T14:00:00+00:00,953.0,78.81,354.7,13.99,334.5,19.0,546.0,0.0536,0.90,245.0,155.0,9.1
2025-06-09T14:01:00+00:00,1041.3,77.87,353.0,13.90,359.3,21.4,514.7,0.0543,0.93,245.0,155.0,8.9
2025-06-09T14:02:00+00:00,1035.3,79.23,361.4,13.71,348.3,20.3,587.6,0.0592,0.93,245.0,155.0,8.5
2025-06-09T14:03:00+00:00,969.6,79.31,368.4,13.76,333.5,21.3,611.8,0.0539,0.92,245.0,155.0,8.6
2025-06-09T14:04:00+00:00,993.8,79.64,351.4,13.94,336.4,19.9,563.5,0.0530,0.81,245.0,155.0,10.1
2025-06-09T14:05:00+00:00,1043.5,79.38,364.8,13.72,350.7,22.7,538.7,0.0570,0.88,245.0,155.0,9.1
2025-06-09T14:06:00+00:00,878.7,78.96,360.3,13.83,358.9,21.2,549.8,0.0532,0.90,245.0,155.0,11.1
2025-06-09T14:07:00+00:00,775.9,79.92,354.9,13.54,332.8,22.1,565.2,0.0529,0.90,245.0,155.0,11.6
2025-06-09T14:08:00+00:00,1066.1,79.57,353.2,13.80,364.3,22.0,504.6,0.0619,0.92,245.0,155.0,11.0
2025-06-09T14:09:00+00:00,945.3,78.94,371.8,13.94,357.9,21.7,522.2,0.0556,0.95,245.0,155.0,12.0
2025-06-09T14:10:00+00:00,932.1,78.73,355.5,13.69,342.0,22.0,607.4,0.0532,0.87,245.0,155.0,9.6
2025-06-09T14:11:00+00:00,1028.5,81.46,350.5,13.83,344.3,20.5,561.5,0.0540,0.90,245.0,155.0,11.9
2025-06-09T14:12:00+00:00,884.3,78.65,372.7,13.74,333.9,20.9,587.5,0.0581,0.86,245.0,155.0,11.6
2025-06-09T14:13:00+00:00,1743.0,79.56,341.3,13.59,371.3,19.7,594.3,0.0634,0.99,245.0,155.0,10.6
2025-06-09T14:14:00+00:00,2006.4,78.58,354.9,13.91,371.2,18.3,606.7,0.0599,0.96,245.0,155.0,10.6
2025-06-09T14:15:00+00:00,2123.5,83.26,351.7,13.67,388.7,19.8,621.5,0.0591,0.82,245.0,155.0,10.3
2025-06-09T14:16:00+00:00,1976.3,80.51,368.4,13.77,379.1,21.6,556.6,0.0634,0.96,245.0,155.0,9.2
2025-06-09T14:17:00+00:00,1897.9,80.81,344.0,14.00,351.8,20.9,622.2,0.0582,0.85,245.0,155.0,10.2
2025-06-09T14:18:00+00:00,2233.1,82.15,350.3,13.75,404.2,19.1,584.5,0.0601,0.87,245.0,155.0,12.3
2025-06-09T14:19:00+00:00,2051.8,82.63,344.3,13.58,399.3,19.6,609.9,0.0595,0.89,245.0,155.0,9.0
2025-06-09T14:20:00+00:00,1975.3,81.27,329.3,13.81,370.4,19.2,592.2,0.0599,0.90,245.0,155.0,9.9
2025-06-09T14:21:00+00:00,1921.0,79.59,347.6,13.77,381.4,19.9,606.5,0.0625,0.93,245.0,155.0,10.3
2025-06-09T14:22:00+00:00,2045.9,81.83,350.5,13.89,363.5,19.8,624.7,0.0593,0.89,245.0,155.0,9.4
2025-06-09T14:23:00+00:00,1983.9,81.14,344.4,13.52,370.9,19.4,649.3,0.0634,0.87,245.0,155.0,9.3
2025-06-09T14:24:00+00:00,2125.5,80.30,354.6,13.84,401.9,19.6,590.2,0.0599,0.92,245.0,155.0,11.0
2025-06-09T14:25:00+00:00,1942.6,85.71,349.0,13.90,388.3,19.1,599.3,0.0596,0.81,245.0,155.0,11.1
2025-06-09T14:26:00+00:00,1846.1,82.41,349.3,13.66,388.6,16.8,673.1,0.0587,0.92,245.0,155.0,9.7
2025-06-09T14:27:00+00:00,2106.6,81.04,350.4,13.64,401.1,22.7,588.2,0.0593,0.85,245.0,155.0,8.1
2025-06-09T14:28:00+00:00,2177.7,84.31,344.5,14.02,399.2,19.3,571.2,0.0598,0.86,245.0,155.0,10.0
2025-06-09T14:29:00+00:00,1853.5,80.21,349.6,13.74,372.1,21.5,624.0,0.0592,0.98,245.0,155.0,10.3
2025-06-09T14:30:00+00:00,1992.1,81.71,335.7,13.60,390.2,19.5,612.3,0.0591,0.82,245.0,155.0,10.0
2025-06-09T14:31:00+00:00,2123.0,83.11,352.8,13.97,367.0,19.7,623.9,0.0595,0.87,245.0,155.0,9.8
2025-06-09T14:32:00+00:00,2067.9,83.09,348.0,13.93,354.6,17.1,563.8,0.0583,0.77,245.0,155.0,10.1
2025-06-09T14:33:00+00:00,2011.4,81.66,359.2,13.54,357.3,20.0,590.6,0.0593,0.90,245.0,155.0,11.1
2025-06-09T14:34:00+00:00,1908.9,82.49,334.4,14.07,378.4,22.8,600.3,0.0578,0.81,245.0,155.0,10.3
2025-06-09T14:35:00+00:00,2003.3,81.64,339.1,14.00,374.0,22.2,616.9,0.0582,0.80,245.0,155.0,11.6
2025-06-09T14:36:00+00:00,2094.7,81.04,349.3,13.83,379.7,19.7,632.8,0.0608,0.88,245.0,155.0,10.9
2025-06-09T14:37:00+00:00,1928.7,81.30,333.1,14.00,372.6,19.7,595.8,0.0648,0.95,245.0,155.0,12.3
2025-06-09T14:38:00+00:00,2014.9,82.50,352.4,13.95,375.0,20.5,560.5,0.0586,0.84,245.0,155.0,10.1
2025-06-09T14:39:00+00:00,1984.2,81.60,362.3,13.68,397.4,20.6,603.6,0.0646,0.84,245.0,155.0,9.7
2025-06-09T14:40:00+00:00,2036.9,83.12,363.6,13.80,362.6,21.3,600.3,0.0657,0.86,245.0,155.0,9.9
2025-06-09T14:41:00+00:00,2091.7,81.36,361.5,13.81,384.5,21.8,614.8,0.0599,0.92,245.0,155.0,8.5
2025-06-09T14:42:00+00:00,1988.6,81.86,359.9,13.71,361.3,21.2,584.6,0.0589,0.87,245.0,155.0,10.5
2025-06-09T14:43:00+00:00,2028.4,82.25,349.0,13.63,385.0,19.5,562.7,0.0648,0.88,245.0,155.0,9.7
2025-06-09T14:44:00+00:00,1786.5,82.55,352.8,13.89,372.3,19.1,610.1,0.0612,0.84,245.0,155.0,10.3
2025-06-09T14:45:00+00:00,2125.4,84.97,357.4,13.75,362.0,21.5,637.0,0.0594,0.84,245.0,155.0,9.4
2025-06-09T14:46:00+00:00,2194.4,81.34,356.9,13.90,376.6,19.2,606.7,0.0605,0.93,245.0,155.0,9.6
2025-06-09T14:47:00+00:00,2078.5,80.87,339.4,13.89,390.8,19.7,581.5,0.0614,0.81,245.0,155.0,8.6
2025-06-09T14:48:00+00:00,1975.5,82.29,353.9,13.77,393.4,18.1,581.9,0.0591,0.91,245.0,155.0,8.0
2025-06-09T14:49:00+00:00,2065.8,83.96,351.3,14.01,390.9,20.5,638.9,0.0592,0.87,245.0,155.0,8.9
2025-06-09T14:50:00+00:00,1940.9,82.08,355.8,13.58,384.3,18.2,574.9,0.0590,0.90,245.0,155.0,10.9
2025-06-09T14:51:00+00:00,1979.3,84.06,349.6,13.94,364.2,19.9,600.9,0.0590,0.89,245.0,155.0,9.3
2025-06-09T14:52:00+00:00,2157.3,81.38,353.9,13.75,376.2,22.2,610.7,0.0615,0.88,245.0,155.0,11.5
2025-06-09T14:53:00+00:00,2043.6,81.99,356.2,13.92,386.3,19.7,607.1,0.0591,0.86,245.0,155.0,8.9
2025-06-09T14:54:00+00:00,2025.1,80.30,351.6,14.12,387.3,23.2,625.2,0.0635,0.81,245.0,155.0,10.6
2025-06-09T14:55:00+00:00,2109.9,81.97,353.1,13.58,381.1,18.6,619.9,0.0618,1.02,245.0,155.0,8.9
2025-06-09T14:56:00+00:00,1724.8,80.95,343.6,13.77,345.8,21.4,518.9,0.0585,0.84,245.0,155.0,10.9
2025-06-09T14:57:00+00:00,1753.1,80.74,373.1,14.04,357.5,23.3,532.0,0.0583,0.94,245.0,155.0,9.5
2025-06-09T14:58:00+00:00,1832.3,83.31,354.3,13.64,352.1,18.9,622.1,0.0575,0.81,245.0,155.0,10.6
2025-06-09T14:59:00+00:00,2046.2,83.29,350.8,13.76,390.0,18.4,612.6,0.0707,0.85,245.0,155.0,8.9
2025-06-09T15:00:00+00:00,2239.6,82.30,354.0,13.83,387.5,19.2,531.9,0.0606,0.88,245.0,155.0,10.4
2025-06-09T15:01:00+00:00,2090.0,82.18,355.4,13.84,395.1,21.8,548.9,0.0597,0.89,245.0,155.0,10.5
2025-06-09T15:02:00+00:00,2378.1,82.35,350.2,13.89,388.4,21.5,636.5,0.0621,0.98,245.0,155.0,8.6
2025-06-09T15:03:00+00:00,2475.9,83.70,348.1,13.94,377.5,19.3,569.7,0.0636,0.93,245.0,155.0,10.8
2025-06-09T15:04:00+00:00,1904.5,80.08,352.2,13.80,369.4,20.0,613.7,0.0639,0.88,245.0,155.0,12.0
2025-06-09T15:05:00+00:00,2519.5,85.37,346.5,13.90,387.2,23.2,671.0,0.0707,0.84,245.0,155.0,11.1
2025-06-09T15:06:00+00:00,1960.7,81.76,348.6,13.79,402.0,18.3,604.5,0.0602,0.86,245.0,155.0,8.8
2025-06-09T15:07:00+00:00,2123.4,81.16,346.5,14.17,375.4,20.4,603.8,0.0603,0.94,245.0,155.0,10.7
2025-06-09T15:08:00+00:00,1954.7,84.91,350.9,13.82,390.3,21.7,626.0,0.0581,0.81,245.0,155.0,9.9
2025-06-09T15:09:00+00:00,2170.8,81.97,343.3,13.74,368.5,18.9,596.8,0.0598,0.87,245.0,155.0,10.4
2025-06-09T15:10:00+00:00,1932.5,82.45,362.5,13.87,378.5,18.7,603.9,0.0637,0.93,245.0,155.0,10.9
2025-06-09T15:11:00+00:00,2009.9,80.33,334.0,13.90,391.6,20.0,584.0,0.0597,0.95,245.0,155.0,9.6
2025-06-09T15:12:00+00:00,1958.5,78.93,345.1,13.63,375.6,21.8,624.3,0.0636,0.84,245.0,155.0,10.0
2025-06-09T15:13:00+00:00,2071.2,83.94,351.5,13.65,400.7,20.6,605.1,0.0593,0.85,245.0,155.0,11.0
2025-06-09T15:14:00+00:00,2000.7,80.16,337.7,13.77,381.6,23.2,590.6,0.0650,0.91,245.0,155.0,8.4
2025-06-09T15:15:00+00:00,2050.1,81.61,348.1,13.91,407.8,19.5,646.8,0.0593,0.87,245.0,155.0,11.1
2025-06-09T15:16:00+00:00,2431.6,81.87,350.5,14.04,386.1,20.2,639.7,0.0612,0.87,245.0,155.0,9.4
2025-06-09T15:17:00+00:00,2073.0,82.92,347.2,13.52,378.1,21.8,597.3,0.0586,0.80,245.0,155.0,9.6
2025-06-09T15:18:00+00:00,1967.7,81.87,354.9,13.75,365.1,20.9,566.2,0.0604,0.87,245.0,155.0,10.2
2025-06-09T15:19:00+00:00,2053.7,81.76,349.1,13.65,380.0,19.9,587.0,0.0598,0.83,245.0,155.0,9.4
2025-06-09T15:20:00+00:00,2036.5,81.99,356.4,13.72,363.4,20.5,620.8,0.0595,0.91,245.0,155.0,13.0
2025-06-09T15:21:00+00:00,2544.4,83.75,333.9,13.77,404.5,18.2,606.9,0.0615,0.84,245.0,155.0,10.9
2025-06-09T15:22:00+00:00,2089.2,84.38,355.4,13.70,374.5,18.9,601.6,0.0673,0.87,245.0,155.0,11.2
2025-06-09T15:23:00+00:00,2427.1,82.11,343.8,13.85,389.7,20.6,602.4,0.0616,0.91,245.0,155.0,11.1
2025-06-09T15:24:00+00:00,2160.8,83.26,343.3,13.80,389.0,19.6,594.4,0.0599,0.89,245.0,155.0,10.0
2025-06-09T15:25:00+00:00,1849.0,79.02,349.8,13.83,389.8,22.1,583.7,0.0626,0.89,245.0,155.0,9.5
2025-06-09T15:26:00+00:00,2371.9,85.05,339.3,13.84,369.7,20.4,579.0,0.0606,0.83,245.0,155.0,11.9
2025-06-09T15:27:00+00:00,2411.9,83.01,355.8,13.95,382.6,19.8,652.8,0.0639,0.88,245.0,155.0,10.1
2025-06-09T15:28:00+00:00,1861.3,84.07,359.4,13.72,355.5,20.7,581.9,0.0576,0.80,245.0,155.0,10.6
2025-06-09T15:29:00+00:00,1959.4,80.56,336.2,13.62,400.7,19.4,647.3,0.0604,0.99,245.0,155.0,9.9
2025-06-09T15:30:00+00:00,2049.3,81.59,337.5,13.72,396.3,20.9,622.0,0.0601,0.96,245.0,155.0,11.3
2025-06-09T15:31:00+00:00,2049.3,83.03,347.6,13.85,371.9,20.8,624.9,0.0589,0.81,245.0,155.0,10.3
2025-06-09T15:32:00+00:00,1929.5,82.07,334.9,13.75,399.0,19.0,624.0,0.0593,0.95,245.0,155.0,10.0
2025-06-09T15:33:00+00:00,1828.8,80.19,344.7,13.68,378.4,20.3,626.0,0.0643,0.87,245.0,155.0,9.5
2025-06-09T15:34:00+00:00,1801.4,80.72,349.4,13.76,377.7,19.6,589.7,0.0582,0.90,245.0,155.0,9.5
2025-06-09T15:35:00+00:00,2008.3,82.95,347.5,13.63,388.6,22.4,622.3,0.0594,0.92,245.0,155.0,10.8
2025-06-09T15:36:00+00:00,2304.9,84.13,360.7,13.73,377.2,21.4,641.0,0.0606,0.88,245.0,155.0,11.8
2025-06-09T15:37:00+00:00,1941.2,83.82,354.8,13.85,362.1,19.1,617.6,0.0619,0.87,245.0,155.0,8.7
2025-06-09T15:38:00+00:00,2118.5,81.73,369.8,13.82,390.7,19.2,619.1,0.0682,0.88,245.0,155.0,8.4
2025-06-09T15:39:00+00:00,2014.0,82.72,355.8,13.70,373.6,19.2,556.0,0.0612,0.89,245.0,155.0,8.6
2025-06-09T15:40:00+00:00,2048.9,84.08,341.6,13.90,395.3,18.9,504.4,0.0591,0.75,245.0,155.0,12.5
2025-06-09T15:41:00+00:00,2076.3,83.49,346.9,13.93,396.4,17.3,631.7,0.0638,0.85,245.0,155.0,10.8
2025-06-09T15:42:00+00:00,2001.0,82.48,334.4,13.75,389.1,22.1,563.5,0.0618,0.92,245.0,155.0,9.9
2025-06-09T15:43:00+00:00,1723.5,81.21,355.4,13.39,362.6,20.2,561.8,0.0578,0.90,245.0,155.0,11.4
2025-06-09T15:44:00+00:00,2169.7,80.84,354.7,13.86,409.6,21.5,597.5,0.0603,0.91,245.0,155.0,11.2
2025-06-09T15:45:00+00:00,1871.3,81.23,353.1,13.73,366.6,20.0,563.0,0.0592,0.86,245.0,155.0,10.9
2025-06-09T15:46:00+00:00,2002.5,83.04,346.4,13.76,380.3,21.2,587.7,0.0702,0.85,245.0,155.0,10.1
2025-06-09T15:47:00+00:00,1953.6,84.02,352.1,13.84,382.5,17.6,583.7,0.0591,0.92,245.0,155.0,9.4
2025-06-09T15:48:00+00:00,2112.9,81.08,345.8,13.78,385.8,18.7,616.3,0.0662,0.91,245.0,155.0,9.3
2025-06-09T15:49:00+00:00,1874.1,80.29,351.4,13.85,378.4,22.6,585.7,0.0579,0.83,245.0,155.0,11.5
2025-06-09T15:50:00+00:00,2087.6,83.17,355.8,13.86,360.2,18.1,687.4,0.0593,0.87,245.0,155.0,10.3
2025-06-09T15:51:00+00:00,2004.3,83.08,350.1,14.00,369.8,20.0,614.3,0.0584,0.82,245.0,155.0,9.4
2025-06-09T15:52:00+00:00,1995.0,81.44,367.3,14.04,386.0,21.4,626.1,0.0581,0.80,245.0,155.0,10.0
2025-06-09T15:53:00+00:00,1949.6,82.33,353.6,13.73,365.1,23.2,618.8,0.0591,0.93,245.0,155.0,7.9
2025-06-09T15:54:00+00:00,2012.4,81.10,340.0,13.83,397.2,18.3,642.5,0.0595,0.92,245.0,155.0,11.6
2025-06-09T15:55:00+00:00,2107.1,82.75,341.4,13.88,399.9,20.8,591.7,0.0643,0.88,245.0,155.0,9.6
2025-06-09T15:56:00+00:00,1959.7,78.60,358.1,13.77,373.3,22.3,598.3,0.0628,0.89,245.0,155.0,11.2
2025-06-09T15:57:00+00:00,2140.3,83.51,343.9,13.69,376.2,23.0,567.1,0.0602,0.92,245.0,155.0,11.0
2025-06-09T15:58:00+00:00,2067.8,80.69,342.3,13.76,388.1,19.2,591.8,0.0629,0.83,245.0,155.0,10.8
2025-06-09T15:59:00+00:00,1960.5,83.76,335.7,13.72,385.1,20.5,623.1,0.0595,0.93,245.0,155.0,11.0
2025-06-09T16:00:00+00:00,2225.7,82.26,341.2,13.81,383.2,22.2,623.3,0.0619,0.90,245.0,155.0,10.0
2025-06-09T16:01:00+00:00,1897.2,81.01,351.0,13.90,381.7,18.2,597.4,0.0580,0.84,245.0,155.0,10.7
2025-06-09T16:02:00+00:00,2232.0,82.92,352.9,13.99,393.5,21.2,604.1,0.0635,1.01,245.0,155.0,8.9
2025-06-09T16:03:00+00:00,1905.0,81.99,337.0,13.66,375.7,21.7,586.4,0.0602,0.81,245.0,155.0,9.3
2025-06-09T16:04:00+00:00,1974.4,80.67,348.5,13.78,397.4,18.8,657.5,0.0661,0.89,245.0,155.0,10.8
2025-06-09T16:05:00+00:00,2025.3,84.83,351.9,13.93,388.9,19.3,615.9,0.0590,0.87,245.0,155.0,11.0
2025-06-09T16:06:00+00:00,2095.3,82.30,350.6,13.52,380.6,17.2,591.4,0.0593,0.87,245.0,155.0,8.2
2025-06-09T16:07:00+00:00,2021.6,80.87,343.4,13.63,384.4,17.5,585.3,0.0641,0.95,245.0,155.0,11.1
2025-06-09T16:08:00+00:00,1985.9,81.67,345.1,13.73,370.6,18.5,608.4,0.0596,0.95,245.0,155.0,9.4
2025-06-09T16:09:00+00:00,2111.0,80.44,354.8,13.72,393.1,17.5,598.0,0.0615,0.98,245.0,155.0,10.1
2025-06-09T16:10:00+00:00,1972.7,81.95,352.9,13.82,417.5,20.0,565.3,0.0601,0.97,245.0,155.0,13.1
2025-06-09T16:11:00+00:00,1982.6,82.42,348.4,13.96,384.3,23.7,599.8,0.0623,0.89,245.0,155.0,10.5
2025-06-09T16:12:00+00:00,2048.7,80.71,356.1,14.15,379.8,18.9,608.7,0.0595,0.90,245.0,155.0,11.6
2025-06-09T16:13:00+00:00,2019.2,81.98,336.3,13.92,399.4,18.0,627.3,0.0603,0.87,245.0,155.0,10.4
2025-06-09T16:14:00+00:00,2025.0,78.78,354.0,13.90,385.9,18.4,579.0,0.0613,0.87,245.0,155.0,9.9
2025-06-09T16:15:00+00:00,2156.1,80.47,355.6,13.75,371.6,19.4,652.5,0.0606,0.95,245.0,155.0,9.8
2025-06-09T16:16:00+00:00,2037.7,82.00,352.7,13.90,366.5,20.5,639.2,0.0618,0.91,245.0,155.0,10.6
2025-06-09T16:17:00+00:00,2016.9,78.60,345.8,13.85,373.7,19.7,587.5,0.0590,0.86,245.0,155.0,10.9
2025-06-09T16:18:00+00:00,2128.2,82.65,351.8,13.79,393.2,22.3,576.1,0.0607,0.80,245.0,155.0,10.7
2025-06-09T16:19:00+00:00,2032.2,81.20,345.8,13.77,402.6,20.3,601.5,0.0592,0.89,245.0,155.0,10.4
2025-06-09T16:20:00+00:00,872.6,79.79,357.4,13.81,359.6,20.2,566.4,0.0593,0.85,245.0,155.0,10.2
2025-06-09T16:21:00+00:00,965.3,80.86,365.9,13.72,351.7,20.8,602.2,0.0540,0.94,245.0,155.0,9.5
2025-06-09T16:22:00+00:00,1200.3,79.33,371.3,13.69,362.3,18.6,545.3,0.0549,0.91,245.0,155.0,11.3
2025-06-09T16:23:00+00:00,782.4,77.63,367.4,13.74,355.0,18.2,542.1,0.0573,0.91,245.0,155.0,9.6
2025-06-09T16:24:00+00:00,970.5,80.43,368.1,13.85,319.3,20.0,547.2,0.0531,0.86,245.0,155.0,11.4
2025-06-09T16:25:00+00:00,970.6,77.87,362.5,13.75,351.2,18.7,531.1,0.0580,0.79,245.0,155.0,8.7
2025-06-09T16:26:00+00:00,1057.0,81.80,349.4,13.90,353.4,20.9,618.9,0.0544,0.92,245.0,155.0,10.8
2025-06-09T16:27:00+00:00,1136.2,81.12,353.7,13.62,362.5,20.9,614.1,0.0564,0.89,245.0,155.0,11.3
2025-06-09T16:28:00+00:00,947.8,81.12,349.5,13.65,364.8,21.2,479.9,0.0545,0.88,245.0,155.0,10.2
2025-06-09T16:29:00+00:00,898.4,80.03,358.7,13.64,342.3,20.3,553.6,0.0534,0.91,245.0,155.0,11.6
2025-06-09T16:30:00+00:00,1021.3,76.84,356.2,14.07,370.4,17.7,541.1,0.0572,0.95,245.0,155.0,9.5
2025-06-09T16:31:00+00:00,1024.6,81.14,351.6,13.81,363.3,20.0,527.5,0.0546,0.90,245.0,155.0,10.7
2025-06-10T06:00:00+00:00,1083.1,77.58,347.4,13.77,331.6,18.7,569.2,0.0551,0.99,230.0,140.0,13.6
2025-06-10T06:01:00+00:00,1040.5,79.71,366.4,13.77,361.0,19.7,582.6,0.0543,0.93,230.0,140.0,13.0
2025-06-10T06:02:00+00:00,1106.7,75.52,355.2,13.81,352.9,19.6,568.2,0.0594,0.99,230.0,140.0,12.2
2025-06-10T06:03:00+00:00,976.7,78.83,364.8,13.85,343.5,20.5,571.7,0.0552,1.04,230.0,140.0,12.9
2025-06-10T06:04:00+00:00,1016.4,75.75,362.2,13.82,363.9,17.3,542.3,0.0577,0.91,230.0,140.0,13.3
2025-06-10T06:05:00+00:00,930.4,78.46,361.9,13.67,327.9,19.8,502.1,0.0579,0.89,230.0,140.0,12.6
2025-06-10T06:06:00+00:00,1111.2,78.16,363.9,13.86,351.1,19.2,564.0,0.0547,0.91,230.0,140.0,14.0
2025-06-10T06:07:00+00:00,946.7,78.35,349.6,14.04,345.9,18.0,566.1,0.0593,0.93,230.0,140.0,13.5
2025-06-10T06:08:00+00:00,890.2,78.90,362.4,13.76,363.3,19.6,522.5,0.0551,0.99,230.0,140.0,12.5
2025-06-10T06:09:00+00:00,863.4,78.06,358.2,13.64,345.5,21.5,533.3,0.0530,0.89,230.0,140.0,13.4
2025-06-10T06:10:00+00:00,898.5,78.34,351.2,13.73,331.4,21.2,577.7,0.0530,0.86,230.0,140.0,12.9
2025-06-10T06:11:00+00:00,945.0,78.98,347.5,13.62,349.3,19.6,582.2,0.0540,0.95,230.0,140.0,14.1
2025-06-10T06:12:00+00:00,1043.3,79.37,361.9,14.00,319.1,20.4,550.3,0.0554,1.03,230.0,140.0,12.8
2025-06-10T06:13:00+00:00,1077.0,80.30,354.6,13.80,339.1,18.9,535.8,0.0590,0.98,230.0,140.0,14.2
2025-06-10T06:14:00+00:00,2034.6,83.25,355.3,13.69,391.4,19.7,676.4,0.0598,0.93,230.0,140.0,14.0
2025-06-10T06:15:00+00:00,2071.6,82.28,344.6,13.67,409.4,18.4,641.8,0.0592,0.86,230.0,140.0,14.4
2025-06-10T06:16:00+00:00,2041.9,80.84,364.0,13.67,396.9,21.4,514.5,0.0659,0.99,230.0,140.0,11.4
2025-06-10T06:17:00+00:00,1989.3,81.55,349.8,13.79,374.7,19.6,629.8,0.0594,0.93,230.0,140.0,12.6
2025-06-10T06:18:00+00:00,2030.8,82.76,346.8,13.74,392.5,19.5,609.5,0.0605,0.96,230.0,140.0,14.4
2025-06-10T06:19:00+00:00,2090.4,83.71,350.3,13.81,398.6,20.2,592.1,0.0602,0.94,230.0,140.0,13.4
2025-06-10T06:20:00+00:00,2063.4,81.18,349.9,13.79,380.6,22.0,645.9,0.0631,1.03,230.0,140.0,13.1
2025-06-10T06:21:00+00:00,2090.7,80.14,345.1,14.14,404.1,21.2,577.0,0.0605,0.97,230.0,140.0,15.4
2025-06-10T06:22:00+00:00,1997.7,82.94,344.0,13.47,380.5,17.9,579.3,0.0636,0.92,230.0,140.0,14.9
2025-06-10T06:23:00+00:00,2170.7,85.64,347.0,13.94,409.4,18.5,637.3,0.0604,0.92,230.0,140.0,14.4
2025-06-10T06:24:00+00:00,2118.0,83.06,357.7,13.65,387.6,20.0,583.4,0.0611,1.03,230.0,140.0,12.7
2025-06-10T06:25:00+00:00,1992.1,83.20,352.1,13.78,394.0,18.7,563.4,0.0592,0.90,230.0,140.0,14.4
2025-06-10T06:26:00+00:00,1938.3,82.20,355.3,13.72,397.4,20.1,589.8,0.0666,0.99,230.0,140.0,15.9
2025-06-10T06:27:00+00:00,2089.6,82.24,350.8,13.81,394.0,21.2,628.0,0.0605,1.00,230.0,140.0,14.3
2025-06-10T06:28:00+00:00,2029.2,85.17,345.4,13.86,398.2,19.7,642.1,0.0612,0.95,230.0,140.0,14.0
2025-06-10T06:29:00+00:00,2149.6,83.33,345.0,13.68,400.0,18.6,640.2,0.0605,0.94,230.0,140.0,14.4
2025-06-10T06:30:00+00:00,2050.7,85.04,356.3,13.70,377.4,21.8,605.2,0.0602,0.98,230.0,140.0,12.6
2025-06-10T06:31:00+00:00,1846.4,79.38,354.0,13.84,368.0,19.6,625.3,0.0597,1.03,230.0,140.0,12.9
2025-06-10T06:32:00+00:00,2002.4,82.11,337.7,13.68,386.6,22.5,602.0,0.0599,0.96,230.0,140.0,13.1
2025-06-10T06:33:00+00:00,2132.1,80.91,338.1,13.35,384.7,20.3,565.0,0.0626,0.93,230.0,140.0,13.2
2025-06-10T06:34:00+00:00,2082.0,79.97,356.2,13.80,393.3,20.7,603.9,0.0599,0.92,230.0,140.0,12.9
2025-06-10T06:35:00+00:00,2061.0,82.76,355.0,13.98,392.7,19.9,554.1,0.0602,0.95,230.0,140.0,14.8
2025-06-10T06:36:00+00:00,1953.1,82.92,348.6,13.82,381.8,16.8,607.9,0.0603,0.91,230.0,140.0,14.0
2025-06-10T06:37:00+00:00,1912.2,80.39,344.6,13.81,401.4,19.5,582.4,0.0697,1.01,230.0,140.0,12.3
2025-06-10T06:38:00+00:00,1902.6,77.42,346.6,13.88,387.4,19.1,630.0,0.0600,1.04,230.0,140.0,14.2
2025-06-10T06:39:00+00:00,1906.9,82.88,350.8,13.71,393.3,16.2,581.4,0.0655,1.06,230.0,140.0,12.6
2025-06-10T06:40:00+00:00,1998.7,82.17,345.8,13.69,375.9,21.0,648.8,0.0604,1.01,230.0,140.0,14.9
2025-06-10T06:41:00+00:00,2137.3,81.88,347.6,13.57,386.1,23.8,581.8,0.0610,0.93,230.0,140.0,12.6
2025-06-10T06:42:00+00:00,2070.6,81.78,346.4,13.93,373.8,21.3,578.0,0.0603,0.96,230.0,140.0,11.8
2025-06-10T06:43:00+00:00,2068.8,82.62,365.0,13.86,384.5,19.5,601.5,0.0606,1.01,230.0,140.0,14.1
2025-06-10T06:44:00+00:00,2105.6,84.03,357.7,13.34,391.5,22.5,626.1,0.0604,0.96,230.0,140.0,15.2
2025-06-10T06:45:00+00:00,1943.9,83.15,353.2,13.59,397.1,18.3,649.4,0.0657,0.92,230.0,140.0,13.1
2025-06-10T06:46:00+00:00,2088.2,85.81,352.4,13.86,376.3,21.9,569.4,0.0601,0.94,230.0,140.0,12.1
2025-06-10T06:47:00+00:00,2191.8,82.87,343.0,13.84,399.1,18.2,606.8,0.0655,0.78,230.0,140.0,15.6
2025-06-10T06:48:00+00:00,2068.4,79.74,354.4,13.56,393.5,20.3,664.2,0.0689,0.93,230.0,140.0,12.1
2025-06-10T06:49:00+00:00,2049.2,81.81,339.1,13.67,375.9,19.8,624.1,0.0608,0.92,230.0,140.0,14.4
2025-06-10T06:50:00+00:00,1914.2,81.52,354.1,13.74,372.5,20.9,609.7,0.0589,0.92,230.0,140.0,11.9
2025-06-10T06:51:00+00:00,2050.0,80.98,342.3,13.86,375.7,20.4,599.7,0.0630,0.95,230.0,140.0,13.0
2025-06-10T06:52:00+00:00,2086.1,81.75,341.3,13.79,386.0,20.3,646.6,0.0599,0.92,230.0,140.0,14.1
2025-06-10T06:53:00+00:00,1955.8,81.34,352.5,13.69,381.0,19.3,620.8,0.0668,1.01,230.0,140.0,12.3
2025-06-10T06:54:00+00:00,1846.2,80.93,354.9,13.84,383.7,20.7,681.0,0.0652,0.94,230.0,140.0,15.0
2025-06-10T06:55:00+00:00,1789.1,80.22,350.5,13.79,370.2,20.0,613.6,0.0580,0.87,230.0,140.0,12.3
2025-06-10T06:56:00+00:00,2095.3,82.96,350.5,13.89,386.7,21.8,626.4,0.0606,0.98,230.0,140.0,14.7
2025-06-10T06:57:00+00:00,1901.2,81.88,357.4,13.53,391.8,22.4,585.8,0.0593,0.96,230.0,140.0,14.0
2025-06-10T06:58:00+00:00,1966.6,82.45,347.2,13.83,382.7,22.7,589.0,0.0623,0.97,230.0,140.0,14.8
2025-06-10T06:59:00+00:00,2037.8,82.58,351.0,13.94,351.7,20.3,552.5,0.0599,0.96,230.0,140.0,13.9
2025-06-10T07:00:00+00:00,2204.2,84.21,347.1,13.87,386.9,21.9,582.1,0.0601,0.89,230.0,140.0,12.4
2025-06-10T07:01:00+00:00,2072.4,83.09,352.5,13.82,379.7,20.0,585.4,0.0593,0.88,230.0,140.0,13.0
2025-06-10T07:02:00+00:00,2039.1,80.54,360.6,13.90,372.0,18.9,632.5,0.0737,1.00,230.0,140.0,12.9
2025-06-10T07:03:00+00:00,2181.7,81.72,353.5,13.91,404.7,21.7,584.7,0.0609,0.98,230.0,140.0,14.5
2025-06-10T07:04:00+00:00,1930.1,80.38,345.6,13.75,386.2,19.5,576.8,0.0593,0.95,230.0,140.0,12.7
2025-06-10T07:05:00+00:00,1819.6,81.28,351.7,13.81,386.5,22.5,616.1,0.0586,0.93,230.0,140.0,12.4
2025-06-10T07:06:00+00:00,1997.7,82.96,361.2,13.36,375.5,19.6,591.7,0.0602,0.98,230.0,140.0,13.0
2025-06-10T07:07:00+00:00,1885.8,81.23,344.8,13.82,387.6,18.0,616.1,0.0601,1.05,230.0,140.0,13.2
2025-06-10T07:08:00+00:00,2103.9,84.71,342.8,13.57,396.5,18.5,635.9,0.0620,0.99,230.0,140.0,12.4
2025-06-10T07:09:00+00:00,2163.7,82.05,357.3,13.72,385.7,20.3,677.6,0.0644,0.96,230.0,140.0,13.0
2025-06-10T07:10:00+00:00,2022.2,83.39,342.5,14.05,377.8,22.4,592.0,0.0595,0.91,230.0,140.0,13.9
2025-06-10T07:11:00+00:00,2093.4,82.28,349.8,13.63,382.0,18.0,606.7,0.0642,1.00,230.0,140.0,14.5
2025-06-10T07:12:00+00:00,2466.7,85.94,348.2,13.56,416.7,22.0,632.7,0.0619,0.90,230.0,140.0,13.7
2025-06-10T07:13:00+00:00,2343.7,81.01,350.9,13.82,390.7,19.3,565.3,0.0611,0.89,230.0,140.0,14.2
2025-06-10T07:14:00+00:00,2151.3,80.88,342.4,14.18,369.8,20.4,584.3,0.0610,0.99,230.0,140.0,14.8
2025-06-10T07:15:00+00:00,2488.7,84.93,336.1,13.74,404.7,20.3,654.2,0.0622,0.93,230.0,140.0,13.2
2025-06-10T07:16:00+00:00,2171.8,81.98,349.2,13.83,396.8,18.7,606.4,0.0606,0.95,230.0,140.0,13.2
2025-06-10T07:17:00+00:00,2435.4,84.96,343.9,13.75,392.3,20.4,690.0,0.0668,0.97,230.0,140.0,13.5
2025-06-10T07:18:00+00:00,1976.7,82.18,342.9,13.63,393.1,17.2,637.4,0.0592,0.91,230.0,140.0,14.1
2025-06-10T07:19:00+00:00,1869.6,83.78,357.9,13.87,376.3,17.1,624.2,0.0673,0.98,230.0,140.0,14.4
2025-06-10T07:20:00+00:00,2447.6,82.48,356.3,13.95,410.7,18.3,562.5,0.0629,0.96,230.0,140.0,13.7
2025-06-10T07:21:00+00:00,2144.4,82.15,341.5,13.88,382.2,18.2,542.3,0.0610,0.99,230.0,140.0,13.4
2025-06-10T07:22:00+00:00,2409.9,83.24,346.5,13.83,399.8,19.4,630.8,0.0616,0.92,230.0,140.0,13.4
2025-06-10T07:23:00+00:00,2080.2,80.18,356.1,13.79,378.1,18.6,567.0,0.0598,0.93,230.0,140.0,12.9
2025-06-10T07:24:00+00:00,2465.3,81.11,351.1,13.78,395.4,20.2,598.7,0.0629,1.03,230.0,140.0,13.7
2025-06-10T07:25:00+00:00,2215.4,84.55,342.3,13.90,380.9,17.0,637.5,0.0606,0.92,230.0,140.0,13.1
2025-06-10T07:26:00+00:00,2483.9,81.54,348.4,13.73,413.5,18.2,637.0,0.0625,0.95,230.0,140.0,13.3
2025-06-10T07:27:00+00:00,2529.4,84.53,347.9,13.86,419.1,19.5,604.7,0.0685,0.92,230.0,140.0,13.6
2025-06-10T07:28:00+00:00,2178.9,82.98,337.2,13.92,389.7,20.8,648.1,0.0598,0.87,230.0,140.0,12.3
2025-06-10T07:29:00+00:00,2500.5,83.73,358.6,13.77,374.8,20.9,647.9,0.0691,0.89,230.0,140.0,13.0
2025-06-10T07:30:00+00:00,2032.5,80.09,350.1,13.78,383.3,18.2,587.2,0.0600,0.97,230.0,140.0,14.0
2025-06-10T07:31:00+00:00,2151.6,82.41,343.6,14.02,400.1,18.1,628.6,0.0618,0.87,230.0,140.0,12.2
2025-06-10T07:32:00+00:00,2476.2,84.86,340.4,13.88,385.7,22.6,597.1,0.0632,1.05,230.0,140.0,14.6
2025-06-10T07:33:00+00:00,2431.3,84.90,338.2,13.80,405.9,20.8,607.8,0.0684,1.00,230.0,140.0,12.4
2025-06-10T07:34:00+00:00,2539.4,84.65,344.2,13.68,401.2,19.3,596.1,0.0727,1.03,230.0,140.0,13.8
2025-06-10T07:35:00+00:00,2036.5,82.47,339.7,13.75,368.0,18.3,618.4,0.0599,0.95,230.0,140.0,14.2
2025-06-10T07:36:00+00:00,2088.4,81.47,333.1,13.79,395.2,18.7,616.6,0.0608,1.00,230.0,140.0,13.6
2025-06-10T07:37:00+00:00,2421.8,85.48,361.1,14.00,398.1,22.2,604.0,0.0621,0.95,230.0,140.0,13.9
2025-06-10T07:38:00+00:00,1964.7,81.13,349.7,13.65,387.7,18.8,593.2,0.0600,0.99,230.0,140.0,12.1
2025-06-10T07:39:00+00:00,2043.3,81.97,347.2,13.68,372.1,19.4,602.5,0.0629,0.91,230.0,140.0,12.5
2025-06-10T07:40:00+00:00,1981.8,80.13,351.7,13.95,376.3,23.1,596.5,0.0587,0.86,230.0,140.0,12.6
2025-06-10T07:41:00+00:00,2151.8,81.68,347.7,13.81,379.7,21.4,582.5,0.0686,0.93,230.0,140.0,12.6
2025-06-10T07:42:00+00:00,2051.6,82.04,343.1,13.62,403.1,20.4,615.0,0.0603,0.99,230.0,140.0,14.4
2025-06-10T07:43:00+00:00,2031.9,80.91,346.2,13.84,361.6,19.9,601.8,0.0665,0.96,230.0,140.0,13.3
2025-06-10T07:44:00+00:00,2138.7,83.55,366.3,13.67,372.8,22.7,574.4,0.0607,0.98,230.0,140.0,12.0
2025-06-10T07:45:00+00:00,2046.5,84.78,348.0,13.86,390.7,21.6,558.0,0.0613,1.08,230.0,140.0,12.7
2025-06-10T07:46:00+00:00,2046.7,81.09,351.3,13.49,372.8,20.9,601.2,0.0645,0.81,230.0,140.0,13.5
2025-06-10T07:47:00+00:00,1994.6,81.86,349.7,13.90,376.4,19.6,611.5,0.0599,0.96,230.0,140.0,12.5
2025-06-10T07:48:00+00:00,1948.3,81.88,340.8,13.69,404.1,22.1,547.8,0.0601,1.01,230.0,140.0,13.7
2025-06-10T07:49:00+00:00,2086.0,83.07,353.4,14.10,396.0,17.4,633.4,0.0611,1.04,230.0,140.0,12.5
2025-06-10T07:50:00+00:00,2166.8,82.62,342.7,14.13,368.9,20.6,588.1,0.0646,1.00,230.0,140.0,14.2
2025-06-10T07:51:00+00:00,2082.2,83.75,351.0,13.66,366.2,22.1,608.5,0.0598,0.93,230.0,140.0,15.4
2025-06-10T07:52:00+00:00,1966.5,81.50,364.5,13.74,383.0,19.1,555.7,0.0590,0.90,230.0,140.0,12.7
2025-06-10T07:53:00+00:00,1998.3,80.58,336.5,13.94,375.2,20.3,635.9,0.0600,0.90,230.0,140.0,15.4
2025-06-10T07:54:00+00:00,2021.8,83.91,349.7,13.56,410.4,22.6,539.7,0.0634,1.00,230.0,140.0,13.4
2025-06-10T07:55:00+00:00,1940.3,80.86,346.2,13.98,391.8,20.7,602.6,0.0598,0.98,230.0,140.0,13.6
2025-06-10T07:56:00+00:00,1913.7,81.77,355.0,13.93,396.4,21.0,654.7,0.0676,0.93,230.0,140.0,14.0
2025-06-10T07:57:00+00:00,1700.9,79.91,357.1,13.72,362.8,21.8,570.6,0.0593,0.96,230.0,140.0,14.6
2025-06-10T07:58:00+00:00,2035.9,80.10,345.9,13.86,373.7,19.9,602.8,0.0595,0.92,230.0,140.0,14.0
2025-06-10T07:59:00+00:00,1898.1,84.08,331.9,13.61,370.7,21.3,596.0,0.0595,0.99,230.0,140.0,12.7
2025-06-10T08:00:00+00:00,1795.0,83.64,367.9,13.64,402.8,19.7,596.7,0.0587,0.96,230.0,140.0,13.3
2025-06-10T08:01:00+00:00,2176.9,83.69,348.2,13.95,400.0,18.7,591.8,0.0614,1.03,230.0,140.0,13.7
2025-06-10T08:02:00+00:00,1928.1,83.87,351.1,13.53,401.0,20.5,586.9,0.0646,0.98,230.0,140.0,12.7
2025-06-10T08:03:00+00:00,1913.8,84.28,351.4,13.82,385.9,18.8,607.2,0.0658,1.02,230.0,140.0,14.0
2025-06-10T08:04:00+00:00,2111.2,81.94,340.3,13.95,388.6,19.9,581.7,0.0681,0.94,230.0,140.0,14.5
2025-06-10T08:05:00+00:00,2035.5,82.99,358.1,13.72,379.9,18.7,570.8,0.0613,0.97,230.0,140.0,13.8
2025-06-10T08:06:00+00:00,1986.9,83.82,348.6,13.91,387.3,22.1,566.3,0.0638,1.03,230.0,140.0,12.1
2025-06-10T08:07:00+00:00,1919.7,83.05,354.0,13.74,382.0,21.4,618.7,0.0590,0.92,230.0,140.0,15.3
2025-06-10T08:08:00+00:00,1962.5,81.00,353.4,13.83,378.3,19.3,567.8,0.0671,0.90,230.0,140.0,12.8
2025-06-10T08:09:00+00:00,1927.2,84.52,341.1,13.65,383.7,20.7,656.1,0.0594,0.94,230.0,140.0,12.4
2025-06-10T08:10:00+00:00,2017.4,83.42,353.4,13.76,407.6,23.7,592.3,0.0606,1.03,230.0,140.0,16.0
2025-06-10T08:11:00+00:00,2065.7,85.00,350.9,13.79,395.0,22.5,655.0,0.0646,0.91,230.0,140.0,12.9
2025-06-10T08:12:00+00:00,2041.0,80.26,343.6,13.42,384.8,20.0,589.5,0.0590,0.87,230.0,140.0,14.6
2025-06-10T08:13:00+00:00,2036.8,80.33,346.3,13.79,385.5,21.3,623.8,0.0603,0.98,230.0,140.0,14.8
2025-06-10T08:14:00+00:00,2058.2,83.28,347.9,13.72,398.6,20.8,650.1,0.0751,0.90,230.0,140.0,12.2
2025-06-10T08:15:00+00:00,1861.9,83.25,357.1,13.77,344.9,17.5,582.1,0.0589,0.94,230.0,140.0,13.8
2025-06-10T08:16:00+00:00,2037.1,81.95,341.1,14.08,373.7,18.3,618.4,0.0599,0.95,230.0,140.0,13.8
2025-06-10T08:17:00+00:00,1925.4,82.70,345.4,13.72,393.8,20.8,575.3,0.0637,0.93,230.0,140.0,13.3
2025-06-10T08:18:00+00:00,1942.2,82.22,358.4,13.87,376.5,22.9,660.0,0.0629,0.97,230.0,140.0,15.8
2025-06-10T08:19:00+00:00,2121.0,84.15,357.2,13.66,399.8,21.6,587.0,0.0601,0.93,230.0,140.0,13.3
2025-06-10T08:20:00+00:00,2051.1,79.58,342.8,13.84,377.1,19.5,619.9,0.0636,1.01,230.0,140.0,12.9
2025-06-10T08:21:00+00:00,1874.8,80.46,352.5,14.03,387.4,21.1,630.7,0.0587,0.91,230.0,140.0,13.9
2025-06-10T08:22:00+00:00,2141.0,82.56,340.2,13.81,399.5,20.7,669.0,0.0635,0.88,230.0,140.0,13.1
2025-06-10T08:23:00+00:00,2049.1,81.94,341.2,13.98,397.3,20.2,622.1,0.0655,0.96,230.0,140.0,13.7
2025-06-10T08:24:00+00:00,1932.9,81.29,349.8,13.82,384.2,21.7,555.1,0.0663,0.91,230.0,140.0,14.5
2025-06-10T08:25:00+00:00,1997.6,83.97,339.9,13.83,381.3,20.7,609.3,0.0592,0.90,230.0,140.0,14.7
2025-06-10T08:26:00+00:00,1919.8,80.86,354.2,13.77,383.1,19.9,564.9,0.0613,0.91,230.0,140.0,13.1
2025-06-10T08:27:00+00:00,1920.3,81.83,344.6,13.80,383.0,18.6,603.5,0.0591,0.93,230.0,140.0,12.1
2025-06-10T08:28:00+00:00,1811.0,82.47,358.1,14.14,378.8,21.5,622.6,0.0589,0.98,230.0,140.0,12.8
2025-06-10T08:29:00+00:00,2014.6,81.63,348.3,13.98,397.3,21.4,670.2,0.0599,0.96,230.0,140.0,11.9
2025-06-10T08:30:00+00:00,2008.4,81.46,356.7,13.79,388.3,18.4,629.5,0.0667,1.00,230.0,140.0,11.9
2025-06-10T08:31:00+00:00,1808.2,82.09,337.7,13.67,383.5,22.4,562.9,0.0612,0.90,230.0,140.0,14.9
2025-06-10T08:32:00+00:00,2095.9,81.68,361.4,13.82,422.0,20.5,626.3,0.0605,0.97,230.0,140.0,14.0
2025-06-10T08:33:00+00:00,1967.4,82.64,341.8,14.03,381.0,21.2,602.1,0.0614,0.91,230.0,140.0,14.3
2025-06-10T08:34:00+00:00,1969.7,81.57,356.1,13.70,358.5,20.4,629.3,0.0605,0.98,230.0,140.0,14.3
2025-06-10T08:35:00+00:00,1889.6,82.09,358.9,13.70,399.8,19.0,689.2,0.0660,1.01,230.0,140.0,12.3
2025-06-10T08:36:00+00:00,2010.4,82.46,335.5,13.60,398.5,21.2,602.4,0.0597,0.94,230.0,140.0,14.0
2025-06-10T08:37:00+00:00,1124.8,77.09,348.9,13.58,352.0,20.3,553.4,0.0587,0.92,230.0,140.0,14.0
2025-06-10T08:38:00+00:00,941.1,79.84,367.8,13.85,346.5,19.1,552.6,0.0544,0.98,230.0,140.0,12.7
2025-06-10T08:39:00+00:00,892.4,76.39,361.0,14.00,342.4,19.8,533.4,0.0532,0.88,230.0,140.0,12.7
2025-06-10T08:40:00+00:00,911.8,79.06,357.4,13.54,353.9,21.0,548.7,0.0606,0.93,230.0,140.0,13.5
2025-06-10T08:41:00+00:00,864.2,77.55,358.7,13.68,363.3,20.3,543.6,0.0536,0.94,230.0,140.0,14.2
2025-06-10T08:42:00+00:00,881.3,78.59,366.8,13.47,346.8,19.2,537.0,0.0560,0.93,230.0,140.0,12.4
2025-06-10T08:43:00+00:00,860.5,77.44,363.7,13.95,349.6,20.3,544.7,0.0537,0.96,230.0,140.0,12.1
2025-06-10T08:44:00+00:00,1000.1,77.72,360.5,13.92,358.0,20.7,528.5,0.0543,0.96,230.0,140.0,12.7
2025-06-10T08:45:00+00:00,1013.9,76.90,359.3,13.73,376.6,20.1,568.8,0.0544,0.96,230.0,140.0,12.9
2025-06-10T08:46:00+00:00,957.0,79.76,365.2,14.04,351.9,19.5,516.2,0.0570,0.93,230.0,140.0,14.3
2025-06-10T08:47:00+00:00,1144.9,80.42,349.8,13.74,345.5,21.0,589.5,0.0589,0.95,230.0,140.0,13.6
2025-06-10T08:48:00+00:00,1029.4,80.69,364.5,13.99,336.1,17.0,606.6,0.0547,0.96,230.0,140.0,12.9
2025-06-10T08:49:00+00:00,991.8,78.14,345.8,13.91,332.2,18.2,607.4,0.0578,1.03,230.0,140.0,14.5
2025-06-10T14:00:00+00:00,1067.5,79.06,349.9,13.66,356.6,19.6,551.4,0.0633,0.94,230.0,140.0,12.7
2025-06-10T14:01:00+00:00,780.4,76.42,357.3,14.04,344.2,21.3,543.2,0.0568,0.99,230.0,140.0,14.2
2025-06-10T14:02:00+00:00,960.0,78.67,364.3,13.73,354.6,19.6,519.3,0.0630,1.02,230.0,140.0,14.3
2025-06-10T14:03:00+00:00,949.1,77.18,350.2,13.67,332.0,20.7,564.6,0.0543,0.98,230.0,140.0,14.8
2025-06-10T14:04:00+00:00,880.2,78.73,349.4,14.05,353.5,17.9,582.1,0.0575,1.00,230.0,140.0,13.7
2025-06-10T14:05:00+00:00,1094.2,77.65,359.9,13.70,360.1,19.3,613.7,0.0544,0.92,230.0,140.0,13.7
2025-06-10T14:06:00+00:00,1159.0,77.46,350.1,13.65,352.0,19.7,609.2,0.0593,0.89,230.0,140.0,13.0
2025-06-10T14:07:00+00:00,1004.3,77.73,368.7,13.62,330.0,18.3,536.2,0.0548,0.98,230.0,140.0,12.2
2025-06-10T14:08:00+00:00,986.4,79.56,366.4,13.70,347.7,20.9,534.4,0.0551,1.04,230.0,140.0,12.8
2025-06-10T14:09:00+00:00,997.5,76.32,363.2,13.87,359.8,21.4,565.7,0.0541,0.94,230.0,140.0,12.3
2025-06-10T14:10:00+00:00,893.8,78.40,369.9,13.65,328.7,18.9,573.6,0.0610,0.97,230.0,140.0,13.8
2025-06-10T14:11:00+00:00,883.3,81.07,338.1,13.97,339.8,18.7,529.4,0.0544,1.02,230.0,140.0,12.1
2025-06-10T14:12:00+00:00,1076.5,78.97,353.3,13.81,338.6,21.4,572.9,0.0560,0.87,230.0,140.0,13.0
2025-06-10T14:13:00+00:00,1041.3,76.92,356.3,13.59,344.5,17.0,537.5,0.0555,0.88,230.0,140.0,14.4
2025-06-10T14:14:00+00:00,2157.0,82.21,332.9,14.01,379.3,19.1,613.8,0.0622,0.98,230.0,140.0,13.6
2025-06-10T14:15:00+00:00,2041.8,82.21,351.4,13.99,368.5,18.8,625.2,0.0613,0.94,230.0,140.0,12.6
2025-06-10T14:16:00+00:00,1944.4,81.68,355.3,13.87,391.5,18.8,619.9,0.0632,0.98,230.0,140.0,14.3
2025-06-10T14:17:00+00:00,1693.3,80.38,363.5,14.21,382.8,20.1,597.8,0.0578,0.91,230.0,140.0,14.9
2025-06-10T14:18:00+00:00,2004.3,83.13,353.8,13.78,379.2,21.3,612.6,0.0599,0.97,230.0,140.0,13.0
2025-06-10T14:19:00+00:00,2128.0,79.70,354.7,13.66,382.1,18.7,611.7,0.0599,0.90,230.0,140.0,14.7
2025-06-10T14:20:00+00:00,2039.1,81.30,343.4,13.67,402.0,21.5,628.3,0.0689,0.91,230.0,140.0,13.4
2025-06-10T14:21:00+00:00,1855.0,81.02,358.3,13.81,356.5,19.3,595.4,0.0589,0.93,230.0,140.0,14.1
2025-06-10T14:22:00+00:00,1939.8,84.44,355.9,13.55,399.0,19.5,559.8,0.0658,0.98,230.0,140.0,13.1
2025-06-10T14:23:00+00:00,2102.1,82.05,354.1,13.72,353.2,19.6,558.2,0.0648,0.98,230.0,140.0,15.0
2025-06-10T14:24:00+00:00,2039.2,79.36,349.0,13.91,373.3,23.6,560.1,0.0613,0.93,230.0,140.0,15.4
2025-06-10T14:25:00+00:00,2150.0,83.51,338.1,13.66,399.1,21.2,623.7,0.0617,1.07,230.0,140.0,13.6
2025-06-10T14:26:00+00:00,1936.5,79.32,358.0,13.67,375.4,18.4,599.9,0.0599,1.00,230.0,140.0,10.5
2025-06-10T14:27:00+00:00,1999.5,82.39,357.6,13.73,375.0,21.2,575.7,0.0682,0.91,230.0,140.0,13.9
2025-06-10T14:28:00+00:00,2290.6,80.48,342.4,13.96,381.3,17.2,647.0,0.0629,0.99,230.0,140.0,12.6
2025-06-10T14:29:00+00:00,1933.3,83.81,341.5,13.77,373.5,19.3,615.0,0.0595,0.96,230.0,140.0,13.8
2025-06-10T14:30:00+00:00,2020.6,77.09,351.0,13.85,369.4,20.4,583.2,0.0590,0.86,230.0,140.0,13.3
2025-06-10T14:31:00+00:00,1984.5,82.62,358.7,13.52,376.3,18.1,625.2,0.0698,0.92,230.0,140.0,14.9
2025-06-10T14:32:00+00:00,2009.7,79.53,340.9,13.58,370.4,16.4,618.4,0.0639,0.98,230.0,140.0,14.1
2025-06-10T14:33:00+00:00,1987.9,79.79,352.1,13.79,398.6,19.6,609.6,0.0667,1.01,230.0,140.0,13.5
2025-06-10T14:34:00+00:00,2043.2,80.24,330.1,13.87,363.6,22.6,631.2,0.0604,0.98,230.0,140.0,13.0
2025-06-10T14:35:00+00:00,2024.3,84.21,354.1,13.91,382.2,21.2,615.6,0.0625,0.97,230.0,140.0,13.0
2025-06-10T14:36:00+00:00,2044.7,78.21,341.2,13.79,377.4,22.5,563.8,0.0601,0.97,230.0,140.0,12.1
2025-06-10T14:37:00+00:00,2091.9,81.99,347.0,13.75,368.9,22.1,562.3,0.0609,1.02,230.0,140.0,14.4
2025-06-10T14:38:00+00:00,2085.8,84.45,347.0,13.68,381.0,19.7,590.0,0.0688,0.95,230.0,140.0,14.6
2025-06-10T14:39:00+00:00,2128.0,83.69,345.7,13.55,375.3,19.6,613.2,0.0617,0.82,230.0,140.0,14.0
2025-06-10T14:40:00+00:00,2169.1,85.72,355.3,13.75,368.9,21.8,599.8,0.0600,0.90,230.0,140.0,14.2
2025-06-10T14:41:00+00:00,1974.6,83.76,348.7,13.78,383.7,19.9,641.6,0.0585,0.86,230.0,140.0,11.7
2025-06-10T14:42:00+00:00,2081.0,83.14,356.0,13.71,381.5,21.1,612.9,0.0683,0.97,230.0,140.0,13.6
2025-06-10T14:43:00+00:00,2116.5,81.97,361.1,13.82,385.8,18.6,568.9,0.0604,0.96,230.0,140.0,14.1
2025-06-10T14:44:00+00:00,2083.6,81.65,363.6,13.92,382.6,17.9,608.7,0.0651,1.01,230.0,140.0,13.5
2025-06-10T14:45:00+00:00,2204.7,79.63,344.6,13.56,397.7,21.3,610.8,0.0597,0.84,230.0,140.0,13.5
2025-06-10T14:46:00+00:00,2106.6,82.87,351.0,13.81,397.9,20.0,627.2,0.0610,1.01,230.0,140.0,13.8
2025-06-10T14:47:00+00:00,1989.0,81.91,330.1,13.77,365.1,19.1,541.7,0.0587,0.85,230.0,140.0,12.7
2025-06-10T14:48:00+00:00,1954.6,83.73,342.9,13.84,366.4,20.3,589.4,0.0662,0.92,230.0,140.0,14.1
2025-06-10T14:49:00+00:00,2091.6,83.53,347.3,13.70,392.0,18.0,579.8,0.0597,0.91,230.0,140.0,12.0
2025-06-10T14:50:00+00:00,2022.5,82.05,354.0,13.81,387.6,22.2,606.2,0.0598,0.93,230.0,140.0,12.9
2025-06-10T14:51:00+00:00,1951.3,79.51,335.1,13.84,366.3,20.6,622.2,0.0598,0.99,230.0,140.0,14.9
2025-06-10T14:52:00+00:00,2023.1,84.25,366.1,13.83,391.0,21.8,632.9,0.0601,0.97,230.0,140.0,13.7
2025-06-10T14:53:00+00:00,1909.9,83.31,341.9,13.93,393.5,22.0,587.8,0.0593,0.95,230.0,140.0,13.2
2025-06-10T14:54:00+00:00,1908.8,83.24,352.9,13.84,348.9,19.7,597.9,0.0592,0.94,230.0,140.0,14.0
2025-06-10T14:55:00+00:00,2124.9,83.34,346.9,13.67,397.0,18.8,596.4,0.0614,1.04,230.0,140.0,14.0
2025-06-10T14:56:00+00:00,1993.7,84.44,337.7,13.95,373.7,20.2,603.9,0.0655,1.02,230.0,140.0,13.3
2025-06-10T14:57:00+00:00,2158.6,83.96,353.1,13.73,371.9,20.7,618.5,0.0610,1.00,230.0,140.0,14.4
2025-06-10T14:58:00+00:00,1913.0,81.10,355.4,13.95,380.2,20.8,562.4,0.0594,0.96,230.0,140.0,14.2
2025-06-10T14:59:00+00:00,1955.3,84.39,340.5,13.77,411.2,19.6,610.0,0.0607,0.99,230.0,140.0,13.9
2025-06-10T15:00:00+00:00,1933.6,82.75,364.8,13.90,401.6,20.0,600.8,0.0599,0.99,230.0,140.0,13.3
2025-06-10T15:01:00+00:00,1874.6,84.08,351.6,13.77,374.3,18.8,595.6,0.0595,0.98,230.0,140.0,14.4
2025-06-10T15:02:00+00:00,1830.7,83.77,361.1,13.88,358.5,17.6,640.4,0.0673,0.88,230.0,140.0,12.1
2025-06-10T15:03:00+00:00,1960.3,79.62,339.4,13.94,385.9,18.0,615.1,0.0599,0.98,230.0,140.0,12.8
2025-06-10T15:04:00+00:00,2149.3,82.12,345.4,14.01,375.8,21.2,637.1,0.0741,1.04,230.0,140.0,14.6
2025-06-10T15:05:00+00:00,1951.6,81.14,344.1,13.67,379.3,21.9,593.8,0.0630,0.96,230.0,140.0,13.2
2025-06-10T15:06:00+00:00,1975.6,81.10,357.2,13.80,363.2,22.4,609.0,0.0611,0.95,230.0,140.0,13.7
2025-06-10T15:07:00+00:00,2192.6,86.14,351.1,13.83,407.0,20.2,567.2,0.0607,0.94,230.0,140.0,13.4
2025-06-10T15:08:00+00:00,2051.6,84.13,340.7,13.84,379.3,18.5,584.4,0.0593,0.88,230.0,140.0,13.8
2025-06-10T15:09:00+00:00,2140.4,81.25,361.0,13.73,375.7,19.9,619.1,0.0672,0.91,230.0,140.0,13.0
2025-06-10T15:10:00+00:00,2053.6,83.17,352.2,13.61,378.3,21.7,626.7,0.0604,0.99,230.0,140.0,13.0
2025-06-10T15:11:00+00:00,1823.7,84.14,345.4,14.07,376.5,19.1,615.9,0.0588,0.94,230.0,140.0,14.3
2025-06-10T15:12:00+00:00,2065.8,79.71,348.9,14.11,377.1,18.6,559.5,0.0629,0.95,230.0,140.0,12.8
2025-06-10T15:13:00+00:00,1997.3,82.20,347.1,13.78,394.2,18.2,582.1,0.0599,0.97,230.0,140.0,14.5
2025-06-10T15:14:00+00:00,1865.2,82.63,338.9,13.84,372.4,19.9,592.7,0.0599,1.04,230.0,140.0,13.9
2025-06-10T15:15:00+00:00,1862.4,82.40,357.4,13.90,411.6,20.5,528.7,0.0599,1.02,230.0,140.0,15.3
2025-06-10T15:16:00+00:00,1979.4,82.01,336.1,13.97,376.4,19.9,646.6,0.0723,0.94,230.0,140.0,13.4
2025-06-10T15:17:00+00:00,2483.2,86.17,346.5,13.81,386.9,21.2,590.8,0.0610,0.83,230.0,140.0,12.7
2025-06-10T15:18:00+00:00,2501.9,84.31,333.1,13.74,396.4,22.3,599.4,0.0627,1.00,230.0,140.0,14.1
2025-06-10T15:19:00+00:00,2450.2,82.56,349.5,13.78,404.0,20.5,608.4,0.0614,0.87,230.0,140.0,15.0
2025-06-10T15:20:00+00:00,1901.3,82.33,359.4,13.64,374.7,21.8,629.3,0.0592,0.94,230.0,140.0,12.2
2025-06-10T15:21:00+00:00,1948.4,82.11,355.0,13.54,387.9,20.8,600.7,0.0639,0.94,230.0,140.0,14.4
2025-06-10T15:22:00+00:00,2479.4,83.66,350.5,13.86,393.0,19.0,656.7,0.0633,1.04,230.0,140.0,13.6
2025-06-10T15:23:00+00:00,1779.5,80.42,350.2,13.72,380.9,18.8,618.7,0.0622,0.85,230.0,140.0,14.4
2025-06-10T15:24:00+00:00,2061.8,82.00,364.8,13.61,395.2,20.5,623.3,0.0592,0.85,230.0,140.0,12.4
2025-06-10T15:25:00+00:00,2610.1,83.61,360.2,13.67,415.0,20.5,602.3,0.0647,0.97,230.0,140.0,13.6
2025-06-10T15:26:00+00:00,2032.6,81.47,364.7,13.90,382.6,18.7,641.5,0.0597,0.91,230.0,140.0,13.2
2025-06-10T15:27:00+00:00,2456.2,83.76,331.4,14.07,384.5,20.7,599.3,0.0665,0.93,230.0,140.0,13.0
2025-06-10T15:28:00+00:00,2061.3,79.37,359.2,13.62,370.7,20.2,627.1,0.0607,1.02,230.0,140.0,14.8
2025-06-10T15:29:00+00:00,2078.3,80.39,347.1,13.79,389.8,21.1,625.2,0.0673,0.99,230.0,140.0,12.5
2025-06-10T15:30:00+00:00,2106.2,81.25,337.3,14.04,386.3,20.4,632.4,0.0614,0.98,230.0,140.0,12.7
2025-06-10T15:31:00+00:00,2576.4,84.52,349.7,14.11,386.6,21.0,633.4,0.0630,0.98,230.0,140.0,12.9
2025-06-10T15:32:00+00:00,2469.9,82.94,351.3,13.85,403.8,20.3,571.1,0.0670,0.98,230.0,140.0,14.3
2025-06-10T15:33:00+00:00,2211.0,83.70,356.1,13.66,389.5,20.1,562.4,0.0612,0.99,230.0,140.0,13.7
2025-06-10T15:34:00+00:00,2052.8,84.50,361.9,13.89,383.5,19.1,557.0,0.0609,0.94,230.0,140.0,13.2
2025-06-10T15:35:00+00:00,2051.4,83.35,356.5,13.43,383.1,20.6,583.8,0.0722,0.97,230.0,140.0,12.4
2025-06-10T15:36:00+00:00,1999.0,80.43,352.8,13.51,368.2,20.8,597.7,0.0601,0.99,230.0,140.0,11.3
2025-06-10T15:37:00+00:00,2378.7,83.67,355.3,13.84,399.0,23.3,626.9,0.0619,0.96,230.0,140.0,13.2
2025-06-10T15:38:00+00:00,1907.7,79.31,347.6,13.76,376.2,20.3,587.4,0.0673,0.97,230.0,140.0,13.1
2025-06-10T15:39:00+00:00,1904.6,84.05,350.5,13.86,332.9,20.6,627.1,0.0589,0.92,230.0,140.0,13.7
2025-06-10T15:40:00+00:00,1972.0,80.33,353.5,13.79,356.7,19.6,591.0,0.0595,0.95,230.0,140.0,15.0
2025-06-10T15:41:00+00:00,1878.6,83.25,344.7,13.63,387.7,18.9,553.5,0.0589,0.92,230.0,140.0,13.1
2025-06-10T15:42:00+00:00,1955.1,80.50,362.5,13.91,387.7,20.5,597.9,0.0602,0.91,230.0,140.0,13.6
2025-06-10T15:43:00+00:00,2105.6,83.61,351.2,13.89,372.6,21.9,557.0,0.0666,0.99,230.0,140.0,14.8
2025-06-10T15:44:00+00:00,2038.0,82.88,332.6,13.69,393.5,18.5,647.9,0.0661,0.88,230.0,140.0,13.4
2025-06-10T15:45:00+00:00,2069.1,82.29,341.0,13.64,384.9,17.3,588.0,0.0649,1.02,230.0,140.0,12.7
2025-06-10T15:46:00+00:00,2145.4,79.97,361.6,13.90,345.8,18.1,636.6,0.0667,1.06,230.0,140.0,13.5
2025-06-10T15:47:00+00:00,2079.5,80.62,337.7,13.90,380.0,20.7,589.0,0.0604,0.98,230.0,140.0,14.1
2025-06-10T15:48:00+00:00,2087.9,81.06,345.9,14.10,391.1,19.0,577.4,0.0654,1.08,230.0,140.0,13.7
2025-06-10T15:49:00+00:00,2043.5,83.95,336.8,14.03,384.2,21.9,603.6,0.0605,1.00,230.0,140.0,14.1
2025-06-10T15:50:00+00:00,2038.1,80.22,354.0,13.62,401.0,19.9,591.5,0.0628,0.95,230.0,140.0,13.8
2025-06-10T15:51:00+00:00,2082.5,79.73,354.8,13.72,410.6,21.1,636.6,0.0656,0.95,230.0,140.0,12.3
2025-06-10T15:52:00+00:00,1890.5,80.47,338.5,13.64,370.4,20.0,542.0,0.0597,1.00,230.0,140.0,13.3
2025-06-10T15:53:00+00:00,2066.4,82.93,357.5,13.69,393.0,20.3,601.6,0.0635,0.96,230.0,140.0,12.5
2025-06-10T15:54:00+00:00,1969.3,81.68,350.5,13.76,361.9,19.8,613.2,0.0598,0.99,230.0,140.0,13.6
2025-06-10T15:55:00+00:00,2045.1,81.36,334.0,13.92,377.0,19.8,617.8,0.0607,1.03,230.0,140.0,14.0
2025-06-10T15:56:00+00:00,2099.0,85.04,344.7,13.80,393.5,21.2,622.3,0.0608,1.00,230.0,140.0,14.2
2025-06-10T15:57:00+00:00,1736.3,81.98,359.1,13.89,370.4,23.5,602.0,0.0598,1.09,230.0,140.0,12.8
2025-06-10T15:58:00+00:00,2140.8,82.91,352.6,13.70,368.7,21.7,605.0,0.0661,0.99,230.0,140.0,14.0
2025-06-10T15:59:00+00:00,1946.0,80.72,358.9,13.86,386.5,18.6,616.6,0.0611,0.97,230.0,140.0,12.6
2025-06-10T16:00:00+00:00,1976.9,80.61,351.5,13.95,393.4,17.6,599.1,0.0625,0.90,230.0,140.0,14.5
2025-06-10T16:01:00+00:00,1933.5,82.87,360.5,13.97,375.2,20.6,612.3,0.0598,1.00,230.0,140.0,13.7
2025-06-10T16:02:00+00:00,2079.8,81.70,360.7,13.76,393.7,21.7,573.7,0.0615,1.09,230.0,140.0,14.3
2025-06-10T16:03:00+00:00,1917.1,81.41,371.6,13.68,378.5,21.8,587.4,0.0616,0.97,230.0,140.0,12.5
2025-06-10T16:04:00+00:00,2111.3,82.32,361.7,14.09,394.0,18.9,614.5,0.0604,0.97,230.0,140.0,13.0
2025-06-10T16:05:00+00:00,1954.2,83.05,348.1,14.06,375.4,23.9,585.2,0.0606,0.98,230.0,140.0,14.8
2025-06-10T16:06:00+00:00,1935.0,84.42,359.1,13.81,360.4,19.6,610.1,0.0593,0.94,230.0,140.0,12.0
2025-06-10T16:07:00+00:00,1976.9,83.88,352.8,13.87,387.2,18.0,617.4,0.0593,0.91,230.0,140.0,12.5
2025-06-10T16:08:00+00:00,1999.5,83.69,347.9,13.90,372.1,19.7,605.9,0.0600,0.98,230.0,140.0,11.8
2025-06-10T16:09:00+00:00,1924.5,81.94,352.8,14.03,375.9,18.3,617.8,0.0589,0.90,230.0,140.0,12.8
2025-06-10T16:10:00+00:00,1933.9,83.17,352.9,13.88,384.6,21.7,548.4,0.0586,0.87,230.0,140.0,13.4
2025-06-10T16:11:00+00:00,2081.1,82.40,341.1,13.46,374.8,18.5,574.1,0.0700,0.95,230.0,140.0,14.7
2025-06-10T16:12:00+00:00,2036.4,80.90,349.1,13.76,359.4,23.5,589.3,0.0610,0.90,230.0,140.0,11.9
2025-06-10T16:13:00+00:00,1999.3,82.07,346.3,13.50,385.2,19.6,565.6,0.0681,0.99,230.0,140.0,13.2
2025-06-10T16:14:00+00:00,1977.9,82.21,349.2,13.85,384.3,18.7,604.6,0.0626,0.94,230.0,140.0,12.5
2025-06-10T16:15:00+00:00,2240.8,80.81,360.0,13.60,390.8,18.7,609.6,0.0618,1.03,230.0,140.0,13.9
2025-06-10T16:16:00+00:00,1969.0,79.86,357.1,13.72,381.6,18.8,615.9,0.0666,0.92,230.0,140.0,11.6
2025-06-10T16:17:00+00:00,1960.3,81.93,349.6,13.94,391.7,20.1,620.9,0.0612,0.89,230.0,140.0,13.6
2025-06-10T16:18:00+00:00,2019.6,82.18,362.9,13.85,362.4,17.2,605.7,0.0606,1.03,230.0,140.0,14.0
2025-06-10T16:19:00+00:00,1981.7,81.41,348.7,13.88,376.7,19.1,648.1,0.0592,0.90,230.0,140.0,13.5
2025-06-10T16:20:00+00:00,1977.1,81.07,335.9,13.66,390.9,22.8,592.6,0.0641,0.98,230.0,140.0,11.4
2025-06-10T16:21:00+00:00,2215.4,83.86,342.6,13.66,393.6,21.3,573.5,0.0667,0.93,230.0,140.0,12.5
2025-06-10T16:22:00+00:00,1983.8,79.88,351.9,13.70,381.3,20.5,642.2,0.0605,1.03,230.0,140.0,13.7
2025-06-10T16:23:00+00:00,1948.4,81.45,349.0,13.77,383.7,21.6,605.0,0.0628,1.01,230.0,140.0,12.4
2025-06-10T16:24:00+00:00,1997.2,82.89,350.5,13.72,380.6,21.1,595.4,0.0695,0.95,230.0,140.0,12.0
2025-06-10T16:25:00+00:00,1963.8,80.58,361.1,13.85,382.3,22.8,604.1,0.0604,1.04,230.0,140.0,16.1
2025-06-10T16:26:00+00:00,2061.1,82.96,348.6,13.97,376.1,21.1,562.1,0.0640,0.93,230.0,140.0,13.0
2025-06-10T16:27:00+00:00,2049.0,82.52,338.1,13.58,341.9,19.7,629.9,0.0629,0.94,230.0,140.0,16.0
2025-06-10T16:28:00+00:00,1838.5,83.24,342.5,13.61,366.2,20.4,567.3,0.0598,1.00,230.0,140.0,13.4
2025-06-10T16:29:00+00:00,2089.9,80.52,347.9,13.95,397.4,21.5,629.7,0.0609,1.03,230.0,140.0,14.9
2025-06-10T16:30:00+00:00,1851.8,82.76,354.9,14.03,384.9,19.1,594.9,0.0581,0.87,230.0,140.0,13.3
2025-06-10T16:31:00+00:00,2104.0,81.48,347.5,13.76,387.7,20.2,589.1,0.0597,0.89,230.0,140.0,14.6
2025-06-10T16:32:00+00:00,1154.4,79.76,346.7,13.90,345.0,20.5,565.2,0.0584,1.02,230.0,140.0,13.1
2025-06-10T16:33:00+00:00,847.0,78.95,372.8,13.80,342.3,19.0,544.7,0.0575,0.87,230.0,140.0,12.5
2025-06-10T16:34:00+00:00,1160.7,80.83,356.2,13.70,345.2,20.5,541.4,0.0575,0.87,230.0,140.0,13.8
2025-06-10T16:35:00+00:00,931.0,80.72,356.9,13.72,362.6,21.6,512.4,0.0540,0.96,230.0,140.0,14.0
2025-06-10T16:36:00+00:00,852.8,78.27,366.5,13.80,326.4,21.5,499.0,0.0534,0.94,230.0,140.0,14.1
2025-06-10T16:37:00+00:00,769.0,77.70,366.3,13.67,362.1,19.7,560.2,0.0627,0.99,230.0,140.0,13.9
2025-06-10T16:38:00+00:00,1005.4,79.07,353.9,13.81,339.5,23.6,567.0,0.0564,1.06,230.0,140.0,14.0
2025-06-10T16:39:00+00:00,1095.8,77.89,368.7,13.86,371.3,18.0,611.6,0.0546,0.92,230.0,140.0,14.1
2025-06-10T16:40:00+00:00,845.0,77.28,352.3,13.76,337.2,22.9,553.6,0.0632,1.00,230.0,140.0,15.4
2025-06-10T16:41:00+00:00,996.5,79.27,358.9,13.65,349.1,22.4,611.2,0.0552,0.95,230.0,140.0,14.2
2025-06-10T16:42:00+00:00,1065.8,77.44,357.4,14.23,346.3,18.1,551.6,0.0544,0.92,230.0,140.0,14.6
2025-06-10T16:43:00+00:00,952.1,77.45,365.3,13.82,346.8,20.7,615.9,0.0561,0.93,230.0,140.0,13.5
2025-06-10T16:44:00+00:00,899.9,79.42,360.3,13.73,349.4,20.7,570.1,0.0545,1.01,230.0,140.0,11.0
2025-06-11T06:00:00+00:00,949.9,76.57,362.0,13.83,357.8,20.5,579.5,0.0514,0.70,265.9,40.9,9.4
2025-06-11T06:01:00+00:00,1082.6,79.65,374.2,13.80,374.7,20.3,580.6,0.0517,0.63,265.9,40.9,8.5
2025-06-11T06:02:00+00:00,906.0,77.75,368.1,13.75,348.2,20.1,538.4,0.0499,0.56,265.9,40.9,9.6
2025-06-11T06:03:00+00:00,995.8,77.67,353.6,13.71,334.2,20.0,533.0,0.0511,0.65,265.9,40.9,8.7
2025-06-11T06:04:00+00:00,899.2,78.50,350.5,13.89,360.6,21.0,553.7,0.0501,0.58,265.9,40.9,10.1
2025-06-11T06:05:00+00:00,1003.6,79.74,366.9,13.98,346.9,22.7,500.9,0.0517,0.68,265.9,40.9,9.1
2025-06-11T06:06:00+00:00,774.1,77.65,349.2,13.57,332.7,20.3,580.4,0.0520,0.63,265.9,40.9,9.3
2025-06-11T06:07:00+00:00,980.6,78.32,347.5,13.73,356.6,21.6,567.9,0.0520,0.70,265.9,40.9,12.3
2025-06-11T06:08:00+00:00,1005.2,81.18,362.2,13.91,367.0,21.9,587.3,0.0568,0.72,265.9,40.9,9.9
2025-06-11T06:09:00+00:00,973.8,78.10,371.1,13.99,356.3,20.3,502.0,0.0513,0.61,265.9,40.9,8.5
2025-06-11T06:10:00+00:00,983.4,80.70,355.9,13.49,329.5,21.3,588.7,0.0583,0.63,265.9,40.9,9.9
2025-06-11T06:11:00+00:00,1936.4,79.50,356.4,13.62,371.7,18.4,604.2,0.0629,0.66,265.9,40.9,11.5
2025-06-11T06:12:00+00:00,1929.7,83.32,360.9,14.05,391.6,23.2,606.3,0.0615,0.60,265.9,40.9,9.0
2025-06-11T06:13:00+00:00,2091.2,83.08,339.9,13.73,396.0,17.9,621.7,0.0577,0.69,265.9,40.9,11.5
2025-06-11T06:14:00+00:00,1952.3,79.20,348.5,13.74,396.6,17.9,567.6,0.0620,0.68,265.9,40.9,10.0
2025-06-11T06:15:00+00:00,1976.9,82.21,342.3,13.79,380.9,19.9,611.9,0.0580,0.61,265.9,40.9,10.3
2025-06-11T06:16:00+00:00,1970.0,81.98,343.4,13.90,375.7,19.1,577.3,0.0559,0.57,265.9,40.9,9.2
2025-06-11T06:17:00+00:00,2073.6,85.86,348.4,13.85,380.3,18.3,577.4,0.0570,0.66,265.9,40.9,8.4
2025-06-11T06:18:00+00:00,2274.3,83.76,354.7,13.66,384.0,19.6,593.3,0.0603,0.68,265.9,40.9,10.4
2025-06-11T06:19:00+00:00,2041.3,84.98,353.4,13.87,382.0,22.6,555.5,0.0558,0.54,265.9,40.9,9.8
2025-06-11T06:20:00+00:00,1999.3,85.37,354.9,13.88,378.0,22.5,597.6,0.0646,0.68,265.9,40.9,10.3
2025-06-11T06:21:00+00:00,2068.7,81.14,351.3,13.84,381.1,20.2,642.9,0.0618,0.68,265.9,40.9,7.9
2025-06-11T06:22:00+00:00,1937.9,83.65,344.6,13.66,374.4,19.4,585.5,0.0564,0.65,265.9,40.9,10.7
2025-06-11T06:23:00+00:00,2156.6,82.50,336.5,13.82,373.3,18.4,585.9,0.0570,0.61,265.9,40.9,8.6
2025-06-11T06:24:00+00:00,1906.1,81.71,350.9,13.72,379.5,18.5,602.8,0.0615,0.65,265.9,40.9,10.5
2025-06-11T06:25:00+00:00,1962.0,79.94,345.2,13.86,350.0,18.2,548.1,0.0628,0.67,265.9,40.9,10.2
2025-06-11T06:26:00+00:00,2060.4,80.25,343.6,13.50,383.3,19.4,590.1,0.0651,0.66,265.9,40.9,11.1
2025-06-11T06:27:00+00:00,2195.5,84.82,340.8,13.75,376.0,19.9,594.7,0.0579,0.65,265.9,40.9,7.2
2025-06-11T06:28:00+00:00,2153.6,83.78,328.4,13.86,406.7,16.3,559.5,0.0646,0.70,265.9,40.9,10.1
2025-06-11T06:29:00+00:00,2031.9,83.45,349.1,13.78,372.1,21.7,632.3,0.0635,0.63,265.9,40.9,7.6
2025-06-11T06:30:00+00:00,2027.8,82.95,358.1,13.76,381.5,19.6,600.6,0.0628,0.69,265.9,40.9,9.7
2025-06-11T06:31:00+00:00,1786.6,81.36,353.7,13.97,357.8,17.9,596.9,0.0563,0.72,265.9,40.9,9.4
2025-06-11T06:32:00+00:00,2040.6,81.95,347.0,13.67,390.8,20.4,630.3,0.0570,0.66,265.9,40.9,7.3
2025-06-11T06:33:00+00:00,1945.1,80.63,333.8,13.80,392.9,21.2,610.4,0.0609,0.57,265.9,40.9,9.5
2025-06-11T06:34:00+00:00,1919.2,81.18,341.5,13.77,381.6,18.2,600.0,0.0562,0.64,265.9,40.9,10.3
2025-06-11T06:35:00+00:00,1926.2,81.70,354.0,13.77,373.9,18.2,604.6,0.0583,0.61,265.9,40.9,9.5
2025-06-11T06:36:00+00:00,1889.6,83.92,341.9,13.86,379.2,19.3,598.8,0.0574,0.66,265.9,40.9,7.0
2025-06-11T06:37:00+00:00,1967.3,84.73,347.0,13.71,376.5,18.1,559.4,0.0570,0.70,265.9,40.9,10.0
2025-06-11T06:38:00+00:00,2026.3,80.45,353.5,14.07,373.5,20.6,598.0,0.0560,0.58,265.9,40.9,9.0
2025-06-11T06:39:00+00:00,2061.1,81.28,340.6,13.75,382.2,21.2,670.7,0.0571,0.66,265.9,40.9,10.0
2025-06-11T06:40:00+00:00,2089.5,82.27,357.5,13.66,378.1,16.7,597.8,0.0569,0.62,265.9,40.9,8.9
2025-06-11T06:41:00+00:00,1872.1,82.03,344.4,13.62,384.1,21.3,618.6,0.0565,0.69,265.9,40.9,11.1
2025-06-11T06:42:00+00:00,1890.6,80.59,359.7,13.59,389.5,21.4,623.7,0.0562,0.64,265.9,40.9,8.9
2025-06-11T06:43:00+00:00,1965.8,81.76,349.1,14.01,397.6,22.5,588.8,0.0569,0.69,265.9,40.9,8.7
2025-06-11T06:44:00+00:00,2036.2,81.04,353.8,13.64,371.7,18.5,659.4,0.0618,0.71,265.9,40.9,8.9
2025-06-11T06:45:00+00:00,1965.3,81.77,340.2,13.92,395.4,20.0,606.2,0.0590,0.64,265.9,40.9,9.6
2025-06-11T06:46:00+00:00,2086.6,83.12,352.0,13.51,382.8,17.1,590.7,0.0570,0.63,265.9,40.9,9.3
2025-06-11T06:47:00+00:00,1877.4,81.73,353.0,13.84,360.2,17.0,594.7,0.0596,0.62,265.9,40.9,9.5
2025-06-11T06:48:00+00:00,2105.3,83.65,349.6,13.81,375.6,19.6,557.4,0.0576,0.68,265.9,40.9,8.0
2025-06-11T06:49:00+00:00,2094.6,83.22,327.3,13.54,370.4,20.4,592.4,0.0567,0.59,265.9,40.9,9.5
2025-06-11T06:50:00+00:00,1935.7,82.96,357.6,13.71,379.0,22.4,618.9,0.0569,0.70,265.9,40.9,12.0
2025-06-11T06:51:00+00:00,2024.4,82.32,366.5,13.52,391.1,20.2,614.3,0.0598,0.61,265.9,40.9,10.1
2025-06-11T06:52:00+00:00,1856.9,80.21,346.3,13.96,366.0,21.1,534.8,0.0567,0.72,265.9,40.9,10.2
2025-06-11T06:53:00+00:00,1958.1,84.12,338.5,14.04,401.7,20.3,561.2,0.0562,0.61,265.9,40.9,11.2
2025-06-11T06:54:00+00:00,2229.5,80.52,335.5,13.81,375.3,20.9,599.4,0.0583,0.66,265.9,40.9,11.4
2025-06-11T06:55:00+00:00,2472.6,82.71,349.7,13.90,394.1,21.4,637.0,0.0599,0.70,265.9,40.9,10.0
2025-06-11T06:56:00+00:00,2478.2,83.21,352.3,14.09,399.3,20.7,585.4,0.0636,0.58,265.9,40.9,8.5
2025-06-11T06:57:00+00:00,2000.3,86.04,344.2,13.77,371.3,18.9,615.1,0.0555,0.54,265.9,40.9,8.7
2025-06-11T06:58:00+00:00,2181.9,86.04,331.4,13.91,394.9,21.3,648.1,0.0585,0.73,265.9,40.9,9.5
2025-06-11T06:59:00+00:00,2504.1,85.14,347.0,13.75,401.0,21.0,642.8,0.0590,0.60,265.9,40.9,9.2
2025-06-11T07:00:00+00:00,1862.9,82.40,353.1,13.92,356.7,18.3,609.0,0.0577,0.64,265.9,40.9,9.9
2025-06-11T07:01:00+00:00,1921.3,80.13,355.1,13.80,389.4,20.2,623.9,0.0563,0.67,265.9,40.9,9.2
2025-06-11T07:02:00+00:00,1867.0,81.47,353.0,13.91,384.2,20.5,664.5,0.0563,0.68,265.9,40.9,9.1
2025-06-11T07:03:00+00:00,2154.8,84.59,344.9,13.96,390.7,23.9,648.8,0.0582,0.73,265.9,40.9,8.9
2025-06-11T07:04:00+00:00,1746.3,82.99,350.3,13.39,362.9,17.9,585.5,0.0560,0.71,265.9,40.9,9.6
2025-06-11T07:05:00+00:00,1843.8,80.76,362.3,14.13,375.3,18.5,592.0,0.0566,0.63,265.9,40.9,7.9
2025-06-11T07:06:00+00:00,2021.6,83.73,349.3,13.82,385.0,20.5,610.1,0.0566,0.63,265.9,40.9,9.6
2025-06-11T07:07:00+00:00,2128.4,84.17,363.6,13.70,394.6,20.4,593.7,0.0564,0.56,265.9,40.9,10.0
2025-06-11T07:08:00+00:00,2399.1,84.60,349.1,14.14,389.6,20.1,613.1,0.0601,0.70,265.9,40.9,9.4
2025-06-11T07:09:00+00:00,2480.2,82.61,351.0,13.92,390.6,20.6,658.0,0.0642,0.67,265.9,40.9,9.3
2025-06-11T07:10:00+00:00,2087.0,82.21,352.6,13.53,382.3,21.6,570.6,0.0567,0.61,265.9,40.9,8.4
2025-06-11T07:11:00+00:00,1961.7,82.61,344.2,14.01,362.5,23.6,602.8,0.0656,0.64,265.9,40.9,9.1
2025-06-11T07:12:00+00:00,1990.5,82.05,336.4,13.62,381.1,19.0,541.5,0.0637,0.63,265.9,40.9,8.7
2025-06-11T07:13:00+00:00,2537.5,84.78,353.3,13.76,414.5,20.5,630.2,0.0661,0.61,265.9,40.9,10.3
2025-06-11T07:14:00+00:00,2027.8,81.65,368.4,13.77,369.3,17.9,568.1,0.0604,0.66,265.9,40.9,9.6
2025-06-11T07:15:00+00:00,2028.1,81.25,352.9,13.52,381.0,19.2,632.7,0.0568,0.65,265.9,40.9,9.2
2025-06-11T07:16:00+00:00,2389.9,86.02,351.7,13.72,392.2,19.7,639.1,0.0650,0.69,265.9,40.9,9.6
2025-06-11T07:17:00+00:00,2523.4,84.44,351.5,13.94,398.1,18.8,608.5,0.0597,0.66,265.9,40.9,9.0
2025-06-11T07:18:00+00:00,2461.0,83.55,339.3,13.93,375.7,20.7,637.7,0.0594,0.67,265.9,40.9,11.1
2025-06-11T07:19:00+00:00,2399.8,83.76,347.2,14.02,401.8,21.7,579.6,0.0586,0.63,265.9,40.9,10.4
2025-06-11T07:20:00+00:00,1990.6,79.69,348.5,13.62,385.6,20.8,631.8,0.0560,0.59,265.9,40.9,8.9
2025-06-11T07:21:00+00:00,2213.6,83.18,358.3,13.85,400.7,21.4,553.5,0.0581,0.64,265.9,40.9,8.4
2025-06-11T07:22:00+00:00,1809.9,81.84,365.4,13.48,358.9,18.6,613.7,0.0558,0.66,265.9,40.9,9.9
2025-06-11T07:23:00+00:00,1958.8,79.71,352.4,14.01,382.7,19.4,525.7,0.0633,0.63,265.9,40.9,8.5
2025-06-11T07:24:00+00:00,2008.2,82.46,350.5,13.76,404.8,19.7,555.3,0.0578,0.74,265.9,40.9,8.8
2025-06-11T07:25:00+00:00,2107.3,84.33,349.4,13.93,396.9,22.2,631.2,0.0573,0.65,265.9,40.9,9.4
2025-06-11T07:26:00+00:00,2092.6,81.35,351.1,13.96,380.6,18.9,619.0,0.0601,0.64,265.9,40.9,9.0
2025-06-11T07:27:00+00:00,2116.7,81.48,369.6,13.74,396.1,20.5,581.1,0.0577,0.69,265.9,40.9,8.8
2025-06-11T07:28:00+00:00,1929.4,83.27,354.4,13.80,373.9,18.5,581.2,0.0569,0.70,265.9,40.9,9.9
2025-06-11T07:29:00+00:00,2132.5,83.91,336.4,13.42,391.4,20.2,588.6,0.0575,0.65,265.9,40.9,10.3
2025-06-11T07:30:00+00:00,2053.9,81.57,350.6,13.89,369.9,19.9,615.2,0.0600,0.71,265.9,40.9,11.4
2025-06-11T07:31:00+00:00,2151.0,83.03,356.4,13.86,365.0,22.0,526.6,0.0590,0.61,265.9,40.9,8.4
2025-06-11T07:32:00+00:00,1835.4,82.95,354.0,14.05,379.3,21.5,628.0,0.0577,0.75,265.9,40.9,10.9
2025-06-11T07:33:00+00:00,2098.1,84.19,345.9,13.71,368.2,18.8,643.1,0.0591,0.61,265.9,40.9,10.2
2025-06-11T07:34:00+00:00,1969.6,78.18,348.6,13.67,396.3,18.8,557.1,0.0595,0.66,265.9,40.9,8.7
2025-06-11T07:35:00+00:00,2115.0,82.81,340.2,13.77,369.3,20.9,600.7,0.0576,0.67,265.9,40.9,8.4
2025-06-11T07:36:00+00:00,2176.0,82.15,339.3,14.08,397.0,20.0,676.7,0.0590,0.64,265.9,40.9,9.8
2025-06-11T07:37:00+00:00,2203.9,83.70,342.5,13.77,390.8,19.1,588.6,0.0577,0.65,265.9,40.9,8.5
2025-06-11T07:38:00+00:00,1894.6,82.87,366.5,13.92,387.1,22.1,627.3,0.0559,0.62,265.9,40.9,8.7
2025-06-11T07:39:00+00:00,1964.5,81.29,343.5,13.53,371.7,21.3,605.1,0.0685,0.74,265.9,40.9,9.9
2025-06-11T07:40:00+00:00,2013.5,81.87,347.9,13.51,382.2,21.6,604.7,0.0584,0.60,265.9,40.9,10.0
2025-06-11T07:41:00+00:00,2010.8,83.35,349.1,13.70,365.8,19.5,613.4,0.0565,0.63,265.9,40.9,10.1
2025-06-11T07:42:00+00:00,2056.7,82.02,348.1,13.81,383.0,22.1,602.2,0.0563,0.58,265.9,40.9,8.0
2025-06-11T07:43:00+00:00,2033.6,80.18,356.0,13.69,382.9,19.7,601.6,0.0608,0.64,265.9,40.9,8.1
2025-06-11T07:44:00+00:00,2226.9,80.38,347.0,13.51,399.1,20.1,607.9,0.0578,0.64,265.9,40.9,11.4
2025-06-11T07:45:00+00:00,2219.0,81.83,354.3,13.82,380.6,20.3,590.5,0.0600,0.73,265.9,40.9,8.4
2025-06-11T07:46:00+00:00,1958.8,80.55,350.9,13.77,357.4,19.7,575.5,0.0584,0.64,265.9,40.9,9.9
2025-06-11T07:47:00+00:00,1924.4,82.76,357.5,13.87,382.0,20.5,575.8,0.0557,0.59,265.9,40.9,6.5
2025-06-11T07:48:00+00:00,2151.5,79.29,356.5,13.75,361.5,23.8,622.8,0.0646,0.78,265.9,40.9,9.4
2025-06-11T07:49:00+00:00,2063.2,85.14,341.9,13.65,399.7,19.8,684.8,0.0574,0.68,265.9,40.9,8.3
2025-06-11T07:50:00+00:00,1804.0,80.27,354.3,13.99,382.0,18.3,551.8,0.0665,0.62,265.9,40.9,8.7
2025-06-11T07:51:00+00:00,2149.6,81.72,361.3,13.71,400.6,21.7,613.7,0.0574,0.65,265.9,40.9,9.8
2025-06-11T07:52:00+00:00,2063.3,81.29,348.3,14.04,400.4,19.0,644.4,0.0577,0.71,265.9,40.9,7.6
2025-06-11T07:53:00+00:00,1937.0,81.70,346.6,13.90,384.3,19.5,621.5,0.0594,0.67,265.9,40.9,8.4
2025-06-11T07:54:00+00:00,2056.1,82.81,351.4,13.69,397.0,20.1,622.1,0.0566,0.60,265.9,40.9,8.7
2025-06-11T07:55:00+00:00,2104.4,84.84,361.9,13.86,361.5,20.0,595.1,0.0638,0.66,265.9,40.9,10.9
2025-06-11T07:56:00+00:00,2043.4,80.92,340.4,13.68,400.6,20.1,587.1,0.0576,0.71,265.9,40.9,10.5
2025-06-11T07:57:00+00:00,2164.0,81.06,343.3,13.73,379.8,19.1,574.0,0.0568,0.57,265.9,40.9,9.1
2025-06-11T07:58:00+00:00,2001.3,82.18,358.0,13.86,369.5,23.0,609.2,0.0617,0.71,265.9,40.9,9.3
2025-06-11T07:59:00+00:00,1977.0,82.70,347.9,13.71,373.4,21.3,635.5,0.0561,0.61,265.9,40.9,8.9
2025-06-11T08:00:00+00:00,1789.5,77.57,345.2,13.71,366.0,20.7,627.4,0.0564,0.73,265.9,40.9,8.9
2025-06-11T08:01:00+00:00,1941.8,81.49,346.8,13.92,412.2,20.6,590.0,0.0608,0.71,265.9,40.9,9.3
2025-06-11T08:02:00+00:00,999.1,79.89,356.3,14.00,343.5,20.5,577.3,0.0518,0.64,265.9,40.9,8.8
2025-06-11T08:03:00+00:00,897.5,78.85,368.2,13.84,335.3,18.9,550.0,0.0513,0.69,265.9,40.9,8.8
2025-06-11T08:04:00+00:00,999.8,79.10,349.3,14.09,354.3,19.0,521.8,0.0582,0.61,265.9,40.9,8.9
2025-06-11T08:05:00+00:00,962.9,80.10,358.2,13.77,351.6,19.6,591.8,0.0557,0.56,265.9,40.9,10.7
2025-06-11T08:06:00+00:00,1070.5,79.50,369.0,13.81,331.6,19.3,571.1,0.0544,0.64,265.9,40.9,9.1
2025-06-11T08:07:00+00:00,934.2,78.47,359.9,13.62,340.0,19.2,574.5,0.0514,0.70,265.9,40.9,9.8
2025-06-11T08:08:00+00:00,1088.9,77.67,356.7,13.90,363.4,19.5,568.6,0.0518,0.65,265.9,40.9,9.0
2025-06-11T08:09:00+00:00,978.2,79.00,349.8,13.77,357.8,21.4,588.5,0.0512,0.65,265.9,40.9,7.8
2025-06-11T08:10:00+00:00,1058.0,77.38,367.5,14.13,329.5,22.2,588.2,0.0582,0.71,265.9,40.9,9.9
2025-06-11T08:11:00+00:00,891.1,78.71,356.0,13.87,355.3,19.1,576.3,0.0516,0.75,265.9,40.9,7.7
2025-06-11T14:00:00+00:00,1060.4,77.21,353.7,13.76,321.1,20.4,581.9,0.0520,0.69,265.9,40.9,7.1
2025-06-11T14:01:00+00:00,858.6,79.26,355.4,13.75,341.8,22.2,465.7,0.0539,0.58,265.9,40.9,9.4
2025-06-11T14:02:00+00:00,953.0,77.47,350.1,13.89,339.9,18.9,565.2,0.0514,0.68,265.9,40.9,9.1
2025-06-11T14:03:00+00:00,1076.3,79.22,356.3,13.73,350.3,19.2,503.4,0.0530,0.56,265.9,40.9,9.2
2025-06-11T14:04:00+00:00,889.3,78.88,371.9,13.70,350.5,20.8,533.4,0.0543,0.56,265.9,40.9,8.4
2025-06-11T14:05:00+00:00,836.5,80.21,350.8,13.79,351.8,16.7,536.7,0.0505,0.65,265.9,40.9,8.2
2025-06-11T14:06:00+00:00,937.5,77.34,354.7,13.94,344.5,18.1,585.8,0.0507,0.62,265.9,40.9,10.7
2025-06-11T14:07:00+00:00,921.2,78.20,364.4,13.76,346.4,21.0,571.9,0.0509,0.65,265.9,40.9,9.8
2025-06-11T14:08:00+00:00,1000.4,75.84,349.9,13.79,358.9,21.7,558.2,0.0523,0.61,265.9,40.9,9.0
2025-06-11T14:09:00+00:00,1093.3,78.64,355.3,13.53,343.6,22.0,561.1,0.0563,0.58,265.9,40.9,11.0
2025-06-11T14:10:00+00:00,985.4,80.31,353.2,13.78,356.5,22.9,523.0,0.0517,0.71,265.9,40.9,8.4
2025-06-11T14:11:00+00:00,1095.3,79.35,348.1,13.91,337.4,18.9,567.2,0.0520,0.67,265.9,40.9,8.6
2025-06-11T14:12:00+00:00,2042.6,81.92,342.4,13.69,363.6,18.8,594.3,0.0577,0.73,265.9,40.9,9.8
2025-06-11T14:13:00+00:00,2035.0,82.51,342.3,14.01,378.4,23.8,548.4,0.0567,0.62,265.9,40.9,9.1
2025-06-11T14:14:00+00:00,2159.8,82.34,355.8,14.06,414.2,21.1,622.8,0.0571,0.61,265.9,40.9,10.6
2025-06-11T14:15:00+00:00,2117.9,84.62,364.0,13.77,377.2,21.6,615.6,0.0578,0.50,265.9,40.9,9.7
2025-06-11T14:16:00+00:00,1812.0,77.82,343.1,13.86,382.6,20.5,611.0,0.0554,0.62,265.9,40.9,11.8
2025-06-11T14:17:00+00:00,1954.6,82.70,348.3,13.72,373.6,20.9,551.5,0.0637,0.62,265.9,40.9,8.1
2025-06-11T14:18:00+00:00,2072.8,83.12,326.6,13.81,403.0,21.5,597.0,0.0580,0.60,265.9,40.9,7.1
2025-06-11T14:19:00+00:00,2120.8,84.20,356.6,13.82,388.1,19.8,577.6,0.0577,0.68,265.9,40.9,9.7
2025-06-11T14:20:00+00:00,1933.0,80.38,361.7,13.82,368.2,21.1,609.3,0.0563,0.65,265.9,40.9,9.2
2025-06-11T14:21:00+00:00,2047.3,82.15,337.1,13.65,395.4,19.1,609.8,0.0570,0.67,265.9,40.9,9.8
2025-06-11T14:22:00+00:00,1896.6,84.91,355.7,13.90,373.6,18.9,578.9,0.0574,0.77,265.9,40.9,8.8
2025-06-11T14:23:00+00:00,2099.4,82.97,351.7,13.76,367.4,22.0,603.7,0.0642,0.68,265.9,40.9,10.0
2025-06-11T14:24:00+00:00,2190.9,81.70,344.0,13.82,404.0,19.9,613.9,0.0599,0.66,265.9,40.9,10.2
2025-06-11T14:25:00+00:00,2105.1,82.69,359.5,13.80,378.0,18.8,529.2,0.0579,0.73,265.9,40.9,9.7
2025-06-11T14:26:00+00:00,1901.2,82.02,364.6,13.88,363.0,20.1,555.8,0.0670,0.61,265.9,40.9,9.5
2025-06-11T14:27:00+00:00,2148.5,81.81,351.8,13.71,369.3,20.1,638.3,0.0581,0.71,265.9,40.9,9.3
2025-06-11T14:28:00+00:00,1717.3,80.21,345.8,13.81,387.4,22.2,531.9,0.0552,0.65,265.9,40.9,9.9
2025-06-11T14:29:00+00:00,1774.1,81.01,339.5,13.96,351.7,20.9,603.9,0.0601,0.62,265.9,40.9,9.8
2025-06-11T14:30:00+00:00,1754.5,80.86,353.6,13.71,371.1,20.1,640.3,0.0552,0.59,265.9,40.9,10.6
2025-06-11T14:31:00+00:00,2003.0,82.50,353.5,13.50,364.3,22.1,647.5,0.0560,0.58,265.9,40.9,9.5
2025-06-11T14:32:00+00:00,1807.2,81.58,344.7,13.84,392.8,19.3,659.1,0.0591,0.71,265.9,40.9,8.6
2025-06-11T14:33:00+00:00,2033.9,81.74,336.9,13.85,387.4,19.9,571.5,0.0585,0.62,265.9,40.9,11.1
2025-06-11T14:34:00+00:00,1964.2,83.06,351.0,13.82,386.9,19.8,613.9,0.0580,0.80,265.9,40.9,10.0
2025-06-11T14:35:00+00:00,2151.8,83.26,339.5,14.06,378.6,20.4,667.6,0.0574,0.64,265.9,40.9,9.3
2025-06-11T14:36:00+00:00,1929.0,83.76,338.2,13.89,364.9,19.5,589.1,0.0570,0.72,265.9,40.9,9.9
2025-06-11T14:37:00+00:00,1976.8,83.20,355.6,13.96,396.5,17.6,652.8,0.0567,0.67,265.9,40.9,8.3
2025-06-11T14:38:00+00:00,1912.1,79.89,351.3,13.88,367.0,21.8,636.9,0.0565,0.62,265.9,40.9,12.0
2025-06-11T14:39:00+00:00,1994.9,79.74,353.6,13.82,396.1,20.5,575.9,0.0583,0.71,265.9,40.9,10.6
2025-06-11T14:40:00+00:00,1914.5,81.91,353.8,13.72,365.1,21.9,575.6,0.0568,0.66,265.9,40.9,9.9
2025-06-11T14:41:00+00:00,2114.9,82.26,352.7,13.68,395.2,20.5,640.9,0.0583,0.74,265.9,40.9,10.0
2025-06-11T14:42:00+00:00,2067.0,81.17,350.5,13.65,393.9,17.9,592.6,0.0568,0.64,265.9,40.9,10.0
2025-06-11T14:43:00+00:00,1950.8,79.78,356.5,13.76,380.9,21.6,535.6,0.0574,0.67,265.9,40.9,9.9
2025-06-11T14:44:00+00:00,2170.0,86.42,364.6,13.79,382.0,19.4,579.5,0.0580,0.60,265.9,40.9,10.9
2025-06-11T14:45:00+00:00,2029.0,81.55,351.9,13.67,382.0,20.6,541.5,0.0568,0.64,265.9,40.9,8.9
2025-06-11T14:46:00+00:00,2044.7,82.61,353.5,13.90,381.2,22.2,592.0,0.0572,0.68,265.9,40.9,8.5
2025-06-11T14:47:00+00:00,2090.5,82.58,354.8,13.84,389.2,21.3,579.7,0.0591,0.70,265.9,40.9,10.8
2025-06-11T14:48:00+00:00,2073.7,80.35,355.8,13.79,389.8,19.8,669.9,0.0574,0.68,265.9,40.9,9.8
2025-06-11T14:49:00+00:00,1932.1,81.23,340.0,13.65,378.3,20.4,590.0,0.0650,0.67,265.9,40.9,9.1
2025-06-11T14:50:00+00:00,2124.0,81.79,329.0,13.91,390.3,18.6,660.7,0.0650,0.58,265.9,40.9,9.4
2025-06-11T14:51:00+00:00,2120.1,82.89,358.4,13.45,361.9,22.6,590.3,0.0574,0.66,265.9,40.9,8.6
2025-06-11T14:52:00+00:00,2016.1,82.76,343.8,13.88,365.7,18.7,570.1,0.0636,0.80,265.9,40.9,8.6
2025-06-11T14:53:00+00:00,2039.8,85.04,348.5,13.90,386.1,22.1,649.1,0.0575,0.69,265.9,40.9,9.9
2025-06-11T14:54:00+00:00,1932.2,80.94,346.6,13.86,373.9,22.7,640.8,0.0560,0.61,265.9,40.9,9.9
2025-06-11T14:55:00+00:00,1876.1,81.90,345.3,13.98,395.8,18.4,591.3,0.0564,0.67,265.9,40.9,11.4
2025-06-11T14:56:00+00:00,2103.7,82.07,343.4,13.74,371.8,18.3,637.3,0.0576,0.69,265.9,40.9,9.8
2025-06-11T14:57:00+00:00,1857.4,83.90,356.0,13.82,403.9,20.4,643.6,0.0565,0.71,265.9,40.9,9.7
2025-06-11T14:58:00+00:00,1961.5,81.70,329.8,13.78,381.1,19.9,549.6,0.0558,0.58,265.9,40.9,11.0
2025-06-11T14:59:00+00:00,2514.8,82.31,350.0,14.08,393.7,19.3,608.0,0.0635,0.71,265.9,40.9,10.2
2025-06-11T15:00:00+00:00,2342.0,85.15,358.0,13.59,398.6,18.5,641.8,0.0615,0.62,265.9,40.9,8.5
2025-06-11T15:01:00+00:00,2552.0,83.25,346.0,13.93,402.0,19.2,656.2,0.0596,0.66,265.9,40.9,8.9
2025-06-11T15:02:00+00:00,1938.2,81.57,346.6,14.10,389.3,21.7,578.0,0.0604,0.70,265.9,40.9,8.5
2025-06-11T15:03:00+00:00,2166.1,81.08,357.3,13.69,388.9,22.4,611.5,0.0615,0.64,265.9,40.9,8.9
2025-06-11T15:04:00+00:00,2424.2,81.31,334.9,14.00,389.7,22.6,648.8,0.0594,0.69,265.9,40.9,9.2
2025-06-11T15:05:00+00:00,2114.1,83.85,335.8,13.91,391.0,18.5,566.5,0.0642,0.73,265.9,40.9,10.9
2025-06-11T15:06:00+00:00,1948.1,82.18,351.0,13.88,401.6,20.1,583.3,0.0560,0.60,265.9,40.9,10.4
2025-06-11T15:07:00+00:00,2420.8,85.76,340.9,13.74,389.3,21.9,615.5,0.0668,0.66,265.9,40.9,9.1
2025-06-11T15:08:00+00:00,2440.6,82.49,356.3,13.89,373.1,20.8,580.3,0.0596,0.56,265.9,40.9,9.0
2025-06-11T15:09:00+00:00,2206.2,82.55,358.1,13.95,378.6,19.7,612.1,0.0624,0.65,265.9,40.9,9.1
2025-06-11T15:10:00+00:00,1843.3,80.64,341.7,13.85,381.0,19.5,581.6,0.0700,0.60,265.9,40.9,8.9
2025-06-11T15:11:00+00:00,1981.6,83.04,365.0,13.91,404.4,18.8,630.1,0.0559,0.57,265.9,40.9,9.3
2025-06-11T15:12:00+00:00,2022.0,83.76,349.7,13.96,401.4,19.6,590.1,0.0568,0.65,265.9,40.9,9.0
2025-06-11T15:13:00+00:00,2038.9,82.54,346.6,13.63,381.1,23.9,540.8,0.0566,0.62,265.9,40.9,10.1
2025-06-11T15:14:00+00:00,1818.6,81.94,363.5,13.76,344.7,19.8,593.7,0.0559,0.66,265.9,40.9,8.0
2025-06-11T15:15:00+00:00,2440.8,83.68,350.6,14.04,400.2,19.7,610.8,0.0640,0.65,265.9,40.9,9.3
2025-06-11T15:16:00+00:00,2190.8,82.99,352.0,13.94,396.3,20.1,608.4,0.0579,0.67,265.9,40.9,9.7
2025-06-11T15:17:00+00:00,1937.0,78.47,343.4,13.71,375.9,20.8,630.3,0.0604,0.65,265.9,40.9,9.2
2025-06-11T15:18:00+00:00,1903.1,82.96,343.5,13.82,354.3,19.5,583.9,0.0652,0.57,265.9,40.9,10.4
2025-06-11T15:19:00+00:00,1972.4,81.59,344.4,13.93,359.3,22.7,611.5,0.0557,0.56,265.9,40.9,11.1
2025-06-11T15:20:00+00:00,1958.7,85.28,365.4,13.97,370.0,20.9,621.6,0.0563,0.64,265.9,40.9,8.5
2025-06-11T15:21:00+00:00,2054.9,84.15,344.1,13.93,395.3,19.4,572.4,0.0596,0.74,265.9,40.9,9.1
2025-06-11T15:22:00+00:00,1985.3,84.03,357.6,13.89,386.9,20.0,574.2,0.0577,0.61,265.9,40.9,10.8
2025-06-11T15:23:00+00:00,2112.4,83.57,372.1,13.75,381.2,22.4,616.0,0.0577,0.68,265.9,40.9,11.3
2025-06-11T15:24:00+00:00,2466.8,86.27,334.6,13.64,378.3,22.3,621.6,0.0587,0.61,265.9,40.9,9.0
2025-06-11T15:25:00+00:00,2090.2,83.03,338.7,13.78,384.7,18.4,615.7,0.0669,0.70,265.9,40.9,7.7
2025-06-11T15:26:00+00:00,1783.2,79.65,348.8,13.78,374.2,20.4,587.5,0.0551,0.60,265.9,40.9,10.3
2025-06-11T15:27:00+00:00,2034.8,83.62,365.9,13.87,375.0,20.1,611.1,0.0571,0.67,265.9,40.9,9.8
2025-06-11T15:28:00+00:00,2177.4,82.00,355.8,13.75,384.0,19.0,620.6,0.0575,0.65,265.9,40.9,9.0
2025-06-11T15:29:00+00:00,2008.8,83.31,358.5,13.79,373.2,22.5,623.5,0.0597,0.59,265.9,40.9,8.7
2025-06-11T15:30:00+00:00,1946.6,83.20,358.1,13.78,383.9,22.5,670.8,0.0554,0.54,265.9,40.9,9.8
2025-06-11T15:31:00+00:00,2086.7,81.56,341.4,13.88,380.4,19.6,570.3,0.0616,0.64,265.9,40.9,9.8
2025-06-11T15:32:00+00:00,1962.7,83.98,349.0,13.98,377.0,20.2,628.6,0.0601,0.68,265.9,40.9,8.8
2025-06-11T15:33:00+00:00,2004.6,81.09,355.1,13.62,372.9,20.0,618.7,0.0568,0.66,265.9,40.9,10.4
2025-06-11T15:34:00+00:00,2217.6,83.85,342.3,13.67,399.9,20.3,642.6,0.0626,0.64,265.9,40.9,9.5
2025-06-11T15:35:00+00:00,2171.4,85.81,344.9,13.87,378.7,20.4,640.2,0.0581,0.69,265.9,40.9,10.2
2025-06-11T15:36:00+00:00,2048.8,83.77,354.1,14.03,394.2,20.9,617.9,0.0574,0.69,265.9,40.9,10.3
2025-06-11T15:37:00+00:00,1910.3,80.43,358.7,13.57,360.2,20.3,593.6,0.0563,0.66,265.9,40.9,10.2
2025-06-11T15:38:00+00:00,2005.6,82.46,356.9,13.81,385.3,18.5,606.3,0.0565,0.62,265.9,40.9,10.7
2025-06-11T15:39:00+00:00,2113.2,81.21,363.4,13.81,386.4,20.8,572.4,0.0672,0.65,265.9,40.9,10.1
2025-06-11T15:40:00+00:00,2088.8,85.08,340.7,13.85,385.8,19.2,618.4,0.0644,0.66,265.9,40.9,8.0
2025-06-11T15:41:00+00:00,2041.9,84.66,348.7,13.73,408.8,23.4,595.0,0.0634,0.63,265.9,40.9,9.0
2025-06-11T15:42:00+00:00,2015.4,81.71,349.4,13.72,391.9,21.3,638.0,0.0615,0.65,265.9,40.9,8.9
2025-06-11T15:43:00+00:00,2185.2,84.89,350.5,13.87,392.7,22.1,618.3,0.0576,0.65,265.9,40.9,12.0
2025-06-11T15:44:00+00:00,1939.4,84.34,335.7,13.56,368.2,18.8,530.6,0.0561,0.63,265.9,40.9,9.5
2025-06-11T15:45:00+00:00,1987.3,81.20,363.9,13.60,390.1,22.6,680.3,0.0565,0.63,265.9,40.9,10.4
2025-06-11T15:46:00+00:00,2039.4,85.01,361.6,13.69,397.6,19.7,584.5,0.0571,0.65,265.9,40.9,9.0
2025-06-11T15:47:00+00:00,1880.0,82.75,352.5,13.85,412.0,19.3,625.1,0.0568,0.71,265.9,40.9,9.1
2025-06-11T15:48:00+00:00,2015.8,82.45,338.7,13.90,372.0,19.9,579.7,0.0669,0.76,265.9,40.9,10.8
2025-06-11T15:49:00+00:00,2003.3,83.52,358.3,13.73,397.1,22.6,564.9,0.0570,0.67,265.9,40.9,10.5
2025-06-11T15:50:00+00:00,1931.1,83.58,354.0,13.80,381.7,19.0,623.2,0.0568,0.62,265.9,40.9,12.4
2025-06-11T15:51:00+00:00,2177.4,82.37,345.8,13.79,404.1,20.1,635.5,0.0613,0.60,265.9,40.9,9.0
2025-06-11T15:52:00+00:00,2021.7,83.59,341.4,13.91,371.1,18.2,591.4,0.0680,0.66,265.9,40.9,9.3
2025-06-11T15:53:00+00:00,2019.6,80.68,348.6,13.64,383.4,17.2,612.2,0.0593,0.63,265.9,40.9,9.5
2025-06-11T15:54:00+00:00,1987.4,83.42,353.5,13.76,394.8,20.5,583.1,0.0556,0.56,265.9,40.9,6.9
2025-06-11T15:55:00+00:00,2108.1,80.30,353.0,13.91,386.1,22.9,600.5,0.0592,0.70,265.9,40.9,10.5
2025-06-11T15:56:00+00:00,2119.1,81.38,350.0,13.90,392.3,20.1,670.5,0.0574,0.66,265.9,40.9,9.0
2025-06-11T15:57:00+00:00,2030.3,84.98,345.9,13.59,361.8,19.0,627.8,0.0570,0.66,265.9,40.9,8.3
2025-06-11T15:58:00+00:00,2035.1,83.88,363.2,13.56,393.3,20.8,555.3,0.0569,0.66,265.9,40.9,10.4
2025-06-11T15:59:00+00:00,1954.4,81.71,359.6,13.83,394.9,18.6,571.4,0.0557,0.57,265.9,40.9,8.0
2025-06-11T16:00:00+00:00,1951.1,81.52,347.6,13.41,361.7,23.4,578.0,0.0579,0.63,265.9,40.9,10.1
2025-06-11T16:01:00+00:00,1935.7,81.76,344.1,13.85,368.6,21.6,584.8,0.0638,0.77,265.9,40.9,10.3
2025-06-11T16:02:00+00:00,1924.2,80.64,339.6,13.76,372.4,20.7,618.1,0.0563,0.65,265.9,40.9,8.0
2025-06-11T16:03:00+00:00,2028.4,80.07,349.2,13.74,368.3,18.9,614.0,0.0613,0.63,265.9,40.9,10.2
2025-06-11T16:04:00+00:00,2069.1,79.49,333.8,13.86,379.3,21.2,677.5,0.0574,0.61,265.9,40.9,9.9
2025-06-11T16:05:00+00:00,2095.9,83.02,356.3,13.82,372.2,21.1,655.6,0.0595,0.78,265.9,40.9,10.3
2025-06-11T16:06:00+00:00,1991.3,81.57,344.9,13.89,385.5,23.4,593.2,0.0604,0.69,265.9,40.9,8.7
2025-06-11T16:07:00+00:00,2183.7,84.17,351.8,13.78,379.9,20.7,595.5,0.0581,0.68,265.9,40.9,7.5
2025-06-11T16:08:00+00:00,2047.9,82.78,340.0,13.67,413.7,21.1,539.3,0.0642,0.69,265.9,40.9,10.9
2025-06-11T16:09:00+00:00,1889.8,81.74,351.9,13.80,375.1,22.9,578.9,0.0566,0.69,265.9,40.9,7.8
2025-06-11T16:10:00+00:00,2013.0,81.43,345.6,13.92,373.1,21.2,606.2,0.0569,0.67,265.9,40.9,10.9
2025-06-11T16:11:00+00:00,1015.0,79.29,373.1,13.80,354.0,18.2,566.5,0.0591,0.62,265.9,40.9,10.6
2025-06-11T16:12:00+00:00,877.9,79.75,359.4,13.86,344.3,20.7,534.7,0.0512,0.70,265.9,40.9,10.7
2025-06-11T16:13:00+00:00,947.7,78.00,360.2,13.79,358.4,16.6,539.5,0.0524,0.56,265.9,40.9,9.8
2025-06-11T16:14:00+00:00,1015.3,77.45,349.9,13.57,354.5,21.0,583.2,0.0542,0.63,265.9,40.9,7.8
2025-06-11T16:15:00+00:00,1039.6,79.40,359.7,13.87,343.9,21.2,512.0,0.0548,0.70,265.9,40.9,10.0
2025-06-11T16:16:00+00:00,954.8,79.67,351.3,13.66,344.8,20.5,571.7,0.0631,0.66,265.9,40.9,9.0
2025-06-11T16:17:00+00:00,975.9,78.50,350.5,13.79,343.4,23.7,567.4,0.0507,0.60,265.9,40.9,8.8
2025-06-11T16:18:00+00:00,1022.7,80.18,360.3,13.68,370.0,21.2,526.6,0.0521,0.68,265.9,40.9,9.1
2025-06-11T16:19:00+00:00,917.5,81.77,352.0,13.78,348.2,20.4,510.1,0.0551,0.75,265.9,40.9,9.5
2025-06-11T16:20:00+00:00,938.5,76.31,368.3,13.58,330.9,21.3,521.3,0.0502,0.57,265.9,40.9,11.0
2025-06-11T16:21:00+00:00,913.9,81.57,360.7,13.82,360.7,22.0,543.7,0.0527,0.62,265.9,40.9,9.2
2025-06-12T06:00:00+00:00,941.8,76.16,359.3,13.88,353.5,19.3,551.3,0.0537,0.91,274.0,94.0,11.0
2025-06-12T06:01:00+00:00,841.7,78.59,347.8,13.78,344.8,19.2,489.8,0.0550,0.82,274.0,94.0,11.2
2025-06-12T06:02:00+00:00,1088.7,80.43,358.0,13.69,352.3,19.9,519.2,0.0627,0.97,274.0,94.0,10.9
2025-06-12T06:03:00+00:00,984.6,78.41,348.9,13.63,325.0,20.0,552.7,0.0548,0.83,274.0,94.0,11.0
2025-06-12T06:04:00+00:00,847.0,77.05,361.6,13.78,338.7,23.3,574.9,0.0519,0.79,274.0,94.0,11.6
2025-06-12T06:05:00+00:00,1001.4,79.50,370.5,13.79,342.0,18.6,575.8,0.0550,0.88,274.0,94.0,11.8
2025-06-12T06:06:00+00:00,906.4,81.93,354.4,13.98,349.7,21.5,566.5,0.0550,0.92,274.0,94.0,11.3
2025-06-12T06:07:00+00:00,1018.1,80.36,363.2,14.16,340.2,19.2,535.1,0.0543,0.94,274.0,94.0,11.0
2025-06-12T06:08:00+00:00,985.2,80.65,351.8,13.59,354.2,21.3,526.4,0.0553,0.88,274.0,94.0,10.5
2025-06-12T06:09:00+00:00,843.2,79.44,381.7,13.82,349.0,22.9,547.2,0.0532,0.92,274.0,94.0,11.5
2025-06-12T06:10:00+00:00,1055.3,79.73,363.2,13.79,338.8,18.0,561.7,0.0543,0.91,274.0,94.0,11.4
2025-06-12T06:11:00+00:00,948.2,78.24,358.9,13.58,338.8,21.4,519.9,0.0537,0.91,274.0,94.0,11.2
2025-06-12T06:12:00+00:00,978.8,79.28,358.8,13.73,348.0,19.7,540.4,0.0539,0.90,274.0,94.0,12.4
2025-06-12T06:13:00+00:00,2171.4,84.57,336.8,13.70,367.2,21.6,649.8,0.0601,0.88,274.0,94.0,12.0
2025-06-12T06:14:00+00:00,2061.5,83.33,339.4,13.73,376.8,17.9,587.4,0.0639,0.85,274.0,94.0,11.1
2025-06-12T06:15:00+00:00,2026.9,83.25,354.6,13.85,401.9,19.4,603.5,0.0592,0.87,274.0,94.0,12.0
2025-06-12T06:16:00+00:00,2089.7,80.18,350.6,13.68,377.1,19.2,610.8,0.0597,0.91,274.0,94.0,12.1
2025-06-12T06:17:00+00:00,1938.9,78.46,340.2,13.94,373.1,21.9,572.2,0.0588,0.89,274.0,94.0,13.3
2025-06-12T06:18:00+00:00,1997.5,85.28,332.8,13.93,380.6,19.4,584.9,0.0588,0.86,274.0,94.0,12.5
2025-06-12T06:19:00+00:00,2023.3,83.28,355.8,13.88,401.9,20.0,586.6,0.0639,0.92,274.0,94.0,10.5
2025-06-12T06:20:00+00:00,1863.4,80.33,345.4,13.80,378.2,22.0,579.8,0.0649,0.98,274.0,94.0,12.9
2025-06-12T06:21:00+00:00,2264.6,80.80,361.4,13.75,406.7,18.1,615.7,0.0605,0.88,274.0,94.0,11.4
2025-06-12T06:22:00+00:00,1814.2,85.10,361.9,13.59,399.9,21.3,639.5,0.0579,0.87,274.0,94.0,11.7
2025-06-12T06:23:00+00:00,2234.3,83.74,349.7,13.71,391.5,20.1,643.8,0.0615,0.86,274.0,94.0,11.9
2025-06-12T06:24:00+00:00,1729.6,80.96,351.3,13.94,372.8,19.2,631.9,0.0590,0.86,274.0,94.0,13.2
2025-06-12T06:25:00+00:00,2087.4,81.47,351.7,13.47,388.3,20.5,674.6,0.0599,0.92,274.0,94.0,12.4
2025-06-12T06:26:00+00:00,1973.2,80.51,353.2,13.69,394.2,19.9,638.0,0.0589,0.90,274.0,94.0,12.2
2025-06-12T06:27:00+00:00,1760.5,77.38,336.3,13.84,380.9,20.1,572.5,0.0579,0.90,274.0,94.0,11.4
2025-06-12T06:28:00+00:00,2095.5,82.53,337.9,13.64,376.7,21.7,636.0,0.0599,0.91,274.0,94.0,11.1
2025-06-12T06:29:00+00:00,2037.8,81.25,341.8,13.71,410.9,21.8,638.6,0.0604,1.00,274.0,94.0,12.3
2025-06-12T06:30:00+00:00,1891.0,83.27,363.0,13.68,363.2,20.1,550.8,0.0593,0.93,274.0,94.0,11.9
2025-06-12T06:31:00+00:00,2128.1,82.82,348.1,13.92,415.7,21.3,629.4,0.0604,0.92,274.0,94.0,11.1
2025-06-12T06:32:00+00:00,1946.5,84.07,346.7,13.95,384.2,22.1,595.1,0.0592,0.92,274.0,94.0,13.5
2025-06-12T06:33:00+00:00,1940.4,82.32,336.4,13.72,358.2,20.4,617.3,0.0635,0.92,274.0,94.0,12.4
2025-06-12T06:34:00+00:00,2081.8,82.93,341.8,13.58,400.0,19.9,625.5,0.0596,0.89,274.0,94.0,10.7
2025-06-12T06:35:00+00:00,2111.9,80.77,343.1,13.70,380.9,22.7,568.6,0.0652,0.87,274.0,94.0,12.6
2025-06-12T06:36:00+00:00,2108.7,84.01,350.5,13.92,379.5,22.1,625.8,0.0597,0.90,274.0,94.0,12.2
2025-06-12T06:37:00+00:00,1739.9,81.99,354.6,13.86,368.0,17.6,593.6,0.0581,0.92,274.0,94.0,11.4
2025-06-12T06:38:00+00:00,2077.9,82.94,354.3,13.92,399.8,20.4,605.4,0.0603,0.96,274.0,94.0,11.3
2025-06-12T06:39:00+00:00,2005.5,81.57,331.6,13.81,387.3,20.8,659.5,0.0592,0.90,274.0,94.0,12.0
2025-06-12T06:40:00+00:00,2149.5,81.46,346.9,13.59,377.6,19.1,586.4,0.0606,0.92,274.0,94.0,12.4
2025-06-12T06:41:00+00:00,2153.6,80.88,342.6,13.63,379.1,21.0,586.1,0.0590,0.80,274.0,94.0,12.8
2025-06-12T06:42:00+00:00,2183.5,83.39,327.0,13.83,380.2,19.6,592.7,0.0605,0.93,274.0,94.0,12.4
2025-06-12T06:43:00+00:00,1864.2,79.33,362.1,13.56,365.5,21.7,599.3,0.0583,0.88,274.0,94.0,12.1
2025-06-12T06:44:00+00:00,2128.4,80.36,360.2,14.00,371.1,18.5,579.0,0.0600,0.90,274.0,94.0,11.5
2025-06-12T06:45:00+00:00,1874.3,82.91,358.8,13.68,360.2,19.4,580.1,0.0671,0.93,274.0,94.0,12.3
2025-06-12T06:46:00+00:00,2129.4,80.95,366.2,13.84,400.0,19.7,582.0,0.0598,0.89,274.0,94.0,11.5
2025-06-12T06:47:00+00:00,1800.8,82.17,368.3,13.88,374.6,19.9,594.9,0.0651,0.84,274.0,94.0,11.0
2025-06-12T06:48:00+00:00,2019.4,82.14,348.0,13.89,366.6,19.2,606.0,0.0666,0.99,274.0,94.0,12.5
2025-06-12T06:49:00+00:00,1936.6,80.75,343.8,14.04,376.0,17.6,549.3,0.0729,0.87,274.0,94.0,11.3
2025-06-12T06:50:00+00:00,1955.9,80.45,343.5,13.97,393.4,20.6,605.8,0.0608,0.97,274.0,94.0,11.9
2025-06-12T06:51:00+00:00,2091.6,80.89,355.1,13.84,382.6,19.3,615.5,0.0685,0.91,274.0,94.0,11.3
2025-06-12T06:52:00+00:00,1948.5,82.70,333.6,13.83,368.4,21.2,632.4,0.0592,0.85,274.0,94.0,13.4
2025-06-12T06:53:00+00:00,2266.3,79.89,348.2,13.57,398.4,19.8,610.1,0.0608,0.91,274.0,94.0,11.9
2025-06-12T06:54:00+00:00,2218.3,81.10,345.2,13.81,383.5,19.6,567.0,0.0620,0.88,274.0,94.0,11.7
2025-06-12T06:55:00+00:00,2092.3,83.69,347.7,13.51,391.8,18.4,603.1,0.0595,0.88,274.0,94.0,12.9
2025-06-12T06:56:00+00:00,2132.9,81.60,347.4,13.80,395.4,21.3,589.6,0.0616,0.92,274.0,94.0,12.2
2025-06-12T06:57:00+00:00,2036.2,81.35,347.5,13.69,371.1,18.9,619.5,0.0648,0.94,274.0,94.0,12.0
2025-06-12T06:58:00+00:00,1823.1,78.09,360.2,13.81,389.2,21.1,614.9,0.0612,0.94,274.0,94.0,11.2
2025-06-12T06:59:00+00:00,1973.1,81.49,357.7,13.99,354.8,21.8,590.8,0.0588,0.87,274.0,94.0,11.2
2025-06-12T07:00:00+00:00,1996.8,82.11,348.6,13.92,393.5,18.9,524.6,0.0624,0.82,274.0,94.0,14.1
2025-06-12T07:01:00+00:00,1969.5,82.16,343.7,13.72,374.7,19.4,618.9,0.0588,0.86,274.0,94.0,9.2
2025-06-12T07:02:00+00:00,1963.3,83.49,356.3,13.66,363.9,20.3,573.7,0.0692,0.87,274.0,94.0,10.1
2025-06-12T07:03:00+00:00,1932.5,81.07,338.7,13.98,384.3,21.5,565.5,0.0587,0.89,274.0,94.0,11.0
2025-06-12T07:04:00+00:00,2335.0,80.80,340.2,13.82,381.4,21.2,622.0,0.0612,0.93,274.0,94.0,13.4
2025-06-12T07:05:00+00:00,1896.2,83.93,349.0,14.04,398.3,18.6,595.8,0.0595,0.98,274.0,94.0,10.8
2025-06-12T07:06:00+00:00,2137.4,82.87,340.0,13.89,383.8,20.0,634.7,0.0628,0.87,274.0,94.0,10.7
2025-06-12T07:07:00+00:00,1887.2,83.99,350.3,13.84,390.2,21.5,621.0,0.0588,0.91,274.0,94.0,11.4
2025-06-12T07:08:00+00:00,1972.1,83.49,352.4,13.83,384.0,20.4,592.3,0.0600,1.00,274.0,94.0,10.8
2025-06-12T07:09:00+00:00,2229.0,82.81,350.4,13.81,398.5,19.5,636.9,0.0606,0.91,274.0,94.0,12.2
2025-06-12T07:10:00+00:00,2039.4,82.94,352.8,13.75,381.1,20.1,590.4,0.0593,0.89,274.0,94.0,12.4
2025-06-12T07:11:00+00:00,2119.0,83.07,356.7,13.99,390.4,19.1,613.6,0.0606,0.98,274.0,94.0,11.5
2025-06-12T07:12:00+00:00,2096.3,82.07,345.3,13.98,397.2,20.4,681.0,0.0596,0.90,274.0,94.0,11.1
2025-06-12T07:13:00+00:00,2415.2,86.25,348.2,13.71,382.7,21.1,568.0,0.0632,0.96,274.0,94.0,11.2
2025-06-12T07:14:00+00:00,2069.3,81.44,343.4,13.76,372.9,17.5,580.1,0.0589,0.84,274.0,94.0,12.7
2025-06-12T07:15:00+00:00,2486.8,82.00,350.2,13.74,393.2,21.6,624.1,0.0626,0.98,274.0,94.0,10.1
2025-06-12T07:16:00+00:00,1795.5,79.35,353.7,13.42,385.4,18.0,610.2,0.0584,0.92,274.0,94.0,12.4
2025-06-12T07:17:00+00:00,2399.2,83.81,346.8,13.83,394.0,19.5,696.6,0.0672,0.87,274.0,94.0,9.6
2025-06-12T07:18:00+00:00,1989.9,80.88,348.5,13.86,368.3,20.6,603.0,0.0596,0.95,274.0,94.0,10.5
2025-06-12T07:19:00+00:00,2143.3,82.25,345.6,13.86,403.8,19.1,653.1,0.0597,0.87,274.0,94.0,12.5
2025-06-12T07:20:00+00:00,2467.8,81.57,335.9,13.67,405.8,21.4,612.6,0.0623,0.96,274.0,94.0,11.6
2025-06-12T07:21:00+00:00,2140.1,81.12,361.2,13.63,403.5,20.6,574.8,0.0618,0.95,274.0,94.0,10.5
2025-06-12T07:22:00+00:00,2135.8,83.86,350.2,13.74,392.6,22.9,642.4,0.0596,0.86,274.0,94.0,12.4
2025-06-12T07:23:00+00:00,2437.4,83.09,355.1,14.05,392.5,22.4,629.7,0.0653,0.84,274.0,94.0,11.6
2025-06-12T07:24:00+00:00,2533.1,83.79,338.9,13.73,405.6,23.7,622.1,0.0642,0.94,274.0,94.0,12.1
2025-06-12T07:25:00+00:00,2463.9,85.40,351.0,13.71,387.1,21.5,619.7,0.0611,0.85,274.0,94.0,14.7
2025-06-12T07:26:00+00:00,2461.9,83.08,349.5,13.46,379.5,22.0,603.8,0.0635,0.89,274.0,94.0,12.4
2025-06-12T07:27:00+00:00,2557.1,85.00,344.1,13.43,394.8,18.8,626.2,0.0618,0.86,274.0,94.0,14.0
2025-06-12T07:28:00+00:00,2275.8,84.39,344.5,13.64,398.2,19.5,570.7,0.0650,0.86,274.0,94.0,13.9
2025-06-12T07:29:00+00:00,2455.4,84.55,340.4,13.48,413.3,20.2,601.3,0.0699,0.86,274.0,94.0,12.0
2025-06-12T07:30:00+00:00,2028.8,81.57,356.2,13.73,378.4,18.3,578.8,0.0594,0.89,274.0,94.0,13.5
2025-06-12T07:31:00+00:00,1991.0,83.62,360.9,14.11,379.2,21.2,630.6,0.0698,0.89,274.0,94.0,12.0
2025-06-12T07:32:00+00:00,1894.4,81.30,356.2,13.64,372.6,20.4,629.0,0.0592,0.95,274.0,94.0,12.3
2025-06-12T07:33:00+00:00,2086.3,83.09,345.5,13.90,388.4,22.1,587.1,0.0627,0.92,274.0,94.0,11.0
2025-06-12T07:34:00+00:00,2175.7,85.55,356.3,13.90,399.1,20.0,612.7,0.0603,0.86,274.0,94.0,11.3
2025-06-12T07:35:00+00:00,1977.1,83.10,347.3,13.89,379.0,17.9,614.5,0.0587,0.86,274.0,94.0,12.2
2025-06-12T07:36:00+00:00,1950.3,84.63,346.6,13.66,356.5,20.3,595.5,0.0586,0.87,274.0,94.0,11.1
2025-06-12T07:37:00+00:00,2024.3,84.59,342.8,13.81,380.7,20.1,648.1,0.0593,0.89,274.0,94.0,12.9
2025-06-12T07:38:00+00:00,2000.6,82.31,370.3,14.05,386.0,18.8,628.2,0.0632,1.03,274.0,94.0,12.8
2025-06-12T07:39:00+00:00,1937.4,82.09,359.1,13.69,383.2,19.3,551.2,0.0631,0.89,274.0,94.0,13.1
2025-06-12T07:40:00+00:00,1979.8,78.77,341.0,13.64,391.6,23.4,569.6,0.0645,0.86,274.0,94.0,11.4
2025-06-12T07:41:00+00:00,1943.0,80.84,351.8,13.73,378.3,18.5,576.6,0.0660,0.91,274.0,94.0,13.3
2025-06-12T07:42:00+00:00,1957.5,80.58,354.4,13.75,380.6,17.6,630.6,0.0607,0.97,274.0,94.0,12.0
2025-06-12T07:43:00+00:00,1974.0,78.19,324.4,14.10,376.4,23.0,589.4,0.0594,0.91,274.0,94.0,12.7
2025-06-12T07:44:00+00:00,1928.6,84.09,345.3,13.96,382.3,23.2,556.8,0.0592,0.94,274.0,94.0,12.2
2025-06-12T07:45:00+00:00,2080.2,83.15,356.6,13.88,393.7,19.2,567.3,0.0732,0.89,274.0,94.0,12.4
2025-06-12T07:46:00+00:00,1796.7,81.45,344.7,13.82,385.3,20.9,539.3,0.0579,0.82,274.0,94.0,10.7
2025-06-12T07:47:00+00:00,1986.8,80.95,342.6,13.68,381.9,21.7,667.1,0.0645,0.89,274.0,94.0,12.1
2025-06-12T07:48:00+00:00,2059.8,82.94,343.3,14.22,383.4,20.8,576.7,0.0631,0.94,274.0,94.0,12.3
2025-06-12T07:49:00+00:00,2043.0,82.59,331.9,13.93,383.5,20.3,582.8,0.0646,0.97,274.0,94.0,11.7
2025-06-12T07:50:00+00:00,2005.1,82.13,347.4,13.58,394.0,25.9,595.7,0.0632,0.88,274.0,94.0,11.2
2025-06-12T07:51:00+00:00,1989.6,83.55,352.7,13.58,381.5,19.1,569.2,0.0634,0.86,274.0,94.0,12.7
2025-06-12T07:52:00+00:00,1849.0,84.37,349.7,13.85,383.6,21.5,579.2,0.0590,0.96,274.0,94.0,11.2
2025-06-12T07:53:00+00:00,2019.5,78.82,333.7,13.65,373.7,19.0,621.7,0.0597,0.96,274.0,94.0,10.0
2025-06-12T07:54:00+00:00,2040.8,82.65,344.2,13.75,362.8,19.7,579.0,0.0593,0.89,274.0,94.0,13.8
2025-06-12T07:55:00+00:00,1981.4,81.16,350.2,13.85,384.7,18.8,588.1,0.0579,0.79,274.0,94.0,12.1
2025-06-12T07:56:00+00:00,1980.2,81.51,352.0,13.71,382.2,19.1,642.7,0.0589,0.87,274.0,94.0,12.5
2025-06-12T07:57:00+00:00,2081.5,81.86,349.8,13.63,387.8,19.7,591.6,0.0596,0.91,274.0,94.0,10.7
2025-06-12T07:58:00+00:00,2131.4,81.95,350.4,13.67,385.8,20.8,579.8,0.0594,0.85,274.0,94.0,12.1
2025-06-12T07:59:00+00:00,1986.2,81.30,350.8,13.89,381.4,21.8,545.6,0.0600,0.89,274.0,94.0,12.9
2025-06-12T08:00:00+00:00,2249.1,85.41,347.3,13.86,375.5,17.6,620.9,0.0610,0.95,274.0,94.0,10.7
2025-06-12T08:01:00+00:00,1966.6,80.08,355.1,13.92,402.5,22.3,650.3,0.0601,0.99,274.0,94.0,11.5
2025-06-12T08:02:00+00:00,2198.3,81.22,361.9,13.94,364.3,18.3,609.8,0.0608,0.95,274.0,94.0,12.2
2025-06-12T08:03:00+00:00,1899.4,81.79,343.9,13.75,364.4,21.0,568.2,0.0586,0.89,274.0,94.0,13.0
2025-06-12T08:04:00+00:00,1963.9,76.97,351.3,13.99,372.2,20.3,583.9,0.0670,0.98,274.0,94.0,11.0
2025-06-12T08:05:00+00:00,2188.3,82.23,350.1,13.70,380.1,20.7,609.5,0.0607,0.95,274.0,94.0,11.8
2025-06-12T08:06:00+00:00,2156.8,80.15,348.9,13.74,406.6,16.5,586.2,0.0598,0.88,274.0,94.0,13.3
2025-06-12T08:07:00+00:00,2298.2,82.44,351.1,13.85,397.9,21.9,638.7,0.0608,0.89,274.0,94.0,12.4
2025-06-12T08:08:00+00:00,2039.9,81.29,347.8,13.74,372.8,20.3,544.1,0.0604,1.00,274.0,94.0,10.8
2025-06-12T08:09:00+00:00,2025.5,83.31,352.6,13.94,377.3,22.8,573.8,0.0614,0.78,274.0,94.0,10.9
2025-06-12T08:10:00+00:00,1931.3,81.94,353.9,13.66,405.0,21.8,718.2,0.0665,0.82,274.0,94.0,13.4
2025-06-12T08:11:00+00:00,1873.6,80.96,353.7,13.97,379.0,19.5,564.2,0.0592,0.98,274.0,94.0,9.6
2025-06-12T08:12:00+00:00,1997.3,80.70,354.2,13.72,393.4,18.0,569.7,0.0587,0.85,274.0,94.0,10.5
2025-06-12T08:13:00+00:00,1988.0,80.69,344.2,13.80,387.6,22.9,598.4,0.0590,0.89,274.0,94.0,10.7
2025-06-12T08:14:00+00:00,2139.2,81.22,354.2,13.91,389.9,19.3,647.0,0.0609,0.89,274.0,94.0,10.9
2025-06-12T08:15:00+00:00,1988.1,80.99,351.1,14.00,361.6,17.9,586.7,0.0591,0.91,274.0,94.0,11.4
2025-06-12T08:16:00+00:00,1809.2,82.70,353.0,13.76,376.0,21.0,536.7,0.0637,0.87,274.0,94.0,12.0
2025-06-12T08:17:00+00:00,1889.9,81.82,352.2,13.65,370.8,21.6,601.0,0.0589,0.93,274.0,94.0,11.0
2025-06-12T08:18:00+00:00,2030.7,82.96,337.9,13.67,391.1,22.9,590.5,0.0598,0.95,274.0,94.0,12.3
2025-06-12T08:19:00+00:00,2161.4,83.63,360.2,14.09,389.5,19.3,588.4,0.0626,0.88,274.0,94.0,10.8
2025-06-12T08:20:00+00:00,1985.5,82.47,343.6,13.87,376.0,18.5,551.0,0.0592,0.90,274.0,94.0,9.6
2025-06-12T08:21:00+00:00,2079.7,81.47,341.3,13.81,408.9,21.5,584.7,0.0596,0.88,274.0,94.0,12.3
2025-06-12T08:22:00+00:00,2023.0,81.78,367.3,13.95,395.2,20.7,612.6,0.0616,1.03,274.0,94.0,11.6
2025-06-12T08:23:00+00:00,1952.5,83.03,346.8,13.73,387.9,22.3,665.6,0.0591,0.90,274.0,94.0,12.2
2025-06-12T08:24:00+00:00,1956.5,83.19,343.1,13.96,396.0,21.0,555.9,0.0588,0.88,274.0,94.0,11.5
2025-06-12T08:25:00+00:00,2031.3,80.64,349.0,13.70,395.3,19.7,545.4,0.0623,0.83,274.0,94.0,11.3
2025-06-12T08:26:00+00:00,1987.1,79.31,347.8,13.81,385.3,22.0,633.0,0.0638,0.97,274.0,94.0,11.7
2025-06-12T08:27:00+00:00,1902.3,82.80,352.3,13.88,362.2,21.6,600.4,0.0591,0.94,274.0,94.0,10.8
2025-06-12T08:28:00+00:00,2178.8,81.59,334.6,13.85,399.4,18.5,640.1,0.0623,0.90,274.0,94.0,10.8
2025-06-12T08:29:00+00:00,1759.7,81.45,358.0,13.69,354.6,20.4,557.2,0.0580,0.91,274.0,94.0,11.1
2025-06-12T08:30:00+00:00,748.4,80.34,365.6,13.93,347.9,22.8,539.3,0.0584,0.86,274.0,94.0,11.9
2025-06-12T08:31:00+00:00,1010.1,80.07,361.7,13.85,376.5,23.7,516.7,0.0559,0.89,274.0,94.0,10.6
2025-06-12T08:32:00+00:00,1012.6,80.72,350.0,13.80,362.2,19.1,601.0,0.0549,0.99,274.0,94.0,10.9
2025-06-12T08:33:00+00:00,1024.3,79.82,360.0,13.65,340.7,20.4,580.7,0.0539,0.90,274.0,94.0,11.3
2025-06-12T08:34:00+00:00,911.4,78.87,355.9,13.72,354.6,18.4,520.7,0.0541,0.89,274.0,94.0,10.4
2025-06-12T08:35:00+00:00,967.1,77.86,355.7,13.69,351.9,20.5,590.2,0.0536,0.89,274.0,94.0,11.6
2025-06-12T08:36:00+00:00,1041.2,77.75,334.6,14.03,351.6,21.7,633.0,0.0582,0.96,274.0,94.0,10.9
2025-06-12T08:37:00+00:00,870.7,78.52,363.8,13.87,336.4,21.0,423.9,0.0613,0.94,274.0,94.0,13.4
2025-06-12T08:38:00+00:00,1046.9,79.10,363.3,13.79,361.3,21.8,586.0,0.0534,0.82,274.0,94.0,12.0
2025-06-12T08:39:00+00:00,1081.9,79.79,341.4,13.99,362.0,21.7,559.2,0.0584,1.03,274.0,94.0,12.4
2025-06-12T08:40:00+00:00,982.5,79.20,356.0,13.71,372.7,20.6,535.9,0.0565,0.90,274.0,94.0,11.1
2025-06-12T08:41:00+00:00,999.4,79.93,363.0,13.88,361.1,21.2,565.7,0.0578,0.90,274.0,94.0,11.1
2025-06-12T14:00:00+00:00,1033.2,77.39,351.7,13.58,359.5,20.4,564.8,0.0540,0.90,274.0,94.0,12.3
2025-06-12T14:01:00+00:00,811.7,79.30,363.0,13.74,333.1,20.7,526.6,0.0528,0.88,274.0,94.0,13.1
2025-06-12T14:02:00+00:00,1032.8,78.41,353.5,13.59,344.4,20.1,543.8,0.0614,0.92,274.0,94.0,10.1
2025-06-12T14:03:00+00:00,902.1,77.67,362.8,13.66,374.0,17.9,604.2,0.0543,1.00,274.0,94.0,11.4
2025-06-12T14:04:00+00:00,1026.8,76.75,360.1,13.78,343.1,22.1,561.3,0.0544,0.94,274.0,94.0,11.6
2025-06-12T14:05:00+00:00,1005.6,78.69,377.6,13.76,381.1,20.5,522.3,0.0668,0.89,274.0,94.0,11.7
2025-06-12T14:06:00+00:00,981.8,78.37,371.6,13.75,343.6,19.0,605.0,0.0548,1.01,274.0,94.0,10.3
2025-06-12T14:07:00+00:00,909.1,80.19,358.0,13.83,341.7,19.8,580.0,0.0535,0.91,274.0,94.0,11.8
2025-06-12T14:08:00+00:00,929.0,77.38,365.4,13.85,361.5,20.6,524.5,0.0538,0.85,274.0,94.0,10.8
2025-06-12T14:09:00+00:00,853.9,76.58,350.2,14.05,361.9,18.9,558.1,0.0537,0.93,274.0,94.0,11.8
2025-06-12T14:10:00+00:00,1043.4,77.14,351.0,13.73,350.3,16.6,589.3,0.0537,0.85,274.0,94.0,12.4
2025-06-12T14:11:00+00:00,1029.2,77.59,343.4,13.81,332.8,19.9,520.4,0.0542,0.91,274.0,94.0,10.4
2025-06-12T14:12:00+00:00,1957.8,82.55,349.6,13.69,379.2,20.5,568.2,0.0589,0.89,274.0,94.0,11.4
2025-06-12T14:13:00+00:00,1889.2,80.94,346.2,13.93,390.7,19.7,666.7,0.0581,0.85,274.0,94.0,12.2
2025-06-12T14:14:00+00:00,1932.5,81.23,354.9,13.64,399.9,22.0,630.7,0.0586,0.86,274.0,94.0,11.3
2025-06-12T14:15:00+00:00,2026.4,82.12,355.2,13.88,376.9,19.2,586.0,0.0606,0.91,274.0,94.0,11.7
2025-06-12T14:16:00+00:00,2141.0,81.65,346.0,13.70,360.2,21.1,551.9,0.0618,0.87,274.0,94.0,12.2
2025-06-12T14:17:00+00:00,2083.8,82.69,355.9,13.68,386.1,19.5,597.2,0.0605,0.99,274.0,94.0,11.0
2025-06-12T14:18:00+00:00,1993.9,80.96,349.1,13.94,387.6,23.6,605.4,0.0584,0.83,274.0,94.0,14.0
2025-06-12T14:19:00+00:00,1868.6,84.45,360.1,14.12,401.4,19.7,610.2,0.0585,0.89,274.0,94.0,13.0
2025-06-12T14:20:00+00:00,1782.9,78.60,355.8,13.59,372.3,23.0,629.4,0.0585,0.94,274.0,94.0,11.9
2025-06-12T14:21:00+00:00,2228.3,81.33,350.8,13.78,399.3,19.4,618.7,0.0610,0.95,274.0,94.0,12.0
2025-06-12T14:22:00+00:00,2019.1,78.60,359.3,13.70,379.0,19.8,635.3,0.0598,0.95,274.0,94.0,12.5
2025-06-12T14:23:00+00:00,2029.2,82.78,349.4,13.74,375.6,19.3,546.6,0.0587,0.84,274.0,94.0,12.7
2025-06-12T14:24:00+00:00,2000.9,84.61,357.4,13.81,378.5,22.5,628.7,0.0660,0.92,274.0,94.0,10.2
2025-06-12T14:25:00+00:00,2042.5,85.45,338.0,13.75,359.7,20.1,647.0,0.0635,0.88,274.0,94.0,10.5
2025-06-12T14:26:00+00:00,2081.8,81.54,330.2,13.90,398.5,17.6,623.4,0.0625,0.95,274.0,94.0,12.8
2025-06-12T14:27:00+00:00,1977.0,82.31,347.4,13.75,377.3,21.4,619.3,0.0635,0.87,274.0,94.0,10.7
2025-06-12T14:28:00+00:00,1819.4,79.73,354.9,13.62,388.9,18.4,570.3,0.0590,0.97,274.0,94.0,10.7
2025-06-12T14:29:00+00:00,1978.5,81.26,353.0,13.53,378.6,19.2,594.8,0.0589,0.89,274.0,94.0,12.5
2025-06-12T14:30:00+00:00,1999.5,83.58,353.7,13.91,398.1,21.5,596.3,0.0602,0.99,274.0,94.0,11.1
2025-06-12T14:31:00+00:00,2160.6,82.55,345.4,13.85,388.2,21.5,621.3,0.0728,0.97,274.0,94.0,10.9
2025-06-12T14:32:00+00:00,1888.9,80.27,352.1,13.81,365.8,20.9,598.8,0.0586,0.91,274.0,94.0,12.1
2025-06-12T14:33:00+00:00,2149.8,83.65,342.2,13.74,395.5,21.1,593.4,0.0663,0.94,274.0,94.0,12.0
2025-06-12T14:34:00+00:00,1998.5,82.95,362.5,14.00,374.8,21.3,608.7,0.0615,0.90,274.0,94.0,11.5
2025-06-12T14:35:00+00:00,2110.4,82.79,352.6,13.92,396.4,21.7,628.4,0.0631,0.95,274.0,94.0,13.1
2025-06-12T14:36:00+00:00,2008.0,79.27,349.0,13.83,383.6,21.0,603.8,0.0617,0.99,274.0,94.0,13.0
2025-06-12T14:37:00+00:00,1887.4,79.90,353.3,14.00,371.0,20.7,667.4,0.0579,0.83,274.0,94.0,12.8
2025-06-12T14:38:00+00:00,2031.0,82.15,352.2,13.78,389.6,20.1,589.6,0.0597,0.94,274.0,94.0,12.5
2025-06-12T14:39:00+00:00,2129.0,81.59,351.1,13.96,389.9,19.5,575.1,0.0608,0.99,274.0,94.0,12.6
2025-06-12T14:40:00+00:00,1853.4,81.76,361.4,13.72,373.9,22.1,570.2,0.0593,0.98,274.0,94.0,11.7
2025-06-12T14:41:00+00:00,2162.5,85.25,346.1,13.57,393.2,21.3,623.1,0.0630,0.97,274.0,94.0,11.9
2025-06-12T14:42:00+00:00,1929.3,80.65,336.5,13.65,359.1,18.8,633.5,0.0605,0.88,274.0,94.0,12.2
2025-06-12T14:43:00+00:00,1922.1,81.11,350.7,13.83,393.5,19.4,580.5,0.0619,0.95,274.0,94.0,12.5
2025-06-12T14:44:00+00:00,1967.3,82.16,354.1,13.69,367.0,19.4,594.2,0.0582,0.81,274.0,94.0,11.9
2025-06-12T14:45:00+00:00,2090.1,82.17,332.9,13.89,402.3,21.8,559.6,0.0599,0.92,274.0,94.0,10.2
2025-06-12T14:46:00+00:00,2115.4,83.03,362.1,13.73,361.0,20.0,554.2,0.0613,0.85,274.0,94.0,12.1
2025-06-12T14:47:00+00:00,2117.5,81.96,345.9,13.96,395.0,21.4,600.4,0.0629,0.91,274.0,94.0,11.7
2025-06-12T14:48:00+00:00,2077.4,84.45,343.8,13.75,381.3,20.3,605.5,0.0630,0.89,274.0,94.0,11.3
2025-06-12T14:49:00+00:00,1963.9,79.01,339.1,13.82,369.1,19.2,543.1,0.0702,1.01,274.0,94.0,11.9
2025-06-12T14:50:00+00:00,2070.0,81.61,345.9,13.56,395.1,21.1,686.6,0.0646,0.92,274.0,94.0,11.8
2025-06-12T14:51:00+00:00,2104.8,84.60,355.1,13.70,375.7,18.8,629.7,0.0639,0.88,274.0,94.0,12.3
2025-06-12T14:52:00+00:00,1891.4,80.74,339.5,13.99,375.2,21.6,618.6,0.0584,0.87,274.0,94.0,12.2
2025-06-12T14:53:00+00:00,1981.6,81.66,347.9,13.94,372.8,20.4,664.9,0.0595,0.92,274.0,94.0,11.5
2025-06-12T14:54:00+00:00,2038.1,82.98,336.7,13.63,387.6,18.1,605.6,0.0659,0.98,274.0,94.0,12.2
2025-06-12T14:55:00+00:00,2014.5,81.98,352.7,13.92,384.5,18.7,598.6,0.0597,0.94,274.0,94.0,11.1
2025-06-12T14:56:00+00:00,2131.6,83.82,345.8,13.83,398.8,20.6,610.5,0.0666,0.89,274.0,94.0,14.0
2025-06-12T14:57:00+00:00,2128.3,81.84,331.0,13.80,375.5,24.3,608.6,0.0606,0.97,274.0,94.0,12.2
2025-06-12T14:58:00+00:00,1928.7,82.71,345.3,13.89,372.9,20.0,594.1,0.0588,0.90,274.0,94.0,13.5
2025-06-12T14:59:00+00:00,1914.2,81.61,357.4,13.87,365.0,21.6,610.8,0.0651,0.84,274.0,94.0,10.1
2025-06-12T15:00:00+00:00,2017.4,84.57,343.9,13.75,384.7,20.0,581.2,0.0599,0.97,274.0,94.0,11.6
2025-06-12T15:01:00+00:00,2065.0,85.58,357.0,13.92,382.2,21.7,626.7,0.0598,0.92,274.0,94.0,12.5
2025-06-12T15:02:00+00:00,2483.9,86.69,349.7,13.83,386.8,20.2,522.3,0.0667,0.85,274.0,94.0,12.0
2025-06-12T15:03:00+00:00,1995.9,80.03,343.9,13.89,379.9,19.2,571.5,0.0592,0.93,274.0,94.0,12.2
2025-06-12T15:04:00+00:00,1949.4,81.58,357.3,13.87,382.6,19.8,604.4,0.0591,0.92,274.0,94.0,10.7
2025-06-12T15:05:00+00:00,1906.0,81.15,341.3,13.87,389.6,20.3,605.9,0.0674,0.90,274.0,94.0,9.2
2025-06-12T15:06:00+00:00,1994.5,82.53,346.7,13.70,372.5,19.5,585.0,0.0586,0.84,274.0,94.0,9.1
2025-06-12T15:07:00+00:00,2528.0,82.39,346.3,13.72,408.0,19.0,620.1,0.0637,0.90,274.0,94.0,10.9
2025-06-12T15:08:00+00:00,1944.4,79.96,357.6,13.75,360.4,20.7,554.3,0.0585,0.86,274.0,94.0,11.7
2025-06-12T15:09:00+00:00,2079.4,83.84,359.2,13.88,399.4,21.2,637.8,0.0640,0.89,274.0,94.0,12.2
2025-06-12T15:10:00+00:00,2499.0,83.62,346.6,13.77,385.5,19.4,619.8,0.0617,0.89,274.0,94.0,11.0
2025-06-12T15:11:00+00:00,2115.0,82.75,347.3,13.60,392.2,19.3,577.2,0.0613,0.87,274.0,94.0,11.8
2025-06-12T15:12:00+00:00,2122.7,80.81,340.8,13.64,376.0,20.3,645.6,0.0612,0.81,274.0,94.0,12.3
2025-06-12T15:13:00+00:00,2442.6,83.79,355.5,13.60,373.6,19.2,638.0,0.0618,0.91,274.0,94.0,11.4
2025-06-12T15:14:00+00:00,1802.4,81.76,343.7,13.85,368.0,23.1,594.7,0.0695,0.95,274.0,94.0,10.9
2025-06-12T15:15:00+00:00,2505.4,82.04,337.8,13.83,385.1,21.9,620.7,0.0706,0.91,274.0,94.0,11.4
2025-06-12T15:16:00+00:00,2254.6,84.26,355.5,14.03,368.4,18.4,619.7,0.0650,0.82,274.0,94.0,12.6
2025-06-12T15:17:00+00:00,1938.6,79.64,363.0,13.91,384.1,20.8,601.5,0.0637,0.82,274.0,94.0,12.2
2025-06-12T15:18:00+00:00,2405.4,83.24,342.5,13.77,391.3,21.6,616.2,0.0660,0.87,274.0,94.0,12.8
2025-06-12T15:19:00+00:00,1997.6,81.85,349.1,13.84,379.5,21.5,591.5,0.0604,1.00,274.0,94.0,10.8
2025-06-12T15:20:00+00:00,1983.7,81.27,357.9,13.64,372.1,19.9,623.7,0.0597,0.95,274.0,94.0,10.3
2025-06-12T15:21:00+00:00,2446.8,81.43,340.3,13.83,415.5,23.1,634.4,0.0677,0.93,274.0,94.0,11.4
2025-06-12T15:22:00+00:00,1893.6,80.30,348.5,13.68,367.9,19.7,646.2,0.0607,0.96,274.0,94.0,10.8
2025-06-12T15:23:00+00:00,2414.4,84.40,351.6,14.02,380.1,21.1,663.1,0.0670,0.89,274.0,94.0,10.8
2025-06-12T15:24:00+00:00,2172.1,82.44,344.2,13.75,383.9,18.9,581.5,0.0597,0.81,274.0,94.0,11.9
2025-06-12T15:25:00+00:00,1968.9,80.15,361.9,13.73,382.2,18.4,604.0,0.0596,0.95,274.0,94.0,12.0
2025-06-12T15:26:00+00:00,2282.5,84.11,339.7,13.87,373.9,20.7,592.1,0.0607,0.91,274.0,94.0,12.6
2025-06-12T15:27:00+00:00,1915.0,79.86,344.7,13.83,375.6,21.3,585.4,0.0587,0.90,274.0,94.0,11.6
2025-06-12T15:28:00+00:00,2119.1,82.23,341.3,13.95,394.7,22.4,615.8,0.0594,0.86,274.0,94.0,12.3
2025-06-12T15:29:00+00:00,2468.3,85.05,343.6,13.80,376.6,21.4,635.7,0.0624,0.87,274.0,94.0,10.6
2025-06-12T15:30:00+00:00,1944.9,79.56,351.5,13.86,370.8,20.0,632.3,0.0591,0.92,274.0,94.0,13.4
2025-06-12T15:31:00+00:00,2057.8,82.89,348.2,13.80,368.3,21.8,618.7,0.0630,0.83,274.0,94.0,12.1
2025-06-12T15:32:00+00:00,1886.6,81.17,344.6,13.91,381.0,19.2,642.8,0.0651,0.88,274.0,94.0,10.5
2025-06-12T15:33:00+00:00,2013.9,82.32,351.4,13.87,390.5,19.2,608.5,0.0596,0.93,274.0,94.0,10.4
2025-06-12T15:34:00+00:00,2213.0,81.78,343.5,13.86,375.4,19.3,637.7,0.0596,0.84,274.0,94.0,12.3
2025-06-12T15:35:00+00:00,2219.1,82.71,346.2,13.99,386.4,20.4,590.0,0.0601,0.87,274.0,94.0,12.0
2025-06-12T15:36:00+00:00,2091.3,84.39,342.8,13.77,390.4,19.4,616.2,0.0588,0.82,274.0,94.0,11.2
2025-06-12T15:37:00+00:00,2194.8,81.42,358.1,13.66,392.4,19.1,657.9,0.0604,0.93,274.0,94.0,12.6
2025-06-12T15:38:00+00:00,2127.1,79.43,340.4,13.93,361.3,21.4,627.4,0.0615,0.87,274.0,94.0,13.7
2025-06-12T15:39:00+00:00,2000.2,84.65,343.6,13.75,380.4,20.3,639.7,0.0591,0.89,274.0,94.0,10.4
2025-06-12T15:40:00+00:00,1986.9,83.39,342.1,13.80,388.7,19.1,626.3,0.0597,0.96,274.0,94.0,10.4
2025-06-12T15:41:00+00:00,1853.7,80.52,338.8,13.83,366.5,21.3,590.0,0.0651,0.93,274.0,94.0,12.6
2025-06-12T15:42:00+00:00,2108.6,82.33,341.2,13.75,398.3,20.3,593.6,0.0606,0.98,274.0,94.0,10.8
2025-06-12T15:43:00+00:00,2233.1,83.66,351.3,13.72,369.6,19.0,628.8,0.0634,0.88,274.0,94.0,12.7
2025-06-12T15:44:00+00:00,1966.5,80.90,345.4,13.52,359.7,19.7,568.8,0.0579,0.81,274.0,94.0,11.2
2025-06-12T15:45:00+00:00,2186.3,84.44,344.1,13.93,370.9,20.4,609.6,0.0595,0.82,274.0,94.0,12.6
2025-06-12T15:46:00+00:00,2041.0,82.12,335.4,13.87,375.3,21.2,611.0,0.0616,0.97,274.0,94.0,11.8
2025-06-12T15:47:00+00:00,1960.9,83.88,351.0,13.85,380.3,17.2,566.0,0.0590,0.91,274.0,94.0,12.9
2025-06-12T15:48:00+00:00,2159.1,80.39,353.8,14.08,372.7,21.0,646.1,0.0617,1.06,274.0,94.0,13.9
2025-06-12T15:49:00+00:00,1955.1,83.01,347.1,13.96,368.9,19.3,601.7,0.0581,0.82,274.0,94.0,11.2
2025-06-12T15:50:00+00:00,2045.5,82.37,353.2,13.77,380.1,20.6,603.8,0.0600,0.96,274.0,94.0,10.2
2025-06-12T15:51:00+00:00,2066.0,81.32,348.4,13.82,383.6,18.6,525.5,0.0589,0.84,274.0,94.0,11.0
2025-06-12T15:52:00+00:00,1995.5,81.48,353.5,13.89,374.4,16.8,605.8,0.0596,0.95,274.0,94.0,11.6
2025-06-12T15:53:00+00:00,2088.7,79.92,346.7,13.79,386.9,17.9,600.8,0.0776,0.88,274.0,94.0,11.1
2025-06-12T15:54:00+00:00,1771.5,82.86,361.8,13.86,373.4,20.3,574.4,0.0574,0.84,274.0,94.0,11.3
2025-06-12T15:55:00+00:00,2037.2,83.76,344.0,13.88,369.7,19.0,658.4,0.0598,0.93,274.0,94.0,12.0
2025-06-12T15:56:00+00:00,1855.6,79.52,346.5,14.02,374.7,20.4,654.1,0.0580,0.85,274.0,94.0,12.2
2025-06-12T15:57:00+00:00,1968.7,80.83,351.7,13.65,396.0,21.1,574.4,0.0621,0.87,274.0,94.0,13.5
2025-06-12T15:58:00+00:00,2018.9,81.81,372.7,14.23,371.8,18.3,573.3,0.0715,0.93,274.0,94.0,12.0
2025-06-12T15:59:00+00:00,1925.4,82.39,342.5,13.80,384.2,19.8,622.3,0.0615,0.91,274.0,94.0,11.0
2025-06-12T16:00:00+00:00,1901.5,81.51,359.5,13.82,389.9,18.2,623.0,0.0588,0.91,274.0,94.0,11.6
2025-06-12T16:01:00+00:00,2094.7,81.52,341.4,14.14,394.0,19.2,619.9,0.0596,0.89,274.0,94.0,13.6
2025-06-12T16:02:00+00:00,1896.9,84.77,351.6,13.90,366.6,19.5,539.8,0.0585,0.88,274.0,94.0,11.1
2025-06-12T16:03:00+00:00,1885.9,82.60,359.8,13.77,391.6,21.4,633.4,0.0584,0.86,274.0,94.0,12.3
2025-06-12T16:04:00+00:00,1811.9,83.25,362.3,13.76,360.6,19.8,638.3,0.0614,0.94,274.0,94.0,11.5
2025-06-12T16:05:00+00:00,2095.3,81.43,346.2,13.70,402.8,22.2,586.6,0.0591,0.83,274.0,94.0,11.5
2025-06-12T16:06:00+00:00,1986.9,82.89,359.3,14.15,353.0,23.2,659.4,0.0586,0.84,274.0,94.0,13.2
2025-06-12T16:07:00+00:00,1932.9,82.20,348.1,13.93,393.4,21.0,530.8,0.0613,0.82,274.0,94.0,11.5
2025-06-12T16:08:00+00:00,2220.5,82.71,352.0,13.86,398.9,18.5,613.8,0.0613,0.97,274.0,94.0,13.3
2025-06-12T16:09:00+00:00,1986.0,83.00,349.6,14.02,367.4,20.7,613.6,0.0589,0.88,274.0,94.0,13.0
2025-06-12T16:10:00+00:00,2006.9,82.24,346.2,13.76,390.8,22.3,607.0,0.0641,0.87,274.0,94.0,11.8
2025-06-12T16:11:00+00:00,2134.4,83.95,349.6,13.94,388.1,20.2,606.3,0.0633,0.91,274.0,94.0,12.7
2025-06-12T16:12:00+00:00,1918.7,82.45,357.3,13.74,359.4,19.1,590.9,0.0583,0.84,274.0,94.0,9.7
2025-06-12T16:13:00+00:00,1984.3,82.68,345.9,13.85,393.3,19.2,580.3,0.0610,0.85,274.0,94.0,10.6
2025-06-12T16:14:00+00:00,2041.6,83.68,349.6,13.79,348.6,16.4,581.2,0.0595,0.90,274.0,94.0,11.3
2025-06-12T16:15:00+00:00,2051.4,82.22,346.6,13.96,368.7,21.8,583.9,0.0597,0.92,274.0,94.0,11.1
2025-06-12T16:16:00+00:00,2082.3,82.40,348.5,13.88,388.9,22.9,602.6,0.0678,1.00,274.0,94.0,12.0
2025-06-12T16:17:00+00:00,1870.3,80.77,347.7,13.62,378.1,17.8,607.9,0.0580,0.85,274.0,94.0,11.7
2025-06-12T16:18:00+00:00,833.0,78.45,357.9,13.67,334.8,20.0,585.2,0.0535,0.97,274.0,94.0,15.3
2025-06-12T16:19:00+00:00,1051.0,76.82,346.9,13.92,369.7,18.6,594.5,0.0536,0.86,274.0,94.0,11.6
2025-06-12T16:20:00+00:00,917.2,79.25,365.7,13.79,367.7,19.5,521.6,0.0542,0.94,274.0,94.0,12.1
2025-06-12T16:21:00+00:00,924.2,76.66,371.3,13.78,346.0,18.1,529.9,0.0532,0.88,274.0,94.0,10.3
2025-06-12T16:22:00+00:00,1003.3,80.60,351.7,13.93,348.2,19.7,557.1,0.0611,0.83,274.0,94.0,11.9
2025-06-12T16:23:00+00:00,845.1,77.03,353.0,13.99,343.6,21.5,564.8,0.0532,0.91,274.0,94.0,12.1
2025-06-12T16:24:00+00:00,999.9,77.90,348.6,13.98,338.9,20.3,556.6,0.0535,0.86,274.0,94.0,11.9
2025-06-12T16:25:00+00:00,926.9,79.08,360.0,13.71,345.5,23.8,571.7,0.0542,0.95,274.0,94.0,10.6
2025-06-12T16:26:00+00:00,1047.2,77.35,355.8,13.84,357.6,17.3,579.3,0.0539,0.88,274.0,94.0,11.3
2025-06-12T16:27:00+00:00,1095.2,79.97,360.0,13.63,363.0,22.5,605.9,0.0578,0.96,274.0,94.0,11.5
2025-06-12T16:28:00+00:00,1052.8,80.44,358.6,13.53,362.5,21.0,555.5,0.0608,0.96,274.0,94.0,9.7
2025-06-13T06:00:00+00:00,980.1,78.98,359.5,13.85,360.3,19.6,568.1,0.0640,0.82,206.4,296.4,13.5
2025-06-13T06:01:00+00:00,926.5,81.52,361.9,13.64,356.0,18.3,549.8,0.0525,0.79,206.4,296.4,13.1
2025-06-13T06:02:00+00:00,933.9,76.89,367.2,13.59,367.7,22.2,537.9,0.0545,0.79,206.4,296.4,13.0
2025-06-13T06:03:00+00:00,1040.6,78.37,370.7,13.68,379.3,18.3,625.4,0.0572,0.76,206.4,296.4,12.3
2025-06-13T06:04:00+00:00,1044.4,80.52,348.0,13.78,371.1,21.7,616.8,0.0536,0.85,206.4,296.4,12.3
2025-06-13T06:05:00+00:00,1105.6,78.40,356.6,13.78,376.0,21.4,596.8,0.0562,0.81,206.4,296.4,11.9
2025-06-13T06:06:00+00:00,1119.7,78.39,357.5,13.71,371.7,23.1,471.7,0.0544,0.89,206.4,296.4,11.9
2025-06-13T06:07:00+00:00,952.6,76.53,361.7,13.84,357.2,20.2,575.7,0.0533,0.87,206.4,296.4,11.7
2025-06-13T06:08:00+00:00,958.2,77.85,353.1,13.84,352.4,20.8,533.6,0.0520,0.75,206.4,296.4,11.1
2025-06-13T06:09:00+00:00,876.9,81.68,364.7,13.97,352.6,21.0,599.2,0.0538,0.90,206.4,296.4,12.2
2025-06-13T06:10:00+00:00,927.5,75.98,342.4,13.57,349.9,20.4,512.1,0.0522,0.78,206.4,296.4,11.8
2025-06-13T06:11:00+00:00,770.8,79.26,359.5,13.75,341.4,21.0,555.8,0.0545,0.84,206.4,296.4,13.2
2025-06-13T06:12:00+00:00,929.8,78.63,365.4,14.00,359.7,19.4,560.5,0.0589,0.93,206.4,296.4,11.2
2025-06-13T06:13:00+00:00,2091.9,83.82,348.7,14.01,388.2,18.5,601.8,0.0625,0.89,206.4,296.4,12.5
2025-06-13T06:14:00+00:00,2063.8,81.12,350.3,13.90,375.8,19.5,583.9,0.0587,0.81,206.4,296.4,11.8
2025-06-13T06:15:00+00:00,2180.2,81.20,339.8,14.07,397.0,21.8,541.7,0.0588,0.78,206.4,296.4,11.8
2025-06-13T06:16:00+00:00,2038.7,82.52,356.0,13.73,400.8,20.9,594.4,0.0642,0.89,206.4,296.4,12.6
2025-06-13T06:17:00+00:00,2110.8,80.85,352.3,13.90,405.0,19.9,594.2,0.0588,0.80,206.4,296.4,12.4
2025-06-13T06:18:00+00:00,1936.0,82.51,340.3,13.56,360.8,17.8,567.3,0.0588,0.89,206.4,296.4,11.8
2025-06-13T06:19:00+00:00,2240.5,81.81,342.6,13.73,373.6,21.3,603.0,0.0593,0.78,206.4,296.4,10.9
2025-06-13T06:20:00+00:00,1883.1,82.10,341.3,13.70,372.1,21.0,564.1,0.0574,0.79,206.4,296.4,11.7
2025-06-13T06:21:00+00:00,2120.0,80.37,350.5,13.73,392.3,20.7,659.4,0.0624,0.74,206.4,296.4,12.8
2025-06-13T06:22:00+00:00,1904.3,83.16,351.9,13.75,374.9,21.7,649.9,0.0617,0.81,206.4,296.4,11.2
2025-06-13T06:23:00+00:00,2146.6,84.07,342.6,13.83,391.5,20.6,617.7,0.0618,0.92,206.4,296.4,9.4
2025-06-13T06:24:00+00:00,1999.8,81.41,344.4,14.15,391.0,17.4,600.6,0.0674,0.92,206.4,296.4,12.5
2025-06-13T06:25:00+00:00,2123.0,82.76,344.0,13.50,385.1,20.8,590.3,0.0642,0.79,206.4,296.4,12.4
2025-06-13T06:26:00+00:00,2044.6,82.27,343.1,13.92,376.7,22.6,617.9,0.0591,0.86,206.4,296.4,11.9
2025-06-13T06:27:00+00:00,1980.3,83.00,356.7,13.62,383.4,20.1,607.1,0.0615,0.88,206.4,296.4,12.8
2025-06-13T06:28:00+00:00,2037.7,80.95,351.4,13.79,376.3,22.3,638.4,0.0584,0.80,206.4,296.4,11.9
2025-06-13T06:29:00+00:00,1950.3,82.52,353.0,13.90,384.8,19.2,609.8,0.0585,0.85,206.4,296.4,11.8
2025-06-13T06:30:00+00:00,1972.7,81.71,346.0,13.86,389.4,18.8,621.9,0.0613,0.88,206.4,296.4,12.4
2025-06-13T06:31:00+00:00,2064.0,83.28,353.0,13.85,400.4,20.8,601.8,0.0626,0.88,206.4,296.4,12.6
2025-06-13T06:32:00+00:00,1862.0,81.63,349.0,13.62,364.9,21.1,584.0,0.0649,0.89,206.4,296.4,9.6
2025-06-13T06:33:00+00:00,2115.3,83.75,338.6,13.69,379.3,21.6,559.4,0.0648,0.79,206.4,296.4,11.6
2025-06-13T06:34:00+00:00,2043.7,82.50,337.1,13.72,379.4,20.8,609.5,0.0611,0.82,206.4,296.4,11.5
2025-06-13T06:35:00+00:00,2226.8,83.27,352.8,13.85,393.9,22.9,589.3,0.0601,0.88,206.4,296.4,13.5
2025-06-13T06:36:00+00:00,1963.7,83.52,356.6,14.09,385.4,20.8,629.8,0.0583,0.84,206.4,296.4,10.9
2025-06-13T06:37:00+00:00,1828.6,83.11,358.2,13.56,381.5,20.1,617.1,0.0580,0.85,206.4,296.4,12.2
2025-06-13T06:38:00+00:00,1955.9,82.92,356.0,13.89,382.2,19.5,582.2,0.0581,0.82,206.4,296.4,12.4
2025-06-13T06:39:00+00:00,2018.2,84.68,370.6,13.66,402.1,19.8,547.6,0.0574,0.71,206.4,296.4,11.6
2025-06-13T06:40:00+00:00,2031.2,81.94,342.5,13.71,368.0,20.0,649.5,0.0580,0.75,206.4,296.4,12.6
2025-06-13T06:41:00+00:00,2023.6,81.66,347.2,13.50,361.2,22.3,535.9,0.0597,0.92,206.4,296.4,12.7
2025-06-13T06:42:00+00:00,1916.8,81.15,359.3,13.82,358.3,19.5,592.2,0.0569,0.71,206.4,296.4,12.1
2025-06-13T06:43:00+00:00,2036.4,82.05,351.2,14.03,394.0,23.8,529.4,0.0649,0.78,206.4,296.4,12.4
2025-06-13T06:44:00+00:00,2174.5,82.43,352.9,13.98,391.5,20.2,588.1,0.0589,0.78,206.4,296.4,13.3
2025-06-13T06:45:00+00:00,2046.1,82.70,359.8,13.59,383.9,22.4,611.8,0.0585,0.80,206.4,296.4,10.5
2025-06-13T06:46:00+00:00,1871.0,81.41,359.6,13.54,392.3,17.2,572.5,0.0672,0.88,206.4,296.4,11.1
2025-06-13T06:47:00+00:00,2152.9,80.94,343.1,13.83,391.5,20.3,604.7,0.0638,0.91,206.4,296.4,11.1
2025-06-13T06:48:00+00:00,1880.9,81.78,347.0,14.15,382.0,22.8,573.3,0.0606,0.81,206.4,296.4,11.8
2025-06-13T06:49:00+00:00,2155.0,84.41,354.2,13.75,381.3,21.2,610.8,0.0594,0.78,206.4,296.4,11.7
2025-06-13T06:50:00+00:00,1998.0,80.17,354.8,13.61,383.0,21.0,633.5,0.0584,0.84,206.4,296.4,12.4
2025-06-13T06:51:00+00:00,2242.1,83.43,340.5,13.60,399.9,20.3,600.8,0.0601,0.86,206.4,296.4,11.1
2025-06-13T06:52:00+00:00,2160.9,83.48,350.0,13.72,383.6,21.3,601.4,0.0605,0.81,206.4,296.4,11.1
2025-06-13T06:53:00+00:00,1992.8,81.75,351.4,13.89,390.3,20.0,628.5,0.0586,0.84,206.4,296.4,11.7
2025-06-13T06:54:00+00:00,1905.9,79.77,360.4,13.47,386.6,21.6,584.3,0.0585,0.77,206.4,296.4,11.9
2025-06-13T06:55:00+00:00,2015.1,80.06,351.6,13.61,381.1,19.5,652.9,0.0606,0.82,206.4,296.4,11.9
2025-06-13T06:56:00+00:00,1884.2,81.38,356.9,13.84,393.7,18.9,608.8,0.0566,0.68,206.4,296.4,13.4
2025-06-13T06:57:00+00:00,2172.6,82.67,343.3,13.86,395.0,20.4,623.4,0.0631,0.85,206.4,296.4,12.5
2025-06-13T06:58:00+00:00,2228.8,82.90,347.6,14.17,385.3,21.5,607.0,0.0650,0.82,206.4,296.4,11.7
2025-06-13T06:59:00+00:00,1900.3,83.48,354.6,13.78,339.7,20.2,575.8,0.0582,0.85,206.4,296.4,12.0
2025-06-13T07:00:00+00:00,2103.2,84.26,365.1,13.88,397.3,18.4,611.3,0.0630,0.77,206.4,296.4,13.4
2025-06-13T07:01:00+00:00,1944.4,81.93,337.9,13.77,382.8,21.5,606.3,0.0588,0.84,206.4,296.4,11.2
2025-06-13T07:02:00+00:00,2018.2,81.62,354.8,13.93,409.3,20.2,590.9,0.0622,0.72,206.4,296.4,12.1
2025-06-13T07:03:00+00:00,2071.8,82.67,347.9,13.93,374.5,16.6,556.7,0.0585,0.79,206.4,296.4,11.8
2025-06-13T07:04:00+00:00,2003.1,81.98,347.5,13.68,397.0,19.5,587.8,0.0652,0.86,206.4,296.4,12.3
2025-06-13T07:05:00+00:00,2471.0,82.48,338.2,13.92,385.6,20.7,621.7,0.0635,0.83,206.4,296.4,12.8
2025-06-13T07:06:00+00:00,1884.5,82.41,342.6,13.74,379.9,21.5,588.2,0.0565,0.71,206.4,296.4,13.0
2025-06-13T07:07:00+00:00,2444.8,84.38,357.0,14.14,414.1,22.1,640.7,0.0607,0.79,206.4,296.4,10.1
2025-06-13T07:08:00+00:00,2449.2,82.55,351.4,13.70,403.2,19.3,577.3,0.0618,0.91,206.4,296.4,11.1
2025-06-13T07:09:00+00:00,2504.4,82.81,352.8,13.83,378.6,21.2,651.6,0.0607,0.78,206.4,296.4,11.9
2025-06-13T07:10:00+00:00,1869.0,79.76,342.5,13.74,372.6,20.8,586.1,0.0575,0.80,206.4,296.4,11.9
2025-06-13T07:11:00+00:00,2093.9,83.41,344.8,14.16,395.5,21.3,642.3,0.0584,0.77,206.4,296.4,12.4
2025-06-13T07:12:00+00:00,2395.1,83.38,347.6,13.95,418.5,20.0,639.4,0.0620,0.81,206.4,296.4,11.2
2025-06-13T07:13:00+00:00,2572.7,85.33,360.0,13.63,381.0,20.6,621.4,0.0602,0.70,206.4,296.4,13.5
2025-06-13T07:14:00+00:00,2000.4,83.84,342.5,13.84,397.5,22.0,570.8,0.0588,0.84,206.4,296.4,11.1
2025-06-13T07:15:00+00:00,2412.9,83.68,350.7,13.82,398.9,17.8,600.2,0.0624,0.78,206.4,296.4,12.5
2025-06-13T07:16:00+00:00,2061.7,82.95,349.8,13.78,377.7,20.8,643.9,0.0588,0.82,206.4,296.4,11.9
2025-06-13T07:17:00+00:00,1851.3,79.70,348.9,13.92,370.4,21.5,601.1,0.0564,0.69,206.4,296.4,11.5
2025-06-13T07:18:00+00:00,1929.9,81.43,342.0,13.41,376.2,20.3,600.9,0.0579,0.80,206.4,296.4,10.8
2025-06-13T07:19:00+00:00,1762.5,82.79,349.2,13.75,366.0,19.1,550.3,0.0648,0.87,206.4,296.4,10.9
2025-06-13T07:20:00+00:00,2035.3,81.36,345.6,13.77,404.1,21.7,602.2,0.0583,0.79,206.4,296.4,11.7
2025-06-13T07:21:00+00:00,2064.7,81.26,344.7,13.68,380.7,20.1,616.8,0.0589,0.83,206.4,296.4,10.3
2025-06-13T07:22:00+00:00,2140.1,84.19,347.6,13.82,367.8,18.5,658.0,0.0621,0.75,206.4,296.4,10.3
2025-06-13T07:23:00+00:00,1920.6,82.24,344.6,13.86,380.1,21.0,628.8,0.0591,0.75,206.4,296.4,11.9
2025-06-13T07:24:00+00:00,2279.4,80.26,349.4,13.71,384.1,21.3,631.9,0.0599,0.82,206.4,296.4,12.4
2025-06-13T07:25:00+00:00,2204.2,84.99,357.2,13.64,382.6,20.0,622.7,0.0585,0.73,206.4,296.4,10.3
2025-06-13T07:26:00+00:00,2164.0,83.59,343.7,13.67,382.1,20.7,584.2,0.0600,0.79,206.4,296.4,11.9
2025-06-13T07:27:00+00:00,1800.1,82.59,350.4,13.76,376.1,23.4,562.8,0.0639,0.80,206.4,296.4,9.8
2025-06-13T07:28:00+00:00,1874.3,80.74,358.5,13.81,372.3,22.9,612.1,0.0581,0.85,206.4,296.4,12.3
2025-06-13T07:29:00+00:00,2023.4,79.28,359.2,13.69,383.0,19.6,602.0,0.0628,0.82,206.4,296.4,12.6
2025-06-13T07:30:00+00:00,2408.4,83.65,347.6,13.53,388.4,20.9,624.1,0.0634,0.71,206.4,296.4,10.0
2025-06-13T07:31:00+00:00,2452.8,82.68,352.2,13.77,410.2,19.6,621.4,0.0686,0.78,206.4,296.4,11.0
2025-06-13T07:32:00+00:00,1894.2,80.97,354.8,13.44,389.5,19.6,598.1,0.0667,0.88,206.4,296.4,12.0
2025-06-13T07:33:00+00:00,1758.2,80.33,329.8,13.71,368.7,20.8,588.6,0.0564,0.75,206.4,296.4,12.0
2025-06-13T07:34:00+00:00,1872.4,83.36,353.2,14.02,393.5,20.4,585.2,0.0698,0.91,206.4,296.4,12.7
2025-06-13T07:35:00+00:00,2022.1,81.54,349.9,13.68,381.7,17.4,608.6,0.0609,0.80,206.4,296.4,11.7
2025-06-13T07:36:00+00:00,2006.1,80.11,339.5,13.73,391.9,21.4,577.9,0.0584,0.81,206.4,296.4,10.8
2025-06-13T07:37:00+00:00,1923.2,83.63,351.7,13.76,367.0,20.7,606.5,0.0584,0.77,206.4,296.4,12.1
2025-06-13T07:38:00+00:00,1935.2,80.37,356.3,13.63,388.1,19.7,628.7,0.0586,0.87,206.4,296.4,10.9
2025-06-13T07:39:00+00:00,1985.8,81.00,345.1,13.71,382.5,18.8,627.9,0.0583,0.82,206.4,296.4,12.5
2025-06-13T07:40:00+00:00,2132.5,78.82,351.8,13.62,378.3,24.2,574.9,0.0583,0.75,206.4,296.4,12.4
2025-06-13T07:41:00+00:00,2046.5,82.70,355.0,13.80,399.4,21.5,634.8,0.0583,0.77,206.4,296.4,11.7
2025-06-13T07:42:00+00:00,2006.3,81.86,339.2,13.86,379.1,21.3,618.2,0.0579,0.75,206.4,296.4,13.5
2025-06-13T07:43:00+00:00,1853.4,82.55,348.9,13.80,379.1,20.3,621.4,0.0579,0.82,206.4,296.4,11.0
2025-06-13T07:44:00+00:00,2157.7,80.34,355.8,13.77,393.9,21.1,584.2,0.0593,0.82,206.4,296.4,11.6
2025-06-13T07:45:00+00:00,1708.7,79.72,358.1,13.79,382.9,20.7,614.0,0.0636,0.88,206.4,296.4,12.0
2025-06-13T07:46:00+00:00,1964.6,83.46,352.6,13.52,382.0,19.1,639.4,0.0575,0.75,206.4,296.4,11.7
2025-06-13T07:47:00+00:00,2020.3,80.87,342.5,14.07,346.2,21.8,603.4,0.0583,0.81,206.4,296.4,11.5
2025-06-13T07:48:00+00:00,2061.0,83.71,341.9,13.75,382.9,16.7,595.1,0.0596,0.81,206.4,296.4,11.9
2025-06-13T07:49:00+00:00,1826.3,80.12,345.3,13.90,398.4,17.6,554.5,0.0589,0.77,206.4,296.4,12.7
2025-06-13T07:50:00+00:00,2073.5,83.49,344.5,13.81,411.6,19.1,631.8,0.0598,0.92,206.4,296.4,11.9
2025-06-13T07:51:00+00:00,1972.0,82.77,354.0,13.94,384.2,24.4,583.3,0.0589,0.74,206.4,296.4,11.2
2025-06-13T07:52:00+00:00,1928.2,80.16,352.9,13.84,401.0,19.6,604.0,0.0576,0.79,206.4,296.4,9.0
2025-06-13T07:53:00+00:00,1935.8,83.94,354.4,13.83,383.0,19.5,615.8,0.0630,0.84,206.4,296.4,11.3
2025-06-13T07:54:00+00:00,2130.1,83.26,348.7,13.70,382.4,21.6,647.1,0.0600,0.90,206.4,296.4,13.1
2025-06-13T07:55:00+00:00,1826.1,80.25,363.0,13.88,361.5,20.6,611.3,0.0584,0.85,206.4,296.4,11.3
2025-06-13T07:56:00+00:00,2019.5,79.38,347.3,13.93,377.2,23.0,605.5,0.0582,0.79,206.4,296.4,10.2
2025-06-13T07:57:00+00:00,1927.5,80.69,354.6,13.67,390.9,21.5,607.4,0.0580,0.81,206.4,296.4,12.1
2025-06-13T07:58:00+00:00,2168.4,84.17,343.8,13.87,374.2,22.2,552.8,0.0604,0.88,206.4,296.4,11.9
2025-06-13T07:59:00+00:00,2066.1,81.36,355.1,13.78,396.0,22.6,576.6,0.0595,0.82,206.4,296.4,9.9
2025-06-13T08:00:00+00:00,1815.3,81.50,356.3,13.94,366.9,21.2,579.5,0.0581,0.89,206.4,296.4,13.0
2025-06-13T08:01:00+00:00,1911.3,81.42,337.3,13.59,368.4,20.2,610.9,0.0587,0.82,206.4,296.4,12.9
2025-06-13T08:02:00+00:00,1915.8,80.52,359.9,13.90,381.5,19.4,589.1,0.0575,0.76,206.4,296.4,11.9
2025-06-13T08:03:00+00:00,2108.9,81.84,349.2,14.01,383.3,20.4,640.5,0.0602,0.83,206.4,296.4,9.9
2025-06-13T08:04:00+00:00,2016.3,82.78,345.9,13.96,380.4,19.5,538.5,0.0661,0.88,206.4,296.4,11.3
2025-06-13T08:05:00+00:00,1915.0,79.87,337.9,13.54,368.3,20.2,613.4,0.0578,0.80,206.4,296.4,12.9
2025-06-13T08:06:00+00:00,1780.0,81.41,354.8,13.85,378.1,20.1,579.4,0.0624,0.83,206.4,296.4,14.3
2025-06-13T08:07:00+00:00,2061.0,82.34,348.6,14.09,363.2,21.4,590.7,0.0587,0.80,206.4,296.4,9.9
2025-06-13T08:08:00+00:00,1864.8,78.68,346.1,13.81,374.3,20.4,537.4,0.0606,0.81,206.4,296.4,13.4
2025-06-13T08:09:00+00:00,1876.9,81.01,365.1,13.82,398.5,19.0,665.5,0.0576,0.81,206.4,296.4,10.9
2025-06-13T08:10:00+00:00,1948.7,80.66,338.8,13.79,379.0,19.5,576.2,0.0662,0.86,206.4,296.4,10.4
2025-06-13T08:11:00+00:00,1979.8,82.42,339.5,14.00,381.4,21.7,563.2,0.0602,0.82,206.4,296.4,12.9
2025-06-13T08:12:00+00:00,1951.3,83.14,363.4,13.94,349.0,21.5,590.2,0.0585,0.85,206.4,296.4,10.2
2025-06-13T08:13:00+00:00,2107.6,81.18,356.7,13.73,399.0,20.8,640.8,0.0638,0.80,206.4,296.4,12.3
2025-06-13T08:14:00+00:00,1969.2,81.73,352.5,14.03,390.9,18.3,629.3,0.0578,0.78,206.4,296.4,10.9
2025-06-13T08:15:00+00:00,2092.0,81.16,359.4,13.99,392.6,20.3,575.1,0.0685,0.78,206.4,296.4,12.2
2025-06-13T08:16:00+00:00,1953.5,82.94,353.2,13.67,383.2,19.1,519.4,0.0586,0.86,206.4,296.4,11.1
2025-06-13T08:17:00+00:00,2107.7,84.33,359.0,13.58,375.2,21.6,549.6,0.0588,0.75,206.4,296.4,13.3
2025-06-13T08:18:00+00:00,1942.3,80.57,349.7,13.77,400.7,20.0,599.3,0.0606,0.82,206.4,296.4,14.2
2025-06-13T08:19:00+00:00,2206.4,82.21,349.3,13.94,402.8,24.2,609.8,0.0638,0.89,206.4,296.4,13.6
2025-06-13T08:20:00+00:00,2056.2,85.22,367.5,13.56,371.4,21.4,620.2,0.0586,0.82,206.4,296.4,11.2
2025-06-13T08:21:00+00:00,2032.3,84.53,338.3,14.05,396.9,23.8,602.7,0.0605,0.82,206.4,296.4,11.7
2025-06-13T08:22:00+00:00,2126.8,82.51,357.7,14.04,391.1,21.3,623.6,0.0597,0.84,206.4,296.4,11.7
2025-06-13T08:23:00+00:00,1915.4,81.83,356.2,14.03,366.8,21.7,579.1,0.0597,0.80,206.4,296.4,12.5
2025-06-13T08:24:00+00:00,2005.4,80.57,351.9,13.81,398.5,19.7,568.9,0.0647,0.86,206.4,296.4,11.1
2025-06-13T08:25:00+00:00,1038.0,79.96,358.3,14.15,355.9,21.3,517.1,0.0546,0.75,206.4,296.4,11.4
2025-06-13T08:26:00+00:00,966.7,81.55,343.0,13.52,355.6,20.4,558.2,0.0630,0.78,206.4,296.4,10.3
2025-06-13T08:27:00+00:00,1065.8,77.75,355.7,13.59,352.6,21.1,604.1,0.0599,0.81,206.4,296.4,13.3
2025-06-13T08:28:00+00:00,1062.2,79.06,348.5,13.79,366.4,20.9,563.6,0.0629,0.91,206.4,296.4,12.6
2025-06-13T08:29:00+00:00,1042.4,80.59,354.2,13.95,360.6,21.7,542.4,0.0528,0.76,206.4,296.4,10.9
2025-06-13T08:30:00+00:00,962.2,77.64,346.0,14.01,365.7,20.8,546.4,0.0530,0.83,206.4,296.4,10.9
2025-06-13T08:31:00+00:00,924.8,76.17,366.0,13.77,365.2,21.7,613.6,0.0522,0.77,206.4,296.4,11.3
2025-06-13T08:32:00+00:00,947.5,76.97,353.8,13.76,338.3,21.1,561.6,0.0557,0.89,206.4,296.4,12.3
2025-06-13T08:33:00+00:00,950.1,80.69,344.0,13.63,351.6,21.4,550.4,0.0520,0.75,206.4,296.4,11.8
2025-06-13T08:34:00+00:00,1073.1,79.49,362.5,13.70,352.5,22.4,570.5,0.0529,0.76,206.4,296.4,11.9
2025-06-13T08:35:00+00:00,1060.4,77.89,349.2,13.87,351.3,20.5,558.3,0.0635,0.82,206.4,296.4,11.8
2025-06-13T08:36:00+00:00,1035.6,76.62,363.6,13.67,340.8,20.9,560.9,0.0597,0.85,206.4,296.4,11.5
2025-06-13T14:00:00+00:00,1038.3,78.84,366.2,13.89,343.1,22.2,596.1,0.0529,0.80,206.4,296.4,13.6
2025-06-13T14:01:00+00:00,1100.1,80.23,357.2,13.83,366.1,21.2,587.4,0.0532,0.80,206.4,296.4,11.8
2025-06-13T14:02:00+00:00,977.8,76.50,350.1,13.88,344.2,21.2,540.1,0.0532,0.83,206.4,296.4,13.1
2025-06-13T14:03:00+00:00,961.0,77.29,351.1,13.80,356.1,18.0,609.6,0.0525,0.79,206.4,296.4,11.4
2025-06-13T14:04:00+00:00,985.6,78.87,359.9,13.89,335.3,20.1,601.6,0.0648,0.90,206.4,296.4,11.2
2025-06-13T14:05:00+00:00,1011.9,80.04,355.0,13.81,340.8,20.3,558.1,0.0520,0.71,206.4,296.4,11.1
2025-06-13T14:06:00+00:00,1009.6,75.78,352.4,13.89,346.6,19.1,565.9,0.0546,0.79,206.4,296.4,11.3
2025-06-13T14:07:00+00:00,1199.0,80.95,357.4,13.93,370.3,20.7,550.4,0.0539,0.80,206.4,296.4,11.6
2025-06-13T14:08:00+00:00,988.1,79.55,349.7,13.99,346.7,19.9,528.1,0.0528,0.79,206.4,296.4,12.0
2025-06-13T14:09:00+00:00,1032.5,76.72,366.0,13.82,351.8,19.7,575.4,0.0618,0.82,206.4,296.4,12.0
2025-06-13T14:10:00+00:00,1110.6,80.63,365.4,13.57,366.1,19.7,579.7,0.0541,0.86,206.4,296.4,13.0
2025-06-13T14:11:00+00:00,1008.0,76.44,335.3,13.93,363.9,21.0,602.4,0.0522,0.74,206.4,296.4,10.6
2025-06-13T14:12:00+00:00,974.3,79.21,357.1,13.57,350.6,20.8,537.5,0.0567,0.73,206.4,296.4,11.7
2025-06-13T14:13:00+00:00,2026.5,82.75,347.3,13.58,396.3,21.4,596.8,0.0617,0.78,206.4,296.4,11.2
2025-06-13T14:14:00+00:00,2144.9,83.33,334.8,13.69,373.9,19.2,617.2,0.0594,0.83,206.4,296.4,11.8
2025-06-13T14:15:00+00:00,1917.8,80.63,344.5,13.88,368.7,22.2,581.0,0.0581,0.82,206.4,296.4,11.1
2025-06-13T14:16:00+00:00,1970.9,81.96,350.1,13.65,374.2,21.5,630.9,0.0631,0.79,206.4,296.4,14.1
2025-06-13T14:17:00+00:00,1901.3,81.80,360.7,13.71,395.7,18.7,588.3,0.0570,0.74,206.4,296.4,12.0
2025-06-13T14:18:00+00:00,2027.1,85.49,346.7,13.78,393.0,21.0,626.1,0.0591,0.88,206.4,296.4,12.2
2025-06-13T14:19:00+00:00,1995.1,80.35,346.8,13.76,387.1,18.8,579.3,0.0580,0.77,206.4,296.4,12.7
2025-06-13T14:20:00+00:00,2054.8,82.03,344.0,13.47,374.8,20.4,590.9,0.0617,0.79,206.4,296.4,13.2
2025-06-13T14:21:00+00:00,1997.5,80.48,348.9,13.93,369.0,20.5,628.8,0.0577,0.75,206.4,296.4,11.9
2025-06-13T14:22:00+00:00,2077.7,81.61,358.3,13.66,381.5,17.8,562.3,0.0591,0.86,206.4,296.4,10.8
2025-06-13T14:23:00+00:00,1773.7,84.15,362.6,13.75,352.1,19.1,585.0,0.0628,0.74,206.4,296.4,11.5
2025-06-13T14:24:00+00:00,2113.6,82.07,372.8,14.06,384.9,21.3,552.7,0.0587,0.79,206.4,296.4,13.1
2025-06-13T14:25:00+00:00,2031.1,81.42,341.9,13.97,377.3,20.7,604.1,0.0585,0.82,206.4,296.4,11.0
2025-06-13T14:26:00+00:00,2044.1,80.80,355.1,13.75,375.4,20.8,598.9,0.0669,0.79,206.4,296.4,11.4
2025-06-13T14:27:00+00:00,2015.5,82.76,337.3,14.09,384.3,19.8,612.0,0.0618,0.81,206.4,296.4,11.9
2025-06-13T14:28:00+00:00,2018.1,82.26,341.6,13.92,379.1,19.1,582.8,0.0634,0.78,206.4,296.4,13.1
2025-06-13T14:29:00+00:00,1824.4,80.73,337.4,13.84,383.0,19.3,599.4,0.0578,0.85,206.4,296.4,13.5
2025-06-13T14:30:00+00:00,2049.4,83.96,340.2,13.90,374.8,22.6,667.3,0.0592,0.86,206.4,296.4,13.6
2025-06-13T14:31:00+00:00,1992.0,83.49,345.2,13.67,390.3,20.4,617.8,0.0591,0.89,206.4,296.4,12.0
2025-06-13T14:32:00+00:00,1946.5,84.10,348.4,14.04,359.3,21.6,588.0,0.0685,0.78,206.4,296.4,12.5
2025-06-13T14:33:00+00:00,1916.0,81.14,359.9,14.13,360.0,21.9,599.9,0.0573,0.76,206.4,296.4,12.4
2025-06-13T14:34:00+00:00,1795.2,79.91,351.3,13.76,371.0,19.4,651.5,0.0571,0.79,206.4,296.4,12.2
2025-06-13T14:35:00+00:00,1818.7,80.94,345.7,14.00,400.7,20.1,622.0,0.0604,0.76,206.4,296.4,10.4
2025-06-13T14:36:00+00:00,1840.6,80.78,338.5,13.64,356.8,22.6,578.0,0.0626,0.84,206.4,296.4,12.2
2025-06-13T14:37:00+00:00,1939.5,82.56,342.1,13.84,386.5,19.4,554.3,0.0577,0.78,206.4,296.4,12.1
2025-06-13T14:38:00+00:00,2002.2,79.79,350.3,13.69,395.2,21.2,628.6,0.0614,0.86,206.4,296.4,11.5
2025-06-13T14:39:00+00:00,2099.2,82.03,355.0,13.86,390.7,19.7,642.3,0.0585,0.78,206.4,296.4,12.7
2025-06-13T14:40:00+00:00,1899.3,82.29,341.3,14.10,369.1,19.5,557.1,0.0576,0.80,206.4,296.4,12.3
2025-06-13T14:41:00+00:00,1967.6,80.51,348.5,13.88,365.0,20.4,609.7,0.0585,0.85,206.4,296.4,11.4
2025-06-13T14:42:00+00:00,2071.7,84.68,343.8,13.76,392.4,21.8,604.9,0.0588,0.83,206.4,296.4,11.3
2025-06-13T14:43:00+00:00,2044.1,82.23,338.5,14.11,385.0,18.2,569.2,0.0582,0.79,206.4,296.4,11.7
2025-06-13T14:44:00+00:00,2062.0,77.68,350.6,13.70,379.6,20.6,648.5,0.0585,0.79,206.4,296.4,11.7
2025-06-13T14:45:00+00:00,1959.5,82.99,357.0,13.94,376.2,19.8,591.4,0.0624,0.83,206.4,296.4,12.0
2025-06-13T14:46:00+00:00,2029.0,82.80,337.4,13.75,387.4,19.2,641.1,0.0580,0.77,206.4,296.4,14.0
2025-06-13T14:47:00+00:00,2024.5,81.67,345.8,13.66,386.9,21.1,560.1,0.0640,0.90,206.4,296.4,11.5
2025-06-13T14:48:00+00:00,1955.6,81.46,352.9,13.75,394.9,19.2,601.6,0.0581,0.79,206.4,296.4,11.7
2025-06-13T14:49:00+00:00,1909.3,81.85,360.9,13.76,369.6,19.1,611.2,0.0631,0.73,206.4,296.4,11.0
2025-06-13T14:50:00+00:00,2146.1,83.36,332.3,14.07,393.0,23.2,572.1,0.0613,0.74,206.4,296.4,12.2
2025-06-13T14:51:00+00:00,2079.2,83.26,352.3,13.85,407.4,22.1,566.5,0.0610,0.84,206.4,296.4,11.8
2025-06-13T14:52:00+00:00,1937.2,81.46,356.7,13.64,378.8,21.2,646.6,0.0641,0.79,206.4,296.4,11.1
2025-06-13T14:53:00+00:00,2020.5,82.53,348.1,13.84,391.6,18.5,607.8,0.0583,0.81,206.4,296.4,11.8
2025-06-13T14:54:00+00:00,2242.0,81.05,349.7,13.81,380.2,20.8,586.1,0.0670,0.77,206.4,296.4,11.6
2025-06-13T14:55:00+00:00,2159.8,80.92,356.3,13.80,367.8,21.1,599.6,0.0651,0.77,206.4,296.4,11.7
2025-06-13T14:56:00+00:00,1924.9,79.94,335.5,13.51,388.0,23.1,562.1,0.0600,0.87,206.4,296.4,11.6
2025-06-13T14:57:00+00:00,2196.8,83.83,341.3,13.53,362.2,20.3,579.9,0.0595,0.81,206.4,296.4,11.4
2025-06-13T14:58:00+00:00,2034.8,82.11,356.1,13.70,352.3,22.3,593.2,0.0579,0.74,206.4,296.4,11.8
2025-06-13T14:59:00+00:00,2119.2,80.42,344.2,13.82,386.4,19.1,578.7,0.0597,0.75,206.4,296.4,11.5
2025-06-13T15:00:00+00:00,1954.3,81.86,352.2,13.91,403.6,20.2,638.2,0.0584,0.85,206.4,296.4,13.5
2025-06-13T15:01:00+00:00,2151.7,81.56,346.5,13.91,374.8,22.9,586.7,0.0593,0.83,206.4,296.4,11.2
2025-06-13T15:02:00+00:00,1736.4,83.77,331.0,13.67,378.5,21.2,550.4,0.0565,0.77,206.4,296.4,12.3
2025-06-13T15:03:00+00:00,2112.4,80.54,353.3,13.73,405.6,22.4,618.0,0.0654,0.76,206.4,296.4,12.0
2025-06-13T15:04:00+00:00,2167.4,81.71,361.3,13.90,392.6,20.8,554.2,0.0592,0.81,206.4,296.4,11.1
2025-06-13T15:05:00+00:00,1941.2,82.74,352.6,13.82,402.0,20.7,523.4,0.0596,0.72,206.4,296.4,13.7
2025-06-13T15:06:00+00:00,1925.9,82.06,346.8,13.79,354.3,22.6,615.5,0.0578,0.80,206.4,296.4,11.8
2025-06-13T15:07:00+00:00,2212.3,81.72,344.2,13.64,372.1,21.0,611.5,0.0633,0.78,206.4,296.4,12.1
2025-06-13T15:08:00+00:00,1805.1,85.00,364.3,13.78,398.3,22.6,601.4,0.0561,0.70,206.4,296.4,13.6
2025-06-13T15:09:00+00:00,1967.8,83.80,343.0,13.71,369.1,19.3,626.0,0.0639,0.82,206.4,296.4,11.4
2025-06-13T15:10:00+00:00,2466.5,82.99,349.9,14.25,404.5,19.4,624.8,0.0716,0.86,206.4,296.4,14.9
2025-06-13T15:11:00+00:00,2032.8,82.50,367.5,13.73,398.4,19.6,629.5,0.0604,0.85,206.4,296.4,11.4
2025-06-13T15:12:00+00:00,2461.2,82.96,349.1,13.76,378.8,17.8,633.2,0.0622,0.84,206.4,296.4,12.1
2025-06-13T15:13:00+00:00,2514.9,84.01,334.3,13.97,412.0,23.3,592.7,0.0610,0.80,206.4,296.4,12.7
2025-06-13T15:14:00+00:00,1823.5,80.66,358.0,13.83,382.4,18.2,616.9,0.0691,0.87,206.4,296.4,12.2
2025-06-13T15:15:00+00:00,1976.0,84.52,364.1,14.10,373.5,21.0,651.0,0.0683,0.77,206.4,296.4,11.2
2025-06-13T15:16:00+00:00,1909.7,79.41,350.8,13.95,374.3,20.8,581.4,0.0693,0.79,206.4,296.4,12.0
2025-06-13T15:17:00+00:00,2463.6,83.17,358.8,13.66,414.8,19.6,636.5,0.0611,0.78,206.4,296.4,11.2
2025-06-13T15:18:00+00:00,2017.9,82.83,339.3,13.81,394.2,21.6,582.0,0.0587,0.84,206.4,296.4,13.0
2025-06-13T15:19:00+00:00,1968.6,82.22,345.2,13.60,384.2,19.6,613.0,0.0604,0.89,206.4,296.4,13.0
2025-06-13T15:20:00+00:00,2450.2,83.95,346.2,13.93,380.7,22.8,610.9,0.0613,0.87,206.4,296.4,14.8
2025-06-13T15:21:00+00:00,2135.1,84.91,340.2,13.95,396.3,17.5,593.1,0.0588,0.79,206.4,296.4,10.1
2025-06-13T15:22:00+00:00,2224.3,82.91,333.3,13.73,417.2,19.9,608.6,0.0642,0.74,206.4,296.4,10.4
2025-06-13T15:23:00+00:00,1887.6,82.66,345.1,13.56,382.3,19.7,564.9,0.0655,0.79,206.4,296.4,11.3
2025-06-13T15:24:00+00:00,2421.6,84.77,358.6,13.68,386.0,22.3,629.6,0.0645,0.78,206.4,296.4,10.8
2025-06-13T15:25:00+00:00,2101.7,83.75,340.8,14.01,360.6,23.5,624.6,0.0598,0.79,206.4,296.4,10.1
2025-06-13T15:26:00+00:00,2372.3,83.08,349.4,13.80,382.1,20.7,611.9,0.0626,0.83,206.4,296.4,11.2
2025-06-13T15:27:00+00:00,2258.8,86.38,340.5,14.04,411.1,18.2,559.9,0.0621,0.82,206.4,296.4,12.6
2025-06-13T15:28:00+00:00,1934.6,82.94,361.6,13.71,368.3,18.5,572.4,0.0577,0.78,206.4,296.4,10.9
2025-06-13T15:29:00+00:00,1967.8,82.76,342.4,13.67,385.8,21.4,548.1,0.0580,0.79,206.4,296.4,10.4
2025-06-13T15:30:00+00:00,2566.7,83.05,336.0,13.80,395.9,20.9,578.0,0.0613,0.81,206.4,296.4,11.8
2025-06-13T15:31:00+00:00,2490.5,82.25,348.7,13.90,388.9,19.6,589.9,0.0617,0.88,206.4,296.4,10.6
2025-06-13T15:32:00+00:00,2015.6,81.00,356.9,13.35,379.6,21.0,547.8,0.0580,0.78,206.4,296.4,9.3
2025-06-13T15:33:00+00:00,2413.9,85.32,351.8,13.84,406.9,21.4,682.7,0.0648,0.80,206.4,296.4,10.5
2025-06-13T15:34:00+00:00,2113.1,79.81,336.8,13.75,394.9,19.6,581.8,0.0595,0.87,206.4,296.4,11.7
2025-06-13T15:35:00+00:00,1916.8,83.56,360.4,13.71,377.8,19.8,532.2,0.0677,0.81,206.4,296.4,10.2
2025-06-13T15:36:00+00:00,2009.8,81.11,359.5,13.73,357.1,18.9,583.4,0.0614,0.78,206.4,296.4,12.0
2025-06-13T15:37:00+00:00,2098.7,82.70,351.3,13.76,399.6,23.6,625.0,0.0590,0.84,206.4,296.4,12.5
2025-06-13T15:38:00+00:00,2013.0,81.65,345.0,14.07,386.2,20.6,531.0,0.0674,0.74,206.4,296.4,10.1
2025-06-13T15:39:00+00:00,2022.5,83.03,343.4,14.06,363.6,20.8,627.6,0.0586,0.83,206.4,296.4,11.1
2025-06-13T15:40:00+00:00,2114.9,83.02,349.1,13.91,378.9,20.0,648.1,0.0599,0.78,206.4,296.4,12.6
2025-06-13T15:41:00+00:00,2002.0,82.31,343.9,13.99,357.2,18.1,626.3,0.0582,0.79,206.4,296.4,10.4
2025-06-13T15:42:00+00:00,2063.6,81.89,358.9,13.57,394.2,22.3,557.5,0.0608,0.82,206.4,296.4,12.5
2025-06-13T15:43:00+00:00,1858.7,80.40,335.2,13.79,387.5,18.2,582.6,0.0658,0.85,206.4,296.4,10.8
2025-06-13T15:44:00+00:00,2084.3,79.11,341.1,13.91,389.8,17.2,595.6,0.0612,0.81,206.4,296.4,12.2
2025-06-13T15:45:00+00:00,2092.5,84.43,345.7,13.69,405.5,17.9,645.5,0.0606,0.85,206.4,296.4,10.1
2025-06-13T15:46:00+00:00,2165.3,82.93,346.2,13.41,359.4,17.9,589.1,0.0619,0.78,206.4,296.4,13.0
2025-06-13T15:47:00+00:00,2170.0,82.85,354.8,13.74,381.4,19.3,630.2,0.0710,0.79,206.4,296.4,12.4
2025-06-13T15:48:00+00:00,2077.5,81.63,342.6,13.71,389.7,18.7,552.1,0.0631,0.91,206.4,296.4,12.7
2025-06-13T15:49:00+00:00,1773.6,82.63,359.8,13.78,364.7,21.8,607.9,0.0670,0.72,206.4,296.4,11.3
2025-06-13T15:50:00+00:00,2114.7,81.03,358.3,13.88,389.8,19.1,609.8,0.0604,0.87,206.4,296.4,11.1
2025-06-13T15:51:00+00:00,2158.5,81.14,352.6,13.64,374.9,23.5,607.8,0.0642,0.76,206.4,296.4,12.1
2025-06-13T15:52:00+00:00,1920.2,80.38,342.6,13.77,398.1,21.6,591.5,0.0605,0.75,206.4,296.4,13.0
2025-06-13T15:53:00+00:00,2012.2,80.74,349.0,13.73,381.6,18.6,590.2,0.0584,0.81,206.4,296.4,12.9
2025-06-13T15:54:00+00:00,2066.8,82.23,356.9,13.78,381.6,21.1,631.4,0.0592,0.87,206.4,296.4,11.0
2025-06-13T15:55:00+00:00,1995.1,81.15,359.2,13.89,383.0,22.7,613.7,0.0587,0.85,206.4,296.4,10.6
2025-06-13T15:56:00+00:00,2073.6,82.00,347.2,13.83,380.9,21.0,580.2,0.0582,0.77,206.4,296.4,10.7
2025-06-13T15:57:00+00:00,2040.0,82.62,345.1,13.82,384.7,20.3,647.6,0.0663,0.76,206.4,296.4,13.9
2025-06-13T15:58:00+00:00,2065.2,81.88,370.6,13.87,369.1,20.5,609.8,0.0594,0.88,206.4,296.4,13.6
2025-06-13T15:59:00+00:00,1938.0,80.78,349.3,13.65,360.0,21.1,578.4,0.0573,0.74,206.4,296.4,11.2
2025-06-13T16:00:00+00:00,2081.5,83.53,353.1,13.80,400.2,20.7,642.0,0.0589,0.82,206.4,296.4,11.1
2025-06-13T16:01:00+00:00,1970.8,83.69,354.4,13.89,380.8,21.6,600.3,0.0583,0.82,206.4,296.4,12.4
2025-06-13T16:02:00+00:00,2087.4,82.22,330.2,13.72,391.5,21.1,657.8,0.0595,0.82,206.4,296.4,13.9
2025-06-13T16:03:00+00:00,1977.8,79.29,357.1,13.82,374.8,21.0,631.9,0.0585,0.85,206.4,296.4,12.1
2025-06-13T16:04:00+00:00,2115.9,85.58,360.8,13.67,389.6,20.0,634.1,0.0591,0.82,206.4,296.4,12.1
2025-06-13T16:05:00+00:00,1961.0,81.62,355.1,13.83,364.2,21.1,545.5,0.0579,0.80,206.4,296.4,12.2
2025-06-13T16:06:00+00:00,1960.6,81.55,351.7,13.58,384.1,19.9,622.1,0.0639,0.79,206.4,296.4,12.5
2025-06-13T16:07:00+00:00,1945.1,83.41,347.3,13.83,385.8,19.2,591.2,0.0581,0.81,206.4,296.4,12.5
2025-06-13T16:08:00+00:00,1955.1,80.49,360.1,13.74,370.5,19.5,596.9,0.0684,0.83,206.4,296.4,13.8
2025-06-13T16:09:00+00:00,1937.3,81.65,349.6,13.74,397.3,19.7,606.7,0.0638,0.81,206.4,296.4,12.2
2025-06-13T16:10:00+00:00,2046.6,85.92,356.1,13.85,361.6,23.1,609.4,0.0620,0.94,206.4,296.4,12.4
2025-06-13T16:11:00+00:00,1998.3,82.73,343.0,13.83,399.0,19.5,605.3,0.0637,0.76,206.4,296.4,12.9
2025-06-13T16:12:00+00:00,2005.3,81.83,343.1,13.66,384.0,19.7,571.0,0.0587,0.84,206.4,296.4,11.5
2025-06-13T16:13:00+00:00,1996.4,81.40,345.1,13.63,381.0,20.8,581.1,0.0671,0.80,206.4,296.4,11.8
2025-06-13T16:14:00+00:00,1934.4,80.90,346.1,13.81,386.6,19.2,587.6,0.0673,0.82,206.4,296.4,10.6
2025-06-13T16:15:00+00:00,1882.5,81.73,340.1,13.61,391.1,20.5,554.4,0.0648,0.76,206.4,296.4,12.4
2025-06-13T16:16:00+00:00,1808.4,82.14,344.2,13.77,394.0,20.5,549.6,0.0573,0.80,206.4,296.4,11.8
2025-06-13T16:17:00+00:00,1927.3,79.36,350.7,13.93,385.4,22.0,565.9,0.0620,0.82,206.4,296.4,12.6
2025-06-13T16:18:00+00:00,2093.1,82.65,350.7,13.80,397.9,21.2,651.4,0.0614,0.83,206.4,296.4,12.2
2025-06-13T16:19:00+00:00,1949.4,79.38,327.4,13.87,372.6,18.6,620.4,0.0694,0.80,206.4,296.4,12.9
2025-06-13T16:20:00+00:00,2152.9,79.91,348.0,13.95,378.8,17.4,586.2,0.0604,0.87,206.4,296.4,11.4
2025-06-13T16:21:00+00:00,2097.9,81.74,344.2,13.62,371.2,21.3,595.3,0.0584,0.77,206.4,296.4,13.0
2025-06-13T16:22:00+00:00,1960.5,79.41,334.7,13.92,372.0,22.0,637.4,0.0584,0.84,206.4,296.4,12.4
2025-06-13T16:23:00+00:00,2052.9,82.13,338.8,13.66,391.6,21.4,564.0,0.0591,0.80,206.4,296.4,11.4
2025-06-13T16:24:00+00:00,1932.0,83.43,361.7,13.98,381.9,21.0,537.8,0.0628,0.78,206.4,296.4,13.7
2025-06-13T16:25:00+00:00,1887.1,80.37,348.8,13.68,383.1,21.7,610.6,0.0607,0.84,206.4,296.4,11.9
2025-06-13T16:26:00+00:00,2128.7,82.68,359.2,13.79,376.6,21.2,581.2,0.0591,0.82,206.4,296.4,13.3
2025-06-13T16:27:00+00:00,2026.4,82.62,350.5,13.95,400.1,18.6,574.6,0.0623,0.77,206.4,296.4,11.7
2025-06-13T16:28:00+00:00,955.2,78.89,363.4,13.97,360.2,16.1,565.1,0.0532,0.86,206.4,296.4,10.9
2025-06-13T16:29:00+00:00,1031.7,81.06,363.8,13.66,351.6,22.4,572.8,0.0542,0.79,206.4,296.4,10.8
2025-06-13T16:30:00+00:00,875.7,79.40,366.2,13.81,346.2,20.0,538.3,0.0523,0.80,206.4,296.4,12.7
2025-06-13T16:31:00+00:00,1046.3,78.42,342.7,14.29,379.3,21.6,623.9,0.0647,0.93,206.4,296.4,13.9
2025-06-13T16:32:00+00:00,1174.3,78.53,354.8,13.77,360.7,20.7,615.8,0.0537,0.80,206.4,296.4,11.8
2025-06-13T16:33:00+00:00,995.7,79.07,355.8,13.59,366.7,18.5,594.0,0.0535,0.79,206.4,296.4,11.0
2025-06-13T16:34:00+00:00,981.5,79.24,359.2,14.00,340.6,18.9,565.5,0.0532,0.85,206.4,296.4,13.6
2025-06-13T16:35:00+00:00,969.8,81.55,372.1,14.03,337.6,18.9,561.0,0.0535,0.88,206.4,296.4,12.4
2025-06-13T16:36:00+00:00,899.2,78.53,357.0,13.96,338.6,20.1,607.5,0.0535,0.79,206.4,296.4,12.3
2025-06-13T16:37:00+00:00,1001.2,79.52,362.1,13.89,346.7,19.4,506.8,0.0530,0.82,206.4,296.4,11.6
2025-06-13T16:38:00+00:00,933.7,79.07,343.2,14.06,356.2,21.4,575.9,0.0530,0.85,206.4,296.4,11.9
2025-06-13T16:39:00+00:00,809.8,79.30,358.3,13.87,332.7,18.2,520.4,0.0522,0.83,206.4,296.4,11.8
2025-06-14T06:00:00+00:00,889.2,76.99,364.1,13.63,343.7,20.2,548.1,0.0531,0.89,24.8,114.8,11.6
2025-06-14T06:01:00+00:00,1018.9,79.23,345.6,13.82,334.0,20.5,605.4,0.0548,0.98,24.8,114.8,12.0
2025-06-14T06:02:00+00:00,938.9,77.07,361.5,13.82,343.1,20.2,557.0,0.0566,0.89,24.8,114.8,11.4
2025-06-14T06:03:00+00:00,1022.1,79.16,344.6,13.78,339.9,22.9,549.5,0.0538,0.89,24.8,114.8,10.9
2025-06-14T06:04:00+00:00,913.1,78.29,355.2,13.83,368.1,21.4,574.2,0.0641,0.94,24.8,114.8,12.9
2025-06-14T06:05:00+00:00,986.7,76.22,349.7,14.09,357.4,20.2,520.1,0.0532,0.85,24.8,114.8,10.9
2025-06-14T06:06:00+00:00,921.6,79.28,362.0,13.71,365.3,20.7,556.2,0.0533,0.87,24.8,114.8,12.1
2025-06-14T06:07:00+00:00,923.2,78.60,342.1,13.69,324.7,20.3,617.5,0.0550,0.93,24.8,114.8,10.9
2025-06-14T06:08:00+00:00,998.4,78.17,355.8,13.73,360.1,21.3,510.0,0.0559,0.87,24.8,114.8,12.7
2025-06-14T06:09:00+00:00,1058.1,78.85,344.4,13.54,371.7,18.2,569.8,0.0565,0.95,24.8,114.8,11.4
2025-06-14T06:10:00+00:00,1020.2,76.76,370.6,14.00,342.9,17.8,554.3,0.0548,1.00,24.8,114.8,13.2
2025-06-14T06:11:00+00:00,863.9,77.32,349.3,13.56,336.8,20.9,508.9,0.0596,0.93,24.8,114.8,10.6
2025-06-14T06:12:00+00:00,1905.5,80.28,345.2,13.94,387.5,23.0,549.1,0.0588,0.92,24.8,114.8,13.9
2025-06-14T06:13:00+00:00,2122.1,85.60,345.6,13.69,363.9,18.7,588.9,0.0608,0.99,24.8,114.8,10.1
2025-06-14T06:14:00+00:00,2097.4,83.12,348.6,14.24,406.3,20.9,557.2,0.0607,1.00,24.8,114.8,12.4
2025-06-14T06:15:00+00:00,2096.0,83.19,361.5,13.78,386.5,20.6,581.8,0.0620,1.01,24.8,114.8,13.5
2025-06-14T06:16:00+00:00,2221.9,83.50,346.8,13.84,386.2,18.8,639.7,0.0607,0.94,24.8,114.8,11.4
2025-06-14T06:17:00+00:00,1944.9,84.04,333.7,13.59,390.9,18.6,574.1,0.0595,0.96,24.8,114.8,12.9
2025-06-14T06:18:00+00:00,1849.6,81.88,360.3,13.76,373.0,20.6,593.0,0.0630,0.95,24.8,114.8,11.6
2025-06-14T06:19:00+00:00,1834.3,82.93,360.9,13.84,378.3,22.9,616.7,0.0595,0.83,24.8,114.8,11.5
2025-06-14T06:20:00+00:00,1996.2,81.23,334.4,13.67,370.7,22.5,655.1,0.0624,0.81,24.8,114.8,10.6
2025-06-14T06:21:00+00:00,2012.7,83.95,350.9,13.97,380.7,20.6,628.0,0.0600,0.97,24.8,114.8,12.3
2025-06-14T06:22:00+00:00,2059.9,81.27,356.9,13.84,394.5,21.6,665.2,0.0597,0.92,24.8,114.8,11.4
2025-06-14T06:23:00+00:00,2051.1,80.28,343.5,13.53,364.0,20.3,580.6,0.0589,0.85,24.8,114.8,12.4
2025-06-14T06:24:00+00:00,1928.4,81.47,364.3,13.74,374.2,20.9,583.3,0.0595,0.98,24.8,114.8,11.2
2025-06-14T06:25:00+00:00,1911.1,81.02,365.4,13.84,382.6,20.0,534.3,0.0591,0.94,24.8,114.8,12.6
2025-06-14T06:26:00+00:00,2078.5,81.21,330.3,14.03,364.8,18.9,589.9,0.0604,0.97,24.8,114.8,12.4
2025-06-14T06:27:00+00:00,1846.6,82.61,347.6,13.67,366.6,20.5,589.8,0.0587,0.92,24.8,114.8,13.7
2025-06-14T06:28:00+00:00,1880.4,79.08,343.5,13.81,360.2,19.7,577.4,0.0594,0.97,24.8,114.8,12.4
2025-06-14T06:29:00+00:00,2036.0,82.88,335.5,13.82,410.3,19.6,653.4,0.0600,0.94,24.8,114.8,12.7
2025-06-14T06:30:00+00:00,1963.9,82.59,365.1,13.64,387.4,18.9,662.9,0.0682,0.99,24.8,114.8,10.9
2025-06-14T06:31:00+00:00,1935.1,81.23,360.0,13.72,390.7,19.0,630.6,0.0590,0.91,24.8,114.8,10.4
2025-06-14T06:32:00+00:00,2085.4,82.29,360.2,13.85,376.1,19.4,598.9,0.0698,0.84,24.8,114.8,12.2
2025-06-14T06:33:00+00:00,2000.4,79.86,355.0,13.76,387.6,21.4,616.2,0.0594,0.91,24.8,114.8,11.4
2025-06-14T06:34:00+00:00,2155.0,80.97,358.5,13.74,376.7,22.0,609.1,0.0634,0.94,24.8,114.8,12.0
2025-06-14T06:35:00+00:00,1986.1,82.94,349.0,13.61,372.1,19.7,659.0,0.0638,0.95,24.8,114.8,12.6
2025-06-14T06:36:00+00:00,2006.2,85.06,353.0,13.73,385.2,18.8,599.3,0.0629,0.85,24.8,114.8,11.6
2025-06-14T06:37:00+00:00,2163.0,80.70,348.7,13.98,373.1,20.2,610.7,0.0623,0.99,24.8,114.8,10.7
2025-06-14T06:38:00+00:00,2060.5,81.30,355.0,13.75,387.3,20.7,605.7,0.0596,0.91,24.8,114.8,11.0
2025-06-14T06:39:00+00:00,1966.5,82.37,343.5,14.08,379.9,19.2,601.7,0.0598,0.97,24.8,114.8,13.4
2025-06-14T06:40:00+00:00,2104.1,83.89,351.0,13.77,400.7,22.2,633.1,0.0606,0.99,24.8,114.8,10.1
2025-06-14T06:41:00+00:00,2084.5,79.17,338.9,13.82,385.2,19.1,683.6,0.0657,0.96,24.8,114.8,12.2
2025-06-14T06:42:00+00:00,1963.8,82.34,356.4,13.54,390.5,21.9,563.1,0.0588,0.87,24.8,114.8,10.6
2025-06-14T06:43:00+00:00,2045.2,81.43,352.9,13.92,354.0,21.1,585.0,0.0600,0.96,24.8,114.8,11.1
2025-06-14T06:44:00+00:00,1981.3,82.25,345.3,13.69,372.9,20.3,614.2,0.0597,0.95,24.8,114.8,9.8
2025-06-14T06:45:00+00:00,1957.4,82.95,355.8,13.47,369.1,20.5,573.6,0.0614,0.92,24.8,114.8,11.1
2025-06-14T06:46:00+00:00,2238.0,78.12,351.2,13.80,379.6,20.6,595.6,0.0634,0.93,24.8,114.8,15.8
2025-06-14T06:47:00+00:00,2177.2,84.98,349.3,13.53,376.8,22.4,667.3,0.0600,0.87,24.8,114.8,11.7
2025-06-14T06:48:00+00:00,1824.8,80.94,351.3,13.72,384.7,18.5,591.4,0.0595,1.01,24.8,114.8,9.2
2025-06-14T06:49:00+00:00,2250.0,82.61,357.5,14.03,380.5,20.8,595.6,0.0615,0.98,24.8,114.8,13.3
2025-06-14T06:50:00+00:00,2143.8,81.32,338.5,13.66,390.5,21.3,537.2,0.0622,0.88,24.8,114.8,12.0
2025-06-14T06:51:00+00:00,1830.9,80.94,330.4,13.86,338.1,20.2,566.9,0.0594,1.01,24.8,114.8,11.1
2025-06-14T06:52:00+00:00,1964.0,82.34,361.0,13.60,421.8,22.9,601.3,0.0614,0.93,24.8,114.8,11.5
2025-06-14T06:53:00+00:00,2014.7,82.66,348.1,13.71,388.4,20.4,566.3,0.0705,0.98,24.8,114.8,12.3
2025-06-14T06:54:00+00:00,1900.1,80.03,344.2,13.78,350.8,20.7,594.7,0.0590,0.93,24.8,114.8,12.3
2025-06-14T06:55:00+00:00,2162.3,83.39,357.7,13.78,377.3,20.6,633.1,0.0611,0.85,24.8,114.8,9.7
2025-06-14T06:56:00+00:00,2025.0,85.42,371.1,13.71,362.8,20.5,660.2,0.0662,0.83,24.8,114.8,11.7
2025-06-14T06:57:00+00:00,2001.9,80.40,346.4,14.03,382.4,20.4,570.9,0.0588,0.87,24.8,114.8,12.8
2025-06-14T06:58:00+00:00,1771.7,80.15,347.0,13.88,391.2,22.7,560.6,0.0692,0.90,24.8,114.8,12.1
2025-06-14T06:59:00+00:00,1844.3,80.23,353.6,13.87,358.1,22.4,627.9,0.0587,0.91,24.8,114.8,12.2
2025-06-14T07:00:00+00:00,2473.7,82.63,352.5,13.58,398.1,16.8,671.6,0.0628,0.93,24.8,114.8,12.1
2025-06-14T07:01:00+00:00,2365.7,84.73,340.8,13.96,396.3,18.7,605.0,0.0667,0.93,24.8,114.8,12.4
2025-06-14T07:02:00+00:00,2078.8,82.02,355.9,13.92,380.1,21.7,650.4,0.0620,0.92,24.8,114.8,11.6
2025-06-14T07:03:00+00:00,1926.4,81.27,342.2,13.51,374.1,21.7,601.2,0.0634,0.94,24.8,114.8,11.5
2025-06-14T07:04:00+00:00,2021.6,80.78,351.8,14.01,391.3,21.2,577.1,0.0595,0.92,24.8,114.8,12.4
2025-06-14T07:05:00+00:00,2063.1,80.61,355.6,13.65,380.7,20.3,568.0,0.0593,0.87,24.8,114.8,13.3
2025-06-14T07:06:00+00:00,2428.6,85.82,349.6,13.90,383.9,21.7,634.2,0.0635,0.90,24.8,114.8,12.3
2025-06-14T07:07:00+00:00,1900.2,80.59,350.4,13.74,357.7,20.3,648.2,0.0592,0.94,24.8,114.8,10.5
2025-06-14T07:08:00+00:00,1831.8,82.24,358.9,13.85,362.1,17.8,615.2,0.0633,0.84,24.8,114.8,14.8
2025-06-14T07:09:00+00:00,1845.9,80.92,347.1,13.85,384.8,23.9,576.1,0.0616,0.93,24.8,114.8,11.4
2025-06-14T07:10:00+00:00,1860.4,80.05,342.3,13.55,386.6,20.7,641.7,0.0592,0.97,24.8,114.8,12.5
2025-06-14T07:11:00+00:00,2425.8,80.15,355.6,13.46,383.0,19.6,610.9,0.0690,0.90,24.8,114.8,12.3
2025-06-14T07:12:00+00:00,2466.3,81.26,352.6,13.85,388.0,18.1,631.5,0.0619,0.92,24.8,114.8,12.9
2025-06-14T07:13:00+00:00,1938.0,79.65,361.8,13.90,378.3,21.0,590.3,0.0585,0.87,24.8,114.8,12.5
2025-06-14T07:14:00+00:00,1937.0,84.99,354.1,13.66,393.3,20.5,598.3,0.0599,1.01,24.8,114.8,12.1
2025-06-14T07:15:00+00:00,2184.4,82.60,345.4,13.71,368.5,22.0,627.4,0.0612,1.01,24.8,114.8,11.8
2025-06-14T07:16:00+00:00,2172.6,83.10,359.3,14.00,398.8,23.9,625.7,0.0610,0.99,24.8,114.8,11.8
2025-06-14T07:17:00+00:00,1801.8,79.98,359.4,13.93,384.4,21.8,541.4,0.0584,0.92,24.8,114.8,11.2
2025-06-14T07:18:00+00:00,2440.6,83.83,350.1,13.60,403.5,20.9,643.7,0.0615,0.88,24.8,114.8,11.2
2025-06-14T07:19:00+00:00,2470.4,83.75,344.4,13.85,413.2,19.5,649.6,0.0641,0.93,24.8,114.8,12.1
2025-06-14T07:20:00+00:00,2547.3,84.45,364.1,13.63,385.5,20.5,635.0,0.0622,0.92,24.8,114.8,11.8
2025-06-14T07:21:00+00:00,1796.3,81.96,344.3,13.86,381.8,19.5,624.2,0.0591,0.99,24.8,114.8,10.9
2025-06-14T07:22:00+00:00,2029.6,82.27,344.4,13.69,390.5,19.3,621.1,0.0628,0.91,24.8,114.8,11.0
2025-06-14T07:23:00+00:00,2042.1,81.14,355.6,13.80,391.7,20.4,606.9,0.0599,0.93,24.8,114.8,11.9
2025-06-14T07:24:00+00:00,2002.7,82.43,354.0,13.96,384.4,19.9,543.5,0.0622,0.92,24.8,114.8,14.1
2025-06-14T07:25:00+00:00,2348.8,81.67,352.9,13.84,405.4,22.6,658.8,0.0712,0.99,24.8,114.8,11.7
2025-06-14T07:26:00+00:00,2018.3,81.25,335.6,13.98,389.6,20.8,631.9,0.0601,0.99,24.8,114.8,11.8
2025-06-14T07:27:00+00:00,2119.2,84.45,355.4,13.63,377.8,21.4,623.1,0.0597,0.89,24.8,114.8,9.6
2025-06-14T07:28:00+00:00,2091.5,80.64,335.5,13.74,386.9,20.5,608.0,0.0647,0.95,24.8,114.8,12.5
2025-06-14T07:29:00+00:00,2027.2,79.59,345.4,13.65,388.9,20.7,669.2,0.0594,0.90,24.8,114.8,12.2
2025-06-14T07:30:00+00:00,1766.3,81.89,343.9,13.74,382.3,22.3,607.6,0.0576,0.86,24.8,114.8,13.1
2025-06-14T07:31:00+00:00,1819.0,80.31,362.4,13.79,378.1,20.1,585.4,0.0581,0.89,24.8,114.8,12.7
2025-06-14T07:32:00+00:00,1926.5,81.97,350.0,13.72,377.2,20.6,552.5,0.0620,0.84,24.8,114.8,11.7
2025-06-14T07:33:00+00:00,1936.7,81.26,351.9,13.88,375.6,24.0,631.0,0.0623,0.92,24.8,114.8,11.0
2025-06-14T07:34:00+00:00,1960.2,80.97,346.0,13.82,361.7,19.6,601.8,0.0599,0.99,24.8,114.8,13.6
2025-06-14T07:35:00+00:00,1947.2,81.90,352.6,13.89,384.9,18.6,584.2,0.0591,0.92,24.8,114.8,12.2
2025-06-14T07:36:00+00:00,1835.4,83.16,352.4,13.54,374.2,21.7,643.1,0.0585,0.91,24.8,114.8,10.1
2025-06-14T07:37:00+00:00,1909.4,83.74,349.6,13.62,383.7,22.3,588.5,0.0669,0.90,24.8,114.8,10.3
2025-06-14T07:38:00+00:00,2019.0,83.71,359.5,13.68,403.1,22.4,617.0,0.0598,0.94,24.8,114.8,12.7
2025-06-14T07:39:00+00:00,2221.1,81.02,341.5,13.77,375.3,20.9,652.2,0.0603,0.91,24.8,114.8,11.3
2025-06-14T07:40:00+00:00,2067.2,84.57,332.5,14.07,393.1,18.2,621.7,0.0641,1.00,24.8,114.8,13.2
2025-06-14T07:41:00+00:00,1995.5,78.31,356.5,13.90,381.7,19.8,598.0,0.0604,0.96,24.8,114.8,12.0
2025-06-14T07:42:00+00:00,1899.7,80.27,339.9,14.03,383.5,21.1,628.0,0.0584,0.87,24.8,114.8,11.7
2025-06-14T07:43:00+00:00,2048.5,82.91,362.2,13.82,387.4,18.1,562.9,0.0614,0.95,24.8,114.8,12.2
2025-06-14T07:44:00+00:00,1927.5,83.36,355.1,13.66,383.5,20.0,594.5,0.0598,0.88,24.8,114.8,11.9
2025-06-14T07:45:00+00:00,1965.1,80.94,355.3,13.93,375.5,19.9,615.2,0.0597,0.95,24.8,114.8,12.9
2025-06-14T07:46:00+00:00,2333.8,85.00,341.3,13.71,399.6,21.6,651.7,0.0613,0.94,24.8,114.8,12.4
2025-06-14T07:47:00+00:00,2107.4,80.57,350.3,13.82,386.6,23.1,640.2,0.0601,0.92,24.8,114.8,12.7
2025-06-14T07:48:00+00:00,1934.9,83.15,352.0,13.34,391.6,17.7,582.1,0.0594,0.91,24.8,114.8,11.2
2025-06-14T07:49:00+00:00,1909.0,82.75,338.0,13.89,373.7,18.2,627.8,0.0599,0.96,24.8,114.8,12.1
2025-06-14T07:50:00+00:00,2164.3,83.39,352.5,14.02,391.2,22.5,639.0,0.0602,0.92,24.8,114.8,11.0
2025-06-14T07:51:00+00:00,2060.1,80.49,359.5,13.94,381.0,23.4,583.8,0.0595,0.91,24.8,114.8,12.1
2025-06-14T07:52:00+00:00,1927.9,80.72,363.0,13.85,371.9,20.9,625.7,0.0612,1.00,24.8,114.8,12.3
2025-06-14T07:53:00+00:00,2232.1,79.30,342.3,13.90,385.5,23.2,626.7,0.0615,0.97,24.8,114.8,11.4
2025-06-14T07:54:00+00:00,1939.7,83.95,349.7,13.57,391.6,21.1,511.9,0.0615,0.91,24.8,114.8,10.7
2025-06-14T07:55:00+00:00,1993.9,80.57,357.4,13.61,360.4,20.0,618.3,0.0591,0.89,24.8,114.8,12.5
2025-06-14T07:56:00+00:00,1946.9,82.85,358.9,13.73,361.9,24.6,611.3,0.0662,0.86,24.8,114.8,10.9
2025-06-14T07:57:00+00:00,2054.8,82.33,359.3,13.79,392.9,19.1,622.9,0.0594,0.89,24.8,114.8,11.9
2025-06-14T07:58:00+00:00,1751.1,81.37,339.5,14.00,392.4,20.2,636.2,0.0592,0.91,24.8,114.8,11.2
2025-06-14T07:59:00+00:00,2058.6,82.34,353.4,13.95,400.1,17.9,604.3,0.0626,0.93,24.8,114.8,11.4
2025-06-14T08:00:00+00:00,1942.8,80.97,351.7,13.70,384.6,20.4,649.0,0.0635,0.93,24.8,114.8,12.2
2025-06-14T08:01:00+00:00,1966.2,82.91,355.5,13.79,373.3,19.4,591.1,0.0655,0.93,24.8,114.8,10.6
2025-06-14T08:02:00+00:00,1880.3,82.21,345.0,13.78,378.0,21.3,606.8,0.0591,0.91,24.8,114.8,12.6
2025-06-14T08:03:00+00:00,2145.8,82.89,353.4,13.75,381.0,20.5,647.4,0.0609,0.99,24.8,114.8,13.0
2025-06-14T08:04:00+00:00,2062.6,82.95,352.0,14.08,388.6,22.5,580.1,0.0605,0.95,24.8,114.8,12.8
2025-06-14T08:05:00+00:00,2090.2,82.74,345.9,13.90,373.8,21.3,604.2,0.0594,0.88,24.8,114.8,12.6
2025-06-14T08:06:00+00:00,2189.8,81.67,359.8,13.52,379.6,21.5,640.6,0.0656,0.95,24.8,114.8,9.9
2025-06-14T08:07:00+00:00,1034.7,79.26,343.2,13.84,333.8,19.3,551.9,0.0536,0.85,24.8,114.8,14.3
2025-06-14T08:08:00+00:00,1074.6,79.44,348.4,13.90,345.2,20.5,538.3,0.0567,0.94,24.8,114.8,10.2
2025-06-14T08:09:00+00:00,977.3,78.85,362.3,13.59,341.1,22.1,559.8,0.0536,0.91,24.8,114.8,12.2
2025-06-14T08:10:00+00:00,1007.8,76.89,363.1,13.84,341.2,21.8,556.4,0.0541,0.92,24.8,114.8,11.5
2025-06-14T08:11:00+00:00,1048.7,77.27,381.2,13.90,359.3,20.2,567.5,0.0548,0.97,24.8,114.8,13.8
2025-06-14T08:12:00+00:00,1012.3,80.12,362.8,14.02,337.4,19.2,545.3,0.0570,0.88,24.8,114.8,12.2
2025-06-14T08:13:00+00:00,978.7,78.23,342.0,13.95,313.8,21.9,555.7,0.0546,0.97,24.8,114.8,13.0
2025-06-14T08:14:00+00:00,959.1,78.55,358.0,13.81,363.7,19.3,560.8,0.0592,0.92,24.8,114.8,12.0
2025-06-14T08:15:00+00:00,1079.4,79.76,358.3,13.71,351.1,22.3,565.7,0.0561,1.09,24.8,114.8,11.1
2025-06-14T08:16:00+00:00,1040.3,80.07,374.6,14.01,357.2,20.7,524.6,0.0539,0.90,24.8,114.8,12.1
2025-06-14T08:17:00+00:00,883.1,78.61,346.5,13.54,370.2,23.0,547.3,0.0541,0.98,24.8,114.8,12.3
2025-06-14T14:00:00+00:00,1037.2,79.20,357.6,13.96,344.4,21.2,563.6,0.0538,0.86,24.8,114.8,11.4
2025-06-14T14:01:00+00:00,986.7,80.78,350.3,13.48,344.8,18.5,527.3,0.0537,0.90,24.8,114.8,11.7
2025-06-14T14:02:00+00:00,952.4,77.76,356.0,13.85,349.1,20.9,581.4,0.0537,0.92,24.8,114.8,11.4
2025-06-14T14:03:00+00:00,1039.9,77.15,355.3,13.74,362.1,18.7,516.3,0.0544,0.93,24.8,114.8,13.3
2025-06-14T14:04:00+00:00,920.9,78.70,362.4,13.68,336.7,21.0,639.9,0.0546,0.92,24.8,114.8,12.9
2025-06-14T14:05:00+00:00,960.8,78.12,366.7,13.73,354.0,20.2,556.0,0.0544,0.97,24.8,114.8,12.6
2025-06-14T14:06:00+00:00,934.4,76.65,355.3,13.88,361.8,19.7,523.7,0.0547,1.02,24.8,114.8,12.6
2025-06-14T14:07:00+00:00,1031.6,80.16,350.0,13.85,338.0,20.7,580.1,0.0592,0.91,24.8,114.8,9.7
2025-06-14T14:08:00+00:00,866.2,77.73,353.8,14.06,336.2,20.8,518.3,0.0533,0.91,24.8,114.8,12.9
2025-06-14T14:09:00+00:00,989.0,77.94,348.9,13.97,341.2,18.3,587.4,0.0546,0.89,24.8,114.8,9.9
2025-06-14T14:10:00+00:00,930.5,78.75,345.8,14.02,348.4,21.1,621.1,0.0616,0.98,24.8,114.8,10.5
2025-06-14T14:11:00+00:00,983.2,80.35,365.0,13.83,357.1,21.4,494.5,0.0633,0.87,24.8,114.8,11.7
2025-06-14T14:12:00+00:00,986.6,78.30,357.7,13.63,350.7,19.2,545.4,0.0542,0.94,24.8,114.8,12.5
2025-06-14T14:13:00+00:00,1841.1,81.56,343.8,13.88,393.8,19.5,648.4,0.0578,0.84,24.8,114.8,13.0
2025-06-14T14:14:00+00:00,1935.0,83.47,339.5,13.81,379.3,24.5,585.2,0.0696,0.85,24.8,114.8,13.8
2025-06-14T14:15:00+00:00,1869.1,86.75,345.1,13.78,360.2,21.8,545.9,0.0586,0.91,24.8,114.8,11.9
2025-06-14T14:16:00+00:00,2016.1,81.08,350.9,13.60,377.0,19.8,588.3,0.0597,0.93,24.8,114.8,10.9
2025-06-14T14:17:00+00:00,2020.9,83.69,359.1,13.92,377.0,21.2,517.8,0.0591,0.88,24.8,114.8,12.3
2025-06-14T14:18:00+00:00,1960.2,81.64,359.9,13.74,390.8,20.1,601.0,0.0587,0.87,24.8,114.8,13.9
2025-06-14T14:19:00+00:00,2007.9,78.44,358.9,13.99,374.3,19.4,625.0,0.0597,0.93,24.8,114.8,12.3
2025-06-14T14:20:00+00:00,2024.1,83.96,347.4,13.76,398.6,20.8,553.2,0.0595,0.92,24.8,114.8,10.6
2025-06-14T14:21:00+00:00,2114.8,81.96,342.7,13.70,372.5,22.9,623.2,0.0703,0.97,24.8,114.8,10.3
2025-06-14T14:22:00+00:00,2115.0,83.96,353.5,13.89,388.2,21.3,666.8,0.0597,0.88,24.8,114.8,12.1
2025-06-14T14:23:00+00:00,1985.5,82.95,345.5,13.83,382.7,20.0,570.1,0.0604,1.02,24.8,114.8,12.2
2025-06-14T14:24:00+00:00,2030.3,82.32,352.4,13.89,384.9,25.0,619.2,0.0610,0.93,24.8,114.8,10.3
2025-06-14T14:25:00+00:00,2091.5,82.13,352.7,13.87,382.7,22.5,605.2,0.0619,0.94,24.8,114.8,13.9
2025-06-14T14:26:00+00:00,2185.7,81.01,343.9,13.79,385.1,20.5,615.1,0.0609,0.96,24.8,114.8,11.1
2025-06-14T14:27:00+00:00,2076.9,82.79,348.8,13.90,397.0,21.3,602.5,0.0644,0.94,24.8,114.8,12.8
2025-06-14T14:28:00+00:00,2016.7,82.93,358.8,13.88,376.4,21.4,660.4,0.0598,0.94,24.8,114.8,12.9
2025-06-14T14:29:00+00:00,1988.0,81.61,345.8,13.87,363.8,21.5,624.4,0.0600,0.90,24.8,114.8,9.0
2025-06-14T14:30:00+00:00,1850.9,80.98,349.0,13.76,381.8,19.9,517.1,0.0587,0.94,24.8,114.8,13.3
2025-06-14T14:31:00+00:00,1890.1,79.85,344.4,13.92,367.5,22.3,632.4,0.0622,0.88,24.8,114.8,12.4
2025-06-14T14:32:00+00:00,1953.9,83.00,351.0,13.95,389.3,20.6,611.6,0.0593,0.93,24.8,114.8,12.3
2025-06-14T14:33:00+00:00,1982.5,81.74,352.1,13.84,397.8,24.7,575.7,0.0598,0.96,24.8,114.8,12.1
2025-06-14T14:34:00+00:00,2071.6,82.45,354.7,13.95,381.8,21.2,667.1,0.0673,0.96,24.8,114.8,13.6
2025-06-14T14:35:00+00:00,1992.0,81.88,352.1,13.76,366.0,21.8,600.5,0.0602,1.00,24.8,114.8,12.1
2025-06-14T14:36:00+00:00,2088.9,82.20,349.0,13.87,385.5,21.3,580.6,0.0641,0.92,24.8,114.8,12.0
2025-06-14T14:37:00+00:00,1783.9,83.14,351.0,13.65,380.8,20.3,616.4,0.0599,0.85,24.8,114.8,9.4
2025-06-14T14:38:00+00:00,2032.7,80.98,350.5,13.76,403.7,21.4,563.6,0.0598,0.94,24.8,114.8,11.6
2025-06-14T14:39:00+00:00,1941.8,84.54,358.3,13.69,376.0,21.4,563.7,0.0602,1.02,24.8,114.8,11.5
2025-06-14T14:40:00+00:00,1913.0,84.56,352.0,14.01,397.4,20.6,568.1,0.0602,1.04,24.8,114.8,11.3
2025-06-14T14:41:00+00:00,1918.0,83.22,347.7,13.72,409.0,18.6,625.2,0.0588,0.91,24.8,114.8,14.2
2025-06-14T14:42:00+00:00,1997.9,81.60,352.6,13.47,357.8,19.5,619.8,0.0588,0.87,24.8,114.8,10.7
2025-06-14T14:43:00+00:00,1785.2,82.16,350.7,13.86,366.0,24.2,627.4,0.0622,0.99,24.8,114.8,12.9
2025-06-14T14:44:00+00:00,1894.5,83.19,348.9,13.99,375.3,20.7,575.9,0.0591,0.94,24.8,114.8,12.3
2025-06-14T14:45:00+00:00,1866.0,81.06,356.5,13.68,357.4,20.9,577.6,0.0644,0.98,24.8,114.8,9.9
2025-06-14T14:46:00+00:00,2181.7,81.75,340.3,13.82,385.4,19.2,567.1,0.0604,0.92,24.8,114.8,12.2
2025-06-14T14:47:00+00:00,1889.3,82.99,359.9,13.66,392.8,22.3,577.8,0.0594,0.98,24.8,114.8,12.9
2025-06-14T14:48:00+00:00,2174.1,84.82,359.2,13.95,390.7,20.1,624.8,0.0604,0.94,24.8,114.8,12.9
2025-06-14T14:49:00+00:00,1995.2,81.82,358.6,13.75,379.8,21.5,574.4,0.0587,0.86,24.8,114.8,10.4
2025-06-14T14:50:00+00:00,2092.8,86.03,340.8,13.66,381.1,20.1,560.4,0.0616,0.99,24.8,114.8,12.2
2025-06-14T14:51:00+00:00,2166.6,82.31,341.4,13.74,378.8,22.5,571.5,0.0597,0.87,24.8,114.8,11.5
2025-06-14T14:52:00+00:00,2056.2,83.22,358.3,13.78,402.8,23.0,550.6,0.0604,0.99,24.8,114.8,12.1
2025-06-14T14:53:00+00:00,1865.9,82.10,335.3,13.68,389.2,22.1,563.9,0.0581,0.86,24.8,114.8,11.7
2025-06-14T14:54:00+00:00,2017.0,80.13,349.0,13.86,389.2,20.8,546.7,0.0587,0.84,24.8,114.8,11.5
2025-06-14T14:55:00+00:00,2069.6,85.52,370.3,13.80,389.0,20.4,551.5,0.0645,0.98,24.8,114.8,12.1
2025-06-14T14:56:00+00:00,2289.8,81.58,333.7,13.70,412.5,20.9,561.8,0.0611,0.94,24.8,114.8,10.7
2025-06-14T14:57:00+00:00,1839.6,82.56,358.1,13.65,376.8,19.5,556.3,0.0585,0.92,24.8,114.8,11.0
2025-06-14T14:58:00+00:00,2030.8,82.18,361.0,13.77,387.7,21.4,562.7,0.0595,0.84,24.8,114.8,11.6
2025-06-14T14:59:00+00:00,2057.4,82.16,359.7,13.95,395.1,20.1,607.2,0.0605,1.00,24.8,114.8,10.8
2025-06-14T15:00:00+00:00,1881.4,82.97,351.9,13.75,377.9,19.3,583.5,0.0674,0.93,24.8,114.8,11.0
2025-06-14T15:01:00+00:00,1895.9,80.65,354.7,13.62,396.6,21.6,558.2,0.0684,0.93,24.8,114.8,12.4
2025-06-14T15:02:00+00:00,2003.8,82.63,343.3,13.68,364.6,22.1,579.5,0.0599,0.97,24.8,114.8,11.6
2025-06-14T15:03:00+00:00,2468.8,84.11,338.0,13.77,407.0,21.0,599.9,0.0614,0.87,24.8,114.8,12.4
2025-06-14T15:04:00+00:00,2362.8,83.74,348.2,13.81,387.1,20.8,594.9,0.0610,0.89,24.8,114.8,9.6
2025-06-14T15:05:00+00:00,2178.9,82.66,338.9,13.67,374.8,19.5,577.5,0.0682,0.98,24.8,114.8,11.1
2025-06-14T15:06:00+00:00,2130.3,83.24,350.1,13.95,376.6,22.1,553.7,0.0605,0.96,24.8,114.8,12.3
2025-06-14T15:07:00+00:00,1841.7,82.54,351.4,13.78,381.9,17.9,620.5,0.0592,0.97,24.8,114.8,10.4
2025-06-14T15:08:00+00:00,1961.5,83.39,365.1,13.97,381.8,20.5,593.0,0.0605,0.85,24.8,114.8,12.9
2025-06-14T15:09:00+00:00,1987.6,83.73,358.4,13.65,371.7,20.6,567.9,0.0639,1.00,24.8,114.8,11.8
2025-06-14T15:10:00+00:00,2251.6,83.08,353.2,13.81,390.7,20.3,635.2,0.0602,0.87,24.8,114.8,12.5
2025-06-14T15:11:00+00:00,1886.7,80.94,358.5,13.67,381.4,19.8,594.3,0.0586,0.90,24.8,114.8,12.1
2025-06-14T15:12:00+00:00,2350.4,84.32,357.4,13.81,390.0,23.3,604.6,0.0701,0.95,24.8,114.8,11.4
2025-06-14T15:13:00+00:00,1974.0,82.77,350.1,13.81,379.5,23.9,628.0,0.0629,0.85,24.8,114.8,11.4
2025-06-14T15:14:00+00:00,1825.6,80.51,351.4,13.51,372.9,20.7,591.2,0.0586,0.93,24.8,114.8,11.2
2025-06-14T15:15:00+00:00,2541.7,84.96,346.0,13.70,407.9,21.1,647.4,0.0631,1.01,24.8,114.8,13.0
2025-06-14T15:16:00+00:00,1960.0,82.58,347.6,13.85,381.6,19.2,625.4,0.0603,0.85,24.8,114.8,10.7
2025-06-14T15:17:00+00:00,2118.0,85.29,352.1,14.14,390.3,20.4,586.0,0.0598,0.91,24.8,114.8,11.8
2025-06-14T15:18:00+00:00,2024.0,83.91,360.3,13.54,398.2,18.8,607.8,0.0600,0.97,24.8,114.8,9.8
2025-06-14T15:19:00+00:00,2010.6,84.00,361.7,13.61,400.0,21.0,577.4,0.0649,0.89,24.8,114.8,10.6
2025-06-14T15:20:00+00:00,1993.7,83.56,341.9,13.76,381.0,21.8,558.7,0.0632,0.93,24.8,114.8,10.8
2025-06-14T15:21:00+00:00,2521.0,84.62,351.0,13.88,407.9,19.9,617.4,0.0638,0.93,24.8,114.8,13.5
2025-06-14T15:22:00+00:00,1989.1,83.37,342.4,13.99,385.0,24.9,627.2,0.0611,0.90,24.8,114.8,11.3
2025-06-14T15:23:00+00:00,2360.1,84.21,346.4,13.79,380.2,19.5,546.7,0.0646,0.97,24.8,114.8,13.1
2025-06-14T15:24:00+00:00,2037.5,79.34,360.8,13.53,368.5,19.7,596.6,0.0633,0.97,24.8,114.8,11.8
2025-06-14T15:25:00+00:00,2454.8,83.51,329.3,13.68,400.1,20.1,604.7,0.0641,0.99,24.8,114.8,11.4
2025-06-14T15:26:00+00:00,2470.3,83.87,353.0,13.82,386.0,19.7,601.1,0.0616,0.89,24.8,114.8,12.2
2025-06-14T15:27:00+00:00,1917.4,81.42,359.8,13.91,356.1,23.5,630.0,0.0651,0.90,24.8,114.8,11.4
2025-06-14T15:28:00+00:00,2491.3,84.40,335.3,13.58,380.1,21.3,596.0,0.0653,0.88,24.8,114.8,11.5
2025-06-14T15:29:00+00:00,1910.1,83.31,344.9,13.72,362.3,20.6,546.2,0.0597,0.98,24.8,114.8,9.7
2025-06-14T15:30:00+00:00,1980.0,83.38,353.9,13.59,381.8,22.1,622.4,0.0601,1.01,24.8,114.8,10.6
2025-06-14T15:31:00+00:00,2031.0,81.58,370.2,13.70,393.4,21.5,602.9,0.0647,0.98,24.8,114.8,11.5
2025-06-14T15:32:00+00:00,2077.1,82.29,338.5,13.74,391.2,22.3,584.6,0.0645,0.95,24.8,114.8,13.3
2025-06-14T15:33:00+00:00,2048.2,81.27,355.3,13.86,372.3,21.6,576.1,0.0599,0.92,24.8,114.8,11.9
2025-06-14T15:34:00+00:00,2128.9,84.12,352.3,13.82,388.0,21.2,586.2,0.0602,0.92,24.8,114.8,13.1
2025-06-14T15:35:00+00:00,1982.4,82.18,361.2,14.23,380.6,20.3,587.6,0.0599,0.93,24.8,114.8,11.2
2025-06-14T15:36:00+00:00,1789.9,82.74,344.6,13.79,353.4,20.7,635.2,0.0585,0.93,24.8,114.8,9.6
2025-06-14T15:37:00+00:00,1984.6,81.53,342.1,14.01,385.9,19.6,671.4,0.0647,0.99,24.8,114.8,11.6
2025-06-14T15:38:00+00:00,2023.8,82.94,352.3,13.82,377.6,20.0,624.9,0.0635,0.98,24.8,114.8,11.6
2025-06-14T15:39:00+00:00,2146.5,81.59,351.8,13.93,397.6,21.4,560.7,0.0601,0.92,24.8,114.8,12.4
2025-06-14T15:40:00+00:00,2099.3,81.58,347.1,13.67,384.0,21.4,626.3,0.0593,0.85,24.8,114.8,12.2
2025-06-14T15:41:00+00:00,2211.8,83.53,334.9,13.82,401.8,21.3,527.9,0.0615,0.98,24.8,114.8,12.3
2025-06-14T15:42:00+00:00,1978.4,80.04,355.4,13.72,387.6,18.2,573.1,0.0592,0.90,24.8,114.8,13.6
2025-06-14T15:43:00+00:00,1920.9,80.65,357.3,13.92,390.4,19.5,564.9,0.0584,0.86,24.8,114.8,11.8
2025-06-14T15:44:00+00:00,1894.9,81.85,347.7,13.82,379.6,22.4,550.2,0.0623,1.03,24.8,114.8,11.2
2025-06-14T15:45:00+00:00,1928.1,81.71,337.9,13.72,372.7,18.0,590.7,0.0680,0.99,24.8,114.8,12.6
2025-06-14T15:46:00+00:00,2115.5,80.34,343.2,13.83,385.4,21.9,602.0,0.0602,0.94,24.8,114.8,12.4
2025-06-14T15:47:00+00:00,2146.0,82.34,348.4,13.91,392.0,21.9,598.3,0.0600,0.90,24.8,114.8,12.6
2025-06-14T15:48:00+00:00,1839.7,82.62,357.6,13.77,398.5,19.2,593.9,0.0587,0.93,24.8,114.8,10.7
2025-06-14T15:49:00+00:00,2001.9,84.21,349.8,13.92,392.9,20.9,570.7,0.0625,0.95,24.8,114.8,11.7
2025-06-14T15:50:00+00:00,1845.1,79.15,360.7,13.97,366.4,20.5,577.2,0.0586,0.93,24.8,114.8,12.6
2025-06-14T15:51:00+00:00,2361.1,84.22,345.3,13.63,382.4,17.4,679.8,0.0616,0.94,24.8,114.8,12.7
2025-06-14T15:52:00+00:00,1881.8,79.17,353.0,13.61,341.9,22.3,576.4,0.0593,0.96,24.8,114.8,11.4
2025-06-14T15:53:00+00:00,2126.9,82.83,360.1,13.89,407.4,20.5,622.3,0.0602,0.92,24.8,114.8,13.4
2025-06-14T15:54:00+00:00,2130.6,81.98,359.8,13.72,417.5,21.8,576.1,0.0647,0.94,24.8,114.8,11.9
2025-06-14T15:55:00+00:00,2022.6,82.73,357.8,13.68,367.0,21.1,622.6,0.0604,0.96,24.8,114.8,12.0
2025-06-14T15:56:00+00:00,2154.6,80.74,339.8,13.99,393.1,18.0,632.3,0.0630,0.97,24.8,114.8,11.4
2025-06-14T15:57:00+00:00,1992.5,80.36,363.0,13.99,388.7,20.7,602.4,0.0604,1.02,24.8,114.8,11.6
2025-06-14T15:58:00+00:00,1902.8,82.06,367.7,14.03,382.1,20.6,591.7,0.0593,0.96,24.8,114.8,10.5
2025-06-14T15:59:00+00:00,2182.9,84.47,339.4,13.72,378.5,22.3,656.1,0.0600,0.88,24.8,114.8,11.3
2025-06-14T16:00:00+00:00,1998.6,79.03,339.8,13.94,391.5,19.7,641.6,0.0597,0.89,24.8,114.8,11.1
2025-06-14T16:01:00+00:00,1931.4,81.63,334.1,13.79,381.3,21.6,608.0,0.0588,0.90,24.8,114.8,11.2
2025-06-14T16:02:00+00:00,2022.3,83.41,343.6,13.95,387.2,21.2,574.9,0.0626,0.94,24.8,114.8,11.4
2025-06-14T16:03:00+00:00,1884.5,80.92,359.4,13.90,360.3,20.0,593.9,0.0588,0.89,24.8,114.8,11.6
2025-06-14T16:04:00+00:00,1863.9,80.81,341.7,13.84,365.8,18.7,607.5,0.0580,0.85,24.8,114.8,11.4
2025-06-14T16:05:00+00:00,2164.3,83.67,342.9,13.65,390.6,21.8,556.1,0.0616,1.05,24.8,114.8,12.4
2025-06-14T16:06:00+00:00,2002.6,85.36,346.6,13.88,377.2,22.2,638.8,0.0614,0.99,24.8,114.8,13.1
2025-06-14T16:07:00+00:00,1946.0,81.69,350.0,13.94,378.0,19.7,577.2,0.0611,0.93,24.8,114.8,10.6
2025-06-14T16:08:00+00:00,1948.6,81.22,354.5,13.59,374.6,20.9,549.5,0.0644,0.91,24.8,114.8,11.4
2025-06-14T16:09:00+00:00,2004.8,80.87,340.2,13.80,386.2,20.7,566.7,0.0593,0.92,24.8,114.8,12.5
2025-06-14T16:10:00+00:00,1979.8,81.55,353.0,13.97,373.1,18.9,594.2,0.0629,0.97,24.8,114.8,12.0
2025-06-14T16:11:00+00:00,2003.9,81.70,349.0,13.67,361.5,22.0,597.3,0.0599,0.95,24.8,114.8,11.9
2025-06-14T16:12:00+00:00,1858.1,78.54,351.7,14.14,374.0,19.2,592.5,0.0586,0.91,24.8,114.8,13.6
2025-06-14T16:13:00+00:00,2116.6,82.80,337.7,13.84,371.7,22.4,574.1,0.0610,0.94,24.8,114.8,13.1
2025-06-14T16:14:00+00:00,2049.7,81.51,342.0,14.09,377.1,18.9,598.2,0.0605,1.00,24.8,114.8,11.1
2025-06-14T16:15:00+00:00,2219.7,81.07,343.0,13.89,399.6,20.1,559.4,0.0718,0.93,24.8,114.8,9.9
2025-06-14T16:16:00+00:00,2090.9,83.17,362.3,13.88,389.6,21.7,616.6,0.0615,0.89,24.8,114.8,12.5
2025-06-14T16:17:00+00:00,2075.1,82.89,350.0,13.72,376.7,23.0,655.2,0.0621,0.92,24.8,114.8,13.3
2025-06-14T16:18:00+00:00,2004.7,81.47,349.4,13.80,385.4,20.7,595.2,0.0603,0.98,24.8,114.8,11.4
2025-06-14T16:19:00+00:00,1879.2,81.27,346.6,13.77,384.8,21.5,635.5,0.0674,0.92,24.8,114.8,11.5
2025-06-14T16:20:00+00:00,1960.2,82.93,352.6,13.63,384.2,21.4,570.5,0.0582,0.82,24.8,114.8,11.7
2025-06-14T16:21:00+00:00,1897.4,84.09,346.0,13.69,370.5,22.4,600.1,0.0632,0.96,24.8,114.8,12.8
2025-06-14T16:22:00+00:00,892.8,79.52,351.9,13.61,373.3,23.2,548.0,0.0531,0.89,24.8,114.8,10.8
2025-06-14T16:23:00+00:00,1000.7,78.80,350.2,13.85,329.3,20.7,486.6,0.0535,0.87,24.8,114.8,12.0
2025-06-14T16:24:00+00:00,1009.5,80.22,361.9,13.91,353.5,20.2,566.4,0.0541,0.92,24.8,114.8,12.4
2025-06-14T16:25:00+00:00,941.0,78.63,365.9,13.72,330.6,18.1,504.7,0.0536,0.90,24.8,114.8,12.0
2025-06-14T16:26:00+00:00,860.8,76.85,365.9,13.64,341.5,22.1,593.3,0.0538,0.96,24.8,114.8,12.6
2025-06-14T16:27:00+00:00,1125.2,76.88,362.6,14.06,355.7,21.0,556.5,0.0549,0.93,24.8,114.8,12.4
2025-06-14T16:28:00+00:00,1005.5,79.67,362.3,13.75,345.2,20.6,564.7,0.0548,0.98,24.8,114.8,12.0
2025-06-14T16:29:00+00:00,957.3,76.08,372.1,13.73,364.8,19.8,550.1,0.0533,0.85,24.8,114.8,11.2
2025-06-14T16:30:00+00:00,966.5,77.40,365.6,13.77,356.3,19.2,577.3,0.0540,0.94,24.8,114.8,11.8
2025-06-14T16:31:00+00:00,1029.4,76.91,348.4,13.89,339.3,19.2,559.3,0.0544,0.94,24.8,114.8,12.7
2025-06-14T16:32:00+00:00,1035.2,76.95,353.8,13.87,350.5,21.9,551.3,0.0540,0.91,24.8,114.8,12.0
2025-06-14T16:33:00+00:00,1010.7,79.56,341.3,13.91,350.7,20.4,562.9,0.0542,0.92,24.8,114.8,12.5
2025-06-15T06:00:00+00:00,1088.8,79.99,353.7,13.83,364.7,20.7,543.3,0.0495,0.41,285.2,195.2,6.7
2025-06-15T06:01:00+00:00,808.7,77.64,356.6,13.77,336.0,25.1,554.1,0.0479,0.41,285.2,195.2,7.3
2025-06-15T06:02:00+00:00,1096.5,79.74,347.2,13.89,377.8,17.2,515.0,0.0514,0.40,285.2,195.2,6.9
2025-06-15T06:03:00+00:00,1001.9,80.02,357.0,13.80,349.1,21.7,611.6,0.0637,0.53,285.2,195.2,6.8
2025-06-15T06:04:00+00:00,1056.8,79.58,350.9,13.60,368.8,24.3,565.9,0.0553,0.40,285.2,195.2,7.7
2025-06-15T06:05:00+00:00,1029.2,76.26,361.6,13.72,367.6,17.9,507.1,0.0543,0.51,285.2,195.2,6.2
2025-06-15T06:06:00+00:00,1082.3,80.04,355.9,13.73,338.7,18.5,524.8,0.0498,0.45,285.2,195.2,7.4
2025-06-15T06:07:00+00:00,804.2,78.55,364.0,13.68,366.9,22.4,451.0,0.0489,0.51,285.2,195.2,7.2
2025-06-15T06:08:00+00:00,1055.3,77.30,356.4,13.80,357.5,20.5,615.5,0.0535,0.40,285.2,195.2,5.7
2025-06-15T06:09:00+00:00,970.7,77.87,354.0,13.88,339.8,19.9,506.4,0.0529,0.52,285.2,195.2,6.5
2025-06-15T06:10:00+00:00,1090.3,79.44,350.5,13.76,343.6,21.9,565.9,0.0556,0.54,285.2,195.2,5.8
2025-06-15T06:11:00+00:00,1006.6,79.63,368.4,13.68,352.5,23.9,562.4,0.0558,0.53,285.2,195.2,8.3
2025-06-15T06:12:00+00:00,919.8,78.21,363.7,13.78,323.4,23.8,583.7,0.0541,0.47,285.2,195.2,7.6
2025-06-15T06:13:00+00:00,1078.2,80.95,351.0,13.78,343.7,19.5,588.4,0.0505,0.51,285.2,195.2,6.6
2025-06-15T06:14:00+00:00,2247.8,80.58,346.4,13.80,384.8,21.0,597.3,0.0603,0.38,285.2,195.2,7.3
2025-06-15T06:15:00+00:00,1967.3,82.92,353.6,13.99,365.1,17.9,587.8,0.0547,0.47,285.2,195.2,6.4
2025-06-15T06:16:00+00:00,2014.4,80.49,345.3,14.07,385.3,18.5,579.4,0.0565,0.61,285.2,195.2,6.7
2025-06-15T06:17:00+00:00,1988.5,81.24,350.6,13.77,383.6,22.1,642.2,0.0550,0.50,285.2,195.2,5.9
2025-06-15T06:18:00+00:00,2149.1,83.73,350.6,13.80,384.8,20.4,569.0,0.0624,0.49,285.2,195.2,6.5
2025-06-15T06:19:00+00:00,1798.3,81.46,333.3,13.91,382.2,20.5,562.6,0.0540,0.50,285.2,195.2,6.5
2025-06-15T06:20:00+00:00,2116.2,82.48,357.9,14.02,388.5,23.7,598.9,0.0556,0.41,285.2,195.2,4.9
2025-06-15T06:21:00+00:00,1951.6,83.49,351.2,13.73,367.0,19.3,582.0,0.0544,0.44,285.2,195.2,8.3
2025-06-15T06:22:00+00:00,1797.5,81.89,347.8,13.80,379.8,20.4,580.2,0.0550,0.49,285.2,195.2,7.6
2025-06-15T06:23:00+00:00,2049.1,81.66,356.3,13.79,368.3,21.7,600.2,0.0553,0.49,285.2,195.2,7.1
2025-06-15T06:24:00+00:00,2116.6,80.32,352.3,13.87,373.2,19.0,670.9,0.0608,0.48,285.2,195.2,8.1
2025-06-15T06:25:00+00:00,2161.2,84.05,353.5,13.87,386.8,20.8,560.9,0.0563,0.53,285.2,195.2,4.9
2025-06-15T06:26:00+00:00,2155.8,81.56,355.7,13.53,375.3,23.7,563.2,0.0547,0.36,285.2,195.2,6.7
2025-06-15T06:27:00+00:00,2253.9,82.00,339.1,13.86,366.7,20.0,615.9,0.0566,0.52,285.2,195.2,7.6
2025-06-15T06:28:00+00:00,2005.0,82.33,347.2,14.01,399.6,21.6,620.4,0.0548,0.47,285.2,195.2,7.2
2025-06-15T06:29:00+00:00,1997.3,81.97,356.7,13.98,376.0,20.4,600.1,0.0597,0.42,285.2,195.2,6.8
2025-06-15T06:30:00+00:00,1999.2,81.61,358.6,13.95,384.8,21.4,621.5,0.0595,0.43,285.2,195.2,7.6
2025-06-15T06:31:00+00:00,2034.6,83.04,357.0,13.96,399.1,20.5,589.8,0.0564,0.43,285.2,195.2,6.2
2025-06-15T06:32:00+00:00,2097.7,84.52,350.8,13.76,412.9,17.3,588.1,0.0589,0.52,285.2,195.2,7.1
2025-06-15T06:33:00+00:00,1901.2,80.83,371.3,13.62,400.0,19.3,575.5,0.0544,0.46,285.2,195.2,6.3
2025-06-15T06:34:00+00:00,2060.6,82.55,336.7,13.87,400.9,18.9,620.9,0.0596,0.51,285.2,195.2,5.8
2025-06-15T06:35:00+00:00,1916.4,82.41,358.6,13.61,376.2,18.6,563.8,0.0554,0.55,285.2,195.2,6.5
2025-06-15T06:36:00+00:00,1931.3,82.19,344.2,13.92,393.0,20.2,600.1,0.0576,0.55,285.2,195.2,7.2
2025-06-15T06:37:00+00:00,1961.4,80.55,348.3,13.75,371.1,21.8,632.7,0.0546,0.46,285.2,195.2,5.8
2025-06-15T06:38:00+00:00,2092.6,83.86,349.6,13.81,385.4,21.5,635.1,0.0554,0.47,285.2,195.2,5.3
2025-06-15T06:39:00+00:00,1992.7,82.71,347.6,14.04,385.5,20.1,600.4,0.0547,0.45,285.2,195.2,6.0
2025-06-15T06:40:00+00:00,2006.1,81.23,352.4,13.57,375.0,21.5,569.0,0.0550,0.48,285.2,195.2,6.8
2025-06-15T06:41:00+00:00,2149.8,81.91,339.6,13.84,387.3,18.3,611.0,0.0557,0.46,285.2,195.2,5.1
2025-06-15T06:42:00+00:00,1964.9,79.95,333.3,13.59,366.4,21.8,577.0,0.0555,0.54,285.2,195.2,7.4
2025-06-15T06:43:00+00:00,2198.8,82.84,342.2,13.95,381.2,18.8,611.9,0.0554,0.40,285.2,195.2,7.2
2025-06-15T06:44:00+00:00,1881.7,82.62,357.7,14.03,378.1,22.3,593.7,0.0572,0.45,285.2,195.2,5.1
2025-06-15T06:45:00+00:00,2228.0,81.03,344.2,13.86,404.5,21.1,617.7,0.0560,0.45,285.2,195.2,7.1
2025-06-15T06:46:00+00:00,1776.8,81.47,360.4,13.74,371.4,21.6,665.0,0.0538,0.49,285.2,195.2,6.6
2025-06-15T06:47:00+00:00,1817.5,81.79,351.3,13.93,368.5,21.2,619.9,0.0576,0.52,285.2,195.2,4.7
2025-06-15T06:48:00+00:00,2179.1,83.00,363.1,13.97,370.0,23.5,578.8,0.0553,0.42,285.2,195.2,8.2
2025-06-15T06:49:00+00:00,2131.8,80.28,352.2,14.08,390.5,20.4,600.2,0.0606,0.47,285.2,195.2,6.7
2025-06-15T06:50:00+00:00,1909.1,81.14,347.2,13.84,379.3,21.0,566.2,0.0543,0.46,285.2,195.2,7.9
2025-06-15T06:51:00+00:00,2119.6,83.89,348.9,13.99,382.1,21.2,663.3,0.0562,0.52,285.2,195.2,8.8
2025-06-15T06:52:00+00:00,1861.5,81.32,361.2,13.88,375.8,19.3,541.2,0.0545,0.40,285.2,195.2,6.8
2025-06-15T06:53:00+00:00,1807.9,83.74,359.1,13.80,369.4,23.1,612.7,0.0594,0.50,285.2,195.2,6.5
2025-06-15T06:54:00+00:00,2034.6,80.93,339.3,13.92,400.7,21.1,592.8,0.0559,0.40,285.2,195.2,5.7
2025-06-15T06:55:00+00:00,2094.6,85.34,349.5,13.79,370.6,21.1,576.6,0.0564,0.53,285.2,195.2,6.0
2025-06-15T06:56:00+00:00,2038.3,82.36,329.4,13.80,388.5,19.1,608.5,0.0551,0.47,285.2,195.2,8.1
2025-06-15T06:57:00+00:00,1959.8,80.46,359.1,14.00,383.1,19.5,610.5,0.0597,0.44,285.2,195.2,4.6
2025-06-15T06:58:00+00:00,1960.2,83.05,360.0,13.75,370.5,20.2,578.2,0.0545,0.45,285.2,195.2,8.0
2025-06-15T06:59:00+00:00,2060.4,84.93,352.9,13.84,396.9,21.8,617.7,0.0552,0.46,285.2,195.2,7.1
2025-06-15T07:00:00+00:00,2086.2,80.30,357.4,13.76,389.8,20.5,577.9,0.0558,0.52,285.2,195.2,6.1
2025-06-15T07:01:00+00:00,2072.7,83.13,347.8,13.32,374.1,20.0,584.6,0.0555,0.51,285.2,195.2,6.5
2025-06-15T07:02:00+00:00,1766.0,81.99,356.6,13.93,391.3,21.0,574.1,0.0540,0.49,285.2,195.2,6.1
2025-06-15T07:03:00+00:00,1828.7,81.53,353.8,14.01,369.8,22.2,611.5,0.0579,0.49,285.2,195.2,5.3
2025-06-15T07:04:00+00:00,2193.4,82.40,359.1,13.50,402.1,20.7,642.0,0.0564,0.47,285.2,195.2,6.0
2025-06-15T07:05:00+00:00,2125.2,83.36,348.6,13.74,373.5,21.1,626.0,0.0566,0.58,285.2,195.2,9.5
2025-06-15T07:06:00+00:00,1980.4,82.84,352.3,13.85,377.1,19.9,570.8,0.0550,0.49,285.2,195.2,6.8
2025-06-15T07:07:00+00:00,2070.4,81.81,333.2,13.80,384.7,20.7,573.8,0.0593,0.47,285.2,195.2,6.9
2025-06-15T07:08:00+00:00,2018.4,83.46,359.3,13.71,383.5,19.7,638.3,0.0576,0.49,285.2,195.2,6.8
2025-06-15T07:09:00+00:00,1892.7,81.37,339.9,13.77,378.7,21.5,552.9,0.0595,0.46,285.2,195.2,7.5
2025-06-15T07:10:00+00:00,1794.6,81.42,349.7,13.77,371.9,18.3,644.7,0.0583,0.45,285.2,195.2,6.6
2025-06-15T07:11:00+00:00,2196.7,84.76,357.5,13.54,377.4,22.8,567.4,0.0567,0.51,285.2,195.2,8.7
2025-06-15T07:12:00+00:00,2383.7,84.52,337.4,13.77,402.4,20.5,655.8,0.0576,0.47,285.2,195.2,6.3
2025-06-15T07:13:00+00:00,2044.9,81.43,353.2,13.96,386.3,19.6,639.9,0.0565,0.60,285.2,195.2,8.7
2025-06-15T07:14:00+00:00,1986.0,81.80,353.5,13.99,397.3,23.6,671.6,0.0586,0.45,285.2,195.2,7.4
2025-06-15T07:15:00+00:00,2427.9,82.91,334.0,13.97,412.2,21.3,648.0,0.0566,0.38,285.2,195.2,7.9
2025-06-15T07:16:00+00:00,2080.1,81.60,351.7,13.72,382.6,18.6,546.4,0.0547,0.41,285.2,195.2,7.7
2025-06-15T07:17:00+00:00,2410.8,83.67,355.9,13.59,399.9,20.2,639.4,0.0567,0.42,285.2,195.2,7.5
2025-06-15T07:18:00+00:00,1905.2,81.63,339.9,13.87,369.5,19.6,578.8,0.0538,0.40,285.2,195.2,5.6
2025-06-15T07:19:00+00:00,2579.3,82.68,342.7,13.58,395.8,21.4,651.2,0.0641,0.33,285.2,195.2,5.8
2025-06-15T07:20:00+00:00,2119.6,83.01,347.4,14.02,367.8,20.5,634.1,0.0561,0.53,285.2,195.2,6.1
2025-06-15T07:21:00+00:00,1979.5,80.57,340.8,13.44,377.9,20.5,603.4,0.0544,0.43,285.2,195.2,6.8
2025-06-15T07:22:00+00:00,1974.2,83.39,359.3,13.88,377.0,21.1,624.7,0.0548,0.40,285.2,195.2,10.4
2025-06-15T07:23:00+00:00,1944.1,82.37,352.7,13.71,377.2,21.5,610.2,0.0546,0.46,285.2,195.2,5.5
2025-06-15T07:24:00+00:00,1984.7,81.36,367.1,13.66,385.4,18.7,601.8,0.0590,0.50,285.2,195.2,8.0
2025-06-15T07:25:00+00:00,2010.5,81.59,349.9,13.69,375.4,19.9,665.1,0.0549,0.47,285.2,195.2,6.6
2025-06-15T07:26:00+00:00,2072.2,82.01,339.6,13.57,372.0,22.6,646.0,0.0597,0.48,285.2,195.2,7.0
2025-06-15T07:27:00+00:00,2111.7,83.85,340.3,13.85,385.8,21.2,635.0,0.0556,0.47,285.2,195.2,6.3
2025-06-15T07:28:00+00:00,2239.3,86.09,351.3,13.84,390.6,20.4,609.4,0.0560,0.45,285.2,195.2,7.7
2025-06-15T07:29:00+00:00,2132.2,82.10,356.9,13.88,388.2,21.1,625.8,0.0573,0.44,285.2,195.2,6.1
2025-06-15T07:30:00+00:00,2545.8,84.44,350.7,13.79,415.2,19.3,653.6,0.0672,0.46,285.2,195.2,7.3
2025-06-15T07:31:00+00:00,2068.9,84.51,358.8,13.79,377.9,19.2,538.5,0.0611,0.48,285.2,195.2,6.7
2025-06-15T07:32:00+00:00,2087.0,80.73,340.9,13.87,397.0,20.3,619.8,0.0560,0.46,285.2,195.2,6.3
2025-06-15T07:33:00+00:00,1937.6,82.32,340.0,13.75,398.5,18.9,567.7,0.0544,0.45,285.2,195.2,5.5
2025-06-15T07:34:00+00:00,2513.6,83.95,351.8,13.58,384.5,21.5,610.6,0.0581,0.52,285.2,195.2,7.0
2025-06-15T07:35:00+00:00,2284.1,83.90,348.5,13.84,377.7,19.8,599.3,0.0596,0.57,285.2,195.2,5.9
2025-06-15T07:36:00+00:00,1945.6,82.59,338.5,13.59,379.1,19.8,642.7,0.0554,0.48,285.2,195.2,6.3
2025-06-15T07:37:00+00:00,2082.6,82.13,350.8,13.83,380.3,19.1,582.3,0.0608,0.51,285.2,195.2,7.0
2025-06-15T07:38:00+00:00,1906.7,82.04,346.7,13.86,370.3,18.5,597.1,0.0555,0.48,285.2,195.2,6.8
2025-06-15T07:39:00+00:00,1862.2,81.40,348.7,13.89,381.3,21.1,547.8,0.0596,0.47,285.2,195.2,6.7
2025-06-15T07:40:00+00:00,2053.2,84.51,340.6,13.79,382.4,20.3,583.6,0.0574,0.51,285.2,195.2,6.9
2025-06-15T07:41:00+00:00,1992.0,81.79,353.0,13.49,367.2,21.5,661.2,0.0547,0.45,285.2,195.2,6.3
2025-06-15T07:42:00+00:00,1822.4,82.07,351.1,13.70,387.7,19.5,599.4,0.0537,0.45,285.2,195.2,6.5
2025-06-15T07:43:00+00:00,2043.8,82.85,354.6,14.00,359.6,20.8,616.5,0.0556,0.52,285.2,195.2,6.9
2025-06-15T07:44:00+00:00,2179.4,83.64,355.3,13.77,391.5,20.4,606.1,0.0555,0.46,285.2,195.2,6.7
2025-06-15T07:45:00+00:00,2077.4,84.07,344.7,13.75,385.6,18.9,597.8,0.0622,0.45,285.2,195.2,7.1
2025-06-15T07:46:00+00:00,1874.2,78.12,349.9,13.82,361.8,18.7,626.0,0.0635,0.51,285.2,195.2,8.6
2025-06-15T07:47:00+00:00,1940.4,81.47,345.0,13.77,366.3,22.4,592.4,0.0538,0.39,285.2,195.2,6.9
2025-06-15T07:48:00+00:00,1947.0,83.25,354.4,14.04,374.5,21.4,669.8,0.0640,0.49,285.2,195.2,7.1
2025-06-15T07:49:00+00:00,2265.5,84.40,360.0,13.67,364.6,18.7,599.7,0.0561,0.45,285.2,195.2,7.8
2025-06-15T07:50:00+00:00,1957.7,81.85,339.8,14.05,370.5,20.3,608.1,0.0562,0.51,285.2,195.2,8.6
2025-06-15T07:51:00+00:00,2039.9,81.15,355.9,13.88,381.7,20.6,600.5,0.0579,0.56,285.2,195.2,6.6
2025-06-15T07:52:00+00:00,2033.3,80.03,350.2,13.90,385.8,21.9,631.4,0.0574,0.40,285.2,195.2,6.4
2025-06-15T07:53:00+00:00,2188.1,82.62,332.4,13.79,389.9,21.0,575.2,0.0604,0.46,285.2,195.2,7.3
2025-06-15T07:54:00+00:00,2039.7,83.40,342.7,13.93,390.9,21.3,601.8,0.0545,0.40,285.2,195.2,6.2
2025-06-15T07:55:00+00:00,1872.4,81.84,351.1,13.79,363.7,17.8,596.0,0.0568,0.51,285.2,195.2,7.7
2025-06-15T07:56:00+00:00,2061.8,80.83,347.1,13.89,386.5,23.4,622.7,0.0558,0.54,285.2,195.2,7.0
2025-06-15T07:57:00+00:00,2180.5,83.21,343.1,13.69,396.4,20.0,585.4,0.0601,0.41,285.2,195.2,7.2
2025-06-15T07:58:00+00:00,2032.4,84.40,347.3,13.74,377.0,21.7,617.5,0.0542,0.38,285.2,195.2,5.9
2025-06-15T07:59:00+00:00,2091.1,81.26,323.4,13.71,378.6,19.8,575.6,0.0570,0.47,285.2,195.2,7.6
2025-06-15T08:00:00+00:00,2140.6,82.97,343.9,13.76,407.1,22.2,595.7,0.0606,0.45,285.2,195.2,5.7
2025-06-15T08:01:00+00:00,2060.8,83.76,337.8,13.68,381.3,21.3,634.4,0.0559,0.40,285.2,195.2,6.9
2025-06-15T08:02:00+00:00,2229.6,82.72,340.7,13.90,379.7,19.5,640.9,0.0590,0.39,285.2,195.2,5.0
2025-06-15T08:03:00+00:00,2109.9,82.57,350.6,13.74,392.5,21.5,649.2,0.0555,0.46,285.2,195.2,8.6
2025-06-15T08:04:00+00:00,2023.1,82.25,345.4,14.04,377.9,22.6,595.1,0.0655,0.49,285.2,195.2,7.5
2025-06-15T08:05:00+00:00,1932.6,82.39,348.3,13.72,379.4,19.1,666.1,0.0544,0.46,285.2,195.2,8.4
2025-06-15T08:06:00+00:00,2086.3,82.53,365.2,13.92,393.4,20.1,570.9,0.0615,0.43,285.2,195.2,7.1
2025-06-15T08:07:00+00:00,2089.7,82.48,348.9,14.06,394.4,18.8,633.5,0.0557,0.51,285.2,195.2,6.2
2025-06-15T08:08:00+00:00,2092.7,81.01,348.1,13.75,386.2,21.3,622.6,0.0552,0.45,285.2,195.2,6.5
2025-06-15T08:09:00+00:00,1984.9,84.53,366.6,13.61,373.7,20.7,665.6,0.0547,0.45,285.2,195.2,8.0
2025-06-15T08:10:00+00:00,2051.3,83.02,344.2,13.88,364.8,21.5,611.0,0.0555,0.51,285.2,195.2,6.1
2025-06-15T08:11:00+00:00,2048.7,81.70,351.0,13.65,389.9,19.5,625.9,0.0583,0.48,285.2,195.2,6.9
2025-06-15T08:12:00+00:00,1875.1,80.61,353.6,13.73,376.1,19.7,638.5,0.0547,0.51,285.2,195.2,6.9
2025-06-15T08:13:00+00:00,2092.6,82.09,345.4,13.87,385.6,20.5,633.7,0.0627,0.44,285.2,195.2,6.9
2025-06-15T08:14:00+00:00,2262.3,80.89,337.3,13.86,396.1,21.4,613.7,0.0559,0.43,285.2,195.2,7.1
2025-06-15T08:15:00+00:00,2064.3,80.83,356.5,13.66,362.4,20.9,601.1,0.0558,0.52,285.2,195.2,7.4
2025-06-15T08:16:00+00:00,2200.5,82.77,338.8,13.69,388.0,20.5,645.7,0.0559,0.46,285.2,195.2,6.5
2025-06-15T08:17:00+00:00,2128.2,81.09,351.2,13.62,392.1,19.5,630.1,0.0576,0.51,285.2,195.2,6.2
2025-06-15T08:18:00+00:00,2096.9,82.92,345.7,13.91,387.9,23.3,598.4,0.0564,0.50,285.2,195.2,6.9
2025-06-15T08:19:00+00:00,1986.3,82.97,360.5,13.91,353.3,21.4,550.9,0.0569,0.46,285.2,195.2,8.1
2025-06-15T08:20:00+00:00,2010.8,81.01,347.9,14.04,373.3,19.3,621.3,0.0552,0.50,285.2,195.2,8.0
2025-06-15T08:21:00+00:00,2091.7,82.87,353.9,13.79,376.0,21.2,572.0,0.0558,0.47,285.2,195.2,6.1
2025-06-15T08:22:00+00:00,2108.4,81.33,346.6,13.85,390.4,19.6,656.6,0.0561,0.53,285.2,195.2,7.4
2025-06-15T08:23:00+00:00,2055.0,82.54,358.0,13.46,373.1,20.6,608.0,0.0554,0.49,285.2,195.2,7.5
2025-06-15T08:24:00+00:00,2095.2,82.86,350.0,13.62,367.9,21.3,601.2,0.0563,0.50,285.2,195.2,6.0
2025-06-15T08:25:00+00:00,2021.9,82.87,354.7,13.84,395.7,21.2,582.1,0.0597,0.48,285.2,195.2,6.9
2025-06-15T08:26:00+00:00,1731.5,79.45,339.8,13.58,385.6,21.4,614.6,0.0536,0.48,285.2,195.2,7.7
2025-06-15T08:27:00+00:00,1953.2,82.20,353.7,13.89,396.7,21.1,677.4,0.0548,0.47,285.2,195.2,8.4
2025-06-15T08:28:00+00:00,1993.7,83.16,358.7,13.67,386.2,20.1,593.4,0.0619,0.49,285.2,195.2,7.3
2025-06-15T08:29:00+00:00,2079.6,83.25,331.7,13.60,392.7,19.6,603.3,0.0560,0.55,285.2,195.2,7.0
2025-06-15T08:30:00+00:00,1908.9,80.46,348.2,14.07,393.6,22.6,596.4,0.0551,0.54,285.2,195.2,9.1
2025-06-15T08:31:00+00:00,1888.7,82.83,346.7,13.84,366.2,20.4,581.2,0.0546,0.51,285.2,195.2,7.4
2025-06-15T08:32:00+00:00,1952.8,82.48,344.5,13.88,368.9,19.7,638.5,0.0547,0.48,285.2,195.2,6.7
2025-06-15T08:33:00+00:00,1744.1,80.08,348.4,13.89,386.3,21.6,610.4,0.0533,0.45,285.2,195.2,7.7
2025-06-15T08:34:00+00:00,1963.8,81.90,351.1,13.92,388.9,19.4,613.1,0.0558,0.59,285.2,195.2,7.2
2025-06-15T08:35:00+00:00,2053.2,80.56,351.0,13.89,383.6,21.2,634.4,0.0560,0.54,285.2,195.2,6.7
2025-06-15T08:36:00+00:00,2117.7,82.57,351.2,13.70,378.4,20.3,575.1,0.0620,0.52,285.2,195.2,8.5
2025-06-15T08:37:00+00:00,2088.2,81.70,350.8,13.79,396.4,21.7,634.1,0.0720,0.55,285.2,195.2,6.6
2025-06-15T08:38:00+00:00,2131.9,83.58,352.0,13.64,399.8,19.7,633.1,0.0622,0.53,285.2,195.2,6.9
2025-06-15T08:39:00+00:00,1039.4,78.98,366.7,13.81,360.7,23.9,477.8,0.0496,0.46,285.2,195.2,7.9
2025-06-15T08:40:00+00:00,1020.8,79.77,344.7,13.72,352.3,17.5,531.9,0.0541,0.38,285.2,195.2,6.7
2025-06-15T08:41:00+00:00,1083.0,81.15,346.6,13.66,351.5,24.1,577.2,0.0508,0.55,285.2,195.2,6.6
2025-06-15T08:42:00+00:00,1027.9,82.11,363.1,13.99,367.0,21.1,575.4,0.0555,0.45,285.2,195.2,4.8
2025-06-15T08:43:00+00:00,1033.2,79.89,351.6,13.79,344.3,20.5,574.9,0.0518,0.52,285.2,195.2,6.7
2025-06-15T08:44:00+00:00,1011.2,80.30,342.7,14.12,345.5,18.5,516.4,0.0600,0.56,285.2,195.2,6.7
2025-06-15T08:45:00+00:00,877.0,77.48,346.6,13.76,352.8,22.1,571.8,0.0509,0.44,285.2,195.2,6.9
2025-06-15T08:46:00+00:00,971.0,80.22,365.6,13.48,365.1,21.6,570.6,0.0504,0.45,285.2,195.2,6.2
2025-06-15T08:47:00+00:00,933.4,81.35,361.1,13.82,356.4,20.1,550.9,0.0494,0.48,285.2,195.2,5.8
2025-06-15T08:48:00+00:00,807.7,75.18,359.2,13.77,338.1,18.7,514.4,0.0487,0.48,285.2,195.2,7.3
2025-06-15T08:49:00+00:00,1049.8,79.15,364.9,13.74,349.3,21.4,549.3,0.0497,0.47,285.2,195.2,6.5
2025-06-15T08:50:00+00:00,899.8,80.78,365.3,13.71,358.7,20.6,569.0,0.0521,0.56,285.2,195.2,8.1
2025-06-15T08:51:00+00:00,953.4,77.06,354.1,13.55,349.5,20.2,515.1,0.0561,0.60,285.2,195.2,5.8
2025-06-15T14:00:00+00:00,1058.3,79.90,361.1,13.78,351.7,21.7,523.2,0.0546,0.47,285.2,195.2,6.1
2025-06-15T14:01:00+00:00,963.3,79.73,362.8,14.05,352.5,21.0,571.0,0.0500,0.53,285.2,195.2,7.9
2025-06-15T14:02:00+00:00,1009.5,78.54,366.3,13.99,355.6,21.6,524.1,0.0529,0.43,285.2,195.2,6.4
2025-06-15T14:03:00+00:00,1103.6,80.99,349.5,13.66,347.8,20.9,523.8,0.0549,0.49,285.2,195.2,7.5
2025-06-15T14:04:00+00:00,952.5,79.10,352.3,13.84,356.7,19.8,567.9,0.0499,0.52,285.2,195.2,7.0
2025-06-15T14:05:00+00:00,1076.6,79.55,346.9,13.96,333.2,21.2,594.2,0.0507,0.54,285.2,195.2,8.0
2025-06-15T14:06:00+00:00,986.1,80.69,345.3,14.02,346.0,17.5,552.8,0.0494,0.47,285.2,195.2,7.1
2025-06-15T14:07:00+00:00,885.9,76.73,349.0,13.45,356.0,19.5,502.0,0.0490,0.46,285.2,195.2,8.0
2025-06-15T14:08:00+00:00,971.9,76.61,369.6,13.50,348.5,19.8,590.8,0.0491,0.43,285.2,195.2,7.1
2025-06-15T14:09:00+00:00,953.2,80.49,358.6,13.65,340.5,21.4,587.7,0.0498,0.52,285.2,195.2,6.3
2025-06-15T14:10:00+00:00,879.7,78.57,355.9,13.98,341.8,17.8,535.4,0.0569,0.43,285.2,195.2,5.1
2025-06-15T14:11:00+00:00,1906.7,80.38,354.1,13.91,372.9,20.0,595.0,0.0541,0.45,285.2,195.2,8.0
2025-06-15T14:12:00+00:00,1923.2,80.75,338.4,13.97,372.6,20.9,602.1,0.0546,0.48,285.2,195.2,7.7
2025-06-15T14:13:00+00:00,2145.6,81.63,347.6,13.51,378.8,20.1,630.4,0.0590,0.51,285.2,195.2,6.7
2025-06-15T14:14:00+00:00,1974.3,82.19,347.1,13.80,382.4,18.3,620.1,0.0573,0.44,285.2,195.2,7.2
2025-06-15T14:15:00+00:00,2143.0,82.59,345.7,13.91,384.4,19.3,618.7,0.0603,0.41,285.2,195.2,7.4
2025-06-15T14:16:00+00:00,1975.0,80.50,367.2,13.91,390.6,21.5,599.5,0.0551,0.46,285.2,195.2,7.1
2025-06-15T14:17:00+00:00,2049.7,82.42,352.2,13.57,388.3,21.7,596.2,0.0552,0.48,285.2,195.2,7.5
2025-06-15T14:18:00+00:00,2109.2,85.08,358.9,13.80,406.7,22.1,651.0,0.0635,0.53,285.2,195.2,5.9
2025-06-15T14:19:00+00:00,2109.7,85.89,354.1,13.76,373.9,17.1,690.6,0.0549,0.41,285.2,195.2,7.8
2025-06-15T14:20:00+00:00,1857.9,82.45,363.4,14.01,366.6,21.5,601.3,0.0541,0.45,285.2,195.2,7.5
2025-06-15T14:21:00+00:00,2121.5,84.51,350.0,14.13,380.9,21.2,598.2,0.0561,0.53,285.2,195.2,8.0
2025-06-15T14:22:00+00:00,2076.5,82.54,343.1,13.78,381.4,19.8,561.6,0.0557,0.51,285.2,195.2,6.5
2025-06-15T14:23:00+00:00,1652.2,82.81,350.2,13.77,363.4,20.6,605.6,0.0523,0.39,285.2,195.2,8.0
2025-06-15T14:24:00+00:00,2065.1,83.96,355.3,13.82,393.1,19.7,619.7,0.0547,0.42,285.2,195.2,8.1
2025-06-15T14:25:00+00:00,2251.6,82.56,356.0,13.85,402.4,21.7,597.4,0.0555,0.40,285.2,195.2,5.5
2025-06-15T14:26:00+00:00,2062.2,83.31,350.7,13.70,363.7,20.5,606.4,0.0553,0.46,285.2,195.2,7.1
2025-06-15T14:27:00+00:00,1882.7,82.32,356.0,14.00,392.6,21.1,647.6,0.0554,0.54,285.2,195.2,7.2
2025-06-15T14:28:00+00:00,2053.7,83.82,335.1,13.47,381.2,21.3,635.4,0.0627,0.44,285.2,195.2,6.9
2025-06-15T14:29:00+00:00,2060.1,81.60,358.9,13.82,400.0,21.0,572.3,0.0556,0.51,285.2,195.2,5.9
2025-06-15T14:30:00+00:00,1974.6,83.77,342.8,13.86,375.0,20.9,581.7,0.0542,0.41,285.2,195.2,7.2
2025-06-15T14:31:00+00:00,2035.7,83.48,342.3,13.67,382.3,22.6,574.9,0.0636,0.48,285.2,195.2,6.5
2025-06-15T14:32:00+00:00,1794.9,82.76,356.3,13.84,385.1,20.1,588.2,0.0524,0.32,285.2,195.2,6.0
2025-06-15T14:33:00+00:00,1994.5,79.21,358.7,13.73,361.5,21.7,578.4,0.0555,0.53,285.2,195.2,7.0
2025-06-15T14:34:00+00:00,2041.0,81.77,342.1,13.75,386.3,21.1,648.2,0.0555,0.48,285.2,195.2,8.9
2025-06-15T14:35:00+00:00,2217.4,82.65,349.7,13.83,399.7,23.0,639.1,0.0559,0.45,285.2,195.2,7.3
2025-06-15T14:36:00+00:00,2209.1,80.58,341.7,13.99,399.3,18.6,601.6,0.0563,0.49,285.2,195.2,6.4
2025-06-15T14:37:00+00:00,1936.6,82.54,349.5,13.79,401.6,19.7,595.9,0.0604,0.54,285.2,195.2,7.8
2025-06-15T14:38:00+00:00,2087.7,84.98,342.5,13.84,392.1,19.3,638.3,0.0556,0.50,285.2,195.2,7.0
2025-06-15T14:39:00+00:00,1960.4,81.94,351.6,13.77,368.7,21.6,600.8,0.0555,0.50,285.2,195.2,6.6
2025-06-15T14:40:00+00:00,1846.4,81.12,362.3,13.96,381.0,21.8,632.9,0.0598,0.52,285.2,195.2,5.1
2025-06-15T14:41:00+00:00,2065.5,84.46,355.2,13.62,393.3,19.4,622.2,0.0544,0.39,285.2,195.2,6.1
2025-06-15T14:42:00+00:00,1995.0,83.77,353.3,13.96,397.7,20.8,590.4,0.0683,0.47,285.2,195.2,7.0
2025-06-15T14:43:00+00:00,2118.8,80.78,364.9,13.78,405.9,21.4,605.0,0.0695,0.51,285.2,195.2,6.9
2025-06-15T14:44:00+00:00,1922.6,83.66,348.3,13.70,381.9,21.1,619.9,0.0549,0.47,285.2,195.2,6.5
2025-06-15T14:45:00+00:00,1977.2,81.64,346.7,13.80,379.1,20.5,599.5,0.0620,0.51,285.2,195.2,6.4
2025-06-15T14:46:00+00:00,1921.8,82.64,338.2,13.54,393.5,20.5,666.1,0.0583,0.54,285.2,195.2,6.1
2025-06-15T14:47:00+00:00,2057.5,84.65,346.2,13.86,385.2,18.9,594.4,0.0560,0.53,285.2,195.2,6.6
2025-06-15T14:48:00+00:00,2082.2,82.18,358.5,13.83,365.9,20.8,557.6,0.0560,0.41,285.2,195.2,6.5
2025-06-15T14:49:00+00:00,1910.5,81.19,335.5,13.71,383.0,22.0,606.2,0.0544,0.42,285.2,195.2,5.9
2025-06-15T14:50:00+00:00,1982.2,81.86,353.8,13.81,380.8,21.7,523.7,0.0566,0.46,285.2,195.2,6.7
2025-06-15T14:51:00+00:00,1966.1,79.44,343.7,13.89,371.4,23.4,605.7,0.0557,0.38,285.2,195.2,6.4
2025-06-15T14:52:00+00:00,2170.7,81.43,353.2,14.07,398.8,23.3,596.4,0.0571,0.47,285.2,195.2,6.4
2025-06-15T14:53:00+00:00,2048.5,83.32,340.9,13.88,377.6,19.0,576.4,0.0614,0.37,285.2,195.2,7.4
2025-06-15T14:54:00+00:00,1910.3,82.93,351.3,13.96,377.8,21.9,616.7,0.0598,0.50,285.2,195.2,7.9
2025-06-15T14:55:00+00:00,2423.6,82.65,369.5,13.96,386.8,23.4,625.5,0.0581,0.47,285.2,195.2,5.1
2025-06-15T14:56:00+00:00,2124.4,79.88,343.2,14.18,373.9,22.5,577.7,0.0556,0.48,285.2,195.2,6.0
2025-06-15T14:57:00+00:00,2152.1,85.90,328.9,13.67,381.2,20.9,597.9,0.0559,0.49,285.2,195.2,7.0
2025-06-15T14:58:00+00:00,2181.2,82.65,329.4,13.85,395.2,22.4,609.1,0.0559,0.48,285.2,195.2,8.1
2025-06-15T14:59:00+00:00,1748.7,82.16,344.3,13.66,369.1,22.6,543.9,0.0548,0.46,285.2,195.2,5.6
2025-06-15T15:00:00+00:00,1907.7,83.06,352.1,13.85,355.7,21.9,571.7,0.0542,0.45,285.2,195.2,8.6
2025-06-15T15:01:00+00:00,2153.5,80.01,328.3,13.82,358.1,22.9,632.8,0.0590,0.50,285.2,195.2,5.7
2025-06-15T15:02:00+00:00,2454.2,84.39,352.7,13.85,376.2,19.8,618.3,0.0580,0.53,285.2,195.2,6.5
2025-06-15T15:03:00+00:00,2156.0,84.68,343.5,13.87,388.5,23.8,601.1,0.0547,0.38,285.2,195.2,6.9
2025-06-15T15:04:00+00:00,2424.0,82.40,350.9,13.73,423.1,20.4,640.0,0.0624,0.50,285.2,195.2,7.5
2025-06-15T15:05:00+00:00,1936.7,81.13,349.0,13.63,365.3,22.6,597.0,0.0544,0.45,285.2,195.2,5.5
2025-06-15T15:06:00+00:00,2167.4,82.77,348.1,13.49,384.8,20.8,582.7,0.0602,0.51,285.2,195.2,5.6
2025-06-15T15:07:00+00:00,1981.0,82.93,345.9,13.86,381.7,20.4,569.6,0.0674,0.57,285.2,195.2,8.1
2025-06-15T15:08:00+00:00,2437.5,84.29,343.3,13.85,381.3,22.3,600.4,0.0595,0.51,285.2,195.2,5.7
2025-06-15T15:09:00+00:00,2510.5,82.19,362.4,13.74,394.3,21.0,623.6,0.0574,0.44,285.2,195.2,7.6
2025-06-15T15:10:00+00:00,1987.2,83.17,349.9,13.87,381.1,21.2,607.3,0.0552,0.50,285.2,195.2,8.3
2025-06-15T15:11:00+00:00,2474.9,83.94,350.7,13.70,398.0,20.5,591.7,0.0633,0.46,285.2,195.2,5.9
2025-06-15T15:12:00+00:00,2131.1,81.44,357.2,13.79,392.7,22.5,627.9,0.0592,0.50,285.2,195.2,6.4
2025-06-15T15:13:00+00:00,2209.1,80.85,356.1,13.69,387.1,22.3,534.7,0.0561,0.47,285.2,195.2,6.6
2025-06-15T15:14:00+00:00,2018.1,84.47,344.0,13.75,379.8,21.6,556.2,0.0549,0.46,285.2,195.2,6.2
2025-06-15T15:15:00+00:00,1950.6,82.17,339.2,13.60,363.7,18.9,583.8,0.0549,0.49,285.2,195.2,7.5
2025-06-15T15:16:00+00:00,2109.6,84.55,371.4,13.52,385.3,21.1,635.2,0.0561,0.52,285.2,195.2,7.0
2025-06-15T15:17:00+00:00,2082.2,81.76,351.6,13.73,382.7,22.2,586.1,0.0623,0.54,285.2,195.2,5.7
2025-06-15T15:18:00+00:00,2428.6,84.20,340.7,13.76,398.3,19.4,591.1,0.0570,0.46,285.2,195.2,6.3
2025-06-15T15:19:00+00:00,2126.5,79.81,352.6,13.90,387.3,20.3,682.4,0.0654,0.42,285.2,195.2,8.2
2025-06-15T15:20:00+00:00,2030.5,83.83,354.9,13.88,362.4,20.6,580.3,0.0546,0.43,285.2,195.2,8.7
2025-06-15T15:21:00+00:00,2101.6,82.94,348.3,13.52,376.7,21.7,655.7,0.0549,0.42,285.2,195.2,7.3
2025-06-15T15:22:00+00:00,2113.5,81.88,341.8,13.81,390.8,17.2,571.2,0.0565,0.52,285.2,195.2,8.6
2025-06-15T15:23:00+00:00,2217.1,79.60,350.8,13.75,404.9,19.4,662.9,0.0556,0.43,285.2,195.2,8.0
2025-06-15T15:24:00+00:00,2065.6,83.19,339.9,13.62,387.3,21.0,631.3,0.0550,0.43,285.2,195.2,6.8
2025-06-15T15:25:00+00:00,1987.9,79.19,352.5,13.82,368.6,20.6,593.7,0.0602,0.47,285.2,195.2,7.9
2025-06-15T15:26:00+00:00,1924.6,81.76,342.0,13.86,360.8,20.0,559.3,0.0549,0.46,285.2,195.2,6.7
2025-06-15T15:27:00+00:00,1978.5,80.81,362.6,13.72,369.9,19.3,588.9,0.0547,0.47,285.2,195.2,9.9
2025-06-15T15:28:00+00:00,1960.8,81.95,342.2,13.75,361.1,23.4,560.8,0.0549,0.49,285.2,195.2,6.5
2025-06-15T15:29:00+00:00,2128.9,81.84,348.8,13.73,378.1,19.1,591.0,0.0553,0.44,285.2,195.2,7.9
2025-06-15T15:30:00+00:00,2045.2,84.55,349.8,13.76,362.6,19.1,654.3,0.0561,0.56,285.2,195.2,5.6
2025-06-15T15:31:00+00:00,2012.0,81.51,333.1,13.53,388.4,19.8,582.7,0.0562,0.44,285.2,195.2,8.1
2025-06-15T15:32:00+00:00,2020.9,81.87,341.2,13.65,388.6,20.6,569.1,0.0548,0.44,285.2,195.2,6.0
2025-06-15T15:33:00+00:00,2203.8,81.54,355.5,13.69,387.1,20.1,648.0,0.0631,0.45,285.2,195.2,7.9
2025-06-15T15:34:00+00:00,2014.7,81.58,360.2,13.72,384.8,19.2,613.0,0.0545,0.42,285.2,195.2,8.5
2025-06-15T15:35:00+00:00,1982.6,82.93,358.3,13.91,377.6,19.9,569.3,0.0557,0.48,285.2,195.2,6.7
2025-06-15T15:36:00+00:00,2182.1,84.63,346.7,13.63,379.2,22.8,545.4,0.0558,0.46,285.2,195.2,7.3
2025-06-15T15:37:00+00:00,1812.8,82.75,354.2,13.94,373.4,20.9,665.1,0.0575,0.43,285.2,195.2,6.1
2025-06-15T15:38:00+00:00,2030.2,83.95,347.5,13.72,388.0,19.1,596.8,0.0623,0.52,285.2,195.2,7.1
2025-06-15T15:39:00+00:00,1955.9,82.43,355.3,13.66,380.9,23.1,618.1,0.0590,0.55,285.2,195.2,5.0
2025-06-15T15:40:00+00:00,1867.3,82.56,337.6,13.64,378.6,19.6,596.8,0.0567,0.54,285.2,195.2,5.7
2025-06-15T15:41:00+00:00,1958.9,82.39,357.6,13.80,387.9,22.6,589.2,0.0591,0.47,285.2,195.2,6.5
2025-06-15T15:42:00+00:00,2095.2,80.40,349.2,13.73,365.2,22.0,613.0,0.0555,0.49,285.2,195.2,8.2
2025-06-15T15:43:00+00:00,2073.1,82.86,336.2,13.99,388.7,20.1,649.4,0.0622,0.59,285.2,195.2,7.6
2025-06-15T15:44:00+00:00,2071.4,83.08,343.0,13.73,404.2,21.3,641.9,0.0564,0.57,285.2,195.2,9.0
2025-06-15T15:45:00+00:00,1825.5,81.20,359.3,13.63,371.8,21.6,627.8,0.0543,0.49,285.2,195.2,5.2
2025-06-15T15:46:00+00:00,1955.9,82.52,346.0,13.86,362.9,20.6,559.7,0.0623,0.40,285.2,195.2,6.7
2025-06-15T15:47:00+00:00,1907.2,82.18,366.4,13.73,393.3,20.6,675.3,0.0544,0.47,285.2,195.2,6.9
2025-06-15T15:48:00+00:00,2342.2,87.58,344.7,13.54,401.5,23.0,595.3,0.0564,0.45,285.2,195.2,7.1
2025-06-15T15:49:00+00:00,1857.9,82.12,348.2,13.89,386.8,19.7,617.2,0.0529,0.35,285.2,195.2,5.4
2025-06-15T15:50:00+00:00,1941.1,80.02,359.0,13.78,383.1,20.3,600.9,0.0550,0.51,285.2,195.2,8.0
2025-06-15T15:51:00+00:00,1942.8,83.10,350.2,13.71,380.3,22.7,608.8,0.0562,0.46,285.2,195.2,6.1
2025-06-15T15:52:00+00:00,2058.3,80.14,344.9,13.92,367.1,20.3,589.0,0.0553,0.47,285.2,195.2,7.7
2025-06-15T15:53:00+00:00,1853.6,82.62,360.2,13.83,396.5,21.5,592.1,0.0540,0.46,285.2,195.2,5.5
2025-06-15T15:54:00+00:00,2185.1,82.55,341.8,13.66,380.2,22.3,614.3,0.0621,0.46,285.2,195.2,7.4
2025-06-15T15:55:00+00:00,1765.4,81.48,352.8,13.87,388.6,19.8,579.3,0.0529,0.39,285.2,195.2,7.3
2025-06-15T15:56:00+00:00,2025.5,84.19,356.5,13.71,385.0,22.0,613.4,0.0580,0.44,285.2,195.2,7.1
2025-06-15T15:57:00+00:00,1862.4,81.05,353.3,13.64,364.8,21.9,587.4,0.0545,0.51,285.2,195.2,5.2
2025-06-15T15:58:00+00:00,1883.8,81.66,350.8,13.93,380.1,18.3,576.5,0.0569,0.49,285.2,195.2,7.0
2025-06-15T15:59:00+00:00,2062.1,80.14,343.9,13.68,374.9,18.7,612.5,0.0635,0.45,285.2,195.2,6.3
2025-06-15T16:00:00+00:00,2189.2,81.27,339.3,13.75,379.1,20.5,597.4,0.0571,0.35,285.2,195.2,8.1
2025-06-15T16:01:00+00:00,939.4,77.69,356.4,13.66,364.7,20.9,560.7,0.0493,0.46,285.2,195.2,9.3
2025-06-15T16:02:00+00:00,918.9,82.10,353.1,13.92,321.5,19.4,593.5,0.0568,0.48,285.2,195.2,6.7
2025-06-15T16:03:00+00:00,921.1,75.93,357.0,14.07,358.6,23.2,564.0,0.0498,0.45,285.2,195.2,6.9
2025-06-15T16:04:00+00:00,908.3,80.30,372.5,13.82,344.4,20.7,490.0,0.0483,0.39,285.2,195.2,7.7
2025-06-15T16:05:00+00:00,1058.3,78.79,345.9,13.51,352.5,20.6,530.5,0.0584,0.41,285.2,195.2,7.1
2025-06-15T16:06:00+00:00,903.9,80.00,360.3,13.81,334.8,21.4,603.7,0.0522,0.52,285.2,195.2,6.8
2025-06-15T16:07:00+00:00,908.0,79.75,349.7,14.08,366.6,19.8,570.1,0.0491,0.47,285.2,195.2,6.7
2025-06-15T16:08:00+00:00,986.4,77.97,351.1,14.06,363.7,23.2,551.4,0.0609,0.52,285.2,195.2,6.5
2025-06-15T16:09:00+00:00,941.8,75.89,346.3,13.92,347.3,21.2,583.2,0.0493,0.48,285.2,195.2,6.5
2025-06-15T16:10:00+00:00,956.7,79.61,350.6,13.77,362.7,18.9,525.1,0.0492,0.48,285.2,195.2,6.9
2025-06-16T06:00:00+00:00,821.8,76.87,364.8,13.75,351.1,22.4,513.9,0.0543,1.04,280.4,235.4,15.1
2025-06-16T06:01:00+00:00,903.6,75.63,365.1,13.74,337.6,22.4,584.3,0.0544,1.00,280.4,235.4,11.7
2025-06-16T06:02:00+00:00,922.8,78.36,359.8,13.72,362.3,20.8,600.0,0.0550,1.06,280.4,235.4,11.3
2025-06-16T06:03:00+00:00,873.3,80.51,356.7,13.74,347.4,20.8,586.9,0.0552,1.09,280.4,235.4,14.6
2025-06-16T06:04:00+00:00,1017.6,79.96,343.5,13.55,338.4,22.5,558.6,0.0630,1.13,280.4,235.4,13.3
2025-06-16T06:05:00+00:00,1061.9,78.12,362.9,13.89,371.2,19.5,489.8,0.0556,1.03,280.4,235.4,14.4
2025-06-16T06:06:00+00:00,1123.7,79.37,347.1,13.77,363.7,22.1,576.1,0.0562,1.07,280.4,235.4,14.0
2025-06-16T06:07:00+00:00,920.6,78.73,353.6,13.89,351.7,20.6,607.8,0.0559,1.14,280.4,235.4,13.8
2025-06-16T06:08:00+00:00,1055.3,79.09,352.6,13.79,362.9,23.0,579.6,0.0649,1.10,280.4,235.4,14.8
2025-06-16T06:09:00+00:00,939.1,76.32,352.7,13.94,360.9,21.1,565.1,0.0547,1.01,280.4,235.4,14.0
2025-06-16T06:10:00+00:00,2095.9,81.06,358.4,13.86,385.0,20.3,659.3,0.0639,0.98,280.4,235.4,15.0
2025-06-16T06:11:00+00:00,1931.9,82.06,356.2,13.68,374.6,20.3,607.6,0.0636,1.02,280.4,235.4,12.6
2025-06-16T06:12:00+00:00,2036.0,81.11,340.1,13.61,408.3,21.9,554.8,0.0610,1.07,280.4,235.4,14.3
2025-06-16T06:13:00+00:00,1970.6,80.56,352.1,13.91,387.0,20.0,586.9,0.0607,1.06,280.4,235.4,14.2
2025-06-16T06:14:00+00:00,1966.1,82.59,332.4,13.70,386.9,20.3,582.3,0.0634,1.06,280.4,235.4,12.1
2025-06-16T06:15:00+00:00,1897.8,78.75,343.9,14.13,356.9,21.0,625.6,0.0599,1.03,280.4,235.4,13.4
2025-06-16T06:16:00+00:00,1925.0,82.15,347.7,13.90,392.4,18.4,599.2,0.0629,1.01,280.4,235.4,12.7
2025-06-16T06:17:00+00:00,2145.7,83.41,359.5,13.57,392.2,22.0,651.9,0.0617,1.08,280.4,235.4,13.4
2025-06-16T06:18:00+00:00,1953.8,81.27,342.5,13.73,395.3,18.7,594.1,0.0599,0.99,280.4,235.4,11.3
2025-06-16T06:19:00+00:00,2197.1,81.51,348.8,13.73,389.8,20.5,620.7,0.0682,1.05,280.4,235.4,14.7
2025-06-16T06:20:00+00:00,1935.9,84.17,353.5,13.79,363.5,23.0,587.3,0.0597,0.97,280.4,235.4,12.4
2025-06-16T06:21:00+00:00,2117.5,81.29,345.2,13.90,359.3,20.2,631.6,0.0615,1.07,280.4,235.4,13.3
2025-06-16T06:22:00+00:00,2067.6,82.74,356.9,13.91,373.5,19.3,625.2,0.0614,1.08,280.4,235.4,11.1
2025-06-16T06:23:00+00:00,1987.7,81.09,353.8,13.81,371.4,19.0,543.7,0.0656,1.01,280.4,235.4,14.3
2025-06-16T06:24:00+00:00,1986.4,81.65,342.8,13.66,389.6,21.5,587.8,0.0613,1.08,280.4,235.4,11.9
2025-06-16T06:25:00+00:00,2071.1,82.98,355.6,13.68,353.0,21.1,599.8,0.0615,1.04,280.4,235.4,13.3
2025-06-16T06:26:00+00:00,1977.3,79.58,352.3,13.77,390.5,21.4,592.8,0.0626,1.09,280.4,235.4,12.9
2025-06-16T06:27:00+00:00,1975.0,82.66,363.2,13.78,375.7,20.6,627.5,0.0603,0.92,280.4,235.4,11.6
2025-06-16T06:28:00+00:00,1995.6,81.59,343.4,13.78,379.7,20.6,580.1,0.0614,1.12,280.4,235.4,11.9
2025-06-16T06:29:00+00:00,2060.6,82.03,347.6,13.78,403.9,23.1,631.3,0.0603,1.00,280.4,235.4,12.9
2025-06-16T06:30:00+00:00,2060.4,81.39,351.7,13.86,371.7,21.7,590.1,0.0616,1.11,280.4,235.4,12.5
2025-06-16T06:31:00+00:00,1901.7,80.33,339.1,13.51,376.6,20.6,602.4,0.0598,1.02,280.4,235.4,13.1
2025-06-16T06:32:00+00:00,1882.9,77.19,357.6,13.91,370.6,22.1,617.1,0.0602,1.07,280.4,235.4,14.0
2025-06-16T06:33:00+00:00,2004.0,80.59,326.2,13.94,363.8,20.4,568.2,0.0601,0.98,280.4,235.4,13.9
2025-06-16T06:34:00+00:00,1849.2,82.50,349.5,13.91,387.9,21.4,649.0,0.0750,1.03,280.4,235.4,13.2
2025-06-16T06:35:00+00:00,1860.7,80.77,359.1,13.78,388.9,23.6,601.3,0.0603,1.04,280.4,235.4,14.0
2025-06-16T06:36:00+00:00,2038.4,81.52,351.1,14.00,383.6,18.9,573.1,0.0609,1.05,280.4,235.4,12.7
2025-06-16T06:37:00+00:00,1923.8,81.28,355.1,13.76,380.8,20.1,621.1,0.0668,0.99,280.4,235.4,13.1
2025-06-16T06:38:00+00:00,1977.8,82.16,337.2,14.03,360.7,24.7,560.3,0.0609,1.08,280.4,235.4,16.2
2025-06-16T06:39:00+00:00,2013.3,82.23,346.9,13.86,398.7,20.3,597.7,0.0713,1.11,280.4,235.4,11.3
2025-06-16T06:40:00+00:00,2147.0,83.77,326.5,13.59,367.0,20.6,597.0,0.0705,1.12,280.4,235.4,13.3
2025-06-16T06:41:00+00:00,2070.6,82.04,345.4,13.88,365.3,22.4,623.8,0.0622,1.05,280.4,235.4,14.5
2025-06-16T06:42:00+00:00,2066.4,83.80,341.8,13.92,388.1,19.9,651.0,0.0623,1.10,280.4,235.4,14.1
2025-06-16T06:43:00+00:00,2117.5,83.40,348.1,13.88,373.2,21.3,556.7,0.0606,0.96,280.4,235.4,13.8
2025-06-16T06:44:00+00:00,2095.7,81.02,363.7,14.04,384.0,21.9,611.5,0.0606,1.00,280.4,235.4,11.3
2025-06-16T06:45:00+00:00,1872.8,80.83,341.1,13.91,363.6,23.9,654.5,0.0613,1.08,280.4,235.4,13.2
2025-06-16T06:46:00+00:00,2328.9,83.49,352.0,13.81,369.8,17.0,605.6,0.0713,0.97,280.4,235.4,13.9
2025-06-16T06:47:00+00:00,2054.1,82.21,357.9,13.77,392.3,20.2,625.1,0.0605,0.98,280.4,235.4,15.4
2025-06-16T06:48:00+00:00,2045.9,85.53,360.5,13.69,374.9,22.4,671.9,0.0660,1.12,280.4,235.4,14.2
2025-06-16T06:49:00+00:00,2024.5,81.12,360.1,13.51,379.3,20.9,637.0,0.0731,1.04,280.4,235.4,13.0
2025-06-16T06:50:00+00:00,2485.5,83.16,353.0,13.84,392.1,20.6,614.2,0.0662,1.15,280.4,235.4,13.2
2025-06-16T06:51:00+00:00,2034.9,82.09,347.0,14.14,373.5,22.3,559.7,0.0700,0.96,280.4,235.4,13.9
2025-06-16T06:52:00+00:00,2477.3,80.37,350.1,13.39,395.1,22.9,587.1,0.0638,1.10,280.4,235.4,14.6
2025-06-16T06:53:00+00:00,1982.6,82.75,354.8,13.67,373.7,22.7,624.3,0.0613,1.08,280.4,235.4,12.8
2025-06-16T06:54:00+00:00,1891.5,81.09,354.8,13.84,377.3,20.8,527.3,0.0603,1.07,280.4,235.4,14.8
2025-06-16T06:55:00+00:00,2082.5,83.89,344.0,13.83,375.2,22.9,597.2,0.0628,1.08,280.4,235.4,12.7
2025-06-16T06:56:00+00:00,2049.9,80.13,360.5,13.72,385.9,20.0,606.4,0.0605,1.01,280.4,235.4,13.1
2025-06-16T06:57:00+00:00,1968.7,83.34,354.4,13.79,391.1,21.6,623.7,0.0624,1.04,280.4,235.4,14.4
2025-06-16T06:58:00+00:00,2302.6,85.01,356.0,13.71,413.8,18.3,649.3,0.0629,1.00,280.4,235.4,13.0
2025-06-16T06:59:00+00:00,1830.7,83.10,357.1,14.01,360.1,20.0,615.6,0.0728,1.04,280.4,235.4,12.5
2025-06-16T07:00:00+00:00,2432.3,85.16,344.7,13.63,387.5,22.3,628.2,0.0668,1.05,280.4,235.4,14.5
2025-06-16T07:01:00+00:00,2044.2,80.10,343.3,13.45,403.1,22.7,581.9,0.0617,1.14,280.4,235.4,11.8
2025-06-16T07:02:00+00:00,2456.3,82.89,343.6,14.14,405.5,20.0,582.3,0.0638,1.07,280.4,235.4,13.9
2025-06-16T07:03:00+00:00,2154.9,83.34,348.0,13.98,390.1,22.7,618.7,0.0615,1.05,280.4,235.4,15.0
2025-06-16T07:04:00+00:00,2037.8,80.81,341.8,13.84,401.1,19.7,636.7,0.0602,0.99,280.4,235.4,13.7
2025-06-16T07:05:00+00:00,2085.0,81.27,328.8,13.89,382.9,21.8,619.7,0.0601,0.97,280.4,235.4,13.5
2025-06-16T07:06:00+00:00,2435.7,83.78,353.2,13.97,415.2,20.3,671.5,0.0660,1.07,280.4,235.4,12.7
2025-06-16T07:07:00+00:00,2500.7,82.97,333.6,13.74,420.9,19.7,599.4,0.0628,0.99,280.4,235.4,13.3
2025-06-16T07:08:00+00:00,1992.7,80.13,358.7,13.91,396.7,18.6,610.0,0.0599,0.96,280.4,235.4,13.3
2025-06-16T07:09:00+00:00,1901.8,80.34,356.8,13.46,365.1,21.9,565.3,0.0678,1.02,280.4,235.4,13.0
2025-06-16T07:10:00+00:00,2003.5,82.43,355.4,13.70,364.0,18.5,637.0,0.0612,1.08,280.4,235.4,14.1
2025-06-16T07:11:00+00:00,2043.2,82.17,345.4,13.98,378.1,22.3,601.1,0.0697,1.15,280.4,235.4,12.8
2025-06-16T07:12:00+00:00,2009.5,84.04,335.7,13.69,383.5,20.0,604.9,0.0604,0.99,280.4,235.4,13.9
2025-06-16T07:13:00+00:00,1985.0,82.21,366.0,13.73,361.9,21.9,644.4,0.0596,0.93,280.4,235.4,12.9
2025-06-16T07:14:00+00:00,1940.4,83.04,351.9,13.78,380.2,17.9,591.0,0.0625,0.99,280.4,235.4,13.4
2025-06-16T07:15:00+00:00,2046.5,81.75,354.0,13.94,388.2,21.7,615.2,0.0601,0.96,280.4,235.4,12.0
2025-06-16T07:16:00+00:00,2067.7,83.31,354.2,13.74,375.9,22.1,581.1,0.0644,1.10,280.4,235.4,14.8
2025-06-16T07:17:00+00:00,1942.8,80.10,340.3,13.39,383.2,20.0,549.2,0.0615,1.01,280.4,235.4,14.9
2025-06-16T07:18:00+00:00,2007.8,81.07,359.5,13.81,396.6,20.7,591.1,0.0627,1.07,280.4,235.4,13.4
2025-06-16T07:19:00+00:00,2020.9,81.66,347.5,13.62,376.2,19.2,578.3,0.0609,1.06,280.4,235.4,13.3
2025-06-16T07:20:00+00:00,1886.9,80.01,355.1,13.85,368.2,18.8,605.1,0.0596,1.01,280.4,235.4,11.1
2025-06-16T07:21:00+00:00,2066.1,83.49,339.5,13.88,388.6,19.9,625.0,0.0641,1.06,280.4,235.4,12.6
2025-06-16T07:22:00+00:00,2006.0,83.19,364.8,14.06,386.4,22.8,578.2,0.0596,0.95,280.4,235.4,12.8
2025-06-16T07:23:00+00:00,1935.1,85.28,350.4,13.71,379.9,20.0,590.7,0.0596,0.96,280.4,235.4,12.1
2025-06-16T07:24:00+00:00,1973.4,83.05,345.1,13.86,375.1,20.7,566.4,0.0602,0.99,280.4,235.4,12.6
2025-06-16T07:25:00+00:00,2160.0,82.73,352.0,13.78,375.2,21.2,629.3,0.0613,1.03,280.4,235.4,12.9
2025-06-16T07:26:00+00:00,1991.6,82.61,357.6,13.47,371.6,22.7,605.8,0.0599,0.98,280.4,235.4,13.0
2025-06-16T07:27:00+00:00,2140.9,82.22,358.3,13.66,393.7,21.9,561.8,0.0608,0.99,280.4,235.4,12.6
2025-06-16T07:28:00+00:00,1885.5,83.34,365.7,13.21,369.8,20.6,622.2,0.0595,0.98,280.4,235.4,12.1
2025-06-16T07:29:00+00:00,1974.9,82.94,342.7,13.79,397.6,23.0,630.7,0.0604,1.03,280.4,235.4,15.3
2025-06-16T07:30:00+00:00,1923.1,80.27,337.6,14.06,348.4,21.6,601.0,0.0738,1.00,280.4,235.4,13.9
2025-06-16T07:31:00+00:00,1965.8,83.27,349.6,13.81,394.1,20.6,665.5,0.0624,1.06,280.4,235.4,14.4
2025-06-16T07:32:00+00:00,1931.0,84.82,344.5,13.99,365.2,21.2,613.9,0.0602,1.04,280.4,235.4,14.2
2025-06-16T07:33:00+00:00,2111.9,79.07,343.1,13.79,382.9,20.4,638.6,0.0614,1.05,280.4,235.4,14.8
2025-06-16T07:34:00+00:00,1987.1,83.66,350.8,13.69,338.1,22.2,608.4,0.0627,1.02,280.4,235.4,12.2
2025-06-16T07:35:00+00:00,2129.8,83.22,334.1,13.95,386.6,22.2,545.9,0.0632,0.98,280.4,235.4,14.3
2025-06-16T07:36:00+00:00,1841.7,82.44,357.9,13.97,386.3,19.8,628.0,0.0593,1.00,280.4,235.4,13.3
2025-06-16T07:37:00+00:00,2079.6,83.52,349.0,13.96,361.1,21.7,633.0,0.0609,1.00,280.4,235.4,13.7
2025-06-16T07:38:00+00:00,2009.8,82.72,356.5,14.00,381.4,22.8,594.0,0.0607,1.04,280.4,235.4,15.1
2025-06-16T07:39:00+00:00,2006.7,81.28,342.3,13.64,367.6,21.4,534.8,0.0594,0.92,280.4,235.4,12.6
2025-06-16T07:40:00+00:00,1983.3,80.19,354.9,13.91,384.8,23.4,639.2,0.0607,1.05,280.4,235.4,13.5
2025-06-16T07:41:00+00:00,1899.1,85.06,344.4,13.77,362.7,22.1,594.7,0.0599,1.02,280.4,235.4,13.4
2025-06-16T07:42:00+00:00,1982.9,81.76,338.7,13.86,362.3,20.3,612.6,0.0603,1.02,280.4,235.4,14.8
2025-06-16T07:43:00+00:00,1914.7,83.50,340.4,13.79,374.6,20.6,555.7,0.0595,0.98,280.4,235.4,12.0
2025-06-16T07:44:00+00:00,2224.0,82.39,341.7,13.97,425.6,20.6,641.5,0.0643,1.00,280.4,235.4,15.7
2025-06-16T07:45:00+00:00,1952.0,83.65,347.4,13.70,380.3,17.2,542.2,0.0600,0.99,280.4,235.4,15.5
2025-06-16T07:46:00+00:00,2009.8,80.67,352.4,13.97,385.4,21.5,537.8,0.0603,1.01,280.4,235.4,13.0
2025-06-16T07:47:00+00:00,2080.1,82.93,356.5,13.71,362.8,17.5,611.9,0.0615,1.07,280.4,235.4,13.8
2025-06-16T07:48:00+00:00,1939.9,81.64,357.6,13.59,388.5,20.7,622.8,0.0606,1.06,280.4,235.4,14.0
2025-06-16T07:49:00+00:00,1934.3,83.13,354.5,13.50,377.0,20.2,572.5,0.0594,0.96,280.4,235.4,12.0
2025-06-16T07:50:00+00:00,1864.2,79.59,360.3,13.67,368.9,21.2,542.7,0.0620,0.91,280.4,235.4,13.3
2025-06-16T07:51:00+00:00,1978.4,82.82,344.1,13.72,385.4,18.1,578.7,0.0617,1.06,280.4,235.4,10.6
2025-06-16T07:52:00+00:00,1980.1,83.91,351.0,13.76,378.9,19.5,553.4,0.0647,1.08,280.4,235.4,14.3
2025-06-16T07:53:00+00:00,1961.5,83.00,365.4,13.77,385.0,24.1,590.1,0.0604,1.03,280.4,235.4,13.9
2025-06-16T07:54:00+00:00,1118.3,78.23,351.9,13.75,347.2,23.9,591.9,0.0648,1.09,280.4,235.4,14.1
2025-06-16T07:55:00+00:00,894.2,79.86,355.8,13.77,370.1,17.1,546.9,0.0546,1.01,280.4,235.4,13.7
2025-06-16T07:56:00+00:00,1093.3,77.69,348.6,13.82,357.9,22.0,586.1,0.0587,0.99,280.4,235.4,13.2
2025-06-16T07:57:00+00:00,1108.6,78.41,372.4,13.67,376.4,21.3,581.5,0.0598,1.03,280.4,235.4,13.7
2025-06-16T07:58:00+00:00,864.0,80.58,363.4,13.90,367.2,20.6,524.0,0.0545,0.97,280.4,235.4,14.6
2025-06-16T07:59:00+00:00,959.2,76.46,354.6,13.92,361.1,20.4,599.5,0.0593,1.01,280.4,235.4,12.5
2025-06-16T08:00:00+00:00,998.9,80.83,352.3,13.54,351.5,20.5,497.0,0.0605,0.98,280.4,235.4,12.3
2025-06-16T08:01:00+00:00,1003.6,76.13,370.2,13.64,366.4,21.7,546.0,0.0554,1.06,280.4,235.4,14.5
2025-06-16T08:02:00+00:00,956.3,79.08,345.7,13.72,331.7,18.8,600.4,0.0569,1.00,280.4,235.4,14.6
2025-06-16T14:00:00+00:00,916.6,79.05,356.4,13.71,347.0,21.3,603.8,0.0557,1.11,280.4,235.4,11.9
2025-06-16T14:01:00+00:00,940.6,79.20,356.5,13.61,351.1,17.6,549.5,0.0563,1.01,280.4,235.4,12.3
2025-06-16T14:02:00+00:00,1013.7,77.73,362.9,13.89,360.5,20.0,576.5,0.0600,1.08,280.4,235.4,14.2
2025-06-16T14:03:00+00:00,900.8,79.19,357.7,13.67,319.3,21.5,568.1,0.0585,1.01,280.4,235.4,13.7
2025-06-16T14:04:00+00:00,868.6,80.49,362.5,13.77,352.6,21.4,530.9,0.0563,1.05,280.4,235.4,14.1
2025-06-16T14:05:00+00:00,981.7,79.12,353.5,13.78,356.9,21.5,532.3,0.0605,1.06,280.4,235.4,14.3
2025-06-16T14:06:00+00:00,801.6,80.52,348.8,14.02,366.5,21.2,587.3,0.0539,1.01,280.4,235.4,13.8
2025-06-16T14:07:00+00:00,950.5,78.14,360.3,13.80,352.3,20.7,593.3,0.0547,1.02,280.4,235.4,13.9
2025-06-16T14:08:00+00:00,1075.4,76.81,346.2,14.13,339.4,21.0,583.6,0.0589,1.01,280.4,235.4,13.2
2025-06-16T14:09:00+00:00,931.0,77.99,355.5,13.60,351.6,20.1,509.8,0.0549,1.04,280.4,235.4,14.3
2025-06-16T14:10:00+00:00,947.4,80.60,361.6,13.84,361.8,21.6,586.3,0.0551,1.05,280.4,235.4,13.6
2025-06-16T14:11:00+00:00,1037.5,77.79,352.3,13.76,351.6,22.8,624.4,0.0551,0.96,280.4,235.4,13.0
2025-06-16T14:12:00+00:00,942.0,77.73,352.7,13.82,363.9,20.5,594.7,0.0556,1.10,280.4,235.4,13.2
2025-06-16T14:13:00+00:00,1002.1,78.03,347.9,13.61,315.4,22.4,564.0,0.0549,1.01,280.4,235.4,14.8
2025-06-16T14:14:00+00:00,1886.3,81.62,358.2,13.83,369.0,20.2,568.1,0.0596,1.01,280.4,235.4,13.3
2025-06-16T14:15:00+00:00,2100.1,83.38,356.0,13.77,393.5,21.0,581.9,0.0645,1.10,280.4,235.4,11.5
2025-06-16T14:16:00+00:00,2107.8,82.55,346.9,13.96,374.6,24.1,588.2,0.0609,1.03,280.4,235.4,14.6
2025-06-16T14:17:00+00:00,1857.4,77.92,346.3,13.73,392.5,22.0,586.4,0.0603,1.07,280.4,235.4,11.5
2025-06-16T14:18:00+00:00,2059.2,81.08,353.6,13.95,398.6,20.1,564.1,0.0602,0.97,280.4,235.4,14.0
2025-06-16T14:19:00+00:00,1922.0,81.76,341.5,13.43,367.4,19.1,618.9,0.0602,1.03,280.4,235.4,13.4
2025-06-16T14:20:00+00:00,1896.3,83.54,351.1,13.73,380.6,20.5,614.7,0.0604,1.07,280.4,235.4,14.4
2025-06-16T14:21:00+00:00,2087.8,78.59,350.7,13.79,377.9,19.2,580.2,0.0609,1.02,280.4,235.4,13.0
2025-06-16T14:22:00+00:00,1930.3,79.30,339.0,13.72,365.7,20.1,587.0,0.0656,1.03,280.4,235.4,13.0
2025-06-16T14:23:00+00:00,2015.3,82.84,343.8,13.66,390.3,21.8,544.8,0.0606,1.03,280.4,235.4,13.5
2025-06-16T14:24:00+00:00,2151.3,82.54,356.4,13.89,365.1,20.9,618.5,0.0656,1.02,280.4,235.4,13.0
2025-06-16T14:25:00+00:00,1978.5,81.81,345.4,13.81,364.2,20.8,592.9,0.0602,1.00,280.4,235.4,13.3
2025-06-16T14:26:00+00:00,1990.1,81.21,352.4,13.62,384.2,20.7,603.0,0.0653,1.09,280.4,235.4,13.3
2025-06-16T14:27:00+00:00,2078.2,81.57,346.9,13.53,387.4,22.0,647.9,0.0614,1.06,280.4,235.4,12.6
2025-06-16T14:28:00+00:00,2080.2,84.01,346.8,13.75,378.7,22.3,649.9,0.0684,1.03,280.4,235.4,14.8
2025-06-16T14:29:00+00:00,1976.8,83.15,340.8,13.86,375.4,17.3,586.7,0.0607,1.04,280.4,235.4,12.7
2025-06-16T14:30:00+00:00,1937.8,82.27,354.9,13.95,355.1,19.6,603.0,0.0610,1.10,280.4,235.4,14.1
2025-06-16T14:31:00+00:00,1883.5,83.58,345.7,13.82,377.7,20.9,614.9,0.0606,1.10,280.4,235.4,12.5
2025-06-16T14:32:00+00:00,1881.5,82.52,362.3,13.73,371.2,22.5,535.6,0.0611,1.09,280.4,235.4,13.5
2025-06-16T14:33:00+00:00,2165.8,85.05,347.1,13.66,381.1,21.2,593.6,0.0614,1.03,280.4,235.4,13.6
2025-06-16T14:34:00+00:00,2020.1,83.40,348.9,14.05,418.8,21.8,578.4,0.0604,1.03,280.4,235.4,12.6
2025-06-16T14:35:00+00:00,2080.1,80.61,329.6,13.77,376.5,19.8,601.2,0.0688,1.08,280.4,235.4,13.7
2025-06-16T14:36:00+00:00,1869.4,82.00,358.5,13.79,369.5,19.3,555.2,0.0606,1.10,280.4,235.4,13.4
2025-06-16T14:37:00+00:00,2112.4,82.91,336.0,13.99,391.5,18.7,617.6,0.0625,1.16,280.4,235.4,11.8
2025-06-16T14:38:00+00:00,1916.8,84.21,362.9,13.82,384.3,21.0,624.2,0.0624,1.03,280.4,235.4,14.4
2025-06-16T14:39:00+00:00,2031.3,82.57,341.1,13.89,365.6,22.0,609.3,0.0613,1.09,280.4,235.4,13.1
2025-06-16T14:40:00+00:00,2033.0,80.38,333.9,14.06,399.1,22.2,570.8,0.0598,0.94,280.4,235.4,14.1
2025-06-16T14:41:00+00:00,2078.3,83.45,361.4,13.80,368.9,19.2,604.9,0.0614,1.07,280.4,235.4,12.5
2025-06-16T14:42:00+00:00,1818.8,81.16,348.1,13.86,405.4,21.4,599.7,0.0663,1.05,280.4,235.4,12.9
2025-06-16T14:43:00+00:00,1975.6,84.44,341.8,13.87,363.1,21.8,619.3,0.0601,1.01,280.4,235.4,14.2
2025-06-16T14:44:00+00:00,1887.1,83.52,341.8,13.99,368.3,21.9,613.6,0.0605,1.09,280.4,235.4,12.2
2025-06-16T14:45:00+00:00,2053.8,83.38,352.3,13.94,373.0,17.7,597.0,0.0599,0.95,280.4,235.4,13.2
2025-06-16T14:46:00+00:00,2200.5,80.39,359.8,13.87,379.1,19.1,607.0,0.0614,1.03,280.4,235.4,14.1
2025-06-16T14:47:00+00:00,2088.3,86.11,341.0,13.60,383.5,20.5,583.1,0.0625,1.06,280.4,235.4,13.4
2025-06-16T14:48:00+00:00,2059.8,82.87,333.8,13.69,382.6,22.3,626.1,0.0614,1.08,280.4,235.4,13.8
2025-06-16T14:49:00+00:00,1922.5,84.39,339.5,13.81,380.3,18.8,570.3,0.0600,1.03,280.4,235.4,13.2
2025-06-16T14:50:00+00:00,1967.4,80.35,356.3,13.84,407.7,22.8,567.8,0.0647,1.04,280.4,235.4,12.7
2025-06-16T14:51:00+00:00,1897.6,81.27,358.5,14.11,378.8,19.7,579.6,0.0603,1.07,280.4,235.4,12.7
2025-06-16T14:52:00+00:00,2014.6,83.10,356.4,13.86,379.9,20.8,538.8,0.0619,1.15,280.4,235.4,13.5
2025-06-16T14:53:00+00:00,1921.0,81.99,348.5,13.58,367.5,21.8,590.0,0.0602,1.04,280.4,235.4,14.1
2025-06-16T14:54:00+00:00,2067.7,83.03,354.7,14.01,397.7,18.4,627.3,0.0667,1.07,280.4,235.4,12.6
2025-06-16T14:55:00+00:00,1827.4,82.26,351.6,13.70,390.8,20.1,653.6,0.0595,1.02,280.4,235.4,15.3
2025-06-16T14:56:00+00:00,2003.1,80.70,339.2,13.90,390.7,23.0,596.4,0.0631,1.01,280.4,235.4,14.5
2025-06-16T14:57:00+00:00,2061.5,82.75,339.3,13.74,387.6,20.2,576.9,0.0615,1.08,280.4,235.4,14.4
2025-06-16T14:58:00+00:00,2065.7,83.68,345.0,13.72,402.3,19.6,528.6,0.0609,1.04,280.4,235.4,14.0
2025-06-16T14:59:00+00:00,1765.5,82.96,356.0,13.57,356.3,21.4,563.6,0.0611,1.03,280.4,235.4,13.3
2025-06-16T15:00:00+00:00,2131.4,79.86,335.7,13.90,377.4,20.8,593.9,0.0626,1.04,280.4,235.4,13.1
2025-06-16T15:01:00+00:00,2051.4,82.40,347.4,13.73,380.1,20.2,561.4,0.0606,1.03,280.4,235.4,13.1
2025-06-16T15:02:00+00:00,1984.6,81.99,347.5,13.93,395.6,22.6,623.9,0.0610,1.08,280.4,235.4,11.2
2025-06-16T15:03:00+00:00,2027.3,80.87,347.8,13.74,396.7,20.6,636.4,0.0611,1.02,280.4,235.4,16.4
2025-06-16T15:04:00+00:00,2131.7,81.95,352.8,13.52,380.4,23.8,621.8,0.0605,0.95,280.4,235.4,12.9
2025-06-16T15:05:00+00:00,2071.1,81.21,366.4,13.64,385.3,19.6,582.9,0.0617,1.12,280.4,235.4,14.4
2025-06-16T15:06:00+00:00,2076.1,82.52,343.0,13.80,379.7,21.5,640.8,0.0622,0.96,280.4,235.4,14.3
2025-06-16T15:07:00+00:00,2031.4,82.24,362.8,13.73,366.5,20.0,560.2,0.0607,1.02,280.4,235.4,12.0
2025-06-16T15:08:00+00:00,2117.0,82.90,335.0,13.78,396.3,22.4,643.9,0.0691,1.01,280.4,235.4,13.2
2025-06-16T15:09:00+00:00,2114.1,82.60,350.2,13.65,395.1,20.2,654.9,0.0612,1.02,280.4,235.4,13.2
2025-06-16T15:10:00+00:00,2061.3,83.43,322.6,13.77,395.5,21.7,585.4,0.0605,0.99,280.4,235.4,13.4
2025-06-16T15:11:00+00:00,2182.6,86.23,354.7,13.71,386.3,19.3,581.2,0.0617,1.06,280.4,235.4,15.1
2025-06-16T15:12:00+00:00,1959.1,80.61,340.4,13.70,377.0,23.5,585.4,0.0657,0.97,280.4,235.4,13.6
2025-06-16T15:13:00+00:00,2507.8,84.96,348.6,13.72,403.3,20.6,608.4,0.0703,1.01,280.4,235.4,12.9
2025-06-16T15:14:00+00:00,2163.7,81.30,344.3,13.85,370.1,21.5,586.7,0.0618,1.08,280.4,235.4,15.7
2025-06-16T15:15:00+00:00,2539.1,83.53,355.5,13.83,392.6,19.9,596.3,0.0636,1.05,280.4,235.4,14.8
2025-06-16T15:16:00+00:00,2030.5,84.44,343.8,13.66,376.3,26.3,637.2,0.0673,1.05,280.4,235.4,13.6
2025-06-16T15:17:00+00:00,2178.1,81.67,344.9,13.89,387.3,20.3,575.9,0.0612,1.02,280.4,235.4,13.2
2025-06-16T15:18:00+00:00,2026.2,84.04,326.9,13.80,364.1,23.3,613.9,0.0699,1.02,280.4,235.4,14.6
2025-06-16T15:19:00+00:00,2099.4,83.49,349.4,13.99,361.2,23.5,539.2,0.0606,1.00,280.4,235.4,12.2
2025-06-16T15:20:00+00:00,1945.0,85.91,348.8,14.03,370.5,21.0,579.0,0.0608,1.09,280.4,235.4,14.5
2025-06-16T15:21:00+00:00,2172.4,80.92,364.8,13.75,385.6,20.9,583.9,0.0654,1.01,280.4,235.4,14.8
2025-06-16T15:22:00+00:00,1936.4,81.91,334.9,13.93,374.9,17.7,555.8,0.0621,1.03,280.4,235.4,13.5
2025-06-16T15:23:00+00:00,2036.4,83.24,345.0,13.69,395.6,22.8,652.4,0.0610,1.06,280.4,235.4,12.5
2025-06-16T15:24:00+00:00,2516.1,81.91,355.2,13.59,405.9,22.4,655.5,0.0652,1.04,280.4,235.4,13.8
2025-06-16T15:25:00+00:00,2036.4,81.87,355.6,13.63,367.5,20.2,592.3,0.0640,0.97,280.4,235.4,12.8
2025-06-16T15:26:00+00:00,2017.0,83.79,338.6,13.82,370.7,19.0,599.3,0.0642,1.04,280.4,235.4,12.0
2025-06-16T15:27:00+00:00,2463.0,83.07,343.1,13.97,407.1,21.8,639.0,0.0697,1.10,280.4,235.4,13.7
2025-06-16T15:28:00+00:00,1949.2,82.23,353.9,13.65,367.1,20.4,605.9,0.0679,1.14,280.4,235.4,14.4
2025-06-16T15:29:00+00:00,1784.2,83.39,351.5,13.90,383.7,20.9,630.9,0.0658,1.12,280.4,235.4,14.3
2025-06-16T15:30:00+00:00,2037.8,82.86,355.1,13.97,406.4,23.2,560.4,0.0665,1.05,280.4,235.4,14.5
2025-06-16T15:31:00+00:00,2421.1,85.31,348.2,13.82,410.5,20.0,661.1,0.0630,1.05,280.4,235.4,12.3
2025-06-16T15:32:00+00:00,2199.1,83.59,351.6,13.67,378.6,21.6,675.1,0.0620,1.06,280.4,235.4,13.6
2025-06-16T15:33:00+00:00,2152.3,83.78,360.3,13.88,388.1,21.2,581.7,0.0670,0.95,280.4,235.4,13.5
2025-06-16T15:34:00+00:00,1941.6,80.22,359.3,13.81,386.7,18.4,598.5,0.0603,1.04,280.4,235.4,14.8
2025-06-16T15:35:00+00:00,1821.8,81.76,359.4,13.60,361.8,18.0,602.4,0.0664,1.20,280.4,235.4,15.1
2025-06-16T15:36:00+00:00,1971.6,86.95,362.7,13.80,388.7,18.2,556.4,0.0651,1.05,280.4,235.4,15.2
2025-06-16T15:37:00+00:00,2052.3,82.25,340.9,13.40,367.7,22.8,609.9,0.0619,1.06,280.4,235.4,14.6
2025-06-16T15:38:00+00:00,2151.2,85.20,349.5,13.69,387.6,24.2,606.2,0.0615,1.04,280.4,235.4,13.3
2025-06-16T15:39:00+00:00,2447.6,80.39,339.7,13.84,386.0,19.6,677.5,0.0689,0.99,280.4,235.4,12.3
2025-06-16T15:40:00+00:00,2447.5,83.16,356.0,13.88,387.2,19.8,675.5,0.0749,1.06,280.4,235.4,14.8
2025-06-16T15:41:00+00:00,1888.0,79.78,348.6,13.77,362.5,22.3,573.6,0.0607,1.09,280.4,235.4,12.3
2025-06-16T15:42:00+00:00,2080.0,81.04,354.1,13.86,393.6,23.1,559.3,0.0659,1.11,280.4,235.4,13.6
2025-06-16T15:43:00+00:00,1984.3,81.95,348.1,13.98,360.7,21.3,540.6,0.0629,0.98,280.4,235.4,13.7
2025-06-16T15:44:00+00:00,1876.2,83.76,356.8,13.81,392.8,22.2,641.0,0.0604,1.08,280.4,235.4,13.8
2025-06-16T15:45:00+00:00,1858.1,82.66,344.4,14.02,368.1,19.3,592.5,0.0602,1.07,280.4,235.4,13.1
2025-06-16T15:46:00+00:00,2377.0,83.43,345.6,14.00,393.7,23.1,666.1,0.0624,1.03,280.4,235.4,12.6
2025-06-16T15:47:00+00:00,1839.0,77.90,336.1,13.92,384.8,21.2,634.2,0.0670,0.99,280.4,235.4,12.0
2025-06-16T15:48:00+00:00,1924.4,83.44,351.3,13.77,378.2,21.8,601.7,0.0602,1.04,280.4,235.4,13.7
2025-06-16T15:49:00+00:00,1841.1,80.56,360.8,13.92,380.6,22.3,515.7,0.0589,0.96,280.4,235.4,12.7
2025-06-16T15:50:00+00:00,1918.5,83.93,337.2,13.79,369.1,21.1,583.8,0.0625,1.09,280.4,235.4,12.5
2025-06-16T15:51:00+00:00,1840.0,78.83,365.5,14.03,375.5,22.8,585.3,0.0594,1.01,280.4,235.4,15.7
2025-06-16T15:52:00+00:00,1793.2,80.71,348.7,14.04,370.0,22.5,639.3,0.0674,1.08,280.4,235.4,12.8
2025-06-16T15:53:00+00:00,1976.4,82.44,354.3,13.77,393.8,19.7,605.9,0.0605,1.04,280.4,235.4,13.7
2025-06-16T15:54:00+00:00,1913.8,82.44,346.8,13.75,388.3,22.9,604.6,0.0628,1.12,280.4,235.4,13.2
2025-06-16T15:55:00+00:00,2057.5,81.31,353.0,13.96,367.8,19.0,644.4,0.0668,1.08,280.4,235.4,13.9
2025-06-16T15:56:00+00:00,1865.4,82.77,333.3,13.80,376.1,20.0,624.2,0.0602,1.07,280.4,235.4,15.0
2025-06-16T15:57:00+00:00,2027.4,85.14,356.7,13.76,364.8,18.7,574.2,0.0621,1.17,280.4,235.4,13.2
2025-06-16T15:58:00+00:00,1925.2,83.79,352.0,13.82,363.6,21.9,605.6,0.0606,1.08,280.4,235.4,13.8
2025-06-16T15:59:00+00:00,2015.1,83.53,343.2,13.91,379.9,21.6,619.3,0.0603,1.01,280.4,235.4,13.2
2025-06-16T16:00:00+00:00,1904.4,79.84,357.9,13.87,369.8,20.8,609.1,0.0599,1.02,280.4,235.4,14.0
2025-06-16T16:01:00+00:00,2170.4,81.91,356.9,13.85,406.7,20.0,609.1,0.0736,1.01,280.4,235.4,12.2
2025-06-16T16:02:00+00:00,1875.1,80.25,341.5,13.54,378.9,18.6,574.2,0.0652,1.13,280.4,235.4,13.4
2025-06-16T16:03:00+00:00,1982.3,82.26,345.9,13.60,374.2,19.2,609.8,0.0600,0.99,280.4,235.4,12.8
2025-06-16T16:04:00+00:00,2110.4,84.92,356.9,13.64,383.5,23.0,577.9,0.0614,1.05,280.4,235.4,13.3
2025-06-16T16:05:00+00:00,2282.9,82.86,339.0,13.66,389.3,24.4,666.3,0.0689,0.97,280.4,235.4,13.1
2025-06-16T16:06:00+00:00,2087.4,80.95,355.7,13.55,400.2,20.5,608.5,0.0672,1.07,280.4,235.4,12.3
2025-06-16T16:07:00+00:00,1939.5,80.88,344.9,13.64,369.0,21.1,565.5,0.0653,1.06,280.4,235.4,13.8
2025-06-16T16:08:00+00:00,2421.2,82.84,346.9,13.92,401.3,22.1,592.5,0.0626,1.01,280.4,235.4,12.2
2025-06-16T16:09:00+00:00,2018.4,82.58,359.2,13.80,388.4,19.4,633.7,0.0653,1.03,280.4,235.4,12.7
2025-06-16T16:10:00+00:00,1966.1,83.29,352.9,13.85,387.0,20.6,642.7,0.0604,1.05,280.4,235.4,13.3
2025-06-16T16:11:00+00:00,1873.6,81.86,344.8,14.04,365.2,20.1,595.5,0.0605,1.09,280.4,235.4,16.0
2025-06-16T16:12:00+00:00,2009.1,80.69,354.2,13.60,391.2,21.6,584.6,0.0612,1.04,280.4,235.4,15.0
2025-06-16T16:13:00+00:00,2168.8,81.71,348.7,13.85,399.2,18.9,601.2,0.0612,1.01,280.4,235.4,13.2
2025-06-16T16:14:00+00:00,1870.5,81.26,351.0,13.90,377.7,22.1,630.3,0.0590,0.95,280.4,235.4,14.2
2025-06-16T16:15:00+00:00,1933.3,81.28,360.0,13.90,391.6,19.5,598.8,0.0598,1.00,280.4,235.4,12.6
2025-06-16T16:16:00+00:00,1959.0,83.24,353.5,13.70,384.4,20.1,600.5,0.0641,1.04,280.4,235.4,12.5
2025-06-16T16:17:00+00:00,1921.1,83.58,361.7,13.96,352.0,20.4,613.9,0.0608,1.08,280.4,235.4,12.9
2025-06-16T16:18:00+00:00,1984.9,82.35,354.9,13.72,377.0,20.8,583.3,0.0688,1.06,280.4,235.4,13.9
2025-06-16T16:19:00+00:00,1978.5,82.83,343.7,13.79,375.4,22.0,641.8,0.0662,1.01,280.4,235.4,13.6
2025-06-16T16:20:00+00:00,1852.4,81.99,353.0,13.72,399.9,19.1,622.2,0.0600,1.02,280.4,235.4,14.3
2025-06-16T16:21:00+00:00,2011.2,81.20,347.4,13.90,373.0,23.9,566.1,0.0607,1.04,280.4,235.4,13.3
2025-06-16T16:22:00+00:00,2036.4,81.27,353.6,13.96,383.2,20.2,551.9,0.0607,1.03,280.4,235.4,12.6
2025-06-16T16:23:00+00:00,1914.1,84.24,346.8,13.81,372.5,19.4,585.4,0.0610,1.05,280.4,235.4,13.4
2025-06-16T16:24:00+00:00,1931.6,82.11,350.9,13.92,377.8,22.4,552.4,0.0662,1.06,280.4,235.4,14.7
2025-06-16T16:25:00+00:00,2010.9,82.36,342.1,13.69,366.5,21.4,569.1,0.0601,0.99,280.4,235.4,15.3
2025-06-16T16:26:00+00:00,2180.6,82.98,356.6,14.01,387.1,19.8,558.4,0.0611,1.00,280.4,235.4,13.3
2025-06-16T16:27:00+00:00,1825.8,83.08,342.9,13.53,398.0,23.5,584.1,0.0600,1.06,280.4,235.4,12.1
2025-06-16T16:28:00+00:00,1921.7,83.44,342.6,13.92,396.3,24.3,566.0,0.0600,1.01,280.4,235.4,11.6
2025-06-16T16:29:00+00:00,1943.5,79.70,349.1,13.62,362.4,19.6,571.3,0.0601,1.02,280.4,235.4,13.1
2025-06-16T16:30:00+00:00,2070.0,81.99,358.9,13.77,385.1,22.2,625.5,0.0613,1.07,280.4,235.4,14.2
2025-06-16T16:31:00+00:00,1855.7,79.64,350.3,13.83,379.6,20.9,636.2,0.0607,1.00,280.4,235.4,14.3
2025-06-16T16:32:00+00:00,2123.8,81.67,335.2,13.96,394.7,21.9,530.8,0.0674,1.07,280.4,235.4,13.0
2025-06-16T16:33:00+00:00,1907.3,81.94,348.6,13.64,394.2,20.8,603.6,0.0630,1.00,280.4,235.4,12.2
2025-06-16T16:34:00+00:00,2018.3,82.44,358.3,13.78,371.0,21.8,656.6,0.0601,0.99,280.4,235.4,14.0
2025-06-16T16:35:00+00:00,1009.9,79.54,355.4,14.18,348.8,20.9,533.1,0.0623,1.06,280.4,235.4,13.2
2025-06-16T16:36:00+00:00,1088.1,79.97,343.7,13.81,352.1,22.3,566.3,0.0614,1.06,280.4,235.4,13.2
2025-06-16T16:37:00+00:00,918.0,78.63,346.9,13.63,359.5,21.9,541.0,0.0550,1.06,280.4,235.4,13.2
2025-06-16T16:38:00+00:00,961.7,77.46,359.5,13.79,359.8,23.6,561.6,0.0551,1.05,280.4,235.4,14.5
2025-06-16T16:39:00+00:00,1029.8,79.84,360.9,13.82,342.5,22.0,551.1,0.0609,1.09,280.4,235.4,11.9
2025-06-16T16:40:00+00:00,1003.9,76.99,350.6,13.67,332.9,21.2,551.9,0.0554,1.05,280.4,235.4,11.4
2025-06-16T16:41:00+00:00,1030.2,79.61,355.6,13.86,354.5,22.2,572.7,0.0554,1.01,280.4,235.4,12.4
2025-06-16T16:42:00+00:00,1017.2,76.56,365.2,13.79,353.1,22.2,553.0,0.0558,1.08,280.4,235.4,13.6
2025-06-16T16:43:00+00:00,931.4,77.69,365.5,13.98,340.0,21.5,582.2,0.0550,1.03,280.4,235.4,15.5
2025-06-16T16:44:00+00:00,1047.6,80.69,350.5,13.56,328.6,21.5,532.1,0.0558,1.07,280.4,235.4,15.1
2025-06-16T16:45:00+00:00,1027.8,78.38,364.8,13.98,364.4,23.3,564.0,0.0618,1.00,280.4,235.4,14.9
2025-06-16T16:46:00+00:00,935.1,80.26,362.8,13.75,350.4,20.8,536.1,0.0614,1.11,280.4,235.4,13.0
2025-06-16T16:47:00+00:00,917.4,78.76,358.9,13.60,345.4,21.7,571.6,0.0570,1.09,280.4,235.4,13.7
2025-06-17T06:00:00+00:00,935.4,76.90,351.5,14.14,322.5,20.5,610.5,0.0502,0.58,95.8,275.8,7.7
2025-06-17T06:01:00+00:00,896.1,76.89,352.7,13.61,355.4,20.4,569.5,0.0520,0.72,95.8,275.8,7.6
2025-06-17T06:02:00+00:00,910.3,79.38,358.5,13.81,339.7,21.5,582.5,0.0508,0.62,95.8,275.8,7.0
2025-06-17T06:03:00+00:00,1026.9,79.10,360.7,13.70,349.5,22.1,651.1,0.0514,0.53,95.8,275.8,7.3
2025-06-17T06:04:00+00:00,985.0,76.12,343.9,14.16,341.6,21.8,495.5,0.0620,0.64,95.8,275.8,7.2
2025-06-17T06:05:00+00:00,827.1,77.67,364.0,13.93,347.6,20.4,603.2,0.0521,0.63,95.8,275.8,9.0
2025-06-17T06:06:00+00:00,847.3,79.84,356.4,13.80,358.9,20.3,551.9,0.0507,0.67,95.8,275.8,6.4
2025-06-17T06:07:00+00:00,1030.6,79.91,377.3,13.88,359.4,22.0,566.4,0.0544,0.55,95.8,275.8,8.1
2025-06-17T06:08:00+00:00,804.0,79.08,358.1,13.98,334.5,21.6,538.5,0.0502,0.64,95.8,275.8,6.7
2025-06-17T06:09:00+00:00,1010.3,78.33,363.3,13.58,352.8,22.0,517.1,0.0519,0.70,95.8,275.8,6.5
2025-06-17T06:10:00+00:00,2165.8,83.71,342.1,13.98,379.4,21.0,595.2,0.0576,0.65,95.8,275.8,6.5
2025-06-17T06:11:00+00:00,2115.9,83.16,345.2,13.90,378.5,19.1,587.6,0.0593,0.61,95.8,275.8,6.7
2025-06-17T06:12:00+00:00,2286.6,79.18,354.9,13.72,369.3,19.1,682.7,0.0612,0.63,95.8,275.8,9.0
2025-06-17T06:13:00+00:00,2136.2,84.84,329.6,13.81,350.4,19.3,641.2,0.0588,0.61,95.8,275.8,8.2
2025-06-17T06:14:00+00:00,2004.0,81.99,350.7,14.01,377.7,19.9,622.8,0.0594,0.62,95.8,275.8,7.3
2025-06-17T06:15:00+00:00,2052.6,82.36,346.4,13.61,388.8,20.7,638.6,0.0642,0.59,95.8,275.8,10.0
2025-06-17T06:16:00+00:00,1939.7,81.61,345.2,13.90,359.5,19.5,623.7,0.0573,0.58,95.8,275.8,8.4
2025-06-17T06:17:00+00:00,1934.6,83.33,354.3,13.62,372.6,21.7,638.0,0.0578,0.67,95.8,275.8,6.1
2025-06-17T06:18:00+00:00,1943.6,83.87,340.1,13.88,381.0,20.9,581.2,0.0589,0.56,95.8,275.8,7.6
2025-06-17T06:19:00+00:00,1937.9,81.99,353.0,14.05,372.4,20.0,598.0,0.0558,0.59,95.8,275.8,8.5
2025-06-17T06:20:00+00:00,2147.2,82.48,339.4,13.67,395.4,22.1,569.1,0.0568,0.59,95.8,275.8,8.4
2025-06-17T06:21:00+00:00,1993.7,81.92,351.4,13.52,359.9,23.9,567.5,0.0640,0.62,95.8,275.8,9.8
2025-06-17T06:22:00+00:00,1939.5,81.12,349.4,13.57,386.8,21.5,648.0,0.0588,0.63,95.8,275.8,9.3
2025-06-17T06:23:00+00:00,1930.2,82.96,346.1,13.78,383.5,21.2,616.6,0.0588,0.66,95.8,275.8,7.0
2025-06-17T06:24:00+00:00,2010.7,82.69,342.8,13.76,394.6,22.2,607.0,0.0571,0.69,95.8,275.8,7.0
2025-06-17T06:25:00+00:00,1892.4,81.22,349.9,13.92,369.9,21.0,581.5,0.0569,0.58,95.8,275.8,6.6
2025-06-17T06:26:00+00:00,2165.6,83.08,360.4,13.67,371.9,21.3,614.4,0.0585,0.61,95.8,275.8,8.8
2025-06-17T06:27:00+00:00,2178.0,83.02,348.9,14.02,387.4,21.5,622.5,0.0579,0.66,95.8,275.8,8.3
2025-06-17T06:28:00+00:00,1989.4,82.27,354.6,13.99,390.8,21.1,549.8,0.0565,0.63,95.8,275.8,6.7
2025-06-17T06:29:00+00:00,1971.0,80.93,363.4,14.00,392.6,25.2,618.8,0.0563,0.57,95.8,275.8,7.4
2025-06-17T06:30:00+00:00,1883.4,82.72,351.8,14.01,369.7,18.8,603.0,0.0633,0.58,95.8,275.8,8.2
2025-06-17T06:31:00+00:00,2023.8,79.14,357.5,13.50,391.5,20.9,635.8,0.0598,0.63,95.8,275.8,7.5
2025-06-17T06:32:00+00:00,1916.2,79.20,361.6,13.57,369.1,21.7,638.9,0.0564,0.67,95.8,275.8,6.8
2025-06-17T06:33:00+00:00,2011.1,82.63,349.2,13.92,357.3,21.3,653.4,0.0568,0.67,95.8,275.8,6.3
2025-06-17T06:34:00+00:00,1740.4,82.69,351.6,13.76,357.6,21.9,606.2,0.0556,0.66,95.8,275.8,7.1
2025-06-17T06:35:00+00:00,2266.9,81.26,343.4,13.86,398.2,21.1,641.9,0.0580,0.64,95.8,275.8,6.5
2025-06-17T06:36:00+00:00,2107.3,83.35,353.8,13.97,366.3,19.2,616.8,0.0576,0.68,95.8,275.8,9.0
2025-06-17T06:37:00+00:00,1948.4,80.58,358.5,13.97,367.3,18.9,599.2,0.0642,0.60,95.8,275.8,8.3
2025-06-17T06:38:00+00:00,2019.2,82.97,342.0,14.06,382.7,20.7,562.4,0.0565,0.64,95.8,275.8,7.4
2025-06-17T06:39:00+00:00,2006.0,80.98,346.3,13.62,391.4,19.5,573.6,0.0565,0.64,95.8,275.8,8.0
2025-06-17T06:40:00+00:00,1912.8,79.44,347.5,13.88,370.4,19.6,628.9,0.0591,0.52,95.8,275.8,9.1
2025-06-17T06:41:00+00:00,2091.2,80.20,345.1,13.64,358.4,22.4,608.3,0.0572,0.65,95.8,275.8,8.2
2025-06-17T06:42:00+00:00,2006.2,83.52,348.4,13.48,395.2,19.9,648.3,0.0562,0.60,95.8,275.8,6.2
2025-06-17T06:43:00+00:00,1771.7,81.50,355.0,13.76,358.7,19.9,588.8,0.0620,0.69,95.8,275.8,7.4
2025-06-17T06:44:00+00:00,1988.7,80.88,344.0,13.91,359.9,20.7,611.8,0.0557,0.56,95.8,275.8,8.0
2025-06-17T06:45:00+00:00,1992.5,82.25,351.7,13.78,388.6,24.7,616.1,0.0561,0.60,95.8,275.8,8.0
2025-06-17T06:46:00+00:00,2023.2,80.96,345.6,13.81,404.4,20.6,678.1,0.0569,0.63,95.8,275.8,7.2
2025-06-17T06:47:00+00:00,2022.9,82.51,349.6,13.41,386.8,20.4,590.9,0.0581,0.63,95.8,275.8,7.3
2025-06-17T06:48:00+00:00,2164.8,80.94,353.3,13.44,388.0,19.9,651.2,0.0583,0.70,95.8,275.8,7.9
2025-06-17T06:49:00+00:00,2492.6,83.70,341.5,13.74,387.4,18.2,657.3,0.0621,0.55,95.8,275.8,7.2
2025-06-17T06:50:00+00:00,2517.4,83.97,344.5,13.93,413.4,20.8,657.1,0.0588,0.57,95.8,275.8,6.7
2025-06-17T06:51:00+00:00,2489.1,84.55,354.0,13.79,384.2,21.5,681.8,0.0585,0.54,95.8,275.8,7.0
2025-06-17T06:52:00+00:00,2185.5,81.63,356.0,13.98,375.0,19.4,641.6,0.0576,0.64,95.8,275.8,8.0
2025-06-17T06:53:00+00:00,2515.1,84.32,351.7,13.66,398.3,19.9,670.7,0.0592,0.63,95.8,275.8,9.5
2025-06-17T06:54:00+00:00,1969.3,82.04,339.9,13.88,392.7,23.5,595.1,0.0589,0.62,95.8,275.8,7.6
2025-06-17T06:55:00+00:00,2460.8,82.95,355.7,13.79,392.7,20.5,609.1,0.0597,0.69,95.8,275.8,8.0
2025-06-17T06:56:00+00:00,2581.3,83.73,340.6,13.69,396.9,19.5,640.3,0.0598,0.64,95.8,275.8,5.9
2025-06-17T06:57:00+00:00,2429.0,82.38,345.8,13.89,404.5,22.5,602.9,0.0608,0.56,95.8,275.8,6.9
2025-06-17T06:58:00+00:00,2436.1,82.16,337.8,13.88,382.1,22.6,683.7,0.0604,0.51,95.8,275.8,8.0
2025-06-17T06:59:00+00:00,1825.5,84.40,343.1,13.84,384.9,22.1,588.3,0.0555,0.62,95.8,275.8,8.4
2025-06-17T07:00:00+00:00,1998.9,81.54,344.3,13.96,381.6,25.0,561.0,0.0593,0.64,95.8,275.8,7.4
2025-06-17T07:01:00+00:00,2247.4,84.76,348.5,13.88,429.3,21.3,572.1,0.0576,0.61,95.8,275.8,11.2
2025-06-17T07:02:00+00:00,2004.7,82.88,351.6,13.92,379.6,20.2,550.4,0.0620,0.60,95.8,275.8,7.9
2025-06-17T07:03:00+00:00,2039.1,82.20,344.4,13.82,376.4,20.9,580.1,0.0570,0.61,95.8,275.8,7.3
2025-06-17T07:04:00+00:00,1941.1,78.20,353.6,13.61,377.1,17.3,569.5,0.0569,0.71,95.8,275.8,7.3
2025-06-17T07:05:00+00:00,2187.6,84.87,341.8,13.98,388.4,22.0,638.6,0.0619,0.68,95.8,275.8,8.6
2025-06-17T07:06:00+00:00,2027.0,81.41,362.7,13.59,398.5,16.8,561.3,0.0558,0.56,95.8,275.8,9.4
2025-06-17T07:07:00+00:00,2019.2,82.87,362.6,13.86,371.5,24.0,633.8,0.0702,0.63,95.8,275.8,8.1
2025-06-17T07:08:00+00:00,2404.9,85.87,337.9,13.61,383.6,20.4,558.8,0.0614,0.55,95.8,275.8,8.2
2025-06-17T07:09:00+00:00,2051.8,80.15,340.1,13.90,409.7,21.2,622.6,0.0637,0.70,95.8,275.8,7.0
2025-06-17T07:10:00+00:00,1833.4,79.42,340.1,13.74,406.3,20.6,576.1,0.0554,0.60,95.8,275.8,6.5
2025-06-17T07:11:00+00:00,2044.3,85.19,353.0,13.87,373.5,24.5,670.7,0.0575,0.66,95.8,275.8,8.3
2025-06-17T07:12:00+00:00,1811.8,81.31,347.2,13.56,374.8,19.3,595.4,0.0552,0.61,95.8,275.8,7.0
2025-06-17T07:13:00+00:00,1988.7,83.47,340.2,13.83,382.8,19.6,616.0,0.0603,0.65,95.8,275.8,8.0
2025-06-17T07:14:00+00:00,1914.8,83.56,344.5,13.66,392.0,18.5,603.4,0.0610,0.61,95.8,275.8,6.5
2025-06-17T07:15:00+00:00,2051.8,85.53,350.4,13.78,379.0,24.2,627.9,0.0598,0.70,95.8,275.8,7.4
2025-06-17T07:16:00+00:00,2268.6,82.15,340.4,13.80,381.2,20.1,647.5,0.0594,0.57,95.8,275.8,6.6
2025-06-17T07:17:00+00:00,1898.6,78.69,345.0,13.50,367.0,21.8,596.7,0.0560,0.64,95.8,275.8,9.9
2025-06-17T07:18:00+00:00,2082.1,80.25,349.8,13.64,381.5,19.5,598.2,0.0612,0.65,95.8,275.8,8.3
2025-06-17T07:19:00+00:00,1874.1,81.28,360.0,13.54,362.1,20.4,576.9,0.0579,0.69,95.8,275.8,6.9
2025-06-17T07:20:00+00:00,2210.3,82.96,336.1,13.76,399.1,20.0,625.3,0.0598,0.61,95.8,275.8,6.9
2025-06-17T07:21:00+00:00,2141.1,82.11,363.6,13.78,384.6,21.6,592.3,0.0566,0.57,95.8,275.8,7.3
2025-06-17T07:22:00+00:00,1897.1,83.53,348.2,13.69,369.0,21.2,546.4,0.0555,0.58,95.8,275.8,8.2
2025-06-17T07:23:00+00:00,1997.0,81.29,348.9,14.07,396.8,19.9,604.4,0.0557,0.56,95.8,275.8,10.3
2025-06-17T07:24:00+00:00,2156.5,81.31,360.3,13.58,394.9,22.2,567.0,0.0632,0.56,95.8,275.8,8.1
2025-06-17T07:25:00+00:00,2006.6,83.35,353.8,13.67,382.9,21.2,591.6,0.0569,0.67,95.8,275.8,6.1
2025-06-17T07:26:00+00:00,1948.8,78.16,368.1,14.18,389.9,23.8,635.8,0.0565,0.65,95.8,275.8,6.4
2025-06-17T07:27:00+00:00,1961.2,79.95,347.8,13.75,366.5,19.9,562.0,0.0568,0.68,95.8,275.8,8.0
2025-06-17T07:28:00+00:00,2081.0,83.76,342.1,13.70,373.9,19.5,551.4,0.0610,0.64,95.8,275.8,7.8
2025-06-17T07:29:00+00:00,2103.9,79.87,351.4,14.21,401.1,19.5,610.3,0.0577,0.66,95.8,275.8,6.6
2025-06-17T07:30:00+00:00,2080.3,80.80,356.0,14.09,387.7,19.3,604.3,0.0574,0.66,95.8,275.8,11.0
2025-06-17T07:31:00+00:00,2066.7,82.04,351.2,14.06,373.2,22.2,574.2,0.0572,0.66,95.8,275.8,8.1
2025-06-17T07:32:00+00:00,2177.5,81.63,342.1,14.05,390.4,21.4,625.2,0.0583,0.71,95.8,275.8,7.2
2025-06-17T07:33:00+00:00,1952.0,83.59,346.8,13.80,380.5,22.7,580.0,0.0557,0.57,95.8,275.8,7.1
2025-06-17T07:34:00+00:00,1938.4,82.98,346.7,13.75,371.3,20.4,565.6,0.0570,0.71,95.8,275.8,7.6
2025-06-17T07:35:00+00:00,1844.0,81.12,361.1,13.83,391.7,20.1,552.4,0.0584,0.65,95.8,275.8,6.5
2025-06-17T07:36:00+00:00,2164.5,82.78,346.3,13.81,388.7,21.7,637.9,0.0577,0.67,95.8,275.8,8.8
2025-06-17T07:37:00+00:00,1864.6,80.27,346.0,14.23,381.4,22.1,631.5,0.0581,0.63,95.8,275.8,7.6
2025-06-17T07:38:00+00:00,1888.7,79.89,355.8,13.90,366.3,20.7,603.9,0.0556,0.61,95.8,275.8,7.7
2025-06-17T07:39:00+00:00,2001.1,81.04,331.8,13.71,385.9,19.8,578.1,0.0596,0.64,95.8,275.8,6.1
2025-06-17T07:40:00+00:00,1873.6,81.19,354.4,13.79,402.0,23.2,578.1,0.0563,0.68,95.8,275.8,6.9
2025-06-17T07:41:00+00:00,2142.2,81.82,350.4,13.95,403.6,20.5,592.5,0.0630,0.65,95.8,275.8,8.3
2025-06-17T07:42:00+00:00,2046.5,84.82,336.4,14.03,383.5,20.5,638.8,0.0564,0.59,95.8,275.8,8.7
2025-06-17T07:43:00+00:00,1857.0,79.00,341.9,13.93,382.0,19.4,602.4,0.0558,0.63,95.8,275.8,7.3
2025-06-17T07:44:00+00:00,1984.0,84.10,345.7,13.81,373.9,19.5,611.2,0.0568,0.66,95.8,275.8,9.2
2025-06-17T07:45:00+00:00,1946.1,83.63,351.8,13.72,356.9,20.8,589.6,0.0557,0.57,95.8,275.8,8.6
2025-06-17T07:46:00+00:00,2126.3,86.63,366.2,14.05,387.7,20.6,591.6,0.0611,0.70,95.8,275.8,7.8
2025-06-17T07:47:00+00:00,1934.0,83.95,339.8,13.75,378.8,18.8,592.9,0.0606,0.55,95.8,275.8,8.1
2025-06-17T07:48:00+00:00,2058.7,81.66,348.7,14.02,390.4,19.6,602.0,0.0598,0.58,95.8,275.8,8.1
2025-06-17T07:49:00+00:00,2229.6,81.15,362.3,14.01,382.3,20.5,572.3,0.0636,0.67,95.8,275.8,7.4
2025-06-17T07:50:00+00:00,2142.6,79.76,341.2,13.64,380.6,22.0,638.0,0.0571,0.62,95.8,275.8,6.9
2025-06-17T07:51:00+00:00,1856.1,85.74,354.4,13.54,359.2,20.0,615.6,0.0555,0.60,95.8,275.8,8.8
2025-06-17T07:52:00+00:00,2033.7,82.89,349.9,13.60,367.8,20.4,617.3,0.0643,0.66,95.8,275.8,7.3
2025-06-17T07:53:00+00:00,1033.0,76.85,349.9,13.70,332.0,19.0,545.8,0.0530,0.65,95.8,275.8,7.6
2025-06-17T07:54:00+00:00,814.6,80.36,362.9,13.79,342.9,18.1,571.2,0.0502,0.62,95.8,275.8,6.9
2025-06-17T07:55:00+00:00,827.7,79.58,365.2,13.48,323.9,17.8,581.9,0.0508,0.61,95.8,275.8,8.6
2025-06-17T07:56:00+00:00,998.8,79.94,341.9,13.74,333.5,20.8,505.0,0.0513,0.65,95.8,275.8,7.0
2025-06-17T07:57:00+00:00,1005.0,79.88,347.1,13.75,372.9,23.3,559.7,0.0506,0.58,95.8,275.8,6.9
2025-06-17T07:58:00+00:00,925.1,76.91,373.2,13.59,329.4,20.7,555.2,0.0509,0.64,95.8,275.8,5.7
2025-06-17T07:59:00+00:00,1037.5,80.71,362.5,13.73,372.9,19.7,544.2,0.0508,0.57,95.8,275.8,5.7
2025-06-17T08:00:00+00:00,1057.4,78.19,353.7,13.49,331.0,19.5,559.0,0.0560,0.62,95.8,275.8,9.3
2025-06-17T08:01:00+00:00,932.3,79.63,348.8,13.89,312.8,19.6,575.5,0.0567,0.69,95.8,275.8,6.4
2025-06-17T14:00:00+00:00,1073.8,78.45,362.0,13.65,361.0,19.5,600.0,0.0549,0.55,95.8,275.8,6.2
2025-06-17T14:01:00+00:00,1009.8,78.58,348.0,14.01,348.3,19.6,565.1,0.0539,0.70,95.8,275.8,8.0
2025-06-17T14:02:00+00:00,1052.2,79.07,344.0,13.62,366.3,21.8,541.9,0.0512,0.60,95.8,275.8,7.5
2025-06-17T14:03:00+00:00,782.0,79.88,364.5,13.93,335.1,17.9,545.5,0.0528,0.64,95.8,275.8,9.9
2025-06-17T14:04:00+00:00,947.4,78.76,359.6,14.04,335.6,23.3,533.9,0.0511,0.64,95.8,275.8,6.6
2025-06-17T14:05:00+00:00,1023.4,80.23,366.2,13.77,358.5,20.9,540.2,0.0563,0.65,95.8,275.8,7.9
2025-06-17T14:06:00+00:00,1088.6,80.29,356.3,13.69,331.1,24.3,571.1,0.0517,0.65,95.8,275.8,8.2
2025-06-17T14:07:00+00:00,1131.1,78.65,352.9,13.90,356.7,19.0,531.4,0.0517,0.63,95.8,275.8,8.8
2025-06-17T14:08:00+00:00,914.8,80.16,356.8,13.98,354.6,18.6,582.8,0.0509,0.64,95.8,275.8,7.6
2025-06-17T14:09:00+00:00,856.6,76.95,363.6,13.77,341.2,18.5,562.1,0.0509,0.68,95.8,275.8,5.8
2025-06-17T14:10:00+00:00,974.8,78.00,346.3,13.64,334.0,23.7,534.0,0.0517,0.70,95.8,275.8,8.6
2025-06-17T14:11:00+00:00,1090.8,78.25,355.1,13.84,351.4,17.8,580.3,0.0517,0.55,95.8,275.8,6.0
2025-06-17T14:12:00+00:00,1006.8,78.56,350.5,13.77,352.0,21.3,575.7,0.0516,0.67,95.8,275.8,6.5
2025-06-17T14:13:00+00:00,936.4,78.42,356.3,13.59,340.5,20.7,529.8,0.0526,0.58,95.8,275.8,8.3
2025-06-17T14:14:00+00:00,1003.1,79.67,350.7,14.03,346.6,21.6,577.0,0.0514,0.66,95.8,275.8,5.8
2025-06-17T14:15:00+00:00,1879.2,81.82,353.5,13.83,382.3,19.8,581.7,0.0573,0.54,95.8,275.8,9.4
2025-06-17T14:16:00+00:00,2121.0,84.91,336.0,13.93,377.8,19.4,554.5,0.0571,0.63,95.8,275.8,7.0
2025-06-17T14:17:00+00:00,1974.8,82.18,357.0,13.72,383.3,22.0,590.7,0.0558,0.57,95.8,275.8,10.8
2025-06-17T14:18:00+00:00,1953.8,80.49,365.0,13.77,377.3,20.1,577.3,0.0568,0.70,95.8,275.8,8.8
2025-06-17T14:19:00+00:00,2063.2,82.85,354.8,13.71,379.5,24.0,606.0,0.0556,0.51,95.8,275.8,6.8
2025-06-17T14:20:00+00:00,2241.8,82.53,345.7,13.64,396.9,22.6,610.2,0.0573,0.59,95.8,275.8,5.8
2025-06-17T14:21:00+00:00,2174.0,83.93,330.1,13.71,365.7,22.0,564.2,0.0573,0.62,95.8,275.8,9.2
2025-06-17T14:22:00+00:00,2102.8,84.46,347.1,13.82,393.0,19.4,592.9,0.0620,0.73,95.8,275.8,8.0
2025-06-17T14:23:00+00:00,1908.5,80.21,350.9,13.83,392.6,24.7,601.8,0.0555,0.57,95.8,275.8,8.4
2025-06-17T14:24:00+00:00,2079.0,83.46,350.6,13.86,366.9,22.5,645.8,0.0633,0.70,95.8,275.8,8.7
2025-06-17T14:25:00+00:00,2087.2,81.45,345.7,13.81,405.8,20.3,633.6,0.0630,0.68,95.8,275.8,8.5
2025-06-17T14:26:00+00:00,2183.6,84.53,353.1,14.00,380.3,22.2,652.3,0.0604,0.61,95.8,275.8,8.4
2025-06-17T14:27:00+00:00,2067.5,84.68,341.3,13.74,340.7,21.1,647.2,0.0564,0.58,95.8,275.8,8.6
2025-06-17T14:28:00+00:00,2174.5,84.66,343.0,13.96,416.1,24.9,596.7,0.0611,0.65,95.8,275.8,7.4
2025-06-17T14:29:00+00:00,2027.3,80.55,364.3,13.87,378.9,22.2,637.5,0.0563,0.59,95.8,275.8,7.1
2025-06-17T14:30:00+00:00,2067.1,81.86,342.9,13.95,356.3,21.7,633.9,0.0567,0.56,95.8,275.8,8.3
2025-06-17T14:31:00+00:00,1907.4,82.24,355.8,13.91,373.8,22.0,639.6,0.0550,0.53,95.8,275.8,8.0
2025-06-17T14:32:00+00:00,2023.9,83.66,344.0,13.84,365.3,22.4,585.6,0.0564,0.62,95.8,275.8,8.2
2025-06-17T14:33:00+00:00,2107.9,82.81,340.4,13.89,369.0,19.9,591.1,0.0580,0.71,95.8,275.8,8.2
2025-06-17T14:34:00+00:00,2026.4,83.65,345.6,13.97,395.2,22.0,616.8,0.0630,0.62,95.8,275.8,7.9
2025-06-17T14:35:00+00:00,1999.4,84.58,331.4,13.81,378.1,20.2,590.0,0.0574,0.72,95.8,275.8,7.4
2025-06-17T14:36:00+00:00,1946.7,81.14,350.8,13.53,385.0,20.2,579.1,0.0560,0.62,95.8,275.8,8.0
2025-06-17T14:37:00+00:00,1876.7,80.19,362.5,14.04,368.2,20.6,601.0,0.0586,0.63,95.8,275.8,10.1
2025-06-17T14:38:00+00:00,2155.6,80.13,368.0,13.80,363.2,21.1,602.9,0.0598,0.65,95.8,275.8,8.3
2025-06-17T14:39:00+00:00,2175.8,82.59,349.1,13.67,368.6,23.1,632.1,0.0586,0.61,95.8,275.8,7.5
2025-06-17T14:40:00+00:00,1871.2,81.57,342.2,13.81,360.8,19.9,596.9,0.0548,0.52,95.8,275.8,5.4
2025-06-17T14:41:00+00:00,1965.5,81.86,353.5,13.74,361.7,22.3,528.2,0.0619,0.57,95.8,275.8,7.9
2025-06-17T14:42:00+00:00,1942.5,81.70,354.6,13.76,358.8,20.9,608.7,0.0615,0.64,95.8,275.8,8.6
2025-06-17T14:43:00+00:00,2041.8,82.16,364.0,13.86,391.0,21.6,584.5,0.0569,0.64,95.8,275.8,9.3
2025-06-17T14:44:00+00:00,1946.9,81.20,344.2,13.89,361.5,20.8,563.6,0.0612,0.65,95.8,275.8,8.7
2025-06-17T14:45:00+00:00,1950.1,78.41,354.2,13.81,398.4,18.3,663.7,0.0560,0.60,95.8,275.8,7.0
2025-06-17T14:46:00+00:00,2060.5,83.95,353.8,13.94,384.9,22.6,583.5,0.0565,0.60,95.8,275.8,7.4
2025-06-17T14:47:00+00:00,2004.2,81.15,353.4,13.72,376.2,20.5,601.7,0.0562,0.58,95.8,275.8,6.9
2025-06-17T14:48:00+00:00,2058.3,80.70,346.3,13.67,392.7,23.2,601.2,0.0572,0.67,95.8,275.8,8.4
2025-06-17T14:49:00+00:00,1673.0,81.83,358.7,13.89,355.0,22.9,584.2,0.0637,0.65,95.8,275.8,7.9
2025-06-17T14:50:00+00:00,2042.7,81.85,338.7,13.97,383.1,22.4,578.6,0.0587,0.64,95.8,275.8,5.8
2025-06-17T14:51:00+00:00,2142.6,82.94,349.7,13.88,386.0,22.0,586.0,0.0571,0.63,95.8,275.8,7.0
2025-06-17T14:52:00+00:00,1953.6,81.78,352.3,13.66,402.7,20.2,672.8,0.0601,0.67,95.8,275.8,8.5
2025-06-17T14:53:00+00:00,1827.1,78.51,353.4,13.72,371.0,21.6,646.8,0.0570,0.79,95.8,275.8,7.0
2025-06-17T14:54:00+00:00,1915.8,80.44,339.8,13.68,364.5,19.6,581.6,0.0557,0.61,95.8,275.8,7.3
2025-06-17T14:55:00+00:00,1928.8,81.92,352.4,13.89,369.6,19.8,593.9,0.0605,0.60,95.8,275.8,7.5
2025-06-17T14:56:00+00:00,1991.4,81.00,347.8,13.78,363.5,19.8,592.5,0.0569,0.67,95.8,275.8,8.2
2025-06-17T14:57:00+00:00,1994.0,81.77,346.3,13.90,373.8,19.7,617.0,0.0572,0.71,95.8,275.8,9.0
2025-06-17T14:58:00+00:00,1968.7,83.27,351.0,13.80,363.9,22.0,563.6,0.0557,0.58,95.8,275.8,5.3
2025-06-17T14:59:00+00:00,1830.9,83.19,354.1,13.84,372.6,20.2,628.0,0.0549,0.56,95.8,275.8,8.5
2025-06-17T15:00:00+00:00,1881.8,82.96,345.3,13.84,386.9,21.9,610.5,0.0617,0.72,95.8,275.8,6.9
2025-06-17T15:01:00+00:00,2002.3,81.69,345.5,13.94,382.9,22.0,622.0,0.0581,0.63,95.8,275.8,8.8
2025-06-17T15:02:00+00:00,2016.0,84.07,348.8,13.74,381.8,21.4,604.4,0.0560,0.56,95.8,275.8,6.8
2025-06-17T15:03:00+00:00,2022.3,80.56,354.0,13.58,374.4,16.9,604.2,0.0605,0.65,95.8,275.8,6.2
2025-06-17T15:04:00+00:00,2116.8,82.26,345.0,13.46,371.5,22.2,560.2,0.0572,0.63,95.8,275.8,7.6
2025-06-17T15:05:00+00:00,1996.5,81.89,345.3,13.89,397.2,20.8,600.7,0.0597,0.63,95.8,275.8,8.0
2025-06-17T15:06:00+00:00,2212.3,83.51,350.6,13.80,382.8,21.8,619.8,0.0566,0.54,95.8,275.8,8.0
2025-06-17T15:07:00+00:00,2009.4,79.39,340.3,13.94,375.2,18.5,589.8,0.0565,0.64,95.8,275.8,7.6
2025-06-17T15:08:00+00:00,1991.1,82.10,328.9,13.85,366.9,20.0,634.8,0.0562,0.61,95.8,275.8,8.6
2025-06-17T15:09:00+00:00,2048.4,83.04,357.3,13.82,362.2,22.8,555.3,0.0588,0.70,95.8,275.8,6.3
2025-06-17T15:10:00+00:00,2058.1,84.24,362.7,13.89,393.1,19.7,564.8,0.0573,0.68,95.8,275.8,7.5
2025-06-17T15:11:00+00:00,2317.0,86.68,349.1,13.81,410.0,23.0,627.4,0.0585,0.60,95.8,275.8,7.9
2025-06-17T15:12:00+00:00,2089.3,83.86,359.5,13.71,384.0,18.4,596.2,0.0577,0.70,95.8,275.8,7.9
2025-06-17T15:13:00+00:00,2454.5,83.03,368.9,13.75,385.1,20.2,636.2,0.0587,0.62,95.8,275.8,8.9
2025-06-17T15:14:00+00:00,2462.6,80.88,344.1,13.90,419.3,20.0,616.1,0.0583,0.57,95.8,275.8,7.4
2025-06-17T15:15:00+00:00,2390.8,83.64,361.2,13.78,390.0,22.3,668.7,0.0586,0.62,95.8,275.8,9.5
2025-06-17T15:16:00+00:00,1957.3,81.31,356.1,13.78,351.4,22.1,633.6,0.0588,0.57,95.8,275.8,5.8
2025-06-17T15:17:00+00:00,2546.6,84.46,349.4,13.72,418.1,19.3,640.4,0.0594,0.62,95.8,275.8,8.1
2025-06-17T15:18:00+00:00,2070.1,81.81,359.9,13.84,344.4,23.1,632.9,0.0560,0.56,95.8,275.8,7.1
2025-06-17T15:19:00+00:00,1982.1,84.08,348.6,13.77,369.0,22.4,626.6,0.0565,0.64,95.8,275.8,7.2
2025-06-17T15:20:00+00:00,1901.3,84.56,353.5,13.94,370.1,23.1,606.6,0.0566,0.70,95.8,275.8,8.6
2025-06-17T15:21:00+00:00,2058.8,79.86,354.7,13.88,397.1,19.2,612.3,0.0600,0.54,95.8,275.8,8.2
2025-06-17T15:22:00+00:00,2051.8,83.54,341.9,14.14,398.8,18.5,604.8,0.0570,0.60,95.8,275.8,8.1
2025-06-17T15:23:00+00:00,1888.8,83.55,365.4,14.19,385.7,20.8,564.9,0.0622,0.74,95.8,275.8,6.2
2025-06-17T15:24:00+00:00,1897.7,79.75,344.0,13.81,383.6,21.9,577.8,0.0564,0.67,95.8,275.8,8.7
2025-06-17T15:25:00+00:00,1965.8,81.10,356.3,13.59,398.2,21.3,582.6,0.0565,0.65,95.8,275.8,9.6
2025-06-17T15:26:00+00:00,2019.7,83.09,368.4,13.99,371.7,21.7,592.6,0.0607,0.61,95.8,275.8,6.2
2025-06-17T15:27:00+00:00,2408.6,84.53,341.1,13.94,391.0,21.7,558.8,0.0589,0.65,95.8,275.8,7.6
2025-06-17T15:28:00+00:00,1759.0,82.90,331.2,13.70,364.6,23.7,605.8,0.0552,0.61,95.8,275.8,7.5
2025-06-17T15:29:00+00:00,2007.4,80.97,349.5,13.73,374.3,21.5,618.8,0.0561,0.60,95.8,275.8,9.5
2025-06-17T15:30:00+00:00,1803.9,81.93,363.7,14.13,348.1,18.8,612.7,0.0558,0.66,95.8,275.8,7.8
2025-06-17T15:31:00+00:00,2027.5,81.84,355.1,13.84,382.8,21.2,620.3,0.0565,0.61,95.8,275.8,6.6
2025-06-17T15:32:00+00:00,2096.0,81.08,345.8,13.93,380.9,20.0,592.3,0.0571,0.64,95.8,275.8,9.0
2025-06-17T15:33:00+00:00,2470.4,83.90,355.3,13.75,391.7,20.7,635.9,0.0582,0.55,95.8,275.8,8.6
2025-06-17T15:34:00+00:00,1958.1,79.99,340.9,13.69,372.8,20.6,632.7,0.0570,0.69,95.8,275.8,7.2
2025-06-17T15:35:00+00:00,1941.4,81.88,360.5,14.00,357.2,21.0,614.1,0.0560,0.60,95.8,275.8,7.9
2025-06-17T15:36:00+00:00,2473.3,85.43,343.0,13.96,390.4,20.1,651.4,0.0697,0.64,95.8,275.8,4.8
2025-06-17T15:37:00+00:00,2095.2,82.57,356.6,13.73,410.4,20.1,620.2,0.0575,0.67,95.8,275.8,7.5
2025-06-17T15:38:00+00:00,2439.4,84.01,352.0,13.58,397.8,20.2,582.7,0.0622,0.65,95.8,275.8,8.3
2025-06-17T15:39:00+00:00,2437.1,85.46,337.1,13.70,372.9,22.7,614.0,0.0589,0.63,95.8,275.8,8.8
2025-06-17T15:40:00+00:00,2405.9,82.83,347.4,13.95,381.9,21.0,671.4,0.0585,0.61,95.8,275.8,7.5
2025-06-17T15:41:00+00:00,1954.9,82.54,338.1,13.77,391.1,20.2,649.1,0.0565,0.65,95.8,275.8,9.1
2025-06-17T15:42:00+00:00,2137.4,84.91,356.0,13.58,378.8,19.1,612.8,0.0569,0.59,95.8,275.8,7.8
2025-06-17T15:43:00+00:00,2466.9,81.34,343.3,13.69,392.2,19.8,638.3,0.0612,0.68,95.8,275.8,6.9
2025-06-17T15:44:00+00:00,2134.4,80.09,353.6,14.02,404.0,22.1,631.3,0.0574,0.64,95.8,275.8,6.8
2025-06-17T15:45:00+00:00,2189.4,78.33,354.4,13.60,368.6,21.0,590.5,0.0642,0.63,95.8,275.8,7.5
2025-06-17T15:46:00+00:00,2473.6,83.61,343.8,13.57,394.7,22.5,645.6,0.0587,0.60,95.8,275.8,8.4
2025-06-17T15:47:00+00:00,2227.0,83.20,345.1,13.77,389.5,20.2,621.3,0.0585,0.71,95.8,275.8,6.8
2025-06-17T15:48:00+00:00,1989.4,82.20,351.1,13.68,382.4,23.0,616.0,0.0601,0.65,95.8,275.8,8.1
2025-06-17T15:49:00+00:00,1997.7,82.88,357.1,13.71,399.3,22.2,588.2,0.0568,0.65,95.8,275.8,7.7
2025-06-17T15:50:00+00:00,2028.5,84.08,345.3,13.80,383.8,22.6,591.7,0.0555,0.53,95.8,275.8,7.8
2025-06-17T15:51:00+00:00,1904.9,80.56,351.6,13.60,386.1,19.6,661.5,0.0564,0.67,95.8,275.8,7.7
2025-06-17T15:52:00+00:00,2049.1,81.41,348.6,13.91,398.8,20.7,614.2,0.0616,0.62,95.8,275.8,8.3
2025-06-17T15:53:00+00:00,2054.9,81.99,340.9,13.44,395.4,21.3,628.4,0.0570,0.61,95.8,275.8,7.0
2025-06-17T15:54:00+00:00,2090.9,80.79,358.0,13.67,385.3,21.0,615.7,0.0594,0.62,95.8,275.8,6.6
2025-06-17T15:55:00+00:00,2064.6,82.55,361.9,14.01,367.5,21.7,587.1,0.0614,0.57,95.8,275.8,7.5
2025-06-17T15:56:00+00:00,1942.0,81.70,342.7,13.62,385.7,22.8,615.3,0.0572,0.73,95.8,275.8,8.5
2025-06-17T15:57:00+00:00,1618.4,80.28,361.0,13.95,351.8,21.3,556.1,0.0555,0.63,95.8,275.8,8.3
2025-06-17T15:58:00+00:00,2303.4,83.70,347.3,13.68,373.4,19.8,598.1,0.0633,0.66,95.8,275.8,9.3
2025-06-17T15:59:00+00:00,1940.1,82.43,346.8,13.69,356.7,20.5,598.6,0.0642,0.59,95.8,275.8,6.9
2025-06-17T16:00:00+00:00,1857.0,82.09,350.6,13.73,347.3,19.9,640.7,0.0557,0.62,95.8,275.8,7.4
2025-06-17T16:01:00+00:00,2004.4,82.85,335.7,13.40,380.9,18.8,636.5,0.0567,0.63,95.8,275.8,7.4
2025-06-17T16:02:00+00:00,2008.6,82.29,352.9,13.73,388.2,21.0,545.7,0.0628,0.67,95.8,275.8,8.0
2025-06-17T16:03:00+00:00,2200.1,83.61,343.3,13.64,394.6,22.8,624.5,0.0569,0.56,95.8,275.8,6.8
2025-06-17T16:04:00+00:00,2089.4,81.05,335.8,13.60,386.2,20.9,578.7,0.0565,0.59,95.8,275.8,6.6
2025-06-17T16:05:00+00:00,1953.6,80.06,362.2,13.77,369.9,22.7,599.7,0.0564,0.64,95.8,275.8,8.4
2025-06-17T16:06:00+00:00,1898.3,82.64,348.8,13.83,381.7,19.9,583.2,0.0558,0.61,95.8,275.8,7.3
2025-06-17T16:07:00+00:00,2007.3,82.30,365.8,13.74,395.8,21.4,595.0,0.0620,0.67,95.8,275.8,8.4
2025-06-17T16:08:00+00:00,2188.1,83.56,346.9,13.95,393.3,21.5,602.3,0.0565,0.53,95.8,275.8,7.3
2025-06-17T16:09:00+00:00,2165.9,80.37,352.0,13.89,396.2,18.5,667.8,0.0582,0.56,95.8,275.8,7.0
2025-06-17T16:10:00+00:00,2087.8,81.47,349.2,13.89,378.7,19.4,600.4,0.0609,0.58,95.8,275.8,8.2
2025-06-17T16:11:00+00:00,1947.2,79.20,374.1,13.71,394.0,21.3,624.2,0.0563,0.63,95.8,275.8,7.2
2025-06-17T16:12:00+00:00,2055.3,79.92,332.4,13.87,379.1,20.4,626.9,0.0568,0.63,95.8,275.8,8.2
2025-06-17T16:13:00+00:00,2124.8,83.49,349.3,13.98,396.5,20.8,639.9,0.0596,0.62,95.8,275.8,8.2
2025-06-17T16:14:00+00:00,2224.8,84.00,334.2,13.98,378.3,23.8,614.6,0.0719,0.62,95.8,275.8,7.4
2025-06-17T16:15:00+00:00,1954.0,82.56,341.2,13.82,377.9,21.3,610.3,0.0630,0.59,95.8,275.8,7.4
2025-06-17T16:16:00+00:00,2036.0,82.67,342.5,13.92,392.2,20.1,655.2,0.0579,0.64,95.8,275.8,6.0
2025-06-17T16:17:00+00:00,2140.7,83.06,346.7,13.59,398.7,20.2,610.9,0.0580,0.70,95.8,275.8,8.2
2025-06-17T16:18:00+00:00,1925.0,80.92,344.5,13.63,382.7,19.7,684.7,0.0556,0.57,95.8,275.8,9.0
2025-06-17T16:19:00+00:00,2309.0,83.08,349.5,13.83,378.1,22.7,560.5,0.0653,0.64,95.8,275.8,8.6
2025-06-17T16:20:00+00:00,1974.6,81.04,345.2,14.07,369.2,23.1,588.3,0.0568,0.66,95.8,275.8,6.4
2025-06-17T16:21:00+00:00,1888.8,84.12,338.6,14.08,405.3,22.1,603.1,0.0552,0.55,95.8,275.8,7.1
2025-06-17T16:22:00+00:00,2118.2,82.67,347.9,13.77,402.1,19.3,558.1,0.0591,0.61,95.8,275.8,7.3
2025-06-17T16:23:00+00:00,2102.3,83.54,345.1,13.66,372.7,21.8,624.6,0.0618,0.55,95.8,275.8,7.9
2025-06-17T16:24:00+00:00,2004.0,86.08,342.4,13.62,381.3,22.2,643.1,0.0568,0.66,95.8,275.8,9.3
2025-06-17T16:25:00+00:00,2268.7,85.20,346.7,13.92,403.6,20.3,537.4,0.0579,0.63,95.8,275.8,7.6
2025-06-17T16:26:00+00:00,1930.6,78.23,358.2,13.75,372.0,20.2,637.2,0.0552,0.54,95.8,275.8,6.7
2025-06-17T16:27:00+00:00,1976.4,81.92,348.7,13.81,376.2,22.0,619.4,0.0571,0.62,95.8,275.8,8.2
2025-06-17T16:28:00+00:00,1949.3,82.91,363.1,13.81,372.8,25.1,616.9,0.0561,0.61,95.8,275.8,9.6
2025-06-17T16:29:00+00:00,1910.4,81.06,354.9,13.85,388.3,21.6,531.6,0.0564,0.67,95.8,275.8,7.4
2025-06-17T16:30:00+00:00,1949.9,83.22,348.9,13.80,389.7,21.0,607.0,0.0557,0.57,95.8,275.8,8.1
2025-06-17T16:31:00+00:00,2018.7,79.89,345.0,14.08,383.2,18.6,599.6,0.0563,0.59,95.8,275.8,6.7
2025-06-17T16:32:00+00:00,2004.1,81.53,348.6,13.75,368.2,22.3,588.6,0.0601,0.74,95.8,275.8,7.0
2025-06-17T16:33:00+00:00,2069.5,81.81,359.9,13.76,375.5,21.5,592.8,0.0597,0.63,95.8,275.8,7.0
2025-06-17T16:34:00+00:00,2202.2,84.01,345.0,13.65,375.9,21.9,612.4,0.0597,0.57,95.8,275.8,5.5
2025-06-17T16:35:00+00:00,2151.9,85.96,347.9,13.71,394.8,20.6,628.0,0.0636,0.66,95.8,275.8,8.4
2025-06-17T16:36:00+00:00,2012.6,78.89,341.8,13.69,379.3,21.0,589.6,0.0561,0.58,95.8,275.8,7.1
2025-06-17T16:37:00+00:00,2011.7,83.65,353.4,13.59,400.5,18.4,564.7,0.0563,0.62,95.8,275.8,8.2
2025-06-17T16:38:00+00:00,2034.6,86.06,347.7,13.78,394.4,21.1,600.6,0.0564,0.59,95.8,275.8,7.6
2025-06-17T16:39:00+00:00,2217.9,83.89,344.6,13.93,406.1,21.6,599.6,0.0578,0.63,95.8,275.8,8.1
2025-06-17T16:40:00+00:00,2085.7,79.47,342.2,13.91,384.7,21.1,554.9,0.0613,0.62,95.8,275.8,6.8
2025-06-17T16:41:00+00:00,1967.4,79.06,360.9,13.79,376.0,21.3,569.1,0.0559,0.58,95.8,275.8,6.2
2025-06-17T16:42:00+00:00,1895.1,84.22,340.7,13.89,372.9,19.9,561.8,0.0580,0.59,95.8,275.8,9.0
2025-06-17T16:43:00+00:00,890.1,81.21,359.1,13.71,344.8,22.8,562.5,0.0512,0.68,95.8,275.8,7.9
2025-06-17T16:44:00+00:00,1148.2,79.33,354.6,13.73,363.0,21.4,590.2,0.0524,0.65,95.8,275.8,8.9
2025-06-17T16:45:00+00:00,862.3,75.16,374.9,13.84,366.4,21.5,531.3,0.0503,0.62,95.8,275.8,7.0
2025-06-17T16:46:00+00:00,997.3,79.22,357.1,13.90,347.3,23.2,533.8,0.0550,0.69,95.8,275.8,8.0
2025-06-17T16:47:00+00:00,1112.6,81.09,346.4,13.89,353.4,23.5,520.8,0.0659,0.67,95.8,275.8,8.7
2025-06-17T16:48:00+00:00,1030.5,81.22,353.4,13.89,360.4,19.8,560.9,0.0512,0.52,95.8,275.8,8.4
2025-06-17T16:49:00+00:00,985.8,76.94,353.9,13.90,337.1,20.3,537.9,0.0507,0.59,95.8,275.8,8.6
2025-06-17T16:50:00+00:00,889.7,79.06,373.4,13.95,344.1,21.1,588.5,0.0567,0.64,95.8,275.8,7.1
2025-06-17T16:51:00+00:00,1053.4,78.68,359.8,13.73,352.2,20.6,521.7,0.0560,0.62,95.8,275.8,7.8
2025-06-17T16:52:00+00:00,1145.8,76.60,350.3,13.85,362.8,20.8,572.3,0.0516,0.61,95.8,275.8,7.9
2025-06-17T16:53:00+00:00,983.8,81.20,358.0,13.60,343.6,20.4,554.8,0.0519,0.58,95.8,275.8,7.7
2025-06-17T16:54:00+00:00,951.6,80.32,348.4,13.67,357.5,18.4,604.8,0.0535,0.65,95.8,275.8,8.2
2025-06-17T16:55:00+00:00,1077.9,78.65,369.7,13.89,358.2,19.3,581.3,0.0509,0.56,95.8,275.8,8.2
2025-06-17T16:56:00+00:00,979.2,77.17,361.2,14.14,359.1,18.6,595.3,0.0504,0.56,95.8,275.8,6.9
2025-06-18T06:00:00+00:00,1058.4,76.88,361.5,13.93,355.6,21.7,578.8,0.0596,1.35,140.7,95.7,19.7
2025-06-18T06:01:00+00:00,919.2,80.85,353.2,13.85,322.5,23.1,551.6,0.0575,1.33,140.7,95.7,17.1
2025-06-18T06:02:00+00:00,976.6,81.35,361.4,13.91,366.8,21.7,544.6,0.0583,1.36,140.7,95.7,18.6
2025-06-18T06:03:00+00:00,813.3,80.41,353.4,13.79,338.4,20.5,556.8,0.0570,1.31,140.7,95.7,16.1
2025-06-18T06:04:00+00:00,882.3,78.97,357.7,14.01,335.5,24.1,579.6,0.0576,1.33,140.7,95.7,17.9
2025-06-18T06:05:00+00:00,899.3,78.44,347.9,13.71,340.1,24.9,531.2,0.0607,1.27,140.7,95.7,16.6
2025-06-18T06:06:00+00:00,982.6,78.26,349.1,13.80,361.8,21.8,551.1,0.0577,1.29,140.7,95.7,16.4
2025-06-18T06:07:00+00:00,1049.3,78.72,345.3,14.01,358.2,23.8,605.0,0.0586,1.20,140.7,95.7,17.6
2025-06-18T06:08:00+00:00,868.4,82.13,364.7,13.74,362.1,23.5,557.3,0.0604,1.31,140.7,95.7,19.5
2025-06-18T06:09:00+00:00,1073.8,81.99,352.6,14.07,349.0,23.3,553.0,0.0578,1.26,140.7,95.7,16.6
2025-06-18T06:10:00+00:00,889.9,79.44,363.1,13.64,343.9,20.6,571.9,0.0568,1.25,140.7,95.7,18.6
2025-06-18T06:11:00+00:00,2067.8,85.42,341.6,13.86,362.6,22.7,600.7,0.0684,1.34,140.7,95.7,18.7
2025-06-18T06:12:00+00:00,2185.7,81.44,347.9,13.84,388.0,20.6,651.9,0.0666,1.28,140.7,95.7,16.8
2025-06-18T06:13:00+00:00,2061.4,79.07,357.5,13.74,386.1,21.8,548.8,0.0630,1.24,140.7,95.7,15.7
2025-06-18T06:14:00+00:00,2047.5,83.05,354.0,13.94,373.2,21.4,586.3,0.0632,1.27,140.7,95.7,15.8
2025-06-18T06:15:00+00:00,1980.6,81.21,343.6,13.50,382.7,20.8,615.5,0.0642,1.35,140.7,95.7,18.2
2025-06-18T06:16:00+00:00,1950.6,81.62,343.3,13.96,370.5,19.5,572.4,0.0632,1.33,140.7,95.7,17.2
2025-06-18T06:17:00+00:00,1984.3,82.42,338.2,13.81,384.7,23.7,623.8,0.0625,1.24,140.7,95.7,16.9
2025-06-18T06:18:00+00:00,1845.5,83.31,347.8,13.71,379.5,21.5,585.1,0.0642,1.26,140.7,95.7,15.7
2025-06-18T06:19:00+00:00,2038.7,80.61,341.2,13.74,397.2,21.6,589.7,0.0751,1.29,140.7,95.7,18.0
2025-06-18T06:20:00+00:00,1916.1,82.13,356.5,13.56,366.2,19.9,569.2,0.0681,1.24,140.7,95.7,18.3
2025-06-18T06:21:00+00:00,2118.1,81.30,344.8,13.74,382.8,19.0,602.1,0.0682,1.31,140.7,95.7,16.3
2025-06-18T06:22:00+00:00,2094.8,80.82,351.6,13.87,390.3,21.4,596.5,0.0658,1.29,140.7,95.7,18.7
2025-06-18T06:23:00+00:00,1914.3,82.49,355.9,13.90,385.9,22.1,642.8,0.0623,1.25,140.7,95.7,16.5
2025-06-18T06:24:00+00:00,1973.9,81.04,350.6,14.06,384.5,20.4,607.5,0.0632,1.31,140.7,95.7,17.4
2025-06-18T06:25:00+00:00,2081.2,83.44,347.6,13.86,377.8,17.3,644.0,0.0637,1.31,140.7,95.7,16.0
2025-06-18T06:26:00+00:00,2100.6,84.80,352.3,13.67,384.2,22.0,594.9,0.0738,1.30,140.7,95.7,17.7
2025-06-18T06:27:00+00:00,2027.0,81.47,355.0,14.08,376.5,18.9,565.5,0.0632,1.29,140.7,95.7,17.0
2025-06-18T06:28:00+00:00,1931.0,80.06,355.8,14.01,389.4,20.6,568.1,0.0647,1.27,140.7,95.7,17.1
2025-06-18T06:29:00+00:00,2067.6,82.31,343.4,13.62,385.8,20.5,558.0,0.0637,1.32,140.7,95.7,17.9
2025-06-18T06:30:00+00:00,2008.6,80.35,356.4,13.95,385.2,18.9,611.5,0.0632,1.30,140.7,95.7,18.6
2025-06-18T06:31:00+00:00,2026.3,81.98,356.2,13.66,399.9,19.5,620.9,0.0631,1.28,140.7,95.7,17.0
2025-06-18T06:32:00+00:00,1894.9,81.44,350.5,13.58,373.3,21.5,545.6,0.0660,1.23,140.7,95.7,17.1
2025-06-18T06:33:00+00:00,2064.0,82.31,352.4,13.79,403.0,20.8,564.4,0.0638,1.32,140.7,95.7,16.0
2025-06-18T06:34:00+00:00,1987.5,81.36,355.4,13.88,371.9,21.5,610.3,0.0680,1.38,140.7,95.7,17.8
2025-06-18T06:35:00+00:00,2087.7,83.08,343.6,13.71,366.5,22.6,651.1,0.0660,1.28,140.7,95.7,19.5
2025-06-18T06:36:00+00:00,2103.0,83.47,355.1,13.77,364.6,22.7,652.1,0.0631,1.25,140.7,95.7,17.5
2025-06-18T06:37:00+00:00,2067.1,80.55,331.7,13.85,368.1,18.7,609.4,0.0633,1.28,140.7,95.7,18.0
2025-06-18T06:38:00+00:00,2035.8,81.89,363.9,13.83,381.8,21.9,611.7,0.0632,1.27,140.7,95.7,18.0
2025-06-18T06:39:00+00:00,1937.9,82.20,356.9,13.99,379.6,21.3,613.4,0.0627,1.28,140.7,95.7,16.8
2025-06-18T06:40:00+00:00,2085.6,83.20,347.9,13.75,386.4,23.1,617.4,0.0632,1.25,140.7,95.7,18.3
2025-06-18T06:41:00+00:00,1966.5,79.88,343.5,14.07,379.7,21.9,593.8,0.0632,1.31,140.7,95.7,18.7
2025-06-18T06:42:00+00:00,1885.6,81.74,352.1,13.93,353.1,21.0,609.9,0.0626,1.31,140.7,95.7,16.9
2025-06-18T06:43:00+00:00,2018.6,81.99,333.7,13.78,378.6,21.4,586.6,0.0681,1.34,140.7,95.7,19.6
2025-06-18T06:44:00+00:00,2147.0,83.40,345.7,14.00,387.0,18.9,628.2,0.0640,1.31,140.7,95.7,19.3
2025-06-18T06:45:00+00:00,1961.9,83.76,350.3,13.81,404.7,21.1,580.5,0.0651,1.27,140.7,95.7,16.5
2025-06-18T06:46:00+00:00,1944.7,78.37,344.2,13.72,378.2,18.6,623.4,0.0623,1.24,140.7,95.7,15.5
2025-06-18T06:47:00+00:00,1875.1,80.91,340.7,13.70,369.3,19.2,616.1,0.0629,1.33,140.7,95.7,17.1
2025-06-18T06:48:00+00:00,1904.8,82.42,354.8,13.72,380.6,21.7,653.9,0.0626,1.21,140.7,95.7,18.2
2025-06-18T06:49:00+00:00,2190.1,83.86,351.0,13.81,366.8,21.0,610.9,0.0645,1.33,140.7,95.7,18.1
2025-06-18T06:50:00+00:00,1871.8,82.49,333.5,13.98,379.2,20.1,609.6,0.0634,1.24,140.7,95.7,18.1
2025-06-18T06:51:00+00:00,1891.8,82.15,353.7,13.69,383.0,23.4,652.5,0.0687,1.28,140.7,95.7,18.1
2025-06-18T06:52:00+00:00,1897.4,80.20,325.6,13.69,363.1,23.7,613.5,0.0653,1.32,140.7,95.7,18.3
2025-06-18T06:53:00+00:00,2121.0,82.48,347.9,13.86,366.5,20.4,566.5,0.0695,1.23,140.7,95.7,18.2
2025-06-18T06:54:00+00:00,1965.5,82.15,345.6,13.89,361.1,21.9,612.5,0.0686,1.37,140.7,95.7,17.0
2025-06-18T06:55:00+00:00,2066.5,81.15,356.7,13.68,378.2,19.6,583.9,0.0635,1.31,140.7,95.7,18.6
2025-06-18T06:56:00+00:00,2015.6,81.96,343.5,13.91,364.7,20.5,621.5,0.0703,1.32,140.7,95.7,17.0
2025-06-18T06:57:00+00:00,2472.1,86.92,351.8,13.83,384.4,21.9,654.4,0.0653,1.26,140.7,95.7,15.8
2025-06-18T06:58:00+00:00,2167.1,83.36,338.5,13.92,363.2,20.2,624.6,0.0639,1.27,140.7,95.7,17.4
2025-06-18T06:59:00+00:00,2368.9,83.84,357.4,13.81,370.1,19.0,568.6,0.0756,1.33,140.7,95.7,17.7
2025-06-18T07:00:00+00:00,1981.6,80.66,351.7,13.69,376.7,22.8,570.7,0.0685,1.27,140.7,95.7,17.7
2025-06-18T07:01:00+00:00,2016.0,84.64,333.6,13.78,382.7,21.5,611.2,0.0785,1.35,140.7,95.7,17.5
2025-06-18T07:02:00+00:00,2128.6,82.90,342.7,14.25,374.0,22.5,615.1,0.0637,1.29,140.7,95.7,18.6
2025-06-18T07:03:00+00:00,2129.7,83.38,354.0,13.65,382.2,23.6,601.3,0.0701,1.19,140.7,95.7,16.3
2025-06-18T07:04:00+00:00,2427.8,81.05,352.4,13.65,382.4,20.9,617.5,0.0691,1.32,140.7,95.7,17.3
2025-06-18T07:05:00+00:00,1974.4,80.63,354.6,14.15,371.7,22.9,573.9,0.0643,1.42,140.7,95.7,19.3
2025-06-18T07:06:00+00:00,2378.0,83.26,340.9,13.53,390.8,22.2,647.6,0.0682,1.24,140.7,95.7,19.2
2025-06-18T07:07:00+00:00,1998.0,82.01,352.2,13.70,389.6,19.2,628.5,0.0634,1.29,140.7,95.7,17.2
2025-06-18T07:08:00+00:00,2410.1,82.83,343.5,13.72,377.0,20.2,671.1,0.0655,1.31,140.7,95.7,17.6
2025-06-18T07:09:00+00:00,1963.4,82.65,353.5,13.67,387.7,17.6,618.9,0.0636,1.27,140.7,95.7,18.4
2025-06-18T07:10:00+00:00,2042.7,83.26,347.4,13.55,381.2,24.4,603.4,0.0637,1.30,140.7,95.7,16.5
2025-06-18T07:11:00+00:00,2056.0,81.69,328.8,13.72,369.3,24.3,623.7,0.0720,1.38,140.7,95.7,19.9
2025-06-18T07:12:00+00:00,1891.7,83.57,350.5,13.89,370.6,23.2,527.5,0.0624,1.24,140.7,95.7,17.6
2025-06-18T07:13:00+00:00,2176.9,83.33,349.1,13.84,389.9,19.9,604.3,0.0695,1.23,140.7,95.7,16.1
2025-06-18T07:14:00+00:00,2027.0,83.83,366.8,13.58,373.4,20.0,571.4,0.0625,1.22,140.7,95.7,17.1
2025-06-18T07:15:00+00:00,2068.0,84.39,347.1,14.01,380.2,19.7,600.3,0.0646,1.39,140.7,95.7,19.1
2025-06-18T07:16:00+00:00,2471.5,83.97,338.8,13.76,422.3,19.5,636.3,0.0647,1.19,140.7,95.7,17.1
2025-06-18T07:17:00+00:00,2108.4,83.16,337.1,13.93,378.1,22.1,581.0,0.0655,1.30,140.7,95.7,18.0
2025-06-18T07:18:00+00:00,1925.0,84.04,340.6,13.75,374.1,21.8,598.2,0.0629,1.31,140.7,95.7,17.2
2025-06-18T07:19:00+00:00,2475.9,83.84,342.7,13.68,398.6,20.1,598.8,0.0757,1.34,140.7,95.7,18.0
2025-06-18T07:20:00+00:00,2227.3,85.40,348.3,13.86,365.2,20.3,605.0,0.0637,1.22,140.7,95.7,18.9
2025-06-18T07:21:00+00:00,1812.8,81.42,355.6,13.66,369.3,21.4,576.2,0.0623,1.31,140.7,95.7,18.8
2025-06-18T07:22:00+00:00,2147.4,82.33,343.7,13.87,374.3,23.2,671.9,0.0678,1.32,140.7,95.7,18.0
2025-06-18T07:23:00+00:00,2059.0,84.03,352.5,13.68,389.9,22.2,553.2,0.0679,1.26,140.7,95.7,18.2
2025-06-18T07:24:00+00:00,1815.8,82.86,363.6,13.84,386.2,20.3,591.4,0.0616,1.24,140.7,95.7,18.0
2025-06-18T07:25:00+00:00,2201.5,82.63,345.2,13.93,391.5,20.0,611.1,0.0636,1.24,140.7,95.7,18.6
2025-06-18T07:26:00+00:00,2146.6,81.88,347.4,13.93,390.9,23.9,639.1,0.0653,1.22,140.7,95.7,15.5
2025-06-18T07:27:00+00:00,2029.5,82.80,348.7,13.67,403.2,22.9,586.2,0.0631,1.27,140.7,95.7,18.0
2025-06-18T07:28:00+00:00,1966.0,79.50,357.0,13.94,374.8,22.0,632.2,0.0637,1.36,140.7,95.7,19.0
2025-06-18T07:29:00+00:00,1854.4,79.56,360.5,13.74,368.8,19.6,573.3,0.0648,1.20,140.7,95.7,17.9
2025-06-18T07:30:00+00:00,1979.8,83.82,346.4,13.89,371.8,21.8,647.9,0.0685,1.28,140.7,95.7,18.6
2025-06-18T07:31:00+00:00,2176.1,84.43,347.5,13.88,392.0,22.0,611.2,0.0634,1.25,140.7,95.7,18.3
2025-06-18T07:32:00+00:00,1971.2,82.17,342.3,13.70,388.8,20.5,594.3,0.0695,1.33,140.7,95.7,18.7
2025-06-18T07:33:00+00:00,2296.1,82.06,348.6,13.63,397.1,21.3,624.2,0.0700,1.35,140.7,95.7,19.2
2025-06-18T07:34:00+00:00,2066.1,84.59,346.6,13.58,391.4,21.5,584.8,0.0712,1.29,140.7,95.7,17.5
2025-06-18T07:35:00+00:00,2110.8,83.32,355.9,13.50,380.5,19.9,626.1,0.0641,1.33,140.7,95.7,18.7
2025-06-18T07:36:00+00:00,2174.4,81.18,337.2,13.35,402.5,21.1,570.3,0.0758,1.31,140.7,95.7,18.2
2025-06-18T07:37:00+00:00,2042.2,81.36,362.1,13.65,370.0,21.0,616.3,0.0706,1.35,140.7,95.7,17.5
2025-06-18T07:38:00+00:00,1846.9,82.77,340.4,13.99,391.4,23.7,626.8,0.0622,1.28,140.7,95.7,18.6
2025-06-18T07:39:00+00:00,2007.7,81.45,356.5,13.64,398.0,19.7,627.5,0.0643,1.23,140.7,95.7,17.1
2025-06-18T07:40:00+00:00,1937.1,81.03,350.0,13.85,368.5,20.4,626.7,0.0615,1.16,140.7,95.7,19.2
2025-06-18T07:41:00+00:00,2159.6,83.33,351.6,13.77,379.7,19.9,573.6,0.0637,1.28,140.7,95.7,19.1
2025-06-18T07:42:00+00:00,1994.6,82.75,356.4,13.86,378.4,20.0,616.7,0.0711,1.37,140.7,95.7,16.0
2025-06-18T07:43:00+00:00,1920.0,80.72,350.4,13.77,385.5,21.0,616.6,0.0629,1.31,140.7,95.7,18.9
2025-06-18T07:44:00+00:00,2027.7,80.74,360.3,13.53,363.1,21.4,623.7,0.0633,1.30,140.7,95.7,17.0
2025-06-18T07:45:00+00:00,2082.2,82.51,346.2,13.73,370.5,24.3,600.4,0.0666,1.40,140.7,95.7,16.2
2025-06-18T07:46:00+00:00,2127.3,83.60,350.0,13.86,369.3,21.8,640.7,0.0635,1.26,140.7,95.7,16.6
2025-06-18T07:47:00+00:00,1950.7,82.27,360.6,14.00,366.2,21.7,592.6,0.0621,1.20,140.7,95.7,17.6
2025-06-18T07:48:00+00:00,2065.0,81.61,347.5,14.04,373.7,20.9,596.1,0.0724,1.28,140.7,95.7,19.5
2025-06-18T07:49:00+00:00,1886.7,86.26,349.7,13.73,388.9,18.3,579.1,0.0665,1.24,140.7,95.7,17.1
2025-06-18T07:50:00+00:00,2255.2,85.73,343.9,13.90,383.1,22.5,627.5,0.0647,1.31,140.7,95.7,16.9
2025-06-18T07:51:00+00:00,1950.0,82.12,363.0,14.10,374.0,22.7,590.0,0.0711,1.26,140.7,95.7,16.6
2025-06-18T07:52:00+00:00,2004.3,82.81,353.7,13.90,380.8,18.7,623.2,0.0649,1.26,140.7,95.7,17.5
2025-06-18T07:53:00+00:00,2062.0,83.61,329.4,13.78,383.1,18.7,601.8,0.0676,1.30,140.7,95.7,18.5
2025-06-18T07:54:00+00:00,2178.7,85.23,339.4,13.68,386.1,19.9,581.1,0.0634,1.23,140.7,95.7,18.2
2025-06-18T07:55:00+00:00,1887.3,83.81,353.3,13.77,365.7,24.2,633.3,0.0631,1.21,140.7,95.7,17.0
2025-06-18T07:56:00+00:00,2012.8,81.23,343.9,14.00,397.7,20.4,634.5,0.0632,1.30,140.7,95.7,17.5
2025-06-18T07:57:00+00:00,1977.0,80.48,344.8,13.94,390.7,21.0,644.0,0.0719,1.26,140.7,95.7,15.5
2025-06-18T07:58:00+00:00,1967.2,82.32,349.5,13.62,375.4,20.6,683.0,0.0627,1.26,140.7,95.7,17.8
2025-06-18T07:59:00+00:00,1927.4,85.53,358.2,13.95,380.0,22.7,616.7,0.0641,1.33,140.7,95.7,17.5
2025-06-18T08:00:00+00:00,2085.1,83.35,353.1,13.82,391.0,21.6,630.1,0.0627,1.19,140.7,95.7,19.3
2025-06-18T08:01:00+00:00,2133.4,82.17,339.5,13.67,403.5,21.0,609.2,0.0674,1.32,140.7,95.7,17.3
2025-06-18T08:02:00+00:00,2059.6,82.90,364.1,13.84,375.1,22.5,578.5,0.0658,1.39,140.7,95.7,17.5
2025-06-18T08:03:00+00:00,2030.4,79.91,349.5,13.97,399.0,23.0,618.5,0.0649,1.22,140.7,95.7,17.1
2025-06-18T08:04:00+00:00,1048.3,79.07,335.2,13.76,337.0,20.2,529.6,0.0586,1.33,140.7,95.7,17.5
2025-06-18T08:05:00+00:00,995.7,77.89,364.9,13.74,330.6,19.3,558.5,0.0613,1.26,140.7,95.7,17.4
2025-06-18T08:06:00+00:00,841.8,76.72,354.2,13.89,352.2,21.4,544.9,0.0662,1.26,140.7,95.7,18.1
2025-06-18T08:07:00+00:00,1001.7,81.04,356.5,13.61,355.9,20.3,574.8,0.0577,1.28,140.7,95.7,18.9
2025-06-18T08:08:00+00:00,961.1,78.95,347.2,13.91,331.2,20.4,503.3,0.0577,1.31,140.7,95.7,16.3
2025-06-18T08:09:00+00:00,1173.1,80.34,361.4,13.77,363.4,22.6,535.4,0.0610,1.28,140.7,95.7,18.0
2025-06-18T08:10:00+00:00,1055.8,79.50,358.5,13.69,353.3,21.0,566.6,0.0582,1.30,140.7,95.7,18.9
2025-06-18T08:11:00+00:00,997.8,77.75,350.5,14.05,359.1,19.2,594.6,0.0574,1.22,140.7,95.7,19.5
2025-06-18T08:12:00+00:00,982.0,78.09,353.0,13.68,363.6,20.5,552.1,0.0577,1.29,140.7,95.7,15.5
2025-06-18T08:13:00+00:00,996.8,78.64,355.6,13.52,363.0,20.6,545.7,0.0579,1.31,140.7,95.7,17.5
2025-06-18T14:00:00+00:00,1033.4,76.93,367.6,13.84,343.5,21.3,570.0,0.0581,1.32,140.7,95.7,17.9
2025-06-18T14:01:00+00:00,956.2,78.02,345.9,13.92,334.0,22.9,607.6,0.0589,1.37,140.7,95.7,17.9
2025-06-18T14:02:00+00:00,1050.3,78.06,355.4,13.71,359.7,23.1,542.6,0.0646,1.30,140.7,95.7,16.0
2025-06-18T14:03:00+00:00,1015.5,76.25,354.0,13.91,337.8,22.7,626.2,0.0576,1.27,140.7,95.7,17.2
2025-06-18T14:04:00+00:00,867.7,80.09,367.0,13.73,352.3,21.8,572.5,0.0696,1.30,140.7,95.7,17.3
2025-06-18T14:05:00+00:00,1009.4,77.21,359.9,13.87,326.9,22.1,545.1,0.0706,1.27,140.7,95.7,19.0
2025-06-18T14:06:00+00:00,1084.7,77.57,347.7,13.77,361.0,21.4,515.4,0.0585,1.32,140.7,95.7,18.6
2025-06-18T14:07:00+00:00,1000.7,77.09,361.3,13.87,359.7,19.1,546.3,0.0604,1.27,140.7,95.7,18.7
2025-06-18T14:08:00+00:00,1027.5,82.24,362.5,13.89,356.9,22.6,601.7,0.0582,1.34,140.7,95.7,17.2
2025-06-18T14:09:00+00:00,1099.9,80.39,365.8,13.70,350.0,19.9,513.1,0.0582,1.29,140.7,95.7,19.8
2025-06-18T14:10:00+00:00,1953.2,83.30,344.6,13.67,379.4,21.7,580.5,0.0629,1.31,140.7,95.7,16.4
2025-06-18T14:11:00+00:00,1913.1,82.43,345.0,13.90,375.7,21.8,559.2,0.0623,1.24,140.7,95.7,16.0
2025-06-18T14:12:00+00:00,2156.6,83.92,347.5,13.65,390.2,20.8,618.6,0.0642,1.32,140.7,95.7,15.9
2025-06-18T14:13:00+00:00,2205.7,81.61,344.8,13.74,390.6,23.0,588.4,0.0709,1.32,140.7,95.7,17.5
2025-06-18T14:14:00+00:00,1946.1,80.99,352.9,14.13,373.7,20.9,566.9,0.0633,1.32,140.7,95.7,18.7
2025-06-18T14:15:00+00:00,1929.0,82.31,352.9,13.54,385.5,18.6,619.7,0.0637,1.37,140.7,95.7,20.1
2025-06-18T14:16:00+00:00,2047.7,81.22,358.6,13.96,376.1,22.0,631.5,0.0641,1.38,140.7,95.7,18.4
2025-06-18T14:17:00+00:00,2079.1,82.20,351.9,13.86,379.3,20.6,601.1,0.0636,1.29,140.7,95.7,16.7
2025-06-18T14:18:00+00:00,2149.0,83.06,342.0,13.80,384.9,20.7,626.2,0.0633,1.23,140.7,95.7,16.9
2025-06-18T14:19:00+00:00,1992.7,80.92,346.3,13.86,406.7,21.5,634.3,0.0640,1.38,140.7,95.7,19.0
2025-06-18T14:20:00+00:00,1976.5,83.51,350.9,13.74,366.8,20.4,638.1,0.0630,1.30,140.7,95.7,16.0
2025-06-18T14:21:00+00:00,2137.6,85.28,341.1,13.84,395.9,21.8,641.0,0.0651,1.23,140.7,95.7,17.3
2025-06-18T14:22:00+00:00,1923.1,81.87,344.6,13.96,391.8,16.1,577.5,0.0663,1.31,140.7,95.7,18.7
2025-06-18T14:23:00+00:00,1870.5,80.22,350.4,13.74,382.9,20.8,629.7,0.0624,1.26,140.7,95.7,17.3
2025-06-18T14:24:00+00:00,1941.4,82.12,346.2,13.69,359.4,21.9,596.3,0.0619,1.21,140.7,95.7,18.4
2025-06-18T14:25:00+00:00,2032.7,81.48,356.5,13.79,391.1,22.3,605.9,0.0635,1.31,140.7,95.7,16.7
2025-06-18T14:26:00+00:00,1991.0,80.16,339.4,13.70,395.1,20.7,568.3,0.0629,1.29,140.7,95.7,18.2
2025-06-18T14:27:00+00:00,1945.2,82.72,341.0,13.88,354.7,19.3,561.7,0.0625,1.26,140.7,95.7,17.0
2025-06-18T14:28:00+00:00,1892.8,83.21,337.4,13.64,359.0,22.5,620.7,0.0627,1.30,140.7,95.7,16.8
2025-06-18T14:29:00+00:00,1877.7,83.35,368.0,13.93,357.6,22.0,594.5,0.0674,1.27,140.7,95.7,18.1
2025-06-18T14:30:00+00:00,1970.4,80.63,349.5,13.80,381.1,22.8,603.9,0.0672,1.29,140.7,95.7,17.6
2025-06-18T14:31:00+00:00,1981.9,82.68,350.4,13.72,387.1,18.8,593.4,0.0757,1.29,140.7,95.7,18.2
2025-06-18T14:32:00+00:00,2182.8,84.46,341.5,13.65,380.3,23.3,633.4,0.0674,1.30,140.7,95.7,17.3
2025-06-18T14:33:00+00:00,1832.1,81.07,346.3,13.90,373.6,20.6,611.3,0.0624,1.31,140.7,95.7,16.3
2025-06-18T14:34:00+00:00,2034.6,84.14,345.9,13.83,360.3,20.5,670.0,0.0643,1.29,140.7,95.7,18.5
2025-06-18T14:35:00+00:00,2102.9,80.90,356.8,13.77,394.0,22.6,581.0,0.0627,1.19,140.7,95.7,17.6
2025-06-18T14:36:00+00:00,1944.3,81.18,365.2,13.91,403.9,20.8,611.8,0.0629,1.24,140.7,95.7,15.2
2025-06-18T14:37:00+00:00,2149.7,82.21,356.4,13.62,378.7,20.9,648.4,0.0682,1.25,140.7,95.7,18.8
2025-06-18T14:38:00+00:00,2166.0,83.12,355.2,13.83,372.6,22.6,690.2,0.0696,1.24,140.7,95.7,18.3
2025-06-18T14:39:00+00:00,1978.9,82.23,345.2,13.90,389.2,21.1,582.5,0.0631,1.30,140.7,95.7,16.4
2025-06-18T14:40:00+00:00,2135.2,85.17,343.1,13.68,396.9,19.2,565.7,0.0646,1.35,140.7,95.7,17.5
2025-06-18T14:41:00+00:00,1900.6,83.74,354.1,13.59,371.6,22.7,573.6,0.0681,1.28,140.7,95.7,16.7
2025-06-18T14:42:00+00:00,1976.1,79.90,346.6,13.63,370.5,23.8,582.9,0.0649,1.23,140.7,95.7,17.1
2025-06-18T14:43:00+00:00,1968.2,81.32,361.3,13.84,386.3,21.4,601.5,0.0647,1.31,140.7,95.7,18.1
2025-06-18T14:44:00+00:00,1844.1,80.53,350.4,13.64,384.0,22.3,590.9,0.0656,1.31,140.7,95.7,17.8
2025-06-18T14:45:00+00:00,1941.0,81.01,338.8,13.78,366.8,22.4,617.3,0.0620,1.21,140.7,95.7,17.6
2025-06-18T14:46:00+00:00,2001.2,82.48,343.9,14.08,363.3,24.0,582.5,0.0666,1.30,140.7,95.7,16.3
2025-06-18T14:47:00+00:00,1929.6,84.40,354.5,13.85,395.8,20.5,622.1,0.0679,1.28,140.7,95.7,19.4
2025-06-18T14:48:00+00:00,2052.9,80.16,347.5,13.63,397.5,21.8,594.0,0.0636,1.31,140.7,95.7,16.9
2025-06-18T14:49:00+00:00,1964.7,82.38,350.1,13.85,408.4,22.2,583.7,0.0631,1.31,140.7,95.7,18.6
2025-06-18T14:50:00+00:00,2454.9,85.96,358.8,13.49,395.7,20.7,602.1,0.0793,1.37,140.7,95.7,16.0
2025-06-18T14:51:00+00:00,2541.9,85.75,349.3,13.61,403.7,22.2,599.3,0.0656,1.26,140.7,95.7,16.7
2025-06-18T14:52:00+00:00,1924.7,80.02,349.6,13.86,373.8,20.4,648.9,0.0656,1.28,140.7,95.7,19.0
2025-06-18T14:53:00+00:00,2087.9,83.60,355.8,13.78,397.8,23.2,582.4,0.0652,1.33,140.7,95.7,17.1
2025-06-18T14:54:00+00:00,2444.1,84.15,342.9,13.89,419.4,24.4,623.7,0.0680,1.22,140.7,95.7,18.0
2025-06-18T14:55:00+00:00,2068.8,80.85,335.4,13.77,393.8,20.2,535.0,0.0639,1.34,140.7,95.7,17.2
2025-06-18T14:56:00+00:00,2031.1,83.54,353.0,13.64,383.9,21.2,569.8,0.0627,1.23,140.7,95.7,17.5
2025-06-18T14:57:00+00:00,2032.9,82.01,360.0,13.82,369.6,21.1,636.3,0.0690,1.25,140.7,95.7,17.0
2025-06-18T14:58:00+00:00,1999.0,84.99,346.5,13.64,377.2,23.4,685.9,0.0638,1.33,140.7,95.7,18.3
2025-06-18T14:59:00+00:00,1938.9,83.72,359.5,13.67,374.8,21.9,612.6,0.0641,1.30,140.7,95.7,18.8
2025-06-18T15:00:00+00:00,1880.8,82.67,351.4,13.93,378.6,23.6,580.8,0.0623,1.26,140.7,95.7,17.7
2025-06-18T15:01:00+00:00,2414.7,81.98,339.3,13.93,404.2,23.7,605.2,0.0646,1.22,140.7,95.7,16.2
2025-06-18T15:02:00+00:00,2034.9,83.36,356.3,13.82,376.3,21.7,612.1,0.0631,1.26,140.7,95.7,16.5
2025-06-18T15:03:00+00:00,2090.3,83.71,351.7,13.76,393.8,22.4,657.3,0.0636,1.28,140.7,95.7,15.9
2025-06-18T15:04:00+00:00,2566.8,80.75,333.1,13.95,395.4,22.0,653.3,0.0680,1.30,140.7,95.7,17.3
2025-06-18T15:05:00+00:00,2067.4,82.59,343.0,13.94,408.7,20.2,578.0,0.0668,1.31,140.7,95.7,17.5
2025-06-18T15:06:00+00:00,2509.7,86.04,339.1,13.94,375.5,21.2,624.3,0.0654,1.26,140.7,95.7,16.5
2025-06-18T15:07:00+00:00,2499.8,84.35,348.2,14.02,390.1,20.1,645.5,0.0722,1.28,140.7,95.7,17.5
2025-06-18T15:08:00+00:00,2211.5,84.66,334.8,13.85,406.6,23.4,578.3,0.0643,1.27,140.7,95.7,15.7
2025-06-18T15:09:00+00:00,2234.0,85.10,341.9,13.88,392.8,23.9,579.7,0.0642,1.27,140.7,95.7,17.2
2025-06-18T15:10:00+00:00,2019.9,82.08,353.5,13.79,380.4,22.7,600.5,0.0634,1.31,140.7,95.7,18.5
2025-06-18T15:11:00+00:00,2567.8,84.44,340.4,13.73,400.7,20.3,595.7,0.0659,1.27,140.7,95.7,18.7
2025-06-18T15:12:00+00:00,1956.4,81.67,332.9,13.83,381.2,24.0,600.8,0.0691,1.27,140.7,95.7,15.9
2025-06-18T15:13:00+00:00,2430.1,82.63,344.3,13.71,369.1,19.7,626.5,0.0654,1.28,140.7,95.7,16.3
2025-06-18T15:14:00+00:00,1900.6,82.13,333.0,13.66,386.3,17.0,574.2,0.0654,1.28,140.7,95.7,17.8
2025-06-18T15:15:00+00:00,2145.7,85.61,355.6,13.82,390.9,20.3,607.9,0.0665,1.29,140.7,95.7,16.3
2025-06-18T15:16:00+00:00,2060.3,81.61,350.0,13.93,384.1,20.0,580.2,0.0631,1.26,140.7,95.7,17.0
2025-06-18T15:17:00+00:00,2194.8,85.13,345.3,13.88,381.1,20.5,587.2,0.0646,1.33,140.7,95.7,19.3
2025-06-18T15:18:00+00:00,1858.5,82.53,344.8,13.66,372.0,20.2,554.9,0.0704,1.23,140.7,95.7,17.6
2025-06-18T15:19:00+00:00,1986.5,83.03,355.9,13.77,376.4,21.1,602.7,0.0705,1.32,140.7,95.7,18.4
2025-06-18T15:20:00+00:00,1979.1,83.14,347.6,13.77,365.9,19.1,613.3,0.0628,1.28,140.7,95.7,18.0
2025-06-18T15:21:00+00:00,2027.7,81.78,354.3,13.66,372.2,20.4,585.1,0.0737,1.33,140.7,95.7,18.1
2025-06-18T15:22:00+00:00,2005.9,82.98,342.3,13.68,374.0,23.0,536.5,0.0654,1.32,140.7,95.7,18.3
2025-06-18T15:23:00+00:00,2116.7,84.53,345.3,13.61,392.9,22.4,617.0,0.0710,1.47,140.7,95.7,17.7
2025-06-18T15:24:00+00:00,1976.7,82.38,346.9,13.82,370.1,21.7,622.2,0.0667,1.29,140.7,95.7,18.6
2025-06-18T15:25:00+00:00,1997.1,81.52,348.4,13.81,365.3,22.7,606.5,0.0635,1.33,140.7,95.7,19.1
2025-06-18T15:26:00+00:00,1875.3,83.13,351.4,13.78,370.4,19.3,630.3,0.0647,1.29,140.7,95.7,17.7
2025-06-18T15:27:00+00:00,1897.4,80.69,340.7,13.83,360.1,20.0,593.3,0.0676,1.25,140.7,95.7,19.0
2025-06-18T15:28:00+00:00,1954.6,80.61,352.3,14.05,372.4,19.4,613.5,0.0678,1.31,140.7,95.7,18.7
2025-06-18T15:29:00+00:00,2035.8,84.08,353.8,13.81,376.5,19.3,614.6,0.0633,1.29,140.7,95.7,17.4
2025-06-18T15:30:00+00:00,1974.3,82.70,350.4,13.84,380.4,22.0,592.4,0.0700,1.28,140.7,95.7,16.6
2025-06-18T15:31:00+00:00,2081.0,84.74,358.9,13.73,392.1,19.1,549.3,0.0664,1.27,140.7,95.7,17.5
2025-06-18T15:32:00+00:00,2162.4,86.05,360.0,13.81,394.3,17.2,609.9,0.0673,1.27,140.7,95.7,18.3
2025-06-18T15:33:00+00:00,2011.3,79.91,361.9,13.79,386.7,23.3,619.8,0.0676,1.25,140.7,95.7,17.9
2025-06-18T15:34:00+00:00,2204.2,79.81,343.4,13.81,363.0,20.5,662.4,0.0659,1.26,140.7,95.7,18.5
2025-06-18T15:35:00+00:00,2188.4,79.72,344.6,13.78,384.3,21.3,614.3,0.0782,1.26,140.7,95.7,17.3
2025-06-18T15:36:00+00:00,2151.8,83.46,345.5,13.98,386.4,20.2,580.4,0.0631,1.21,140.7,95.7,16.0
2025-06-18T15:37:00+00:00,1951.3,82.89,347.2,13.64,370.7,22.0,567.7,0.0625,1.26,140.7,95.7,18.3
2025-06-18T15:38:00+00:00,1882.7,84.99,345.3,13.91,375.7,18.8,599.5,0.0624,1.29,140.7,95.7,16.3
2025-06-18T15:39:00+00:00,1965.5,80.42,338.9,13.88,369.4,22.8,571.0,0.0628,1.27,140.7,95.7,16.0
2025-06-18T15:40:00+00:00,1764.8,83.57,357.9,13.99,364.6,21.1,661.5,0.0651,1.32,140.7,95.7,19.8
2025-06-18T15:41:00+00:00,2028.7,80.71,336.2,13.78,368.0,21.6,641.2,0.0638,1.35,140.7,95.7,18.5
2025-06-18T15:42:00+00:00,1955.4,80.73,361.1,13.73,379.7,21.0,575.8,0.0669,1.31,140.7,95.7,17.1
2025-06-18T15:43:00+00:00,2076.1,82.38,352.5,13.90,385.7,24.7,605.9,0.0632,1.26,140.7,95.7,16.6
2025-06-18T15:44:00+00:00,2102.8,82.86,347.9,13.75,375.9,21.7,567.8,0.0678,1.35,140.7,95.7,18.8
2025-06-18T15:45:00+00:00,1903.8,83.33,341.3,13.63,390.5,19.5,584.5,0.0621,1.23,140.7,95.7,18.8
2025-06-18T15:46:00+00:00,1986.4,80.41,351.7,13.97,377.3,20.9,623.6,0.0696,1.21,140.7,95.7,16.3
2025-06-18T15:47:00+00:00,1791.6,80.54,350.8,13.74,359.5,22.7,601.9,0.0624,1.33,140.7,95.7,17.9
2025-06-18T15:48:00+00:00,2313.4,84.63,355.6,13.95,385.8,22.4,594.6,0.0650,1.29,140.7,95.7,18.6
2025-06-18T15:49:00+00:00,1630.5,79.68,343.0,13.89,377.9,20.4,571.8,0.0633,1.33,140.7,95.7,15.4
2025-06-18T15:50:00+00:00,2038.2,83.71,350.5,13.75,372.7,17.4,619.5,0.0670,1.30,140.7,95.7,16.6
2025-06-18T15:51:00+00:00,2036.3,82.03,359.4,13.68,407.1,22.4,631.7,0.0669,1.27,140.7,95.7,18.6
2025-06-18T15:52:00+00:00,2009.9,82.01,346.4,13.91,384.5,19.2,600.6,0.0658,1.24,140.7,95.7,20.0
2025-06-18T15:53:00+00:00,2147.5,84.31,348.2,13.85,387.8,23.0,594.6,0.0676,1.32,140.7,95.7,19.5
2025-06-18T15:54:00+00:00,1982.2,82.17,345.5,13.72,386.8,19.7,605.9,0.0646,1.31,140.7,95.7,17.7
2025-06-18T15:55:00+00:00,1143.7,79.88,343.0,13.83,348.2,20.4,524.7,0.0648,1.35,140.7,95.7,16.6
2025-06-18T15:56:00+00:00,1058.2,77.71,357.8,13.66,338.4,21.3,535.0,0.0586,1.35,140.7,95.7,17.0
2025-06-18T15:57:00+00:00,986.9,79.60,346.4,14.01,340.7,22.1,555.9,0.0689,1.28,140.7,95.7,17.1
2025-06-18T15:58:00+00:00,1024.1,80.69,354.2,13.87,359.6,23.0,558.3,0.0608,1.31,140.7,95.7,17.7
2025-06-18T15:59:00+00:00,833.2,77.38,352.4,13.83,341.9,20.8,543.5,0.0585,1.43,140.7,95.7,17.5
2025-06-18T16:00:00+00:00,984.6,79.99,352.3,13.84,355.7,18.5,533.8,0.0577,1.29,140.7,95.7,17.7
2025-06-18T16:01:00+00:00,1072.2,79.51,350.3,13.74,370.7,18.7,559.1,0.0593,1.28,140.7,95.7,17.2
2025-06-18T16:02:00+00:00,1098.3,75.94,365.6,13.66,348.9,22.8,588.4,0.0582,1.29,140.7,95.7,17.5
2025-06-18T16:03:00+00:00,1032.6,76.33,350.0,13.67,356.1,21.2,590.5,0.0577,1.27,140.7,95.7,17.1
2025-06-19T06:00:00+00:00,1097.0,79.08,354.4,13.72,348.3,20.4,524.9,0.0532,0.78,273.1,93.1,7.8
2025-06-19T06:01:00+00:00,968.1,80.97,351.6,13.79,347.6,19.2,548.5,0.0531,0.77,273.1,93.1,9.7
2025-06-19T06:02:00+00:00,1053.9,77.42,347.3,13.81,349.7,21.4,574.2,0.0532,0.79,273.1,93.1,9.9
2025-06-19T06:03:00+00:00,931.3,77.09,343.1,13.95,347.8,23.2,524.3,0.0531,0.70,273.1,93.1,8.4
2025-06-19T06:04:00+00:00,961.1,79.75,364.5,13.56,343.8,22.1,595.7,0.0532,0.85,273.1,93.1,9.0
2025-06-19T06:05:00+00:00,955.7,78.48,363.9,13.75,355.3,20.3,581.5,0.0518,0.71,273.1,93.1,9.8
2025-06-19T06:06:00+00:00,1002.1,79.81,363.2,13.69,365.2,22.1,543.4,0.0593,0.81,273.1,93.1,7.8
2025-06-19T06:07:00+00:00,920.0,80.65,353.8,13.73,347.8,22.2,544.7,0.0584,0.70,273.1,93.1,8.9
2025-06-19T06:08:00+00:00,854.6,80.78,361.4,13.63,350.6,23.1,523.4,0.0523,0.83,273.1,93.1,7.5
2025-06-19T06:09:00+00:00,1132.6,77.55,344.6,13.93,370.5,21.2,572.6,0.0536,0.80,273.1,93.1,9.2
2025-06-19T06:10:00+00:00,2068.5,83.29,350.2,13.96,378.3,21.5,604.5,0.0586,0.81,273.1,93.1,9.9
2025-06-19T06:11:00+00:00,1980.2,82.87,364.4,13.74,390.7,19.4,577.9,0.0580,0.77,273.1,93.1,9.2
2025-06-19T06:12:00+00:00,1937.9,81.65,364.2,13.90,378.8,20.5,629.2,0.0660,0.69,273.1,93.1,8.9
2025-06-19T06:13:00+00:00,2101.2,81.79,360.7,13.97,369.9,21.9,617.4,0.0601,0.76,273.1,93.1,9.2
2025-06-19T06:14:00+00:00,1999.0,81.84,342.3,13.90,389.8,21.8,574.6,0.0606,0.81,273.1,93.1,8.7
2025-06-19T06:15:00+00:00,1957.4,82.37,340.8,13.64,374.4,20.7,677.4,0.0598,0.82,273.1,93.1,10.3
2025-06-19T06:16:00+00:00,1951.7,81.29,349.1,13.83,378.7,23.7,630.0,0.0585,0.84,273.1,93.1,8.2
2025-06-19T06:17:00+00:00,2000.3,82.18,355.2,13.81,385.9,24.8,644.2,0.0663,0.75,273.1,93.1,10.8
2025-06-19T06:18:00+00:00,2065.5,82.91,351.9,14.10,381.1,20.3,634.9,0.0593,0.66,273.1,93.1,8.5
2025-06-19T06:19:00+00:00,2002.2,84.78,355.2,13.51,392.2,25.2,581.4,0.0605,0.74,273.1,93.1,9.3
2025-06-19T06:20:00+00:00,2127.1,83.05,347.9,13.61,398.4,20.1,629.0,0.0622,0.82,273.1,93.1,9.8
2025-06-19T06:21:00+00:00,2090.2,81.03,343.5,13.94,372.5,23.2,622.2,0.0580,0.72,273.1,93.1,9.7
2025-06-19T06:22:00+00:00,1964.0,81.65,344.6,13.70,375.3,22.2,587.1,0.0579,0.79,273.1,93.1,8.1
2025-06-19T06:23:00+00:00,2055.9,83.15,357.5,13.74,381.0,25.2,576.4,0.0589,0.84,273.1,93.1,9.5
2025-06-19T06:24:00+00:00,2238.5,83.95,345.6,13.73,369.3,21.7,637.9,0.0628,0.70,273.1,93.1,8.4
2025-06-19T06:25:00+00:00,1959.8,80.37,343.7,13.92,370.2,21.0,640.5,0.0602,0.83,273.1,93.1,9.2
2025-06-19T06:26:00+00:00,2160.3,82.19,348.8,13.86,377.6,21.2,645.8,0.0589,0.77,273.1,93.1,9.0
2025-06-19T06:27:00+00:00,2191.3,84.67,327.0,13.70,407.2,20.7,661.4,0.0641,0.80,273.1,93.1,10.1
2025-06-19T06:28:00+00:00,2170.4,80.47,357.1,13.92,384.3,20.0,565.8,0.0677,0.72,273.1,93.1,9.0
2025-06-19T06:29:00+00:00,2043.5,80.73,349.1,13.88,372.8,20.7,593.9,0.0581,0.76,273.1,93.1,9.8
2025-06-19T06:30:00+00:00,2003.1,83.62,348.9,13.81,381.1,21.1,574.1,0.0650,0.86,273.1,93.1,10.8
2025-06-19T06:31:00+00:00,2194.7,85.91,364.2,13.62,380.8,19.4,626.5,0.0595,0.72,273.1,93.1,8.5
2025-06-19T06:32:00+00:00,1911.6,75.43,345.5,13.65,365.1,21.2,639.2,0.0568,0.71,273.1,93.1,9.1
2025-06-19T06:33:00+00:00,1865.3,81.30,342.9,13.94,389.3,18.9,614.5,0.0582,0.77,273.1,93.1,9.8
2025-06-19T06:34:00+00:00,2157.8,81.79,345.3,13.68,404.2,22.4,626.1,0.0585,0.75,273.1,93.1,10.6
2025-06-19T06:35:00+00:00,1886.2,83.51,343.0,13.93,389.1,18.5,590.1,0.0604,0.77,273.1,93.1,9.3
2025-06-19T06:36:00+00:00,1943.2,82.45,356.7,13.76,394.6,21.0,588.9,0.0669,0.77,273.1,93.1,8.7
2025-06-19T06:37:00+00:00,2092.7,82.86,348.5,13.95,354.4,21.9,641.9,0.0645,0.70,273.1,93.1,9.1
2025-06-19T06:38:00+00:00,1842.5,82.98,345.1,13.92,390.8,19.8,543.7,0.0601,0.83,273.1,93.1,9.5
2025-06-19T06:39:00+00:00,2076.5,80.97,349.6,13.84,412.6,19.3,653.6,0.0676,0.74,273.1,93.1,8.6
2025-06-19T06:40:00+00:00,2038.6,82.22,359.1,13.83,374.7,22.2,583.4,0.0584,0.82,273.1,93.1,9.5
2025-06-19T06:41:00+00:00,1853.9,82.74,344.7,13.77,388.9,21.6,593.1,0.0580,0.84,273.1,93.1,8.9
2025-06-19T06:42:00+00:00,2135.0,84.19,357.8,13.91,409.8,21.0,625.5,0.0588,0.78,273.1,93.1,6.7
2025-06-19T06:43:00+00:00,2109.7,80.56,355.7,13.79,397.0,20.6,564.8,0.0616,0.82,273.1,93.1,8.9
2025-06-19T06:44:00+00:00,1911.3,78.83,370.2,13.95,376.0,22.5,623.3,0.0569,0.70,273.1,93.1,8.1
2025-06-19T06:45:00+00:00,1967.8,83.11,360.3,13.73,366.1,22.6,691.8,0.0577,0.76,273.1,93.1,8.9
2025-06-19T06:46:00+00:00,1783.5,81.60,338.2,13.58,375.5,19.1,630.9,0.0627,0.79,273.1,93.1,9.9
2025-06-19T06:47:00+00:00,2043.3,81.48,356.8,13.85,392.2,21.9,613.4,0.0599,0.80,273.1,93.1,8.4
2025-06-19T06:48:00+00:00,1958.3,82.55,350.0,13.68,412.6,21.5,592.6,0.0577,0.77,273.1,93.1,8.4
2025-06-19T06:49:00+00:00,2094.0,82.07,353.1,13.99,373.3,19.4,579.5,0.0614,0.80,273.1,93.1,9.4
2025-06-19T06:50:00+00:00,2357.7,84.20,350.6,13.84,376.2,19.9,600.3,0.0655,0.77,273.1,93.1,10.4
2025-06-19T06:51:00+00:00,2015.1,81.66,349.9,13.88,390.2,21.0,604.6,0.0590,0.87,273.1,93.1,8.4
2025-06-19T06:52:00+00:00,2419.5,79.94,348.3,13.91,386.8,21.7,596.4,0.0619,0.84,273.1,93.1,8.3
2025-06-19T06:53:00+00:00,2018.7,81.12,353.1,13.86,391.7,21.1,635.6,0.0607,0.77,273.1,93.1,7.9
2025-06-19T06:54:00+00:00,2423.2,84.21,345.5,13.83,387.5,22.8,569.9,0.0604,0.78,273.1,93.1,8.8
2025-06-19T06:55:00+00:00,2511.1,83.43,359.5,13.63,398.9,20.5,612.2,0.0604,0.75,273.1,93.1,9.7
2025-06-19T06:56:00+00:00,2156.4,82.82,338.2,13.54,347.9,23.6,611.2,0.0589,0.78,273.1,93.1,9.7
2025-06-19T06:57:00+00:00,2473.5,84.21,348.2,13.88,406.4,21.8,638.4,0.0647,0.75,273.1,93.1,8.7
2025-06-19T06:58:00+00:00,1785.6,82.63,352.2,13.68,394.1,20.7,574.0,0.0571,0.79,273.1,93.1,9.5
2025-06-19T06:59:00+00:00,1996.1,83.48,333.6,13.70,362.9,20.8,641.1,0.0626,0.78,273.1,93.1,10.4
2025-06-19T07:00:00+00:00,2029.4,85.11,339.2,13.48,381.5,22.4,607.0,0.0647,0.82,273.1,93.1,10.4
2025-06-19T07:01:00+00:00,1988.4,82.03,350.2,13.68,369.5,21.7,660.4,0.0633,0.75,273.1,93.1,9.9
2025-06-19T07:02:00+00:00,2461.1,82.20,339.6,14.00,387.4,19.6,636.7,0.0607,0.81,273.1,93.1,8.0
2025-06-19T07:03:00+00:00,2044.2,83.77,348.5,13.99,389.6,19.1,606.8,0.0622,0.79,273.1,93.1,8.8
2025-06-19T07:04:00+00:00,2192.2,82.81,356.9,13.72,367.8,20.3,632.9,0.0633,0.72,273.1,93.1,10.5
2025-06-19T07:05:00+00:00,1965.1,81.14,349.7,13.62,367.4,21.1,600.9,0.0575,0.74,273.1,93.1,10.1
2025-06-19T07:06:00+00:00,2094.8,82.46,347.0,13.72,368.1,20.5,569.7,0.0583,0.75,273.1,93.1,9.0
2025-06-19T07:07:00+00:00,1965.3,80.92,351.1,13.99,390.7,22.4,597.2,0.0613,0.78,273.1,93.1,11.3
2025-06-19T07:08:00+00:00,2011.9,82.32,346.6,13.91,414.3,20.5,579.1,0.0595,0.78,273.1,93.1,9.5
2025-06-19T07:09:00+00:00,1969.7,82.53,346.8,13.71,389.6,21.7,595.0,0.0592,0.83,273.1,93.1,10.6
2025-06-19T07:10:00+00:00,1966.1,83.65,371.3,13.60,369.7,18.0,619.6,0.0577,0.77,273.1,93.1,8.1
2025-06-19T07:11:00+00:00,2130.2,83.29,342.4,13.84,399.3,23.5,615.0,0.0681,0.85,273.1,93.1,9.6
2025-06-19T07:12:00+00:00,2421.3,83.28,346.3,13.90,393.6,23.1,576.8,0.0669,0.80,273.1,93.1,10.0
2025-06-19T07:13:00+00:00,1936.9,82.50,331.2,13.88,362.8,25.1,603.0,0.0601,0.85,273.1,93.1,9.5
2025-06-19T07:14:00+00:00,1846.0,83.88,353.4,13.92,390.4,20.8,556.7,0.0620,0.72,273.1,93.1,10.6
2025-06-19T07:15:00+00:00,2022.3,82.40,350.6,13.63,364.3,20.0,641.2,0.0596,0.82,273.1,93.1,10.2
2025-06-19T07:16:00+00:00,1884.5,82.25,344.4,13.56,358.5,24.8,566.7,0.0583,0.76,273.1,93.1,8.4
2025-06-19T07:17:00+00:00,2035.6,79.42,344.6,13.80,379.0,22.3,582.5,0.0630,0.79,273.1,93.1,10.2
2025-06-19T07:18:00+00:00,2228.6,83.79,341.2,13.87,391.5,20.8,611.3,0.0610,0.75,273.1,93.1,8.9
2025-06-19T07:19:00+00:00,1905.4,80.64,348.6,13.74,385.9,22.0,556.3,0.0585,0.77,273.1,93.1,7.4
2025-06-19T07:20:00+00:00,1960.0,79.86,343.8,14.04,373.0,21.8,581.3,0.0575,0.75,273.1,93.1,8.3
2025-06-19T07:21:00+00:00,1942.4,81.13,344.7,13.81,364.0,20.7,645.6,0.0656,0.70,273.1,93.1,8.7
2025-06-19T07:22:00+00:00,2061.3,84.37,359.2,13.79,368.4,22.8,603.2,0.0590,0.83,273.1,93.1,8.9
2025-06-19T07:23:00+00:00,1913.9,81.10,343.7,13.59,372.0,23.6,597.5,0.0578,0.79,273.1,93.1,8.2
2025-06-19T07:24:00+00:00,1930.9,81.09,361.6,13.79,398.4,22.1,591.8,0.0643,0.74,273.1,93.1,9.3
2025-06-19T07:25:00+00:00,2096.3,81.05,354.5,13.85,369.1,21.9,666.0,0.0653,0.77,273.1,93.1,8.4
2025-06-19T07:26:00+00:00,2268.4,82.01,341.9,13.56,388.5,20.7,658.2,0.0598,0.82,273.1,93.1,10.1
2025-06-19T07:27:00+00:00,2162.7,82.63,358.0,13.77,391.8,17.7,621.2,0.0587,0.77,273.1,93.1,9.9
2025-06-19T07:28:00+00:00,1899.2,81.79,351.1,13.92,390.6,20.4,571.3,0.0565,0.68,273.1,93.1,9.5
2025-06-19T07:29:00+00:00,2157.5,82.11,350.4,13.98,376.9,17.9,565.8,0.0586,0.76,273.1,93.1,9.4
2025-06-19T07:30:00+00:00,2035.0,82.43,334.4,13.88,377.5,22.6,580.4,0.0582,0.78,273.1,93.1,8.9
2025-06-19T07:31:00+00:00,2041.8,80.39,351.1,13.57,356.2,20.0,596.2,0.0610,0.71,273.1,93.1,8.7
2025-06-19T07:32:00+00:00,1970.2,84.11,357.2,13.81,390.9,22.1,573.8,0.0589,0.89,273.1,93.1,9.5
2025-06-19T07:33:00+00:00,1923.6,81.85,346.0,14.15,383.2,21.2,643.6,0.0580,0.81,273.1,93.1,10.0
2025-06-19T07:34:00+00:00,1950.5,82.22,338.7,13.88,375.3,20.6,598.4,0.0593,0.67,273.1,93.1,7.8
2025-06-19T07:35:00+00:00,2008.9,81.73,344.7,13.63,367.6,23.5,625.9,0.0588,0.83,273.1,93.1,7.6
2025-06-19T07:36:00+00:00,2040.9,81.32,366.0,14.07,378.4,21.1,598.6,0.0579,0.75,273.1,93.1,9.1
2025-06-19T07:37:00+00:00,2116.8,83.14,342.9,13.95,395.1,22.5,597.2,0.0597,0.88,273.1,93.1,8.7
2025-06-19T07:38:00+00:00,2058.1,81.17,342.0,13.82,383.3,23.8,638.1,0.0583,0.78,273.1,93.1,8.3
2025-06-19T07:39:00+00:00,1919.1,81.85,357.5,13.64,396.7,21.5,638.9,0.0618,0.75,273.1,93.1,9.6
2025-06-19T07:40:00+00:00,1970.4,80.57,347.3,14.08,381.1,21.0,573.5,0.0585,0.84,273.1,93.1,10.6
2025-06-19T07:41:00+00:00,2042.2,82.22,348.6,13.68,381.9,21.4,592.5,0.0585,0.80,273.1,93.1,9.1
2025-06-19T07:42:00+00:00,2055.0,79.97,346.3,13.54,394.9,22.2,616.6,0.0602,0.84,273.1,93.1,9.6
2025-06-19T07:43:00+00:00,2043.8,83.09,360.5,13.87,381.0,21.2,635.1,0.0584,0.81,273.1,93.1,8.1
2025-06-19T07:44:00+00:00,2005.3,81.23,341.6,14.10,380.6,20.6,605.5,0.0586,0.84,273.1,93.1,10.5
2025-06-19T07:45:00+00:00,1812.8,83.95,339.4,13.94,388.0,25.0,598.5,0.0612,0.85,273.1,93.1,9.0
2025-06-19T07:46:00+00:00,1890.1,79.87,364.0,14.11,372.8,20.1,622.5,0.0615,0.87,273.1,93.1,8.8
2025-06-19T07:47:00+00:00,1920.4,81.84,351.3,13.86,381.1,20.1,599.5,0.0591,0.73,273.1,93.1,7.9
2025-06-19T07:48:00+00:00,2048.9,83.09,356.8,13.60,373.6,22.3,545.3,0.0582,0.78,273.1,93.1,8.6
2025-06-19T07:49:00+00:00,1990.7,80.89,360.3,13.65,379.9,22.2,595.6,0.0625,0.79,273.1,93.1,8.8
2025-06-19T07:50:00+00:00,2070.2,80.76,350.4,13.82,356.3,23.2,628.5,0.0624,0.76,273.1,93.1,10.3
2025-06-19T07:51:00+00:00,1869.4,81.20,358.3,13.82,359.2,21.9,641.3,0.0607,0.81,273.1,93.1,9.5
2025-06-19T07:52:00+00:00,957.0,80.48,347.5,13.84,344.3,18.8,593.7,0.0530,0.84,273.1,93.1,8.9
2025-06-19T07:53:00+00:00,938.6,77.01,364.5,13.94,338.2,23.2,547.2,0.0524,0.75,273.1,93.1,7.6
2025-06-19T07:54:00+00:00,947.3,78.34,351.8,13.79,355.1,21.3,578.6,0.0531,0.84,273.1,93.1,7.6
2025-06-19T07:55:00+00:00,993.6,76.43,347.2,13.78,376.6,20.7,598.8,0.0527,0.79,273.1,93.1,11.9
2025-06-19T07:56:00+00:00,911.7,81.50,362.2,13.97,345.4,20.0,578.9,0.0546,0.75,273.1,93.1,7.7
2025-06-19T07:57:00+00:00,1103.6,81.37,359.5,13.90,369.9,19.9,522.2,0.0544,0.80,273.1,93.1,7.9
2025-06-19T07:58:00+00:00,862.7,76.03,368.4,13.59,334.9,21.4,593.2,0.0535,0.79,273.1,93.1,8.8
2025-06-19T07:59:00+00:00,857.1,76.79,345.8,13.87,338.6,21.3,516.4,0.0625,0.79,273.1,93.1,7.7
2025-06-19T08:00:00+00:00,954.3,80.64,347.8,13.97,361.7,21.4,548.2,0.0526,0.80,273.1,93.1,7.7
2025-06-19T14:00:00+00:00,894.5,79.25,355.7,13.72,350.2,19.4,573.5,0.0526,0.82,273.1,93.1,10.1
2025-06-19T14:01:00+00:00,1158.9,79.31,354.6,13.60,363.2,22.0,597.9,0.0567,0.73,273.1,93.1,8.7
2025-06-19T14:02:00+00:00,1156.2,79.43,359.3,13.68,357.5,21.7,550.3,0.0540,0.83,273.1,93.1,9.9
2025-06-19T14:03:00+00:00,984.5,79.29,357.2,13.69,355.7,22.3,562.2,0.0528,0.80,273.1,93.1,8.8
2025-06-19T14:04:00+00:00,1000.2,77.69,332.9,13.70,368.5,17.9,576.6,0.0564,0.78,273.1,93.1,9.0
2025-06-19T14:05:00+00:00,857.5,78.84,353.2,13.69,348.5,21.5,592.6,0.0532,0.83,273.1,93.1,9.2
2025-06-19T14:06:00+00:00,997.7,79.42,360.6,13.78,341.0,21.4,511.8,0.0554,0.74,273.1,93.1,10.0
2025-06-19T14:07:00+00:00,1031.7,78.50,350.7,13.49,357.7,23.4,615.4,0.0525,0.75,273.1,93.1,9.6
2025-06-19T14:08:00+00:00,948.3,79.98,353.9,13.86,337.7,21.2,531.3,0.0544,0.80,273.1,93.1,8.8
2025-06-19T14:09:00+00:00,1014.0,82.00,348.7,13.63,351.7,23.3,540.8,0.0525,0.74,273.1,93.1,10.4
2025-06-19T14:10:00+00:00,1101.8,79.49,354.9,13.72,358.2,20.0,593.5,0.0561,0.77,273.1,93.1,9.3
2025-06-19T14:11:00+00:00,2145.7,81.12,348.4,14.07,392.8,22.4,589.0,0.0587,0.78,273.1,93.1,8.4
2025-06-19T14:12:00+00:00,1916.3,80.70,351.7,13.64,362.5,19.9,586.2,0.0593,0.78,273.1,93.1,8.9
2025-06-19T14:13:00+00:00,1867.3,82.23,347.6,13.93,376.6,21.5,618.0,0.0577,0.82,273.1,93.1,9.9
2025-06-19T14:14:00+00:00,1785.7,79.43,340.2,13.91,374.0,21.7,598.6,0.0566,0.74,273.1,93.1,9.1
2025-06-19T14:15:00+00:00,2010.4,82.40,333.4,13.56,410.2,21.4,617.4,0.0576,0.74,273.1,93.1,8.1
2025-06-19T14:16:00+00:00,1872.8,82.87,348.2,13.95,387.6,20.7,567.8,0.0591,0.84,273.1,93.1,9.3
2025-06-19T14:17:00+00:00,2063.7,84.86,360.2,13.77,366.7,22.4,610.8,0.0620,0.78,273.1,93.1,9.7
2025-06-19T14:18:00+00:00,1975.7,81.94,344.7,13.86,407.0,20.6,590.4,0.0581,0.79,273.1,93.1,9.8
2025-06-19T14:19:00+00:00,1971.1,81.52,341.7,13.65,389.5,21.8,653.6,0.0574,0.74,273.1,93.1,10.1
2025-06-19T14:20:00+00:00,1771.7,82.35,344.2,13.88,367.0,24.1,588.3,0.0586,0.70,273.1,93.1,9.1
2025-06-19T14:21:00+00:00,2094.3,82.19,341.3,13.80,381.2,21.1,583.2,0.0580,0.72,273.1,93.1,9.3
2025-06-19T14:22:00+00:00,2225.3,80.40,360.2,13.86,385.3,22.2,596.2,0.0601,0.88,273.1,93.1,8.5
2025-06-19T14:23:00+00:00,1984.9,82.12,354.5,13.93,377.2,20.7,585.3,0.0576,0.75,273.1,93.1,8.1
2025-06-19T14:24:00+00:00,1945.8,81.93,349.7,13.67,374.2,21.2,581.8,0.0598,0.71,273.1,93.1,6.2
2025-06-19T14:25:00+00:00,2008.0,82.07,349.8,13.68,381.1,23.8,586.4,0.0597,0.79,273.1,93.1,9.6
2025-06-19T14:26:00+00:00,1969.9,86.64,348.8,13.96,359.9,21.7,640.5,0.0641,0.79,273.1,93.1,8.6
2025-06-19T14:27:00+00:00,1900.0,81.59,351.2,13.77,405.7,22.4,621.1,0.0577,0.80,273.1,93.1,8.6
2025-06-19T14:28:00+00:00,2157.8,81.33,345.6,13.72,395.8,22.3,628.1,0.0588,0.78,273.1,93.1,11.3
2025-06-19T14:29:00+00:00,2013.6,85.39,353.2,13.93,388.4,22.7,554.6,0.0620,0.73,273.1,93.1,9.7
2025-06-19T14:30:00+00:00,1941.0,81.87,358.7,13.84,387.1,23.0,565.0,0.0579,0.80,273.1,93.1,9.4
2025-06-19T14:31:00+00:00,1952.0,81.04,355.2,14.01,378.3,22.1,614.4,0.0575,0.75,273.1,93.1,10.6
2025-06-19T14:32:00+00:00,1961.5,82.38,345.5,13.39,374.6,21.1,614.3,0.0582,0.82,273.1,93.1,9.9
2025-06-19T14:33:00+00:00,1990.5,83.33,358.8,13.74,393.8,22.5,649.4,0.0607,0.82,273.1,93.1,7.8
2025-06-19T14:34:00+00:00,2168.7,83.91,366.6,13.82,361.6,21.8,639.1,0.0583,0.73,273.1,93.1,9.2
2025-06-19T14:35:00+00:00,1913.8,83.04,342.4,13.92,379.1,20.3,626.1,0.0587,0.90,273.1,93.1,9.0
2025-06-19T14:36:00+00:00,1990.6,81.45,349.2,13.79,370.0,20.4,618.5,0.0585,0.70,273.1,93.1,10.9
2025-06-19T14:37:00+00:00,2075.8,81.10,344.3,13.84,404.8,24.1,542.3,0.0626,0.86,273.1,93.1,9.8
2025-06-19T14:38:00+00:00,2243.4,82.66,361.8,13.73,378.3,21.4,603.8,0.0595,0.80,273.1,93.1,11.7
2025-06-19T14:39:00+00:00,2035.0,84.87,351.3,13.59,386.0,19.2,580.0,0.0574,0.69,273.1,93.1,9.9
2025-06-19T14:40:00+00:00,2038.6,80.90,365.9,13.78,383.1,18.9,554.9,0.0583,0.79,273.1,93.1,7.8
2025-06-19T14:41:00+00:00,1913.8,85.70,335.1,13.89,373.7,21.7,638.4,0.0573,0.75,273.1,93.1,9.1
2025-06-19T14:42:00+00:00,1903.3,79.65,356.6,13.93,381.1,21.6,588.5,0.0580,0.84,273.1,93.1,10.4
2025-06-19T14:43:00+00:00,1903.6,79.67,353.4,13.91,358.8,22.2,603.2,0.0573,0.75,273.1,93.1,8.9
2025-06-19T14:44:00+00:00,2107.9,84.22,344.4,13.96,397.8,22.0,630.9,0.0641,0.85,273.1,93.1,10.1
2025-06-19T14:45:00+00:00,1947.3,81.54,351.4,13.70,377.1,20.6,623.1,0.0569,0.68,273.1,93.1,10.1
2025-06-19T14:46:00+00:00,2022.3,84.88,372.1,13.75,374.8,21.4,623.4,0.0598,0.80,273.1,93.1,9.6
2025-06-19T14:47:00+00:00,1931.8,81.64,340.6,13.82,379.7,20.9,610.8,0.0599,0.78,273.1,93.1,10.7
2025-06-19T14:48:00+00:00,2034.7,83.16,347.9,13.88,398.6,20.2,605.7,0.0584,0.80,273.1,93.1,8.4
2025-06-19T14:49:00+00:00,2164.7,84.29,342.2,13.94,425.6,18.8,589.7,0.0610,0.74,273.1,93.1,8.7
2025-06-19T14:50:00+00:00,1978.5,82.47,352.3,14.07,383.3,22.0,563.8,0.0612,0.81,273.1,93.1,7.4
2025-06-19T14:51:00+00:00,2034.2,80.31,343.9,13.83,380.4,22.8,550.6,0.0581,0.78,273.1,93.1,9.6
2025-06-19T14:52:00+00:00,1965.2,79.12,365.4,13.63,387.6,21.7,554.5,0.0586,0.85,273.1,93.1,9.4
2025-06-19T14:53:00+00:00,2472.5,81.48,353.2,13.97,397.5,22.7,677.5,0.0608,0.80,273.1,93.1,11.3
2025-06-19T14:54:00+00:00,2050.0,83.91,335.6,13.80,392.1,22.0,647.0,0.0632,0.70,273.1,93.1,9.0
2025-06-19T14:55:00+00:00,2395.4,84.48,360.5,13.83,406.6,17.4,636.9,0.0594,0.69,273.1,93.1,9.8
2025-06-19T14:56:00+00:00,2059.4,78.91,355.4,13.71,399.2,19.7,615.2,0.0580,0.75,273.1,93.1,9.3
2025-06-19T14:57:00+00:00,1998.4,83.22,345.5,13.84,368.6,20.6,599.9,0.0583,0.73,273.1,93.1,7.6
2025-06-19T14:58:00+00:00,1967.9,81.66,345.4,13.69,402.7,21.3,539.4,0.0637,0.77,273.1,93.1,9.7
2025-06-19T14:59:00+00:00,2472.8,82.94,350.2,13.78,400.0,22.9,603.7,0.0630,0.73,273.1,93.1,9.3
2025-06-19T15:00:00+00:00,2058.4,81.29,354.6,13.85,365.3,20.6,648.3,0.0580,0.76,273.1,93.1,9.2
2025-06-19T15:01:00+00:00,2041.5,82.49,342.7,13.77,371.5,20.7,648.0,0.0573,0.70,273.1,93.1,7.9
2025-06-19T15:02:00+00:00,2248.2,83.22,345.6,13.73,397.7,20.3,599.4,0.0587,0.73,273.1,93.1,10.7
2025-06-19T15:03:00+00:00,2100.9,80.05,342.6,13.58,367.6,22.2,550.6,0.0581,0.72,273.1,93.1,9.0
2025-06-19T15:04:00+00:00,1835.6,82.27,346.9,13.90,383.5,23.8,589.7,0.0573,0.81,273.1,93.1,9.5
2025-06-19T15:05:00+00:00,1853.1,81.11,362.7,13.83,392.1,19.8,583.7,0.0575,0.80,273.1,93.1,10.7
2025-06-19T15:06:00+00:00,2103.9,82.04,334.5,13.58,377.2,22.2,622.3,0.0605,0.82,273.1,93.1,9.0
2025-06-19T15:07:00+00:00,1972.9,80.65,337.5,13.74,387.1,19.8,603.8,0.0575,0.74,273.1,93.1,11.1
2025-06-19T15:08:00+00:00,2382.4,84.14,345.8,13.63,401.2,19.8,674.1,0.0603,0.80,273.1,93.1,8.6
2025-06-19T15:09:00+00:00,2464.4,82.22,344.2,13.72,381.7,21.2,587.8,0.0607,0.81,273.1,93.1,8.2
2025-06-19T15:10:00+00:00,2087.7,80.35,366.1,13.86,383.7,23.0,671.4,0.0602,0.83,273.1,93.1,9.9
2025-06-19T15:11:00+00:00,2074.5,82.23,353.6,13.96,372.9,19.2,596.9,0.0581,0.73,273.1,93.1,8.6
2025-06-19T15:12:00+00:00,2005.3,84.26,344.6,13.61,361.6,19.2,634.5,0.0646,0.76,273.1,93.1,9.1
2025-06-19T15:13:00+00:00,2192.0,81.40,343.1,13.65,371.9,19.4,604.1,0.0584,0.71,273.1,93.1,8.1
2025-06-19T15:14:00+00:00,1996.5,82.29,351.0,13.72,372.5,22.4,592.2,0.0604,0.78,273.1,93.1,10.6
2025-06-19T15:15:00+00:00,2456.9,83.91,331.7,13.82,390.6,20.3,643.5,0.0616,0.89,273.1,93.1,9.3
2025-06-19T15:16:00+00:00,2079.2,83.08,354.1,13.78,377.4,20.9,618.6,0.0678,0.76,273.1,93.1,9.3
2025-06-19T15:17:00+00:00,2001.6,81.91,342.1,13.90,408.2,20.6,630.3,0.0612,0.80,273.1,93.1,9.7
2025-06-19T15:18:00+00:00,1991.7,80.36,350.6,13.98,364.8,23.1,551.0,0.0581,0.78,273.1,93.1,9.2
2025-06-19T15:19:00+00:00,2033.8,85.22,338.4,13.67,381.4,22.2,584.1,0.0588,0.85,273.1,93.1,9.6
2025-06-19T15:20:00+00:00,1842.8,81.88,341.9,13.76,376.8,20.8,549.9,0.0564,0.71,273.1,93.1,8.0
2025-06-19T15:21:00+00:00,2135.3,82.58,359.6,13.50,390.1,22.7,590.5,0.0591,0.79,273.1,93.1,9.0
2025-06-19T15:22:00+00:00,1938.4,79.47,338.8,13.97,384.3,21.2,611.9,0.0591,0.72,273.1,93.1,8.2
2025-06-19T15:23:00+00:00,2186.7,83.09,350.8,13.79,379.8,20.0,637.8,0.0594,0.81,273.1,93.1,8.8
2025-06-19T15:24:00+00:00,2176.3,82.65,345.6,13.62,391.2,23.7,582.5,0.0583,0.72,273.1,93.1,9.4
2025-06-19T15:25:00+00:00,2014.8,80.84,352.6,13.87,370.1,24.6,557.0,0.0578,0.76,273.1,93.1,7.7
2025-06-19T15:26:00+00:00,2060.2,82.94,356.2,13.88,381.0,24.5,595.5,0.0598,0.70,273.1,93.1,10.3
2025-06-19T15:27:00+00:00,1733.6,80.80,353.3,13.71,352.9,19.2,614.9,0.0568,0.74,273.1,93.1,8.5
2025-06-19T15:28:00+00:00,1789.1,81.32,351.3,13.84,366.6,23.2,614.7,0.0568,0.77,273.1,93.1,9.4
2025-06-19T15:29:00+00:00,2008.6,83.70,350.4,13.80,382.0,21.2,529.6,0.0630,0.75,273.1,93.1,8.0
2025-06-19T15:30:00+00:00,1925.8,82.14,358.4,13.68,380.4,19.3,598.8,0.0582,0.84,273.1,93.1,8.8
2025-06-19T15:31:00+00:00,1962.7,80.67,358.9,13.66,377.3,19.1,581.4,0.0610,0.77,273.1,93.1,9.8
2025-06-19T15:32:00+00:00,2131.5,82.63,355.0,14.00,396.7,21.7,630.0,0.0608,0.82,273.1,93.1,9.0
2025-06-19T15:33:00+00:00,2055.3,78.29,335.6,13.78,374.0,20.4,639.6,0.0625,0.86,273.1,93.1,10.8
2025-06-19T15:34:00+00:00,2191.4,79.84,351.5,13.93,383.2,22.2,632.5,0.0592,0.80,273.1,93.1,9.7
2025-06-19T15:35:00+00:00,2060.5,82.27,340.3,13.71,376.2,21.8,576.4,0.0587,0.73,273.1,93.1,8.6
2025-06-19T15:36:00+00:00,2026.3,81.49,340.8,13.36,400.9,19.5,566.4,0.0633,0.80,273.1,93.1,12.7
2025-06-19T15:37:00+00:00,1977.5,82.12,353.7,13.67,381.4,22.9,517.6,0.0578,0.77,273.1,93.1,6.8
2025-06-19T15:38:00+00:00,1973.6,83.62,356.1,13.99,382.8,21.3,606.9,0.0571,0.68,273.1,93.1,9.8
2025-06-19T15:39:00+00:00,1825.3,79.25,345.5,13.79,390.5,18.9,593.2,0.0571,0.76,273.1,93.1,9.6
2025-06-19T15:40:00+00:00,1946.4,81.99,351.7,13.59,368.3,21.6,598.2,0.0644,0.83,273.1,93.1,7.3
2025-06-19T15:41:00+00:00,2080.0,79.67,344.3,13.98,379.0,19.7,636.3,0.0618,0.77,273.1,93.1,8.3
2025-06-19T15:42:00+00:00,2010.8,81.91,343.0,13.96,388.8,23.7,600.1,0.0634,0.80,273.1,93.1,8.9
2025-06-19T15:43:00+00:00,2165.3,82.26,358.1,13.74,386.3,20.2,630.4,0.0587,0.78,273.1,93.1,7.3
2025-06-19T15:44:00+00:00,2158.3,81.72,331.4,13.73,381.1,21.7,623.5,0.0638,0.80,273.1,93.1,10.8
2025-06-19T15:45:00+00:00,2203.8,82.60,336.4,13.82,386.2,20.8,595.4,0.0576,0.63,273.1,93.1,9.4
2025-06-19T15:46:00+00:00,1962.5,86.71,344.6,13.95,388.7,20.5,551.6,0.0633,0.75,273.1,93.1,9.9
2025-06-19T15:47:00+00:00,2123.6,83.85,351.6,14.16,417.6,17.7,610.8,0.0587,0.77,273.1,93.1,9.1
2025-06-19T15:48:00+00:00,2102.0,84.01,346.1,13.81,392.7,23.3,576.0,0.0582,0.75,273.1,93.1,8.9
2025-06-19T15:49:00+00:00,2151.3,83.39,343.2,13.53,371.3,19.7,633.2,0.0611,0.76,273.1,93.1,9.4
2025-06-19T15:50:00+00:00,1820.7,82.11,332.8,13.77,376.6,20.5,621.3,0.0564,0.70,273.1,93.1,9.2
2025-06-19T15:51:00+00:00,1940.8,81.44,337.1,13.92,366.2,22.4,605.5,0.0578,0.79,273.1,93.1,6.9
2025-06-19T15:52:00+00:00,2034.0,82.26,347.7,13.68,373.5,21.4,602.8,0.0626,0.78,273.1,93.1,7.9
2025-06-19T15:53:00+00:00,1952.9,81.53,342.4,14.06,399.5,22.3,648.8,0.0649,0.87,273.1,93.1,9.1
2025-06-19T15:54:00+00:00,1872.6,81.93,346.3,13.93,397.5,20.2,583.0,0.0568,0.73,273.1,93.1,9.2
2025-06-19T15:55:00+00:00,1955.4,83.78,350.4,13.71,386.1,22.2,574.2,0.0674,0.73,273.1,93.1,9.1
2025-06-19T15:56:00+00:00,1005.8,77.14,357.3,13.79,329.8,19.8,535.0,0.0524,0.77,273.1,93.1,10.3
2025-06-19T15:57:00+00:00,840.0,77.77,353.1,13.56,345.4,22.3,585.0,0.0514,0.73,273.1,93.1,9.5
2025-06-19T15:58:00+00:00,910.4,80.27,350.2,13.75,347.9,20.9,579.8,0.0565,0.84,273.1,93.1,8.8
2025-06-19T15:59:00+00:00,894.3,78.58,364.6,13.62,344.8,22.7,503.2,0.0517,0.75,273.1,93.1,8.5
2025-06-19T16:00:00+00:00,970.3,77.26,343.4,13.60,346.1,20.4,546.9,0.0610,0.78,273.1,93.1,8.8
2025-06-19T16:01:00+00:00,1126.6,79.51,351.0,13.81,352.1,22.7,577.9,0.0535,0.77,273.1,93.1,8.3
2025-06-19T16:02:00+00:00,918.6,78.25,355.6,13.93,341.7,23.3,567.8,0.0625,0.80,273.1,93.1,9.9
2025-06-19T16:03:00+00:00,815.5,78.14,350.6,13.69,339.8,19.2,566.5,0.0566,0.81,273.1,93.1,8.9
2025-06-19T16:04:00+00:00,973.7,80.67,361.1,13.75,357.8,21.5,578.8,0.0551,0.73,273.1,93.1,8.9
2025-06-19T16:05:00+00:00,1001.6,76.66,357.5,14.01,346.0,21.3,518.3,0.0520,0.72,273.1,93.1,10.6
2025-06-20T06:00:00+00:00,1001.0,79.66,357.7,13.91,353.7,21.5,604.1,0.0571,1.21,236.7,101.7,14.9
2025-06-20T06:01:00+00:00,1083.9,79.65,355.5,13.62,357.0,22.7,593.3,0.0570,1.15,236.7,101.7,14.6
2025-06-20T06:02:00+00:00,1003.7,79.07,362.3,13.99,355.5,20.6,508.7,0.0590,1.09,236.7,101.7,13.6
2025-06-20T06:03:00+00:00,1025.8,79.66,361.1,13.55,356.1,19.5,569.5,0.0601,1.15,236.7,101.7,14.2
2025-06-20T06:04:00+00:00,814.0,78.39,361.0,13.77,336.3,22.0,568.8,0.0625,1.08,236.7,101.7,12.3
2025-06-20T06:05:00+00:00,869.1,78.15,357.4,14.00,344.0,20.6,548.6,0.0564,1.13,236.7,101.7,16.0
2025-06-20T06:06:00+00:00,1079.0,74.82,369.4,13.50,367.4,19.6,536.5,0.0563,1.10,236.7,101.7,12.1
2025-06-20T06:07:00+00:00,1014.4,79.35,352.1,13.76,348.9,20.4,525.0,0.0610,1.04,236.7,101.7,12.8
2025-06-20T06:08:00+00:00,1108.8,78.68,364.2,13.85,345.1,20.1,525.4,0.0560,1.07,236.7,101.7,13.7
2025-06-20T06:09:00+00:00,946.5,78.30,368.3,14.04,345.2,23.3,546.1,0.0555,1.10,236.7,101.7,14.0
2025-06-20T06:10:00+00:00,1054.8,80.53,358.7,13.91,330.9,21.7,621.1,0.0572,1.06,236.7,101.7,13.7
2025-06-20T06:11:00+00:00,862.5,78.72,358.0,13.81,341.0,23.4,570.8,0.0559,1.17,236.7,101.7,14.1
2025-06-20T06:12:00+00:00,1075.1,79.40,353.4,13.59,340.1,20.8,576.0,0.0608,1.12,236.7,101.7,14.1
2025-06-20T06:13:00+00:00,969.0,77.27,356.4,14.11,349.7,21.8,463.4,0.0575,1.10,236.7,101.7,13.6
2025-06-20T06:14:00+00:00,2281.0,82.89,361.5,13.41,364.4,21.3,589.6,0.0627,1.10,236.7,101.7,13.4
2025-06-20T06:15:00+00:00,1863.0,82.86,352.8,13.69,359.5,23.1,551.8,0.0605,1.10,236.7,101.7,15.0
2025-06-20T06:16:00+00:00,2165.5,81.46,356.4,13.86,392.9,21.9,643.7,0.0619,1.09,236.7,101.7,13.3
2025-06-20T06:17:00+00:00,1767.2,82.17,332.7,13.76,360.5,21.1,586.5,0.0605,1.15,236.7,101.7,12.9
2025-06-20T06:18:00+00:00,2049.4,81.64,353.2,13.92,397.2,21.7,615.0,0.0616,1.11,236.7,101.7,13.8
2025-06-20T06:19:00+00:00,1742.7,81.35,348.7,14.07,368.5,18.4,565.8,0.0672,1.06,236.7,101.7,13.2
2025-06-20T06:20:00+00:00,2085.9,82.78,353.6,13.84,401.8,22.4,621.4,0.0614,1.08,236.7,101.7,14.0
2025-06-20T06:21:00+00:00,2028.1,79.40,350.8,13.86,394.2,21.9,596.9,0.0611,1.06,236.7,101.7,14.3
2025-06-20T06:22:00+00:00,1933.3,82.66,363.8,13.69,389.5,21.1,613.7,0.0611,1.12,236.7,101.7,17.3
2025-06-20T06:23:00+00:00,1992.0,85.09,345.9,13.92,370.6,19.3,646.3,0.0607,1.06,236.7,101.7,14.9
2025-06-20T06:24:00+00:00,2003.9,82.26,355.1,13.96,390.1,21.2,623.5,0.0615,1.12,236.7,101.7,15.5
2025-06-20T06:25:00+00:00,2155.1,82.24,342.2,13.59,366.0,21.8,606.6,0.0624,1.14,236.7,101.7,13.5
2025-06-20T06:26:00+00:00,1964.4,80.07,349.9,13.88,388.7,22.0,599.1,0.0640,1.06,236.7,101.7,14.0
2025-06-20T06:27:00+00:00,1960.8,81.55,361.0,13.85,379.2,20.4,570.2,0.0611,1.12,236.7,101.7,15.3
2025-06-20T06:28:00+00:00,2003.9,78.19,362.6,13.63,374.6,21.6,621.0,0.0610,1.08,236.7,101.7,15.0
2025-06-20T06:29:00+00:00,1779.7,80.70,355.1,13.95,367.5,19.4,621.2,0.0598,1.08,236.7,101.7,13.7
2025-06-20T06:30:00+00:00,1839.9,83.14,350.0,13.72,391.3,26.8,593.6,0.0603,1.10,236.7,101.7,14.5
2025-06-20T06:31:00+00:00,2161.4,81.45,336.8,14.06,382.2,22.8,593.3,0.0618,1.08,236.7,101.7,13.2
2025-06-20T06:32:00+00:00,2113.8,84.51,346.1,13.73,378.2,21.5,561.7,0.0647,1.09,236.7,101.7,12.3
2025-06-20T06:33:00+00:00,2145.0,84.03,349.3,13.85,386.0,22.2,545.4,0.0621,1.12,236.7,101.7,14.8
2025-06-20T06:34:00+00:00,2076.9,84.77,347.2,13.88,382.1,22.8,621.4,0.0615,1.09,236.7,101.7,14.9
2025-06-20T06:35:00+00:00,2069.7,83.34,349.4,13.71,379.5,21.9,563.3,0.0673,1.05,236.7,101.7,14.1
2025-06-20T06:36:00+00:00,2032.7,81.64,350.1,13.83,364.7,20.0,633.9,0.0636,1.02,236.7,101.7,13.2
2025-06-20T06:37:00+00:00,2076.6,81.78,345.9,14.22,365.7,17.4,625.6,0.0621,1.14,236.7,101.7,13.9
2025-06-20T06:38:00+00:00,2015.4,80.19,346.1,13.73,361.4,19.5,571.8,0.0622,1.15,236.7,101.7,15.6
2025-06-20T06:39:00+00:00,2066.5,85.35,356.6,13.89,379.6,22.0,609.9,0.0622,1.10,236.7,101.7,13.9
2025-06-20T06:40:00+00:00,2076.2,82.82,349.7,13.76,373.8,20.3,572.8,0.0621,1.14,236.7,101.7,15.4
2025-06-20T06:41:00+00:00,1869.9,78.64,353.4,13.66,365.6,23.0,565.8,0.0666,1.08,236.7,101.7,12.6
2025-06-20T06:42:00+00:00,2177.2,80.92,334.0,13.90,381.8,22.6,598.5,0.0624,1.12,236.7,101.7,14.4
2025-06-20T06:43:00+00:00,2159.4,84.76,352.7,13.65,398.1,18.6,586.8,0.0625,1.14,236.7,101.7,11.3
2025-06-20T06:44:00+00:00,2059.5,85.23,346.2,13.58,392.1,20.1,558.2,0.0612,1.06,236.7,101.7,13.6
2025-06-20T06:45:00+00:00,2127.8,83.26,343.5,13.79,390.3,20.0,594.5,0.0682,1.16,236.7,101.7,12.7
2025-06-20T06:46:00+00:00,1941.8,81.82,352.2,13.80,394.0,20.0,564.4,0.0613,1.15,236.7,101.7,14.7
2025-06-20T06:47:00+00:00,2216.6,80.30,345.7,13.70,399.6,20.4,556.0,0.0624,1.10,236.7,101.7,15.6
2025-06-20T06:48:00+00:00,1992.1,85.74,354.5,13.64,390.8,22.2,585.7,0.0606,1.05,236.7,101.7,14.8
2025-06-20T06:49:00+00:00,2068.0,81.70,360.3,13.67,409.7,21.3,595.1,0.0625,1.19,236.7,101.7,12.9
2025-06-20T06:50:00+00:00,2102.0,80.62,329.4,13.73,371.8,20.7,605.3,0.0608,1.01,236.7,101.7,14.1
2025-06-20T06:51:00+00:00,1870.8,82.63,346.7,13.91,386.2,22.7,648.8,0.0686,0.99,236.7,101.7,14.6
2025-06-20T06:52:00+00:00,1945.2,81.03,343.8,13.74,367.6,21.7,557.9,0.0640,1.13,236.7,101.7,13.1
2025-06-20T06:53:00+00:00,1945.0,81.58,355.5,13.80,399.5,22.2,612.9,0.0654,1.08,236.7,101.7,14.3
2025-06-20T06:54:00+00:00,1885.0,82.06,364.7,14.00,368.3,19.8,562.2,0.0606,1.10,236.7,101.7,13.9
2025-06-20T06:55:00+00:00,1897.1,81.86,338.2,13.99,362.7,20.7,590.9,0.0627,1.03,236.7,101.7,15.4
2025-06-20T06:56:00+00:00,1923.2,82.57,357.0,14.03,390.1,19.8,585.5,0.0602,1.04,236.7,101.7,13.3
2025-06-20T06:57:00+00:00,1960.4,83.15,358.6,13.96,358.2,20.0,625.8,0.0618,1.13,236.7,101.7,14.4
2025-06-20T06:58:00+00:00,1968.8,84.27,349.3,13.76,395.0,21.3,623.6,0.0670,1.05,236.7,101.7,12.8
2025-06-20T06:59:00+00:00,2094.8,80.70,346.5,13.71,373.0,19.6,615.4,0.0711,1.02,236.7,101.7,13.1
2025-06-20T07:00:00+00:00,1924.0,80.51,350.6,13.52,363.8,20.7,632.0,0.0663,1.05,236.7,101.7,12.8
2025-06-20T07:01:00+00:00,1910.8,80.74,344.6,14.09,379.4,22.4,574.4,0.0675,1.12,236.7,101.7,13.5
2025-06-20T07:02:00+00:00,2214.1,83.28,341.6,13.76,387.1,20.3,642.4,0.0629,1.15,236.7,101.7,13.8
2025-06-20T07:03:00+00:00,1932.6,83.59,350.6,13.80,396.2,22.0,589.6,0.0613,1.14,236.7,101.7,14.0
2025-06-20T07:04:00+00:00,1869.1,81.44,342.7,13.85,373.7,19.7,589.1,0.0602,1.07,236.7,101.7,13.5
2025-06-20T07:05:00+00:00,2139.5,86.22,363.8,13.75,362.6,21.2,623.5,0.0637,1.13,236.7,101.7,12.7
2025-06-20T07:06:00+00:00,2084.7,83.83,355.2,13.62,368.9,22.2,576.2,0.0703,1.05,236.7,101.7,14.7
2025-06-20T07:07:00+00:00,2430.7,84.61,339.7,13.78,372.0,20.9,645.1,0.0632,1.04,236.7,101.7,13.9
2025-06-20T07:08:00+00:00,1847.5,81.23,348.0,13.75,386.1,21.1,577.2,0.0608,1.14,236.7,101.7,15.7
2025-06-20T07:09:00+00:00,1979.1,81.67,333.4,13.77,371.4,23.6,536.4,0.0620,1.01,236.7,101.7,13.8
2025-06-20T07:10:00+00:00,2018.5,84.31,341.5,13.94,376.9,23.9,637.9,0.0612,1.07,236.7,101.7,14.9
2025-06-20T07:11:00+00:00,1966.1,79.59,355.1,13.71,366.1,21.3,593.1,0.0610,1.10,236.7,101.7,12.5
2025-06-20T07:12:00+00:00,2100.7,84.38,348.3,13.92,383.7,23.1,582.3,0.0634,1.04,236.7,101.7,15.4
2025-06-20T07:13:00+00:00,2053.9,82.43,355.4,13.65,390.2,19.8,594.8,0.0617,1.12,236.7,101.7,15.1
2025-06-20T07:14:00+00:00,2127.0,85.19,348.9,13.96,394.9,21.8,648.8,0.0686,1.14,236.7,101.7,11.8
2025-06-20T07:15:00+00:00,2050.4,81.45,344.1,13.72,352.0,20.4,610.8,0.0621,1.16,236.7,101.7,12.9
2025-06-20T07:16:00+00:00,2101.8,82.21,347.0,13.97,360.4,23.4,665.0,0.0610,1.01,236.7,101.7,13.6
2025-06-20T07:17:00+00:00,2565.9,82.65,343.5,13.87,420.4,21.4,651.2,0.0636,1.01,236.7,101.7,13.0
2025-06-20T07:18:00+00:00,1990.3,81.96,363.0,13.80,387.9,19.8,570.5,0.0647,1.09,236.7,101.7,13.4
2025-06-20T07:19:00+00:00,1789.3,79.79,352.1,13.86,366.3,24.1,606.1,0.0640,1.08,236.7,101.7,13.2
2025-06-20T07:20:00+00:00,2364.1,81.02,347.3,13.70,398.5,22.0,600.8,0.0629,1.07,236.7,101.7,14.4
2025-06-20T07:21:00+00:00,2120.0,80.66,345.0,13.83,368.7,23.3,551.7,0.0654,1.05,236.7,101.7,15.1
2025-06-20T07:22:00+00:00,2401.9,84.71,345.6,13.82,405.1,21.5,604.7,0.0637,1.08,236.7,101.7,12.7
2025-06-20T07:23:00+00:00,2314.4,80.46,354.7,14.11,387.5,21.5,601.1,0.0631,1.13,236.7,101.7,14.8
2025-06-20T07:24:00+00:00,2498.8,84.38,346.6,13.96,386.2,20.1,608.3,0.0712,1.08,236.7,101.7,15.3
2025-06-20T07:25:00+00:00,2540.4,85.98,349.8,13.87,423.0,18.7,572.6,0.0641,1.10,236.7,101.7,13.8
2025-06-20T07:26:00+00:00,2378.7,82.30,346.2,13.71,416.7,19.4,624.4,0.0659,1.09,236.7,101.7,13.5
2025-06-20T07:27:00+00:00,2275.8,84.97,343.8,13.91,383.3,23.7,553.3,0.0636,1.13,236.7,101.7,14.9
2025-06-20T07:28:00+00:00,2031.9,81.72,360.7,13.64,385.1,20.9,565.7,0.0618,1.15,236.7,101.7,15.3
2025-06-20T07:29:00+00:00,2061.6,81.94,370.8,14.00,381.0,20.7,659.6,0.0602,0.96,236.7,101.7,16.9
2025-06-20T07:30:00+00:00,1941.4,83.51,360.3,13.80,365.2,21.7,570.7,0.0642,1.17,236.7,101.7,14.8
2025-06-20T07:31:00+00:00,2136.2,85.23,339.5,13.85,374.5,22.3,560.0,0.0608,0.99,236.7,101.7,13.4
2025-06-20T07:32:00+00:00,1808.3,81.67,347.2,13.65,362.8,20.2,576.0,0.0593,1.01,236.7,101.7,13.8
2025-06-20T07:33:00+00:00,2101.7,79.69,346.7,13.61,365.9,21.6,613.5,0.0618,1.10,236.7,101.7,14.4
2025-06-20T07:34:00+00:00,1707.9,79.19,342.2,13.77,383.5,18.9,530.0,0.0593,1.07,236.7,101.7,14.4
2025-06-20T07:35:00+00:00,2430.8,85.63,348.4,13.90,389.0,22.3,623.0,0.0628,1.03,236.7,101.7,13.8
2025-06-20T07:36:00+00:00,2472.8,82.48,351.2,13.85,391.6,22.4,566.0,0.0634,1.06,236.7,101.7,12.9
2025-06-20T07:37:00+00:00,2013.8,81.42,348.4,13.83,386.4,21.1,531.6,0.0647,1.12,236.7,101.7,13.7
2025-06-20T07:38:00+00:00,2028.2,82.42,345.4,13.94,364.9,19.4,591.5,0.0675,1.00,236.7,101.7,15.5
2025-06-20T07:39:00+00:00,2105.2,82.29,364.4,13.94,375.0,20.2,603.9,0.0639,1.06,236.7,101.7,13.3
2025-06-20T07:40:00+00:00,2003.2,82.70,367.2,13.68,382.9,22.3,575.9,0.0609,1.07,236.7,101.7,16.4
2025-06-20T07:41:00+00:00,1999.2,81.71,354.2,13.86,394.7,21.1,587.9,0.0646,1.10,236.7,101.7,15.0
2025-06-20T07:42:00+00:00,1918.0,80.86,351.3,14.06,394.1,22.7,583.7,0.0651,1.01,236.7,101.7,14.2
2025-06-20T07:43:00+00:00,1963.2,85.45,340.7,13.81,372.9,19.7,668.3,0.0658,1.13,236.7,101.7,15.6
2025-06-20T07:44:00+00:00,1952.2,80.28,354.5,13.90,395.7,18.8,621.2,0.0610,1.09,236.7,101.7,14.3
2025-06-20T07:45:00+00:00,1852.8,83.13,347.8,13.98,398.1,19.5,597.5,0.0597,1.04,236.7,101.7,14.4
2025-06-20T07:46:00+00:00,1783.2,83.06,342.6,13.70,374.4,19.0,634.7,0.0602,1.10,236.7,101.7,13.7
2025-06-20T07:47:00+00:00,2111.0,81.76,348.1,13.83,384.2,22.1,581.0,0.0634,1.08,236.7,101.7,12.7
2025-06-20T07:48:00+00:00,2033.3,83.93,361.1,14.14,390.9,21.2,695.3,0.0618,1.14,236.7,101.7,13.0
2025-06-20T07:49:00+00:00,2010.8,81.72,350.6,13.93,363.5,22.0,612.3,0.0638,1.14,236.7,101.7,16.1
2025-06-20T07:50:00+00:00,2134.9,83.16,356.6,13.89,379.4,24.7,587.0,0.0620,1.10,236.7,101.7,13.6
2025-06-20T07:51:00+00:00,2046.6,79.76,354.9,14.02,400.9,20.0,592.1,0.0640,1.02,236.7,101.7,14.1
2025-06-20T07:52:00+00:00,2142.9,82.88,350.6,14.07,383.5,19.9,598.6,0.0669,1.07,236.7,101.7,15.3
2025-06-20T07:53:00+00:00,2007.5,79.70,351.6,13.91,393.9,20.4,641.3,0.0660,1.18,236.7,101.7,15.5
2025-06-20T07:54:00+00:00,2094.3,79.87,349.1,14.12,372.4,19.4,561.3,0.0695,1.09,236.7,101.7,14.6
2025-06-20T07:55:00+00:00,1994.2,80.74,339.9,13.77,370.0,22.5,613.7,0.0620,1.18,236.7,101.7,14.0
2025-06-20T07:56:00+00:00,1979.5,83.53,364.3,14.05,375.6,19.9,597.1,0.0643,1.08,236.7,101.7,14.6
2025-06-20T07:57:00+00:00,2062.6,80.84,340.1,13.96,370.4,21.1,661.6,0.0675,1.08,236.7,101.7,14.1
2025-06-20T07:58:00+00:00,2107.3,82.83,352.5,13.93,386.0,21.3,635.8,0.0615,1.07,236.7,101.7,15.3
2025-06-20T07:59:00+00:00,1843.4,82.86,344.6,13.90,365.8,23.1,605.8,0.0615,1.11,236.7,101.7,15.5
2025-06-20T08:00:00+00:00,1979.8,81.14,362.7,13.61,365.2,20.0,636.8,0.0615,1.10,236.7,101.7,14.3
2025-06-20T08:01:00+00:00,1928.9,79.78,351.3,13.70,362.6,22.5,622.7,0.0706,1.03,236.7,101.7,13.6
2025-06-20T08:02:00+00:00,2055.3,82.00,359.1,13.62,366.2,22.8,651.9,0.0700,1.17,236.7,101.7,12.2
2025-06-20T08:03:00+00:00,2073.3,84.53,344.8,13.64,371.2,22.4,606.4,0.0621,1.07,236.7,101.7,14.3
2025-06-20T08:04:00+00:00,1994.4,82.85,354.9,14.06,385.9,17.8,661.4,0.0610,1.07,236.7,101.7,15.5
2025-06-20T08:05:00+00:00,1994.3,81.43,349.4,13.81,386.7,20.9,639.7,0.0654,1.13,236.7,101.7,12.9
2025-06-20T08:06:00+00:00,1896.1,81.95,353.0,13.83,365.6,19.3,587.2,0.0660,1.05,236.7,101.7,13.7
2025-06-20T08:07:00+00:00,2010.0,81.30,351.9,13.85,368.7,21.0,595.5,0.0607,1.04,236.7,101.7,12.6
2025-06-20T08:08:00+00:00,1909.1,79.18,350.4,13.97,388.8,19.5,559.2,0.0600,1.04,236.7,101.7,14.2
2025-06-20T08:09:00+00:00,2300.9,85.42,331.7,13.70,386.2,22.8,643.9,0.0625,1.06,236.7,101.7,15.0
2025-06-20T08:10:00+00:00,2155.1,83.95,340.4,13.73,397.1,21.3,571.0,0.0655,1.05,236.7,101.7,14.6
2025-06-20T08:11:00+00:00,2175.9,84.23,348.9,13.90,375.3,20.2,630.4,0.0617,1.06,236.7,101.7,14.1
2025-06-20T08:12:00+00:00,1985.2,82.77,355.6,13.66,372.4,19.6,592.7,0.0679,1.18,236.7,101.7,13.7
2025-06-20T08:13:00+00:00,1888.2,82.31,354.4,13.78,390.1,22.7,577.6,0.0622,1.12,236.7,101.7,13.6
2025-06-20T08:14:00+00:00,2051.0,80.92,353.9,13.97,388.9,23.8,561.2,0.0608,1.03,236.7,101.7,14.0
2025-06-20T08:15:00+00:00,1819.6,81.50,343.4,13.85,355.3,23.1,546.3,0.0589,0.96,236.7,101.7,14.9
2025-06-20T08:16:00+00:00,2157.6,84.73,345.8,13.67,409.2,24.1,584.9,0.0614,1.04,236.7,101.7,13.8
2025-06-20T08:17:00+00:00,2157.3,82.89,338.9,14.01,401.0,21.4,590.7,0.0649,1.15,236.7,101.7,14.5
2025-06-20T08:18:00+00:00,2019.7,82.19,367.4,13.96,343.8,19.2,603.1,0.0624,1.13,236.7,101.7,13.2
2025-06-20T08:19:00+00:00,2010.4,82.01,352.8,13.91,390.9,21.1,551.9,0.0618,1.10,236.7,101.7,14.5
2025-06-20T08:20:00+00:00,1891.4,80.94,336.0,14.00,356.6,23.0,573.2,0.0640,1.04,236.7,101.7,13.5
2025-06-20T08:21:00+00:00,1884.3,82.13,347.5,13.87,383.5,22.6,583.3,0.0604,1.09,236.7,101.7,13.2
2025-06-20T08:22:00+00:00,2130.6,81.97,355.8,13.70,379.6,22.2,594.7,0.0611,1.03,236.7,101.7,15.1
2025-06-20T08:23:00+00:00,1843.1,81.58,350.3,13.95,385.7,21.9,578.7,0.0601,1.07,236.7,101.7,14.2
2025-06-20T08:24:00+00:00,1837.4,80.57,353.7,13.69,400.9,23.0,561.7,0.0660,1.09,236.7,101.7,13.4
2025-06-20T08:25:00+00:00,2073.4,82.40,346.4,13.55,379.7,21.9,620.9,0.0619,1.14,236.7,101.7,13.6
2025-06-20T08:26:00+00:00,2058.7,80.42,346.9,14.00,361.2,20.7,636.2,0.0646,1.02,236.7,101.7,15.7
2025-06-20T08:27:00+00:00,1850.2,80.06,349.7,13.82,394.0,20.3,597.6,0.0603,1.08,236.7,101.7,12.7
2025-06-20T08:28:00+00:00,2161.7,82.14,364.5,13.90,374.5,19.7,635.8,0.0719,1.06,236.7,101.7,12.2
2025-06-20T08:29:00+00:00,1987.9,82.38,342.3,13.73,394.1,21.0,573.2,0.0610,1.07,236.7,101.7,14.5
2025-06-20T08:30:00+00:00,2100.4,81.07,352.1,13.67,387.7,19.5,640.3,0.0664,1.08,236.7,101.7,14.8
2025-06-20T08:31:00+00:00,1964.1,81.16,338.7,13.94,375.6,21.2,556.1,0.0621,1.10,236.7,101.7,13.3
2025-06-20T08:32:00+00:00,1923.4,83.64,372.8,14.24,370.0,21.1,611.8,0.0603,1.05,236.7,101.7,14.0
2025-06-20T08:33:00+00:00,2142.9,83.54,356.6,13.94,387.2,21.1,642.7,0.0621,1.12,236.7,101.7,14.3
2025-06-20T08:34:00+00:00,957.2,78.59,351.7,13.93,343.7,19.5,518.2,0.0612,1.11,236.7,101.7,12.9
2025-06-20T08:35:00+00:00,963.3,77.37,349.8,13.64,354.7,19.8,511.4,0.0554,1.07,236.7,101.7,14.4
2025-06-20T08:36:00+00:00,1022.0,78.12,372.6,13.69,359.3,19.8,494.8,0.0559,1.10,236.7,101.7,14.3
2025-06-20T08:37:00+00:00,989.7,80.57,344.9,13.87,338.5,22.3,555.1,0.0551,1.04,236.7,101.7,13.2
2025-06-20T08:38:00+00:00,1022.8,78.67,356.8,13.66,333.4,20.4,550.6,0.0629,1.08,236.7,101.7,15.1
2025-06-20T08:39:00+00:00,1124.2,79.62,350.4,13.62,386.0,23.2,546.4,0.0572,1.07,236.7,101.7,11.6
2025-06-20T08:40:00+00:00,870.4,77.65,373.3,14.00,339.6,18.7,544.1,0.0550,1.04,236.7,101.7,14.2
2025-06-20T08:41:00+00:00,902.4,77.00,356.4,13.67,343.0,24.0,545.1,0.0550,1.06,236.7,101.7,13.7
2025-06-20T08:42:00+00:00,978.7,78.05,355.5,14.01,342.4,23.4,599.6,0.0555,1.07,236.7,101.7,13.5
2025-06-20T08:43:00+00:00,884.2,76.80,353.7,13.49,342.4,20.6,498.0,0.0548,1.07,236.7,101.7,12.8
2025-06-20T08:44:00+00:00,1077.4,78.76,353.0,13.75,341.4,19.2,592.9,0.0564,1.11,236.7,101.7,13.1
2025-06-20T08:45:00+00:00,872.5,78.87,359.9,14.22,336.2,22.2,577.4,0.0578,0.99,236.7,101.7,14.1
2025-06-20T08:46:00+00:00,942.6,77.59,367.3,13.55,365.9,19.9,592.2,0.0565,1.14,236.7,101.7,12.4
2025-06-20T14:00:00+00:00,913.2,78.54,360.9,13.70,364.7,21.4,566.3,0.0545,1.00,236.7,101.7,13.8
2025-06-20T14:01:00+00:00,936.6,76.03,365.1,13.97,327.9,22.9,549.1,0.0553,1.09,236.7,101.7,14.3
2025-06-20T14:02:00+00:00,980.9,74.38,355.1,13.70,332.9,18.4,551.8,0.0561,1.10,236.7,101.7,14.2
2025-06-20T14:03:00+00:00,1113.8,81.53,345.9,13.80,348.0,21.2,535.8,0.0561,1.07,236.7,101.7,13.0
2025-06-20T14:04:00+00:00,1116.6,77.57,363.5,13.93,356.0,23.2,562.5,0.0610,1.10,236.7,101.7,12.9
2025-06-20T14:05:00+00:00,904.0,80.42,362.6,13.96,341.7,20.8,510.0,0.0578,1.07,236.7,101.7,13.9
2025-06-20T14:06:00+00:00,969.9,77.44,364.8,13.55,340.7,20.1,589.4,0.0550,1.03,236.7,101.7,13.5
2025-06-20T14:07:00+00:00,977.4,79.63,357.2,14.09,352.5,23.5,572.8,0.0574,1.08,236.7,101.7,14.5
2025-06-20T14:08:00+00:00,1049.3,79.34,362.1,13.72,347.5,22.2,545.7,0.0567,1.15,236.7,101.7,15.0
2025-06-20T14:09:00+00:00,1123.6,82.44,364.6,13.74,341.1,20.6,556.4,0.0569,0.97,236.7,101.7,12.6
2025-06-20T14:10:00+00:00,1083.2,78.16,357.1,13.75,357.9,20.6,600.5,0.0626,1.14,236.7,101.7,15.2
2025-06-20T14:11:00+00:00,1102.6,80.56,369.3,13.99,344.0,22.1,540.9,0.0569,1.15,236.7,101.7,14.5
2025-06-20T14:12:00+00:00,937.1,78.11,355.9,13.76,385.1,23.3,609.6,0.0558,1.12,236.7,101.7,14.2
2025-06-20T14:13:00+00:00,947.4,78.02,353.1,13.81,361.2,19.1,530.5,0.0549,1.01,236.7,101.7,13.3
2025-06-20T14:14:00+00:00,2149.0,81.11,350.6,13.75,383.3,20.8,590.8,0.0683,1.17,236.7,101.7,14.4
2025-06-20T14:15:00+00:00,2002.5,82.14,356.9,13.72,379.4,21.0,626.8,0.0613,1.10,236.7,101.7,14.5
2025-06-20T14:16:00+00:00,2007.5,84.81,346.6,13.97,363.3,24.0,580.7,0.0618,1.16,236.7,101.7,14.9
2025-06-20T14:17:00+00:00,2078.8,84.67,343.0,13.76,395.7,20.7,632.1,0.0624,1.15,236.7,101.7,13.1
2025-06-20T14:18:00+00:00,1924.9,81.86,356.7,13.93,378.4,21.9,593.6,0.0664,1.11,236.7,101.7,14.4
2025-06-20T14:19:00+00:00,2253.4,86.12,345.5,13.88,403.8,20.6,607.0,0.0637,0.97,236.7,101.7,13.8
2025-06-20T14:20:00+00:00,2074.0,84.30,357.5,13.97,393.6,22.3,563.2,0.0698,1.07,236.7,101.7,15.3
2025-06-20T14:21:00+00:00,1920.1,80.38,355.1,13.48,379.8,20.6,659.8,0.0612,1.14,236.7,101.7,16.2
2025-06-20T14:22:00+00:00,2102.2,84.17,348.6,13.76,356.8,20.1,614.5,0.0619,1.12,236.7,101.7,15.3
2025-06-20T14:23:00+00:00,2058.1,80.41,348.0,13.77,395.5,18.8,544.2,0.0624,1.20,236.7,101.7,14.4
2025-06-20T14:24:00+00:00,1984.9,82.05,366.4,13.53,376.6,23.6,619.7,0.0618,1.17,236.7,101.7,13.2
2025-06-20T14:25:00+00:00,1897.7,82.10,347.8,13.97,383.8,21.6,557.5,0.0610,1.13,236.7,101.7,13.8
2025-06-20T14:26:00+00:00,1764.9,82.98,349.2,13.95,369.2,21.7,656.6,0.0597,1.08,236.7,101.7,15.8
2025-06-20T14:27:00+00:00,1885.3,82.00,336.0,13.95,378.5,20.0,606.1,0.0611,1.14,236.7,101.7,13.8
2025-06-20T14:28:00+00:00,1995.8,79.32,349.8,13.66,383.8,20.3,606.9,0.0648,1.04,236.7,101.7,14.0
2025-06-20T14:29:00+00:00,2036.8,80.45,363.9,13.87,386.3,19.4,631.7,0.0617,1.11,236.7,101.7,15.3
2025-06-20T14:30:00+00:00,1991.4,81.38,341.9,13.69,373.1,22.1,601.6,0.0611,1.10,236.7,101.7,13.9
2025-06-20T14:31:00+00:00,2009.3,81.21,347.9,13.60,358.8,19.0,559.0,0.0609,1.07,236.7,101.7,13.5
2025-06-20T14:32:00+00:00,2298.7,83.02,337.9,13.70,374.2,20.9,640.1,0.0618,0.99,236.7,101.7,13.3
2025-06-20T14:33:00+00:00,2010.6,83.60,356.9,13.47,361.0,23.9,648.7,0.0610,1.08,236.7,101.7,15.3
2025-06-20T14:34:00+00:00,2001.1,82.77,344.7,13.92,366.4,21.9,612.6,0.0670,1.16,236.7,101.7,14.2
2025-06-20T14:35:00+00:00,2101.9,84.16,344.4,13.93,384.7,22.6,614.5,0.0626,1.19,236.7,101.7,13.7
2025-06-20T14:36:00+00:00,1955.0,79.71,356.5,13.88,388.7,23.8,610.8,0.0685,1.12,236.7,101.7,13.2
2025-06-20T14:37:00+00:00,1992.4,82.29,353.9,14.12,373.3,19.7,607.4,0.0607,1.06,236.7,101.7,13.8
2025-06-20T14:38:00+00:00,1974.8,80.88,357.6,13.88,373.6,19.0,588.0,0.0616,1.06,236.7,101.7,14.8
2025-06-20T14:39:00+00:00,1938.8,82.02,349.6,13.69,377.4,20.8,570.3,0.0665,1.10,236.7,101.7,14.8
2025-06-20T14:40:00+00:00,2129.4,82.38,354.4,13.84,375.2,22.7,561.3,0.0616,1.08,236.7,101.7,14.6
2025-06-20T14:41:00+00:00,1917.9,82.22,350.9,13.87,368.3,20.1,630.4,0.0606,1.10,236.7,101.7,16.2
2025-06-20T14:42:00+00:00,2096.7,82.42,354.3,13.82,373.2,22.8,630.6,0.0655,1.10,236.7,101.7,12.9
2025-06-20T14:43:00+00:00,2023.8,81.92,348.4,13.79,396.7,22.8,615.9,0.0645,1.10,236.7,101.7,14.0
2025-06-20T14:44:00+00:00,1989.8,81.95,335.3,13.87,379.4,21.1,576.1,0.0678,1.08,236.7,101.7,14.1
2025-06-20T14:45:00+00:00,1976.2,81.00,356.5,13.51,384.9,21.2,593.8,0.0657,0.99,236.7,101.7,14.2
2025-06-20T14:46:00+00:00,1925.7,81.28,351.1,13.57,368.7,22.8,614.0,0.0632,1.08,236.7,101.7,13.1
2025-06-20T14:47:00+00:00,2037.9,81.91,354.0,13.87,371.1,22.7,601.2,0.0710,1.02,236.7,101.7,14.7
2025-06-20T14:48:00+00:00,2009.6,82.30,349.0,13.71,380.8,22.7,588.3,0.0627,1.02,236.7,101.7,16.3
2025-06-20T14:49:00+00:00,2106.3,82.03,353.6,13.77,384.1,20.4,625.0,0.0650,1.07,236.7,101.7,14.3
2025-06-20T14:50:00+00:00,2087.4,81.35,338.5,13.68,366.1,21.1,580.6,0.0613,1.02,236.7,101.7,14.9
2025-06-20T14:51:00+00:00,1871.4,80.69,351.4,13.81,396.3,21.5,587.2,0.0600,1.06,236.7,101.7,13.8
2025-06-20T14:52:00+00:00,2082.7,81.79,363.2,13.88,357.2,21.1,674.6,0.0615,1.08,236.7,101.7,15.4
2025-06-20T14:53:00+00:00,2026.9,82.80,344.8,13.74,370.7,21.4,607.5,0.0637,1.13,236.7,101.7,12.8
2025-06-20T14:54:00+00:00,2032.1,82.43,355.8,13.98,401.1,22.3,584.6,0.0614,1.11,236.7,101.7,14.6
2025-06-20T14:55:00+00:00,1859.7,79.88,341.5,13.70,382.5,19.6,596.4,0.0605,1.10,236.7,101.7,14.3
2025-06-20T14:56:00+00:00,2118.9,83.13,361.4,13.98,376.4,22.0,643.4,0.0607,0.99,236.7,101.7,15.1
2025-06-20T14:57:00+00:00,2253.8,83.74,363.3,13.77,401.8,20.6,670.5,0.0637,1.14,236.7,101.7,13.8
2025-06-20T14:58:00+00:00,1944.3,80.63,349.3,13.94,371.0,20.9,601.4,0.0613,1.13,236.7,101.7,13.7
2025-06-20T14:59:00+00:00,2007.7,82.23,358.6,13.72,390.6,21.1,582.5,0.0606,1.03,236.7,101.7,12.9
2025-06-20T15:00:00+00:00,2043.3,84.80,341.8,13.74,390.1,21.5,553.8,0.0612,1.07,236.7,101.7,13.8
2025-06-20T15:01:00+00:00,2102.1,83.59,349.0,13.68,392.5,21.7,614.4,0.0616,1.08,236.7,101.7,11.9
2025-06-20T15:02:00+00:00,2078.9,81.51,341.5,13.86,384.7,20.7,584.7,0.0618,1.12,236.7,101.7,13.3
2025-06-20T15:03:00+00:00,1883.9,81.54,339.2,13.74,373.3,22.6,618.4,0.0687,1.17,236.7,101.7,13.2
2025-06-20T15:04:00+00:00,1984.6,83.09,335.6,13.76,401.3,21.2,582.8,0.0618,1.15,236.7,101.7,13.6
2025-06-20T15:05:00+00:00,1961.6,85.00,351.1,13.90,393.0,23.6,567.1,0.0636,1.15,236.7,101.7,14.0
2025-06-20T15:06:00+00:00,2456.0,83.79,339.2,13.69,403.7,25.5,702.3,0.0628,1.02,236.7,101.7,13.9
2025-06-20T15:07:00+00:00,2022.3,81.09,350.3,13.96,373.8,20.4,583.8,0.0621,1.13,236.7,101.7,15.6
2025-06-20T15:08:00+00:00,2479.6,81.44,348.7,13.68,409.9,19.4,638.1,0.0700,1.05,236.7,101.7,14.7
2025-06-20T15:09:00+00:00,2334.5,82.07,344.8,13.91,399.8,22.6,590.4,0.0636,1.15,236.7,101.7,13.3
2025-06-20T15:10:00+00:00,1979.7,81.82,349.0,13.55,388.0,23.6,610.9,0.0596,0.95,236.7,101.7,13.0
2025-06-20T15:11:00+00:00,2286.9,79.03,346.1,13.84,363.0,23.0,585.7,0.0613,0.96,236.7,101.7,14.4
2025-06-20T15:12:00+00:00,2449.6,82.12,350.5,13.84,422.2,22.5,667.0,0.0668,1.06,236.7,101.7,13.1
2025-06-20T15:13:00+00:00,1946.8,82.13,356.8,13.77,366.5,22.9,644.1,0.0609,1.11,236.7,101.7,12.5
2025-06-20T15:14:00+00:00,2522.4,80.81,351.8,13.81,389.6,22.8,737.0,0.0648,1.18,236.7,101.7,13.8
2025-06-20T15:15:00+00:00,2314.6,83.62,323.8,13.88,387.5,20.4,611.6,0.0625,1.05,236.7,101.7,16.7
2025-06-20T15:16:00+00:00,1969.3,80.15,349.4,13.85,360.0,19.8,581.8,0.0604,1.05,236.7,101.7,12.7
2025-06-20T15:17:00+00:00,2392.4,83.69,350.5,13.88,398.0,22.0,564.0,0.0732,1.13,236.7,101.7,13.2
2025-06-20T15:18:00+00:00,2203.8,85.01,348.7,13.77,383.2,22.8,647.2,0.0621,1.09,236.7,101.7,13.3
2025-06-20T15:19:00+00:00,2508.2,82.12,333.5,13.63,400.4,21.2,587.7,0.0752,1.12,236.7,101.7,12.8
2025-06-20T15:20:00+00:00,1850.9,82.92,342.9,13.94,366.1,18.1,573.6,0.0718,1.12,236.7,101.7,12.8
2025-06-20T15:21:00+00:00,1886.0,81.98,355.9,13.92,369.1,22.8,668.9,0.0606,1.09,236.7,101.7,14.2
2025-06-20T15:22:00+00:00,2098.8,85.88,351.8,13.76,382.7,22.2,560.1,0.0621,1.15,236.7,101.7,15.8
2025-06-20T15:23:00+00:00,1968.0,81.45,348.9,13.59,377.8,21.0,613.8,0.0620,1.19,236.7,101.7,14.3
2025-06-20T15:24:00+00:00,1807.1,82.36,342.4,13.62,377.7,24.1,582.7,0.0598,1.07,236.7,101.7,14.0
2025-06-20T15:25:00+00:00,1999.8,80.30,350.8,13.72,380.3,20.9,587.2,0.0611,1.10,236.7,101.7,13.8
2025-06-20T15:26:00+00:00,1985.6,81.63,349.1,13.74,344.3,21.4,558.4,0.0604,1.03,236.7,101.7,14.8
2025-06-20T15:27:00+00:00,2483.6,81.73,346.4,13.85,401.2,20.3,598.5,0.0653,1.05,236.7,101.7,14.0
2025-06-20T15:28:00+00:00,2486.1,85.79,350.5,13.90,385.3,19.0,556.5,0.0655,1.19,236.7,101.7,13.7
2025-06-20T15:29:00+00:00,2192.3,83.09,347.6,13.49,388.6,20.0,572.8,0.0611,1.00,236.7,101.7,13.5
2025-06-20T15:30:00+00:00,2123.3,81.71,358.8,13.62,377.0,21.2,612.8,0.0631,1.11,236.7,101.7,11.6
2025-06-20T15:31:00+00:00,2001.2,80.27,365.0,13.54,371.5,22.4,590.4,0.0617,1.13,236.7,101.7,13.7
2025-06-20T15:32:00+00:00,2442.3,86.69,340.4,13.72,401.4,21.1,635.9,0.0638,1.12,236.7,101.7,13.9
2025-06-20T15:33:00+00:00,1801.4,81.67,346.5,13.74,371.2,16.8,588.2,0.0596,1.06,236.7,101.7,13.7
2025-06-20T15:34:00+00:00,1981.0,83.41,350.6,13.75,382.1,20.5,607.5,0.0638,1.09,236.7,101.7,12.8
2025-06-20T15:35:00+00:00,2489.5,81.09,342.3,13.57,387.5,22.8,568.1,0.0650,1.18,236.7,101.7,12.1
2025-06-20T15:36:00+00:00,2007.0,80.99,349.3,13.59,384.2,19.9,579.6,0.0656,1.07,236.7,101.7,13.0
2025-06-20T15:37:00+00:00,1931.5,83.68,351.1,13.93,389.6,22.5,617.5,0.0663,1.07,236.7,101.7,12.3
2025-06-20T15:38:00+00:00,2090.5,81.01,347.3,14.03,371.4,23.7,611.6,0.0697,1.06,236.7,101.7,14.6
2025-06-20T15:39:00+00:00,1966.1,81.37,360.8,13.82,389.5,22.5,597.5,0.0606,1.06,236.7,101.7,15.2
2025-06-20T15:40:00+00:00,1857.7,82.03,358.3,13.86,387.8,20.3,560.8,0.0618,1.02,236.7,101.7,13.7
2025-06-20T15:41:00+00:00,1924.2,79.39,366.8,13.80,379.5,22.1,610.1,0.0612,1.13,236.7,101.7,14.6
2025-06-20T15:42:00+00:00,2059.4,80.51,337.6,14.04,392.3,21.0,556.4,0.0622,1.17,236.7,101.7,14.3
2025-06-20T15:43:00+00:00,2008.4,83.09,362.9,13.76,386.5,18.5,604.3,0.0616,1.13,236.7,101.7,12.5
2025-06-20T15:44:00+00:00,1956.4,84.44,357.7,13.60,394.6,22.1,564.4,0.0602,1.02,236.7,101.7,13.4
2025-06-20T15:45:00+00:00,1921.6,81.68,352.7,13.84,376.6,23.2,638.8,0.0670,1.07,236.7,101.7,13.8
2025-06-20T15:46:00+00:00,2220.2,80.29,359.6,13.72,394.2,21.2,585.0,0.0687,1.07,236.7,101.7,15.7
2025-06-20T15:47:00+00:00,2008.3,81.74,344.1,13.75,397.1,20.2,596.2,0.0646,1.15,236.7,101.7,13.2
2025-06-20T15:48:00+00:00,1725.5,79.30,354.7,13.86,357.9,19.9,563.5,0.0640,1.12,236.7,101.7,13.9
2025-06-20T15:49:00+00:00,2088.6,84.10,354.0,13.67,373.2,23.3,611.7,0.0617,1.10,236.7,101.7,14.1
2025-06-20T15:50:00+00:00,2007.8,81.38,344.8,13.94,395.6,21.6,608.3,0.0604,0.99,236.7,101.7,14.1
2025-06-20T15:51:00+00:00,1980.8,82.47,344.6,13.93,373.0,22.2,617.9,0.0628,1.12,236.7,101.7,12.5
2025-06-20T15:52:00+00:00,2053.6,83.72,341.9,13.80,370.3,20.2,633.0,0.0612,1.06,236.7,101.7,14.0
2025-06-20T15:53:00+00:00,2031.5,84.27,347.0,13.90,399.7,22.0,628.5,0.0621,1.18,236.7,101.7,13.0
2025-06-20T15:54:00+00:00,2092.1,81.64,345.9,13.90,398.8,18.9,612.0,0.0607,1.00,236.7,101.7,14.3
2025-06-20T15:55:00+00:00,1902.2,82.34,359.1,13.92,352.6,21.5,580.1,0.0605,1.06,236.7,101.7,13.3
2025-06-20T15:56:00+00:00,1966.9,83.24,368.8,13.58,383.3,21.5,580.4,0.0609,1.08,236.7,101.7,12.4
2025-06-20T15:57:00+00:00,2016.7,82.19,356.3,13.68,365.7,18.7,602.9,0.0619,1.17,236.7,101.7,15.4
2025-06-20T15:58:00+00:00,1818.3,82.03,353.2,13.79,358.4,20.7,587.5,0.0596,1.04,236.7,101.7,14.0
2025-06-20T15:59:00+00:00,2030.5,82.08,349.2,13.99,367.8,20.8,585.7,0.0617,1.14,236.7,101.7,13.5
2025-06-20T16:00:00+00:00,2016.4,81.78,355.9,13.56,385.5,20.7,620.0,0.0636,1.10,236.7,101.7,12.4
2025-06-20T16:01:00+00:00,1993.6,84.01,342.4,13.73,360.2,16.6,586.4,0.0637,1.11,236.7,101.7,10.8
2025-06-20T16:02:00+00:00,2094.2,81.88,348.7,13.68,382.8,22.7,581.2,0.0639,1.01,236.7,101.7,13.6
2025-06-20T16:03:00+00:00,1970.2,83.52,354.1,14.04,333.2,20.7,597.1,0.0660,1.16,236.7,101.7,15.6
2025-06-20T16:04:00+00:00,2213.1,83.52,359.0,13.69,399.4,19.8,528.5,0.0617,1.05,236.7,101.7,14.4
2025-06-20T16:05:00+00:00,1936.2,80.79,350.2,13.65,395.1,21.9,598.8,0.0621,1.02,236.7,101.7,12.5
2025-06-20T16:06:00+00:00,2117.6,81.99,356.9,13.68,383.7,20.1,579.2,0.0654,1.18,236.7,101.7,13.2
2025-06-20T16:07:00+00:00,2038.4,82.45,343.6,13.76,389.8,21.4,654.4,0.0617,1.13,236.7,101.7,13.6
2025-06-20T16:08:00+00:00,2158.5,84.00,344.6,13.71,380.0,21.8,625.7,0.0625,1.14,236.7,101.7,14.4
2025-06-20T16:09:00+00:00,1926.6,80.78,358.8,13.81,375.5,22.0,581.3,0.0612,1.12,236.7,101.7,15.3
2025-06-20T16:10:00+00:00,1944.9,82.06,353.2,13.78,399.1,20.7,605.1,0.0610,1.11,236.7,101.7,14.9
2025-06-20T16:11:00+00:00,1804.4,82.09,351.5,13.77,396.6,19.0,619.5,0.0597,1.05,236.7,101.7,12.3
2025-06-20T16:12:00+00:00,1950.2,80.86,356.2,13.57,400.4,18.6,643.4,0.0604,1.06,236.7,101.7,13.6
2025-06-20T16:13:00+00:00,2057.9,82.86,331.3,13.84,372.4,20.5,580.7,0.0613,1.07,236.7,101.7,12.5
2025-06-20T16:14:00+00:00,1998.7,80.68,363.8,14.01,389.3,20.0,564.5,0.0685,1.03,236.7,101.7,12.8
2025-06-20T16:15:00+00:00,1930.9,84.06,361.8,13.62,358.5,20.5,565.1,0.0649,1.09,236.7,101.7,12.6
2025-06-20T16:16:00+00:00,2303.6,86.23,346.0,13.77,396.5,21.0,601.4,0.0631,1.13,236.7,101.7,15.0
2025-06-20T16:17:00+00:00,1981.0,83.37,351.3,13.63,390.4,19.6,610.0,0.0626,1.15,236.7,101.7,15.2
2025-06-20T16:18:00+00:00,1887.3,80.98,343.8,13.63,371.8,19.4,522.5,0.0611,1.14,236.7,101.7,14.2
2025-06-20T16:19:00+00:00,2066.7,81.62,337.9,13.82,359.9,20.5,654.7,0.0636,1.09,236.7,101.7,13.5
2025-06-20T16:20:00+00:00,1959.4,82.24,338.3,13.95,400.0,24.6,583.3,0.0613,1.13,236.7,101.7,14.8
2025-06-20T16:21:00+00:00,1889.6,82.72,362.1,13.78,398.0,20.6,584.0,0.0618,1.03,236.7,101.7,13.1
2025-06-20T16:22:00+00:00,1897.5,79.42,344.8,13.86,366.5,20.9,577.0,0.0682,1.16,236.7,101.7,11.3
2025-06-20T16:23:00+00:00,2031.4,82.10,349.7,14.01,386.7,23.6,586.4,0.0607,1.03,236.7,101.7,14.9
2025-06-20T16:24:00+00:00,2038.5,79.68,343.8,13.98,383.6,18.5,622.8,0.0676,1.07,236.7,101.7,12.5
2025-06-20T16:25:00+00:00,1838.0,80.80,339.2,13.64,388.8,18.1,582.1,0.0672,1.11,236.7,101.7,14.3
2025-06-20T16:26:00+00:00,1978.6,80.00,352.4,13.68,359.7,20.5,605.1,0.0613,1.12,236.7,101.7,15.5
2025-06-20T16:27:00+00:00,1872.7,81.03,357.5,14.02,356.5,19.6,562.9,0.0608,1.14,236.7,101.7,13.3
2025-06-20T16:28:00+00:00,1888.5,80.71,340.0,13.77,360.1,19.9,620.4,0.0645,1.03,236.7,101.7,14.9
2025-06-20T16:29:00+00:00,1932.3,83.03,353.4,13.70,374.1,21.6,621.4,0.0612,1.04,236.7,101.7,13.8
2025-06-20T16:30:00+00:00,1060.7,80.78,344.3,13.85,351.2,23.3,551.9,0.0565,1.14,236.7,101.7,14.1
2025-06-20T16:31:00+00:00,914.4,79.20,361.3,13.73,357.5,19.5,587.1,0.0562,1.04,236.7,101.7,14.8
2025-06-20T16:32:00+00:00,1019.6,77.31,351.9,13.65,358.4,20.9,510.0,0.0586,1.12,236.7,101.7,13.8
2025-06-20T16:33:00+00:00,1111.4,80.42,357.7,13.91,358.2,21.0,595.7,0.0570,1.15,236.7,101.7,12.3
2025-06-20T16:34:00+00:00,952.0,80.92,354.9,13.67,341.1,22.4,562.4,0.0584,1.11,236.7,101.7,15.4
2025-06-20T16:35:00+00:00,888.7,77.44,367.9,13.72,346.8,21.4,561.7,0.0630,1.09,236.7,101.7,14.5
2025-06-20T16:36:00+00:00,1121.7,81.34,346.2,14.00,346.3,19.8,568.9,0.0557,1.01,236.7,101.7,13.3
2025-06-20T16:37:00+00:00,1026.5,80.17,353.2,13.90,357.2,20.8,571.5,0.0558,1.08,236.7,101.7,15.7
2025-06-20T16:38:00+00:00,972.4,78.55,370.8,13.84,371.1,24.0,566.5,0.0588,1.09,236.7,101.7,14.7
2025-06-20T16:39:00+00:00,884.5,77.29,349.4,13.85,343.9,20.5,583.7,0.0581,1.14,236.7,101.7,14.2
2025-06-20T16:40:00+00:00,970.6,79.82,356.4,14.03,354.6,19.9,523.3,0.0557,1.11,236.7,101.7,14.2
2025-06-20T16:41:00+00:00,822.5,78.66,363.3,13.64,339.0,23.0,571.5,0.0588,1.07,236.7,101.7,14.4
2025-06-20T16:42:00+00:00,979.7,80.34,349.2,13.68,344.8,21.3,633.4,0.0601,1.13,236.7,101.7,12.9
2025-06-21T06:00:00+00:00,1083.5,80.26,354.7,13.70,352.7,22.8,538.3,0.0550,0.98,271.5,46.5,10.9
2025-06-21T06:01:00+00:00,991.7,75.98,352.9,13.94,370.9,21.0,534.0,0.0588,0.94,271.5,46.5,10.4
2025-06-21T06:02:00+00:00,991.0,79.92,356.7,13.80,345.7,23.2,522.6,0.0562,1.14,271.5,46.5,13.9
2025-06-21T06:03:00+00:00,935.7,78.11,354.4,13.84,363.1,20.9,513.6,0.0547,1.03,271.5,46.5,10.4
2025-06-21T06:04:00+00:00,911.9,78.30,352.1,13.70,362.1,23.2,537.6,0.0620,0.99,271.5,46.5,11.6
2025-06-21T06:05:00+00:00,984.3,79.38,356.3,13.88,369.0,23.3,550.7,0.0547,0.99,271.5,46.5,10.5
2025-06-21T06:06:00+00:00,1001.6,75.73,351.7,13.82,359.0,23.5,631.8,0.0541,0.92,271.5,46.5,11.9
2025-06-21T06:07:00+00:00,950.8,78.19,367.8,13.70,343.9,21.9,567.7,0.0545,0.98,271.5,46.5,10.6
2025-06-21T06:08:00+00:00,934.9,80.65,364.4,13.76,337.5,19.3,538.2,0.0546,1.02,271.5,46.5,10.4
2025-06-21T06:09:00+00:00,1044.2,77.91,353.5,13.92,356.6,20.7,581.5,0.0555,1.04,271.5,46.5,11.7
2025-06-21T06:10:00+00:00,744.4,74.93,352.2,13.92,342.3,21.2,530.9,0.0547,1.12,271.5,46.5,12.8
2025-06-21T06:11:00+00:00,906.8,79.91,346.7,13.62,332.5,21.8,569.9,0.0586,1.00,271.5,46.5,12.2
2025-06-21T06:12:00+00:00,907.9,77.57,362.9,13.88,345.0,22.9,558.2,0.0556,1.14,271.5,46.5,11.7
2025-06-21T06:13:00+00:00,1978.3,84.75,353.6,13.92,378.8,19.7,627.5,0.0645,1.03,271.5,46.5,11.7
2025-06-21T06:14:00+00:00,1775.4,79.62,352.4,14.08,391.7,21.7,594.7,0.0588,0.98,271.5,46.5,12.1
2025-06-21T06:15:00+00:00,1994.7,81.62,354.3,13.95,370.5,21.1,535.5,0.0606,1.04,271.5,46.5,12.6
2025-06-21T06:16:00+00:00,1884.7,80.39,338.5,13.63,395.5,21.8,625.9,0.0602,1.06,271.5,46.5,11.4
2025-06-21T06:17:00+00:00,2050.2,81.96,347.1,13.75,381.1,20.8,615.3,0.0610,1.04,271.5,46.5,11.1
2025-06-21T06:18:00+00:00,1998.5,80.78,331.0,14.33,368.6,23.2,607.1,0.0686,1.00,271.5,46.5,11.5
2025-06-21T06:19:00+00:00,2286.4,84.44,325.0,13.65,390.0,21.7,557.6,0.0619,1.02,271.5,46.5,12.6
2025-06-21T06:20:00+00:00,1968.7,81.59,353.1,13.83,376.8,19.0,586.9,0.0714,1.02,271.5,46.5,10.8
2025-06-21T06:21:00+00:00,1891.5,83.07,352.3,14.02,357.3,21.8,587.9,0.0690,1.02,271.5,46.5,12.0
2025-06-21T06:22:00+00:00,1978.9,82.91,351.7,13.98,375.9,20.2,540.8,0.0602,1.01,271.5,46.5,9.4
2025-06-21T06:23:00+00:00,2136.7,81.81,344.2,14.00,395.8,21.6,547.3,0.0607,0.97,271.5,46.5,11.9
2025-06-21T06:24:00+00:00,2040.3,83.91,359.3,13.79,370.4,22.0,571.9,0.0659,0.91,271.5,46.5,12.8
2025-06-21T06:25:00+00:00,2035.5,82.99,349.6,13.50,381.1,21.3,545.5,0.0610,1.05,271.5,46.5,11.7
2025-06-21T06:26:00+00:00,1985.3,84.82,345.6,13.63,398.1,21.2,573.5,0.0599,0.97,271.5,46.5,10.9
2025-06-21T06:27:00+00:00,2156.5,82.95,336.6,13.55,413.5,23.7,588.1,0.0612,1.00,271.5,46.5,12.7
2025-06-21T06:28:00+00:00,1996.9,77.62,346.0,13.67,363.1,22.2,596.8,0.0599,0.98,271.5,46.5,10.9
2025-06-21T06:29:00+00:00,1920.6,84.15,347.0,13.73,393.4,21.4,535.7,0.0607,1.03,271.5,46.5,13.4
2025-06-21T06:30:00+00:00,2167.3,85.20,340.0,13.84,406.9,23.1,616.1,0.0704,0.97,271.5,46.5,10.7
2025-06-21T06:31:00+00:00,1787.4,79.95,354.0,14.09,383.2,20.4,534.6,0.0621,1.05,271.5,46.5,11.1
2025-06-21T06:32:00+00:00,1892.8,84.18,356.8,13.77,370.3,19.9,611.2,0.0609,1.02,271.5,46.5,11.3
2025-06-21T06:33:00+00:00,1962.9,80.56,340.1,13.97,376.3,23.3,566.0,0.0707,1.06,271.5,46.5,11.8
2025-06-21T06:34:00+00:00,1730.0,81.24,356.5,13.75,362.8,22.9,609.9,0.0624,0.96,271.5,46.5,11.8
2025-06-21T06:35:00+00:00,2330.3,83.59,354.6,13.62,373.2,22.6,624.1,0.0619,1.01,271.5,46.5,12.0
2025-06-21T06:36:00+00:00,2054.4,84.97,362.0,13.45,374.9,20.2,586.0,0.0621,1.12,271.5,46.5,11.4
2025-06-21T06:37:00+00:00,2104.1,81.38,363.0,13.71,399.4,22.0,576.6,0.0634,1.01,271.5,46.5,11.8
2025-06-21T06:38:00+00:00,2198.7,81.18,346.5,13.63,407.2,20.2,623.0,0.0604,0.92,271.5,46.5,11.8
2025-06-21T06:39:00+00:00,1823.3,82.33,356.7,13.94,360.8,23.8,570.2,0.0644,0.99,271.5,46.5,15.0
2025-06-21T06:40:00+00:00,1814.1,81.38,366.1,13.89,363.9,22.4,649.0,0.0626,0.99,271.5,46.5,11.2
2025-06-21T06:41:00+00:00,2289.0,79.17,334.3,13.46,376.1,23.0,588.2,0.0679,1.09,271.5,46.5,11.3
2025-06-21T06:42:00+00:00,2094.9,80.70,343.8,13.73,359.9,22.3,611.8,0.0702,1.04,271.5,46.5,12.0
2025-06-21T06:43:00+00:00,2046.8,80.38,347.8,13.76,381.1,24.0,598.9,0.0618,1.02,271.5,46.5,11.9
2025-06-21T06:44:00+00:00,2030.9,81.66,360.4,13.90,381.6,20.5,598.8,0.0629,0.92,271.5,46.5,9.2
2025-06-21T06:45:00+00:00,2024.4,86.89,348.8,13.51,377.9,25.9,587.0,0.0603,1.00,271.5,46.5,12.3
2025-06-21T06:46:00+00:00,1953.5,83.47,351.9,13.78,392.7,21.9,604.2,0.0602,1.01,271.5,46.5,9.9
2025-06-21T06:47:00+00:00,1844.2,78.71,340.6,14.18,355.1,21.6,589.8,0.0607,1.12,271.5,46.5,11.3
2025-06-21T06:48:00+00:00,1966.5,80.00,337.9,13.94,378.5,21.8,579.7,0.0599,0.96,271.5,46.5,12.1
2025-06-21T06:49:00+00:00,1921.8,81.15,348.3,13.73,377.9,24.1,618.4,0.0605,1.06,271.5,46.5,12.4
2025-06-21T06:50:00+00:00,2143.6,82.78,362.1,13.86,406.2,22.7,598.8,0.0620,1.11,271.5,46.5,12.8
2025-06-21T06:51:00+00:00,2092.2,83.17,340.2,13.66,394.1,22.4,559.2,0.0677,1.03,271.5,46.5,11.5
2025-06-21T06:52:00+00:00,1982.1,81.34,357.3,13.55,364.9,22.9,583.9,0.0627,0.95,271.5,46.5,11.6
2025-06-21T06:53:00+00:00,1992.4,82.90,345.0,13.93,380.9,18.5,541.6,0.0656,1.08,271.5,46.5,10.8
2025-06-21T06:54:00+00:00,2051.0,84.12,346.6,13.71,358.2,21.0,615.0,0.0693,1.00,271.5,46.5,12.7
2025-06-21T06:55:00+00:00,2045.0,80.76,355.3,13.65,378.3,17.3,604.2,0.0605,1.01,271.5,46.5,12.9
2025-06-21T06:56:00+00:00,1957.9,82.86,360.3,13.74,402.7,22.5,676.9,0.0611,1.11,271.5,46.5,10.8
2025-06-21T06:57:00+00:00,1973.3,80.22,350.5,13.69,372.3,18.9,599.0,0.0609,1.09,271.5,46.5,13.5
2025-06-21T06:58:00+00:00,2026.4,83.66,348.0,13.60,390.1,22.0,664.1,0.0646,1.04,271.5,46.5,11.2
2025-06-21T06:59:00+00:00,2061.8,82.16,335.6,13.88,386.3,19.0,651.3,0.0606,1.01,271.5,46.5,12.5
2025-06-21T07:00:00+00:00,2045.8,81.76,348.7,13.86,398.9,20.7,598.9,0.0656,0.98,271.5,46.5,13.0
2025-06-21T07:01:00+00:00,1963.8,81.71,353.9,13.72,367.4,21.9,617.2,0.0598,0.98,271.5,46.5,10.7
2025-06-21T07:02:00+00:00,2066.8,81.66,352.6,13.80,379.9,21.0,615.0,0.0608,1.04,271.5,46.5,13.6
2025-06-21T07:03:00+00:00,2131.0,82.84,344.3,13.65,369.0,20.5,610.7,0.0616,1.06,271.5,46.5,12.7
2025-06-21T07:04:00+00:00,2061.5,81.19,366.1,13.95,387.5,23.3,604.2,0.0601,0.96,271.5,46.5,10.0
2025-06-21T07:05:00+00:00,1956.3,82.46,347.5,13.52,386.1,20.2,540.8,0.0602,1.02,271.5,46.5,12.7
2025-06-21T07:06:00+00:00,2510.3,83.59,341.3,13.64,401.7,24.0,587.0,0.0674,1.02,271.5,46.5,11.7
2025-06-21T07:07:00+00:00,2217.0,83.48,351.9,13.74,392.4,21.1,604.1,0.0623,1.02,271.5,46.5,12.4
2025-06-21T07:08:00+00:00,1958.8,81.03,352.5,13.82,365.4,21.5,554.5,0.0602,1.01,271.5,46.5,11.2
2025-06-21T07:09:00+00:00,2493.2,85.90,343.4,13.84,383.7,19.5,591.9,0.0771,0.94,271.5,46.5,11.3
2025-06-21T07:10:00+00:00,1941.5,81.13,354.4,13.74,364.8,19.9,638.8,0.0637,1.12,271.5,46.5,12.2
2025-06-21T07:11:00+00:00,2113.0,83.72,352.5,14.02,392.5,20.4,645.9,0.0605,0.97,271.5,46.5,12.7
2025-06-21T07:12:00+00:00,2080.1,83.08,355.7,13.53,376.1,22.9,593.8,0.0676,1.01,271.5,46.5,12.1
2025-06-21T07:13:00+00:00,2593.5,83.74,370.2,13.84,410.3,20.4,649.2,0.0674,1.06,271.5,46.5,11.6
2025-06-21T07:14:00+00:00,2140.6,85.10,352.9,13.83,383.6,23.9,650.4,0.0614,1.05,271.5,46.5,11.6
2025-06-21T07:15:00+00:00,2528.5,83.39,348.6,13.74,400.2,21.0,623.6,0.0626,0.97,271.5,46.5,11.2
2025-06-21T07:16:00+00:00,2126.1,83.50,341.5,13.63,379.5,22.0,572.4,0.0630,1.04,271.5,46.5,12.0
2025-06-21T07:17:00+00:00,1879.2,81.01,350.7,13.74,373.0,20.5,618.2,0.0599,1.04,271.5,46.5,13.1
2025-06-21T07:18:00+00:00,2421.8,83.65,343.6,13.96,398.8,20.2,638.4,0.0625,0.99,271.5,46.5,11.3
2025-06-21T07:19:00+00:00,1803.1,83.50,352.6,13.74,369.0,21.6,642.3,0.0639,1.08,271.5,46.5,11.5
2025-06-21T07:20:00+00:00,2496.3,81.78,331.7,13.85,407.5,19.6,631.8,0.0668,0.98,271.5,46.5,12.4
2025-06-21T07:21:00+00:00,2450.5,82.61,346.8,13.91,386.0,23.6,667.0,0.0709,1.00,271.5,46.5,10.9
2025-06-21T07:22:00+00:00,2383.6,84.89,352.8,13.63,391.0,19.7,584.4,0.0647,1.02,271.5,46.5,11.5
2025-06-21T07:23:00+00:00,2056.7,84.12,349.3,13.46,377.7,24.6,585.8,0.0613,1.08,271.5,46.5,11.4
2025-06-21T07:24:00+00:00,2002.0,81.68,350.1,13.78,361.9,21.3,536.3,0.0610,1.08,271.5,46.5,11.4
2025-06-21T07:25:00+00:00,2153.9,83.90,338.5,13.81,391.3,21.2,584.6,0.0622,1.00,271.5,46.5,11.2
2025-06-21T07:26:00+00:00,2447.6,82.82,346.0,13.92,388.7,20.1,655.3,0.0625,0.98,271.5,46.5,12.8
2025-06-21T07:27:00+00:00,2497.3,84.53,335.3,13.77,394.8,21.3,664.5,0.0665,0.98,271.5,46.5,12.5
2025-06-21T07:28:00+00:00,2128.3,81.89,346.1,13.62,408.0,20.7,579.1,0.0610,1.00,271.5,46.5,10.4
2025-06-21T07:29:00+00:00,2090.2,84.67,344.7,13.70,389.5,20.5,619.3,0.0619,0.95,271.5,46.5,10.7
2025-06-21T07:30:00+00:00,2466.1,83.44,342.4,13.81,393.0,21.8,607.8,0.0663,1.08,271.5,46.5,11.1
2025-06-21T07:31:00+00:00,2095.3,82.71,358.6,13.86,364.4,21.7,577.5,0.0605,0.97,271.5,46.5,10.5
2025-06-21T07:32:00+00:00,2141.0,82.25,358.6,13.91,372.7,20.7,681.5,0.0662,1.06,271.5,46.5,12.4
2025-06-21T07:33:00+00:00,2038.0,83.56,357.7,13.61,374.3,22.6,595.0,0.0604,0.99,271.5,46.5,10.6
2025-06-21T07:34:00+00:00,2180.5,84.53,341.5,13.65,388.5,23.1,671.4,0.0614,1.03,271.5,46.5,11.0
2025-06-21T07:35:00+00:00,1821.2,83.41,343.4,13.76,369.6,21.4,587.6,0.0665,1.02,271.5,46.5,10.1
2025-06-21T07:36:00+00:00,2052.1,82.40,347.4,13.78,377.0,21.3,571.2,0.0611,1.06,271.5,46.5,11.5
2025-06-21T07:37:00+00:00,2009.0,82.11,362.4,13.85,373.2,20.7,616.0,0.0643,1.07,271.5,46.5,12.3
2025-06-21T07:38:00+00:00,1939.0,84.22,346.3,13.81,386.1,21.1,617.5,0.0618,1.04,271.5,46.5,11.5
2025-06-21T07:39:00+00:00,2078.5,81.26,349.6,13.83,388.0,21.1,621.1,0.0654,1.02,271.5,46.5,11.5
2025-06-21T07:40:00+00:00,1943.4,81.97,339.9,13.69,378.1,20.6,633.8,0.0606,1.05,271.5,46.5,11.1
2025-06-21T07:41:00+00:00,1901.3,81.89,359.6,13.74,368.3,22.2,559.7,0.0610,1.02,271.5,46.5,13.1
2025-06-21T07:42:00+00:00,2210.3,84.92,344.9,13.99,381.7,22.6,569.4,0.0722,1.03,271.5,46.5,12.2
2025-06-21T07:43:00+00:00,1943.4,85.06,344.7,13.71,402.4,22.0,570.6,0.0594,0.95,271.5,46.5,10.1
2025-06-21T07:44:00+00:00,1845.8,80.98,351.3,13.93,399.7,19.3,636.9,0.0683,1.10,271.5,46.5,11.5
2025-06-21T07:45:00+00:00,2062.6,80.65,351.7,13.77,396.5,21.4,616.3,0.0641,1.02,271.5,46.5,10.8
2025-06-21T07:46:00+00:00,2021.4,83.33,345.0,13.97,368.6,22.5,558.9,0.0603,1.00,271.5,46.5,11.5
2025-06-21T07:47:00+00:00,2010.9,81.76,359.7,13.56,389.7,22.0,614.4,0.0604,1.01,271.5,46.5,12.7
2025-06-21T07:48:00+00:00,2118.6,82.64,343.1,13.54,384.7,24.5,631.3,0.0617,1.08,271.5,46.5,10.5
2025-06-21T07:49:00+00:00,2006.3,80.72,357.0,13.78,388.0,25.0,594.5,0.0740,1.03,271.5,46.5,9.8
2025-06-21T07:50:00+00:00,2005.1,81.68,359.4,13.86,393.1,19.3,562.2,0.0606,1.02,271.5,46.5,9.4
2025-06-21T07:51:00+00:00,2136.7,82.26,341.5,13.78,394.3,21.7,625.4,0.0669,1.09,271.5,46.5,9.6
2025-06-21T07:52:00+00:00,1991.5,83.35,345.4,13.77,365.7,22.7,587.9,0.0609,1.07,271.5,46.5,10.8
2025-06-21T07:53:00+00:00,2138.7,82.93,364.7,13.79,392.2,20.6,602.1,0.0732,1.04,271.5,46.5,13.6
2025-06-21T07:54:00+00:00,2139.6,86.45,342.5,13.99,347.8,20.4,574.8,0.0609,1.00,271.5,46.5,13.7
2025-06-21T07:55:00+00:00,2065.7,83.81,351.0,13.94,387.2,21.4,604.2,0.0634,1.02,271.5,46.5,11.4
2025-06-21T07:56:00+00:00,1958.3,80.54,346.9,13.86,385.3,23.3,566.9,0.0594,0.93,271.5,46.5,11.1
2025-06-21T07:57:00+00:00,1969.1,81.49,355.0,13.59,382.3,20.9,597.2,0.0598,0.98,271.5,46.5,10.4
2025-06-21T07:58:00+00:00,2143.7,83.75,339.8,13.86,383.5,22.4,616.9,0.0612,1.02,271.5,46.5,10.5
2025-06-21T07:59:00+00:00,2087.5,83.32,352.7,13.90,368.7,21.1,615.7,0.0657,1.02,271.5,46.5,12.5
2025-06-21T08:00:00+00:00,2098.5,82.29,347.0,13.85,382.5,22.4,599.2,0.0634,0.96,271.5,46.5,11.7
2025-06-21T08:01:00+00:00,2038.8,83.19,356.8,14.04,392.5,19.0,583.8,0.0614,1.09,271.5,46.5,11.4
2025-06-21T08:02:00+00:00,2040.4,81.67,367.1,13.91,383.7,23.0,639.9,0.0599,0.95,271.5,46.5,13.0
2025-06-21T08:03:00+00:00,1819.3,80.43,361.3,13.82,400.2,23.8,616.9,0.0598,1.05,271.5,46.5,13.0
2025-06-21T08:04:00+00:00,1989.6,81.34,359.5,13.94,373.7,23.1,596.9,0.0613,1.04,271.5,46.5,13.6
2025-06-21T08:05:00+00:00,2183.9,81.23,347.4,13.84,394.6,22.9,565.3,0.0607,0.96,271.5,46.5,13.6
2025-06-21T08:06:00+00:00,1914.2,81.66,356.0,14.04,393.8,21.4,564.4,0.0592,0.95,271.5,46.5,9.7
2025-06-21T08:07:00+00:00,1749.3,81.87,355.8,14.17,367.8,20.8,615.5,0.0604,0.99,271.5,46.5,10.9
2025-06-21T08:08:00+00:00,1989.4,82.06,355.2,13.58,377.7,21.7,620.0,0.0631,1.09,271.5,46.5,10.3
2025-06-21T08:09:00+00:00,1845.2,80.39,355.7,13.46,377.4,22.7,612.0,0.0586,0.93,271.5,46.5,10.8
2025-06-21T08:10:00+00:00,2136.7,79.96,372.7,13.56,377.3,19.6,580.0,0.0663,1.05,271.5,46.5,12.6
2025-06-21T08:11:00+00:00,1971.6,82.81,348.4,13.77,383.5,21.8,641.0,0.0639,1.04,271.5,46.5,12.8
2025-06-21T08:12:00+00:00,2050.3,81.10,355.8,13.79,379.8,21.4,598.6,0.0663,1.05,271.5,46.5,11.3
2025-06-21T08:13:00+00:00,2184.4,82.48,347.4,13.90,370.1,22.0,670.7,0.0629,1.03,271.5,46.5,11.5
2025-06-21T08:14:00+00:00,2104.1,82.20,334.8,13.85,379.2,23.3,586.7,0.0615,1.06,271.5,46.5,11.2
2025-06-21T08:15:00+00:00,2070.6,80.89,355.2,13.82,380.4,21.8,601.3,0.0602,0.96,271.5,46.5,12.6
2025-06-21T08:16:00+00:00,1951.2,82.77,351.1,13.71,378.4,22.9,587.0,0.0602,1.02,271.5,46.5,12.3
2025-06-21T08:17:00+00:00,2051.9,82.39,343.7,13.58,366.3,20.4,597.9,0.0610,1.05,271.5,46.5,11.6
2025-06-21T08:18:00+00:00,2167.3,82.28,356.1,13.70,382.3,22.2,657.8,0.0676,1.10,271.5,46.5,12.7
2025-06-21T08:19:00+00:00,2115.7,84.94,350.2,13.66,376.4,21.7,581.1,0.0622,1.04,271.5,46.5,12.9
2025-06-21T08:20:00+00:00,1959.0,81.77,350.0,14.16,408.2,22.4,614.4,0.0592,0.93,271.5,46.5,11.4
2025-06-21T08:21:00+00:00,1919.0,82.79,355.4,13.70,376.9,21.0,584.9,0.0658,0.92,271.5,46.5,10.6
2025-06-21T08:22:00+00:00,2021.2,82.66,351.4,13.70,406.0,18.9,609.2,0.0630,1.04,271.5,46.5,11.4
2025-06-21T08:23:00+00:00,2137.9,82.36,342.4,13.71,378.0,25.2,576.0,0.0612,1.01,271.5,46.5,13.1
2025-06-21T08:24:00+00:00,1863.8,80.47,364.8,13.88,390.3,21.6,657.6,0.0592,0.97,271.5,46.5,11.1
2025-06-21T08:25:00+00:00,1987.5,82.39,337.4,13.72,363.0,19.1,567.0,0.0673,0.94,271.5,46.5,11.5
2025-06-21T08:26:00+00:00,1949.2,81.86,340.5,14.22,390.1,18.9,651.0,0.0611,1.10,271.5,46.5,11.2
2025-06-21T08:27:00+00:00,1890.3,80.97,344.8,13.84,365.1,20.9,648.9,0.0601,1.03,271.5,46.5,11.8
2025-06-21T08:28:00+00:00,930.0,78.99,354.6,13.68,362.3,21.4,549.0,0.0574,1.05,271.5,46.5,12.2
2025-06-21T08:29:00+00:00,891.2,77.81,358.5,13.98,371.9,22.1,550.6,0.0601,1.01,271.5,46.5,12.0
2025-06-21T08:30:00+00:00,969.1,78.13,352.2,13.54,367.8,19.9,603.1,0.0573,1.02,271.5,46.5,10.7
2025-06-21T08:31:00+00:00,902.1,76.28,354.3,13.90,352.4,23.6,609.6,0.0547,0.95,271.5,46.5,10.2
2025-06-21T08:32:00+00:00,961.7,76.77,363.5,13.80,368.7,21.1,538.0,0.0591,0.97,271.5,46.5,11.4
2025-06-21T08:33:00+00:00,1000.8,76.09,367.8,13.68,344.2,19.5,554.1,0.0600,1.09,271.5,46.5,12.0
2025-06-21T08:34:00+00:00,911.3,77.47,345.0,13.84,331.2,20.2,604.3,0.0556,1.12,271.5,46.5,10.0
2025-06-21T08:35:00+00:00,914.7,77.78,357.6,13.82,350.9,22.0,554.1,0.0589,1.04,271.5,46.5,11.8
2025-06-21T08:36:00+00:00,1033.0,78.16,341.3,13.96,361.9,19.8,590.1,0.0553,1.02,271.5,46.5,12.3
2025-06-21T08:37:00+00:00,881.4,77.49,372.9,14.08,349.2,21.4,532.3,0.0572,1.00,271.5,46.5,11.3
2025-06-21T08:38:00+00:00,935.8,78.95,356.6,13.78,339.5,21.2,520.4,0.0624,1.07,271.5,46.5,10.8
2025-06-21T08:39:00+00:00,876.6,80.30,354.3,13.93,335.9,20.5,628.7,0.0655,1.04,271.5,46.5,11.4
2025-06-21T14:00:00+00:00,1027.0,77.87,372.0,13.80,345.0,18.6,632.6,0.0583,1.06,271.5,46.5,12.5
2025-06-21T14:01:00+00:00,789.9,79.52,356.3,13.72,357.2,20.8,552.6,0.0561,1.00,271.5,46.5,12.4
2025-06-21T14:02:00+00:00,1020.8,79.49,353.3,14.01,338.6,20.6,566.0,0.0544,0.95,271.5,46.5,13.0
2025-06-21T14:03:00+00:00,943.6,80.06,347.7,13.84,357.5,22.1,541.9,0.0605,1.00,271.5,46.5,9.6
2025-06-21T14:04:00+00:00,943.0,79.61,347.5,13.85,356.3,18.4,523.1,0.0555,1.08,271.5,46.5,12.6
2025-06-21T14:05:00+00:00,1065.4,78.35,352.8,13.66,339.5,23.0,542.4,0.0558,1.05,271.5,46.5,12.2
2025-06-21T14:06:00+00:00,1059.5,81.40,363.9,13.73,346.5,22.0,543.3,0.0576,0.97,271.5,46.5,12.6
2025-06-21T14:07:00+00:00,961.0,78.45,362.1,13.61,351.8,22.5,522.6,0.0569,1.05,271.5,46.5,12.1
2025-06-21T14:08:00+00:00,934.1,79.09,350.0,13.68,331.8,22.4,589.6,0.0570,0.97,271.5,46.5,13.5
2025-06-21T14:09:00+00:00,813.2,78.98,370.7,13.89,351.8,22.5,572.3,0.0624,0.98,271.5,46.5,11.5
2025-06-21T14:10:00+00:00,969.1,79.69,365.2,13.85,345.6,20.3,606.9,0.0556,1.10,271.5,46.5,11.0
2025-06-21T14:11:00+00:00,1795.9,83.42,340.5,14.06,379.0,22.5,612.1,0.0597,1.06,271.5,46.5,10.3
2025-06-21T14:12:00+00:00,2127.0,82.08,345.1,13.91,393.3,21.7,590.4,0.0631,1.08,271.5,46.5,12.2
2025-06-21T14:13:00+00:00,1998.4,79.10,354.4,13.74,380.0,20.6,581.0,0.0603,1.01,271.5,46.5,11.3
2025-06-21T14:14:00+00:00,1991.6,83.05,339.9,13.86,366.8,22.4,566.7,0.0675,1.06,271.5,46.5,12.1
2025-06-21T14:15:00+00:00,1859.7,81.36,348.8,13.65,364.9,21.9,571.7,0.0596,1.01,271.5,46.5,12.3
2025-06-21T14:16:00+00:00,2043.6,81.60,336.2,13.91,384.0,19.7,588.7,0.0604,0.99,271.5,46.5,10.5
2025-06-21T14:17:00+00:00,1930.5,81.01,361.6,13.81,377.3,23.8,562.7,0.0627,1.02,271.5,46.5,12.2
2025-06-21T14:18:00+00:00,2137.1,82.83,368.0,13.78,382.7,22.3,574.1,0.0613,1.04,271.5,46.5,11.6
2025-06-21T14:19:00+00:00,2087.7,80.44,349.8,13.67,381.1,21.4,613.9,0.0606,0.99,271.5,46.5,13.1
2025-06-21T14:20:00+00:00,1989.7,81.73,345.2,13.73,376.8,22.6,547.0,0.0634,0.99,271.5,46.5,11.0
2025-06-21T14:21:00+00:00,1945.7,84.81,349.7,14.09,378.6,22.2,579.0,0.0600,0.95,271.5,46.5,11.6
2025-06-21T14:22:00+00:00,1932.6,83.65,344.5,13.75,385.3,20.6,634.3,0.0693,1.05,271.5,46.5,10.2
2025-06-21T14:23:00+00:00,2020.8,83.57,358.0,13.99,387.8,21.5,567.0,0.0607,1.03,271.5,46.5,12.6
2025-06-21T14:24:00+00:00,1995.3,81.59,350.5,13.50,388.3,20.6,635.6,0.0642,1.00,271.5,46.5,12.0
2025-06-21T14:25:00+00:00,2019.3,85.39,356.2,13.84,390.4,21.3,556.5,0.0646,1.09,271.5,46.5,9.8
2025-06-21T14:26:00+00:00,2185.5,83.53,335.6,13.56,380.4,19.9,614.6,0.0619,1.07,271.5,46.5,10.8
2025-06-21T14:27:00+00:00,1950.3,82.74,362.5,13.81,393.2,20.0,665.8,0.0604,1.04,271.5,46.5,12.1
2025-06-21T14:28:00+00:00,1832.3,83.29,351.5,13.89,368.6,20.2,624.8,0.0598,1.05,271.5,46.5,9.5
2025-06-21T14:29:00+00:00,2035.5,80.72,346.3,13.70,399.2,22.1,639.5,0.0602,0.98,271.5,46.5,12.6
2025-06-21T14:30:00+00:00,1829.6,79.71,350.4,13.67,375.7,19.5,610.4,0.0621,0.98,271.5,46.5,11.1
2025-06-21T14:31:00+00:00,1739.8,80.67,362.8,13.61,391.4,21.8,615.9,0.0608,1.09,271.5,46.5,9.8
2025-06-21T14:32:00+00:00,2102.6,84.83,357.9,13.69,368.1,22.2,635.1,0.0611,1.02,271.5,46.5,11.9
2025-06-21T14:33:00+00:00,2174.8,78.19,350.4,13.83,380.8,20.4,641.3,0.0619,1.06,271.5,46.5,11.3
2025-06-21T14:34:00+00:00,1965.4,83.85,340.0,13.63,380.1,20.6,599.2,0.0598,0.99,271.5,46.5,10.4
2025-06-21T14:35:00+00:00,1870.3,83.12,331.3,13.62,371.9,20.2,564.3,0.0600,1.04,271.5,46.5,9.8
2025-06-21T14:36:00+00:00,2190.0,81.55,342.4,13.70,392.0,20.5,590.9,0.0623,1.11,271.5,46.5,11.2
2025-06-21T14:37:00+00:00,1994.8,83.93,344.1,13.75,376.7,20.2,632.9,0.0608,1.05,271.5,46.5,11.2
2025-06-21T14:38:00+00:00,1994.5,80.23,361.9,13.89,381.0,24.4,616.5,0.0704,0.97,271.5,46.5,11.3
2025-06-21T14:39:00+00:00,2100.0,80.75,360.5,13.97,362.4,18.6,600.5,0.0620,1.03,271.5,46.5,12.1
2025-06-21T14:40:00+00:00,1934.0,81.62,345.1,13.69,375.0,22.0,616.1,0.0596,0.91,271.5,46.5,12.0
2025-06-21T14:41:00+00:00,2250.8,83.13,338.7,13.68,385.1,19.9,589.3,0.0619,1.04,271.5,46.5,11.7
2025-06-21T14:42:00+00:00,2131.7,82.33,342.7,13.69,364.2,20.6,601.8,0.0612,1.02,271.5,46.5,10.1
2025-06-21T14:43:00+00:00,2134.4,84.41,355.6,13.86,396.0,20.9,568.9,0.0617,1.07,271.5,46.5,12.2
2025-06-21T14:44:00+00:00,1941.1,84.15,355.7,13.71,362.4,25.6,605.3,0.0601,1.03,271.5,46.5,12.9
2025-06-21T14:45:00+00:00,2019.6,82.18,344.7,13.89,377.2,21.4,556.7,0.0650,1.08,271.5,46.5,10.7
2025-06-21T14:46:00+00:00,1980.1,79.84,352.6,14.02,366.9,22.5,605.4,0.0677,1.02,271.5,46.5,11.3
2025-06-21T14:47:00+00:00,1832.0,79.42,336.7,13.98,359.2,20.9,595.5,0.0608,1.04,271.5,46.5,11.0
2025-06-21T14:48:00+00:00,1921.1,79.63,354.8,13.70,378.7,21.0,630.0,0.0604,1.06,271.5,46.5,12.6
2025-06-21T14:49:00+00:00,1904.6,82.84,364.9,13.79,398.0,20.3,591.9,0.0610,1.12,271.5,46.5,11.7
2025-06-21T14:50:00+00:00,2133.4,84.85,344.5,13.72,379.4,19.8,616.5,0.0608,1.00,271.5,46.5,12.2
2025-06-21T14:51:00+00:00,2144.7,84.89,342.9,13.73,378.6,24.1,603.5,0.0632,1.04,271.5,46.5,11.7
2025-06-21T14:52:00+00:00,2112.8,84.41,343.0,13.93,392.7,21.2,576.7,0.0610,1.02,271.5,46.5,11.0
2025-06-21T14:53:00+00:00,2500.2,85.48,356.2,13.98,397.1,21.3,677.0,0.0658,0.97,271.5,46.5,13.5
2025-06-21T14:54:00+00:00,2157.9,82.89,333.6,13.47,409.9,22.6,598.4,0.0628,1.03,271.5,46.5,11.7
2025-06-21T14:55:00+00:00,2003.3,82.81,352.3,13.75,370.6,20.3,623.0,0.0612,1.10,271.5,46.5,10.7
2025-06-21T14:56:00+00:00,1982.9,80.09,349.4,13.92,394.3,22.9,653.7,0.0642,1.14,271.5,46.5,11.8
2025-06-21T14:57:00+00:00,1991.6,81.19,342.0,13.53,374.9,24.6,608.0,0.0601,0.91,271.5,46.5,11.9
2025-06-21T14:58:00+00:00,1845.8,83.71,345.6,14.04,347.5,21.4,611.9,0.0601,1.00,271.5,46.5,13.5
2025-06-21T14:59:00+00:00,1963.8,83.12,346.5,13.77,394.3,20.5,618.1,0.0625,1.07,271.5,46.5,11.3
2025-06-21T15:00:00+00:00,1891.1,81.65,346.6,13.78,374.3,20.6,551.3,0.0595,0.96,271.5,46.5,10.7
2025-06-21T15:01:00+00:00,2020.7,80.25,347.5,13.65,409.1,21.3,633.2,0.0715,1.07,271.5,46.5,13.1
2025-06-21T15:02:00+00:00,2403.0,81.08,348.1,13.71,398.6,22.6,584.3,0.0628,1.04,271.5,46.5,10.6
2025-06-21T15:03:00+00:00,1967.6,81.43,349.2,13.78,386.4,23.8,602.4,0.0600,1.00,271.5,46.5,13.9
2025-06-21T15:04:00+00:00,2132.7,82.69,342.2,13.81,414.4,21.3,557.6,0.0607,0.97,271.5,46.5,13.2
2025-06-21T15:05:00+00:00,2375.8,82.18,331.9,13.84,400.1,21.5,669.1,0.0626,1.03,271.5,46.5,12.0
2025-06-21T15:06:00+00:00,2090.9,81.96,338.4,13.77,373.6,23.3,625.5,0.0603,0.96,271.5,46.5,9.6
2025-06-21T15:07:00+00:00,2156.2,82.46,330.7,13.76,404.0,20.1,579.2,0.0611,0.93,271.5,46.5,11.8
2025-06-21T15:08:00+00:00,1964.4,81.47,349.5,13.63,381.4,20.2,604.1,0.0658,1.01,271.5,46.5,10.4
2025-06-21T15:09:00+00:00,2424.5,87.73,337.4,13.67,388.2,21.9,633.0,0.0631,1.05,271.5,46.5,11.5
2025-06-21T15:10:00+00:00,2108.0,79.57,360.9,13.85,381.0,19.5,542.1,0.0614,1.05,271.5,46.5,11.7
2025-06-21T15:11:00+00:00,2420.0,84.31,349.0,13.87,381.4,23.2,646.8,0.0636,1.06,271.5,46.5,11.6
2025-06-21T15:12:00+00:00,1874.5,79.32,348.2,13.73,393.9,22.7,579.4,0.0595,1.01,271.5,46.5,12.1
2025-06-21T15:13:00+00:00,1946.0,80.20,349.3,13.61,375.6,21.1,522.7,0.0617,1.01,271.5,46.5,12.3
2025-06-21T15:14:00+00:00,1934.0,84.53,341.8,13.97,351.8,21.7,622.5,0.0600,1.00,271.5,46.5,10.5
2025-06-21T15:15:00+00:00,1842.6,84.10,364.8,13.88,361.4,21.5,570.9,0.0616,1.04,271.5,46.5,9.4
2025-06-21T15:16:00+00:00,2439.5,85.28,352.0,13.72,391.7,22.8,675.1,0.0693,0.99,271.5,46.5,12.0
2025-06-21T15:17:00+00:00,1982.3,82.34,356.9,13.78,385.8,22.3,595.2,0.0602,1.01,271.5,46.5,10.9
2025-06-21T15:18:00+00:00,1882.5,80.54,357.5,13.76,371.7,21.0,588.4,0.0635,1.00,271.5,46.5,11.0
2025-06-21T15:19:00+00:00,2065.0,80.94,346.9,13.75,391.5,22.7,561.0,0.0603,0.97,271.5,46.5,11.7
2025-06-21T15:20:00+00:00,2014.9,83.59,343.6,13.59,388.2,23.0,632.2,0.0666,1.03,271.5,46.5,12.3
2025-06-21T15:21:00+00:00,1920.1,81.94,356.5,13.68,374.2,20.2,571.3,0.0606,1.08,271.5,46.5,12.1
2025-06-21T15:22:00+00:00,2077.7,82.92,359.0,13.97,380.3,18.7,624.6,0.0659,1.04,271.5,46.5,11.4
2025-06-21T15:23:00+00:00,2102.0,83.70,353.3,13.58,375.1,22.9,594.3,0.0619,1.06,271.5,46.5,12.7
2025-06-21T15:24:00+00:00,1714.5,78.71,348.5,13.58,365.7,19.9,558.7,0.0582,0.95,271.5,46.5,11.8
2025-06-21T15:25:00+00:00,2027.4,83.92,338.6,14.01,367.7,20.5,617.4,0.0610,0.98,271.5,46.5,13.0
2025-06-21T15:26:00+00:00,1997.5,83.74,350.2,13.85,379.9,20.7,644.1,0.0601,0.93,271.5,46.5,12.2
2025-06-21T15:27:00+00:00,1938.9,80.22,356.2,13.88,399.3,21.5,637.1,0.0683,1.04,271.5,46.5,12.5
2025-06-21T15:28:00+00:00,1962.2,86.33,347.6,14.11,401.4,22.7,588.8,0.0633,0.99,271.5,46.5,10.9
2025-06-21T15:29:00+00:00,2070.1,78.19,359.9,13.71,374.2,19.6,638.7,0.0608,1.01,271.5,46.5,12.3
2025-06-21T15:30:00+00:00,1915.9,83.60,331.8,13.69,378.5,22.0,604.8,0.0607,1.10,271.5,46.5,12.4
2025-06-21T15:31:00+00:00,1938.1,81.20,354.8,13.61,387.9,21.4,600.5,0.0596,0.96,271.5,46.5,10.2
2025-06-21T15:32:00+00:00,2086.0,80.35,354.9,13.78,388.1,21.1,580.0,0.0620,1.08,271.5,46.5,12.2
2025-06-21T15:33:00+00:00,2065.1,82.19,354.9,13.59,360.7,21.5,634.7,0.0710,1.07,271.5,46.5,11.3
2025-06-21T15:34:00+00:00,2057.0,79.75,344.1,14.11,368.9,23.5,609.4,0.0606,1.01,271.5,46.5,11.1
2025-06-21T15:35:00+00:00,1985.1,79.59,344.7,13.73,393.3,21.5,597.5,0.0640,1.03,271.5,46.5,12.4
2025-06-21T15:36:00+00:00,1868.9,80.35,356.2,13.84,365.5,19.5,544.7,0.0599,1.04,271.5,46.5,10.1
2025-06-21T15:37:00+00:00,2016.6,82.37,346.9,13.69,400.9,23.2,610.5,0.0606,1.03,271.5,46.5,13.7
2025-06-21T15:38:00+00:00,2057.7,82.88,336.0,13.62,385.5,21.8,560.4,0.0607,1.02,271.5,46.5,11.5
2025-06-21T15:39:00+00:00,2152.3,83.51,351.4,13.68,387.4,21.4,643.7,0.0646,1.01,271.5,46.5,11.7
2025-06-21T15:40:00+00:00,2174.8,80.78,359.4,13.69,391.0,23.1,654.2,0.0657,1.04,271.5,46.5,12.4
2025-06-21T15:41:00+00:00,1976.8,81.78,353.4,13.74,356.4,19.5,584.5,0.0623,1.06,271.5,46.5,11.8
2025-06-21T15:42:00+00:00,2065.8,81.29,359.7,13.63,392.3,21.1,607.8,0.0608,1.03,271.5,46.5,11.6
2025-06-21T15:43:00+00:00,2016.5,82.90,330.9,13.76,378.8,19.5,609.9,0.0611,1.08,271.5,46.5,11.4
2025-06-21T15:44:00+00:00,2191.7,81.42,351.1,13.70,392.3,20.3,594.5,0.0615,1.02,271.5,46.5,9.5
2025-06-21T15:45:00+00:00,2027.8,82.65,348.8,13.97,365.6,22.1,575.3,0.0602,0.99,271.5,46.5,11.3
2025-06-21T15:46:00+00:00,2270.4,81.90,343.2,13.77,391.7,22.9,626.9,0.0645,0.98,271.5,46.5,11.5
2025-06-21T15:47:00+00:00,1960.9,81.08,350.8,13.80,361.7,26.1,549.3,0.0608,1.09,271.5,46.5,12.0
2025-06-21T15:48:00+00:00,2056.0,85.30,354.2,13.74,385.8,21.5,610.5,0.0614,1.08,271.5,46.5,12.9
2025-06-21T15:49:00+00:00,2140.4,82.28,341.1,13.58,359.3,23.1,650.3,0.0604,0.95,271.5,46.5,11.7
2025-06-21T15:50:00+00:00,2153.1,82.08,351.0,13.77,384.5,21.1,664.3,0.0609,0.98,271.5,46.5,11.0
2025-06-21T15:51:00+00:00,1736.1,82.81,347.5,14.05,390.2,21.2,613.1,0.0594,1.04,271.5,46.5,12.0
2025-06-21T15:52:00+00:00,2083.8,82.53,346.9,13.76,380.7,19.2,589.4,0.0628,0.99,271.5,46.5,12.7
2025-06-21T15:53:00+00:00,2007.1,84.43,338.0,13.87,400.9,20.2,627.7,0.0657,1.12,271.5,46.5,9.2
2025-06-21T15:54:00+00:00,2018.1,84.12,341.2,14.04,378.4,20.9,624.9,0.0658,0.94,271.5,46.5,11.4
2025-06-21T15:55:00+00:00,2155.7,82.30,362.9,13.77,400.9,23.3,556.3,0.0607,0.97,271.5,46.5,12.6
2025-06-21T15:56:00+00:00,2004.0,80.21,360.2,13.86,381.8,21.1,614.1,0.0604,1.01,271.5,46.5,13.1
2025-06-21T15:57:00+00:00,1923.2,83.48,348.7,13.78,377.7,21.6,620.7,0.0594,0.96,271.5,46.5,13.2
2025-06-21T15:58:00+00:00,1087.7,79.42,357.9,13.54,353.6,22.8,554.8,0.0576,1.06,271.5,46.5,11.2
2025-06-21T15:59:00+00:00,1012.3,77.61,364.1,13.79,343.8,22.3,593.3,0.0589,1.07,271.5,46.5,11.2
2025-06-21T16:00:00+00:00,938.2,77.84,350.0,13.62,339.3,19.4,506.7,0.0562,1.05,271.5,46.5,11.8
2025-06-21T16:01:00+00:00,1023.2,78.15,351.3,13.71,349.9,21.3,503.5,0.0574,1.06,271.5,46.5,9.7
2025-06-21T16:02:00+00:00,1134.3,78.44,358.9,14.03,352.7,20.3,563.8,0.0580,1.04,271.5,46.5,11.9
2025-06-21T16:03:00+00:00,1057.7,79.93,355.7,13.83,351.1,22.2,600.7,0.0557,1.07,271.5,46.5,12.2
2025-06-21T16:04:00+00:00,1060.4,78.85,342.8,13.88,340.1,19.5,572.6,0.0615,1.08,271.5,46.5,11.3
2025-06-21T16:05:00+00:00,1103.6,81.87,339.1,13.87,364.1,20.4,626.8,0.0561,1.06,271.5,46.5,12.3
2025-06-21T16:06:00+00:00,1002.8,79.43,367.2,13.81,355.6,22.2,545.4,0.0553,1.04,271.5,46.5,11.1
2025-06-21T16:07:00+00:00,983.2,77.30,345.3,13.77,380.0,21.7,513.7,0.0704,1.07,271.5,46.5,13.5
2025-06-22T06:00:00+00:00,841.9,76.21,345.3,13.92,350.0,23.8,535.1,0.0529,0.88,347.7,77.7,15.5
2025-06-22T06:01:00+00:00,1003.0,77.74,349.5,13.77,351.2,21.4,558.7,0.0612,0.89,347.7,77.7,14.4
2025-06-22T06:02:00+00:00,985.3,78.77,347.3,13.67,343.7,18.8,488.1,0.0547,0.85,347.7,77.7,13.0
2025-06-22T06:03:00+00:00,875.1,76.56,356.0,13.70,335.8,21.8,599.1,0.0540,0.97,347.7,77.7,14.0
2025-06-22T06:04:00+00:00,1047.0,79.58,345.5,14.21,336.6,20.7,502.2,0.0563,0.82,347.7,77.7,13.5
2025-06-22T06:05:00+00:00,997.7,80.01,353.2,13.86,326.7,21.7,520.5,0.0630,0.88,347.7,77.7,14.6
2025-06-22T06:06:00+00:00,873.5,79.47,350.8,13.82,329.7,19.2,559.8,0.0521,0.79,347.7,77.7,15.6
2025-06-22T06:07:00+00:00,974.7,78.74,361.7,13.64,351.5,20.7,518.7,0.0540,0.93,347.7,77.7,12.3
2025-06-22T06:08:00+00:00,976.7,77.99,358.1,13.84,339.6,21.3,543.4,0.0539,0.92,347.7,77.7,13.6
2025-06-22T06:09:00+00:00,1064.7,78.82,350.7,13.84,338.0,20.5,567.4,0.0542,0.90,347.7,77.7,15.0
2025-06-22T06:10:00+00:00,944.7,79.83,338.0,13.90,344.0,21.3,529.5,0.0541,0.94,347.7,77.7,14.5
2025-06-22T06:11:00+00:00,979.2,80.81,352.3,14.10,331.3,21.1,521.9,0.0593,0.92,347.7,77.7,13.4
2025-06-22T06:12:00+00:00,2066.8,82.19,346.5,13.72,395.2,23.7,567.3,0.0646,0.91,347.7,77.7,12.9
2025-06-22T06:13:00+00:00,2001.6,82.74,350.1,13.68,391.9,24.0,608.1,0.0633,0.90,347.7,77.7,13.6
2025-06-22T06:14:00+00:00,2104.1,82.15,354.1,13.84,393.3,22.3,641.6,0.0606,0.96,347.7,77.7,13.5
2025-06-22T06:15:00+00:00,2084.3,82.14,364.1,13.85,392.7,22.3,653.0,0.0587,0.82,347.7,77.7,15.1
2025-06-22T06:16:00+00:00,1842.6,84.37,342.9,13.93,379.6,17.9,639.2,0.0591,0.96,347.7,77.7,15.3
2025-06-22T06:17:00+00:00,2125.9,83.42,349.5,13.78,398.5,20.4,647.9,0.0594,0.85,347.7,77.7,14.0
2025-06-22T06:18:00+00:00,1789.4,82.03,337.6,14.08,385.1,20.7,593.1,0.0587,0.95,347.7,77.7,14.7
2025-06-22T06:19:00+00:00,1953.1,82.30,360.8,13.69,379.1,22.6,589.1,0.0683,0.99,347.7,77.7,14.1
2025-06-22T06:20:00+00:00,1970.6,82.32,345.7,13.78,395.0,22.7,590.5,0.0614,0.91,347.7,77.7,15.0
2025-06-22T06:21:00+00:00,1920.7,82.78,362.8,13.49,381.7,19.3,527.2,0.0585,0.88,347.7,77.7,13.5
2025-06-22T06:22:00+00:00,2056.7,80.38,350.7,13.95,370.1,21.6,594.9,0.0594,0.90,347.7,77.7,14.5
2025-06-22T06:23:00+00:00,2060.0,83.17,346.0,13.57,382.6,20.5,640.0,0.0603,0.97,347.7,77.7,14.5
2025-06-22T06:24:00+00:00,2199.8,83.49,344.9,13.81,383.6,21.1,636.4,0.0662,0.93,347.7,77.7,13.8
2025-06-22T06:25:00+00:00,1791.3,82.06,349.0,13.42,369.6,20.0,589.5,0.0620,0.97,347.7,77.7,14.9
2025-06-22T06:26:00+00:00,1932.4,81.69,341.8,13.83,397.9,21.6,654.2,0.0576,0.77,347.7,77.7,14.5
2025-06-22T06:27:00+00:00,1997.7,82.32,354.6,13.92,388.5,21.8,548.0,0.0582,0.80,347.7,77.7,14.6
2025-06-22T06:28:00+00:00,2045.0,81.28,344.6,13.98,392.7,19.9,582.0,0.0596,0.91,347.7,77.7,14.2
2025-06-22T06:29:00+00:00,1901.2,81.27,353.2,13.84,384.1,23.6,572.7,0.0606,0.89,347.7,77.7,14.0
2025-06-22T06:30:00+00:00,2130.3,83.79,348.5,13.59,373.6,20.4,644.6,0.0634,0.92,347.7,77.7,15.3
2025-06-22T06:31:00+00:00,2134.0,84.22,356.0,13.42,399.3,21.1,662.8,0.0594,0.86,347.7,77.7,13.2
2025-06-22T06:32:00+00:00,2000.0,82.62,331.3,13.67,389.8,21.9,621.5,0.0623,0.88,347.7,77.7,14.8
2025-06-22T06:33:00+00:00,1897.4,80.32,358.3,13.99,367.3,20.3,583.9,0.0587,0.90,347.7,77.7,12.9
2025-06-22T06:34:00+00:00,2051.8,84.42,355.6,13.74,383.4,18.7,605.0,0.0634,0.96,347.7,77.7,13.7
2025-06-22T06:35:00+00:00,2258.0,82.96,342.4,13.53,395.4,21.5,553.9,0.0659,0.92,347.7,77.7,15.2
2025-06-22T06:36:00+00:00,1934.1,80.74,354.5,13.77,379.9,19.2,586.7,0.0615,0.94,347.7,77.7,15.1
2025-06-22T06:37:00+00:00,1965.7,80.07,341.1,13.83,370.7,20.3,622.2,0.0613,0.85,347.7,77.7,14.3
2025-06-22T06:38:00+00:00,1925.2,78.09,345.1,13.74,383.1,19.9,608.1,0.0585,0.87,347.7,77.7,13.5
2025-06-22T06:39:00+00:00,1978.4,84.33,346.7,13.84,386.6,23.3,606.9,0.0597,0.88,347.7,77.7,12.8
2025-06-22T06:40:00+00:00,2148.2,84.20,353.9,13.77,383.0,21.6,635.2,0.0597,0.87,347.7,77.7,13.5
2025-06-22T06:41:00+00:00,2237.8,83.51,349.4,13.94,392.9,22.1,579.7,0.0606,0.91,347.7,77.7,14.2
2025-06-22T06:42:00+00:00,2000.0,81.69,340.3,13.86,375.0,21.7,564.6,0.0592,0.89,347.7,77.7,13.7
2025-06-22T06:43:00+00:00,1941.0,83.29,337.0,13.87,380.1,20.5,562.9,0.0590,0.91,347.7,77.7,13.9
2025-06-22T06:44:00+00:00,1917.0,80.99,345.1,13.69,369.5,23.2,614.1,0.0587,0.89,347.7,77.7,13.5
2025-06-22T06:45:00+00:00,2043.8,82.12,345.6,13.82,375.2,22.6,585.5,0.0589,0.85,347.7,77.7,12.7
2025-06-22T06:46:00+00:00,1922.4,81.98,351.0,13.51,407.4,20.2,617.1,0.0675,0.87,347.7,77.7,13.9
2025-06-22T06:47:00+00:00,1950.2,83.80,348.4,13.87,385.8,20.8,569.5,0.0641,0.93,347.7,77.7,13.3
2025-06-22T06:48:00+00:00,2130.8,83.44,352.8,13.79,373.0,20.5,630.6,0.0601,0.93,347.7,77.7,13.0
2025-06-22T06:49:00+00:00,1985.5,83.30,347.5,14.14,368.9,22.9,612.3,0.0641,0.85,347.7,77.7,12.6
2025-06-22T06:50:00+00:00,2029.4,83.46,351.7,13.94,376.1,22.1,561.9,0.0588,0.83,347.7,77.7,13.5
2025-06-22T06:51:00+00:00,1962.0,79.59,358.3,14.10,363.3,19.3,612.8,0.0620,0.91,347.7,77.7,14.2
2025-06-22T06:52:00+00:00,1931.6,79.85,367.3,13.92,383.6,22.7,621.5,0.0670,0.86,347.7,77.7,13.7
2025-06-22T06:53:00+00:00,1950.2,81.60,343.1,13.66,382.3,20.7,598.2,0.0631,0.93,347.7,77.7,15.6
2025-06-22T06:54:00+00:00,2060.5,84.53,362.9,13.65,396.2,20.8,553.5,0.0639,0.97,347.7,77.7,14.6
2025-06-22T06:55:00+00:00,1895.3,81.46,353.9,13.66,364.8,21.0,662.5,0.0585,0.89,347.7,77.7,13.9
2025-06-22T06:56:00+00:00,1760.9,82.27,347.8,13.67,383.1,22.2,575.0,0.0607,0.84,347.7,77.7,13.8
2025-06-22T06:57:00+00:00,1885.0,82.16,346.6,13.97,346.7,22.3,591.3,0.0592,0.96,347.7,77.7,12.5
2025-06-22T06:58:00+00:00,2064.6,82.05,366.7,13.91,376.6,20.6,633.1,0.0596,0.90,347.7,77.7,14.6
2025-06-22T06:59:00+00:00,2504.2,82.24,349.4,13.63,403.1,21.6,626.8,0.0669,0.92,347.7,77.7,15.1
2025-06-22T07:00:00+00:00,1906.3,81.81,349.9,14.00,376.8,19.4,562.9,0.0648,1.00,347.7,77.7,15.0
2025-06-22T07:01:00+00:00,2547.4,86.17,337.3,13.68,417.4,19.0,637.6,0.0615,0.83,347.7,77.7,13.6
2025-06-22T07:02:00+00:00,1886.9,81.12,351.6,13.94,363.2,20.3,584.6,0.0637,0.83,347.7,77.7,14.3
2025-06-22T07:03:00+00:00,2118.7,82.03,361.5,13.93,378.9,24.7,651.6,0.0646,0.88,347.7,77.7,14.9
2025-06-22T07:04:00+00:00,2481.0,82.41,331.4,13.93,419.1,21.1,662.6,0.0683,0.93,347.7,77.7,15.1
2025-06-22T07:05:00+00:00,1995.9,83.09,354.1,13.77,356.0,24.0,655.5,0.0599,0.97,347.7,77.7,14.1
2025-06-22T07:06:00+00:00,2472.1,84.27,343.2,13.84,404.9,22.8,605.2,0.0621,0.93,347.7,77.7,14.4
2025-06-22T07:07:00+00:00,2184.6,84.49,353.2,13.74,386.3,22.3,608.3,0.0671,0.92,347.7,77.7,15.1
2025-06-22T07:08:00+00:00,1954.6,83.70,360.6,13.81,385.8,21.2,608.4,0.0663,0.85,347.7,77.7,12.2
2025-06-22T07:09:00+00:00,2077.8,86.33,361.3,13.77,388.2,23.8,631.1,0.0597,0.93,347.7,77.7,14.8
2025-06-22T07:10:00+00:00,2347.3,80.94,342.2,13.74,368.1,20.6,627.7,0.0615,0.94,347.7,77.7,13.8
2025-06-22T07:11:00+00:00,1886.3,83.19,370.6,13.78,368.1,18.7,560.1,0.0590,0.93,347.7,77.7,14.9
2025-06-22T07:12:00+00:00,2439.4,83.49,356.5,13.76,411.4,22.2,679.6,0.0660,0.95,347.7,77.7,15.5
2025-06-22T07:13:00+00:00,2493.9,83.04,366.2,13.71,364.3,20.1,639.4,0.0613,0.85,347.7,77.7,14.3
2025-06-22T07:14:00+00:00,2210.5,82.06,361.2,13.76,384.7,21.0,654.0,0.0609,0.95,347.7,77.7,13.8
2025-06-22T07:15:00+00:00,2527.3,82.44,350.9,14.19,388.0,19.3,557.4,0.0694,0.89,347.7,77.7,14.9
2025-06-22T07:16:00+00:00,1897.7,81.60,339.0,13.75,366.1,21.1,618.6,0.0668,0.80,347.7,77.7,14.2
2025-06-22T07:17:00+00:00,2131.8,80.12,347.0,13.85,379.1,21.2,584.6,0.0682,0.88,347.7,77.7,14.5
2025-06-22T07:18:00+00:00,1988.8,80.22,341.4,14.05,374.5,22.5,648.8,0.0587,0.87,347.7,77.7,12.6
2025-06-22T07:19:00+00:00,2002.4,81.72,352.6,14.00,384.2,20.9,636.1,0.0595,0.93,347.7,77.7,13.5
2025-06-22T07:20:00+00:00,2451.3,86.82,340.2,13.97,395.7,21.6,636.2,0.0665,0.95,347.7,77.7,12.0
2025-06-22T07:21:00+00:00,2519.4,85.64,358.4,13.80,402.3,23.8,659.9,0.0622,0.93,347.7,77.7,14.6
2025-06-22T07:22:00+00:00,2001.8,83.55,350.7,13.58,378.0,19.7,615.4,0.0598,0.97,347.7,77.7,12.1
2025-06-22T07:23:00+00:00,2104.8,82.94,343.8,13.77,375.6,21.7,595.8,0.0596,0.89,347.7,77.7,12.4
2025-06-22T07:24:00+00:00,2143.8,82.30,364.4,13.77,413.7,20.3,645.4,0.0607,0.96,347.7,77.7,14.3
2025-06-22T07:25:00+00:00,2065.1,81.49,347.2,13.81,374.7,23.5,624.4,0.0624,0.97,347.7,77.7,14.6
2025-06-22T07:26:00+00:00,2168.2,82.78,354.5,13.75,375.4,21.7,601.2,0.0638,0.89,347.7,77.7,14.9
2025-06-22T07:27:00+00:00,1862.4,81.64,351.1,13.95,367.4,21.8,565.8,0.0618,0.78,347.7,77.7,14.1
2025-06-22T07:28:00+00:00,2115.9,81.73,340.1,13.77,383.6,21.1,638.9,0.0613,1.03,347.7,77.7,14.5
2025-06-22T07:29:00+00:00,1806.3,82.50,336.6,14.04,374.1,19.5,630.7,0.0698,0.91,347.7,77.7,12.7
2025-06-22T07:30:00+00:00,1994.1,83.30,342.3,13.57,370.7,21.7,588.7,0.0592,0.90,347.7,77.7,13.5
2025-06-22T07:31:00+00:00,2294.7,82.24,358.4,13.94,391.6,20.6,625.6,0.0722,0.88,347.7,77.7,13.4
2025-06-22T07:32:00+00:00,2230.7,82.76,351.5,13.86,403.1,19.5,582.1,0.0643,0.89,347.7,77.7,14.2
2025-06-22T07:33:00+00:00,1807.3,81.85,361.2,13.87,372.0,23.2,610.8,0.0627,0.89,347.7,77.7,14.2
2025-06-22T07:34:00+00:00,2108.6,83.55,333.4,13.51,390.3,21.2,590.9,0.0639,0.86,347.7,77.7,12.9
2025-06-22T07:35:00+00:00,2148.9,85.70,354.2,13.76,400.6,22.0,640.5,0.0596,0.86,347.7,77.7,14.2
2025-06-22T07:36:00+00:00,2068.7,81.51,355.2,13.98,402.0,21.9,630.9,0.0595,0.89,347.7,77.7,13.4
2025-06-22T07:37:00+00:00,1860.2,83.08,360.7,14.05,375.6,23.3,606.1,0.0577,0.82,347.7,77.7,15.5
2025-06-22T07:38:00+00:00,2016.4,80.01,344.3,13.93,372.3,22.5,608.1,0.0613,0.92,347.7,77.7,12.8
2025-06-22T07:39:00+00:00,1903.1,82.78,348.6,13.69,377.1,23.2,641.2,0.0587,0.90,347.7,77.7,12.7
2025-06-22T07:40:00+00:00,1849.6,79.36,350.8,13.71,373.4,22.3,547.2,0.0584,0.90,347.7,77.7,13.0
2025-06-22T07:41:00+00:00,1972.1,83.30,345.9,13.77,360.2,21.4,600.4,0.0656,0.85,347.7,77.7,13.7
2025-06-22T07:42:00+00:00,2003.5,84.72,364.6,13.81,382.2,24.0,566.6,0.0598,0.96,347.7,77.7,15.2
2025-06-22T07:43:00+00:00,1895.7,82.65,349.1,13.64,372.4,18.4,578.6,0.0638,0.94,347.7,77.7,15.2
2025-06-22T07:44:00+00:00,1988.4,81.07,334.5,13.83,383.6,23.1,568.2,0.0602,0.99,347.7,77.7,12.8
2025-06-22T07:45:00+00:00,2014.1,80.65,360.6,13.97,380.8,23.2,548.5,0.0625,0.89,347.7,77.7,15.2
2025-06-22T07:46:00+00:00,1885.5,81.07,348.2,13.85,375.4,22.1,674.7,0.0590,0.94,347.7,77.7,13.0
2025-06-22T07:47:00+00:00,2025.3,82.80,349.3,13.74,371.8,22.2,558.6,0.0610,0.95,347.7,77.7,14.1
2025-06-22T07:48:00+00:00,1958.9,79.81,347.5,13.86,389.1,19.7,598.8,0.0595,0.94,347.7,77.7,13.9
2025-06-22T07:49:00+00:00,2053.0,80.90,342.7,13.69,384.6,24.0,587.8,0.0606,1.02,347.7,77.7,13.0
2025-06-22T07:50:00+00:00,1844.9,84.94,343.5,13.97,380.3,22.2,598.2,0.0589,0.91,347.7,77.7,13.9
2025-06-22T07:51:00+00:00,2139.6,82.70,346.8,13.54,394.2,23.0,634.4,0.0600,0.89,347.7,77.7,13.9
2025-06-22T07:52:00+00:00,2017.3,82.09,351.7,13.75,370.6,21.0,573.7,0.0646,0.94,347.7,77.7,12.7
2025-06-22T07:53:00+00:00,2061.3,81.88,353.7,13.93,385.1,21.9,637.5,0.0605,0.99,347.7,77.7,13.6
2025-06-22T07:54:00+00:00,1996.5,81.88,370.0,13.75,393.0,21.7,565.1,0.0610,0.90,347.7,77.7,13.9
2025-06-22T07:55:00+00:00,2049.6,81.48,351.1,13.74,392.6,21.9,610.5,0.0656,0.88,347.7,77.7,13.5
2025-06-22T07:56:00+00:00,2048.4,80.48,366.4,13.75,401.9,21.8,595.0,0.0592,0.88,347.7,77.7,14.4
2025-06-22T07:57:00+00:00,2022.4,80.98,360.2,13.88,388.5,22.6,603.7,0.0588,0.82,347.7,77.7,11.9
2025-06-22T07:58:00+00:00,2092.1,80.52,351.1,13.77,409.2,23.7,635.3,0.0595,0.88,347.7,77.7,14.4
2025-06-22T07:59:00+00:00,2053.7,82.92,356.0,13.82,398.0,21.6,587.9,0.0652,0.92,347.7,77.7,14.5
2025-06-22T08:00:00+00:00,1985.6,81.89,357.0,13.98,395.9,18.0,638.8,0.0648,0.97,347.7,77.7,13.7
2025-06-22T08:01:00+00:00,1995.8,82.97,373.4,13.74,389.8,24.3,600.4,0.0584,0.82,347.7,77.7,14.4
2025-06-22T08:02:00+00:00,2149.4,81.78,351.1,13.91,379.9,20.2,656.8,0.0646,0.90,347.7,77.7,13.6
2025-06-22T08:03:00+00:00,2077.8,84.38,347.4,13.66,363.7,19.6,554.7,0.0634,0.89,347.7,77.7,12.4
2025-06-22T08:04:00+00:00,2203.9,82.73,342.8,13.70,370.8,24.1,611.0,0.0695,0.95,347.7,77.7,13.8
2025-06-22T08:05:00+00:00,2087.7,85.09,349.0,13.91,378.4,20.5,614.2,0.0597,0.91,347.7,77.7,12.7
2025-06-22T08:06:00+00:00,2056.4,83.64,343.6,13.80,370.5,18.8,640.0,0.0599,0.93,347.7,77.7,13.7
2025-06-22T08:07:00+00:00,1996.0,83.26,343.8,13.91,363.3,21.7,604.2,0.0590,0.88,347.7,77.7,14.0
2025-06-22T08:08:00+00:00,1884.4,82.10,364.9,13.58,367.3,22.1,547.1,0.0589,0.88,347.7,77.7,13.6
2025-06-22T08:09:00+00:00,1869.1,81.03,335.8,13.99,385.5,21.3,596.9,0.0596,0.85,347.7,77.7,13.9
2025-06-22T08:10:00+00:00,2182.4,84.14,346.0,13.97,381.8,23.2,651.0,0.0674,0.82,347.7,77.7,13.8
2025-06-22T08:11:00+00:00,1046.0,79.35,355.5,13.76,356.4,23.7,580.6,0.0549,0.99,347.7,77.7,12.9
2025-06-22T08:12:00+00:00,912.9,79.74,356.4,13.94,333.7,21.8,507.1,0.0579,0.99,347.7,77.7,13.1
2025-06-22T08:13:00+00:00,1005.6,79.85,363.4,13.73,357.5,21.2,530.4,0.0559,0.89,347.7,77.7,15.0
2025-06-22T08:14:00+00:00,1097.7,80.23,359.2,13.81,346.6,22.3,614.4,0.0536,0.84,347.7,77.7,13.5
2025-06-22T08:15:00+00:00,996.4,77.75,353.6,13.46,354.3,22.6,535.8,0.0548,0.93,347.7,77.7,13.7
2025-06-22T08:16:00+00:00,1001.6,81.73,354.7,14.10,332.7,21.6,519.5,0.0575,0.85,347.7,77.7,13.7
2025-06-22T08:17:00+00:00,889.0,78.84,360.9,13.86,347.4,19.9,582.5,0.0552,0.86,347.7,77.7,12.9
2025-06-22T08:18:00+00:00,1209.7,79.58,357.1,14.14,344.6,19.9,550.7,0.0571,0.88,347.7,77.7,16.5
2025-06-22T08:19:00+00:00,1050.3,79.34,353.0,14.11,353.2,22.0,594.8,0.0543,0.92,347.7,77.7,15.2
2025-06-22T08:20:00+00:00,927.7,80.61,359.0,13.99,351.3,21.6,526.7,0.0569,0.86,347.7,77.7,13.3
2025-06-22T08:21:00+00:00,954.0,80.47,347.7,13.83,349.0,19.5,534.0,0.0612,0.94,347.7,77.7,13.2
2025-06-22T14:00:00+00:00,960.4,79.86,357.0,13.59,350.5,22.2,518.1,0.0535,0.88,347.7,77.7,14.1
2025-06-22T14:01:00+00:00,970.4,78.70,351.9,13.75,342.5,20.8,533.8,0.0580,0.89,347.7,77.7,13.8
2025-06-22T14:02:00+00:00,852.1,77.90,345.7,13.84,351.0,21.0,571.5,0.0528,0.87,347.7,77.7,16.4
2025-06-22T14:03:00+00:00,1041.4,78.57,367.6,14.06,363.3,23.2,585.8,0.0588,0.87,347.7,77.7,11.9
2025-06-22T14:04:00+00:00,805.8,78.91,355.6,13.77,336.0,22.5,527.0,0.0555,0.98,347.7,77.7,14.1
2025-06-22T14:05:00+00:00,809.5,77.27,354.4,13.57,345.6,23.3,520.3,0.0523,0.85,347.7,77.7,15.1
2025-06-22T14:06:00+00:00,956.6,79.58,350.3,14.06,346.0,21.9,594.1,0.0607,0.95,347.7,77.7,13.0
2025-06-22T14:07:00+00:00,1080.9,81.00,374.5,13.86,346.6,24.3,571.1,0.0551,0.97,347.7,77.7,14.5
2025-06-22T14:08:00+00:00,914.4,78.35,357.5,13.79,361.4,21.3,554.3,0.0539,0.95,347.7,77.7,14.8
2025-06-22T14:09:00+00:00,1027.0,80.59,344.4,13.71,360.0,24.0,531.7,0.0545,0.94,347.7,77.7,13.6
2025-06-22T14:10:00+00:00,1144.1,79.38,370.8,13.91,352.3,21.6,493.1,0.0553,0.96,347.7,77.7,15.3
2025-06-22T14:11:00+00:00,964.7,79.84,351.3,13.65,362.5,21.5,592.5,0.0604,0.88,347.7,77.7,12.7
2025-06-22T14:12:00+00:00,1990.4,79.99,344.1,14.24,384.9,21.7,591.3,0.0594,0.91,347.7,77.7,15.9
2025-06-22T14:13:00+00:00,2080.9,83.91,340.9,13.62,366.5,20.2,574.9,0.0595,0.86,347.7,77.7,13.7
2025-06-22T14:14:00+00:00,1942.0,81.34,351.7,14.06,375.3,20.7,621.9,0.0588,0.89,347.7,77.7,15.2
2025-06-22T14:15:00+00:00,2024.5,84.68,340.3,13.90,379.5,21.2,560.4,0.0664,0.82,347.7,77.7,13.9
2025-06-22T14:16:00+00:00,2128.3,82.64,334.3,13.89,365.7,20.4,667.3,0.0623,0.94,347.7,77.7,12.4
2025-06-22T14:17:00+00:00,2076.8,83.17,343.2,13.83,391.6,22.8,645.2,0.0604,0.98,347.7,77.7,13.6
2025-06-22T14:18:00+00:00,2204.7,81.20,355.1,13.88,401.6,21.1,648.6,0.0623,0.88,347.7,77.7,12.9
2025-06-22T14:19:00+00:00,1957.3,82.14,351.3,13.86,355.1,21.5,649.7,0.0645,0.95,347.7,77.7,13.9
2025-06-22T14:20:00+00:00,2084.4,82.92,355.7,14.04,376.6,21.5,573.9,0.0640,0.83,347.7,77.7,14.6
2025-06-22T14:21:00+00:00,2048.5,83.21,343.8,13.61,392.2,22.8,615.9,0.0598,0.94,347.7,77.7,13.0
2025-06-22T14:22:00+00:00,2257.7,84.90,355.9,13.51,354.3,20.7,515.9,0.0691,0.93,347.7,77.7,14.0
2025-06-22T14:23:00+00:00,1819.7,83.20,347.8,13.70,356.8,20.0,574.4,0.0585,0.92,347.7,77.7,12.7
2025-06-22T14:24:00+00:00,1921.0,81.49,361.5,13.65,392.0,22.7,586.5,0.0597,0.92,347.7,77.7,14.3
2025-06-22T14:25:00+00:00,2027.1,83.50,329.1,13.74,399.4,21.9,618.1,0.0594,0.89,347.7,77.7,15.8
2025-06-22T14:26:00+00:00,1984.4,80.95,357.0,13.72,366.0,23.1,575.0,0.0628,0.93,347.7,77.7,13.9
2025-06-22T14:27:00+00:00,2083.3,83.55,346.8,14.09,394.4,20.3,582.3,0.0591,0.85,347.7,77.7,15.6
2025-06-22T14:28:00+00:00,2290.9,81.70,336.4,13.79,386.7,18.9,594.7,0.0604,0.87,347.7,77.7,14.3
2025-06-22T14:29:00+00:00,2015.4,83.56,339.7,14.04,396.9,22.7,597.4,0.0719,0.86,347.7,77.7,13.8
2025-06-22T14:30:00+00:00,1888.1,81.77,353.0,13.67,373.8,21.2,609.0,0.0585,0.87,347.7,77.7,13.0
2025-06-22T14:31:00+00:00,2133.0,82.77,340.0,13.71,392.9,23.9,635.0,0.0681,0.92,347.7,77.7,14.8
2025-06-22T14:32:00+00:00,2159.7,84.33,342.0,13.79,368.8,23.1,562.1,0.0637,0.93,347.7,77.7,14.9
2025-06-22T14:33:00+00:00,2042.9,83.01,364.8,13.78,371.5,22.1,595.6,0.0593,0.88,347.7,77.7,14.8
2025-06-22T14:34:00+00:00,2166.0,82.13,350.0,13.87,387.3,22.7,616.8,0.0600,0.89,347.7,77.7,14.3
2025-06-22T14:35:00+00:00,2163.9,80.68,354.8,14.09,380.4,20.0,620.9,0.0597,0.85,347.7,77.7,14.8
2025-06-22T14:36:00+00:00,1985.4,80.66,339.3,13.93,385.4,20.6,615.9,0.0632,0.92,347.7,77.7,15.5
2025-06-22T14:37:00+00:00,1852.5,82.37,372.4,13.76,372.9,21.4,620.4,0.0655,0.88,347.7,77.7,16.0
2025-06-22T14:38:00+00:00,2084.4,81.49,346.2,13.44,382.0,18.6,614.2,0.0601,0.94,347.7,77.7,12.4
2025-06-22T14:39:00+00:00,2054.6,82.72,354.4,13.76,366.4,21.4,604.7,0.0629,0.98,347.7,77.7,13.2
2025-06-22T14:40:00+00:00,2006.9,84.23,358.7,13.96,383.5,18.7,555.9,0.0647,0.94,347.7,77.7,14.3
2025-06-22T14:41:00+00:00,1965.6,81.12,349.5,14.04,386.9,19.3,592.9,0.0621,0.92,347.7,77.7,14.5
2025-06-22T14:42:00+00:00,1921.4,79.57,353.0,13.88,379.9,22.7,643.5,0.0665,0.88,347.7,77.7,13.5
2025-06-22T14:43:00+00:00,1993.4,79.69,356.0,13.79,380.4,23.1,613.8,0.0594,0.94,347.7,77.7,13.2
2025-06-22T14:44:00+00:00,2217.6,82.29,326.8,13.69,400.6,18.6,617.0,0.0594,0.81,347.7,77.7,13.6
2025-06-22T14:45:00+00:00,2145.0,81.25,354.6,13.86,398.1,22.5,613.6,0.0605,0.89,347.7,77.7,14.8
2025-06-22T14:46:00+00:00,1922.1,82.67,353.5,14.01,377.9,21.8,642.5,0.0594,0.80,347.7,77.7,13.4
2025-06-22T14:47:00+00:00,1946.4,84.11,346.6,13.63,396.0,20.0,580.5,0.0598,0.98,347.7,77.7,14.4
2025-06-22T14:48:00+00:00,1886.0,82.70,364.6,13.91,353.2,22.9,595.0,0.0596,0.99,347.7,77.7,13.3
2025-06-22T14:49:00+00:00,2100.7,83.20,348.5,13.83,377.5,20.8,644.5,0.0610,0.96,347.7,77.7,12.9
2025-06-22T14:50:00+00:00,2117.9,82.63,364.9,13.61,396.2,20.8,606.2,0.0621,0.83,347.7,77.7,15.2
2025-06-22T14:51:00+00:00,1770.9,82.83,351.6,13.57,360.9,22.9,579.0,0.0584,0.94,347.7,77.7,15.4
2025-06-22T14:52:00+00:00,1948.1,83.95,347.0,13.93,386.7,21.3,597.8,0.0590,0.92,347.7,77.7,14.4
2025-06-22T14:53:00+00:00,1962.9,83.66,354.9,13.75,358.5,22.2,610.9,0.0590,0.88,347.7,77.7,14.3
2025-06-22T14:54:00+00:00,1722.5,82.44,348.0,13.53,358.5,19.2,604.3,0.0579,0.92,347.7,77.7,13.1
2025-06-22T14:55:00+00:00,2080.7,83.37,347.3,13.92,400.9,24.2,591.3,0.0608,1.01,347.7,77.7,14.7
2025-06-22T14:56:00+00:00,2309.0,83.80,348.5,13.94,375.9,24.9,633.6,0.0635,0.87,347.7,77.7,13.7
2025-06-22T14:57:00+00:00,2249.7,82.07,367.5,13.86,391.7,21.8,585.8,0.0630,0.87,347.7,77.7,13.3
2025-06-22T14:58:00+00:00,2500.7,83.97,339.8,13.66,412.7,21.6,669.0,0.0642,0.95,347.7,77.7,14.2
2025-06-22T14:59:00+00:00,2421.1,85.63,359.7,13.85,394.5,21.7,684.5,0.0655,0.91,347.7,77.7,14.5
2025-06-22T15:00:00+00:00,2245.4,85.06,343.3,13.97,374.4,22.1,662.0,0.0647,0.89,347.7,77.7,13.0
2025-06-22T15:01:00+00:00,2427.6,80.28,360.2,13.49,380.9,21.2,651.1,0.0661,0.87,347.7,77.7,13.6
2025-06-22T15:02:00+00:00,2498.2,83.38,355.5,13.63,381.8,21.4,574.4,0.0627,0.96,347.7,77.7,12.3
2025-06-22T15:03:00+00:00,1881.4,83.70,348.2,13.66,376.9,24.1,568.2,0.0589,0.93,347.7,77.7,15.0
2025-06-22T15:04:00+00:00,2394.2,85.08,348.8,13.71,377.8,22.2,648.4,0.0624,1.01,347.7,77.7,16.0
2025-06-22T15:05:00+00:00,2521.0,84.60,356.3,13.68,388.7,22.8,639.4,0.0627,0.97,347.7,77.7,14.6
2025-06-22T15:06:00+00:00,2526.9,81.46,340.7,14.23,386.0,19.5,588.2,0.0620,0.88,347.7,77.7,15.8
2025-06-22T15:07:00+00:00,1918.6,82.00,349.1,14.07,389.5,23.4,654.7,0.0588,0.91,347.7,77.7,13.3
2025-06-22T15:08:00+00:00,1931.6,81.45,362.3,13.72,365.8,21.0,549.2,0.0603,0.95,347.7,77.7,12.1
2025-06-22T15:09:00+00:00,2392.6,82.56,334.0,13.73,404.4,22.9,625.0,0.0631,0.87,347.7,77.7,12.4
2025-06-22T15:10:00+00:00,2195.2,81.31,355.3,13.69,386.7,20.8,631.9,0.0603,0.89,347.7,77.7,13.7
2025-06-22T15:11:00+00:00,2070.2,80.71,351.5,13.84,394.6,21.3,560.3,0.0630,0.92,347.7,77.7,12.7
2025-06-22T15:12:00+00:00,1822.4,80.90,362.9,13.85,391.3,22.1,577.3,0.0690,0.86,347.7,77.7,14.5
2025-06-22T15:13:00+00:00,2034.1,82.04,346.0,13.99,394.6,21.8,625.3,0.0593,0.87,347.7,77.7,14.1
2025-06-22T15:14:00+00:00,2198.2,80.90,352.6,13.80,388.9,22.2,614.3,0.0746,0.89,347.7,77.7,12.4
2025-06-22T15:15:00+00:00,1975.8,84.05,343.3,13.82,391.6,21.1,563.1,0.0590,0.90,347.7,77.7,13.7
2025-06-22T15:16:00+00:00,2596.6,86.34,347.2,13.87,394.5,20.7,607.1,0.0614,0.81,347.7,77.7,14.1
2025-06-22T15:17:00+00:00,1892.1,84.24,352.9,14.01,386.8,21.2,595.5,0.0703,0.92,347.7,77.7,13.6
2025-06-22T15:18:00+00:00,1981.9,81.88,349.0,13.83,400.1,21.7,568.5,0.0587,0.87,347.7,77.7,14.2
2025-06-22T15:19:00+00:00,1969.0,82.35,351.2,13.83,364.8,19.9,568.2,0.0584,0.83,347.7,77.7,15.5
2025-06-22T15:20:00+00:00,2174.4,82.78,349.6,13.70,394.5,21.2,634.8,0.0641,0.83,347.7,77.7,14.3
2025-06-22T15:21:00+00:00,2121.8,81.41,344.8,13.88,387.3,20.0,581.4,0.0603,0.95,347.7,77.7,13.4
2025-06-22T15:22:00+00:00,2178.4,82.21,349.6,13.93,396.0,17.8,550.1,0.0602,0.89,347.7,77.7,12.3
2025-06-22T15:23:00+00:00,1991.2,82.44,360.9,13.91,378.7,21.2,598.1,0.0590,0.87,347.7,77.7,13.5
2025-06-22T15:24:00+00:00,2011.4,81.42,337.3,13.63,402.2,23.5,595.8,0.0627,0.87,347.7,77.7,14.0
2025-06-22T15:25:00+00:00,2155.9,80.85,346.9,14.19,408.3,23.1,605.2,0.0637,0.93,347.7,77.7,14.0
2025-06-22T15:26:00+00:00,2040.6,82.86,343.0,13.74,371.2,20.8,585.5,0.0635,0.97,347.7,77.7,12.7
2025-06-22T15:27:00+00:00,1800.0,83.27,348.0,13.67,369.1,21.5,562.5,0.0603,0.93,347.7,77.7,12.9
2025-06-22T15:28:00+00:00,2022.7,81.16,352.2,13.93,369.8,22.8,619.5,0.0595,0.93,347.7,77.7,14.4
2025-06-22T15:29:00+00:00,1980.9,82.69,357.4,14.05,378.0,21.1,602.7,0.0590,0.89,347.7,77.7,13.0
2025-06-22T15:30:00+00:00,2028.1,81.21,340.4,13.76,379.5,19.5,648.1,0.0595,0.92,347.7,77.7,12.3
2025-06-22T15:31:00+00:00,1946.3,83.98,359.5,13.67,383.2,19.4,665.5,0.0618,0.93,347.7,77.7,14.9
2025-06-22T15:32:00+00:00,2161.1,82.21,342.6,13.66,366.5,24.4,686.4,0.0720,0.92,347.7,77.7,15.2
2025-06-22T15:33:00+00:00,2166.8,85.19,353.5,13.92,391.6,22.8,577.1,0.0620,0.95,347.7,77.7,14.2
2025-06-22T15:34:00+00:00,2043.8,80.20,358.1,13.65,376.9,22.7,577.8,0.0591,0.86,347.7,77.7,13.5
2025-06-22T15:35:00+00:00,1925.7,83.59,342.9,13.77,372.2,21.4,678.9,0.0580,0.82,347.7,77.7,14.3
2025-06-22T15:36:00+00:00,1984.7,83.72,345.2,13.95,369.9,22.9,621.5,0.0666,0.99,347.7,77.7,13.6
2025-06-22T15:37:00+00:00,2086.6,81.27,347.6,13.89,399.0,22.1,527.0,0.0600,0.93,347.7,77.7,13.9
2025-06-22T15:38:00+00:00,2000.4,81.45,345.4,13.93,380.3,19.3,582.9,0.0589,0.87,347.7,77.7,13.2
2025-06-22T15:39:00+00:00,1820.5,83.00,367.2,13.73,365.1,22.2,615.6,0.0584,0.92,347.7,77.7,14.8
2025-06-22T15:40:00+00:00,2004.4,80.38,350.9,13.81,376.9,17.6,639.3,0.0587,0.83,347.7,77.7,14.8
2025-06-22T15:41:00+00:00,1964.2,81.19,354.6,14.04,386.0,21.9,555.9,0.0683,0.90,347.7,77.7,13.1
2025-06-22T15:42:00+00:00,1992.6,81.02,351.0,13.73,372.9,22.4,663.7,0.0601,0.90,347.7,77.7,13.8
2025-06-22T15:43:00+00:00,2148.0,83.66,340.9,13.71,390.2,21.9,588.6,0.0647,0.87,347.7,77.7,12.8
2025-06-22T15:44:00+00:00,2072.3,84.17,356.0,13.60,375.6,19.1,649.7,0.0596,0.90,347.7,77.7,13.5
2025-06-22T15:45:00+00:00,2039.7,83.89,353.1,13.78,366.7,24.8,594.2,0.0626,0.92,347.7,77.7,12.3
2025-06-22T15:46:00+00:00,1782.5,79.95,351.6,13.80,345.6,21.1,571.1,0.0604,0.96,347.7,77.7,13.9
2025-06-22T15:47:00+00:00,2067.6,80.45,356.0,13.75,398.7,22.8,608.2,0.0605,0.90,347.7,77.7,12.5
2025-06-22T15:48:00+00:00,2087.4,82.22,346.8,13.77,394.1,21.5,584.1,0.0631,0.80,347.7,77.7,15.5
2025-06-22T15:49:00+00:00,1770.3,80.71,344.5,13.81,356.4,20.3,594.4,0.0664,0.87,347.7,77.7,14.5
2025-06-22T15:50:00+00:00,2036.0,81.87,341.7,13.73,405.8,24.2,593.8,0.0588,0.83,347.7,77.7,14.3
2025-06-22T15:51:00+00:00,1890.2,82.98,346.9,13.97,374.4,21.6,631.7,0.0584,0.89,347.7,77.7,14.1
2025-06-22T15:52:00+00:00,1847.4,81.68,346.1,13.86,376.7,18.5,558.4,0.0660,0.89,347.7,77.7,12.8
2025-06-22T15:53:00+00:00,1904.6,82.23,343.3,13.86,376.5,23.5,564.4,0.0591,0.93,347.7,77.7,14.9
2025-06-22T15:54:00+00:00,1874.1,81.35,347.8,13.78,373.8,17.6,601.2,0.0588,0.92,347.7,77.7,13.4
2025-06-22T15:55:00+00:00,2027.4,81.79,355.6,13.86,384.2,25.3,627.7,0.0635,0.93,347.7,77.7,13.0
2025-06-22T15:56:00+00:00,2016.0,81.07,349.0,13.85,377.9,21.4,657.0,0.0598,0.95,347.7,77.7,14.5
2025-06-22T15:57:00+00:00,1889.0,80.73,355.2,13.90,368.5,20.9,613.7,0.0580,0.86,347.7,77.7,15.6
2025-06-22T15:58:00+00:00,1966.0,81.50,355.1,13.81,400.6,21.6,604.7,0.0598,0.97,347.7,77.7,14.0
2025-06-22T15:59:00+00:00,2105.6,84.85,355.0,13.75,379.5,19.9,603.3,0.0589,0.77,347.7,77.7,12.6
2025-06-22T16:00:00+00:00,1864.4,84.57,347.9,13.90,380.2,21.8,579.5,0.0645,0.89,347.7,77.7,13.8
2025-06-22T16:01:00+00:00,2026.6,80.06,351.7,13.82,377.2,21.2,598.0,0.0599,0.95,347.7,77.7,14.3
2025-06-22T16:02:00+00:00,1918.5,81.46,352.6,13.65,376.9,22.2,550.2,0.0690,0.86,347.7,77.7,13.2
2025-06-22T16:03:00+00:00,2100.6,80.88,353.4,13.65,368.2,19.4,624.2,0.0600,0.94,347.7,77.7,13.8
2025-06-22T16:04:00+00:00,2085.6,81.56,353.4,13.84,385.5,21.4,660.8,0.0593,0.86,347.7,77.7,13.5
2025-06-22T16:05:00+00:00,2039.7,81.63,355.9,13.99,367.4,23.5,633.1,0.0581,0.74,347.7,77.7,14.2
2025-06-22T16:06:00+00:00,1817.0,81.08,351.8,13.68,369.3,20.7,527.1,0.0591,0.99,347.7,77.7,14.4
2025-06-22T16:07:00+00:00,913.3,77.91,351.6,13.69,338.3,22.4,544.6,0.0537,0.94,347.7,77.7,13.7
2025-06-22T16:08:00+00:00,873.5,77.23,368.5,13.84,330.7,18.3,525.5,0.0563,0.91,347.7,77.7,13.1
2025-06-22T16:09:00+00:00,976.4,76.63,371.4,13.67,345.4,22.8,562.7,0.0559,0.91,347.7,77.7,14.2
2025-06-22T16:10:00+00:00,1072.2,77.87,361.1,13.98,354.4,21.3,581.2,0.0544,0.94,347.7,77.7,16.5
2025-06-22T16:11:00+00:00,1078.1,76.90,354.4,13.98,343.7,19.6,553.3,0.0544,0.90,347.7,77.7,13.0
2025-06-22T16:12:00+00:00,859.6,81.15,351.5,13.60,366.3,24.0,603.3,0.0533,0.92,347.7,77.7,12.4
2025-06-22T16:13:00+00:00,877.6,78.32,359.9,13.77,350.8,21.2,580.2,0.0516,0.73,347.7,77.7,13.6
2025-06-22T16:14:00+00:00,1137.7,78.87,349.7,13.62,347.4,21.4,615.8,0.0575,0.95,347.7,77.7,13.7
2025-06-22T16:15:00+00:00,934.9,79.27,357.2,13.57,356.0,20.9,535.4,0.0534,0.89,347.7,77.7,14.0
2025-06-22T16:16:00+00:00,1120.0,82.19,358.2,13.61,326.1,19.3,586.7,0.0546,0.90,347.7,77.7,14.2
2025-06-22T16:17:00+00:00,1017.7,78.08,358.6,13.97,353.0,20.9,558.5,0.0540,0.87,347.7,77.7,13.5
2025-06-23T06:00:00+00:00,931.4,78.01,342.1,13.94,340.2,22.8,558.4,0.0659,1.26,190.1,280.1,15.6
2025-06-23T06:01:00+00:00,883.5,78.57,354.6,13.77,341.2,21.5,491.6,0.0558,1.15,190.1,280.1,14.0
2025-06-23T06:02:00+00:00,831.5,76.92,359.5,13.94,344.9,22.9,546.7,0.0550,1.09,190.1,280.1,13.9
2025-06-23T06:03:00+00:00,1024.7,80.33,364.3,13.91,363.6,26.9,538.0,0.0640,1.17,190.1,280.1,16.4
2025-06-23T06:04:00+00:00,982.6,79.85,356.7,13.72,354.0,21.5,511.8,0.0562,1.16,190.1,280.1,14.1
2025-06-23T06:05:00+00:00,911.2,80.58,363.7,13.64,356.4,22.1,572.8,0.0562,1.18,190.1,280.1,15.2
2025-06-23T06:06:00+00:00,1068.2,81.62,358.4,13.54,339.2,23.0,606.4,0.0570,1.15,190.1,280.1,12.6
2025-06-23T06:07:00+00:00,1045.4,76.98,350.5,13.71,339.9,21.7,551.8,0.0568,1.17,190.1,280.1,14.9
2025-06-23T06:08:00+00:00,907.8,78.70,370.6,13.49,354.3,21.6,552.7,0.0557,1.12,190.1,280.1,16.4
2025-06-23T06:09:00+00:00,1076.4,79.36,355.1,13.83,349.8,20.4,553.8,0.0563,1.10,190.1,280.1,14.4
2025-06-23T06:10:00+00:00,868.4,78.15,349.6,13.75,333.5,22.5,611.5,0.0553,1.11,190.1,280.1,14.4
2025-06-23T06:11:00+00:00,977.6,79.40,365.1,14.04,369.2,21.1,579.2,0.0564,1.16,190.1,280.1,14.7
2025-06-23T06:12:00+00:00,2010.3,82.46,352.3,13.59,384.2,22.7,527.2,0.0624,1.21,190.1,280.1,14.6
2025-06-23T06:13:00+00:00,2068.5,80.82,353.4,14.00,378.7,22.2,546.2,0.0618,1.12,190.1,280.1,16.1
2025-06-23T06:14:00+00:00,2031.4,85.26,347.9,14.02,386.0,22.6,589.7,0.0617,1.14,190.1,280.1,15.4
2025-06-23T06:15:00+00:00,1785.3,82.26,356.8,13.70,369.2,24.8,589.9,0.0661,1.00,190.1,280.1,12.4
2025-06-23T06:16:00+00:00,1988.9,83.51,369.8,13.95,386.7,21.7,596.1,0.0673,1.13,190.1,280.1,14.8
2025-06-23T06:17:00+00:00,2161.0,81.88,354.9,13.95,396.6,21.0,636.2,0.0644,1.23,190.1,280.1,16.2
2025-06-23T06:18:00+00:00,1857.0,84.00,361.2,13.76,393.5,23.0,634.3,0.0623,1.17,190.1,280.1,15.0
2025-06-23T06:19:00+00:00,2090.7,83.90,351.1,13.87,374.3,22.4,621.3,0.0626,1.19,190.1,280.1,14.4
2025-06-23T06:20:00+00:00,2032.1,82.22,351.0,13.60,387.1,22.7,657.8,0.0698,1.16,190.1,280.1,16.4
2025-06-23T06:21:00+00:00,1992.7,84.34,335.4,13.69,382.0,20.8,570.0,0.0682,1.19,190.1,280.1,14.2
2025-06-23T06:22:00+00:00,1938.1,82.29,349.4,13.86,401.0,21.6,643.4,0.0675,1.19,190.1,280.1,17.1
2025-06-23T06:23:00+00:00,1774.9,80.93,350.0,13.55,370.7,20.3,654.4,0.0649,1.27,190.1,280.1,13.5
2025-06-23T06:24:00+00:00,2244.7,83.47,340.4,13.81,402.8,21.2,650.0,0.0630,1.15,190.1,280.1,15.7
2025-06-23T06:25:00+00:00,2024.7,83.20,348.5,13.70,400.7,21.9,585.6,0.0667,1.08,190.1,280.1,15.3
2025-06-23T06:26:00+00:00,1880.7,82.96,351.5,13.91,385.3,21.7,564.0,0.0612,1.17,190.1,280.1,14.6
2025-06-23T06:27:00+00:00,1957.9,82.27,344.5,13.74,358.1,22.6,543.3,0.0622,1.13,190.1,280.1,15.8
2025-06-23T06:28:00+00:00,1766.3,82.38,348.1,13.95,396.8,23.8,631.8,0.0605,1.16,190.1,280.1,14.7
2025-06-23T06:29:00+00:00,2041.5,81.42,347.4,13.73,381.8,21.9,572.3,0.0615,1.11,190.1,280.1,14.4
2025-06-23T06:30:00+00:00,2065.7,83.06,353.5,13.67,391.1,20.2,618.0,0.0661,1.11,190.1,280.1,14.1
2025-06-23T06:31:00+00:00,2157.8,82.47,343.9,13.67,387.3,21.2,602.0,0.0624,1.14,190.1,280.1,15.8
2025-06-23T06:32:00+00:00,2001.9,83.90,348.5,13.96,367.8,20.8,610.3,0.0611,1.09,190.1,280.1,13.8
2025-06-23T06:33:00+00:00,1964.2,84.13,365.0,13.91,383.3,21.6,611.4,0.0621,1.22,190.1,280.1,15.5
2025-06-23T06:34:00+00:00,2070.4,82.10,337.8,13.82,353.2,23.7,609.7,0.0619,1.15,190.1,280.1,16.0
2025-06-23T06:35:00+00:00,2103.7,79.30,350.3,13.75,397.2,22.1,641.6,0.0626,1.18,190.1,280.1,12.9
2025-06-23T06:36:00+00:00,2224.0,83.95,344.4,13.76,395.9,22.5,558.9,0.0704,1.18,190.1,280.1,16.0
2025-06-23T06:37:00+00:00,2171.2,83.21,342.8,13.78,387.1,23.6,648.7,0.0664,1.15,190.1,280.1,12.2
2025-06-23T06:38:00+00:00,2142.4,83.91,349.6,14.06,396.6,23.4,595.2,0.0624,1.13,190.1,280.1,14.8
2025-06-23T06:39:00+00:00,1941.7,82.36,361.8,13.68,370.4,24.5,583.0,0.0623,1.21,190.1,280.1,14.3
2025-06-23T06:40:00+00:00,2167.6,80.98,355.1,13.71,392.1,21.8,593.4,0.0620,1.10,190.1,280.1,14.5
2025-06-23T06:41:00+00:00,1992.9,82.66,338.9,13.85,376.7,21.0,541.6,0.0606,1.05,190.1,280.1,13.9
2025-06-23T06:42:00+00:00,2035.2,81.06,341.8,13.93,382.7,23.7,613.2,0.0701,1.11,190.1,280.1,16.4
2025-06-23T06:43:00+00:00,1968.8,81.71,336.2,13.92,385.0,20.5,656.3,0.0620,1.19,190.1,280.1,15.3
2025-06-23T06:44:00+00:00,1915.3,79.91,343.2,13.78,378.4,22.9,617.9,0.0624,1.26,190.1,280.1,14.2
2025-06-23T06:45:00+00:00,1869.8,81.62,353.1,13.81,357.0,21.2,608.5,0.0620,1.25,190.1,280.1,14.5
2025-06-23T06:46:00+00:00,1990.8,82.01,341.3,13.75,387.9,22.7,560.7,0.0624,1.17,190.1,280.1,15.1
2025-06-23T06:47:00+00:00,2020.9,86.03,341.2,13.62,374.3,20.8,647.3,0.0616,1.13,190.1,280.1,14.5
2025-06-23T06:48:00+00:00,1801.5,79.62,354.7,14.09,375.8,22.3,593.5,0.0604,1.13,190.1,280.1,15.9
2025-06-23T06:49:00+00:00,2064.0,80.93,356.5,13.92,370.1,21.7,608.7,0.0709,1.14,190.1,280.1,13.8
2025-06-23T06:50:00+00:00,2013.6,83.86,355.8,14.10,371.4,21.8,545.3,0.0773,1.11,190.1,280.1,15.1
2025-06-23T06:51:00+00:00,2105.0,84.29,348.6,13.99,377.5,23.8,614.2,0.0622,1.14,190.1,280.1,14.1
2025-06-23T06:52:00+00:00,2138.7,81.86,345.0,13.43,390.0,21.0,569.6,0.0615,1.05,190.1,280.1,14.8
2025-06-23T06:53:00+00:00,2074.0,83.44,355.5,13.76,362.9,22.9,620.2,0.0619,1.14,190.1,280.1,15.6
2025-06-23T06:54:00+00:00,2009.8,81.49,350.7,13.50,384.8,20.5,649.2,0.0637,1.20,190.1,280.1,13.7
2025-06-23T06:55:00+00:00,2062.6,80.27,351.9,13.82,367.7,22.1,599.9,0.0623,1.17,190.1,280.1,15.5
2025-06-23T06:56:00+00:00,1928.4,81.86,345.0,13.97,387.8,22.5,585.4,0.0616,1.16,190.1,280.1,13.8
2025-06-23T06:57:00+00:00,2108.4,85.05,338.6,14.04,427.3,19.6,620.2,0.0638,1.30,190.1,280.1,13.7
2025-06-23T06:58:00+00:00,2140.4,81.92,340.7,13.65,369.1,24.2,589.6,0.0636,1.27,190.1,280.1,15.7
2025-06-23T06:59:00+00:00,1970.1,81.75,331.4,13.64,370.5,22.5,557.5,0.0738,1.22,190.1,280.1,14.6
2025-06-23T07:00:00+00:00,1899.4,82.84,346.7,13.38,381.0,20.1,571.6,0.0674,1.19,190.1,280.1,14.6
2025-06-23T07:01:00+00:00,2075.6,85.10,360.1,13.93,391.1,20.8,668.7,0.0616,1.11,190.1,280.1,14.2
2025-06-23T07:02:00+00:00,2482.7,84.99,347.1,13.71,385.9,22.3,625.2,0.0725,1.23,190.1,280.1,14.9
2025-06-23T07:03:00+00:00,2504.7,82.63,359.1,13.79,393.3,25.2,641.1,0.0651,1.22,190.1,280.1,15.5
2025-06-23T07:04:00+00:00,1977.6,84.50,353.6,13.56,392.8,20.7,591.7,0.0666,1.12,190.1,280.1,15.2
2025-06-23T07:05:00+00:00,2405.9,81.26,344.1,13.95,392.3,21.3,638.6,0.0645,1.22,190.1,280.1,14.1
2025-06-23T07:06:00+00:00,2097.3,82.31,349.3,13.92,388.3,20.4,568.6,0.0623,1.17,190.1,280.1,12.6
2025-06-23T07:07:00+00:00,1850.2,84.50,344.6,13.67,386.3,23.9,568.8,0.0639,1.08,190.1,280.1,15.6
2025-06-23T07:08:00+00:00,1884.1,80.20,340.3,13.90,370.5,22.6,652.2,0.0600,1.04,190.1,280.1,16.1
2025-06-23T07:09:00+00:00,2087.4,82.14,355.1,14.01,412.0,20.5,618.2,0.0641,1.22,190.1,280.1,16.0
2025-06-23T07:10:00+00:00,2544.0,83.10,343.4,13.99,417.8,19.6,552.3,0.0657,1.15,190.1,280.1,15.0
2025-06-23T07:11:00+00:00,2541.7,83.19,352.3,13.90,412.3,23.4,603.1,0.0667,1.13,190.1,280.1,15.3
2025-06-23T07:12:00+00:00,1841.2,80.95,366.0,13.54,384.3,21.1,592.7,0.0653,1.12,190.1,280.1,14.9
2025-06-23T07:13:00+00:00,2101.2,81.89,347.4,13.78,401.7,22.5,610.6,0.0666,1.18,190.1,280.1,16.1
2025-06-23T07:14:00+00:00,2479.8,82.60,345.7,13.77,386.3,22.6,552.7,0.0642,1.14,190.1,280.1,15.6
2025-06-23T07:15:00+00:00,1933.4,83.30,349.6,13.87,370.3,20.0,559.6,0.0615,1.16,190.1,280.1,15.6
2025-06-23T07:16:00+00:00,1879.8,82.73,355.0,14.00,392.2,21.3,615.0,0.0641,1.19,190.1,280.1,15.7
2025-06-23T07:17:00+00:00,2395.6,84.38,353.0,13.78,395.1,22.8,658.2,0.0681,1.15,190.1,280.1,13.6
2025-06-23T07:18:00+00:00,1836.7,82.70,324.1,13.84,380.8,20.1,554.6,0.0612,1.18,190.1,280.1,13.6
2025-06-23T07:19:00+00:00,1921.6,83.02,369.0,13.59,386.9,21.5,576.3,0.0621,1.23,190.1,280.1,15.0
2025-06-23T07:20:00+00:00,1991.4,82.92,356.1,13.79,375.3,20.5,679.4,0.0622,1.20,190.1,280.1,14.9
2025-06-23T07:21:00+00:00,1919.5,82.38,346.9,13.88,384.8,22.7,626.3,0.0622,1.24,190.1,280.1,15.4
2025-06-23T07:22:00+00:00,2393.9,82.86,340.3,13.88,377.4,21.7,651.2,0.0656,1.12,190.1,280.1,17.0
2025-06-23T07:23:00+00:00,2004.2,82.54,367.2,13.90,383.7,21.1,618.4,0.0617,1.15,190.1,280.1,14.7
2025-06-23T07:24:00+00:00,2004.8,83.95,339.4,14.05,373.7,20.0,592.0,0.0660,1.18,190.1,280.1,14.9
2025-06-23T07:25:00+00:00,2411.7,81.77,369.0,13.94,395.9,19.1,584.1,0.0679,1.14,190.1,280.1,14.8
2025-06-23T07:26:00+00:00,1898.3,79.98,347.9,13.91,377.3,21.2,580.2,0.0622,1.20,190.1,280.1,17.5
2025-06-23T07:27:00+00:00,2045.2,81.78,348.5,13.53,381.4,20.1,593.9,0.0624,1.18,190.1,280.1,15.0
2025-06-23T07:28:00+00:00,2091.5,82.98,338.4,13.76,388.8,23.5,607.7,0.0617,1.09,190.1,280.1,16.9
2025-06-23T07:29:00+00:00,1992.2,82.90,348.5,13.80,398.0,19.8,605.9,0.0649,1.18,190.1,280.1,15.9
2025-06-23T07:30:00+00:00,1966.0,81.36,348.7,13.81,390.5,22.4,658.2,0.0640,1.15,190.1,280.1,15.1
2025-06-23T07:31:00+00:00,2038.7,82.57,354.4,13.46,377.4,19.6,651.4,0.0677,1.17,190.1,280.1,15.6
2025-06-23T07:32:00+00:00,2092.1,82.22,357.1,13.83,382.8,18.8,642.6,0.0622,1.16,190.1,280.1,14.8
2025-06-23T07:33:00+00:00,1966.7,81.62,353.5,13.77,375.4,23.1,574.5,0.0614,1.14,190.1,280.1,15.0
2025-06-23T07:34:00+00:00,2014.1,80.28,350.0,14.04,384.6,23.7,594.2,0.0618,1.16,190.1,280.1,14.5
2025-06-23T07:35:00+00:00,1909.2,81.80,358.3,13.97,383.5,22.8,594.2,0.0608,1.11,190.1,280.1,16.5
2025-06-23T07:36:00+00:00,1841.5,82.85,339.9,13.93,353.3,17.8,623.8,0.0611,1.17,190.1,280.1,14.2
2025-06-23T07:37:00+00:00,1956.9,81.89,342.2,13.91,407.5,19.6,592.6,0.0609,1.09,190.1,280.1,14.1
2025-06-23T07:38:00+00:00,1997.6,81.50,353.0,13.62,377.1,23.0,623.4,0.0646,1.14,190.1,280.1,14.4
2025-06-23T07:39:00+00:00,2067.2,82.51,332.4,14.12,369.0,23.1,628.0,0.0622,1.16,190.1,280.1,15.7
2025-06-23T07:40:00+00:00,2073.4,82.85,345.4,13.67,387.0,17.8,649.7,0.0624,1.18,190.1,280.1,14.1
2025-06-23T07:41:00+00:00,1726.7,82.20,350.7,13.73,378.5,23.0,608.5,0.0603,1.15,190.1,280.1,14.7
2025-06-23T07:42:00+00:00,2024.9,81.80,352.4,14.04,377.6,23.5,636.3,0.0622,1.18,190.1,280.1,14.3
2025-06-23T07:43:00+00:00,1869.4,79.86,346.8,13.91,367.8,20.5,589.4,0.0610,1.14,190.1,280.1,15.2
2025-06-23T07:44:00+00:00,1873.9,83.42,356.8,13.66,401.3,17.6,615.9,0.0616,1.15,190.1,280.1,13.1
2025-06-23T07:45:00+00:00,2162.4,81.26,345.9,13.77,362.9,23.1,632.6,0.0622,1.12,190.1,280.1,15.1
2025-06-23T07:46:00+00:00,2098.9,80.87,360.2,13.85,385.6,23.6,637.7,0.0636,1.26,190.1,280.1,14.5
2025-06-23T07:47:00+00:00,1872.2,83.49,344.9,13.96,372.6,21.9,552.4,0.0613,1.14,190.1,280.1,13.8
2025-06-23T07:48:00+00:00,1843.4,79.62,337.4,13.96,367.3,21.5,622.4,0.0697,1.18,190.1,280.1,16.8
2025-06-23T07:49:00+00:00,1955.6,81.77,337.9,13.95,395.3,21.9,610.3,0.0614,1.14,190.1,280.1,14.0
2025-06-23T07:50:00+00:00,2043.8,81.37,347.7,13.75,381.3,23.2,591.9,0.0620,1.16,190.1,280.1,14.3
2025-06-23T07:51:00+00:00,2066.9,84.25,354.5,13.74,394.6,18.5,543.3,0.0686,1.07,190.1,280.1,15.7
2025-06-23T07:52:00+00:00,2195.4,83.86,344.0,13.82,403.5,21.2,552.8,0.0645,1.19,190.1,280.1,12.7
2025-06-23T07:53:00+00:00,2086.2,81.86,347.4,13.74,413.6,21.5,624.2,0.0723,1.08,190.1,280.1,14.7
2025-06-23T07:54:00+00:00,2282.3,81.34,333.1,13.63,381.9,18.5,549.5,0.0682,1.19,190.1,280.1,14.9
2025-06-23T07:55:00+00:00,2029.9,80.85,340.3,13.95,378.4,23.3,599.0,0.0621,1.17,190.1,280.1,15.4
2025-06-23T07:56:00+00:00,2072.8,80.06,346.3,13.91,369.1,23.3,657.1,0.0626,1.21,190.1,280.1,13.1
2025-06-23T07:57:00+00:00,1945.2,83.57,354.4,13.56,391.7,20.3,562.4,0.0666,1.14,190.1,280.1,14.0
2025-06-23T07:58:00+00:00,2022.6,82.08,352.4,13.88,403.7,22.4,617.4,0.0624,1.19,190.1,280.1,15.6
2025-06-23T07:59:00+00:00,2120.9,85.03,351.5,13.91,408.3,22.8,653.4,0.0718,1.14,190.1,280.1,15.5
2025-06-23T08:00:00+00:00,1982.2,79.98,359.4,13.70,383.1,23.2,539.2,0.0627,1.20,190.1,280.1,14.7
2025-06-23T08:01:00+00:00,2052.6,82.70,363.3,13.65,376.9,21.1,609.8,0.0621,1.16,190.1,280.1,16.2
2025-06-23T08:02:00+00:00,2093.1,81.29,337.7,13.72,384.0,24.3,614.7,0.0652,1.18,190.1,280.1,15.4
2025-06-23T08:03:00+00:00,1780.0,84.71,356.9,13.66,364.6,21.4,492.7,0.0595,1.05,190.1,280.1,14.1
2025-06-23T08:04:00+00:00,1926.9,80.31,360.7,13.98,388.6,22.2,542.4,0.0646,1.16,190.1,280.1,14.3
2025-06-23T08:05:00+00:00,1858.8,78.70,347.1,14.07,345.5,20.3,655.9,0.0604,1.09,190.1,280.1,15.0
2025-06-23T08:06:00+00:00,1817.1,81.38,354.0,13.90,405.5,20.5,595.8,0.0679,1.09,190.1,280.1,17.6
2025-06-23T08:07:00+00:00,2060.5,84.14,333.9,13.75,373.1,17.7,646.8,0.0692,1.16,190.1,280.1,14.8
2025-06-23T08:08:00+00:00,1950.1,80.26,346.2,14.10,360.1,21.4,681.9,0.0626,1.21,190.1,280.1,14.8
2025-06-23T08:09:00+00:00,2088.7,82.62,341.7,13.95,375.0,21.5,594.5,0.0620,1.13,190.1,280.1,13.8
2025-06-23T08:10:00+00:00,1868.9,81.40,349.1,13.67,376.0,20.3,569.8,0.0607,1.11,190.1,280.1,15.3
2025-06-23T08:11:00+00:00,2173.5,80.70,328.7,13.81,395.1,25.6,622.1,0.0751,1.15,190.1,280.1,14.0
2025-06-23T08:12:00+00:00,2090.8,79.71,352.8,13.74,370.0,21.0,596.5,0.0636,1.17,190.1,280.1,14.9
2025-06-23T08:13:00+00:00,1945.9,82.75,358.3,13.89,392.1,21.0,615.6,0.0643,1.15,190.1,280.1,14.6
2025-06-23T08:14:00+00:00,2338.1,83.58,339.4,13.56,391.8,19.3,605.7,0.0643,1.23,190.1,280.1,16.3
2025-06-23T08:15:00+00:00,820.5,79.92,351.7,13.76,355.8,22.1,468.4,0.0593,1.08,190.1,280.1,15.4
2025-06-23T08:16:00+00:00,1118.8,79.12,361.4,13.96,339.6,21.8,562.4,0.0595,1.10,190.1,280.1,14.4
2025-06-23T08:17:00+00:00,1018.2,78.16,356.7,13.89,342.2,19.9,541.7,0.0568,1.19,190.1,280.1,14.7
2025-06-23T08:18:00+00:00,968.1,82.02,351.6,13.66,342.4,18.6,577.3,0.0563,1.16,190.1,280.1,15.2
2025-06-23T08:19:00+00:00,933.7,76.35,354.3,13.91,348.9,20.5,602.8,0.0558,1.12,190.1,280.1,14.7
2025-06-23T08:20:00+00:00,857.6,78.06,363.6,13.73,327.3,24.4,554.2,0.0556,1.15,190.1,280.1,14.9
2025-06-23T08:21:00+00:00,837.2,76.83,361.4,13.71,350.3,22.7,571.7,0.0584,1.24,190.1,280.1,12.7
2025-06-23T08:22:00+00:00,897.6,76.01,361.3,13.81,334.8,23.9,514.3,0.0561,1.18,190.1,280.1,15.0
2025-06-23T08:23:00+00:00,954.4,77.48,358.7,14.00,353.4,22.3,551.7,0.0569,1.21,190.1,280.1,14.0
2025-06-23T08:24:00+00:00,968.7,76.47,370.6,13.60,367.6,21.3,549.3,0.0559,1.11,190.1,280.1,15.2
2025-06-23T08:25:00+00:00,1000.1,79.54,351.3,13.61,361.1,19.7,545.3,0.0613,1.04,190.1,280.1,14.9
2025-06-23T14:00:00+00:00,982.2,76.55,354.3,13.67,335.7,22.5,595.1,0.0607,1.20,190.1,280.1,15.6
2025-06-23T14:01:00+00:00,947.1,78.96,364.0,13.75,328.1,21.6,486.1,0.0555,1.10,190.1,280.1,13.7
2025-06-23T14:02:00+00:00,856.9,79.51,361.4,13.78,314.8,23.3,547.9,0.0583,1.09,190.1,280.1,13.9
2025-06-23T14:03:00+00:00,985.1,78.05,350.5,14.19,338.4,24.4,496.4,0.0557,1.09,190.1,280.1,15.6
2025-06-23T14:04:00+00:00,976.1,78.66,377.8,13.59,316.3,20.9,662.1,0.0563,1.15,190.1,280.1,16.2
2025-06-23T14:05:00+00:00,901.5,78.29,344.8,13.72,345.5,19.3,581.1,0.0557,1.14,190.1,280.1,16.4
2025-06-23T14:06:00+00:00,996.0,80.29,358.4,13.88,340.3,22.8,572.6,0.0592,1.13,190.1,280.1,16.2
2025-06-23T14:07:00+00:00,1043.8,76.77,359.4,13.95,362.9,21.3,583.6,0.0573,1.23,190.1,280.1,13.7
2025-06-23T14:08:00+00:00,898.0,77.34,356.9,13.82,361.1,21.9,518.8,0.0564,1.20,190.1,280.1,16.1
2025-06-23T14:09:00+00:00,1095.9,76.35,342.9,13.96,365.0,21.7,523.0,0.0576,1.16,190.1,280.1,15.7
2025-06-23T14:10:00+00:00,917.0,81.83,354.9,13.88,368.0,24.6,596.7,0.0606,1.16,190.1,280.1,15.7
2025-06-23T14:11:00+00:00,2223.2,85.76,348.6,14.10,390.4,20.6,608.7,0.0711,1.21,190.1,280.1,16.3
2025-06-23T14:12:00+00:00,1862.2,81.92,342.9,13.53,356.9,23.3,598.7,0.0681,1.18,190.1,280.1,15.6
2025-06-23T14:13:00+00:00,2076.4,82.05,325.0,13.43,376.4,22.7,580.2,0.0639,1.16,190.1,280.1,15.4
2025-06-23T14:14:00+00:00,2044.8,80.13,345.4,13.67,384.2,19.6,612.0,0.0621,1.17,190.1,280.1,17.0
2025-06-23T14:15:00+00:00,2192.3,81.69,347.9,13.79,396.9,20.6,610.6,0.0620,1.10,190.1,280.1,16.7
2025-06-23T14:16:00+00:00,1932.1,79.02,335.6,13.78,377.5,19.8,602.1,0.0616,1.17,190.1,280.1,12.6
2025-06-23T14:17:00+00:00,2068.6,80.23,347.9,13.60,382.2,20.7,658.9,0.0616,1.11,190.1,280.1,13.9
2025-06-23T14:18:00+00:00,2079.1,81.94,347.5,13.87,379.3,23.3,555.5,0.0628,1.20,190.1,280.1,15.5
2025-06-23T14:19:00+00:00,1902.5,81.83,336.6,14.03,370.5,19.9,611.2,0.0615,1.18,190.1,280.1,15.3
2025-06-23T14:20:00+00:00,1930.2,80.14,341.7,14.02,351.7,21.5,571.6,0.0619,1.10,190.1,280.1,15.0
2025-06-23T14:21:00+00:00,2108.3,82.69,354.6,13.87,380.7,21.2,585.5,0.0620,1.13,190.1,280.1,14.0
2025-06-23T14:22:00+00:00,2008.7,81.67,350.0,13.94,393.0,24.4,628.6,0.0630,1.14,190.1,280.1,14.7
2025-06-23T14:23:00+00:00,2178.9,83.34,350.5,13.67,393.7,21.6,622.1,0.0694,1.15,190.1,280.1,16.3
2025-06-23T14:24:00+00:00,1884.5,80.77,352.8,13.92,378.0,25.5,641.6,0.0606,1.10,190.1,280.1,16.0
2025-06-23T14:25:00+00:00,2033.9,85.49,345.1,14.04,382.4,21.1,585.1,0.0695,1.16,190.1,280.1,16.3
2025-06-23T14:26:00+00:00,1941.7,82.69,346.1,13.62,385.6,19.8,660.5,0.0619,1.19,190.1,280.1,14.6
2025-06-23T14:27:00+00:00,1913.6,83.37,360.0,13.98,389.3,23.4,596.8,0.0613,1.13,190.1,280.1,14.6
2025-06-23T14:28:00+00:00,1787.2,79.41,369.3,14.05,386.5,22.5,605.4,0.0683,1.20,190.1,280.1,15.1
2025-06-23T14:29:00+00:00,2037.3,84.81,336.2,13.50,382.7,22.3,566.2,0.0619,1.15,190.1,280.1,13.3
2025-06-23T14:30:00+00:00,2063.4,80.75,354.0,14.05,374.8,22.8,630.8,0.0623,1.16,190.1,280.1,14.5
2025-06-23T14:31:00+00:00,2112.6,82.41,355.9,13.97,393.7,21.4,643.6,0.0632,1.24,190.1,280.1,16.2
2025-06-23T14:32:00+00:00,1982.7,80.07,360.3,13.62,392.1,18.9,601.2,0.0606,1.05,190.1,280.1,14.5
2025-06-23T14:33:00+00:00,2064.0,80.79,351.0,14.09,371.4,22.7,574.0,0.0663,1.15,190.1,280.1,14.8
2025-06-23T14:34:00+00:00,1998.0,84.99,345.9,13.98,369.9,22.0,560.0,0.0644,1.15,190.1,280.1,15.6
2025-06-23T14:35:00+00:00,1948.4,80.71,349.2,14.05,368.1,22.7,601.1,0.0618,1.19,190.1,280.1,14.6
2025-06-23T14:36:00+00:00,2131.7,80.62,339.7,13.70,378.0,22.4,591.8,0.0631,1.23,190.1,280.1,15.2
2025-06-23T14:37:00+00:00,2218.1,84.09,344.8,13.68,398.3,22.4,588.7,0.0656,1.25,190.1,280.1,15.8
2025-06-23T14:38:00+00:00,2169.3,80.61,347.9,13.94,387.5,21.1,564.6,0.0619,1.07,190.1,280.1,14.1
2025-06-23T14:39:00+00:00,1891.7,81.63,359.0,13.64,385.6,22.5,577.3,0.0636,1.05,190.1,280.1,13.3
2025-06-23T14:40:00+00:00,2031.0,80.84,348.1,13.70,379.3,22.1,655.5,0.0626,1.22,190.1,280.1,12.8
2025-06-23T14:41:00+00:00,1959.9,81.18,335.9,13.80,369.4,23.4,567.1,0.0709,1.10,190.1,280.1,14.5
2025-06-23T14:42:00+00:00,1942.2,83.40,350.5,13.52,388.9,23.8,586.3,0.0620,1.21,190.1,280.1,14.6
2025-06-23T14:43:00+00:00,2005.1,83.18,365.2,13.71,371.0,20.8,578.7,0.0630,1.11,190.1,280.1,14.7
2025-06-23T14:44:00+00:00,2062.3,81.95,352.6,13.97,381.4,22.9,596.8,0.0628,1.22,190.1,280.1,14.7
2025-06-23T14:45:00+00:00,1945.2,82.83,344.9,13.72,400.7,22.7,599.5,0.0665,1.13,190.1,280.1,16.1
2025-06-23T14:46:00+00:00,2151.2,82.55,344.7,13.94,386.3,19.3,606.9,0.0658,1.15,190.1,280.1,16.1
2025-06-23T14:47:00+00:00,1883.6,79.39,352.2,13.99,384.2,24.6,577.6,0.0625,1.18,190.1,280.1,14.0
2025-06-23T14:48:00+00:00,1946.2,79.92,333.6,13.95,382.3,23.5,596.5,0.0720,1.14,190.1,280.1,14.8
2025-06-23T14:49:00+00:00,2188.3,82.01,364.9,13.58,375.5,22.3,583.4,0.0631,1.18,190.1,280.1,15.3
2025-06-23T14:50:00+00:00,2007.1,83.80,353.2,13.87,391.5,21.1,579.7,0.0690,1.14,190.1,280.1,14.6
2025-06-23T14:51:00+00:00,2017.8,86.19,348.9,13.84,369.9,22.9,652.4,0.0617,1.13,190.1,280.1,15.4
2025-06-23T14:52:00+00:00,1891.2,82.89,358.1,13.77,362.8,21.5,568.3,0.0617,1.20,190.1,280.1,14.1
2025-06-23T14:53:00+00:00,2005.7,82.21,366.8,14.21,373.4,23.3,598.1,0.0617,1.14,190.1,280.1,14.1
2025-06-23T14:54:00+00:00,2190.8,81.28,367.3,13.79,395.2,23.0,598.9,0.0628,1.15,190.1,280.1,14.1
2025-06-23T14:55:00+00:00,2109.0,81.35,345.3,13.98,382.1,20.6,592.7,0.0670,1.12,190.1,280.1,15.6
2025-06-23T14:56:00+00:00,2460.5,82.76,345.0,14.00,398.8,23.5,640.0,0.0722,1.10,190.1,280.1,14.8
2025-06-23T14:57:00+00:00,2125.4,85.28,359.3,13.92,387.5,23.2,574.5,0.0622,1.13,190.1,280.1,14.2
2025-06-23T14:58:00+00:00,1970.5,80.72,362.9,13.93,376.2,20.6,598.4,0.0609,1.10,190.1,280.1,15.3
2025-06-23T14:59:00+00:00,2038.3,84.61,351.8,13.84,373.3,20.2,580.7,0.0706,1.18,190.1,280.1,14.6
2025-06-23T15:00:00+00:00,1941.7,79.79,341.2,13.77,393.5,22.0,625.5,0.0615,1.14,190.1,280.1,16.5
2025-06-23T15:01:00+00:00,2131.9,80.32,364.9,13.98,376.3,22.0,632.0,0.0625,1.16,190.1,280.1,15.3
2025-06-23T15:02:00+00:00,2015.5,81.27,363.1,13.83,376.6,22.9,653.8,0.0615,1.13,190.1,280.1,16.2
2025-06-23T15:03:00+00:00,1805.2,83.76,355.6,13.68,376.3,21.2,531.2,0.0605,1.09,190.1,280.1,15.5
2025-06-23T15:04:00+00:00,2083.3,83.40,350.5,13.66,396.6,22.7,627.0,0.0625,1.18,190.1,280.1,15.9
2025-06-23T15:05:00+00:00,2089.2,85.02,334.0,14.11,392.0,22.6,589.2,0.0632,1.17,190.1,280.1,15.1
2025-06-23T15:06:00+00:00,2067.5,84.86,356.8,13.79,394.5,22.5,579.0,0.0626,1.20,190.1,280.1,14.7
2025-06-23T15:07:00+00:00,2166.3,80.88,348.1,13.89,386.0,21.5,627.3,0.0637,1.26,190.1,280.1,15.7
2025-06-23T15:08:00+00:00,2446.5,79.17,344.5,13.72,401.7,18.4,593.6,0.0645,1.19,190.1,280.1,15.8
2025-06-23T15:09:00+00:00,1843.5,81.25,342.4,13.73,379.9,20.5,567.9,0.0713,1.13,190.1,280.1,14.3
2025-06-23T15:10:00+00:00,2149.8,81.34,348.9,13.83,368.9,20.2,572.3,0.0619,1.09,190.1,280.1,13.3
2025-06-23T15:11:00+00:00,2501.0,84.83,348.0,13.85,405.6,20.3,546.7,0.0732,1.20,190.1,280.1,15.9
2025-06-23T15:12:00+00:00,2376.9,83.27,341.5,13.84,404.8,21.1,615.1,0.0634,1.11,190.1,280.1,15.5
2025-06-23T15:13:00+00:00,2492.5,82.30,350.4,13.82,389.4,21.7,585.4,0.0661,1.14,190.1,280.1,15.8
2025-06-23T15:14:00+00:00,1936.9,79.63,358.5,13.89,368.8,20.2,591.6,0.0631,1.20,190.1,280.1,15.5
2025-06-23T15:15:00+00:00,2454.4,80.90,356.2,13.73,380.4,22.7,571.4,0.0643,1.16,190.1,280.1,15.2
2025-06-23T15:16:00+00:00,1953.8,83.92,340.8,13.67,368.9,22.0,560.4,0.0622,1.22,190.1,280.1,13.5
2025-06-23T15:17:00+00:00,2506.6,83.37,338.0,13.73,381.0,21.3,636.6,0.0638,1.09,190.1,280.1,13.4
2025-06-23T15:18:00+00:00,1930.5,82.32,357.7,13.69,377.9,22.8,571.4,0.0645,1.14,190.1,280.1,13.4
2025-06-23T15:19:00+00:00,2471.7,83.52,351.0,13.92,398.7,22.9,639.1,0.0641,1.14,190.1,280.1,15.7
2025-06-23T15:20:00+00:00,2159.3,83.08,354.1,13.76,386.3,22.9,594.2,0.0684,1.09,190.1,280.1,14.7
2025-06-23T15:21:00+00:00,2046.4,85.46,344.8,13.64,390.9,23.0,599.9,0.0618,1.12,190.1,280.1,17.0
2025-06-23T15:22:00+00:00,2409.2,84.38,360.1,13.75,399.7,24.1,611.6,0.0640,1.15,190.1,280.1,14.7
2025-06-23T15:23:00+00:00,2029.3,81.29,355.9,13.53,377.2,22.4,614.4,0.0674,1.22,190.1,280.1,13.8
2025-06-23T15:24:00+00:00,2219.3,82.76,345.3,13.75,399.7,22.9,573.4,0.0627,1.13,190.1,280.1,14.2
2025-06-23T15:25:00+00:00,2123.8,82.13,338.6,13.54,396.0,20.6,591.1,0.0620,1.11,190.1,280.1,13.6
2025-06-23T15:26:00+00:00,2197.3,84.15,347.7,13.90,386.3,22.1,615.9,0.0698,1.12,190.1,280.1,15.7
2025-06-23T15:27:00+00:00,2229.9,79.54,351.6,13.82,373.7,21.5,621.1,0.0631,1.17,190.1,280.1,15.0
2025-06-23T15:28:00+00:00,2079.5,82.43,360.0,13.70,356.0,23.4,567.6,0.0634,1.21,190.1,280.1,14.7
2025-06-23T15:29:00+00:00,1837.6,84.27,346.9,13.72,360.6,22.0,668.2,0.0682,1.19,190.1,280.1,14.6
2025-06-23T15:30:00+00:00,1906.5,81.86,360.6,13.65,354.3,23.5,590.5,0.0611,1.15,190.1,280.1,13.0
2025-06-23T15:31:00+00:00,1926.5,80.10,359.9,13.53,378.2,21.8,568.4,0.0613,1.14,190.1,280.1,14.4
2025-06-23T15:32:00+00:00,1860.3,81.86,337.4,13.65,364.1,23.0,601.2,0.0631,1.16,190.1,280.1,15.1
2025-06-23T15:33:00+00:00,2117.8,81.85,342.0,13.91,388.9,20.3,557.7,0.0619,1.10,190.1,280.1,14.5
2025-06-23T15:34:00+00:00,1992.0,79.22,348.2,13.78,418.1,21.2,597.4,0.0618,1.13,190.1,280.1,14.2
2025-06-23T15:35:00+00:00,1974.2,84.02,355.4,13.77,370.6,21.8,615.1,0.0663,1.14,190.1,280.1,14.4
2025-06-23T15:36:00+00:00,2018.4,81.02,361.7,13.90,388.4,19.9,644.8,0.0631,1.10,190.1,280.1,14.0
2025-06-23T15:37:00+00:00,1931.3,81.54,363.8,13.33,391.7,18.6,594.2,0.0627,1.27,190.1,280.1,14.0
2025-06-23T15:38:00+00:00,1968.5,78.95,357.9,13.82,407.3,21.5,604.9,0.0624,1.10,190.1,280.1,14.5
2025-06-23T15:39:00+00:00,2084.5,84.88,353.8,13.80,378.7,19.5,601.7,0.0631,1.15,190.1,280.1,15.0
2025-06-23T15:40:00+00:00,2083.6,84.35,354.8,13.85,357.0,23.3,604.7,0.0624,1.18,190.1,280.1,15.6
2025-06-23T15:41:00+00:00,1750.8,83.55,353.4,13.85,362.6,19.0,620.5,0.0610,1.18,190.1,280.1,13.6
2025-06-23T15:42:00+00:00,2112.9,80.81,348.5,13.94,377.6,22.1,593.7,0.0767,1.22,190.1,280.1,13.2
2025-06-23T15:43:00+00:00,2087.0,84.51,344.7,14.04,383.4,22.7,587.0,0.0660,1.23,190.1,280.1,14.6
2025-06-23T15:44:00+00:00,2067.5,83.16,359.4,13.71,375.8,19.3,620.8,0.0646,1.13,190.1,280.1,14.9
2025-06-23T15:45:00+00:00,2235.1,85.84,349.2,13.60,383.2,21.1,594.6,0.0636,1.22,190.1,280.1,15.6
2025-06-23T15:46:00+00:00,1879.7,81.10,345.8,13.83,384.9,22.1,562.6,0.0613,1.17,190.1,280.1,15.4
2025-06-23T15:47:00+00:00,2072.4,82.83,359.4,13.95,371.6,24.5,580.8,0.0644,1.16,190.1,280.1,13.5
2025-06-23T15:48:00+00:00,2019.5,84.98,340.9,13.89,364.0,20.7,567.4,0.0615,1.13,190.1,280.1,16.3
2025-06-23T15:49:00+00:00,1942.0,81.92,341.2,13.65,365.3,21.5,607.9,0.0649,1.16,190.1,280.1,16.0
2025-06-23T15:50:00+00:00,2177.7,81.66,348.9,13.82,401.3,21.8,606.6,0.0626,1.14,190.1,280.1,14.4
2025-06-23T15:51:00+00:00,2150.1,79.78,359.1,13.52,382.5,24.7,616.5,0.0620,1.11,190.1,280.1,14.1
2025-06-23T15:52:00+00:00,2068.1,80.97,344.8,14.04,368.1,20.3,591.0,0.0621,1.13,190.1,280.1,14.3
2025-06-23T15:53:00+00:00,1938.4,79.37,370.7,14.02,374.2,22.0,583.0,0.0636,1.23,190.1,280.1,15.8
2025-06-23T15:54:00+00:00,1948.8,79.54,343.4,13.67,379.0,21.1,589.2,0.0611,1.12,190.1,280.1,15.1
2025-06-23T15:55:00+00:00,1969.5,85.26,343.9,13.59,379.2,22.2,662.2,0.0611,1.10,190.1,280.1,15.9
2025-06-23T15:56:00+00:00,2175.4,84.84,352.9,13.99,375.8,23.3,660.5,0.0623,1.10,190.1,280.1,13.5
2025-06-23T15:57:00+00:00,1870.9,83.79,330.9,13.98,382.7,21.8,607.4,0.0712,1.24,190.1,280.1,13.7
2025-06-23T15:58:00+00:00,2048.9,81.18,348.8,14.00,382.9,21.4,609.0,0.0611,1.06,190.1,280.1,14.4
2025-06-23T15:59:00+00:00,1913.0,82.07,355.5,13.74,383.4,20.9,550.3,0.0696,1.20,190.1,280.1,14.6
2025-06-23T16:00:00+00:00,2018.6,81.57,359.0,13.61,413.0,22.4,636.9,0.0626,1.23,190.1,280.1,15.6
2025-06-23T16:01:00+00:00,1987.3,83.77,344.4,13.85,375.8,20.7,633.3,0.0667,1.16,190.1,280.1,15.1
2025-06-23T16:02:00+00:00,2020.7,81.99,344.4,13.50,380.8,20.0,545.7,0.0618,1.15,190.1,280.1,14.8
2025-06-23T16:03:00+00:00,2165.4,79.38,338.6,13.87,372.6,21.6,590.3,0.0625,1.15,190.1,280.1,15.7
2025-06-23T16:04:00+00:00,2230.4,82.47,350.4,13.73,386.7,21.4,650.6,0.0649,1.13,190.1,280.1,13.5
2025-06-23T16:05:00+00:00,2070.4,84.14,345.6,13.74,391.5,25.3,607.7,0.0707,1.17,190.1,280.1,15.9
2025-06-23T16:06:00+00:00,1928.1,83.84,359.3,13.90,377.8,24.3,538.3,0.0662,1.20,190.1,280.1,15.1
2025-06-23T16:07:00+00:00,1016.3,79.06,337.5,13.85,365.3,22.0,577.1,0.0638,1.16,190.1,280.1,14.6
2025-06-23T16:08:00+00:00,980.4,79.60,356.3,13.94,343.9,23.4,543.6,0.0563,1.16,190.1,280.1,16.1
2025-06-23T16:09:00+00:00,1108.0,78.35,360.6,13.84,346.5,20.6,542.0,0.0566,1.12,190.1,280.1,14.6
2025-06-23T16:10:00+00:00,1238.8,78.91,373.5,13.75,353.7,23.7,580.7,0.0588,1.21,190.1,280.1,15.2
2025-06-23T16:11:00+00:00,1045.1,77.57,352.6,13.75,331.0,18.9,520.6,0.0566,1.14,190.1,280.1,15.3
2025-06-23T16:12:00+00:00,977.2,80.25,345.8,13.99,333.0,24.3,610.4,0.0614,1.16,190.1,280.1,15.1
2025-06-23T16:13:00+00:00,1106.6,77.36,351.8,13.75,350.2,21.3,547.8,0.0613,1.12,190.1,280.1,13.4
2025-06-23T16:14:00+00:00,1094.2,78.14,376.3,13.49,343.1,23.5,544.0,0.0566,1.14,190.1,280.1,14.8
2025-06-23T16:15:00+00:00,948.8,78.54,364.2,13.75,356.9,24.7,575.5,0.0668,1.08,190.1,280.1,15.9
2025-06-23T16:16:00+00:00,845.6,79.25,358.7,14.08,342.2,20.5,548.5,0.0574,1.10,190.1,280.1,14.9
2025-06-24T06:00:00+00:00,894.5,78.46,364.4,13.72,351.1,21.8,600.4,0.0496,0.54,38.8,173.8,6.5
2025-06-24T06:01:00+00:00,997.3,78.68,366.1,13.63,374.5,23.6,576.6,0.0497,0.41,38.8,173.8,6.4
2025-06-24T06:02:00+00:00,980.4,79.37,349.3,13.83,339.7,20.9,562.6,0.0502,0.44,38.8,173.8,7.2
2025-06-24T06:03:00+00:00,920.8,80.64,361.6,13.63,375.8,22.0,587.1,0.0487,0.42,38.8,173.8,5.5
2025-06-24T06:04:00+00:00,893.8,78.37,370.0,13.64,355.7,20.0,544.5,0.0532,0.47,38.8,173.8,5.0
2025-06-24T06:05:00+00:00,1235.2,79.50,354.5,13.72,387.1,22.1,570.8,0.0525,0.47,38.8,173.8,5.2
2025-06-24T06:06:00+00:00,1059.8,78.38,354.4,13.75,364.7,21.9,564.1,0.0496,0.41,38.8,173.8,5.9
2025-06-24T06:07:00+00:00,892.3,79.62,358.8,13.68,338.9,23.9,592.1,0.0491,0.48,38.8,173.8,5.8
2025-06-24T06:08:00+00:00,1022.5,78.09,368.9,13.88,340.9,20.2,526.5,0.0500,0.50,38.8,173.8,5.5
2025-06-24T06:09:00+00:00,1076.1,80.94,356.9,13.83,338.4,22.9,627.1,0.0499,0.37,38.8,173.8,5.5
2025-06-24T06:10:00+00:00,1071.4,82.14,360.1,13.83,351.0,19.5,546.3,0.0500,0.47,38.8,173.8,6.5
2025-06-24T06:11:00+00:00,1023.0,79.51,355.7,13.81,347.2,22.4,539.6,0.0508,0.59,38.8,173.8,6.1
2025-06-24T06:12:00+00:00,2198.5,83.49,340.4,13.88,388.6,24.4,609.3,0.0572,0.49,38.8,173.8,5.6
2025-06-24T06:13:00+00:00,2074.0,83.17,344.4,13.88,384.2,19.4,556.6,0.0568,0.51,38.8,173.8,6.5
2025-06-24T06:14:00+00:00,1893.3,81.25,352.0,13.76,388.7,20.5,595.1,0.0613,0.46,38.8,173.8,5.6
2025-06-24T06:15:00+00:00,2105.9,81.49,354.2,13.96,378.5,21.5,549.7,0.0551,0.44,38.8,173.8,6.6
2025-06-24T06:16:00+00:00,2110.5,79.13,343.5,13.78,381.9,20.7,659.9,0.0552,0.45,38.8,173.8,4.6
2025-06-24T06:17:00+00:00,1973.9,81.57,359.9,13.52,394.9,21.5,628.4,0.0596,0.36,38.8,173.8,5.8
2025-06-24T06:18:00+00:00,2086.1,84.37,342.5,13.78,370.1,21.2,577.7,0.0559,0.51,38.8,173.8,5.6
2025-06-24T06:19:00+00:00,1952.5,80.77,352.1,13.49,399.6,22.7,612.0,0.0547,0.48,38.8,173.8,5.6
2025-06-24T06:20:00+00:00,2120.3,84.17,333.3,13.93,387.3,23.7,631.0,0.0581,0.41,38.8,173.8,4.9
2025-06-24T06:21:00+00:00,1786.0,79.87,346.3,13.83,377.6,20.5,586.2,0.0534,0.43,38.8,173.8,6.6
2025-06-24T06:22:00+00:00,2195.0,81.68,348.1,13.76,380.5,22.3,601.8,0.0580,0.47,38.8,173.8,4.4
2025-06-24T06:23:00+00:00,1928.3,83.76,363.6,13.73,372.6,22.6,666.8,0.0543,0.45,38.8,173.8,6.2
2025-06-24T06:24:00+00:00,2001.9,84.36,356.4,13.89,383.1,21.6,616.0,0.0567,0.46,38.8,173.8,5.0
2025-06-24T06:25:00+00:00,1990.6,82.62,355.2,13.69,369.9,20.3,559.8,0.0547,0.48,38.8,173.8,5.5
2025-06-24T06:26:00+00:00,1774.9,80.87,358.8,13.91,379.2,18.5,556.6,0.0696,0.54,38.8,173.8,5.6
2025-06-24T06:27:00+00:00,2106.2,83.93,333.0,13.84,375.6,20.7,576.4,0.0589,0.46,38.8,173.8,6.3
2025-06-24T06:28:00+00:00,1868.6,84.73,347.9,13.81,375.6,23.2,516.0,0.0537,0.43,38.8,173.8,6.2
2025-06-24T06:29:00+00:00,1839.1,80.99,360.7,13.76,385.0,22.3,598.2,0.0564,0.49,38.8,173.8,5.8
2025-06-24T06:30:00+00:00,2004.9,84.67,347.2,13.98,373.8,21.1,620.8,0.0587,0.52,38.8,173.8,4.6
2025-06-24T06:31:00+00:00,2108.1,81.55,347.3,13.61,380.8,22.2,591.2,0.0554,0.46,38.8,173.8,5.9
2025-06-24T06:32:00+00:00,2188.4,83.23,349.6,13.64,385.8,20.9,642.7,0.0554,0.42,38.8,173.8,6.9
2025-06-24T06:33:00+00:00,1998.5,84.23,360.0,13.83,379.2,20.7,682.9,0.0550,0.47,38.8,173.8,6.4
2025-06-24T06:34:00+00:00,2151.8,82.33,352.4,13.89,410.1,20.8,564.1,0.0553,0.42,38.8,173.8,6.8
2025-06-24T06:35:00+00:00,2109.6,77.75,339.5,13.88,354.9,24.6,578.2,0.0613,0.50,38.8,173.8,5.7
2025-06-24T06:36:00+00:00,2037.7,80.55,361.2,14.29,364.9,19.7,583.5,0.0655,0.49,38.8,173.8,6.8
2025-06-24T06:37:00+00:00,2046.6,82.02,342.7,13.52,385.3,22.1,562.4,0.0569,0.43,38.8,173.8,4.6
2025-06-24T06:38:00+00:00,2053.9,82.64,355.9,13.69,390.3,22.5,568.9,0.0610,0.48,38.8,173.8,3.3
2025-06-24T06:39:00+00:00,1859.9,81.94,348.1,13.63,385.9,22.4,636.2,0.0591,0.54,38.8,173.8,4.7
2025-06-24T06:40:00+00:00,2121.1,83.88,354.3,13.86,403.1,20.2,557.6,0.0589,0.46,38.8,173.8,5.8
2025-06-24T06:41:00+00:00,1946.4,82.59,337.7,13.92,398.2,23.8,564.5,0.0577,0.50,38.8,173.8,4.9
2025-06-24T06:42:00+00:00,1930.3,80.48,351.2,13.78,389.7,22.6,661.8,0.0542,0.43,38.8,173.8,6.8
2025-06-24T06:43:00+00:00,1951.5,82.80,365.3,14.00,373.4,24.7,560.4,0.0543,0.43,38.8,173.8,6.3
2025-06-24T06:44:00+00:00,1921.9,82.07,358.4,13.67,355.8,21.9,591.3,0.0581,0.46,38.8,173.8,7.2
2025-06-24T06:45:00+00:00,2078.2,83.45,353.7,13.69,376.0,19.9,638.5,0.0561,0.56,38.8,173.8,6.4
2025-06-24T06:46:00+00:00,1955.8,84.34,352.6,13.53,382.4,21.2,621.8,0.0548,0.48,38.8,173.8,7.8
2025-06-24T06:47:00+00:00,1689.2,82.33,341.6,13.65,376.0,22.2,558.5,0.0541,0.55,38.8,173.8,6.4
2025-06-24T06:48:00+00:00,2038.9,80.09,348.2,13.87,365.5,23.6,631.4,0.0549,0.45,38.8,173.8,5.8
2025-06-24T06:49:00+00:00,1970.9,79.30,356.6,13.79,379.8,21.2,645.4,0.0554,0.53,38.8,173.8,7.5
2025-06-24T06:50:00+00:00,2021.2,83.81,363.6,13.68,399.5,20.5,620.0,0.0551,0.47,38.8,173.8,3.9
2025-06-24T06:51:00+00:00,1978.4,84.36,349.3,13.80,355.9,19.9,575.8,0.0553,0.53,38.8,173.8,6.5
2025-06-24T06:52:00+00:00,2016.0,82.99,347.6,13.75,358.8,23.9,570.6,0.0550,0.34,38.8,173.8,7.4
2025-06-24T06:53:00+00:00,1986.4,84.22,347.9,13.66,367.7,23.4,558.0,0.0556,0.54,38.8,173.8,6.3
2025-06-24T06:54:00+00:00,1918.7,81.56,366.0,13.78,373.8,23.6,626.1,0.0533,0.35,38.8,173.8,4.8
2025-06-24T06:55:00+00:00,2009.2,81.54,353.6,13.85,363.3,22.5,567.0,0.0548,0.45,38.8,173.8,8.3
2025-06-24T06:56:00+00:00,2051.0,80.19,347.2,14.09,381.9,22.5,601.5,0.0583,0.45,38.8,173.8,6.1
2025-06-24T06:57:00+00:00,1806.1,82.21,350.5,13.97,386.9,21.0,592.9,0.0541,0.51,38.8,173.8,5.5
2025-06-24T06:58:00+00:00,1996.3,83.32,366.9,13.76,408.1,20.5,581.1,0.0629,0.50,38.8,173.8,5.5
2025-06-24T06:59:00+00:00,2022.7,81.92,349.0,13.62,392.8,24.0,595.9,0.0552,0.48,38.8,173.8,5.7
2025-06-24T07:00:00+00:00,2000.1,80.09,350.5,13.72,357.5,22.7,585.2,0.0559,0.50,38.8,173.8,8.7
2025-06-24T07:01:00+00:00,1949.5,82.64,355.3,13.84,389.5,22.4,580.7,0.0544,0.45,38.8,173.8,6.7
2025-06-24T07:02:00+00:00,2047.4,82.47,364.2,13.65,397.4,21.3,601.9,0.0540,0.36,38.8,173.8,5.4
2025-06-24T07:03:00+00:00,2261.4,83.96,346.6,14.15,405.2,21.1,580.4,0.0568,0.53,38.8,173.8,6.0
2025-06-24T07:04:00+00:00,1959.9,83.49,344.1,13.99,381.8,24.3,574.8,0.0548,0.46,38.8,173.8,5.1
2025-06-24T07:05:00+00:00,1905.4,83.72,359.7,13.85,358.5,21.2,609.6,0.0545,0.47,38.8,173.8,6.1
2025-06-24T07:06:00+00:00,2483.4,83.59,343.9,13.97,397.8,23.2,646.4,0.0644,0.49,38.8,173.8,5.5
2025-06-24T07:07:00+00:00,2229.0,84.10,350.0,14.00,415.6,21.0,626.1,0.0564,0.50,38.8,173.8,7.3
2025-06-24T07:08:00+00:00,2532.2,83.81,350.6,13.73,399.7,22.0,585.4,0.0583,0.43,38.8,173.8,5.5
2025-06-24T07:09:00+00:00,2415.6,82.46,347.8,13.97,387.7,21.4,604.5,0.0575,0.49,38.8,173.8,6.5
2025-06-24T07:10:00+00:00,2111.1,83.56,345.7,13.86,381.3,21.8,575.8,0.0554,0.45,38.8,173.8,5.9
2025-06-24T07:11:00+00:00,2409.6,84.59,335.0,13.73,402.9,21.9,609.0,0.0601,0.48,38.8,173.8,5.1
2025-06-24T07:12:00+00:00,2093.6,83.04,346.8,13.79,367.9,20.8,571.1,0.0554,0.46,38.8,173.8,3.6
2025-06-24T07:13:00+00:00,1908.6,80.39,346.0,13.75,391.9,19.5,589.0,0.0600,0.40,38.8,173.8,6.2
2025-06-24T07:14:00+00:00,2113.4,79.91,352.3,13.73,389.1,20.1,614.5,0.0602,0.42,38.8,173.8,5.7
2025-06-24T07:15:00+00:00,2510.3,82.90,338.6,13.73,402.4,22.1,649.7,0.0576,0.47,38.8,173.8,6.9
2025-06-24T07:16:00+00:00,2043.1,83.07,359.8,13.82,382.3,24.4,544.0,0.0548,0.46,38.8,173.8,6.2
2025-06-24T07:17:00+00:00,2452.4,82.11,351.0,13.75,390.4,20.4,618.9,0.0638,0.52,38.8,173.8,8.8
2025-06-24T07:18:00+00:00,1914.6,83.31,346.8,13.99,379.7,21.1,610.0,0.0589,0.44,38.8,173.8,6.2
2025-06-24T07:19:00+00:00,2041.0,81.44,334.6,13.97,370.0,23.1,558.4,0.0659,0.64,38.8,173.8,6.4
2025-06-24T07:20:00+00:00,1926.4,81.21,346.1,13.80,387.7,22.6,655.9,0.0581,0.48,38.8,173.8,5.8
2025-06-24T07:21:00+00:00,2369.5,82.75,360.1,13.82,394.4,23.1,582.7,0.0627,0.54,38.8,173.8,6.9
2025-06-24T07:22:00+00:00,1877.5,84.14,345.9,13.53,358.5,20.3,579.8,0.0616,0.49,38.8,173.8,6.0
2025-06-24T07:23:00+00:00,2085.3,80.25,352.2,14.01,370.1,18.9,582.1,0.0606,0.54,38.8,173.8,5.8
2025-06-24T07:24:00+00:00,2072.8,83.34,347.2,14.03,375.6,21.9,600.6,0.0560,0.55,38.8,173.8,6.4
2025-06-24T07:25:00+00:00,1893.1,81.13,350.5,13.47,384.2,23.7,627.0,0.0563,0.38,38.8,173.8,5.4
2025-06-24T07:26:00+00:00,2073.4,80.91,347.5,13.66,374.0,23.2,574.9,0.0553,0.47,38.8,173.8,5.7
2025-06-24T07:27:00+00:00,1984.3,82.34,344.2,13.89,391.8,23.0,534.2,0.0549,0.47,38.8,173.8,4.9
2025-06-24T07:28:00+00:00,1911.7,82.59,346.8,13.68,400.1,22.6,633.0,0.0551,0.53,38.8,173.8,5.1
2025-06-24T07:29:00+00:00,2022.2,84.35,349.5,13.77,384.4,23.1,618.4,0.0600,0.54,38.8,173.8,6.1
2025-06-24T07:30:00+00:00,2032.2,81.76,356.0,13.70,389.8,21.3,596.1,0.0611,0.46,38.8,173.8,4.3
2025-06-24T07:31:00+00:00,1858.2,84.03,349.6,13.59,347.7,23.3,559.3,0.0550,0.55,38.8,173.8,5.6
2025-06-24T07:32:00+00:00,1956.7,82.32,350.9,13.69,382.0,21.0,548.5,0.0552,0.52,38.8,173.8,4.9
2025-06-24T07:33:00+00:00,2094.3,81.60,335.5,13.92,377.1,24.5,652.9,0.0600,0.51,38.8,173.8,6.0
2025-06-24T07:34:00+00:00,2173.1,83.97,355.6,13.67,390.9,19.8,609.0,0.0564,0.54,38.8,173.8,6.2
2025-06-24T07:35:00+00:00,1894.3,80.82,358.9,13.76,378.5,21.9,587.1,0.0564,0.51,38.8,173.8,5.4
2025-06-24T07:36:00+00:00,1806.4,81.54,354.6,14.00,367.5,20.6,583.6,0.0594,0.48,38.8,173.8,6.0
2025-06-24T07:37:00+00:00,2161.3,78.33,353.8,13.95,410.0,21.9,600.0,0.0612,0.49,38.8,173.8,6.8
2025-06-24T07:38:00+00:00,2121.5,81.83,350.6,13.70,388.3,19.6,617.8,0.0560,0.49,38.8,173.8,6.9
2025-06-24T07:39:00+00:00,2009.9,81.14,349.2,13.72,365.3,21.1,600.8,0.0602,0.44,38.8,173.8,5.7
2025-06-24T07:40:00+00:00,2147.7,85.79,335.3,14.05,391.5,21.4,604.2,0.0555,0.46,38.8,173.8,5.9
2025-06-24T07:41:00+00:00,2073.4,78.93,343.7,13.87,379.7,22.1,643.6,0.0554,0.48,38.8,173.8,6.7
2025-06-24T07:42:00+00:00,2012.3,80.93,355.5,13.82,373.4,21.3,638.3,0.0580,0.44,38.8,173.8,7.4
2025-06-24T07:43:00+00:00,2045.4,82.13,352.6,13.87,374.7,23.3,606.7,0.0556,0.46,38.8,173.8,5.5
2025-06-24T07:44:00+00:00,1917.8,80.56,361.3,13.87,372.2,18.8,622.8,0.0549,0.51,38.8,173.8,4.3
2025-06-24T07:45:00+00:00,2070.9,83.11,349.4,14.06,373.1,21.0,639.0,0.0555,0.48,38.8,173.8,6.2
2025-06-24T07:46:00+00:00,2177.9,83.39,360.0,13.80,377.1,23.5,556.8,0.0557,0.45,38.8,173.8,5.9
2025-06-24T07:47:00+00:00,2202.3,82.47,359.5,13.79,377.8,23.3,575.7,0.0558,0.45,38.8,173.8,5.5
2025-06-24T07:48:00+00:00,2135.0,80.86,340.2,13.99,400.7,21.8,616.2,0.0551,0.43,38.8,173.8,4.7
2025-06-24T07:49:00+00:00,1882.3,80.02,351.1,13.69,373.6,21.0,577.1,0.0528,0.33,38.8,173.8,6.7
2025-06-24T07:50:00+00:00,1938.9,81.25,339.6,13.84,362.2,22.2,595.0,0.0550,0.52,38.8,173.8,6.1
2025-06-24T07:51:00+00:00,2172.1,82.81,349.9,13.60,387.4,20.2,602.7,0.0654,0.58,38.8,173.8,5.5
2025-06-24T07:52:00+00:00,1884.9,82.47,355.0,13.82,359.7,21.3,627.5,0.0541,0.45,38.8,173.8,6.4
2025-06-24T07:53:00+00:00,1954.4,82.86,362.2,13.89,360.0,21.3,660.0,0.0536,0.37,38.8,173.8,5.7
2025-06-24T07:54:00+00:00,1881.0,84.84,346.3,13.88,391.9,20.0,599.6,0.0540,0.44,38.8,173.8,5.7
2025-06-24T07:55:00+00:00,2111.9,82.82,341.7,13.73,404.9,21.3,606.7,0.0561,0.51,38.8,173.8,5.3
2025-06-24T07:56:00+00:00,2036.2,84.39,350.3,14.01,393.3,20.9,603.5,0.0548,0.44,38.8,173.8,7.0
2025-06-24T07:57:00+00:00,2008.2,81.95,337.9,14.02,373.6,21.0,617.7,0.0567,0.41,38.8,173.8,5.7
2025-06-24T07:58:00+00:00,1858.5,81.71,350.3,13.99,378.5,22.2,612.3,0.0536,0.43,38.8,173.8,7.2
2025-06-24T07:59:00+00:00,1766.7,82.94,350.6,13.80,363.4,22.4,581.2,0.0538,0.48,38.8,173.8,6.0
2025-06-24T08:00:00+00:00,1999.2,79.99,349.5,13.56,384.9,20.7,614.2,0.0562,0.42,38.8,173.8,6.4
2025-06-24T08:01:00+00:00,1894.2,80.87,348.4,13.82,376.1,23.2,586.2,0.0545,0.47,38.8,173.8,5.3
2025-06-24T08:02:00+00:00,1923.5,83.12,345.8,13.83,385.9,21.4,550.4,0.0565,0.47,38.8,173.8,7.1
2025-06-24T08:03:00+00:00,2140.8,81.32,347.6,13.88,388.6,22.2,614.2,0.0598,0.51,38.8,173.8,3.2
2025-06-24T08:04:00+00:00,1888.7,81.01,346.9,13.61,364.6,21.7,560.8,0.0546,0.49,38.8,173.8,3.6
2025-06-24T08:05:00+00:00,1929.0,81.91,348.2,14.09,367.2,22.5,605.4,0.0624,0.47,38.8,173.8,8.2
2025-06-24T08:06:00+00:00,2079.4,80.72,358.3,13.96,384.3,24.4,606.1,0.0576,0.47,38.8,173.8,5.4
2025-06-24T08:07:00+00:00,1942.3,83.72,352.8,13.88,389.0,21.2,545.3,0.0547,0.48,38.8,173.8,5.6
2025-06-24T08:08:00+00:00,2130.7,81.38,342.7,13.76,373.4,23.2,586.4,0.0555,0.47,38.8,173.8,6.5
2025-06-24T08:09:00+00:00,1985.7,81.09,345.8,13.89,379.0,22.0,641.6,0.0548,0.47,38.8,173.8,6.2
2025-06-24T08:10:00+00:00,1919.5,81.28,360.6,13.42,380.5,23.2,628.7,0.0545,0.46,38.8,173.8,6.7
2025-06-24T08:11:00+00:00,1986.0,82.62,347.3,13.61,375.7,22.7,586.1,0.0636,0.45,38.8,173.8,7.6
2025-06-24T08:12:00+00:00,2182.9,83.26,333.6,13.78,380.1,24.2,629.4,0.0672,0.48,38.8,173.8,4.4
2025-06-24T08:13:00+00:00,2072.0,81.99,348.1,13.48,394.6,20.2,600.9,0.0562,0.56,38.8,173.8,7.5
2025-06-24T08:14:00+00:00,1874.2,79.67,334.4,13.76,368.0,25.0,589.5,0.0607,0.50,38.8,173.8,4.6
2025-06-24T08:15:00+00:00,1137.1,79.38,358.5,13.82,345.6,21.3,614.0,0.0501,0.45,38.8,173.8,5.8
2025-06-24T08:16:00+00:00,846.3,78.94,341.9,13.71,347.9,22.7,573.3,0.0617,0.40,38.8,173.8,5.0
2025-06-24T08:17:00+00:00,913.2,79.71,354.6,13.71,334.8,20.4,571.1,0.0525,0.45,38.8,173.8,4.1
2025-06-24T08:18:00+00:00,1059.1,78.11,360.6,13.73,334.4,22.4,527.4,0.0506,0.39,38.8,173.8,4.8
2025-06-24T08:19:00+00:00,1051.1,78.91,362.0,13.84,357.5,20.3,554.8,0.0575,0.43,38.8,173.8,4.8
2025-06-24T08:20:00+00:00,1041.3,82.78,354.9,13.86,343.5,21.8,597.6,0.0508,0.45,38.8,173.8,5.6
2025-06-24T08:21:00+00:00,1021.8,77.66,369.8,13.94,363.5,20.7,580.1,0.0494,0.45,38.8,173.8,5.6
2025-06-24T08:22:00+00:00,1110.6,79.27,347.9,13.70,350.3,19.7,586.5,0.0502,0.46,38.8,173.8,5.5
2025-06-24T08:23:00+00:00,1131.4,80.67,367.3,13.74,367.6,22.1,549.2,0.0509,0.41,38.8,173.8,7.2
2025-06-24T08:24:00+00:00,868.1,76.56,353.1,14.04,344.4,24.7,511.9,0.0635,0.46,38.8,173.8,5.1
2025-06-24T08:25:00+00:00,963.0,76.52,365.3,13.64,342.4,23.3,601.4,0.0575,0.53,38.8,173.8,6.8
2025-06-24T14:00:00+00:00,889.5,76.64,358.7,13.68,328.3,21.6,512.3,0.0521,0.48,38.8,173.8,6.4
2025-06-24T14:01:00+00:00,1075.1,79.91,347.9,13.76,346.3,22.1,531.3,0.0537,0.49,38.8,173.8,7.3
2025-06-24T14:02:00+00:00,941.7,79.57,368.0,13.66,325.2,20.4,557.3,0.0548,0.42,38.8,173.8,6.4
2025-06-24T14:03:00+00:00,945.0,76.57,353.7,13.82,351.7,19.3,503.9,0.0489,0.43,38.8,173.8,4.5
2025-06-24T14:04:00+00:00,973.1,78.96,363.5,13.77,362.4,21.8,632.2,0.0517,0.49,38.8,173.8,6.4
2025-06-24T14:05:00+00:00,960.1,77.58,375.9,13.84,347.6,19.7,597.9,0.0522,0.45,38.8,173.8,6.3
2025-06-24T14:06:00+00:00,931.2,78.91,341.9,13.78,343.0,20.0,551.7,0.0486,0.40,38.8,173.8,7.4
2025-06-24T14:07:00+00:00,1076.8,78.73,351.2,13.63,340.9,19.3,584.9,0.0574,0.46,38.8,173.8,5.0
2025-06-24T14:08:00+00:00,1092.3,80.21,336.7,13.79,359.6,22.8,613.7,0.0510,0.50,38.8,173.8,6.9
2025-06-24T14:09:00+00:00,905.4,76.01,336.4,13.74,348.6,24.2,553.0,0.0518,0.55,38.8,173.8,5.9
2025-06-24T14:10:00+00:00,917.2,77.66,359.3,13.90,335.1,22.0,574.4,0.0491,0.48,38.8,173.8,7.0
2025-06-24T14:11:00+00:00,962.7,78.73,354.6,13.54,344.8,22.2,594.6,0.0537,0.48,38.8,173.8,6.3
2025-06-24T14:12:00+00:00,1933.8,80.50,348.9,13.86,377.8,22.0,570.3,0.0557,0.40,38.8,173.8,4.6
2025-06-24T14:13:00+00:00,1889.6,84.70,339.2,13.90,384.0,20.9,593.5,0.0540,0.44,38.8,173.8,6.0
2025-06-24T14:14:00+00:00,2105.7,81.98,345.0,13.77,391.3,22.0,678.1,0.0661,0.47,38.8,173.8,5.4
2025-06-24T14:15:00+00:00,1935.6,82.76,366.3,13.83,362.1,19.5,651.1,0.0616,0.49,38.8,173.8,8.4
2025-06-24T14:16:00+00:00,1917.6,81.81,351.0,13.74,375.4,20.3,580.1,0.0548,0.49,38.8,173.8,6.4
2025-06-24T14:17:00+00:00,2015.7,83.84,351.7,13.77,371.4,22.9,604.0,0.0552,0.48,38.8,173.8,4.6
2025-06-24T14:18:00+00:00,1882.6,83.34,351.1,13.96,357.1,22.3,552.8,0.0561,0.51,38.8,173.8,5.0
2025-06-24T14:19:00+00:00,2055.4,84.34,352.4,13.90,396.1,23.8,628.5,0.0554,0.49,38.8,173.8,5.1
2025-06-24T14:20:00+00:00,1911.2,82.51,339.0,13.58,390.6,20.8,623.4,0.0551,0.54,38.8,173.8,6.8
2025-06-24T14:21:00+00:00,1890.0,81.32,346.3,13.81,355.3,20.4,645.7,0.0563,0.57,38.8,173.8,4.8
2025-06-24T14:22:00+00:00,2016.8,81.99,355.0,13.84,392.7,23.2,550.3,0.0549,0.46,38.8,173.8,5.7
2025-06-24T14:23:00+00:00,1838.7,82.25,360.4,13.79,379.2,22.8,592.2,0.0668,0.45,38.8,173.8,5.4
2025-06-24T14:24:00+00:00,2175.2,83.46,357.2,13.62,368.1,22.4,635.9,0.0559,0.48,38.8,173.8,6.6
2025-06-24T14:25:00+00:00,2072.7,82.56,348.2,13.86,390.5,20.3,579.6,0.0639,0.57,38.8,173.8,4.9
2025-06-24T14:26:00+00:00,1955.5,81.11,336.9,14.19,388.0,22.7,606.4,0.0620,0.50,38.8,173.8,6.4
2025-06-24T14:27:00+00:00,2194.8,84.12,345.2,13.81,375.6,22.3,623.8,0.0660,0.55,38.8,173.8,4.5
2025-06-24T14:28:00+00:00,2157.5,80.99,343.7,13.62,423.0,21.3,634.8,0.0652,0.37,38.8,173.8,4.7
2025-06-24T14:29:00+00:00,2042.5,82.01,345.0,13.89,399.4,20.9,599.1,0.0634,0.48,38.8,173.8,5.9
2025-06-24T14:30:00+00:00,2212.3,82.41,348.3,13.76,379.9,21.4,631.5,0.0559,0.46,38.8,173.8,7.5
2025-06-24T14:31:00+00:00,1941.0,80.62,351.5,13.79,392.8,23.4,624.2,0.0535,0.37,38.8,173.8,5.5
2025-06-24T14:32:00+00:00,2067.9,84.13,341.1,13.69,353.4,19.6,575.0,0.0548,0.43,38.8,173.8,6.5
2025-06-24T14:33:00+00:00,1986.3,83.42,345.0,13.80,362.1,20.2,572.4,0.0678,0.59,38.8,173.8,6.2
2025-06-24T14:34:00+00:00,2143.1,85.04,347.0,13.72,390.3,19.9,613.8,0.0608,0.45,38.8,173.8,4.6
2025-06-24T14:35:00+00:00,1870.6,83.61,357.1,13.71,369.6,20.0,626.4,0.0541,0.45,38.8,173.8,6.8
2025-06-24T14:36:00+00:00,1987.7,83.18,352.1,13.90,374.9,21.9,597.0,0.0580,0.46,38.8,173.8,4.0
2025-06-24T14:37:00+00:00,1960.1,82.10,352.8,13.86,366.0,20.4,585.0,0.0597,0.47,38.8,173.8,6.1
2025-06-24T14:38:00+00:00,1845.6,80.01,351.3,14.13,375.8,24.0,613.4,0.0628,0.48,38.8,173.8,5.6
2025-06-24T14:39:00+00:00,1933.2,80.54,349.7,13.49,387.7,21.0,601.2,0.0601,0.45,38.8,173.8,6.3
2025-06-24T14:40:00+00:00,2203.4,78.59,354.5,13.94,376.4,21.1,591.0,0.0641,0.47,38.8,173.8,7.3
2025-06-24T14:41:00+00:00,1934.7,79.55,335.4,14.06,375.6,20.9,632.7,0.0568,0.34,38.8,173.8,5.5
2025-06-24T14:42:00+00:00,2124.2,82.72,347.7,13.83,393.0,21.6,599.2,0.0572,0.64,38.8,173.8,6.3
2025-06-24T14:43:00+00:00,2134.0,84.25,350.7,13.83,374.4,22.9,582.3,0.0569,0.48,38.8,173.8,4.9
2025-06-24T14:44:00+00:00,1913.8,79.77,351.3,14.02,384.4,20.3,634.0,0.0555,0.50,38.8,173.8,7.3
2025-06-24T14:45:00+00:00,1968.6,83.47,345.6,13.61,371.3,21.9,609.9,0.0554,0.53,38.8,173.8,6.1
2025-06-24T14:46:00+00:00,2170.7,82.73,348.1,13.45,382.7,19.7,586.8,0.0641,0.48,38.8,173.8,5.0
2025-06-24T14:47:00+00:00,2021.6,83.56,347.3,13.68,377.7,20.3,630.2,0.0546,0.43,38.8,173.8,6.2
2025-06-24T14:48:00+00:00,2183.3,81.56,352.6,13.66,391.6,23.1,649.9,0.0562,0.51,38.8,173.8,6.4
2025-06-24T14:49:00+00:00,1946.2,82.12,345.3,13.79,379.5,19.3,610.8,0.0554,0.55,38.8,173.8,4.5
2025-06-24T14:50:00+00:00,2258.1,83.04,346.2,13.61,381.9,21.5,611.0,0.0572,0.57,38.8,173.8,6.3
2025-06-24T14:51:00+00:00,2070.3,82.31,351.6,13.79,412.3,21.3,612.7,0.0556,0.51,38.8,173.8,8.9
2025-06-24T14:52:00+00:00,1780.6,82.68,349.4,13.94,365.3,23.1,609.3,0.0534,0.44,38.8,173.8,7.9
2025-06-24T14:53:00+00:00,2111.6,83.15,354.8,13.76,397.1,21.9,590.4,0.0564,0.58,38.8,173.8,6.7
2025-06-24T14:54:00+00:00,1842.2,82.04,345.6,13.94,369.4,22.1,651.0,0.0532,0.38,38.8,173.8,8.0
2025-06-24T14:55:00+00:00,1805.1,82.41,349.6,13.80,371.5,19.8,616.2,0.0541,0.49,38.8,173.8,4.6
2025-06-24T14:56:00+00:00,1963.6,82.09,347.6,13.59,367.2,20.6,634.6,0.0553,0.52,38.8,173.8,6.7
2025-06-24T14:57:00+00:00,2026.5,84.75,358.5,14.20,392.7,21.7,587.2,0.0586,0.43,38.8,173.8,7.6
2025-06-24T14:58:00+00:00,1952.1,85.62,367.7,13.86,383.9,20.3,591.8,0.0539,0.40,38.8,173.8,6.5
2025-06-24T14:59:00+00:00,2065.8,83.47,344.9,14.03,379.9,22.4,578.9,0.0551,0.46,38.8,173.8,6.0
2025-06-24T15:00:00+00:00,2270.4,83.56,352.1,13.82,371.4,23.7,609.7,0.0567,0.49,38.8,173.8,6.4
2025-06-24T15:01:00+00:00,1909.3,83.94,354.8,13.71,387.8,21.0,558.8,0.0562,0.59,38.8,173.8,4.4
2025-06-24T15:02:00+00:00,1764.2,83.47,355.5,13.65,368.9,22.8,601.0,0.0541,0.51,38.8,173.8,6.1
2025-06-24T15:03:00+00:00,2535.6,80.27,345.2,13.68,384.8,21.4,579.2,0.0575,0.43,38.8,173.8,5.3
2025-06-24T15:04:00+00:00,2070.0,84.56,344.8,13.77,386.9,21.7,623.7,0.0549,0.43,38.8,173.8,7.5
2025-06-24T15:05:00+00:00,1973.8,82.38,350.5,13.48,391.5,22.9,562.7,0.0576,0.46,38.8,173.8,7.0
2025-06-24T15:06:00+00:00,1996.4,81.85,350.2,13.84,383.7,20.7,632.7,0.0543,0.41,38.8,173.8,5.3
2025-06-24T15:07:00+00:00,1858.4,82.71,336.8,13.95,377.4,23.2,627.0,0.0615,0.53,38.8,173.8,5.4
2025-06-24T15:08:00+00:00,1985.9,81.87,352.1,13.67,367.2,19.9,601.1,0.0571,0.54,38.8,173.8,5.3
2025-06-24T15:09:00+00:00,2170.7,84.07,355.6,13.86,362.7,22.3,637.8,0.0596,0.52,38.8,173.8,5.3
2025-06-24T15:10:00+00:00,2452.1,81.79,345.3,13.79,400.5,21.5,612.2,0.0567,0.41,38.8,173.8,5.9
2025-06-24T15:11:00+00:00,1978.2,81.84,347.6,14.04,398.6,21.2,555.8,0.0619,0.48,38.8,173.8,5.8
2025-06-24T15:12:00+00:00,1938.1,82.51,347.2,13.73,374.4,25.0,551.1,0.0617,0.52,38.8,173.8,7.3
2025-06-24T15:13:00+00:00,2398.8,84.07,331.0,13.90,392.3,22.5,628.3,0.0625,0.52,38.8,173.8,6.0
2025-06-24T15:14:00+00:00,1852.9,81.94,355.8,13.96,392.2,21.1,602.5,0.0542,0.46,38.8,173.8,5.1
2025-06-24T15:15:00+00:00,1941.4,81.45,343.2,13.59,378.3,23.3,635.2,0.0585,0.48,38.8,173.8,5.3
2025-06-24T15:16:00+00:00,2538.7,84.90,342.2,13.75,391.4,20.8,689.3,0.0582,0.52,38.8,173.8,4.8
2025-06-24T15:17:00+00:00,1977.5,85.13,350.4,13.80,390.1,23.5,633.4,0.0565,0.43,38.8,173.8,6.1
2025-06-24T15:18:00+00:00,2059.1,81.78,335.4,13.92,367.9,20.6,629.1,0.0557,0.51,38.8,173.8,6.1
2025-06-24T15:19:00+00:00,2454.7,83.96,346.1,14.01,382.9,21.2,628.1,0.0582,0.55,38.8,173.8,6.0
2025-06-24T15:20:00+00:00,2533.6,83.91,338.1,14.01,392.9,23.6,585.8,0.0575,0.46,38.8,173.8,6.8
2025-06-24T15:21:00+00:00,1897.4,81.11,351.2,13.71,372.0,23.0,623.5,0.0545,0.47,38.8,173.8,5.1
2025-06-24T15:22:00+00:00,2415.0,83.66,345.7,14.02,399.9,20.7,613.1,0.0583,0.59,38.8,173.8,5.4
2025-06-24T15:23:00+00:00,2360.9,84.14,352.6,13.85,381.2,22.6,598.9,0.0571,0.49,38.8,173.8,5.3
2025-06-24T15:24:00+00:00,2017.3,82.78,359.7,13.65,378.5,23.3,628.4,0.0553,0.46,38.8,173.8,4.9
2025-06-24T15:25:00+00:00,2243.8,83.53,353.1,13.70,389.2,22.8,643.0,0.0585,0.44,38.8,173.8,6.1
2025-06-24T15:26:00+00:00,2013.8,82.18,340.5,14.03,369.1,23.0,587.7,0.0548,0.47,38.8,173.8,5.5
2025-06-24T15:27:00+00:00,1723.0,81.49,353.7,13.53,356.5,21.8,540.3,0.0540,0.53,38.8,173.8,5.6
2025-06-24T15:28:00+00:00,2113.7,85.42,345.7,13.87,388.9,20.7,636.3,0.0557,0.48,38.8,173.8,7.5
2025-06-24T15:29:00+00:00,2078.5,82.59,350.5,13.71,396.1,21.9,604.1,0.0555,0.49,38.8,173.8,5.4
2025-06-24T15:30:00+00:00,2131.2,82.13,345.9,13.81,382.9,20.8,602.4,0.0555,0.46,38.8,173.8,6.4
2025-06-24T15:31:00+00:00,2117.2,82.88,341.1,13.83,414.9,21.0,608.8,0.0592,0.44,38.8,173.8,5.6
2025-06-24T15:32:00+00:00,2161.1,83.10,365.9,13.71,406.7,21.4,620.4,0.0595,0.52,38.8,173.8,5.3
2025-06-24T15:33:00+00:00,2129.3,80.09,351.6,13.48,397.6,24.7,593.0,0.0621,0.48,38.8,173.8,5.9
2025-06-24T15:34:00+00:00,2161.8,82.44,362.6,13.85,395.7,23.1,558.8,0.0558,0.47,38.8,173.8,5.0
2025-06-24T15:35:00+00:00,2043.1,82.91,337.0,13.80,365.4,23.1,540.7,0.0564,0.41,38.8,173.8,6.5
2025-06-24T15:36:00+00:00,2063.2,82.69,352.4,13.90,377.2,20.7,556.8,0.0557,0.51,38.8,173.8,5.8
2025-06-24T15:37:00+00:00,1929.8,79.65,358.1,13.86,399.5,24.6,592.0,0.0538,0.39,38.8,173.8,6.7
2025-06-24T15:38:00+00:00,2092.0,83.22,348.8,13.71,368.0,20.4,626.7,0.0630,0.40,38.8,173.8,7.1
2025-06-24T15:39:00+00:00,2108.1,81.38,357.8,13.75,389.6,20.9,595.3,0.0556,0.48,38.8,173.8,7.0
2025-06-24T15:40:00+00:00,1987.2,82.49,339.2,14.02,388.2,23.0,593.5,0.0551,0.50,38.8,173.8,7.1
2025-06-24T15:41:00+00:00,2081.6,81.54,351.8,13.85,392.5,21.8,590.8,0.0554,0.46,38.8,173.8,5.6
2025-06-24T15:42:00+00:00,2064.1,77.43,347.7,13.95,370.5,21.6,643.8,0.0613,0.55,38.8,173.8,4.0
2025-06-24T15:43:00+00:00,2106.2,83.33,353.8,13.74,355.8,22.6,579.6,0.0555,0.46,38.8,173.8,7.9
2025-06-24T15:44:00+00:00,2138.8,82.24,347.5,13.74,415.7,25.7,648.8,0.0582,0.54,38.8,173.8,6.2
2025-06-24T15:45:00+00:00,2053.7,79.82,355.1,14.01,377.3,22.1,601.3,0.0556,0.52,38.8,173.8,6.1
2025-06-24T15:46:00+00:00,2104.1,85.53,344.4,13.66,368.6,22.4,588.3,0.0560,0.52,38.8,173.8,6.0
2025-06-24T15:47:00+00:00,1845.1,81.75,342.0,14.19,377.9,20.8,585.9,0.0570,0.51,38.8,173.8,4.6
2025-06-24T15:48:00+00:00,2092.6,84.12,362.9,13.91,354.2,22.9,610.5,0.0553,0.45,38.8,173.8,5.3
2025-06-24T15:49:00+00:00,1957.1,82.81,358.9,13.75,369.6,20.1,606.5,0.0539,0.40,38.8,173.8,7.0
2025-06-24T15:50:00+00:00,2002.5,81.53,346.5,13.63,379.5,23.2,541.5,0.0538,0.37,38.8,173.8,5.2
2025-06-24T15:51:00+00:00,2054.3,83.09,350.9,13.43,347.9,21.6,609.6,0.0619,0.53,38.8,173.8,6.3
2025-06-24T15:52:00+00:00,1977.6,84.35,349.2,13.68,380.1,20.9,604.5,0.0542,0.41,38.8,173.8,5.1
2025-06-24T15:53:00+00:00,2151.5,81.93,342.1,13.87,396.8,22.3,571.5,0.0549,0.37,38.8,173.8,5.3
2025-06-24T15:54:00+00:00,1927.9,83.00,351.1,14.04,371.3,23.6,568.9,0.0559,0.44,38.8,173.8,5.9
2025-06-24T15:55:00+00:00,1966.9,82.65,346.2,13.75,366.3,20.6,626.6,0.0546,0.46,38.8,173.8,6.4
2025-06-24T15:56:00+00:00,2032.9,82.86,342.2,13.84,378.8,20.2,612.5,0.0557,0.53,38.8,173.8,6.3
2025-06-24T15:57:00+00:00,1987.4,83.73,353.2,13.75,371.8,20.9,603.1,0.0546,0.44,38.8,173.8,5.3
2025-06-24T15:58:00+00:00,2077.0,79.89,345.3,13.76,389.9,22.8,598.4,0.0556,0.46,38.8,173.8,5.3
2025-06-24T15:59:00+00:00,2236.6,81.49,358.6,13.96,406.3,24.5,635.4,0.0573,0.58,38.8,173.8,7.3
2025-06-24T16:00:00+00:00,2044.5,83.16,326.0,13.80,357.9,23.0,577.4,0.0634,0.49,38.8,173.8,6.0
2025-06-24T16:01:00+00:00,2051.6,83.27,347.5,13.73,388.4,21.8,592.7,0.0614,0.55,38.8,173.8,4.1
2025-06-24T16:02:00+00:00,2141.7,83.30,337.5,13.98,377.8,21.9,601.8,0.0561,0.45,38.8,173.8,8.1
2025-06-24T16:03:00+00:00,1917.2,83.24,356.6,13.54,377.0,19.8,573.7,0.0585,0.45,38.8,173.8,5.1
2025-06-24T16:04:00+00:00,1922.8,80.14,367.7,13.77,371.7,22.5,565.8,0.0544,0.45,38.8,173.8,5.3
2025-06-24T16:05:00+00:00,1992.7,84.23,361.2,13.66,372.4,20.6,681.6,0.0545,0.44,38.8,173.8,7.3
2025-06-24T16:06:00+00:00,1960.1,83.06,354.2,13.72,384.6,19.1,643.6,0.0549,0.50,38.8,173.8,5.9
2025-06-24T16:07:00+00:00,1889.6,82.39,350.6,13.86,355.5,24.0,620.6,0.0547,0.49,38.8,173.8,5.4
2025-06-24T16:08:00+00:00,2074.4,83.70,341.6,13.92,393.5,23.1,640.1,0.0558,0.50,38.8,173.8,6.5
2025-06-24T16:09:00+00:00,1983.8,82.27,346.3,13.78,387.1,24.8,601.3,0.0574,0.54,38.8,173.8,4.7
2025-06-24T16:10:00+00:00,2030.0,84.09,333.1,14.00,381.8,21.7,616.3,0.0559,0.56,38.8,173.8,5.3
2025-06-24T16:11:00+00:00,1904.3,82.80,353.5,13.90,378.4,22.8,625.6,0.0561,0.34,38.8,173.8,4.3
2025-06-24T16:12:00+00:00,1871.2,81.69,354.5,13.63,376.5,22.5,635.6,0.0633,0.44,38.8,173.8,7.1
2025-06-24T16:13:00+00:00,942.5,80.07,356.8,13.91,349.7,23.5,562.8,0.0533,0.40,38.8,173.8,6.0
2025-06-24T16:14:00+00:00,1006.7,77.45,357.3,13.77,355.5,20.4,559.0,0.0489,0.39,38.8,173.8,7.0
2025-06-24T16:15:00+00:00,960.1,76.27,364.8,13.87,363.9,22.1,531.3,0.0488,0.41,38.8,173.8,5.8
2025-06-24T16:16:00+00:00,1014.4,78.50,356.7,13.87,361.0,21.9,526.8,0.0517,0.43,38.8,173.8,7.1
2025-06-24T16:17:00+00:00,860.4,75.19,358.6,13.80,353.1,22.2,549.6,0.0491,0.50,38.8,173.8,6.7
2025-06-24T16:18:00+00:00,939.9,78.88,360.9,13.50,350.7,20.1,602.3,0.0494,0.42,38.8,173.8,8.1
2025-06-24T16:19:00+00:00,943.2,81.30,354.1,13.86,332.0,19.1,567.6,0.0491,0.46,38.8,173.8,7.3
2025-06-24T16:20:00+00:00,944.5,77.44,350.6,13.76,348.7,19.7,599.0,0.0618,0.52,38.8,173.8,4.7
2025-06-24T16:21:00+00:00,969.3,80.53,343.0,13.94,342.7,22.9,543.1,0.0492,0.45,38.8,173.8,6.0
2025-06-24T16:22:00+00:00,944.7,79.92,354.2,14.18,366.8,22.7,503.6,0.0505,0.51,38.8,173.8,6.4
2025-06-24T16:23:00+00:00,863.6,78.63,352.2,14.11,355.6,23.5,575.0,0.0497,0.54,38.8,173.8,6.1
2025-06-25T06:00:00+00:00,1043.4,81.09,353.0,13.95,360.9,21.6,471.7,0.0495,0.45,284.1,59.1,6.5
2025-06-25T06:01:00+00:00,936.1,74.99,356.7,13.90,332.8,19.7,531.9,0.0500,0.56,284.1,59.1,5.2
2025-06-25T06:02:00+00:00,995.7,78.84,376.9,13.66,319.8,22.5,537.9,0.0542,0.47,284.1,59.1,6.9
2025-06-25T06:03:00+00:00,927.6,77.68,354.7,13.64,359.9,22.9,568.5,0.0516,0.50,284.1,59.1,5.6
2025-06-25T06:04:00+00:00,1090.6,79.89,361.2,13.80,352.7,19.5,627.6,0.0518,0.40,284.1,59.1,5.5
2025-06-25T06:05:00+00:00,910.7,79.68,346.2,13.65,341.0,24.4,555.8,0.0581,0.59,284.1,59.1,5.7
2025-06-25T06:06:00+00:00,883.4,78.26,362.3,13.74,346.5,19.0,559.4,0.0497,0.53,284.1,59.1,6.1
2025-06-25T06:07:00+00:00,875.2,80.57,352.6,14.08,346.2,22.6,587.4,0.0492,0.49,284.1,59.1,4.6
2025-06-25T06:08:00+00:00,1022.7,79.62,353.3,13.90,355.6,24.1,552.6,0.0592,0.45,284.1,59.1,5.1
2025-06-25T06:09:00+00:00,974.4,79.18,365.1,13.97,331.9,21.2,518.5,0.0491,0.43,284.1,59.1,6.2
2025-06-25T06:10:00+00:00,937.8,78.98,367.0,13.71,352.5,24.0,561.4,0.0499,0.48,284.1,59.1,5.5
2025-06-25T06:11:00+00:00,766.0,78.44,367.4,13.81,342.3,20.9,519.3,0.0527,0.44,284.1,59.1,4.6
2025-06-25T06:12:00+00:00,2057.6,83.23,340.3,13.86,364.9,22.2,630.7,0.0558,0.52,284.1,59.1,6.0
2025-06-25T06:13:00+00:00,2131.0,83.30,349.5,13.77,395.0,22.6,624.5,0.0552,0.42,284.1,59.1,6.6
2025-06-25T06:14:00+00:00,1917.6,81.25,351.0,13.91,375.4,23.0,595.5,0.0548,0.49,284.1,59.1,5.8
2025-06-25T06:15:00+00:00,1898.5,84.61,343.3,14.21,395.5,20.2,665.5,0.0633,0.55,284.1,59.1,6.1
2025-06-25T06:16:00+00:00,2144.8,84.89,352.1,14.21,408.4,19.5,563.4,0.0555,0.45,284.1,59.1,5.7
2025-06-25T06:17:00+00:00,1789.3,80.84,354.0,13.76,374.5,21.8,556.6,0.0582,0.50,284.1,59.1,7.1
2025-06-25T06:18:00+00:00,2003.9,82.35,351.7,13.80,379.4,25.5,560.7,0.0559,0.50,284.1,59.1,7.6
2025-06-25T06:19:00+00:00,1844.7,81.20,362.0,13.78,378.8,22.3,569.3,0.0603,0.50,284.1,59.1,5.8
2025-06-25T06:20:00+00:00,2290.7,79.85,345.8,14.05,391.5,21.8,624.6,0.0562,0.44,284.1,59.1,6.5
2025-06-25T06:21:00+00:00,2103.9,81.43,342.1,13.62,382.3,23.8,551.4,0.0592,0.55,284.1,59.1,5.8
2025-06-25T06:22:00+00:00,1886.1,79.53,358.0,13.56,370.2,23.4,601.2,0.0539,0.44,284.1,59.1,6.7
2025-06-25T06:23:00+00:00,2054.3,80.80,360.9,13.83,378.5,19.4,588.5,0.0572,0.43,284.1,59.1,7.3
2025-06-25T06:24:00+00:00,2115.3,82.62,354.6,13.75,406.2,20.9,626.0,0.0560,0.53,284.1,59.1,5.8
2025-06-25T06:25:00+00:00,2205.1,83.60,347.0,14.12,402.8,15.4,653.1,0.0568,0.56,284.1,59.1,5.7
2025-06-25T06:26:00+00:00,1904.6,82.30,366.8,14.06,375.2,22.7,616.5,0.0548,0.51,284.1,59.1,8.3
2025-06-25T06:27:00+00:00,2303.4,84.16,351.7,13.70,381.6,21.3,615.1,0.0563,0.38,284.1,59.1,5.3
2025-06-25T06:28:00+00:00,1939.1,82.05,345.1,13.85,386.0,22.4,554.3,0.0538,0.39,284.1,59.1,7.3
2025-06-25T06:29:00+00:00,2068.3,84.32,363.5,13.82,409.3,20.8,573.5,0.0553,0.47,284.1,59.1,5.6
2025-06-25T06:30:00+00:00,2150.3,82.91,344.7,13.77,386.4,20.4,652.8,0.0547,0.38,284.1,59.1,4.2
2025-06-25T06:31:00+00:00,2051.5,80.43,356.7,14.07,369.5,20.5,562.9,0.0617,0.49,284.1,59.1,6.7
2025-06-25T06:32:00+00:00,1858.8,81.70,349.6,13.84,372.3,22.9,595.6,0.0586,0.48,284.1,59.1,5.9
2025-06-25T06:33:00+00:00,2087.2,80.94,336.7,13.86,375.7,20.5,595.1,0.0547,0.40,284.1,59.1,6.1
2025-06-25T06:34:00+00:00,2181.5,83.57,341.0,13.64,394.9,20.7,639.1,0.0593,0.56,284.1,59.1,6.5
2025-06-25T06:35:00+00:00,1968.0,80.89,356.0,13.89,405.1,22.9,582.4,0.0556,0.55,284.1,59.1,6.6
2025-06-25T06:36:00+00:00,2099.9,81.99,362.4,13.62,370.3,25.4,578.3,0.0575,0.54,284.1,59.1,6.3
2025-06-25T06:37:00+00:00,2063.3,83.48,357.6,13.72,401.3,21.2,614.9,0.0551,0.44,284.1,59.1,4.6
2025-06-25T06:38:00+00:00,1858.4,82.38,360.5,13.70,368.7,22.4,650.9,0.0556,0.50,284.1,59.1,5.0
2025-06-25T06:39:00+00:00,2137.8,81.50,352.4,13.75,381.8,19.8,629.0,0.0563,0.55,284.1,59.1,5.1
2025-06-25T06:40:00+00:00,2086.2,80.13,345.1,13.88,412.3,19.6,597.7,0.0604,0.46,284.1,59.1,4.1
2025-06-25T06:41:00+00:00,2146.9,83.71,338.6,13.93,371.1,20.0,611.6,0.0624,0.50,284.1,59.1,5.4
2025-06-25T06:42:00+00:00,2153.1,84.20,364.0,13.92,384.1,23.1,565.3,0.0626,0.39,284.1,59.1,7.2
2025-06-25T06:43:00+00:00,2238.4,79.87,351.0,13.51,407.7,22.8,558.5,0.0617,0.60,284.1,59.1,6.2
2025-06-25T06:44:00+00:00,2092.5,81.95,350.4,13.71,398.5,20.8,590.0,0.0557,0.50,284.1,59.1,6.3
2025-06-25T06:45:00+00:00,1972.5,84.03,349.4,13.59,381.7,23.0,618.6,0.0560,0.51,284.1,59.1,4.7
2025-06-25T06:46:00+00:00,2019.6,82.10,356.4,13.86,371.3,22.8,693.4,0.0570,0.56,284.1,59.1,6.8
2025-06-25T06:47:00+00:00,2075.6,81.21,356.5,13.66,372.6,21.6,537.7,0.0560,0.56,284.1,59.1,5.4
2025-06-25T06:48:00+00:00,2086.3,84.03,340.4,13.77,376.8,20.4,579.1,0.0615,0.45,284.1,59.1,5.7
2025-06-25T06:49:00+00:00,2242.2,83.63,347.6,13.80,400.4,20.1,642.2,0.0562,0.48,284.1,59.1,6.3
2025-06-25T06:50:00+00:00,1985.1,81.72,344.5,14.08,401.4,23.1,641.0,0.0575,0.45,284.1,59.1,5.3
2025-06-25T06:51:00+00:00,2085.9,82.98,357.0,14.04,390.3,22.4,600.4,0.0554,0.47,284.1,59.1,5.5
2025-06-25T06:52:00+00:00,1738.6,79.55,355.7,13.39,365.4,22.5,631.6,0.0543,0.48,284.1,59.1,5.3
2025-06-25T06:53:00+00:00,2083.1,82.95,347.5,13.59,341.3,22.4,606.1,0.0563,0.56,284.1,59.1,6.0
2025-06-25T06:54:00+00:00,1964.4,82.18,352.9,13.79,392.6,22.2,562.9,0.0584,0.46,284.1,59.1,5.2
2025-06-25T06:55:00+00:00,1856.4,79.93,345.0,13.77,382.6,22.5,569.1,0.0544,0.48,284.1,59.1,3.9
2025-06-25T06:56:00+00:00,1970.8,81.19,344.8,13.84,369.4,21.4,659.1,0.0635,0.53,284.1,59.1,4.6
2025-06-25T06:57:00+00:00,1802.2,83.10,351.8,13.85,365.0,22.8,625.6,0.0547,0.43,284.1,59.1,5.0
2025-06-25T06:58:00+00:00,2122.7,81.68,359.3,13.87,387.1,22.4,611.1,0.0563,0.55,284.1,59.1,5.7
2025-06-25T06:59:00+00:00,1941.5,82.27,346.3,13.72,368.5,21.3,554.1,0.0573,0.49,284.1,59.1,8.7
2025-06-25T07:00:00+00:00,1994.7,82.64,353.7,13.68,373.4,23.0,623.5,0.0620,0.45,284.1,59.1,5.8
2025-06-25T07:01:00+00:00,2448.4,84.34,347.8,13.91,413.3,22.1,670.0,0.0575,0.47,284.1,59.1,4.5
2025-06-25T07:02:00+00:00,2053.2,83.47,346.9,14.09,383.6,21.5,589.0,0.0548,0.43,284.1,59.1,4.9
2025-06-25T07:03:00+00:00,2055.9,82.03,344.3,13.95,387.6,20.5,559.1,0.0548,0.43,284.1,59.1,6.8
2025-06-25T07:04:00+00:00,2131.6,80.49,355.2,13.98,387.1,21.6,553.1,0.0558,0.49,284.1,59.1,6.1
2025-06-25T07:05:00+00:00,1970.6,82.16,357.5,13.60,380.1,20.7,611.5,0.0547,0.40,284.1,59.1,6.0
2025-06-25T07:06:00+00:00,2069.1,83.78,354.1,13.78,385.1,20.7,600.9,0.0559,0.53,284.1,59.1,5.5
2025-06-25T07:07:00+00:00,2009.9,81.55,339.3,13.93,389.2,22.5,630.3,0.0665,0.51,284.1,59.1,5.0
2025-06-25T07:08:00+00:00,2286.2,83.25,339.4,13.92,404.8,23.3,595.6,0.0562,0.45,284.1,59.1,4.1
2025-06-25T07:09:00+00:00,1931.0,82.94,351.7,13.96,382.7,20.2,605.8,0.0550,0.53,284.1,59.1,6.2
2025-06-25T07:10:00+00:00,2505.7,84.89,334.5,13.85,424.6,20.5,590.8,0.0643,0.49,284.1,59.1,8.2
2025-06-25T07:11:00+00:00,2564.9,83.85,347.0,13.63,399.2,25.7,627.6,0.0604,0.50,284.1,59.1,6.2
2025-06-25T07:12:00+00:00,2129.9,81.92,347.4,13.85,393.1,20.0,562.6,0.0589,0.51,284.1,59.1,5.3
2025-06-25T07:13:00+00:00,2167.7,81.36,348.4,13.75,379.8,22.3,583.6,0.0625,0.49,284.1,59.1,5.5
2025-06-25T07:14:00+00:00,1852.5,78.48,354.7,13.89,363.9,21.3,616.0,0.0537,0.44,284.1,59.1,5.3
2025-06-25T07:15:00+00:00,2426.4,82.17,358.2,13.70,422.1,21.3,693.1,0.0607,0.52,284.1,59.1,5.7
2025-06-25T07:16:00+00:00,2005.3,83.41,343.5,14.11,370.3,22.1,541.3,0.0557,0.54,284.1,59.1,6.3
2025-06-25T07:17:00+00:00,2032.0,82.44,342.8,13.67,366.7,23.0,613.6,0.0593,0.51,284.1,59.1,6.9
2025-06-25T07:18:00+00:00,2469.9,84.29,341.6,13.96,393.5,19.2,593.9,0.0571,0.44,284.1,59.1,5.8
2025-06-25T07:19:00+00:00,1947.4,82.64,345.3,13.88,390.5,21.1,579.1,0.0603,0.42,284.1,59.1,5.4
2025-06-25T07:20:00+00:00,2088.0,83.48,341.9,13.60,385.5,21.4,572.5,0.0557,0.50,284.1,59.1,7.1
2025-06-25T07:21:00+00:00,1850.3,81.75,355.4,13.84,360.6,22.5,584.0,0.0534,0.42,284.1,59.1,5.6
2025-06-25T07:22:00+00:00,2046.2,82.83,356.7,13.72,375.5,22.4,572.2,0.0560,0.55,284.1,59.1,5.1
2025-06-25T07:23:00+00:00,1929.6,81.25,356.3,13.67,399.3,23.7,606.5,0.0575,0.45,284.1,59.1,5.2
2025-06-25T07:24:00+00:00,2024.4,82.11,349.6,13.70,384.5,24.1,537.5,0.0550,0.48,284.1,59.1,5.4
2025-06-25T07:25:00+00:00,1943.5,82.00,358.8,13.45,400.2,21.2,613.7,0.0606,0.42,284.1,59.1,7.3
2025-06-25T07:26:00+00:00,1911.3,79.93,350.0,13.93,405.5,21.5,579.3,0.0626,0.42,284.1,59.1,7.3
2025-06-25T07:27:00+00:00,1911.2,80.23,360.2,14.02,370.5,20.4,578.2,0.0556,0.48,284.1,59.1,5.8
2025-06-25T07:28:00+00:00,1951.4,80.99,353.2,13.71,372.6,19.9,591.1,0.0535,0.37,284.1,59.1,7.6
2025-06-25T07:29:00+00:00,1812.9,78.60,352.5,13.70,372.2,22.7,622.3,0.0563,0.53,284.1,59.1,4.4
2025-06-25T07:30:00+00:00,1920.4,80.32,352.7,13.76,374.6,22.5,563.9,0.0604,0.49,284.1,59.1,4.7
2025-06-25T07:31:00+00:00,1975.2,83.80,336.4,13.57,375.3,26.4,596.9,0.0640,0.42,284.1,59.1,4.8
2025-06-25T07:32:00+00:00,2103.6,84.78,350.4,13.76,408.5,22.0,589.4,0.0548,0.41,284.1,59.1,6.6
2025-06-25T07:33:00+00:00,2097.3,84.14,343.2,13.65,368.9,20.2,568.7,0.0557,0.51,284.1,59.1,6.8
2025-06-25T07:34:00+00:00,2115.4,86.57,348.5,13.72,375.8,18.8,583.1,0.0557,0.48,284.1,59.1,4.3
2025-06-25T07:35:00+00:00,2116.2,81.02,341.3,13.80,388.9,23.1,590.4,0.0556,0.47,284.1,59.1,6.0
2025-06-25T07:36:00+00:00,1956.2,84.17,343.1,13.64,368.8,21.2,626.8,0.0605,0.43,284.1,59.1,7.2
2025-06-25T07:37:00+00:00,2005.1,81.92,353.7,14.12,384.4,20.5,592.8,0.0602,0.40,284.1,59.1,6.4
2025-06-25T07:38:00+00:00,2131.7,82.02,343.2,13.49,388.9,21.5,649.2,0.0559,0.50,284.1,59.1,5.4
2025-06-25T07:39:00+00:00,1824.6,78.73,355.2,13.87,380.8,23.1,601.9,0.0558,0.53,284.1,59.1,4.3
2025-06-25T07:40:00+00:00,2206.9,84.14,345.8,13.69,365.2,23.7,632.8,0.0562,0.47,284.1,59.1,4.9
2025-06-25T07:41:00+00:00,2158.9,83.18,336.3,13.90,380.5,24.0,633.2,0.0566,0.53,284.1,59.1,5.5
2025-06-25T07:42:00+00:00,1894.0,81.57,359.1,14.03,388.7,25.3,589.2,0.0581,0.50,284.1,59.1,5.2
2025-06-25T07:43:00+00:00,1906.5,79.43,361.7,13.89,373.7,18.6,611.9,0.0543,0.47,284.1,59.1,6.5
2025-06-25T07:44:00+00:00,1915.4,81.00,345.2,13.94,381.9,21.5,599.2,0.0548,0.50,284.1,59.1,4.6
2025-06-25T07:45:00+00:00,2116.8,80.53,356.4,13.90,383.0,22.7,610.9,0.0578,0.45,284.1,59.1,6.8
2025-06-25T07:46:00+00:00,1927.0,80.06,345.7,13.77,392.2,20.4,618.0,0.0607,0.47,284.1,59.1,7.2
2025-06-25T07:47:00+00:00,2039.0,83.43,336.0,13.80,371.4,21.5,610.6,0.0588,0.49,284.1,59.1,5.4
2025-06-25T07:48:00+00:00,2049.0,81.98,357.9,13.64,384.7,20.8,567.0,0.0554,0.50,284.1,59.1,5.0
2025-06-25T07:49:00+00:00,1872.4,83.09,356.0,14.03,375.8,22.7,637.8,0.0613,0.54,284.1,59.1,5.4
2025-06-25T07:50:00+00:00,2260.0,82.74,334.3,14.03,389.7,23.2,578.7,0.0622,0.52,284.1,59.1,7.4
2025-06-25T07:51:00+00:00,1996.7,80.57,355.4,14.03,369.4,20.2,612.3,0.0555,0.53,284.1,59.1,5.4
2025-06-25T07:52:00+00:00,2100.7,84.71,346.7,13.76,381.2,22.0,607.4,0.0587,0.62,284.1,59.1,5.9
2025-06-25T07:53:00+00:00,1850.4,83.01,347.3,13.73,369.2,20.0,592.0,0.0574,0.56,284.1,59.1,4.0
2025-06-25T07:54:00+00:00,2315.2,80.14,349.9,13.81,401.6,23.2,632.3,0.0569,0.52,284.1,59.1,4.9
2025-06-25T07:55:00+00:00,2135.2,80.33,345.0,13.98,373.6,21.1,563.8,0.0669,0.55,284.1,59.1,6.6
2025-06-25T07:56:00+00:00,1961.6,83.82,346.3,13.95,372.0,21.7,559.9,0.0554,0.52,284.1,59.1,6.7
2025-06-25T07:57:00+00:00,1963.7,84.02,348.9,13.63,381.2,23.5,623.1,0.0552,0.52,284.1,59.1,7.9
2025-06-25T07:58:00+00:00,2075.7,80.79,353.7,13.76,380.2,23.8,568.9,0.0594,0.58,284.1,59.1,4.6
2025-06-25T07:59:00+00:00,1826.3,79.77,350.0,14.00,417.9,25.4,577.6,0.0544,0.50,284.1,59.1,5.9
2025-06-25T08:00:00+00:00,1854.5,81.50,341.6,13.84,384.6,23.0,556.7,0.0559,0.48,284.1,59.1,6.9
2025-06-25T08:01:00+00:00,1980.9,82.10,349.0,13.95,376.4,19.1,537.6,0.0548,0.48,284.1,59.1,3.2
2025-06-25T08:02:00+00:00,2034.8,80.31,348.3,13.69,396.0,21.1,587.0,0.0560,0.44,284.1,59.1,7.1
2025-06-25T08:03:00+00:00,2185.8,86.76,341.2,13.92,366.4,21.1,628.8,0.0570,0.51,284.1,59.1,5.7
2025-06-25T08:04:00+00:00,2156.2,81.98,345.8,13.80,395.0,21.7,664.5,0.0603,0.47,284.1,59.1,5.3
2025-06-25T08:05:00+00:00,2154.8,82.74,342.4,13.90,375.3,19.5,591.4,0.0569,0.49,284.1,59.1,5.9
2025-06-25T08:06:00+00:00,2049.1,78.15,341.9,13.91,414.2,21.7,614.7,0.0558,0.53,284.1,59.1,6.4
2025-06-25T08:07:00+00:00,2141.5,79.92,354.3,14.02,379.1,22.6,628.6,0.0595,0.55,284.1,59.1,4.3
2025-06-25T08:08:00+00:00,1957.4,82.69,347.5,13.83,361.8,19.5,560.3,0.0585,0.47,284.1,59.1,5.8
2025-06-25T08:09:00+00:00,1973.9,79.97,356.1,14.05,364.6,18.9,655.1,0.0555,0.53,284.1,59.1,6.0
2025-06-25T08:10:00+00:00,944.6,80.68,357.9,13.83,337.6,20.5,562.3,0.0493,0.41,284.1,59.1,5.5
2025-06-25T08:11:00+00:00,1021.8,79.03,358.8,13.76,380.3,20.9,590.7,0.0508,0.57,284.1,59.1,4.9
2025-06-25T08:12:00+00:00,899.9,77.11,349.1,13.93,327.5,18.3,525.7,0.0505,0.53,284.1,59.1,6.6
2025-06-25T08:13:00+00:00,853.2,79.10,356.8,13.87,337.9,21.2,561.3,0.0489,0.48,284.1,59.1,7.1
2025-06-25T08:14:00+00:00,1013.8,79.21,364.4,13.74,355.3,21.9,557.8,0.0498,0.49,284.1,59.1,5.5
2025-06-25T08:15:00+00:00,916.2,80.86,362.5,13.76,335.8,19.8,482.7,0.0500,0.52,284.1,59.1,6.8
2025-06-25T08:16:00+00:00,1044.3,78.83,360.3,14.06,353.9,20.8,554.6,0.0533,0.54,284.1,59.1,5.8
2025-06-25T08:17:00+00:00,979.1,77.29,349.7,13.74,365.0,24.7,622.6,0.0512,0.56,284.1,59.1,4.8
2025-06-25T08:18:00+00:00,904.6,79.77,347.9,13.99,350.0,21.7,574.2,0.0494,0.51,284.1,59.1,4.6
2025-06-25T08:19:00+00:00,959.7,78.53,364.3,13.96,367.4,23.0,553.0,0.0520,0.51,284.1,59.1,7.3
2025-06-25T08:20:00+00:00,1093.1,79.40,366.0,13.66,372.9,24.9,546.9,0.0508,0.51,284.1,59.1,5.4
2025-06-25T14:00:00+00:00,1054.0,79.48,359.9,13.58,360.7,21.8,623.5,0.0559,0.58,284.1,59.1,5.3
2025-06-25T14:01:00+00:00,1017.0,78.49,366.5,13.91,367.0,24.8,574.0,0.0587,0.52,284.1,59.1,5.1
2025-06-25T14:02:00+00:00,1013.9,81.10,357.7,13.86,369.2,21.3,556.3,0.0500,0.49,284.1,59.1,4.9
2025-06-25T14:03:00+00:00,910.8,78.84,343.8,13.86,345.1,22.2,598.2,0.0493,0.49,284.1,59.1,7.0
2025-06-25T14:04:00+00:00,1012.9,77.63,347.5,13.88,357.8,24.1,564.4,0.0515,0.53,284.1,59.1,6.7
2025-06-25T14:05:00+00:00,941.2,80.02,355.5,13.49,347.9,22.9,522.3,0.0483,0.38,284.1,59.1,7.2
2025-06-25T14:06:00+00:00,1219.8,79.38,362.8,13.94,362.5,25.6,591.7,0.0549,0.44,284.1,59.1,6.0
2025-06-25T14:07:00+00:00,1190.6,80.16,352.4,13.84,345.9,22.2,554.8,0.0516,0.52,284.1,59.1,6.1
2025-06-25T14:08:00+00:00,981.8,79.76,367.4,13.59,375.7,22.0,526.3,0.0546,0.54,284.1,59.1,5.5
2025-06-25T14:09:00+00:00,994.2,78.36,366.2,13.99,359.1,20.7,619.0,0.0510,0.52,284.1,59.1,4.4
2025-06-25T14:10:00+00:00,1976.9,82.68,352.7,13.78,391.0,23.5,625.5,0.0550,0.49,284.1,59.1,4.9
2025-06-25T14:11:00+00:00,2027.6,83.32,358.4,14.02,387.4,22.5,563.3,0.0544,0.42,284.1,59.1,6.0
2025-06-25T14:12:00+00:00,2065.9,82.51,352.2,13.51,381.9,22.4,607.6,0.0684,0.49,284.1,59.1,5.4
2025-06-25T14:13:00+00:00,2096.0,83.92,359.3,13.76,392.6,22.0,550.9,0.0599,0.55,284.1,59.1,5.2
2025-06-25T14:14:00+00:00,2039.2,83.80,362.4,14.12,393.6,21.8,571.2,0.0552,0.48,284.1,59.1,6.0
2025-06-25T14:15:00+00:00,2000.2,82.07,342.5,13.80,384.9,21.7,549.8,0.0549,0.47,284.1,59.1,4.0
2025-06-25T14:16:00+00:00,2132.0,82.04,337.2,13.90,390.4,20.9,605.6,0.0581,0.49,284.1,59.1,6.8
2025-06-25T14:17:00+00:00,1782.6,81.47,353.5,13.96,383.8,20.1,604.9,0.0539,0.49,284.1,59.1,3.6
2025-06-25T14:18:00+00:00,1957.2,81.02,368.2,13.58,358.9,22.2,621.2,0.0553,0.52,284.1,59.1,4.3
2025-06-25T14:19:00+00:00,2017.9,80.49,356.2,13.66,366.9,21.8,598.1,0.0543,0.40,284.1,59.1,4.0
2025-06-25T14:20:00+00:00,2177.8,81.75,361.2,13.89,397.6,19.7,573.8,0.0560,0.49,284.1,59.1,6.6
2025-06-25T14:21:00+00:00,2094.9,83.12,345.7,13.75,382.7,23.7,630.2,0.0554,0.47,284.1,59.1,5.2
2025-06-25T14:22:00+00:00,2014.0,82.89,354.9,13.87,363.6,19.4,589.5,0.0586,0.52,284.1,59.1,5.0
2025-06-25T14:23:00+00:00,2021.2,84.27,341.9,13.77,414.2,22.4,590.5,0.0599,0.54,284.1,59.1,5.1
2025-06-25T14:24:00+00:00,2055.9,80.63,343.9,13.71,390.5,20.6,617.8,0.0594,0.51,284.1,59.1,5.6
2025-06-25T14:25:00+00:00,2010.7,80.38,352.5,13.70,373.0,22.2,583.1,0.0624,0.46,284.1,59.1,5.3
2025-06-25T14:26:00+00:00,2241.3,82.46,342.4,13.58,377.2,22.5,576.5,0.0558,0.44,284.1,59.1,6.5
2025-06-25T14:27:00+00:00,1956.5,82.03,353.6,13.99,363.8,19.1,602.1,0.0551,0.52,284.1,59.1,6.2
2025-06-25T14:28:00+00:00,1881.4,82.51,355.2,13.71,375.9,22.8,614.2,0.0561,0.50,284.1,59.1,5.3
2025-06-25T14:29:00+00:00,1870.7,78.32,351.6,13.59,366.2,23.6,615.1,0.0598,0.50,284.1,59.1,6.4
2025-06-25T14:30:00+00:00,1988.0,81.41,339.7,13.81,391.3,17.6,621.8,0.0560,0.58,284.1,59.1,4.6
2025-06-25T14:31:00+00:00,1894.1,79.13,355.7,13.85,359.6,21.4,655.4,0.0541,0.45,284.1,59.1,5.6
2025-06-25T14:32:00+00:00,2095.6,81.57,355.6,13.98,387.7,22.5,616.7,0.0565,0.56,284.1,59.1,5.1
2025-06-25T14:33:00+00:00,1961.9,83.57,355.2,13.74,376.9,22.1,611.4,0.0554,0.54,284.1,59.1,4.7
2025-06-25T14:34:00+00:00,1955.7,83.99,344.7,13.78,408.4,20.4,632.2,0.0580,0.53,284.1,59.1,6.5
2025-06-25T14:35:00+00:00,2143.4,80.02,336.0,13.45,385.2,19.8,615.8,0.0562,0.52,284.1,59.1,6.2
2025-06-25T14:36:00+00:00,2094.5,83.66,353.1,13.69,403.7,23.3,625.9,0.0554,0.47,284.1,59.1,5.7
2025-06-25T14:37:00+00:00,2032.4,83.54,369.4,13.47,370.8,23.8,548.0,0.0546,0.42,284.1,59.1,6.2
2025-06-25T14:38:00+00:00,2016.7,80.79,337.7,13.95,373.8,23.0,604.4,0.0573,0.53,284.1,59.1,5.7
2025-06-25T14:39:00+00:00,2104.0,82.42,357.1,13.89,357.6,21.4,558.6,0.0556,0.47,284.1,59.1,6.7
2025-06-25T14:40:00+00:00,1966.5,80.86,342.5,14.11,392.6,21.1,603.6,0.0642,0.58,284.1,59.1,3.0
2025-06-25T14:41:00+00:00,2034.0,81.47,354.4,13.53,356.0,20.7,606.0,0.0542,0.38,284.1,59.1,4.8
2025-06-25T14:42:00+00:00,1982.7,83.73,341.0,13.85,382.2,18.6,614.7,0.0671,0.46,284.1,59.1,5.1
2025-06-25T14:43:00+00:00,2021.3,84.70,363.4,13.61,383.5,22.9,676.3,0.0546,0.43,284.1,59.1,6.4
2025-06-25T14:44:00+00:00,2029.4,81.07,340.6,14.08,385.7,21.4,589.4,0.0555,0.52,284.1,59.1,4.7
2025-06-25T14:45:00+00:00,2172.6,84.96,343.3,13.78,391.1,24.1,640.8,0.0557,0.45,284.1,59.1,5.2
2025-06-25T14:46:00+00:00,2147.0,81.00,348.6,13.84,388.7,22.6,665.7,0.0552,0.44,284.1,59.1,5.0
2025-06-25T14:47:00+00:00,2053.9,81.76,354.6,13.70,381.2,23.6,637.0,0.0577,0.46,284.1,59.1,6.1
2025-06-25T14:48:00+00:00,2010.2,84.10,354.5,13.77,372.6,20.1,564.7,0.0556,0.52,284.1,59.1,5.7
2025-06-25T14:49:00+00:00,1753.3,80.91,344.4,13.71,373.4,19.9,556.5,0.0536,0.48,284.1,59.1,6.6
2025-06-25T14:50:00+00:00,1994.1,80.51,345.1,13.76,376.1,23.5,566.6,0.0593,0.46,284.1,59.1,5.8
2025-06-25T14:51:00+00:00,2481.8,81.91,330.7,13.73,411.7,21.8,616.2,0.0577,0.50,284.1,59.1,6.4
2025-06-25T14:52:00+00:00,2089.3,79.14,357.0,14.02,371.5,20.8,658.5,0.0612,0.43,284.1,59.1,6.3
2025-06-25T14:53:00+00:00,2448.1,86.72,346.9,13.37,415.7,23.8,615.8,0.0575,0.48,284.1,59.1,4.5
2025-06-25T14:54:00+00:00,1939.8,81.82,352.5,13.87,372.9,20.9,620.8,0.0552,0.52,284.1,59.1,5.0
2025-06-25T14:55:00+00:00,2529.8,83.91,348.0,13.58,412.2,21.8,668.9,0.0580,0.45,284.1,59.1,6.9
2025-06-25T14:56:00+00:00,2417.8,86.16,331.9,13.55,356.3,21.4,639.0,0.0667,0.51,284.1,59.1,5.8
2025-06-25T14:57:00+00:00,2025.3,82.09,337.1,13.76,381.7,23.8,590.5,0.0634,0.46,284.1,59.1,6.0
2025-06-25T14:58:00+00:00,2043.0,84.04,341.4,14.02,359.6,24.6,618.6,0.0549,0.45,284.1,59.1,4.8
2025-06-25T14:59:00+00:00,1938.7,82.26,357.8,13.47,394.7,19.8,606.9,0.0549,0.51,284.1,59.1,7.0
2025-06-25T15:00:00+00:00,2127.9,80.22,352.9,13.95,381.7,26.4,639.0,0.0569,0.43,284.1,59.1,6.9
2025-06-25T15:01:00+00:00,2170.6,82.37,357.2,13.87,370.2,23.8,602.0,0.0617,0.54,284.1,59.1,4.5
2025-06-25T15:02:00+00:00,2305.2,85.45,335.5,13.82,381.4,20.1,667.8,0.0567,0.48,284.1,59.1,8.1
2025-06-25T15:03:00+00:00,2444.0,83.76,338.9,13.66,361.4,23.3,593.1,0.0636,0.39,284.1,59.1,6.8
2025-06-25T15:04:00+00:00,2029.7,82.02,346.4,14.04,373.0,23.5,587.5,0.0551,0.47,284.1,59.1,6.6
2025-06-25T15:05:00+00:00,1985.9,81.76,342.8,13.48,384.9,22.3,608.7,0.0565,0.45,284.1,59.1,5.3
2025-06-25T15:06:00+00:00,1908.2,78.10,343.3,13.71,372.6,21.8,592.3,0.0554,0.49,284.1,59.1,5.2
2025-06-25T15:07:00+00:00,2004.5,81.84,371.6,13.80,399.7,20.9,580.8,0.0546,0.42,284.1,59.1,6.2
2025-06-25T15:08:00+00:00,2038.1,84.04,356.5,14.03,364.4,24.1,617.7,0.0558,0.55,284.1,59.1,6.9
2025-06-25T15:09:00+00:00,2062.3,81.91,344.6,13.86,379.8,20.0,523.1,0.0594,0.46,284.1,59.1,5.6
2025-06-25T15:10:00+00:00,1872.0,84.07,353.6,13.46,357.8,24.6,577.7,0.0545,0.51,284.1,59.1,7.2
2025-06-25T15:11:00+00:00,2132.5,82.68,360.5,13.73,379.5,21.0,555.6,0.0550,0.40,284.1,59.1,4.2
2025-06-25T15:12:00+00:00,1845.9,84.68,355.9,13.86,372.0,26.9,657.2,0.0552,0.57,284.1,59.1,6.4
2025-06-25T15:13:00+00:00,2538.4,82.53,348.7,13.74,411.0,20.0,583.5,0.0619,0.57,284.1,59.1,5.4
2025-06-25T15:14:00+00:00,1851.0,79.03,339.9,13.61,371.7,21.6,593.8,0.0541,0.48,284.1,59.1,3.7
2025-06-25T15:15:00+00:00,2114.3,81.47,360.4,13.65,385.5,19.7,617.1,0.0551,0.45,284.1,59.1,6.3
2025-06-25T15:16:00+00:00,2056.3,82.73,353.5,13.81,379.5,22.3,593.3,0.0549,0.43,284.1,59.1,6.5
2025-06-25T15:17:00+00:00,2039.8,82.25,352.4,13.96,369.8,20.5,622.3,0.0554,0.51,284.1,59.1,7.4
2025-06-25T15:18:00+00:00,1905.8,79.05,350.1,13.93,375.8,23.2,613.6,0.0555,0.57,284.1,59.1,6.6
2025-06-25T15:19:00+00:00,1941.1,81.37,346.9,13.65,385.8,22.3,600.3,0.0589,0.47,284.1,59.1,6.5
2025-06-25T15:20:00+00:00,2067.0,82.96,345.7,13.56,392.5,18.9,606.0,0.0545,0.40,284.1,59.1,6.1
2025-06-25T15:21:00+00:00,2235.5,84.63,363.5,13.63,399.9,22.7,616.9,0.0627,0.44,284.1,59.1,6.7
2025-06-25T15:22:00+00:00,2194.0,81.91,348.8,13.71,403.0,21.8,653.2,0.0561,0.49,284.1,59.1,5.4
2025-06-25T15:23:00+00:00,1846.4,79.82,356.1,13.91,388.6,20.5,562.2,0.0544,0.49,284.1,59.1,7.0
2025-06-25T15:24:00+00:00,2140.1,83.21,344.0,13.92,391.5,20.9,646.8,0.0588,0.42,284.1,59.1,6.9
2025-06-25T15:25:00+00:00,2034.0,83.20,358.3,13.66,375.5,24.5,598.8,0.0547,0.42,284.1,59.1,5.7
2025-06-25T15:26:00+00:00,2077.0,80.05,348.3,13.58,361.0,21.6,582.5,0.0567,0.60,284.1,59.1,4.7
2025-06-25T15:27:00+00:00,2108.0,80.71,346.9,13.75,390.9,21.9,625.4,0.0578,0.46,284.1,59.1,5.1
2025-06-25T15:28:00+00:00,1991.6,79.16,340.8,14.03,367.3,20.9,659.7,0.0555,0.53,284.1,59.1,6.4
2025-06-25T15:29:00+00:00,1996.8,80.57,357.9,13.92,379.7,24.6,629.7,0.0548,0.45,284.1,59.1,3.9
2025-06-25T15:30:00+00:00,2000.7,81.78,357.1,13.77,388.0,23.4,649.0,0.0588,0.47,284.1,59.1,4.9
2025-06-25T15:31:00+00:00,1803.6,83.80,348.0,13.65,361.7,24.1,603.4,0.0541,0.49,284.1,59.1,7.2
2025-06-25T15:32:00+00:00,1839.1,80.94,345.9,13.93,379.5,21.3,488.3,0.0539,0.46,284.1,59.1,6.4
2025-06-25T15:33:00+00:00,2118.6,85.14,339.6,13.97,388.1,21.6,596.7,0.0589,0.51,284.1,59.1,6.4
2025-06-25T15:34:00+00:00,2143.9,81.13,347.7,13.81,375.6,19.9,572.8,0.0613,0.43,284.1,59.1,5.8
2025-06-25T15:35:00+00:00,2016.9,84.14,349.5,13.70,378.4,25.2,630.7,0.0554,0.52,284.1,59.1,5.8
2025-06-25T15:36:00+00:00,1888.1,81.22,335.6,13.74,382.3,22.5,592.4,0.0605,0.54,284.1,59.1,6.8
2025-06-25T15:37:00+00:00,1941.2,80.18,350.8,13.94,388.6,20.9,602.4,0.0596,0.53,284.1,59.1,5.8
2025-06-25T15:38:00+00:00,2064.0,84.65,342.7,13.61,391.4,24.1,615.1,0.0556,0.51,284.1,59.1,6.6
2025-06-25T15:39:00+00:00,2177.5,80.46,351.1,13.74,376.6,23.8,655.9,0.0562,0.51,284.1,59.1,6.8
2025-06-25T15:40:00+00:00,1991.1,83.99,360.6,13.87,384.1,22.1,598.3,0.0621,0.50,284.1,59.1,4.1
2025-06-25T15:41:00+00:00,1920.7,82.63,364.6,13.65,387.2,24.0,629.7,0.0579,0.51,284.1,59.1,4.4
2025-06-25T15:42:00+00:00,1973.0,82.47,346.0,13.49,373.8,22.5,622.5,0.0558,0.41,284.1,59.1,5.5
2025-06-25T15:43:00+00:00,2045.4,81.29,360.8,13.83,397.1,21.3,561.0,0.0612,0.47,284.1,59.1,5.8
2025-06-25T15:44:00+00:00,2026.0,79.84,352.4,13.86,381.4,21.4,606.9,0.0635,0.52,284.1,59.1,6.8
2025-06-25T15:45:00+00:00,1930.4,79.64,343.6,13.70,385.8,21.7,567.9,0.0548,0.50,284.1,59.1,4.7
2025-06-25T15:46:00+00:00,1957.6,79.63,344.0,13.84,391.0,20.8,624.0,0.0547,0.48,284.1,59.1,5.2
2025-06-25T15:47:00+00:00,1996.6,82.81,341.9,14.08,369.5,22.9,661.4,0.0569,0.48,284.1,59.1,4.3
2025-06-25T15:48:00+00:00,1812.2,81.65,333.9,14.17,373.4,22.1,611.9,0.0541,0.48,284.1,59.1,6.2
2025-06-25T15:49:00+00:00,1945.8,80.76,338.5,13.92,397.8,22.6,600.1,0.0599,0.48,284.1,59.1,5.2
2025-06-25T15:50:00+00:00,1936.3,80.78,356.0,13.88,397.7,23.0,559.1,0.0594,0.47,284.1,59.1,4.0
2025-06-25T15:51:00+00:00,2101.6,80.80,343.5,13.90,390.7,23.2,622.9,0.0572,0.54,284.1,59.1,7.4
2025-06-25T15:52:00+00:00,1952.2,80.44,345.9,13.94,379.0,22.0,623.9,0.0547,0.47,284.1,59.1,5.9
2025-06-25T15:53:00+00:00,900.0,79.96,366.4,14.09,362.6,21.0,522.1,0.0568,0.53,284.1,59.1,6.5
2025-06-25T15:54:00+00:00,948.9,78.11,360.3,13.95,366.9,21.6,544.1,0.0498,0.54,284.1,59.1,7.3
2025-06-25T15:55:00+00:00,1088.1,80.96,360.8,13.81,340.2,22.0,603.0,0.0497,0.38,284.1,59.1,5.3
2025-06-25T15:56:00+00:00,913.0,76.96,357.1,13.85,331.9,21.5,472.3,0.0493,0.49,284.1,59.1,5.1
2025-06-25T15:57:00+00:00,907.3,79.58,341.4,13.59,325.7,22.5,552.0,0.0502,0.58,284.1,59.1,4.9
2025-06-25T15:58:00+00:00,968.8,77.06,340.1,13.78,347.2,23.1,533.2,0.0503,0.56,284.1,59.1,7.4
2025-06-25T15:59:00+00:00,1057.2,77.81,357.7,14.09,339.9,24.5,583.1,0.0497,0.47,284.1,59.1,6.6
2025-06-25T16:00:00+00:00,1074.6,78.01,354.5,13.55,349.7,18.8,579.2,0.0585,0.45,284.1,59.1,7.2
2025-06-25T16:01:00+00:00,1009.7,78.43,376.6,13.86,344.6,25.7,512.5,0.0488,0.39,284.1,59.1,5.1
2025-06-26T06:00:00+00:00,929.6,78.85,350.7,13.84,347.1,23.7,559.4,0.0516,0.50,271.0,226.0,4.0
2025-06-26T06:01:00+00:00,1059.5,82.48,367.2,13.96,355.6,21.3,596.3,0.0507,0.55,271.0,226.0,4.2
2025-06-26T06:02:00+00:00,1128.7,79.05,342.7,13.56,326.0,22.0,532.8,0.0508,0.52,271.0,226.0,4.1
2025-06-26T06:03:00+00:00,1027.5,81.33,353.5,13.58,378.3,22.5,579.1,0.0562,0.50,271.0,226.0,5.4
2025-06-26T06:04:00+00:00,1003.1,79.80,350.3,14.05,357.3,22.4,544.0,0.0537,0.52,271.0,226.0,4.5
2025-06-26T06:05:00+00:00,935.1,76.81,361.4,13.49,328.4,21.9,538.4,0.0501,0.55,271.0,226.0,3.1
2025-06-26T06:06:00+00:00,892.3,78.20,365.9,13.81,338.6,23.3,563.6,0.0494,0.52,271.0,226.0,4.7
2025-06-26T06:07:00+00:00,865.0,80.55,359.9,13.75,342.6,21.5,539.1,0.0497,0.55,271.0,226.0,4.3
2025-06-26T06:08:00+00:00,1014.0,80.50,361.6,14.00,370.8,22.0,526.9,0.0507,0.57,271.0,226.0,5.3
2025-06-26T06:09:00+00:00,1044.7,79.58,351.6,13.70,334.9,23.7,565.1,0.0563,0.55,271.0,226.0,4.8
2025-06-26T06:10:00+00:00,901.4,77.72,352.4,13.94,338.1,23.0,559.4,0.0489,0.45,271.0,226.0,5.2
2025-06-26T06:11:00+00:00,920.3,77.59,358.1,13.56,350.7,21.8,524.1,0.0490,0.45,271.0,226.0,3.4
2025-06-26T06:12:00+00:00,1053.3,80.70,336.9,13.74,340.1,25.0,566.0,0.0515,0.50,271.0,226.0,4.2
2025-06-26T06:13:00+00:00,938.1,78.21,361.1,13.64,347.8,21.2,555.3,0.0593,0.58,271.0,226.0,3.7
2025-06-26T06:14:00+00:00,1950.7,83.29,346.9,13.61,378.2,21.1,635.1,0.0560,0.57,271.0,226.0,4.9
2025-06-26T06:15:00+00:00,2017.2,82.56,350.4,13.94,398.5,21.6,581.9,0.0624,0.61,271.0,226.0,3.6
2025-06-26T06:16:00+00:00,1961.5,82.01,350.1,13.93,408.5,23.6,591.8,0.0552,0.52,271.0,226.0,3.9
2025-06-26T06:17:00+00:00,1905.9,79.36,365.3,13.79,386.4,22.3,642.7,0.0546,0.47,271.0,226.0,2.9
2025-06-26T06:18:00+00:00,2029.5,85.62,358.5,13.69,395.6,22.7,623.8,0.0563,0.59,271.0,226.0,4.0
2025-06-26T06:19:00+00:00,2015.0,83.64,357.4,13.69,362.7,21.8,555.7,0.0628,0.52,271.0,226.0,4.9
2025-06-26T06:20:00+00:00,1946.8,81.33,338.5,13.71,385.6,21.4,642.1,0.0570,0.49,271.0,226.0,4.2
2025-06-26T06:21:00+00:00,1964.9,81.59,339.1,13.96,363.1,24.2,645.1,0.0554,0.44,271.0,226.0,4.3
2025-06-26T06:22:00+00:00,1986.0,79.81,339.2,13.94,390.7,23.7,585.1,0.0553,0.52,271.0,226.0,3.9
2025-06-26T06:23:00+00:00,1922.6,80.50,362.0,13.57,378.9,19.1,622.8,0.0564,0.52,271.0,226.0,4.5
2025-06-26T06:24:00+00:00,2207.5,81.27,334.3,13.81,373.3,23.7,643.7,0.0566,0.53,271.0,226.0,4.6
2025-06-26T06:25:00+00:00,2092.1,80.54,347.6,13.62,399.4,21.3,610.7,0.0581,0.58,271.0,226.0,5.5
2025-06-26T06:26:00+00:00,2138.5,81.65,351.0,13.99,384.7,22.7,639.6,0.0558,0.49,271.0,226.0,4.1
2025-06-26T06:27:00+00:00,1987.9,84.61,361.3,13.90,384.7,21.7,640.2,0.0623,0.61,271.0,226.0,5.6
2025-06-26T06:28:00+00:00,1914.7,81.35,368.2,13.75,345.7,22.1,584.3,0.0603,0.53,271.0,226.0,4.1
2025-06-26T06:29:00+00:00,2239.4,84.48,348.4,13.51,394.3,19.3,574.2,0.0591,0.45,271.0,226.0,4.1
2025-06-26T06:30:00+00:00,1946.7,82.35,352.3,13.69,402.2,23.8,613.6,0.0608,0.60,271.0,226.0,4.7
2025-06-26T06:31:00+00:00,1993.0,84.96,349.1,13.73,382.2,22.0,616.4,0.0600,0.49,271.0,226.0,4.8
2025-06-26T06:32:00+00:00,2122.8,79.06,348.7,13.55,387.3,22.3,610.7,0.0663,0.53,271.0,226.0,4.2
2025-06-26T06:33:00+00:00,1976.2,82.48,332.4,13.93,372.9,22.6,613.3,0.0607,0.57,271.0,226.0,3.6
2025-06-26T06:34:00+00:00,1905.4,80.23,338.2,13.85,393.0,19.7,579.1,0.0554,0.57,271.0,226.0,5.5
2025-06-26T06:35:00+00:00,1706.1,80.52,358.3,13.59,382.4,20.2,562.9,0.0539,0.52,271.0,226.0,4.6
2025-06-26T06:36:00+00:00,1846.4,81.22,354.3,13.67,389.1,24.9,602.1,0.0547,0.52,271.0,226.0,4.3
2025-06-26T06:37:00+00:00,1887.9,82.55,346.8,14.12,374.3,24.0,555.8,0.0624,0.54,271.0,226.0,2.9
2025-06-26T06:38:00+00:00,2089.2,79.74,348.0,13.67,383.7,20.9,640.8,0.0587,0.49,271.0,226.0,6.0
2025-06-26T06:39:00+00:00,2026.3,81.89,360.9,13.97,378.7,20.8,629.6,0.0559,0.54,271.0,226.0,3.4
2025-06-26T06:40:00+00:00,1992.0,84.27,359.5,13.87,360.3,22.4,625.7,0.0551,0.51,271.0,226.0,4.9
2025-06-26T06:41:00+00:00,2131.4,81.57,341.1,13.97,374.6,20.4,605.2,0.0615,0.56,271.0,226.0,5.7
2025-06-26T06:42:00+00:00,1988.3,80.63,342.0,13.85,382.4,21.1,536.3,0.0672,0.47,271.0,226.0,5.2
2025-06-26T06:43:00+00:00,2117.3,83.65,345.7,13.83,383.4,21.7,557.9,0.0564,0.55,271.0,226.0,5.2
2025-06-26T06:44:00+00:00,2031.8,79.32,337.8,13.58,390.8,20.1,590.3,0.0624,0.53,271.0,226.0,4.8
2025-06-26T06:45:00+00:00,1842.7,81.05,358.7,14.05,375.8,25.2,518.6,0.0591,0.46,271.0,226.0,3.1
2025-06-26T06:46:00+00:00,2257.4,79.34,347.5,13.88,400.7,21.9,552.3,0.0604,0.54,271.0,226.0,4.2
2025-06-26T06:47:00+00:00,2027.3,83.62,334.5,13.53,393.1,24.2,606.6,0.0633,0.48,271.0,226.0,4.2
2025-06-26T06:48:00+00:00,1985.6,81.66,363.9,13.93,405.0,20.5,603.1,0.0557,0.57,271.0,226.0,3.8
2025-06-26T06:49:00+00:00,2084.9,82.96,355.4,13.73,378.8,20.8,621.8,0.0551,0.44,271.0,226.0,4.7
2025-06-26T06:50:00+00:00,1681.3,79.78,345.7,13.76,355.4,21.4,577.6,0.0533,0.47,271.0,226.0,4.1
2025-06-26T06:51:00+00:00,2106.9,82.88,343.5,13.65,351.9,23.2,643.1,0.0562,0.54,271.0,226.0,4.7
2025-06-26T06:52:00+00:00,1842.7,82.83,351.3,13.64,386.5,22.6,561.5,0.0552,0.42,271.0,226.0,4.5
2025-06-26T06:53:00+00:00,2012.9,82.31,347.2,13.99,376.6,22.5,634.6,0.0558,0.54,271.0,226.0,3.8
2025-06-26T06:54:00+00:00,1980.6,78.48,354.6,13.84,352.0,25.7,630.6,0.0549,0.48,271.0,226.0,3.6
2025-06-26T06:55:00+00:00,2205.7,81.65,352.1,14.02,367.9,23.6,563.4,0.0600,0.51,271.0,226.0,5.1
2025-06-26T06:56:00+00:00,1893.0,81.16,342.9,13.85,397.7,22.3,645.9,0.0550,0.53,271.0,226.0,3.2
2025-06-26T06:57:00+00:00,1909.5,81.14,348.9,13.81,379.6,20.0,647.9,0.0577,0.55,271.0,226.0,4.8
2025-06-26T06:58:00+00:00,2056.9,80.10,349.8,13.86,392.4,22.9,612.9,0.0550,0.45,271.0,226.0,3.6
2025-06-26T06:59:00+00:00,2136.6,83.04,350.7,13.73,393.9,21.7,614.8,0.0564,0.55,271.0,226.0,3.7
2025-06-26T07:00:00+00:00,2161.5,83.52,347.9,13.70,412.2,22.6,591.6,0.0596,0.46,271.0,226.0,5.4
2025-06-26T07:01:00+00:00,1863.6,79.99,358.0,13.52,370.1,23.4,606.6,0.0563,0.53,271.0,226.0,4.9
2025-06-26T07:02:00+00:00,1881.8,78.25,354.0,13.96,368.2,23.3,636.0,0.0543,0.47,271.0,226.0,5.3
2025-06-26T07:03:00+00:00,1588.0,79.77,345.3,13.94,373.5,24.0,559.3,0.0534,0.53,271.0,226.0,4.8
2025-06-26T07:04:00+00:00,2056.5,84.30,354.6,13.78,359.2,21.3,598.3,0.0558,0.54,271.0,226.0,4.1
2025-06-26T07:05:00+00:00,1960.6,81.10,366.1,13.65,374.8,24.4,550.8,0.0554,0.53,271.0,226.0,4.9
2025-06-26T07:06:00+00:00,2153.0,82.79,357.4,13.89,358.4,23.4,626.9,0.0594,0.61,271.0,226.0,3.2
2025-06-26T07:07:00+00:00,2189.9,81.44,357.0,14.06,405.8,23.2,641.4,0.0560,0.49,271.0,226.0,4.9
2025-06-26T07:08:00+00:00,1997.3,79.63,349.4,13.72,380.0,21.9,592.9,0.0635,0.53,271.0,226.0,2.9
2025-06-26T07:09:00+00:00,2073.5,85.75,337.3,13.87,411.2,23.5,588.4,0.0557,0.50,271.0,226.0,4.5
2025-06-26T07:10:00+00:00,2407.1,82.62,354.5,13.75,384.3,17.4,622.7,0.0578,0.54,271.0,226.0,2.7
2025-06-26T07:11:00+00:00,2171.8,84.34,353.3,13.73,397.8,23.0,602.2,0.0600,0.55,271.0,226.0,3.6
2025-06-26T07:12:00+00:00,1980.2,83.36,379.0,14.17,382.5,18.0,586.2,0.0549,0.49,271.0,226.0,1.8
2025-06-26T07:13:00+00:00,2479.5,82.73,349.1,14.05,390.5,20.0,625.9,0.0578,0.51,271.0,226.0,5.1
2025-06-26T07:14:00+00:00,2114.6,82.35,347.8,13.66,370.5,25.5,589.9,0.0589,0.50,271.0,226.0,4.4
2025-06-26T07:15:00+00:00,2435.6,83.74,328.3,13.81,420.9,21.8,628.3,0.0570,0.44,271.0,226.0,5.1
2025-06-26T07:16:00+00:00,2216.8,85.32,353.0,13.79,377.8,21.9,586.2,0.0622,0.52,271.0,226.0,6.6
2025-06-26T07:17:00+00:00,2015.6,83.85,344.8,14.07,398.9,22.6,593.8,0.0550,0.49,271.0,226.0,2.5
2025-06-26T07:18:00+00:00,2604.5,84.71,334.4,13.71,402.5,22.5,634.4,0.0634,0.57,271.0,226.0,3.7
2025-06-26T07:19:00+00:00,2480.1,85.32,347.7,13.90,398.1,20.5,641.1,0.0574,0.45,271.0,226.0,4.8
2025-06-26T07:20:00+00:00,2599.3,83.05,347.4,13.81,402.1,21.7,656.1,0.0625,0.60,271.0,226.0,2.5
2025-06-26T07:21:00+00:00,1875.2,83.27,344.2,13.87,363.2,19.5,555.2,0.0539,0.45,271.0,226.0,2.8
2025-06-26T07:22:00+00:00,2476.4,87.32,346.7,13.80,401.9,21.7,637.0,0.0641,0.52,271.0,226.0,4.4
2025-06-26T07:23:00+00:00,2120.3,84.33,345.8,13.79,384.8,22.4,582.0,0.0599,0.63,271.0,226.0,4.3
2025-06-26T07:24:00+00:00,2031.6,80.94,357.0,13.95,358.3,23.6,652.9,0.0555,0.52,271.0,226.0,3.3
2025-06-26T07:25:00+00:00,1985.9,83.83,347.3,13.88,344.1,22.7,631.1,0.0590,0.51,271.0,226.0,2.4
2025-06-26T07:26:00+00:00,1890.7,79.38,357.2,13.98,370.9,24.0,602.0,0.0602,0.54,271.0,226.0,5.2
2025-06-26T07:27:00+00:00,1977.2,82.08,363.6,13.59,364.6,20.0,655.1,0.0549,0.49,271.0,226.0,5.1
2025-06-26T07:28:00+00:00,2413.7,84.40,332.3,13.41,395.8,22.0,590.6,0.0579,0.53,271.0,226.0,2.2
2025-06-26T07:29:00+00:00,1968.2,83.43,351.0,13.55,383.7,22.1,574.3,0.0656,0.50,271.0,226.0,4.3
2025-06-26T07:30:00+00:00,2053.0,81.22,364.5,13.77,382.4,23.5,655.8,0.0594,0.47,271.0,226.0,5.1
2025-06-26T07:31:00+00:00,2015.4,81.17,352.2,13.86,361.8,21.2,537.7,0.0600,0.49,271.0,226.0,6.3
2025-06-26T07:32:00+00:00,1929.7,80.78,336.7,13.88,384.6,25.3,629.9,0.0548,0.48,271.0,226.0,3.0
2025-06-26T07:33:00+00:00,2478.0,81.04,340.1,13.90,388.8,23.1,587.0,0.0582,0.50,271.0,226.0,4.4
2025-06-26T07:34:00+00:00,2038.3,80.08,354.2,13.81,376.6,21.2,564.1,0.0558,0.55,271.0,226.0,1.5
2025-06-26T07:35:00+00:00,1922.8,81.16,343.9,13.69,380.0,24.5,621.4,0.0550,0.51,271.0,226.0,4.0
2025-06-26T07:36:00+00:00,2239.1,83.49,349.2,13.69,396.6,23.7,657.3,0.0619,0.56,271.0,226.0,3.9
2025-06-26T07:37:00+00:00,2009.4,83.46,350.9,13.88,385.1,22.1,609.7,0.0550,0.46,271.0,226.0,4.2
2025-06-26T07:38:00+00:00,2108.7,81.51,336.3,13.64,379.0,22.6,626.6,0.0616,0.36,271.0,226.0,5.1
2025-06-26T07:39:00+00:00,2441.9,82.43,341.6,13.76,387.9,22.8,632.0,0.0589,0.62,271.0,226.0,4.9
2025-06-26T07:40:00+00:00,2056.9,82.26,349.4,13.72,369.5,22.5,594.4,0.0552,0.48,271.0,226.0,3.7
2025-06-26T07:41:00+00:00,1997.8,83.11,347.3,13.76,388.1,24.3,601.4,0.0584,0.49,271.0,226.0,3.7
2025-06-26T07:42:00+00:00,1987.2,85.02,333.1,13.84,374.4,25.4,561.6,0.0589,0.53,271.0,226.0,4.7
2025-06-26T07:43:00+00:00,2070.3,81.68,347.9,13.59,376.1,24.3,607.9,0.0572,0.48,271.0,226.0,5.7
2025-06-26T07:44:00+00:00,2037.3,81.28,348.5,13.65,389.7,22.0,550.6,0.0560,0.56,271.0,226.0,4.0
2025-06-26T07:45:00+00:00,1782.9,79.64,363.3,13.79,396.6,23.9,579.7,0.0538,0.47,271.0,226.0,3.5
2025-06-26T07:46:00+00:00,1958.4,81.32,341.2,14.03,373.6,23.6,668.8,0.0631,0.45,271.0,226.0,1.6
2025-06-26T07:47:00+00:00,1966.5,82.25,343.7,13.57,375.8,23.1,676.8,0.0567,0.52,271.0,226.0,4.5
2025-06-26T07:48:00+00:00,1955.1,82.92,349.4,13.82,394.7,22.6,578.9,0.0606,0.68,271.0,226.0,3.2
2025-06-26T07:49:00+00:00,1955.4,83.24,351.7,13.51,389.7,21.5,584.2,0.0548,0.47,271.0,226.0,3.5
2025-06-26T07:50:00+00:00,1969.2,82.97,347.9,13.81,366.8,21.2,605.5,0.0577,0.51,271.0,226.0,3.1
2025-06-26T07:51:00+00:00,2177.5,85.75,350.0,13.69,379.9,20.2,612.7,0.0555,0.45,271.0,226.0,4.0
2025-06-26T07:52:00+00:00,2015.0,82.35,347.2,13.53,382.4,23.5,599.6,0.0632,0.54,271.0,226.0,3.0
2025-06-26T07:53:00+00:00,2059.7,81.25,349.4,13.79,366.3,20.7,634.9,0.0557,0.51,271.0,226.0,3.1
2025-06-26T07:54:00+00:00,2382.2,82.86,349.1,13.73,398.5,20.9,603.7,0.0574,0.50,271.0,226.0,5.1
2025-06-26T07:55:00+00:00,1850.3,82.26,335.4,13.68,386.1,22.0,621.8,0.0546,0.51,271.0,226.0,3.0
2025-06-26T07:56:00+00:00,1964.9,80.76,327.7,13.83,366.8,20.4,538.4,0.0572,0.54,271.0,226.0,4.5
2025-06-26T07:57:00+00:00,2196.3,80.23,349.8,13.87,373.2,23.7,603.5,0.0614,0.52,271.0,226.0,2.9
2025-06-26T07:58:00+00:00,1974.7,80.14,350.7,13.72,392.6,23.1,552.1,0.0637,0.55,271.0,226.0,4.4
2025-06-26T07:59:00+00:00,2049.5,81.14,359.0,13.87,374.7,22.7,622.2,0.0544,0.40,271.0,226.0,4.9
2025-06-26T08:00:00+00:00,1952.2,83.71,360.3,13.76,365.8,20.2,550.4,0.0569,0.48,271.0,226.0,3.4
2025-06-26T08:01:00+00:00,2161.3,84.78,323.5,13.89,376.7,23.1,662.9,0.0572,0.62,271.0,226.0,3.2
2025-06-26T08:02:00+00:00,1990.7,82.65,336.6,13.78,388.8,23.6,607.1,0.0555,0.52,271.0,226.0,2.4
2025-06-26T08:03:00+00:00,1965.3,86.91,342.2,13.56,386.2,24.3,594.3,0.0621,0.56,271.0,226.0,1.8
2025-06-26T08:04:00+00:00,1919.8,84.71,348.5,13.64,359.7,21.8,598.5,0.0547,0.50,271.0,226.0,3.8
2025-06-26T08:05:00+00:00,1675.3,81.53,342.7,13.88,366.1,23.5,599.2,0.0618,0.48,271.0,226.0,3.4
2025-06-26T08:06:00+00:00,1915.9,82.09,339.9,13.74,381.1,20.8,611.4,0.0573,0.52,271.0,226.0,3.9
2025-06-26T08:07:00+00:00,2017.5,84.00,354.9,13.72,372.8,27.5,658.5,0.0556,0.52,271.0,226.0,4.0
2025-06-26T08:08:00+00:00,1845.4,81.11,339.7,13.86,388.7,24.7,606.2,0.0549,0.55,271.0,226.0,3.0
2025-06-26T08:09:00+00:00,1900.5,78.67,353.6,13.72,382.2,23.8,536.7,0.0547,0.50,271.0,226.0,4.9
2025-06-26T08:10:00+00:00,2174.5,82.21,357.4,13.69,405.8,22.1,635.5,0.0562,0.51,271.0,226.0,4.0
2025-06-26T08:11:00+00:00,2150.1,84.43,343.4,13.67,380.6,20.4,605.9,0.0625,0.54,271.0,226.0,5.0
2025-06-26T08:12:00+00:00,2231.4,81.67,347.9,13.57,415.1,21.3,603.9,0.0568,0.54,271.0,226.0,4.6
2025-06-26T08:13:00+00:00,2037.4,82.90,357.7,13.64,386.7,23.1,622.8,0.0563,0.59,271.0,226.0,4.7
2025-06-26T08:14:00+00:00,1962.8,83.99,357.0,14.01,397.5,21.5,622.7,0.0549,0.48,271.0,226.0,4.4
2025-06-26T08:15:00+00:00,1951.9,82.24,354.0,13.31,363.0,21.9,639.9,0.0552,0.53,271.0,226.0,4.0
2025-06-26T08:16:00+00:00,2189.4,83.52,349.5,13.75,395.5,23.0,639.0,0.0619,0.53,271.0,226.0,5.2
2025-06-26T08:17:00+00:00,1806.8,79.74,347.3,13.60,385.8,20.9,589.6,0.0543,0.52,271.0,226.0,6.8
2025-06-26T08:18:00+00:00,1988.9,80.67,354.9,13.54,374.5,22.6,523.7,0.0600,0.43,271.0,226.0,4.4
2025-06-26T08:19:00+00:00,2002.8,82.44,328.7,13.88,385.5,21.0,563.0,0.0554,0.51,271.0,226.0,6.6
2025-06-26T08:20:00+00:00,2215.8,81.16,341.2,13.94,386.3,21.4,611.1,0.0573,0.45,271.0,226.0,5.0
2025-06-26T08:21:00+00:00,1764.3,82.81,358.7,13.47,380.4,22.8,577.3,0.0541,0.51,271.0,226.0,4.1
2025-06-26T08:22:00+00:00,2149.7,79.43,354.0,13.78,382.4,20.6,588.0,0.0559,0.50,271.0,226.0,4.3
2025-06-26T08:23:00+00:00,2153.1,84.29,337.7,13.84,383.7,21.3,605.5,0.0555,0.44,271.0,226.0,3.6
2025-06-26T08:24:00+00:00,1957.8,79.70,353.8,13.68,383.1,20.6,569.5,0.0553,0.53,271.0,226.0,4.6
2025-06-26T08:25:00+00:00,2101.1,83.18,349.9,14.06,392.8,23.9,647.0,0.0567,0.60,271.0,226.0,2.5
2025-06-26T08:26:00+00:00,2008.0,82.90,356.7,13.69,373.2,22.5,583.5,0.0632,0.53,271.0,226.0,3.7
2025-06-26T08:27:00+00:00,1846.2,83.23,352.4,13.85,382.2,20.9,593.5,0.0544,0.50,271.0,226.0,3.5
2025-06-26T08:28:00+00:00,2273.3,80.76,345.1,14.01,381.5,21.0,644.8,0.0579,0.39,271.0,226.0,3.7
2025-06-26T08:29:00+00:00,2004.1,82.01,346.0,13.87,353.7,22.2,621.0,0.0548,0.47,271.0,226.0,3.2
2025-06-26T08:30:00+00:00,1882.0,82.03,347.3,14.07,366.8,20.0,553.5,0.0547,0.52,271.0,226.0,4.7
2025-06-26T08:31:00+00:00,2150.0,83.91,348.8,14.23,377.8,22.5,588.5,0.0601,0.54,271.0,226.0,6.1
2025-06-26T08:32:00+00:00,1909.8,82.08,347.7,13.85,354.7,21.6,630.0,0.0603,0.53,271.0,226.0,4.2
2025-06-26T08:33:00+00:00,903.5,78.75,365.9,13.64,361.9,22.5,589.3,0.0540,0.51,271.0,226.0,2.8
2025-06-26T08:34:00+00:00,1073.8,78.26,361.2,13.50,352.2,24.1,558.2,0.0551,0.53,271.0,226.0,5.4
2025-06-26T08:35:00+00:00,983.7,76.65,362.9,13.73,356.5,22.0,554.0,0.0495,0.49,271.0,226.0,3.7
2025-06-26T08:36:00+00:00,1222.5,78.53,350.6,13.79,328.3,21.9,540.0,0.0515,0.54,271.0,226.0,4.8
2025-06-26T08:37:00+00:00,861.5,78.59,353.5,13.89,371.2,21.6,449.0,0.0486,0.44,271.0,226.0,4.4
2025-06-26T08:38:00+00:00,1000.7,80.45,360.7,13.62,339.6,22.3,557.2,0.0504,0.56,271.0,226.0,4.8
2025-06-26T08:39:00+00:00,1066.6,78.05,344.9,13.92,358.2,21.2,558.3,0.0557,0.53,271.0,226.0,1.9
2025-06-26T08:40:00+00:00,918.6,77.49,358.7,13.69,344.0,25.0,586.4,0.0552,0.40,271.0,226.0,3.2
2025-06-26T08:41:00+00:00,842.8,78.18,352.8,13.72,341.0,19.7,549.1,0.0547,0.46,271.0,226.0,2.7
2025-06-26T08:42:00+00:00,1031.8,79.78,356.8,13.74,342.5,19.8,577.3,0.0529,0.51,271.0,226.0,4.6
2025-06-26T08:43:00+00:00,1013.5,80.20,343.3,13.85,367.1,19.3,594.3,0.0495,0.46,271.0,226.0,5.0
2025-06-26T08:44:00+00:00,1035.2,78.99,353.9,13.68,367.8,22.7,555.0,0.0524,0.46,271.0,226.0,4.5
2025-06-26T08:45:00+00:00,1006.8,77.72,356.8,13.83,343.7,21.3,594.6,0.0498,0.49,271.0,226.0,5.7
2025-06-26T14:00:00+00:00,1096.8,81.14,351.7,13.71,364.5,19.9,561.6,0.0506,0.53,271.0,226.0,5.3
2025-06-26T14:01:00+00:00,856.9,80.72,357.5,14.00,361.1,23.8,573.3,0.0494,0.54,271.0,226.0,3.9
2025-06-26T14:02:00+00:00,1025.1,76.91,363.0,13.74,355.1,23.3,512.8,0.0568,0.54,271.0,226.0,5.3
2025-06-26T14:03:00+00:00,913.9,77.88,362.9,13.72,346.9,23.2,569.5,0.0520,0.52,271.0,226.0,5.2
2025-06-26T14:04:00+00:00,1105.8,77.68,352.3,13.68,363.0,20.9,565.8,0.0505,0.52,271.0,226.0,4.8
2025-06-26T14:05:00+00:00,1039.3,78.16,357.0,13.77,345.3,21.6,603.9,0.0528,0.51,271.0,226.0,4.0
2025-06-26T14:06:00+00:00,1037.1,78.24,352.6,13.74,365.7,21.1,550.6,0.0553,0.63,271.0,226.0,2.8
2025-06-26T14:07:00+00:00,1149.3,79.10,356.6,14.03,343.7,24.9,577.9,0.0508,0.52,271.0,226.0,3.3
2025-06-26T14:08:00+00:00,852.3,79.39,366.2,13.66,333.0,19.1,577.4,0.0510,0.48,271.0,226.0,3.9
2025-06-26T14:09:00+00:00,912.2,78.86,344.4,13.90,352.1,24.7,552.4,0.0498,0.52,271.0,226.0,5.0
2025-06-26T14:10:00+00:00,807.8,78.26,370.9,13.78,376.0,22.6,553.2,0.0498,0.58,271.0,226.0,5.2
2025-06-26T14:11:00+00:00,1100.8,77.80,360.3,13.80,327.2,23.9,642.3,0.0518,0.47,271.0,226.0,3.9
2025-06-26T14:12:00+00:00,1152.0,77.60,349.3,13.49,332.9,22.8,526.1,0.0512,0.51,271.0,226.0,4.0
2025-06-26T14:13:00+00:00,1017.9,80.31,353.3,13.82,361.4,23.3,551.5,0.0506,0.55,271.0,226.0,4.7
2025-06-26T14:14:00+00:00,2088.0,83.29,357.4,14.01,364.7,26.3,681.2,0.0572,0.54,271.0,226.0,5.0
2025-06-26T14:15:00+00:00,1887.4,80.80,356.3,13.96,374.9,21.0,563.4,0.0564,0.51,271.0,226.0,4.2
2025-06-26T14:16:00+00:00,1982.1,80.43,354.2,14.03,392.9,22.9,614.1,0.0555,0.54,271.0,226.0,5.7
2025-06-26T14:17:00+00:00,2003.7,81.35,351.0,13.64,380.1,22.8,618.2,0.0550,0.47,271.0,226.0,3.9
2025-06-26T14:18:00+00:00,1956.2,83.70,340.0,13.96,385.2,21.2,653.6,0.0555,0.50,271.0,226.0,2.7
2025-06-26T14:19:00+00:00,2015.4,83.57,342.9,13.73,391.4,24.7,631.7,0.0611,0.49,271.0,226.0,2.8
2025-06-26T14:20:00+00:00,2053.2,81.47,341.1,13.81,371.4,19.8,590.6,0.0591,0.53,271.0,226.0,5.1
2025-06-26T14:21:00+00:00,2062.2,81.82,334.9,13.55,369.1,21.9,629.7,0.0605,0.44,271.0,226.0,4.0
2025-06-26T14:22:00+00:00,2143.3,81.36,347.3,13.90,393.2,23.9,602.8,0.0552,0.43,271.0,226.0,4.8
2025-06-26T14:23:00+00:00,1956.4,82.71,355.1,13.52,364.2,21.9,554.8,0.0621,0.47,271.0,226.0,5.6
2025-06-26T14:24:00+00:00,2151.8,82.73,344.9,13.78,387.5,21.2,586.0,0.0572,0.53,271.0,226.0,5.8
2025-06-26T14:25:00+00:00,1761.1,81.03,352.5,13.80,338.6,20.6,582.1,0.0547,0.57,271.0,226.0,3.7
2025-06-26T14:26:00+00:00,1958.7,84.80,357.8,13.56,417.7,22.8,615.1,0.0552,0.44,271.0,226.0,3.8
2025-06-26T14:27:00+00:00,2182.7,82.41,346.5,14.01,379.0,26.2,647.1,0.0568,0.56,271.0,226.0,3.5
2025-06-26T14:28:00+00:00,1989.2,84.61,355.4,13.76,382.7,22.8,593.8,0.0554,0.51,271.0,226.0,4.9
2025-06-26T14:29:00+00:00,2274.1,82.93,340.8,13.79,392.1,24.2,636.1,0.0620,0.50,271.0,226.0,3.9
2025-06-26T14:30:00+00:00,2094.9,82.35,348.2,13.94,376.6,23.4,613.8,0.0571,0.54,271.0,226.0,4.2
2025-06-26T14:31:00+00:00,1954.0,79.48,343.0,13.95,394.5,22.6,500.4,0.0544,0.45,271.0,226.0,3.7
2025-06-26T14:32:00+00:00,1982.4,81.41,341.3,13.52,374.3,24.7,556.4,0.0554,0.52,271.0,226.0,4.4
2025-06-26T14:33:00+00:00,2113.0,81.28,347.5,13.79,407.6,21.2,629.9,0.0592,0.52,271.0,226.0,5.7
2025-06-26T14:34:00+00:00,1927.8,83.31,347.7,13.79,390.2,22.0,635.9,0.0550,0.52,271.0,226.0,5.4
2025-06-26T14:35:00+00:00,1995.8,82.62,353.1,13.57,385.8,20.5,596.1,0.0554,0.53,271.0,226.0,3.9
2025-06-26T14:36:00+00:00,1948.6,85.99,350.0,13.70,388.3,20.6,508.2,0.0616,0.47,271.0,226.0,5.0
2025-06-26T14:37:00+00:00,2072.9,83.31,347.5,13.78,390.8,20.4,618.5,0.0582,0.51,271.0,226.0,3.3
2025-06-26T14:38:00+00:00,1973.0,84.07,335.1,13.91,371.5,21.2,582.2,0.0568,0.52,271.0,226.0,2.8
2025-06-26T14:39:00+00:00,1798.1,81.13,362.7,13.84,375.5,22.7,542.7,0.0543,0.51,271.0,226.0,6.0
2025-06-26T14:40:00+00:00,2023.5,82.12,325.9,13.90,375.5,19.4,696.8,0.0564,0.59,271.0,226.0,4.2
2025-06-26T14:41:00+00:00,2079.5,81.86,337.7,13.67,397.9,22.4,580.3,0.0561,0.55,271.0,226.0,2.9
2025-06-26T14:42:00+00:00,2233.9,82.44,346.7,13.78,393.4,22.2,540.7,0.0559,0.44,271.0,226.0,5.6
2025-06-26T14:43:00+00:00,1994.0,81.03,341.2,13.75,378.5,23.7,604.2,0.0561,0.51,271.0,226.0,5.0
2025-06-26T14:44:00+00:00,2213.8,82.07,351.1,13.67,395.2,21.5,609.1,0.0576,0.63,271.0,226.0,3.9
2025-06-26T14:45:00+00:00,2096.6,80.78,356.0,14.01,382.1,22.3,598.2,0.0636,0.53,271.0,226.0,4.9
2025-06-26T14:46:00+00:00,1791.9,82.23,342.1,13.77,375.5,25.4,604.1,0.0545,0.54,271.0,226.0,2.4
2025-06-26T14:47:00+00:00,2200.1,82.26,345.7,13.98,386.0,22.6,610.0,0.0565,0.52,271.0,226.0,2.7
2025-06-26T14:48:00+00:00,1925.1,82.13,356.9,13.89,395.2,22.2,652.4,0.0626,0.51,271.0,226.0,4.6
2025-06-26T14:49:00+00:00,1834.0,80.18,353.2,13.91,385.8,19.5,598.6,0.0613,0.62,271.0,226.0,5.5
2025-06-26T14:50:00+00:00,2023.2,84.41,343.2,13.88,399.6,24.1,544.0,0.0560,0.56,271.0,226.0,5.6
2025-06-26T14:51:00+00:00,2114.7,79.28,348.5,13.64,412.1,22.6,620.9,0.0608,0.54,271.0,226.0,3.1
2025-06-26T14:52:00+00:00,1999.7,83.17,352.4,13.85,364.6,20.4,563.0,0.0555,0.53,271.0,226.0,5.4
2025-06-26T14:53:00+00:00,2013.9,83.18,348.7,13.92,390.7,21.5,641.9,0.0662,0.46,271.0,226.0,3.5
2025-06-26T14:54:00+00:00,2133.5,81.96,353.3,13.85,395.1,23.5,636.0,0.0557,0.50,271.0,226.0,4.0
2025-06-26T14:55:00+00:00,1806.3,81.58,353.1,13.79,363.7,21.1,628.3,0.0549,0.58,271.0,226.0,4.8
2025-06-26T14:56:00+00:00,2070.4,80.10,335.4,13.97,380.8,21.7,617.1,0.0566,0.46,271.0,226.0,3.0
2025-06-26T14:57:00+00:00,2040.1,87.03,343.2,13.80,388.7,21.7,606.2,0.0554,0.49,271.0,226.0,5.6
2025-06-26T14:58:00+00:00,1785.0,80.66,371.2,13.94,360.5,22.8,636.0,0.0539,0.48,271.0,226.0,3.0
2025-06-26T14:59:00+00:00,2250.6,84.00,351.1,13.86,402.4,23.4,551.8,0.0569,0.53,271.0,226.0,3.4
2025-06-26T15:00:00+00:00,2032.7,84.35,343.0,13.85,374.6,22.2,621.5,0.0562,0.57,271.0,226.0,5.0
2025-06-26T15:01:00+00:00,1849.1,80.58,348.1,13.79,370.2,23.6,622.3,0.0548,0.52,271.0,226.0,3.4
2025-06-26T15:02:00+00:00,1962.5,81.42,341.1,13.77,380.3,22.4,595.9,0.0562,0.61,271.0,226.0,6.7
2025-06-26T15:03:00+00:00,2065.8,80.72,358.8,13.94,405.1,24.5,666.8,0.0621,0.54,271.0,226.0,4.2
2025-06-26T15:04:00+00:00,2124.3,80.89,352.6,13.97,395.2,19.2,656.7,0.0599,0.54,271.0,226.0,3.7
2025-06-26T15:05:00+00:00,2027.6,83.83,355.9,13.43,395.6,22.6,618.6,0.0552,0.49,271.0,226.0,3.8
2025-06-26T15:06:00+00:00,2423.7,84.79,356.8,13.65,397.2,21.2,679.3,0.0596,0.43,271.0,226.0,2.6
2025-06-26T15:07:00+00:00,1947.6,81.13,350.7,13.58,385.5,22.8,609.2,0.0586,0.54,271.0,226.0,5.9
2025-06-26T15:08:00+00:00,1920.3,82.01,354.1,13.78,371.4,21.1,608.6,0.0560,0.61,271.0,226.0,5.8
2025-06-26T15:09:00+00:00,2438.2,83.85,336.5,13.95,394.6,24.7,656.0,0.0579,0.51,271.0,226.0,3.2
2025-06-26T15:10:00+00:00,2005.8,79.28,354.2,13.98,364.3,23.8,615.1,0.0616,0.51,271.0,226.0,3.6
2025-06-26T15:11:00+00:00,2095.9,82.81,342.8,13.79,410.3,22.1,552.0,0.0624,0.55,271.0,226.0,5.2
2025-06-26T15:12:00+00:00,2181.8,84.06,352.7,13.65,392.1,23.2,600.2,0.0672,0.53,271.0,226.0,5.4
2025-06-26T15:13:00+00:00,2229.6,83.81,350.0,13.81,379.2,21.3,653.2,0.0560,0.47,271.0,226.0,4.4
2025-06-26T15:14:00+00:00,1992.0,81.93,358.7,13.74,384.2,24.7,661.9,0.0556,0.54,271.0,226.0,3.6
2025-06-26T15:15:00+00:00,2171.0,83.02,363.8,13.81,383.2,22.5,669.8,0.0566,0.48,271.0,226.0,3.7
2025-06-26T15:16:00+00:00,1865.2,80.82,358.5,14.14,372.2,25.8,594.0,0.0546,0.52,271.0,226.0,4.5
2025-06-26T15:17:00+00:00,2090.7,80.92,359.1,13.52,379.2,22.6,611.3,0.0552,0.44,271.0,226.0,5.6
2025-06-26T15:18:00+00:00,1905.5,82.48,341.4,13.77,376.3,21.7,618.9,0.0547,0.51,271.0,226.0,5.2
2025-06-26T15:19:00+00:00,2517.4,78.97,344.1,13.81,395.3,22.1,629.2,0.0586,0.57,271.0,226.0,5.3
2025-06-26T15:20:00+00:00,2092.7,81.36,356.4,13.74,407.3,23.7,635.5,0.0591,0.47,271.0,226.0,4.9
2025-06-26T15:21:00+00:00,1742.1,82.51,365.9,13.96,363.2,22.4,616.8,0.0534,0.46,271.0,226.0,4.7
2025-06-26T15:22:00+00:00,2536.0,83.12,358.2,13.82,424.5,21.5,627.0,0.0579,0.49,271.0,226.0,4.2
2025-06-26T15:23:00+00:00,2123.5,82.09,344.5,13.54,376.4,22.1,630.8,0.0556,0.48,271.0,226.0,4.0
2025-06-26T15:24:00+00:00,1999.7,82.92,354.7,13.73,368.1,20.9,608.0,0.0590,0.59,271.0,226.0,5.2
2025-06-26T15:25:00+00:00,2452.7,83.24,342.0,13.61,396.5,24.1,647.1,0.0586,0.41,271.0,226.0,2.6
2025-06-26T15:26:00+00:00,2442.2,84.94,348.1,13.76,391.9,22.7,632.9,0.0586,0.60,271.0,226.0,5.3
2025-06-26T15:27:00+00:00,2167.4,82.33,341.9,13.81,390.1,24.3,561.3,0.0555,0.45,271.0,226.0,5.4
2025-06-26T15:28:00+00:00,2087.6,86.08,346.8,13.81,386.4,20.6,585.2,0.0558,0.51,271.0,226.0,3.7
2025-06-26T15:29:00+00:00,2478.7,83.65,349.1,14.04,414.2,23.7,628.3,0.0602,0.51,271.0,226.0,4.4
2025-06-26T15:30:00+00:00,1956.3,81.97,351.4,13.64,366.7,22.8,584.7,0.0552,0.50,271.0,226.0,5.2
2025-06-26T15:31:00+00:00,2448.6,84.17,345.4,13.76,394.8,20.4,614.9,0.0571,0.38,271.0,226.0,5.2
2025-06-26T15:32:00+00:00,2025.0,83.02,330.3,13.81,381.7,21.7,583.0,0.0581,0.53,271.0,226.0,3.8
2025-06-26T15:33:00+00:00,2041.2,81.60,367.6,13.93,376.2,22.9,595.3,0.0555,0.49,271.0,226.0,3.8
2025-06-26T15:34:00+00:00,1787.7,80.12,348.5,14.05,360.1,20.9,615.6,0.0617,0.48,271.0,226.0,5.2
2025-06-26T15:35:00+00:00,2512.2,81.16,355.8,13.59,414.2,22.2,639.9,0.0616,0.55,271.0,226.0,5.8
2025-06-26T15:36:00+00:00,1677.3,80.45,358.0,13.78,374.1,21.7,663.2,0.0549,0.63,271.0,226.0,3.8
2025-06-26T15:37:00+00:00,2022.9,81.68,336.0,13.95,396.2,21.5,591.8,0.0551,0.48,271.0,226.0,4.0
2025-06-26T15:38:00+00:00,2088.8,83.10,338.6,13.77,398.0,20.8,647.2,0.0560,0.54,271.0,226.0,3.5
2025-06-26T15:39:00+00:00,1941.0,83.84,353.6,13.78,382.8,21.7,660.7,0.0549,0.49,271.0,226.0,5.0
2025-06-26T15:40:00+00:00,1993.5,82.25,358.3,13.82,393.5,25.6,537.7,0.0555,0.53,271.0,226.0,5.1
2025-06-26T15:41:00+00:00,1994.0,83.12,338.4,13.68,374.5,21.0,604.3,0.0559,0.57,271.0,226.0,4.5
2025-06-26T15:42:00+00:00,2087.7,82.20,351.2,13.83,362.3,18.6,598.7,0.0593,0.62,271.0,226.0,3.8
2025-06-26T15:43:00+00:00,2086.9,82.75,353.6,13.79,365.4,22.4,544.8,0.0640,0.49,271.0,226.0,3.3
2025-06-26T15:44:00+00:00,2028.3,81.71,344.9,13.86,381.3,20.4,618.6,0.0548,0.45,271.0,226.0,3.9
2025-06-26T15:45:00+00:00,2004.2,79.99,342.7,13.95,386.7,20.9,610.2,0.0558,0.57,271.0,226.0,4.1
2025-06-26T15:46:00+00:00,2032.3,81.84,340.9,13.60,371.2,23.4,621.0,0.0603,0.52,271.0,226.0,4.7
2025-06-26T15:47:00+00:00,1835.5,81.67,355.4,13.97,376.2,23.2,585.6,0.0540,0.43,271.0,226.0,5.1
2025-06-26T15:48:00+00:00,1970.7,80.85,345.6,13.72,374.9,23.4,576.2,0.0597,0.49,271.0,226.0,5.0
2025-06-26T15:49:00+00:00,1965.5,80.79,356.0,13.83,379.9,19.2,603.8,0.0660,0.53,271.0,226.0,4.8
2025-06-26T15:50:00+00:00,1985.2,81.65,352.8,13.83,393.1,21.7,618.2,0.0548,0.47,271.0,226.0,3.7
2025-06-26T15:51:00+00:00,1964.6,83.23,357.6,14.07,374.3,22.5,625.1,0.0598,0.53,271.0,226.0,5.6
2025-06-26T15:52:00+00:00,2130.9,82.73,353.2,13.91,403.6,22.4,587.7,0.0656,0.54,271.0,226.0,4.1
2025-06-26T15:53:00+00:00,2034.7,85.20,343.4,13.59,366.0,20.8,645.6,0.0557,0.52,271.0,226.0,3.9
2025-06-26T15:54:00+00:00,1941.9,82.13,343.4,13.94,392.0,23.5,529.4,0.0548,0.47,271.0,226.0,3.8
2025-06-26T15:55:00+00:00,2135.9,82.74,349.1,13.67,411.3,22.8,621.0,0.0562,0.52,271.0,226.0,3.2
2025-06-26T15:56:00+00:00,1945.8,79.81,350.9,14.11,381.5,19.8,567.2,0.0586,0.62,271.0,226.0,5.1
2025-06-26T15:57:00+00:00,2142.0,82.35,350.5,13.56,388.2,22.8,604.9,0.0565,0.55,271.0,226.0,3.0
2025-06-26T15:58:00+00:00,2155.7,82.49,351.9,13.94,383.4,21.3,592.6,0.0561,0.52,271.0,226.0,5.2
2025-06-26T15:59:00+00:00,2300.5,84.10,344.3,13.87,389.4,21.5,580.8,0.0570,0.51,271.0,226.0,4.1
2025-06-26T16:00:00+00:00,1749.5,81.95,346.4,14.06,356.7,23.5,574.0,0.0565,0.51,271.0,226.0,4.3
2025-06-26T16:01:00+00:00,1887.4,82.51,355.2,13.67,362.9,24.4,611.1,0.0548,0.52,271.0,226.0,4.1
2025-06-26T16:02:00+00:00,1931.6,81.17,351.5,13.71,373.7,22.1,534.6,0.0542,0.41,271.0,226.0,5.1
2025-06-26T16:03:00+00:00,2044.6,83.48,346.8,13.92,401.1,19.5,550.8,0.0549,0.44,271.0,226.0,5.0
2025-06-26T16:04:00+00:00,2161.9,85.49,343.4,14.01,404.1,23.8,647.5,0.0587,0.53,271.0,226.0,5.6
2025-06-26T16:05:00+00:00,1977.8,81.14,368.6,13.87,387.1,21.8,614.7,0.0550,0.49,271.0,226.0,5.4
2025-06-26T16:06:00+00:00,1918.3,80.87,356.7,13.99,380.1,20.1,578.1,0.0544,0.47,271.0,226.0,3.6
2025-06-26T16:07:00+00:00,2094.7,80.56,344.6,13.79,372.4,22.0,660.7,0.0590,0.56,271.0,226.0,5.9
2025-06-26T16:08:00+00:00,2084.6,76.93,337.0,13.73,372.5,19.5,592.1,0.0645,0.50,271.0,226.0,4.0
2025-06-26T16:09:00+00:00,1989.8,82.19,365.6,13.87,372.7,22.7,528.2,0.0549,0.47,271.0,226.0,4.0
2025-06-26T16:10:00+00:00,2081.5,82.93,363.3,13.79,397.8,19.8,627.3,0.0591,0.50,271.0,226.0,4.2
2025-06-26T16:11:00+00:00,1925.5,82.25,348.9,13.87,355.4,23.1,608.7,0.0593,0.57,271.0,226.0,4.0
2025-06-26T16:12:00+00:00,2128.8,82.98,339.4,13.92,386.6,21.1,631.8,0.0589,0.54,271.0,226.0,1.7
2025-06-26T16:13:00+00:00,2021.6,81.41,350.4,13.90,367.5,20.8,597.0,0.0551,0.49,271.0,226.0,3.6
2025-06-26T16:14:00+00:00,1944.6,80.65,346.0,13.44,365.6,20.6,644.4,0.0545,0.45,271.0,226.0,6.2
2025-06-26T16:15:00+00:00,1911.5,82.19,347.4,13.54,368.9,22.8,577.5,0.0617,0.48,271.0,226.0,4.8
2025-06-26T16:16:00+00:00,2034.9,81.67,356.1,13.70,358.5,19.4,652.4,0.0598,0.56,271.0,226.0,3.7
2025-06-26T16:17:00+00:00,1925.7,83.68,344.8,13.74,383.9,20.5,571.6,0.0568,0.52,271.0,226.0,4.0
2025-06-26T16:18:00+00:00,2065.2,82.54,342.4,13.43,380.6,21.8,664.8,0.0588,0.51,271.0,226.0,3.6
2025-06-26T16:19:00+00:00,1967.0,80.77,351.7,13.70,373.3,21.6,626.9,0.0554,0.54,271.0,226.0,4.7
2025-06-26T16:20:00+00:00,1886.7,79.82,350.7,13.89,383.0,22.2,603.1,0.0547,0.51,271.0,226.0,4.9
2025-06-26T16:21:00+00:00,2209.7,83.23,361.9,13.81,377.4,23.6,572.5,0.0557,0.44,271.0,226.0,4.6
2025-06-26T16:22:00+00:00,2105.9,83.52,347.0,13.82,411.5,25.0,631.1,0.0615,0.53,271.0,226.0,5.1
2025-06-26T16:23:00+00:00,2122.7,84.91,362.5,13.80,373.6,19.7,603.6,0.0563,0.55,271.0,226.0,4.1
2025-06-26T16:24:00+00:00,2043.0,82.88,331.2,13.56,395.4,22.0,663.0,0.0604,0.52,271.0,226.0,4.2
2025-06-26T16:25:00+00:00,2082.3,81.84,340.1,13.67,367.9,20.8,586.3,0.0570,0.47,271.0,226.0,4.3
2025-06-26T16:26:00+00:00,1959.4,81.24,353.7,13.76,377.6,21.5,569.2,0.0630,0.53,271.0,226.0,4.1
2025-06-26T16:27:00+00:00,1888.0,79.07,341.2,14.02,369.2,24.3,657.3,0.0594,0.56,271.0,226.0,3.8
2025-06-26T16:28:00+00:00,2145.1,82.07,352.7,13.92,381.5,20.2,550.6,0.0588,0.49,271.0,226.0,3.5
2025-06-26T16:29:00+00:00,1966.7,81.67,353.6,13.96,373.8,20.8,596.7,0.0560,0.55,271.0,226.0,3.4
2025-06-26T16:30:00+00:00,901.1,78.10,362.2,13.93,335.2,24.4,581.1,0.0506,0.47,271.0,226.0,4.8
2025-06-26T16:31:00+00:00,1081.9,79.94,369.6,13.86,343.6,19.6,556.9,0.0618,0.56,271.0,226.0,3.5
2025-06-26T16:32:00+00:00,1064.1,78.50,359.8,14.20,366.5,19.6,601.3,0.0536,0.55,271.0,226.0,5.0
2025-06-26T16:33:00+00:00,1023.0,78.02,354.9,13.83,351.2,24.0,567.4,0.0546,0.51,271.0,226.0,4.8
2025-06-26T16:34:00+00:00,1020.9,78.81,350.4,13.59,357.8,23.5,552.7,0.0531,0.57,271.0,226.0,4.3
2025-06-26T16:35:00+00:00,946.0,78.72,359.7,13.79,345.6,23.1,551.2,0.0564,0.46,271.0,226.0,4.4
2025-06-26T16:36:00+00:00,883.3,78.43,357.1,14.00,360.8,21.5,511.0,0.0526,0.44,271.0,226.0,5.0
2025-06-26T16:37:00+00:00,817.1,77.42,351.3,13.73,328.3,22.2,560.1,0.0576,0.46,271.0,226.0,3.4
2025-06-26T16:38:00+00:00,1081.6,78.76,354.9,13.69,338.5,20.4,571.8,0.0551,0.49,271.0,226.0,3.0
2025-06-26T16:39:00+00:00,1048.8,81.02,357.0,13.69,363.9,21.2,545.7,0.0565,0.55,271.0,226.0,1.2
2025-06-26T16:40:00+00:00,919.9,79.39,365.7,14.00,339.5,21.7,525.3,0.0493,0.49,271.0,226.0,4.9
2025-06-26T16:41:00+00:00,902.8,80.95,364.8,13.95,361.8,20.8,551.8,0.0501,0.58,271.0,226.0,3.7
2025-06-26T16:42:00+00:00,992.5,78.64,364.5,13.85,364.5,21.7,557.5,0.0495,0.46,271.0,226.0,6.3
2025-06-27T06:00:00+00:00,928.1,77.70,342.7,13.81,348.2,22.0,538.6,0.0530,0.86,300.4,120.4,5.8
2025-06-27T06:01:00+00:00,976.0,78.89,359.7,13.75,330.3,23.1,561.8,0.0537,0.88,300.4,120.4,7.8
2025-06-27T06:02:00+00:00,1047.9,80.03,360.3,13.85,369.9,22.6,599.9,0.0537,0.85,300.4,120.4,7.0
2025-06-27T06:03:00+00:00,812.8,77.86,372.3,13.67,356.7,20.1,506.6,0.0542,0.91,300.4,120.4,5.5
2025-06-27T06:04:00+00:00,904.1,79.15,348.0,13.67,335.4,23.3,544.0,0.0544,0.83,300.4,120.4,5.0
2025-06-27T06:05:00+00:00,974.9,78.04,345.5,14.21,337.3,22.8,589.8,0.0563,0.86,300.4,120.4,5.6
2025-06-27T06:06:00+00:00,971.0,77.46,351.1,13.76,355.6,23.6,581.5,0.0531,0.83,300.4,120.4,6.2
2025-06-27T06:07:00+00:00,1136.7,80.09,356.9,13.75,366.9,23.1,599.9,0.0537,0.82,300.4,120.4,6.1
2025-06-27T06:08:00+00:00,944.0,80.98,361.6,13.86,342.7,22.6,563.7,0.0532,0.83,300.4,120.4,7.0
2025-06-27T06:09:00+00:00,935.4,77.75,371.8,13.68,349.1,20.9,580.2,0.0526,0.82,300.4,120.4,6.7
2025-06-27T06:10:00+00:00,889.9,76.96,349.3,13.79,354.1,24.7,546.8,0.0527,0.83,300.4,120.4,5.7
2025-06-27T06:11:00+00:00,972.7,78.31,348.0,13.74,351.4,22.2,560.1,0.0527,0.79,300.4,120.4,4.5
2025-06-27T06:12:00+00:00,834.0,77.76,364.6,13.93,333.0,23.3,504.7,0.0561,0.80,300.4,120.4,6.4
2025-06-27T06:13:00+00:00,1014.1,78.71,362.8,13.95,352.0,23.3,553.7,0.0592,0.87,300.4,120.4,6.5
2025-06-27T06:14:00+00:00,1035.8,80.10,353.4,13.81,344.9,23.1,511.8,0.0536,0.86,300.4,120.4,6.5
2025-06-27T06:15:00+00:00,2022.3,81.93,336.5,14.09,403.5,23.0,566.9,0.0606,0.80,300.4,120.4,6.1
2025-06-27T06:16:00+00:00,1863.8,83.95,330.7,13.83,374.6,24.3,580.0,0.0630,0.93,300.4,120.4,4.8
2025-06-27T06:17:00+00:00,2095.2,83.32,351.0,13.77,384.1,22.7,594.1,0.0595,0.88,300.4,120.4,5.6
2025-06-27T06:18:00+00:00,2050.4,80.84,353.1,13.74,388.0,22.8,584.6,0.0727,0.92,300.4,120.4,6.6
2025-06-27T06:19:00+00:00,2046.5,82.88,361.5,13.85,381.3,23.8,619.1,0.0593,0.86,300.4,120.4,5.7
2025-06-27T06:20:00+00:00,1970.8,82.93,352.8,13.59,380.0,23.6,580.9,0.0584,0.75,300.4,120.4,7.0
2025-06-27T06:21:00+00:00,2097.3,85.76,355.3,13.64,387.2,23.8,589.4,0.0608,0.90,300.4,120.4,7.6
2025-06-27T06:22:00+00:00,2143.5,82.72,365.5,13.89,398.0,21.9,584.2,0.0597,0.87,300.4,120.4,5.7
2025-06-27T06:23:00+00:00,2006.8,84.53,347.7,13.91,387.1,25.0,582.3,0.0612,0.87,300.4,120.4,7.8
2025-06-27T06:24:00+00:00,1926.5,79.81,349.6,13.67,365.2,21.9,590.6,0.0676,0.88,300.4,120.4,5.9
2025-06-27T06:25:00+00:00,2131.1,84.85,349.9,13.83,359.4,19.8,622.8,0.0595,0.86,300.4,120.4,7.7
2025-06-27T06:26:00+00:00,2214.3,82.14,346.0,13.57,383.0,25.5,620.9,0.0630,0.85,300.4,120.4,3.4
2025-06-27T06:27:00+00:00,1954.5,83.32,352.5,13.77,389.8,23.8,587.2,0.0580,0.74,300.4,120.4,6.8
2025-06-27T06:28:00+00:00,1980.8,80.65,341.3,13.61,365.4,21.8,617.3,0.0591,0.90,300.4,120.4,8.1
2025-06-27T06:29:00+00:00,2118.9,82.42,344.1,13.81,369.6,23.1,632.1,0.0592,0.84,300.4,120.4,6.6
2025-06-27T06:30:00+00:00,1983.8,82.80,351.6,13.57,378.0,21.6,579.3,0.0592,0.89,300.4,120.4,8.0
2025-06-27T06:31:00+00:00,1834.5,82.33,342.2,13.97,379.0,21.6,570.2,0.0614,0.84,300.4,120.4,7.0
2025-06-27T06:32:00+00:00,1902.3,80.70,342.6,14.02,387.4,21.8,604.1,0.0638,0.84,300.4,120.4,6.6
2025-06-27T06:33:00+00:00,2219.7,83.56,346.5,13.84,390.3,20.6,601.6,0.0600,0.87,300.4,120.4,6.9
2025-06-27T06:34:00+00:00,1945.3,82.26,359.4,13.60,371.3,20.6,538.9,0.0577,0.78,300.4,120.4,7.2
2025-06-27T06:35:00+00:00,2039.9,82.80,342.1,13.77,389.8,20.5,627.3,0.0594,0.90,300.4,120.4,7.1
2025-06-27T06:36:00+00:00,1925.1,81.79,361.4,13.58,380.4,24.9,582.7,0.0577,0.81,300.4,120.4,7.1
2025-06-27T06:37:00+00:00,2027.6,82.95,356.8,13.78,388.4,21.1,617.5,0.0588,0.85,300.4,120.4,5.5
2025-06-27T06:38:00+00:00,2140.0,80.24,350.5,13.69,377.9,22.2,647.1,0.0627,0.84,300.4,120.4,6.0
2025-06-27T06:39:00+00:00,2118.5,85.59,353.3,13.97,394.2,21.0,552.4,0.0623,0.81,300.4,120.4,6.1
2025-06-27T06:40:00+00:00,1871.3,81.12,352.8,13.73,354.5,20.7,572.6,0.0608,0.85,300.4,120.4,6.2
2025-06-27T06:41:00+00:00,1981.2,83.88,353.4,14.07,388.1,22.8,577.3,0.0647,0.87,300.4,120.4,6.6
2025-06-27T06:42:00+00:00,1989.4,80.81,357.6,13.79,385.1,20.3,617.5,0.0609,0.80,300.4,120.4,6.7
2025-06-27T06:43:00+00:00,1921.2,82.96,356.0,13.77,372.2,23.5,574.6,0.0659,0.83,300.4,120.4,8.0
2025-06-27T06:44:00+00:00,2189.9,85.68,341.8,13.77,392.1,20.8,603.4,0.0601,0.88,300.4,120.4,6.3
2025-06-27T06:45:00+00:00,2146.8,84.36,352.1,13.57,383.7,23.4,608.4,0.0643,0.88,300.4,120.4,6.0
2025-06-27T06:46:00+00:00,1954.9,80.32,357.3,13.60,390.0,22.4,605.7,0.0585,0.86,300.4,120.4,6.0
2025-06-27T06:47:00+00:00,2123.9,81.24,341.2,13.78,379.8,22.9,597.8,0.0661,0.82,300.4,120.4,6.0
2025-06-27T06:48:00+00:00,2081.7,81.40,357.9,13.66,373.8,23.8,603.4,0.0589,0.82,300.4,120.4,7.8
2025-06-27T06:49:00+00:00,1981.6,79.91,363.5,14.02,378.1,24.8,631.9,0.0640,0.87,300.4,120.4,7.3
2025-06-27T06:50:00+00:00,2016.3,79.81,339.7,14.10,377.6,20.4,578.2,0.0594,0.91,300.4,120.4,5.2
2025-06-27T06:51:00+00:00,2067.8,81.42,350.3,13.72,393.4,24.5,660.6,0.0590,0.83,300.4,120.4,7.5
2025-06-27T06:52:00+00:00,2080.4,83.07,344.1,13.84,363.2,22.4,616.4,0.0634,0.91,300.4,120.4,5.0
2025-06-27T06:53:00+00:00,2109.4,82.03,353.8,13.80,389.5,23.6,585.4,0.0637,0.85,300.4,120.4,5.9
2025-06-27T06:54:00+00:00,2219.6,84.14,359.4,13.83,388.9,22.6,574.1,0.0598,0.84,300.4,120.4,5.4
2025-06-27T06:55:00+00:00,2134.1,83.96,344.8,13.88,410.8,21.4,610.7,0.0663,0.91,300.4,120.4,6.0
2025-06-27T06:56:00+00:00,2070.8,82.24,357.4,13.76,375.2,22.5,657.8,0.0594,0.88,300.4,120.4,7.0
2025-06-27T06:57:00+00:00,2056.8,79.76,336.0,13.74,374.2,21.4,567.4,0.0605,0.85,300.4,120.4,6.4
2025-06-27T06:58:00+00:00,2005.0,80.29,347.7,13.55,374.0,24.1,572.4,0.0591,0.89,300.4,120.4,4.2
2025-06-27T06:59:00+00:00,2153.4,81.19,354.3,13.56,382.6,25.6,587.2,0.0613,0.90,300.4,120.4,7.0
2025-06-27T07:00:00+00:00,2112.2,81.65,354.0,13.82,383.6,22.1,606.1,0.0593,0.86,300.4,120.4,6.7
2025-06-27T07:01:00+00:00,1953.4,81.74,326.9,13.74,380.5,22.8,581.0,0.0640,0.92,300.4,120.4,5.6
2025-06-27T07:02:00+00:00,1863.9,82.80,349.0,13.91,391.4,20.1,581.3,0.0578,0.84,300.4,120.4,5.9
2025-06-27T07:03:00+00:00,2250.2,81.74,342.1,13.60,357.5,23.4,647.2,0.0681,0.82,300.4,120.4,5.4
2025-06-27T07:04:00+00:00,1845.2,80.96,344.6,13.83,362.5,24.3,600.5,0.0572,0.76,300.4,120.4,4.9
2025-06-27T07:05:00+00:00,1908.4,81.22,340.9,13.55,360.9,23.7,567.4,0.0598,0.85,300.4,120.4,6.3
2025-06-27T07:06:00+00:00,2001.3,80.57,361.4,13.91,371.4,21.9,612.0,0.0586,0.84,300.4,120.4,3.8
2025-06-27T07:07:00+00:00,1881.2,80.87,348.6,13.98,375.0,20.9,542.7,0.0595,0.88,300.4,120.4,7.8
2025-06-27T07:08:00+00:00,2001.4,81.24,351.6,13.71,347.0,18.2,571.0,0.0655,0.82,300.4,120.4,5.2
2025-06-27T07:09:00+00:00,2059.8,84.30,344.3,13.95,406.1,20.2,547.6,0.0596,0.91,300.4,120.4,6.3
2025-06-27T07:10:00+00:00,2011.3,82.39,368.5,13.89,376.4,23.1,574.5,0.0577,0.75,300.4,120.4,6.4
2025-06-27T07:11:00+00:00,2112.1,85.57,351.2,13.87,398.9,21.8,648.4,0.0612,0.86,300.4,120.4,6.7
2025-06-27T07:12:00+00:00,2128.0,79.85,343.5,13.52,374.1,22.4,562.5,0.0584,0.76,300.4,120.4,6.7
2025-06-27T07:13:00+00:00,2134.9,84.38,344.4,13.73,367.1,22.5,624.2,0.0615,0.87,300.4,120.4,6.5
2025-06-27T07:14:00+00:00,1961.0,80.30,345.7,13.84,373.1,20.7,638.1,0.0694,0.76,300.4,120.4,7.1
2025-06-27T07:15:00+00:00,2172.7,81.52,337.3,13.80,401.4,20.4,586.3,0.0592,0.82,300.4,120.4,6.4
2025-06-27T07:16:00+00:00,2341.1,84.77,348.7,13.77,391.1,27.8,610.5,0.0685,0.85,300.4,120.4,6.6
2025-06-27T07:17:00+00:00,2024.9,83.67,356.7,13.78,371.7,22.0,610.5,0.0596,0.85,300.4,120.4,6.3
2025-06-27T07:18:00+00:00,2091.3,84.35,358.3,13.88,384.3,24.0,564.6,0.0584,0.77,300.4,120.4,6.9
2025-06-27T07:19:00+00:00,1999.0,80.52,337.3,13.65,373.6,22.7,595.5,0.0678,0.89,300.4,120.4,8.3
2025-06-27T07:20:00+00:00,1933.8,80.63,347.1,13.70,395.4,25.2,619.9,0.0591,0.88,300.4,120.4,6.8
2025-06-27T07:21:00+00:00,1984.6,82.72,347.7,13.81,388.2,24.6,589.4,0.0593,0.92,300.4,120.4,6.1
2025-06-27T07:22:00+00:00,2026.2,82.75,346.8,13.85,403.5,24.1,600.2,0.0591,0.88,300.4,120.4,6.4
2025-06-27T07:23:00+00:00,2173.0,82.07,344.7,13.78,402.2,20.6,579.6,0.0592,0.80,300.4,120.4,6.4
2025-06-27T07:24:00+00:00,2413.1,85.23,347.7,13.95,403.6,22.3,644.0,0.0688,0.87,300.4,120.4,5.6
2025-06-27T07:25:00+00:00,2051.7,84.58,351.1,13.68,379.4,21.8,664.0,0.0593,0.75,300.4,120.4,6.0
2025-06-27T07:26:00+00:00,2369.4,82.61,345.3,13.89,385.0,23.2,640.6,0.0666,0.86,300.4,120.4,5.4
2025-06-27T07:27:00+00:00,2096.1,80.33,353.5,13.88,380.7,21.6,613.4,0.0591,0.82,300.4,120.4,6.3
2025-06-27T07:28:00+00:00,2038.3,80.39,350.7,13.78,387.3,24.3,600.5,0.0580,0.77,300.4,120.4,6.7
2025-06-27T07:29:00+00:00,2528.7,82.82,362.2,13.64,386.0,22.8,618.8,0.0649,1.00,300.4,120.4,6.1
2025-06-27T07:30:00+00:00,2372.5,83.85,344.0,14.01,394.2,21.1,591.8,0.0603,0.81,300.4,120.4,6.1
2025-06-27T07:31:00+00:00,2055.7,81.95,340.5,13.72,394.9,20.7,574.9,0.0593,0.88,300.4,120.4,5.7
2025-06-27T07:32:00+00:00,2432.8,84.77,347.5,13.96,389.4,24.8,635.0,0.0607,0.80,300.4,120.4,6.3
2025-06-27T07:33:00+00:00,2062.1,82.26,349.0,13.72,381.1,21.6,596.0,0.0598,0.79,300.4,120.4,7.3
2025-06-27T07:34:00+00:00,2004.2,83.62,347.2,13.80,389.8,20.6,651.9,0.0584,0.81,300.4,120.4,7.3
2025-06-27T07:35:00+00:00,2090.1,83.18,337.3,13.53,391.3,20.5,670.7,0.0586,0.79,300.4,120.4,5.7
2025-06-27T07:36:00+00:00,1956.0,80.03,354.1,13.74,395.4,18.5,644.6,0.0590,0.91,300.4,120.4,6.2
2025-06-27T07:37:00+00:00,2109.8,85.29,340.6,14.01,384.9,22.2,595.7,0.0604,0.85,300.4,120.4,6.6
2025-06-27T07:38:00+00:00,2067.4,82.90,344.4,13.79,399.4,20.6,609.3,0.0595,0.87,300.4,120.4,5.6
2025-06-27T07:39:00+00:00,2444.7,83.06,338.1,14.15,381.5,21.3,631.2,0.0606,0.81,300.4,120.4,6.0
2025-06-27T07:40:00+00:00,2128.9,84.45,339.8,14.05,375.0,21.0,579.0,0.0597,0.87,300.4,120.4,4.9
2025-06-27T07:41:00+00:00,2048.4,80.91,355.8,13.93,379.7,23.8,645.3,0.0590,0.86,300.4,120.4,7.7
2025-06-27T07:42:00+00:00,1997.9,80.64,346.7,13.69,370.4,21.7,573.9,0.0581,0.79,300.4,120.4,6.6
2025-06-27T07:43:00+00:00,1818.2,81.71,346.4,13.45,375.9,23.2,625.6,0.0584,0.92,300.4,120.4,5.7
2025-06-27T07:44:00+00:00,1994.4,84.25,350.3,14.13,373.3,19.5,586.8,0.0590,0.84,300.4,120.4,8.0
2025-06-27T07:45:00+00:00,2411.7,83.74,356.4,13.72,388.5,22.4,611.4,0.0649,0.94,300.4,120.4,7.9
2025-06-27T07:46:00+00:00,1980.3,80.77,348.5,13.66,383.5,21.5,589.3,0.0582,0.83,300.4,120.4,8.6
2025-06-27T07:47:00+00:00,1831.3,81.41,348.4,14.10,397.3,23.4,612.8,0.0571,0.78,300.4,120.4,5.7
2025-06-27T07:48:00+00:00,1859.7,81.19,345.6,13.80,384.5,19.6,613.0,0.0579,0.83,300.4,120.4,7.8
2025-06-27T07:49:00+00:00,1909.8,83.70,356.7,13.61,358.6,22.9,598.7,0.0631,0.87,300.4,120.4,6.7
2025-06-27T07:50:00+00:00,2067.3,82.04,347.4,13.60,396.9,22.2,568.6,0.0615,0.84,300.4,120.4,6.1
2025-06-27T07:51:00+00:00,1812.6,82.97,354.3,13.83,361.6,19.3,612.7,0.0569,0.76,300.4,120.4,7.4
2025-06-27T07:52:00+00:00,1924.4,82.30,350.4,13.97,381.8,21.5,530.0,0.0587,0.87,300.4,120.4,6.7
2025-06-27T07:53:00+00:00,2088.6,82.88,358.3,13.93,383.0,21.2,616.7,0.0587,0.78,300.4,120.4,6.9
2025-06-27T07:54:00+00:00,2098.4,84.34,355.1,14.16,394.1,21.5,642.9,0.0592,0.86,300.4,120.4,6.1
2025-06-27T07:55:00+00:00,1878.8,82.06,346.7,13.96,386.5,22.8,538.3,0.0581,0.87,300.4,120.4,6.9
2025-06-27T07:56:00+00:00,2046.3,80.74,348.1,13.95,369.4,22.8,602.3,0.0587,0.83,300.4,120.4,5.9
2025-06-27T07:57:00+00:00,1953.6,84.04,353.7,13.92,371.8,22.2,616.2,0.0582,0.84,300.4,120.4,6.5
2025-06-27T07:58:00+00:00,1977.5,82.73,353.9,13.60,367.6,22.5,581.6,0.0593,0.83,300.4,120.4,6.0
2025-06-27T07:59:00+00:00,1974.9,79.77,343.7,14.00,386.7,21.4,635.8,0.0588,0.87,300.4,120.4,6.3
2025-06-27T08:00:00+00:00,2079.5,83.21,359.1,13.57,380.3,23.7,566.7,0.0625,0.88,300.4,120.4,6.1
2025-06-27T08:01:00+00:00,2039.5,82.25,344.7,13.87,398.2,18.2,535.1,0.0587,0.84,300.4,120.4,6.7
2025-06-27T08:02:00+00:00,1977.9,81.29,349.3,13.80,384.3,22.1,627.2,0.0582,0.82,300.4,120.4,6.6
2025-06-27T08:03:00+00:00,1971.4,80.91,357.4,13.96,367.8,22.8,582.3,0.0622,0.82,300.4,120.4,7.3
2025-06-27T08:04:00+00:00,1997.9,80.27,345.1,13.73,377.7,20.8,553.9,0.0592,0.81,300.4,120.4,5.7
2025-06-27T08:05:00+00:00,2022.0,80.95,346.7,13.68,377.0,19.5,574.4,0.0595,0.90,300.4,120.4,6.2
2025-06-27T08:06:00+00:00,2074.2,84.55,340.1,13.79,370.2,20.9,584.3,0.0592,0.85,300.4,120.4,5.8
2025-06-27T08:07:00+00:00,2439.9,83.34,351.3,13.71,388.7,22.0,628.0,0.0689,0.76,300.4,120.4,7.0
2025-06-27T08:08:00+00:00,2376.5,83.93,352.0,14.01,373.7,22.2,635.0,0.0607,0.85,300.4,120.4,5.9
2025-06-27T08:09:00+00:00,2310.1,83.54,351.0,13.73,386.7,23.7,634.4,0.0612,0.83,300.4,120.4,6.4
2025-06-27T08:10:00+00:00,1991.0,83.30,352.9,13.51,388.0,21.0,640.1,0.0595,0.92,300.4,120.4,6.0
2025-06-27T08:11:00+00:00,2018.9,82.02,348.1,13.84,383.5,23.0,636.0,0.0587,0.85,300.4,120.4,7.1
2025-06-27T08:12:00+00:00,2228.4,82.49,333.2,13.66,394.7,20.6,569.1,0.0588,0.75,300.4,120.4,5.6
2025-06-27T08:13:00+00:00,1978.4,82.17,351.0,13.57,377.0,20.1,554.6,0.0588,0.87,300.4,120.4,7.8
2025-06-27T08:14:00+00:00,2092.6,81.27,363.9,13.40,368.2,19.8,522.3,0.0626,0.83,300.4,120.4,6.1
2025-06-27T08:15:00+00:00,2094.5,82.53,356.4,13.81,394.9,22.8,653.0,0.0612,0.92,300.4,120.4,5.5
2025-06-27T08:16:00+00:00,2012.4,82.25,342.5,13.88,381.4,20.5,595.8,0.0597,0.89,300.4,120.4,3.7
2025-06-27T08:17:00+00:00,1982.5,81.52,341.2,13.68,384.2,20.7,605.7,0.0579,0.76,300.4,120.4,7.6
2025-06-27T08:18:00+00:00,2137.2,83.52,360.4,14.02,380.0,23.3,648.6,0.0614,0.81,300.4,120.4,6.7
2025-06-27T08:19:00+00:00,1829.7,81.71,357.7,13.66,381.1,21.9,599.2,0.0584,0.92,300.4,120.4,6.1
2025-06-27T08:20:00+00:00,1969.2,79.31,355.9,13.57,385.4,24.8,587.7,0.0589,0.90,300.4,120.4,7.1
2025-06-27T08:21:00+00:00,1949.6,82.72,358.9,13.78,360.4,22.7,579.7,0.0588,0.87,300.4,120.4,5.6
2025-06-27T08:22:00+00:00,2042.8,81.94,354.9,13.57,374.1,23.2,584.3,0.0583,0.75,300.4,120.4,6.4
2025-06-27T08:23:00+00:00,2117.2,82.77,342.1,13.90,383.2,21.8,552.0,0.0641,0.85,300.4,120.4,5.5
2025-06-27T08:24:00+00:00,2178.8,81.72,357.5,13.81,391.8,22.3,630.4,0.0592,0.81,300.4,120.4,8.2
2025-06-27T08:25:00+00:00,2164.4,82.14,344.9,13.67,376.3,23.6,623.7,0.0603,0.83,300.4,120.4,7.8
2025-06-27T08:26:00+00:00,1892.9,82.94,347.4,13.80,377.3,22.5,631.1,0.0611,0.83,300.4,120.4,6.7
2025-06-27T08:27:00+00:00,2009.9,83.74,348.6,13.85,396.9,23.2,568.0,0.0603,0.90,300.4,120.4,4.8
2025-06-27T08:28:00+00:00,1940.2,80.88,352.7,13.83,380.4,22.8,584.2,0.0611,0.89,300.4,120.4,5.5
2025-06-27T08:29:00+00:00,2271.1,83.72,363.6,13.96,398.2,21.2,600.4,0.0602,0.82,300.4,120.4,6.4
2025-06-27T08:30:00+00:00,2064.0,80.39,354.3,13.84,379.4,21.5,581.4,0.0619,0.81,300.4,120.4,7.4
2025-06-27T08:31:00+00:00,2265.9,82.47,350.8,13.83,360.4,22.9,586.5,0.0665,0.77,300.4,120.4,6.3
2025-06-27T08:32:00+00:00,1996.7,81.46,352.8,13.84,400.8,22.8,602.2,0.0586,0.85,300.4,120.4,6.1
2025-06-27T08:33:00+00:00,1906.0,81.90,341.8,13.80,361.4,21.0,596.0,0.0572,0.75,300.4,120.4,5.4
2025-06-27T08:34:00+00:00,1951.0,80.24,326.1,13.75,374.2,23.1,585.7,0.0579,0.79,300.4,120.4,4.0
2025-06-27T08:35:00+00:00,2119.8,81.69,350.3,13.61,382.7,21.5,573.7,0.0634,0.86,300.4,120.4,4.8
2025-06-27T08:36:00+00:00,2124.4,82.99,351.5,13.69,389.3,22.5,627.2,0.0621,0.86,300.4,120.4,3.3
2025-06-27T08:37:00+00:00,1787.6,82.40,344.1,13.80,387.8,22.0,620.5,0.0609,0.97,300.4,120.4,5.0
2025-06-27T08:38:00+00:00,2213.6,83.84,348.3,13.69,372.5,20.9,615.2,0.0600,0.84,300.4,120.4,6.4
2025-06-27T08:39:00+00:00,2222.5,82.64,347.7,13.69,377.9,23.2,580.1,0.0610,0.96,300.4,120.4,5.3
2025-06-27T08:40:00+00:00,1975.9,83.01,342.5,13.82,375.0,22.1,576.3,0.0602,1.00,300.4,120.4,8.1
2025-06-27T08:41:00+00:00,1841.8,81.65,341.4,13.78,361.3,24.3,550.8,0.0577,0.84,300.4,120.4,6.5
2025-06-27T08:42:00+00:00,1992.2,82.33,355.6,13.59,375.9,21.9,605.9,0.0636,0.86,300.4,120.4,4.6
2025-06-27T08:43:00+00:00,2030.6,81.88,336.7,13.93,362.5,22.5,570.0,0.0596,0.91,300.4,120.4,5.5
2025-06-27T08:44:00+00:00,865.9,76.90,354.7,13.81,363.1,21.4,506.0,0.0584,0.87,300.4,120.4,6.7
2025-06-27T08:45:00+00:00,1110.8,76.92,363.9,13.54,358.0,22.9,596.6,0.0536,0.82,300.4,120.4,8.4
2025-06-27T08:46:00+00:00,841.2,77.58,353.4,13.77,347.3,22.3,605.5,0.0533,0.92,300.4,120.4,5.1
2025-06-27T08:47:00+00:00,1002.3,77.99,355.2,13.58,393.0,22.3,498.7,0.0542,0.87,300.4,120.4,6.0
2025-06-27T08:48:00+00:00,981.2,80.00,352.0,13.89,358.3,22.9,523.4,0.0539,0.92,300.4,120.4,6.1
2025-06-27T08:49:00+00:00,1093.7,81.15,360.7,13.96,342.1,22.0,580.4,0.0540,0.87,300.4,120.4,4.0
2025-06-27T08:50:00+00:00,1026.6,77.32,359.9,13.45,342.2,21.3,598.4,0.0628,0.86,300.4,120.4,5.9
2025-06-27T08:51:00+00:00,848.3,79.45,355.3,13.62,351.3,23.8,506.7,0.0540,0.84,300.4,120.4,7.2
2025-06-27T08:52:00+00:00,922.0,79.13,361.1,13.85,349.7,21.7,529.3,0.0538,0.79,300.4,120.4,6.1
2025-06-27T08:53:00+00:00,957.4,78.60,338.6,13.72,354.1,20.5,607.8,0.0537,0.90,300.4,120.4,6.8
2025-06-27T08:54:00+00:00,1001.1,80.58,353.3,13.94,356.7,21.3,566.6,0.0534,0.85,300.4,120.4,5.9
2025-06-27T08:55:00+00:00,985.7,79.74,344.9,13.65,349.0,21.1,577.9,0.0526,0.78,300.4,120.4,6.0
2025-06-27T08:56:00+00:00,943.9,78.75,376.0,13.92,342.8,24.8,560.7,0.0539,0.92,300.4,120.4,7.7
2025-06-27T08:57:00+00:00,919.7,77.77,348.1,13.81,379.6,26.4,551.0,0.0528,0.84,300.4,120.4,7.4
2025-06-27T14:00:00+00:00,934.6,78.30,349.8,14.02,364.6,24.0,586.3,0.0527,0.82,300.4,120.4,6.7
2025-06-27T14:01:00+00:00,1009.0,77.30,361.0,13.69,361.1,24.3,541.1,0.0541,0.91,300.4,120.4,6.0
2025-06-27T14:02:00+00:00,953.0,80.96,358.3,13.99,350.7,22.0,624.5,0.0523,0.77,300.4,120.4,6.8
2025-06-27T14:03:00+00:00,990.3,77.71,343.7,13.48,344.2,21.0,612.4,0.0532,0.84,300.4,120.4,6.4
2025-06-27T14:04:00+00:00,914.2,79.32,355.5,13.67,362.4,24.2,546.2,0.0539,0.94,300.4,120.4,6.2
2025-06-27T14:05:00+00:00,906.9,78.03,358.9,13.99,346.1,20.8,531.9,0.0531,0.87,300.4,120.4,8.4
2025-06-27T14:06:00+00:00,1002.3,81.56,371.0,13.96,356.4,20.6,570.5,0.0527,0.78,300.4,120.4,6.5
2025-06-27T14:07:00+00:00,975.2,78.15,350.9,13.71,352.2,26.7,578.0,0.0534,0.87,300.4,120.4,5.8
2025-06-27T14:08:00+00:00,984.0,75.22,356.7,13.56,351.7,22.6,543.5,0.0552,0.89,300.4,120.4,6.4
2025-06-27T14:09:00+00:00,977.9,79.24,344.9,13.95,357.9,23.9,525.0,0.0573,0.72,300.4,120.4,4.9
2025-06-27T14:10:00+00:00,981.6,78.85,356.2,14.10,343.5,23.7,592.6,0.0535,0.88,300.4,120.4,5.4
2025-06-27T14:11:00+00:00,2090.8,84.74,350.8,13.68,371.2,25.2,592.9,0.0595,0.90,300.4,120.4,7.5
2025-06-27T14:12:00+00:00,1894.6,81.34,331.7,13.81,388.5,23.8,608.7,0.0583,0.86,300.4,120.4,3.3
2025-06-27T14:13:00+00:00,1937.9,81.13,354.0,13.87,379.5,21.8,632.3,0.0588,0.86,300.4,120.4,5.3
2025-06-27T14:14:00+00:00,1971.6,84.07,352.8,13.72,380.8,24.1,524.2,0.0604,0.79,300.4,120.4,5.7
2025-06-27T14:15:00+00:00,1861.1,83.88,338.2,13.95,375.5,24.1,576.2,0.0608,0.71,300.4,120.4,6.1
2025-06-27T14:16:00+00:00,2037.1,82.39,350.4,13.76,371.8,21.8,662.5,0.0655,0.84,300.4,120.4,5.9
2025-06-27T14:17:00+00:00,1948.5,81.77,353.3,13.69,371.0,19.1,568.7,0.0574,0.76,300.4,120.4,5.6
2025-06-27T14:18:00+00:00,1773.7,81.81,360.1,13.79,373.6,20.7,639.0,0.0646,0.90,300.4,120.4,6.7
2025-06-27T14:19:00+00:00,2069.3,80.82,341.2,13.89,375.3,22.4,589.8,0.0592,0.85,300.4,120.4,5.9
2025-06-27T14:20:00+00:00,1852.3,81.15,354.2,13.87,399.2,22.8,588.3,0.0579,0.85,300.4,120.4,6.0
2025-06-27T14:21:00+00:00,1913.4,80.85,355.9,13.87,383.5,20.8,628.1,0.0600,0.82,300.4,120.4,7.5
2025-06-27T14:22:00+00:00,1931.1,81.43,354.1,13.92,364.9,21.0,624.5,0.0581,0.82,300.4,120.4,6.2
2025-06-27T14:23:00+00:00,2077.1,84.67,349.7,13.76,369.2,25.3,543.3,0.0666,0.89,300.4,120.4,4.9
2025-06-27T14:24:00+00:00,2033.2,80.81,351.9,13.87,381.3,21.6,580.8,0.0588,0.84,300.4,120.4,7.3
2025-06-27T14:25:00+00:00,2103.2,81.51,348.7,13.99,372.0,24.6,643.7,0.0643,0.86,300.4,120.4,6.6
2025-06-27T14:26:00+00:00,2079.5,82.31,349.5,13.64,396.9,22.3,573.0,0.0598,0.77,300.4,120.4,4.9
2025-06-27T14:27:00+00:00,2147.1,79.31,348.1,13.78,381.1,21.8,529.4,0.0640,0.82,300.4,120.4,6.2
2025-06-27T14:28:00+00:00,2007.7,82.26,345.4,14.03,374.3,23.4,577.2,0.0636,0.87,300.4,120.4,5.6
2025-06-27T14:29:00+00:00,2002.9,82.57,353.4,13.87,369.7,22.4,606.6,0.0583,0.80,300.4,120.4,7.8
2025-06-27T14:30:00+00:00,2137.6,82.42,335.5,13.72,399.7,22.4,611.6,0.0595,0.85,300.4,120.4,5.1
2025-06-27T14:31:00+00:00,1943.9,81.10,351.3,13.79,364.2,23.6,597.9,0.0686,0.84,300.4,120.4,6.5
2025-06-27T14:32:00+00:00,1834.7,82.47,367.5,13.96,369.7,22.5,615.7,0.0584,0.76,300.4,120.4,6.2
2025-06-27T14:33:00+00:00,2021.8,84.56,350.4,13.72,385.6,19.8,593.6,0.0581,0.77,300.4,120.4,6.0
2025-06-27T14:34:00+00:00,2141.7,82.73,365.7,13.70,394.6,24.3,629.8,0.0594,0.85,300.4,120.4,7.6
2025-06-27T14:35:00+00:00,2202.0,81.32,349.9,14.03,378.2,22.8,615.6,0.0609,0.81,300.4,120.4,6.6
2025-06-27T14:36:00+00:00,1936.5,81.95,355.0,13.87,378.2,24.1,621.7,0.0577,0.79,300.4,120.4,5.6
2025-06-27T14:37:00+00:00,1948.2,83.08,345.2,13.91,372.7,21.6,602.5,0.0580,0.81,300.4,120.4,5.4
2025-06-27T14:38:00+00:00,1933.9,83.68,344.9,14.00,368.9,20.2,601.3,0.0575,0.75,300.4,120.4,6.1
2025-06-27T14:39:00+00:00,2028.4,81.46,350.4,13.44,368.2,25.3,606.8,0.0630,0.84,300.4,120.4,6.0
2025-06-27T14:40:00+00:00,1928.0,79.72,351.5,13.76,367.5,25.5,586.3,0.0583,0.71,300.4,120.4,7.3
2025-06-27T14:41:00+00:00,1871.0,80.60,344.3,13.67,387.5,24.9,610.1,0.0576,0.80,300.4,120.4,6.7
2025-06-27T14:42:00+00:00,1962.0,79.34,337.5,14.30,402.3,23.4,593.8,0.0578,0.78,300.4,120.4,5.4
2025-06-27T14:43:00+00:00,2137.3,84.62,356.1,13.65,393.3,21.0,646.5,0.0638,0.84,300.4,120.4,6.5
2025-06-27T14:44:00+00:00,1801.4,80.60,346.1,13.57,388.9,22.0,593.1,0.0569,0.77,300.4,120.4,7.2
2025-06-27T14:45:00+00:00,2083.9,83.07,345.2,13.80,371.9,23.2,616.5,0.0617,0.87,300.4,120.4,5.5
2025-06-27T14:46:00+00:00,2057.2,83.38,355.0,13.82,398.5,22.9,610.7,0.0665,0.82,300.4,120.4,7.4
2025-06-27T14:47:00+00:00,2105.5,81.06,357.1,13.84,399.4,23.8,600.9,0.0590,0.83,300.4,120.4,6.7
2025-06-27T14:48:00+00:00,2016.9,78.08,358.9,13.82,386.6,18.9,640.7,0.0583,0.83,300.4,120.4,5.8
2025-06-27T14:49:00+00:00,2013.6,85.26,353.2,13.79,378.5,21.2,605.8,0.0595,0.92,300.4,120.4,9.1
2025-06-27T14:50:00+00:00,2017.5,83.41,344.9,14.00,380.5,23.8,591.2,0.0598,0.79,300.4,120.4,4.5
2025-06-27T14:51:00+00:00,2252.4,83.17,350.2,14.08,376.7,22.1,626.0,0.0628,0.95,300.4,120.4,7.2
2025-06-27T14:52:00+00:00,1896.9,81.19,348.5,13.86,390.2,18.9,583.9,0.0576,0.81,300.4,120.4,6.8
2025-06-27T14:53:00+00:00,1904.0,83.88,342.1,14.00,375.5,21.8,586.9,0.0630,0.82,300.4,120.4,5.7
2025-06-27T14:54:00+00:00,1973.8,83.26,352.4,13.58,377.8,22.0,598.4,0.0608,0.79,300.4,120.4,8.4
2025-06-27T14:55:00+00:00,2446.3,82.04,349.2,13.68,390.4,21.2,644.9,0.0611,0.85,300.4,120.4,7.3
2025-06-27T14:56:00+00:00,1885.1,80.21,343.9,14.00,398.1,19.8,617.3,0.0581,0.86,300.4,120.4,5.3
2025-06-27T14:57:00+00:00,2383.3,80.81,339.5,13.93,398.5,22.8,549.5,0.0609,0.86,300.4,120.4,7.0
2025-06-27T14:58:00+00:00,1940.3,81.71,344.2,13.99,368.2,22.1,578.4,0.0625,0.90,300.4,120.4,7.1
2025-06-27T14:59:00+00:00,1989.4,80.63,349.8,13.59,394.0,20.3,607.9,0.0646,0.82,300.4,120.4,5.2
2025-06-27T15:00:00+00:00,1810.9,79.83,355.7,13.84,388.7,22.7,576.6,0.0575,0.83,300.4,120.4,7.3
2025-06-27T15:01:00+00:00,2059.7,83.09,346.3,13.85,387.7,22.6,593.1,0.0621,0.82,300.4,120.4,5.6
2025-06-27T15:02:00+00:00,2538.4,83.32,353.8,13.90,405.8,22.5,645.0,0.0678,0.80,300.4,120.4,4.9
2025-06-27T15:03:00+00:00,2121.7,83.07,350.4,13.91,394.8,22.9,653.9,0.0599,0.91,300.4,120.4,5.2
2025-06-27T15:04:00+00:00,1928.4,83.77,346.0,13.63,378.3,23.1,578.4,0.0658,0.75,300.4,120.4,6.5
2025-06-27T15:05:00+00:00,2028.3,82.12,348.3,13.71,402.8,22.4,621.6,0.0589,0.86,300.4,120.4,6.8
2025-06-27T15:06:00+00:00,2040.7,82.29,339.7,13.79,357.5,23.8,583.5,0.0622,0.79,300.4,120.4,6.2
2025-06-27T15:07:00+00:00,2045.7,84.55,346.1,13.55,383.7,19.6,616.0,0.0591,0.85,300.4,120.4,6.1
2025-06-27T15:08:00+00:00,2025.4,83.72,347.5,13.95,366.7,21.7,627.8,0.0595,0.91,300.4,120.4,4.4
2025-06-27T15:09:00+00:00,2444.8,83.99,359.9,13.51,396.2,23.4,664.3,0.0629,0.93,300.4,120.4,6.3
2025-06-27T15:10:00+00:00,2561.4,83.32,344.3,13.73,390.7,19.3,655.3,0.0620,0.87,300.4,120.4,5.6
2025-06-27T15:11:00+00:00,2382.0,82.46,340.7,13.99,403.0,19.5,592.0,0.0609,0.87,300.4,120.4,5.6
2025-06-27T15:12:00+00:00,2581.7,80.57,338.7,13.95,396.4,22.1,635.8,0.0649,0.90,300.4,120.4,6.9
2025-06-27T15:13:00+00:00,2195.4,82.72,337.5,13.82,401.8,20.6,633.0,0.0595,0.82,300.4,120.4,7.7
2025-06-27T15:14:00+00:00,1887.6,81.82,350.1,13.93,353.4,23.6,604.9,0.0603,0.85,300.4,120.4,5.4
2025-06-27T15:15:00+00:00,2383.5,85.71,360.4,13.90,397.6,22.2,676.5,0.0625,0.82,300.4,120.4,7.5
2025-06-27T15:16:00+00:00,2405.2,83.08,362.3,13.80,373.4,21.9,595.2,0.0609,0.77,300.4,120.4,6.7
2025-06-27T15:17:00+00:00,1974.3,82.21,358.1,13.53,376.9,25.0,569.0,0.0622,0.91,300.4,120.4,6.6
2025-06-27T15:18:00+00:00,2001.6,83.69,342.4,13.90,386.2,21.9,559.4,0.0624,0.88,300.4,120.4,4.8
2025-06-27T15:19:00+00:00,1950.1,84.24,344.5,13.57,376.7,20.9,531.9,0.0584,0.85,300.4,120.4,8.7
2025-06-27T15:20:00+00:00,2109.4,82.68,355.6,13.93,374.5,21.9,617.9,0.0659,0.88,300.4,120.4,6.0
2025-06-27T15:21:00+00:00,1902.4,83.59,365.6,13.60,375.3,21.6,655.2,0.0584,0.87,300.4,120.4,5.1
2025-06-27T15:22:00+00:00,1996.9,80.64,347.5,13.67,379.2,21.7,631.6,0.0597,0.83,300.4,120.4,5.0
2025-06-27T15:23:00+00:00,2052.2,80.01,344.7,13.56,392.4,21.7,606.7,0.0593,0.88,300.4,120.4,5.6
2025-06-27T15:24:00+00:00,1865.8,81.96,336.1,13.58,363.9,22.2,607.6,0.0571,0.78,300.4,120.4,5.1
2025-06-27T15:25:00+00:00,1862.8,82.31,356.4,13.86,352.0,21.9,579.8,0.0669,0.84,300.4,120.4,6.8
2025-06-27T15:26:00+00:00,2260.8,84.58,344.9,13.86,394.1,22.4,580.4,0.0654,0.89,300.4,120.4,8.5
2025-06-27T15:27:00+00:00,1944.9,81.54,347.6,13.92,383.6,25.0,584.3,0.0622,0.85,300.4,120.4,7.8
2025-06-27T15:28:00+00:00,2051.8,82.54,351.6,13.99,390.3,22.0,530.7,0.0576,0.71,300.4,120.4,5.8
2025-06-27T15:29:00+00:00,1942.0,80.46,342.9,13.95,379.4,21.8,581.4,0.0583,0.85,300.4,120.4,6.2
2025-06-27T15:30:00+00:00,1983.6,82.21,352.4,13.89,389.3,21.8,607.0,0.0615,0.84,300.4,120.4,5.6
2025-06-27T15:31:00+00:00,2097.7,81.75,337.9,14.02,361.2,23.5,617.8,0.0682,0.71,300.4,120.4,6.6
2025-06-27T15:32:00+00:00,1945.5,80.12,342.6,13.61,392.3,22.2,593.9,0.0592,0.85,300.4,120.4,6.8
2025-06-27T15:33:00+00:00,2090.8,85.51,350.4,13.74,387.7,21.9,662.8,0.0599,0.89,300.4,120.4,5.5
2025-06-27T15:34:00+00:00,2023.4,81.80,356.0,13.57,388.3,20.9,631.8,0.0584,0.80,300.4,120.4,4.8
2025-06-27T15:35:00+00:00,2015.9,86.25,365.1,13.80,364.5,21.1,606.8,0.0615,0.89,300.4,120.4,5.8
2025-06-27T15:36:00+00:00,1944.2,82.32,347.9,13.80,359.4,20.8,619.7,0.0597,0.99,300.4,120.4,6.7
2025-06-27T15:37:00+00:00,2079.8,84.05,348.2,13.73,387.0,23.1,513.3,0.0606,0.75,300.4,120.4,6.1
2025-06-27T15:38:00+00:00,2181.5,83.80,355.9,13.93,395.4,21.7,608.1,0.0611,0.86,300.4,120.4,5.5
2025-06-27T15:39:00+00:00,1910.2,81.59,333.7,13.84,391.3,21.7,608.1,0.0617,0.86,300.4,120.4,6.9
2025-06-27T15:40:00+00:00,2041.2,82.86,357.7,13.87,399.6,21.8,600.7,0.0591,0.86,300.4,120.4,5.4
2025-06-27T15:41:00+00:00,2010.6,80.48,349.2,13.76,378.7,22.8,629.3,0.0600,0.87,300.4,120.4,5.1
2025-06-27T15:42:00+00:00,2064.8,82.75,354.5,13.85,383.4,24.1,643.5,0.0651,0.88,300.4,120.4,5.7
2025-06-27T15:43:00+00:00,2006.8,80.32,357.5,14.04,375.2,22.5,594.4,0.0583,0.82,300.4,120.4,8.2
2025-06-27T15:44:00+00:00,1995.9,83.04,360.1,13.65,377.9,21.4,616.9,0.0644,0.84,300.4,120.4,7.5
2025-06-27T15:45:00+00:00,1822.7,81.08,351.3,13.77,383.1,23.0,575.8,0.0577,0.85,300.4,120.4,5.7
2025-06-27T15:46:00+00:00,2167.1,82.10,351.9,13.63,391.4,22.4,628.3,0.0611,0.87,300.4,120.4,6.6
2025-06-27T15:47:00+00:00,2031.9,86.45,342.9,13.88,385.0,21.9,572.3,0.0586,0.81,300.4,120.4,4.2
2025-06-27T15:48:00+00:00,2066.7,83.87,367.9,13.96,403.3,20.4,642.1,0.0626,0.86,300.4,120.4,6.9
2025-06-27T15:49:00+00:00,2155.9,78.53,345.6,13.77,386.7,20.9,628.2,0.0620,0.86,300.4,120.4,7.3
2025-06-27T15:50:00+00:00,2050.9,81.14,339.9,14.02,393.9,21.5,627.7,0.0586,0.80,300.4,120.4,6.1
2025-06-27T15:51:00+00:00,1936.3,81.64,357.0,13.87,385.8,20.7,563.8,0.0582,0.84,300.4,120.4,6.2
2025-06-27T15:52:00+00:00,2193.0,81.87,352.9,13.89,394.5,20.6,637.8,0.0644,0.86,300.4,120.4,4.7
2025-06-27T15:53:00+00:00,2062.4,82.45,356.2,13.87,386.6,22.1,604.3,0.0599,0.86,300.4,120.4,6.2
2025-06-27T15:54:00+00:00,1882.4,81.31,363.5,13.70,366.7,23.0,586.6,0.0584,0.87,300.4,120.4,5.8
2025-06-27T15:55:00+00:00,1896.4,81.49,346.3,13.79,388.5,20.8,568.4,0.0578,0.81,300.4,120.4,4.4
2025-06-27T15:56:00+00:00,1801.6,83.51,364.4,13.63,355.7,23.6,622.1,0.0612,0.78,300.4,120.4,4.6
2025-06-27T15:57:00+00:00,1019.7,79.59,354.5,13.92,347.4,22.7,587.3,0.0536,0.86,300.4,120.4,7.1
2025-06-27T15:58:00+00:00,1041.4,78.92,349.5,14.01,346.7,20.9,558.6,0.0563,0.84,300.4,120.4,7.8
2025-06-27T15:59:00+00:00,1148.1,78.03,369.5,13.89,354.1,23.1,564.6,0.0605,0.89,300.4,120.4,7.4
2025-06-27T16:00:00+00:00,865.1,77.74,338.4,13.81,337.8,20.5,634.4,0.0527,0.86,300.4,120.4,6.0
2025-06-27T16:01:00+00:00,1015.8,79.52,352.5,13.95,343.7,24.1,551.0,0.0534,0.86,300.4,120.4,5.9
2025-06-27T16:02:00+00:00,1133.1,79.31,352.2,13.80,354.6,19.6,595.3,0.0562,0.84,300.4,120.4,6.1
2025-06-27T16:03:00+00:00,965.6,78.52,353.3,13.79,366.2,22.8,519.1,0.0542,0.80,300.4,120.4,6.5
2025-06-27T16:04:00+00:00,1043.8,80.84,370.9,13.74,368.4,21.2,541.3,0.0538,0.83,300.4,120.4,6.7
2025-06-27T16:05:00+00:00,1134.0,80.36,365.9,13.93,344.3,20.8,563.6,0.0572,0.83,300.4,120.4,6.4
2025-06-27T16:06:00+00:00,893.7,78.40,349.5,13.76,361.1,23.8,536.6,0.0537,0.85,300.4,120.4,6.6
2025-06-28T06:00:00+00:00,1036.9,78.51,347.3,13.63,355.8,23.5,639.9,0.0581,0.49,264.4,174.4,4.7
2025-06-28T06:01:00+00:00,1041.5,78.14,343.8,13.86,352.6,22.7,529.7,0.0545,0.46,264.4,174.4,5.7
2025-06-28T06:02:00+00:00,836.7,77.89,364.1,13.54,357.4,23.3,572.4,0.0538,0.50,264.4,174.4,4.4
2025-06-28T06:03:00+00:00,957.7,75.31,355.3,13.74,354.4,22.9,541.3,0.0519,0.57,264.4,174.4,7.1
2025-06-28T06:04:00+00:00,1022.7,79.44,363.0,13.68,347.0,22.3,540.3,0.0494,0.43,264.4,174.4,4.8
2025-06-28T06:05:00+00:00,1013.7,75.96,359.5,13.76,361.4,21.6,628.0,0.0524,0.49,264.4,174.4,5.6
2025-06-28T06:06:00+00:00,980.1,80.82,355.3,13.75,327.5,24.2,544.3,0.0510,0.53,264.4,174.4,8.3
2025-06-28T06:07:00+00:00,880.7,77.90,366.7,13.88,333.4,21.4,539.5,0.0493,0.49,264.4,174.4,5.8
2025-06-28T06:08:00+00:00,1078.7,77.54,356.2,13.78,364.2,24.5,594.5,0.0599,0.54,264.4,174.4,6.0
2025-06-28T06:09:00+00:00,957.5,77.14,345.6,13.90,362.6,23.5,558.2,0.0553,0.58,264.4,174.4,5.8
2025-06-28T06:10:00+00:00,1060.2,80.86,358.8,13.77,345.8,23.0,557.0,0.0497,0.44,264.4,174.4,6.0
2025-06-28T06:11:00+00:00,863.2,79.30,361.0,13.74,348.2,22.7,549.8,0.0493,0.52,264.4,174.4,4.4
2025-06-28T06:12:00+00:00,2019.8,83.91,340.4,13.95,384.0,22.8,651.2,0.0573,0.51,264.4,174.4,5.8
2025-06-28T06:13:00+00:00,2039.6,82.93,340.2,13.83,396.9,21.6,584.7,0.0556,0.51,264.4,174.4,4.3
2025-06-28T06:14:00+00:00,2062.2,82.11,335.0,13.89,397.0,23.1,630.5,0.0549,0.45,264.4,174.4,5.5
2025-06-28T06:15:00+00:00,2107.3,83.88,347.1,13.60,374.8,19.3,657.4,0.0568,0.61,264.4,174.4,5.5
2025-06-28T06:16:00+00:00,2038.0,80.83,347.8,14.11,376.1,20.6,586.8,0.0563,0.59,264.4,174.4,4.6
2025-06-28T06:17:00+00:00,2097.1,81.70,361.6,13.76,369.9,24.1,688.4,0.0596,0.42,264.4,174.4,4.9
2025-06-28T06:18:00+00:00,2209.7,81.86,336.5,13.75,394.9,24.2,626.3,0.0616,0.54,264.4,174.4,5.3
2025-06-28T06:19:00+00:00,1857.2,84.00,344.3,13.80,348.3,21.3,629.4,0.0590,0.49,264.4,174.4,5.3
2025-06-28T06:20:00+00:00,1966.2,82.46,339.0,13.96,370.8,22.4,672.6,0.0619,0.46,264.4,174.4,6.3
2025-06-28T06:21:00+00:00,1974.0,81.25,348.7,13.70,385.0,21.0,590.8,0.0566,0.62,264.4,174.4,4.9
2025-06-28T06:22:00+00:00,1871.9,79.57,348.6,13.50,381.0,21.0,589.1,0.0557,0.55,264.4,174.4,4.9
2025-06-28T06:23:00+00:00,2109.2,80.82,348.7,13.74,375.4,23.8,572.7,0.0561,0.53,264.4,174.4,5.6
2025-06-28T06:24:00+00:00,2006.4,80.96,346.8,13.98,378.9,21.5,632.2,0.0585,0.49,264.4,174.4,5.5
2025-06-28T06:25:00+00:00,1777.0,79.32,358.3,13.95,395.6,21.0,629.4,0.0562,0.52,264.4,174.4,5.9
2025-06-28T06:26:00+00:00,1856.4,82.27,334.4,13.70,362.7,24.5,574.0,0.0572,0.48,264.4,174.4,6.5
2025-06-28T06:27:00+00:00,2094.7,84.31,348.2,13.88,373.9,21.5,609.5,0.0553,0.47,264.4,174.4,6.5
2025-06-28T06:28:00+00:00,2179.1,85.59,343.2,13.94,379.4,21.8,591.7,0.0562,0.51,264.4,174.4,5.5
2025-06-28T06:29:00+00:00,1975.0,78.06,351.9,13.93,372.8,22.0,562.0,0.0556,0.55,264.4,174.4,4.3
2025-06-28T06:30:00+00:00,2149.8,81.67,342.9,13.77,378.3,20.3,597.6,0.0563,0.54,264.4,174.4,6.1
2025-06-28T06:31:00+00:00,1884.8,80.08,345.5,13.66,379.9,22.4,587.1,0.0567,0.52,264.4,174.4,6.1
2025-06-28T06:32:00+00:00,1847.0,84.10,343.8,13.67,358.4,21.5,575.9,0.0547,0.54,264.4,174.4,5.0
2025-06-28T06:33:00+00:00,2117.4,80.95,345.0,13.98,404.3,20.3,577.8,0.0562,0.54,264.4,174.4,6.5
2025-06-28T06:34:00+00:00,2034.2,79.56,344.7,13.80,375.7,21.0,567.1,0.0563,0.50,264.4,174.4,4.7
2025-06-28T06:35:00+00:00,2143.2,83.39,347.6,13.90,394.3,24.8,566.4,0.0572,0.62,264.4,174.4,6.4
2025-06-28T06:36:00+00:00,2073.0,83.43,347.3,13.68,392.4,24.0,644.1,0.0604,0.55,264.4,174.4,5.8
2025-06-28T06:37:00+00:00,1792.5,84.48,347.2,13.80,373.1,20.1,643.1,0.0542,0.52,264.4,174.4,6.8
2025-06-28T06:38:00+00:00,2111.4,81.21,341.1,13.99,391.7,20.9,522.2,0.0579,0.45,264.4,174.4,4.0
2025-06-28T06:39:00+00:00,2009.5,80.05,355.4,13.58,378.1,23.2,586.8,0.0580,0.56,264.4,174.4,4.5
2025-06-28T06:40:00+00:00,1871.2,80.07,355.5,13.99,373.2,22.4,590.7,0.0544,0.49,264.4,174.4,5.9
2025-06-28T06:41:00+00:00,1824.4,80.92,359.2,14.03,381.3,23.2,590.3,0.0551,0.59,264.4,174.4,6.4
2025-06-28T06:42:00+00:00,2231.5,84.62,356.8,13.66,389.6,23.0,619.1,0.0595,0.47,264.4,174.4,5.0
2025-06-28T06:43:00+00:00,2095.8,81.52,372.2,13.98,386.3,23.6,581.9,0.0573,0.49,264.4,174.4,5.6
2025-06-28T06:44:00+00:00,2026.3,81.03,342.9,13.83,392.8,23.0,586.8,0.0550,0.47,264.4,174.4,6.2
2025-06-28T06:45:00+00:00,1992.4,81.81,338.0,13.84,391.9,22.6,639.1,0.0551,0.49,264.4,174.4,5.7
2025-06-28T06:46:00+00:00,2015.0,82.36,352.0,13.66,378.2,21.9,587.2,0.0556,0.54,264.4,174.4,5.3
2025-06-28T06:47:00+00:00,2102.9,79.65,356.5,13.68,387.1,23.4,613.4,0.0556,0.50,264.4,174.4,4.4
2025-06-28T06:48:00+00:00,2025.7,81.75,353.4,13.71,387.1,22.9,568.9,0.0601,0.54,264.4,174.4,4.8
2025-06-28T06:49:00+00:00,1965.1,84.23,342.3,13.96,386.8,22.1,606.8,0.0604,0.53,264.4,174.4,5.4
2025-06-28T06:50:00+00:00,2098.5,83.52,364.4,13.87,385.7,21.1,599.2,0.0562,0.54,264.4,174.4,5.3
2025-06-28T06:51:00+00:00,2072.6,83.22,359.4,13.94,390.6,20.7,614.2,0.0569,0.49,264.4,174.4,5.5
2025-06-28T06:52:00+00:00,2216.2,83.38,348.2,13.85,403.6,23.8,659.4,0.0567,0.54,264.4,174.4,5.0
2025-06-28T06:53:00+00:00,1897.6,82.63,348.2,13.88,387.6,22.7,621.5,0.0540,0.44,264.4,174.4,7.5
2025-06-28T06:54:00+00:00,1942.3,84.33,358.4,13.60,393.1,25.5,561.7,0.0550,0.52,264.4,174.4,5.4
2025-06-28T06:55:00+00:00,2163.6,83.61,348.6,13.94,409.4,22.4,545.1,0.0562,0.51,264.4,174.4,4.3
2025-06-28T06:56:00+00:00,1917.0,85.78,351.3,13.72,381.1,20.9,630.8,0.0548,0.49,264.4,174.4,6.3
2025-06-28T06:57:00+00:00,1823.6,83.05,353.4,13.71,375.4,22.6,582.5,0.0558,0.53,264.4,174.4,4.2
2025-06-28T06:58:00+00:00,1883.5,81.37,352.1,13.90,393.3,22.2,584.8,0.0554,0.57,264.4,174.4,5.4
2025-06-28T06:59:00+00:00,1924.4,83.02,344.4,13.88,383.1,21.3,621.1,0.0565,0.52,264.4,174.4,5.5
2025-06-28T07:00:00+00:00,1999.6,82.18,343.7,13.98,371.7,21.1,610.7,0.0562,0.60,264.4,174.4,5.2
2025-06-28T07:01:00+00:00,2434.4,85.20,354.5,13.92,374.6,22.6,629.9,0.0567,0.41,264.4,174.4,5.1
2025-06-28T07:02:00+00:00,2474.1,84.86,352.6,13.74,413.1,21.5,667.7,0.0577,0.50,264.4,174.4,5.4
2025-06-28T07:03:00+00:00,2023.4,83.53,355.8,13.85,389.3,19.5,669.9,0.0545,0.35,264.4,174.4,7.2
2025-06-28T07:04:00+00:00,2035.9,81.43,339.0,13.79,373.6,22.6,627.4,0.0563,0.59,264.4,174.4,4.3
2025-06-28T07:05:00+00:00,1874.3,79.45,347.6,13.83,375.0,23.2,645.1,0.0648,0.44,264.4,174.4,6.5
2025-06-28T07:06:00+00:00,2114.5,83.65,364.7,13.81,401.1,22.7,646.6,0.0598,0.52,264.4,174.4,6.1
2025-06-28T07:07:00+00:00,1816.0,83.18,345.5,13.70,350.0,21.0,580.3,0.0553,0.61,264.4,174.4,5.2
2025-06-28T07:08:00+00:00,1915.4,80.92,358.1,13.90,365.3,23.0,604.5,0.0558,0.57,264.4,174.4,6.5
2025-06-28T07:09:00+00:00,2549.3,83.55,348.9,14.01,382.6,19.6,604.1,0.0581,0.52,264.4,174.4,5.1
2025-06-28T07:10:00+00:00,1930.1,82.08,352.9,13.98,375.5,22.3,540.4,0.0663,0.51,264.4,174.4,5.3
2025-06-28T07:11:00+00:00,1938.1,81.60,344.6,13.93,377.2,21.9,581.7,0.0639,0.57,264.4,174.4,5.9
2025-06-28T07:12:00+00:00,2251.7,81.87,341.5,13.75,415.5,23.9,596.0,0.0569,0.52,264.4,174.4,3.9
2025-06-28T07:13:00+00:00,1932.7,81.83,347.1,13.73,366.9,23.0,595.1,0.0547,0.48,264.4,174.4,3.4
2025-06-28T07:14:00+00:00,2037.1,82.42,347.5,13.84,386.7,23.2,607.9,0.0565,0.62,264.4,174.4,7.6
2025-06-28T07:15:00+00:00,1959.5,83.17,342.5,13.60,383.2,20.1,612.7,0.0554,0.54,264.4,174.4,3.9
2025-06-28T07:16:00+00:00,1865.5,77.42,341.2,13.86,395.1,21.8,611.2,0.0544,0.50,264.4,174.4,5.3
2025-06-28T07:17:00+00:00,1955.9,83.09,352.4,13.87,377.3,23.3,574.7,0.0682,0.49,264.4,174.4,6.1
2025-06-28T07:18:00+00:00,2439.2,82.35,353.3,13.89,393.5,18.5,640.3,0.0569,0.45,264.4,174.4,5.6
2025-06-28T07:19:00+00:00,2463.8,81.58,343.7,13.90,395.6,23.4,684.1,0.0622,0.53,264.4,174.4,9.0
2025-06-28T07:20:00+00:00,1909.4,81.10,337.9,13.82,371.0,21.2,634.9,0.0551,0.54,264.4,174.4,6.2
2025-06-28T07:21:00+00:00,2508.7,84.24,348.3,13.87,390.2,24.9,584.3,0.0641,0.49,264.4,174.4,4.5
2025-06-28T07:22:00+00:00,2436.2,83.51,355.4,13.96,412.2,21.7,634.5,0.0575,0.49,264.4,174.4,5.4
2025-06-28T07:23:00+00:00,1977.8,80.61,344.8,13.72,404.5,22.2,539.1,0.0556,0.55,264.4,174.4,6.2
2025-06-28T07:24:00+00:00,2406.3,80.30,339.0,13.86,388.0,21.2,664.9,0.0574,0.51,264.4,174.4,5.5
2025-06-28T07:25:00+00:00,2360.3,83.07,351.7,13.55,394.9,19.8,682.8,0.0579,0.58,264.4,174.4,5.0
2025-06-28T07:26:00+00:00,2449.8,84.91,348.5,13.92,400.8,21.8,583.7,0.0596,0.48,264.4,174.4,6.6
2025-06-28T07:27:00+00:00,1954.3,82.82,336.2,13.98,374.5,23.3,598.4,0.0570,0.62,264.4,174.4,5.9
2025-06-28T07:28:00+00:00,2037.3,84.35,335.1,13.60,376.3,18.9,611.6,0.0561,0.49,264.4,174.4,5.1
2025-06-28T07:29:00+00:00,1943.9,80.89,346.8,13.71,356.7,23.0,603.6,0.0600,0.59,264.4,174.4,6.8
2025-06-28T07:30:00+00:00,1851.6,80.94,355.0,13.63,376.6,22.5,618.1,0.0553,0.58,264.4,174.4,7.0
2025-06-28T07:31:00+00:00,1920.3,82.26,340.3,13.68,379.0,21.8,608.7,0.0585,0.52,264.4,174.4,4.7
2025-06-28T07:32:00+00:00,2005.4,80.02,352.5,13.78,361.4,22.7,585.7,0.0572,0.63,264.4,174.4,6.6
2025-06-28T07:33:00+00:00,2070.2,79.51,358.3,13.71,382.4,22.8,627.6,0.0559,0.49,264.4,174.4,6.7
2025-06-28T07:34:00+00:00,1992.8,81.41,347.8,13.83,384.4,22.3,634.0,0.0555,0.53,264.4,174.4,3.9
2025-06-28T07:35:00+00:00,1885.7,80.78,354.3,13.71,366.9,23.9,561.6,0.0544,0.48,264.4,174.4,5.6
2025-06-28T07:36:00+00:00,1971.4,81.31,337.6,14.04,392.1,21.5,628.5,0.0564,0.52,264.4,174.4,5.6
2025-06-28T07:37:00+00:00,2005.0,80.79,346.4,13.57,393.8,19.1,544.4,0.0547,0.46,264.4,174.4,5.0
2025-06-28T07:38:00+00:00,1954.9,83.46,344.0,14.04,389.2,20.9,605.7,0.0556,0.57,264.4,174.4,5.8
2025-06-28T07:39:00+00:00,2039.5,83.41,336.6,13.79,389.1,24.8,594.0,0.0622,0.52,264.4,174.4,4.2
2025-06-28T07:40:00+00:00,2035.5,82.50,344.1,13.81,390.5,22.1,595.5,0.0560,0.56,264.4,174.4,5.9
2025-06-28T07:41:00+00:00,2067.7,85.31,358.7,13.88,370.4,22.9,626.5,0.0549,0.44,264.4,174.4,6.2
2025-06-28T07:42:00+00:00,2097.4,82.86,346.6,13.96,374.3,24.2,596.0,0.0560,0.52,264.4,174.4,6.2
2025-06-28T07:43:00+00:00,2095.7,81.31,356.0,13.75,389.2,23.4,607.2,0.0558,0.52,264.4,174.4,4.9
2025-06-28T07:44:00+00:00,2068.7,80.06,346.7,13.69,378.6,21.2,623.4,0.0577,0.55,264.4,174.4,5.6
2025-06-28T07:45:00+00:00,2104.8,82.69,348.4,13.59,378.9,19.7,657.9,0.0561,0.52,264.4,174.4,5.2
2025-06-28T07:46:00+00:00,1952.0,84.41,353.9,14.04,379.5,22.5,616.7,0.0544,0.45,264.4,174.4,6.1
2025-06-28T07:47:00+00:00,2235.1,82.66,335.8,13.70,382.8,22.0,529.9,0.0628,0.54,264.4,174.4,6.1
2025-06-28T07:48:00+00:00,2043.7,81.22,336.8,13.54,372.4,19.9,625.1,0.0614,0.41,264.4,174.4,4.7
2025-06-28T07:49:00+00:00,2091.2,80.90,354.4,13.62,378.2,22.8,616.1,0.0554,0.48,264.4,174.4,5.6
2025-06-28T07:50:00+00:00,2088.2,81.95,348.1,13.85,366.7,21.5,534.2,0.0562,0.54,264.4,174.4,6.2
2025-06-28T07:51:00+00:00,1759.8,78.09,350.0,13.86,370.8,25.3,510.8,0.0553,0.48,264.4,174.4,5.3
2025-06-28T07:52:00+00:00,2022.6,82.51,348.1,13.82,386.7,24.7,590.1,0.0554,0.51,264.4,174.4,5.9
2025-06-28T07:53:00+00:00,1800.3,82.34,349.7,13.82,365.0,20.7,616.6,0.0539,0.47,264.4,174.4,4.9
2025-06-28T07:54:00+00:00,1775.3,83.35,358.2,14.02,381.2,26.2,633.2,0.0542,0.51,264.4,174.4,4.4
2025-06-28T07:55:00+00:00,1993.2,81.82,357.7,13.58,372.7,21.8,570.9,0.0565,0.48,264.4,174.4,5.4
2025-06-28T07:56:00+00:00,1847.7,80.89,356.6,14.03,368.8,20.7,577.3,0.0600,0.50,264.4,174.4,5.5
2025-06-28T07:57:00+00:00,2038.6,82.47,358.7,13.72,375.8,23.9,615.5,0.0633,0.60,264.4,174.4,4.9
2025-06-28T07:58:00+00:00,2062.2,81.31,342.9,13.77,377.0,22.7,576.3,0.0563,0.54,264.4,174.4,5.8
2025-06-28T07:59:00+00:00,2142.4,82.93,354.1,14.03,390.0,22.7,605.9,0.0627,0.56,264.4,174.4,5.6
2025-06-28T08:00:00+00:00,2000.9,79.27,344.3,13.88,368.2,22.5,623.1,0.0559,0.56,264.4,174.4,5.6
2025-06-28T08:01:00+00:00,2165.7,83.52,358.8,13.69,378.3,21.2,634.5,0.0619,0.60,264.4,174.4,5.6
2025-06-28T08:02:00+00:00,1984.3,82.77,350.4,13.68,407.0,21.5,601.0,0.0547,0.47,264.4,174.4,3.9
2025-06-28T08:03:00+00:00,2021.0,81.31,354.3,13.91,388.8,24.1,603.4,0.0553,0.49,264.4,174.4,5.4
2025-06-28T08:04:00+00:00,2052.1,81.64,345.4,13.86,396.1,22.7,624.0,0.0603,0.45,264.4,174.4,5.3
2025-06-28T08:05:00+00:00,2019.7,81.60,343.0,13.95,400.1,23.5,666.2,0.0559,0.57,264.4,174.4,5.0
2025-06-28T08:06:00+00:00,2071.1,84.31,342.3,13.93,380.9,22.1,664.8,0.0615,0.51,264.4,174.4,5.3
2025-06-28T08:07:00+00:00,2032.8,81.14,358.1,13.79,380.0,25.3,600.2,0.0578,0.47,264.4,174.4,6.3
2025-06-28T08:08:00+00:00,2079.1,83.59,341.7,13.52,391.6,22.7,636.9,0.0563,0.56,264.4,174.4,6.0
2025-06-28T08:09:00+00:00,2033.0,82.21,360.5,13.77,392.0,21.8,574.3,0.0554,0.50,264.4,174.4,5.6
2025-06-28T08:10:00+00:00,1938.7,80.87,343.8,13.87,376.0,24.5,584.4,0.0584,0.59,264.4,174.4,5.8
2025-06-28T08:11:00+00:00,2211.5,82.54,345.4,13.83,388.9,20.1,641.7,0.0589,0.51,264.4,174.4,5.0
2025-06-28T08:12:00+00:00,2024.7,82.12,348.8,13.96,376.4,23.3,544.7,0.0578,0.48,264.4,174.4,4.7
2025-06-28T08:13:00+00:00,2317.6,81.29,343.6,14.09,391.5,23.7,631.9,0.0602,0.56,264.4,174.4,3.7
2025-06-28T08:14:00+00:00,1096.4,77.13,350.4,13.96,381.2,23.5,549.2,0.0501,0.46,264.4,174.4,4.5
2025-06-28T08:15:00+00:00,1015.2,79.31,348.8,13.53,383.9,20.5,480.8,0.0514,0.47,264.4,174.4,4.5
2025-06-28T08:16:00+00:00,863.6,79.07,356.1,13.67,344.2,21.6,551.8,0.0496,0.56,264.4,174.4,4.7
2025-06-28T08:17:00+00:00,993.1,77.63,355.4,13.72,364.7,21.6,562.8,0.0661,0.58,264.4,174.4,4.3
2025-06-28T08:18:00+00:00,953.2,81.73,381.8,13.84,359.9,21.7,567.5,0.0529,0.51,264.4,174.4,4.5
2025-06-28T08:19:00+00:00,987.3,77.92,345.8,13.78,353.1,23.5,575.7,0.0512,0.53,264.4,174.4,7.3
2025-06-28T08:20:00+00:00,920.9,79.97,364.4,13.80,364.7,22.7,509.0,0.0557,0.57,264.4,174.4,5.9
2025-06-28T08:21:00+00:00,940.4,78.71,363.7,13.78,326.9,21.7,526.6,0.0497,0.51,264.4,174.4,6.0
2025-06-28T08:22:00+00:00,993.9,79.30,354.4,13.69,369.5,21.9,589.2,0.0548,0.52,264.4,174.4,4.1
2025-06-28T08:23:00+00:00,961.9,78.50,359.8,13.93,372.8,20.6,564.8,0.0503,0.58,264.4,174.4,6.6
2025-06-28T08:24:00+00:00,1054.8,80.86,358.6,13.67,371.7,23.2,543.2,0.0562,0.46,264.4,174.4,5.3
2025-06-28T14:00:00+00:00,1187.8,80.31,349.9,13.69,336.4,20.8,622.7,0.0512,0.54,264.4,174.4,5.6
2025-06-28T14:01:00+00:00,894.1,80.03,354.1,13.70,347.6,22.1,610.6,0.0620,0.57,264.4,174.4,5.5
2025-06-28T14:02:00+00:00,1007.6,79.77,351.7,13.77,337.3,24.3,563.5,0.0592,0.49,264.4,174.4,7.4
2025-06-28T14:03:00+00:00,939.4,80.15,371.6,13.85,353.0,22.0,553.6,0.0498,0.54,264.4,174.4,5.2
2025-06-28T14:04:00+00:00,1041.4,79.21,355.5,13.73,378.0,22.1,525.2,0.0503,0.52,264.4,174.4,3.7
2025-06-28T14:05:00+00:00,989.9,76.16,357.1,13.75,351.6,23.3,566.3,0.0587,0.50,264.4,174.4,7.8
2025-06-28T14:06:00+00:00,904.6,78.52,368.3,13.79,338.3,23.2,536.9,0.0528,0.47,264.4,174.4,5.7
2025-06-28T14:07:00+00:00,991.6,79.06,347.6,13.88,364.5,23.0,564.6,0.0571,0.61,264.4,174.4,5.4
2025-06-28T14:08:00+00:00,918.2,80.73,356.9,13.87,332.9,17.8,594.8,0.0499,0.53,264.4,174.4,8.0
2025-06-28T14:09:00+00:00,1014.7,77.40,340.6,13.88,330.0,20.8,586.4,0.0510,0.59,264.4,174.4,4.0
2025-06-28T14:10:00+00:00,1938.5,83.22,347.2,13.73,371.9,20.2,619.1,0.0550,0.52,264.4,174.4,4.9
2025-06-28T14:11:00+00:00,2121.1,79.69,342.7,13.84,384.0,22.9,598.0,0.0586,0.46,264.4,174.4,5.2
2025-06-28T14:12:00+00:00,1791.7,81.57,356.2,13.89,370.2,24.7,666.4,0.0598,0.53,264.4,174.4,5.1
2025-06-28T14:13:00+00:00,2038.3,82.51,340.4,13.92,404.0,24.8,546.5,0.0584,0.47,264.4,174.4,5.6
2025-06-28T14:14:00+00:00,2020.1,81.54,349.3,13.73,384.9,24.3,570.2,0.0566,0.62,264.4,174.4,5.9
2025-06-28T14:15:00+00:00,1879.8,83.18,359.3,13.86,371.8,22.4,577.3,0.0606,0.52,264.4,174.4,5.9
2025-06-28T14:16:00+00:00,1969.2,82.20,360.3,13.94,367.0,22.8,668.5,0.0545,0.45,264.4,174.4,5.5
2025-06-28T14:17:00+00:00,1901.5,79.22,363.2,13.81,363.2,23.3,557.4,0.0569,0.51,264.4,174.4,7.1
2025-06-28T14:18:00+00:00,1837.0,79.53,350.4,13.91,381.4,22.9,599.8,0.0548,0.52,264.4,174.4,6.2
2025-06-28T14:19:00+00:00,1903.4,79.87,354.6,13.54,387.2,22.1,567.9,0.0556,0.59,264.4,174.4,7.1
2025-06-28T14:20:00+00:00,1983.0,80.73,361.3,13.62,398.0,23.3,601.3,0.0627,0.50,264.4,174.4,4.7
2025-06-28T14:21:00+00:00,2004.7,82.44,346.4,14.10,362.5,24.1,596.9,0.0552,0.50,264.4,174.4,3.4
2025-06-28T14:22:00+00:00,2116.8,83.13,342.3,13.90,388.6,22.9,570.3,0.0564,0.54,264.4,174.4,5.7
2025-06-28T14:23:00+00:00,1926.9,82.03,342.8,13.93,382.4,22.5,642.7,0.0557,0.58,264.4,174.4,5.9
2025-06-28T14:24:00+00:00,2128.2,82.34,358.1,13.70,378.5,23.9,609.0,0.0570,0.61,264.4,174.4,6.2
2025-06-28T14:25:00+00:00,2043.1,81.82,345.6,13.97,408.1,24.5,612.3,0.0611,0.54,264.4,174.4,4.6
2025-06-28T14:26:00+00:00,1934.4,81.86,343.5,13.82,390.2,21.9,576.3,0.0579,0.56,264.4,174.4,4.9
2025-06-28T14:27:00+00:00,2145.0,81.98,347.0,13.78,369.1,23.9,653.6,0.0566,0.55,264.4,174.4,4.9
2025-06-28T14:28:00+00:00,2033.5,82.38,347.2,14.03,362.9,20.5,643.8,0.0586,0.48,264.4,174.4,6.6
2025-06-28T14:29:00+00:00,1975.2,83.29,343.6,14.00,383.6,21.4,642.0,0.0584,0.45,264.4,174.4,3.9
2025-06-28T14:30:00+00:00,2055.1,83.63,355.1,13.66,396.2,20.3,565.3,0.0552,0.48,264.4,174.4,6.0
2025-06-28T14:31:00+00:00,2085.9,81.30,355.5,13.94,375.9,22.6,568.1,0.0563,0.57,264.4,174.4,6.9
2025-06-28T14:32:00+00:00,2164.5,83.06,355.3,13.59,410.1,21.7,584.9,0.0563,0.51,264.4,174.4,3.3
2025-06-28T14:33:00+00:00,1755.0,84.62,352.3,13.77,357.0,22.5,554.4,0.0552,0.58,264.4,174.4,2.8
2025-06-28T14:34:00+00:00,2078.7,80.10,350.9,13.64,373.7,23.4,607.1,0.0617,0.53,264.4,174.4,5.7
2025-06-28T14:35:00+00:00,2038.6,83.29,350.6,13.81,376.9,20.7,635.8,0.0566,0.56,264.4,174.4,7.9
2025-06-28T14:36:00+00:00,1977.4,80.89,352.4,13.90,390.4,21.5,584.1,0.0600,0.52,264.4,174.4,7.0
2025-06-28T14:37:00+00:00,1992.8,78.20,362.4,13.93,388.2,23.7,596.0,0.0550,0.48,264.4,174.4,5.1
2025-06-28T14:38:00+00:00,2088.9,83.10,348.2,13.89,376.8,22.4,607.2,0.0591,0.47,264.4,174.4,5.3
2025-06-28T14:39:00+00:00,1860.2,81.29,352.8,13.88,392.4,22.7,600.5,0.0583,0.55,264.4,174.4,2.6
2025-06-28T14:40:00+00:00,1877.4,86.20,342.9,13.78,382.2,22.7,637.0,0.0551,0.55,264.4,174.4,5.7
2025-06-28T14:41:00+00:00,1967.3,82.90,357.7,13.70,377.1,22.0,571.1,0.0542,0.40,264.4,174.4,5.2
2025-06-28T14:42:00+00:00,2019.3,83.40,340.7,13.61,364.1,21.5,553.2,0.0556,0.53,264.4,174.4,4.9
2025-06-28T14:43:00+00:00,1937.8,80.92,363.3,14.01,368.9,22.2,602.2,0.0575,0.47,264.4,174.4,5.4
2025-06-28T14:44:00+00:00,1895.0,82.16,345.5,13.65,371.9,22.4,598.2,0.0546,0.48,264.4,174.4,6.5
2025-06-28T14:45:00+00:00,1875.2,80.14,360.4,13.73,375.9,23.2,619.2,0.0556,0.61,264.4,174.4,5.0
2025-06-28T14:46:00+00:00,2048.8,81.72,345.5,13.75,409.1,22.3,587.0,0.0550,0.46,264.4,174.4,7.0
2025-06-28T14:47:00+00:00,2137.1,80.50,350.1,13.78,392.5,22.7,626.8,0.0559,0.49,264.4,174.4,3.6
2025-06-28T14:48:00+00:00,2127.9,82.61,353.5,13.65,401.9,23.9,586.7,0.0604,0.52,264.4,174.4,4.7
2025-06-28T14:49:00+00:00,1649.6,80.79,368.0,14.10,369.4,22.2,576.6,0.0518,0.35,264.4,174.4,5.8
2025-06-28T14:50:00+00:00,2463.6,84.19,352.3,13.87,419.7,22.1,659.2,0.0580,0.53,264.4,174.4,5.3
2025-06-28T14:51:00+00:00,2476.8,81.87,345.2,13.91,368.9,23.8,669.1,0.0617,0.49,264.4,174.4,5.8
2025-06-28T14:52:00+00:00,2488.2,83.95,350.6,13.72,381.5,22.6,623.2,0.0612,0.49,264.4,174.4,5.5
2025-06-28T14:53:00+00:00,1810.7,82.85,354.1,13.97,384.7,24.1,600.9,0.0690,0.57,264.4,174.4,6.4
2025-06-28T14:54:00+00:00,1899.0,82.58,349.6,13.87,407.2,23.3,646.5,0.0547,0.50,264.4,174.4,6.1
2025-06-28T14:55:00+00:00,2395.3,82.43,338.5,13.74,372.8,24.2,593.6,0.0597,0.48,264.4,174.4,4.1
2025-06-28T14:56:00+00:00,2013.1,84.41,360.4,13.82,381.9,20.7,639.3,0.0634,0.48,264.4,174.4,7.0
2025-06-28T14:57:00+00:00,2149.0,83.63,365.1,13.76,397.5,20.2,604.3,0.0567,0.58,264.4,174.4,4.9
2025-06-28T14:58:00+00:00,2435.4,82.71,357.2,13.54,412.0,24.9,634.6,0.0575,0.50,264.4,174.4,4.9
2025-06-28T14:59:00+00:00,1940.8,82.85,347.7,13.60,391.9,21.6,619.4,0.0564,0.65,264.4,174.4,5.7
2025-06-28T15:00:00+00:00,2120.8,83.00,328.2,13.91,371.1,22.2,619.5,0.0595,0.52,264.4,174.4,5.5
2025-06-28T15:01:00+00:00,1980.5,83.35,341.4,13.96,395.7,22.1,656.3,0.0569,0.57,264.4,174.4,5.5
2025-06-28T15:02:00+00:00,2482.2,80.86,339.8,13.73,369.3,22.3,653.7,0.0582,0.53,264.4,174.4,5.8
2025-06-28T15:03:00+00:00,2322.4,81.57,351.7,13.79,389.3,22.2,650.3,0.0576,0.56,264.4,174.4,6.7
2025-06-28T15:04:00+00:00,2549.2,82.15,345.1,13.79,386.1,22.5,670.3,0.0671,0.56,264.4,174.4,6.8
2025-06-28T15:05:00+00:00,2433.4,83.65,329.0,13.48,387.8,22.8,639.3,0.0574,0.49,264.4,174.4,4.8
2025-06-28T15:06:00+00:00,2135.7,80.81,343.3,13.65,384.4,22.4,601.6,0.0606,0.57,264.4,174.4,6.3
2025-06-28T15:07:00+00:00,2038.7,79.52,358.7,13.73,400.8,23.6,610.0,0.0584,0.53,264.4,174.4,6.6
2025-06-28T15:08:00+00:00,2062.4,81.33,356.8,13.98,369.3,22.6,615.5,0.0630,0.52,264.4,174.4,6.4
2025-06-28T15:09:00+00:00,1988.1,82.58,332.5,13.73,380.2,21.9,599.0,0.0552,0.50,264.4,174.4,7.0
2025-06-28T15:10:00+00:00,2110.5,83.58,374.5,13.88,376.3,21.7,598.1,0.0591,0.50,264.4,174.4,6.4
2025-06-28T15:11:00+00:00,2115.4,81.56,348.5,14.03,367.9,22.3,615.8,0.0619,0.52,264.4,174.4,6.7
2025-06-28T15:12:00+00:00,1874.6,82.20,349.8,13.77,385.8,22.8,558.4,0.0545,0.50,264.4,174.4,6.2
2025-06-28T15:13:00+00:00,1846.8,82.90,345.3,13.85,367.6,24.4,594.5,0.0554,0.59,264.4,174.4,6.5
2025-06-28T15:14:00+00:00,2049.8,83.20,344.4,13.94,388.2,25.3,623.6,0.0550,0.46,264.4,174.4,3.8
2025-06-28T15:15:00+00:00,1930.2,82.24,355.5,13.68,368.0,23.8,583.4,0.0555,0.57,264.4,174.4,7.4
2025-06-28T15:16:00+00:00,2055.7,82.64,361.1,13.75,362.9,20.6,605.9,0.0559,0.53,264.4,174.4,5.9
2025-06-28T15:17:00+00:00,2074.7,81.41,360.9,13.85,361.1,20.0,606.1,0.0554,0.49,264.4,174.4,5.3
2025-06-28T15:18:00+00:00,1875.4,82.60,359.9,13.54,355.9,21.0,588.8,0.0585,0.55,264.4,174.4,6.8
2025-06-28T15:19:00+00:00,2099.3,80.97,350.8,13.95,363.0,22.1,578.5,0.0558,0.52,264.4,174.4,4.2
2025-06-28T15:20:00+00:00,2104.5,80.76,342.7,13.89,378.2,22.7,583.3,0.0553,0.43,264.4,174.4,4.7
2025-06-28T15:21:00+00:00,1937.7,82.21,361.1,13.71,388.5,22.4,608.5,0.0651,0.51,264.4,174.4,4.5
2025-06-28T15:22:00+00:00,2049.6,84.07,348.4,13.53,373.9,20.4,604.7,0.0636,0.46,264.4,174.4,4.4
2025-06-28T15:23:00+00:00,1947.4,84.09,348.4,13.74,390.5,23.0,579.9,0.0593,0.49,264.4,174.4,4.5
2025-06-28T15:24:00+00:00,2209.9,81.66,344.7,14.17,392.1,20.4,628.6,0.0576,0.63,264.4,174.4,5.4
2025-06-28T15:25:00+00:00,1927.0,82.26,353.4,13.81,379.9,22.4,656.3,0.0593,0.54,264.4,174.4,7.5
2025-06-28T15:26:00+00:00,1864.8,83.42,354.2,13.87,388.3,23.2,599.1,0.0566,0.59,264.4,174.4,5.4
2025-06-28T15:27:00+00:00,1980.3,82.55,353.6,13.98,391.5,23.4,596.3,0.0554,0.54,264.4,174.4,5.4
2025-06-28T15:28:00+00:00,1927.5,81.32,370.6,13.84,378.4,20.4,618.1,0.0588,0.48,264.4,174.4,4.7
2025-06-28T15:29:00+00:00,2097.5,81.53,333.4,13.91,365.9,22.8,618.3,0.0575,0.60,264.4,174.4,4.4
2025-06-28T15:30:00+00:00,1926.8,78.89,346.8,13.79,375.3,22.3,587.7,0.0553,0.43,264.4,174.4,5.8
2025-06-28T15:31:00+00:00,2190.6,82.61,354.0,13.80,383.0,21.3,568.4,0.0562,0.48,264.4,174.4,5.4
2025-06-28T15:32:00+00:00,1867.6,82.43,373.0,13.92,365.9,23.6,669.1,0.0696,0.52,264.4,174.4,5.2
2025-06-28T15:33:00+00:00,2054.2,85.73,341.7,14.03,371.2,21.8,564.7,0.0686,0.61,264.4,174.4,4.3
2025-06-28T15:34:00+00:00,2054.9,82.61,340.6,13.64,384.3,18.8,635.2,0.0650,0.51,264.4,174.4,6.2
2025-06-28T15:35:00+00:00,1918.6,83.14,355.5,13.72,367.1,19.6,628.6,0.0551,0.53,264.4,174.4,5.3
2025-06-28T15:36:00+00:00,2001.7,83.57,359.1,13.89,391.5,22.7,622.1,0.0561,0.59,264.4,174.4,5.4
2025-06-28T15:37:00+00:00,2078.8,83.83,347.7,13.77,392.2,22.9,601.7,0.0561,0.48,264.4,174.4,6.3
2025-06-28T15:38:00+00:00,1958.6,83.38,349.8,14.12,363.7,19.6,593.3,0.0546,0.46,264.4,174.4,3.0
2025-06-28T15:39:00+00:00,2059.3,81.48,355.2,13.90,383.0,23.9,619.2,0.0549,0.44,264.4,174.4,5.9
2025-06-28T15:40:00+00:00,2113.4,81.21,343.0,13.79,401.1,20.6,592.9,0.0592,0.59,264.4,174.4,5.2
2025-06-28T15:41:00+00:00,1918.5,82.71,356.5,13.92,392.5,24.2,587.3,0.0547,0.46,264.4,174.4,4.9
2025-06-28T15:42:00+00:00,2073.9,82.24,344.5,13.76,377.1,21.7,626.2,0.0560,0.53,264.4,174.4,6.0
2025-06-28T15:43:00+00:00,2071.7,82.83,351.5,13.79,369.6,22.9,585.7,0.0560,0.54,264.4,174.4,6.3
2025-06-28T15:44:00+00:00,2000.5,83.54,346.7,13.80,380.9,21.4,554.6,0.0584,0.65,264.4,174.4,5.5
2025-06-28T15:45:00+00:00,2188.0,82.84,352.0,13.98,375.3,25.0,572.5,0.0605,0.61,264.4,174.4,4.8
2025-06-28T15:46:00+00:00,1979.5,82.57,350.1,13.96,370.1,22.2,612.5,0.0548,0.48,264.4,174.4,5.3
2025-06-28T15:47:00+00:00,2086.7,81.79,334.6,13.84,380.1,21.0,552.6,0.0560,0.54,264.4,174.4,6.1
2025-06-28T15:48:00+00:00,2106.5,80.99,351.3,13.75,391.2,22.1,587.2,0.0560,0.52,264.4,174.4,5.9
2025-06-28T15:49:00+00:00,2198.2,82.26,361.0,13.74,373.8,21.7,597.9,0.0631,0.58,264.4,174.4,7.5
2025-06-28T15:50:00+00:00,2311.9,86.93,341.1,13.60,374.2,21.8,567.3,0.0572,0.49,264.4,174.4,7.3
2025-06-28T15:51:00+00:00,811.7,80.44,355.5,13.91,360.9,22.9,522.6,0.0544,0.50,264.4,174.4,6.2
2025-06-28T15:52:00+00:00,998.2,80.03,364.4,13.83,335.0,20.0,595.7,0.0514,0.48,264.4,174.4,6.6
2025-06-28T15:53:00+00:00,1025.7,78.92,363.1,13.90,373.1,20.9,557.6,0.0505,0.54,264.4,174.4,6.8
2025-06-28T15:54:00+00:00,947.7,78.95,363.1,14.03,360.4,23.3,529.5,0.0532,0.43,264.4,174.4,4.3
2025-06-28T15:55:00+00:00,772.1,76.31,355.6,13.83,355.7,22.7,608.0,0.0493,0.57,264.4,174.4,7.4
2025-06-28T15:56:00+00:00,1021.2,80.69,362.8,13.80,349.4,22.9,546.3,0.0499,0.51,264.4,174.4,5.5
2025-06-28T15:57:00+00:00,977.1,80.77,361.1,14.01,360.4,22.1,535.5,0.0591,0.63,264.4,174.4,4.1
2025-06-28T15:58:00+00:00,1020.6,80.26,353.5,13.91,337.5,23.7,572.1,0.0512,0.64,264.4,174.4,5.9
2025-06-28T15:59:00+00:00,961.4,84.35,345.7,13.91,369.2,20.0,547.6,0.0502,0.56,264.4,174.4,6.4
2025-06-29T06:00:00+00:00,816.7,75.63,357.8,13.86,363.8,21.5,537.2,0.0492,0.37,289.0,244.0,5.2
2025-06-29T06:01:00+00:00,882.5,78.86,347.5,13.64,345.5,23.7,550.7,0.0484,0.37,289.0,244.0,5.1
2025-06-29T06:02:00+00:00,1006.0,80.69,348.7,13.91,362.9,22.0,546.8,0.0628,0.48,289.0,244.0,3.2
2025-06-29T06:03:00+00:00,1055.5,80.02,360.0,13.80,352.2,23.1,541.6,0.0632,0.35,289.0,244.0,3.1
2025-06-29T06:04:00+00:00,1038.5,78.94,345.0,13.61,347.8,22.1,565.7,0.0490,0.38,289.0,244.0,2.5
2025-06-29T06:05:00+00:00,1118.0,80.34,342.6,13.69,352.7,19.8,553.2,0.0537,0.40,289.0,244.0,3.5
2025-06-29T06:06:00+00:00,1155.3,79.74,349.4,14.00,368.1,21.3,567.9,0.0490,0.31,289.0,244.0,1.6
2025-06-29T06:07:00+00:00,1045.8,77.66,367.0,13.85,370.7,25.3,516.2,0.0491,0.39,289.0,244.0,3.7
2025-06-29T06:08:00+00:00,776.7,76.54,372.7,13.91,356.4,21.4,515.5,0.0541,0.44,289.0,244.0,3.1
2025-06-29T06:09:00+00:00,1092.5,77.79,362.6,13.90,346.4,24.8,569.6,0.0500,0.47,289.0,244.0,3.6
2025-06-29T06:10:00+00:00,1044.4,80.84,352.2,13.80,345.6,24.6,579.3,0.0507,0.41,289.0,244.0,3.4
2025-06-29T06:11:00+00:00,2103.7,80.72,341.8,13.95,385.7,20.6,573.2,0.0550,0.44,289.0,244.0,3.1
2025-06-29T06:12:00+00:00,1940.6,78.73,352.3,13.86,357.5,25.0,556.6,0.0557,0.41,289.0,244.0,3.3
2025-06-29T06:13:00+00:00,2190.1,83.43,352.4,13.98,407.0,26.3,605.7,0.0551,0.41,289.0,244.0,2.4
2025-06-29T06:14:00+00:00,1954.8,81.18,350.8,13.87,370.8,22.2,598.7,0.0536,0.36,289.0,244.0,3.0
2025-06-29T06:15:00+00:00,1838.5,81.22,355.4,13.85,381.5,22.4,617.2,0.0536,0.43,289.0,244.0,2.7
2025-06-29T06:16:00+00:00,2118.3,84.54,347.5,13.63,407.1,24.1,616.4,0.0546,0.35,289.0,244.0,2.8
2025-06-29T06:17:00+00:00,2096.0,80.48,355.2,13.83,388.1,21.3,620.7,0.0552,0.41,289.0,244.0,2.3
2025-06-29T06:18:00+00:00,1886.7,81.11,342.5,13.84,391.0,24.1,567.5,0.0536,0.39,289.0,244.0,4.2
2025-06-29T06:19:00+00:00,2156.4,83.44,349.3,13.92,378.1,23.0,651.0,0.0550,0.39,289.0,244.0,3.6
2025-06-29T06:20:00+00:00,1965.7,81.91,361.2,14.03,376.6,22.7,601.1,0.0547,0.49,289.0,244.0,1.0
2025-06-29T06:21:00+00:00,1807.9,82.79,371.0,13.45,383.3,22.9,518.2,0.0529,0.37,289.0,244.0,3.0
2025-06-29T06:22:00+00:00,2027.4,84.36,352.5,14.02,382.9,21.0,573.3,0.0650,0.43,289.0,244.0,4.5
2025-06-29T06:23:00+00:00,1892.3,83.85,348.4,13.85,360.5,22.6,575.5,0.0539,0.34,289.0,244.0,3.7
2025-06-29T06:24:00+00:00,2045.5,83.29,333.3,13.56,384.4,22.4,647.1,0.0550,0.45,289.0,244.0,4.0
2025-06-29T06:25:00+00:00,2085.1,80.81,351.6,13.71,363.1,25.7,584.8,0.0564,0.41,289.0,244.0,2.7
2025-06-29T06:26:00+00:00,1808.6,83.31,351.0,13.68,374.3,20.5,564.0,0.0549,0.35,289.0,244.0,3.0
2025-06-29T06:27:00+00:00,2003.6,82.73,340.8,13.86,383.3,22.0,581.5,0.0564,0.42,289.0,244.0,2.6
2025-06-29T06:28:00+00:00,1776.1,81.09,357.9,13.91,376.5,23.9,666.5,0.0549,0.40,289.0,244.0,4.2
2025-06-29T06:29:00+00:00,2021.2,80.75,350.9,13.90,392.4,20.5,603.6,0.0544,0.40,289.0,244.0,3.0
2025-06-29T06:30:00+00:00,1902.8,80.17,351.7,13.96,384.7,21.0,635.6,0.0542,0.46,289.0,244.0,1.5
2025-06-29T06:31:00+00:00,2157.3,79.90,360.4,13.73,400.0,24.7,606.9,0.0548,0.37,289.0,244.0,1.3
2025-06-29T06:32:00+00:00,1907.1,86.83,347.9,13.47,384.4,19.9,573.4,0.0533,0.37,289.0,244.0,3.5
2025-06-29T06:33:00+00:00,2015.8,83.26,341.9,13.70,390.4,20.9,567.7,0.0548,0.45,289.0,244.0,3.8
2025-06-29T06:34:00+00:00,2043.7,81.25,363.7,13.59,385.2,23.0,585.4,0.0549,0.44,289.0,244.0,1.9
2025-06-29T06:35:00+00:00,2068.3,83.09,354.6,14.16,404.8,23.2,606.2,0.0561,0.40,289.0,244.0,4.2
2025-06-29T06:36:00+00:00,1956.6,81.69,345.5,13.77,387.3,23.0,608.9,0.0544,0.38,289.0,244.0,3.5
2025-06-29T06:37:00+00:00,2176.3,82.36,353.8,13.64,397.4,20.5,607.2,0.0546,0.34,289.0,244.0,2.9
2025-06-29T06:38:00+00:00,2040.6,84.19,342.1,13.76,381.3,22.5,554.3,0.0578,0.48,289.0,244.0,2.6
2025-06-29T06:39:00+00:00,2069.5,83.40,349.6,13.71,387.9,23.8,595.3,0.0561,0.36,289.0,244.0,4.0
2025-06-29T06:40:00+00:00,2011.7,80.96,326.5,13.86,396.6,24.1,533.5,0.0547,0.44,289.0,244.0,4.1
2025-06-29T06:41:00+00:00,2023.2,83.18,353.0,13.97,390.0,22.6,571.5,0.0606,0.41,289.0,244.0,5.5
2025-06-29T06:42:00+00:00,2024.2,82.79,334.7,13.92,391.9,19.4,630.5,0.0592,0.40,289.0,244.0,4.7
2025-06-29T06:43:00+00:00,2048.6,81.20,354.0,13.92,408.8,22.1,566.4,0.0608,0.39,289.0,244.0,0.8
2025-06-29T06:44:00+00:00,2108.4,80.31,349.5,13.73,376.2,21.3,641.8,0.0572,0.38,289.0,244.0,4.0
2025-06-29T06:45:00+00:00,2204.1,83.63,330.9,13.86,366.2,19.8,626.2,0.0548,0.36,289.0,244.0,4.3
2025-06-29T06:46:00+00:00,1926.2,81.23,344.4,13.63,390.9,22.8,597.5,0.0540,0.41,289.0,244.0,3.9
2025-06-29T06:47:00+00:00,1870.6,81.55,343.0,13.71,355.2,24.1,601.3,0.0551,0.32,289.0,244.0,3.1
2025-06-29T06:48:00+00:00,2173.5,82.09,363.2,13.83,370.3,23.3,583.2,0.0548,0.38,289.0,244.0,4.5
2025-06-29T06:49:00+00:00,1943.0,84.11,355.1,13.92,368.7,24.3,654.6,0.0606,0.39,289.0,244.0,4.3
2025-06-29T06:50:00+00:00,1914.9,83.12,352.1,13.61,366.3,21.9,613.6,0.0605,0.40,289.0,244.0,2.7
2025-06-29T06:51:00+00:00,1964.9,84.13,350.9,13.73,390.5,21.4,627.2,0.0534,0.34,289.0,244.0,4.6
2025-06-29T06:52:00+00:00,1856.8,81.72,347.0,13.62,366.6,24.0,559.2,0.0533,0.40,289.0,244.0,2.4
2025-06-29T06:53:00+00:00,1831.9,82.38,350.7,13.68,402.9,21.5,557.5,0.0632,0.38,289.0,244.0,3.5
2025-06-29T06:54:00+00:00,1996.7,84.41,348.9,13.77,344.3,23.6,536.5,0.0548,0.36,289.0,244.0,2.8
2025-06-29T06:55:00+00:00,2188.3,82.93,335.2,13.81,398.9,22.5,587.5,0.0551,0.38,289.0,244.0,2.4
2025-06-29T06:56:00+00:00,2048.6,83.42,343.5,14.01,378.8,23.2,588.4,0.0551,0.28,289.0,244.0,2.6
2025-06-29T06:57:00+00:00,2148.6,82.67,340.2,13.92,376.5,23.1,629.6,0.0556,0.45,289.0,244.0,3.2
2025-06-29T06:58:00+00:00,2043.6,82.98,349.5,13.88,392.1,20.1,563.5,0.0543,0.40,289.0,244.0,2.7
2025-06-29T06:59:00+00:00,1954.7,84.08,340.5,13.70,365.6,24.4,576.5,0.0542,0.42,289.0,244.0,3.5
2025-06-29T07:00:00+00:00,2065.4,87.80,337.7,13.91,367.1,23.9,634.0,0.0578,0.37,289.0,244.0,4.5
2025-06-29T07:01:00+00:00,2462.7,84.63,348.5,14.00,387.8,20.0,622.7,0.0560,0.34,289.0,244.0,2.3
2025-06-29T07:02:00+00:00,2513.7,83.33,334.5,13.74,398.7,21.3,644.7,0.0568,0.38,289.0,244.0,4.9
2025-06-29T07:03:00+00:00,2502.5,80.47,340.7,13.82,378.8,21.7,613.7,0.0573,0.44,289.0,244.0,2.9
2025-06-29T07:04:00+00:00,2039.8,85.38,327.6,13.82,392.7,21.2,609.5,0.0539,0.34,289.0,244.0,4.0
2025-06-29T07:05:00+00:00,2512.1,83.86,340.7,13.85,401.3,23.1,601.1,0.0566,0.36,289.0,244.0,4.6
2025-06-29T07:06:00+00:00,2153.3,83.40,353.8,13.85,388.6,24.9,599.6,0.0551,0.40,289.0,244.0,3.9
2025-06-29T07:07:00+00:00,2457.5,81.36,360.7,13.60,381.9,24.9,565.3,0.0568,0.41,289.0,244.0,3.0
2025-06-29T07:08:00+00:00,1810.3,81.92,336.5,13.36,355.0,23.8,648.8,0.0540,0.48,289.0,244.0,1.7
2025-06-29T07:09:00+00:00,2096.2,80.79,338.5,13.74,381.0,21.0,630.1,0.0583,0.37,289.0,244.0,3.5
2025-06-29T07:10:00+00:00,2029.4,81.49,353.8,13.90,392.7,21.4,635.2,0.0551,0.47,289.0,244.0,3.7
2025-06-29T07:11:00+00:00,2436.6,85.94,345.9,13.97,404.8,21.9,641.1,0.0571,0.45,289.0,244.0,5.4
2025-06-29T07:12:00+00:00,1954.7,83.55,340.4,13.82,388.3,23.8,572.9,0.0586,0.38,289.0,244.0,1.4
2025-06-29T07:13:00+00:00,1929.3,81.15,340.1,13.93,358.6,23.5,558.7,0.0577,0.42,289.0,244.0,3.8
2025-06-29T07:14:00+00:00,2437.6,85.20,342.4,13.99,391.1,24.7,620.5,0.0653,0.43,289.0,244.0,2.1
2025-06-29T07:15:00+00:00,2285.6,80.85,334.9,13.69,379.1,22.5,615.4,0.0560,0.43,289.0,244.0,4.2
2025-06-29T07:16:00+00:00,2005.6,82.26,347.9,13.91,380.2,20.3,577.4,0.0543,0.41,289.0,244.0,3.4
2025-06-29T07:17:00+00:00,1973.1,81.48,359.7,13.80,398.4,23.1,600.9,0.0569,0.35,289.0,244.0,2.8
2025-06-29T07:18:00+00:00,1839.0,82.25,353.0,13.62,346.3,19.3,635.7,0.0527,0.33,289.0,244.0,2.1
2025-06-29T07:19:00+00:00,2493.5,83.08,348.5,13.66,383.2,25.2,619.1,0.0588,0.40,289.0,244.0,3.0
2025-06-29T07:20:00+00:00,2050.4,81.38,353.6,13.43,370.2,21.1,670.2,0.0584,0.35,289.0,244.0,2.2
2025-06-29T07:21:00+00:00,2142.3,84.81,342.4,13.70,378.7,23.9,633.5,0.0549,0.38,289.0,244.0,3.1
2025-06-29T07:22:00+00:00,2019.1,81.99,354.3,13.76,373.5,25.7,587.2,0.0630,0.35,289.0,244.0,2.5
2025-06-29T07:23:00+00:00,1930.5,80.04,351.4,13.93,399.2,22.0,554.0,0.0548,0.34,289.0,244.0,2.8
2025-06-29T07:24:00+00:00,2113.1,83.56,343.6,13.59,403.8,23.4,650.0,0.0544,0.34,289.0,244.0,3.2
2025-06-29T07:25:00+00:00,1934.8,79.89,346.1,13.90,394.2,20.8,592.4,0.0541,0.43,289.0,244.0,2.1
2025-06-29T07:26:00+00:00,2033.9,80.99,344.6,13.87,366.9,20.7,584.3,0.0546,0.40,289.0,244.0,2.3
2025-06-29T07:27:00+00:00,2267.5,85.18,344.6,13.83,397.9,24.2,556.1,0.0553,0.37,289.0,244.0,1.9
2025-06-29T07:28:00+00:00,2027.4,82.72,348.0,13.87,366.5,23.0,615.3,0.0632,0.47,289.0,244.0,4.3
2025-06-29T07:29:00+00:00,2056.5,81.46,348.6,13.56,382.5,22.9,609.4,0.0537,0.32,289.0,244.0,4.1
2025-06-29T07:30:00+00:00,1923.1,84.34,359.1,13.88,402.9,23.0,579.4,0.0535,0.37,289.0,244.0,3.4
2025-06-29T07:31:00+00:00,1877.1,83.69,343.8,13.69,360.9,22.8,622.4,0.0578,0.34,289.0,244.0,2.5
2025-06-29T07:32:00+00:00,1943.9,81.39,342.8,13.88,382.8,23.9,560.2,0.0534,0.35,289.0,244.0,1.7
2025-06-29T07:33:00+00:00,2111.3,80.36,355.6,13.71,374.3,24.1,586.5,0.0551,0.43,289.0,244.0,2.9
2025-06-29T07:34:00+00:00,2037.5,82.30,364.8,13.64,365.8,20.8,593.8,0.0538,0.34,289.0,244.0,2.9
2025-06-29T07:35:00+00:00,2034.5,80.09,331.0,13.78,370.7,22.4,621.9,0.0680,0.46,289.0,244.0,1.5
2025-06-29T07:36:00+00:00,1953.6,82.96,355.7,13.95,385.6,22.0,607.8,0.0536,0.36,289.0,244.0,4.0
2025-06-29T07:37:00+00:00,2021.3,80.14,343.7,13.78,385.7,22.9,665.0,0.0557,0.31,289.0,244.0,3.4
2025-06-29T07:38:00+00:00,1845.0,82.01,347.5,13.85,381.7,22.6,588.9,0.0535,0.42,289.0,244.0,3.7
2025-06-29T07:39:00+00:00,2057.3,85.07,344.1,13.69,374.1,23.0,569.3,0.0550,0.45,289.0,244.0,2.5
2025-06-29T07:40:00+00:00,1860.9,82.44,349.2,14.01,374.1,20.2,601.9,0.0535,0.39,289.0,244.0,3.4
2025-06-29T07:41:00+00:00,2009.2,85.83,340.7,14.08,392.5,20.3,567.2,0.0571,0.49,289.0,244.0,2.0
2025-06-29T07:42:00+00:00,2136.2,85.19,343.8,13.87,368.1,21.1,581.5,0.0550,0.40,289.0,244.0,4.6
2025-06-29T07:43:00+00:00,2026.9,82.42,340.8,13.74,377.1,22.6,593.1,0.0557,0.44,289.0,244.0,2.1
2025-06-29T07:44:00+00:00,2090.4,81.51,347.0,13.82,398.1,23.7,678.9,0.0544,0.38,289.0,244.0,4.7
2025-06-29T07:45:00+00:00,2061.0,82.59,357.3,14.01,384.2,24.7,592.5,0.0609,0.50,289.0,244.0,3.1
2025-06-29T07:46:00+00:00,2172.4,76.66,346.8,13.55,379.3,22.6,586.0,0.0579,0.38,289.0,244.0,4.1
2025-06-29T07:47:00+00:00,1911.4,81.55,336.9,13.87,387.5,24.0,539.4,0.0531,0.33,289.0,244.0,3.9
2025-06-29T07:48:00+00:00,2269.3,83.74,343.1,13.81,386.2,22.8,582.7,0.0555,0.38,289.0,244.0,3.7
2025-06-29T07:49:00+00:00,2052.8,81.90,345.1,13.58,376.3,23.6,590.8,0.0546,0.41,289.0,244.0,2.9
2025-06-29T07:50:00+00:00,2127.8,80.51,357.4,13.66,383.7,21.3,587.6,0.0543,0.35,289.0,244.0,4.8
2025-06-29T07:51:00+00:00,1984.8,83.31,354.4,14.01,386.9,21.3,632.9,0.0544,0.44,289.0,244.0,3.4
2025-06-29T07:52:00+00:00,1902.4,82.47,358.3,13.70,376.0,21.5,574.8,0.0540,0.43,289.0,244.0,4.3
2025-06-29T07:53:00+00:00,2202.1,83.40,347.8,13.71,397.0,22.9,652.4,0.0553,0.39,289.0,244.0,2.5
2025-06-29T07:54:00+00:00,1978.4,83.53,353.6,13.79,401.1,19.8,574.1,0.0587,0.38,289.0,244.0,2.2
2025-06-29T07:55:00+00:00,1948.9,80.46,360.6,13.55,383.9,23.8,590.5,0.0575,0.36,289.0,244.0,3.8
2025-06-29T07:56:00+00:00,1850.5,78.18,362.8,13.65,353.2,25.3,578.2,0.0532,0.37,289.0,244.0,2.5
2025-06-29T07:57:00+00:00,1933.2,81.83,360.2,13.60,397.0,22.5,597.7,0.0544,0.46,289.0,244.0,4.5
2025-06-29T07:58:00+00:00,1972.6,81.55,345.4,13.96,400.3,19.7,599.9,0.0539,0.39,289.0,244.0,1.8
2025-06-29T07:59:00+00:00,2040.4,82.50,349.9,13.94,377.3,22.7,573.9,0.0559,0.41,289.0,244.0,2.7
2025-06-29T08:00:00+00:00,1904.0,83.44,349.4,14.05,374.2,22.9,622.7,0.0544,0.36,289.0,244.0,1.9
2025-06-29T08:01:00+00:00,2107.5,81.39,354.0,13.56,389.8,23.5,605.7,0.0586,0.39,289.0,244.0,5.0
2025-06-29T08:02:00+00:00,1924.2,83.05,362.6,13.96,401.8,23.2,582.4,0.0546,0.43,289.0,244.0,3.7
2025-06-29T08:03:00+00:00,1946.7,79.93,345.0,13.91,357.0,22.2,596.4,0.0573,0.30,289.0,244.0,1.8
2025-06-29T08:04:00+00:00,984.5,80.62,363.6,13.80,363.2,21.8,573.1,0.0505,0.39,289.0,244.0,3.1
2025-06-29T08:05:00+00:00,1038.0,77.74,368.8,13.81,317.2,24.8,537.0,0.0543,0.38,289.0,244.0,2.6
2025-06-29T08:06:00+00:00,1023.0,80.60,358.5,13.69,341.9,25.0,582.0,0.0492,0.44,289.0,244.0,4.0
2025-06-29T08:07:00+00:00,1048.8,79.90,363.3,13.81,351.2,24.1,547.3,0.0485,0.34,289.0,244.0,2.8
2025-06-29T08:08:00+00:00,959.1,77.22,368.5,13.72,348.5,19.9,509.0,0.0481,0.36,289.0,244.0,3.1
2025-06-29T08:09:00+00:00,982.1,78.06,354.0,13.84,346.5,22.8,570.9,0.0517,0.39,289.0,244.0,1.9
2025-06-29T08:10:00+00:00,1015.6,77.69,358.0,13.91,350.6,25.4,565.2,0.0538,0.37,289.0,244.0,3.1
2025-06-29T08:11:00+00:00,967.2,79.60,355.0,13.74,323.3,24.0,590.1,0.0548,0.30,289.0,244.0,4.8
2025-06-29T08:12:00+00:00,1027.2,81.27,352.6,13.79,335.6,23.7,608.2,0.0487,0.37,289.0,244.0,2.1
2025-06-29T08:13:00+00:00,763.2,77.93,359.7,13.79,350.1,23.1,507.5,0.0529,0.36,289.0,244.0,4.3
2025-06-29T14:00:00+00:00,1014.5,80.54,366.7,13.70,350.7,23.3,548.4,0.0493,0.44,289.0,244.0,2.0
2025-06-29T14:01:00+00:00,902.0,78.13,358.2,13.94,330.2,23.2,543.8,0.0562,0.42,289.0,244.0,0.2
2025-06-29T14:02:00+00:00,996.6,82.41,362.9,13.98,354.3,23.1,591.5,0.0557,0.44,289.0,244.0,2.6
2025-06-29T14:03:00+00:00,846.7,76.50,337.0,13.79,354.2,24.1,522.1,0.0555,0.41,289.0,244.0,3.0
2025-06-29T14:04:00+00:00,955.6,79.21,354.4,13.80,360.2,20.4,518.9,0.0528,0.32,289.0,244.0,2.9
2025-06-29T14:05:00+00:00,934.0,79.46,350.2,13.67,358.6,23.5,562.4,0.0485,0.39,289.0,244.0,4.7
2025-06-29T14:06:00+00:00,791.6,78.24,354.7,13.87,343.4,21.1,524.6,0.0507,0.30,289.0,244.0,2.1
2025-06-29T14:07:00+00:00,944.4,78.60,354.5,14.21,345.2,23.0,532.5,0.0523,0.31,289.0,244.0,3.4
2025-06-29T14:08:00+00:00,698.4,78.32,350.2,13.80,346.4,20.5,577.6,0.0470,0.37,289.0,244.0,2.9
2025-06-29T14:09:00+00:00,907.5,76.32,355.3,13.83,334.0,21.8,591.2,0.0573,0.35,289.0,244.0,3.3
2025-06-29T14:10:00+00:00,951.5,79.08,368.6,13.99,350.7,23.3,582.8,0.0486,0.40,289.0,244.0,3.7
2025-06-29T14:11:00+00:00,1020.7,79.48,352.4,13.74,384.4,24.6,586.7,0.0492,0.38,289.0,244.0,2.9
2025-06-29T14:12:00+00:00,2137.7,82.74,332.8,13.70,404.3,19.9,570.1,0.0679,0.46,289.0,244.0,3.4
2025-06-29T14:13:00+00:00,1987.3,80.87,354.4,13.70,382.1,19.9,608.6,0.0558,0.38,289.0,244.0,4.1
2025-06-29T14:14:00+00:00,2107.5,82.50,353.1,14.19,398.0,25.2,571.6,0.0547,0.39,289.0,244.0,1.3
2025-06-29T14:15:00+00:00,2103.5,82.13,335.0,13.75,402.3,22.3,578.3,0.0597,0.42,289.0,244.0,3.5
2025-06-29T14:16:00+00:00,1886.0,79.30,343.7,13.82,370.9,22.9,580.3,0.0543,0.40,289.0,244.0,3.1
2025-06-29T14:17:00+00:00,1922.3,81.81,356.3,13.48,383.1,20.2,626.7,0.0554,0.44,289.0,244.0,2.2
2025-06-29T14:18:00+00:00,2008.0,80.25,358.9,13.67,385.8,22.7,592.4,0.0535,0.32,289.0,244.0,1.8
2025-06-29T14:19:00+00:00,2169.9,81.34,347.1,14.03,395.2,22.3,595.6,0.0585,0.41,289.0,244.0,2.9
2025-06-29T14:20:00+00:00,1947.3,82.72,349.5,13.77,376.9,23.7,556.5,0.0541,0.42,289.0,244.0,4.2
2025-06-29T14:21:00+00:00,1871.0,80.01,349.8,13.58,370.9,22.6,569.7,0.0530,0.35,289.0,244.0,4.4
2025-06-29T14:22:00+00:00,2009.1,80.20,335.0,13.56,400.0,21.8,681.7,0.0605,0.33,289.0,244.0,3.5
2025-06-29T14:23:00+00:00,1889.2,81.92,357.4,13.80,388.1,21.6,606.0,0.0527,0.31,289.0,244.0,2.6
2025-06-29T14:24:00+00:00,2033.5,81.00,341.9,13.95,382.0,22.8,589.2,0.0539,0.34,289.0,244.0,3.8
2025-06-29T14:25:00+00:00,2051.7,82.16,335.8,13.67,402.6,23.9,632.0,0.0613,0.46,289.0,244.0,4.0
2025-06-29T14:26:00+00:00,1923.5,80.66,349.7,13.84,362.3,22.4,630.0,0.0531,0.34,289.0,244.0,4.5
2025-06-29T14:27:00+00:00,1952.4,80.62,353.7,13.59,387.1,21.3,650.4,0.0547,0.47,289.0,244.0,3.2
2025-06-29T14:28:00+00:00,2108.9,80.85,332.4,13.81,404.6,22.0,610.1,0.0549,0.42,289.0,244.0,3.9
2025-06-29T14:29:00+00:00,2010.3,82.93,355.2,13.71,381.9,22.4,644.6,0.0608,0.45,289.0,244.0,3.8
2025-06-29T14:30:00+00:00,2132.8,83.30,353.8,13.72,397.3,23.2,625.7,0.0557,0.48,289.0,244.0,3.2
2025-06-29T14:31:00+00:00,2043.7,84.52,354.7,13.67,395.8,21.6,605.7,0.0543,0.37,289.0,244.0,3.2
2025-06-29T14:32:00+00:00,1958.8,81.30,343.2,13.67,389.3,21.3,589.6,0.0539,0.39,289.0,244.0,2.1
2025-06-29T14:33:00+00:00,2050.8,81.59,357.3,13.53,371.4,22.0,601.7,0.0550,0.43,289.0,244.0,3.1
2025-06-29T14:34:00+00:00,1953.1,81.85,340.8,13.42,388.4,22.1,638.5,0.0587,0.38,289.0,244.0,2.7
2025-06-29T14:35:00+00:00,2074.1,83.08,338.6,14.03,391.2,22.6,566.6,0.0549,0.41,289.0,244.0,0.7
2025-06-29T14:36:00+00:00,1977.7,82.25,346.1,13.74,402.0,25.1,599.8,0.0535,0.34,289.0,244.0,2.5
2025-06-29T14:37:00+00:00,1997.4,82.44,347.5,13.72,379.1,21.0,624.3,0.0567,0.40,289.0,244.0,2.3
2025-06-29T14:38:00+00:00,1907.6,83.95,351.4,13.73,382.6,24.9,611.4,0.0609,0.36,289.0,244.0,1.0
2025-06-29T14:39:00+00:00,1862.4,80.38,355.4,13.59,374.5,21.6,606.3,0.0543,0.48,289.0,244.0,2.0
2025-06-29T14:40:00+00:00,2191.0,81.83,348.5,13.93,404.7,21.9,558.6,0.0557,0.36,289.0,244.0,3.0
2025-06-29T14:41:00+00:00,1804.0,81.55,361.7,13.92,376.1,23.0,630.8,0.0534,0.29,289.0,244.0,3.7
2025-06-29T14:42:00+00:00,2331.0,84.10,354.5,13.95,388.7,21.3,587.9,0.0566,0.45,289.0,244.0,4.7
2025-06-29T14:43:00+00:00,2001.7,83.32,341.1,13.82,384.2,21.8,607.5,0.0621,0.45,289.0,244.0,4.4
2025-06-29T14:44:00+00:00,2055.0,82.18,350.7,13.89,399.6,21.8,577.0,0.0599,0.39,289.0,244.0,4.7
2025-06-29T14:45:00+00:00,2188.1,83.37,346.4,13.50,397.2,20.1,640.3,0.0628,0.40,289.0,244.0,1.8
2025-06-29T14:46:00+00:00,1877.9,82.21,351.4,13.83,380.7,25.2,607.1,0.0541,0.39,289.0,244.0,3.8
2025-06-29T14:47:00+00:00,2001.5,79.61,344.4,13.74,393.1,22.0,638.9,0.0579,0.28,289.0,244.0,4.4
2025-06-29T14:48:00+00:00,1981.2,81.47,361.7,13.94,386.0,24.6,543.7,0.0599,0.41,289.0,244.0,2.0
2025-06-29T14:49:00+00:00,2069.0,83.66,352.6,14.04,368.6,22.9,514.9,0.0541,0.36,289.0,244.0,2.5
2025-06-29T14:50:00+00:00,1854.5,77.79,351.3,13.69,379.1,22.2,609.8,0.0528,0.33,289.0,244.0,1.2
2025-06-29T14:51:00+00:00,1906.4,81.14,341.5,13.53,402.8,24.1,633.1,0.0542,0.45,289.0,244.0,1.7
2025-06-29T14:52:00+00:00,2154.3,82.27,344.1,14.02,382.6,23.1,582.6,0.0563,0.39,289.0,244.0,1.0
2025-06-29T14:53:00+00:00,1885.6,83.31,363.6,13.91,385.1,24.1,582.2,0.0527,0.31,289.0,244.0,1.0
2025-06-29T14:54:00+00:00,2089.1,83.01,346.9,13.76,404.0,24.7,560.5,0.0572,0.36,289.0,244.0,0.6
2025-06-29T14:55:00+00:00,2175.0,85.95,343.7,13.90,380.5,20.6,577.1,0.0547,0.35,289.0,244.0,1.8
2025-06-29T14:56:00+00:00,1909.8,83.25,355.8,13.63,383.1,25.5,545.4,0.0535,0.38,289.0,244.0,4.4
2025-06-29T14:57:00+00:00,1882.5,83.68,360.1,13.85,374.0,22.3,573.7,0.0530,0.33,289.0,244.0,4.1
2025-06-29T14:58:00+00:00,1845.9,83.33,333.3,13.77,377.4,23.6,592.9,0.0669,0.41,289.0,244.0,3.3
2025-06-29T14:59:00+00:00,1932.6,81.24,343.5,13.88,375.6,22.3,596.1,0.0553,0.43,289.0,244.0,3.6
2025-06-29T15:00:00+00:00,1861.5,80.56,346.2,13.66,372.9,23.0,611.1,0.0543,0.37,289.0,244.0,3.1
2025-06-29T15:01:00+00:00,2157.7,81.95,357.6,13.72,408.8,22.6,551.2,0.0550,0.34,289.0,244.0,2.7
2025-06-29T15:02:00+00:00,2486.4,83.07,339.2,13.81,381.3,22.8,592.7,0.0606,0.44,289.0,244.0,1.9
2025-06-29T15:03:00+00:00,2139.4,83.77,352.7,13.76,374.6,23.2,606.0,0.0548,0.38,289.0,244.0,4.5
2025-06-29T15:04:00+00:00,2454.7,86.21,346.5,14.07,396.7,22.1,591.7,0.0571,0.44,289.0,244.0,1.7
2025-06-29T15:05:00+00:00,2531.6,82.50,341.1,13.95,404.6,23.0,648.8,0.0681,0.48,289.0,244.0,3.0
2025-06-29T15:06:00+00:00,2197.7,81.21,339.1,14.08,405.9,25.4,596.7,0.0630,0.42,289.0,244.0,2.8
2025-06-29T15:07:00+00:00,2459.9,80.91,344.4,13.72,402.7,22.5,647.2,0.0559,0.34,289.0,244.0,2.7
2025-06-29T15:08:00+00:00,2445.8,85.57,337.6,13.79,402.5,20.8,529.3,0.0573,0.48,289.0,244.0,1.8
2025-06-29T15:09:00+00:00,2634.8,82.36,338.9,13.73,411.1,21.0,623.4,0.0666,0.36,289.0,244.0,1.7
2025-06-29T15:10:00+00:00,1889.5,82.45,345.1,13.60,390.0,19.6,624.9,0.0534,0.39,289.0,244.0,3.6
2025-06-29T15:11:00+00:00,2468.6,81.99,342.2,13.70,402.3,24.1,603.6,0.0562,0.34,289.0,244.0,4.4
2025-06-29T15:12:00+00:00,1840.9,80.81,350.9,13.44,391.1,23.9,663.0,0.0527,0.32,289.0,244.0,3.6
2025-06-29T15:13:00+00:00,1769.8,78.89,347.1,13.78,365.6,24.8,578.3,0.0533,0.44,289.0,244.0,2.9
2025-06-29T15:14:00+00:00,1843.9,80.67,337.2,13.99,376.6,21.6,613.6,0.0539,0.47,289.0,244.0,5.1
2025-06-29T15:15:00+00:00,1915.8,79.45,342.9,13.88,386.4,20.9,600.6,0.0562,0.37,289.0,244.0,2.3
2025-06-29T15:16:00+00:00,2462.6,84.68,336.0,13.88,390.1,23.3,646.2,0.0571,0.44,289.0,244.0,3.6
2025-06-29T15:17:00+00:00,1992.5,81.78,351.2,13.90,397.8,22.8,566.7,0.0536,0.35,289.0,244.0,3.2
2025-06-29T15:18:00+00:00,2371.4,82.60,337.8,13.93,376.3,24.8,615.0,0.0560,0.34,289.0,244.0,3.9
2025-06-29T15:19:00+00:00,2223.1,82.74,336.4,13.60,387.0,24.5,619.6,0.0620,0.37,289.0,244.0,2.8
2025-06-29T15:20:00+00:00,2007.8,84.74,343.9,13.57,389.1,20.2,567.3,0.0565,0.42,289.0,244.0,2.9
2025-06-29T15:21:00+00:00,2493.6,84.94,354.5,13.87,408.1,23.3,612.4,0.0569,0.40,289.0,244.0,1.5
2025-06-29T15:22:00+00:00,2054.7,80.49,363.0,13.67,390.9,22.6,610.6,0.0606,0.40,289.0,244.0,1.9
2025-06-29T15:23:00+00:00,1955.2,82.14,339.9,13.82,348.7,22.1,604.3,0.0553,0.53,289.0,244.0,3.4
2025-06-29T15:24:00+00:00,2053.8,84.45,355.9,13.70,399.6,23.8,529.1,0.0613,0.38,289.0,244.0,3.8
2025-06-29T15:25:00+00:00,2082.3,84.44,347.3,13.84,369.4,21.0,595.6,0.0568,0.40,289.0,244.0,4.0
2025-06-29T15:26:00+00:00,2032.2,82.42,350.0,13.76,388.9,25.3,625.4,0.0544,0.39,289.0,244.0,2.2
2025-06-29T15:27:00+00:00,2508.8,83.14,335.2,13.78,392.9,22.4,602.3,0.0596,0.44,289.0,244.0,3.3
2025-06-29T15:28:00+00:00,1994.2,81.37,338.9,13.92,375.4,22.9,631.4,0.0538,0.37,289.0,244.0,3.0
2025-06-29T15:29:00+00:00,1890.1,81.02,359.1,13.87,361.9,22.4,557.6,0.0538,0.42,289.0,244.0,2.3
2025-06-29T15:30:00+00:00,2216.4,81.06,356.7,13.77,394.7,21.0,613.3,0.0548,0.34,289.0,244.0,2.3
2025-06-29T15:31:00+00:00,1976.0,83.05,359.8,13.74,363.8,21.9,586.3,0.0552,0.50,289.0,244.0,2.5
2025-06-29T15:32:00+00:00,1937.2,81.78,354.5,13.77,399.4,22.4,593.9,0.0592,0.41,289.0,244.0,1.9
2025-06-29T15:33:00+00:00,2037.4,81.76,343.4,13.82,376.6,22.5,646.8,0.0545,0.41,289.0,244.0,2.1
2025-06-29T15:34:00+00:00,2154.7,83.48,351.6,13.55,383.0,21.7,586.5,0.0552,0.42,289.0,244.0,3.5
2025-06-29T15:35:00+00:00,1916.2,83.04,339.3,13.62,378.0,23.6,609.7,0.0558,0.26,289.0,244.0,1.1
2025-06-29T15:36:00+00:00,2017.6,81.61,344.9,13.86,378.1,23.2,584.4,0.0569,0.34,289.0,244.0,2.5
2025-06-29T15:37:00+00:00,2008.3,82.33,350.5,13.91,379.0,23.6,543.0,0.0567,0.47,289.0,244.0,3.4
2025-06-29T15:38:00+00:00,2114.1,81.38,361.6,13.73,387.6,22.0,611.4,0.0552,0.43,289.0,244.0,2.0
2025-06-29T15:39:00+00:00,1794.4,79.10,349.9,13.89,377.7,21.2,565.0,0.0538,0.32,289.0,244.0,1.0
2025-06-29T15:40:00+00:00,2060.8,82.39,350.9,14.01,396.1,25.5,569.4,0.0600,0.38,289.0,244.0,1.9
2025-06-29T15:41:00+00:00,1940.9,81.39,353.5,13.97,371.0,23.4,624.9,0.0575,0.34,289.0,244.0,3.1
2025-06-29T15:42:00+00:00,1844.4,82.69,342.6,13.61,352.4,23.1,600.5,0.0538,0.43,289.0,244.0,2.3
2025-06-29T15:43:00+00:00,1811.8,82.13,333.6,13.71,380.0,21.6,586.1,0.0530,0.38,289.0,244.0,2.6
2025-06-29T15:44:00+00:00,2016.0,82.99,360.3,13.63,381.5,24.1,565.0,0.0542,0.39,289.0,244.0,5.8
2025-06-29T15:45:00+00:00,2046.6,81.21,348.2,13.95,377.8,20.0,588.7,0.0686,0.40,289.0,244.0,3.5
2025-06-29T15:46:00+00:00,1969.4,83.64,343.5,14.00,388.6,22.2,582.7,0.0541,0.41,289.0,244.0,2.1
2025-06-29T15:47:00+00:00,2116.8,83.04,343.0,13.96,385.7,21.2,577.4,0.0547,0.39,289.0,244.0,4.0
2025-06-29T15:48:00+00:00,2032.5,83.33,335.1,13.77,368.9,22.7,607.6,0.0600,0.33,289.0,244.0,4.0
2025-06-29T15:49:00+00:00,2185.2,81.48,340.6,13.81,382.2,21.6,617.4,0.0554,0.41,289.0,244.0,4.4
2025-06-29T15:50:00+00:00,2028.1,81.03,347.8,13.88,379.5,24.9,665.2,0.0547,0.43,289.0,244.0,3.4
2025-06-29T15:51:00+00:00,2206.1,83.11,351.7,14.00,371.1,21.9,621.5,0.0561,0.42,289.0,244.0,2.1
2025-06-29T15:52:00+00:00,2160.5,81.84,347.9,13.88,371.4,23.8,643.3,0.0570,0.41,289.0,244.0,2.4
2025-06-29T15:53:00+00:00,2114.6,81.82,346.6,13.87,391.1,20.8,601.4,0.0585,0.29,289.0,244.0,3.5
2025-06-29T15:54:00+00:00,1972.6,83.04,348.5,13.90,365.8,20.5,576.7,0.0545,0.41,289.0,244.0,3.4
2025-06-29T15:55:00+00:00,2152.1,80.21,351.5,13.88,375.2,22.5,594.3,0.0545,0.36,289.0,244.0,3.9
2025-06-29T15:56:00+00:00,1936.5,83.33,365.7,13.91,380.8,21.7,600.9,0.0533,0.35,289.0,244.0,3.2
2025-06-29T15:57:00+00:00,2005.0,84.23,353.4,13.99,383.9,23.4,567.1,0.0555,0.52,289.0,244.0,1.6
2025-06-29T15:58:00+00:00,1919.2,82.54,342.3,13.73,368.6,22.1,626.4,0.0536,0.38,289.0,244.0,1.7
2025-06-29T15:59:00+00:00,1899.5,81.56,345.2,13.80,376.6,23.0,596.7,0.0536,0.39,289.0,244.0,2.3
2025-06-29T16:00:00+00:00,1851.6,80.94,341.6,13.91,385.7,19.2,591.4,0.0561,0.40,289.0,244.0,4.3
2025-06-29T16:01:00+00:00,2145.2,84.74,357.9,13.68,370.3,23.4,628.4,0.0557,0.36,289.0,244.0,2.7
2025-06-29T16:02:00+00:00,1950.2,79.31,340.8,13.68,356.8,20.2,610.7,0.0536,0.37,289.0,244.0,2.7
2025-06-29T16:03:00+00:00,1912.8,83.56,356.6,13.88,399.1,23.4,556.5,0.0548,0.43,289.0,244.0,4.0
2025-06-29T16:04:00+00:00,1961.0,83.30,362.2,13.68,369.2,23.0,596.0,0.0671,0.27,289.0,244.0,2.4
2025-06-29T16:05:00+00:00,2144.4,81.83,356.2,13.83,389.1,21.9,595.7,0.0551,0.42,289.0,244.0,3.2
2025-06-29T16:06:00+00:00,1967.3,82.93,342.7,13.64,405.1,21.4,625.6,0.0541,0.40,289.0,244.0,3.5
2025-06-29T16:07:00+00:00,2253.4,82.38,345.6,13.72,388.0,23.2,596.0,0.0554,0.38,289.0,244.0,1.9
2025-06-29T16:08:00+00:00,2089.0,83.88,351.3,13.61,361.9,21.3,653.9,0.0553,0.47,289.0,244.0,3.4
2025-06-29T16:09:00+00:00,1849.4,83.37,355.5,13.81,377.9,24.1,582.2,0.0596,0.45,289.0,244.0,2.8
2025-06-29T16:10:00+00:00,2081.0,81.96,363.7,14.07,368.1,21.6,654.8,0.0561,0.35,289.0,244.0,4.5
2025-06-29T16:11:00+00:00,1878.0,83.14,351.8,13.64,397.3,22.7,652.9,0.0537,0.37,289.0,244.0,4.0
2025-06-29T16:12:00+00:00,2003.7,83.23,347.3,13.84,381.2,22.2,604.1,0.0596,0.34,289.0,244.0,3.0
2025-06-29T16:13:00+00:00,1998.5,83.13,355.7,13.94,369.0,22.2,615.9,0.0567,0.48,289.0,244.0,4.2
2025-06-29T16:14:00+00:00,1984.1,84.08,355.2,13.75,374.0,23.9,596.3,0.0535,0.34,289.0,244.0,4.4
2025-06-29T16:15:00+00:00,1232.4,78.02,341.6,13.78,343.0,21.8,539.2,0.0533,0.28,289.0,244.0,0.7
2025-06-29T16:16:00+00:00,959.3,77.69,355.8,13.98,347.9,25.0,542.1,0.0539,0.39,289.0,244.0,2.3
2025-06-29T16:17:00+00:00,870.1,80.24,366.0,13.73,337.9,22.0,511.4,0.0474,0.33,289.0,244.0,0.8
2025-06-29T16:18:00+00:00,973.9,79.00,347.0,13.82,358.1,21.8,570.4,0.0492,0.37,289.0,244.0,3.0
2025-06-29T16:19:00+00:00,987.5,79.43,361.8,13.73,366.8,23.1,556.0,0.0493,0.45,289.0,244.0,4.9
2025-06-29T16:20:00+00:00,919.4,78.84,353.1,13.86,353.8,24.4,570.8,0.0530,0.42,289.0,244.0,2.9
2025-06-29T16:21:00+00:00,921.0,78.09,349.9,13.45,350.2,20.7,554.7,0.0488,0.44,289.0,244.0,3.9
2025-06-29T16:22:00+00:00,896.3,79.39,359.9,13.99,329.5,21.8,559.3,0.0492,0.38,289.0,244.0,3.8
2025-06-29T16:23:00+00:00,1023.6,79.50,359.2,13.67,329.4,23.0,561.5,0.0496,0.42,289.0,244.0,5.3
2025-06-29T16:24:00+00:00,1113.0,80.38,350.3,13.91,350.2,20.2,570.4,0.0496,0.43,289.0,244.0,2.9
2025-06-29T16:25:00+00:00,859.0,78.09,366.9,13.87,344.2,22.6,633.9,0.0477,0.37,289.0,244.0,2.7
2025-06-30T06:00:00+00:00,933.9,78.36,356.7,13.90,358.3,24.0,604.9,0.0590,0.95,55.2,280.2,9.4
2025-06-30T06:01:00+00:00,1002.8,77.65,359.0,13.86,349.9,20.0,529.5,0.0572,0.91,55.2,280.2,9.7
2025-06-30T06:02:00+00:00,1002.5,79.94,359.7,13.77,361.4,24.0,551.3,0.0577,1.02,55.2,280.2,9.7
2025-06-30T06:03:00+00:00,1145.7,78.55,348.2,14.01,329.5,23.6,561.0,0.0654,0.94,55.2,280.2,9.1
2025-06-30T06:04:00+00:00,1032.5,76.82,367.3,13.75,349.7,23.8,535.0,0.0546,0.97,55.2,280.2,10.8
2025-06-30T06:05:00+00:00,922.3,82.27,355.5,13.76,347.0,23.5,520.8,0.0587,0.90,55.2,280.2,10.9
2025-06-30T06:06:00+00:00,1044.4,75.75,352.4,14.12,354.9,22.2,560.2,0.0559,1.09,55.2,280.2,8.5
2025-06-30T06:07:00+00:00,984.3,78.06,350.2,13.70,351.2,24.9,554.2,0.0631,0.97,55.2,280.2,8.8
2025-06-30T06:08:00+00:00,1033.1,78.76,341.1,13.92,346.4,22.9,595.8,0.0556,1.06,55.2,280.2,8.6
2025-06-30T06:09:00+00:00,1101.5,78.14,337.2,13.74,367.8,23.2,545.1,0.0551,0.96,55.2,280.2,9.4
2025-06-30T06:10:00+00:00,934.8,77.28,362.7,13.99,363.8,20.9,570.8,0.0541,0.98,55.2,280.2,10.0
2025-06-30T06:11:00+00:00,955.9,77.72,365.2,14.05,343.1,21.7,563.4,0.0577,1.08,55.2,280.2,10.7
2025-06-30T06:12:00+00:00,1929.4,83.89,337.3,13.83,382.9,22.2,598.3,0.0671,0.91,55.2,280.2,8.8
2025-06-30T06:13:00+00:00,2120.6,84.03,333.4,13.74,379.2,24.4,629.6,0.0606,0.99,55.2,280.2,10.4
2025-06-30T06:14:00+00:00,1805.3,80.61,352.1,13.69,389.9,20.8,525.9,0.0586,0.91,55.2,280.2,9.3
2025-06-30T06:15:00+00:00,2024.1,83.20,362.2,13.83,389.1,23.4,631.8,0.0684,1.07,55.2,280.2,12.0
2025-06-30T06:16:00+00:00,1930.2,82.06,350.1,13.70,383.5,23.4,554.6,0.0592,0.94,55.2,280.2,9.4
2025-06-30T06:17:00+00:00,1842.5,80.37,340.0,13.64,374.1,24.2,673.3,0.0674,0.94,55.2,280.2,9.9
2025-06-30T06:18:00+00:00,2123.4,82.72,347.9,14.04,387.2,20.8,601.5,0.0603,0.96,55.2,280.2,8.7
2025-06-30T06:19:00+00:00,1920.3,80.32,352.7,13.72,371.8,22.2,523.5,0.0666,1.02,55.2,280.2,10.2
2025-06-30T06:20:00+00:00,2064.4,84.10,331.8,13.59,388.8,19.9,600.7,0.0596,0.89,55.2,280.2,10.8
2025-06-30T06:21:00+00:00,2037.4,82.44,354.8,13.96,374.8,21.3,590.5,0.0608,1.04,55.2,280.2,10.2
2025-06-30T06:22:00+00:00,1736.7,80.66,357.9,13.70,381.2,23.8,551.6,0.0618,1.03,55.2,280.2,9.2
2025-06-30T06:23:00+00:00,2007.3,80.19,345.1,13.65,386.8,23.6,547.0,0.0605,0.99,55.2,280.2,8.7
2025-06-30T06:24:00+00:00,1967.1,81.42,352.3,13.77,389.0,21.0,571.2,0.0602,1.01,55.2,280.2,8.0
2025-06-30T06:25:00+00:00,2012.7,80.19,347.6,13.81,393.8,25.6,537.9,0.0632,0.89,55.2,280.2,9.0
2025-06-30T06:26:00+00:00,1965.1,83.60,344.4,13.64,369.2,21.8,568.5,0.0600,0.97,55.2,280.2,11.9
2025-06-30T06:27:00+00:00,1981.2,82.13,350.4,13.46,380.0,21.8,590.4,0.0656,0.95,55.2,280.2,9.8
2025-06-30T06:28:00+00:00,2057.2,81.89,352.5,13.87,372.0,26.0,651.5,0.0610,1.02,55.2,280.2,10.2
2025-06-30T06:29:00+00:00,1738.3,80.53,351.7,13.68,376.4,23.6,612.5,0.0592,1.03,55.2,280.2,9.7
2025-06-30T06:30:00+00:00,2058.4,79.64,334.6,13.69,359.9,21.6,629.7,0.0606,1.03,55.2,280.2,9.5
2025-06-30T06:31:00+00:00,2030.3,80.93,345.5,13.65,370.7,19.7,559.9,0.0599,0.86,55.2,280.2,8.5
2025-06-30T06:32:00+00:00,1982.2,81.82,344.5,13.86,380.6,22.6,598.0,0.0593,0.93,55.2,280.2,9.7
2025-06-30T06:33:00+00:00,2046.6,83.72,345.9,13.72,381.4,25.5,548.2,0.0616,0.99,55.2,280.2,9.6
2025-06-30T06:34:00+00:00,2009.1,82.62,349.4,13.81,392.0,21.2,560.5,0.0690,1.00,55.2,280.2,8.1
2025-06-30T06:35:00+00:00,1850.8,85.27,355.5,13.46,384.2,22.6,595.4,0.0587,0.92,55.2,280.2,8.7
2025-06-30T06:36:00+00:00,2152.1,82.19,362.8,14.11,381.5,23.0,610.3,0.0751,0.97,55.2,280.2,9.8
2025-06-30T06:37:00+00:00,1828.7,82.08,353.4,14.10,372.4,20.1,604.9,0.0598,1.05,55.2,280.2,8.0
2025-06-30T06:38:00+00:00,1807.5,81.26,347.2,13.96,371.6,23.3,580.9,0.0585,0.93,55.2,280.2,9.3
2025-06-30T06:39:00+00:00,2026.3,82.44,342.7,13.93,390.3,21.1,646.3,0.0659,1.13,55.2,280.2,9.1
2025-06-30T06:40:00+00:00,2080.5,84.98,347.0,13.67,374.4,23.2,641.8,0.0676,0.86,55.2,280.2,10.7
2025-06-30T06:41:00+00:00,1911.7,83.39,340.5,13.96,383.1,22.4,633.2,0.0594,0.92,55.2,280.2,10.5
2025-06-30T06:42:00+00:00,2056.9,81.61,345.3,13.72,378.9,24.2,572.5,0.0596,0.90,55.2,280.2,9.5
2025-06-30T06:43:00+00:00,2018.8,80.45,359.0,13.69,363.4,22.1,635.6,0.0604,0.97,55.2,280.2,9.7
2025-06-30T06:44:00+00:00,2032.0,83.47,346.4,13.75,395.8,20.4,635.6,0.0647,0.97,55.2,280.2,11.1
2025-06-30T06:45:00+00:00,1965.3,82.51,342.1,13.71,377.2,23.2,544.2,0.0688,1.00,55.2,280.2,10.0
2025-06-30T06:46:00+00:00,2082.0,82.55,343.6,13.80,364.5,24.3,598.3,0.0615,0.93,55.2,280.2,8.6
2025-06-30T06:47:00+00:00,2085.0,84.02,341.2,13.90,388.0,25.0,635.5,0.0614,1.06,55.2,280.2,9.9
2025-06-30T06:48:00+00:00,2097.1,82.94,352.3,13.84,372.5,24.2,590.9,0.0603,0.96,55.2,280.2,8.8
2025-06-30T06:49:00+00:00,2153.0,84.98,343.5,13.67,387.7,22.5,563.2,0.0612,1.01,55.2,280.2,8.8
2025-06-30T06:50:00+00:00,2209.6,82.07,334.4,13.94,395.8,22.5,641.0,0.0632,1.04,55.2,280.2,10.5
2025-06-30T06:51:00+00:00,1924.8,82.05,344.4,13.99,376.2,26.1,572.0,0.0599,1.01,55.2,280.2,9.8
2025-06-30T06:52:00+00:00,2041.2,81.75,349.3,13.76,397.3,23.0,649.8,0.0613,0.92,55.2,280.2,8.6
2025-06-30T06:53:00+00:00,1935.6,79.63,343.4,14.04,370.7,22.1,621.2,0.0590,0.92,55.2,280.2,9.2
2025-06-30T06:54:00+00:00,2200.4,83.77,360.6,13.85,375.4,23.5,587.8,0.0692,0.98,55.2,280.2,9.9
2025-06-30T06:55:00+00:00,2048.2,80.15,345.5,14.04,392.6,21.2,595.6,0.0600,0.97,55.2,280.2,8.5
2025-06-30T06:56:00+00:00,1974.3,80.76,354.6,14.05,367.3,22.4,665.8,0.0684,1.00,55.2,280.2,9.8
2025-06-30T06:57:00+00:00,2004.5,81.63,351.5,14.07,350.2,24.1,631.5,0.0638,0.98,55.2,280.2,10.0
2025-06-30T06:58:00+00:00,2113.7,79.93,357.8,13.61,397.5,22.3,581.1,0.0598,0.89,55.2,280.2,11.3
2025-06-30T06:59:00+00:00,1993.1,83.18,360.0,13.68,368.6,20.1,627.1,0.0629,0.86,55.2,280.2,10.1
2025-06-30T07:00:00+00:00,1957.2,82.48,344.6,13.69,380.3,21.9,668.7,0.0595,0.87,55.2,280.2,9.5
2025-06-30T07:01:00+00:00,2070.0,84.05,358.6,13.75,365.2,22.9,596.8,0.0602,0.97,55.2,280.2,10.1
2025-06-30T07:02:00+00:00,1962.7,83.17,338.4,13.73,408.7,21.9,520.3,0.0590,0.91,55.2,280.2,11.0
2025-06-30T07:03:00+00:00,2483.5,81.78,356.2,13.63,397.9,22.1,655.6,0.0621,0.93,55.2,280.2,8.7
2025-06-30T07:04:00+00:00,2094.5,83.63,347.5,13.70,380.5,22.9,631.7,0.0684,0.98,55.2,280.2,10.1
2025-06-30T07:05:00+00:00,2388.1,85.22,346.9,13.89,400.7,23.3,613.4,0.0617,0.94,55.2,280.2,9.2
2025-06-30T07:06:00+00:00,2154.6,82.99,354.0,13.99,401.2,20.4,668.6,0.0675,0.93,55.2,280.2,9.4
2025-06-30T07:07:00+00:00,2022.8,83.27,354.7,13.98,380.2,21.9,627.7,0.0595,0.92,55.2,280.2,11.0
2025-06-30T07:08:00+00:00,1869.8,78.42,358.0,13.91,372.0,21.6,610.7,0.0587,0.90,55.2,280.2,12.0
2025-06-30T07:09:00+00:00,1965.9,81.42,359.1,13.84,397.7,25.7,651.3,0.0592,0.93,55.2,280.2,9.8
2025-06-30T07:10:00+00:00,2315.5,81.02,348.2,13.76,395.9,21.8,631.5,0.0618,0.99,55.2,280.2,8.4
2025-06-30T07:11:00+00:00,2094.8,81.79,347.4,13.60,387.2,22.7,603.0,0.0610,0.98,55.2,280.2,8.8
2025-06-30T07:12:00+00:00,1955.6,81.29,345.0,14.15,373.3,24.7,634.6,0.0632,1.13,55.2,280.2,9.4
2025-06-30T07:13:00+00:00,2040.1,84.63,362.9,13.81,378.5,21.6,615.4,0.0667,1.00,55.2,280.2,9.0
2025-06-30T07:14:00+00:00,1943.5,81.63,359.4,13.79,357.7,24.5,627.6,0.0620,0.98,55.2,280.2,9.9
2025-06-30T07:15:00+00:00,2586.4,84.97,350.3,13.64,416.4,23.4,671.9,0.0664,0.97,55.2,280.2,9.6
2025-06-30T07:16:00+00:00,1942.3,80.82,351.8,14.00,401.8,21.4,570.8,0.0597,0.97,55.2,280.2,8.9
2025-06-30T07:17:00+00:00,1795.3,80.37,348.4,13.94,377.3,24.2,617.9,0.0587,0.96,55.2,280.2,9.7
2025-06-30T07:18:00+00:00,2411.0,82.07,342.6,13.72,398.2,20.5,660.0,0.0621,0.93,55.2,280.2,7.9
2025-06-30T07:19:00+00:00,2332.6,83.32,359.9,13.84,397.9,22.3,570.3,0.0612,0.92,55.2,280.2,9.4
2025-06-30T07:20:00+00:00,1876.4,77.81,348.3,13.75,383.2,24.8,581.2,0.0625,0.98,55.2,280.2,8.2
2025-06-30T07:21:00+00:00,2008.3,84.82,341.1,13.58,356.1,21.5,687.9,0.0597,0.94,55.2,280.2,10.2
2025-06-30T07:22:00+00:00,2003.9,83.48,334.9,13.48,373.6,22.6,589.5,0.0604,1.01,55.2,280.2,8.9
2025-06-30T07:23:00+00:00,2151.9,79.45,358.8,13.66,396.6,24.4,679.2,0.0628,0.98,55.2,280.2,10.3
2025-06-30T07:24:00+00:00,2462.9,82.42,355.7,13.67,399.4,22.3,606.9,0.0630,1.03,55.2,280.2,9.0
2025-06-30T07:25:00+00:00,2076.6,81.21,341.6,13.88,372.2,22.8,602.2,0.0603,0.97,55.2,280.2,8.7
2025-06-30T07:26:00+00:00,2110.1,84.18,347.8,13.75,399.0,25.0,646.5,0.0606,0.98,55.2,280.2,8.9
2025-06-30T07:27:00+00:00,2134.5,81.97,357.8,13.77,371.5,24.4,630.2,0.0602,0.93,55.2,280.2,8.7
2025-06-30T07:28:00+00:00,1774.7,82.85,361.6,13.96,379.9,21.0,563.1,0.0585,0.95,55.2,280.2,10.1
2025-06-30T07:29:00+00:00,2121.7,82.96,341.3,13.95,381.7,22.4,671.2,0.0608,0.99,55.2,280.2,12.4
2025-06-30T07:30:00+00:00,2222.2,82.55,348.2,13.91,397.5,21.7,604.3,0.0601,0.87,55.2,280.2,9.9
2025-06-30T07:31:00+00:00,2135.0,82.55,352.7,13.80,388.8,19.3,652.2,0.0695,1.00,55.2,280.2,8.1
2025-06-30T07:32:00+00:00,1889.8,78.81,365.9,13.96,379.7,22.1,580.5,0.0599,1.01,55.2,280.2,10.8
2025-06-30T07:33:00+00:00,2071.9,80.79,347.0,13.64,395.0,21.9,548.1,0.0609,1.02,55.2,280.2,9.7
2025-06-30T07:34:00+00:00,1970.6,80.13,351.7,13.74,398.5,21.2,598.3,0.0590,0.89,55.2,280.2,8.3
2025-06-30T07:35:00+00:00,1890.3,81.20,356.7,13.77,367.1,23.1,644.1,0.0595,0.98,55.2,280.2,10.0
2025-06-30T07:36:00+00:00,2086.7,84.93,340.0,14.07,383.1,24.0,608.5,0.0597,0.91,55.2,280.2,9.5
2025-06-30T07:37:00+00:00,2195.0,80.50,344.3,13.56,389.5,23.1,582.5,0.0614,1.03,55.2,280.2,7.5
2025-06-30T07:38:00+00:00,1922.5,79.34,349.6,13.90,384.2,22.2,584.7,0.0591,0.95,55.2,280.2,10.0
2025-06-30T07:39:00+00:00,1753.4,79.92,340.9,13.91,392.4,21.6,641.4,0.0597,1.08,55.2,280.2,9.3
2025-06-30T07:40:00+00:00,2072.7,79.89,347.2,13.97,397.2,23.5,641.2,0.0678,1.00,55.2,280.2,8.3
2025-06-30T07:41:00+00:00,2135.5,81.86,345.7,13.69,380.5,22.6,619.5,0.0599,0.90,55.2,280.2,10.0
2025-06-30T07:42:00+00:00,1794.2,83.14,338.6,13.93,387.0,21.4,643.1,0.0590,0.98,55.2,280.2,7.7
2025-06-30T07:43:00+00:00,1830.8,81.70,356.1,13.69,376.4,22.7,571.3,0.0620,0.95,55.2,280.2,8.5
2025-06-30T07:44:00+00:00,2052.3,82.91,344.1,13.87,390.9,23.0,620.1,0.0645,1.08,55.2,280.2,9.5
2025-06-30T07:45:00+00:00,1986.7,80.56,354.2,13.75,390.7,22.8,589.1,0.0593,0.92,55.2,280.2,12.7
2025-06-30T07:46:00+00:00,1889.7,79.86,357.5,13.73,359.4,23.6,618.3,0.0609,0.96,55.2,280.2,9.9
2025-06-30T07:47:00+00:00,1954.7,82.25,337.6,13.74,363.5,22.8,654.6,0.0596,0.97,55.2,280.2,11.0
2025-06-30T07:48:00+00:00,2248.0,85.87,342.6,13.67,388.3,21.9,604.3,0.0685,0.97,55.2,280.2,8.1
2025-06-30T07:49:00+00:00,2328.1,83.06,348.0,13.59,401.8,23.0,602.5,0.0618,0.99,55.2,280.2,8.6
2025-06-30T07:50:00+00:00,2144.5,84.72,347.9,13.68,376.1,21.0,637.4,0.0604,0.95,55.2,280.2,8.0
2025-06-30T07:51:00+00:00,2029.2,83.79,350.1,13.47,370.5,18.7,609.9,0.0605,1.01,55.2,280.2,10.0
2025-06-30T07:52:00+00:00,1845.1,83.35,346.3,13.65,355.6,22.7,574.8,0.0616,1.07,55.2,280.2,10.8
2025-06-30T07:53:00+00:00,2042.3,82.48,343.0,13.99,385.7,22.6,604.3,0.0653,0.96,55.2,280.2,10.7
2025-06-30T07:54:00+00:00,1857.9,83.28,363.8,13.52,365.9,24.1,532.4,0.0641,1.03,55.2,280.2,8.1
2025-06-30T07:55:00+00:00,2074.0,81.92,342.0,13.91,381.4,22.0,631.2,0.0604,0.98,55.2,280.2,8.5
2025-06-30T07:56:00+00:00,1959.4,81.82,340.8,13.99,382.7,21.4,587.8,0.0665,0.97,55.2,280.2,10.0
2025-06-30T07:57:00+00:00,2066.1,81.40,354.1,13.84,369.3,23.3,575.7,0.0605,1.00,55.2,280.2,8.9
2025-06-30T07:58:00+00:00,1922.0,81.92,341.0,13.80,370.0,24.0,621.9,0.0596,0.97,55.2,280.2,8.8
2025-06-30T07:59:00+00:00,2195.3,83.12,364.8,13.86,390.1,22.9,599.5,0.0612,1.01,55.2,280.2,10.0
2025-06-30T08:00:00+00:00,1916.5,81.29,343.9,13.77,367.8,21.9,584.4,0.0603,1.05,55.2,280.2,9.7
2025-06-30T08:01:00+00:00,1958.2,84.35,359.9,13.97,381.9,21.2,614.2,0.0661,1.05,55.2,280.2,10.1
2025-06-30T08:02:00+00:00,2225.8,83.72,345.4,13.76,410.4,23.4,635.7,0.0626,0.93,55.2,280.2,8.8
2025-06-30T08:03:00+00:00,2150.3,83.34,349.8,13.62,383.3,20.5,594.2,0.0618,0.95,55.2,280.2,10.2
2025-06-30T08:04:00+00:00,2093.3,82.83,348.9,13.88,396.4,22.6,630.9,0.0690,0.92,55.2,280.2,9.5
2025-06-30T08:05:00+00:00,1819.7,80.36,352.4,13.79,378.7,20.6,581.7,0.0585,0.93,55.2,280.2,9.6
2025-06-30T08:06:00+00:00,2111.6,82.31,349.8,13.99,383.6,21.7,586.6,0.0610,1.02,55.2,280.2,11.1
2025-06-30T08:07:00+00:00,1985.0,82.13,349.8,14.00,363.7,21.8,680.2,0.0634,1.00,55.2,280.2,7.8
2025-06-30T08:08:00+00:00,2184.1,84.40,357.4,13.60,409.0,21.4,610.8,0.0614,1.02,55.2,280.2,9.1
2025-06-30T08:09:00+00:00,2255.7,82.40,352.7,13.59,375.5,23.3,647.7,0.0633,0.99,55.2,280.2,8.2
2025-06-30T08:10:00+00:00,2047.5,81.00,352.6,13.82,369.2,20.4,610.1,0.0607,1.02,55.2,280.2,10.5
2025-06-30T08:11:00+00:00,1995.2,81.97,358.9,13.87,385.2,24.6,603.1,0.0604,1.03,55.2,280.2,10.9
2025-06-30T08:12:00+00:00,2124.3,79.42,348.8,13.74,384.2,24.8,637.5,0.0602,0.94,55.2,280.2,10.6
2025-06-30T08:13:00+00:00,2101.9,84.51,337.4,13.89,414.4,21.7,569.7,0.0613,0.91,55.2,280.2,9.3
2025-06-30T08:14:00+00:00,2093.7,81.92,360.9,13.79,387.7,22.4,640.0,0.0605,0.98,55.2,280.2,8.9
2025-06-30T08:15:00+00:00,2066.3,84.71,350.0,14.04,401.0,22.7,572.4,0.0614,0.99,55.2,280.2,10.2
2025-06-30T08:16:00+00:00,1943.1,81.57,351.0,13.80,378.9,23.6,616.7,0.0658,0.91,55.2,280.2,10.3
2025-06-30T08:17:00+00:00,874.2,76.38,370.2,13.81,343.7,21.3,523.0,0.0573,1.01,55.2,280.2,9.7
2025-06-30T08:18:00+00:00,1033.9,82.16,361.5,13.69,352.1,24.8,592.1,0.0612,0.95,55.2,280.2,9.1
2025-06-30T08:19:00+00:00,859.1,78.33,339.8,13.61,359.8,22.1,537.8,0.0546,1.04,55.2,280.2,10.1
2025-06-30T08:20:00+00:00,1026.5,81.44,366.2,13.97,359.6,24.3,574.5,0.0621,1.01,55.2,280.2,9.5
2025-06-30T08:21:00+00:00,893.4,80.63,351.6,13.83,372.0,19.9,519.1,0.0533,0.90,55.2,280.2,7.5
2025-06-30T08:22:00+00:00,882.1,80.10,371.8,13.72,372.7,20.2,603.9,0.0562,1.01,55.2,280.2,11.4
2025-06-30T08:23:00+00:00,861.0,79.06,368.5,13.86,339.9,24.6,557.4,0.0540,0.98,55.2,280.2,8.9
2025-06-30T08:24:00+00:00,1000.6,78.91,362.3,13.66,372.4,25.3,547.9,0.0547,0.96,55.2,280.2,8.6
2025-06-30T08:25:00+00:00,843.5,78.79,355.3,13.76,322.5,22.0,575.8,0.0535,0.94,55.2,280.2,9.1
2025-06-30T08:26:00+00:00,1003.7,78.10,363.9,13.78,366.5,20.1,583.0,0.0612,1.05,55.2,280.2,8.8
2025-06-30T08:27:00+00:00,1074.1,78.06,361.6,13.94,358.4,22.3,552.4,0.0612,0.90,55.2,280.2,10.6
2025-06-30T14:00:00+00:00,895.1,76.26,366.3,13.90,362.8,24.6,552.9,0.0574,1.11,55.2,280.2,9.8
2025-06-30T14:01:00+00:00,901.8,79.43,359.7,13.77,325.9,23.3,515.1,0.0539,0.97,55.2,280.2,10.8
2025-06-30T14:02:00+00:00,967.8,79.01,359.8,13.80,336.8,23.0,510.4,0.0562,1.03,55.2,280.2,9.8
2025-06-30T14:03:00+00:00,990.9,78.22,347.6,13.61,332.9,23.8,559.6,0.0547,0.99,55.2,280.2,10.8
2025-06-30T14:04:00+00:00,964.9,81.22,361.8,13.62,354.3,24.3,540.0,0.0595,0.97,55.2,280.2,9.2
2025-06-30T14:05:00+00:00,875.7,80.55,370.7,13.61,338.5,25.8,552.8,0.0553,0.93,55.2,280.2,12.8
2025-06-30T14:06:00+00:00,960.2,81.08,350.6,14.06,342.2,20.6,567.6,0.0544,0.98,55.2,280.2,11.2
2025-06-30T14:07:00+00:00,871.4,78.24,348.8,13.51,335.1,22.7,549.9,0.0535,0.93,55.2,280.2,11.0
2025-06-30T14:08:00+00:00,1057.2,78.72,350.5,13.87,369.2,25.4,587.2,0.0548,0.98,55.2,280.2,9.6
2025-06-30T14:09:00+00:00,999.6,78.76,352.1,13.85,360.8,22.2,581.8,0.0542,0.94,55.2,280.2,11.0
2025-06-30T14:10:00+00:00,1091.3,79.29,363.2,13.70,329.1,22.2,552.1,0.0584,0.95,55.2,280.2,8.2
2025-06-30T14:11:00+00:00,1084.1,79.15,360.4,13.83,339.5,24.3,600.9,0.0543,0.91,55.2,280.2,11.7
2025-06-30T14:12:00+00:00,976.8,78.05,348.2,13.84,349.2,21.5,575.3,0.0552,1.06,55.2,280.2,7.9
2025-06-30T14:13:00+00:00,948.8,77.49,358.7,13.83,338.0,24.0,532.0,0.0544,1.00,55.2,280.2,7.7
2025-06-30T14:14:00+00:00,2033.1,79.69,358.1,13.73,379.8,22.6,558.4,0.0612,1.08,55.2,280.2,11.5
2025-06-30T14:15:00+00:00,1858.0,81.28,352.4,13.78,380.7,20.0,586.9,0.0590,0.95,55.2,280.2,10.7
2025-06-30T14:16:00+00:00,2002.4,83.38,350.2,13.75,382.8,25.2,580.9,0.0594,0.90,55.2,280.2,9.8
2025-06-30T14:17:00+00:00,1949.8,82.07,352.7,13.77,400.8,22.7,658.6,0.0602,1.03,55.2,280.2,10.6
2025-06-30T14:18:00+00:00,2013.2,82.47,356.3,13.85,391.9,22.6,576.7,0.0628,0.98,55.2,280.2,10.4
2025-06-30T14:19:00+00:00,1906.6,86.11,349.3,13.83,378.2,22.3,600.5,0.0690,0.92,55.2,280.2,9.6
2025-06-30T14:20:00+00:00,2041.0,82.49,339.5,13.58,364.8,21.4,631.9,0.0600,0.97,55.2,280.2,11.8
2025-06-30T14:21:00+00:00,1929.1,83.28,346.5,13.65,396.5,22.8,611.7,0.0658,1.02,55.2,280.2,7.6
2025-06-30T14:22:00+00:00,2023.3,79.92,359.0,14.07,402.4,21.8,579.9,0.0611,1.07,55.2,280.2,10.0
2025-06-30T14:23:00+00:00,2230.4,83.37,351.2,13.73,390.7,24.7,621.1,0.0646,0.95,55.2,280.2,8.7
2025-06-30T14:24:00+00:00,2148.7,82.39,353.7,13.78,396.7,22.6,624.8,0.0644,0.93,55.2,280.2,7.2
2025-06-30T14:25:00+00:00,1885.2,79.28,339.2,13.55,386.0,24.5,618.8,0.0589,0.93,55.2,280.2,8.5
2025-06-30T14:26:00+00:00,2103.6,82.08,351.2,13.53,366.5,20.1,546.0,0.0667,0.89,55.2,280.2,10.2
2025-06-30T14:27:00+00:00,2040.5,82.55,349.5,13.90,364.0,22.8,631.6,0.0660,0.96,55.2,280.2,8.3
2025-06-30T14:28:00+00:00,1911.0,81.16,352.4,13.93,355.3,23.6,596.5,0.0591,0.94,55.2,280.2,9.4
2025-06-30T14:29:00+00:00,2112.5,85.21,348.2,13.79,372.2,21.9,617.5,0.0611,1.05,55.2,280.2,10.3
2025-06-30T14:30:00+00:00,2165.8,83.93,340.8,13.53,387.8,23.2,598.4,0.0602,0.91,55.2,280.2,8.8
2025-06-30T14:31:00+00:00,1891.2,76.72,348.8,13.89,367.7,21.6,622.1,0.0595,0.98,55.2,280.2,9.9
2025-06-30T14:32:00+00:00,2047.7,82.54,341.7,13.76,372.3,20.9,608.3,0.0637,1.01,55.2,280.2,8.7
2025-06-30T14:33:00+00:00,1895.5,82.64,359.9,13.56,383.4,21.7,627.7,0.0663,0.98,55.2,280.2,10.5
2025-06-30T14:34:00+00:00,1960.7,83.79,342.9,13.75,368.7,22.3,623.3,0.0599,0.99,55.2,280.2,10.3
2025-06-30T14:35:00+00:00,2042.4,81.24,362.5,13.60,387.6,24.7,570.8,0.0591,0.88,55.2,280.2,10.3
2025-06-30T14:36:00+00:00,1906.5,84.49,332.4,13.80,384.8,24.0,628.4,0.0699,0.92,55.2,280.2,10.2
2025-06-30T14:37:00+00:00,1814.1,83.42,340.4,13.80,383.3,19.1,578.3,0.0632,0.95,55.2,280.2,10.4
2025-06-30T14:38:00+00:00,2166.3,82.37,344.8,13.71,375.4,21.5,656.4,0.0654,1.00,55.2,280.2,9.1
2025-06-30T14:39:00+00:00,1934.8,80.60,346.7,13.73,378.9,21.6,578.6,0.0600,1.03,55.2,280.2,10.9
2025-06-30T14:40:00+00:00,2121.5,84.98,334.1,13.92,398.6,21.4,639.9,0.0602,0.94,55.2,280.2,10.8
2025-06-30T14:41:00+00:00,1947.9,81.90,341.4,13.64,404.6,23.3,548.2,0.0593,0.92,55.2,280.2,8.0
2025-06-30T14:42:00+00:00,1873.3,84.41,365.2,13.53,396.4,22.7,577.7,0.0595,0.99,55.2,280.2,10.5
2025-06-30T14:43:00+00:00,1898.0,82.90,357.0,13.76,399.6,21.8,632.9,0.0619,0.99,55.2,280.2,10.1
2025-06-30T14:44:00+00:00,2243.4,79.49,351.5,13.81,401.1,23.9,640.1,0.0614,0.99,55.2,280.2,9.2
2025-06-30T14:45:00+00:00,2075.2,82.72,353.9,14.03,377.8,26.1,617.9,0.0604,0.96,55.2,280.2,10.4
2025-06-30T14:46:00+00:00,2226.7,82.92,343.2,13.57,386.6,20.7,598.8,0.0614,0.98,55.2,280.2,10.7
2025-06-30T14:47:00+00:00,2058.6,80.65,349.2,13.77,375.0,22.2,597.5,0.0679,1.00,55.2,280.2,9.5
2025-06-30T14:48:00+00:00,1959.1,79.47,358.3,13.91,393.5,23.8,636.2,0.0633,1.01,55.2,280.2,10.5
2025-06-30T14:49:00+00:00,2142.6,80.38,349.9,13.97,380.6,23.2,636.7,0.0622,1.03,55.2,280.2,11.2
2025-06-30T14:50:00+00:00,2061.5,84.35,348.4,13.53,381.2,22.4,596.9,0.0660,1.05,55.2,280.2,9.6
2025-06-30T14:51:00+00:00,2106.5,78.41,343.6,13.70,375.1,21.6,579.1,0.0606,0.98,55.2,280.2,9.5
2025-06-30T14:52:00+00:00,2077.5,83.35,363.6,13.68,403.7,22.8,617.9,0.0605,0.97,55.2,280.2,9.4
2025-06-30T14:53:00+00:00,1975.4,79.22,340.8,13.91,387.9,22.6,546.0,0.0599,0.98,55.2,280.2,8.8
2025-06-30T14:54:00+00:00,2008.2,82.88,349.5,13.80,383.8,23.0,668.6,0.0591,0.89,55.2,280.2,9.0
2025-06-30T14:55:00+00:00,1999.3,82.67,356.4,13.86,376.3,20.8,591.4,0.0622,0.92,55.2,280.2,11.1
2025-06-30T14:56:00+00:00,2244.6,82.16,332.8,13.87,371.8,23.6,621.9,0.0628,0.96,55.2,280.2,10.4
2025-06-30T14:57:00+00:00,1961.7,84.91,345.6,13.95,395.3,18.2,579.0,0.0592,0.87,55.2,280.2,10.3
2025-06-30T14:58:00+00:00,2050.6,81.55,342.4,13.57,400.3,24.2,580.1,0.0613,1.08,55.2,280.2,10.4
2025-06-30T14:59:00+00:00,2125.6,80.96,343.5,13.56,378.2,23.3,583.3,0.0612,1.02,55.2,280.2,9.8
2025-06-30T15:00:00+00:00,2058.0,82.42,348.4,13.71,385.8,23.6,650.7,0.0607,0.92,55.2,280.2,9.8
2025-06-30T15:01:00+00:00,2046.6,82.52,356.5,13.92,387.3,21.8,579.4,0.0604,0.95,55.2,280.2,8.1
2025-06-30T15:02:00+00:00,2107.1,79.85,365.0,13.69,382.3,24.9,590.6,0.0609,1.02,55.2,280.2,10.7
2025-06-30T15:03:00+00:00,1899.7,81.87,353.3,13.80,373.7,23.5,571.6,0.0603,1.06,55.2,280.2,8.6
2025-06-30T15:04:00+00:00,2054.6,81.67,349.3,13.50,386.8,20.4,588.3,0.0678,0.85,55.2,280.2,11.3
2025-06-30T15:05:00+00:00,1911.4,83.21,344.5,13.79,401.6,23.2,640.1,0.0649,1.04,55.2,280.2,9.5
2025-06-30T15:06:00+00:00,1947.2,83.71,351.6,13.72,374.3,21.5,577.5,0.0661,0.98,55.2,280.2,10.2
2025-06-30T15:07:00+00:00,2021.9,80.65,333.5,13.70,368.0,23.4,622.5,0.0603,0.99,55.2,280.2,8.5
2025-06-30T15:08:00+00:00,1948.2,82.63,360.1,13.89,390.6,20.2,600.9,0.0610,0.97,55.2,280.2,7.8
2025-06-30T15:09:00+00:00,1885.9,81.33,351.0,13.81,370.9,19.5,572.1,0.0596,1.01,55.2,280.2,9.6
2025-06-30T15:10:00+00:00,2450.6,84.18,353.5,13.66,422.0,23.3,613.1,0.0623,0.97,55.2,280.2,10.4
2025-06-30T15:11:00+00:00,2111.4,80.38,339.9,13.58,367.8,23.8,692.1,0.0626,1.01,55.2,280.2,10.5
2025-06-30T15:12:00+00:00,2057.1,86.02,355.0,13.94,381.6,24.1,555.3,0.0674,1.02,55.2,280.2,11.4
2025-06-30T15:13:00+00:00,2262.9,83.37,366.7,13.80,375.3,22.9,634.7,0.0609,0.93,55.2,280.2,10.3
2025-06-30T15:14:00+00:00,1951.0,80.69,351.8,13.78,369.8,23.4,651.0,0.0593,0.93,55.2,280.2,10.1
2025-06-30T15:15:00+00:00,2063.6,80.05,363.1,13.89,403.4,20.5,642.3,0.0605,0.99,55.2,280.2,12.5
2025-06-30T15:16:00+00:00,1944.1,82.47,346.4,13.98,362.4,22.2,574.3,0.0597,0.97,55.2,280.2,10.4
2025-06-30T15:17:00+00:00,1850.1,81.76,353.9,13.60,370.6,20.8,569.8,0.0595,0.95,55.2,280.2,10.5
2025-06-30T15:18:00+00:00,2390.0,83.60,350.7,13.85,387.7,22.3,614.0,0.0656,0.90,55.2,280.2,10.0
2025-06-30T15:19:00+00:00,1877.4,81.00,344.7,13.89,362.6,22.6,632.0,0.0594,0.99,55.2,280.2,9.6
2025-06-30T15:20:00+00:00,1989.2,84.72,343.3,13.77,371.4,23.2,654.6,0.0607,0.98,55.2,280.2,9.0
2025-06-30T15:21:00+00:00,1801.4,80.42,370.9,13.87,376.3,26.4,589.0,0.0657,1.00,55.2,280.2,9.5
2025-06-30T15:22:00+00:00,2060.8,81.30,353.8,13.77,370.1,22.9,611.3,0.0642,0.94,55.2,280.2,10.6
2025-06-30T15:23:00+00:00,2135.5,86.90,343.0,13.81,395.8,20.7,648.1,0.0658,0.89,55.2,280.2,9.7
2025-06-30T15:24:00+00:00,1883.2,80.76,360.1,14.01,364.3,22.0,582.8,0.0592,0.95,55.2,280.2,8.9
2025-06-30T15:25:00+00:00,1945.6,82.39,332.0,13.95,396.4,21.2,595.2,0.0596,0.96,55.2,280.2,9.1
2025-06-30T15:26:00+00:00,2074.8,82.26,337.7,13.81,375.7,22.9,587.1,0.0724,0.97,55.2,280.2,9.1
2025-06-30T15:27:00+00:00,2460.6,84.80,360.7,13.80,393.3,22.0,667.3,0.0690,1.11,55.2,280.2,9.0
2025-06-30T15:28:00+00:00,1995.6,80.41,368.3,13.65,383.1,23.8,610.9,0.0625,0.98,55.2,280.2,8.0
2025-06-30T15:29:00+00:00,2531.7,87.38,356.7,13.97,390.9,22.1,594.9,0.0623,0.92,55.2,280.2,8.6
2025-06-30T15:30:00+00:00,2612.2,85.20,334.3,13.81,381.2,22.1,628.5,0.0641,1.00,55.2,280.2,8.9
2025-06-30T15:31:00+00:00,2485.2,86.80,349.7,13.87,414.0,22.3,632.7,0.0632,0.91,55.2,280.2,7.5
2025-06-30T15:32:00+00:00,1859.4,80.83,359.6,13.78,374.3,21.7,609.0,0.0594,1.00,55.2,280.2,8.8
2025-06-30T15:33:00+00:00,2058.0,81.48,348.3,13.57,392.5,22.8,666.5,0.0647,0.92,55.2,280.2,8.8
2025-06-30T15:34:00+00:00,1947.3,82.02,355.2,13.71,344.0,21.5,581.3,0.0594,0.94,55.2,280.2,10.5
2025-06-30T15:35:00+00:00,2464.6,84.01,337.6,13.82,382.9,23.3,587.4,0.0691,0.99,55.2,280.2,9.8
2025-06-30T15:36:00+00:00,2060.7,83.00,341.9,13.96,358.0,22.2,616.5,0.0681,0.97,55.2,280.2,10.1
2025-06-30T15:37:00+00:00,2411.9,82.87,357.8,13.71,389.0,25.7,592.1,0.0622,0.97,55.2,280.2,10.3
2025-06-30T15:38:00+00:00,2017.9,82.17,364.7,13.64,392.9,23.0,562.2,0.0601,0.98,55.2,280.2,10.5
2025-06-30T15:39:00+00:00,2424.0,81.11,346.1,13.97,396.1,22.9,636.0,0.0622,0.97,55.2,280.2,9.5
2025-06-30T15:40:00+00:00,2444.5,83.53,330.7,13.77,382.0,22.2,608.1,0.0670,0.91,55.2,280.2,9.1
2025-06-30T15:41:00+00:00,2528.2,84.23,342.7,13.96,372.6,23.7,619.4,0.0676,0.99,55.2,280.2,10.3
2025-06-30T15:42:00+00:00,2020.7,81.83,352.6,13.61,379.8,24.2,556.1,0.0606,1.04,55.2,280.2,9.4
2025-06-30T15:43:00+00:00,2446.5,83.69,344.0,13.61,372.5,22.7,630.5,0.0729,1.03,55.2,280.2,10.6
2025-06-30T15:44:00+00:00,2312.6,81.95,345.6,13.87,382.5,23.8,601.8,0.0739,1.07,55.2,280.2,10.0
2025-06-30T15:45:00+00:00,2046.2,83.73,362.1,13.70,397.2,22.5,649.5,0.0592,0.88,55.2,280.2,10.4
2025-06-30T15:46:00+00:00,1851.4,81.86,342.0,13.70,376.8,20.2,606.2,0.0586,0.91,55.2,280.2,9.9
2025-06-30T15:47:00+00:00,2088.6,81.14,326.3,13.79,370.2,22.7,572.8,0.0615,0.98,55.2,280.2,9.9
2025-06-30T15:48:00+00:00,1948.4,81.38,363.7,13.74,386.1,24.2,577.6,0.0590,0.90,55.2,280.2,10.2
2025-06-30T15:49:00+00:00,2168.4,82.47,347.9,13.80,379.3,22.5,577.2,0.0614,1.03,55.2,280.2,9.3
2025-06-30T15:50:00+00:00,1912.6,83.63,363.1,14.11,388.7,23.3,615.9,0.0589,0.92,55.2,280.2,10.6
2025-06-30T15:51:00+00:00,2026.0,81.78,358.9,13.97,392.7,18.8,597.9,0.0633,0.97,55.2,280.2,9.8
2025-06-30T15:52:00+00:00,2222.0,84.24,340.5,13.86,379.9,22.9,621.0,0.0615,1.01,55.2,280.2,8.4
2025-06-30T15:53:00+00:00,2126.2,82.75,356.1,13.89,401.6,21.5,562.4,0.0599,0.90,55.2,280.2,8.6
2025-06-30T15:54:00+00:00,2111.0,80.58,353.6,13.93,373.6,22.1,603.9,0.0608,0.99,55.2,280.2,9.1
2025-06-30T15:55:00+00:00,1942.0,78.87,346.8,13.68,382.1,23.2,617.0,0.0595,0.96,55.2,280.2,8.4
2025-06-30T15:56:00+00:00,1827.6,81.59,360.8,13.99,389.5,20.3,585.1,0.0667,0.92,55.2,280.2,8.5
2025-06-30T15:57:00+00:00,1975.8,82.02,356.7,13.69,365.0,23.1,589.3,0.0613,0.96,55.2,280.2,10.2
2025-06-30T15:58:00+00:00,2090.8,87.08,367.4,14.16,402.9,18.6,632.1,0.0603,0.97,55.2,280.2,8.0
2025-06-30T15:59:00+00:00,1946.4,80.71,337.3,13.75,374.2,21.6,536.1,0.0598,0.99,55.2,280.2,9.9
2025-06-30T16:00:00+00:00,2111.8,82.25,356.7,13.57,395.3,19.4,619.0,0.0635,1.00,55.2,280.2,10.8
2025-06-30T16:01:00+00:00,2002.8,80.87,355.0,13.73,361.0,21.1,655.9,0.0601,0.98,55.2,280.2,8.8
2025-06-30T16:02:00+00:00,2191.6,81.35,340.9,13.90,376.5,21.9,628.8,0.0659,0.98,55.2,280.2,10.0
2025-06-30T16:03:00+00:00,1985.9,83.22,351.8,13.54,365.7,24.3,582.3,0.0604,1.02,55.2,280.2,11.2
2025-06-30T16:04:00+00:00,1871.8,79.50,360.5,13.64,420.2,21.1,555.8,0.0589,0.94,55.2,280.2,9.5
2025-06-30T16:05:00+00:00,1962.7,81.06,334.2,13.84,383.0,22.4,616.3,0.0636,0.99,55.2,280.2,9.3
2025-06-30T16:06:00+00:00,1812.8,80.86,346.3,13.89,387.8,22.8,580.0,0.0632,0.97,55.2,280.2,10.3
2025-06-30T16:07:00+00:00,2080.2,80.91,357.8,13.84,379.6,21.0,604.6,0.0603,0.96,55.2,280.2,7.7
2025-06-30T16:08:00+00:00,1986.0,81.54,355.7,13.47,378.5,20.6,658.8,0.0596,0.94,55.2,280.2,9.9
2025-06-30T16:09:00+00:00,2146.9,81.21,346.5,13.63,388.6,21.7,617.0,0.0603,0.92,55.2,280.2,10.1
2025-06-30T16:10:00+00:00,1935.8,83.23,358.6,13.82,393.4,24.1,607.3,0.0600,0.95,55.2,280.2,8.8
2025-06-30T16:11:00+00:00,1985.6,81.13,349.9,13.74,383.7,21.5,643.7,0.0655,1.03,55.2,280.2,10.4
2025-06-30T16:12:00+00:00,2311.1,84.62,352.1,13.84,399.3,22.3,603.2,0.0658,0.93,55.2,280.2,8.7
2025-06-30T16:13:00+00:00,1998.6,81.65,340.8,13.78,388.0,21.7,634.1,0.0623,0.92,55.2,280.2,8.8
2025-06-30T16:14:00+00:00,1946.0,83.63,344.9,13.81,375.5,21.1,614.2,0.0622,0.92,55.2,280.2,9.7
2025-06-30T16:15:00+00:00,1833.1,82.79,348.2,13.87,400.2,21.7,537.3,0.0617,0.94,55.2,280.2,8.3
2025-06-30T16:16:00+00:00,1978.5,80.75,342.0,13.74,363.4,23.3,583.7,0.0667,1.05,55.2,280.2,7.9
2025-06-30T16:17:00+00:00,1942.5,81.05,351.6,13.60,335.1,23.1,619.4,0.0599,0.99,55.2,280.2,9.3
2025-06-30T16:18:00+00:00,1940.9,82.22,358.5,13.70,405.7,26.1,617.1,0.0603,1.04,55.2,280.2,8.9
2025-06-30T16:19:00+00:00,2059.3,81.15,346.0,13.58,375.0,20.9,564.0,0.0602,0.96,55.2,280.2,10.2
2025-06-30T16:20:00+00:00,2024.7,82.31,346.1,13.63,367.9,23.1,629.9,0.0620,1.01,55.2,280.2,9.0
2025-06-30T16:21:00+00:00,1903.5,80.05,350.2,14.03,371.7,24.3,657.7,0.0615,0.92,55.2,280.2,10.5
2025-06-30T16:22:00+00:00,1919.8,80.82,322.3,13.95,394.3,25.4,606.7,0.0680,0.95,55.2,280.2,9.6
2025-06-30T16:23:00+00:00,2067.3,85.64,350.5,13.64,398.3,22.8,590.0,0.0621,0.95,55.2,280.2,9.9
2025-06-30T16:24:00+00:00,2029.5,82.21,343.2,13.54,387.2,21.3,623.0,0.0596,0.93,55.2,280.2,8.1
2025-06-30T16:25:00+00:00,2178.3,80.04,351.5,13.76,373.8,20.1,634.3,0.0682,0.97,55.2,280.2,9.8
2025-06-30T16:26:00+00:00,1902.0,82.49,342.9,13.76,382.1,23.0,521.5,0.0641,1.03,55.2,280.2,9.9
2025-06-30T16:27:00+00:00,2053.4,84.53,358.8,14.01,389.3,21.2,593.7,0.0607,1.02,55.2,280.2,11.9
2025-06-30T16:28:00+00:00,2004.9,80.55,354.9,13.92,375.7,23.2,598.3,0.0592,0.91,55.2,280.2,10.2
2025-06-30T16:29:00+00:00,1831.5,80.60,363.7,13.67,369.3,22.1,567.8,0.0650,1.02,55.2,280.2,10.0
2025-06-30T16:30:00+00:00,2124.5,83.10,342.8,13.55,378.6,22.3,666.8,0.0603,0.94,55.2,280.2,8.7
2025-06-30T16:31:00+00:00,2155.5,82.13,353.4,13.84,400.2,23.2,592.7,0.0607,0.95,55.2,280.2,10.3
2025-06-30T16:32:00+00:00,1925.2,80.26,334.3,13.98,376.4,23.1,591.4,0.0596,0.98,55.2,280.2,9.8
2025-06-30T16:33:00+00:00,2063.7,81.01,352.2,13.85,380.3,23.2,609.9,0.0605,1.01,55.2,280.2,8.9
2025-06-30T16:34:00+00:00,1844.7,81.80,348.5,13.60,397.1,21.8,685.4,0.0613,0.94,55.2,280.2,10.1
2025-06-30T16:35:00+00:00,2288.1,84.38,325.5,13.76,377.7,25.7,598.4,0.0620,0.90,55.2,280.2,8.4
2025-06-30T16:36:00+00:00,1900.8,81.79,342.2,13.47,373.3,24.7,570.3,0.0600,1.04,55.2,280.2,12.2
2025-06-30T16:37:00+00:00,1907.9,82.40,356.1,14.24,374.8,23.7,600.3,0.0597,1.00,55.2,280.2,9.7
2025-06-30T16:38:00+00:00,1841.5,80.22,360.6,13.47,365.6,22.7,587.5,0.0649,0.96,55.2,280.2,9.9
2025-06-30T16:39:00+00:00,2008.0,83.56,347.5,13.72,379.5,22.4,571.9,0.0640,0.90,55.2,280.2,8.4
2025-06-30T16:40:00+00:00,2023.6,83.74,356.7,13.81,393.0,22.0,644.8,0.0623,1.03,55.2,280.2,11.1
2025-06-30T16:41:00+00:00,1213.8,79.19,351.2,13.78,360.8,23.4,578.8,0.0556,0.96,55.2,280.2,10.1
2025-06-30T16:42:00+00:00,1125.8,77.51,359.4,13.71,342.3,22.3,542.2,0.0636,1.01,55.2,280.2,8.8
2025-06-30T16:43:00+00:00,881.3,77.94,358.2,13.79,341.7,23.5,566.0,0.0536,0.94,55.2,280.2,9.8
2025-06-30T16:44:00+00:00,1091.2,82.17,362.7,13.70,358.7,22.1,605.1,0.0592,0.93,55.2,280.2,8.8
2025-06-30T16:45:00+00:00,1144.8,79.65,356.4,13.61,364.6,22.0,539.2,0.0561,0.96,55.2,280.2,8.8
2025-06-30T16:46:00+00:00,978.0,79.24,361.0,13.80,342.0,24.4,548.9,0.0584,0.96,55.2,280.2,9.6
2025-06-30T16:47:00+00:00,918.8,80.32,339.8,13.88,379.3,22.0,549.9,0.0538,0.92,55.2,280.2,9.0
2025-06-30T16:48:00+00:00,869.6,79.34,351.1,14.14,352.7,23.2,579.8,0.0573,0.99,55.2,280.2,8.6
2025-06-30T16:49:00+00:00,1026.0,81.77,344.2,13.72,363.0,23.2,552.9,0.0544,0.94,55.2,280.2,9.6
2025-06-30T16:50:00+00:00,1018.4,81.96,359.8,13.86,361.4,23.4,581.2,0.0556,1.07,55.2,280.2,8.9
2025-06-30T16:51:00+00:00,896.9,78.05,352.0,13.73,348.8,23.4,561.2,0.0542,1.00,55.2,280.2,10.1
2025-06-30T16:52:00+00:00,968.5,77.26,360.2,13.68,357.4,24.5,584.3,0.0617,0.97,55.2,280.2,8.7
2025-06-30T16:53:00+00:00,906.8,77.39,345.5,13.78,353.3,20.9,507.6,0.0668,1.05,55.2,280.2,9.6
