timestamp,engine_rpm,coolant_temp_c,oil_pressure_kpa,battery_voltage_v,exhaust_gas_temp_c,oil_particulate_ppm,exhaust_nox_ppm,vibration_rms_g,wave_height_m,heading_deg,wind_direction_deg,wind_speed_kn
2025-10-01T06:00:00+00:00,976.7,88.48,351.5,13.67,349.5,20.6,597.4,0.0534,0.87,289.1,199.1,12.0
2025-10-01T06:01:00+00:00,919.6,89.85,369.4,13.79,367.6,18.5,507.8,0.0538,0.93,289.1,199.1,12.9
2025-10-01T06:02:00+00:00,936.6,91.94,359.6,13.88,374.2,19.9,577.7,0.0577,0.90,289.1,199.1,12.5
2025-10-01T06:03:00+00:00,826.5,88.21,363.3,13.71,375.9,18.1,509.2,0.0541,1.00,289.1,199.1,11.6
2025-10-01T06:04:00+00:00,915.3,89.68,352.5,13.40,357.4,21.7,564.7,0.0527,0.82,289.1,199.1,12.5
2025-10-01T06:05:00+00:00,986.3,88.01,353.7,13.61,386.1,19.3,565.3,0.0563,0.88,289.1,199.1,12.5
2025-10-01T06:06:00+00:00,978.1,90.74,351.5,13.93,374.0,17.7,566.8,0.0535,0.86,289.1,199.1,13.5
2025-10-01T06:07:00+00:00,987.2,88.49,356.8,13.86,374.6,17.6,591.3,0.0536,0.84,289.1,199.1,11.4
2025-10-01T06:08:00+00:00,978.9,89.92,343.0,13.73,363.6,19.9,598.3,0.0533,0.86,289.1,199.1,11.4
2025-10-01T06:09:00+00:00,948.0,88.51,353.6,13.69,361.7,18.2,567.7,0.0545,0.89,289.1,199.1,11.8
2025-10-01T06:10:00+00:00,895.0,88.52,342.5,13.83,376.9,20.9,565.1,0.0532,0.89,289.1,199.1,12.9
2025-10-01T06:11:00+00:00,1018.2,89.84,363.3,13.63,366.5,19.2,536.8,0.0543,0.93,289.1,199.1,11.8
2025-10-01T06:12:00+00:00,951.2,87.05,353.4,13.80,392.3,19.3,610.5,0.0580,0.93,289.1,199.1,10.9
2025-10-01T06:13:00+00:00,2225.3,90.90,349.1,13.72,399.3,16.9,595.3,0.0642,0.91,289.1,199.1,11.9
2025-10-01T06:14:00+00:00,2177.3,93.65,357.1,13.70,417.3,18.4,635.0,0.0657,0.86,289.1,199.1,12.2
2025-10-01T06:15:00+00:00,1962.6,92.78,358.7,14.21,411.6,20.4,621.7,0.0590,0.89,289.1,199.1,13.4
2025-10-01T06:16:00+00:00,1986.6,92.50,355.6,13.95,426.8,20.3,606.1,0.0588,0.86,289.1,199.1,12.0
2025-10-01T06:17:00+00:00,2053.6,90.85,355.1,13.69,406.6,22.5,591.2,0.0593,0.89,289.1,199.1,12.4
2025-10-01T06:18:00+00:00,2079.2,93.46,342.9,13.67,394.0,20.0,584.7,0.0598,0.92,289.1,199.1,12.9
2025-10-01T06:19:00+00:00,1954.2,92.87,341.9,13.73,404.9,20.5,557.7,0.0593,0.94,289.1,199.1,12.2
2025-10-01T06:20:00+00:00,1875.9,94.29,347.6,13.92,424.2,15.8,546.4,0.0594,0.91,289.1,199.1,12.4
2025-10-01T06:21:00+00:00,1949.2,91.68,349.1,13.76,411.4,18.3,535.1,0.0588,0.89,289.1,199.1,13.7
2025-10-01T06:22:00+00:00,2142.3,90.04,345.3,13.86,393.8,20.1,613.1,0.0625,0.91,289.1,199.1,12.2
2025-10-01T06:23:00+00:00,1988.3,90.12,353.1,13.47,405.6,18.1,591.3,0.0602,0.97,289.1,199.1,12.8
2025-10-01T06:24:00+00:00,2238.3,93.36,356.5,13.86,431.1,16.7,592.7,0.0608,0.87,289.1,199.1,13.1
2025-10-01T06:25:00+00:00,2226.1,96.53,347.4,13.81,414.5,18.3,589.2,0.0654,0.85,289.1,199.1,9.9
2025-10-01T06:26:00+00:00,1982.3,95.05,345.5,13.84,412.0,18.8,608.0,0.0586,0.86,289.1,199.1,12.0
2025-10-01T06:27:00+00:00,2061.6,94.69,349.3,14.06,418.8,18.8,562.8,0.0598,0.93,289.1,199.1,10.1
2025-10-01T06:28:00+00:00,1894.7,92.77,341.6,13.93,404.8,19.0,544.6,0.0585,0.89,289.1,199.1,12.4
2025-10-01T06:29:00+00:00,1924.7,93.77,360.1,13.87,391.8,18.9,593.2,0.0591,0.90,289.1,199.1,11.1
2025-10-01T06:30:00+00:00,2089.2,91.89,349.9,13.65,438.3,21.4,572.6,0.0628,0.88,289.1,199.1,13.2
2025-10-01T06:31:00+00:00,2148.6,94.99,348.1,13.94,409.4,16.7,677.6,0.0614,0.93,289.1,199.1,13.1
2025-10-01T06:32:00+00:00,1844.7,95.94,348.6,13.83,384.1,22.0,580.5,0.0625,0.92,289.1,199.1,12.2
2025-10-01T06:33:00+00:00,1973.4,94.34,367.9,13.88,411.5,18.4,616.8,0.0700,0.86,289.1,199.1,10.5
2025-10-01T06:34:00+00:00,1873.9,91.31,362.8,13.94,397.8,18.9,595.9,0.0588,0.92,289.1,199.1,11.7
2025-10-01T06:35:00+00:00,1930.5,92.35,345.9,14.05,400.8,16.3,582.8,0.0664,0.91,289.1,199.1,12.3
2025-10-01T06:36:00+00:00,2009.3,94.04,350.6,13.61,422.5,19.0,654.9,0.0689,0.91,289.1,199.1,12.5
2025-10-01T06:37:00+00:00,1912.1,92.88,343.7,13.76,422.5,18.2,636.9,0.0591,0.94,289.1,199.1,12.4
2025-10-01T06:38:00+00:00,2066.9,93.99,345.3,13.72,429.7,19.8,609.7,0.0596,0.91,289.1,199.1,12.9
2025-10-01T06:39:00+00:00,2244.3,91.75,338.1,13.69,412.3,18.1,666.1,0.0694,0.86,289.1,199.1,13.0
2025-10-01T06:40:00+00:00,1972.4,94.70,363.8,13.80,383.0,18.9,614.2,0.0694,0.86,289.1,199.1,11.9
2025-10-01T06:41:00+00:00,1905.5,92.51,368.3,13.61,399.1,19.5,613.1,0.0589,0.91,289.1,199.1,11.9
2025-10-01T06:42:00+00:00,1927.2,91.86,346.1,14.00,402.8,20.6,608.9,0.0670,0.90,289.1,199.1,13.7
2025-10-01T06:43:00+00:00,1930.0,91.55,359.6,13.85,416.1,19.5,560.6,0.0702,1.03,289.1,199.1,12.7
2025-10-01T06:44:00+00:00,1992.2,92.17,349.1,13.84,431.2,18.8,639.3,0.0631,0.91,289.1,199.1,13.3
2025-10-01T06:45:00+00:00,2127.2,93.78,350.0,13.90,422.8,19.9,633.3,0.0591,0.83,289.1,199.1,12.1
2025-10-01T06:46:00+00:00,2122.0,93.29,357.6,13.80,396.7,18.3,646.1,0.0608,0.89,289.1,199.1,12.9
2025-10-01T06:47:00+00:00,1960.2,91.89,346.8,13.74,407.1,21.1,601.1,0.0600,0.99,289.1,199.1,11.9
2025-10-01T06:48:00+00:00,2023.4,91.94,352.6,13.82,425.1,18.4,627.7,0.0589,0.85,289.1,199.1,13.0
2025-10-01T06:49:00+00:00,2077.1,92.13,343.5,13.90,438.3,18.6,565.5,0.0640,0.89,289.1,199.1,13.7
2025-10-01T06:50:00+00:00,2109.9,94.77,353.2,13.91,428.2,17.7,616.1,0.0624,0.90,289.1,199.1,11.7
2025-10-01T06:51:00+00:00,1989.0,93.78,350.9,13.61,384.1,17.1,671.6,0.0591,0.89,289.1,199.1,13.1
2025-10-01T06:52:00+00:00,1928.5,91.12,355.1,13.90,400.1,17.8,613.6,0.0588,0.89,289.1,199.1,12.6
2025-10-01T06:53:00+00:00,2246.4,93.63,352.5,13.85,414.3,15.7,625.4,0.0654,0.90,289.1,199.1,12.2
2025-10-01T06:54:00+00:00,2079.9,95.10,348.4,13.67,396.4,19.7,616.1,0.0621,0.87,289.1,199.1,12.4
2025-10-01T06:55:00+00:00,1859.1,90.13,343.8,14.01,404.7,19.2,570.5,0.0663,0.94,289.1,199.1,10.2
2025-10-01T06:56:00+00:00,1915.2,94.73,338.7,13.93,403.5,21.0,561.3,0.0584,0.87,289.1,199.1,12.9
2025-10-01T06:57:00+00:00,2046.1,92.11,333.1,13.65,406.9,17.9,613.9,0.0602,0.89,289.1,199.1,13.0
2025-10-01T06:58:00+00:00,2013.2,96.19,340.5,14.00,413.3,19.2,598.9,0.0602,0.98,289.1,199.1,13.4
2025-10-01T06:59:00+00:00,2159.0,91.33,362.6,13.73,419.3,19.8,641.1,0.0612,0.96,289.1,199.1,13.7
2025-10-01T07:00:00+00:00,2213.8,93.47,344.5,13.86,433.1,19.9,560.3,0.0640,0.89,289.1,199.1,12.6
2025-10-01T07:01:00+00:00,2105.2,95.74,350.1,13.75,398.8,17.4,619.5,0.0598,0.91,289.1,199.1,13.7
2025-10-01T07:02:00+00:00,1994.1,94.93,355.0,14.00,412.7,16.5,565.1,0.0590,0.89,289.1,199.1,11.3
2025-10-01T07:03:00+00:00,2074.4,90.64,348.8,13.96,389.3,21.4,603.5,0.0601,0.89,289.1,199.1,14.2
2025-10-01T07:04:00+00:00,1990.8,95.29,349.5,13.82,401.6,22.2,637.4,0.0621,0.92,289.1,199.1,11.6
2025-10-01T07:05:00+00:00,2513.2,96.18,356.3,14.00,419.0,21.5,597.2,0.0642,0.88,289.1,199.1,13.4
2025-10-01T07:06:00+00:00,2582.4,95.89,343.6,13.68,471.2,17.3,703.1,0.0616,0.83,289.1,199.1,14.6
2025-10-01T07:07:00+00:00,1937.2,92.03,350.8,13.93,423.1,17.4,593.4,0.0583,0.84,289.1,199.1,13.8
2025-10-01T07:08:00+00:00,2463.7,92.54,356.7,13.98,413.6,19.8,589.4,0.0621,0.94,289.1,199.1,13.1
2025-10-01T07:09:00+00:00,1959.4,92.63,347.4,13.71,417.2,21.7,657.0,0.0586,0.88,289.1,199.1,10.7
2025-10-01T07:10:00+00:00,2351.2,93.22,348.2,13.68,407.6,18.5,516.7,0.0657,0.97,289.1,199.1,12.2
2025-10-01T07:11:00+00:00,1963.9,93.26,346.2,13.73,407.4,18.2,623.5,0.0581,0.82,289.1,199.1,12.4
2025-10-01T07:12:00+00:00,2089.4,95.74,350.7,13.63,424.2,18.7,580.9,0.0599,0.94,289.1,199.1,13.0
2025-10-01T07:13:00+00:00,2053.7,95.01,350.3,13.61,428.9,19.2,643.5,0.0637,0.87,289.1,199.1,14.9
2025-10-01T07:14:00+00:00,2539.7,96.54,327.5,13.88,445.5,20.3,647.1,0.0640,0.88,289.1,199.1,12.1
2025-10-01T07:15:00+00:00,1959.7,93.98,362.6,13.73,414.2,18.6,604.3,0.0588,0.90,289.1,199.1,12.1
2025-10-01T07:16:00+00:00,2373.1,95.83,337.2,13.72,429.7,21.7,593.8,0.0607,0.84,289.1,199.1,11.1
2025-10-01T07:17:00+00:00,2114.8,96.04,355.8,13.59,421.4,20.2,590.2,0.0606,0.99,289.1,199.1,12.0
2025-10-01T07:18:00+00:00,2418.9,96.00,357.3,14.11,420.5,19.4,605.2,0.0609,0.85,289.1,199.1,13.4
2025-10-01T07:19:00+00:00,2214.9,92.31,356.8,13.55,424.9,17.8,627.8,0.0631,0.95,289.1,199.1,10.5
2025-10-01T07:20:00+00:00,1928.7,93.44,347.0,13.93,391.3,18.2,597.9,0.0586,0.83,289.1,199.1,11.0
2025-10-01T07:21:00+00:00,1940.8,91.89,359.2,13.75,431.6,17.0,640.4,0.0673,0.88,289.1,199.1,12.6
2025-10-01T07:22:00+00:00,2516.7,93.31,339.0,14.07,435.5,18.3,611.8,0.0629,0.93,289.1,199.1,12.5
2025-10-01T07:23:00+00:00,2053.4,93.86,364.3,13.95,403.4,20.7,616.0,0.0592,0.88,289.1,199.1,12.2
2025-10-01T07:24:00+00:00,2476.2,94.53,344.1,13.53,443.4,18.7,637.0,0.0645,0.77,289.1,199.1,13.0
2025-10-01T07:25:00+00:00,2525.2,94.89,345.8,13.72,420.7,21.8,537.0,0.0620,0.84,289.1,199.1,13.8
2025-10-01T07:26:00+00:00,1861.4,92.47,353.3,13.88,414.2,20.5,623.3,0.0592,0.97,289.1,199.1,11.4
2025-10-01T07:27:00+00:00,2368.3,93.72,336.6,13.69,419.8,18.7,626.1,0.0613,0.92,289.1,199.1,12.1
2025-10-01T07:28:00+00:00,2118.3,95.23,359.4,13.43,395.5,18.6,612.3,0.0599,0.91,289.1,199.1,11.8
2025-10-01T07:29:00+00:00,2460.7,94.11,344.9,14.01,445.1,18.6,677.2,0.0619,0.93,289.1,199.1,12.4
2025-10-01T07:30:00+00:00,2125.0,92.31,342.7,13.72,421.3,18.5,600.8,0.0599,0.90,289.1,199.1,13.6
2025-10-01T07:31:00+00:00,2061.0,94.73,357.7,13.66,409.4,20.6,609.6,0.0604,0.99,289.1,199.1,11.7
2025-10-01T07:32:00+00:00,2439.4,96.71,334.5,13.80,428.1,19.0,623.2,0.0613,0.88,289.1,199.1,14.2
2025-10-01T07:33:00+00:00,2484.2,92.91,340.1,14.09,446.1,19.9,610.7,0.0661,0.94,289.1,199.1,12.0
2025-10-01T07:34:00+00:00,1934.0,93.22,343.4,13.93,419.7,19.5,608.1,0.0601,0.82,289.1,199.1,11.8
2025-10-01T07:35:00+00:00,2197.5,92.21,350.1,14.01,412.8,18.4,592.5,0.0615,0.97,289.1,199.1,12.9
2025-10-01T07:36:00+00:00,1978.0,93.65,346.0,13.81,405.2,18.9,659.3,0.0595,0.92,289.1,199.1,13.8
2025-10-01T07:37:00+00:00,2125.0,92.50,338.2,13.88,435.6,17.1,561.3,0.0595,0.87,289.1,199.1,13.6
2025-10-01T07:38:00+00:00,1956.4,91.51,356.7,13.81,392.0,20.4,634.5,0.0682,1.02,289.1,199.1,11.8
2025-10-01T07:39:00+00:00,1978.2,94.77,347.2,13.68,416.5,21.2,634.8,0.0586,0.85,289.1,199.1,12.1
2025-10-01T07:40:00+00:00,2107.7,93.64,345.2,13.81,419.9,20.8,584.3,0.0604,0.96,289.1,199.1,12.4
2025-10-01T07:41:00+00:00,1977.1,92.12,343.7,13.71,408.0,17.8,587.8,0.0621,0.93,289.1,199.1,13.8
2025-10-01T07:42:00+00:00,1924.7,91.32,340.3,13.93,403.0,19.4,578.2,0.0591,0.92,289.1,199.1,15.1
2025-10-01T07:43:00+00:00,2200.6,94.20,358.1,13.80,415.5,19.5,533.9,0.0619,0.88,289.1,199.1,12.2
2025-10-01T07:44:00+00:00,1906.9,92.39,334.2,13.73,431.7,18.5,622.5,0.0591,0.94,289.1,199.1,14.2
2025-10-01T07:45:00+00:00,1940.8,93.77,354.1,13.92,422.8,17.5,624.3,0.0594,0.95,289.1,199.1,11.9
2025-10-01T07:46:00+00:00,1903.0,93.11,359.3,13.75,437.1,19.6,574.3,0.0602,0.86,289.1,199.1,13.7
2025-10-01T07:47:00+00:00,2045.0,94.52,354.4,13.69,421.8,18.6,582.9,0.0622,0.86,289.1,199.1,12.5
2025-10-01T07:48:00+00:00,2082.7,95.12,346.5,13.90,426.6,19.6,575.3,0.0668,0.93,289.1,199.1,14.0
2025-10-01T07:49:00+00:00,2060.1,96.24,353.5,13.78,393.4,17.6,593.1,0.0593,0.88,289.1,199.1,11.2
2025-10-01T07:50:00+00:00,2061.7,91.04,354.2,13.37,382.6,21.0,528.3,0.0605,0.99,289.1,199.1,13.7
2025-10-01T07:51:00+00:00,2087.2,92.94,354.0,13.87,410.8,18.2,576.0,0.0656,0.91,289.1,199.1,13.0
2025-10-01T07:52:00+00:00,2050.6,93.55,370.3,14.09,417.9,16.6,648.2,0.0596,0.92,289.1,199.1,11.2
2025-10-01T07:53:00+00:00,2035.9,92.92,338.5,13.62,400.8,17.7,598.1,0.0590,0.85,289.1,199.1,14.7
2025-10-01T07:54:00+00:00,2076.0,94.42,348.8,13.68,392.8,21.7,629.6,0.0598,0.92,289.1,199.1,15.2
2025-10-01T07:55:00+00:00,2061.8,93.90,351.7,13.67,408.9,20.8,598.7,0.0596,0.91,289.1,199.1,12.1
2025-10-01T07:56:00+00:00,2081.9,93.03,349.7,13.94,425.4,18.8,597.5,0.0598,0.93,289.1,199.1,11.4
2025-10-01T07:57:00+00:00,1932.8,95.82,345.6,13.81,398.9,19.9,534.5,0.0590,0.93,289.1,199.1,14.6
2025-10-01T07:58:00+00:00,2087.8,95.45,351.0,13.91,388.8,22.8,631.1,0.0601,0.93,289.1,199.1,13.3
2025-10-01T07:59:00+00:00,2112.3,93.65,341.6,13.72,415.6,19.7,619.7,0.0627,0.97,289.1,199.1,13.6
2025-10-01T08:00:00+00:00,2234.4,95.04,359.6,13.71,425.9,19.2,676.5,0.0611,0.96,289.1,199.1,12.1
2025-10-01T08:01:00+00:00,1923.3,92.47,350.0,13.91,421.3,18.5,568.1,0.0593,0.95,289.1,199.1,13.2
2025-10-01T08:02:00+00:00,1791.6,92.47,353.6,13.88,418.6,16.9,584.4,0.0598,0.95,289.1,199.1,13.4
2025-10-01T08:03:00+00:00,1763.4,92.64,346.2,13.69,401.7,18.5,706.1,0.0592,1.02,289.1,199.1,11.9
2025-10-01T08:04:00+00:00,2214.7,95.53,354.7,13.74,424.4,19.8,588.8,0.0598,0.84,289.1,199.1,14.6
2025-10-01T08:05:00+00:00,1913.6,90.49,357.1,13.77,419.0,17.6,619.7,0.0594,0.98,289.1,199.1,10.6
2025-10-01T08:06:00+00:00,2095.1,92.97,350.1,13.89,405.1,16.2,595.9,0.0593,0.86,289.1,199.1,13.4
2025-10-01T08:07:00+00:00,2000.3,93.58,336.1,13.83,417.9,22.1,638.6,0.0595,0.93,289.1,199.1,11.9
2025-10-01T08:08:00+00:00,2009.4,93.19,347.0,13.75,405.8,18.4,591.4,0.0596,0.94,289.1,199.1,13.8
2025-10-01T08:09:00+00:00,2207.8,93.71,361.0,13.69,417.2,18.1,589.3,0.0605,0.91,289.1,199.1,12.8
2025-10-01T08:10:00+00:00,1981.1,96.07,356.6,13.81,395.3,17.6,631.2,0.0631,0.88,289.1,199.1,12.9
2025-10-01T08:11:00+00:00,2056.9,95.10,330.3,13.81,390.6,19.8,619.2,0.0594,0.89,289.1,199.1,12.0
2025-10-01T08:12:00+00:00,2044.8,93.18,344.9,13.97,407.5,17.9,592.3,0.0626,0.91,289.1,199.1,12.0
2025-10-01T08:13:00+00:00,2024.8,93.30,332.7,13.73,410.1,19.5,543.0,0.0635,0.91,289.1,199.1,12.9
2025-10-01T08:14:00+00:00,2058.2,94.81,355.9,14.06,422.2,19.2,600.9,0.0586,0.81,289.1,199.1,13.3
2025-10-01T08:15:00+00:00,2185.1,91.93,348.6,13.98,415.4,16.6,574.9,0.0600,0.83,289.1,199.1,12.4
2025-10-01T08:16:00+00:00,2157.9,93.55,352.0,13.99,412.7,20.6,572.9,0.0601,0.91,289.1,199.1,10.9
2025-10-01T08:17:00+00:00,2109.8,92.18,344.2,13.77,415.4,16.9,606.7,0.0668,0.91,289.1,199.1,12.0
2025-10-01T08:18:00+00:00,2006.0,98.16,337.7,13.86,399.5,17.4,584.0,0.0640,0.94,289.1,199.1,13.5
2025-10-01T08:19:00+00:00,1942.8,96.78,335.3,13.84,401.2,18.1,573.6,0.0593,0.93,289.1,199.1,11.8
2025-10-01T08:20:00+00:00,2004.2,92.05,356.9,13.72,408.4,19.7,624.4,0.0595,0.93,289.1,199.1,13.0
2025-10-01T08:21:00+00:00,1980.4,93.08,350.1,13.66,432.8,22.0,660.5,0.0601,0.92,289.1,199.1,12.2
2025-10-01T08:22:00+00:00,1948.6,93.18,367.9,13.56,412.5,19.5,607.0,0.0608,0.94,289.1,199.1,13.1
2025-10-01T08:23:00+00:00,2044.6,92.99,354.9,13.77,409.9,19.9,653.9,0.0596,0.92,289.1,199.1,11.3
2025-10-01T08:24:00+00:00,1951.9,91.83,344.1,13.61,396.3,19.4,628.7,0.0667,0.90,289.1,199.1,13.6
2025-10-01T08:25:00+00:00,2129.5,93.06,350.7,13.92,433.9,21.1,648.3,0.0638,0.83,289.1,199.1,11.9
2025-10-01T08:26:00+00:00,2135.0,90.95,354.6,13.64,415.1,21.6,591.3,0.0602,0.93,289.1,199.1,13.8
2025-10-01T08:27:00+00:00,2031.4,93.19,343.0,13.79,398.0,19.4,557.4,0.0614,0.90,289.1,199.1,10.6
2025-10-01T08:28:00+00:00,1038.7,90.56,362.6,13.61,358.9,22.9,561.9,0.0567,0.89,289.1,199.1,12.6
2025-10-01T08:29:00+00:00,1092.9,89.47,355.3,13.57,376.8,19.2,536.8,0.0550,0.97,289.1,199.1,14.5
2025-10-01T08:30:00+00:00,1004.3,91.69,367.0,13.76,389.1,21.3,500.2,0.0557,0.94,289.1,199.1,12.4
2025-10-01T08:31:00+00:00,947.1,89.13,359.8,13.52,349.3,17.4,529.8,0.0542,0.96,289.1,199.1,12.7
2025-10-01T08:32:00+00:00,967.5,89.83,375.8,13.77,401.2,20.5,563.8,0.0537,0.89,289.1,199.1,11.6
2025-10-01T08:33:00+00:00,894.1,88.77,368.0,13.82,363.5,15.3,551.6,0.0532,0.89,289.1,199.1,12.6
2025-10-01T08:34:00+00:00,990.8,89.49,352.2,14.07,370.3,20.4,515.3,0.0567,0.85,289.1,199.1,10.3
2025-10-01T08:35:00+00:00,975.0,87.43,346.5,13.56,364.1,20.3,572.5,0.0543,0.92,289.1,199.1,13.6
2025-10-01T08:36:00+00:00,952.6,90.85,354.2,13.76,388.8,19.9,569.7,0.0606,0.96,289.1,199.1,12.8
2025-10-01T08:37:00+00:00,905.9,91.29,353.9,14.08,385.1,20.3,535.2,0.0530,0.86,289.1,199.1,12.0
2025-10-01T08:38:00+00:00,1023.9,91.83,348.0,14.03,388.2,18.5,567.5,0.0602,0.97,289.1,199.1,13.4
2025-10-01T08:39:00+00:00,1052.1,88.92,348.5,13.71,375.3,20.5,502.3,0.0569,0.90,289.1,199.1,9.8
2025-10-01T14:00:00+00:00,1017.1,90.26,368.7,14.00,373.1,20.2,569.4,0.0615,0.89,289.1,199.1,14.3
2025-10-01T14:01:00+00:00,1040.5,89.06,352.5,13.97,371.4,21.8,564.8,0.0569,0.91,289.1,199.1,14.1
2025-10-01T14:02:00+00:00,990.5,88.41,355.8,13.71,354.3,18.6,612.1,0.0540,0.92,289.1,199.1,13.1
2025-10-01T14:03:00+00:00,1022.7,88.34,355.1,13.88,365.3,19.2,548.3,0.0544,0.92,289.1,199.1,14.1
2025-10-01T14:04:00+00:00,767.3,90.09,372.8,13.83,401.8,19.0,562.0,0.0565,0.99,289.1,199.1,13.2
2025-10-01T14:05:00+00:00,923.2,89.62,363.3,14.07,365.9,18.5,559.8,0.0604,0.93,289.1,199.1,13.0
2025-10-01T14:06:00+00:00,938.8,91.15,360.3,13.96,374.9,16.7,557.9,0.0536,0.89,289.1,199.1,11.5
2025-10-01T14:07:00+00:00,1034.2,88.92,360.8,14.06,394.7,22.5,539.5,0.0528,0.79,289.1,199.1,12.6
2025-10-01T14:08:00+00:00,916.2,89.49,367.0,13.70,375.0,16.3,569.9,0.0540,0.94,289.1,199.1,14.3
2025-10-01T14:09:00+00:00,1064.9,88.92,354.6,13.81,395.6,18.0,621.9,0.0560,0.84,289.1,199.1,13.9
2025-10-01T14:10:00+00:00,1904.0,91.91,360.2,13.87,392.7,18.1,576.8,0.0621,0.92,289.1,199.1,11.2
2025-10-01T14:11:00+00:00,1918.2,90.21,351.6,13.79,414.2,22.1,577.5,0.0590,0.92,289.1,199.1,11.1
2025-10-01T14:12:00+00:00,1875.6,96.06,336.7,13.63,418.7,21.8,640.5,0.0593,0.99,289.1,199.1,12.6
2025-10-01T14:13:00+00:00,1936.2,93.87,347.5,13.82,402.9,20.3,636.9,0.0603,0.98,289.1,199.1,12.0
2025-10-01T14:14:00+00:00,1987.3,93.09,356.3,13.90,411.7,20.6,570.9,0.0603,0.86,289.1,199.1,11.6
2025-10-01T14:15:00+00:00,1840.7,93.55,350.9,13.86,420.8,18.2,609.4,0.0683,0.88,289.1,199.1,12.8
2025-10-01T14:16:00+00:00,2069.1,93.56,337.3,13.76,436.4,19.2,607.0,0.0605,0.87,289.1,199.1,12.9
2025-10-01T14:17:00+00:00,2128.3,93.74,356.0,13.75,440.0,21.7,601.5,0.0602,0.92,289.1,199.1,11.5
2025-10-01T14:18:00+00:00,2100.8,94.54,354.5,13.93,424.9,17.2,562.7,0.0599,0.92,289.1,199.1,11.0
2025-10-01T14:19:00+00:00,2070.5,92.36,355.7,13.73,407.7,19.0,659.3,0.0601,0.94,289.1,199.1,12.9
2025-10-01T14:20:00+00:00,1878.8,93.34,357.1,13.91,413.0,18.4,611.4,0.0587,0.92,289.1,199.1,12.4
2025-10-01T14:21:00+00:00,2076.1,93.91,357.5,13.58,403.0,18.9,589.5,0.0594,0.88,289.1,199.1,11.9
2025-10-01T14:22:00+00:00,2077.4,94.58,358.6,13.69,410.2,21.3,585.4,0.0646,0.99,289.1,199.1,13.9
2025-10-01T14:23:00+00:00,2032.6,92.98,345.5,13.76,398.1,20.6,587.7,0.0595,0.92,289.1,199.1,12.6
2025-10-01T14:24:00+00:00,2035.5,91.22,337.8,13.87,416.9,22.0,584.5,0.0659,0.81,289.1,199.1,13.4
2025-10-01T14:25:00+00:00,2125.7,95.11,355.6,13.69,403.4,19.4,575.4,0.0710,0.95,289.1,199.1,11.2
2025-10-01T14:26:00+00:00,2204.7,94.32,338.3,13.72,417.8,19.8,607.4,0.0612,0.98,289.1,199.1,13.1
2025-10-01T14:27:00+00:00,2013.7,92.56,349.9,13.96,426.8,19.6,596.9,0.0592,0.88,289.1,199.1,13.2
2025-10-01T14:28:00+00:00,2078.1,92.48,344.2,13.45,421.2,21.2,636.4,0.0593,0.86,289.1,199.1,13.2
2025-10-01T14:29:00+00:00,1881.9,94.74,363.3,13.78,401.9,20.4,644.5,0.0579,0.84,289.1,199.1,11.8
2025-10-01T14:30:00+00:00,1996.1,93.68,352.5,13.74,408.5,19.6,629.6,0.0593,0.92,289.1,199.1,14.0
2025-10-01T14:31:00+00:00,2107.4,91.44,341.9,13.96,415.5,17.1,583.0,0.0608,0.88,289.1,199.1,13.5
2025-10-01T14:32:00+00:00,1849.7,94.33,341.7,13.57,417.2,20.8,609.9,0.0590,0.96,289.1,199.1,13.5
2025-10-01T14:33:00+00:00,2107.5,93.72,355.9,13.91,406.1,20.8,622.4,0.0727,0.98,289.1,199.1,11.9
2025-10-01T14:34:00+00:00,2008.1,95.50,336.3,13.74,399.3,19.3,637.4,0.0603,0.98,289.1,199.1,11.1
2025-10-01T14:35:00+00:00,1848.6,94.72,357.3,13.90,427.8,17.4,633.7,0.0576,0.81,289.1,199.1,12.0
2025-10-01T14:36:00+00:00,2111.3,94.39,347.4,13.55,434.6,20.0,604.7,0.0597,0.89,289.1,199.1,12.0
2025-10-01T14:37:00+00:00,2101.3,95.29,342.5,13.79,402.4,19.8,654.1,0.0603,0.91,289.1,199.1,12.4
2025-10-01T14:38:00+00:00,2105.6,92.51,362.1,13.66,420.4,17.5,601.3,0.0619,0.97,289.1,199.1,12.5
2025-10-01T14:39:00+00:00,2137.9,93.86,341.9,13.81,406.3,18.8,624.5,0.0601,0.91,289.1,199.1,12.0
2025-10-01T14:40:00+00:00,1915.4,91.44,354.1,13.68,402.3,21.4,607.1,0.0588,0.90,289.1,199.1,12.5
2025-10-01T14:41:00+00:00,1925.8,94.93,337.0,13.59,417.0,17.7,577.0,0.0633,0.92,289.1,199.1,14.1
2025-10-01T14:42:00+00:00,2082.1,91.13,344.8,13.61,429.3,16.2,644.9,0.0588,0.83,289.1,199.1,13.1
2025-10-01T14:43:00+00:00,2101.8,92.83,356.1,13.90,419.7,18.0,595.8,0.0612,0.81,289.1,199.1,13.3
2025-10-01T14:44:00+00:00,2189.5,92.20,340.8,13.73,428.4,20.2,656.7,0.0607,0.94,289.1,199.1,12.4
2025-10-01T14:45:00+00:00,2051.8,94.20,346.4,13.67,417.4,20.1,571.4,0.0618,0.92,289.1,199.1,12.9
2025-10-01T14:46:00+00:00,2179.0,96.07,348.7,13.99,421.9,19.2,620.6,0.0604,0.93,289.1,199.1,11.2
2025-10-01T14:47:00+00:00,2035.4,94.91,353.7,13.69,416.6,17.6,603.4,0.0631,0.93,289.1,199.1,13.3
2025-10-01T14:48:00+00:00,1989.8,95.03,354.1,13.61,409.1,18.1,620.5,0.0590,0.88,289.1,199.1,11.2
2025-10-01T14:49:00+00:00,1826.8,94.53,342.2,13.93,401.5,21.7,549.2,0.0619,0.89,289.1,199.1,12.3
2025-10-01T14:50:00+00:00,2024.9,93.01,344.9,13.52,397.5,19.6,630.3,0.0725,0.92,289.1,199.1,12.1
2025-10-01T14:51:00+00:00,1951.0,91.99,355.6,13.77,421.9,17.5,580.8,0.0589,0.89,289.1,199.1,11.8
2025-10-01T14:52:00+00:00,2022.0,90.98,369.1,13.78,403.9,19.8,595.2,0.0583,0.79,289.1,199.1,11.6
2025-10-01T14:53:00+00:00,1954.8,92.91,339.1,13.96,398.9,20.6,609.3,0.0597,0.97,289.1,199.1,12.8
2025-10-01T14:54:00+00:00,1980.9,92.91,345.7,13.91,404.7,19.8,634.2,0.0663,0.88,289.1,199.1,12.2
2025-10-01T14:55:00+00:00,2454.7,94.97,345.2,14.00,415.1,16.8,562.4,0.0671,0.94,289.1,199.1,11.6
2025-10-01T14:56:00+00:00,1971.8,91.89,356.3,13.81,407.9,16.5,592.5,0.0665,0.98,289.1,199.1,12.5
2025-10-01T14:57:00+00:00,2235.2,92.86,356.7,13.87,442.0,19.0,643.5,0.0610,0.95,289.1,199.1,12.0
2025-10-01T14:58:00+00:00,2214.2,92.07,348.9,14.15,412.4,18.1,645.3,0.0638,0.87,289.1,199.1,12.6
2025-10-01T14:59:00+00:00,1931.4,89.78,341.2,13.81,432.0,17.6,646.2,0.0603,0.96,289.1,199.1,13.7
2025-10-01T15:00:00+00:00,1921.1,93.13,344.0,13.86,390.7,17.3,615.0,0.0579,0.82,289.1,199.1,10.6
2025-10-01T15:01:00+00:00,2513.8,98.05,352.0,13.68,405.2,18.5,669.1,0.0619,0.89,289.1,199.1,13.7
2025-10-01T15:02:00+00:00,2118.2,93.90,352.3,13.81,402.9,19.1,615.2,0.0692,0.92,289.1,199.1,13.7
2025-10-01T15:03:00+00:00,2435.7,94.13,358.6,13.85,421.2,20.0,599.0,0.0612,0.86,289.1,199.1,12.7
2025-10-01T15:04:00+00:00,1867.2,92.92,357.7,13.82,424.5,19.7,615.1,0.0585,0.90,289.1,199.1,12.4
2025-10-01T15:05:00+00:00,2196.7,95.97,346.6,13.86,416.8,20.6,627.0,0.0601,0.89,289.1,199.1,12.9
2025-10-01T15:06:00+00:00,2084.3,93.88,352.5,13.94,425.0,20.4,615.3,0.0594,0.87,289.1,199.1,12.8
2025-10-01T15:07:00+00:00,2024.9,93.93,349.8,13.93,414.7,20.7,601.7,0.0641,0.96,289.1,199.1,13.6
2025-10-01T15:08:00+00:00,2382.5,94.93,342.5,13.89,415.6,19.2,582.5,0.0711,0.87,289.1,199.1,12.3
2025-10-01T15:09:00+00:00,2110.5,94.56,351.2,13.70,399.7,19.5,562.1,0.0666,0.85,289.1,199.1,10.4
2025-10-01T15:10:00+00:00,2485.6,92.91,336.9,13.88,418.6,16.9,527.6,0.0629,1.01,289.1,199.1,12.3
2025-10-01T15:11:00+00:00,2376.4,94.65,343.2,13.78,420.3,20.7,610.7,0.0610,0.88,289.1,199.1,10.8
2025-10-01T15:12:00+00:00,2429.9,96.69,337.7,13.79,459.6,20.4,592.6,0.0625,0.89,289.1,199.1,13.5
2025-10-01T15:13:00+00:00,2060.5,94.33,371.2,13.75,397.3,18.7,558.1,0.0602,0.97,289.1,199.1,13.6
2025-10-01T15:14:00+00:00,2459.8,96.96,348.7,13.54,434.6,20.7,642.4,0.0619,0.91,289.1,199.1,12.8
2025-10-01T15:15:00+00:00,2175.6,95.07,354.9,13.76,400.9,17.2,618.4,0.0639,0.99,289.1,199.1,11.0
2025-10-01T15:16:00+00:00,1910.8,89.60,352.6,13.71,401.1,19.8,571.9,0.0576,0.79,289.1,199.1,13.3
2025-10-01T15:17:00+00:00,2032.2,92.90,348.5,14.26,399.1,14.6,568.2,0.0615,0.94,289.1,199.1,11.7
2025-10-01T15:18:00+00:00,1964.2,91.81,355.4,13.76,414.0,19.3,668.3,0.0598,0.96,289.1,199.1,11.5
2025-10-01T15:19:00+00:00,1947.6,95.25,351.0,13.88,415.1,19.0,583.1,0.0601,0.98,289.1,199.1,14.2
2025-10-01T15:20:00+00:00,2057.6,93.16,353.6,13.87,419.7,21.4,616.8,0.0614,0.97,289.1,199.1,12.5
2025-10-01T15:21:00+00:00,1937.7,91.07,354.3,13.84,411.2,20.9,577.0,0.0662,0.93,289.1,199.1,11.4
2025-10-01T15:22:00+00:00,2105.8,92.27,350.1,13.73,422.5,19.8,564.0,0.0623,0.91,289.1,199.1,11.2
2025-10-01T15:23:00+00:00,2036.0,92.98,352.6,13.54,413.4,19.9,647.8,0.0630,0.85,289.1,199.1,11.7
2025-10-01T15:24:00+00:00,1918.9,92.38,345.7,13.51,410.2,16.6,588.9,0.0589,0.90,289.1,199.1,13.0
2025-10-01T15:25:00+00:00,1981.7,95.03,354.9,13.56,416.7,19.2,562.0,0.0589,0.88,289.1,199.1,11.0
2025-10-01T15:26:00+00:00,2054.0,91.92,345.6,13.70,403.1,19.8,632.8,0.0607,1.01,289.1,199.1,12.0
2025-10-01T15:27:00+00:00,1844.8,94.06,354.5,13.76,402.7,20.2,579.2,0.0599,0.93,289.1,199.1,10.9
2025-10-01T15:28:00+00:00,2183.6,93.59,351.8,13.88,415.1,17.2,626.0,0.0597,0.85,289.1,199.1,13.3
2025-10-01T15:29:00+00:00,2058.5,96.32,359.9,13.84,411.2,19.2,565.9,0.0594,0.88,289.1,199.1,12.0
2025-10-01T15:30:00+00:00,1952.2,91.14,348.2,13.70,391.4,18.2,630.1,0.0591,0.93,289.1,199.1,11.6
2025-10-01T15:31:00+00:00,2149.7,94.76,352.2,14.19,418.9,16.7,569.9,0.0681,0.88,289.1,199.1,13.0
2025-10-01T15:32:00+00:00,1862.3,95.03,360.1,13.58,413.1,19.1,606.1,0.0637,0.86,289.1,199.1,12.2
2025-10-01T15:33:00+00:00,1858.3,96.74,359.8,13.59,406.0,19.4,628.8,0.0661,0.98,289.1,199.1,12.2
2025-10-01T15:34:00+00:00,1903.4,92.61,363.7,13.74,427.5,19.0,570.7,0.0598,1.01,289.1,199.1,13.7
2025-10-01T15:35:00+00:00,2047.3,93.58,349.8,13.76,401.6,18.2,589.6,0.0590,0.85,289.1,199.1,12.7
2025-10-01T15:36:00+00:00,1978.3,94.78,345.9,14.02,382.2,21.1,628.9,0.0588,0.85,289.1,199.1,12.5
2025-10-01T15:37:00+00:00,1857.8,92.76,354.7,13.70,386.0,19.8,608.1,0.0592,0.98,289.1,199.1,12.0
2025-10-01T15:38:00+00:00,2152.5,95.08,347.7,13.55,405.2,19.2,666.0,0.0613,1.03,289.1,199.1,13.7
2025-10-01T15:39:00+00:00,2115.0,94.25,347.4,13.92,444.3,20.3,628.7,0.0614,0.94,289.1,199.1,12.3
2025-10-01T15:40:00+00:00,2010.6,92.22,355.9,13.89,401.3,19.8,617.7,0.0633,0.95,289.1,199.1,11.5
2025-10-01T15:41:00+00:00,1918.3,91.31,347.0,14.13,404.0,16.1,597.8,0.0591,0.87,289.1,199.1,13.1
2025-10-01T15:42:00+00:00,1859.3,96.67,375.6,13.70,402.7,20.0,629.6,0.0698,0.90,289.1,199.1,13.3
2025-10-01T15:43:00+00:00,1966.3,92.73,345.0,13.97,397.7,21.4,648.2,0.0590,0.90,289.1,199.1,13.0
2025-10-01T15:44:00+00:00,2112.0,97.48,338.4,13.76,424.0,17.9,667.6,0.0624,0.82,289.1,199.1,12.7
2025-10-01T15:45:00+00:00,1943.4,92.07,345.6,13.47,426.0,21.3,621.4,0.0590,0.90,289.1,199.1,12.6
2025-10-01T15:46:00+00:00,2030.6,94.15,338.6,13.98,418.1,19.7,552.7,0.0603,0.92,289.1,199.1,12.3
2025-10-01T15:47:00+00:00,1837.7,96.50,365.1,13.70,403.5,17.2,611.7,0.0672,0.89,289.1,199.1,12.0
2025-10-01T15:48:00+00:00,2158.0,92.77,358.7,13.54,433.2,17.6,536.0,0.0607,0.96,289.1,199.1,13.1
2025-10-01T15:49:00+00:00,1757.7,92.25,353.8,13.77,415.4,20.9,539.7,0.0584,0.94,289.1,199.1,11.0
2025-10-01T15:50:00+00:00,2021.5,95.67,326.4,13.84,415.5,18.9,644.6,0.0655,0.88,289.1,199.1,13.9
2025-10-01T15:51:00+00:00,2003.1,94.58,345.2,13.74,411.1,17.6,646.5,0.0606,0.94,289.1,199.1,12.4
2025-10-01T15:52:00+00:00,1984.6,94.64,344.8,13.59,409.0,21.1,582.9,0.0591,0.86,289.1,199.1,14.2
2025-10-01T15:53:00+00:00,1951.2,94.20,358.9,13.77,435.7,20.6,629.8,0.0587,0.87,289.1,199.1,15.0
2025-10-01T15:54:00+00:00,2004.5,92.54,362.7,13.74,407.9,19.2,660.8,0.0603,0.85,289.1,199.1,12.0
2025-10-01T15:55:00+00:00,2025.8,95.73,351.9,13.82,418.8,18.9,580.0,0.0594,0.92,289.1,199.1,12.4
2025-10-01T15:56:00+00:00,815.5,88.80,358.3,13.76,380.9,19.1,529.9,0.0534,0.96,289.1,199.1,13.0
2025-10-01T15:57:00+00:00,932.3,88.43,359.1,14.03,395.4,19.9,556.1,0.0535,0.91,289.1,199.1,13.0
2025-10-01T15:58:00+00:00,1092.6,86.67,362.4,13.66,400.6,15.8,514.7,0.0545,0.93,289.1,199.1,14.0
2025-10-01T15:59:00+00:00,929.3,90.40,357.9,13.99,381.5,17.5,535.0,0.0544,0.84,289.1,199.1,13.4
2025-10-01T16:00:00+00:00,1074.9,92.63,361.1,13.70,389.9,20.4,537.8,0.0553,0.93,289.1,199.1,12.1
2025-10-01T16:01:00+00:00,1119.7,90.74,361.2,13.92,381.5,19.9,565.5,0.0541,0.87,289.1,199.1,12.9
2025-10-01T16:02:00+00:00,952.2,88.84,360.4,13.84,381.1,18.2,537.5,0.0557,0.84,289.1,199.1,12.2
2025-10-01T16:03:00+00:00,1145.9,90.88,361.3,13.84,381.5,19.9,532.1,0.0555,1.00,289.1,199.1,13.1
2025-10-01T16:04:00+00:00,1109.8,87.29,351.1,13.84,374.9,20.2,574.6,0.0548,0.94,289.1,199.1,12.4
2025-10-02T06:00:00+00:00,965.1,88.69,362.0,13.90,368.3,18.9,561.2,0.0574,1.27,190.0,325.0,16.1
2025-10-02T06:01:00+00:00,1010.0,89.12,345.7,13.54,400.8,20.0,553.4,0.0644,1.23,190.0,325.0,17.2
2025-10-02T06:02:00+00:00,918.2,89.74,360.2,13.60,389.5,19.3,521.9,0.0586,1.42,190.0,325.0,15.4
2025-10-02T06:03:00+00:00,968.7,88.86,362.5,13.88,359.1,17.3,512.4,0.0568,1.20,190.0,325.0,16.0
2025-10-02T06:04:00+00:00,1102.4,89.50,356.9,13.59,371.7,20.1,575.4,0.0587,1.33,190.0,325.0,16.8
2025-10-02T06:05:00+00:00,909.1,90.43,350.8,13.89,376.4,18.2,547.2,0.0615,1.36,190.0,325.0,17.1
2025-10-02T06:06:00+00:00,851.4,91.21,352.4,13.89,372.0,20.1,575.5,0.0620,1.30,190.0,325.0,16.7
2025-10-02T06:07:00+00:00,996.2,90.55,361.8,13.84,371.5,19.9,573.1,0.0618,1.41,190.0,325.0,15.7
2025-10-02T06:08:00+00:00,951.9,89.61,359.6,13.60,374.6,17.1,534.9,0.0606,1.35,190.0,325.0,16.0
2025-10-02T06:09:00+00:00,947.6,90.78,371.3,13.91,352.5,16.6,553.9,0.0676,1.29,190.0,325.0,15.3
2025-10-02T06:10:00+00:00,832.5,90.57,348.6,13.91,370.5,19.6,525.1,0.0589,1.33,190.0,325.0,16.0
2025-10-02T06:11:00+00:00,899.3,88.99,350.2,13.84,376.8,22.2,516.6,0.0572,1.29,190.0,325.0,16.2
2025-10-02T06:12:00+00:00,926.3,90.63,354.3,13.77,394.8,18.4,534.7,0.0610,1.30,190.0,325.0,16.3
2025-10-02T06:13:00+00:00,1023.5,90.14,351.2,13.88,380.7,22.3,598.4,0.0714,1.42,190.0,325.0,16.0
2025-10-02T06:14:00+00:00,1981.3,91.94,343.0,13.78,431.4,18.8,639.2,0.0636,1.35,190.0,325.0,16.3
2025-10-02T06:15:00+00:00,2029.0,93.81,343.6,13.80,387.6,18.0,625.2,0.0733,1.32,190.0,325.0,16.2
2025-10-02T06:16:00+00:00,2032.3,92.78,346.4,13.52,403.2,18.5,613.2,0.0653,1.30,190.0,325.0,16.8
2025-10-02T06:17:00+00:00,2027.9,94.29,362.7,13.91,415.2,21.0,561.4,0.0675,1.29,190.0,325.0,16.1
2025-10-02T06:18:00+00:00,1925.0,93.18,339.2,13.84,401.6,20.0,563.2,0.0631,1.33,190.0,325.0,17.6
2025-10-02T06:19:00+00:00,2072.5,90.91,338.4,13.74,403.1,21.9,572.6,0.0669,1.38,190.0,325.0,17.7
2025-10-02T06:20:00+00:00,2041.2,92.53,348.3,13.77,402.8,18.9,618.2,0.0647,1.36,190.0,325.0,13.7
2025-10-02T06:21:00+00:00,2013.9,95.17,348.8,13.95,406.4,17.5,520.3,0.0664,1.36,190.0,325.0,16.2
2025-10-02T06:22:00+00:00,1888.6,91.44,358.6,13.72,420.0,17.6,650.8,0.0644,1.29,190.0,325.0,17.1
2025-10-02T06:23:00+00:00,2071.5,92.19,357.0,13.91,419.5,18.5,609.7,0.0654,1.24,190.0,325.0,16.8
2025-10-02T06:24:00+00:00,1961.0,95.12,336.9,13.80,416.1,17.6,670.2,0.0636,1.36,190.0,325.0,15.2
2025-10-02T06:25:00+00:00,2071.0,95.07,346.7,13.96,405.5,19.8,599.0,0.0647,1.41,190.0,325.0,16.0
2025-10-02T06:26:00+00:00,2016.7,91.57,350.5,13.85,389.4,19.4,615.8,0.0638,1.34,190.0,325.0,17.3
2025-10-02T06:27:00+00:00,1773.1,93.44,349.4,13.86,394.3,18.5,591.8,0.0613,1.24,190.0,325.0,17.5
2025-10-02T06:28:00+00:00,2257.1,95.04,350.5,13.82,426.0,20.0,615.6,0.0663,1.32,190.0,325.0,15.5
2025-10-02T06:29:00+00:00,2065.8,93.02,355.5,13.68,431.0,18.7,564.5,0.0650,1.30,190.0,325.0,19.0
2025-10-02T06:30:00+00:00,2248.3,95.69,349.3,13.86,426.2,23.0,574.5,0.0643,1.27,190.0,325.0,18.0
2025-10-02T06:31:00+00:00,1812.2,93.24,349.5,13.86,383.2,18.4,626.2,0.0632,1.42,190.0,325.0,16.3
2025-10-02T06:32:00+00:00,2107.1,95.16,352.2,13.81,417.0,19.3,606.5,0.0686,1.26,190.0,325.0,16.1
2025-10-02T06:33:00+00:00,1905.6,93.46,346.5,13.73,427.3,20.0,625.6,0.0624,1.27,190.0,325.0,16.7
2025-10-02T06:34:00+00:00,2361.9,94.88,363.8,13.70,420.4,17.7,649.9,0.0651,1.30,190.0,325.0,16.0
2025-10-02T06:35:00+00:00,2174.8,93.58,355.3,13.72,414.4,19.1,637.9,0.0648,1.36,190.0,325.0,16.2
2025-10-02T06:36:00+00:00,2079.8,95.01,337.8,13.86,415.4,18.2,652.5,0.0672,1.39,190.0,325.0,16.1
2025-10-02T06:37:00+00:00,2004.4,92.29,347.2,13.60,409.2,19.4,638.2,0.0636,1.34,190.0,325.0,16.9
2025-10-02T06:38:00+00:00,2116.3,93.14,353.2,13.79,414.7,21.4,599.7,0.0676,1.34,190.0,325.0,17.8
2025-10-02T06:39:00+00:00,2107.2,95.96,351.5,14.00,431.3,18.4,621.0,0.0709,1.37,190.0,325.0,15.0
2025-10-02T06:40:00+00:00,1935.2,91.48,357.9,13.73,417.6,20.2,571.3,0.0642,1.30,190.0,325.0,16.8
2025-10-02T06:41:00+00:00,2067.3,96.63,350.5,13.75,411.3,16.4,558.4,0.0734,1.35,190.0,325.0,16.1
2025-10-02T06:42:00+00:00,1906.6,92.35,329.8,13.77,415.9,20.5,612.9,0.0629,1.32,190.0,325.0,17.8
2025-10-02T06:43:00+00:00,1981.0,91.90,355.9,14.03,388.8,18.9,611.9,0.0664,1.37,190.0,325.0,17.5
2025-10-02T06:44:00+00:00,2095.8,95.63,353.3,13.86,410.7,21.0,543.5,0.0643,1.36,190.0,325.0,18.3
2025-10-02T06:45:00+00:00,2093.3,93.33,352.0,13.80,416.4,20.9,591.5,0.0649,1.38,190.0,325.0,15.8
2025-10-02T06:46:00+00:00,2095.8,92.88,353.9,13.79,427.6,21.7,620.4,0.0720,1.37,190.0,325.0,17.4
2025-10-02T06:47:00+00:00,2125.9,92.80,348.8,13.89,420.0,17.7,572.2,0.0688,1.35,190.0,325.0,17.0
2025-10-02T06:48:00+00:00,1904.8,91.81,340.7,13.92,394.1,19.7,616.3,0.0629,1.33,190.0,325.0,17.3
2025-10-02T06:49:00+00:00,2166.6,93.09,339.0,13.60,426.7,18.0,640.6,0.0648,1.37,190.0,325.0,16.4
2025-10-02T06:50:00+00:00,2011.4,94.43,334.9,13.82,420.8,18.2,623.6,0.0682,1.46,190.0,325.0,17.2
2025-10-02T06:51:00+00:00,1940.0,92.90,349.3,13.79,415.7,18.7,602.9,0.0625,1.26,190.0,325.0,16.7
2025-10-02T06:52:00+00:00,2034.7,94.11,355.5,13.76,406.3,20.6,534.6,0.0633,1.29,190.0,325.0,16.3
2025-10-02T06:53:00+00:00,1994.8,95.38,352.2,13.74,420.9,19.2,640.9,0.0656,1.33,190.0,325.0,16.3
2025-10-02T06:54:00+00:00,2041.6,92.23,361.5,13.75,416.9,20.6,625.4,0.0645,1.40,190.0,325.0,16.6
2025-10-02T06:55:00+00:00,1899.5,95.38,349.8,13.65,392.8,18.9,579.0,0.0639,1.30,190.0,325.0,15.5
2025-10-02T06:56:00+00:00,1867.8,95.52,350.3,13.73,390.6,18.7,607.9,0.0634,1.33,190.0,325.0,16.4
2025-10-02T06:57:00+00:00,2080.2,94.25,351.4,13.70,419.6,19.5,631.9,0.0645,1.38,190.0,325.0,16.1
2025-10-02T06:58:00+00:00,1956.7,93.21,339.2,13.91,427.7,17.2,636.5,0.0632,1.33,190.0,325.0,17.2
2025-10-02T06:59:00+00:00,1827.9,95.15,344.2,13.67,398.4,19.9,614.8,0.0632,1.37,190.0,325.0,15.1
2025-10-02T07:00:00+00:00,2129.8,89.86,352.0,13.80,428.6,18.0,625.8,0.0674,1.25,190.0,325.0,15.9
2025-10-02T07:01:00+00:00,1919.0,94.80,349.6,13.70,416.6,18.7,619.8,0.0735,1.19,190.0,325.0,18.5
2025-10-02T07:02:00+00:00,2008.8,93.46,338.2,13.60,416.9,17.8,591.6,0.0708,1.25,190.0,325.0,17.4
2025-10-02T07:03:00+00:00,1958.0,93.53,350.9,13.78,417.7,16.9,557.5,0.0687,1.44,190.0,325.0,16.3
2025-10-02T07:04:00+00:00,2080.5,94.07,348.4,14.02,417.3,17.6,564.6,0.0636,1.29,190.0,325.0,17.0
2025-10-02T07:05:00+00:00,2131.6,94.23,345.1,13.75,425.5,19.6,644.8,0.0645,1.35,190.0,325.0,16.4
2025-10-02T07:06:00+00:00,1852.4,94.75,367.7,13.77,430.0,20.9,530.3,0.0632,1.39,190.0,325.0,18.4
2025-10-02T07:07:00+00:00,1956.7,94.50,342.1,14.00,419.2,20.0,554.2,0.0642,1.35,190.0,325.0,15.5
2025-10-02T07:08:00+00:00,1893.1,91.73,349.0,14.01,404.4,20.0,587.1,0.0654,1.41,190.0,325.0,15.7
2025-10-02T07:09:00+00:00,2134.6,94.35,360.3,14.03,395.3,19.8,644.9,0.0643,1.34,190.0,325.0,15.8
2025-10-02T07:10:00+00:00,1968.0,93.92,350.0,14.00,406.3,20.7,618.5,0.0655,1.33,190.0,325.0,17.6
2025-10-02T07:11:00+00:00,2391.5,94.28,337.9,14.03,435.8,18.6,557.5,0.0660,1.36,190.0,325.0,14.5
2025-10-02T07:12:00+00:00,2097.0,96.15,347.8,13.83,420.4,17.9,593.4,0.0732,1.40,190.0,325.0,15.5
2025-10-02T07:13:00+00:00,2001.3,92.57,327.4,13.72,410.0,18.0,603.0,0.0636,1.34,190.0,325.0,16.8
2025-10-02T07:14:00+00:00,1960.4,94.03,337.0,13.87,414.7,19.1,615.7,0.0630,1.30,190.0,325.0,16.4
2025-10-02T07:15:00+00:00,2099.5,93.46,358.8,13.86,400.7,16.4,621.2,0.0639,1.31,190.0,325.0,16.4
2025-10-02T07:16:00+00:00,2313.6,97.03,354.2,13.86,436.4,19.1,618.5,0.0649,1.31,190.0,325.0,17.9
2025-10-02T07:17:00+00:00,2075.3,93.07,338.4,13.70,418.5,19.9,590.4,0.0667,1.30,190.0,325.0,16.6
2025-10-02T07:18:00+00:00,1847.2,91.28,352.6,13.82,405.2,20.4,591.3,0.0632,1.36,190.0,325.0,15.8
2025-10-02T07:19:00+00:00,1913.5,94.51,357.9,13.88,406.2,23.1,521.1,0.0718,1.34,190.0,325.0,15.7
2025-10-02T07:20:00+00:00,2059.2,94.20,333.7,13.76,411.9,18.2,624.1,0.0645,1.39,190.0,325.0,17.2
2025-10-02T07:21:00+00:00,1928.2,94.73,359.6,13.80,397.5,19.3,595.9,0.0676,1.30,190.0,325.0,16.1
2025-10-02T07:22:00+00:00,1842.5,93.56,364.7,13.87,408.9,18.7,582.0,0.0625,1.31,190.0,325.0,16.8
2025-10-02T07:23:00+00:00,2013.3,91.19,349.6,13.77,409.5,19.9,604.2,0.0741,1.47,190.0,325.0,16.5
2025-10-02T07:24:00+00:00,2125.5,91.09,346.0,13.88,416.2,21.3,613.6,0.0696,1.29,190.0,325.0,16.7
2025-10-02T07:25:00+00:00,2444.0,92.05,360.4,13.88,422.2,16.1,646.8,0.0664,1.39,190.0,325.0,18.5
2025-10-02T07:26:00+00:00,2218.8,93.65,365.5,13.79,412.8,19.9,590.8,0.0643,1.30,190.0,325.0,16.8
2025-10-02T07:27:00+00:00,1907.8,94.03,350.2,13.99,404.6,19.8,643.5,0.0629,1.30,190.0,325.0,17.4
2025-10-02T07:28:00+00:00,1918.6,92.07,364.0,13.70,401.7,19.0,596.3,0.0629,1.29,190.0,325.0,16.9
2025-10-02T07:29:00+00:00,2501.1,94.55,341.1,13.78,421.5,18.6,622.9,0.0696,1.29,190.0,325.0,16.7
2025-10-02T07:30:00+00:00,2014.5,93.55,357.9,13.60,401.0,21.2,640.6,0.0630,1.27,190.0,325.0,16.2
2025-10-02T07:31:00+00:00,2044.2,93.82,360.4,13.92,407.8,20.0,592.5,0.0633,1.28,190.0,325.0,17.6
2025-10-02T07:32:00+00:00,2035.5,93.09,332.5,13.59,425.4,20.9,576.5,0.0631,1.27,190.0,325.0,16.8
2025-10-02T07:33:00+00:00,2465.9,95.72,338.3,13.85,433.9,20.4,612.1,0.0653,1.27,190.0,325.0,14.2
2025-10-02T07:34:00+00:00,1996.7,94.69,340.1,13.81,421.3,18.6,587.7,0.0653,1.35,190.0,325.0,16.0
2025-10-02T07:35:00+00:00,2428.7,92.22,356.1,13.91,440.0,20.6,670.6,0.0655,1.30,190.0,325.0,15.4
2025-10-02T07:36:00+00:00,1785.5,93.54,360.9,13.66,406.8,22.0,614.2,0.0623,1.32,190.0,325.0,15.7
2025-10-02T07:37:00+00:00,2090.7,91.77,345.2,13.94,396.0,18.5,623.7,0.0742,1.40,190.0,325.0,16.6
2025-10-02T07:38:00+00:00,1893.3,92.03,351.0,13.82,411.1,20.3,604.2,0.0620,1.24,190.0,325.0,17.1
2025-10-02T07:39:00+00:00,1939.0,92.08,363.8,13.80,423.9,18.9,578.8,0.0627,1.28,190.0,325.0,16.4
2025-10-02T07:40:00+00:00,1971.8,93.89,353.6,13.71,413.9,19.8,580.0,0.0634,1.32,190.0,325.0,15.5
2025-10-02T07:41:00+00:00,1894.8,89.84,346.8,14.03,420.6,19.6,664.6,0.0633,1.36,190.0,325.0,16.8
2025-10-02T07:42:00+00:00,2507.1,95.58,348.9,13.87,417.2,18.1,620.1,0.0665,1.35,190.0,325.0,15.8
2025-10-02T07:43:00+00:00,2392.8,97.64,353.6,13.93,429.8,20.3,661.9,0.0709,1.35,190.0,325.0,19.2
2025-10-02T07:44:00+00:00,1913.8,96.04,358.9,13.62,396.1,18.0,615.0,0.0643,1.45,190.0,325.0,18.5
2025-10-02T07:45:00+00:00,2003.0,91.91,342.2,13.69,424.7,17.5,605.6,0.0641,1.37,190.0,325.0,16.5
2025-10-02T07:46:00+00:00,2015.4,94.28,347.4,13.62,412.4,21.6,586.0,0.0641,1.37,190.0,325.0,15.3
2025-10-02T07:47:00+00:00,1849.3,90.66,343.5,13.93,424.7,20.1,637.5,0.0624,1.30,190.0,325.0,18.0
2025-10-02T07:48:00+00:00,2124.7,92.99,349.5,13.91,431.7,17.9,617.8,0.0636,1.27,190.0,325.0,18.7
2025-10-02T07:49:00+00:00,1971.1,95.30,335.9,13.71,406.0,19.9,553.2,0.0664,1.41,190.0,325.0,16.3
2025-10-02T07:50:00+00:00,1736.8,91.12,343.7,13.64,403.5,19.6,610.6,0.0655,1.38,190.0,325.0,16.7
2025-10-02T07:51:00+00:00,1941.0,92.17,340.5,13.82,425.5,19.9,609.6,0.0674,1.24,190.0,325.0,17.9
2025-10-02T07:52:00+00:00,2064.3,92.97,347.7,13.80,395.8,20.3,567.7,0.0643,1.37,190.0,325.0,15.0
2025-10-02T07:53:00+00:00,2017.1,94.20,345.6,13.83,407.9,20.5,622.1,0.0704,1.35,190.0,325.0,17.6
2025-10-02T07:54:00+00:00,2044.2,89.47,350.2,13.75,425.4,17.0,629.6,0.0650,1.31,190.0,325.0,15.3
2025-10-02T07:55:00+00:00,2027.8,93.02,351.5,13.87,395.1,19.6,551.7,0.0697,1.32,190.0,325.0,15.0
2025-10-02T07:56:00+00:00,2004.6,94.06,352.3,13.59,406.4,17.5,615.6,0.0633,1.31,190.0,325.0,17.6
2025-10-02T07:57:00+00:00,2009.1,90.68,364.4,14.02,393.5,18.9,571.5,0.0653,1.36,190.0,325.0,16.8
2025-10-02T07:58:00+00:00,2257.0,96.75,354.0,13.93,401.6,20.2,590.5,0.0681,1.31,190.0,325.0,15.6
2025-10-02T07:59:00+00:00,1901.7,93.36,358.7,13.84,424.0,21.6,591.3,0.0627,1.31,190.0,325.0,16.5
2025-10-02T08:00:00+00:00,1992.4,90.97,352.1,13.81,402.5,20.0,573.5,0.0707,1.42,190.0,325.0,16.0
2025-10-02T08:01:00+00:00,1846.8,93.31,337.0,13.85,399.1,19.8,623.1,0.0638,1.45,190.0,325.0,17.7
2025-10-02T08:02:00+00:00,2092.7,93.73,343.1,13.72,399.4,19.8,577.3,0.0648,1.41,190.0,325.0,16.2
2025-10-02T08:03:00+00:00,2098.2,93.66,352.5,13.73,399.7,21.3,566.1,0.0679,1.43,190.0,325.0,17.5
2025-10-02T08:04:00+00:00,1971.2,96.91,343.7,13.80,383.1,18.3,593.9,0.0635,1.34,190.0,325.0,16.0
2025-10-02T08:05:00+00:00,2193.2,96.90,349.6,13.58,401.7,19.2,625.3,0.0648,1.36,190.0,325.0,15.7
2025-10-02T08:06:00+00:00,1846.9,90.83,352.2,13.55,400.1,18.4,565.2,0.0653,1.40,190.0,325.0,16.3
2025-10-02T08:07:00+00:00,2082.6,93.97,331.2,14.03,389.7,21.6,565.6,0.0667,1.45,190.0,325.0,17.4
2025-10-02T08:08:00+00:00,1956.9,91.54,365.5,13.83,421.4,21.6,644.9,0.0643,1.42,190.0,325.0,14.5
2025-10-02T08:09:00+00:00,2147.0,95.74,346.6,13.62,383.7,17.9,547.4,0.0647,1.37,190.0,325.0,16.6
2025-10-02T08:10:00+00:00,2145.6,90.52,345.8,14.25,410.0,19.0,590.7,0.0644,1.35,190.0,325.0,18.2
2025-10-02T08:11:00+00:00,1772.5,92.23,365.6,13.65,404.6,19.3,631.9,0.0612,1.22,190.0,325.0,15.2
2025-10-02T08:12:00+00:00,2267.8,93.58,341.0,13.84,410.5,20.9,602.8,0.0652,1.31,190.0,325.0,18.2
2025-10-02T08:13:00+00:00,1962.7,95.11,352.7,13.70,401.1,19.6,582.3,0.0663,1.30,190.0,325.0,14.5
2025-10-02T08:14:00+00:00,2008.8,94.11,346.4,13.69,401.8,20.6,524.5,0.0658,1.46,190.0,325.0,17.8
2025-10-02T08:15:00+00:00,2085.0,94.83,346.6,14.06,418.4,20.1,591.4,0.0634,1.28,190.0,325.0,16.7
2025-10-02T08:16:00+00:00,2024.0,92.89,337.2,13.90,417.6,18.6,656.1,0.0633,1.30,190.0,325.0,18.2
2025-10-02T08:17:00+00:00,1915.4,93.80,358.8,13.74,427.7,19.6,612.3,0.0655,1.35,190.0,325.0,15.8
2025-10-02T08:18:00+00:00,1977.1,92.99,358.3,13.56,413.7,20.6,555.1,0.0631,1.30,190.0,325.0,17.6
2025-10-02T08:19:00+00:00,1964.0,92.39,346.6,13.93,417.3,19.6,647.7,0.0660,1.27,190.0,325.0,17.5
2025-10-02T08:20:00+00:00,2046.1,90.54,356.7,13.81,410.1,20.8,637.0,0.0633,1.29,190.0,325.0,17.0
2025-10-02T08:21:00+00:00,2123.3,92.46,354.4,13.82,409.9,18.8,608.9,0.0638,1.31,190.0,325.0,16.4
2025-10-02T08:22:00+00:00,2053.6,94.84,342.7,13.81,434.5,17.7,554.4,0.0666,1.34,190.0,325.0,16.7
2025-10-02T08:23:00+00:00,2192.1,93.87,337.2,13.87,419.3,17.7,602.0,0.0650,1.32,190.0,325.0,16.2
2025-10-02T08:24:00+00:00,2121.4,91.43,333.8,13.31,417.9,18.5,597.8,0.0713,1.34,190.0,325.0,17.8
2025-10-02T08:25:00+00:00,2065.7,93.12,350.4,13.77,404.8,16.5,624.1,0.0644,1.38,190.0,325.0,16.9
2025-10-02T08:26:00+00:00,2072.1,93.13,357.5,13.89,405.5,19.4,582.7,0.0643,1.36,190.0,325.0,17.9
2025-10-02T08:27:00+00:00,2257.1,93.52,363.7,13.74,432.3,20.5,641.8,0.0648,1.31,190.0,325.0,16.7
2025-10-02T08:28:00+00:00,1855.3,93.47,349.4,13.69,399.8,15.9,653.6,0.0629,1.34,190.0,325.0,16.3
2025-10-02T08:29:00+00:00,1899.5,91.01,350.2,13.94,404.0,15.0,629.7,0.0692,1.28,190.0,325.0,16.1
2025-10-02T08:30:00+00:00,2316.1,95.82,334.6,13.77,409.4,19.9,653.3,0.0720,1.37,190.0,325.0,17.4
2025-10-02T08:31:00+00:00,2159.2,93.86,346.4,13.97,402.1,17.0,645.0,0.0638,1.28,190.0,325.0,17.0
2025-10-02T08:32:00+00:00,2183.2,94.27,365.5,13.92,411.3,21.8,656.6,0.0654,1.42,190.0,325.0,18.3
2025-10-02T08:33:00+00:00,1867.2,92.75,341.7,14.23,433.6,19.8,642.2,0.0694,1.37,190.0,325.0,15.2
2025-10-02T08:34:00+00:00,2160.3,94.53,346.4,13.64,423.4,18.9,581.0,0.0647,1.36,190.0,325.0,19.1
2025-10-02T08:35:00+00:00,1990.9,93.79,342.7,13.70,398.3,18.9,584.1,0.0637,1.35,190.0,325.0,18.0
2025-10-02T08:36:00+00:00,2138.0,94.01,338.9,13.88,399.5,19.7,555.9,0.0640,1.30,190.0,325.0,17.4
2025-10-02T08:37:00+00:00,2032.1,91.96,355.3,13.86,411.9,19.0,623.1,0.0656,1.43,190.0,325.0,16.2
2025-10-02T08:38:00+00:00,2027.4,92.51,349.0,14.05,442.8,18.2,591.5,0.0727,1.39,190.0,325.0,17.2
2025-10-02T08:39:00+00:00,2010.3,93.07,343.8,13.86,402.4,21.8,601.3,0.0662,1.32,190.0,325.0,17.1
2025-10-02T08:40:00+00:00,863.1,88.64,361.5,13.63,366.5,16.7,574.9,0.0596,1.33,190.0,325.0,17.1
2025-10-02T08:41:00+00:00,907.6,89.82,353.1,13.84,399.1,19.1,578.8,0.0578,1.28,190.0,325.0,18.0
2025-10-02T08:42:00+00:00,785.1,90.28,357.6,13.94,348.6,19.6,485.4,0.0574,1.34,190.0,325.0,16.8
2025-10-02T08:43:00+00:00,1059.4,90.05,351.2,13.76,383.0,18.9,575.6,0.0630,1.34,190.0,325.0,19.3
2025-10-02T08:44:00+00:00,1067.8,92.23,356.9,13.88,415.4,18.7,570.9,0.0588,1.37,190.0,325.0,15.8
2025-10-02T08:45:00+00:00,1096.5,93.56,364.0,13.81,396.4,17.7,593.8,0.0628,1.33,190.0,325.0,15.4
2025-10-02T08:46:00+00:00,868.5,89.73,338.0,13.83,367.7,16.6,575.0,0.0579,1.37,190.0,325.0,15.1
2025-10-02T08:47:00+00:00,906.5,92.39,368.5,13.82,384.7,20.2,591.8,0.0566,1.23,190.0,325.0,18.6
2025-10-02T08:48:00+00:00,983.2,92.12,369.1,13.75,377.1,19.6,562.9,0.0579,1.32,190.0,325.0,16.8
2025-10-02T08:49:00+00:00,1000.2,88.80,347.9,13.83,370.1,19.6,536.2,0.0580,1.31,190.0,325.0,15.5
2025-10-02T08:50:00+00:00,717.2,88.91,357.6,13.65,397.7,21.0,553.5,0.0581,1.32,190.0,325.0,15.8
2025-10-02T08:51:00+00:00,1034.8,88.34,354.8,13.80,358.3,20.0,511.4,0.0649,1.37,190.0,325.0,14.9
2025-10-02T08:52:00+00:00,1116.4,88.62,353.9,13.88,387.3,19.3,532.0,0.0603,1.27,190.0,325.0,16.6
2025-10-02T14:00:00+00:00,874.3,90.13,355.3,13.72,353.6,21.4,607.7,0.0675,1.31,190.0,325.0,16.7
2025-10-02T14:01:00+00:00,1039.7,91.44,352.9,13.84,376.8,18.9,574.0,0.0661,1.35,190.0,325.0,16.7
2025-10-02T14:02:00+00:00,840.5,89.50,365.2,13.88,387.1,19.4,594.1,0.0698,1.32,190.0,325.0,16.6
2025-10-02T14:03:00+00:00,1074.9,89.90,342.6,13.59,398.6,19.3,544.5,0.0588,1.36,190.0,325.0,16.3
2025-10-02T14:04:00+00:00,942.7,88.96,368.5,14.02,393.8,20.5,566.8,0.0657,1.35,190.0,325.0,17.6
2025-10-02T14:05:00+00:00,921.1,91.04,351.4,13.91,379.1,20.6,557.0,0.0574,1.32,190.0,325.0,15.1
2025-10-02T14:06:00+00:00,986.6,87.34,355.4,13.56,370.0,19.7,584.6,0.0582,1.33,190.0,325.0,16.6
2025-10-02T14:07:00+00:00,959.0,89.43,346.7,14.03,375.7,20.1,564.7,0.0585,1.40,190.0,325.0,16.5
2025-10-02T14:08:00+00:00,1067.8,90.58,349.7,13.87,383.8,19.0,543.3,0.0593,1.40,190.0,325.0,16.2
2025-10-02T14:09:00+00:00,1048.4,90.18,360.7,14.08,380.4,21.6,592.0,0.0582,1.31,190.0,325.0,18.1
2025-10-02T14:10:00+00:00,1032.2,89.03,366.4,13.80,389.8,22.0,516.1,0.0622,1.38,190.0,325.0,14.8
2025-10-02T14:11:00+00:00,933.5,89.77,350.6,13.71,377.6,19.0,557.2,0.0581,1.37,190.0,325.0,15.7
2025-10-02T14:12:00+00:00,1149.2,93.42,350.9,13.71,388.9,20.2,547.5,0.0646,1.29,190.0,325.0,15.8
2025-10-02T14:13:00+00:00,1921.5,91.76,363.0,13.89,403.5,18.5,613.2,0.0685,1.29,190.0,325.0,15.9
2025-10-02T14:14:00+00:00,2175.6,92.08,333.6,13.79,426.3,20.6,526.0,0.0736,1.22,190.0,325.0,16.2
2025-10-02T14:15:00+00:00,2230.8,95.39,351.2,13.75,435.3,23.3,611.6,0.0658,1.29,190.0,325.0,16.9
2025-10-02T14:16:00+00:00,2101.6,94.49,351.3,13.69,406.6,20.1,582.1,0.0630,1.22,190.0,325.0,16.0
2025-10-02T14:17:00+00:00,2018.4,91.57,352.8,13.49,409.8,19.5,582.7,0.0668,1.33,190.0,325.0,16.4
2025-10-02T14:18:00+00:00,1990.5,94.16,344.9,13.76,410.8,20.3,618.4,0.0641,1.39,190.0,325.0,17.0
2025-10-02T14:19:00+00:00,2107.5,93.86,349.2,13.75,383.9,15.9,610.6,0.0675,1.39,190.0,325.0,16.7
2025-10-02T14:20:00+00:00,2014.6,92.89,333.7,13.54,402.6,19.9,601.7,0.0700,1.34,190.0,325.0,16.6
2025-10-02T14:21:00+00:00,2034.3,93.23,359.5,13.78,422.0,21.0,601.0,0.0649,1.37,190.0,325.0,15.9
2025-10-02T14:22:00+00:00,2061.9,93.72,341.8,13.82,406.8,20.4,588.6,0.0642,1.36,190.0,325.0,15.0
2025-10-02T14:23:00+00:00,2091.4,91.73,347.4,13.99,407.3,18.6,569.3,0.0675,1.26,190.0,325.0,18.2
2025-10-02T14:24:00+00:00,2033.6,95.38,346.9,13.80,422.7,17.3,625.4,0.0674,1.40,190.0,325.0,14.7
2025-10-02T14:25:00+00:00,1805.1,93.60,349.2,13.80,421.3,18.8,581.1,0.0627,1.35,190.0,325.0,16.6
2025-10-02T14:26:00+00:00,2052.0,93.28,346.6,13.63,399.9,19.1,636.5,0.0657,1.38,190.0,325.0,15.6
2025-10-02T14:27:00+00:00,2184.7,92.83,344.9,13.58,426.6,20.0,578.0,0.0649,1.36,190.0,325.0,15.3
2025-10-02T14:28:00+00:00,2164.0,90.96,344.3,13.94,419.8,19.0,628.9,0.0682,1.30,190.0,325.0,15.6
2025-10-02T14:29:00+00:00,2133.3,93.49,365.8,13.80,411.2,17.2,585.4,0.0683,1.39,190.0,325.0,17.0
2025-10-02T14:30:00+00:00,2138.9,92.85,343.9,13.73,410.0,18.1,610.4,0.0713,1.30,190.0,325.0,17.2
2025-10-02T14:31:00+00:00,2019.4,91.45,345.0,13.83,405.8,19.1,617.9,0.0716,1.39,190.0,325.0,14.8
2025-10-02T14:32:00+00:00,2049.1,92.20,355.0,13.65,398.9,23.1,605.4,0.0644,1.36,190.0,325.0,16.1
2025-10-02T14:33:00+00:00,2086.3,95.08,350.9,14.03,410.8,18.7,571.4,0.0642,1.35,190.0,325.0,17.0
2025-10-02T14:34:00+00:00,2053.9,93.81,356.6,13.93,392.9,19.9,628.5,0.0674,1.29,190.0,325.0,15.1
2025-10-02T14:35:00+00:00,2014.1,93.30,356.8,13.87,409.5,21.6,592.0,0.0668,1.40,190.0,325.0,19.0
2025-10-02T14:36:00+00:00,2012.7,93.27,359.3,13.82,401.4,22.1,586.1,0.0637,1.33,190.0,325.0,18.2
2025-10-02T14:37:00+00:00,1736.2,93.69,358.0,13.61,411.3,16.1,647.8,0.0626,1.37,190.0,325.0,15.6
2025-10-02T14:38:00+00:00,2167.3,95.06,343.7,13.69,436.0,20.7,666.2,0.0651,1.33,190.0,325.0,17.2
2025-10-02T14:39:00+00:00,1934.8,94.29,354.0,13.65,421.6,19.7,546.3,0.0629,1.30,190.0,325.0,15.1
2025-10-02T14:40:00+00:00,2212.9,97.58,348.1,13.83,431.7,21.1,624.1,0.0650,1.35,190.0,325.0,17.3
2025-10-02T14:41:00+00:00,2099.8,94.14,351.6,13.81,430.7,18.0,633.5,0.0703,1.36,190.0,325.0,15.1
2025-10-02T14:42:00+00:00,2156.9,97.62,354.4,13.99,401.3,17.9,613.4,0.0663,1.26,190.0,325.0,17.0
2025-10-02T14:43:00+00:00,2190.6,91.90,348.2,13.74,435.3,18.8,600.1,0.0686,1.33,190.0,325.0,16.7
2025-10-02T14:44:00+00:00,2038.5,93.57,349.8,13.69,415.6,17.5,581.1,0.0672,1.27,190.0,325.0,15.6
2025-10-02T14:45:00+00:00,2005.0,91.15,354.1,13.70,413.9,20.5,557.1,0.0652,1.30,190.0,325.0,16.5
2025-10-02T14:46:00+00:00,1950.9,92.83,349.5,13.74,411.8,20.6,603.6,0.0641,1.32,190.0,325.0,16.1
2025-10-02T14:47:00+00:00,2048.1,92.01,352.2,13.73,421.7,17.8,603.2,0.0662,1.38,190.0,325.0,17.0
2025-10-02T14:48:00+00:00,1933.5,93.47,346.1,13.95,426.4,19.9,564.0,0.0698,1.33,190.0,325.0,17.3
2025-10-02T14:49:00+00:00,2054.9,93.56,358.5,13.91,406.8,18.8,558.5,0.0640,1.33,190.0,325.0,16.1
2025-10-02T14:50:00+00:00,2063.4,94.94,337.1,13.74,388.0,17.2,624.2,0.0641,1.35,190.0,325.0,16.1
2025-10-02T14:51:00+00:00,1920.1,93.66,358.2,13.81,415.4,19.7,606.7,0.0631,1.33,190.0,325.0,16.5
2025-10-02T14:52:00+00:00,1835.5,91.26,349.4,13.77,415.0,21.8,601.5,0.0681,1.42,190.0,325.0,16.8
2025-10-02T14:53:00+00:00,1972.5,95.18,349.6,13.64,405.9,16.5,638.6,0.0679,1.34,190.0,325.0,17.4
2025-10-02T14:54:00+00:00,1963.5,93.91,352.7,13.61,404.3,19.6,583.3,0.0641,1.33,190.0,325.0,16.5
2025-10-02T14:55:00+00:00,1926.8,92.43,340.7,13.88,409.6,19.9,609.8,0.0683,1.41,190.0,325.0,16.6
2025-10-02T14:56:00+00:00,2056.4,93.30,351.1,13.94,397.2,21.2,649.5,0.0659,1.36,190.0,325.0,18.0
2025-10-02T14:57:00+00:00,1957.3,92.32,358.1,13.95,398.4,20.6,564.5,0.0635,1.36,190.0,325.0,17.8
2025-10-02T14:58:00+00:00,1873.0,94.35,352.3,14.22,387.6,19.1,618.0,0.0633,1.38,190.0,325.0,17.2
2025-10-02T14:59:00+00:00,2074.2,92.78,343.9,13.75,428.2,20.4,615.2,0.0735,1.34,190.0,325.0,15.9
2025-10-02T15:00:00+00:00,2056.1,92.57,357.6,13.72,416.8,18.5,574.4,0.0640,1.35,190.0,325.0,17.5
2025-10-02T15:01:00+00:00,1879.1,91.01,341.3,13.87,392.2,18.1,611.2,0.0729,1.31,190.0,325.0,18.3
2025-10-02T15:02:00+00:00,2487.3,96.48,356.7,13.82,421.6,19.5,591.6,0.0667,1.38,190.0,325.0,17.0
2025-10-02T15:03:00+00:00,2136.7,93.54,349.3,13.59,420.6,18.1,644.4,0.0639,1.29,190.0,325.0,15.3
2025-10-02T15:04:00+00:00,1927.5,94.91,333.8,13.68,398.1,20.6,614.5,0.0635,1.29,190.0,325.0,18.0
2025-10-02T15:05:00+00:00,2561.9,96.08,348.8,13.93,419.3,20.1,633.1,0.0693,1.34,190.0,325.0,15.2
2025-10-02T15:06:00+00:00,2010.6,93.97,337.7,13.60,414.0,17.9,619.6,0.0636,1.34,190.0,325.0,15.4
2025-10-02T15:07:00+00:00,2164.2,93.28,346.4,14.11,411.8,19.4,619.7,0.0728,1.25,190.0,325.0,16.6
2025-10-02T15:08:00+00:00,1932.5,93.97,344.9,13.81,396.7,17.5,575.2,0.0660,1.31,190.0,325.0,16.3
2025-10-02T15:09:00+00:00,1926.5,94.73,341.4,13.96,394.0,18.2,615.9,0.0651,1.36,190.0,325.0,18.1
2025-10-02T15:10:00+00:00,1827.3,91.78,362.4,13.80,400.8,18.4,631.9,0.0651,1.36,190.0,325.0,16.9
2025-10-02T15:11:00+00:00,1996.4,91.94,345.0,13.80,410.2,19.4,607.0,0.0640,1.37,190.0,325.0,18.5
2025-10-02T15:12:00+00:00,1847.5,91.82,353.7,13.63,429.2,21.6,586.4,0.0694,1.34,190.0,325.0,15.8
2025-10-02T15:13:00+00:00,2058.1,90.74,345.2,14.04,446.2,18.6,585.0,0.0701,1.32,190.0,325.0,17.3
2025-10-02T15:14:00+00:00,1950.6,92.21,339.4,13.67,407.2,19.7,530.2,0.0635,1.35,190.0,325.0,16.0
2025-10-02T15:15:00+00:00,2076.3,94.49,357.0,13.89,413.6,20.0,631.5,0.0662,1.32,190.0,325.0,14.6
2025-10-02T15:16:00+00:00,1765.7,92.40,351.9,13.54,408.9,18.5,579.3,0.0629,1.39,190.0,325.0,17.0
2025-10-02T15:17:00+00:00,2038.8,93.90,349.7,13.39,419.1,19.5,615.1,0.0624,1.19,190.0,325.0,17.7
2025-10-02T15:18:00+00:00,2046.7,94.64,342.3,13.87,401.9,21.0,639.4,0.0691,1.37,190.0,325.0,15.4
2025-10-02T15:19:00+00:00,2484.8,95.83,343.3,13.90,414.2,20.4,701.0,0.0662,1.34,190.0,325.0,17.0
2025-10-02T15:20:00+00:00,1994.9,94.78,350.5,13.77,398.4,19.2,598.8,0.0631,1.29,190.0,325.0,16.2
2025-10-02T15:21:00+00:00,1922.2,92.60,342.7,13.84,415.3,17.4,649.0,0.0628,1.31,190.0,325.0,15.1
2025-10-02T15:22:00+00:00,2479.7,95.33,340.8,13.88,419.3,19.0,587.9,0.0667,1.37,190.0,325.0,18.9
2025-10-02T15:23:00+00:00,2399.2,94.24,351.6,13.72,422.0,17.4,661.7,0.0658,1.34,190.0,325.0,16.2
2025-10-02T15:24:00+00:00,2062.2,91.99,343.3,13.95,424.1,19.2,608.5,0.0658,1.37,190.0,325.0,15.5
2025-10-02T15:25:00+00:00,2007.7,93.16,347.4,13.37,391.1,19.2,615.6,0.0678,1.30,190.0,325.0,17.5
2025-10-02T15:26:00+00:00,2400.9,95.03,345.9,13.75,429.2,20.0,602.1,0.0653,1.22,190.0,325.0,17.0
2025-10-02T15:27:00+00:00,2071.7,92.98,347.4,13.61,395.6,20.9,664.4,0.0646,1.41,190.0,325.0,17.0
2025-10-02T15:28:00+00:00,1934.1,93.66,345.1,14.02,400.7,18.9,583.5,0.0627,1.29,190.0,325.0,16.9
2025-10-02T15:29:00+00:00,2504.1,93.67,333.1,13.84,423.1,21.0,620.6,0.0666,1.37,190.0,325.0,17.3
2025-10-02T15:30:00+00:00,2197.0,94.53,346.1,13.91,412.1,19.8,567.1,0.0653,1.40,190.0,325.0,16.7
2025-10-02T15:31:00+00:00,1954.5,93.41,341.4,13.89,404.0,19.8,577.0,0.0638,1.37,190.0,325.0,18.1
2025-10-02T15:32:00+00:00,1998.7,95.35,346.6,13.81,417.5,20.6,587.5,0.0624,1.22,190.0,325.0,17.3
2025-10-02T15:33:00+00:00,2062.4,92.10,356.2,13.82,397.8,21.2,648.4,0.0662,1.31,190.0,325.0,16.1
2025-10-02T15:34:00+00:00,1943.4,93.52,353.3,13.64,410.3,22.7,624.2,0.0628,1.28,190.0,325.0,16.8
2025-10-02T15:35:00+00:00,2100.2,93.07,356.8,13.72,417.6,20.5,640.9,0.0703,1.38,190.0,325.0,13.9
2025-10-02T15:36:00+00:00,2164.7,92.91,345.2,13.84,392.0,20.8,593.2,0.0648,1.37,190.0,325.0,16.9
2025-10-02T15:37:00+00:00,1942.0,92.96,353.4,13.77,417.5,20.7,632.7,0.0630,1.30,190.0,325.0,16.4
2025-10-02T15:38:00+00:00,2168.6,93.00,350.2,13.79,393.7,22.3,655.0,0.0784,1.33,190.0,325.0,16.3
2025-10-02T15:39:00+00:00,2053.3,95.47,353.6,13.57,409.3,19.0,636.3,0.0679,1.42,190.0,325.0,14.8
2025-10-02T15:40:00+00:00,2016.9,94.17,353.4,14.13,424.8,21.5,586.3,0.0634,1.32,190.0,325.0,17.9
2025-10-02T15:41:00+00:00,1982.1,94.62,334.5,14.00,401.2,19.7,617.6,0.0630,1.29,190.0,325.0,16.6
2025-10-02T15:42:00+00:00,1796.7,93.42,332.6,13.86,413.8,20.9,568.5,0.0614,1.23,190.0,325.0,15.8
2025-10-02T15:43:00+00:00,2038.4,91.65,358.5,13.75,427.8,19.4,657.6,0.0701,1.38,190.0,325.0,15.2
2025-10-02T15:44:00+00:00,1854.0,94.72,357.1,13.80,416.8,17.7,627.3,0.0773,1.33,190.0,325.0,16.1
2025-10-02T15:45:00+00:00,1946.4,94.51,344.4,13.76,410.6,18.3,629.2,0.0627,1.27,190.0,325.0,16.6
2025-10-02T15:46:00+00:00,2172.8,93.04,360.2,13.65,393.0,16.1,635.9,0.0647,1.36,190.0,325.0,16.5
2025-10-02T15:47:00+00:00,2214.4,92.38,354.7,13.83,418.9,18.6,612.4,0.0649,1.37,190.0,325.0,17.7
2025-10-02T15:48:00+00:00,2071.3,94.08,350.3,13.99,409.1,20.3,620.3,0.0646,1.39,190.0,325.0,15.6
2025-10-02T15:49:00+00:00,2074.1,92.65,354.2,13.71,417.0,17.2,593.5,0.0640,1.34,190.0,325.0,15.3
2025-10-02T15:50:00+00:00,2133.0,92.61,359.3,13.67,398.8,16.6,616.6,0.0675,1.36,190.0,325.0,16.8
2025-10-02T15:51:00+00:00,2044.6,93.17,360.7,13.80,397.7,16.6,587.3,0.0636,1.31,190.0,325.0,18.7
2025-10-02T15:52:00+00:00,2226.7,94.15,360.9,14.00,438.6,18.0,633.1,0.0698,1.31,190.0,325.0,15.6
2025-10-02T15:53:00+00:00,1961.4,92.51,351.2,13.77,393.7,17.3,620.1,0.0627,1.28,190.0,325.0,16.0
2025-10-02T15:54:00+00:00,2151.1,94.19,353.0,13.74,419.9,21.6,634.5,0.0652,1.38,190.0,325.0,16.5
2025-10-02T15:55:00+00:00,1981.9,92.48,360.5,13.51,398.0,19.7,597.7,0.0685,1.29,190.0,325.0,18.3
2025-10-02T15:56:00+00:00,2068.4,95.36,355.4,13.54,427.5,18.8,619.8,0.0662,1.27,190.0,325.0,16.4
2025-10-02T15:57:00+00:00,2064.4,94.40,350.3,13.73,428.7,17.2,621.2,0.0692,1.31,190.0,325.0,15.3
2025-10-02T15:58:00+00:00,2158.3,93.35,354.9,14.05,417.8,19.6,620.5,0.0645,1.33,190.0,325.0,16.9
2025-10-02T15:59:00+00:00,2030.0,94.85,332.4,13.93,408.3,19.1,623.6,0.0639,1.35,190.0,325.0,16.2
2025-10-02T16:00:00+00:00,2215.8,95.63,344.4,13.74,424.7,19.4,610.3,0.0727,1.38,190.0,325.0,19.0
2025-10-02T16:01:00+00:00,1855.3,92.32,339.0,13.83,391.3,19.5,608.0,0.0632,1.38,190.0,325.0,15.9
2025-10-02T16:02:00+00:00,2100.0,92.86,356.1,13.79,417.1,18.2,627.8,0.0752,1.31,190.0,325.0,15.5
2025-10-02T16:03:00+00:00,1901.4,90.74,359.9,13.90,397.9,18.6,515.9,0.0631,1.34,190.0,325.0,16.5
2025-10-02T16:04:00+00:00,2075.0,91.63,345.4,13.67,409.3,19.3,587.3,0.0659,1.41,190.0,325.0,16.1
2025-10-02T16:05:00+00:00,1802.6,92.79,360.2,13.87,417.9,19.8,573.6,0.0641,1.38,190.0,325.0,17.6
2025-10-02T16:06:00+00:00,2057.6,92.75,351.7,13.77,415.3,23.4,632.3,0.0635,1.31,190.0,325.0,15.1
2025-10-02T16:07:00+00:00,1945.8,94.13,346.3,13.73,393.5,19.3,588.8,0.0628,1.27,190.0,325.0,17.0
2025-10-02T16:08:00+00:00,2045.6,92.44,357.9,13.61,420.2,18.5,578.3,0.0633,1.28,190.0,325.0,16.4
2025-10-02T16:09:00+00:00,1864.9,92.88,357.4,13.79,377.4,19.2,596.6,0.0628,1.31,190.0,325.0,18.0
2025-10-02T16:10:00+00:00,1790.9,96.49,343.6,13.87,400.4,18.7,599.4,0.0638,1.35,190.0,325.0,14.9
2025-10-02T16:11:00+00:00,1937.1,93.74,341.0,13.76,420.3,20.0,637.7,0.0627,1.30,190.0,325.0,15.6
2025-10-02T16:12:00+00:00,1885.5,91.20,350.3,13.79,397.4,18.3,532.0,0.0624,1.28,190.0,325.0,16.6
2025-10-02T16:13:00+00:00,1949.3,93.45,357.7,13.83,373.8,20.8,583.5,0.0672,1.32,190.0,325.0,15.5
2025-10-02T16:14:00+00:00,1842.0,92.46,344.2,13.84,412.0,16.9,594.3,0.0631,1.37,190.0,325.0,16.4
2025-10-02T16:15:00+00:00,2211.8,96.36,338.1,13.38,417.5,20.9,594.3,0.0659,1.38,190.0,325.0,16.3
2025-10-02T16:16:00+00:00,2262.4,92.99,352.2,13.68,417.9,19.6,619.6,0.0688,1.34,190.0,325.0,15.3
2025-10-02T16:17:00+00:00,2015.6,94.10,359.6,13.76,416.1,18.9,586.2,0.0636,1.32,190.0,325.0,16.5
2025-10-02T16:18:00+00:00,2029.0,91.31,363.0,13.84,433.1,18.4,589.3,0.0639,1.35,190.0,325.0,16.8
2025-10-02T16:19:00+00:00,1997.5,91.33,355.0,13.78,390.4,20.1,593.3,0.0642,1.41,190.0,325.0,18.4
2025-10-02T16:20:00+00:00,2128.4,92.53,355.6,13.85,413.3,18.2,571.3,0.0641,1.33,190.0,325.0,16.9
2025-10-02T16:21:00+00:00,1014.7,90.34,351.7,13.94,380.3,19.6,555.1,0.0616,1.40,190.0,325.0,14.3
2025-10-02T16:22:00+00:00,949.0,89.32,350.9,13.89,372.9,17.3,583.6,0.0587,1.41,190.0,325.0,17.3
2025-10-02T16:23:00+00:00,1130.2,90.79,344.4,13.46,373.0,21.9,546.0,0.0653,1.32,190.0,325.0,17.0
2025-10-02T16:24:00+00:00,927.0,89.51,357.6,13.69,357.1,17.3,565.3,0.0606,1.40,190.0,325.0,16.8
2025-10-02T16:25:00+00:00,788.2,87.44,358.8,13.67,373.3,21.6,525.9,0.0584,1.36,190.0,325.0,16.2
2025-10-02T16:26:00+00:00,1108.0,87.99,352.6,13.97,358.7,18.7,514.2,0.0578,1.24,190.0,325.0,18.4
2025-10-02T16:27:00+00:00,1083.8,91.47,346.5,13.80,367.5,17.9,581.0,0.0596,1.42,190.0,325.0,15.9
2025-10-02T16:28:00+00:00,1075.5,93.24,353.1,13.72,375.1,18.9,558.3,0.0625,1.37,190.0,325.0,16.2
2025-10-02T16:29:00+00:00,900.2,88.37,362.8,13.64,361.6,19.7,577.4,0.0578,1.35,190.0,325.0,17.0
2025-10-02T16:30:00+00:00,919.5,87.09,354.1,13.83,379.5,16.6,516.1,0.0572,1.27,190.0,325.0,17.1
2025-10-02T16:31:00+00:00,1055.2,90.26,356.6,13.84,387.8,20.9,544.7,0.0617,1.36,190.0,325.0,15.0
2025-10-02T16:32:00+00:00,1066.6,92.23,357.3,13.74,375.6,18.9,545.2,0.0720,1.27,190.0,325.0,15.6
2025-10-03T06:00:00+00:00,874.9,92.17,354.7,13.72,383.3,19.9,522.1,0.0558,0.68,263.4,218.4,12.3
2025-10-03T06:01:00+00:00,943.0,91.87,341.7,13.82,353.3,20.0,622.4,0.0540,0.66,263.4,218.4,12.6
2025-10-03T06:02:00+00:00,957.9,90.70,359.1,13.74,388.5,20.9,556.4,0.0531,0.76,263.4,218.4,12.2
2025-10-03T06:03:00+00:00,969.0,90.22,361.7,13.88,377.3,20.4,527.4,0.0519,0.72,263.4,218.4,12.4
2025-10-03T06:04:00+00:00,1005.0,90.23,363.5,13.83,415.2,18.3,569.2,0.0523,0.73,263.4,218.4,13.0
2025-10-03T06:05:00+00:00,989.4,92.33,355.5,13.98,383.0,20.0,576.2,0.0510,0.63,263.4,218.4,11.5
2025-10-03T06:06:00+00:00,930.6,87.68,352.9,13.82,373.1,19.3,572.5,0.0525,0.81,263.4,218.4,11.1
2025-10-03T06:07:00+00:00,1113.4,89.25,365.6,13.56,376.8,18.9,534.3,0.0530,0.76,263.4,218.4,12.3
2025-10-03T06:08:00+00:00,925.1,91.55,362.9,13.67,357.7,16.8,576.2,0.0512,0.68,263.4,218.4,14.1
2025-10-03T06:09:00+00:00,786.6,92.46,355.3,13.80,357.7,19.0,519.8,0.0551,0.78,263.4,218.4,12.8
2025-10-03T06:10:00+00:00,1119.9,87.19,359.1,13.96,394.0,18.7,584.3,0.0535,0.78,263.4,218.4,11.0
2025-10-03T06:11:00+00:00,2088.8,94.48,342.7,13.84,394.6,19.9,611.0,0.0624,0.74,263.4,218.4,11.5
2025-10-03T06:12:00+00:00,2069.9,92.21,346.6,13.65,426.7,19.4,626.0,0.0631,0.73,263.4,218.4,12.9
2025-10-03T06:13:00+00:00,1893.4,92.17,364.0,13.73,387.2,18.3,549.9,0.0561,0.66,263.4,218.4,11.1
2025-10-03T06:14:00+00:00,1920.9,94.80,359.2,13.82,390.2,20.9,563.4,0.0578,0.80,263.4,218.4,11.5
2025-10-03T06:15:00+00:00,2095.8,96.05,329.4,13.77,412.1,20.1,606.6,0.0683,0.76,263.4,218.4,12.9
2025-10-03T06:16:00+00:00,2024.0,95.39,340.7,13.80,387.6,20.6,586.2,0.0608,0.72,263.4,218.4,13.4
2025-10-03T06:17:00+00:00,2004.5,93.05,362.7,14.03,385.3,21.4,636.3,0.0578,0.75,263.4,218.4,11.5
2025-10-03T06:18:00+00:00,2013.1,92.54,351.5,14.14,415.1,16.7,580.8,0.0583,0.82,263.4,218.4,13.8
2025-10-03T06:19:00+00:00,1790.2,92.52,352.0,14.09,401.8,18.4,608.1,0.0569,0.78,263.4,218.4,11.4
2025-10-03T06:20:00+00:00,2102.2,97.16,356.2,14.10,389.1,18.2,611.9,0.0582,0.68,263.4,218.4,11.3
2025-10-03T06:21:00+00:00,2064.4,94.21,360.4,13.81,408.5,18.5,657.5,0.0569,0.65,263.4,218.4,12.0
2025-10-03T06:22:00+00:00,2100.6,96.02,338.0,13.94,400.9,18.0,626.8,0.0582,0.73,263.4,218.4,13.1
2025-10-03T06:23:00+00:00,2033.8,92.42,348.0,13.64,405.0,21.3,573.5,0.0574,0.70,263.4,218.4,13.6
2025-10-03T06:24:00+00:00,1851.1,95.17,360.8,13.99,388.4,19.0,594.7,0.0653,0.73,263.4,218.4,13.4
2025-10-03T06:25:00+00:00,1833.9,93.09,353.6,13.73,400.8,19.8,544.6,0.0566,0.68,263.4,218.4,13.3
2025-10-03T06:26:00+00:00,1845.5,93.09,353.3,13.87,408.0,21.2,632.7,0.0596,0.68,263.4,218.4,13.8
2025-10-03T06:27:00+00:00,2033.0,94.32,364.1,13.74,425.4,20.0,645.9,0.0579,0.75,263.4,218.4,12.7
2025-10-03T06:28:00+00:00,2052.3,94.18,351.2,13.58,422.1,20.4,675.1,0.0578,0.73,263.4,218.4,11.7
2025-10-03T06:29:00+00:00,2130.6,93.05,351.9,13.85,406.1,19.8,602.1,0.0585,0.76,263.4,218.4,12.0
2025-10-03T06:30:00+00:00,1947.1,93.68,359.5,13.87,406.4,20.7,585.1,0.0560,0.61,263.4,218.4,15.4
2025-10-03T06:31:00+00:00,2090.0,92.74,347.8,13.94,438.3,21.2,598.4,0.0684,0.68,263.4,218.4,11.9
2025-10-03T06:32:00+00:00,1998.9,93.36,342.2,14.05,422.6,19.7,538.5,0.0581,0.79,263.4,218.4,12.3
2025-10-03T06:33:00+00:00,1849.2,91.75,357.5,13.77,394.3,19.1,576.7,0.0575,0.82,263.4,218.4,12.6
2025-10-03T06:34:00+00:00,1987.4,93.62,350.4,13.79,402.3,20.0,596.1,0.0660,0.75,263.4,218.4,12.8
2025-10-03T06:35:00+00:00,1962.0,93.13,343.2,14.05,408.8,20.3,617.8,0.0585,0.72,263.4,218.4,13.1
2025-10-03T06:36:00+00:00,1863.8,92.73,333.4,13.79,413.7,19.5,545.5,0.0570,0.76,263.4,218.4,11.7
2025-10-03T06:37:00+00:00,1896.7,93.60,338.3,13.67,415.1,20.7,612.8,0.0645,0.76,263.4,218.4,13.2
2025-10-03T06:38:00+00:00,1873.2,91.61,338.5,13.94,409.0,20.0,585.5,0.0570,0.74,263.4,218.4,12.3
2025-10-03T06:39:00+00:00,2102.5,93.59,344.8,13.56,423.8,19.7,661.8,0.0686,0.66,263.4,218.4,12.8
2025-10-03T06:40:00+00:00,2046.3,93.09,352.0,13.72,417.5,22.2,612.0,0.0614,0.76,263.4,218.4,13.2
2025-10-03T06:41:00+00:00,1982.6,94.44,343.2,13.74,389.1,18.9,606.2,0.0594,0.63,263.4,218.4,12.5
2025-10-03T06:42:00+00:00,2085.6,93.19,360.3,14.03,414.8,17.6,604.2,0.0577,0.70,263.4,218.4,13.4
2025-10-03T06:43:00+00:00,1973.5,97.07,352.1,13.91,401.2,22.2,592.2,0.0602,0.74,263.4,218.4,12.3
2025-10-03T06:44:00+00:00,2071.7,92.57,345.4,13.91,422.3,18.3,542.1,0.0587,0.80,263.4,218.4,9.6
2025-10-03T06:45:00+00:00,1899.9,94.09,350.9,13.84,408.0,16.7,602.5,0.0573,0.76,263.4,218.4,12.5
2025-10-03T06:46:00+00:00,1959.3,94.60,348.1,13.95,413.3,19.5,623.4,0.0564,0.64,263.4,218.4,12.1
2025-10-03T06:47:00+00:00,1724.7,94.98,346.9,13.93,398.5,20.1,578.8,0.0555,0.67,263.4,218.4,13.2
2025-10-03T06:48:00+00:00,2103.1,94.00,353.2,13.42,438.4,17.4,563.6,0.0571,0.64,263.4,218.4,12.9
2025-10-03T06:49:00+00:00,1949.9,94.35,336.8,13.76,394.6,17.7,601.3,0.0603,0.67,263.4,218.4,13.4
2025-10-03T06:50:00+00:00,1899.6,92.13,368.3,13.91,406.4,18.4,559.9,0.0568,0.70,263.4,218.4,14.5
2025-10-03T06:51:00+00:00,2013.5,93.77,343.5,13.75,421.3,20.0,613.4,0.0564,0.61,263.4,218.4,11.4
2025-10-03T06:52:00+00:00,2529.9,95.07,348.0,13.91,432.4,18.6,636.0,0.0614,0.83,263.4,218.4,13.2
2025-10-03T06:53:00+00:00,2111.2,93.78,342.5,13.94,408.3,17.2,564.2,0.0578,0.69,263.4,218.4,13.0
2025-10-03T06:54:00+00:00,2436.9,92.64,340.9,13.66,425.1,17.5,654.9,0.0602,0.77,263.4,218.4,12.9
2025-10-03T06:55:00+00:00,1985.5,94.17,338.8,13.63,406.7,19.0,619.2,0.0601,0.74,263.4,218.4,12.8
2025-10-03T06:56:00+00:00,2130.9,93.18,340.9,13.60,396.2,19.2,562.3,0.0601,0.72,263.4,218.4,12.8
2025-10-03T06:57:00+00:00,1903.6,91.68,352.8,13.64,409.6,19.3,685.3,0.0610,0.64,263.4,218.4,13.0
2025-10-03T06:58:00+00:00,2442.5,93.75,349.2,13.79,412.8,18.9,562.9,0.0667,0.79,263.4,218.4,12.5
2025-10-03T06:59:00+00:00,1965.7,93.98,343.4,13.70,395.9,21.2,581.7,0.0649,0.79,263.4,218.4,12.9
2025-10-03T07:00:00+00:00,2493.8,96.62,344.4,13.81,401.2,17.3,590.4,0.0666,0.74,263.4,218.4,13.2
2025-10-03T07:01:00+00:00,2235.9,95.73,353.7,13.70,404.3,20.5,581.7,0.0583,0.69,263.4,218.4,12.1
2025-10-03T07:02:00+00:00,2006.2,95.96,372.2,13.91,408.1,21.3,584.9,0.0565,0.61,263.4,218.4,11.8
2025-10-03T07:03:00+00:00,2008.9,93.90,350.9,13.58,399.5,20.3,637.8,0.0610,0.71,263.4,218.4,12.3
2025-10-03T07:04:00+00:00,1932.3,93.24,355.9,13.86,403.3,20.1,607.4,0.0608,0.74,263.4,218.4,12.0
2025-10-03T07:05:00+00:00,2143.0,94.16,341.9,13.81,420.9,20.9,635.5,0.0590,0.80,263.4,218.4,13.1
2025-10-03T07:06:00+00:00,2517.8,96.67,347.5,13.89,452.6,20.3,627.3,0.0639,0.75,263.4,218.4,14.7
2025-10-03T07:07:00+00:00,2486.6,93.56,331.3,13.85,445.8,16.3,569.0,0.0592,0.64,263.4,218.4,12.0
2025-10-03T07:08:00+00:00,2212.0,90.96,345.4,13.72,402.8,20.9,610.5,0.0585,0.72,263.4,218.4,13.6
2025-10-03T07:09:00+00:00,2112.7,95.08,324.7,13.86,409.8,18.4,545.6,0.0584,0.76,263.4,218.4,14.0
2025-10-03T07:10:00+00:00,2019.7,95.80,337.4,13.88,423.8,21.8,592.2,0.0580,0.77,263.4,218.4,12.7
2025-10-03T07:11:00+00:00,2024.2,92.92,360.8,13.36,380.0,19.4,590.9,0.0665,0.69,263.4,218.4,12.9
2025-10-03T07:12:00+00:00,1883.3,93.12,354.4,13.99,419.1,21.3,585.5,0.0575,0.79,263.4,218.4,13.0
2025-10-03T07:13:00+00:00,2517.7,96.23,333.7,13.92,441.7,18.5,638.0,0.0606,0.75,263.4,218.4,12.2
2025-10-03T07:14:00+00:00,2044.3,91.62,351.1,13.63,407.6,19.7,545.9,0.0576,0.71,263.4,218.4,13.8
2025-10-03T07:15:00+00:00,2400.4,90.78,346.5,13.89,446.6,20.8,636.4,0.0590,0.66,263.4,218.4,12.9
2025-10-03T07:16:00+00:00,2519.6,96.07,338.8,13.93,413.0,17.8,659.8,0.0610,0.80,263.4,218.4,13.3
2025-10-03T07:17:00+00:00,2378.8,95.76,336.1,14.01,438.3,20.5,628.5,0.0586,0.65,263.4,218.4,12.1
2025-10-03T07:18:00+00:00,1969.5,93.81,337.2,13.93,400.9,20.0,560.2,0.0627,0.69,263.4,218.4,12.7
2025-10-03T07:19:00+00:00,2007.2,92.94,339.2,13.88,394.0,19.9,547.4,0.0646,0.77,263.4,218.4,12.0
2025-10-03T07:20:00+00:00,2062.8,93.76,356.5,13.84,413.1,20.6,567.3,0.0566,0.61,263.4,218.4,12.1
2025-10-03T07:21:00+00:00,1945.5,92.14,363.1,13.64,424.6,19.0,582.2,0.0567,0.68,263.4,218.4,10.5
2025-10-03T07:22:00+00:00,1881.7,91.79,347.3,13.84,414.5,19.0,600.4,0.0571,0.74,263.4,218.4,11.9
2025-10-03T07:23:00+00:00,1854.0,93.96,354.1,14.09,431.8,18.7,645.1,0.0564,0.69,263.4,218.4,14.1
2025-10-03T07:24:00+00:00,1959.5,92.46,344.3,13.62,412.5,18.8,655.3,0.0574,0.73,263.4,218.4,12.4
2025-10-03T07:25:00+00:00,2082.7,96.09,353.2,14.00,423.2,17.8,589.4,0.0599,0.73,263.4,218.4,12.3
2025-10-03T07:26:00+00:00,2039.5,92.99,344.5,13.74,399.2,19.3,640.7,0.0572,0.68,263.4,218.4,12.5
2025-10-03T07:27:00+00:00,2016.7,93.83,337.3,13.99,424.1,20.0,610.0,0.0579,0.74,263.4,218.4,12.0
2025-10-03T07:28:00+00:00,2093.9,93.68,345.4,13.88,435.1,22.2,610.9,0.0659,0.74,263.4,218.4,13.0
2025-10-03T07:29:00+00:00,2264.6,93.58,352.2,13.66,441.2,18.2,590.9,0.0605,0.61,263.4,218.4,10.8
2025-10-03T07:30:00+00:00,1957.7,94.56,358.1,13.90,421.8,21.4,567.1,0.0583,0.82,263.4,218.4,13.4
2025-10-03T07:31:00+00:00,1884.3,91.39,361.8,14.01,381.2,18.8,552.4,0.0587,0.71,263.4,218.4,13.0
2025-10-03T07:32:00+00:00,2055.9,93.83,335.3,13.48,424.3,16.6,600.8,0.0583,0.78,263.4,218.4,10.9
2025-10-03T07:33:00+00:00,1951.9,92.95,334.4,13.78,412.0,17.8,655.8,0.0578,0.73,263.4,218.4,14.5
2025-10-03T07:34:00+00:00,2176.9,91.89,333.0,13.95,401.9,18.6,593.0,0.0623,0.68,263.4,218.4,10.9
2025-10-03T07:35:00+00:00,1909.5,94.16,350.5,13.50,407.6,19.5,575.3,0.0624,0.72,263.4,218.4,13.5
2025-10-03T07:36:00+00:00,2023.8,92.46,355.8,13.87,422.4,18.4,566.8,0.0635,0.71,263.4,218.4,11.9
2025-10-03T07:37:00+00:00,1997.1,94.51,359.2,13.59,415.2,16.9,576.6,0.0623,0.74,263.4,218.4,12.6
2025-10-03T07:38:00+00:00,1959.2,94.64,351.8,13.78,413.8,21.9,558.0,0.0574,0.73,263.4,218.4,10.5
2025-10-03T07:39:00+00:00,1865.8,94.30,353.0,14.03,419.0,16.9,610.2,0.0564,0.69,263.4,218.4,11.3
2025-10-03T07:40:00+00:00,2097.7,95.08,331.5,13.71,407.1,18.5,644.4,0.0585,0.77,263.4,218.4,12.3
2025-10-03T07:41:00+00:00,1964.2,93.71,349.4,13.98,388.0,19.0,568.0,0.0621,0.80,263.4,218.4,12.3
2025-10-03T07:42:00+00:00,2163.9,93.04,346.1,13.83,408.9,19.8,594.6,0.0618,0.71,263.4,218.4,12.8
2025-10-03T07:43:00+00:00,2016.9,92.04,352.9,13.82,424.8,21.6,579.7,0.0634,0.77,263.4,218.4,13.9
2025-10-03T07:44:00+00:00,2058.8,94.94,353.5,13.78,422.6,21.0,580.7,0.0577,0.71,263.4,218.4,11.4
2025-10-03T07:45:00+00:00,2184.7,96.26,350.2,13.71,419.1,18.8,590.7,0.0613,0.66,263.4,218.4,12.0
2025-10-03T07:46:00+00:00,2112.1,93.97,345.8,13.94,427.1,19.4,645.4,0.0579,0.71,263.4,218.4,13.5
2025-10-03T07:47:00+00:00,1981.7,93.26,353.4,13.94,408.0,18.3,634.1,0.0570,0.69,263.4,218.4,12.2
2025-10-03T07:48:00+00:00,1926.8,92.70,347.5,13.90,413.8,17.5,572.7,0.0566,0.69,263.4,218.4,13.9
2025-10-03T07:49:00+00:00,2135.3,93.19,361.9,13.89,406.4,20.8,597.8,0.0621,0.72,263.4,218.4,10.1
2025-10-03T07:50:00+00:00,1855.0,92.85,356.8,13.53,411.9,18.4,591.5,0.0571,0.79,263.4,218.4,12.7
2025-10-03T07:51:00+00:00,2091.6,94.68,343.0,13.85,420.2,19.3,638.3,0.0610,0.82,263.4,218.4,12.0
2025-10-03T07:52:00+00:00,2146.1,93.54,345.7,14.05,402.9,21.8,555.5,0.0579,0.70,263.4,218.4,12.4
2025-10-03T07:53:00+00:00,2027.4,93.29,340.3,13.68,391.0,19.5,584.5,0.0575,0.72,263.4,218.4,11.6
2025-10-03T07:54:00+00:00,1953.1,93.02,367.3,13.59,422.7,22.2,634.8,0.0574,0.75,263.4,218.4,13.4
2025-10-03T07:55:00+00:00,1934.9,92.64,352.1,13.95,419.6,18.7,616.1,0.0567,0.68,263.4,218.4,12.1
2025-10-03T07:56:00+00:00,1954.1,95.60,345.2,14.02,408.0,20.9,607.5,0.0564,0.65,263.4,218.4,12.1
2025-10-03T07:57:00+00:00,2049.1,93.60,346.8,13.93,429.4,17.7,549.7,0.0582,0.74,263.4,218.4,12.7
2025-10-03T07:58:00+00:00,1908.3,95.36,356.9,13.78,418.4,19.4,580.6,0.0650,0.64,263.4,218.4,11.7
2025-10-03T07:59:00+00:00,1171.4,92.07,355.7,13.71,360.6,20.8,529.7,0.0534,0.77,263.4,218.4,12.0
2025-10-03T08:00:00+00:00,1116.8,95.17,341.3,13.90,382.1,19.6,522.2,0.0582,0.80,263.4,218.4,12.3
2025-10-03T08:01:00+00:00,993.7,89.51,348.0,13.77,391.7,18.2,554.2,0.0528,0.80,263.4,218.4,11.1
2025-10-03T08:02:00+00:00,1232.0,90.72,362.8,13.83,374.9,22.1,580.7,0.0531,0.71,263.4,218.4,12.8
2025-10-03T08:03:00+00:00,1027.7,89.47,360.8,13.92,377.3,22.5,566.6,0.0609,0.79,263.4,218.4,10.9
2025-10-03T08:04:00+00:00,874.5,90.65,354.9,13.84,403.9,20.4,564.3,0.0524,0.82,263.4,218.4,10.9
2025-10-03T08:05:00+00:00,950.5,91.43,361.6,13.82,373.6,21.1,497.7,0.0513,0.67,263.4,218.4,11.4
2025-10-03T08:06:00+00:00,916.1,91.98,362.2,13.60,360.1,22.3,568.2,0.0522,0.78,263.4,218.4,9.9
2025-10-03T08:07:00+00:00,741.3,89.43,363.4,13.69,350.4,21.0,593.3,0.0510,0.74,263.4,218.4,11.5
2025-10-03T08:08:00+00:00,1146.8,91.44,349.9,13.59,383.9,21.2,560.5,0.0526,0.71,263.4,218.4,13.1
2025-10-03T14:00:00+00:00,958.7,90.67,367.3,13.79,368.3,18.1,560.2,0.0524,0.77,263.4,218.4,13.4
2025-10-03T14:01:00+00:00,1058.6,89.20,353.3,13.80,392.2,17.1,547.1,0.0520,0.67,263.4,218.4,12.6
2025-10-03T14:02:00+00:00,993.2,89.69,362.3,13.73,384.1,20.3,618.7,0.0530,0.71,263.4,218.4,12.8
2025-10-03T14:03:00+00:00,984.6,90.40,357.2,13.65,385.0,17.0,554.3,0.0544,0.68,263.4,218.4,11.8
2025-10-03T14:04:00+00:00,1072.4,90.14,360.5,13.65,361.5,19.9,538.5,0.0517,0.64,263.4,218.4,12.4
2025-10-03T14:05:00+00:00,956.1,89.76,356.1,13.75,395.5,20.1,514.3,0.0521,0.69,263.4,218.4,12.5
2025-10-03T14:06:00+00:00,912.3,89.22,363.6,13.58,395.3,17.6,509.3,0.0519,0.74,263.4,218.4,13.2
2025-10-03T14:07:00+00:00,1041.3,89.89,358.0,13.84,377.4,18.0,538.3,0.0522,0.72,263.4,218.4,12.7
2025-10-03T14:08:00+00:00,1043.8,86.90,352.8,13.88,384.6,18.2,543.6,0.0544,0.75,263.4,218.4,11.1
2025-10-03T14:09:00+00:00,969.5,89.99,368.5,13.66,377.6,19.7,522.7,0.0511,0.64,263.4,218.4,11.2
2025-10-03T14:10:00+00:00,997.7,88.70,355.8,13.77,362.0,19.9,636.0,0.0518,0.70,263.4,218.4,11.1
2025-10-03T14:11:00+00:00,966.8,88.89,355.2,13.91,381.1,19.3,591.3,0.0522,0.76,263.4,218.4,12.1
2025-10-03T14:12:00+00:00,977.7,89.88,347.2,13.55,400.0,21.2,526.3,0.0520,0.72,263.4,218.4,10.5
2025-10-03T14:13:00+00:00,933.4,90.07,362.2,13.72,370.6,19.5,523.0,0.0521,0.74,263.4,218.4,12.6
2025-10-03T14:14:00+00:00,891.4,92.12,351.3,14.01,370.1,21.9,556.8,0.0514,0.71,263.4,218.4,11.7
2025-10-03T14:15:00+00:00,2045.7,92.92,343.9,13.99,423.3,19.3,609.5,0.0604,0.75,263.4,218.4,12.0
2025-10-03T14:16:00+00:00,2155.4,93.95,350.2,13.76,416.6,17.9,635.3,0.0580,0.69,263.4,218.4,12.4
2025-10-03T14:17:00+00:00,2029.8,95.54,358.5,14.04,423.9,19.6,571.6,0.0669,0.73,263.4,218.4,14.3
2025-10-03T14:18:00+00:00,1910.3,91.97,352.1,13.77,412.5,21.2,568.5,0.0639,0.67,263.4,218.4,11.5
2025-10-03T14:19:00+00:00,1968.4,96.04,355.1,13.89,404.6,18.7,652.6,0.0585,0.71,263.4,218.4,12.7
2025-10-03T14:20:00+00:00,1941.4,90.86,338.3,13.73,424.6,21.2,629.4,0.0618,0.75,263.4,218.4,11.2
2025-10-03T14:21:00+00:00,1722.6,91.56,351.2,13.89,409.5,17.4,618.2,0.0563,0.75,263.4,218.4,13.0
2025-10-03T14:22:00+00:00,1887.8,93.90,343.5,13.55,394.5,18.0,552.5,0.0622,0.73,263.4,218.4,12.5
2025-10-03T14:23:00+00:00,2200.9,94.78,345.4,13.96,435.7,19.6,586.6,0.0579,0.67,263.4,218.4,12.6
2025-10-03T14:24:00+00:00,2235.6,92.53,344.4,13.83,415.5,22.1,589.2,0.0592,0.74,263.4,218.4,12.3
2025-10-03T14:25:00+00:00,2120.2,92.90,360.6,14.03,410.9,15.8,593.9,0.0661,0.69,263.4,218.4,13.3
2025-10-03T14:26:00+00:00,1791.1,89.93,346.6,13.96,424.7,20.9,607.2,0.0559,0.68,263.4,218.4,12.4
2025-10-03T14:27:00+00:00,1921.0,96.91,342.0,14.06,400.8,21.3,574.9,0.0576,0.60,263.4,218.4,12.0
2025-10-03T14:28:00+00:00,2096.9,94.78,350.4,13.93,399.4,18.3,620.5,0.0695,0.70,263.4,218.4,11.0
2025-10-03T14:29:00+00:00,1889.6,91.42,337.2,13.72,406.1,19.8,592.0,0.0569,0.73,263.4,218.4,11.5
2025-10-03T14:30:00+00:00,2018.7,94.53,340.1,13.62,424.8,20.2,527.5,0.0627,0.69,263.4,218.4,12.7
2025-10-03T14:31:00+00:00,1958.3,91.00,364.4,13.86,425.8,18.1,626.8,0.0669,0.67,263.4,218.4,11.2
2025-10-03T14:32:00+00:00,1921.3,93.41,353.6,13.82,414.9,20.9,642.8,0.0571,0.74,263.4,218.4,12.1
2025-10-03T14:33:00+00:00,2028.3,93.41,352.3,13.90,412.0,23.5,634.2,0.0618,0.78,263.4,218.4,11.4
2025-10-03T14:34:00+00:00,2031.3,91.42,366.2,13.85,392.9,18.3,573.4,0.0638,0.67,263.4,218.4,10.2
2025-10-03T14:35:00+00:00,2022.2,93.24,344.3,13.78,425.3,18.8,647.7,0.0579,0.76,263.4,218.4,11.7
2025-10-03T14:36:00+00:00,2018.7,92.88,358.0,14.10,424.1,18.5,559.2,0.0606,0.69,263.4,218.4,12.0
2025-10-03T14:37:00+00:00,2279.1,93.65,365.4,13.74,423.0,19.3,636.9,0.0590,0.73,263.4,218.4,11.3
2025-10-03T14:38:00+00:00,1846.3,92.59,348.2,14.22,414.7,21.0,576.9,0.0561,0.66,263.4,218.4,13.5
2025-10-03T14:39:00+00:00,2013.8,94.25,344.1,14.11,401.7,19.5,595.3,0.0572,0.69,263.4,218.4,13.7
2025-10-03T14:40:00+00:00,1995.4,94.00,343.5,13.91,407.2,19.2,601.5,0.0577,0.74,263.4,218.4,13.0
2025-10-03T14:41:00+00:00,2063.9,91.55,332.1,13.69,409.4,21.3,616.6,0.0580,0.64,263.4,218.4,13.2
2025-10-03T14:42:00+00:00,2041.8,95.02,353.7,13.80,409.4,20.3,542.1,0.0680,0.60,263.4,218.4,11.3
2025-10-03T14:43:00+00:00,2063.4,92.43,363.3,13.94,420.5,17.5,657.5,0.0582,0.78,263.4,218.4,13.2
2025-10-03T14:44:00+00:00,2104.9,89.28,356.5,13.96,403.2,16.4,586.7,0.0574,0.66,263.4,218.4,10.9
2025-10-03T14:45:00+00:00,2125.6,92.08,343.7,13.69,407.4,18.7,659.7,0.0577,0.67,263.4,218.4,12.5
2025-10-03T14:46:00+00:00,2004.0,93.33,345.6,14.11,403.0,20.1,614.1,0.0568,0.66,263.4,218.4,12.6
2025-10-03T14:47:00+00:00,1977.4,94.10,347.2,13.63,405.5,20.6,636.0,0.0605,0.77,263.4,218.4,11.7
2025-10-03T14:48:00+00:00,2143.8,95.22,334.2,14.03,413.4,20.3,601.0,0.0581,0.71,263.4,218.4,13.1
2025-10-03T14:49:00+00:00,2088.9,91.84,363.4,14.09,401.6,19.3,584.3,0.0631,0.66,263.4,218.4,11.8
2025-10-03T14:50:00+00:00,1980.9,93.32,349.8,13.97,401.5,21.7,574.6,0.0573,0.74,263.4,218.4,13.1
2025-10-03T14:51:00+00:00,2036.4,93.68,339.1,14.00,419.4,20.7,593.8,0.0572,0.69,263.4,218.4,13.3
2025-10-03T14:52:00+00:00,1935.8,94.58,355.3,13.90,424.1,17.1,600.3,0.0681,0.72,263.4,218.4,12.8
2025-10-03T14:53:00+00:00,2158.3,95.98,354.8,13.77,423.1,21.1,586.1,0.0594,0.70,263.4,218.4,12.6
2025-10-03T14:54:00+00:00,1896.7,92.05,365.0,13.92,417.2,21.1,565.9,0.0650,0.71,263.4,218.4,12.4
2025-10-03T14:55:00+00:00,2157.1,92.13,354.4,13.82,410.3,18.8,617.5,0.0579,0.69,263.4,218.4,12.9
2025-10-03T14:56:00+00:00,2029.2,93.13,348.8,13.80,383.4,17.0,658.7,0.0564,0.59,263.4,218.4,14.1
2025-10-03T14:57:00+00:00,1997.7,94.65,357.3,13.66,415.4,20.0,620.3,0.0575,0.74,263.4,218.4,11.4
2025-10-03T14:58:00+00:00,1992.4,93.38,353.3,13.68,424.3,20.5,627.3,0.0654,0.75,263.4,218.4,12.1
2025-10-03T14:59:00+00:00,1941.4,92.92,340.1,13.82,425.6,18.4,637.5,0.0568,0.68,263.4,218.4,13.9
2025-10-03T15:00:00+00:00,1992.0,90.99,353.7,14.09,398.3,19.9,618.0,0.0581,0.74,263.4,218.4,12.1
2025-10-03T15:01:00+00:00,1843.6,93.25,348.2,14.07,412.5,16.5,563.0,0.0608,0.73,263.4,218.4,11.1
2025-10-03T15:02:00+00:00,2072.3,93.29,348.3,13.85,413.3,18.9,564.4,0.0581,0.71,263.4,218.4,12.9
2025-10-03T15:03:00+00:00,1913.9,91.81,335.0,13.85,436.3,18.9,660.4,0.0564,0.68,263.4,218.4,10.9
2025-10-03T15:04:00+00:00,1958.2,94.88,357.4,13.59,381.6,19.1,641.4,0.0566,0.65,263.4,218.4,10.9
2025-10-03T15:05:00+00:00,2148.4,96.30,348.9,13.75,417.0,18.6,521.1,0.0602,0.73,263.4,218.4,12.8
2025-10-03T15:06:00+00:00,2000.3,93.06,338.4,13.50,404.2,21.5,567.6,0.0571,0.71,263.4,218.4,12.7
2025-10-03T15:07:00+00:00,1960.6,93.97,342.2,13.81,431.2,21.3,576.5,0.0570,0.70,263.4,218.4,12.1
2025-10-03T15:08:00+00:00,2086.4,92.38,336.1,13.85,451.7,20.7,616.8,0.0583,0.76,263.4,218.4,12.6
2025-10-03T15:09:00+00:00,1869.9,93.23,356.7,13.82,402.1,17.3,605.1,0.0558,0.62,263.4,218.4,12.0
2025-10-03T15:10:00+00:00,1722.3,91.83,336.7,13.87,400.3,18.9,611.0,0.0556,0.69,263.4,218.4,11.0
2025-10-03T15:11:00+00:00,2112.9,93.33,344.9,13.90,428.4,20.3,636.3,0.0600,0.67,263.4,218.4,13.2
2025-10-03T15:12:00+00:00,2364.0,93.76,344.1,13.70,443.7,24.4,569.2,0.0606,0.72,263.4,218.4,10.8
2025-10-03T15:13:00+00:00,1924.7,93.97,350.5,13.98,420.6,21.2,680.0,0.0565,0.67,263.4,218.4,14.1
2025-10-03T15:14:00+00:00,2009.3,95.22,333.6,13.70,412.4,20.5,624.3,0.0573,0.69,263.4,218.4,11.6
2025-10-03T15:15:00+00:00,2045.0,93.73,344.7,14.01,424.1,18.7,612.5,0.0599,0.77,263.4,218.4,14.0
2025-10-03T15:16:00+00:00,1905.3,94.28,343.3,13.75,416.8,21.5,561.8,0.0620,0.72,263.4,218.4,14.5
2025-10-03T15:17:00+00:00,2381.5,93.54,335.6,13.55,404.7,19.1,665.9,0.0674,0.73,263.4,218.4,12.5
2025-10-03T15:18:00+00:00,2064.5,93.65,340.5,13.72,398.7,21.2,596.1,0.0610,0.65,263.4,218.4,13.6
2025-10-03T15:19:00+00:00,1911.7,93.59,349.1,13.85,401.8,19.5,589.0,0.0610,0.65,263.4,218.4,13.8
2025-10-03T15:20:00+00:00,2464.1,91.87,350.4,13.77,429.3,19.0,595.8,0.0606,0.80,263.4,218.4,9.7
2025-10-03T15:21:00+00:00,2084.8,95.86,350.1,13.79,415.0,22.2,629.0,0.0593,0.72,263.4,218.4,10.3
2025-10-03T15:22:00+00:00,2430.5,92.77,344.2,13.70,439.0,19.4,676.6,0.0601,0.73,263.4,218.4,13.5
2025-10-03T15:23:00+00:00,1995.8,93.00,359.1,13.79,417.7,19.2,588.5,0.0569,0.67,263.4,218.4,11.8
2025-10-03T15:24:00+00:00,2456.8,96.52,357.3,13.64,381.1,18.5,624.7,0.0597,0.71,263.4,218.4,11.8
2025-10-03T15:25:00+00:00,1947.1,93.47,351.4,13.70,417.6,19.8,651.4,0.0605,0.67,263.4,218.4,13.4
2025-10-03T15:26:00+00:00,2478.0,93.77,342.7,13.92,438.7,19.1,578.9,0.0593,0.66,263.4,218.4,11.8
2025-10-03T15:27:00+00:00,2099.5,97.35,356.5,13.68,416.1,19.2,616.3,0.0609,0.69,263.4,218.4,12.0
2025-10-03T15:28:00+00:00,1984.4,95.82,343.6,13.90,391.8,20.2,570.2,0.0569,0.68,263.4,218.4,14.0
2025-10-03T15:29:00+00:00,2087.8,95.33,349.4,14.00,386.8,19.9,649.8,0.0582,0.75,263.4,218.4,12.3
2025-10-03T15:30:00+00:00,1856.6,93.43,351.0,13.78,404.0,20.8,579.3,0.0578,0.80,263.4,218.4,12.3
2025-10-03T15:31:00+00:00,2118.4,97.18,357.9,13.71,426.7,19.1,618.7,0.0608,0.62,263.4,218.4,11.4
2025-10-03T15:32:00+00:00,2397.8,96.02,346.5,13.88,421.8,19.8,632.3,0.0593,0.68,263.4,218.4,13.1
2025-10-03T15:33:00+00:00,2541.6,95.33,339.3,13.75,420.6,19.0,640.5,0.0652,0.75,263.4,218.4,11.0
2025-10-03T15:34:00+00:00,1973.8,93.40,346.8,13.89,400.4,20.5,660.9,0.0576,0.76,263.4,218.4,12.4
2025-10-03T15:35:00+00:00,1853.7,91.51,349.5,14.02,416.7,19.1,591.0,0.0567,0.72,263.4,218.4,13.5
2025-10-03T15:36:00+00:00,2071.2,90.40,352.6,13.64,429.0,20.6,650.7,0.0640,0.72,263.4,218.4,13.6
2025-10-03T15:37:00+00:00,2018.3,92.89,363.4,13.68,421.0,19.4,628.3,0.0656,0.80,263.4,218.4,12.4
2025-10-03T15:38:00+00:00,2270.2,91.90,356.3,13.98,420.9,18.1,618.3,0.0603,0.72,263.4,218.4,12.2
2025-10-03T15:39:00+00:00,2001.9,91.42,338.3,13.53,401.4,21.0,616.2,0.0575,0.73,263.4,218.4,13.0
2025-10-03T15:40:00+00:00,2164.1,94.50,358.2,13.79,434.8,20.3,662.2,0.0580,0.68,263.4,218.4,11.8
2025-10-03T15:41:00+00:00,1879.8,93.22,354.0,13.73,400.7,20.1,572.1,0.0566,0.70,263.4,218.4,10.4
2025-10-03T15:42:00+00:00,2421.1,96.11,349.4,13.82,457.2,18.9,645.9,0.0593,0.68,263.4,218.4,12.1
2025-10-03T15:43:00+00:00,2003.6,93.38,346.8,13.65,411.8,18.4,620.5,0.0581,0.78,263.4,218.4,12.0
2025-10-03T15:44:00+00:00,1933.9,93.07,339.8,13.83,400.7,18.9,546.2,0.0571,0.73,263.4,218.4,13.0
2025-10-03T15:45:00+00:00,2057.5,95.72,349.4,13.97,413.0,19.2,568.6,0.0629,0.82,263.4,218.4,12.4
2025-10-03T15:46:00+00:00,2492.8,95.08,348.6,13.96,434.3,21.4,682.0,0.0602,0.72,263.4,218.4,11.3
2025-10-03T15:47:00+00:00,1790.1,93.45,356.2,13.79,411.3,19.5,575.5,0.0560,0.70,263.4,218.4,11.1
2025-10-03T15:48:00+00:00,2080.4,92.68,346.3,13.77,423.4,20.4,666.8,0.0571,0.64,263.4,218.4,12.4
2025-10-03T15:49:00+00:00,2002.2,94.23,366.0,13.81,411.5,22.2,549.2,0.0584,0.74,263.4,218.4,13.1
2025-10-03T15:50:00+00:00,2148.6,93.58,340.9,13.93,438.7,20.0,615.1,0.0611,0.69,263.4,218.4,13.5
2025-10-03T15:51:00+00:00,2134.3,95.66,351.0,13.97,432.5,20.4,643.5,0.0602,0.77,263.4,218.4,12.6
2025-10-03T15:52:00+00:00,1959.3,96.14,355.6,13.78,424.5,19.7,598.2,0.0576,0.76,263.4,218.4,9.7
2025-10-03T15:53:00+00:00,2249.7,95.34,345.9,13.77,431.8,20.1,565.9,0.0595,0.80,263.4,218.4,12.2
2025-10-03T15:54:00+00:00,1837.7,92.63,340.2,13.98,411.6,20.8,549.8,0.0568,0.76,263.4,218.4,13.4
2025-10-03T15:55:00+00:00,1783.0,93.08,343.9,13.93,390.9,16.6,617.9,0.0569,0.81,263.4,218.4,12.6
2025-10-03T15:56:00+00:00,2144.1,95.08,345.9,13.91,420.1,19.6,639.7,0.0590,0.63,263.4,218.4,11.5
2025-10-03T15:57:00+00:00,1892.7,95.44,349.4,13.76,408.3,18.6,567.8,0.0616,0.66,263.4,218.4,11.7
2025-10-03T15:58:00+00:00,1897.2,92.81,340.3,13.88,408.8,21.8,583.6,0.0561,0.64,263.4,218.4,13.1
2025-10-03T15:59:00+00:00,1920.8,93.58,355.6,13.78,397.6,19.5,529.0,0.0564,0.67,263.4,218.4,11.6
2025-10-03T16:00:00+00:00,2040.9,95.17,356.2,13.64,392.7,18.8,575.0,0.0589,0.68,263.4,218.4,11.0
2025-10-03T16:01:00+00:00,1936.4,91.58,343.8,13.63,408.3,20.2,630.9,0.0566,0.67,263.4,218.4,11.6
2025-10-03T16:02:00+00:00,2160.9,93.21,362.9,13.74,423.2,19.6,592.6,0.0583,0.72,263.4,218.4,12.7
2025-10-03T16:03:00+00:00,1843.1,93.41,352.9,13.70,409.7,19.6,574.7,0.0674,0.71,263.4,218.4,12.9
2025-10-03T16:04:00+00:00,1813.0,92.93,355.5,13.94,387.0,18.0,572.7,0.0614,0.70,263.4,218.4,12.0
2025-10-03T16:05:00+00:00,1938.8,93.38,352.9,13.65,402.4,20.8,607.0,0.0568,0.68,263.4,218.4,11.5
2025-10-03T16:06:00+00:00,2268.7,94.45,339.3,13.81,427.7,17.9,643.9,0.0582,0.67,263.4,218.4,13.5
2025-10-03T16:07:00+00:00,1840.1,92.80,339.7,13.95,419.5,19.9,639.4,0.0568,0.74,263.4,218.4,12.0
2025-10-03T16:08:00+00:00,2035.5,93.90,357.3,13.37,412.6,19.9,566.3,0.0578,0.75,263.4,218.4,12.7
2025-10-03T16:09:00+00:00,2040.3,92.75,350.8,13.72,397.6,16.7,638.0,0.0570,0.66,263.4,218.4,12.3
2025-10-03T16:10:00+00:00,1998.3,93.69,350.0,13.70,404.9,19.8,595.6,0.0615,0.78,263.4,218.4,11.7
2025-10-03T16:11:00+00:00,1830.9,92.33,350.1,13.63,402.7,23.7,653.3,0.0634,0.76,263.4,218.4,12.9
2025-10-03T16:12:00+00:00,2034.6,91.94,330.5,13.94,394.8,20.9,558.3,0.0579,0.76,263.4,218.4,13.0
2025-10-03T16:13:00+00:00,2050.3,90.22,346.8,13.64,418.9,19.6,582.6,0.0586,0.73,263.4,218.4,11.5
2025-10-03T16:14:00+00:00,2039.7,94.71,361.0,13.56,405.9,19.4,573.0,0.0570,0.65,263.4,218.4,12.0
2025-10-03T16:15:00+00:00,2003.7,94.17,366.3,13.94,396.0,18.2,579.7,0.0623,0.64,263.4,218.4,11.7
2025-10-03T16:16:00+00:00,2029.2,92.33,347.1,13.71,418.7,17.5,601.0,0.0660,0.76,263.4,218.4,12.8
2025-10-03T16:17:00+00:00,2018.1,92.90,346.6,13.94,410.7,18.1,640.5,0.0602,0.70,263.4,218.4,12.1
2025-10-03T16:18:00+00:00,1908.3,90.02,349.5,13.87,402.0,19.8,544.5,0.0619,0.69,263.4,218.4,14.0
2025-10-03T16:19:00+00:00,2098.3,92.87,353.8,13.80,409.6,21.4,618.0,0.0610,0.73,263.4,218.4,12.0
2025-10-03T16:20:00+00:00,2031.9,93.88,355.1,13.77,399.2,19.8,614.9,0.0610,0.74,263.4,218.4,12.5
2025-10-03T16:21:00+00:00,1994.9,93.23,339.5,13.87,412.5,19.5,616.0,0.0584,0.69,263.4,218.4,13.0
2025-10-03T16:22:00+00:00,1980.5,90.52,365.7,13.91,389.2,19.9,604.9,0.0617,0.78,263.4,218.4,12.2
2025-10-03T16:23:00+00:00,1918.2,92.49,329.9,13.81,388.9,17.0,613.5,0.0575,0.77,263.4,218.4,11.5
2025-10-03T16:24:00+00:00,2270.9,94.54,351.5,13.67,412.4,18.9,644.8,0.0594,0.71,263.4,218.4,13.4
2025-10-03T16:25:00+00:00,1877.3,89.66,361.9,13.78,402.4,16.7,588.8,0.0562,0.67,263.4,218.4,13.1
2025-10-03T16:26:00+00:00,1963.9,91.69,348.5,14.07,428.0,19.4,646.0,0.0612,0.77,263.4,218.4,12.1
2025-10-03T16:27:00+00:00,1957.2,92.47,351.2,13.91,409.5,18.7,591.7,0.0577,0.65,263.4,218.4,14.9
2025-10-03T16:28:00+00:00,1992.2,92.00,342.9,13.78,429.9,19.8,662.8,0.0572,0.71,263.4,218.4,12.1
2025-10-03T16:29:00+00:00,1926.4,90.84,357.7,14.10,409.7,18.1,596.2,0.0706,0.70,263.4,218.4,12.4
2025-10-03T16:30:00+00:00,1903.9,97.13,349.1,13.87,412.6,21.7,592.2,0.0564,0.67,263.4,218.4,10.2
2025-10-03T16:31:00+00:00,2126.1,94.01,343.6,13.57,421.6,18.9,634.1,0.0584,0.75,263.4,218.4,14.2
2025-10-03T16:32:00+00:00,2076.8,92.22,349.8,13.96,418.5,17.5,587.7,0.0580,0.72,263.4,218.4,14.8
2025-10-03T16:33:00+00:00,1898.5,93.27,343.6,13.91,432.4,20.0,566.2,0.0569,0.73,263.4,218.4,12.7
2025-10-03T16:34:00+00:00,2213.4,91.31,346.4,13.81,400.2,20.7,585.9,0.0626,0.68,263.4,218.4,11.7
2025-10-03T16:35:00+00:00,2074.3,91.94,367.8,13.80,439.4,19.4,612.0,0.0646,0.76,263.4,218.4,11.4
2025-10-03T16:36:00+00:00,2038.4,92.28,354.1,13.94,404.9,18.6,521.0,0.0577,0.74,263.4,218.4,13.4
2025-10-03T16:37:00+00:00,2085.9,91.04,349.1,13.95,447.1,20.8,594.6,0.0583,0.75,263.4,218.4,13.5
2025-10-03T16:38:00+00:00,2118.0,94.06,342.7,13.97,393.6,20.1,600.6,0.0602,0.71,263.4,218.4,13.3
2025-10-03T16:39:00+00:00,2216.4,93.75,360.1,13.55,416.2,19.6,555.2,0.0595,0.81,263.4,218.4,13.3
2025-10-03T16:40:00+00:00,1940.4,94.79,349.4,13.75,417.4,20.7,558.9,0.0573,0.74,263.4,218.4,12.6
2025-10-03T16:41:00+00:00,2083.4,92.69,343.7,13.87,415.8,17.6,653.6,0.0596,0.74,263.4,218.4,13.1
2025-10-03T16:42:00+00:00,1937.7,93.04,348.3,13.91,424.5,20.6,608.5,0.0575,0.74,263.4,218.4,12.4
2025-10-03T16:43:00+00:00,2073.7,93.85,353.1,13.61,428.1,19.5,613.1,0.0585,0.79,263.4,218.4,12.0
2025-10-03T16:44:00+00:00,1069.4,89.61,366.8,13.79,366.0,20.5,548.5,0.0519,0.69,263.4,218.4,11.6
2025-10-03T16:45:00+00:00,830.7,93.54,351.5,13.95,385.6,19.4,547.8,0.0509,0.70,263.4,218.4,13.4
2025-10-03T16:46:00+00:00,1088.7,89.44,358.3,13.85,383.4,18.1,519.6,0.0536,0.74,263.4,218.4,11.6
2025-10-03T16:47:00+00:00,1034.9,87.94,355.9,13.48,383.3,19.9,601.2,0.0614,0.72,263.4,218.4,13.9
2025-10-03T16:48:00+00:00,1025.8,90.09,353.5,13.67,394.8,18.9,535.5,0.0522,0.73,263.4,218.4,12.8
2025-10-03T16:49:00+00:00,1113.1,91.17,352.5,13.63,405.2,18.4,571.9,0.0529,0.75,263.4,218.4,12.0
2025-10-03T16:50:00+00:00,1059.6,89.40,357.6,13.65,383.8,21.7,565.3,0.0541,0.76,263.4,218.4,12.2
2025-10-03T16:51:00+00:00,859.1,87.17,371.9,13.64,387.1,19.3,547.3,0.0656,0.73,263.4,218.4,11.8
2025-10-03T16:52:00+00:00,998.3,90.12,354.2,13.85,388.9,17.9,531.0,0.0523,0.75,263.4,218.4,13.9
2025-10-03T16:53:00+00:00,1114.4,88.84,354.9,13.72,385.1,20.2,541.9,0.0547,0.70,263.4,218.4,12.4
2025-10-03T16:54:00+00:00,998.9,88.80,342.3,13.69,374.3,19.5,600.4,0.0694,0.79,263.4,218.4,13.7
2025-10-03T16:55:00+00:00,997.1,87.82,357.8,13.77,388.8,18.4,536.3,0.0518,0.69,263.4,218.4,10.6
2025-10-03T16:56:00+00:00,1004.5,93.04,366.1,13.95,380.9,20.7,611.7,0.0515,0.67,263.4,218.4,12.6
2025-10-03T16:57:00+00:00,906.5,88.14,350.8,13.71,382.7,23.0,573.8,0.0518,0.74,263.4,218.4,11.6
2025-10-04T06:00:00+00:00,766.5,90.94,354.8,13.97,374.2,22.3,523.8,0.0635,1.53,120.9,255.9,18.6
2025-10-04T06:01:00+00:00,932.9,89.36,375.3,13.89,376.7,17.6,612.4,0.0630,1.50,120.9,255.9,17.3
2025-10-04T06:02:00+00:00,973.9,90.54,357.7,13.54,375.6,20.0,582.6,0.0594,1.48,120.9,255.9,17.8
2025-10-04T06:03:00+00:00,962.5,91.75,374.3,13.80,389.5,20.0,525.3,0.0593,1.48,120.9,255.9,18.5
2025-10-04T06:04:00+00:00,880.6,91.12,353.1,13.84,366.6,18.6,539.6,0.0605,1.40,120.9,255.9,15.2
2025-10-04T06:05:00+00:00,993.2,90.58,349.1,13.82,372.8,20.9,535.7,0.0633,1.39,120.9,255.9,17.7
2025-10-04T06:06:00+00:00,870.4,93.12,363.4,13.70,375.8,22.3,491.9,0.0585,1.39,120.9,255.9,18.9
2025-10-04T06:07:00+00:00,952.0,91.28,356.4,13.91,391.9,20.3,641.1,0.0595,1.48,120.9,255.9,17.5
2025-10-04T06:08:00+00:00,997.9,90.98,360.3,14.12,388.8,21.8,535.1,0.0631,1.40,120.9,255.9,18.8
2025-10-04T06:09:00+00:00,1094.7,90.51,348.7,13.80,389.2,18.4,571.0,0.0631,1.53,120.9,255.9,17.3
2025-10-04T06:10:00+00:00,951.6,90.69,361.7,14.00,386.5,17.8,571.4,0.0628,1.41,120.9,255.9,19.2
2025-10-04T06:11:00+00:00,905.5,90.30,361.5,13.83,372.9,22.2,585.8,0.0586,1.43,120.9,255.9,16.8
2025-10-04T06:12:00+00:00,948.1,90.57,362.7,13.71,379.7,17.7,528.3,0.0608,1.45,120.9,255.9,15.8
2025-10-04T06:13:00+00:00,1907.8,92.90,353.1,13.67,420.2,18.8,608.0,0.0641,1.44,120.9,255.9,18.8
2025-10-04T06:14:00+00:00,2119.8,95.54,351.1,13.80,415.0,21.4,611.4,0.0723,1.52,120.9,255.9,15.8
2025-10-04T06:15:00+00:00,1925.5,91.66,333.2,13.69,397.1,19.1,657.3,0.0689,1.48,120.9,255.9,16.5
2025-10-04T06:16:00+00:00,2080.4,94.01,348.7,13.76,400.7,21.0,594.6,0.0664,1.45,120.9,255.9,17.7
2025-10-04T06:17:00+00:00,2067.0,97.49,355.7,13.93,431.3,22.6,618.6,0.0640,1.34,120.9,255.9,17.8
2025-10-04T06:18:00+00:00,1874.9,91.83,324.2,13.75,405.2,17.9,620.2,0.0679,1.51,120.9,255.9,17.2
2025-10-04T06:19:00+00:00,2310.4,92.53,363.7,13.89,419.9,20.5,610.5,0.0695,1.42,120.9,255.9,18.4
2025-10-04T06:20:00+00:00,2013.5,90.87,339.9,13.64,392.2,21.3,559.4,0.0646,1.43,120.9,255.9,18.1
2025-10-04T06:21:00+00:00,2161.3,95.80,352.8,13.60,400.7,20.0,662.9,0.0653,1.44,120.9,255.9,17.2
2025-10-04T06:22:00+00:00,2000.1,91.66,335.9,13.91,397.2,20.6,614.3,0.0671,1.40,120.9,255.9,16.4
2025-10-04T06:23:00+00:00,1993.6,95.91,339.8,13.84,419.1,22.4,603.6,0.0645,1.44,120.9,255.9,16.5
2025-10-04T06:24:00+00:00,2013.7,91.51,347.3,13.88,414.0,19.7,606.2,0.0652,1.49,120.9,255.9,16.8
2025-10-04T06:25:00+00:00,1930.3,91.84,338.6,13.75,393.7,19.2,594.3,0.0657,1.44,120.9,255.9,18.3
2025-10-04T06:26:00+00:00,2056.5,94.08,343.4,13.96,399.5,18.6,599.8,0.0653,1.48,120.9,255.9,16.4
2025-10-04T06:27:00+00:00,2151.2,94.29,361.8,14.14,436.9,20.0,571.8,0.0732,1.48,120.9,255.9,17.3
2025-10-04T06:28:00+00:00,2048.4,94.71,323.0,13.76,386.1,20.7,640.0,0.0672,1.44,120.9,255.9,18.0
2025-10-04T06:29:00+00:00,1932.2,93.04,340.9,13.83,405.6,18.9,633.1,0.0643,1.45,120.9,255.9,15.9
2025-10-04T06:30:00+00:00,1908.3,95.21,348.7,13.49,405.6,21.4,647.1,0.0636,1.37,120.9,255.9,18.0
2025-10-04T06:31:00+00:00,1955.5,92.66,344.4,14.04,419.9,18.5,599.4,0.0644,1.44,120.9,255.9,18.3
2025-10-04T06:32:00+00:00,1893.8,90.05,350.4,13.83,401.4,19.7,607.0,0.0643,1.46,120.9,255.9,17.9
2025-10-04T06:33:00+00:00,2276.6,94.65,350.2,13.97,424.1,18.7,654.0,0.0805,1.53,120.9,255.9,19.2
2025-10-04T06:34:00+00:00,1844.8,94.63,357.0,13.94,401.4,20.0,618.6,0.0638,1.44,120.9,255.9,18.7
2025-10-04T06:35:00+00:00,1997.6,92.26,357.0,13.75,408.7,20.3,657.2,0.0671,1.38,120.9,255.9,17.8
2025-10-04T06:36:00+00:00,1998.0,95.17,357.9,13.93,425.5,19.8,633.4,0.0640,1.39,120.9,255.9,17.1
2025-10-04T06:37:00+00:00,1943.0,91.32,355.1,13.90,402.8,19.6,576.9,0.0644,1.45,120.9,255.9,20.0
2025-10-04T06:38:00+00:00,1937.4,91.93,344.3,13.68,412.4,21.1,593.4,0.0667,1.45,120.9,255.9,17.8
2025-10-04T06:39:00+00:00,2114.3,93.62,339.8,13.94,424.7,19.6,578.9,0.0676,1.37,120.9,255.9,16.8
2025-10-04T06:40:00+00:00,2070.0,92.71,352.7,13.77,419.6,22.9,597.4,0.0690,1.41,120.9,255.9,18.2
2025-10-04T06:41:00+00:00,1833.1,91.92,343.2,13.82,410.0,21.0,568.8,0.0664,1.52,120.9,255.9,18.5
2025-10-04T06:42:00+00:00,1960.5,95.90,350.0,13.48,395.9,18.0,646.5,0.0651,1.50,120.9,255.9,17.4
2025-10-04T06:43:00+00:00,1964.0,92.83,348.6,13.84,407.0,18.0,637.6,0.0668,1.37,120.9,255.9,17.9
2025-10-04T06:44:00+00:00,1993.8,93.39,348.1,13.97,440.4,20.0,582.7,0.0767,1.45,120.9,255.9,16.4
2025-10-04T06:45:00+00:00,2006.4,93.57,348.6,13.65,429.3,18.0,602.4,0.0652,1.48,120.9,255.9,16.6
2025-10-04T06:46:00+00:00,1931.3,93.63,356.7,13.78,426.3,17.0,626.0,0.0693,1.45,120.9,255.9,19.2
2025-10-04T06:47:00+00:00,2026.3,94.04,347.2,14.05,377.7,18.7,604.8,0.0647,1.35,120.9,255.9,17.0
2025-10-04T06:48:00+00:00,1877.0,90.23,371.3,13.67,396.1,18.6,636.9,0.0643,1.48,120.9,255.9,19.2
2025-10-04T06:49:00+00:00,2017.7,94.22,351.5,13.93,392.1,19.3,595.4,0.0647,1.44,120.9,255.9,16.9
2025-10-04T06:50:00+00:00,2259.5,94.51,353.2,13.91,419.8,17.5,613.2,0.0654,1.38,120.9,255.9,18.3
2025-10-04T06:51:00+00:00,2087.2,92.23,340.3,13.61,433.7,18.7,680.3,0.0656,1.50,120.9,255.9,18.9
2025-10-04T06:52:00+00:00,2031.7,94.80,341.5,13.74,429.9,22.3,561.1,0.0634,1.29,120.9,255.9,18.9
2025-10-04T06:53:00+00:00,2059.5,93.83,355.4,13.58,424.0,21.4,634.8,0.0695,1.49,120.9,255.9,18.4
2025-10-04T06:54:00+00:00,2126.8,92.94,348.5,13.83,424.3,18.3,600.7,0.0679,1.49,120.9,255.9,18.2
2025-10-04T06:55:00+00:00,2101.8,90.13,352.1,13.95,414.1,21.8,628.0,0.0645,1.37,120.9,255.9,19.4
2025-10-04T06:56:00+00:00,2043.9,94.81,357.4,13.74,414.7,22.6,612.1,0.0666,1.50,120.9,255.9,19.0
2025-10-04T06:57:00+00:00,1802.5,90.67,373.4,13.98,431.0,17.7,574.9,0.0665,1.39,120.9,255.9,18.0
2025-10-04T06:58:00+00:00,1954.2,93.62,341.5,13.60,399.8,17.5,570.7,0.0641,1.42,120.9,255.9,18.5
2025-10-04T06:59:00+00:00,2009.8,91.27,349.2,13.62,412.8,19.6,590.0,0.0661,1.39,120.9,255.9,18.2
2025-10-04T07:00:00+00:00,1997.9,93.29,337.9,13.91,406.9,19.9,543.9,0.0741,1.39,120.9,255.9,18.7
2025-10-04T07:01:00+00:00,1938.8,88.52,343.6,14.05,405.1,17.2,594.9,0.0636,1.36,120.9,255.9,18.4
2025-10-04T07:02:00+00:00,2000.4,93.84,362.6,13.81,425.6,20.9,633.1,0.0648,1.46,120.9,255.9,15.8
2025-10-04T07:03:00+00:00,1981.9,91.91,353.3,14.00,410.6,20.2,625.7,0.0683,1.41,120.9,255.9,16.8
2025-10-04T07:04:00+00:00,2089.2,94.51,333.7,13.70,402.3,18.1,590.4,0.0658,1.50,120.9,255.9,17.6
2025-10-04T07:05:00+00:00,1798.9,93.20,348.6,13.83,422.8,18.9,639.8,0.0639,1.47,120.9,255.9,17.8
2025-10-04T07:06:00+00:00,1889.4,93.56,357.2,13.88,401.5,19.9,593.8,0.0646,1.50,120.9,255.9,17.0
2025-10-04T07:07:00+00:00,1928.2,91.60,348.5,13.87,407.8,18.7,611.8,0.0704,1.51,120.9,255.9,18.2
2025-10-04T07:08:00+00:00,2127.1,94.49,354.8,13.86,432.3,21.3,630.6,0.0647,1.39,120.9,255.9,18.0
2025-10-04T07:09:00+00:00,1959.4,95.06,357.4,13.92,398.6,21.6,614.6,0.0652,1.51,120.9,255.9,17.3
2025-10-04T07:10:00+00:00,2039.5,94.40,355.6,13.92,418.6,19.1,599.0,0.0652,1.49,120.9,255.9,18.2
2025-10-04T07:11:00+00:00,1984.6,92.92,348.7,13.76,414.9,19.4,592.3,0.0643,1.42,120.9,255.9,16.1
2025-10-04T07:12:00+00:00,2061.1,93.07,361.4,13.86,429.3,19.1,566.7,0.0653,1.43,120.9,255.9,16.1
2025-10-04T07:13:00+00:00,2077.8,93.26,342.8,13.82,418.6,20.0,622.5,0.0645,1.40,120.9,255.9,16.9
2025-10-04T07:14:00+00:00,2079.3,94.84,353.2,13.90,441.5,19.2,637.0,0.0757,1.45,120.9,255.9,17.0
2025-10-04T07:15:00+00:00,2544.4,92.77,349.1,13.77,421.9,18.5,610.0,0.0681,1.41,120.9,255.9,16.6
2025-10-04T07:16:00+00:00,2173.8,92.78,348.8,13.91,406.8,19.8,639.5,0.0694,1.46,120.9,255.9,18.2
2025-10-04T07:17:00+00:00,1862.1,93.13,354.1,13.80,420.5,17.6,592.6,0.0639,1.45,120.9,255.9,17.9
2025-10-04T07:18:00+00:00,1992.7,92.79,347.5,13.78,427.7,20.5,665.9,0.0645,1.43,120.9,255.9,16.5
2025-10-04T07:19:00+00:00,1936.4,92.20,354.0,13.38,401.6,17.8,610.3,0.0643,1.45,120.9,255.9,17.4
2025-10-04T07:20:00+00:00,2035.8,96.87,342.3,13.52,428.0,20.4,564.6,0.0646,1.42,120.9,255.9,16.7
2025-10-04T07:21:00+00:00,1911.2,92.71,353.1,13.95,410.3,20.8,613.8,0.0708,1.33,120.9,255.9,19.9
2025-10-04T07:22:00+00:00,2352.1,97.89,345.9,13.64,426.1,20.2,612.6,0.0669,1.48,120.9,255.9,17.3
2025-10-04T07:23:00+00:00,2039.8,95.86,332.5,13.75,398.9,17.5,617.4,0.0670,1.35,120.9,255.9,19.4
2025-10-04T07:24:00+00:00,2482.6,95.33,336.9,13.74,426.2,21.0,579.1,0.0661,1.33,120.9,255.9,17.8
2025-10-04T07:25:00+00:00,2116.4,90.84,341.0,13.69,441.9,17.9,636.4,0.0646,1.39,120.9,255.9,16.4
2025-10-04T07:26:00+00:00,1982.9,94.35,362.2,13.65,391.1,20.3,597.3,0.0699,1.46,120.9,255.9,18.9
2025-10-04T07:27:00+00:00,2100.8,93.85,339.4,13.72,421.2,19.6,572.9,0.0702,1.41,120.9,255.9,17.6
2025-10-04T07:28:00+00:00,1926.7,94.31,366.2,13.72,395.1,20.0,600.4,0.0658,1.52,120.9,255.9,18.3
2025-10-04T07:29:00+00:00,1864.1,93.73,355.3,13.84,441.8,16.9,598.6,0.0655,1.34,120.9,255.9,16.8
2025-10-04T07:30:00+00:00,2097.9,93.03,334.4,13.68,408.5,18.3,594.8,0.0678,1.44,120.9,255.9,18.6
2025-10-04T07:31:00+00:00,1928.2,92.38,353.2,13.94,416.1,18.6,630.5,0.0636,1.37,120.9,255.9,18.4
2025-10-04T07:32:00+00:00,2011.4,93.54,352.1,14.01,407.4,19.0,551.4,0.0650,1.46,120.9,255.9,17.6
2025-10-04T07:33:00+00:00,1873.1,93.79,363.4,13.93,415.1,21.4,637.9,0.0667,1.47,120.9,255.9,16.7
2025-10-04T07:34:00+00:00,2106.0,95.78,338.7,13.67,417.5,20.5,642.1,0.0762,1.45,120.9,255.9,17.4
2025-10-04T07:35:00+00:00,2016.4,92.95,343.9,14.06,402.3,20.1,557.0,0.0679,1.65,120.9,255.9,16.7
2025-10-04T07:36:00+00:00,2092.8,93.88,353.3,13.63,404.4,17.3,540.1,0.0658,1.50,120.9,255.9,19.7
2025-10-04T07:37:00+00:00,1825.3,91.48,346.7,13.95,418.0,20.1,639.2,0.0706,1.40,120.9,255.9,19.6
2025-10-04T07:38:00+00:00,2123.8,95.38,333.0,13.76,424.3,19.2,565.0,0.0649,1.41,120.9,255.9,18.3
2025-10-04T07:39:00+00:00,1945.3,90.93,338.8,13.79,413.2,19.4,619.1,0.0681,1.56,120.9,255.9,18.6
2025-10-04T07:40:00+00:00,1923.9,95.89,359.2,13.78,415.6,18.3,640.6,0.0730,1.46,120.9,255.9,17.7
2025-10-04T07:41:00+00:00,2070.4,96.30,345.2,13.57,410.4,21.3,611.6,0.0647,1.42,120.9,255.9,18.3
2025-10-04T07:42:00+00:00,1996.8,94.55,360.8,13.60,395.6,19.9,612.7,0.0647,1.45,120.9,255.9,17.7
2025-10-04T07:43:00+00:00,2055.4,93.49,364.5,13.80,412.2,18.6,643.1,0.0758,1.34,120.9,255.9,17.2
2025-10-04T07:44:00+00:00,2147.1,92.49,355.9,13.45,413.0,20.7,665.0,0.0649,1.39,120.9,255.9,18.8
2025-10-04T07:45:00+00:00,2084.7,93.43,355.8,13.70,422.0,17.8,643.7,0.0692,1.53,120.9,255.9,18.2
2025-10-04T07:46:00+00:00,1865.6,93.08,343.8,13.58,425.8,21.5,550.1,0.0734,1.42,120.9,255.9,15.8
2025-10-04T07:47:00+00:00,2214.3,94.42,349.7,13.76,409.2,21.3,571.9,0.0655,1.43,120.9,255.9,18.1
2025-10-04T07:48:00+00:00,1895.9,91.90,340.7,13.87,406.5,19.5,644.9,0.0638,1.41,120.9,255.9,18.5
2025-10-04T07:49:00+00:00,1973.3,92.72,347.4,14.00,416.8,19.3,570.3,0.0697,1.48,120.9,255.9,18.6
2025-10-04T07:50:00+00:00,2131.8,91.12,358.2,13.80,414.4,20.6,522.5,0.0659,1.47,120.9,255.9,18.7
2025-10-04T07:51:00+00:00,2161.9,92.56,348.3,13.82,393.4,19.1,594.2,0.0744,1.44,120.9,255.9,17.2
2025-10-04T07:52:00+00:00,1878.2,93.87,365.0,13.82,414.7,19.0,551.8,0.0642,1.44,120.9,255.9,18.1
2025-10-04T07:53:00+00:00,2044.2,92.45,351.5,13.67,416.9,17.8,573.2,0.0646,1.44,120.9,255.9,14.8
2025-10-04T07:54:00+00:00,2138.4,92.04,341.6,13.62,411.4,19.4,583.2,0.0653,1.45,120.9,255.9,18.5
2025-10-04T07:55:00+00:00,2153.3,94.01,356.8,13.40,387.7,22.7,555.5,0.0657,1.34,120.9,255.9,18.5
2025-10-04T07:56:00+00:00,2159.7,97.32,352.8,13.81,433.5,18.7,611.6,0.0649,1.38,120.9,255.9,19.7
2025-10-04T07:57:00+00:00,2231.7,94.16,356.1,14.10,427.2,20.4,613.7,0.0671,1.42,120.9,255.9,16.8
2025-10-04T07:58:00+00:00,1887.5,95.27,352.0,13.72,385.4,19.3,555.5,0.0630,1.36,120.9,255.9,17.7
2025-10-04T07:59:00+00:00,2084.5,94.64,352.3,13.88,404.0,19.1,623.3,0.0718,1.43,120.9,255.9,18.1
2025-10-04T08:00:00+00:00,2118.6,95.28,349.3,13.81,408.7,19.2,535.7,0.0648,1.41,120.9,255.9,19.4
2025-10-04T08:01:00+00:00,1955.9,92.53,353.0,13.82,392.3,21.6,653.6,0.0696,1.55,120.9,255.9,18.2
2025-10-04T08:02:00+00:00,1660.5,92.11,353.6,13.81,401.1,17.9,599.5,0.0627,1.45,120.9,255.9,19.2
2025-10-04T08:03:00+00:00,2083.4,95.86,339.8,13.78,411.6,21.7,633.5,0.0660,1.53,120.9,255.9,18.8
2025-10-04T08:04:00+00:00,1994.2,92.89,344.7,13.60,404.0,18.3,596.1,0.0644,1.42,120.9,255.9,17.3
2025-10-04T08:05:00+00:00,1999.8,93.53,346.8,13.72,409.1,16.8,658.1,0.0647,1.37,120.9,255.9,17.8
2025-10-04T08:06:00+00:00,1926.1,93.05,333.5,13.95,413.6,22.6,573.9,0.0704,1.51,120.9,255.9,17.5
2025-10-04T08:07:00+00:00,2162.8,96.48,339.7,13.66,418.8,20.1,621.3,0.0670,1.45,120.9,255.9,18.2
2025-10-04T08:08:00+00:00,1967.5,95.37,353.7,13.84,394.3,18.9,551.6,0.0632,1.31,120.9,255.9,16.6
2025-10-04T08:09:00+00:00,2017.9,92.50,344.7,13.85,419.8,20.0,601.1,0.0650,1.47,120.9,255.9,16.3
2025-10-04T08:10:00+00:00,2088.0,93.42,349.4,14.07,436.0,17.1,568.5,0.0729,1.47,120.9,255.9,18.1
2025-10-04T08:11:00+00:00,1785.8,93.94,338.1,13.94,411.7,21.4,559.1,0.0663,1.45,120.9,255.9,16.6
2025-10-04T08:12:00+00:00,1980.7,91.87,349.4,13.68,424.8,17.4,612.1,0.0657,1.43,120.9,255.9,18.4
2025-10-04T08:13:00+00:00,2037.4,93.52,346.4,13.86,407.2,21.4,611.5,0.0643,1.39,120.9,255.9,17.3
2025-10-04T08:14:00+00:00,2016.7,90.60,343.4,13.76,397.0,18.9,612.8,0.0668,1.45,120.9,255.9,18.7
2025-10-04T08:15:00+00:00,1905.2,96.48,358.0,14.11,406.1,19.7,629.2,0.0711,1.43,120.9,255.9,17.7
2025-10-04T08:16:00+00:00,2115.5,96.62,347.8,13.80,417.0,19.0,556.0,0.0657,1.47,120.9,255.9,17.9
2025-10-04T08:17:00+00:00,2025.0,95.76,360.4,13.79,408.4,20.4,551.4,0.0650,1.47,120.9,255.9,15.7
2025-10-04T08:18:00+00:00,2161.6,93.77,345.9,13.61,415.0,22.4,623.3,0.0654,1.38,120.9,255.9,18.0
2025-10-04T08:19:00+00:00,1132.4,93.70,358.8,13.81,389.9,19.6,576.3,0.0621,1.49,120.9,255.9,18.3
2025-10-04T08:20:00+00:00,848.4,90.02,365.0,13.84,373.0,20.1,564.4,0.0608,1.46,120.9,255.9,17.6
2025-10-04T08:21:00+00:00,999.0,92.11,358.3,13.76,394.4,18.0,563.7,0.0599,1.49,120.9,255.9,17.6
2025-10-04T08:22:00+00:00,830.5,90.47,354.9,13.72,383.1,19.9,578.8,0.0680,1.44,120.9,255.9,19.0
2025-10-04T08:23:00+00:00,860.1,88.57,364.3,13.72,374.7,23.0,534.3,0.0632,1.55,120.9,255.9,18.1
2025-10-04T08:24:00+00:00,1075.0,90.49,370.9,13.73,364.8,17.0,561.3,0.0662,1.52,120.9,255.9,18.2
2025-10-04T08:25:00+00:00,885.9,91.15,340.8,13.70,362.7,20.9,525.7,0.0595,1.45,120.9,255.9,18.2
2025-10-04T08:26:00+00:00,918.9,91.60,358.0,13.50,392.6,18.4,665.8,0.0593,1.49,120.9,255.9,16.0
2025-10-04T08:27:00+00:00,921.1,91.31,363.8,13.69,374.6,19.0,591.3,0.0587,1.42,120.9,255.9,19.0
2025-10-04T08:28:00+00:00,971.9,88.03,372.0,14.07,395.7,17.8,602.2,0.0589,1.43,120.9,255.9,18.1
2025-10-04T08:29:00+00:00,923.6,92.95,351.6,13.85,392.8,19.9,595.0,0.0589,1.44,120.9,255.9,17.2
2025-10-04T08:30:00+00:00,984.6,91.76,360.1,13.74,378.9,20.4,631.8,0.0631,1.44,120.9,255.9,18.8
2025-10-04T14:00:00+00:00,1091.3,92.46,350.3,13.93,356.3,20.8,526.7,0.0598,1.45,120.9,255.9,17.8
2025-10-04T14:01:00+00:00,1209.0,90.40,346.8,13.86,372.4,20.5,557.2,0.0603,1.44,120.9,255.9,17.3
2025-10-04T14:02:00+00:00,976.6,90.05,348.2,13.77,369.9,20.4,597.2,0.0589,1.41,120.9,255.9,18.1
2025-10-04T14:03:00+00:00,952.5,90.92,346.6,13.54,381.1,18.2,527.6,0.0630,1.48,120.9,255.9,17.5
2025-10-04T14:04:00+00:00,823.9,89.87,357.9,13.77,366.3,20.9,509.1,0.0576,1.31,120.9,255.9,18.1
2025-10-04T14:05:00+00:00,864.8,87.55,358.3,13.52,378.0,20.2,565.8,0.0624,1.45,120.9,255.9,18.3
2025-10-04T14:06:00+00:00,968.6,91.03,366.5,13.66,359.5,20.0,548.2,0.0596,1.50,120.9,255.9,18.2
2025-10-04T14:07:00+00:00,1018.7,93.59,365.8,13.56,398.6,20.5,568.6,0.0638,1.39,120.9,255.9,17.2
2025-10-04T14:08:00+00:00,1008.7,91.48,362.1,13.66,370.2,17.6,568.6,0.0580,1.29,120.9,255.9,17.4
2025-10-04T14:09:00+00:00,892.7,86.86,343.6,13.73,375.1,18.1,528.9,0.0593,1.39,120.9,255.9,17.3
2025-10-04T14:10:00+00:00,1088.4,91.89,354.7,14.07,372.4,20.8,517.7,0.0606,1.52,120.9,255.9,16.9
2025-10-04T14:11:00+00:00,2062.1,93.86,355.8,13.78,430.1,17.0,610.6,0.0766,1.37,120.9,255.9,17.9
2025-10-04T14:12:00+00:00,1993.7,94.79,350.2,13.73,406.0,20.3,565.2,0.0650,1.44,120.9,255.9,16.6
2025-10-04T14:13:00+00:00,2146.6,94.19,338.2,13.69,388.9,20.7,598.7,0.0698,1.43,120.9,255.9,19.1
2025-10-04T14:14:00+00:00,1810.4,94.30,350.4,13.92,399.0,20.0,596.9,0.0638,1.46,120.9,255.9,18.0
2025-10-04T14:15:00+00:00,1901.2,92.88,344.8,13.77,421.3,19.4,648.6,0.0718,1.42,120.9,255.9,15.9
2025-10-04T14:16:00+00:00,2128.5,94.36,347.5,13.69,447.3,18.9,609.5,0.0666,1.47,120.9,255.9,17.1
2025-10-04T14:17:00+00:00,1940.7,91.19,346.3,13.70,408.8,20.7,596.8,0.0646,1.47,120.9,255.9,18.2
2025-10-04T14:18:00+00:00,1886.8,95.41,348.4,13.72,419.5,17.8,571.7,0.0649,1.40,120.9,255.9,18.0
2025-10-04T14:19:00+00:00,1892.2,93.25,342.3,13.61,407.4,22.5,572.2,0.0645,1.49,120.9,255.9,16.8
2025-10-04T14:20:00+00:00,1983.7,95.62,354.2,13.77,408.2,16.9,599.3,0.0657,1.47,120.9,255.9,17.5
2025-10-04T14:21:00+00:00,2177.7,92.20,350.2,13.87,421.5,20.1,596.2,0.0726,1.39,120.9,255.9,18.4
2025-10-04T14:22:00+00:00,2178.9,94.34,369.3,13.41,440.4,19.1,600.8,0.0711,1.51,120.9,255.9,17.7
2025-10-04T14:23:00+00:00,1910.7,93.14,346.1,13.79,398.8,21.1,596.4,0.0642,1.45,120.9,255.9,16.9
2025-10-04T14:24:00+00:00,1847.2,90.72,343.1,14.02,413.7,19.2,652.1,0.0636,1.42,120.9,255.9,16.5
2025-10-04T14:25:00+00:00,2204.1,95.84,340.1,13.54,406.1,19.5,594.3,0.0656,1.44,120.9,255.9,18.4
2025-10-04T14:26:00+00:00,1955.2,93.72,353.0,13.95,417.2,19.4,530.0,0.0642,1.43,120.9,255.9,18.0
2025-10-04T14:27:00+00:00,2196.9,92.69,351.1,13.98,416.7,22.0,584.1,0.0666,1.53,120.9,255.9,17.6
2025-10-04T14:28:00+00:00,2080.1,91.15,349.0,13.78,414.3,21.5,597.1,0.0649,1.42,120.9,255.9,18.9
2025-10-04T14:29:00+00:00,1995.2,93.38,337.5,13.91,418.5,17.4,593.7,0.0653,1.50,120.9,255.9,18.5
2025-10-04T14:30:00+00:00,2178.6,94.40,346.4,13.98,405.0,18.3,661.2,0.0648,1.37,120.9,255.9,19.1
2025-10-04T14:31:00+00:00,2075.1,95.95,342.2,13.87,407.0,15.2,615.3,0.0641,1.35,120.9,255.9,17.8
2025-10-04T14:32:00+00:00,1781.0,91.21,351.2,13.95,409.0,20.2,621.2,0.0633,1.41,120.9,255.9,18.5
2025-10-04T14:33:00+00:00,1845.1,92.28,342.6,13.60,424.9,18.1,683.2,0.0676,1.41,120.9,255.9,19.8
2025-10-04T14:34:00+00:00,2094.8,92.15,343.0,13.73,418.9,20.6,641.3,0.0655,1.47,120.9,255.9,18.8
2025-10-04T14:35:00+00:00,2126.5,94.42,351.1,13.82,394.3,21.5,580.6,0.0673,1.44,120.9,255.9,17.6
2025-10-04T14:36:00+00:00,2032.2,94.54,345.9,13.77,392.4,20.1,586.9,0.0657,1.52,120.9,255.9,17.1
2025-10-04T14:37:00+00:00,1994.9,96.24,345.2,14.06,413.8,21.9,549.0,0.0646,1.44,120.9,255.9,17.5
2025-10-04T14:38:00+00:00,1868.4,93.23,332.7,13.82,403.3,18.3,562.8,0.0642,1.46,120.9,255.9,16.6
2025-10-04T14:39:00+00:00,2083.5,94.59,359.6,14.04,430.2,18.2,573.0,0.0675,1.44,120.9,255.9,17.5
2025-10-04T14:40:00+00:00,1948.4,95.64,353.9,13.79,408.5,19.2,597.8,0.0674,1.51,120.9,255.9,17.3
2025-10-04T14:41:00+00:00,1935.5,94.88,342.6,14.05,435.9,21.5,582.8,0.0644,1.41,120.9,255.9,18.1
2025-10-04T14:42:00+00:00,1808.9,92.41,343.3,13.98,417.2,19.3,571.7,0.0637,1.45,120.9,255.9,16.9
2025-10-04T14:43:00+00:00,2146.8,93.57,367.8,13.67,437.4,19.0,619.5,0.0682,1.50,120.9,255.9,17.8
2025-10-04T14:44:00+00:00,2044.7,96.09,355.7,14.16,421.3,20.1,616.1,0.0646,1.42,120.9,255.9,17.3
2025-10-04T14:45:00+00:00,2216.1,96.05,349.4,13.87,416.0,18.0,583.2,0.0654,1.40,120.9,255.9,18.1
2025-10-04T14:46:00+00:00,2046.8,96.36,348.6,14.05,422.5,19.6,626.1,0.0683,1.44,120.9,255.9,16.9
2025-10-04T14:47:00+00:00,2002.5,94.37,342.7,13.87,402.6,21.9,584.4,0.0725,1.44,120.9,255.9,16.5
2025-10-04T14:48:00+00:00,1950.5,95.41,350.0,13.73,415.3,19.6,592.7,0.0647,1.47,120.9,255.9,17.5
2025-10-04T14:49:00+00:00,2139.3,93.50,340.2,13.78,417.0,21.6,579.8,0.0683,1.53,120.9,255.9,16.4
2025-10-04T14:50:00+00:00,2159.2,94.37,341.9,13.72,410.3,20.6,610.8,0.0659,1.47,120.9,255.9,16.9
2025-10-04T14:51:00+00:00,2083.0,95.83,358.2,13.78,416.5,18.6,655.1,0.0681,1.46,120.9,255.9,15.9
2025-10-04T14:52:00+00:00,1967.4,94.72,348.4,13.96,418.6,22.3,545.6,0.0641,1.40,120.9,255.9,17.2
2025-10-04T14:53:00+00:00,1868.9,89.89,352.7,13.71,388.8,21.1,577.8,0.0646,1.51,120.9,255.9,18.9
2025-10-04T14:54:00+00:00,2079.8,93.20,346.4,14.00,402.0,19.5,664.0,0.0652,1.46,120.9,255.9,17.7
2025-10-04T14:55:00+00:00,2064.4,93.95,351.2,13.87,430.0,23.1,547.6,0.0688,1.41,120.9,255.9,19.5
2025-10-04T14:56:00+00:00,1917.4,94.05,357.4,13.68,401.7,19.0,585.7,0.0703,1.44,120.9,255.9,17.9
2025-10-04T14:57:00+00:00,2430.0,95.31,354.1,13.69,413.6,17.8,579.8,0.0665,1.41,120.9,255.9,16.9
2025-10-04T14:58:00+00:00,2016.7,92.67,349.4,13.71,410.7,19.2,608.6,0.0694,1.36,120.9,255.9,17.0
2025-10-04T14:59:00+00:00,1855.6,94.38,347.2,13.72,405.7,20.7,606.8,0.0754,1.48,120.9,255.9,17.4
2025-10-04T15:00:00+00:00,1901.5,94.07,347.0,13.95,406.0,19.4,631.7,0.0669,1.47,120.9,255.9,19.3
2025-10-04T15:01:00+00:00,1951.0,93.32,347.6,13.73,436.7,19.1,583.9,0.0649,1.50,120.9,255.9,17.8
2025-10-04T15:02:00+00:00,2426.7,93.29,341.0,13.93,433.1,17.3,611.1,0.0712,1.39,120.9,255.9,17.7
2025-10-04T15:03:00+00:00,1997.3,93.01,346.2,13.68,437.2,21.4,642.1,0.0688,1.44,120.9,255.9,17.4
2025-10-04T15:04:00+00:00,2054.0,95.75,342.9,14.01,412.1,19.8,628.0,0.0647,1.42,120.9,255.9,17.2
2025-10-04T15:05:00+00:00,1955.5,94.11,361.6,14.00,416.9,18.6,618.7,0.0642,1.42,120.9,255.9,17.8
2025-10-04T15:06:00+00:00,2458.1,95.68,331.8,13.67,451.4,21.1,581.0,0.0663,1.36,120.9,255.9,16.4
2025-10-04T15:07:00+00:00,2405.3,94.46,340.8,13.72,438.8,22.6,619.7,0.0658,1.34,120.9,255.9,19.0
2025-10-04T15:08:00+00:00,2041.1,95.00,344.0,13.61,418.1,20.8,552.5,0.0723,1.46,120.9,255.9,16.7
2025-10-04T15:09:00+00:00,2044.9,94.51,342.4,13.56,405.0,18.6,630.2,0.0655,1.51,120.9,255.9,17.1
2025-10-04T15:10:00+00:00,2441.1,94.16,344.3,13.98,397.0,21.3,624.2,0.0664,1.39,120.9,255.9,16.9
2025-10-04T15:11:00+00:00,2033.3,93.76,346.0,13.75,430.9,19.8,585.7,0.0656,1.40,120.9,255.9,18.4
2025-10-04T15:12:00+00:00,1913.1,91.66,347.6,13.82,399.1,17.9,607.4,0.0644,1.47,120.9,255.9,18.5
2025-10-04T15:13:00+00:00,2429.4,93.56,337.7,13.88,414.1,20.8,568.0,0.0676,1.50,120.9,255.9,16.9
2025-10-04T15:14:00+00:00,1968.1,96.52,338.0,13.72,414.4,21.9,581.9,0.0649,1.48,120.9,255.9,16.8
2025-10-04T15:15:00+00:00,2348.1,94.22,333.3,13.61,412.2,20.6,592.0,0.0727,1.42,120.9,255.9,17.7
2025-10-04T15:16:00+00:00,1986.3,93.61,347.0,13.98,405.3,20.0,584.9,0.0670,1.44,120.9,255.9,17.9
2025-10-04T15:17:00+00:00,1977.9,95.18,345.9,13.75,419.4,18.1,595.3,0.0640,1.41,120.9,255.9,17.5
2025-10-04T15:18:00+00:00,2452.8,93.39,339.9,13.59,423.9,17.8,630.4,0.0680,1.50,120.9,255.9,18.7
2025-10-04T15:19:00+00:00,2409.2,93.29,338.7,13.53,429.8,20.4,599.6,0.0669,1.46,120.9,255.9,18.2
2025-10-04T15:20:00+00:00,2062.0,94.34,351.1,13.87,442.8,19.5,600.9,0.0667,1.28,120.9,255.9,17.7
2025-10-04T15:21:00+00:00,2592.3,94.06,340.1,13.66,428.2,20.3,689.8,0.0684,1.50,120.9,255.9,18.1
2025-10-04T15:22:00+00:00,1938.4,92.34,337.1,13.96,412.4,18.6,581.1,0.0642,1.43,120.9,255.9,18.0
2025-10-04T15:23:00+00:00,2010.1,93.29,338.1,13.77,409.2,18.8,533.9,0.0682,1.35,120.9,255.9,16.4
2025-10-04T15:24:00+00:00,2111.0,94.79,363.0,13.75,413.9,17.4,630.6,0.0653,1.46,120.9,255.9,17.3
2025-10-04T15:25:00+00:00,1976.7,93.29,354.4,13.93,424.4,17.8,579.5,0.0677,1.44,120.9,255.9,17.4
2025-10-04T15:26:00+00:00,2014.4,94.89,344.5,13.72,386.4,18.4,678.3,0.0711,1.43,120.9,255.9,18.8
2025-10-04T15:27:00+00:00,1849.2,94.14,352.6,13.74,422.7,17.9,527.7,0.0674,1.46,120.9,255.9,18.3
2025-10-04T15:28:00+00:00,2149.7,95.54,360.6,13.82,415.6,19.2,595.0,0.0747,1.47,120.9,255.9,18.8
2025-10-04T15:29:00+00:00,2144.7,93.57,345.6,13.72,430.5,21.2,563.5,0.0686,1.43,120.9,255.9,16.8
2025-10-04T15:30:00+00:00,2104.4,93.88,344.3,13.84,434.1,17.9,618.5,0.0658,1.50,120.9,255.9,18.1
2025-10-04T15:31:00+00:00,2023.3,94.46,347.0,13.58,399.8,17.3,651.1,0.0763,1.38,120.9,255.9,17.4
2025-10-04T15:32:00+00:00,1829.4,90.23,335.1,13.98,418.1,20.1,567.5,0.0688,1.38,120.9,255.9,19.1
2025-10-04T15:33:00+00:00,2119.5,94.80,349.2,13.75,396.2,18.9,650.6,0.0663,1.54,120.9,255.9,17.4
2025-10-04T15:34:00+00:00,2145.0,95.14,347.9,13.80,426.7,20.7,615.6,0.0659,1.48,120.9,255.9,16.3
2025-10-04T15:35:00+00:00,1987.2,93.70,346.5,13.85,424.9,18.4,566.3,0.0644,1.43,120.9,255.9,17.8
2025-10-04T15:36:00+00:00,1966.6,91.27,343.3,13.97,427.6,16.9,638.2,0.0722,1.41,120.9,255.9,18.9
2025-10-04T15:37:00+00:00,1902.9,92.08,350.0,14.05,409.2,18.3,575.7,0.0681,1.43,120.9,255.9,18.9
2025-10-04T15:38:00+00:00,2178.0,94.32,339.9,13.69,415.3,19.9,586.0,0.0648,1.38,120.9,255.9,18.2
2025-10-04T15:39:00+00:00,2190.2,90.70,362.4,13.68,412.7,22.1,602.0,0.0675,1.35,120.9,255.9,18.3
2025-10-04T15:40:00+00:00,2142.9,96.40,347.7,13.62,416.1,21.8,604.0,0.0654,1.40,120.9,255.9,17.6
2025-10-04T15:41:00+00:00,1941.5,92.60,333.5,13.74,403.3,20.0,596.8,0.0713,1.41,120.9,255.9,19.2
2025-10-04T15:42:00+00:00,2047.3,91.36,355.2,13.83,432.3,18.4,572.1,0.0656,1.53,120.9,255.9,18.9
2025-10-04T15:43:00+00:00,2001.5,92.92,351.6,14.01,415.8,19.2,668.6,0.0652,1.37,120.9,255.9,16.3
2025-10-04T15:44:00+00:00,1998.3,92.96,352.7,13.54,402.7,20.3,612.0,0.0649,1.47,120.9,255.9,18.0
2025-10-04T15:45:00+00:00,2024.1,93.44,350.6,13.86,417.5,15.9,603.5,0.0705,1.44,120.9,255.9,17.1
2025-10-04T15:46:00+00:00,1767.7,94.69,353.7,13.80,424.2,20.1,609.0,0.0630,1.40,120.9,255.9,17.2
2025-10-04T15:47:00+00:00,1886.2,92.56,364.7,13.89,428.0,18.9,613.4,0.0647,1.52,120.9,255.9,18.1
2025-10-04T15:48:00+00:00,1921.3,91.94,336.9,13.76,401.9,16.3,615.3,0.0630,1.31,120.9,255.9,16.4
2025-10-04T15:49:00+00:00,1923.3,95.16,359.7,13.87,398.9,21.5,553.8,0.0679,1.41,120.9,255.9,17.7
2025-10-04T15:50:00+00:00,2112.9,92.69,355.5,13.73,395.4,21.8,614.6,0.0658,1.49,120.9,255.9,19.7
2025-10-04T15:51:00+00:00,2000.9,95.91,330.7,13.86,407.8,18.1,668.1,0.0737,1.51,120.9,255.9,17.8
2025-10-04T15:52:00+00:00,1780.9,92.92,358.6,14.06,419.0,20.7,576.3,0.0639,1.49,120.9,255.9,19.1
2025-10-04T15:53:00+00:00,1998.9,94.53,352.7,13.92,405.5,20.9,590.3,0.0819,1.47,120.9,255.9,18.0
2025-10-04T15:54:00+00:00,1954.9,94.51,352.3,13.75,415.7,16.4,579.3,0.0648,1.48,120.9,255.9,18.4
2025-10-04T15:55:00+00:00,1937.9,93.29,340.7,13.74,401.6,21.6,577.3,0.0659,1.42,120.9,255.9,18.3
2025-10-04T15:56:00+00:00,2014.3,92.61,370.3,13.78,420.2,18.6,626.4,0.0644,1.41,120.9,255.9,18.4
2025-10-04T15:57:00+00:00,1796.9,92.40,362.4,13.56,403.5,22.6,594.4,0.0632,1.41,120.9,255.9,17.4
2025-10-04T15:58:00+00:00,1969.0,91.55,359.3,13.92,412.9,20.8,569.7,0.0653,1.53,120.9,255.9,18.1
2025-10-04T15:59:00+00:00,2137.9,93.44,348.6,13.72,416.3,18.2,578.0,0.0657,1.46,120.9,255.9,18.1
2025-10-04T16:00:00+00:00,2132.8,96.04,334.7,13.84,402.0,19.6,680.0,0.0655,1.36,120.9,255.9,16.5
2025-10-04T16:01:00+00:00,2147.1,94.70,338.9,13.63,424.0,15.9,563.1,0.0651,1.41,120.9,255.9,14.0
2025-10-04T16:02:00+00:00,2078.6,95.95,342.7,14.10,417.9,18.9,609.3,0.0652,1.45,120.9,255.9,17.9
2025-10-04T16:03:00+00:00,2097.2,93.93,347.0,13.71,401.8,21.8,583.3,0.0645,1.38,120.9,255.9,19.1
2025-10-04T16:04:00+00:00,2248.5,93.60,345.1,13.89,423.5,20.4,599.5,0.0665,1.37,120.9,255.9,17.5
2025-10-04T16:05:00+00:00,1988.1,94.01,357.9,14.05,415.0,19.5,604.7,0.0646,1.45,120.9,255.9,19.9
2025-10-04T16:06:00+00:00,2023.4,93.71,356.3,13.81,421.5,21.4,612.5,0.0649,1.46,120.9,255.9,19.2
2025-10-04T16:07:00+00:00,925.8,88.91,360.3,13.89,372.0,21.0,608.9,0.0581,1.36,120.9,255.9,17.4
2025-10-04T16:08:00+00:00,1154.2,89.75,370.3,13.69,388.8,19.7,542.8,0.0601,1.47,120.9,255.9,17.4
2025-10-04T16:09:00+00:00,939.7,89.49,366.9,13.91,368.9,17.5,533.5,0.0607,1.42,120.9,255.9,18.1
2025-10-04T16:10:00+00:00,1109.3,88.73,363.0,13.82,354.6,18.5,522.1,0.0593,1.38,120.9,255.9,17.7
2025-10-04T16:11:00+00:00,962.7,92.63,371.8,13.45,372.4,17.4,553.7,0.0586,1.40,120.9,255.9,19.1
2025-10-04T16:12:00+00:00,879.1,92.22,351.5,13.49,392.4,20.5,562.6,0.0596,1.53,120.9,255.9,18.4
2025-10-04T16:13:00+00:00,948.0,86.48,357.9,13.82,376.3,18.6,582.1,0.0592,1.46,120.9,255.9,18.3
2025-10-04T16:14:00+00:00,987.0,91.62,377.3,13.70,385.2,20.4,531.4,0.0596,1.48,120.9,255.9,19.1
2025-10-04T16:15:00+00:00,888.1,88.98,356.3,13.64,378.7,21.2,562.5,0.0584,1.43,120.9,255.9,16.5
2025-10-04T16:16:00+00:00,893.9,90.49,355.1,13.72,385.1,20.9,545.2,0.0592,1.49,120.9,255.9,18.3
2025-10-05T06:00:00+00:00,884.8,93.23,359.5,13.91,364.7,20.5,565.4,0.0538,0.96,257.3,212.3,10.6
2025-10-05T06:01:00+00:00,1036.3,92.86,351.1,14.02,371.0,19.5,540.2,0.0534,0.85,257.3,212.3,13.6
2025-10-05T06:02:00+00:00,1077.4,93.44,367.4,13.94,395.2,19.1,535.2,0.0546,0.93,257.3,212.3,12.6
2025-10-05T06:03:00+00:00,995.8,91.59,358.3,13.65,390.8,18.5,494.6,0.0598,0.91,257.3,212.3,12.6
2025-10-05T06:04:00+00:00,790.0,89.55,355.0,13.80,402.0,19.1,536.1,0.0530,0.92,257.3,212.3,14.9
2025-10-05T06:05:00+00:00,1056.5,91.78,358.5,13.91,394.2,18.2,576.2,0.0599,0.92,257.3,212.3,12.4
2025-10-05T06:06:00+00:00,887.0,87.86,356.6,13.83,386.5,19.5,554.1,0.0533,0.91,257.3,212.3,11.5
2025-10-05T06:07:00+00:00,1041.8,89.29,351.4,14.10,390.5,20.9,552.8,0.0534,0.84,257.3,212.3,12.2
2025-10-05T06:08:00+00:00,1028.0,90.02,359.0,13.86,366.9,19.1,567.3,0.0554,0.94,257.3,212.3,11.7
2025-10-05T06:09:00+00:00,1048.2,89.27,364.4,13.79,387.6,22.6,587.8,0.0547,0.87,257.3,212.3,12.3
2025-10-05T06:10:00+00:00,835.7,90.26,342.6,13.82,373.0,18.8,521.7,0.0523,0.83,257.3,212.3,12.6
2025-10-05T06:11:00+00:00,831.0,89.84,363.8,13.66,381.6,18.3,573.1,0.0578,0.94,257.3,212.3,13.7
2025-10-05T06:12:00+00:00,975.4,92.13,359.4,13.76,373.6,21.7,563.6,0.0526,0.78,257.3,212.3,13.3
2025-10-05T06:13:00+00:00,957.3,89.56,364.1,13.95,379.9,17.4,526.9,0.0544,0.97,257.3,212.3,11.6
2025-10-05T06:14:00+00:00,894.2,91.21,364.5,13.96,363.2,22.4,552.8,0.0533,0.89,257.3,212.3,14.9
2025-10-05T06:15:00+00:00,1932.3,94.31,357.2,13.84,419.3,19.3,581.9,0.0603,0.86,257.3,212.3,11.2
2025-10-05T06:16:00+00:00,2031.8,94.17,354.7,13.98,420.9,19.4,576.1,0.0595,0.92,257.3,212.3,12.9
2025-10-05T06:17:00+00:00,2053.8,91.75,342.1,13.68,407.6,22.4,627.5,0.0594,0.86,257.3,212.3,10.8
2025-10-05T06:18:00+00:00,2079.3,97.14,353.4,13.82,402.4,18.0,613.8,0.0598,0.91,257.3,212.3,13.1
2025-10-05T06:19:00+00:00,2038.0,93.55,352.1,13.64,423.7,19.3,596.8,0.0591,0.87,257.3,212.3,10.2
2025-10-05T06:20:00+00:00,1787.0,93.74,341.0,13.74,406.9,21.0,578.9,0.0601,0.92,257.3,212.3,10.4
2025-10-05T06:21:00+00:00,2112.0,92.13,349.3,14.05,424.0,19.9,587.7,0.0598,0.89,257.3,212.3,12.5
2025-10-05T06:22:00+00:00,1912.5,92.24,349.0,13.92,408.1,17.8,619.3,0.0598,1.02,257.3,212.3,10.2
2025-10-05T06:23:00+00:00,2078.8,93.57,340.9,13.79,410.2,21.0,585.2,0.0615,0.93,257.3,212.3,12.2
2025-10-05T06:24:00+00:00,2036.9,95.42,335.0,13.95,413.4,19.6,627.0,0.0630,0.84,257.3,212.3,10.8
2025-10-05T06:25:00+00:00,2005.3,95.20,338.3,13.62,401.4,23.1,560.7,0.0592,0.90,257.3,212.3,13.1
2025-10-05T06:26:00+00:00,2051.3,95.77,347.8,13.85,402.5,21.6,593.9,0.0590,0.86,257.3,212.3,12.5
2025-10-05T06:27:00+00:00,1957.0,93.34,336.9,13.79,400.1,20.5,632.5,0.0613,0.97,257.3,212.3,12.7
2025-10-05T06:28:00+00:00,2049.5,95.56,351.7,13.56,425.1,20.3,627.7,0.0614,0.95,257.3,212.3,12.1
2025-10-05T06:29:00+00:00,2197.3,94.73,337.4,13.77,431.8,19.6,617.7,0.0598,0.86,257.3,212.3,12.7
2025-10-05T06:30:00+00:00,2016.7,93.21,360.1,13.83,401.5,19.1,607.9,0.0620,0.87,257.3,212.3,11.8
2025-10-05T06:31:00+00:00,2036.9,88.60,345.3,13.75,414.2,22.3,594.7,0.0610,0.98,257.3,212.3,12.1
2025-10-05T06:32:00+00:00,2102.7,92.65,344.7,13.68,405.3,17.8,584.9,0.0598,0.90,257.3,212.3,12.6
2025-10-05T06:33:00+00:00,2071.3,94.96,361.5,13.85,412.4,17.5,617.4,0.0599,0.93,257.3,212.3,12.5
2025-10-05T06:34:00+00:00,2078.9,92.48,349.7,13.88,402.6,23.0,566.8,0.0605,0.88,257.3,212.3,12.2
2025-10-05T06:35:00+00:00,2083.8,93.07,356.9,13.94,411.3,18.7,675.5,0.0610,0.92,257.3,212.3,12.8
2025-10-05T06:36:00+00:00,1904.8,93.12,334.9,13.49,396.1,19.6,544.3,0.0596,1.00,257.3,212.3,11.7
2025-10-05T06:37:00+00:00,2095.7,93.26,346.8,13.67,410.6,22.0,602.1,0.0655,0.93,257.3,212.3,12.7
2025-10-05T06:38:00+00:00,2161.0,94.92,348.7,13.55,420.1,23.0,622.0,0.0595,0.84,257.3,212.3,11.4
2025-10-05T06:39:00+00:00,1846.8,91.41,330.0,13.61,392.1,20.2,591.9,0.0582,0.88,257.3,212.3,11.6
2025-10-05T06:40:00+00:00,2031.8,94.13,340.3,13.72,415.7,19.5,621.9,0.0601,0.98,257.3,212.3,11.5
2025-10-05T06:41:00+00:00,1965.5,94.81,353.9,13.95,415.1,20.5,613.9,0.0595,0.94,257.3,212.3,11.0
2025-10-05T06:42:00+00:00,2142.9,92.24,351.7,13.77,424.2,19.5,608.1,0.0616,0.90,257.3,212.3,12.6
2025-10-05T06:43:00+00:00,1957.0,93.65,367.8,13.83,429.1,19.3,601.5,0.0595,0.94,257.3,212.3,11.4
2025-10-05T06:44:00+00:00,1899.3,92.86,352.1,13.87,399.6,17.8,634.8,0.0592,0.93,257.3,212.3,10.7
2025-10-05T06:45:00+00:00,2056.3,92.06,356.3,13.72,408.6,19.7,616.6,0.0618,0.90,257.3,212.3,13.1
2025-10-05T06:46:00+00:00,2089.0,94.28,369.9,13.78,436.6,18.4,653.3,0.0598,0.90,257.3,212.3,9.9
2025-10-05T06:47:00+00:00,1785.9,96.60,362.7,13.74,398.9,21.4,619.4,0.0579,0.87,257.3,212.3,13.0
2025-10-05T06:48:00+00:00,2105.9,95.61,350.2,13.93,413.6,19.0,563.1,0.0603,0.95,257.3,212.3,11.9
2025-10-05T06:49:00+00:00,1918.1,95.38,346.6,13.61,410.8,21.1,580.1,0.0593,0.95,257.3,212.3,12.4
2025-10-05T06:50:00+00:00,1915.2,93.65,348.2,13.93,407.1,18.8,552.9,0.0577,0.80,257.3,212.3,12.1
2025-10-05T06:51:00+00:00,1863.5,94.03,348.8,13.42,401.5,20.6,605.3,0.0594,0.99,257.3,212.3,10.6
2025-10-05T06:52:00+00:00,2031.5,93.36,346.5,13.85,410.4,20.6,524.9,0.0589,0.84,257.3,212.3,11.6
2025-10-05T06:53:00+00:00,1962.0,94.24,360.4,13.39,430.5,19.5,613.5,0.0617,0.88,257.3,212.3,12.4
2025-10-05T06:54:00+00:00,2050.9,95.90,337.6,13.89,422.8,19.4,604.0,0.0588,0.83,257.3,212.3,13.3
2025-10-05T06:55:00+00:00,1959.0,90.66,351.3,13.85,400.7,19.1,626.0,0.0597,0.95,257.3,212.3,13.6
2025-10-05T06:56:00+00:00,2029.0,93.80,361.3,13.50,407.5,17.1,604.1,0.0603,0.97,257.3,212.3,9.9
2025-10-05T06:57:00+00:00,2102.2,97.16,347.5,13.53,399.5,20.2,593.1,0.0630,0.87,257.3,212.3,13.0
2025-10-05T06:58:00+00:00,1938.2,95.08,344.5,13.98,411.0,19.0,598.6,0.0587,0.88,257.3,212.3,12.8
2025-10-05T06:59:00+00:00,2075.7,93.59,352.6,13.77,407.1,20.7,591.2,0.0705,0.90,257.3,212.3,14.0
2025-10-05T07:00:00+00:00,1952.4,92.10,344.0,14.03,407.9,20.2,575.5,0.0675,0.85,257.3,212.3,13.4
2025-10-05T07:01:00+00:00,2273.4,95.76,338.1,14.24,440.9,18.3,699.3,0.0636,0.99,257.3,212.3,14.4
2025-10-05T07:02:00+00:00,1821.8,97.08,347.1,14.23,407.4,19.8,595.1,0.0579,0.85,257.3,212.3,10.9
2025-10-05T07:03:00+00:00,2096.4,95.96,346.9,13.81,418.6,18.2,620.8,0.0594,0.86,257.3,212.3,12.4
2025-10-05T07:04:00+00:00,2093.7,89.51,349.3,14.04,413.3,20.3,615.2,0.0599,0.91,257.3,212.3,12.3
2025-10-05T07:05:00+00:00,1930.5,93.27,347.7,13.78,417.7,21.7,610.0,0.0644,0.96,257.3,212.3,14.1
2025-10-05T07:06:00+00:00,2111.6,92.83,352.7,13.67,418.5,19.2,558.3,0.0595,0.87,257.3,212.3,11.2
2025-10-05T07:07:00+00:00,1869.7,92.31,345.7,13.69,415.2,20.3,635.7,0.0579,0.84,257.3,212.3,12.5
2025-10-05T07:08:00+00:00,2087.9,94.05,350.3,13.95,428.0,18.9,603.7,0.0609,0.84,257.3,212.3,10.7
2025-10-05T07:09:00+00:00,1904.6,94.21,364.8,13.78,418.0,20.4,628.9,0.0582,0.84,257.3,212.3,14.0
2025-10-05T07:10:00+00:00,2164.9,93.09,345.9,13.79,413.4,21.0,591.9,0.0599,0.89,257.3,212.3,10.5
2025-10-05T07:11:00+00:00,2439.5,92.94,341.3,13.76,441.1,17.1,612.8,0.0649,0.93,257.3,212.3,13.1
2025-10-05T07:12:00+00:00,1897.7,93.05,357.9,13.74,416.4,21.9,611.5,0.0649,0.96,257.3,212.3,11.9
2025-10-05T07:13:00+00:00,1991.8,92.24,343.4,13.74,395.0,21.4,650.8,0.0593,0.92,257.3,212.3,11.5
2025-10-05T07:14:00+00:00,1969.2,95.58,342.9,13.93,416.0,18.2,583.3,0.0656,0.89,257.3,212.3,8.7
2025-10-05T07:15:00+00:00,1931.3,92.51,341.7,13.61,431.0,19.7,603.5,0.0614,0.86,257.3,212.3,10.7
2025-10-05T07:16:00+00:00,2446.5,96.87,330.2,13.90,432.6,21.9,598.8,0.0619,0.91,257.3,212.3,13.3
2025-10-05T07:17:00+00:00,2344.5,97.19,347.2,13.90,436.9,19.0,583.6,0.0615,0.95,257.3,212.3,13.1
2025-10-05T07:18:00+00:00,1995.4,95.97,352.9,14.05,403.7,18.2,584.1,0.0588,0.87,257.3,212.3,12.5
2025-10-05T07:19:00+00:00,2137.1,95.34,339.2,13.69,402.3,20.9,588.5,0.0692,0.97,257.3,212.3,11.8
2025-10-05T07:20:00+00:00,2468.0,94.06,364.8,13.93,414.8,19.8,636.0,0.0676,0.92,257.3,212.3,13.2
2025-10-05T07:21:00+00:00,2109.2,94.67,333.9,13.85,402.7,21.0,649.6,0.0650,1.00,257.3,212.3,12.7
2025-10-05T07:22:00+00:00,1897.3,96.67,342.3,14.10,419.2,19.2,627.3,0.0592,0.82,257.3,212.3,11.9
2025-10-05T07:23:00+00:00,2511.0,93.85,336.7,13.93,433.9,18.3,605.7,0.0617,0.88,257.3,212.3,12.6
2025-10-05T07:24:00+00:00,2390.3,96.79,361.1,13.79,432.6,21.2,526.5,0.0624,1.01,257.3,212.3,13.2
2025-10-05T07:25:00+00:00,2060.9,91.46,349.5,13.68,390.2,20.2,585.3,0.0636,0.90,257.3,212.3,13.2
2025-10-05T07:26:00+00:00,2079.1,96.75,359.7,14.12,427.7,19.1,659.4,0.0610,1.03,257.3,212.3,13.7
2025-10-05T07:27:00+00:00,1773.9,93.07,358.1,13.88,387.2,19.4,570.8,0.0580,0.90,257.3,212.3,12.4
2025-10-05T07:28:00+00:00,2445.3,95.32,346.9,13.67,431.3,18.3,643.8,0.0651,0.86,257.3,212.3,11.5
2025-10-05T07:29:00+00:00,2260.4,92.82,357.0,13.60,435.6,16.8,638.1,0.0631,0.83,257.3,212.3,11.4
2025-10-05T07:30:00+00:00,2076.4,94.08,351.0,13.67,414.0,17.1,557.5,0.0607,1.02,257.3,212.3,13.4
2025-10-05T07:31:00+00:00,2470.4,94.09,341.5,13.79,444.6,19.8,667.2,0.0626,0.86,257.3,212.3,12.4
2025-10-05T07:32:00+00:00,1960.4,91.81,329.6,13.83,413.2,20.5,617.2,0.0597,0.95,257.3,212.3,12.5
2025-10-05T07:33:00+00:00,1996.0,93.97,353.1,13.63,399.2,19.2,573.6,0.0636,0.91,257.3,212.3,12.4
2025-10-05T07:34:00+00:00,2061.5,95.13,360.8,13.86,418.0,19.1,574.4,0.0633,0.98,257.3,212.3,13.1
2025-10-05T07:35:00+00:00,1852.5,93.53,351.2,13.60,392.4,18.4,598.3,0.0583,0.88,257.3,212.3,14.4
2025-10-05T07:36:00+00:00,2114.6,95.52,352.2,13.86,411.0,21.8,599.1,0.0595,0.86,257.3,212.3,12.3
2025-10-05T07:37:00+00:00,2536.5,95.30,343.9,13.92,420.2,17.5,595.7,0.0622,0.90,257.3,212.3,11.3
2025-10-05T07:38:00+00:00,2472.0,93.72,346.0,13.60,451.0,21.0,661.3,0.0624,0.87,257.3,212.3,12.1
2025-10-05T07:39:00+00:00,2037.6,93.93,350.6,13.74,400.5,21.5,621.4,0.0635,0.94,257.3,212.3,10.6
2025-10-05T07:40:00+00:00,2369.0,95.25,347.2,13.62,439.7,19.2,612.1,0.0622,0.92,257.3,212.3,12.1
2025-10-05T07:41:00+00:00,2203.5,92.00,354.7,13.85,403.6,18.5,564.0,0.0599,0.87,257.3,212.3,12.5
2025-10-05T07:42:00+00:00,2526.7,94.01,348.6,13.84,437.9,21.9,587.7,0.0621,0.93,257.3,212.3,11.2
2025-10-05T07:43:00+00:00,2640.3,96.54,336.7,13.84,420.4,19.4,680.0,0.0659,0.92,257.3,212.3,13.1
2025-10-05T07:44:00+00:00,2379.8,95.79,348.7,13.86,435.1,17.9,652.5,0.0673,0.86,257.3,212.3,12.8
2025-10-05T07:45:00+00:00,1991.1,95.18,350.7,13.69,410.9,22.2,635.2,0.0634,0.92,257.3,212.3,12.8
2025-10-05T07:46:00+00:00,2015.0,93.34,357.4,13.89,426.3,18.2,605.3,0.0587,0.85,257.3,212.3,12.6
2025-10-05T07:47:00+00:00,1691.5,95.01,351.6,13.93,407.4,20.4,513.4,0.0575,0.88,257.3,212.3,12.6
2025-10-05T07:48:00+00:00,2139.2,93.47,335.4,13.74,422.5,19.5,598.9,0.0603,0.83,257.3,212.3,12.7
2025-10-05T07:49:00+00:00,2028.6,96.00,352.0,13.82,412.9,20.5,565.3,0.0616,0.93,257.3,212.3,13.2
2025-10-05T07:50:00+00:00,2031.8,93.11,362.2,13.73,420.5,22.4,557.8,0.0596,0.93,257.3,212.3,13.0
2025-10-05T07:51:00+00:00,2035.3,92.85,359.8,13.74,418.7,18.0,594.3,0.0640,0.90,257.3,212.3,14.2
2025-10-05T07:52:00+00:00,1931.5,93.96,346.3,14.10,425.8,18.6,594.9,0.0594,0.95,257.3,212.3,12.2
2025-10-05T07:53:00+00:00,2160.0,93.71,353.1,14.16,425.7,20.0,610.4,0.0620,0.92,257.3,212.3,12.6
2025-10-05T07:54:00+00:00,1863.9,94.21,348.9,13.95,412.3,19.3,585.7,0.0585,0.90,257.3,212.3,12.5
2025-10-05T07:55:00+00:00,1899.5,93.78,348.6,13.44,408.7,20.9,578.6,0.0589,0.93,257.3,212.3,12.0
2025-10-05T07:56:00+00:00,2079.0,90.96,344.7,13.63,410.9,20.7,611.6,0.0693,0.82,257.3,212.3,13.8
2025-10-05T07:57:00+00:00,1977.1,92.55,347.0,13.81,405.8,21.4,572.1,0.0586,0.83,257.3,212.3,10.7
2025-10-05T07:58:00+00:00,2174.8,95.94,339.8,13.73,430.5,17.5,589.0,0.0604,0.94,257.3,212.3,11.1
2025-10-05T07:59:00+00:00,1760.1,92.44,355.8,13.62,395.3,19.6,603.6,0.0577,0.88,257.3,212.3,13.6
2025-10-05T08:00:00+00:00,2063.4,95.11,354.1,13.67,398.0,21.8,550.6,0.0594,0.89,257.3,212.3,12.8
2025-10-05T08:01:00+00:00,1998.9,92.16,360.8,14.28,397.1,20.1,582.6,0.0601,1.00,257.3,212.3,13.2
2025-10-05T08:02:00+00:00,2028.5,93.47,347.6,13.86,414.0,21.6,556.7,0.0651,0.97,257.3,212.3,10.3
2025-10-05T08:03:00+00:00,1891.7,93.13,337.4,13.92,402.0,20.8,612.8,0.0590,0.93,257.3,212.3,13.4
2025-10-05T08:04:00+00:00,1986.3,95.39,353.8,13.90,404.9,19.8,557.7,0.0681,0.84,257.3,212.3,11.5
2025-10-05T08:05:00+00:00,2052.8,92.68,358.2,13.75,421.3,21.7,579.8,0.0597,0.91,257.3,212.3,13.2
2025-10-05T08:06:00+00:00,1963.9,95.01,349.1,13.88,405.2,21.5,588.8,0.0630,0.96,257.3,212.3,13.8
2025-10-05T08:07:00+00:00,2005.9,92.58,344.0,13.74,424.9,19.1,608.9,0.0655,0.92,257.3,212.3,14.3
2025-10-05T08:08:00+00:00,1850.0,92.67,365.4,13.91,413.1,20.5,656.2,0.0577,0.83,257.3,212.3,12.7
2025-10-05T08:09:00+00:00,1842.7,92.34,348.9,13.69,394.6,18.6,599.7,0.0587,0.93,257.3,212.3,13.0
2025-10-05T08:10:00+00:00,1935.8,96.34,345.0,13.59,421.3,20.6,594.8,0.0593,0.95,257.3,212.3,11.6
2025-10-05T08:11:00+00:00,2151.6,95.21,341.6,13.67,420.9,19.7,640.5,0.0597,0.88,257.3,212.3,11.8
2025-10-05T08:12:00+00:00,1984.5,93.07,344.3,13.94,401.1,20.8,604.4,0.0648,0.92,257.3,212.3,14.8
2025-10-05T08:13:00+00:00,2006.5,95.38,341.4,13.95,380.5,16.1,618.4,0.0635,0.91,257.3,212.3,13.7
2025-10-05T08:14:00+00:00,2251.6,94.52,342.5,13.85,425.2,19.8,657.1,0.0682,0.95,257.3,212.3,12.8
2025-10-05T08:15:00+00:00,1901.7,91.52,350.9,13.86,396.8,15.4,602.8,0.0634,0.92,257.3,212.3,12.6
2025-10-05T08:16:00+00:00,2033.3,95.19,341.2,13.86,412.2,20.9,645.4,0.0602,0.98,257.3,212.3,10.7
2025-10-05T08:17:00+00:00,2238.7,97.25,349.2,13.81,433.1,19.9,623.4,0.0609,0.90,257.3,212.3,13.8
2025-10-05T08:18:00+00:00,2029.6,93.42,341.8,13.78,407.8,19.4,636.6,0.0616,0.91,257.3,212.3,10.4
2025-10-05T08:19:00+00:00,2173.9,95.04,353.5,13.89,411.7,16.8,581.8,0.0645,0.92,257.3,212.3,12.5
2025-10-05T08:20:00+00:00,1892.8,93.71,347.6,13.83,401.4,19.6,652.1,0.0630,0.86,257.3,212.3,12.7
2025-10-05T08:21:00+00:00,1991.0,94.01,340.1,13.79,428.6,20.1,621.7,0.0611,1.01,257.3,212.3,12.4
2025-10-05T08:22:00+00:00,2103.8,95.22,355.7,13.84,407.7,19.3,573.9,0.0625,0.96,257.3,212.3,12.0
2025-10-05T08:23:00+00:00,1925.3,94.26,350.3,14.05,416.4,21.2,615.2,0.0750,0.97,257.3,212.3,9.7
2025-10-05T08:24:00+00:00,1906.7,92.82,341.2,13.83,414.4,19.0,576.0,0.0588,0.92,257.3,212.3,13.0
2025-10-05T08:25:00+00:00,2122.6,93.99,360.4,13.86,422.8,19.6,609.4,0.0594,0.85,257.3,212.3,12.3
2025-10-05T08:26:00+00:00,2107.0,95.23,359.9,13.83,434.0,22.6,588.5,0.0587,0.79,257.3,212.3,11.1
2025-10-05T08:27:00+00:00,2096.5,91.40,352.0,13.91,419.5,20.0,612.9,0.0597,0.91,257.3,212.3,11.9
2025-10-05T08:28:00+00:00,2073.1,94.10,369.9,13.77,424.9,18.2,639.2,0.0611,0.96,257.3,212.3,11.0
2025-10-05T08:29:00+00:00,2062.3,94.52,352.1,13.71,430.1,20.8,642.8,0.0597,0.91,257.3,212.3,11.7
2025-10-05T08:30:00+00:00,2127.8,91.10,349.4,13.70,427.5,19.6,616.8,0.0603,0.86,257.3,212.3,12.7
2025-10-05T08:31:00+00:00,1980.8,93.05,346.7,13.95,422.4,17.8,621.9,0.0626,0.96,257.3,212.3,12.0
2025-10-05T08:32:00+00:00,1650.2,93.61,356.1,13.83,417.1,17.0,596.9,0.0648,0.93,257.3,212.3,11.8
2025-10-05T08:33:00+00:00,1987.5,97.20,339.3,13.97,396.2,21.1,624.0,0.0600,0.98,257.3,212.3,13.0
2025-10-05T08:34:00+00:00,2115.8,90.97,357.7,13.80,401.0,20.2,574.9,0.0627,0.86,257.3,212.3,12.5
2025-10-05T08:35:00+00:00,2012.8,94.29,352.1,13.99,400.6,19.1,584.2,0.0640,0.83,257.3,212.3,10.7
2025-10-05T08:36:00+00:00,2007.2,92.70,345.1,13.86,407.8,20.0,578.2,0.0661,0.92,257.3,212.3,10.6
2025-10-05T08:37:00+00:00,2222.4,95.35,346.5,13.80,421.6,19.1,601.5,0.0598,0.86,257.3,212.3,12.2
2025-10-05T08:38:00+00:00,2022.2,92.64,354.5,13.89,416.3,21.2,632.7,0.0640,0.97,257.3,212.3,14.7
2025-10-05T08:39:00+00:00,1899.3,93.50,349.4,13.75,394.1,19.6,576.1,0.0588,0.92,257.3,212.3,11.5
2025-10-05T08:40:00+00:00,1794.1,93.49,358.9,13.82,410.6,20.2,601.8,0.0578,0.86,257.3,212.3,13.3
2025-10-05T08:41:00+00:00,2065.1,93.77,364.0,14.01,439.9,17.7,633.5,0.0684,0.87,257.3,212.3,14.3
2025-10-05T08:42:00+00:00,2285.2,91.97,343.7,13.70,412.5,20.5,635.8,0.0650,0.95,257.3,212.3,11.4
2025-10-05T08:43:00+00:00,1104.4,89.75,358.1,13.95,393.3,19.3,570.3,0.0625,0.89,257.3,212.3,12.6
2025-10-05T08:44:00+00:00,867.8,88.22,353.3,13.90,354.4,18.1,562.3,0.0560,1.00,257.3,212.3,12.0
2025-10-05T08:45:00+00:00,901.1,90.37,359.6,13.73,380.8,17.2,574.8,0.0541,0.99,257.3,212.3,12.9
2025-10-05T08:46:00+00:00,890.4,93.40,365.0,13.63,371.4,20.4,558.6,0.0573,0.92,257.3,212.3,11.8
2025-10-05T08:47:00+00:00,1079.8,89.85,351.6,13.99,385.0,19.5,532.8,0.0542,0.89,257.3,212.3,11.6
2025-10-05T08:48:00+00:00,899.9,94.23,371.8,13.85,350.2,21.7,492.0,0.0531,0.90,257.3,212.3,12.4
2025-10-05T08:49:00+00:00,976.4,88.86,355.4,13.66,360.2,20.0,591.3,0.0648,1.01,257.3,212.3,10.5
2025-10-05T08:50:00+00:00,1241.0,89.28,363.9,13.72,397.5,17.1,561.1,0.0554,0.93,257.3,212.3,13.3
2025-10-05T08:51:00+00:00,916.3,91.48,347.1,13.87,372.6,20.3,580.0,0.0583,0.96,257.3,212.3,11.6
2025-10-05T08:52:00+00:00,891.3,92.80,351.9,13.90,373.9,22.4,605.6,0.0609,0.92,257.3,212.3,13.1
2025-10-05T08:53:00+00:00,1112.2,93.51,355.2,13.75,382.3,19.6,554.4,0.0553,0.94,257.3,212.3,12.8
2025-10-05T08:54:00+00:00,974.7,88.31,365.8,13.42,381.9,16.4,595.2,0.0529,0.81,257.3,212.3,13.1
2025-10-05T08:55:00+00:00,988.2,90.31,356.6,13.79,391.8,21.5,574.9,0.0596,0.92,257.3,212.3,12.7
2025-10-05T08:56:00+00:00,936.7,91.78,353.3,13.87,385.0,18.6,581.1,0.0549,0.96,257.3,212.3,11.9
2025-10-05T14:00:00+00:00,920.5,92.14,361.6,13.89,372.5,18.8,565.4,0.0580,1.01,257.3,212.3,12.0
2025-10-05T14:01:00+00:00,1013.2,90.20,354.5,13.99,354.1,20.8,577.6,0.0566,0.93,257.3,212.3,10.2
2025-10-05T14:02:00+00:00,928.4,90.05,365.9,13.84,374.5,20.3,555.1,0.0595,0.93,257.3,212.3,11.0
2025-10-05T14:03:00+00:00,1001.3,91.15,343.0,13.72,371.3,21.5,527.5,0.0545,0.96,257.3,212.3,13.5
2025-10-05T14:04:00+00:00,829.8,90.25,359.6,13.72,372.7,18.3,573.9,0.0527,0.89,257.3,212.3,11.7
2025-10-05T14:05:00+00:00,1012.8,89.99,358.5,13.84,390.1,22.8,551.9,0.0543,0.94,257.3,212.3,12.6
2025-10-05T14:06:00+00:00,1071.0,88.81,360.6,13.97,371.9,20.2,560.2,0.0544,0.92,257.3,212.3,12.9
2025-10-05T14:07:00+00:00,1005.7,90.43,357.1,13.54,365.2,20.2,535.7,0.0538,0.89,257.3,212.3,10.5
2025-10-05T14:08:00+00:00,1026.0,88.59,349.6,13.91,394.7,20.3,607.3,0.0540,0.91,257.3,212.3,14.4
2025-10-05T14:09:00+00:00,961.8,91.12,359.6,13.82,404.3,19.4,591.1,0.0532,0.87,257.3,212.3,11.8
2025-10-05T14:10:00+00:00,997.7,91.78,353.5,13.83,370.2,19.7,562.0,0.0540,0.91,257.3,212.3,13.2
2025-10-05T14:11:00+00:00,837.8,89.90,365.0,13.78,380.5,19.6,521.9,0.0538,0.98,257.3,212.3,12.0
2025-10-05T14:12:00+00:00,906.4,89.35,358.3,13.63,378.3,24.0,538.0,0.0605,0.96,257.3,212.3,12.5
2025-10-05T14:13:00+00:00,860.2,91.00,365.0,13.75,382.4,21.6,543.6,0.0533,0.91,257.3,212.3,13.5
2025-10-05T14:14:00+00:00,2118.1,93.75,363.2,13.74,409.2,18.9,626.6,0.0606,0.99,257.3,212.3,11.6
2025-10-05T14:15:00+00:00,2062.7,96.79,341.6,13.77,397.7,19.2,633.3,0.0601,0.96,257.3,212.3,12.8
2025-10-05T14:16:00+00:00,1880.6,94.12,346.4,13.83,402.1,16.9,568.7,0.0650,0.91,257.3,212.3,13.4
2025-10-05T14:17:00+00:00,1886.9,93.08,350.9,14.00,402.3,20.6,593.1,0.0620,0.95,257.3,212.3,11.6
2025-10-05T14:18:00+00:00,2173.1,95.04,352.4,13.80,399.1,20.8,595.9,0.0647,0.90,257.3,212.3,11.8
2025-10-05T14:19:00+00:00,1912.4,93.61,361.9,13.67,402.9,17.8,558.8,0.0654,0.87,257.3,212.3,10.8
2025-10-05T14:20:00+00:00,2016.1,94.79,353.0,13.82,405.0,20.4,601.5,0.0598,0.95,257.3,212.3,11.3
2025-10-05T14:21:00+00:00,1932.8,92.96,350.5,13.70,416.2,20.0,595.7,0.0603,0.89,257.3,212.3,12.2
2025-10-05T14:22:00+00:00,1959.1,91.64,352.4,14.06,401.5,15.9,574.2,0.0593,0.93,257.3,212.3,12.9
2025-10-05T14:23:00+00:00,1988.1,94.39,351.6,13.67,401.3,16.6,624.7,0.0590,0.88,257.3,212.3,13.0
2025-10-05T14:24:00+00:00,1853.3,92.89,344.5,13.88,404.3,18.8,609.8,0.0606,0.86,257.3,212.3,13.6
2025-10-05T14:25:00+00:00,2077.3,95.40,342.3,13.77,407.7,15.2,543.0,0.0594,0.87,257.3,212.3,11.4
2025-10-05T14:26:00+00:00,2262.8,93.70,353.5,13.66,430.9,19.8,607.4,0.0654,0.93,257.3,212.3,11.2
2025-10-05T14:27:00+00:00,1900.5,93.07,354.5,13.68,428.1,18.2,559.4,0.0637,0.92,257.3,212.3,13.3
2025-10-05T14:28:00+00:00,1870.9,95.59,349.8,13.77,391.7,20.5,581.9,0.0604,0.91,257.3,212.3,12.5
2025-10-05T14:29:00+00:00,1939.2,92.95,339.8,13.78,381.6,18.4,637.8,0.0589,0.91,257.3,212.3,12.7
2025-10-05T14:30:00+00:00,2014.9,96.33,349.0,13.96,403.8,19.2,596.5,0.0681,0.89,257.3,212.3,12.2
2025-10-05T14:31:00+00:00,2084.7,92.36,336.0,13.68,414.0,21.0,654.0,0.0637,0.97,257.3,212.3,11.9
2025-10-05T14:32:00+00:00,1711.4,90.59,356.4,13.74,403.1,20.3,503.6,0.0621,0.91,257.3,212.3,11.5
2025-10-05T14:33:00+00:00,1840.1,93.96,349.5,13.73,389.2,20.8,623.3,0.0585,0.91,257.3,212.3,11.0
2025-10-05T14:34:00+00:00,1904.3,92.77,347.7,13.81,397.2,19.3,591.8,0.0589,0.91,257.3,212.3,12.6
2025-10-05T14:35:00+00:00,2134.6,94.79,327.5,13.80,415.1,18.2,587.7,0.0711,0.83,257.3,212.3,11.7
2025-10-05T14:36:00+00:00,1926.8,91.60,359.9,13.81,427.2,20.6,641.7,0.0610,0.93,257.3,212.3,11.1
2025-10-05T14:37:00+00:00,2082.0,92.47,350.0,13.90,414.6,19.6,551.3,0.0597,0.90,257.3,212.3,12.3
2025-10-05T14:38:00+00:00,1963.3,94.32,335.7,13.90,404.5,17.5,607.9,0.0597,0.97,257.3,212.3,12.1
2025-10-05T14:39:00+00:00,1997.7,92.53,353.0,13.59,419.3,17.2,610.7,0.0618,0.92,257.3,212.3,12.2
2025-10-05T14:40:00+00:00,1869.8,94.14,352.2,13.76,391.1,21.2,565.2,0.0683,0.96,257.3,212.3,12.6
2025-10-05T14:41:00+00:00,1960.4,93.44,354.2,13.68,414.8,21.2,548.4,0.0600,1.00,257.3,212.3,11.7
2025-10-05T14:42:00+00:00,1893.9,91.64,360.7,13.73,397.1,18.4,601.0,0.0591,0.94,257.3,212.3,12.7
2025-10-05T14:43:00+00:00,1993.1,92.57,345.6,13.84,433.6,19.8,579.1,0.0591,0.88,257.3,212.3,12.2
2025-10-05T14:44:00+00:00,1963.1,92.74,355.9,13.46,430.6,19.6,679.4,0.0596,0.97,257.3,212.3,14.5
2025-10-05T14:45:00+00:00,2049.2,93.57,359.3,13.68,395.2,18.9,591.1,0.0603,0.99,257.3,212.3,11.2
2025-10-05T14:46:00+00:00,2004.0,89.89,346.8,13.94,433.0,18.1,639.5,0.0625,0.89,257.3,212.3,13.3
2025-10-05T14:47:00+00:00,1908.4,93.62,356.4,13.55,401.2,21.0,557.7,0.0592,0.95,257.3,212.3,11.3
2025-10-05T14:48:00+00:00,1987.1,94.83,346.1,13.95,409.8,21.9,594.1,0.0642,0.91,257.3,212.3,11.5
2025-10-05T14:49:00+00:00,2194.4,92.98,347.8,13.67,408.6,17.4,590.2,0.0635,0.80,257.3,212.3,10.7
2025-10-05T14:50:00+00:00,1990.0,94.72,338.3,13.78,428.4,19.4,515.5,0.0599,0.98,257.3,212.3,11.6
2025-10-05T14:51:00+00:00,2007.0,91.04,343.4,13.70,416.4,21.0,574.5,0.0583,0.81,257.3,212.3,11.6
2025-10-05T14:52:00+00:00,1984.3,91.60,357.2,13.93,397.2,19.5,572.5,0.0595,0.82,257.3,212.3,12.5
2025-10-05T14:53:00+00:00,2038.0,93.51,354.6,13.80,415.5,21.0,591.8,0.0598,0.91,257.3,212.3,12.6
2025-10-05T14:54:00+00:00,2006.5,92.50,367.0,13.71,407.9,21.2,604.8,0.0642,0.97,257.3,212.3,12.3
2025-10-05T14:55:00+00:00,2106.9,92.80,365.6,13.79,389.7,18.9,545.5,0.0635,0.86,257.3,212.3,13.9
2025-10-05T14:56:00+00:00,1991.2,93.63,344.7,13.85,410.7,19.1,607.8,0.0642,0.84,257.3,212.3,11.1
2025-10-05T14:57:00+00:00,2079.7,95.08,355.9,13.68,402.8,21.9,633.9,0.0601,0.93,257.3,212.3,11.1
2025-10-05T14:58:00+00:00,1830.5,94.48,347.9,13.91,412.0,18.6,601.7,0.0614,0.86,257.3,212.3,15.4
2025-10-05T14:59:00+00:00,1859.4,90.28,358.9,13.87,426.0,22.9,588.3,0.0628,1.00,257.3,212.3,14.1
2025-10-05T15:00:00+00:00,2075.5,94.52,336.2,14.12,400.8,19.6,664.6,0.0598,0.92,257.3,212.3,14.9
2025-10-05T15:01:00+00:00,2136.1,94.77,344.2,13.82,444.1,21.4,598.9,0.0638,0.85,257.3,212.3,13.8
2025-10-05T15:02:00+00:00,1844.7,93.76,356.1,13.70,412.3,22.3,567.1,0.0583,0.90,257.3,212.3,12.4
2025-10-05T15:03:00+00:00,1914.1,94.27,354.6,13.73,449.7,19.7,604.9,0.0584,0.87,257.3,212.3,12.1
2025-10-05T15:04:00+00:00,1875.5,92.28,356.9,13.79,426.3,19.2,581.9,0.0595,1.00,257.3,212.3,13.6
2025-10-05T15:05:00+00:00,2128.4,91.77,361.1,13.67,405.5,21.5,620.8,0.0596,0.88,257.3,212.3,10.1
2025-10-05T15:06:00+00:00,1803.0,93.77,347.7,13.81,403.1,20.2,596.9,0.0585,0.93,257.3,212.3,13.7
2025-10-05T15:07:00+00:00,2151.4,95.15,363.1,13.81,415.9,23.7,575.5,0.0610,1.00,257.3,212.3,11.0
2025-10-05T15:08:00+00:00,2038.2,93.74,362.4,13.80,419.8,18.1,590.0,0.0595,0.91,257.3,212.3,12.5
2025-10-05T15:09:00+00:00,1985.0,91.25,358.6,13.80,410.8,18.4,602.0,0.0649,0.95,257.3,212.3,11.9
2025-10-05T15:10:00+00:00,2501.5,95.26,351.3,13.95,423.8,21.8,525.4,0.0618,0.89,257.3,212.3,12.2
2025-10-05T15:11:00+00:00,2422.2,96.17,365.5,13.74,426.7,20.1,586.0,0.0611,0.85,257.3,212.3,11.7
2025-10-05T15:12:00+00:00,2133.0,96.27,348.1,13.90,424.9,21.2,637.6,0.0628,0.91,257.3,212.3,12.2
2025-10-05T15:13:00+00:00,2530.8,95.25,335.5,13.70,430.6,20.7,600.8,0.0643,0.87,257.3,212.3,12.2
2025-10-05T15:14:00+00:00,2513.1,93.90,355.8,13.77,387.9,20.6,614.3,0.0618,0.86,257.3,212.3,12.5
2025-10-05T15:15:00+00:00,2558.1,96.27,361.8,13.79,429.1,18.8,630.7,0.0625,0.93,257.3,212.3,14.1
2025-10-05T15:16:00+00:00,1920.3,95.25,346.2,13.68,406.1,18.1,558.8,0.0603,0.91,257.3,212.3,14.0
2025-10-05T15:17:00+00:00,2512.3,98.05,329.4,13.78,423.1,18.5,620.8,0.0641,0.96,257.3,212.3,12.5
2025-10-05T15:18:00+00:00,1988.8,93.68,348.6,13.84,419.6,18.9,591.0,0.0617,0.91,257.3,212.3,10.9
2025-10-05T15:19:00+00:00,2438.5,94.64,340.5,13.69,429.1,20.1,616.6,0.0613,0.86,257.3,212.3,11.5
2025-10-05T15:20:00+00:00,1993.5,92.06,357.1,13.71,429.2,19.9,583.7,0.0618,0.93,257.3,212.3,11.3
2025-10-05T15:21:00+00:00,1940.9,92.07,360.9,13.86,422.8,17.6,578.2,0.0599,0.84,257.3,212.3,11.8
2025-10-05T15:22:00+00:00,2171.1,92.90,365.9,13.73,413.9,22.7,591.8,0.0603,0.93,257.3,212.3,12.7
2025-10-05T15:23:00+00:00,2182.8,95.34,336.5,13.67,412.6,19.5,611.9,0.0634,0.92,257.3,212.3,12.2
2025-10-05T15:24:00+00:00,1843.6,92.85,352.1,13.69,409.9,21.0,580.5,0.0604,0.85,257.3,212.3,13.1
2025-10-05T15:25:00+00:00,1980.7,91.66,349.3,13.83,394.0,21.3,603.2,0.0595,0.94,257.3,212.3,11.5
2025-10-05T15:26:00+00:00,1914.6,93.31,355.9,13.76,398.3,17.8,624.1,0.0583,0.87,257.3,212.3,12.1
2025-10-05T15:27:00+00:00,2419.7,96.20,351.1,13.85,419.8,20.0,652.0,0.0618,0.93,257.3,212.3,11.6
2025-10-05T15:28:00+00:00,2081.2,92.88,349.2,13.96,401.0,19.1,543.9,0.0597,0.92,257.3,212.3,10.9
2025-10-05T15:29:00+00:00,1919.8,92.30,356.0,14.08,386.3,19.3,602.7,0.0591,0.92,257.3,212.3,11.9
2025-10-05T15:30:00+00:00,2532.2,94.37,352.5,13.73,445.4,20.8,614.3,0.0635,0.95,257.3,212.3,12.4
2025-10-05T15:31:00+00:00,2543.4,94.60,345.8,13.90,423.1,19.1,621.0,0.0698,0.85,257.3,212.3,13.6
2025-10-05T15:32:00+00:00,2003.2,93.88,343.2,13.90,390.1,18.2,576.5,0.0587,0.84,257.3,212.3,12.9
2025-10-05T15:33:00+00:00,2015.6,95.25,349.6,13.37,415.7,20.0,622.1,0.0605,1.00,257.3,212.3,11.1
2025-10-05T15:34:00+00:00,2019.5,92.80,360.9,13.80,435.6,19.2,653.4,0.0595,0.91,257.3,212.3,12.0
2025-10-05T15:35:00+00:00,1873.0,95.07,342.4,13.78,405.6,21.5,564.2,0.0593,0.97,257.3,212.3,12.3
2025-10-05T15:36:00+00:00,2148.2,93.39,356.2,13.78,404.6,20.9,572.4,0.0598,0.89,257.3,212.3,12.9
2025-10-05T15:37:00+00:00,1857.5,94.25,351.0,13.95,406.0,19.2,590.4,0.0588,0.94,257.3,212.3,12.4
2025-10-05T15:38:00+00:00,2434.2,94.63,354.9,14.02,422.0,20.2,693.3,0.0620,0.93,257.3,212.3,12.4
2025-10-05T15:39:00+00:00,2099.8,97.90,345.6,13.93,422.5,20.9,618.4,0.0596,0.88,257.3,212.3,14.5
2025-10-05T15:40:00+00:00,1850.6,93.90,349.5,13.82,386.9,17.8,568.9,0.0583,0.90,257.3,212.3,14.2
2025-10-05T15:41:00+00:00,2076.3,94.99,349.0,13.72,401.9,19.2,599.1,0.0643,0.92,257.3,212.3,12.5
2025-10-05T15:42:00+00:00,2516.5,95.56,349.0,13.79,430.0,21.0,598.0,0.0617,0.80,257.3,212.3,10.8
2025-10-05T15:43:00+00:00,2015.0,94.75,350.5,13.74,421.1,21.4,580.2,0.0593,0.90,257.3,212.3,11.0
2025-10-05T15:44:00+00:00,2019.1,94.63,348.1,13.64,398.1,21.5,620.5,0.0582,0.81,257.3,212.3,10.4
2025-10-05T15:45:00+00:00,2075.5,93.91,346.7,13.94,425.2,20.5,617.1,0.0599,0.93,257.3,212.3,13.2
2025-10-05T15:46:00+00:00,2200.6,97.37,346.1,13.62,452.3,20.8,661.3,0.0598,0.84,257.3,212.3,12.1
2025-10-05T15:47:00+00:00,2139.0,94.87,344.1,13.79,418.8,18.2,625.9,0.0618,0.88,257.3,212.3,12.4
2025-10-05T15:48:00+00:00,2033.1,95.78,360.7,14.09,414.8,18.6,602.3,0.0579,0.75,257.3,212.3,13.3
2025-10-05T15:49:00+00:00,1894.8,92.21,355.8,13.81,401.0,21.6,589.4,0.0587,0.90,257.3,212.3,11.5
2025-10-05T15:50:00+00:00,2215.0,94.00,347.8,13.82,410.4,22.8,672.8,0.0619,1.03,257.3,212.3,12.9
2025-10-05T15:51:00+00:00,2006.6,94.70,342.4,13.89,403.8,19.7,667.4,0.0610,0.86,257.3,212.3,10.7
2025-10-05T15:52:00+00:00,1817.7,94.38,369.7,13.56,397.9,18.9,587.5,0.0640,0.91,257.3,212.3,13.1
2025-10-05T15:53:00+00:00,2047.1,91.84,364.7,13.78,412.8,19.6,594.4,0.0596,0.93,257.3,212.3,12.9
2025-10-05T15:54:00+00:00,2013.5,93.42,349.0,13.46,421.1,17.8,628.6,0.0591,0.86,257.3,212.3,12.7
2025-10-05T15:55:00+00:00,1991.8,93.20,339.3,13.63,404.7,19.0,568.7,0.0596,0.93,257.3,212.3,11.4
2025-10-05T15:56:00+00:00,1974.3,92.87,358.3,13.98,397.6,19.9,655.1,0.0589,0.89,257.3,212.3,13.8
2025-10-05T15:57:00+00:00,1998.3,93.96,345.5,13.61,434.2,21.5,613.8,0.0595,0.93,257.3,212.3,12.1
2025-10-05T15:58:00+00:00,1959.2,96.23,358.5,13.64,414.2,18.8,583.8,0.0655,0.93,257.3,212.3,11.0
2025-10-05T15:59:00+00:00,2091.3,92.07,347.8,13.91,431.4,19.9,541.2,0.0605,0.98,257.3,212.3,11.2
2025-10-05T16:00:00+00:00,2052.0,93.67,351.6,13.97,387.8,19.3,592.3,0.0594,0.89,257.3,212.3,12.0
2025-10-05T16:01:00+00:00,2003.5,94.54,362.1,13.67,429.2,17.7,679.6,0.0615,0.99,257.3,212.3,11.2
2025-10-05T16:02:00+00:00,2075.1,94.28,350.7,13.80,412.9,20.0,565.8,0.0606,0.86,257.3,212.3,14.0
2025-10-05T16:03:00+00:00,2017.9,92.38,336.6,13.80,383.2,22.9,552.3,0.0592,0.89,257.3,212.3,12.9
2025-10-05T16:04:00+00:00,1974.6,93.47,341.8,13.71,420.2,20.5,577.9,0.0671,0.88,257.3,212.3,11.8
2025-10-05T16:05:00+00:00,1961.3,92.59,351.8,13.95,408.0,19.3,589.9,0.0613,0.91,257.3,212.3,13.3
2025-10-05T16:06:00+00:00,1742.0,94.19,345.8,13.81,397.2,18.6,609.4,0.0579,0.91,257.3,212.3,12.6
2025-10-05T16:07:00+00:00,2179.1,95.63,344.3,13.85,415.4,19.0,570.4,0.0604,0.92,257.3,212.3,11.5
2025-10-05T16:08:00+00:00,1783.9,94.55,357.4,13.66,404.9,20.2,558.6,0.0587,0.95,257.3,212.3,11.3
2025-10-05T16:09:00+00:00,2099.5,95.93,355.4,13.78,408.3,20.5,634.0,0.0639,0.97,257.3,212.3,11.2
2025-10-05T16:10:00+00:00,2209.5,94.71,349.9,13.75,412.4,20.8,587.5,0.0616,0.87,257.3,212.3,12.9
2025-10-05T16:11:00+00:00,1866.1,92.57,359.9,13.91,398.5,17.7,581.7,0.0578,0.84,257.3,212.3,12.9
2025-10-05T16:12:00+00:00,1996.6,96.54,347.8,14.00,415.2,20.6,629.4,0.0582,0.80,257.3,212.3,12.5
2025-10-05T16:13:00+00:00,1828.2,91.10,356.5,13.76,425.5,18.3,579.9,0.0595,0.94,257.3,212.3,13.5
2025-10-05T16:14:00+00:00,2102.0,92.17,352.5,13.76,404.2,20.2,611.0,0.0680,0.90,257.3,212.3,11.3
2025-10-05T16:15:00+00:00,1958.4,91.79,346.5,13.71,392.4,20.2,593.6,0.0637,0.95,257.3,212.3,12.1
2025-10-05T16:16:00+00:00,2113.0,93.76,343.9,13.89,411.1,21.3,612.9,0.0623,0.93,257.3,212.3,12.2
2025-10-05T16:17:00+00:00,1929.8,93.03,357.1,13.64,438.4,18.2,590.0,0.0602,0.91,257.3,212.3,12.5
2025-10-05T16:18:00+00:00,1961.9,94.81,345.1,13.76,407.9,18.5,583.1,0.0591,0.90,257.3,212.3,11.3
2025-10-05T16:19:00+00:00,2038.6,95.69,363.3,13.77,427.4,19.2,617.2,0.0598,0.95,257.3,212.3,10.5
2025-10-05T16:20:00+00:00,1955.6,93.23,363.6,13.72,419.4,19.5,544.0,0.0590,0.90,257.3,212.3,11.4
2025-10-05T16:21:00+00:00,2004.9,94.81,326.1,13.84,427.0,19.0,589.9,0.0668,0.98,257.3,212.3,11.9
2025-10-05T16:22:00+00:00,2132.0,95.50,345.8,13.79,417.6,20.7,575.3,0.0602,0.93,257.3,212.3,13.3
2025-10-05T16:23:00+00:00,2021.0,92.75,344.5,13.85,430.0,20.9,655.3,0.0593,0.90,257.3,212.3,12.0
2025-10-05T16:24:00+00:00,1980.7,94.05,347.4,13.93,418.4,20.1,644.2,0.0590,0.89,257.3,212.3,11.1
2025-10-05T16:25:00+00:00,2080.8,94.91,354.5,13.76,407.3,17.3,568.9,0.0611,0.93,257.3,212.3,13.7
2025-10-05T16:26:00+00:00,2054.1,95.68,348.4,13.99,426.7,20.1,660.3,0.0621,0.91,257.3,212.3,12.8
2025-10-05T16:27:00+00:00,1851.2,91.40,340.3,13.72,422.0,19.1,584.8,0.0591,0.83,257.3,212.3,12.5
2025-10-05T16:28:00+00:00,1679.8,92.85,368.7,13.49,387.7,18.4,606.2,0.0575,0.90,257.3,212.3,12.7
2025-10-05T16:29:00+00:00,2082.2,96.55,345.7,13.68,419.4,16.9,661.0,0.0593,0.87,257.3,212.3,10.9
2025-10-05T16:30:00+00:00,1825.5,93.65,343.3,13.75,392.9,20.9,570.6,0.0590,0.97,257.3,212.3,15.1
2025-10-05T16:31:00+00:00,2026.6,95.80,355.7,13.97,408.8,21.0,590.5,0.0646,0.93,257.3,212.3,12.7
2025-10-05T16:32:00+00:00,1897.0,92.93,361.4,13.71,412.0,20.3,605.0,0.0597,0.84,257.3,212.3,11.9
2025-10-05T16:33:00+00:00,2061.9,95.58,343.9,14.05,407.1,19.2,631.8,0.0604,1.00,257.3,212.3,11.5
2025-10-05T16:34:00+00:00,2112.8,94.64,355.5,13.69,419.2,18.8,574.9,0.0602,0.93,257.3,212.3,11.8
2025-10-05T16:35:00+00:00,2087.2,93.98,368.0,13.78,417.8,19.7,648.2,0.0668,0.85,257.3,212.3,11.7
2025-10-05T16:36:00+00:00,1885.7,91.39,332.9,13.40,418.2,21.6,617.1,0.0588,0.93,257.3,212.3,12.8
2025-10-05T16:37:00+00:00,1959.1,94.68,375.2,13.66,417.1,19.6,628.7,0.0682,0.89,257.3,212.3,10.1
2025-10-05T16:38:00+00:00,1999.7,92.41,367.7,13.79,392.7,22.6,609.8,0.0633,0.95,257.3,212.3,12.5
2025-10-05T16:39:00+00:00,2088.3,94.63,335.2,13.96,400.9,20.2,589.3,0.0594,0.88,257.3,212.3,12.6
2025-10-05T16:40:00+00:00,979.7,90.06,370.5,13.81,378.8,21.6,550.4,0.0562,1.14,257.3,212.3,12.4
2025-10-05T16:41:00+00:00,989.3,90.88,351.0,13.78,384.8,21.4,541.6,0.0613,0.91,257.3,212.3,11.9
2025-10-05T16:42:00+00:00,968.4,92.18,364.0,14.11,370.2,19.3,581.6,0.0565,0.97,257.3,212.3,12.6
2025-10-05T16:43:00+00:00,1050.1,91.75,344.3,13.80,375.0,19.6,559.4,0.0578,0.97,257.3,212.3,12.1
2025-10-05T16:44:00+00:00,1091.1,93.04,363.8,14.01,396.0,19.7,570.5,0.0578,0.98,257.3,212.3,13.7
2025-10-05T16:45:00+00:00,1063.9,89.20,346.9,13.75,410.2,20.3,576.4,0.0543,0.91,257.3,212.3,12.4
2025-10-05T16:46:00+00:00,960.8,89.50,359.0,13.50,362.7,19.5,615.4,0.0538,0.90,257.3,212.3,12.7
2025-10-05T16:47:00+00:00,1017.1,93.45,355.2,13.78,390.6,18.7,524.7,0.0534,0.83,257.3,212.3,12.8
2025-10-05T16:48:00+00:00,900.6,91.07,347.2,13.92,339.0,18.1,547.0,0.0585,0.84,257.3,212.3,11.7
2025-10-05T16:49:00+00:00,938.9,91.35,370.2,13.93,394.8,20.6,541.1,0.0580,0.92,257.3,212.3,10.4
2025-10-05T16:50:00+00:00,841.7,89.19,358.5,13.66,391.4,19.1,544.0,0.0567,0.90,257.3,212.3,12.5
2025-10-05T16:51:00+00:00,1002.3,90.78,358.3,13.62,375.0,19.9,597.3,0.0537,0.88,257.3,212.3,11.7
2025-10-05T16:52:00+00:00,1147.8,88.34,350.1,13.78,398.4,18.5,524.7,0.0608,0.94,257.3,212.3,12.3
2025-10-06T06:00:00+00:00,1100.2,91.65,350.9,13.80,406.9,18.1,587.6,0.0507,0.54,44.3,224.3,10.1
2025-10-06T06:01:00+00:00,855.6,89.03,357.5,13.96,400.4,20.1,527.8,0.0504,0.58,44.3,224.3,8.7
2025-10-06T06:02:00+00:00,963.7,90.97,344.5,13.93,386.0,21.7,528.8,0.0540,0.58,44.3,224.3,8.3
2025-10-06T06:03:00+00:00,1043.4,91.70,355.8,13.69,383.3,21.0,495.9,0.0517,0.49,44.3,224.3,8.4
2025-10-06T06:04:00+00:00,1075.7,89.27,372.1,13.77,377.3,19.5,576.3,0.0512,0.55,44.3,224.3,7.4
2025-10-06T06:05:00+00:00,1011.5,94.33,358.6,13.62,385.2,18.5,529.9,0.0498,0.50,44.3,224.3,8.2
2025-10-06T06:06:00+00:00,938.6,91.96,355.8,13.60,377.7,20.3,539.5,0.0498,0.52,44.3,224.3,8.2
2025-10-06T06:07:00+00:00,896.2,90.50,358.3,14.10,372.6,17.8,604.8,0.0507,0.63,44.3,224.3,7.7
2025-10-06T06:08:00+00:00,961.4,92.66,363.8,14.19,398.6,18.9,548.1,0.0554,0.57,44.3,224.3,9.4
2025-10-06T06:09:00+00:00,1084.5,89.33,358.7,13.72,396.2,20.8,468.6,0.0506,0.53,44.3,224.3,8.8
2025-10-06T06:10:00+00:00,889.4,88.58,375.9,13.83,380.4,20.4,548.5,0.0507,0.65,44.3,224.3,9.0
2025-10-06T06:11:00+00:00,924.0,91.39,352.1,13.88,360.6,19.4,536.0,0.0499,0.54,44.3,224.3,8.7
2025-10-06T06:12:00+00:00,1945.7,92.96,346.6,13.97,403.0,19.6,568.2,0.0554,0.57,44.3,224.3,8.1
2025-10-06T06:13:00+00:00,2022.6,94.42,345.4,13.39,412.9,22.3,560.5,0.0551,0.47,44.3,224.3,10.1
2025-10-06T06:14:00+00:00,2029.3,93.43,349.3,13.72,412.4,20.7,608.6,0.0579,0.60,44.3,224.3,9.4
2025-10-06T06:15:00+00:00,1900.8,93.41,344.7,13.39,388.4,21.1,590.3,0.0619,0.56,44.3,224.3,8.3
2025-10-06T06:16:00+00:00,2093.5,94.47,347.1,13.56,428.2,18.0,543.0,0.0564,0.56,44.3,224.3,9.5
2025-10-06T06:17:00+00:00,2070.2,94.37,349.6,13.60,398.8,17.8,581.9,0.0562,0.53,44.3,224.3,7.6
2025-10-06T06:18:00+00:00,2110.4,95.96,340.9,13.57,398.9,20.1,598.5,0.0619,0.62,44.3,224.3,11.0
2025-10-06T06:19:00+00:00,2049.4,93.33,355.6,13.94,420.7,19.5,656.4,0.0557,0.53,44.3,224.3,9.5
2025-10-06T06:20:00+00:00,2045.1,91.20,348.1,13.77,412.5,18.9,599.5,0.0567,0.63,44.3,224.3,10.4
2025-10-06T06:21:00+00:00,1948.1,92.80,350.8,13.70,415.3,19.2,598.3,0.0554,0.54,44.3,224.3,8.4
2025-10-06T06:22:00+00:00,2088.8,94.05,352.1,13.58,422.7,19.6,591.4,0.0565,0.58,44.3,224.3,7.2
2025-10-06T06:23:00+00:00,1932.4,96.41,345.4,13.51,425.0,18.6,631.7,0.0559,0.60,44.3,224.3,8.9
2025-10-06T06:24:00+00:00,2085.4,94.44,351.1,13.67,417.0,20.6,613.6,0.0567,0.52,44.3,224.3,10.2
2025-10-06T06:25:00+00:00,2058.4,93.90,363.9,14.07,421.9,21.6,576.5,0.0563,0.58,44.3,224.3,8.2
2025-10-06T06:26:00+00:00,2049.4,98.81,356.1,13.82,407.8,17.8,636.3,0.0638,0.50,44.3,224.3,7.7
2025-10-06T06:27:00+00:00,2060.1,95.95,354.9,13.90,423.8,20.5,597.8,0.0571,0.64,44.3,224.3,8.0
2025-10-06T06:28:00+00:00,1899.4,90.29,353.9,13.80,426.5,21.4,611.2,0.0551,0.54,44.3,224.3,8.2
2025-10-06T06:29:00+00:00,2133.3,94.62,344.7,13.75,411.6,20.0,613.7,0.0616,0.57,44.3,224.3,7.5
2025-10-06T06:30:00+00:00,1957.2,92.94,345.7,13.66,418.7,19.7,598.4,0.0557,0.59,44.3,224.3,8.0
2025-10-06T06:31:00+00:00,2011.2,93.42,352.7,13.78,411.5,18.6,617.0,0.0568,0.53,44.3,224.3,9.4
2025-10-06T06:32:00+00:00,2066.4,94.20,351.0,13.77,429.6,21.0,627.5,0.0551,0.46,44.3,224.3,8.3
2025-10-06T06:33:00+00:00,1915.5,96.20,345.9,13.79,403.9,17.4,584.8,0.0553,0.55,44.3,224.3,9.7
2025-10-06T06:34:00+00:00,2082.1,98.58,354.8,13.72,422.2,19.1,522.1,0.0662,0.62,44.3,224.3,8.8
2025-10-06T06:35:00+00:00,1967.6,92.84,349.8,13.79,427.2,16.3,639.9,0.0567,0.56,44.3,224.3,9.6
2025-10-06T06:36:00+00:00,1961.7,94.27,351.3,13.89,421.4,18.5,542.3,0.0553,0.52,44.3,224.3,11.3
2025-10-06T06:37:00+00:00,2164.4,94.93,353.3,13.97,433.4,21.8,600.2,0.0569,0.58,44.3,224.3,9.3
2025-10-06T06:38:00+00:00,1999.7,91.29,352.3,13.78,424.8,19.4,565.2,0.0560,0.57,44.3,224.3,10.4
2025-10-06T06:39:00+00:00,2044.7,90.99,339.6,13.76,412.8,17.5,586.1,0.0575,0.50,44.3,224.3,9.0
2025-10-06T06:40:00+00:00,2092.5,93.93,340.3,13.91,420.5,19.2,643.3,0.0586,0.51,44.3,224.3,9.2
2025-10-06T06:41:00+00:00,1967.0,94.44,353.5,13.82,425.5,17.6,610.8,0.0551,0.51,44.3,224.3,8.4
2025-10-06T06:42:00+00:00,1985.3,92.86,348.3,13.65,412.5,20.4,608.5,0.0559,0.57,44.3,224.3,9.7
2025-10-06T06:43:00+00:00,1794.8,92.53,349.7,13.70,401.5,18.4,638.7,0.0540,0.48,44.3,224.3,8.0
2025-10-06T06:44:00+00:00,2038.6,95.57,354.8,13.82,417.6,22.3,575.8,0.0580,0.54,44.3,224.3,8.6
2025-10-06T06:45:00+00:00,2090.9,93.48,354.3,14.12,416.9,19.5,555.6,0.0561,0.55,44.3,224.3,9.0
2025-10-06T06:46:00+00:00,1739.0,92.64,340.2,13.56,406.4,19.2,642.0,0.0553,0.65,44.3,224.3,8.2
2025-10-06T06:47:00+00:00,2053.2,93.52,362.3,13.74,415.3,23.7,554.1,0.0570,0.65,44.3,224.3,8.0
2025-10-06T06:48:00+00:00,2028.1,93.34,340.5,13.84,393.2,20.4,585.5,0.0601,0.58,44.3,224.3,8.4
2025-10-06T06:49:00+00:00,1908.1,94.39,361.3,13.76,392.7,19.6,621.0,0.0597,0.53,44.3,224.3,8.7
2025-10-06T06:50:00+00:00,2030.0,91.07,349.7,13.73,425.0,18.1,604.7,0.0570,0.56,44.3,224.3,9.9
2025-10-06T06:51:00+00:00,2042.8,95.14,338.8,13.81,389.0,17.2,635.4,0.0628,0.50,44.3,224.3,8.7
2025-10-06T06:52:00+00:00,2111.7,92.68,356.4,13.88,425.1,19.8,562.6,0.0566,0.59,44.3,224.3,8.1
2025-10-06T06:53:00+00:00,1889.4,92.85,344.1,13.95,391.1,22.8,587.0,0.0564,0.60,44.3,224.3,6.9
2025-10-06T06:54:00+00:00,2006.7,92.59,352.6,13.80,404.8,22.5,571.4,0.0568,0.55,44.3,224.3,9.6
2025-10-06T06:55:00+00:00,2270.8,95.49,334.4,14.02,411.6,17.9,636.4,0.0569,0.52,44.3,224.3,10.1
2025-10-06T06:56:00+00:00,2122.9,92.35,350.2,13.81,400.9,18.5,614.5,0.0628,0.55,44.3,224.3,7.3
2025-10-06T06:57:00+00:00,1896.4,94.68,338.4,13.80,403.8,21.8,619.6,0.0565,0.57,44.3,224.3,9.7
2025-10-06T06:58:00+00:00,2096.6,95.21,358.3,13.63,413.7,18.0,590.5,0.0555,0.47,44.3,224.3,7.7
2025-10-06T06:59:00+00:00,2003.3,95.21,349.5,13.66,411.7,20.1,634.9,0.0579,0.49,44.3,224.3,8.8
2025-10-06T07:00:00+00:00,2246.4,94.25,343.1,13.91,436.1,22.0,630.4,0.0570,0.53,44.3,224.3,7.8
2025-10-06T07:01:00+00:00,1978.6,91.96,343.7,14.04,417.1,22.7,602.7,0.0618,0.59,44.3,224.3,9.6
2025-10-06T07:02:00+00:00,2062.8,95.40,343.5,13.76,418.9,21.4,570.8,0.0566,0.47,44.3,224.3,8.7
2025-10-06T07:03:00+00:00,1856.7,93.66,357.8,13.81,422.2,17.1,551.4,0.0547,0.54,44.3,224.3,8.7
2025-10-06T07:04:00+00:00,1925.9,93.91,364.7,14.00,427.6,21.4,600.8,0.0554,0.56,44.3,224.3,10.1
2025-10-06T07:05:00+00:00,2577.8,95.89,353.4,13.81,430.1,19.4,677.0,0.0582,0.49,44.3,224.3,7.2
2025-10-06T07:06:00+00:00,1983.7,98.05,351.4,13.75,408.8,23.5,592.9,0.0556,0.53,44.3,224.3,8.6
2025-10-06T07:07:00+00:00,2498.8,97.75,350.6,13.76,423.8,20.9,631.9,0.0580,0.52,44.3,224.3,8.6
2025-10-06T07:08:00+00:00,1919.3,94.49,341.7,13.87,400.8,18.9,589.3,0.0557,0.58,44.3,224.3,7.6
2025-10-06T07:09:00+00:00,2193.6,94.06,346.3,13.87,403.8,19.1,601.9,0.0605,0.52,44.3,224.3,9.8
2025-10-06T07:10:00+00:00,1958.6,91.86,344.9,13.79,412.4,21.8,648.1,0.0561,0.62,44.3,224.3,11.5
2025-10-06T07:11:00+00:00,2444.6,94.04,350.6,13.62,421.7,20.2,627.5,0.0582,0.55,44.3,224.3,8.0
2025-10-06T07:12:00+00:00,2058.7,96.28,338.1,13.93,414.3,19.0,561.4,0.0571,0.48,44.3,224.3,10.3
2025-10-06T07:13:00+00:00,2380.8,95.92,355.5,14.01,413.3,18.8,614.6,0.0667,0.62,44.3,224.3,8.6
2025-10-06T07:14:00+00:00,2004.2,95.02,344.5,13.80,428.3,19.7,590.3,0.0659,0.65,44.3,224.3,8.8
2025-10-06T07:15:00+00:00,1897.2,92.55,350.0,13.62,396.4,20.2,590.9,0.0550,0.53,44.3,224.3,8.3
2025-10-06T07:16:00+00:00,2480.8,95.92,333.6,13.87,419.2,20.6,592.2,0.0589,0.61,44.3,224.3,10.0
2025-10-06T07:17:00+00:00,2525.5,96.16,344.8,13.99,445.8,19.4,614.7,0.0658,0.58,44.3,224.3,8.1
2025-10-06T07:18:00+00:00,2023.1,94.16,346.4,13.70,408.9,22.1,593.8,0.0560,0.58,44.3,224.3,9.0
2025-10-06T07:19:00+00:00,1949.7,96.24,353.2,13.82,416.5,19.2,620.4,0.0566,0.60,44.3,224.3,8.2
2025-10-06T07:20:00+00:00,2358.3,93.79,363.9,13.77,426.1,22.0,548.9,0.0646,0.54,44.3,224.3,7.9
2025-10-06T07:21:00+00:00,2103.8,92.59,350.4,13.87,398.9,20.5,620.1,0.0622,0.49,44.3,224.3,7.1
2025-10-06T07:22:00+00:00,2452.5,93.91,354.9,13.74,423.3,18.1,579.8,0.0602,0.57,44.3,224.3,8.1
2025-10-06T07:23:00+00:00,2082.9,95.89,346.3,13.78,411.8,20.7,636.8,0.0572,0.65,44.3,224.3,10.4
2025-10-06T07:24:00+00:00,1931.7,93.19,365.3,13.67,420.6,18.8,511.5,0.0622,0.58,44.3,224.3,10.4
2025-10-06T07:25:00+00:00,1934.5,95.13,338.5,13.56,418.9,20.7,603.9,0.0554,0.50,44.3,224.3,8.6
2025-10-06T07:26:00+00:00,2513.3,96.96,347.7,13.50,413.6,19.7,646.3,0.0584,0.54,44.3,224.3,9.0
2025-10-06T07:27:00+00:00,2435.3,97.31,348.0,13.84,411.0,19.1,622.2,0.0578,0.50,44.3,224.3,9.3
2025-10-06T07:28:00+00:00,2105.9,93.82,354.3,13.49,407.4,22.5,605.6,0.0559,0.51,44.3,224.3,7.3
2025-10-06T07:29:00+00:00,2116.2,93.00,346.3,13.76,423.4,17.5,611.9,0.0567,0.60,44.3,224.3,9.5
2025-10-06T07:30:00+00:00,1906.6,93.51,347.3,14.00,417.1,20.4,570.0,0.0589,0.57,44.3,224.3,8.6
2025-10-06T07:31:00+00:00,1973.4,94.28,346.8,13.67,426.5,20.8,655.0,0.0559,0.58,44.3,224.3,9.6
2025-10-06T07:32:00+00:00,2002.4,93.32,350.3,13.76,412.7,20.7,593.6,0.0671,0.55,44.3,224.3,9.3
2025-10-06T07:33:00+00:00,2109.1,93.53,356.3,13.97,395.2,19.4,578.0,0.0576,0.49,44.3,224.3,8.9
2025-10-06T07:34:00+00:00,1939.2,94.70,354.7,13.90,398.7,17.8,642.8,0.0558,0.59,44.3,224.3,9.6
2025-10-06T07:35:00+00:00,2166.0,95.02,340.3,13.70,428.2,18.4,640.2,0.0558,0.48,44.3,224.3,8.1
2025-10-06T07:36:00+00:00,2063.8,95.78,355.4,13.76,396.1,20.9,571.9,0.0614,0.54,44.3,224.3,8.3
2025-10-06T07:37:00+00:00,1966.4,92.48,361.3,14.15,404.8,18.0,569.4,0.0557,0.56,44.3,224.3,7.4
2025-10-06T07:38:00+00:00,1821.6,96.59,350.7,13.72,396.6,20.0,586.3,0.0621,0.58,44.3,224.3,8.6
2025-10-06T07:39:00+00:00,1949.8,95.68,341.7,13.78,405.5,19.9,610.5,0.0568,0.54,44.3,224.3,10.1
2025-10-06T07:40:00+00:00,2148.7,93.70,357.1,13.86,405.0,18.6,630.3,0.0578,0.63,44.3,224.3,7.4
2025-10-06T07:41:00+00:00,1974.6,93.96,365.7,13.93,413.6,20.1,613.3,0.0653,0.62,44.3,224.3,9.4
2025-10-06T07:42:00+00:00,2161.1,94.20,346.2,14.04,386.0,17.4,613.6,0.0556,0.46,44.3,224.3,8.0
2025-10-06T07:43:00+00:00,2031.5,96.44,347.8,13.60,429.2,18.2,633.5,0.0570,0.65,44.3,224.3,8.5
2025-10-06T07:44:00+00:00,1990.3,92.96,346.7,14.11,432.4,20.3,663.1,0.0569,0.54,44.3,224.3,8.8
2025-10-06T07:45:00+00:00,2046.6,91.82,341.3,13.56,415.9,19.5,561.1,0.0559,0.54,44.3,224.3,8.0
2025-10-06T07:46:00+00:00,2271.6,93.22,348.5,13.80,421.7,19.4,665.1,0.0593,0.52,44.3,224.3,9.3
2025-10-06T07:47:00+00:00,1988.4,92.75,335.0,13.91,398.4,17.7,591.9,0.0553,0.53,44.3,224.3,9.5
2025-10-06T07:48:00+00:00,2010.5,96.02,356.1,13.86,405.1,16.9,578.5,0.0551,0.49,44.3,224.3,8.2
2025-10-06T07:49:00+00:00,2072.9,90.59,353.0,13.71,417.5,18.5,614.3,0.0565,0.59,44.3,224.3,8.5
2025-10-06T07:50:00+00:00,2019.9,93.53,359.3,13.78,417.7,21.6,575.9,0.0560,0.56,44.3,224.3,10.6
2025-10-06T07:51:00+00:00,2210.1,96.98,339.9,13.86,410.6,19.5,598.0,0.0594,0.66,44.3,224.3,8.2
2025-10-06T07:52:00+00:00,1946.1,92.93,348.1,13.84,425.4,20.5,589.9,0.0573,0.55,44.3,224.3,9.9
2025-10-06T07:53:00+00:00,1980.2,95.48,345.7,14.05,415.9,17.9,632.9,0.0549,0.48,44.3,224.3,8.6
2025-10-06T07:54:00+00:00,2074.6,95.22,358.5,13.89,415.1,17.4,568.3,0.0559,0.53,44.3,224.3,7.4
2025-10-06T07:55:00+00:00,2030.6,91.91,358.0,13.93,420.4,22.6,555.6,0.0573,0.58,44.3,224.3,10.6
2025-10-06T07:56:00+00:00,2079.5,94.36,344.5,13.59,426.8,18.3,563.5,0.0567,0.53,44.3,224.3,9.2
2025-10-06T07:57:00+00:00,1903.0,92.93,342.8,13.93,412.3,19.3,630.9,0.0600,0.58,44.3,224.3,9.0
2025-10-06T07:58:00+00:00,2146.4,95.35,354.3,13.88,404.8,21.7,562.6,0.0565,0.55,44.3,224.3,8.2
2025-10-06T07:59:00+00:00,2037.3,95.99,349.6,13.66,423.5,19.3,573.5,0.0608,0.58,44.3,224.3,9.2
2025-10-06T08:00:00+00:00,2056.7,92.67,351.9,13.89,441.7,17.4,601.0,0.0557,0.52,44.3,224.3,8.8
2025-10-06T08:01:00+00:00,2028.4,93.51,360.6,13.48,406.8,19.1,602.2,0.0556,0.54,44.3,224.3,10.4
2025-10-06T08:02:00+00:00,2062.4,93.61,338.3,13.83,437.9,22.4,576.8,0.0565,0.55,44.3,224.3,8.7
2025-10-06T08:03:00+00:00,1906.0,93.32,362.2,13.86,430.2,20.7,580.6,0.0545,0.48,44.3,224.3,8.7
2025-10-06T08:04:00+00:00,1955.3,93.73,349.4,13.69,405.2,22.0,589.8,0.0604,0.55,44.3,224.3,8.6
2025-10-06T08:05:00+00:00,1968.2,95.58,346.4,14.01,440.3,20.8,593.3,0.0583,0.57,44.3,224.3,12.2
2025-10-06T08:06:00+00:00,2008.2,92.70,344.7,13.53,443.0,19.2,586.3,0.0611,0.50,44.3,224.3,9.0
2025-10-06T08:07:00+00:00,2005.1,92.82,346.0,13.51,409.0,22.7,603.6,0.0582,0.54,44.3,224.3,8.6
2025-10-06T08:08:00+00:00,2069.4,94.29,345.2,13.89,437.1,20.9,586.6,0.0569,0.53,44.3,224.3,8.8
2025-10-06T08:09:00+00:00,2042.9,93.65,361.6,13.87,434.6,19.2,577.2,0.0678,0.55,44.3,224.3,9.3
2025-10-06T08:10:00+00:00,1965.9,91.58,348.4,13.83,398.2,17.5,576.0,0.0555,0.54,44.3,224.3,8.5
2025-10-06T08:11:00+00:00,2084.5,92.99,343.9,13.88,423.9,22.2,612.8,0.0556,0.49,44.3,224.3,9.9
2025-10-06T08:12:00+00:00,1863.3,94.20,349.3,13.87,420.5,20.9,619.5,0.0549,0.53,44.3,224.3,7.3
2025-10-06T08:13:00+00:00,1831.2,93.20,349.6,13.89,404.8,20.1,544.5,0.0541,0.47,44.3,224.3,8.2
2025-10-06T08:14:00+00:00,1838.8,94.97,344.7,14.07,427.8,19.6,616.7,0.0549,0.54,44.3,224.3,10.0
2025-10-06T08:15:00+00:00,2144.0,96.25,338.0,13.78,426.4,18.5,581.5,0.0598,0.59,44.3,224.3,9.8
2025-10-06T08:16:00+00:00,2021.1,94.59,351.3,13.83,408.3,21.8,610.8,0.0560,0.56,44.3,224.3,9.5
2025-10-06T08:17:00+00:00,923.4,92.07,347.6,13.95,384.9,22.0,598.2,0.0525,0.47,44.3,224.3,8.7
2025-10-06T08:18:00+00:00,938.6,92.56,339.7,13.73,389.3,20.6,496.5,0.0639,0.59,44.3,224.3,8.9
2025-10-06T08:19:00+00:00,883.4,90.63,359.1,13.80,354.3,17.9,490.7,0.0499,0.57,44.3,224.3,8.3
2025-10-06T08:20:00+00:00,968.4,91.31,353.7,13.78,375.2,19.6,606.6,0.0499,0.51,44.3,224.3,9.8
2025-10-06T08:21:00+00:00,1042.8,89.91,351.2,13.64,402.2,21.3,571.6,0.0570,0.52,44.3,224.3,8.5
2025-10-06T08:22:00+00:00,1007.0,92.56,359.9,13.89,369.1,18.8,635.9,0.0494,0.46,44.3,224.3,9.1
2025-10-06T08:23:00+00:00,933.9,91.14,352.8,13.62,363.2,20.1,548.0,0.0507,0.50,44.3,224.3,9.6
2025-10-06T08:24:00+00:00,894.3,88.38,352.0,14.14,360.8,19.8,610.4,0.0500,0.56,44.3,224.3,10.2
2025-10-06T08:25:00+00:00,1129.7,92.46,349.8,13.94,391.4,17.0,579.9,0.0518,0.52,44.3,224.3,9.6
2025-10-06T08:26:00+00:00,1067.7,90.80,350.9,13.99,384.3,19.6,551.9,0.0661,0.57,44.3,224.3,8.5
2025-10-06T08:27:00+00:00,1122.3,90.19,346.0,13.81,391.4,21.2,578.2,0.0511,0.56,44.3,224.3,9.2
2025-10-06T14:00:00+00:00,1072.4,92.51,339.8,14.01,390.2,21.7,581.5,0.0505,0.53,44.3,224.3,7.7
2025-10-06T14:01:00+00:00,769.3,89.78,374.9,13.98,376.0,19.5,520.7,0.0504,0.48,44.3,224.3,9.0
2025-10-06T14:02:00+00:00,964.2,92.18,359.5,13.74,409.3,18.2,542.7,0.0527,0.51,44.3,224.3,8.6
2025-10-06T14:03:00+00:00,992.3,91.03,362.2,13.87,397.7,19.8,562.4,0.0504,0.57,44.3,224.3,8.7
2025-10-06T14:04:00+00:00,985.0,91.99,367.3,13.88,387.0,17.7,584.8,0.0504,0.57,44.3,224.3,8.8
2025-10-06T14:05:00+00:00,867.6,90.53,370.9,13.68,391.0,19.8,565.9,0.0553,0.57,44.3,224.3,8.9
2025-10-06T14:06:00+00:00,1020.5,90.13,350.4,13.69,390.8,19.2,575.6,0.0507,0.51,44.3,224.3,9.2
2025-10-06T14:07:00+00:00,885.4,91.27,361.2,13.84,359.7,20.3,559.7,0.0505,0.62,44.3,224.3,9.4
2025-10-06T14:08:00+00:00,961.1,88.96,366.1,13.90,392.9,19.5,648.6,0.0638,0.53,44.3,224.3,8.6
2025-10-06T14:09:00+00:00,1131.3,92.65,365.5,13.57,381.1,18.2,559.9,0.0555,0.52,44.3,224.3,6.6
2025-10-06T14:10:00+00:00,1014.2,87.52,356.3,13.98,411.0,20.7,561.9,0.0503,0.53,44.3,224.3,9.4
2025-10-06T14:11:00+00:00,983.8,92.75,357.3,13.85,379.5,19.0,511.1,0.0535,0.48,44.3,224.3,8.7
2025-10-06T14:12:00+00:00,1037.2,91.28,346.4,13.89,382.7,19.9,563.8,0.0524,0.53,44.3,224.3,9.1
2025-10-06T14:13:00+00:00,978.1,90.12,354.1,13.65,380.0,20.3,519.5,0.0506,0.59,44.3,224.3,9.5
2025-10-06T14:14:00+00:00,999.7,90.66,359.4,13.72,383.5,20.9,625.2,0.0503,0.55,44.3,224.3,8.9
2025-10-06T14:15:00+00:00,1936.2,97.34,356.6,13.68,403.2,17.2,554.2,0.0579,0.54,44.3,224.3,6.4
2025-10-06T14:16:00+00:00,1825.6,95.09,351.6,13.88,413.6,19.3,564.2,0.0586,0.49,44.3,224.3,9.2
2025-10-06T14:17:00+00:00,2037.2,91.76,362.3,13.65,432.2,20.7,620.4,0.0548,0.41,44.3,224.3,9.3
2025-10-06T14:18:00+00:00,1816.8,92.85,355.0,13.83,426.8,18.9,587.1,0.0595,0.56,44.3,224.3,10.7
2025-10-06T14:19:00+00:00,1933.9,95.54,347.4,13.88,414.3,17.0,554.4,0.0568,0.46,44.3,224.3,8.0
2025-10-06T14:20:00+00:00,2001.1,94.56,352.6,13.71,413.7,21.2,557.2,0.0560,0.59,44.3,224.3,9.1
2025-10-06T14:21:00+00:00,1906.2,94.40,345.5,14.03,412.9,20.4,620.8,0.0549,0.52,44.3,224.3,9.1
2025-10-06T14:22:00+00:00,1972.5,91.72,356.1,13.71,423.4,18.4,549.5,0.0564,0.62,44.3,224.3,10.4
2025-10-06T14:23:00+00:00,1885.1,94.00,343.6,13.94,419.6,17.4,599.2,0.0547,0.51,44.3,224.3,9.2
2025-10-06T14:24:00+00:00,2093.9,95.36,352.7,14.05,369.3,17.9,607.0,0.0633,0.58,44.3,224.3,9.5
2025-10-06T14:25:00+00:00,2101.5,93.76,347.2,13.94,408.9,21.9,587.2,0.0562,0.55,44.3,224.3,7.6
2025-10-06T14:26:00+00:00,2139.4,91.54,351.7,13.78,419.0,22.5,590.6,0.0593,0.62,44.3,224.3,9.6
2025-10-06T14:27:00+00:00,2065.4,91.55,356.2,13.79,407.3,22.3,554.4,0.0570,0.64,44.3,224.3,9.6
2025-10-06T14:28:00+00:00,1937.1,94.07,342.9,13.84,411.5,21.3,611.5,0.0568,0.57,44.3,224.3,9.2
2025-10-06T14:29:00+00:00,2027.6,95.79,345.5,13.91,430.5,19.9,622.1,0.0560,0.56,44.3,224.3,10.1
2025-10-06T14:30:00+00:00,2062.9,95.35,353.7,13.89,428.9,21.5,572.5,0.0586,0.53,44.3,224.3,8.1
2025-10-06T14:31:00+00:00,2076.4,91.64,350.1,14.00,421.9,21.2,636.1,0.0556,0.48,44.3,224.3,7.5
2025-10-06T14:32:00+00:00,1969.4,96.28,347.0,13.80,413.3,19.8,653.8,0.0593,0.56,44.3,224.3,8.7
2025-10-06T14:33:00+00:00,1812.5,91.09,359.0,13.77,432.3,21.3,577.5,0.0549,0.55,44.3,224.3,9.3
2025-10-06T14:34:00+00:00,2029.6,91.80,352.8,13.83,414.2,20.3,644.2,0.0579,0.57,44.3,224.3,8.2
2025-10-06T14:35:00+00:00,2090.0,96.78,347.3,13.81,433.6,20.6,604.7,0.0668,0.61,44.3,224.3,9.0
2025-10-06T14:36:00+00:00,1993.6,94.19,354.9,13.77,429.1,17.5,618.4,0.0560,0.59,44.3,224.3,8.7
2025-10-06T14:37:00+00:00,2019.1,94.38,341.3,13.96,417.3,18.8,585.2,0.0652,0.48,44.3,224.3,8.3
2025-10-06T14:38:00+00:00,2046.2,96.39,330.1,13.94,409.2,19.7,559.8,0.0562,0.56,44.3,224.3,8.7
2025-10-06T14:39:00+00:00,2083.4,95.02,352.5,13.45,402.6,19.9,618.8,0.0565,0.58,44.3,224.3,7.9
2025-10-06T14:40:00+00:00,2188.0,94.54,356.7,13.81,414.1,21.5,616.6,0.0585,0.51,44.3,224.3,8.1
2025-10-06T14:41:00+00:00,1736.7,93.32,345.2,13.88,407.4,20.2,624.4,0.0589,0.50,44.3,224.3,8.9
2025-10-06T14:42:00+00:00,2181.2,94.62,358.6,13.64,413.2,17.4,622.5,0.0603,0.50,44.3,224.3,10.5
2025-10-06T14:43:00+00:00,1907.2,94.54,344.5,13.82,390.0,21.5,620.3,0.0549,0.52,44.3,224.3,9.4
2025-10-06T14:44:00+00:00,2230.1,96.37,363.0,13.70,405.2,20.1,590.7,0.0613,0.63,44.3,224.3,8.0
2025-10-06T14:45:00+00:00,2205.1,93.23,348.2,13.79,421.4,19.4,605.1,0.0560,0.45,44.3,224.3,8.0
2025-10-06T14:46:00+00:00,2055.4,95.40,352.6,13.59,404.5,18.8,615.1,0.0567,0.58,44.3,224.3,9.2
2025-10-06T14:47:00+00:00,2232.4,92.23,347.9,14.01,437.8,17.4,619.5,0.0596,0.55,44.3,224.3,8.1
2025-10-06T14:48:00+00:00,1998.4,96.24,353.7,13.68,419.2,21.0,606.3,0.0586,0.53,44.3,224.3,9.4
2025-10-06T14:49:00+00:00,2044.6,96.22,351.5,13.93,411.6,19.6,635.4,0.0568,0.57,44.3,224.3,7.9
2025-10-06T14:50:00+00:00,1965.8,92.49,341.7,14.05,419.1,23.0,671.8,0.0552,0.51,44.3,224.3,8.1
2025-10-06T14:51:00+00:00,2071.2,95.00,351.0,13.45,434.2,19.5,653.7,0.0608,0.50,44.3,224.3,9.0
2025-10-06T14:52:00+00:00,1911.6,92.62,357.7,14.07,410.4,16.0,543.1,0.0577,0.51,44.3,224.3,7.6
2025-10-06T14:53:00+00:00,2061.2,93.37,356.2,13.75,416.0,17.3,642.9,0.0559,0.54,44.3,224.3,9.7
2025-10-06T14:54:00+00:00,1960.5,93.40,354.9,13.80,422.7,20.0,564.2,0.0558,0.58,44.3,224.3,9.9
2025-10-06T14:55:00+00:00,1865.1,94.51,343.0,14.00,387.6,19.6,588.5,0.0553,0.57,44.3,224.3,11.0
2025-10-06T14:56:00+00:00,1890.0,92.89,351.4,14.04,423.9,20.8,570.5,0.0550,0.54,44.3,224.3,8.3
2025-10-06T14:57:00+00:00,2098.6,94.18,346.3,14.04,401.8,21.1,582.8,0.0560,0.53,44.3,224.3,7.4
2025-10-06T14:58:00+00:00,1997.8,91.67,353.9,13.56,426.4,22.9,553.5,0.0557,0.54,44.3,224.3,10.6
2025-10-06T14:59:00+00:00,2259.8,92.85,355.7,13.94,425.8,21.1,613.2,0.0655,0.57,44.3,224.3,8.9
2025-10-06T15:00:00+00:00,1808.2,92.29,332.8,13.89,403.0,17.6,527.8,0.0559,0.69,44.3,224.3,8.1
2025-10-06T15:01:00+00:00,2098.3,94.81,361.5,13.76,432.7,17.8,637.7,0.0631,0.58,44.3,224.3,10.8
2025-10-06T15:02:00+00:00,1972.1,94.67,359.2,13.79,394.3,21.6,607.0,0.0593,0.47,44.3,224.3,7.2
2025-10-06T15:03:00+00:00,1990.0,92.83,354.8,13.67,417.2,21.0,586.2,0.0597,0.61,44.3,224.3,9.1
2025-10-06T15:04:00+00:00,1998.2,96.29,362.0,13.95,397.1,19.3,660.5,0.0628,0.56,44.3,224.3,8.2
2025-10-06T15:05:00+00:00,2115.1,93.16,355.1,13.89,422.8,23.6,576.0,0.0666,0.61,44.3,224.3,10.4
2025-10-06T15:06:00+00:00,1973.1,94.65,352.6,13.60,437.4,19.4,623.1,0.0568,0.59,44.3,224.3,9.5
2025-10-06T15:07:00+00:00,2287.5,94.92,360.5,13.63,406.5,20.9,671.6,0.0614,0.63,44.3,224.3,8.8
2025-10-06T15:08:00+00:00,2014.5,92.81,345.8,13.63,409.6,17.7,604.4,0.0588,0.59,44.3,224.3,10.0
2025-10-06T15:09:00+00:00,2078.7,95.27,346.7,13.74,421.3,21.6,569.5,0.0565,0.59,44.3,224.3,8.6
2025-10-06T15:10:00+00:00,2036.5,92.89,364.4,13.86,407.2,21.4,628.3,0.0561,0.58,44.3,224.3,8.1
2025-10-06T15:11:00+00:00,2103.2,94.63,360.0,14.00,433.3,21.4,603.2,0.0565,0.58,44.3,224.3,9.1
2025-10-06T15:12:00+00:00,1998.7,94.38,344.7,13.79,387.6,17.3,629.9,0.0563,0.61,44.3,224.3,9.3
2025-10-06T15:13:00+00:00,1924.9,95.32,341.6,13.76,407.2,19.7,615.9,0.0567,0.64,44.3,224.3,8.9
2025-10-06T15:14:00+00:00,1911.7,94.71,337.5,13.76,410.8,20.9,617.9,0.0581,0.57,44.3,224.3,10.4
2025-10-06T15:15:00+00:00,2062.1,93.41,344.3,13.99,424.9,19.4,630.0,0.0562,0.57,44.3,224.3,8.6
2025-10-06T15:16:00+00:00,2099.5,93.75,354.7,13.73,412.2,22.8,573.4,0.0568,0.62,44.3,224.3,8.4
2025-10-06T15:17:00+00:00,2222.6,93.67,359.5,13.59,434.6,18.9,643.3,0.0564,0.50,44.3,224.3,9.5
2025-10-06T15:18:00+00:00,2166.1,95.54,350.0,13.63,415.4,21.2,551.7,0.0573,0.48,44.3,224.3,7.7
2025-10-06T15:19:00+00:00,2010.3,94.08,351.7,13.78,407.9,21.0,615.2,0.0555,0.52,44.3,224.3,8.6
2025-10-06T15:20:00+00:00,1989.8,93.54,346.8,13.65,413.6,20.9,631.2,0.0624,0.49,44.3,224.3,10.2
2025-10-06T15:21:00+00:00,1971.2,93.53,360.9,13.92,399.8,21.2,637.4,0.0559,0.57,44.3,224.3,9.6
2025-10-06T15:22:00+00:00,2499.1,96.00,343.8,13.67,423.2,18.8,609.6,0.0599,0.58,44.3,224.3,10.8
2025-10-06T15:23:00+00:00,2257.7,95.00,358.8,13.78,426.2,17.5,636.8,0.0563,0.47,44.3,224.3,10.0
2025-10-06T15:24:00+00:00,1865.6,93.94,334.7,13.98,412.1,17.7,583.7,0.0605,0.53,44.3,224.3,9.4
2025-10-06T15:25:00+00:00,2010.4,93.35,344.3,14.06,402.4,18.0,636.0,0.0633,0.55,44.3,224.3,11.5
2025-10-06T15:26:00+00:00,1980.7,91.90,346.4,13.89,423.0,21.0,593.6,0.0604,0.57,44.3,224.3,8.6
2025-10-06T15:27:00+00:00,2155.7,96.16,328.4,13.57,409.4,22.2,633.9,0.0566,0.55,44.3,224.3,8.6
2025-10-06T15:28:00+00:00,1769.9,92.59,370.6,14.02,405.7,21.2,637.9,0.0593,0.59,44.3,224.3,9.6
2025-10-06T15:29:00+00:00,2135.8,93.22,342.9,13.74,424.7,20.8,576.2,0.0566,0.57,44.3,224.3,9.1
2025-10-06T15:30:00+00:00,2051.3,92.90,342.8,13.84,400.7,20.3,636.4,0.0558,0.53,44.3,224.3,9.0
2025-10-06T15:31:00+00:00,2343.9,95.63,341.3,13.82,443.1,21.1,572.3,0.0619,0.53,44.3,224.3,9.5
2025-10-06T15:32:00+00:00,2364.2,95.52,344.3,13.79,417.1,22.3,590.2,0.0720,0.51,44.3,224.3,8.5
2025-10-06T15:33:00+00:00,1914.3,91.40,348.5,14.03,406.4,19.6,587.3,0.0561,0.63,44.3,224.3,8.0
2025-10-06T15:34:00+00:00,2053.8,96.71,346.7,13.85,434.8,21.0,531.0,0.0619,0.46,44.3,224.3,11.3
2025-10-06T15:35:00+00:00,2102.4,92.26,362.6,13.84,413.3,18.0,599.6,0.0560,0.52,44.3,224.3,9.0
2025-10-06T15:36:00+00:00,2418.5,94.02,348.0,14.04,430.7,19.5,627.6,0.0573,0.49,44.3,224.3,10.0
2025-10-06T15:37:00+00:00,2065.2,94.97,355.9,13.78,418.5,19.5,576.3,0.0561,0.54,44.3,224.3,10.4
2025-10-06T15:38:00+00:00,2162.3,97.56,350.8,13.62,399.6,17.3,613.6,0.0570,0.60,44.3,224.3,8.7
2025-10-06T15:39:00+00:00,1997.9,91.87,354.0,13.84,404.3,20.6,531.9,0.0583,0.57,44.3,224.3,8.7
2025-10-06T15:40:00+00:00,2487.0,96.12,343.7,13.58,429.1,22.5,585.8,0.0581,0.53,44.3,224.3,10.5
2025-10-06T15:41:00+00:00,2391.9,96.65,355.4,14.02,422.7,21.5,635.6,0.0581,0.58,44.3,224.3,7.1
2025-10-06T15:42:00+00:00,2123.1,95.03,349.6,13.70,426.2,18.1,688.7,0.0592,0.55,44.3,224.3,7.7
2025-10-06T15:43:00+00:00,2435.3,91.96,344.1,13.95,436.7,18.1,614.3,0.0586,0.63,44.3,224.3,8.2
2025-10-06T15:44:00+00:00,2084.9,95.22,337.8,14.01,409.2,20.3,639.9,0.0563,0.57,44.3,224.3,9.4
2025-10-06T15:45:00+00:00,2435.7,91.26,329.4,13.83,430.2,19.9,622.6,0.0588,0.62,44.3,224.3,8.7
2025-10-06T15:46:00+00:00,2485.9,96.30,340.4,13.84,432.8,19.8,617.1,0.0588,0.60,44.3,224.3,8.3
2025-10-06T15:47:00+00:00,1929.5,94.06,344.0,13.94,416.2,20.2,609.8,0.0558,0.58,44.3,224.3,8.9
2025-10-06T15:48:00+00:00,1844.4,93.04,356.5,13.75,411.9,20.1,595.6,0.0585,0.59,44.3,224.3,8.0
2025-10-06T15:49:00+00:00,2074.1,94.47,357.3,13.71,402.8,18.3,588.1,0.0645,0.63,44.3,224.3,7.1
2025-10-06T15:50:00+00:00,2045.1,92.34,335.9,13.71,397.3,20.2,619.6,0.0565,0.61,44.3,224.3,8.4
2025-10-06T15:51:00+00:00,1899.3,96.34,332.3,13.98,403.4,18.9,606.6,0.0597,0.54,44.3,224.3,8.6
2025-10-06T15:52:00+00:00,1959.2,96.07,359.6,13.45,409.7,19.4,651.1,0.0554,0.55,44.3,224.3,7.0
2025-10-06T15:53:00+00:00,1858.1,93.10,352.2,13.94,388.2,16.6,644.0,0.0544,0.50,44.3,224.3,9.4
2025-10-06T15:54:00+00:00,2173.2,93.08,340.4,13.70,441.0,19.7,694.1,0.0565,0.52,44.3,224.3,7.6
2025-10-06T15:55:00+00:00,2114.2,95.47,345.3,13.90,416.9,20.6,584.6,0.0583,0.56,44.3,224.3,7.7
2025-10-06T15:56:00+00:00,1898.1,92.41,360.7,13.88,409.5,22.0,609.8,0.0544,0.48,44.3,224.3,8.3
2025-10-06T15:57:00+00:00,2086.4,93.01,348.6,14.00,428.6,20.1,646.4,0.0577,0.52,44.3,224.3,8.7
2025-10-06T15:58:00+00:00,1999.1,95.36,358.3,13.93,423.8,19.7,602.5,0.0627,0.57,44.3,224.3,10.7
2025-10-06T15:59:00+00:00,2047.9,93.87,351.8,13.98,392.6,19.0,591.2,0.0579,0.63,44.3,224.3,9.0
2025-10-06T16:00:00+00:00,2094.9,95.27,334.3,13.71,402.4,21.5,646.2,0.0561,0.53,44.3,224.3,9.3
2025-10-06T16:01:00+00:00,2037.9,95.20,341.5,13.57,407.7,18.3,583.3,0.0638,0.60,44.3,224.3,9.3
2025-10-06T16:02:00+00:00,2027.4,96.13,359.0,13.63,428.7,21.5,599.0,0.0563,0.59,44.3,224.3,8.4
2025-10-06T16:03:00+00:00,1909.8,97.00,346.7,13.44,414.2,21.1,562.7,0.0559,0.49,44.3,224.3,7.3
2025-10-06T16:04:00+00:00,2088.5,94.01,363.0,13.45,427.0,21.5,603.7,0.0570,0.63,44.3,224.3,9.9
2025-10-06T16:05:00+00:00,1975.8,97.20,349.0,13.70,416.0,17.9,616.8,0.0551,0.51,44.3,224.3,7.0
2025-10-06T16:06:00+00:00,2202.9,93.49,346.0,13.75,432.1,19.0,587.7,0.0572,0.54,44.3,224.3,10.5
2025-10-06T16:07:00+00:00,2060.3,96.09,354.9,13.89,414.2,18.4,572.5,0.0566,0.61,44.3,224.3,9.2
2025-10-06T16:08:00+00:00,1959.2,92.20,342.9,13.54,417.2,20.0,610.2,0.0554,0.55,44.3,224.3,9.0
2025-10-06T16:09:00+00:00,2056.9,93.58,347.2,13.80,414.4,17.6,625.3,0.0553,0.49,44.3,224.3,9.2
2025-10-06T16:10:00+00:00,2053.7,93.47,345.7,13.68,413.1,19.4,655.8,0.0597,0.46,44.3,224.3,8.9
2025-10-06T16:11:00+00:00,1968.3,93.80,334.4,13.69,414.3,16.3,602.3,0.0626,0.64,44.3,224.3,10.6
2025-10-06T16:12:00+00:00,2045.3,93.83,356.4,13.88,410.3,20.3,652.7,0.0644,0.56,44.3,224.3,10.3
2025-10-06T16:13:00+00:00,1947.6,91.86,346.5,14.04,417.6,18.3,625.1,0.0559,0.59,44.3,224.3,8.5
2025-10-06T16:14:00+00:00,2039.2,93.77,356.4,13.76,414.6,23.7,652.7,0.0583,0.56,44.3,224.3,9.7
2025-10-06T16:15:00+00:00,2004.0,96.16,354.1,13.90,408.3,22.6,598.3,0.0614,0.55,44.3,224.3,8.5
2025-10-06T16:16:00+00:00,2189.1,95.30,354.3,13.75,436.4,19.4,610.4,0.0611,0.52,44.3,224.3,8.2
2025-10-06T16:17:00+00:00,2144.5,96.18,343.3,13.95,435.1,19.2,591.2,0.0683,0.56,44.3,224.3,8.3
2025-10-06T16:18:00+00:00,2023.9,93.09,356.3,13.76,417.8,18.0,583.9,0.0567,0.64,44.3,224.3,8.1
2025-10-06T16:19:00+00:00,2084.3,92.64,354.1,13.67,429.8,19.0,620.6,0.0603,0.68,44.3,224.3,10.9
2025-10-06T16:20:00+00:00,2309.9,95.05,342.4,13.71,432.8,20.0,598.9,0.0577,0.58,44.3,224.3,8.9
2025-10-06T16:21:00+00:00,1892.0,94.76,356.5,13.61,400.0,21.6,603.0,0.0544,0.47,44.3,224.3,8.5
2025-10-06T16:22:00+00:00,1936.5,96.08,358.3,13.77,413.8,19.5,585.3,0.0547,0.49,44.3,224.3,9.9
2025-10-06T16:23:00+00:00,2072.1,94.15,343.9,13.68,405.1,20.5,604.7,0.0575,0.56,44.3,224.3,9.1
2025-10-06T16:24:00+00:00,1976.0,93.91,344.6,13.72,414.4,18.0,553.2,0.0564,0.62,44.3,224.3,9.0
2025-10-06T16:25:00+00:00,2142.4,92.16,360.6,13.88,418.9,20.8,606.0,0.0570,0.60,44.3,224.3,9.7
2025-10-06T16:26:00+00:00,1940.6,96.01,344.9,13.77,415.4,21.3,567.6,0.0569,0.49,44.3,224.3,10.0
2025-10-06T16:27:00+00:00,2035.4,92.93,348.3,13.50,413.5,18.8,622.2,0.0555,0.51,44.3,224.3,10.7
2025-10-06T16:28:00+00:00,1946.5,94.88,347.1,13.93,389.2,19.8,558.7,0.0561,0.51,44.3,224.3,9.4
2025-10-06T16:29:00+00:00,2084.8,95.77,350.8,13.76,403.6,19.5,620.2,0.0557,0.49,44.3,224.3,8.6
2025-10-06T16:30:00+00:00,1973.8,94.81,338.0,13.72,421.0,23.1,546.7,0.0555,0.56,44.3,224.3,9.8
2025-10-06T16:31:00+00:00,2124.6,95.30,351.8,13.61,417.8,17.9,649.3,0.0610,0.56,44.3,224.3,8.4
2025-10-06T16:32:00+00:00,2116.7,97.27,343.4,14.02,436.5,20.5,609.9,0.0571,0.62,44.3,224.3,6.5
2025-10-06T16:33:00+00:00,2160.0,93.40,354.8,13.89,429.6,18.1,657.4,0.0567,0.57,44.3,224.3,9.2
2025-10-06T16:34:00+00:00,1930.4,95.32,350.5,13.93,396.1,20.4,545.1,0.0582,0.53,44.3,224.3,10.1
2025-10-06T16:35:00+00:00,2009.3,93.59,354.4,13.81,421.5,17.3,582.6,0.0552,0.50,44.3,224.3,10.4
2025-10-06T16:36:00+00:00,1860.0,95.87,333.0,13.66,410.4,21.1,529.1,0.0561,0.54,44.3,224.3,9.4
2025-10-06T16:37:00+00:00,2160.5,95.96,356.0,13.84,422.3,18.7,640.9,0.0567,0.57,44.3,224.3,8.6
2025-10-06T16:38:00+00:00,2119.0,92.14,360.5,13.88,434.5,18.6,578.2,0.0600,0.58,44.3,224.3,7.4
2025-10-06T16:39:00+00:00,1741.7,92.31,351.5,14.00,402.8,20.0,601.2,0.0540,0.51,44.3,224.3,9.2
2025-10-06T16:40:00+00:00,2090.2,93.90,343.6,13.85,394.8,19.9,622.9,0.0561,0.42,44.3,224.3,7.7
2025-10-06T16:41:00+00:00,2076.9,94.55,357.6,13.62,429.1,19.3,633.5,0.0625,0.63,44.3,224.3,7.3
2025-10-06T16:42:00+00:00,1922.1,93.76,358.9,13.81,406.4,22.4,605.0,0.0564,0.65,44.3,224.3,8.6
2025-10-06T16:43:00+00:00,930.5,90.21,354.5,13.76,379.4,20.1,534.6,0.0495,0.51,44.3,224.3,8.3
2025-10-06T16:44:00+00:00,804.9,89.60,372.0,13.70,403.6,19.8,511.0,0.0523,0.63,44.3,224.3,10.6
2025-10-06T16:45:00+00:00,1021.9,90.32,334.0,13.48,378.5,19.1,617.5,0.0502,0.48,44.3,224.3,7.7
2025-10-06T16:46:00+00:00,1119.4,92.46,346.5,13.70,361.9,21.2,574.0,0.0519,0.64,44.3,224.3,7.7
2025-10-06T16:47:00+00:00,979.2,90.61,368.1,13.86,367.7,22.7,577.6,0.0507,0.61,44.3,224.3,9.3
2025-10-06T16:48:00+00:00,1107.5,90.58,348.9,13.80,378.7,20.3,605.0,0.0509,0.56,44.3,224.3,9.9
2025-10-06T16:49:00+00:00,807.0,90.42,343.8,13.70,380.5,19.3,520.4,0.0540,0.61,44.3,224.3,7.1
2025-10-06T16:50:00+00:00,941.7,89.90,347.3,13.85,381.1,19.7,568.1,0.0518,0.55,44.3,224.3,10.4
2025-10-06T16:51:00+00:00,866.0,88.21,361.8,13.62,387.7,19.3,534.0,0.0512,0.59,44.3,224.3,9.8
2025-10-06T16:52:00+00:00,1080.7,92.21,352.1,13.92,384.7,20.9,617.2,0.0533,0.57,44.3,224.3,9.0
2025-10-06T16:53:00+00:00,907.5,88.78,378.5,14.00,396.1,19.5,505.2,0.0492,0.48,44.3,224.3,8.1
2025-10-06T16:54:00+00:00,885.2,91.25,358.3,14.09,386.2,19.5,512.8,0.0494,0.52,44.3,224.3,8.9
2025-10-06T16:55:00+00:00,832.5,90.17,355.5,13.84,365.0,18.6,587.5,0.0507,0.52,44.3,224.3,9.0
2025-10-06T16:56:00+00:00,863.2,91.32,370.8,13.91,378.1,20.1,531.0,0.0489,0.48,44.3,224.3,9.6
2025-10-07T06:00:00+00:00,1037.7,92.42,359.6,13.61,379.8,21.6,574.3,0.0596,0.97,130.3,220.3,15.5
2025-10-07T06:01:00+00:00,925.3,87.97,359.0,14.01,366.2,20.9,523.0,0.0539,0.95,130.3,220.3,15.0
2025-10-07T06:02:00+00:00,984.6,93.67,362.9,13.83,408.7,19.8,580.2,0.0550,1.02,130.3,220.3,16.0
2025-10-07T06:03:00+00:00,822.6,87.77,349.0,13.81,369.5,19.8,570.7,0.0537,0.98,130.3,220.3,14.6
2025-10-07T06:04:00+00:00,1007.9,90.40,365.1,13.78,398.0,19.9,535.5,0.0629,0.98,130.3,220.3,13.2
2025-10-07T06:05:00+00:00,831.8,89.75,362.6,14.04,385.0,20.0,545.4,0.0538,0.98,130.3,220.3,16.2
2025-10-07T06:06:00+00:00,968.6,89.08,356.6,13.68,370.3,20.7,544.0,0.0539,0.93,130.3,220.3,16.3
2025-10-07T06:07:00+00:00,968.8,90.41,361.4,13.68,407.5,18.7,592.3,0.0564,1.00,130.3,220.3,14.1
2025-10-07T06:08:00+00:00,1105.6,92.51,358.9,14.00,366.3,22.5,490.1,0.0604,1.07,130.3,220.3,14.5
2025-10-07T06:09:00+00:00,868.7,90.60,370.0,13.90,395.4,19.1,520.6,0.0540,0.99,130.3,220.3,16.0
2025-10-07T06:10:00+00:00,984.8,92.84,360.2,13.93,382.7,21.7,547.1,0.0573,0.96,130.3,220.3,14.5
2025-10-07T06:11:00+00:00,1003.5,90.49,356.6,14.02,399.3,20.8,520.4,0.0542,0.94,130.3,220.3,15.3
2025-10-07T06:12:00+00:00,1947.8,95.14,340.8,13.61,427.4,17.1,592.1,0.0610,1.02,130.3,220.3,14.0
2025-10-07T06:13:00+00:00,1798.3,93.89,346.8,13.76,427.1,19.7,512.3,0.0669,0.94,130.3,220.3,14.4
2025-10-07T06:14:00+00:00,1756.7,94.71,340.6,13.72,398.8,21.0,563.2,0.0590,1.02,130.3,220.3,15.7
2025-10-07T06:15:00+00:00,1903.4,90.45,346.8,13.67,426.8,21.6,633.4,0.0630,0.92,130.3,220.3,12.7
2025-10-07T06:16:00+00:00,1938.1,94.52,360.8,13.80,431.5,19.8,620.4,0.0597,0.87,130.3,220.3,13.4
2025-10-07T06:17:00+00:00,2151.6,92.93,342.4,13.49,425.5,19.1,549.3,0.0610,0.92,130.3,220.3,15.5
2025-10-07T06:18:00+00:00,2148.8,90.61,336.1,13.87,422.8,19.7,623.7,0.0607,0.98,130.3,220.3,16.0
2025-10-07T06:19:00+00:00,1896.1,92.71,362.0,13.88,410.6,20.1,543.0,0.0640,1.07,130.3,220.3,15.2
2025-10-07T06:20:00+00:00,1945.6,93.94,358.4,13.67,413.6,19.6,605.6,0.0653,1.04,130.3,220.3,14.4
2025-10-07T06:21:00+00:00,2339.5,93.31,338.6,13.98,432.6,19.6,626.7,0.0658,0.98,130.3,220.3,14.9
2025-10-07T06:22:00+00:00,2128.4,91.17,361.5,13.81,411.9,20.3,607.2,0.0600,0.91,130.3,220.3,15.1
2025-10-07T06:23:00+00:00,1954.0,95.32,362.8,13.71,404.5,23.3,590.6,0.0628,1.01,130.3,220.3,15.6
2025-10-07T06:24:00+00:00,2108.1,93.56,364.1,13.56,401.3,18.9,627.5,0.0635,0.90,130.3,220.3,13.9
2025-10-07T06:25:00+00:00,1844.9,92.29,332.5,13.76,430.7,18.9,550.9,0.0596,0.95,130.3,220.3,16.6
2025-10-07T06:26:00+00:00,2189.9,99.28,339.7,13.84,419.4,18.6,658.3,0.0601,0.88,130.3,220.3,13.7
2025-10-07T06:27:00+00:00,2062.8,94.72,341.0,13.66,429.0,20.1,617.6,0.0682,0.98,130.3,220.3,15.7
2025-10-07T06:28:00+00:00,2104.8,93.96,356.1,14.05,424.6,18.6,645.0,0.0611,0.98,130.3,220.3,16.8
2025-10-07T06:29:00+00:00,2109.8,95.52,358.0,13.67,405.9,18.6,602.5,0.0769,1.03,130.3,220.3,15.3
2025-10-07T06:30:00+00:00,2016.9,94.44,355.8,13.76,421.0,21.0,615.2,0.0617,0.97,130.3,220.3,14.9
2025-10-07T06:31:00+00:00,2155.2,94.60,341.1,13.70,426.9,18.7,583.0,0.0607,0.97,130.3,220.3,15.3
2025-10-07T06:32:00+00:00,1953.6,93.89,342.6,13.49,412.8,19.9,525.1,0.0597,0.98,130.3,220.3,16.5
2025-10-07T06:33:00+00:00,1941.0,94.27,346.1,13.95,406.8,20.8,594.5,0.0603,1.05,130.3,220.3,15.7
2025-10-07T06:34:00+00:00,2235.9,95.64,347.5,13.75,415.9,19.9,610.9,0.0616,1.00,130.3,220.3,15.0
2025-10-07T06:35:00+00:00,1952.5,95.65,348.0,13.89,396.2,20.6,625.8,0.0645,0.97,130.3,220.3,17.3
2025-10-07T06:36:00+00:00,1988.2,94.34,346.7,13.97,424.9,21.4,635.3,0.0676,0.94,130.3,220.3,14.8
2025-10-07T06:37:00+00:00,1895.4,96.33,342.7,13.96,416.7,19.6,607.5,0.0595,0.98,130.3,220.3,16.4
2025-10-07T06:38:00+00:00,2026.4,93.60,348.1,13.80,426.4,19.4,609.8,0.0670,0.94,130.3,220.3,15.0
2025-10-07T06:39:00+00:00,2030.4,92.57,338.4,13.74,414.8,21.2,615.0,0.0598,0.93,130.3,220.3,13.6
2025-10-07T06:40:00+00:00,1976.6,93.86,344.2,13.80,413.8,19.4,576.7,0.0598,0.97,130.3,220.3,13.0
2025-10-07T06:41:00+00:00,1900.9,93.72,350.9,13.71,417.6,19.8,579.3,0.0587,0.91,130.3,220.3,13.0
2025-10-07T06:42:00+00:00,2118.4,94.16,344.3,13.96,424.8,22.6,589.2,0.0609,1.02,130.3,220.3,14.9
2025-10-07T06:43:00+00:00,2020.5,93.02,334.3,13.89,423.9,20.3,599.7,0.0594,0.91,130.3,220.3,15.0
2025-10-07T06:44:00+00:00,2107.4,93.58,352.8,13.65,425.7,21.7,570.4,0.0632,0.87,130.3,220.3,15.8
2025-10-07T06:45:00+00:00,2219.9,95.83,351.2,13.76,423.1,21.3,571.3,0.0610,0.97,130.3,220.3,15.2
2025-10-07T06:46:00+00:00,1994.1,93.77,344.8,13.85,396.6,21.0,567.3,0.0591,0.89,130.3,220.3,14.6
2025-10-07T06:47:00+00:00,1904.6,95.08,353.3,13.32,395.7,18.5,579.6,0.0609,0.98,130.3,220.3,15.4
2025-10-07T06:48:00+00:00,1965.0,93.46,335.7,13.82,413.5,21.7,589.6,0.0599,1.01,130.3,220.3,15.2
2025-10-07T06:49:00+00:00,1872.2,94.06,342.2,13.76,421.2,21.6,621.7,0.0597,1.00,130.3,220.3,14.0
2025-10-07T06:50:00+00:00,1963.0,96.14,338.6,13.87,403.0,21.6,647.3,0.0601,0.99,130.3,220.3,14.9
2025-10-07T06:51:00+00:00,1814.9,93.30,341.5,14.01,402.3,21.0,560.2,0.0590,0.99,130.3,220.3,13.3
2025-10-07T06:52:00+00:00,1914.3,94.63,353.1,13.89,422.4,20.3,576.0,0.0637,1.09,130.3,220.3,15.1
2025-10-07T06:53:00+00:00,1939.3,93.33,354.5,14.05,406.1,20.9,573.1,0.0594,0.96,130.3,220.3,14.6
2025-10-07T06:54:00+00:00,2092.6,95.39,341.5,13.78,403.6,19.2,585.1,0.0596,0.89,130.3,220.3,13.9
2025-10-07T06:55:00+00:00,2174.1,94.97,351.5,13.53,406.6,23.0,626.6,0.0645,0.93,130.3,220.3,14.2
2025-10-07T06:56:00+00:00,2102.2,95.12,352.7,13.61,403.4,21.2,646.1,0.0597,0.91,130.3,220.3,14.4
2025-10-07T06:57:00+00:00,2057.7,90.78,352.8,13.60,398.1,21.8,583.0,0.0652,0.94,130.3,220.3,14.5
2025-10-07T06:58:00+00:00,2188.4,95.71,348.0,13.88,387.4,23.0,612.9,0.0608,0.94,130.3,220.3,16.4
2025-10-07T06:59:00+00:00,2087.6,96.19,349.2,13.54,404.3,18.4,596.5,0.0605,0.98,130.3,220.3,13.5
2025-10-07T07:00:00+00:00,2079.4,95.70,343.1,13.81,426.5,21.4,627.3,0.0606,1.00,130.3,220.3,13.9
2025-10-07T07:01:00+00:00,2078.1,93.55,352.0,14.11,439.8,18.6,596.8,0.0604,0.97,130.3,220.3,14.8
2025-10-07T07:02:00+00:00,2050.8,93.10,346.7,13.46,378.8,19.9,632.2,0.0684,1.03,130.3,220.3,15.1
2025-10-07T07:03:00+00:00,2139.2,95.16,355.2,14.06,409.8,20.5,615.1,0.0598,0.85,130.3,220.3,13.8
2025-10-07T07:04:00+00:00,1865.1,95.42,352.0,13.78,381.3,20.5,609.4,0.0606,1.00,130.3,220.3,14.0
2025-10-07T07:05:00+00:00,2250.9,95.50,339.9,13.90,413.4,19.5,587.1,0.0607,0.93,130.3,220.3,14.2
2025-10-07T07:06:00+00:00,2471.5,96.05,348.6,13.74,441.5,18.6,673.7,0.0650,0.99,130.3,220.3,14.0
2025-10-07T07:07:00+00:00,1937.9,93.19,340.4,13.54,422.8,20.3,547.0,0.0586,0.87,130.3,220.3,13.6
2025-10-07T07:08:00+00:00,2038.6,92.38,343.3,14.19,396.4,19.8,582.4,0.0603,0.99,130.3,220.3,15.6
2025-10-07T07:09:00+00:00,2393.8,96.05,351.9,13.67,423.5,18.4,608.6,0.0622,1.00,130.3,220.3,15.4
2025-10-07T07:10:00+00:00,1978.8,96.16,357.7,13.71,425.6,18.6,559.9,0.0591,0.90,130.3,220.3,14.1
2025-10-07T07:11:00+00:00,2068.1,92.23,339.6,13.82,412.5,18.6,569.2,0.0661,0.94,130.3,220.3,13.0
2025-10-07T07:12:00+00:00,2381.3,94.24,344.4,13.68,438.0,20.9,585.0,0.0655,0.93,130.3,220.3,14.3
2025-10-07T07:13:00+00:00,1851.0,91.72,333.4,13.70,402.2,21.8,691.1,0.0590,0.96,130.3,220.3,13.4
2025-10-07T07:14:00+00:00,2078.9,94.13,359.4,13.47,400.2,20.0,606.8,0.0621,0.91,130.3,220.3,14.6
2025-10-07T07:15:00+00:00,1936.7,94.52,332.8,13.68,416.2,19.7,611.0,0.0637,0.94,130.3,220.3,14.5
2025-10-07T07:16:00+00:00,2459.1,96.04,344.4,13.75,417.8,21.1,617.2,0.0619,0.94,130.3,220.3,13.9
2025-10-07T07:17:00+00:00,2039.7,93.70,356.6,13.83,429.8,20.2,537.6,0.0604,0.99,130.3,220.3,13.8
2025-10-07T07:18:00+00:00,2019.7,94.80,345.8,13.85,421.9,18.5,572.4,0.0613,0.94,130.3,220.3,14.2
2025-10-07T07:19:00+00:00,1863.6,91.97,334.5,13.53,420.5,19.9,587.8,0.0590,0.95,130.3,220.3,14.2
2025-10-07T07:20:00+00:00,1919.5,95.50,353.8,13.77,403.2,19.8,575.6,0.0650,1.02,130.3,220.3,15.9
2025-10-07T07:21:00+00:00,2048.9,92.68,351.1,13.92,409.3,19.7,572.0,0.0609,1.04,130.3,220.3,12.7
2025-10-07T07:22:00+00:00,1967.1,96.69,342.1,14.19,411.5,19.2,636.5,0.0604,1.03,130.3,220.3,16.7
2025-10-07T07:23:00+00:00,1911.9,91.87,360.3,13.84,411.1,18.5,595.0,0.0588,0.90,130.3,220.3,16.9
2025-10-07T07:24:00+00:00,2106.2,94.90,344.8,13.87,425.7,18.1,604.1,0.0605,0.97,130.3,220.3,14.1
2025-10-07T07:25:00+00:00,2139.1,94.00,342.1,13.74,386.8,18.9,601.0,0.0623,0.95,130.3,220.3,14.7
2025-10-07T07:26:00+00:00,1780.5,92.45,356.8,14.07,408.2,20.5,542.8,0.0595,1.01,130.3,220.3,12.8
2025-10-07T07:27:00+00:00,2103.6,90.55,350.2,14.26,416.1,20.5,629.3,0.0638,1.02,130.3,220.3,14.1
2025-10-07T07:28:00+00:00,1922.5,94.66,344.0,13.71,432.5,19.6,603.4,0.0588,0.90,130.3,220.3,16.2
2025-10-07T07:29:00+00:00,1813.5,91.93,356.4,13.81,423.4,22.1,606.3,0.0596,1.02,130.3,220.3,14.4
2025-10-07T07:30:00+00:00,2071.1,94.77,345.6,14.03,387.6,18.5,573.0,0.0607,1.02,130.3,220.3,16.3
2025-10-07T07:31:00+00:00,1917.0,95.27,349.9,13.93,413.0,16.1,625.0,0.0624,0.91,130.3,220.3,15.0
2025-10-07T07:32:00+00:00,2002.5,94.22,351.2,13.63,417.0,17.9,627.6,0.0599,0.97,130.3,220.3,14.6
2025-10-07T07:33:00+00:00,1991.9,94.81,344.1,13.71,423.8,21.1,522.0,0.0597,0.95,130.3,220.3,14.6
2025-10-07T07:34:00+00:00,2077.6,93.43,354.8,13.79,416.2,19.0,585.3,0.0636,0.96,130.3,220.3,13.2
2025-10-07T07:35:00+00:00,2096.9,93.11,358.0,13.90,428.9,20.6,590.3,0.0605,0.98,130.3,220.3,16.3
2025-10-07T07:36:00+00:00,1978.3,92.85,351.3,13.74,421.6,17.9,548.7,0.0653,0.93,130.3,220.3,13.7
2025-10-07T07:37:00+00:00,2052.0,92.30,346.7,13.63,424.3,19.2,627.3,0.0722,1.06,130.3,220.3,15.0
2025-10-07T07:38:00+00:00,2023.9,94.28,354.8,13.78,418.0,22.7,611.8,0.0597,0.94,130.3,220.3,14.7
2025-10-07T07:39:00+00:00,2054.7,94.69,341.9,13.84,430.3,19.4,589.0,0.0608,0.90,130.3,220.3,14.0
2025-10-07T07:40:00+00:00,2151.9,93.48,348.4,13.69,416.9,23.1,583.7,0.0636,0.96,130.3,220.3,13.9
2025-10-07T07:41:00+00:00,1901.8,95.42,348.4,13.63,435.3,20.7,616.8,0.0622,0.92,130.3,220.3,13.7
2025-10-07T07:42:00+00:00,2028.8,94.84,349.0,13.81,418.6,19.1,520.2,0.0652,1.11,130.3,220.3,13.0
2025-10-07T07:43:00+00:00,1884.4,92.77,348.9,13.83,399.4,19.7,493.1,0.0582,0.87,130.3,220.3,15.0
2025-10-07T07:44:00+00:00,1889.6,96.87,348.2,13.64,400.8,19.7,570.3,0.0591,0.95,130.3,220.3,14.6
2025-10-07T07:45:00+00:00,2019.8,93.75,351.2,13.58,423.1,23.2,599.3,0.0602,0.98,130.3,220.3,14.4
2025-10-07T07:46:00+00:00,2074.3,96.50,368.4,13.84,421.9,21.0,608.9,0.0665,0.94,130.3,220.3,13.1
2025-10-07T07:47:00+00:00,2079.8,95.36,341.8,14.13,409.1,22.6,575.5,0.0603,0.96,130.3,220.3,15.1
2025-10-07T07:48:00+00:00,1971.5,93.54,334.6,13.59,423.9,22.8,630.8,0.0591,0.92,130.3,220.3,15.3
2025-10-07T07:49:00+00:00,2056.0,94.89,362.8,13.80,423.9,23.7,591.7,0.0592,0.87,130.3,220.3,14.3
2025-10-07T07:50:00+00:00,1880.6,92.75,347.4,13.67,409.8,17.1,559.2,0.0654,0.96,130.3,220.3,15.4
2025-10-07T07:51:00+00:00,1978.0,95.78,354.1,14.00,404.2,20.9,591.1,0.0614,1.02,130.3,220.3,14.5
2025-10-07T07:52:00+00:00,1696.1,93.20,349.3,14.20,406.6,22.4,631.5,0.0612,1.00,130.3,220.3,15.3
2025-10-07T07:53:00+00:00,2040.6,92.51,347.2,14.01,395.4,19.8,585.0,0.0602,1.00,130.3,220.3,14.1
2025-10-07T07:54:00+00:00,2146.2,93.90,351.9,13.83,410.0,17.3,573.9,0.0648,0.99,130.3,220.3,13.5
2025-10-07T07:55:00+00:00,1898.1,93.36,344.6,13.74,407.0,20.9,603.2,0.0600,1.03,130.3,220.3,15.9
2025-10-07T07:56:00+00:00,1918.0,92.77,348.9,13.93,435.1,18.8,588.3,0.0632,1.02,130.3,220.3,14.0
2025-10-07T07:57:00+00:00,1855.5,92.58,344.3,14.03,420.0,19.4,604.3,0.0591,0.96,130.3,220.3,15.2
2025-10-07T07:58:00+00:00,2065.3,93.72,351.2,13.61,426.5,20.6,575.3,0.0603,0.93,130.3,220.3,14.7
2025-10-07T07:59:00+00:00,1909.4,95.36,361.6,13.44,417.1,20.1,605.5,0.0685,0.90,130.3,220.3,15.8
2025-10-07T08:00:00+00:00,2109.9,93.21,348.9,13.62,435.1,19.8,583.2,0.0611,0.93,130.3,220.3,13.9
2025-10-07T08:01:00+00:00,1950.8,95.03,347.1,13.88,426.9,19.5,597.3,0.0608,0.88,130.3,220.3,15.6
2025-10-07T08:02:00+00:00,1946.7,92.66,361.1,13.85,433.3,19.8,559.8,0.0616,0.96,130.3,220.3,15.1
2025-10-07T08:03:00+00:00,2036.5,93.21,349.7,13.83,428.1,21.1,555.3,0.0596,0.92,130.3,220.3,14.6
2025-10-07T08:04:00+00:00,1933.4,96.80,340.9,13.84,431.8,22.1,602.4,0.0592,0.94,130.3,220.3,15.6
2025-10-07T08:05:00+00:00,1897.9,96.02,349.8,13.68,418.8,20.5,602.3,0.0596,1.00,130.3,220.3,13.4
2025-10-07T08:06:00+00:00,2002.2,92.70,347.9,13.91,409.9,18.0,635.5,0.0598,0.95,130.3,220.3,14.5
2025-10-07T08:07:00+00:00,2082.9,92.31,343.3,13.84,422.1,19.1,577.8,0.0602,0.96,130.3,220.3,14.9
2025-10-07T08:08:00+00:00,2095.2,93.41,350.1,13.60,413.0,19.5,627.5,0.0658,0.94,130.3,220.3,12.7
2025-10-07T08:09:00+00:00,1975.4,93.85,352.3,13.79,391.6,21.6,559.6,0.0603,1.01,130.3,220.3,16.0
2025-10-07T08:10:00+00:00,986.5,91.81,375.4,13.87,398.0,20.8,579.8,0.0605,0.97,130.3,220.3,14.0
2025-10-07T08:11:00+00:00,1123.1,91.84,366.4,13.70,369.2,21.6,581.8,0.0544,0.89,130.3,220.3,15.0
2025-10-07T08:12:00+00:00,855.3,88.91,362.6,13.74,379.4,18.6,565.8,0.0553,0.90,130.3,220.3,14.9
2025-10-07T08:13:00+00:00,842.3,89.26,359.0,13.73,386.4,18.6,541.7,0.0555,0.92,130.3,220.3,13.3
2025-10-07T08:14:00+00:00,860.3,90.43,371.6,13.79,372.9,18.7,512.3,0.0571,0.97,130.3,220.3,14.2
2025-10-07T08:15:00+00:00,858.5,88.43,354.9,14.02,378.8,19.3,544.8,0.0538,0.97,130.3,220.3,14.8
2025-10-07T08:16:00+00:00,994.7,89.19,359.4,13.92,400.4,22.0,505.2,0.0599,1.01,130.3,220.3,13.7
2025-10-07T08:17:00+00:00,1026.2,93.88,357.4,13.92,392.0,22.1,552.3,0.0552,1.02,130.3,220.3,13.5
2025-10-07T08:18:00+00:00,828.4,86.48,354.2,13.82,390.4,21.3,508.8,0.0531,0.93,130.3,220.3,13.4
2025-10-07T08:19:00+00:00,936.7,92.37,356.2,13.87,385.3,18.3,603.5,0.0545,0.98,130.3,220.3,13.5
2025-10-07T08:20:00+00:00,928.1,90.79,352.8,13.86,390.5,22.2,562.8,0.0541,0.96,130.3,220.3,13.6
2025-10-07T14:00:00+00:00,897.6,91.70,374.5,13.80,411.6,19.7,541.5,0.0541,0.98,130.3,220.3,15.7
2025-10-07T14:01:00+00:00,1004.1,93.58,364.2,13.69,371.7,19.7,589.0,0.0546,0.98,130.3,220.3,14.2
2025-10-07T14:02:00+00:00,1050.9,90.46,348.0,13.89,396.9,20.1,587.4,0.0549,0.98,130.3,220.3,15.1
2025-10-07T14:03:00+00:00,984.1,91.01,361.5,14.05,380.8,20.3,637.1,0.0544,0.96,130.3,220.3,16.7
2025-10-07T14:04:00+00:00,921.5,90.62,369.0,13.56,371.5,21.2,599.4,0.0571,0.92,130.3,220.3,15.3
2025-10-07T14:05:00+00:00,879.4,92.97,356.1,13.83,371.2,22.4,547.8,0.0602,0.97,130.3,220.3,12.9
2025-10-07T14:06:00+00:00,913.8,93.02,337.7,13.73,363.5,25.8,610.8,0.0551,1.00,130.3,220.3,14.6
2025-10-07T14:07:00+00:00,1059.5,91.59,348.7,13.83,387.8,19.1,545.8,0.0590,0.92,130.3,220.3,15.1
2025-10-07T14:08:00+00:00,955.5,91.92,345.3,13.60,358.1,20.5,557.9,0.0543,0.97,130.3,220.3,15.1
2025-10-07T14:09:00+00:00,913.6,92.79,371.4,14.02,413.4,21.9,505.6,0.0563,1.01,130.3,220.3,15.6
2025-10-07T14:10:00+00:00,947.1,89.69,369.7,13.87,370.0,20.8,572.3,0.0582,0.97,130.3,220.3,14.0
2025-10-07T14:11:00+00:00,980.5,89.57,348.8,13.76,396.1,17.7,545.1,0.0546,0.92,130.3,220.3,16.4
2025-10-07T14:12:00+00:00,1008.4,90.24,333.7,13.69,373.6,20.7,640.7,0.0548,1.01,130.3,220.3,14.0
2025-10-07T14:13:00+00:00,2059.6,94.52,343.5,13.92,422.6,21.8,610.2,0.0602,0.98,130.3,220.3,15.7
2025-10-07T14:14:00+00:00,2076.1,96.17,347.9,13.88,413.4,19.5,600.4,0.0616,0.99,130.3,220.3,13.9
2025-10-07T14:15:00+00:00,1891.2,95.40,348.3,13.70,436.0,20.5,658.2,0.0598,1.02,130.3,220.3,15.0
2025-10-07T14:16:00+00:00,1975.3,93.53,340.2,13.86,396.9,18.2,590.2,0.0597,0.98,130.3,220.3,14.8
2025-10-07T14:17:00+00:00,1989.0,94.70,364.3,13.78,411.5,19.2,583.7,0.0649,0.92,130.3,220.3,14.2
2025-10-07T14:18:00+00:00,2068.9,93.99,342.8,13.73,434.4,19.9,611.2,0.0595,0.90,130.3,220.3,14.5
2025-10-07T14:19:00+00:00,1886.9,93.13,347.4,13.57,419.4,22.3,615.1,0.0595,1.00,130.3,220.3,17.4
2025-10-07T14:20:00+00:00,1924.7,94.12,352.9,13.90,421.2,18.6,551.8,0.0607,1.00,130.3,220.3,13.7
2025-10-07T14:21:00+00:00,1978.7,94.86,349.9,13.76,415.5,20.1,615.2,0.0602,1.02,130.3,220.3,15.1
2025-10-07T14:22:00+00:00,2066.7,93.61,354.9,13.95,420.5,19.5,649.1,0.0698,0.90,130.3,220.3,14.0
2025-10-07T14:23:00+00:00,1953.3,93.79,335.6,13.95,425.4,17.7,626.2,0.0610,0.92,130.3,220.3,15.1
2025-10-07T14:24:00+00:00,1966.2,94.39,353.9,13.91,388.0,20.0,614.9,0.0600,1.00,130.3,220.3,13.1
2025-10-07T14:25:00+00:00,1896.0,92.38,352.8,13.59,408.5,18.9,640.2,0.0664,1.03,130.3,220.3,12.6
2025-10-07T14:26:00+00:00,1982.4,92.67,350.1,13.89,413.9,19.8,646.7,0.0601,0.95,130.3,220.3,15.3
2025-10-07T14:27:00+00:00,2114.8,95.44,340.1,13.62,419.7,19.2,662.0,0.0664,0.95,130.3,220.3,14.2
2025-10-07T14:28:00+00:00,2019.3,92.43,337.4,13.78,409.2,19.0,611.6,0.0611,0.87,130.3,220.3,15.2
2025-10-07T14:29:00+00:00,1950.9,96.18,350.3,13.50,417.9,21.1,576.8,0.0593,0.92,130.3,220.3,15.0
2025-10-07T14:30:00+00:00,2007.3,93.80,337.6,13.71,400.7,20.4,562.4,0.0619,0.92,130.3,220.3,14.4
2025-10-07T14:31:00+00:00,1964.0,93.59,343.4,14.00,409.4,21.7,578.4,0.0593,0.93,130.3,220.3,14.1
2025-10-07T14:32:00+00:00,1814.5,95.23,344.2,13.75,398.2,19.2,607.6,0.0589,0.97,130.3,220.3,13.6
2025-10-07T14:33:00+00:00,2202.8,96.32,353.8,13.87,390.2,20.3,560.4,0.0635,0.97,130.3,220.3,14.7
2025-10-07T14:34:00+00:00,2004.5,94.76,340.4,14.00,419.8,20.3,535.5,0.0599,0.97,130.3,220.3,15.4
2025-10-07T14:35:00+00:00,2017.6,95.56,362.5,13.94,417.0,18.5,652.0,0.0602,0.97,130.3,220.3,14.2
2025-10-07T14:36:00+00:00,1908.9,94.06,352.9,13.43,426.5,18.8,644.5,0.0631,0.98,130.3,220.3,13.9
2025-10-07T14:37:00+00:00,2073.3,91.75,349.6,13.78,397.6,23.4,655.6,0.0712,0.92,130.3,220.3,14.1
2025-10-07T14:38:00+00:00,1916.2,93.02,355.0,13.71,400.3,20.4,606.3,0.0673,0.98,130.3,220.3,15.5
2025-10-07T14:39:00+00:00,1814.5,93.05,356.3,13.84,407.4,20.8,566.8,0.0594,1.00,130.3,220.3,11.1
2025-10-07T14:40:00+00:00,2116.5,92.95,342.2,13.81,417.7,20.4,574.7,0.0632,0.94,130.3,220.3,14.8
2025-10-07T14:41:00+00:00,2043.9,96.01,344.7,13.72,430.7,18.3,621.6,0.0616,1.00,130.3,220.3,15.7
2025-10-07T14:42:00+00:00,1888.2,93.39,352.9,13.80,382.9,21.8,618.5,0.0612,0.98,130.3,220.3,15.3
2025-10-07T14:43:00+00:00,1972.8,91.34,365.9,13.72,411.0,19.3,596.8,0.0603,1.03,130.3,220.3,13.7
2025-10-07T14:44:00+00:00,2099.4,93.97,343.2,13.77,424.5,21.0,648.2,0.0612,1.04,130.3,220.3,15.9
2025-10-07T14:45:00+00:00,2077.7,94.57,346.7,13.89,405.5,17.6,594.0,0.0606,1.00,130.3,220.3,15.0
2025-10-07T14:46:00+00:00,1820.5,95.39,341.7,13.98,407.9,19.0,620.2,0.0591,0.99,130.3,220.3,15.6
2025-10-07T14:47:00+00:00,2050.7,93.94,352.7,14.01,436.8,19.9,613.6,0.0605,0.99,130.3,220.3,14.9
2025-10-07T14:48:00+00:00,1854.3,93.65,358.4,13.89,391.4,20.4,517.2,0.0599,0.96,130.3,220.3,13.9
2025-10-07T14:49:00+00:00,1966.8,90.97,351.2,13.65,426.0,18.7,600.9,0.0595,0.79,130.3,220.3,15.7
2025-10-07T14:50:00+00:00,1840.5,91.36,359.6,13.91,390.6,19.3,573.7,0.0600,1.05,130.3,220.3,13.3
2025-10-07T14:51:00+00:00,1974.3,91.94,357.7,13.70,423.4,17.2,620.5,0.0597,0.94,130.3,220.3,14.9
2025-10-07T14:52:00+00:00,1893.6,93.59,352.9,13.63,412.7,18.4,574.0,0.0596,0.99,130.3,220.3,15.0
2025-10-07T14:53:00+00:00,1944.5,94.50,338.7,13.87,400.3,19.1,589.3,0.0624,0.96,130.3,220.3,13.5
2025-10-07T14:54:00+00:00,2241.7,91.92,363.3,13.62,428.0,19.3,629.0,0.0653,0.98,130.3,220.3,13.2
2025-10-07T14:55:00+00:00,2139.3,92.77,345.6,13.58,422.5,21.2,556.7,0.0598,0.90,130.3,220.3,15.1
2025-10-07T14:56:00+00:00,1817.6,94.70,362.9,13.63,390.4,20.6,574.1,0.0641,0.96,130.3,220.3,17.0
2025-10-07T14:57:00+00:00,2011.8,96.13,346.6,13.69,419.7,22.2,577.7,0.0604,1.02,130.3,220.3,15.0
2025-10-07T14:58:00+00:00,2007.5,93.51,332.7,13.83,414.6,18.4,601.9,0.0602,0.99,130.3,220.3,14.0
2025-10-07T14:59:00+00:00,1946.5,96.39,363.8,13.68,404.7,19.6,590.5,0.0605,0.97,130.3,220.3,14.0
2025-10-07T15:00:00+00:00,1989.4,94.83,357.3,13.67,418.8,19.7,630.0,0.0632,0.92,130.3,220.3,15.4
2025-10-07T15:01:00+00:00,2064.0,94.23,364.9,13.90,400.9,20.7,541.6,0.0608,1.02,130.3,220.3,13.6
2025-10-07T15:02:00+00:00,1824.0,90.90,344.2,13.93,395.8,18.9,567.3,0.0606,0.96,130.3,220.3,13.4
2025-10-07T15:03:00+00:00,1894.0,94.95,354.6,13.63,421.7,21.2,637.1,0.0596,0.98,130.3,220.3,13.9
2025-10-07T15:04:00+00:00,2389.7,93.87,350.4,13.91,429.4,21.3,627.9,0.0669,0.93,130.3,220.3,13.0
2025-10-07T15:05:00+00:00,2392.6,91.53,341.6,13.93,407.1,19.4,580.1,0.0694,0.88,130.3,220.3,14.0
2025-10-07T15:06:00+00:00,1943.3,94.28,346.4,13.81,410.2,18.4,585.8,0.0602,1.00,130.3,220.3,16.9
2025-10-07T15:07:00+00:00,2030.5,95.75,355.2,13.65,418.5,21.5,579.9,0.0595,0.90,130.3,220.3,12.8
2025-10-07T15:08:00+00:00,1936.1,94.71,374.3,13.55,394.8,19.6,589.1,0.0655,0.84,130.3,220.3,14.3
2025-10-07T15:09:00+00:00,2524.2,94.99,346.6,13.73,394.6,22.3,641.5,0.0623,0.94,130.3,220.3,14.3
2025-10-07T15:10:00+00:00,2015.9,94.73,351.2,13.59,418.7,19.9,559.0,0.0596,0.93,130.3,220.3,17.5
2025-10-07T15:11:00+00:00,1986.4,92.82,350.2,13.67,402.2,22.6,580.7,0.0685,1.06,130.3,220.3,14.5
2025-10-07T15:12:00+00:00,1999.6,92.75,335.8,13.88,397.9,22.2,540.0,0.0609,1.07,130.3,220.3,13.6
2025-10-07T15:13:00+00:00,2445.1,95.89,348.5,13.95,434.6,21.7,559.0,0.0654,0.99,130.3,220.3,14.2
2025-10-07T15:14:00+00:00,1934.8,94.74,358.5,13.54,407.7,20.2,564.5,0.0658,0.96,130.3,220.3,13.3
2025-10-07T15:15:00+00:00,2551.3,94.91,349.2,13.71,420.7,20.2,583.6,0.0619,0.87,130.3,220.3,15.5
2025-10-07T15:16:00+00:00,2100.8,97.73,325.6,13.84,404.5,20.1,620.6,0.0627,1.01,130.3,220.3,13.9
2025-10-07T15:17:00+00:00,1816.2,94.11,358.8,13.81,405.6,22.5,617.9,0.0610,0.92,130.3,220.3,15.7
2025-10-07T15:18:00+00:00,2202.4,97.30,343.1,13.93,405.1,20.4,596.4,0.0609,0.96,130.3,220.3,14.1
2025-10-07T15:19:00+00:00,2134.1,94.22,344.4,13.92,397.2,19.9,573.8,0.0645,1.04,130.3,220.3,14.6
2025-10-07T15:20:00+00:00,2473.8,98.11,347.0,13.83,416.0,18.7,616.4,0.0633,1.05,130.3,220.3,14.8
2025-10-07T15:21:00+00:00,2028.1,93.76,348.9,13.82,396.8,20.3,592.1,0.0675,1.01,130.3,220.3,15.4
2025-10-07T15:22:00+00:00,2040.4,95.75,357.2,14.06,420.6,18.4,647.7,0.0601,0.97,130.3,220.3,12.3
2025-10-07T15:23:00+00:00,2477.3,97.21,352.6,13.99,428.4,18.3,566.6,0.0628,1.00,130.3,220.3,14.3
2025-10-07T15:24:00+00:00,2010.3,92.14,343.0,13.72,421.2,22.8,559.8,0.0599,0.97,130.3,220.3,13.0
2025-10-07T15:25:00+00:00,2047.6,97.32,340.1,13.84,415.0,20.1,605.6,0.0674,0.96,130.3,220.3,12.9
2025-10-07T15:26:00+00:00,2428.4,98.15,347.9,13.78,419.4,19.2,622.1,0.0625,0.98,130.3,220.3,14.1
2025-10-07T15:27:00+00:00,2132.4,95.90,362.2,14.00,407.8,21.5,604.3,0.0614,1.04,130.3,220.3,13.7
2025-10-07T15:28:00+00:00,2135.1,93.76,346.9,13.51,430.0,20.9,611.3,0.0643,1.09,130.3,220.3,15.3
2025-10-07T15:29:00+00:00,2472.9,94.61,352.9,14.00,429.6,16.8,679.8,0.0651,1.04,130.3,220.3,15.6
2025-10-07T15:30:00+00:00,2193.2,94.62,353.2,13.19,401.5,20.2,629.6,0.0623,1.02,130.3,220.3,17.7
2025-10-07T15:31:00+00:00,2084.5,95.76,358.5,13.80,411.4,19.7,618.4,0.0654,0.95,130.3,220.3,15.7
2025-10-07T15:32:00+00:00,1842.2,93.94,361.0,13.64,409.7,19.1,629.5,0.0617,0.89,130.3,220.3,14.8
2025-10-07T15:33:00+00:00,1977.1,94.88,348.3,13.71,418.6,19.8,596.1,0.0607,1.07,130.3,220.3,14.7
2025-10-07T15:34:00+00:00,2053.2,93.90,364.9,13.73,432.5,20.5,595.8,0.0663,1.05,130.3,220.3,16.3
2025-10-07T15:35:00+00:00,2091.3,95.02,344.5,13.80,412.6,19.0,634.9,0.0603,0.97,130.3,220.3,14.8
2025-10-07T15:36:00+00:00,2026.0,93.69,350.3,13.59,419.2,20.6,622.8,0.0607,1.03,130.3,220.3,14.3
2025-10-07T15:37:00+00:00,1858.7,93.51,350.6,13.83,413.4,21.6,586.2,0.0588,0.93,130.3,220.3,15.8
2025-10-07T15:38:00+00:00,2096.0,92.66,349.8,13.81,441.8,20.7,602.5,0.0655,0.97,130.3,220.3,15.1
2025-10-07T15:39:00+00:00,1880.1,94.82,352.8,13.89,400.7,19.8,663.3,0.0595,0.99,130.3,220.3,14.0
2025-10-07T15:40:00+00:00,1939.1,90.97,342.6,13.92,401.4,20.2,597.5,0.0631,0.98,130.3,220.3,14.0
2025-10-07T15:41:00+00:00,1941.1,91.80,346.2,13.72,407.3,19.8,627.0,0.0635,0.99,130.3,220.3,14.0
2025-10-07T15:42:00+00:00,1848.7,96.04,359.6,13.61,417.8,22.1,611.5,0.0585,0.91,130.3,220.3,15.4
2025-10-07T15:43:00+00:00,2097.2,96.81,343.4,14.10,422.0,21.7,680.2,0.0610,1.03,130.3,220.3,13.9
2025-10-07T15:44:00+00:00,2121.8,90.54,350.5,13.88,433.8,19.5,610.3,0.0615,1.07,130.3,220.3,14.1
2025-10-07T15:45:00+00:00,2152.0,95.51,347.9,13.91,397.7,16.1,626.5,0.0607,0.96,130.3,220.3,13.9
2025-10-07T15:46:00+00:00,2195.4,95.25,354.4,13.77,420.0,20.0,577.3,0.0651,0.96,130.3,220.3,13.1
2025-10-07T15:47:00+00:00,2114.0,94.33,349.9,13.86,414.1,18.4,620.0,0.0657,0.98,130.3,220.3,12.9
2025-10-07T15:48:00+00:00,2025.7,91.86,360.8,13.84,417.3,20.4,619.7,0.0601,0.98,130.3,220.3,14.3
2025-10-07T15:49:00+00:00,1892.5,97.57,347.9,14.00,409.4,18.4,631.1,0.0643,0.92,130.3,220.3,15.3
2025-10-07T15:50:00+00:00,1861.5,92.06,360.6,13.95,394.0,19.7,649.9,0.0596,1.01,130.3,220.3,14.6
2025-10-07T15:51:00+00:00,2105.2,92.80,348.4,13.78,408.8,17.5,589.0,0.0644,0.97,130.3,220.3,13.7
2025-10-07T15:52:00+00:00,2049.8,94.89,358.1,13.81,399.9,21.4,613.4,0.0600,0.97,130.3,220.3,14.6
2025-10-07T15:53:00+00:00,2035.5,94.39,344.3,13.61,402.0,18.0,631.1,0.0693,0.97,130.3,220.3,13.8
2025-10-07T15:54:00+00:00,1957.4,94.89,349.1,13.65,395.6,21.3,642.9,0.0596,0.96,130.3,220.3,14.3
2025-10-07T15:55:00+00:00,1814.7,95.70,347.7,13.88,422.2,24.1,578.2,0.0682,0.95,130.3,220.3,14.2
2025-10-07T15:56:00+00:00,2193.5,92.65,348.2,13.96,444.1,20.8,646.1,0.0612,1.00,130.3,220.3,14.4
2025-10-07T15:57:00+00:00,2065.4,93.80,337.4,13.76,417.5,15.8,603.6,0.0718,0.98,130.3,220.3,14.9
2025-10-07T15:58:00+00:00,2003.9,91.35,351.9,13.78,378.1,20.0,605.3,0.0693,1.02,130.3,220.3,14.4
2025-10-07T15:59:00+00:00,2011.3,94.07,337.4,13.82,411.6,18.8,640.1,0.0598,0.96,130.3,220.3,16.5
2025-10-07T16:00:00+00:00,2108.3,93.10,350.9,14.11,441.3,18.1,580.7,0.0602,0.88,130.3,220.3,16.1
2025-10-07T16:01:00+00:00,2230.4,94.84,352.7,13.90,415.6,18.5,619.7,0.0639,0.94,130.3,220.3,14.8
2025-10-07T16:02:00+00:00,2013.0,94.67,345.9,13.96,419.0,20.0,529.2,0.0623,0.93,130.3,220.3,15.6
2025-10-07T16:03:00+00:00,2175.3,94.63,352.9,13.80,395.6,20.5,627.3,0.0612,0.95,130.3,220.3,12.8
2025-10-07T16:04:00+00:00,2052.8,95.21,352.9,13.86,412.0,18.7,599.0,0.0629,0.99,130.3,220.3,14.6
2025-10-07T16:05:00+00:00,1957.9,92.19,347.4,13.97,424.6,20.7,601.0,0.0657,1.00,130.3,220.3,15.5
2025-10-07T16:06:00+00:00,1984.6,96.61,358.2,13.85,394.7,18.4,610.6,0.0651,0.96,130.3,220.3,14.4
2025-10-07T16:07:00+00:00,2038.3,95.99,355.6,13.79,422.5,18.8,553.3,0.0607,1.02,130.3,220.3,14.1
2025-10-07T16:08:00+00:00,2000.1,93.55,358.0,13.80,406.8,21.0,602.2,0.0611,0.90,130.3,220.3,15.2
2025-10-07T16:09:00+00:00,2099.5,92.56,335.4,13.82,421.9,17.7,626.1,0.0653,0.95,130.3,220.3,14.7
2025-10-07T16:10:00+00:00,1951.4,93.11,346.8,13.57,421.3,18.6,609.3,0.0622,1.05,130.3,220.3,15.2
2025-10-07T16:11:00+00:00,1981.9,91.94,355.5,13.66,409.3,23.8,557.9,0.0626,0.95,130.3,220.3,15.9
2025-10-07T16:12:00+00:00,1998.7,94.30,341.4,14.02,414.0,18.4,553.6,0.0597,0.94,130.3,220.3,13.9
2025-10-07T16:13:00+00:00,1987.0,93.10,336.8,13.73,418.1,19.8,592.8,0.0648,0.95,130.3,220.3,14.0
2025-10-07T16:14:00+00:00,1833.1,92.53,356.8,13.94,407.6,22.7,593.9,0.0611,1.00,130.3,220.3,16.2
2025-10-07T16:15:00+00:00,1914.8,95.18,347.1,13.53,406.6,23.7,570.4,0.0636,1.01,130.3,220.3,13.5
2025-10-07T16:16:00+00:00,2078.3,97.83,347.6,13.84,394.3,20.6,637.9,0.0635,1.00,130.3,220.3,15.1
2025-10-07T16:17:00+00:00,2150.9,92.68,358.1,13.56,435.7,21.7,568.0,0.0649,0.99,130.3,220.3,13.4
2025-10-07T16:18:00+00:00,1949.6,92.28,355.9,13.64,414.6,20.7,607.3,0.0604,1.04,130.3,220.3,14.9
2025-10-07T16:19:00+00:00,1094.1,90.71,354.1,13.62,368.4,20.1,575.0,0.0553,0.93,130.3,220.3,14.9
2025-10-07T16:20:00+00:00,1055.2,92.14,362.8,13.89,380.8,17.5,524.6,0.0622,0.93,130.3,220.3,15.4
2025-10-07T16:21:00+00:00,1000.9,94.04,352.3,13.68,391.4,20.1,549.2,0.0580,0.96,130.3,220.3,14.4
2025-10-07T16:22:00+00:00,1042.0,89.95,354.5,13.87,395.4,19.2,580.0,0.0628,1.00,130.3,220.3,15.6
2025-10-07T16:23:00+00:00,1012.7,91.41,357.2,13.97,363.8,19.8,541.6,0.0541,0.92,130.3,220.3,13.0
2025-10-07T16:24:00+00:00,1146.2,90.99,367.4,13.68,385.2,19.2,520.4,0.0559,1.04,130.3,220.3,14.6
2025-10-07T16:25:00+00:00,1004.5,90.52,358.5,14.02,380.9,23.8,561.3,0.0567,0.91,130.3,220.3,14.1
2025-10-07T16:26:00+00:00,866.7,90.75,362.6,13.89,362.5,23.7,551.6,0.0543,0.95,130.3,220.3,13.6
2025-10-07T16:27:00+00:00,1102.1,89.26,358.2,13.69,390.3,19.9,518.1,0.0601,0.93,130.3,220.3,14.8
2025-10-07T16:28:00+00:00,891.1,91.73,362.6,13.54,391.2,18.5,546.7,0.0550,0.96,130.3,220.3,14.7
2025-10-07T16:29:00+00:00,947.3,92.07,348.3,13.75,394.2,21.0,592.1,0.0552,1.06,130.3,220.3,14.3
2025-10-07T16:30:00+00:00,1126.6,91.38,355.2,14.03,392.9,19.9,573.9,0.0563,1.07,130.3,220.3,14.3
2025-10-08T06:00:00+00:00,997.4,88.29,349.8,13.94,372.4,24.9,574.3,0.0512,0.41,71.3,206.3,6.2
2025-10-08T06:01:00+00:00,1078.9,92.20,354.2,13.64,369.5,22.0,529.3,0.0500,0.45,71.3,206.3,7.4
2025-10-08T06:02:00+00:00,1101.7,90.98,359.4,14.09,419.0,20.4,555.2,0.0518,0.53,71.3,206.3,6.6
2025-10-08T06:03:00+00:00,915.0,90.33,363.4,14.05,408.6,20.4,522.5,0.0512,0.44,71.3,206.3,4.5
2025-10-08T06:04:00+00:00,929.4,91.42,354.2,13.70,374.1,18.5,553.1,0.0495,0.42,71.3,206.3,5.0
2025-10-08T06:05:00+00:00,886.2,91.38,367.5,13.83,401.9,21.8,577.3,0.0573,0.50,71.3,206.3,6.1
2025-10-08T06:06:00+00:00,996.0,90.61,359.8,13.81,368.7,25.0,554.6,0.0487,0.39,71.3,206.3,7.6
2025-10-08T06:07:00+00:00,1044.1,90.38,361.4,13.57,379.5,19.9,493.7,0.0495,0.43,71.3,206.3,6.6
2025-10-08T06:08:00+00:00,930.2,91.09,349.1,13.85,372.6,19.8,615.4,0.0493,0.49,71.3,206.3,7.4
2025-10-08T06:09:00+00:00,957.7,89.29,368.5,13.90,358.9,18.9,560.1,0.0491,0.45,71.3,206.3,5.9
2025-10-08T06:10:00+00:00,1113.9,92.23,359.5,13.72,402.0,19.4,553.5,0.0492,0.39,71.3,206.3,6.6
2025-10-08T06:11:00+00:00,1006.3,91.56,354.3,13.84,375.1,21.0,570.3,0.0518,0.52,71.3,206.3,8.0
2025-10-08T06:12:00+00:00,909.3,92.49,338.6,13.68,381.5,20.1,494.9,0.0488,0.45,71.3,206.3,5.9
2025-10-08T06:13:00+00:00,2189.1,94.26,340.6,13.84,411.3,20.8,664.3,0.0558,0.46,71.3,206.3,5.1
2025-10-08T06:14:00+00:00,1673.2,92.77,351.4,13.84,397.3,21.4,592.8,0.0532,0.47,71.3,206.3,6.8
2025-10-08T06:15:00+00:00,1848.4,90.95,352.0,13.76,432.8,20.8,563.9,0.0538,0.43,71.3,206.3,5.8
2025-10-08T06:16:00+00:00,2165.1,92.60,347.7,13.82,399.9,21.8,669.6,0.0681,0.48,71.3,206.3,5.6
2025-10-08T06:17:00+00:00,1943.5,95.38,358.4,13.56,440.1,19.6,626.5,0.0551,0.52,71.3,206.3,6.5
2025-10-08T06:18:00+00:00,2094.8,92.36,358.0,13.68,404.9,18.1,624.6,0.0561,0.50,71.3,206.3,7.0
2025-10-08T06:19:00+00:00,1980.7,96.00,366.8,13.92,412.7,22.9,577.1,0.0547,0.46,71.3,206.3,7.8
2025-10-08T06:20:00+00:00,1866.6,93.08,366.1,13.84,412.8,18.8,529.8,0.0541,0.41,71.3,206.3,4.4
2025-10-08T06:21:00+00:00,1948.0,92.85,344.3,13.69,413.1,20.5,606.1,0.0547,0.48,71.3,206.3,4.6
2025-10-08T06:22:00+00:00,1941.6,95.67,366.5,14.07,420.9,20.0,600.1,0.0544,0.45,71.3,206.3,6.2
2025-10-08T06:23:00+00:00,2087.7,96.23,347.6,13.80,399.0,20.9,581.0,0.0555,0.47,71.3,206.3,7.7
2025-10-08T06:24:00+00:00,1782.8,94.36,343.0,13.81,426.0,22.0,642.4,0.0607,0.56,71.3,206.3,5.3
2025-10-08T06:25:00+00:00,2082.4,96.75,347.8,13.65,412.5,18.2,620.3,0.0565,0.38,71.3,206.3,7.8
2025-10-08T06:26:00+00:00,1923.8,94.39,334.1,13.60,434.4,19.9,614.5,0.0588,0.45,71.3,206.3,5.9
2025-10-08T06:27:00+00:00,1926.7,94.05,349.9,14.12,393.9,21.9,530.0,0.0657,0.46,71.3,206.3,5.6
2025-10-08T06:28:00+00:00,2210.5,94.62,345.5,13.87,412.9,17.6,624.2,0.0578,0.38,71.3,206.3,6.2
2025-10-08T06:29:00+00:00,2073.3,93.64,345.0,13.72,393.9,19.2,608.4,0.0545,0.39,71.3,206.3,7.6
2025-10-08T06:30:00+00:00,1917.6,93.18,357.1,13.99,412.3,20.6,592.5,0.0541,0.44,71.3,206.3,7.2
2025-10-08T06:31:00+00:00,2072.6,94.21,355.0,13.93,423.6,22.1,538.5,0.0556,0.50,71.3,206.3,4.6
2025-10-08T06:32:00+00:00,2000.6,94.42,345.0,13.83,391.8,19.3,608.8,0.0554,0.46,71.3,206.3,5.4
2025-10-08T06:33:00+00:00,1989.8,96.13,349.7,13.88,408.7,20.2,587.0,0.0548,0.47,71.3,206.3,7.6
2025-10-08T06:34:00+00:00,1947.4,97.85,339.0,13.62,400.5,17.6,616.7,0.0542,0.42,71.3,206.3,5.8
2025-10-08T06:35:00+00:00,2087.4,97.00,341.7,13.73,420.8,20.2,631.3,0.0563,0.44,71.3,206.3,6.9
2025-10-08T06:36:00+00:00,2088.5,93.48,349.0,13.85,396.4,19.5,621.7,0.0600,0.49,71.3,206.3,5.5
2025-10-08T06:37:00+00:00,2122.7,92.38,332.5,13.61,418.5,20.3,631.2,0.0550,0.41,71.3,206.3,7.8
2025-10-08T06:38:00+00:00,1939.5,92.79,344.9,13.87,409.5,19.9,536.4,0.0581,0.47,71.3,206.3,6.5
2025-10-08T06:39:00+00:00,2036.9,93.26,352.7,13.80,420.1,19.5,629.1,0.0547,0.43,71.3,206.3,6.8
2025-10-08T06:40:00+00:00,1895.1,94.86,355.3,13.79,419.2,18.7,615.1,0.0539,0.43,71.3,206.3,5.4
2025-10-08T06:41:00+00:00,2007.0,93.76,353.8,13.68,401.4,19.4,595.9,0.0550,0.48,71.3,206.3,5.8
2025-10-08T06:42:00+00:00,2008.1,95.57,348.0,13.74,399.1,23.5,587.0,0.0547,0.45,71.3,206.3,7.6
2025-10-08T06:43:00+00:00,2195.4,95.86,371.4,13.86,389.5,17.1,599.7,0.0574,0.48,71.3,206.3,5.1
2025-10-08T06:44:00+00:00,2035.5,92.77,352.1,13.84,405.3,18.6,636.0,0.0555,0.47,71.3,206.3,5.0
2025-10-08T06:45:00+00:00,1990.0,94.73,344.9,13.57,418.9,19.7,586.2,0.0590,0.53,71.3,206.3,6.0
2025-10-08T06:46:00+00:00,2154.6,94.20,362.6,13.79,412.9,19.7,599.8,0.0552,0.43,71.3,206.3,6.9
2025-10-08T06:47:00+00:00,2091.0,93.12,337.8,13.73,436.7,19.8,613.6,0.0577,0.41,71.3,206.3,7.5
2025-10-08T06:48:00+00:00,2077.6,96.34,342.9,13.74,427.8,22.2,607.1,0.0609,0.50,71.3,206.3,4.5
2025-10-08T06:49:00+00:00,2018.3,94.14,337.0,13.49,411.9,21.0,613.1,0.0582,0.43,71.3,206.3,4.4
2025-10-08T06:50:00+00:00,2184.4,96.40,339.4,13.67,420.7,18.6,600.6,0.0580,0.44,71.3,206.3,6.7
2025-10-08T06:51:00+00:00,1841.2,95.04,366.2,13.91,407.1,20.4,603.9,0.0556,0.39,71.3,206.3,7.3
2025-10-08T06:52:00+00:00,2000.0,95.97,333.8,13.69,419.9,19.4,540.5,0.0572,0.44,71.3,206.3,6.2
2025-10-08T06:53:00+00:00,1849.4,92.75,328.1,14.21,409.1,20.0,609.2,0.0545,0.50,71.3,206.3,5.9
2025-10-08T06:54:00+00:00,1915.3,94.59,351.9,13.80,406.9,19.8,591.0,0.0548,0.51,71.3,206.3,5.9
2025-10-08T06:55:00+00:00,2020.5,93.75,339.7,13.82,438.6,18.4,618.0,0.0549,0.47,71.3,206.3,6.4
2025-10-08T06:56:00+00:00,2095.7,94.15,343.9,13.54,431.0,22.2,627.0,0.0555,0.48,71.3,206.3,6.3
2025-10-08T06:57:00+00:00,2133.3,97.70,346.4,13.86,417.3,17.8,573.7,0.0598,0.51,71.3,206.3,6.1
2025-10-08T06:58:00+00:00,2086.6,92.94,353.7,13.87,409.3,18.5,593.5,0.0553,0.46,71.3,206.3,8.1
2025-10-08T06:59:00+00:00,2237.5,97.27,357.4,13.77,412.8,17.8,575.1,0.0618,0.36,71.3,206.3,6.1
2025-10-08T07:00:00+00:00,2061.3,96.79,344.9,13.85,392.7,22.1,594.2,0.0551,0.44,71.3,206.3,4.5
2025-10-08T07:01:00+00:00,2451.3,93.20,343.6,13.76,418.9,19.9,549.9,0.0640,0.49,71.3,206.3,4.4
2025-10-08T07:02:00+00:00,1958.2,94.75,358.8,13.75,420.9,18.0,615.8,0.0550,0.50,71.3,206.3,7.0
2025-10-08T07:03:00+00:00,2183.4,94.43,351.8,14.13,430.7,22.3,585.8,0.0561,0.41,71.3,206.3,4.7
2025-10-08T07:04:00+00:00,2207.3,94.45,356.1,13.67,425.7,19.2,601.8,0.0559,0.46,71.3,206.3,7.4
2025-10-08T07:05:00+00:00,2516.9,98.37,324.2,14.09,427.1,21.4,568.9,0.0584,0.54,71.3,206.3,4.5
2025-10-08T07:06:00+00:00,2123.4,94.95,362.0,13.97,419.8,21.6,566.1,0.0587,0.40,71.3,206.3,4.7
2025-10-08T07:07:00+00:00,2083.8,96.15,357.2,14.06,410.0,18.8,586.4,0.0553,0.45,71.3,206.3,6.4
2025-10-08T07:08:00+00:00,2099.1,95.55,348.2,13.80,428.0,20.9,550.1,0.0557,0.48,71.3,206.3,7.1
2025-10-08T07:09:00+00:00,1910.4,94.59,361.9,13.75,427.0,17.9,542.2,0.0620,0.49,71.3,206.3,5.6
2025-10-08T07:10:00+00:00,2544.5,97.64,346.9,13.73,429.2,20.6,615.4,0.0712,0.53,71.3,206.3,6.7
2025-10-08T07:11:00+00:00,1910.6,93.33,359.4,13.78,423.2,20.2,620.9,0.0553,0.57,71.3,206.3,5.6
2025-10-08T07:12:00+00:00,2436.7,95.35,361.7,13.77,424.0,19.4,644.4,0.0580,0.55,71.3,206.3,4.6
2025-10-08T07:13:00+00:00,1902.2,92.77,331.8,13.79,425.4,18.6,596.8,0.0578,0.48,71.3,206.3,6.1
2025-10-08T07:14:00+00:00,2012.9,93.22,342.0,13.66,419.6,16.9,610.6,0.0549,0.47,71.3,206.3,6.1
2025-10-08T07:15:00+00:00,2049.4,93.06,344.2,13.78,403.6,21.0,604.7,0.0556,0.52,71.3,206.3,5.8
2025-10-08T07:16:00+00:00,2577.3,94.76,345.0,13.57,434.2,20.6,631.9,0.0631,0.47,71.3,206.3,7.6
2025-10-08T07:17:00+00:00,2461.9,93.50,339.2,13.57,425.5,22.3,566.1,0.0574,0.42,71.3,206.3,7.4
2025-10-08T07:18:00+00:00,2396.9,96.16,344.6,13.99,426.4,20.9,631.7,0.0570,0.46,71.3,206.3,5.3
2025-10-08T07:19:00+00:00,2168.5,93.07,351.2,13.98,436.5,20.4,614.0,0.0622,0.54,71.3,206.3,7.6
2025-10-08T07:20:00+00:00,2509.0,94.65,328.5,13.64,427.5,19.6,655.6,0.0649,0.51,71.3,206.3,5.5
2025-10-08T07:21:00+00:00,2458.2,95.28,335.6,13.87,426.1,21.4,552.7,0.0562,0.35,71.3,206.3,4.2
2025-10-08T07:22:00+00:00,2383.0,97.64,342.9,13.82,437.8,19.0,631.5,0.0566,0.42,71.3,206.3,7.1
2025-10-08T07:23:00+00:00,2001.3,94.11,345.9,14.02,424.8,21.4,529.9,0.0569,0.48,71.3,206.3,5.3
2025-10-08T07:24:00+00:00,1923.8,94.51,354.5,13.81,414.9,22.9,647.9,0.0540,0.35,71.3,206.3,5.3
2025-10-08T07:25:00+00:00,2479.5,96.58,347.4,13.64,425.0,20.5,623.4,0.0652,0.45,71.3,206.3,5.0
2025-10-08T07:26:00+00:00,2470.4,98.28,346.6,13.85,419.6,22.3,558.4,0.0642,0.43,71.3,206.3,8.0
2025-10-08T07:27:00+00:00,1907.8,91.87,354.0,13.77,424.9,21.5,608.4,0.0541,0.41,71.3,206.3,7.6
2025-10-08T07:28:00+00:00,1919.9,95.12,353.3,13.57,408.2,20.7,539.1,0.0546,0.47,71.3,206.3,6.2
2025-10-08T07:29:00+00:00,2147.8,95.19,352.1,13.61,423.6,17.9,628.2,0.0550,0.40,71.3,206.3,7.1
2025-10-08T07:30:00+00:00,2474.4,95.44,332.8,13.93,446.8,22.2,612.4,0.0572,0.43,71.3,206.3,7.5
2025-10-08T07:31:00+00:00,2517.9,96.14,345.7,13.56,431.1,21.6,624.2,0.0678,0.52,71.3,206.3,6.4
2025-10-08T07:32:00+00:00,1925.1,94.14,343.1,13.97,411.9,21.2,578.6,0.0541,0.43,71.3,206.3,6.0
2025-10-08T07:33:00+00:00,2135.4,94.24,344.0,13.71,422.8,20.1,644.2,0.0558,0.48,71.3,206.3,4.4
2025-10-08T07:34:00+00:00,1902.8,93.69,344.3,13.96,421.6,16.7,576.1,0.0539,0.42,71.3,206.3,7.4
2025-10-08T07:35:00+00:00,2229.9,95.65,350.5,13.90,423.1,18.8,608.0,0.0662,0.44,71.3,206.3,6.4
2025-10-08T07:36:00+00:00,1952.4,92.95,345.0,13.77,420.7,19.6,562.8,0.0567,0.37,71.3,206.3,8.2
2025-10-08T07:37:00+00:00,1818.6,94.33,359.0,13.56,399.2,17.4,647.4,0.0546,0.54,71.3,206.3,6.6
2025-10-08T07:38:00+00:00,1921.6,95.95,366.3,13.76,420.4,18.7,590.5,0.0582,0.43,71.3,206.3,5.2
2025-10-08T07:39:00+00:00,1906.0,92.24,333.7,13.76,427.7,20.5,619.0,0.0535,0.38,71.3,206.3,5.8
2025-10-08T07:40:00+00:00,1977.8,96.01,354.7,13.94,418.6,21.4,629.6,0.0557,0.56,71.3,206.3,8.1
2025-10-08T07:41:00+00:00,1920.3,92.82,350.3,13.95,429.1,20.3,536.6,0.0557,0.34,71.3,206.3,5.5
2025-10-08T07:42:00+00:00,1895.9,93.91,355.0,13.70,422.7,20.9,635.0,0.0592,0.43,71.3,206.3,6.5
2025-10-08T07:43:00+00:00,2013.4,92.05,357.3,14.19,422.8,18.8,589.3,0.0553,0.51,71.3,206.3,6.6
2025-10-08T07:44:00+00:00,2035.4,94.97,346.0,13.94,402.1,18.0,608.1,0.0561,0.44,71.3,206.3,5.5
2025-10-08T07:45:00+00:00,2025.3,92.59,354.1,13.86,412.5,18.6,599.8,0.0551,0.48,71.3,206.3,6.9
2025-10-08T07:46:00+00:00,2071.5,94.50,347.9,14.14,422.0,18.0,597.6,0.0569,0.50,71.3,206.3,4.5
2025-10-08T07:47:00+00:00,2081.0,94.17,346.2,13.67,409.7,19.4,600.5,0.0551,0.43,71.3,206.3,5.2
2025-10-08T07:48:00+00:00,2001.0,92.66,357.7,13.87,425.6,18.5,655.8,0.0549,0.47,71.3,206.3,7.0
2025-10-08T07:49:00+00:00,1853.5,93.29,350.8,13.60,408.6,20.4,538.4,0.0619,0.44,71.3,206.3,5.2
2025-10-08T07:50:00+00:00,1853.1,92.04,352.4,13.97,407.9,18.9,558.5,0.0592,0.49,71.3,206.3,5.8
2025-10-08T07:51:00+00:00,1798.6,92.46,350.8,13.89,412.9,19.1,560.8,0.0535,0.44,71.3,206.3,5.1
2025-10-08T07:52:00+00:00,2045.2,94.93,355.5,13.83,404.9,24.1,601.9,0.0552,0.47,71.3,206.3,6.7
2025-10-08T07:53:00+00:00,2226.7,95.05,351.6,13.77,429.8,20.9,555.4,0.0607,0.39,71.3,206.3,7.5
2025-10-08T07:54:00+00:00,2077.8,91.81,346.1,13.82,407.8,19.7,579.3,0.0565,0.51,71.3,206.3,5.4
2025-10-08T07:55:00+00:00,1820.3,95.47,342.0,13.88,402.8,21.0,610.2,0.0612,0.49,71.3,206.3,6.8
2025-10-08T07:56:00+00:00,2097.1,94.26,333.3,13.74,406.5,21.3,668.2,0.0577,0.45,71.3,206.3,6.8
2025-10-08T07:57:00+00:00,1839.6,91.60,348.1,13.61,409.1,20.4,570.1,0.0547,0.54,71.3,206.3,5.0
2025-10-08T07:58:00+00:00,2008.1,94.02,336.3,13.71,394.6,22.0,597.2,0.0548,0.45,71.3,206.3,6.6
2025-10-08T07:59:00+00:00,1954.1,93.52,331.9,13.59,406.2,20.4,545.3,0.0588,0.47,71.3,206.3,5.0
2025-10-08T08:00:00+00:00,1958.4,93.05,342.7,14.04,412.8,18.7,637.9,0.0540,0.39,71.3,206.3,5.3
2025-10-08T08:01:00+00:00,1954.1,93.63,362.7,13.79,426.2,21.8,578.7,0.0555,0.54,71.3,206.3,6.4
2025-10-08T08:02:00+00:00,2024.5,93.67,358.3,13.90,407.3,19.7,593.4,0.0545,0.42,71.3,206.3,6.1
2025-10-08T08:03:00+00:00,2111.6,92.56,340.5,13.92,430.7,20.9,607.5,0.0556,0.47,71.3,206.3,7.3
2025-10-08T08:04:00+00:00,1961.2,94.14,356.8,14.00,405.1,18.8,584.8,0.0557,0.56,71.3,206.3,6.7
2025-10-08T08:05:00+00:00,1965.7,92.07,359.9,13.90,398.2,17.8,609.7,0.0579,0.49,71.3,206.3,6.6
2025-10-08T08:06:00+00:00,2191.2,97.46,350.6,13.73,406.5,19.8,611.6,0.0558,0.46,71.3,206.3,4.2
2025-10-08T08:07:00+00:00,2068.8,94.23,363.3,13.71,412.1,20.2,604.8,0.0553,0.47,71.3,206.3,7.5
2025-10-08T08:08:00+00:00,1963.6,92.35,354.5,13.52,401.0,21.4,585.2,0.0549,0.49,71.3,206.3,6.0
2025-10-08T08:09:00+00:00,1973.5,94.78,354.2,13.87,403.7,19.6,537.0,0.0558,0.53,71.3,206.3,5.8
2025-10-08T08:10:00+00:00,1854.8,94.95,359.1,13.44,429.8,19.3,579.5,0.0533,0.38,71.3,206.3,5.7
2025-10-08T08:11:00+00:00,1947.8,94.49,362.9,13.81,411.6,16.6,552.0,0.0573,0.48,71.3,206.3,7.4
2025-10-08T08:12:00+00:00,1998.2,95.54,350.8,13.76,413.2,17.5,611.8,0.0550,0.47,71.3,206.3,5.9
2025-10-08T08:13:00+00:00,2028.8,93.57,346.7,13.85,405.5,21.6,611.2,0.0540,0.37,71.3,206.3,6.9
2025-10-08T08:14:00+00:00,2051.8,91.73,346.7,13.96,414.2,22.7,624.3,0.0551,0.45,71.3,206.3,7.3
2025-10-08T08:15:00+00:00,1950.5,92.21,348.1,13.99,425.1,21.7,620.2,0.0603,0.45,71.3,206.3,5.8
2025-10-08T08:16:00+00:00,1945.4,95.61,352.4,13.63,452.5,19.7,589.5,0.0548,0.49,71.3,206.3,6.2
2025-10-08T08:17:00+00:00,1931.5,91.55,348.3,13.99,415.0,18.6,609.2,0.0541,0.44,71.3,206.3,6.8
2025-10-08T08:18:00+00:00,1986.1,94.91,343.5,13.70,419.4,21.9,671.6,0.0549,0.43,71.3,206.3,6.8
2025-10-08T08:19:00+00:00,2018.2,95.86,348.9,13.79,428.5,19.0,574.0,0.0547,0.45,71.3,206.3,5.5
2025-10-08T08:20:00+00:00,945.0,90.01,361.8,13.74,370.8,21.3,581.5,0.0509,0.54,71.3,206.3,6.4
2025-10-08T08:21:00+00:00,931.6,91.39,357.3,13.70,385.0,21.1,528.6,0.0488,0.42,71.3,206.3,6.8
2025-10-08T08:22:00+00:00,1164.3,91.54,348.4,13.60,383.8,19.6,587.3,0.0582,0.45,71.3,206.3,6.3
2025-10-08T08:23:00+00:00,918.1,89.35,367.8,13.69,408.5,18.4,540.8,0.0517,0.43,71.3,206.3,7.3
2025-10-08T08:24:00+00:00,887.6,90.55,350.2,13.75,372.4,21.2,533.3,0.0499,0.51,71.3,206.3,6.3
2025-10-08T08:25:00+00:00,1012.9,91.58,371.6,13.78,381.8,20.6,535.9,0.0515,0.41,71.3,206.3,6.4
2025-10-08T08:26:00+00:00,1061.5,88.21,357.8,13.54,393.2,18.9,633.8,0.0512,0.53,71.3,206.3,4.9
2025-10-08T08:27:00+00:00,1149.5,91.40,359.8,13.95,380.5,19.4,574.1,0.0511,0.53,71.3,206.3,6.7
2025-10-08T08:28:00+00:00,897.4,91.77,360.9,13.81,375.5,22.3,534.1,0.0590,0.47,71.3,206.3,5.5
2025-10-08T08:29:00+00:00,884.4,92.67,358.7,14.12,378.9,21.5,593.7,0.0587,0.47,71.3,206.3,5.9
2025-10-08T08:30:00+00:00,1051.7,88.83,355.8,13.50,379.0,20.9,571.5,0.0498,0.48,71.3,206.3,6.9
2025-10-08T08:31:00+00:00,938.4,92.32,354.4,13.79,373.5,20.8,552.5,0.0493,0.48,71.3,206.3,4.9
2025-10-08T14:00:00+00:00,1025.7,92.01,357.8,13.84,387.6,21.2,544.0,0.0497,0.33,71.3,206.3,5.8
2025-10-08T14:01:00+00:00,1177.5,92.60,360.1,13.80,397.7,20.8,636.8,0.0508,0.51,71.3,206.3,6.4
2025-10-08T14:02:00+00:00,966.2,91.79,360.8,14.09,392.9,19.0,548.8,0.0507,0.61,71.3,206.3,6.4
2025-10-08T14:03:00+00:00,1062.0,92.61,340.2,13.68,362.6,20.5,559.8,0.0513,0.42,71.3,206.3,6.4
2025-10-08T14:04:00+00:00,1023.2,91.71,368.0,13.73,382.3,20.0,524.8,0.0524,0.38,71.3,206.3,7.0
2025-10-08T14:05:00+00:00,932.2,93.15,365.7,13.92,400.9,16.9,577.5,0.0490,0.45,71.3,206.3,7.4
2025-10-08T14:06:00+00:00,991.2,91.93,358.0,13.96,368.6,18.7,642.1,0.0491,0.42,71.3,206.3,5.9
2025-10-08T14:07:00+00:00,941.3,91.11,351.9,13.73,369.1,21.0,586.1,0.0543,0.49,71.3,206.3,6.5
2025-10-08T14:08:00+00:00,1107.7,91.40,367.6,13.78,364.2,22.5,550.5,0.0502,0.47,71.3,206.3,6.5
2025-10-08T14:09:00+00:00,1008.9,91.04,359.3,13.72,385.4,19.9,589.4,0.0519,0.49,71.3,206.3,6.1
2025-10-08T14:10:00+00:00,955.5,91.63,356.3,13.86,386.7,19.7,549.5,0.0499,0.52,71.3,206.3,5.6
2025-10-08T14:11:00+00:00,861.1,91.29,362.1,13.68,365.4,19.5,540.1,0.0481,0.41,71.3,206.3,5.6
2025-10-08T14:12:00+00:00,1073.3,90.75,363.3,13.78,377.0,17.9,539.6,0.0496,0.45,71.3,206.3,7.9
2025-10-08T14:13:00+00:00,941.5,91.96,355.6,13.70,369.8,21.4,528.7,0.0520,0.42,71.3,206.3,6.0
2025-10-08T14:14:00+00:00,2360.7,93.49,335.6,13.97,436.1,17.6,605.8,0.0596,0.54,71.3,206.3,6.5
2025-10-08T14:15:00+00:00,2088.4,93.42,339.6,13.78,425.9,21.3,583.8,0.0575,0.42,71.3,206.3,5.6
2025-10-08T14:16:00+00:00,1933.6,92.23,355.2,13.84,412.9,19.7,643.4,0.0538,0.40,71.3,206.3,7.3
2025-10-08T14:17:00+00:00,1958.1,94.94,371.8,13.69,411.4,19.6,659.4,0.0601,0.49,71.3,206.3,5.9
2025-10-08T14:18:00+00:00,1996.7,93.22,357.9,13.89,414.3,19.0,631.7,0.0567,0.39,71.3,206.3,8.0
2025-10-08T14:19:00+00:00,2050.2,94.85,350.4,13.75,423.1,19.7,652.3,0.0557,0.46,71.3,206.3,7.9
2025-10-08T14:20:00+00:00,1851.9,91.68,355.0,13.73,409.6,20.0,563.0,0.0532,0.37,71.3,206.3,6.5
2025-10-08T14:21:00+00:00,2161.1,96.48,345.4,13.91,415.4,17.6,567.4,0.0557,0.47,71.3,206.3,7.4
2025-10-08T14:22:00+00:00,2024.0,95.14,370.6,14.00,395.8,19.8,550.6,0.0587,0.53,71.3,206.3,7.3
2025-10-08T14:23:00+00:00,2053.0,92.27,348.6,13.65,399.6,21.2,597.3,0.0612,0.52,71.3,206.3,6.0
2025-10-08T14:24:00+00:00,1932.8,94.80,351.6,13.65,423.3,15.0,631.2,0.0545,0.46,71.3,206.3,4.3
2025-10-08T14:25:00+00:00,1993.2,90.99,344.9,13.69,444.3,21.3,656.8,0.0572,0.33,71.3,206.3,5.2
2025-10-08T14:26:00+00:00,1997.1,94.70,344.4,13.87,433.3,21.5,605.8,0.0557,0.49,71.3,206.3,3.3
2025-10-08T14:27:00+00:00,2026.0,94.98,353.1,13.77,433.3,19.7,599.3,0.0547,0.43,71.3,206.3,6.0
2025-10-08T14:28:00+00:00,2086.6,92.81,348.6,13.85,422.5,21.6,584.7,0.0555,0.47,71.3,206.3,5.4
2025-10-08T14:29:00+00:00,2068.2,92.57,350.6,13.93,403.1,21.1,616.0,0.0607,0.54,71.3,206.3,5.1
2025-10-08T14:30:00+00:00,2095.8,96.67,346.9,13.94,429.2,22.8,623.9,0.0552,0.45,71.3,206.3,6.4
2025-10-08T14:31:00+00:00,1960.9,94.68,348.5,13.84,423.8,20.7,581.1,0.0553,0.52,71.3,206.3,6.2
2025-10-08T14:32:00+00:00,1984.3,95.91,354.5,13.81,402.9,17.5,588.9,0.0572,0.52,71.3,206.3,5.1
2025-10-08T14:33:00+00:00,1960.5,96.03,352.9,13.76,408.2,21.0,631.7,0.0542,0.42,71.3,206.3,5.8
2025-10-08T14:34:00+00:00,1968.7,90.95,358.6,13.93,422.7,20.0,592.8,0.0545,0.46,71.3,206.3,8.2
2025-10-08T14:35:00+00:00,1903.2,93.37,350.7,13.96,403.0,18.3,649.4,0.0566,0.30,71.3,206.3,6.8
2025-10-08T14:36:00+00:00,1819.3,94.13,360.7,13.87,408.8,21.1,562.3,0.0581,0.60,71.3,206.3,6.5
2025-10-08T14:37:00+00:00,1923.4,94.79,354.1,13.68,414.5,23.7,608.5,0.0614,0.45,71.3,206.3,5.1
2025-10-08T14:38:00+00:00,1915.4,93.62,357.9,13.75,424.3,22.4,579.7,0.0592,0.51,71.3,206.3,7.3
2025-10-08T14:39:00+00:00,2008.5,94.23,341.7,13.84,407.1,18.4,623.9,0.0552,0.49,71.3,206.3,6.9
2025-10-08T14:40:00+00:00,1783.7,90.42,357.5,13.72,416.6,24.0,532.6,0.0572,0.48,71.3,206.3,6.3
2025-10-08T14:41:00+00:00,1946.4,94.57,355.1,13.72,407.7,20.2,597.4,0.0550,0.52,71.3,206.3,7.1
2025-10-08T14:42:00+00:00,1994.9,93.38,352.9,14.13,403.5,18.5,568.4,0.0551,0.50,71.3,206.3,6.6
2025-10-08T14:43:00+00:00,2094.7,94.43,367.6,13.83,426.8,20.6,620.2,0.0581,0.43,71.3,206.3,4.6
2025-10-08T14:44:00+00:00,2016.7,91.49,346.7,13.79,442.2,19.0,580.5,0.0586,0.43,71.3,206.3,6.5
2025-10-08T14:45:00+00:00,2091.4,97.32,349.2,13.67,425.0,20.4,601.6,0.0607,0.43,71.3,206.3,4.9
2025-10-08T14:46:00+00:00,2065.1,93.40,342.0,13.75,403.3,18.6,600.1,0.0548,0.44,71.3,206.3,5.9
2025-10-08T14:47:00+00:00,2010.4,95.83,337.5,13.66,396.0,19.1,577.0,0.0561,0.49,71.3,206.3,4.3
2025-10-08T14:48:00+00:00,1916.7,95.16,351.8,13.94,422.8,18.7,575.7,0.0626,0.43,71.3,206.3,6.4
2025-10-08T14:49:00+00:00,1932.7,95.13,356.0,13.76,395.7,18.5,617.4,0.0533,0.35,71.3,206.3,8.2
2025-10-08T14:50:00+00:00,2204.5,93.48,350.0,13.90,418.7,20.5,655.7,0.0601,0.39,71.3,206.3,5.8
2025-10-08T14:51:00+00:00,2046.9,94.44,359.9,13.74,409.8,20.1,585.2,0.0585,0.49,71.3,206.3,7.1
2025-10-08T14:52:00+00:00,1916.2,92.98,349.2,13.41,419.8,20.3,583.5,0.0546,0.47,71.3,206.3,8.1
2025-10-08T14:53:00+00:00,2241.2,93.81,348.7,13.82,428.5,17.3,609.5,0.0622,0.34,71.3,206.3,6.7
2025-10-08T14:54:00+00:00,1981.2,93.10,354.2,13.77,427.6,19.0,596.7,0.0552,0.50,71.3,206.3,6.5
2025-10-08T14:55:00+00:00,1971.4,93.84,344.1,13.66,419.3,19.0,606.2,0.0562,0.49,71.3,206.3,4.8
2025-10-08T14:56:00+00:00,2003.9,95.63,359.9,13.75,420.6,21.8,623.7,0.0546,0.45,71.3,206.3,7.7
2025-10-08T14:57:00+00:00,2142.3,95.30,338.7,13.85,411.0,18.5,612.3,0.0554,0.45,71.3,206.3,7.2
2025-10-08T14:58:00+00:00,1997.4,93.16,353.6,13.65,419.9,21.7,554.0,0.0549,0.47,71.3,206.3,6.5
2025-10-08T14:59:00+00:00,2032.1,95.12,342.1,13.89,424.1,19.9,581.7,0.0579,0.47,71.3,206.3,6.3
2025-10-08T15:00:00+00:00,1892.0,96.04,346.7,13.80,413.2,20.6,565.9,0.0546,0.40,71.3,206.3,4.5
2025-10-08T15:01:00+00:00,1916.2,92.99,356.0,13.93,415.9,23.2,592.4,0.0592,0.42,71.3,206.3,5.2
2025-10-08T15:02:00+00:00,2037.2,96.45,348.0,13.97,393.3,21.1,576.2,0.0574,0.36,71.3,206.3,5.9
2025-10-08T15:03:00+00:00,1989.5,95.47,344.5,13.60,427.4,17.6,569.7,0.0547,0.46,71.3,206.3,5.8
2025-10-08T15:04:00+00:00,2066.9,95.19,342.1,13.46,411.3,20.1,641.7,0.0583,0.51,71.3,206.3,6.6
2025-10-08T15:05:00+00:00,2010.1,91.53,357.6,13.66,426.8,16.6,581.0,0.0550,0.48,71.3,206.3,7.2
2025-10-08T15:06:00+00:00,1871.7,96.77,354.5,13.73,394.5,19.5,605.7,0.0546,0.51,71.3,206.3,6.6
2025-10-08T15:07:00+00:00,2159.1,93.53,348.9,13.65,407.6,18.5,554.2,0.0559,0.50,71.3,206.3,6.7
2025-10-08T15:08:00+00:00,2065.2,95.24,356.6,13.56,405.8,22.8,596.9,0.0555,0.50,71.3,206.3,6.0
2025-10-08T15:09:00+00:00,2101.6,95.87,343.1,13.96,415.7,19.6,596.6,0.0556,0.47,71.3,206.3,7.8
2025-10-08T15:10:00+00:00,2091.7,95.92,366.8,14.07,433.0,20.6,567.6,0.0633,0.48,71.3,206.3,7.1
2025-10-08T15:11:00+00:00,2472.7,97.05,347.4,13.72,417.2,16.9,580.8,0.0573,0.47,71.3,206.3,6.5
2025-10-08T15:12:00+00:00,2202.7,97.20,347.9,13.89,422.9,21.6,627.3,0.0546,0.34,71.3,206.3,6.2
2025-10-08T15:13:00+00:00,2438.6,93.52,350.9,13.88,440.1,19.2,612.3,0.0571,0.45,71.3,206.3,5.0
2025-10-08T15:14:00+00:00,2496.1,96.00,337.4,13.86,438.5,20.1,615.0,0.0572,0.43,71.3,206.3,7.0
2025-10-08T15:15:00+00:00,2478.4,96.10,348.6,13.87,418.7,21.2,638.8,0.0633,0.36,71.3,206.3,7.3
2025-10-08T15:16:00+00:00,1900.6,95.39,347.8,13.84,421.9,18.8,588.4,0.0560,0.45,71.3,206.3,4.5
2025-10-08T15:17:00+00:00,2472.7,91.92,353.0,13.65,442.8,21.6,620.4,0.0573,0.42,71.3,206.3,5.9
2025-10-08T15:18:00+00:00,2031.6,93.84,350.7,13.83,428.0,20.1,541.2,0.0579,0.54,71.3,206.3,6.8
2025-10-08T15:19:00+00:00,2549.9,95.80,345.9,13.67,435.5,22.0,628.4,0.0582,0.49,71.3,206.3,5.8
2025-10-08T15:20:00+00:00,1969.3,99.03,347.3,13.68,398.5,21.0,625.0,0.0719,0.54,71.3,206.3,6.9
2025-10-08T15:21:00+00:00,2554.8,95.50,348.1,13.79,433.7,17.7,633.5,0.0579,0.47,71.3,206.3,6.4
2025-10-08T15:22:00+00:00,2108.0,94.07,342.6,13.95,431.9,22.6,613.5,0.0654,0.51,71.3,206.3,6.9
2025-10-08T15:23:00+00:00,1961.5,94.57,359.4,13.77,397.4,18.8,629.5,0.0539,0.38,71.3,206.3,6.9
2025-10-08T15:24:00+00:00,2450.0,96.30,350.8,13.92,441.2,23.0,626.5,0.0643,0.50,71.3,206.3,5.7
2025-10-08T15:25:00+00:00,2279.2,94.90,352.2,13.85,425.8,20.3,645.3,0.0566,0.50,71.3,206.3,5.9
2025-10-08T15:26:00+00:00,2354.9,95.34,358.6,13.45,423.1,17.5,620.8,0.0568,0.46,71.3,206.3,7.7
2025-10-08T15:27:00+00:00,2475.1,94.10,350.8,13.68,439.8,17.7,608.6,0.0596,0.47,71.3,206.3,7.4
2025-10-08T15:28:00+00:00,2496.9,98.82,352.0,13.53,433.4,19.1,662.8,0.0602,0.42,71.3,206.3,6.2
2025-10-08T15:29:00+00:00,2473.8,93.41,346.4,13.84,411.2,17.8,633.1,0.0593,0.45,71.3,206.3,7.7
2025-10-08T15:30:00+00:00,2398.5,94.38,342.3,13.79,417.7,20.5,592.7,0.0571,0.47,71.3,206.3,5.3
2025-10-08T15:31:00+00:00,2099.1,93.27,363.9,13.92,424.4,17.8,636.8,0.0557,0.49,71.3,206.3,4.9
2025-10-08T15:32:00+00:00,2132.9,94.78,354.2,13.78,401.1,20.1,535.0,0.0570,0.46,71.3,206.3,5.2
2025-10-08T15:33:00+00:00,2544.7,97.94,343.2,13.64,402.5,19.6,653.5,0.0584,0.53,71.3,206.3,5.4
2025-10-08T15:34:00+00:00,2042.7,92.45,340.2,13.98,405.5,18.4,623.0,0.0551,0.47,71.3,206.3,6.6
2025-10-08T15:35:00+00:00,2103.0,94.07,361.5,13.77,426.4,22.5,543.9,0.0597,0.34,71.3,206.3,7.0
2025-10-08T15:36:00+00:00,1926.0,93.78,350.5,14.00,413.1,20.1,623.0,0.0543,0.44,71.3,206.3,6.2
2025-10-08T15:37:00+00:00,2110.2,96.92,346.0,13.94,405.2,22.8,588.7,0.0586,0.39,71.3,206.3,5.8
2025-10-08T15:38:00+00:00,2019.8,94.97,355.5,13.82,412.7,16.7,596.3,0.0548,0.46,71.3,206.3,5.4
2025-10-08T15:39:00+00:00,2155.4,96.64,345.7,13.85,414.6,20.8,595.4,0.0559,0.40,71.3,206.3,6.2
2025-10-08T15:40:00+00:00,2052.0,94.02,335.8,13.70,435.3,21.4,624.0,0.0554,0.48,71.3,206.3,5.1
2025-10-08T15:41:00+00:00,2045.2,92.76,355.8,13.96,419.6,19.3,549.1,0.0551,0.47,71.3,206.3,7.2
2025-10-08T15:42:00+00:00,1879.5,94.08,340.3,13.73,389.9,19.0,659.0,0.0540,0.45,71.3,206.3,6.4
2025-10-08T15:43:00+00:00,2070.3,95.04,354.8,13.74,425.6,21.2,593.9,0.0554,0.48,71.3,206.3,7.0
2025-10-08T15:44:00+00:00,1981.6,96.46,344.5,13.70,419.8,18.8,605.5,0.0595,0.40,71.3,206.3,7.5
2025-10-08T15:45:00+00:00,1886.5,96.45,363.7,13.74,424.4,20.4,630.3,0.0591,0.46,71.3,206.3,5.8
2025-10-08T15:46:00+00:00,2006.6,91.58,356.3,14.02,400.2,20.4,599.7,0.0568,0.42,71.3,206.3,6.2
2025-10-08T15:47:00+00:00,1952.9,93.78,362.5,13.77,411.5,19.1,690.0,0.0568,0.45,71.3,206.3,7.2
2025-10-08T15:48:00+00:00,1992.4,96.26,339.2,13.90,418.5,18.6,520.2,0.0566,0.49,71.3,206.3,7.0
2025-10-08T15:49:00+00:00,2118.6,94.60,358.3,13.69,406.0,17.8,566.1,0.0572,0.48,71.3,206.3,7.2
2025-10-08T15:50:00+00:00,2089.4,94.97,351.1,13.85,412.4,20.3,656.6,0.0555,0.48,71.3,206.3,6.8
2025-10-08T15:51:00+00:00,2007.9,96.50,350.6,13.89,416.3,20.9,619.8,0.0542,0.41,71.3,206.3,5.9
2025-10-08T15:52:00+00:00,2127.8,95.03,352.6,13.74,431.2,19.6,607.4,0.0629,0.46,71.3,206.3,6.7
2025-10-08T15:53:00+00:00,1823.4,95.04,351.0,13.61,385.6,24.1,613.5,0.0625,0.48,71.3,206.3,6.8
2025-10-08T15:54:00+00:00,2255.6,93.75,353.7,13.88,414.0,20.9,549.4,0.0621,0.38,71.3,206.3,6.6
2025-10-08T15:55:00+00:00,2022.2,99.62,362.0,13.89,403.7,18.9,623.7,0.0554,0.52,71.3,206.3,5.9
2025-10-08T15:56:00+00:00,1945.6,94.80,359.0,13.68,401.9,18.7,577.1,0.0552,0.53,71.3,206.3,6.8
2025-10-08T15:57:00+00:00,1911.9,93.88,354.2,13.79,415.8,17.1,548.5,0.0623,0.45,71.3,206.3,4.7
2025-10-08T15:58:00+00:00,2234.7,95.96,341.1,13.68,407.4,17.8,542.8,0.0597,0.39,71.3,206.3,6.7
2025-10-08T15:59:00+00:00,1876.8,93.84,338.5,13.80,419.2,19.8,578.4,0.0553,0.40,71.3,206.3,5.7
2025-10-08T16:00:00+00:00,2054.4,94.34,344.5,14.03,403.7,20.8,578.5,0.0552,0.49,71.3,206.3,5.4
2025-10-08T16:01:00+00:00,2039.4,94.65,362.9,13.81,404.7,21.5,578.7,0.0550,0.45,71.3,206.3,6.5
2025-10-08T16:02:00+00:00,1925.5,94.97,349.1,13.82,391.4,23.3,653.7,0.0593,0.39,71.3,206.3,5.5
2025-10-08T16:03:00+00:00,2057.8,93.54,344.6,13.80,414.2,20.7,537.9,0.0550,0.45,71.3,206.3,5.0
2025-10-08T16:04:00+00:00,1855.0,95.04,354.8,13.91,407.4,19.4,546.3,0.0562,0.49,71.3,206.3,7.3
2025-10-08T16:05:00+00:00,1870.2,93.18,338.7,13.88,406.5,17.7,594.0,0.0553,0.57,71.3,206.3,5.8
2025-10-08T16:06:00+00:00,1898.3,96.08,356.2,13.87,394.9,20.3,591.3,0.0614,0.39,71.3,206.3,4.5
2025-10-08T16:07:00+00:00,1807.9,93.83,344.5,13.87,409.4,19.1,591.9,0.0535,0.43,71.3,206.3,6.3
2025-10-08T16:08:00+00:00,1927.1,98.91,355.6,13.98,414.2,18.3,570.5,0.0543,0.45,71.3,206.3,4.0
2025-10-08T16:09:00+00:00,1873.6,91.71,342.8,13.78,409.7,19.2,674.5,0.0536,0.41,71.3,206.3,6.6
2025-10-08T16:10:00+00:00,2004.6,94.26,356.2,13.68,404.4,19.0,578.8,0.0597,0.46,71.3,206.3,7.0
2025-10-08T16:11:00+00:00,2060.5,95.37,344.8,13.81,420.1,23.8,590.5,0.0553,0.48,71.3,206.3,8.1
2025-10-08T16:12:00+00:00,2112.0,95.63,353.7,13.82,406.2,20.3,582.1,0.0559,0.39,71.3,206.3,5.2
2025-10-08T16:13:00+00:00,2136.9,94.36,344.7,13.65,416.2,20.5,630.2,0.0569,0.49,71.3,206.3,6.1
2025-10-08T16:14:00+00:00,2071.5,96.18,336.0,13.82,398.3,20.2,633.8,0.0555,0.47,71.3,206.3,7.8
2025-10-08T16:15:00+00:00,2119.7,95.07,348.7,13.90,427.8,19.9,659.2,0.0543,0.35,71.3,206.3,5.3
2025-10-08T16:16:00+00:00,2132.9,94.49,344.8,13.80,413.4,20.7,553.9,0.0558,0.48,71.3,206.3,8.4
2025-10-08T16:17:00+00:00,2028.1,98.97,345.5,13.72,395.1,20.3,622.3,0.0593,0.50,71.3,206.3,6.9
2025-10-08T16:18:00+00:00,2127.0,95.01,341.7,13.79,423.4,21.6,625.0,0.0549,0.40,71.3,206.3,5.4
2025-10-08T16:19:00+00:00,2077.2,94.35,336.0,13.79,389.1,19.8,581.0,0.0560,0.54,71.3,206.3,6.6
2025-10-08T16:20:00+00:00,1838.9,90.22,362.6,13.81,413.9,21.5,544.1,0.0556,0.42,71.3,206.3,5.3
2025-10-08T16:21:00+00:00,2202.7,96.75,350.4,13.70,436.2,19.1,546.5,0.0582,0.48,71.3,206.3,6.2
2025-10-08T16:22:00+00:00,2111.6,93.75,345.7,13.86,411.4,21.4,645.6,0.0552,0.44,71.3,206.3,6.2
2025-10-08T16:23:00+00:00,2070.5,94.11,345.9,13.61,415.4,18.8,594.0,0.0604,0.55,71.3,206.3,7.5
2025-10-08T16:24:00+00:00,2116.0,95.42,362.2,13.87,397.3,19.0,602.6,0.0620,0.47,71.3,206.3,8.7
2025-10-08T16:25:00+00:00,1971.8,91.37,353.3,13.88,420.6,21.8,543.1,0.0574,0.49,71.3,206.3,5.7
2025-10-08T16:26:00+00:00,2044.5,93.85,344.2,14.05,433.0,18.9,592.4,0.0550,0.44,71.3,206.3,7.2
2025-10-08T16:27:00+00:00,1896.7,94.08,364.8,13.72,418.3,19.7,612.2,0.0556,0.60,71.3,206.3,5.1
2025-10-08T16:28:00+00:00,2225.9,93.51,336.1,13.83,414.2,17.7,623.7,0.0560,0.47,71.3,206.3,4.9
2025-10-08T16:29:00+00:00,1921.6,94.95,352.5,13.62,412.6,19.2,602.3,0.0560,0.43,71.3,206.3,6.3
2025-10-08T16:30:00+00:00,987.1,91.72,339.6,13.77,376.0,21.5,559.4,0.0515,0.48,71.3,206.3,7.3
2025-10-08T16:31:00+00:00,1001.9,88.92,355.0,13.77,374.0,21.4,580.0,0.0494,0.45,71.3,206.3,5.9
2025-10-08T16:32:00+00:00,887.7,91.73,357.6,13.76,393.7,18.7,543.8,0.0579,0.48,71.3,206.3,6.2
2025-10-08T16:33:00+00:00,913.3,89.61,348.8,13.97,391.7,18.2,539.4,0.0553,0.50,71.3,206.3,6.8
2025-10-08T16:34:00+00:00,1011.6,90.39,373.6,13.57,383.4,20.9,528.8,0.0496,0.39,71.3,206.3,5.4
2025-10-08T16:35:00+00:00,895.0,89.00,356.7,13.71,385.7,20.5,567.5,0.0484,0.42,71.3,206.3,6.1
2025-10-08T16:36:00+00:00,1071.3,88.72,357.8,13.90,392.5,18.1,499.4,0.0503,0.50,71.3,206.3,6.2
2025-10-08T16:37:00+00:00,1046.0,89.85,359.6,14.00,381.9,19.5,562.1,0.0493,0.43,71.3,206.3,7.3
2025-10-08T16:38:00+00:00,995.5,90.25,365.4,13.72,396.1,19.2,605.1,0.0503,0.54,71.3,206.3,5.5
2025-10-08T16:39:00+00:00,966.3,90.61,362.5,13.99,364.9,18.2,539.2,0.0489,0.43,71.3,206.3,6.8
2025-10-08T16:40:00+00:00,978.3,91.29,377.6,13.81,373.2,18.5,548.9,0.0495,0.49,71.3,206.3,6.5
2025-10-08T16:41:00+00:00,990.4,92.68,357.3,13.66,377.7,20.6,518.2,0.0500,0.51,71.3,206.3,7.3
2025-10-08T16:42:00+00:00,899.2,91.29,353.1,14.04,407.8,20.3,489.1,0.0610,0.57,71.3,206.3,7.9
2025-10-09T06:00:00+00:00,951.7,90.44,363.9,13.55,393.8,21.8,480.3,0.0550,0.62,19.8,289.8,5.2
2025-10-09T06:01:00+00:00,969.0,87.87,354.1,13.81,389.6,18.6,527.4,0.0521,0.61,19.8,289.8,3.9
2025-10-09T06:02:00+00:00,936.1,88.95,367.3,13.72,379.8,19.1,540.7,0.0507,0.62,19.8,289.8,2.1
2025-10-09T06:03:00+00:00,917.3,90.03,360.7,13.77,387.7,20.3,603.3,0.0523,0.60,19.8,289.8,2.5
2025-10-09T06:04:00+00:00,949.5,91.44,361.0,14.05,377.1,17.8,552.4,0.0564,0.66,19.8,289.8,3.3
2025-10-09T06:05:00+00:00,1005.5,92.06,350.4,13.79,385.9,23.2,552.9,0.0512,0.62,19.8,289.8,2.7
2025-10-09T06:06:00+00:00,898.4,90.17,348.4,13.77,383.4,20.6,553.6,0.0508,0.64,19.8,289.8,4.7
2025-10-09T06:07:00+00:00,927.9,92.79,349.2,13.78,373.4,19.0,522.2,0.0565,0.65,19.8,289.8,4.4
2025-10-09T06:08:00+00:00,982.3,89.99,357.5,14.04,382.5,21.4,592.9,0.0507,0.60,19.8,289.8,5.0
2025-10-09T06:09:00+00:00,1030.9,93.15,339.5,14.06,350.7,21.0,575.0,0.0511,0.61,19.8,289.8,2.8
2025-10-09T06:10:00+00:00,1009.5,90.53,365.0,13.91,381.9,19.4,579.3,0.0547,0.58,19.8,289.8,0.9
2025-10-09T06:11:00+00:00,1093.5,92.13,350.3,13.77,409.0,22.4,613.8,0.0565,0.70,19.8,289.8,5.1
2025-10-09T06:12:00+00:00,1960.0,92.92,346.8,13.82,422.4,18.0,566.6,0.0582,0.67,19.8,289.8,5.2
2025-10-09T06:13:00+00:00,1907.3,90.36,345.4,13.54,417.6,17.5,545.3,0.0564,0.66,19.8,289.8,2.7
2025-10-09T06:14:00+00:00,2040.7,97.10,345.7,13.99,414.6,20.2,664.1,0.0569,0.63,19.8,289.8,2.9
2025-10-09T06:15:00+00:00,1892.0,95.14,345.7,13.87,402.9,20.6,609.2,0.0556,0.60,19.8,289.8,3.9
2025-10-09T06:16:00+00:00,2055.2,96.92,342.5,13.98,417.5,17.9,655.1,0.0570,0.65,19.8,289.8,3.4
2025-10-09T06:17:00+00:00,1909.9,93.79,352.6,13.93,397.5,18.1,643.0,0.0560,0.63,19.8,289.8,5.2
2025-10-09T06:18:00+00:00,2144.7,97.21,342.2,13.71,444.0,19.5,591.9,0.0588,0.59,19.8,289.8,4.3
2025-10-09T06:19:00+00:00,1889.6,95.65,353.5,13.73,401.8,22.1,564.9,0.0682,0.60,19.8,289.8,3.3
2025-10-09T06:20:00+00:00,2167.2,92.86,352.4,13.74,413.4,19.0,617.0,0.0625,0.65,19.8,289.8,3.4
2025-10-09T06:21:00+00:00,2149.4,96.80,361.3,13.57,423.8,19.4,558.5,0.0572,0.62,19.8,289.8,3.2
2025-10-09T06:22:00+00:00,1880.7,92.14,346.9,13.98,410.7,21.0,560.2,0.0554,0.58,19.8,289.8,4.5
2025-10-09T06:23:00+00:00,1884.6,96.26,351.4,13.82,413.9,20.1,539.4,0.0560,0.64,19.8,289.8,3.6
2025-10-09T06:24:00+00:00,2178.5,95.15,357.3,13.86,445.5,16.8,646.5,0.0578,0.66,19.8,289.8,3.1
2025-10-09T06:25:00+00:00,1983.8,94.97,347.2,13.84,411.2,22.0,559.4,0.0579,0.58,19.8,289.8,4.5
2025-10-09T06:26:00+00:00,1940.2,92.73,353.2,13.77,430.7,19.1,550.9,0.0556,0.58,19.8,289.8,3.0
2025-10-09T06:27:00+00:00,2033.3,94.45,343.7,13.93,441.5,20.2,592.2,0.0561,0.57,19.8,289.8,4.7
2025-10-09T06:28:00+00:00,2096.9,95.85,350.7,13.54,404.5,18.9,649.2,0.0568,0.60,19.8,289.8,2.3
2025-10-09T06:29:00+00:00,2158.1,94.41,346.1,13.81,425.8,19.8,633.1,0.0579,0.58,19.8,289.8,2.8
2025-10-09T06:30:00+00:00,1957.7,92.53,340.5,13.84,396.0,18.9,717.2,0.0625,0.63,19.8,289.8,3.8
2025-10-09T06:31:00+00:00,1756.6,93.59,353.3,13.74,413.0,20.6,564.5,0.0555,0.65,19.8,289.8,2.8
2025-10-09T06:32:00+00:00,1976.3,95.76,335.6,13.80,402.9,20.3,648.8,0.0564,0.62,19.8,289.8,4.5
2025-10-09T06:33:00+00:00,2190.0,91.72,356.2,13.81,416.5,21.9,658.9,0.0617,0.62,19.8,289.8,2.8
2025-10-09T06:34:00+00:00,1785.2,95.65,352.3,13.95,397.3,23.3,585.5,0.0550,0.59,19.8,289.8,3.7
2025-10-09T06:35:00+00:00,1903.9,94.75,359.5,13.62,410.8,19.7,527.6,0.0572,0.61,19.8,289.8,2.9
2025-10-09T06:36:00+00:00,1878.9,94.37,348.8,13.87,392.5,23.5,614.2,0.0558,0.61,19.8,289.8,2.8
2025-10-09T06:37:00+00:00,2117.5,95.16,335.9,13.91,421.1,18.2,686.9,0.0580,0.58,19.8,289.8,4.1
2025-10-09T06:38:00+00:00,2013.6,94.70,337.4,13.50,407.6,20.8,610.9,0.0570,0.68,19.8,289.8,3.0
2025-10-09T06:39:00+00:00,1811.7,96.42,359.3,13.65,398.9,19.9,553.1,0.0606,0.67,19.8,289.8,4.7
2025-10-09T06:40:00+00:00,1844.5,95.06,347.2,13.75,420.3,20.8,579.9,0.0554,0.60,19.8,289.8,3.7
2025-10-09T06:41:00+00:00,2014.4,95.40,349.3,13.73,413.5,22.7,530.5,0.0556,0.52,19.8,289.8,2.9
2025-10-09T06:42:00+00:00,2062.1,94.42,350.3,14.00,409.9,21.6,617.2,0.0593,0.60,19.8,289.8,3.9
2025-10-09T06:43:00+00:00,1990.1,95.81,364.0,13.67,379.1,19.1,539.0,0.0660,0.62,19.8,289.8,4.2
2025-10-09T06:44:00+00:00,1939.7,93.81,360.5,13.90,407.4,20.4,594.2,0.0590,0.69,19.8,289.8,4.2
2025-10-09T06:45:00+00:00,1921.9,94.78,348.2,13.89,399.6,20.8,641.9,0.0694,0.70,19.8,289.8,2.9
2025-10-09T06:46:00+00:00,2068.8,94.65,342.6,13.76,416.4,20.7,602.5,0.0568,0.58,19.8,289.8,2.9
2025-10-09T06:47:00+00:00,2043.5,95.33,348.8,13.92,415.1,20.4,629.4,0.0568,0.61,19.8,289.8,4.4
2025-10-09T06:48:00+00:00,2010.1,93.76,357.2,13.75,401.4,19.7,654.3,0.0610,0.64,19.8,289.8,3.1
2025-10-09T06:49:00+00:00,2158.7,94.15,346.6,13.65,416.2,20.9,590.7,0.0571,0.59,19.8,289.8,4.8
2025-10-09T06:50:00+00:00,1885.4,94.65,342.5,13.87,393.6,20.5,547.7,0.0572,0.75,19.8,289.8,3.8
2025-10-09T06:51:00+00:00,2093.5,96.01,351.0,13.99,393.6,19.7,643.0,0.0618,0.67,19.8,289.8,4.4
2025-10-09T06:52:00+00:00,1972.8,91.22,366.6,13.57,380.3,21.3,675.6,0.0606,0.63,19.8,289.8,3.4
2025-10-09T06:53:00+00:00,1952.2,95.29,346.6,14.00,420.4,22.9,560.5,0.0612,0.65,19.8,289.8,2.6
2025-10-09T06:54:00+00:00,1833.1,94.54,359.3,13.62,421.1,19.0,664.3,0.0557,0.64,19.8,289.8,3.4
2025-10-09T06:55:00+00:00,1896.7,92.63,347.6,13.88,403.1,19.0,566.8,0.0600,0.65,19.8,289.8,3.9
2025-10-09T06:56:00+00:00,2075.8,95.11,351.4,13.79,422.7,22.3,581.1,0.0616,0.59,19.8,289.8,3.2
2025-10-09T06:57:00+00:00,2111.2,96.13,355.2,13.79,413.2,20.1,578.6,0.0565,0.57,19.8,289.8,3.8
2025-10-09T06:58:00+00:00,2030.1,93.11,348.1,13.75,442.3,20.0,622.4,0.0566,0.62,19.8,289.8,3.9
2025-10-09T06:59:00+00:00,2028.2,96.74,356.3,13.74,421.7,19.8,635.4,0.0560,0.57,19.8,289.8,2.9
2025-10-09T07:00:00+00:00,1886.2,95.69,353.8,13.67,422.3,19.6,555.4,0.0684,0.63,19.8,289.8,2.5
2025-10-09T07:01:00+00:00,2104.2,94.14,351.3,13.86,428.9,20.6,615.7,0.0567,0.59,19.8,289.8,4.7
2025-10-09T07:02:00+00:00,2331.0,94.85,343.8,13.88,429.2,18.5,587.6,0.0580,0.59,19.8,289.8,4.6
2025-10-09T07:03:00+00:00,2405.5,95.29,343.7,13.69,450.3,21.5,602.0,0.0712,0.58,19.8,289.8,4.1
2025-10-09T07:04:00+00:00,2470.6,96.27,343.3,13.87,418.0,22.0,636.9,0.0681,0.62,19.8,289.8,4.6
2025-10-09T07:05:00+00:00,2056.8,91.92,355.8,13.41,424.7,20.1,592.5,0.0615,0.60,19.8,289.8,4.1
2025-10-09T07:06:00+00:00,2042.3,96.74,333.0,14.09,424.8,23.0,600.9,0.0564,0.58,19.8,289.8,3.7
2025-10-09T07:07:00+00:00,1976.5,94.17,347.4,13.52,407.6,20.5,615.6,0.0570,0.62,19.8,289.8,4.7
2025-10-09T07:08:00+00:00,2123.3,96.21,349.7,13.86,407.4,18.9,604.2,0.0568,0.58,19.8,289.8,2.4
2025-10-09T07:09:00+00:00,1904.7,93.67,347.7,13.87,411.5,19.9,618.5,0.0566,0.68,19.8,289.8,3.3
2025-10-09T07:10:00+00:00,1967.8,92.06,353.8,13.86,399.4,19.7,601.2,0.0585,0.67,19.8,289.8,5.0
2025-10-09T07:11:00+00:00,1724.2,93.23,361.5,13.89,406.9,20.3,612.4,0.0595,0.63,19.8,289.8,4.1
2025-10-09T07:12:00+00:00,1984.3,91.40,345.6,14.16,407.9,22.2,615.9,0.0565,0.64,19.8,289.8,2.6
2025-10-09T07:13:00+00:00,1935.6,90.59,338.5,13.61,404.3,20.7,624.4,0.0560,0.60,19.8,289.8,2.3
2025-10-09T07:14:00+00:00,1889.5,93.63,341.2,13.87,426.1,22.1,626.4,0.0559,0.59,19.8,289.8,3.9
2025-10-09T07:15:00+00:00,2348.5,96.58,366.0,13.78,432.1,18.3,634.6,0.0584,0.64,19.8,289.8,4.5
2025-10-09T07:16:00+00:00,2088.9,93.89,341.6,13.77,423.5,22.3,578.7,0.0575,0.69,19.8,289.8,3.7
2025-10-09T07:17:00+00:00,2191.7,97.14,343.2,13.75,411.0,21.3,633.3,0.0644,0.60,19.8,289.8,4.1
2025-10-09T07:18:00+00:00,2430.6,95.90,343.5,13.66,410.6,19.4,590.0,0.0585,0.60,19.8,289.8,4.5
2025-10-09T07:19:00+00:00,2037.7,96.29,359.6,13.85,424.3,19.0,543.5,0.0567,0.61,19.8,289.8,2.8
2025-10-09T07:20:00+00:00,1834.8,92.05,358.8,14.11,418.5,20.1,555.7,0.0568,0.73,19.8,289.8,2.4
2025-10-09T07:21:00+00:00,1970.2,97.68,351.0,13.90,426.3,21.6,556.0,0.0566,0.65,19.8,289.8,0.1
2025-10-09T07:22:00+00:00,2038.7,94.50,358.7,13.97,402.3,19.4,597.9,0.0617,0.74,19.8,289.8,1.7
2025-10-09T07:23:00+00:00,2425.1,95.88,350.8,13.75,448.8,19.8,604.1,0.0588,0.63,19.8,289.8,3.3
2025-10-09T07:24:00+00:00,2034.7,96.68,346.9,13.72,437.0,21.7,604.2,0.0574,0.62,19.8,289.8,4.4
2025-10-09T07:25:00+00:00,1880.4,96.39,354.6,13.62,399.1,17.2,606.2,0.0554,0.58,19.8,289.8,2.9
2025-10-09T07:26:00+00:00,2015.1,93.62,349.3,14.07,425.5,22.2,580.0,0.0570,0.67,19.8,289.8,3.1
2025-10-09T07:27:00+00:00,2163.3,93.05,346.2,13.61,419.0,20.1,634.2,0.0627,0.69,19.8,289.8,3.9
2025-10-09T07:28:00+00:00,1933.0,94.51,342.0,13.57,419.1,20.9,634.2,0.0559,0.59,19.8,289.8,1.5
2025-10-09T07:29:00+00:00,2048.5,94.54,332.1,13.98,423.4,21.3,556.5,0.0577,0.62,19.8,289.8,3.7
2025-10-09T07:30:00+00:00,2011.5,94.83,359.7,13.93,424.7,19.9,570.7,0.0577,0.74,19.8,289.8,3.3
2025-10-09T07:31:00+00:00,2094.6,98.43,352.4,13.69,416.7,19.1,594.0,0.0567,0.59,19.8,289.8,2.3
2025-10-09T07:32:00+00:00,2112.9,95.13,340.2,13.58,414.9,22.1,570.3,0.0572,0.65,19.8,289.8,2.3
2025-10-09T07:33:00+00:00,2068.4,95.01,345.9,14.00,409.5,21.4,612.4,0.0558,0.53,19.8,289.8,2.4
2025-10-09T07:34:00+00:00,1933.9,96.33,359.8,13.75,407.9,18.3,556.9,0.0570,0.51,19.8,289.8,3.5
2025-10-09T07:35:00+00:00,1947.3,97.35,349.5,13.48,409.6,20.4,595.7,0.0665,0.54,19.8,289.8,2.0
2025-10-09T07:36:00+00:00,2263.6,91.93,338.9,13.80,439.0,20.7,645.5,0.0699,0.61,19.8,289.8,4.2
2025-10-09T07:37:00+00:00,2052.0,97.90,340.5,13.85,410.6,18.8,593.1,0.0588,0.66,19.8,289.8,3.8
2025-10-09T07:38:00+00:00,2108.8,92.49,336.2,13.89,412.5,21.4,631.2,0.0572,0.63,19.8,289.8,3.5
2025-10-09T07:39:00+00:00,1839.9,95.35,354.1,13.50,413.6,19.7,542.5,0.0586,0.65,19.8,289.8,3.1
2025-10-09T07:40:00+00:00,1865.9,92.82,341.7,13.73,406.5,17.7,574.1,0.0554,0.59,19.8,289.8,2.9
2025-10-09T07:41:00+00:00,2005.6,96.25,353.8,13.87,425.1,20.7,617.3,0.0564,0.61,19.8,289.8,2.1
2025-10-09T07:42:00+00:00,1991.0,92.39,348.2,13.63,393.0,22.3,598.1,0.0605,0.67,19.8,289.8,5.1
2025-10-09T07:43:00+00:00,1947.8,91.97,344.3,13.89,411.3,19.7,601.4,0.0604,0.62,19.8,289.8,4.3
2025-10-09T07:44:00+00:00,1901.6,94.92,345.8,13.84,394.9,21.0,622.2,0.0615,0.68,19.8,289.8,3.2
2025-10-09T07:45:00+00:00,1967.0,92.84,352.6,13.67,403.7,21.1,600.7,0.0563,0.64,19.8,289.8,3.5
2025-10-09T07:46:00+00:00,1941.1,93.65,353.0,13.89,415.9,19.3,636.3,0.0556,0.57,19.8,289.8,5.8
2025-10-09T07:47:00+00:00,2162.0,96.32,334.5,13.69,416.9,21.8,623.1,0.0564,0.54,19.8,289.8,4.5
2025-10-09T07:48:00+00:00,1758.4,91.58,352.9,13.82,414.1,20.5,568.9,0.0550,0.59,19.8,289.8,4.2
2025-10-09T07:49:00+00:00,2128.9,92.34,363.3,13.80,438.3,20.7,593.8,0.0561,0.52,19.8,289.8,3.5
2025-10-09T07:50:00+00:00,2092.2,94.36,347.5,13.80,431.1,20.7,592.6,0.0582,0.74,19.8,289.8,5.2
2025-10-09T07:51:00+00:00,1795.1,94.14,357.2,13.58,391.5,19.7,547.9,0.0572,0.64,19.8,289.8,3.5
2025-10-09T07:52:00+00:00,1991.5,93.45,331.2,13.87,421.7,18.6,679.4,0.0567,0.62,19.8,289.8,5.8
2025-10-09T07:53:00+00:00,2251.5,92.86,357.4,13.91,417.0,20.3,694.2,0.0605,0.66,19.8,289.8,4.4
2025-10-09T07:54:00+00:00,1893.2,94.38,350.9,13.88,401.1,19.3,589.6,0.0558,0.61,19.8,289.8,3.9
2025-10-09T07:55:00+00:00,2004.9,91.90,347.5,14.00,411.2,19.9,604.1,0.0562,0.60,19.8,289.8,5.1
2025-10-09T07:56:00+00:00,2049.6,95.70,333.7,13.86,427.8,21.7,609.3,0.0558,0.53,19.8,289.8,2.9
2025-10-09T07:57:00+00:00,1965.5,93.51,342.5,13.60,401.8,17.1,616.3,0.0663,0.63,19.8,289.8,3.7
2025-10-09T07:58:00+00:00,2242.3,94.27,340.1,13.93,414.8,20.2,575.2,0.0564,0.49,19.8,289.8,3.0
2025-10-09T07:59:00+00:00,2021.5,94.81,359.1,13.74,415.7,20.5,549.9,0.0605,0.67,19.8,289.8,3.3
2025-10-09T08:00:00+00:00,1891.3,93.63,356.6,13.86,409.0,23.4,574.7,0.0564,0.66,19.8,289.8,3.2
2025-10-09T08:01:00+00:00,1964.0,95.03,344.9,13.84,415.6,22.0,648.3,0.0682,0.67,19.8,289.8,5.1
2025-10-09T08:02:00+00:00,2016.6,92.81,344.5,14.03,399.5,21.0,585.8,0.0568,0.66,19.8,289.8,3.3
2025-10-09T08:03:00+00:00,2040.2,97.58,342.4,13.74,442.8,19.4,648.3,0.0650,0.70,19.8,289.8,4.8
2025-10-09T08:04:00+00:00,2251.8,93.69,346.7,13.71,421.9,18.9,589.0,0.0576,0.60,19.8,289.8,3.0
2025-10-09T08:05:00+00:00,2036.9,93.49,343.6,14.11,412.7,21.0,655.4,0.0590,0.64,19.8,289.8,5.3
2025-10-09T08:06:00+00:00,2043.5,91.19,360.1,13.62,414.0,22.6,604.4,0.0616,0.73,19.8,289.8,2.2
2025-10-09T08:07:00+00:00,2029.7,96.36,354.7,13.73,396.2,19.8,602.6,0.0568,0.62,19.8,289.8,4.4
2025-10-09T08:08:00+00:00,2153.6,94.26,337.5,13.70,412.9,20.1,569.3,0.0603,0.73,19.8,289.8,3.1
2025-10-09T08:09:00+00:00,1990.3,95.78,337.1,13.99,423.3,19.3,613.9,0.0559,0.57,19.8,289.8,4.4
2025-10-09T08:10:00+00:00,2106.0,96.41,347.0,13.82,418.3,19.8,650.3,0.0568,0.61,19.8,289.8,2.2
2025-10-09T08:11:00+00:00,1799.9,92.50,349.9,13.71,412.2,21.3,596.7,0.0557,0.64,19.8,289.8,2.6
2025-10-09T08:12:00+00:00,1972.5,94.71,346.7,13.76,393.9,19.4,610.4,0.0559,0.58,19.8,289.8,5.2
2025-10-09T08:13:00+00:00,2093.9,94.68,349.2,13.70,416.2,25.4,608.7,0.0590,0.68,19.8,289.8,5.2
2025-10-09T08:14:00+00:00,1075.1,87.96,364.7,13.64,398.9,21.1,572.3,0.0538,0.54,19.8,289.8,4.9
2025-10-09T08:15:00+00:00,945.2,92.32,365.4,13.99,401.3,20.5,542.2,0.0501,0.56,19.8,289.8,3.7
2025-10-09T08:16:00+00:00,895.8,90.19,377.0,13.86,369.6,20.0,569.8,0.0504,0.60,19.8,289.8,4.0
2025-10-09T08:17:00+00:00,992.6,91.46,342.8,13.87,385.9,19.9,493.7,0.0510,0.62,19.8,289.8,3.0
2025-10-09T08:18:00+00:00,1125.2,90.06,346.8,13.87,393.8,19.4,512.2,0.0519,0.64,19.8,289.8,5.2
2025-10-09T08:19:00+00:00,985.8,91.18,347.4,14.03,394.8,21.1,551.3,0.0569,0.63,19.8,289.8,4.0
2025-10-09T08:20:00+00:00,1014.3,92.90,364.2,13.76,393.6,21.0,593.8,0.0659,0.55,19.8,289.8,3.2
2025-10-09T08:21:00+00:00,991.7,91.72,355.9,13.66,389.1,19.9,530.5,0.0505,0.57,19.8,289.8,3.7
2025-10-09T08:22:00+00:00,1073.3,90.47,362.8,13.71,398.0,20.1,536.3,0.0542,0.57,19.8,289.8,3.4
2025-10-09T08:23:00+00:00,967.4,89.19,363.0,13.69,381.0,21.1,572.8,0.0617,0.53,19.8,289.8,3.6
2025-10-09T08:24:00+00:00,926.9,91.78,359.2,13.73,361.8,21.4,557.5,0.0501,0.55,19.8,289.8,4.3
2025-10-09T14:00:00+00:00,863.9,91.02,345.2,13.83,376.1,19.0,590.0,0.0624,0.67,19.8,289.8,2.3
2025-10-09T14:01:00+00:00,967.0,91.29,348.9,14.01,371.2,19.0,518.4,0.0507,0.60,19.8,289.8,5.0
2025-10-09T14:02:00+00:00,927.0,89.48,363.9,13.62,381.9,19.9,537.1,0.0505,0.60,19.8,289.8,3.4
2025-10-09T14:03:00+00:00,1005.1,92.15,354.9,13.73,386.6,19.7,485.5,0.0564,0.64,19.8,289.8,3.1
2025-10-09T14:04:00+00:00,976.7,90.22,357.2,14.08,381.6,19.7,539.8,0.0522,0.64,19.8,289.8,4.0
2025-10-09T14:05:00+00:00,1094.4,90.19,349.9,13.59,390.6,20.1,549.6,0.0510,0.56,19.8,289.8,4.7
2025-10-09T14:06:00+00:00,982.8,91.16,362.4,13.81,398.1,20.2,577.2,0.0516,0.59,19.8,289.8,3.2
2025-10-09T14:07:00+00:00,808.5,89.44,354.8,13.90,354.7,21.7,564.7,0.0505,0.66,19.8,289.8,4.8
2025-10-09T14:08:00+00:00,1065.0,94.30,359.7,13.81,401.1,20.5,584.0,0.0509,0.56,19.8,289.8,2.4
2025-10-09T14:09:00+00:00,1019.7,90.77,363.2,13.68,386.5,19.0,534.9,0.0578,0.65,19.8,289.8,3.0
2025-10-09T14:10:00+00:00,1072.9,88.17,367.4,14.18,396.4,18.4,570.4,0.0554,0.54,19.8,289.8,3.4
2025-10-09T14:11:00+00:00,1135.8,94.41,345.2,13.69,402.2,18.8,549.3,0.0514,0.59,19.8,289.8,4.0
2025-10-09T14:12:00+00:00,1013.8,91.68,360.6,13.99,403.4,20.2,563.3,0.0513,0.64,19.8,289.8,5.2
2025-10-09T14:13:00+00:00,1054.7,89.63,354.4,13.72,373.1,20.0,559.9,0.0513,0.62,19.8,289.8,4.4
2025-10-09T14:14:00+00:00,2097.9,94.83,347.4,13.89,418.2,20.8,596.9,0.0594,0.56,19.8,289.8,3.2
2025-10-09T14:15:00+00:00,1934.6,93.93,354.1,13.62,410.0,18.5,599.5,0.0556,0.56,19.8,289.8,4.4
2025-10-09T14:16:00+00:00,2174.8,94.86,348.6,13.62,410.0,22.2,647.7,0.0575,0.65,19.8,289.8,4.5
2025-10-09T14:17:00+00:00,2130.0,95.27,340.6,13.73,400.8,18.2,638.6,0.0569,0.60,19.8,289.8,4.4
2025-10-09T14:18:00+00:00,2071.1,93.23,341.3,13.86,405.7,19.6,619.1,0.0566,0.54,19.8,289.8,3.4
2025-10-09T14:19:00+00:00,2012.1,96.51,352.1,13.95,420.2,18.7,617.0,0.0566,0.63,19.8,289.8,3.3
2025-10-09T14:20:00+00:00,2173.6,95.79,358.1,13.76,412.3,19.5,595.3,0.0572,0.53,19.8,289.8,4.4
2025-10-09T14:21:00+00:00,2294.0,95.25,357.5,13.61,410.6,21.0,596.6,0.0580,0.61,19.8,289.8,2.9
2025-10-09T14:22:00+00:00,2045.2,96.29,347.8,13.88,424.5,19.6,633.7,0.0573,0.68,19.8,289.8,3.7
2025-10-09T14:23:00+00:00,2219.0,94.93,348.5,13.69,417.4,18.4,611.7,0.0573,0.60,19.8,289.8,4.0
2025-10-09T14:24:00+00:00,1846.9,94.10,358.6,13.72,431.7,20.0,557.2,0.0550,0.57,19.8,289.8,4.8
2025-10-09T14:25:00+00:00,2062.1,94.99,333.6,13.90,411.3,22.9,611.3,0.0596,0.63,19.8,289.8,2.5
2025-10-09T14:26:00+00:00,1990.5,94.80,341.4,14.19,397.5,16.8,542.7,0.0558,0.57,19.8,289.8,3.4
2025-10-09T14:27:00+00:00,1912.1,94.08,355.3,13.60,416.2,21.7,578.5,0.0617,0.63,19.8,289.8,3.7
2025-10-09T14:28:00+00:00,2034.6,96.61,342.7,13.73,396.7,17.4,567.9,0.0563,0.58,19.8,289.8,3.9
2025-10-09T14:29:00+00:00,2110.0,94.99,331.9,13.67,431.8,20.6,581.9,0.0582,0.75,19.8,289.8,2.8
2025-10-09T14:30:00+00:00,2217.4,93.88,349.4,13.80,419.9,17.7,585.1,0.0570,0.56,19.8,289.8,3.5
2025-10-09T14:31:00+00:00,1979.8,92.32,343.4,13.53,415.5,20.3,601.1,0.0609,0.66,19.8,289.8,2.5
2025-10-09T14:32:00+00:00,1910.5,93.44,356.5,13.63,376.8,21.5,547.2,0.0560,0.62,19.8,289.8,4.5
2025-10-09T14:33:00+00:00,2043.3,96.69,343.3,13.67,442.8,18.4,608.6,0.0565,0.60,19.8,289.8,4.8
2025-10-09T14:34:00+00:00,2244.3,94.59,333.5,13.92,416.6,19.6,567.0,0.0639,0.59,19.8,289.8,4.5
2025-10-09T14:35:00+00:00,1914.6,92.66,346.4,13.77,418.0,20.0,592.8,0.0697,0.66,19.8,289.8,4.1
2025-10-09T14:36:00+00:00,2140.5,95.31,347.5,13.67,404.8,19.7,589.4,0.0642,0.58,19.8,289.8,4.4
2025-10-09T14:37:00+00:00,2094.2,96.09,353.3,13.57,423.0,18.5,586.3,0.0583,0.59,19.8,289.8,5.9
2025-10-09T14:38:00+00:00,2039.5,96.56,343.5,13.51,419.7,20.0,581.8,0.0583,0.62,19.8,289.8,2.6
2025-10-09T14:39:00+00:00,1829.4,92.48,342.4,13.87,407.8,19.2,589.1,0.0554,0.60,19.8,289.8,3.6
2025-10-09T14:40:00+00:00,1989.0,93.68,345.4,13.80,415.2,22.1,581.2,0.0575,0.72,19.8,289.8,2.1
2025-10-09T14:41:00+00:00,1949.1,92.54,362.9,13.67,415.6,19.3,567.3,0.0554,0.56,19.8,289.8,4.1
2025-10-09T14:42:00+00:00,1915.6,93.26,361.7,13.95,401.9,21.0,607.1,0.0606,0.58,19.8,289.8,4.8
2025-10-09T14:43:00+00:00,1900.3,92.60,356.3,13.66,399.5,19.4,578.6,0.0560,0.64,19.8,289.8,4.1
2025-10-09T14:44:00+00:00,2056.9,94.37,355.7,13.84,432.5,18.7,595.0,0.0620,0.62,19.8,289.8,2.3
2025-10-09T14:45:00+00:00,2090.6,90.64,362.0,13.77,437.0,23.1,661.8,0.0566,0.61,19.8,289.8,3.0
2025-10-09T14:46:00+00:00,1962.0,95.00,359.9,13.94,397.8,19.1,614.9,0.0587,0.67,19.8,289.8,1.6
2025-10-09T14:47:00+00:00,2033.3,93.25,356.2,13.52,389.0,17.0,573.7,0.0563,0.60,19.8,289.8,3.6
2025-10-09T14:48:00+00:00,1829.5,92.46,363.7,14.06,412.4,18.8,634.5,0.0556,0.63,19.8,289.8,4.4
2025-10-09T14:49:00+00:00,2085.8,94.94,351.6,13.86,390.0,18.7,594.1,0.0573,0.67,19.8,289.8,4.3
2025-10-09T14:50:00+00:00,2040.6,97.94,346.6,13.90,414.1,19.7,625.9,0.0568,0.65,19.8,289.8,3.9
2025-10-09T14:51:00+00:00,1861.6,93.47,335.2,13.73,411.0,19.7,564.9,0.0557,0.57,19.8,289.8,2.8
2025-10-09T14:52:00+00:00,2024.6,95.15,349.8,13.80,400.2,20.1,579.5,0.0561,0.56,19.8,289.8,4.1
2025-10-09T14:53:00+00:00,2194.2,94.02,354.7,13.81,426.3,19.5,635.5,0.0653,0.67,19.8,289.8,4.3
2025-10-09T14:54:00+00:00,1929.5,93.76,357.4,13.77,426.3,18.6,577.0,0.0549,0.52,19.8,289.8,4.2
2025-10-09T14:55:00+00:00,1989.8,96.80,345.7,13.70,410.9,21.4,583.7,0.0567,0.64,19.8,289.8,2.6
2025-10-09T14:56:00+00:00,2111.5,96.39,335.1,14.01,419.4,17.7,572.0,0.0583,0.49,19.8,289.8,3.4
2025-10-09T14:57:00+00:00,1875.3,94.39,349.9,13.88,429.6,21.5,678.6,0.0557,0.63,19.8,289.8,3.5
2025-10-09T14:58:00+00:00,2057.6,94.15,350.0,13.60,433.5,22.6,584.8,0.0587,0.68,19.8,289.8,4.2
2025-10-09T14:59:00+00:00,1880.4,93.49,344.7,13.68,431.2,21.2,630.9,0.0560,0.62,19.8,289.8,2.8
2025-10-09T15:00:00+00:00,1897.3,96.08,345.5,13.78,407.1,21.1,597.1,0.0640,0.61,19.8,289.8,5.5
2025-10-09T15:01:00+00:00,1942.0,93.03,357.4,13.78,401.0,21.1,577.5,0.0548,0.49,19.8,289.8,5.3
2025-10-09T15:02:00+00:00,1977.4,94.93,340.4,14.05,416.6,22.5,661.5,0.0587,0.54,19.8,289.8,4.0
2025-10-09T15:03:00+00:00,1940.9,91.50,369.4,13.77,406.4,17.8,619.5,0.0555,0.56,19.8,289.8,5.1
2025-10-09T15:04:00+00:00,1979.5,93.67,347.5,13.91,397.8,19.8,601.5,0.0676,0.62,19.8,289.8,5.0
2025-10-09T15:05:00+00:00,2033.2,93.52,337.5,13.90,407.5,18.7,613.9,0.0568,0.66,19.8,289.8,4.0
2025-10-09T15:06:00+00:00,2265.7,95.12,350.3,13.64,416.0,19.1,642.3,0.0681,0.61,19.8,289.8,4.4
2025-10-09T15:07:00+00:00,2028.0,95.17,345.7,13.90,415.5,24.2,602.8,0.0567,0.64,19.8,289.8,3.9
2025-10-09T15:08:00+00:00,2092.0,93.38,344.4,13.74,419.2,19.4,645.5,0.0560,0.53,19.8,289.8,3.7
2025-10-09T15:09:00+00:00,2105.1,94.16,339.1,13.64,424.5,20.4,604.3,0.0643,0.68,19.8,289.8,3.9
2025-10-09T15:10:00+00:00,2104.8,92.78,356.2,13.92,420.2,19.8,623.4,0.0629,0.67,19.8,289.8,5.0
2025-10-09T15:11:00+00:00,2505.2,95.93,360.3,13.76,448.8,19.4,621.5,0.0600,0.65,19.8,289.8,3.6
2025-10-09T15:12:00+00:00,1827.3,95.81,356.4,13.78,409.7,21.0,585.7,0.0558,0.64,19.8,289.8,7.3
2025-10-09T15:13:00+00:00,2135.5,92.57,341.1,13.87,433.2,22.2,586.6,0.0616,0.61,19.8,289.8,4.0
2025-10-09T15:14:00+00:00,1924.8,96.43,353.2,13.88,419.0,20.8,650.3,0.0571,0.73,19.8,289.8,2.0
2025-10-09T15:15:00+00:00,1979.7,91.12,344.2,13.74,412.2,20.4,599.2,0.0572,0.62,19.8,289.8,2.7
2025-10-09T15:16:00+00:00,2411.9,97.73,341.7,13.99,413.0,19.5,611.2,0.0586,0.62,19.8,289.8,2.8
2025-10-09T15:17:00+00:00,2482.5,97.90,349.6,13.55,441.2,20.0,577.2,0.0590,0.63,19.8,289.8,5.8
2025-10-09T15:18:00+00:00,1968.1,93.12,345.1,13.80,408.1,18.9,622.3,0.0578,0.65,19.8,289.8,2.4
2025-10-09T15:19:00+00:00,2018.6,93.37,340.6,13.93,432.1,19.8,629.8,0.0568,0.63,19.8,289.8,4.8
2025-10-09T15:20:00+00:00,2467.6,95.19,347.5,13.67,430.0,19.1,666.0,0.0651,0.63,19.8,289.8,4.1
2025-10-09T15:21:00+00:00,2485.3,97.75,343.7,13.68,403.0,17.1,574.3,0.0657,0.67,19.8,289.8,4.0
2025-10-09T15:22:00+00:00,2095.3,95.53,358.2,13.61,417.8,19.0,639.2,0.0585,0.58,19.8,289.8,4.1
2025-10-09T15:23:00+00:00,2612.3,97.69,345.6,13.82,440.6,20.1,642.3,0.0607,0.60,19.8,289.8,3.1
2025-10-09T15:24:00+00:00,2225.4,94.03,339.3,13.80,406.4,20.6,575.4,0.0677,0.63,19.8,289.8,3.4
2025-10-09T15:25:00+00:00,2549.1,96.18,356.5,14.08,417.1,21.0,639.0,0.0626,0.51,19.8,289.8,5.0
2025-10-09T15:26:00+00:00,2100.1,93.05,346.6,13.78,412.9,19.5,631.9,0.0569,0.61,19.8,289.8,3.8
2025-10-09T15:27:00+00:00,2348.3,95.74,346.1,13.59,447.6,22.4,580.6,0.0618,0.66,19.8,289.8,4.0
2025-10-09T15:28:00+00:00,1984.4,93.81,360.5,13.67,406.8,21.5,624.2,0.0565,0.63,19.8,289.8,4.1
2025-10-09T15:29:00+00:00,2405.2,96.08,337.5,13.82,430.3,16.7,621.4,0.0642,0.66,19.8,289.8,4.2
2025-10-09T15:30:00+00:00,2058.5,93.98,349.2,13.34,410.2,22.6,539.9,0.0604,0.60,19.8,289.8,4.2
2025-10-09T15:31:00+00:00,1993.4,90.85,344.3,13.76,428.9,22.2,646.9,0.0563,0.60,19.8,289.8,4.1
2025-10-09T15:32:00+00:00,2458.6,97.43,347.0,13.84,418.1,20.9,593.7,0.0588,0.61,19.8,289.8,3.4
2025-10-09T15:33:00+00:00,2471.9,95.36,361.7,13.82,429.5,17.8,656.7,0.0588,0.59,19.8,289.8,3.6
2025-10-09T15:34:00+00:00,2528.0,94.79,342.3,13.93,438.7,18.7,632.1,0.0589,0.60,19.8,289.8,3.2
2025-10-09T15:35:00+00:00,2015.7,95.23,332.1,13.68,399.3,20.4,577.9,0.0581,0.67,19.8,289.8,3.8
2025-10-09T15:36:00+00:00,2442.4,95.39,333.2,13.89,423.1,17.1,592.1,0.0585,0.58,19.8,289.8,4.8
2025-10-09T15:37:00+00:00,1805.4,92.82,350.8,13.75,389.4,19.4,598.0,0.0554,0.62,19.8,289.8,4.2
2025-10-09T15:38:00+00:00,2178.3,95.04,354.1,14.15,404.0,19.1,649.7,0.0578,0.65,19.8,289.8,2.7
2025-10-09T15:39:00+00:00,1933.3,93.69,341.4,13.76,419.8,19.9,532.8,0.0561,0.57,19.8,289.8,3.6
2025-10-09T15:40:00+00:00,1996.3,93.41,335.0,13.49,413.4,20.2,600.7,0.0585,0.62,19.8,289.8,4.0
2025-10-09T15:41:00+00:00,2166.2,92.98,346.8,14.14,426.1,22.1,540.5,0.0582,0.56,19.8,289.8,4.4
2025-10-09T15:42:00+00:00,2548.1,95.85,342.1,13.81,417.1,18.5,636.7,0.0594,0.63,19.8,289.8,3.4
2025-10-09T15:43:00+00:00,1912.2,92.11,355.6,13.84,414.6,18.6,547.0,0.0561,0.64,19.8,289.8,2.8
2025-10-09T15:44:00+00:00,2406.4,95.75,364.4,13.45,425.0,19.8,601.0,0.0609,0.64,19.8,289.8,4.6
2025-10-09T15:45:00+00:00,2154.6,94.23,356.3,13.68,410.9,20.2,680.9,0.0621,0.63,19.8,289.8,4.3
2025-10-09T15:46:00+00:00,1861.0,93.26,345.9,13.98,407.7,19.0,613.9,0.0550,0.55,19.8,289.8,2.3
2025-10-09T15:47:00+00:00,1862.9,91.86,356.7,13.69,429.9,17.2,601.5,0.0580,0.72,19.8,289.8,3.4
2025-10-09T15:48:00+00:00,1988.0,92.28,334.1,13.85,428.5,21.2,568.9,0.0559,0.56,19.8,289.8,1.5
2025-10-09T15:49:00+00:00,1885.9,91.98,352.7,13.94,412.4,19.9,561.2,0.0553,0.56,19.8,289.8,3.1
2025-10-09T15:50:00+00:00,1934.7,90.08,349.8,13.69,409.3,20.1,577.0,0.0561,0.61,19.8,289.8,3.9
2025-10-09T15:51:00+00:00,1924.9,94.48,340.2,13.62,399.5,19.7,564.6,0.0557,0.60,19.8,289.8,3.2
2025-10-09T15:52:00+00:00,1953.6,93.73,347.2,13.97,427.6,21.3,592.0,0.0560,0.60,19.8,289.8,1.6
2025-10-09T15:53:00+00:00,1991.8,95.35,356.4,13.75,410.2,19.9,600.4,0.0645,0.67,19.8,289.8,3.5
2025-10-09T15:54:00+00:00,2024.9,94.48,349.4,13.70,419.0,21.0,557.8,0.0652,0.63,19.8,289.8,3.4
2025-10-09T15:55:00+00:00,2185.5,94.42,347.2,13.74,442.8,17.6,617.7,0.0572,0.59,19.8,289.8,6.8
2025-10-09T15:56:00+00:00,1854.8,93.05,348.6,13.63,420.8,20.3,564.9,0.0605,0.67,19.8,289.8,3.4
2025-10-09T15:57:00+00:00,1968.5,95.88,342.6,13.73,388.0,19.9,704.8,0.0578,0.63,19.8,289.8,3.0
2025-10-09T15:58:00+00:00,1985.0,93.60,353.4,13.83,397.6,19.6,629.7,0.0564,0.62,19.8,289.8,3.6
2025-10-09T15:59:00+00:00,1905.6,94.87,341.6,13.95,397.7,19.7,600.1,0.0608,0.56,19.8,289.8,5.7
2025-10-09T16:00:00+00:00,1994.7,92.99,339.0,14.03,400.0,21.2,575.3,0.0563,0.62,19.8,289.8,3.4
2025-10-09T16:01:00+00:00,2027.6,92.48,350.3,13.84,416.9,20.1,614.8,0.0572,0.64,19.8,289.8,3.6
2025-10-09T16:02:00+00:00,2054.6,94.84,349.1,13.67,428.5,20.5,558.5,0.0565,0.60,19.8,289.8,4.8
2025-10-09T16:03:00+00:00,1764.6,92.70,347.4,13.66,413.5,22.6,622.8,0.0599,0.60,19.8,289.8,4.6
2025-10-09T16:04:00+00:00,2181.0,94.78,347.8,13.80,406.9,18.8,626.7,0.0569,0.57,19.8,289.8,3.9
2025-10-09T16:05:00+00:00,2212.6,94.95,336.5,14.01,416.1,22.8,658.7,0.0573,0.60,19.8,289.8,2.4
2025-10-09T16:06:00+00:00,2184.2,96.81,332.0,13.71,423.7,18.2,551.2,0.0670,0.66,19.8,289.8,3.6
2025-10-09T16:07:00+00:00,2185.7,93.17,349.1,13.65,417.3,19.9,610.8,0.0643,0.54,19.8,289.8,3.9
2025-10-09T16:08:00+00:00,2136.4,94.44,351.7,14.14,413.1,20.4,567.6,0.0574,0.64,19.8,289.8,3.8
2025-10-09T16:09:00+00:00,2111.8,94.91,345.0,13.89,438.0,19.8,607.3,0.0569,0.56,19.8,289.8,3.2
2025-10-09T16:10:00+00:00,2018.7,92.76,351.5,13.60,398.7,18.6,649.5,0.0577,0.68,19.8,289.8,3.8
2025-10-09T16:11:00+00:00,1904.3,94.27,364.5,13.87,411.4,23.0,607.3,0.0610,0.68,19.8,289.8,3.0
2025-10-09T16:12:00+00:00,1976.5,91.58,350.1,13.77,411.2,19.3,603.9,0.0570,0.67,19.8,289.8,3.9
2025-10-09T16:13:00+00:00,1908.1,94.80,346.3,13.46,406.2,24.4,635.9,0.0556,0.54,19.8,289.8,4.8
2025-10-09T16:14:00+00:00,2180.4,96.41,342.7,13.66,417.6,19.0,597.2,0.0571,0.60,19.8,289.8,2.7
2025-10-09T16:15:00+00:00,2006.3,95.34,371.0,13.75,411.7,18.1,598.1,0.0559,0.56,19.8,289.8,3.4
2025-10-09T16:16:00+00:00,2046.6,93.89,355.0,13.82,411.5,18.7,564.2,0.0639,0.56,19.8,289.8,2.4
2025-10-09T16:17:00+00:00,2142.8,95.60,345.5,14.09,421.2,20.0,521.9,0.0584,0.66,19.8,289.8,3.3
2025-10-09T16:18:00+00:00,1996.9,92.84,371.6,13.42,422.6,19.5,618.8,0.0692,0.61,19.8,289.8,4.9
2025-10-09T16:19:00+00:00,2211.4,96.35,354.2,13.81,439.2,18.7,569.9,0.0571,0.58,19.8,289.8,5.2
2025-10-09T16:20:00+00:00,1930.2,92.00,352.4,13.80,431.4,19.7,626.4,0.0556,0.57,19.8,289.8,3.6
2025-10-09T16:21:00+00:00,2166.5,97.20,339.3,13.96,410.7,19.4,590.7,0.0678,0.56,19.8,289.8,4.4
2025-10-09T16:22:00+00:00,2209.3,97.33,338.3,13.93,415.3,19.3,620.0,0.0584,0.71,19.8,289.8,3.3
2025-10-09T16:23:00+00:00,1826.9,92.61,351.9,13.76,399.3,18.1,587.9,0.0556,0.61,19.8,289.8,3.3
2025-10-09T16:24:00+00:00,1904.6,93.79,343.2,13.28,427.3,19.0,575.9,0.0549,0.49,19.8,289.8,3.4
2025-10-09T16:25:00+00:00,1913.1,94.10,349.0,13.89,399.3,18.2,604.1,0.0605,0.56,19.8,289.8,1.7
2025-10-09T16:26:00+00:00,2220.6,96.95,362.8,13.85,418.2,21.2,608.1,0.0579,0.66,19.8,289.8,3.3
2025-10-09T16:27:00+00:00,2173.1,94.18,349.7,13.97,435.6,19.0,611.8,0.0654,0.54,19.8,289.8,4.6
2025-10-09T16:28:00+00:00,2063.9,94.00,337.9,13.86,415.7,19.4,663.2,0.0629,0.63,19.8,289.8,4.6
2025-10-09T16:29:00+00:00,1997.3,94.53,346.4,13.57,417.0,22.1,632.4,0.0610,0.65,19.8,289.8,3.8
2025-10-09T16:30:00+00:00,2155.9,97.32,342.5,13.71,420.9,19.5,645.8,0.0651,0.72,19.8,289.8,2.9
2025-10-09T16:31:00+00:00,1990.9,95.45,352.7,13.95,406.9,20.2,613.8,0.0569,0.71,19.8,289.8,3.3
2025-10-09T16:32:00+00:00,1974.4,96.61,362.9,13.84,431.8,20.4,660.0,0.0579,0.62,19.8,289.8,3.8
2025-10-09T16:33:00+00:00,1930.7,94.56,350.5,13.74,437.8,18.0,537.0,0.0582,0.58,19.8,289.8,4.1
2025-10-09T16:34:00+00:00,1825.9,93.81,353.4,13.72,401.9,19.4,612.1,0.0601,0.66,19.8,289.8,1.5
2025-10-09T16:35:00+00:00,2160.0,93.34,362.4,13.65,434.7,19.9,592.0,0.0572,0.62,19.8,289.8,4.0
2025-10-09T16:36:00+00:00,2025.3,94.82,352.6,13.72,416.9,19.7,590.6,0.0610,0.64,19.8,289.8,4.3
2025-10-09T16:37:00+00:00,1951.3,93.61,359.9,13.63,429.6,20.6,630.3,0.0565,0.64,19.8,289.8,2.8
2025-10-09T16:38:00+00:00,1948.6,94.06,335.6,14.06,412.8,19.6,563.1,0.0563,0.63,19.8,289.8,4.5
2025-10-09T16:39:00+00:00,1779.7,92.84,354.8,13.69,422.9,21.4,558.6,0.0674,0.67,19.8,289.8,3.5
2025-10-09T16:40:00+00:00,2135.1,96.99,347.4,13.61,407.9,19.6,590.5,0.0571,0.64,19.8,289.8,4.6
2025-10-09T16:41:00+00:00,1054.4,91.93,352.2,13.71,389.2,20.0,530.6,0.0544,0.59,19.8,289.8,4.4
2025-10-09T16:42:00+00:00,1112.5,91.16,356.0,14.05,380.9,18.7,534.6,0.0580,0.62,19.8,289.8,2.5
2025-10-09T16:43:00+00:00,879.1,90.89,357.6,13.79,384.1,21.7,492.8,0.0506,0.64,19.8,289.8,1.2
2025-10-09T16:44:00+00:00,1108.6,91.04,343.3,13.77,375.1,17.5,577.6,0.0516,0.61,19.8,289.8,2.4
2025-10-09T16:45:00+00:00,944.2,90.96,362.5,13.86,373.1,20.8,565.4,0.0509,0.62,19.8,289.8,2.7
2025-10-09T16:46:00+00:00,870.6,89.70,358.4,13.84,350.6,22.9,579.0,0.0505,0.64,19.8,289.8,4.0
2025-10-09T16:47:00+00:00,1021.6,89.81,349.7,13.87,377.7,20.2,553.6,0.0572,0.64,19.8,289.8,4.3
2025-10-09T16:48:00+00:00,926.6,91.66,360.8,14.00,378.9,20.6,579.8,0.0538,0.64,19.8,289.8,3.4
2025-10-09T16:49:00+00:00,949.5,92.74,363.7,13.91,392.2,21.1,578.8,0.0516,0.67,19.8,289.8,2.9
2025-10-09T16:50:00+00:00,1029.1,90.38,354.7,13.76,391.8,18.9,598.6,0.0512,0.62,19.8,289.8,2.6
2025-10-09T16:51:00+00:00,982.2,90.45,351.5,13.51,376.3,18.4,528.9,0.0515,0.66,19.8,289.8,3.2
2025-10-09T16:52:00+00:00,898.3,89.53,361.0,13.78,351.9,20.1,550.1,0.0538,0.65,19.8,289.8,1.6
2025-10-09T16:53:00+00:00,1114.6,94.54,349.7,13.93,387.5,20.7,530.1,0.0560,0.65,19.8,289.8,2.4
2025-10-10T06:00:00+00:00,1014.2,91.98,359.7,13.82,384.2,24.8,561.0,0.0549,0.39,151.2,286.2,7.0
2025-10-10T06:01:00+00:00,1090.8,92.56,356.3,13.83,396.5,17.8,559.5,0.0493,0.39,151.2,286.2,5.4
2025-10-10T06:02:00+00:00,978.0,90.75,348.8,13.85,350.2,18.4,506.3,0.0487,0.40,151.2,286.2,5.9
2025-10-10T06:03:00+00:00,981.3,92.52,351.9,13.93,379.1,20.0,558.5,0.0502,0.54,151.2,286.2,5.0
2025-10-10T06:04:00+00:00,1043.0,92.52,366.9,13.82,367.4,18.2,559.6,0.0493,0.43,151.2,286.2,7.2
2025-10-10T06:05:00+00:00,965.8,90.02,350.9,13.54,381.8,21.8,543.3,0.0524,0.43,151.2,286.2,7.9
2025-10-10T06:06:00+00:00,935.2,89.21,356.8,13.73,386.3,21.0,568.8,0.0532,0.55,151.2,286.2,6.1
2025-10-10T06:07:00+00:00,945.3,91.03,353.9,13.72,389.2,20.3,591.3,0.0497,0.51,151.2,286.2,6.2
2025-10-10T06:08:00+00:00,982.6,89.94,360.2,13.67,392.6,18.0,537.6,0.0534,0.42,151.2,286.2,4.4
2025-10-10T06:09:00+00:00,849.6,89.05,354.2,14.01,394.2,19.6,583.5,0.0549,0.38,151.2,286.2,6.5
2025-10-10T06:10:00+00:00,1004.1,92.74,365.2,13.86,388.3,21.3,552.0,0.0539,0.45,151.2,286.2,7.7
2025-10-10T06:11:00+00:00,1922.8,96.95,361.0,13.79,383.5,21.0,577.0,0.0538,0.40,151.2,286.2,4.9
2025-10-10T06:12:00+00:00,1932.0,94.51,335.6,13.52,414.2,19.9,617.5,0.0543,0.45,151.2,286.2,6.0
2025-10-10T06:13:00+00:00,2031.1,91.93,360.9,13.94,425.0,20.3,569.4,0.0601,0.35,151.2,286.2,6.1
2025-10-10T06:14:00+00:00,2052.5,95.21,334.5,13.92,429.9,19.4,621.9,0.0670,0.49,151.2,286.2,7.1
2025-10-10T06:15:00+00:00,1924.7,94.33,342.8,13.95,424.9,20.7,609.8,0.0633,0.37,151.2,286.2,7.1
2025-10-10T06:16:00+00:00,2008.1,92.95,355.3,13.70,428.7,18.9,613.2,0.0546,0.44,151.2,286.2,7.2
2025-10-10T06:17:00+00:00,2121.9,96.81,339.8,13.81,403.4,20.6,560.9,0.0555,0.46,151.2,286.2,5.8
2025-10-10T06:18:00+00:00,1750.3,92.98,345.3,13.46,404.8,20.4,567.8,0.0541,0.50,151.2,286.2,6.5
2025-10-10T06:19:00+00:00,1995.9,93.93,343.8,13.91,416.7,18.7,683.8,0.0544,0.42,151.2,286.2,5.4
2025-10-10T06:20:00+00:00,2146.1,93.26,364.6,13.73,392.5,18.8,639.8,0.0569,0.60,151.2,286.2,4.7
2025-10-10T06:21:00+00:00,2025.7,94.14,353.1,13.67,385.2,19.2,605.0,0.0533,0.29,151.2,286.2,8.9
2025-10-10T06:22:00+00:00,2088.8,97.34,339.3,14.00,435.3,18.8,622.3,0.0561,0.45,151.2,286.2,5.8
2025-10-10T06:23:00+00:00,2039.7,94.09,368.9,14.01,412.3,19.7,596.0,0.0549,0.44,151.2,286.2,5.7
2025-10-10T06:24:00+00:00,2030.2,95.51,346.4,13.68,437.3,20.1,620.0,0.0559,0.44,151.2,286.2,6.1
2025-10-10T06:25:00+00:00,2113.7,94.09,349.7,13.79,424.4,21.2,650.3,0.0587,0.40,151.2,286.2,4.8
2025-10-10T06:26:00+00:00,1978.5,95.48,350.9,13.87,402.9,18.2,582.1,0.0544,0.43,151.2,286.2,3.6
2025-10-10T06:27:00+00:00,2016.4,96.78,334.0,13.69,410.7,22.5,623.2,0.0570,0.43,151.2,286.2,5.8
2025-10-10T06:28:00+00:00,2224.3,96.77,343.3,13.95,419.2,20.1,531.1,0.0604,0.48,151.2,286.2,8.0
2025-10-10T06:29:00+00:00,1974.8,98.30,355.3,13.80,415.8,21.5,656.7,0.0552,0.52,151.2,286.2,8.5
2025-10-10T06:30:00+00:00,2001.6,96.37,350.6,13.89,411.1,20.0,687.2,0.0569,0.45,151.2,286.2,8.4
2025-10-10T06:31:00+00:00,2092.8,97.14,341.1,13.95,431.8,17.7,557.4,0.0544,0.37,151.2,286.2,6.0
2025-10-10T06:32:00+00:00,2013.8,94.83,344.8,13.74,415.9,17.0,592.6,0.0581,0.41,151.2,286.2,7.2
2025-10-10T06:33:00+00:00,1924.7,95.53,339.0,13.47,385.7,19.5,633.2,0.0537,0.38,151.2,286.2,5.7
2025-10-10T06:34:00+00:00,2009.0,94.47,343.5,13.86,417.2,16.2,623.6,0.0539,0.34,151.2,286.2,8.3
2025-10-10T06:35:00+00:00,1815.3,94.67,336.3,13.45,408.8,21.6,591.1,0.0569,0.46,151.2,286.2,8.3
2025-10-10T06:36:00+00:00,2045.1,93.11,353.3,13.52,422.8,20.7,595.1,0.0566,0.44,151.2,286.2,7.8
2025-10-10T06:37:00+00:00,1947.9,94.85,346.8,14.05,413.0,21.0,601.5,0.0546,0.46,151.2,286.2,5.6
2025-10-10T06:38:00+00:00,1922.5,94.29,346.4,13.48,393.7,20.7,619.4,0.0619,0.44,151.2,286.2,6.7
2025-10-10T06:39:00+00:00,2185.6,97.37,354.6,13.87,415.1,19.0,586.4,0.0584,0.37,151.2,286.2,8.0
2025-10-10T06:40:00+00:00,1897.1,93.79,351.9,13.93,420.1,16.7,585.8,0.0559,0.46,151.2,286.2,6.5
2025-10-10T06:41:00+00:00,2080.6,96.22,346.3,13.72,444.5,19.7,624.9,0.0558,0.50,151.2,286.2,6.9
2025-10-10T06:42:00+00:00,2118.4,93.61,352.7,13.46,441.3,20.9,646.6,0.0543,0.35,151.2,286.2,7.6
2025-10-10T06:43:00+00:00,1977.9,95.83,339.7,13.76,408.7,19.4,594.8,0.0546,0.40,151.2,286.2,6.9
2025-10-10T06:44:00+00:00,2349.5,95.42,335.6,13.67,423.4,21.1,522.5,0.0574,0.46,151.2,286.2,7.0
2025-10-10T06:45:00+00:00,2037.8,93.06,341.6,13.66,429.1,19.0,639.9,0.0544,0.38,151.2,286.2,7.0
2025-10-10T06:46:00+00:00,1915.8,93.57,362.0,14.09,417.7,19.5,539.8,0.0540,0.45,151.2,286.2,3.7
2025-10-10T06:47:00+00:00,1974.7,94.57,339.7,13.79,408.6,21.3,610.7,0.0541,0.39,151.2,286.2,7.3
2025-10-10T06:48:00+00:00,2046.4,95.38,343.0,13.67,420.9,20.7,628.4,0.0567,0.47,151.2,286.2,5.3
2025-10-10T06:49:00+00:00,1965.0,95.41,333.9,13.65,391.8,19.8,636.0,0.0541,0.42,151.2,286.2,6.4
2025-10-10T06:50:00+00:00,2005.9,93.50,346.4,13.60,383.5,18.9,585.9,0.0545,0.42,151.2,286.2,5.0
2025-10-10T06:51:00+00:00,1961.8,95.64,341.9,13.56,413.0,18.7,584.6,0.0657,0.39,151.2,286.2,6.5
2025-10-10T06:52:00+00:00,2083.0,94.93,351.8,13.77,425.6,20.8,621.4,0.0552,0.45,151.2,286.2,6.8
2025-10-10T06:53:00+00:00,2012.9,98.12,346.3,13.50,443.4,18.2,618.6,0.0542,0.41,151.2,286.2,6.7
2025-10-10T06:54:00+00:00,1873.7,94.37,356.9,13.71,422.5,22.0,625.4,0.0540,0.44,151.2,286.2,4.9
2025-10-10T06:55:00+00:00,2070.2,95.60,340.0,13.62,430.0,19.3,551.9,0.0549,0.43,151.2,286.2,7.4
2025-10-10T06:56:00+00:00,2070.5,95.59,345.3,13.82,429.7,22.0,628.0,0.0550,0.45,151.2,286.2,6.8
2025-10-10T06:57:00+00:00,2066.6,98.58,355.9,14.01,408.7,21.1,561.8,0.0636,0.43,151.2,286.2,7.4
2025-10-10T06:58:00+00:00,1911.1,95.46,351.9,13.98,404.8,19.7,575.1,0.0542,0.43,151.2,286.2,6.4
2025-10-10T06:59:00+00:00,2337.8,94.32,339.9,13.80,413.9,18.7,586.5,0.0582,0.49,151.2,286.2,5.8
2025-10-10T07:00:00+00:00,2001.8,97.13,342.6,13.76,418.2,21.4,619.2,0.0587,0.49,151.2,286.2,6.2
2025-10-10T07:01:00+00:00,2416.3,94.33,342.0,13.98,426.3,19.5,596.0,0.0574,0.44,151.2,286.2,6.6
2025-10-10T07:02:00+00:00,2086.0,95.72,341.9,13.63,395.5,19.0,600.3,0.0547,0.39,151.2,286.2,6.7
2025-10-10T07:03:00+00:00,2021.3,92.94,345.1,14.02,417.7,20.6,597.4,0.0551,0.37,151.2,286.2,7.8
2025-10-10T07:04:00+00:00,2067.2,94.18,368.8,13.72,431.6,21.6,609.4,0.0554,0.48,151.2,286.2,6.5
2025-10-10T07:05:00+00:00,2430.2,93.64,347.5,13.91,425.9,20.5,537.5,0.0677,0.40,151.2,286.2,6.2
2025-10-10T07:06:00+00:00,2057.8,94.49,356.3,13.84,436.5,20.7,598.3,0.0550,0.45,151.2,286.2,5.7
2025-10-10T07:07:00+00:00,2456.1,94.71,338.7,13.81,424.8,22.4,645.0,0.0641,0.40,151.2,286.2,7.5
2025-10-10T07:08:00+00:00,2410.0,95.09,342.7,13.97,428.1,18.3,561.1,0.0636,0.48,151.2,286.2,6.4
2025-10-10T07:09:00+00:00,2095.7,96.44,331.3,13.61,409.5,21.3,623.7,0.0550,0.42,151.2,286.2,4.4
2025-10-10T07:10:00+00:00,2075.6,97.18,353.0,13.91,413.1,20.9,588.3,0.0557,0.51,151.2,286.2,7.5
2025-10-10T07:11:00+00:00,2121.9,93.43,347.5,13.91,413.9,20.0,610.1,0.0640,0.45,151.2,286.2,7.1
2025-10-10T07:12:00+00:00,1991.8,95.65,349.0,13.59,398.0,20.9,549.5,0.0572,0.37,151.2,286.2,5.1
2025-10-10T07:13:00+00:00,2045.0,96.03,342.3,13.69,419.9,22.2,591.0,0.0553,0.47,151.2,286.2,6.5
2025-10-10T07:14:00+00:00,2041.1,94.24,342.9,13.75,424.3,21.8,594.7,0.0579,0.45,151.2,286.2,5.4
2025-10-10T07:15:00+00:00,2105.2,94.94,347.7,13.84,429.1,16.8,580.4,0.0552,0.44,151.2,286.2,7.3
2025-10-10T07:16:00+00:00,1965.1,93.93,347.2,13.75,410.6,20.2,542.4,0.0551,0.36,151.2,286.2,6.7
2025-10-10T07:17:00+00:00,1938.0,94.61,341.3,13.78,406.7,17.2,611.5,0.0637,0.47,151.2,286.2,6.7
2025-10-10T07:18:00+00:00,2178.9,92.87,349.9,13.86,418.6,18.7,582.7,0.0556,0.43,151.2,286.2,7.5
2025-10-10T07:19:00+00:00,1988.7,92.41,351.6,13.80,428.3,21.6,657.2,0.0540,0.39,151.2,286.2,8.4
2025-10-10T07:20:00+00:00,2050.3,95.31,339.4,13.76,414.3,20.6,584.8,0.0548,0.43,151.2,286.2,5.0
2025-10-10T07:21:00+00:00,1913.9,96.54,371.0,13.53,414.7,22.3,544.5,0.0640,0.43,151.2,286.2,6.1
2025-10-10T07:22:00+00:00,1947.9,94.50,353.2,13.94,400.2,20.2,579.2,0.0531,0.32,151.2,286.2,5.9
2025-10-10T07:23:00+00:00,2056.0,94.94,350.3,13.95,380.6,20.8,696.2,0.0542,0.36,151.2,286.2,7.0
2025-10-10T07:24:00+00:00,1978.6,95.21,364.0,14.04,434.9,22.8,577.4,0.0688,0.48,151.2,286.2,6.4
2025-10-10T07:25:00+00:00,1898.7,94.80,353.5,13.85,423.1,18.3,625.8,0.0537,0.40,151.2,286.2,7.4
2025-10-10T07:26:00+00:00,2053.6,94.72,350.0,13.81,413.1,22.7,616.6,0.0593,0.42,151.2,286.2,5.5
2025-10-10T07:27:00+00:00,2010.1,93.81,347.6,13.84,402.1,18.9,587.6,0.0622,0.51,151.2,286.2,5.3
2025-10-10T07:28:00+00:00,2058.2,93.29,348.1,13.84,412.7,20.3,569.2,0.0575,0.46,151.2,286.2,7.1
2025-10-10T07:29:00+00:00,1950.4,94.73,350.2,13.80,412.9,19.1,642.9,0.0523,0.24,151.2,286.2,5.5
2025-10-10T07:30:00+00:00,2165.1,95.33,361.2,13.89,413.6,20.5,613.4,0.0557,0.46,151.2,286.2,7.7
2025-10-10T07:31:00+00:00,1882.6,93.21,337.5,14.06,398.6,19.8,578.6,0.0545,0.37,151.2,286.2,5.4
2025-10-10T07:32:00+00:00,1996.3,96.28,339.3,13.93,427.4,20.4,631.0,0.0545,0.43,151.2,286.2,6.1
2025-10-10T07:33:00+00:00,1855.9,94.45,343.6,13.97,418.8,20.4,565.5,0.0562,0.50,151.2,286.2,6.9
2025-10-10T07:34:00+00:00,1958.7,93.72,349.7,13.91,400.6,21.3,548.3,0.0541,0.39,151.2,286.2,7.4
2025-10-10T07:35:00+00:00,2084.9,93.50,333.0,13.72,435.3,20.6,593.1,0.0619,0.55,151.2,286.2,7.1
2025-10-10T07:36:00+00:00,2057.9,94.36,346.1,13.86,437.5,21.7,598.7,0.0656,0.42,151.2,286.2,6.5
2025-10-10T07:37:00+00:00,2158.8,93.99,360.4,13.80,413.6,19.3,702.6,0.0558,0.47,151.2,286.2,5.0
2025-10-10T07:38:00+00:00,2146.8,92.63,346.8,14.02,424.2,22.5,624.0,0.0549,0.34,151.2,286.2,7.1
2025-10-10T07:39:00+00:00,1993.4,97.20,343.0,13.86,422.5,18.1,555.3,0.0555,0.39,151.2,286.2,6.7
2025-10-10T07:40:00+00:00,2079.0,91.60,333.1,13.94,410.1,21.1,628.3,0.0595,0.46,151.2,286.2,6.9
2025-10-10T07:41:00+00:00,2215.9,98.09,355.5,13.84,421.4,19.9,581.9,0.0562,0.48,151.2,286.2,6.9
2025-10-10T07:42:00+00:00,2191.0,95.32,356.8,13.64,426.5,18.8,614.1,0.0560,0.47,151.2,286.2,7.3
2025-10-10T07:43:00+00:00,2016.1,95.27,358.0,13.63,389.1,18.7,678.1,0.0552,0.39,151.2,286.2,6.6
2025-10-10T07:44:00+00:00,2078.1,92.65,341.1,13.60,416.5,20.2,603.8,0.0657,0.54,151.2,286.2,7.1
2025-10-10T07:45:00+00:00,2038.3,94.74,366.5,13.91,416.4,20.5,628.4,0.0540,0.37,151.2,286.2,6.2
2025-10-10T07:46:00+00:00,2083.6,92.22,355.9,13.96,417.9,18.9,606.5,0.0558,0.50,151.2,286.2,7.4
2025-10-10T07:47:00+00:00,1877.8,94.71,341.1,13.85,416.0,18.2,560.0,0.0595,0.41,151.2,286.2,6.7
2025-10-10T07:48:00+00:00,2157.6,95.70,355.6,13.86,408.2,21.0,657.1,0.0563,0.38,151.2,286.2,4.8
2025-10-10T07:49:00+00:00,1748.6,91.40,348.2,13.82,397.1,22.6,591.1,0.0528,0.39,151.2,286.2,6.4
2025-10-10T07:50:00+00:00,1983.8,93.35,339.6,13.95,410.9,21.2,658.4,0.0543,0.41,151.2,286.2,6.7
2025-10-10T07:51:00+00:00,1962.5,95.57,346.8,13.62,422.5,21.9,593.7,0.0549,0.50,151.2,286.2,6.8
2025-10-10T07:52:00+00:00,1945.6,96.10,350.7,13.70,397.4,19.2,619.4,0.0575,0.50,151.2,286.2,5.7
2025-10-10T07:53:00+00:00,2038.5,94.48,342.2,13.75,422.7,21.7,611.7,0.0620,0.44,151.2,286.2,8.4
2025-10-10T07:54:00+00:00,2075.7,95.28,361.2,14.03,407.8,20.4,647.3,0.0587,0.50,151.2,286.2,7.6
2025-10-10T07:55:00+00:00,2139.5,92.69,346.1,14.13,398.4,21.1,573.2,0.0582,0.42,151.2,286.2,4.9
2025-10-10T07:56:00+00:00,892.4,90.22,352.6,13.84,383.9,20.8,530.3,0.0485,0.43,151.2,286.2,6.0
2025-10-10T07:57:00+00:00,796.3,87.30,351.2,13.70,395.0,20.6,538.3,0.0531,0.43,151.2,286.2,7.3
2025-10-10T07:58:00+00:00,949.5,92.49,365.0,13.57,359.0,19.8,646.6,0.0531,0.42,151.2,286.2,6.3
2025-10-10T07:59:00+00:00,1066.1,91.16,356.3,13.58,391.9,20.6,577.6,0.0509,0.41,151.2,286.2,5.7
2025-10-10T08:00:00+00:00,1000.8,89.96,353.3,13.64,368.7,18.1,575.8,0.0493,0.44,151.2,286.2,5.4
2025-10-10T08:01:00+00:00,932.3,92.39,354.5,13.70,391.3,19.6,570.9,0.0490,0.46,151.2,286.2,6.5
2025-10-10T08:02:00+00:00,1051.3,90.23,349.3,13.60,379.8,23.2,561.7,0.0537,0.47,151.2,286.2,6.0
2025-10-10T08:03:00+00:00,920.6,94.81,348.2,13.73,390.6,19.2,451.3,0.0478,0.34,151.2,286.2,8.2
2025-10-10T08:04:00+00:00,1078.5,92.99,352.0,13.62,387.7,18.4,582.9,0.0503,0.39,151.2,286.2,4.8
2025-10-10T08:05:00+00:00,1183.9,93.08,349.4,13.68,384.9,20.9,508.0,0.0532,0.41,151.2,286.2,5.9
2025-10-10T14:00:00+00:00,1139.1,90.78,356.9,13.90,388.5,20.5,559.1,0.0557,0.47,151.2,286.2,6.1
2025-10-10T14:01:00+00:00,1088.1,90.33,360.1,13.73,389.5,19.1,518.1,0.0493,0.38,151.2,286.2,7.1
2025-10-10T14:02:00+00:00,909.3,92.36,361.8,13.70,360.1,20.6,544.2,0.0486,0.42,151.2,286.2,5.4
2025-10-10T14:03:00+00:00,884.2,91.76,357.0,13.84,385.9,22.2,497.8,0.0494,0.45,151.2,286.2,5.0
2025-10-10T14:04:00+00:00,918.3,92.47,351.5,13.91,360.6,22.6,557.1,0.0486,0.42,151.2,286.2,5.2
2025-10-10T14:05:00+00:00,931.0,88.86,355.9,13.69,390.5,15.9,564.5,0.0496,0.50,151.2,286.2,6.9
2025-10-10T14:06:00+00:00,1031.4,89.93,350.5,13.90,378.9,20.7,565.7,0.0516,0.33,151.2,286.2,6.7
2025-10-10T14:07:00+00:00,1092.0,91.40,356.9,13.61,386.9,23.4,567.7,0.0498,0.46,151.2,286.2,6.6
2025-10-10T14:08:00+00:00,882.0,93.84,348.1,13.90,383.6,21.8,562.6,0.0505,0.35,151.2,286.2,6.4
2025-10-10T14:09:00+00:00,906.0,92.02,359.0,13.65,402.9,20.6,608.7,0.0486,0.41,151.2,286.2,5.4
2025-10-10T14:10:00+00:00,1114.0,92.14,344.4,13.97,380.5,18.8,569.5,0.0494,0.40,151.2,286.2,5.8
2025-10-10T14:11:00+00:00,915.2,92.57,351.5,13.77,392.7,17.9,509.1,0.0478,0.34,151.2,286.2,3.6
2025-10-10T14:12:00+00:00,868.1,90.93,366.3,13.72,380.2,21.4,556.9,0.0480,0.40,151.2,286.2,5.4
2025-10-10T14:13:00+00:00,933.9,90.66,357.0,14.23,366.0,20.0,505.9,0.0509,0.49,151.2,286.2,8.2
2025-10-10T14:14:00+00:00,1197.5,92.37,352.9,13.72,402.4,21.5,556.4,0.0535,0.36,151.2,286.2,4.9
2025-10-10T14:15:00+00:00,2212.3,92.97,350.2,13.63,424.9,17.1,623.7,0.0619,0.30,151.2,286.2,7.3
2025-10-10T14:16:00+00:00,2040.8,96.22,350.6,13.90,413.1,19.5,674.4,0.0549,0.45,151.2,286.2,6.9
2025-10-10T14:17:00+00:00,1908.0,91.80,355.4,13.70,428.0,21.2,557.6,0.0540,0.40,151.2,286.2,5.5
2025-10-10T14:18:00+00:00,1860.7,92.23,345.0,13.82,399.8,21.2,572.9,0.0571,0.55,151.2,286.2,7.7
2025-10-10T14:19:00+00:00,2033.0,96.73,351.3,13.76,418.5,21.5,628.3,0.0548,0.44,151.2,286.2,7.6
2025-10-10T14:20:00+00:00,1872.2,95.02,361.4,13.67,383.6,20.7,623.9,0.0540,0.44,151.2,286.2,6.5
2025-10-10T14:21:00+00:00,1980.4,94.37,353.5,13.55,419.6,18.9,600.6,0.0578,0.48,151.2,286.2,6.7
2025-10-10T14:22:00+00:00,2056.4,94.98,348.1,13.99,413.8,18.6,581.1,0.0545,0.40,151.2,286.2,4.8
2025-10-10T14:23:00+00:00,2012.9,94.87,337.5,13.57,433.3,20.7,584.0,0.0541,0.38,151.2,286.2,6.0
2025-10-10T14:24:00+00:00,1818.1,92.62,358.3,13.89,418.4,21.2,546.6,0.0533,0.40,151.2,286.2,4.6
2025-10-10T14:25:00+00:00,2111.9,91.97,348.1,13.92,420.5,20.9,567.5,0.0557,0.49,151.2,286.2,7.7
2025-10-10T14:26:00+00:00,2058.7,93.49,348.3,13.78,408.6,20.9,595.6,0.0573,0.36,151.2,286.2,6.9
2025-10-10T14:27:00+00:00,2040.6,94.30,344.4,13.80,419.3,22.4,653.8,0.0551,0.48,151.2,286.2,6.3
2025-10-10T14:28:00+00:00,2018.5,97.44,340.6,13.81,409.7,18.9,633.2,0.0539,0.33,151.2,286.2,7.2
2025-10-10T14:29:00+00:00,2074.2,95.03,333.2,13.63,404.9,18.5,607.9,0.0555,0.49,151.2,286.2,6.3
2025-10-10T14:30:00+00:00,2056.6,93.77,358.0,13.90,399.6,19.7,603.6,0.0667,0.44,151.2,286.2,5.6
2025-10-10T14:31:00+00:00,2043.4,92.11,351.6,13.74,400.4,20.4,581.5,0.0551,0.49,151.2,286.2,7.8
2025-10-10T14:32:00+00:00,2063.0,96.44,344.8,13.70,418.6,21.1,538.8,0.0578,0.39,151.2,286.2,6.8
2025-10-10T14:33:00+00:00,2133.8,96.61,351.6,13.64,433.8,20.7,647.3,0.0621,0.47,151.2,286.2,3.6
2025-10-10T14:34:00+00:00,1975.2,94.01,358.8,13.91,391.0,20.1,574.9,0.0537,0.37,151.2,286.2,5.6
2025-10-10T14:35:00+00:00,1965.6,90.98,338.8,13.74,445.3,20.3,514.1,0.0546,0.46,151.2,286.2,7.9
2025-10-10T14:36:00+00:00,1820.7,92.23,345.3,13.83,410.9,20.2,628.9,0.0564,0.44,151.2,286.2,6.2
2025-10-10T14:37:00+00:00,1870.9,94.80,340.1,13.63,414.3,20.2,628.2,0.0540,0.46,151.2,286.2,5.6
2025-10-10T14:38:00+00:00,2019.0,94.06,359.8,13.86,377.3,20.9,610.4,0.0538,0.34,151.2,286.2,6.1
2025-10-10T14:39:00+00:00,2078.7,95.99,355.2,13.62,428.8,19.4,575.1,0.0550,0.44,151.2,286.2,4.6
2025-10-10T14:40:00+00:00,2133.3,94.58,339.7,13.69,437.1,21.7,594.8,0.0550,0.41,151.2,286.2,6.0
2025-10-10T14:41:00+00:00,1976.9,94.32,326.3,13.83,397.8,20.0,618.0,0.0552,0.51,151.2,286.2,5.9
2025-10-10T14:42:00+00:00,1932.7,91.77,350.6,13.91,448.6,18.2,571.2,0.0593,0.48,151.2,286.2,5.7
2025-10-10T14:43:00+00:00,1898.0,91.95,341.4,13.87,390.7,18.7,581.5,0.0537,0.41,151.2,286.2,6.3
2025-10-10T14:44:00+00:00,2081.7,93.24,337.2,13.62,404.2,18.7,567.6,0.0569,0.43,151.2,286.2,6.9
2025-10-10T14:45:00+00:00,1959.1,92.27,361.7,13.83,433.5,21.5,583.6,0.0546,0.45,151.2,286.2,8.9
2025-10-10T14:46:00+00:00,2046.6,94.11,341.7,13.79,418.2,20.5,583.3,0.0625,0.48,151.2,286.2,6.3
2025-10-10T14:47:00+00:00,1973.6,94.96,345.2,13.74,427.5,22.0,619.8,0.0560,0.46,151.2,286.2,4.3
2025-10-10T14:48:00+00:00,2202.3,94.60,353.6,13.79,419.3,18.5,637.6,0.0562,0.49,151.2,286.2,6.1
2025-10-10T14:49:00+00:00,1993.8,93.07,352.6,13.56,406.0,21.2,584.0,0.0579,0.41,151.2,286.2,6.8
2025-10-10T14:50:00+00:00,1904.8,93.58,342.2,13.84,416.0,21.5,648.8,0.0538,0.34,151.2,286.2,5.6
2025-10-10T14:51:00+00:00,2018.0,94.99,353.9,13.88,424.1,21.6,611.7,0.0543,0.40,151.2,286.2,7.6
2025-10-10T14:52:00+00:00,2025.4,93.19,340.5,13.79,412.7,21.0,588.5,0.0573,0.50,151.2,286.2,7.3
2025-10-10T14:53:00+00:00,2049.1,92.09,350.2,13.87,402.2,18.9,608.7,0.0606,0.44,151.2,286.2,7.3
2025-10-10T14:54:00+00:00,2271.7,95.53,348.5,13.83,437.2,20.6,624.3,0.0569,0.50,151.2,286.2,6.1
2025-10-10T14:55:00+00:00,1896.1,93.95,362.5,13.76,425.4,18.4,609.0,0.0586,0.35,151.2,286.2,5.2
2025-10-10T14:56:00+00:00,1994.7,95.96,351.5,13.88,424.8,21.6,544.9,0.0559,0.39,151.2,286.2,5.7
2025-10-10T14:57:00+00:00,2107.0,95.46,350.9,13.47,443.6,20.0,601.2,0.0571,0.36,151.2,286.2,5.0
2025-10-10T14:58:00+00:00,1940.1,93.54,369.2,13.75,413.9,21.5,551.3,0.0551,0.51,151.2,286.2,6.9
2025-10-10T14:59:00+00:00,1976.0,94.24,356.2,14.03,410.7,20.7,624.3,0.0545,0.39,151.2,286.2,6.8
2025-10-10T15:00:00+00:00,2076.7,94.67,354.9,13.74,443.9,19.3,552.5,0.0546,0.40,151.2,286.2,5.7
2025-10-10T15:01:00+00:00,2046.9,92.92,349.8,13.78,407.5,19.5,607.6,0.0548,0.37,151.2,286.2,4.1
2025-10-10T15:02:00+00:00,1957.0,93.98,349.3,13.86,421.4,20.6,610.5,0.0544,0.44,151.2,286.2,6.4
2025-10-10T15:03:00+00:00,1971.0,95.55,359.6,14.06,405.9,18.9,589.5,0.0545,0.44,151.2,286.2,6.2
2025-10-10T15:04:00+00:00,1966.0,93.78,345.3,13.82,403.4,20.3,630.0,0.0542,0.35,151.2,286.2,5.4
2025-10-10T15:05:00+00:00,1968.1,98.34,344.6,13.72,413.4,22.2,601.7,0.0542,0.41,151.2,286.2,7.1
2025-10-10T15:06:00+00:00,1946.0,96.13,335.4,13.78,406.1,20.0,624.3,0.0588,0.49,151.2,286.2,8.7
2025-10-10T15:07:00+00:00,2126.9,94.45,350.7,13.88,444.4,20.2,607.4,0.0616,0.48,151.2,286.2,4.8
2025-10-10T15:08:00+00:00,2124.8,94.57,348.5,13.83,421.3,20.9,634.8,0.0586,0.49,151.2,286.2,8.0
2025-10-10T15:09:00+00:00,2128.2,95.77,343.9,13.87,432.4,20.9,620.8,0.0579,0.41,151.2,286.2,7.3
2025-10-10T15:10:00+00:00,2040.4,94.78,337.2,13.78,418.3,20.9,593.0,0.0552,0.48,151.2,286.2,6.5
2025-10-10T15:11:00+00:00,2028.9,94.80,350.5,13.51,407.1,16.9,643.3,0.0523,0.20,151.2,286.2,6.9
2025-10-10T15:12:00+00:00,2458.1,97.75,342.8,13.71,431.3,20.0,683.7,0.0575,0.48,151.2,286.2,5.5
2025-10-10T15:13:00+00:00,2123.5,93.49,346.2,13.88,417.5,18.8,634.6,0.0657,0.37,151.2,286.2,5.8
2025-10-10T15:14:00+00:00,1877.6,94.44,355.6,13.72,404.5,21.5,603.9,0.0591,0.47,151.2,286.2,6.0
2025-10-10T15:15:00+00:00,1863.5,94.28,362.0,13.78,420.7,18.9,545.4,0.0542,0.47,151.2,286.2,4.6
2025-10-10T15:16:00+00:00,2057.3,94.61,351.0,13.85,426.6,21.3,589.3,0.0539,0.35,151.2,286.2,6.6
2025-10-10T15:17:00+00:00,1861.0,94.63,344.3,13.76,411.7,17.6,588.8,0.0532,0.38,151.2,286.2,5.9
2025-10-10T15:18:00+00:00,1920.1,95.25,345.4,13.51,404.4,20.0,629.2,0.0539,0.40,151.2,286.2,5.8
2025-10-10T15:19:00+00:00,1901.4,99.35,345.3,13.91,408.9,19.6,594.0,0.0536,0.34,151.2,286.2,6.7
2025-10-10T15:20:00+00:00,1944.4,93.16,342.5,13.60,402.5,23.2,644.1,0.0568,0.44,151.2,286.2,6.1
2025-10-10T15:21:00+00:00,2113.2,93.94,335.7,13.95,417.8,20.3,573.0,0.0544,0.35,151.2,286.2,8.1
2025-10-10T15:22:00+00:00,2083.9,96.60,341.3,13.84,386.2,19.5,610.8,0.0549,0.43,151.2,286.2,5.5
2025-10-10T15:23:00+00:00,2138.6,93.25,335.9,13.77,410.8,16.1,628.1,0.0548,0.39,151.2,286.2,6.3
2025-10-10T15:24:00+00:00,1878.9,92.90,335.4,13.76,405.8,21.6,573.1,0.0541,0.45,151.2,286.2,6.1
2025-10-10T15:25:00+00:00,2020.2,95.83,353.3,13.75,434.1,19.4,633.6,0.0610,0.45,151.2,286.2,3.4
2025-10-10T15:26:00+00:00,1964.9,94.37,358.3,13.97,414.0,19.4,640.0,0.0549,0.48,151.2,286.2,5.1
2025-10-10T15:27:00+00:00,1988.6,94.62,343.8,13.57,425.5,19.6,614.8,0.0548,0.46,151.2,286.2,6.5
2025-10-10T15:28:00+00:00,2063.3,95.55,337.6,13.84,423.9,23.6,628.0,0.0534,0.29,151.2,286.2,6.4
2025-10-10T15:29:00+00:00,1975.8,94.48,358.9,13.91,403.8,20.7,566.2,0.0546,0.45,151.2,286.2,6.5
2025-10-10T15:30:00+00:00,2196.4,94.24,339.4,13.88,409.2,20.3,593.0,0.0555,0.42,151.2,286.2,6.3
2025-10-10T15:31:00+00:00,2057.8,96.16,351.8,13.94,418.8,18.8,565.1,0.0547,0.42,151.2,286.2,5.8
2025-10-10T15:32:00+00:00,2388.7,95.57,350.3,13.64,433.1,21.1,566.0,0.0558,0.35,151.2,286.2,6.0
2025-10-10T15:33:00+00:00,2448.7,95.87,351.4,13.89,443.4,17.7,650.8,0.0575,0.49,151.2,286.2,6.6
2025-10-10T15:34:00+00:00,1981.3,93.53,340.1,13.51,405.8,20.4,605.1,0.0536,0.36,151.2,286.2,5.5
2025-10-10T15:35:00+00:00,2465.0,94.40,346.8,13.82,446.8,17.4,601.8,0.0574,0.46,151.2,286.2,4.9
2025-10-10T15:36:00+00:00,2476.2,97.09,350.9,13.93,444.0,23.0,621.8,0.0574,0.46,151.2,286.2,8.2
2025-10-10T15:37:00+00:00,2084.7,99.02,339.4,13.75,423.2,20.9,647.4,0.0595,0.35,151.2,286.2,5.6
2025-10-10T15:38:00+00:00,1880.0,92.72,353.0,13.86,388.3,20.1,571.0,0.0542,0.44,151.2,286.2,7.1
2025-10-10T15:39:00+00:00,2131.4,93.11,357.9,13.75,426.9,20.2,609.8,0.0662,0.38,151.2,286.2,6.3
2025-10-10T15:40:00+00:00,2071.9,94.18,362.5,13.97,410.3,19.2,582.8,0.0550,0.44,151.2,286.2,5.3
2025-10-10T15:41:00+00:00,1874.3,93.92,355.8,13.92,412.1,22.4,609.7,0.0539,0.44,151.2,286.2,5.4
2025-10-10T15:42:00+00:00,2138.0,97.93,356.9,13.85,415.6,20.6,593.9,0.0547,0.37,151.2,286.2,5.0
2025-10-10T15:43:00+00:00,2185.2,93.30,348.5,14.05,431.6,18.1,623.0,0.0565,0.52,151.2,286.2,5.8
2025-10-10T15:44:00+00:00,2104.5,96.81,347.9,13.70,417.0,19.5,626.6,0.0558,0.42,151.2,286.2,5.6
2025-10-10T15:45:00+00:00,2451.8,96.24,348.9,14.07,419.1,18.8,651.1,0.0569,0.44,151.2,286.2,6.5
2025-10-10T15:46:00+00:00,2524.7,97.93,333.2,13.84,454.9,19.8,592.3,0.0574,0.44,151.2,286.2,6.1
2025-10-10T15:47:00+00:00,2491.8,97.90,347.6,13.72,435.4,20.5,582.8,0.0563,0.35,151.2,286.2,5.8
2025-10-10T15:48:00+00:00,2117.9,95.02,360.1,13.68,421.8,20.1,546.7,0.0588,0.43,151.2,286.2,5.1
2025-10-10T15:49:00+00:00,1970.6,95.68,357.5,13.99,412.1,21.8,612.7,0.0542,0.42,151.2,286.2,7.9
2025-10-10T15:50:00+00:00,2155.0,93.50,362.3,13.97,436.6,19.1,573.3,0.0574,0.41,151.2,286.2,4.7
2025-10-10T15:51:00+00:00,2038.7,97.20,356.2,13.66,406.1,20.9,582.9,0.0548,0.44,151.2,286.2,7.1
2025-10-10T15:52:00+00:00,2172.9,95.72,354.5,13.70,396.8,20.8,716.3,0.0556,0.43,151.2,286.2,6.0
2025-10-10T15:53:00+00:00,1850.2,93.23,342.3,13.68,407.5,22.9,613.1,0.0537,0.42,151.2,286.2,6.5
2025-10-10T15:54:00+00:00,2210.8,95.74,362.2,13.96,404.1,21.4,603.7,0.0630,0.43,151.2,286.2,6.0
2025-10-10T15:55:00+00:00,1994.0,93.62,347.0,14.00,432.3,21.8,537.0,0.0582,0.39,151.2,286.2,5.4
2025-10-10T15:56:00+00:00,2056.1,94.24,350.6,13.63,418.3,22.1,601.7,0.0547,0.43,151.2,286.2,6.2
2025-10-10T15:57:00+00:00,2162.4,93.94,346.4,13.79,404.7,19.7,642.0,0.0574,0.44,151.2,286.2,5.3
2025-10-10T15:58:00+00:00,2080.4,93.14,353.6,13.81,413.1,20.8,585.6,0.0549,0.43,151.2,286.2,5.7
2025-10-10T15:59:00+00:00,1835.8,94.74,336.2,13.67,405.9,20.1,625.4,0.0553,0.45,151.2,286.2,7.3
2025-10-10T16:00:00+00:00,2085.3,93.92,357.7,13.72,417.7,21.0,630.4,0.0558,0.51,151.2,286.2,6.2
2025-10-10T16:01:00+00:00,1877.7,90.93,349.6,13.68,408.1,21.4,554.3,0.0602,0.39,151.2,286.2,4.7
2025-10-10T16:02:00+00:00,2076.3,91.24,343.1,13.50,414.9,21.5,576.7,0.0571,0.55,151.2,286.2,5.4
2025-10-10T16:03:00+00:00,2067.8,95.13,345.4,13.75,414.9,19.9,630.9,0.0563,0.37,151.2,286.2,6.2
2025-10-10T16:04:00+00:00,1996.2,94.46,357.0,13.79,436.4,22.3,547.3,0.0545,0.44,151.2,286.2,6.8
2025-10-10T16:05:00+00:00,1908.1,96.66,361.3,13.70,422.2,20.3,573.4,0.0565,0.44,151.2,286.2,6.2
2025-10-10T16:06:00+00:00,2324.3,94.17,340.4,13.77,435.0,19.6,621.9,0.0562,0.43,151.2,286.2,8.5
2025-10-10T16:07:00+00:00,2121.0,95.98,346.8,13.80,412.0,20.9,590.3,0.0691,0.47,151.2,286.2,8.7
2025-10-10T16:08:00+00:00,2025.4,92.69,346.3,13.67,420.2,20.3,611.1,0.0580,0.39,151.2,286.2,5.5
2025-10-10T16:09:00+00:00,2040.4,94.28,345.9,13.72,429.8,21.9,586.2,0.0553,0.49,151.2,286.2,6.4
2025-10-10T16:10:00+00:00,2009.8,93.37,368.6,13.86,417.3,19.2,628.8,0.0573,0.40,151.2,286.2,7.0
2025-10-10T16:11:00+00:00,2116.5,92.67,353.5,13.79,418.6,20.8,600.7,0.0683,0.41,151.2,286.2,6.8
2025-10-10T16:12:00+00:00,2039.5,94.93,335.7,13.74,411.6,20.4,594.7,0.0558,0.31,151.2,286.2,5.4
2025-10-10T16:13:00+00:00,1933.1,96.07,348.7,13.55,406.6,18.6,639.0,0.0569,0.49,151.2,286.2,6.6
2025-10-10T16:14:00+00:00,1911.2,93.54,352.2,14.02,404.8,24.1,629.6,0.0541,0.43,151.2,286.2,5.8
2025-10-10T16:15:00+00:00,1846.5,93.14,365.5,13.91,389.9,21.2,636.8,0.0531,0.38,151.2,286.2,6.5
2025-10-10T16:16:00+00:00,1915.7,94.49,350.2,13.59,402.9,21.4,575.1,0.0576,0.35,151.2,286.2,5.7
2025-10-10T16:17:00+00:00,2021.7,96.86,337.2,13.52,398.5,20.4,587.4,0.0559,0.40,151.2,286.2,8.3
2025-10-10T16:18:00+00:00,2234.6,94.20,347.2,13.91,404.7,20.2,634.1,0.0579,0.41,151.2,286.2,6.9
2025-10-10T16:19:00+00:00,2231.9,92.38,352.5,13.90,425.1,21.7,612.5,0.0559,0.45,151.2,286.2,5.6
2025-10-10T16:20:00+00:00,1939.2,94.00,345.4,13.99,430.0,20.0,616.9,0.0574,0.44,151.2,286.2,7.4
2025-10-10T16:21:00+00:00,1980.4,96.07,344.8,13.96,398.0,20.5,652.8,0.0546,0.45,151.2,286.2,7.9
2025-10-10T16:22:00+00:00,2099.8,95.59,349.4,13.89,408.0,19.8,631.2,0.0551,0.44,151.2,286.2,6.9
2025-10-10T16:23:00+00:00,2321.4,96.13,358.5,13.72,423.6,18.6,643.0,0.0549,0.30,151.2,286.2,6.7
2025-10-10T16:24:00+00:00,1946.1,93.70,354.4,13.61,392.2,22.7,584.4,0.0545,0.42,151.2,286.2,6.5
2025-10-10T16:25:00+00:00,2106.1,96.08,349.9,13.87,397.2,19.3,646.6,0.0672,0.42,151.2,286.2,7.6
2025-10-10T16:26:00+00:00,2192.0,96.35,349.5,13.68,423.4,19.8,633.4,0.0614,0.43,151.2,286.2,5.1
2025-10-10T16:27:00+00:00,1932.4,93.55,362.5,13.64,434.5,20.5,575.3,0.0570,0.49,151.2,286.2,8.4
2025-10-10T16:28:00+00:00,2082.1,93.07,352.8,13.50,428.3,20.8,622.5,0.0557,0.50,151.2,286.2,6.3
2025-10-10T16:29:00+00:00,2072.3,94.96,345.7,13.91,420.5,21.8,596.0,0.0555,0.48,151.2,286.2,6.9
2025-10-10T16:30:00+00:00,1968.7,93.10,353.7,13.87,427.7,19.3,652.0,0.0571,0.45,151.2,286.2,6.8
2025-10-10T16:31:00+00:00,1972.3,96.92,347.7,13.98,417.2,21.7,617.4,0.0630,0.36,151.2,286.2,6.5
2025-10-10T16:32:00+00:00,1991.6,95.73,368.3,13.86,396.2,21.8,633.7,0.0547,0.47,151.2,286.2,7.5
2025-10-10T16:33:00+00:00,2247.0,96.97,352.3,13.99,429.1,21.8,666.2,0.0566,0.50,151.2,286.2,6.9
2025-10-10T16:34:00+00:00,2114.3,95.02,343.9,13.82,409.3,21.0,626.7,0.0546,0.39,151.2,286.2,6.4
2025-10-10T16:35:00+00:00,2072.8,93.37,340.8,13.69,418.2,21.1,626.8,0.0610,0.38,151.2,286.2,6.3
2025-10-10T16:36:00+00:00,2050.3,97.31,338.4,13.78,387.2,19.0,547.4,0.0577,0.53,151.2,286.2,4.8
2025-10-10T16:37:00+00:00,1892.9,94.03,349.9,13.78,416.9,20.6,591.5,0.0592,0.37,151.2,286.2,7.6
2025-10-10T16:38:00+00:00,2006.1,96.52,346.5,13.71,440.5,21.0,648.1,0.0538,0.35,151.2,286.2,7.2
2025-10-10T16:39:00+00:00,2051.3,95.87,346.5,13.94,425.6,22.6,606.1,0.0566,0.43,151.2,286.2,5.6
2025-10-10T16:40:00+00:00,1974.7,94.60,347.8,13.73,418.6,19.6,626.3,0.0574,0.47,151.2,286.2,6.7
2025-10-10T16:41:00+00:00,1940.0,94.11,352.2,13.57,411.1,22.0,623.4,0.0595,0.43,151.2,286.2,7.2
2025-10-10T16:42:00+00:00,1782.8,95.63,343.8,13.83,408.5,23.1,570.9,0.0537,0.46,151.2,286.2,6.4
2025-10-10T16:43:00+00:00,2032.3,94.27,343.9,14.03,417.8,21.1,638.3,0.0544,0.40,151.2,286.2,5.8
2025-10-10T16:44:00+00:00,2034.3,95.84,357.1,13.88,428.3,17.9,644.0,0.0595,0.50,151.2,286.2,5.3
2025-10-10T16:45:00+00:00,869.2,91.97,355.6,13.87,378.3,20.6,555.6,0.0504,0.46,151.2,286.2,7.0
2025-10-10T16:46:00+00:00,959.7,91.86,351.6,13.81,386.7,18.9,562.4,0.0559,0.36,151.2,286.2,6.6
2025-10-10T16:47:00+00:00,1050.5,92.31,350.1,13.89,386.3,22.2,561.8,0.0498,0.47,151.2,286.2,5.9
2025-10-10T16:48:00+00:00,1011.0,94.00,348.8,13.92,371.5,17.7,608.1,0.0527,0.38,151.2,286.2,6.2
2025-10-10T16:49:00+00:00,930.7,89.95,350.7,13.83,371.8,19.4,580.0,0.0481,0.35,151.2,286.2,8.2
2025-10-10T16:50:00+00:00,1105.0,92.83,348.5,13.81,382.5,25.0,543.7,0.0509,0.44,151.2,286.2,5.8
2025-10-10T16:51:00+00:00,1108.1,90.81,356.7,13.79,367.5,18.9,595.3,0.0498,0.44,151.2,286.2,8.2
2025-10-10T16:52:00+00:00,916.2,90.00,366.3,13.96,372.1,21.2,608.6,0.0495,0.38,151.2,286.2,6.0
2025-10-10T16:53:00+00:00,1086.9,94.33,342.3,13.90,397.7,20.6,572.0,0.0511,0.45,151.2,286.2,6.2
2025-10-10T16:54:00+00:00,930.8,87.70,355.0,13.58,404.1,21.3,560.2,0.0491,0.46,151.2,286.2,6.3
2025-10-10T16:55:00+00:00,1003.5,88.67,361.4,13.71,371.7,21.5,497.1,0.0483,0.34,151.2,286.2,6.0
2025-10-10T16:56:00+00:00,1058.1,89.97,336.9,13.93,389.4,19.1,607.1,0.0526,0.48,151.2,286.2,4.7
2025-10-10T16:57:00+00:00,933.9,89.89,355.7,13.46,379.3,20.0,523.0,0.0569,0.49,151.2,286.2,7.3
2025-10-10T16:58:00+00:00,960.4,90.04,354.1,13.62,380.6,22.2,565.0,0.0538,0.49,151.2,286.2,5.7
2025-10-11T06:00:00+00:00,887.6,91.41,361.1,13.70,371.6,19.8,555.8,0.0560,1.17,191.1,101.1,10.2
2025-10-11T06:01:00+00:00,784.2,89.34,361.2,13.67,376.9,18.4,514.3,0.0641,1.15,191.1,101.1,12.6
2025-10-11T06:02:00+00:00,1032.2,91.93,360.2,13.78,393.4,19.4,571.1,0.0575,1.26,191.1,101.1,10.6
2025-10-11T06:03:00+00:00,1023.4,89.81,359.5,13.85,396.2,21.7,530.2,0.0575,1.25,191.1,101.1,12.7
2025-10-11T06:04:00+00:00,939.2,93.81,373.9,13.83,344.3,20.2,536.4,0.0646,1.26,191.1,101.1,10.5
2025-10-11T06:05:00+00:00,998.5,95.83,356.4,13.97,399.4,20.1,590.0,0.0563,1.15,191.1,101.1,10.8
2025-10-11T06:06:00+00:00,1085.8,92.46,350.7,14.01,373.9,19.7,507.9,0.0649,1.25,191.1,101.1,11.9
2025-10-11T06:07:00+00:00,951.5,91.73,345.7,13.77,386.8,20.9,535.8,0.0570,1.24,191.1,101.1,11.9
2025-10-11T06:08:00+00:00,957.1,91.46,350.4,13.88,372.2,22.0,492.1,0.0575,1.29,191.1,101.1,10.7
2025-10-11T06:09:00+00:00,1086.6,94.35,351.8,13.71,380.9,20.6,544.6,0.0690,1.30,191.1,101.1,12.9
2025-10-11T06:10:00+00:00,936.3,90.42,357.2,13.75,370.9,22.4,543.3,0.0574,1.28,191.1,101.1,10.9
2025-10-11T06:11:00+00:00,926.5,93.89,347.1,13.66,405.6,19.0,517.4,0.0572,1.28,191.1,101.1,12.9
2025-10-11T06:12:00+00:00,2171.7,92.92,344.2,13.66,405.1,23.8,636.8,0.0641,1.31,191.1,101.1,11.1
2025-10-11T06:13:00+00:00,2131.2,92.59,357.2,13.83,408.5,22.2,582.6,0.0658,1.22,191.1,101.1,13.2
2025-10-11T06:14:00+00:00,2136.9,97.60,352.6,13.87,429.7,20.8,614.8,0.0637,1.27,191.1,101.1,11.6
2025-10-11T06:15:00+00:00,2133.0,94.47,353.8,13.72,425.4,19.7,628.1,0.0630,1.21,191.1,101.1,12.2
2025-10-11T06:16:00+00:00,2071.9,92.33,359.7,13.90,430.5,20.8,575.4,0.0648,1.26,191.1,101.1,12.0
2025-10-11T06:17:00+00:00,1979.0,92.22,350.3,13.37,411.4,19.9,595.8,0.0629,1.27,191.1,101.1,11.8
2025-10-11T06:18:00+00:00,2366.5,94.73,344.0,13.43,440.8,20.7,601.0,0.0711,1.28,191.1,101.1,10.5
2025-10-11T06:19:00+00:00,1709.1,92.51,360.4,13.55,393.9,20.4,527.1,0.0617,1.30,191.1,101.1,11.2
2025-10-11T06:20:00+00:00,2029.2,94.52,326.9,14.22,408.6,20.4,623.8,0.0624,1.20,191.1,101.1,10.3
2025-10-11T06:21:00+00:00,1960.8,92.60,343.7,13.56,429.2,22.9,565.4,0.0638,1.17,191.1,101.1,11.8
2025-10-11T06:22:00+00:00,2225.5,95.49,334.3,13.80,415.9,19.0,667.5,0.0640,1.27,191.1,101.1,11.7
2025-10-11T06:23:00+00:00,1988.8,94.48,354.4,13.69,428.5,20.4,588.8,0.0628,1.25,191.1,101.1,10.7
2025-10-11T06:24:00+00:00,2199.6,92.77,337.3,13.90,405.2,21.2,564.3,0.0714,1.19,191.1,101.1,13.4
2025-10-11T06:25:00+00:00,2223.2,93.80,364.3,13.95,434.6,21.2,551.6,0.0683,1.22,191.1,101.1,11.6
2025-10-11T06:26:00+00:00,1804.7,92.96,354.3,13.65,401.6,19.0,583.0,0.0615,1.18,191.1,101.1,11.0
2025-10-11T06:27:00+00:00,2085.8,96.67,349.5,14.04,421.4,20.2,613.4,0.0628,1.22,191.1,101.1,11.9
2025-10-11T06:28:00+00:00,1963.4,93.66,360.3,14.04,399.2,19.5,612.2,0.0654,1.27,191.1,101.1,12.1
2025-10-11T06:29:00+00:00,1974.4,94.47,339.1,13.64,420.1,19.8,545.8,0.0614,1.13,191.1,101.1,11.2
2025-10-11T06:30:00+00:00,2077.6,94.39,350.3,13.79,416.8,20.0,571.5,0.0625,1.18,191.1,101.1,9.8
2025-10-11T06:31:00+00:00,1970.9,96.73,338.4,13.92,395.1,17.9,590.7,0.0701,1.24,191.1,101.1,12.8
2025-10-11T06:32:00+00:00,2022.2,93.48,357.8,13.85,402.6,18.7,572.2,0.0682,1.25,191.1,101.1,10.8
2025-10-11T06:33:00+00:00,2083.5,97.99,361.0,13.73,432.2,18.6,611.3,0.0634,1.26,191.1,101.1,13.0
2025-10-11T06:34:00+00:00,1888.8,91.49,346.6,13.33,405.3,19.9,592.1,0.0623,1.28,191.1,101.1,12.3
2025-10-11T06:35:00+00:00,1890.7,95.27,354.7,13.96,405.1,20.9,544.9,0.0617,1.20,191.1,101.1,11.0
2025-10-11T06:36:00+00:00,2088.3,94.20,351.8,13.52,416.0,19.7,601.1,0.0628,1.20,191.1,101.1,10.8
2025-10-11T06:37:00+00:00,1711.5,96.59,352.1,13.88,410.6,19.6,561.2,0.0618,1.27,191.1,101.1,12.6
2025-10-11T06:38:00+00:00,2100.9,93.06,349.8,13.69,434.3,21.6,615.3,0.0634,1.25,191.1,101.1,11.3
2025-10-11T06:39:00+00:00,2141.5,93.03,351.7,13.83,417.5,20.7,594.5,0.0639,1.30,191.1,101.1,11.0
2025-10-11T06:40:00+00:00,2216.2,94.27,340.4,13.88,422.8,19.3,606.8,0.0691,1.28,191.1,101.1,11.3
2025-10-11T06:41:00+00:00,2166.0,92.40,336.6,13.81,421.5,20.8,587.7,0.0656,1.18,191.1,101.1,12.6
2025-10-11T06:42:00+00:00,2113.8,96.92,353.6,13.89,422.3,18.1,628.7,0.0646,1.22,191.1,101.1,11.8
2025-10-11T06:43:00+00:00,2067.9,95.96,353.7,13.80,425.3,21.1,638.5,0.0626,1.20,191.1,101.1,10.7
2025-10-11T06:44:00+00:00,2202.6,95.17,347.4,13.86,403.1,21.1,610.7,0.0636,1.23,191.1,101.1,12.7
2025-10-11T06:45:00+00:00,1784.3,93.74,357.5,14.10,400.3,19.6,572.0,0.0610,1.20,191.1,101.1,11.5
2025-10-11T06:46:00+00:00,2028.0,94.88,342.4,13.88,415.1,22.3,635.1,0.0625,1.21,191.1,101.1,13.5
2025-10-11T06:47:00+00:00,1918.8,94.77,332.4,13.81,418.5,19.8,606.6,0.0625,1.27,191.1,101.1,11.6
2025-10-11T06:48:00+00:00,2037.8,95.36,350.6,13.73,412.2,16.5,602.5,0.0632,1.27,191.1,101.1,10.7
2025-10-11T06:49:00+00:00,2068.8,94.52,341.7,13.80,419.6,22.3,541.5,0.0668,1.24,191.1,101.1,14.0
2025-10-11T06:50:00+00:00,1927.3,96.67,346.4,13.69,417.1,20.8,597.0,0.0618,1.20,191.1,101.1,12.4
2025-10-11T06:51:00+00:00,2154.0,97.22,350.3,13.91,428.8,18.6,541.3,0.0654,1.30,191.1,101.1,11.9
2025-10-11T06:52:00+00:00,1697.6,95.35,350.7,14.06,388.7,19.3,549.1,0.0671,1.24,191.1,101.1,10.5
2025-10-11T06:53:00+00:00,1893.5,92.00,341.4,14.04,418.4,24.3,586.5,0.0621,1.25,191.1,101.1,11.5
2025-10-11T06:54:00+00:00,2223.8,96.62,339.9,13.86,424.1,21.4,566.3,0.0632,1.19,191.1,101.1,13.4
2025-10-11T06:55:00+00:00,1992.7,94.77,352.8,13.75,407.9,22.0,579.8,0.0675,1.20,191.1,101.1,12.2
2025-10-11T06:56:00+00:00,2151.3,93.68,356.0,14.01,408.0,21.1,662.8,0.0633,1.22,191.1,101.1,12.3
2025-10-11T06:57:00+00:00,2231.2,95.71,346.4,13.95,423.8,19.9,601.7,0.0632,1.18,191.1,101.1,11.8
2025-10-11T06:58:00+00:00,1966.8,95.57,343.4,13.93,391.8,23.2,555.8,0.0623,1.23,191.1,101.1,11.7
2025-10-11T06:59:00+00:00,1945.0,95.62,352.1,14.01,389.1,20.7,565.0,0.0619,1.22,191.1,101.1,12.7
2025-10-11T07:00:00+00:00,2421.3,95.41,347.0,13.85,421.6,22.0,645.1,0.0680,1.26,191.1,101.1,13.4
2025-10-11T07:01:00+00:00,2455.1,95.44,355.9,13.87,415.2,19.1,627.0,0.0659,1.32,191.1,101.1,12.4
2025-10-11T07:02:00+00:00,1914.4,93.20,346.1,13.98,394.2,18.9,634.9,0.0625,1.19,191.1,101.1,10.7
2025-10-11T07:03:00+00:00,2035.8,94.28,360.1,13.77,441.0,18.5,641.0,0.0636,1.17,191.1,101.1,11.6
2025-10-11T07:04:00+00:00,2427.8,97.04,352.1,13.74,407.5,20.6,631.3,0.0650,1.26,191.1,101.1,12.8
2025-10-11T07:05:00+00:00,2181.7,96.81,351.1,13.80,423.3,19.2,586.9,0.0671,1.17,191.1,101.1,12.3
2025-10-11T07:06:00+00:00,2583.1,97.87,357.8,13.70,432.8,21.0,681.3,0.0661,1.30,191.1,101.1,13.0
2025-10-11T07:07:00+00:00,2383.8,96.05,339.4,13.95,454.8,21.1,629.3,0.0706,1.13,191.1,101.1,12.2
2025-10-11T07:08:00+00:00,2190.4,92.48,355.9,13.81,418.9,20.6,604.8,0.0630,1.17,191.1,101.1,11.9
2025-10-11T07:09:00+00:00,1876.9,94.39,344.0,13.88,423.2,19.4,557.4,0.0652,1.22,191.1,101.1,12.0
2025-10-11T07:10:00+00:00,1926.1,94.35,353.3,13.93,428.7,19.5,610.0,0.0632,1.32,191.1,101.1,11.5
2025-10-11T07:11:00+00:00,1798.1,92.90,352.0,13.99,402.8,21.7,624.2,0.0615,1.24,191.1,101.1,12.7
2025-10-11T07:12:00+00:00,2229.6,97.31,344.6,13.93,442.9,17.8,626.2,0.0670,1.24,191.1,101.1,11.3
2025-10-11T07:13:00+00:00,1993.9,95.41,354.9,13.57,411.9,19.7,595.3,0.0619,1.18,191.1,101.1,11.5
2025-10-11T07:14:00+00:00,2456.8,97.75,343.2,13.91,427.4,19.0,610.0,0.0661,1.21,191.1,101.1,9.5
2025-10-11T07:15:00+00:00,2071.7,95.95,339.3,13.61,414.3,19.1,597.3,0.0690,1.23,191.1,101.1,11.4
2025-10-11T07:16:00+00:00,2134.0,96.93,340.8,13.92,406.8,18.6,587.0,0.0640,1.30,191.1,101.1,10.9
2025-10-11T07:17:00+00:00,2002.1,93.99,355.1,13.75,441.4,18.2,601.5,0.0635,1.23,191.1,101.1,11.4
2025-10-11T07:18:00+00:00,2096.2,94.60,359.5,13.89,413.1,17.6,571.9,0.0623,1.16,191.1,101.1,12.6
2025-10-11T07:19:00+00:00,2309.5,94.01,342.2,13.81,434.7,18.9,558.9,0.0640,1.21,191.1,101.1,13.0
2025-10-11T07:20:00+00:00,1956.5,97.64,344.9,13.74,421.5,20.5,616.1,0.0618,1.18,191.1,101.1,13.3
2025-10-11T07:21:00+00:00,1964.7,94.63,355.8,13.97,409.9,20.4,641.4,0.0693,1.22,191.1,101.1,11.2
2025-10-11T07:22:00+00:00,2528.1,96.77,336.7,13.79,417.9,15.5,654.5,0.0654,1.18,191.1,101.1,13.5
2025-10-11T07:23:00+00:00,2163.1,94.80,355.7,13.89,405.5,19.5,632.6,0.0651,1.26,191.1,101.1,12.9
2025-10-11T07:24:00+00:00,2059.7,95.89,350.9,13.72,436.9,21.5,597.9,0.0635,1.29,191.1,101.1,10.3
2025-10-11T07:25:00+00:00,1919.8,92.58,345.5,13.76,403.1,19.8,594.8,0.0644,1.37,191.1,101.1,10.1
2025-10-11T07:26:00+00:00,1885.5,94.88,348.6,13.87,416.5,20.7,564.7,0.0672,1.16,191.1,101.1,11.2
2025-10-11T07:27:00+00:00,2013.2,95.72,350.6,13.81,419.5,20.0,568.7,0.0693,1.24,191.1,101.1,10.6
2025-10-11T07:28:00+00:00,2458.2,95.23,355.4,13.98,424.2,19.8,582.0,0.0672,1.28,191.1,101.1,11.6
2025-10-11T07:29:00+00:00,1971.7,92.46,349.7,13.80,394.5,20.7,600.6,0.0634,1.33,191.1,101.1,11.6
2025-10-11T07:30:00+00:00,2010.1,93.44,360.7,13.40,412.5,23.9,630.0,0.0705,1.26,191.1,101.1,11.8
2025-10-11T07:31:00+00:00,2274.6,97.89,350.5,13.98,404.1,21.6,552.2,0.0690,1.24,191.1,101.1,12.3
2025-10-11T07:32:00+00:00,2094.5,95.30,349.2,13.85,410.8,20.1,654.0,0.0673,1.19,191.1,101.1,13.4
2025-10-11T07:33:00+00:00,1950.6,95.21,345.0,13.78,424.6,21.9,609.5,0.0624,1.24,191.1,101.1,12.3
2025-10-11T07:34:00+00:00,2055.5,96.00,336.2,13.72,424.7,20.1,572.1,0.0632,1.28,191.1,101.1,12.7
2025-10-11T07:35:00+00:00,2078.9,98.23,353.1,13.92,411.6,21.2,606.7,0.0627,1.21,191.1,101.1,13.4
2025-10-11T07:36:00+00:00,2060.3,95.13,352.3,13.57,395.2,19.5,579.9,0.0669,1.24,191.1,101.1,13.4
2025-10-11T07:37:00+00:00,2063.1,94.24,336.8,13.57,417.0,22.0,572.7,0.0631,1.24,191.1,101.1,11.7
2025-10-11T07:38:00+00:00,1938.7,93.65,339.2,13.71,409.6,20.0,576.0,0.0645,1.23,191.1,101.1,10.0
2025-10-11T07:39:00+00:00,1852.7,96.55,355.2,13.97,412.4,19.4,536.1,0.0608,1.14,191.1,101.1,11.9
2025-10-11T07:40:00+00:00,1915.7,94.61,350.0,13.82,426.1,19.9,562.7,0.0623,1.25,191.1,101.1,11.5
2025-10-11T07:41:00+00:00,2163.5,96.81,345.9,13.93,406.1,20.2,576.7,0.0630,1.20,191.1,101.1,11.6
2025-10-11T07:42:00+00:00,2341.9,98.39,343.0,13.57,396.3,19.5,633.1,0.0645,1.25,191.1,101.1,12.4
2025-10-11T07:43:00+00:00,2088.3,94.92,355.6,13.71,434.4,21.1,597.9,0.0691,1.26,191.1,101.1,10.4
2025-10-11T07:44:00+00:00,2032.6,93.28,353.1,13.99,413.8,23.2,621.1,0.0622,1.17,191.1,101.1,12.0
2025-10-11T07:45:00+00:00,1921.9,93.15,366.4,13.66,419.5,20.6,558.7,0.0615,1.17,191.1,101.1,12.1
2025-10-11T07:46:00+00:00,2085.9,96.98,355.2,13.94,433.4,21.1,599.6,0.0639,1.32,191.1,101.1,12.2
2025-10-11T07:47:00+00:00,2141.7,95.62,352.1,13.54,417.3,17.1,622.6,0.0630,1.20,191.1,101.1,13.5
2025-10-11T07:48:00+00:00,1938.2,92.21,351.8,13.86,411.7,20.6,568.7,0.0625,1.27,191.1,101.1,10.4
2025-10-11T07:49:00+00:00,2242.6,94.92,361.6,13.71,419.3,20.7,617.0,0.0654,1.23,191.1,101.1,12.4
2025-10-11T07:50:00+00:00,2088.4,94.58,359.1,13.84,405.1,22.2,638.0,0.0649,1.23,191.1,101.1,11.8
2025-10-11T07:51:00+00:00,2041.2,93.51,353.6,13.82,417.4,22.0,578.7,0.0619,1.15,191.1,101.1,11.9
2025-10-11T07:52:00+00:00,2065.2,93.26,350.8,13.66,396.4,21.1,588.6,0.0642,1.30,191.1,101.1,10.5
2025-10-11T07:53:00+00:00,2082.6,97.88,356.9,13.75,436.5,20.6,583.7,0.0631,1.24,191.1,101.1,12.3
2025-10-11T07:54:00+00:00,1820.0,92.50,339.7,13.93,386.6,17.7,619.3,0.0609,1.17,191.1,101.1,12.1
2025-10-11T07:55:00+00:00,2201.9,95.43,357.3,14.03,419.3,23.9,514.7,0.0633,1.21,191.1,101.1,13.9
2025-10-11T07:56:00+00:00,1965.3,95.98,348.2,13.95,411.3,20.8,625.7,0.0616,1.15,191.1,101.1,10.6
2025-10-11T07:57:00+00:00,2086.0,95.13,345.5,13.54,427.7,20.5,617.1,0.0663,1.14,191.1,101.1,11.7
2025-10-11T07:58:00+00:00,1893.4,93.79,343.5,13.81,392.2,20.7,613.5,0.0628,1.27,191.1,101.1,11.4
2025-10-11T07:59:00+00:00,1864.5,93.21,343.1,13.51,406.5,19.7,577.6,0.0695,1.21,191.1,101.1,12.7
2025-10-11T08:00:00+00:00,1761.9,94.04,354.4,13.68,412.9,23.2,622.4,0.0619,1.22,191.1,101.1,11.6
2025-10-11T08:01:00+00:00,2046.3,95.21,354.5,13.91,403.5,19.2,629.2,0.0669,1.31,191.1,101.1,11.4
2025-10-11T08:02:00+00:00,2006.4,96.64,345.2,13.84,426.6,21.9,612.9,0.0624,1.21,191.1,101.1,12.0
2025-10-11T08:03:00+00:00,2011.2,91.90,351.9,13.87,399.4,20.3,590.6,0.0627,1.25,191.1,101.1,12.9
2025-10-11T08:04:00+00:00,1956.6,96.11,357.9,13.95,401.0,18.2,547.7,0.0637,1.22,191.1,101.1,12.8
2025-10-11T08:05:00+00:00,2121.3,92.25,356.3,13.74,407.1,19.9,593.0,0.0649,1.30,191.1,101.1,12.7
2025-10-11T08:06:00+00:00,1697.9,93.96,347.0,13.94,400.4,21.7,556.9,0.0641,1.26,191.1,101.1,11.9
2025-10-11T08:07:00+00:00,2090.4,94.80,346.8,13.86,418.9,20.4,598.9,0.0648,1.25,191.1,101.1,12.6
2025-10-11T08:08:00+00:00,1970.7,92.51,356.8,13.66,415.8,20.1,575.0,0.0629,1.26,191.1,101.1,12.0
2025-10-11T08:09:00+00:00,2016.9,93.12,355.8,13.69,412.9,20.5,638.1,0.0627,1.23,191.1,101.1,12.1
2025-10-11T08:10:00+00:00,2109.9,97.63,336.7,13.99,413.4,19.5,634.1,0.0634,1.25,191.1,101.1,11.3
2025-10-11T08:11:00+00:00,2159.4,93.97,345.6,13.51,413.2,19.3,655.9,0.0642,1.16,191.1,101.1,11.9
2025-10-11T08:12:00+00:00,2056.3,95.40,348.3,13.96,404.0,21.2,622.1,0.0620,1.15,191.1,101.1,12.0
2025-10-11T08:13:00+00:00,2072.2,95.23,362.4,13.79,433.8,23.4,642.4,0.0631,1.24,191.1,101.1,12.6
2025-10-11T08:14:00+00:00,1832.0,94.89,343.2,13.82,419.9,19.6,568.9,0.0615,1.22,191.1,101.1,11.5
2025-10-11T08:15:00+00:00,2235.2,94.19,350.8,13.85,412.3,21.2,662.2,0.0641,1.26,191.1,101.1,10.5
2025-10-11T08:16:00+00:00,2114.7,95.85,362.5,13.70,429.7,19.6,635.8,0.0638,1.26,191.1,101.1,11.0
2025-10-11T08:17:00+00:00,854.4,90.89,354.4,13.79,361.9,18.8,606.0,0.0567,1.25,191.1,101.1,10.7
2025-10-11T08:18:00+00:00,835.1,90.64,367.3,13.83,388.3,20.3,559.0,0.0564,1.25,191.1,101.1,10.4
2025-10-11T08:19:00+00:00,920.0,93.48,349.2,14.18,378.3,20.3,570.6,0.0681,1.29,191.1,101.1,12.7
2025-10-11T08:20:00+00:00,1048.2,95.11,361.6,13.60,371.8,18.0,502.1,0.0572,1.19,191.1,101.1,13.9
2025-10-11T08:21:00+00:00,1056.6,93.97,371.2,13.90,391.2,20.1,549.5,0.0593,1.18,191.1,101.1,11.3
2025-10-11T08:22:00+00:00,1039.3,91.61,352.3,14.09,377.8,18.9,587.3,0.0579,1.28,191.1,101.1,10.5
2025-10-11T08:23:00+00:00,941.5,92.06,360.1,13.49,382.1,19.9,488.6,0.0572,1.26,191.1,101.1,10.4
2025-10-11T08:24:00+00:00,986.0,91.95,352.2,14.09,381.8,20.9,581.5,0.0589,1.14,191.1,101.1,13.9
2025-10-11T08:25:00+00:00,1069.3,91.96,353.5,13.77,394.7,22.1,518.8,0.0570,1.18,191.1,101.1,13.8
2025-10-11T08:26:00+00:00,806.1,89.84,369.6,13.89,369.8,19.7,551.8,0.0557,1.20,191.1,101.1,12.3
2025-10-11T08:27:00+00:00,1029.3,91.53,349.0,13.90,363.8,22.0,555.0,0.0622,1.19,191.1,101.1,12.2
2025-10-11T14:00:00+00:00,1140.3,92.65,361.6,13.45,386.6,21.8,555.1,0.0675,1.28,191.1,101.1,11.4
2025-10-11T14:01:00+00:00,1148.8,90.43,368.6,14.04,384.9,21.3,531.7,0.0618,1.26,191.1,101.1,12.0
2025-10-11T14:02:00+00:00,858.2,92.23,358.1,14.04,367.9,21.8,574.5,0.0557,1.16,191.1,101.1,14.2
2025-10-11T14:03:00+00:00,1053.8,88.63,355.0,13.67,376.4,21.0,630.8,0.0575,1.24,191.1,101.1,10.6
2025-10-11T14:04:00+00:00,1000.1,92.46,357.9,13.69,370.5,21.5,525.3,0.0669,1.24,191.1,101.1,10.1
2025-10-11T14:05:00+00:00,825.7,91.17,350.5,13.70,388.1,21.6,556.7,0.0553,1.15,191.1,101.1,12.9
2025-10-11T14:06:00+00:00,782.1,92.82,354.6,13.74,360.3,23.6,595.5,0.0556,1.19,191.1,101.1,11.3
2025-10-11T14:07:00+00:00,939.0,90.58,367.4,13.64,365.0,20.8,518.4,0.0564,1.19,191.1,101.1,10.2
2025-10-11T14:08:00+00:00,1077.0,89.92,351.7,13.96,391.6,21.7,558.4,0.0573,1.20,191.1,101.1,9.9
2025-10-11T14:09:00+00:00,872.5,91.90,355.6,13.98,365.8,22.3,594.7,0.0552,1.09,191.1,101.1,13.3
2025-10-11T14:10:00+00:00,1035.7,87.46,356.7,13.69,371.5,19.5,517.5,0.0623,1.29,191.1,101.1,9.8
2025-10-11T14:11:00+00:00,934.7,89.64,354.4,14.05,367.5,21.6,503.9,0.0600,1.22,191.1,101.1,13.5
2025-10-11T14:12:00+00:00,1073.8,89.93,353.7,13.82,382.0,19.2,515.0,0.0576,1.24,191.1,101.1,10.7
2025-10-11T14:13:00+00:00,946.0,91.76,353.0,13.70,352.3,23.8,577.0,0.0568,1.23,191.1,101.1,10.8
2025-10-11T14:14:00+00:00,2063.6,94.48,357.0,13.80,413.6,19.7,636.7,0.0642,1.15,191.1,101.1,9.7
2025-10-11T14:15:00+00:00,1974.0,97.20,340.6,13.60,413.0,19.8,561.3,0.0672,1.24,191.1,101.1,13.3
2025-10-11T14:16:00+00:00,2032.6,92.04,359.5,13.66,413.8,21.3,621.4,0.0628,1.23,191.1,101.1,10.1
2025-10-11T14:17:00+00:00,2013.4,93.46,349.2,13.83,405.6,21.4,636.8,0.0631,1.29,191.1,101.1,11.2
2025-10-11T14:18:00+00:00,1869.7,95.10,346.6,13.80,422.9,20.9,637.1,0.0616,1.20,191.1,101.1,11.3
2025-10-11T14:19:00+00:00,1952.9,92.42,356.5,14.13,389.2,21.5,597.8,0.0614,1.14,191.1,101.1,11.0
2025-10-11T14:20:00+00:00,1922.9,92.55,336.9,13.71,437.4,17.2,654.2,0.0616,1.19,191.1,101.1,11.4
2025-10-11T14:21:00+00:00,2093.2,96.09,341.1,13.67,404.7,17.5,617.0,0.0687,1.29,191.1,101.1,12.8
2025-10-11T14:22:00+00:00,2172.7,95.75,360.4,13.85,431.2,23.4,559.1,0.0638,1.26,191.1,101.1,12.1
2025-10-11T14:23:00+00:00,2242.8,96.66,349.3,14.03,404.6,20.0,578.2,0.0639,1.23,191.1,101.1,10.9
2025-10-11T14:24:00+00:00,1963.4,93.74,358.9,13.91,404.6,23.9,620.3,0.0670,1.28,191.1,101.1,12.6
2025-10-11T14:25:00+00:00,2034.5,97.68,354.9,13.83,419.2,20.2,600.0,0.0634,1.30,191.1,101.1,9.8
2025-10-11T14:26:00+00:00,2068.2,96.35,349.1,13.36,417.4,21.8,567.4,0.0761,1.30,191.1,101.1,11.0
2025-10-11T14:27:00+00:00,2068.6,95.06,350.9,13.84,441.8,22.7,614.8,0.0631,1.25,191.1,101.1,12.8
2025-10-11T14:28:00+00:00,1878.5,92.66,356.7,13.86,423.5,19.0,649.6,0.0616,1.21,191.1,101.1,12.2
2025-10-11T14:29:00+00:00,2167.9,95.61,348.8,13.46,415.2,18.9,603.8,0.0636,1.21,191.1,101.1,11.1
2025-10-11T14:30:00+00:00,2015.1,92.76,344.5,13.91,427.0,18.5,601.6,0.0648,1.18,191.1,101.1,12.6
2025-10-11T14:31:00+00:00,2160.7,95.43,341.8,13.73,424.7,19.9,632.3,0.0637,1.28,191.1,101.1,12.1
2025-10-11T14:32:00+00:00,1951.8,93.67,346.1,13.71,409.5,23.2,591.3,0.0617,1.16,191.1,101.1,11.2
2025-10-11T14:33:00+00:00,1865.9,93.62,341.5,13.77,410.4,20.1,631.9,0.0648,1.21,191.1,101.1,11.3
2025-10-11T14:34:00+00:00,2051.6,94.18,348.3,13.84,430.6,19.7,587.5,0.0669,1.16,191.1,101.1,10.7
2025-10-11T14:35:00+00:00,2159.3,95.31,353.3,13.76,431.3,21.1,604.9,0.0637,1.27,191.1,101.1,11.7
2025-10-11T14:36:00+00:00,1932.1,93.76,343.7,13.80,413.3,19.0,623.6,0.0623,1.21,191.1,101.1,11.3
2025-10-11T14:37:00+00:00,2150.8,95.41,343.4,13.72,441.4,22.3,624.2,0.0695,1.30,191.1,101.1,13.2
2025-10-11T14:38:00+00:00,2022.2,95.89,347.8,13.68,415.0,21.0,580.9,0.0629,1.27,191.1,101.1,11.7
2025-10-11T14:39:00+00:00,2034.5,93.79,350.8,13.77,397.6,20.8,609.0,0.0647,1.27,191.1,101.1,11.5
2025-10-11T14:40:00+00:00,2056.5,92.55,349.0,13.82,421.2,19.5,585.8,0.0628,1.22,191.1,101.1,14.4
2025-10-11T14:41:00+00:00,2000.1,92.68,350.6,13.97,383.8,20.5,574.6,0.0657,1.26,191.1,101.1,11.7
2025-10-11T14:42:00+00:00,1918.9,94.57,345.1,13.64,418.8,19.9,661.9,0.0653,1.29,191.1,101.1,11.0
2025-10-11T14:43:00+00:00,1986.6,91.56,359.8,13.79,423.3,20.4,598.9,0.0631,1.26,191.1,101.1,12.9
2025-10-11T14:44:00+00:00,2156.1,96.70,341.6,14.10,419.7,19.3,604.7,0.0640,1.29,191.1,101.1,10.9
2025-10-11T14:45:00+00:00,1916.8,94.39,345.6,13.82,421.9,19.9,591.5,0.0619,1.21,191.1,101.1,13.1
2025-10-11T14:46:00+00:00,2156.8,94.56,359.8,14.15,418.1,21.8,604.0,0.0650,1.19,191.1,101.1,13.0
2025-10-11T14:47:00+00:00,2040.4,97.44,357.5,13.84,401.1,21.0,579.3,0.0626,1.22,191.1,101.1,11.3
2025-10-11T14:48:00+00:00,1997.1,94.34,354.9,13.77,415.7,18.8,616.8,0.0661,1.15,191.1,101.1,12.7
2025-10-11T14:49:00+00:00,1948.1,97.57,348.8,14.01,409.5,20.9,562.2,0.0695,1.29,191.1,101.1,12.1
2025-10-11T14:50:00+00:00,2201.9,95.19,341.0,13.93,408.7,19.8,626.6,0.0668,1.28,191.1,101.1,14.6
2025-10-11T14:51:00+00:00,1921.0,95.43,352.4,14.02,408.0,19.0,657.6,0.0624,1.26,191.1,101.1,12.9
2025-10-11T14:52:00+00:00,2103.9,96.42,346.5,13.68,409.0,20.7,582.8,0.0635,1.25,191.1,101.1,11.4
2025-10-11T14:53:00+00:00,2041.1,94.68,348.8,13.63,400.9,20.5,672.9,0.0675,1.26,191.1,101.1,10.9
2025-10-11T14:54:00+00:00,1953.7,94.51,340.0,13.83,405.0,19.4,540.8,0.0629,1.28,191.1,101.1,10.5
2025-10-11T14:55:00+00:00,2035.1,96.13,360.9,13.69,418.6,23.9,628.3,0.0641,1.23,191.1,101.1,12.3
2025-10-11T14:56:00+00:00,1864.5,95.94,347.5,13.90,395.0,20.0,636.6,0.0619,1.25,191.1,101.1,10.6
2025-10-11T14:57:00+00:00,1894.6,93.25,346.7,13.74,434.5,20.2,603.2,0.0628,1.31,191.1,101.1,11.2
2025-10-11T14:58:00+00:00,1965.1,92.98,350.5,13.49,416.1,20.3,668.0,0.0617,1.17,191.1,101.1,12.4
2025-10-11T14:59:00+00:00,1788.6,89.83,352.0,13.76,403.1,19.9,580.9,0.0620,1.19,191.1,101.1,11.5
2025-10-11T15:00:00+00:00,2144.0,94.21,358.0,13.85,418.7,20.2,653.7,0.0678,1.23,191.1,101.1,10.7
2025-10-11T15:01:00+00:00,2157.5,95.08,353.8,13.72,409.0,20.7,638.3,0.0733,1.29,191.1,101.1,11.0
2025-10-11T15:02:00+00:00,1871.3,92.14,342.4,13.93,399.4,21.5,635.6,0.0637,1.21,191.1,101.1,13.3
2025-10-11T15:03:00+00:00,1983.3,94.54,351.4,13.49,423.2,19.0,616.0,0.0633,1.17,191.1,101.1,11.6
2025-10-11T15:04:00+00:00,2167.2,93.18,346.3,14.00,433.1,21.9,565.9,0.0637,1.26,191.1,101.1,12.3
2025-10-11T15:05:00+00:00,2014.9,94.88,343.9,13.53,405.2,23.7,614.6,0.0622,1.18,191.1,101.1,11.2
2025-10-11T15:06:00+00:00,2121.1,93.29,348.1,13.63,407.6,19.9,573.9,0.0696,1.29,191.1,101.1,10.5
2025-10-11T15:07:00+00:00,2100.4,93.50,343.0,13.79,426.1,19.7,605.3,0.0671,1.23,191.1,101.1,12.5
2025-10-11T15:08:00+00:00,2419.5,96.97,334.5,13.53,432.1,21.6,713.4,0.0753,1.26,191.1,101.1,10.0
2025-10-11T15:09:00+00:00,2079.5,96.17,357.2,13.91,404.3,20.6,621.4,0.0627,1.22,191.1,101.1,12.5
2025-10-11T15:10:00+00:00,2196.4,95.97,358.3,13.72,411.1,22.4,597.6,0.0637,1.23,191.1,101.1,12.5
2025-10-11T15:11:00+00:00,2391.6,96.02,342.0,13.66,441.1,18.3,605.4,0.0630,1.06,191.1,101.1,12.3
2025-10-11T15:12:00+00:00,2200.6,95.81,338.4,13.86,412.7,22.9,559.2,0.0636,1.24,191.1,101.1,11.0
2025-10-11T15:13:00+00:00,1942.9,95.63,331.6,13.78,414.9,21.6,556.1,0.0625,1.20,191.1,101.1,11.1
2025-10-11T15:14:00+00:00,2199.6,94.61,356.3,13.69,421.6,19.9,630.0,0.0713,1.24,191.1,101.1,11.7
2025-10-11T15:15:00+00:00,2117.5,96.13,345.8,13.78,419.5,21.0,669.3,0.0637,1.25,191.1,101.1,12.1
2025-10-11T15:16:00+00:00,2439.0,95.15,351.7,14.22,409.3,21.9,634.1,0.0645,1.16,191.1,101.1,11.5
2025-10-11T15:17:00+00:00,1971.2,94.47,352.5,13.54,433.0,18.8,577.2,0.0632,1.23,191.1,101.1,12.3
2025-10-11T15:18:00+00:00,2152.4,95.44,346.2,13.90,423.3,20.5,600.9,0.0678,1.21,191.1,101.1,10.9
2025-10-11T15:19:00+00:00,2037.0,96.76,351.6,13.93,430.9,21.7,591.6,0.0686,1.17,191.1,101.1,10.2
2025-10-11T15:20:00+00:00,2118.8,96.75,341.0,13.67,430.4,20.7,593.1,0.0643,1.25,191.1,101.1,11.5
2025-10-11T15:21:00+00:00,2009.7,96.55,341.6,14.03,416.6,19.5,638.5,0.0626,1.23,191.1,101.1,9.9
2025-10-11T15:22:00+00:00,1931.2,94.58,353.2,13.62,422.5,22.9,553.5,0.0677,1.23,191.1,101.1,11.2
2025-10-11T15:23:00+00:00,2453.8,95.90,358.7,13.81,435.7,19.3,604.5,0.0654,1.27,191.1,101.1,10.4
2025-10-11T15:24:00+00:00,1940.4,94.10,366.5,13.65,408.5,21.1,666.0,0.0725,1.18,191.1,101.1,11.0
2025-10-11T15:25:00+00:00,1902.4,95.19,346.3,13.74,402.9,18.4,582.2,0.0656,1.31,191.1,101.1,12.6
2025-10-11T15:26:00+00:00,2439.2,100.81,358.9,13.52,430.5,21.5,610.2,0.0701,1.24,191.1,101.1,11.7
2025-10-11T15:27:00+00:00,2564.9,96.59,355.4,14.11,436.5,21.3,605.9,0.0647,1.14,191.1,101.1,11.1
2025-10-11T15:28:00+00:00,2482.7,96.05,346.7,13.81,432.6,18.6,629.8,0.0658,1.30,191.1,101.1,12.4
2025-10-11T15:29:00+00:00,1822.8,93.75,355.0,13.73,404.1,20.9,572.3,0.0629,1.37,191.1,101.1,10.9
2025-10-11T15:30:00+00:00,2185.8,95.43,349.9,13.66,426.9,20.8,624.6,0.0636,1.25,191.1,101.1,12.3
2025-10-11T15:31:00+00:00,2084.0,96.14,347.5,13.52,418.0,18.9,597.3,0.0638,1.29,191.1,101.1,12.4
2025-10-11T15:32:00+00:00,2101.3,93.14,345.2,13.76,410.0,21.6,543.7,0.0629,1.20,191.1,101.1,11.8
2025-10-11T15:33:00+00:00,1903.8,93.43,371.3,13.91,406.6,19.2,629.8,0.0621,1.24,191.1,101.1,12.9
2025-10-11T15:34:00+00:00,1814.8,94.85,366.2,13.93,414.7,22.8,558.6,0.0610,1.18,191.1,101.1,10.8
2025-10-11T15:35:00+00:00,1941.6,96.24,362.6,14.02,395.5,17.5,628.1,0.0646,1.25,191.1,101.1,12.8
2025-10-11T15:36:00+00:00,2189.5,96.68,332.2,13.80,423.0,19.6,595.5,0.0631,1.19,191.1,101.1,11.4
2025-10-11T15:37:00+00:00,2085.3,94.24,345.6,13.80,415.4,20.5,632.3,0.0705,1.20,191.1,101.1,10.5
2025-10-11T15:38:00+00:00,2574.8,96.59,350.7,13.80,422.3,17.8,580.7,0.0720,1.24,191.1,101.1,10.2
2025-10-11T15:39:00+00:00,1978.3,97.22,356.1,13.87,415.2,22.2,535.8,0.0784,1.14,191.1,101.1,11.6
2025-10-11T15:40:00+00:00,1791.7,97.06,344.4,13.67,415.7,23.0,561.0,0.0627,1.24,191.1,101.1,10.9
2025-10-11T15:41:00+00:00,2052.8,93.99,352.8,13.78,418.1,19.6,552.4,0.0627,1.22,191.1,101.1,11.6
2025-10-11T15:42:00+00:00,1988.5,96.39,356.2,13.76,418.7,18.5,585.7,0.0621,1.19,191.1,101.1,12.3
2025-10-11T15:43:00+00:00,2033.8,94.76,336.9,13.71,432.8,23.1,586.9,0.0625,1.17,191.1,101.1,10.3
2025-10-11T15:44:00+00:00,2072.7,97.73,355.3,13.66,397.5,21.3,635.4,0.0694,1.19,191.1,101.1,14.1
2025-10-11T15:45:00+00:00,1966.2,93.07,341.7,14.05,407.9,20.7,623.6,0.0624,1.24,191.1,101.1,10.9
2025-10-11T15:46:00+00:00,1850.2,93.56,333.6,13.86,399.1,20.5,574.6,0.0614,1.19,191.1,101.1,11.7
2025-10-11T15:47:00+00:00,1858.2,95.12,354.0,13.64,399.8,22.6,598.0,0.0651,1.13,191.1,101.1,12.1
2025-10-11T15:48:00+00:00,1960.4,94.24,359.3,13.62,383.9,20.5,607.6,0.0624,1.24,191.1,101.1,12.3
2025-10-11T15:49:00+00:00,1983.7,95.14,356.8,13.79,447.6,22.7,604.3,0.0619,1.19,191.1,101.1,12.8
2025-10-11T15:50:00+00:00,2091.4,92.80,349.8,13.79,398.7,22.7,630.5,0.0627,1.19,191.1,101.1,12.4
2025-10-11T15:51:00+00:00,2150.2,93.62,331.3,13.84,407.6,20.6,603.6,0.0623,1.11,191.1,101.1,13.5
2025-10-11T15:52:00+00:00,2084.1,95.26,350.3,13.99,423.4,18.8,589.3,0.0631,1.16,191.1,101.1,13.5
2025-10-11T15:53:00+00:00,2035.5,95.97,363.2,13.82,433.0,19.1,552.3,0.0638,1.32,191.1,101.1,13.5
2025-10-11T15:54:00+00:00,2041.5,96.76,346.2,13.80,398.3,17.6,653.1,0.0625,1.20,191.1,101.1,12.4
2025-10-11T15:55:00+00:00,1946.4,95.10,350.1,13.57,400.5,21.6,564.9,0.0686,1.19,191.1,101.1,12.4
2025-10-11T15:56:00+00:00,1996.6,92.33,350.5,13.74,420.6,19.0,580.1,0.0651,1.09,191.1,101.1,12.7
2025-10-11T15:57:00+00:00,2130.2,92.80,355.5,13.79,398.3,22.3,590.2,0.0657,1.22,191.1,101.1,11.5
2025-10-11T15:58:00+00:00,1830.2,95.44,345.2,13.46,425.2,21.5,586.5,0.0613,1.20,191.1,101.1,11.2
2025-10-11T15:59:00+00:00,1966.1,93.84,353.6,13.80,410.2,22.1,568.2,0.0656,1.19,191.1,101.1,13.5
2025-10-11T16:00:00+00:00,2032.2,94.37,344.5,13.80,413.7,23.1,593.1,0.0617,1.13,191.1,101.1,11.5
2025-10-11T16:01:00+00:00,1872.3,95.93,352.5,13.81,408.7,18.7,538.9,0.0639,1.24,191.1,101.1,11.6
2025-10-11T16:02:00+00:00,1998.2,95.21,346.7,14.06,406.5,21.9,616.1,0.0622,1.20,191.1,101.1,10.9
2025-10-11T16:03:00+00:00,2023.0,96.57,348.2,13.86,424.2,19.2,647.9,0.0632,1.29,191.1,101.1,14.7
2025-10-11T16:04:00+00:00,2128.1,95.56,349.6,13.76,398.0,22.6,554.6,0.0653,1.26,191.1,101.1,10.3
2025-10-11T16:05:00+00:00,2117.5,94.96,341.2,13.61,415.1,21.6,629.6,0.0616,1.07,191.1,101.1,11.7
2025-10-11T16:06:00+00:00,2000.2,95.82,345.3,13.76,387.5,20.1,597.4,0.0681,1.29,191.1,101.1,12.2
2025-10-11T16:07:00+00:00,2114.5,94.96,350.8,13.46,415.6,20.3,673.7,0.0629,1.16,191.1,101.1,12.7
2025-10-11T16:08:00+00:00,1811.8,95.22,351.4,13.80,438.3,19.0,555.5,0.0743,1.32,191.1,101.1,11.0
2025-10-11T16:09:00+00:00,2161.2,94.34,350.8,13.69,426.9,23.8,627.6,0.0653,1.18,191.1,101.1,13.2
2025-10-11T16:10:00+00:00,1828.5,95.55,358.4,13.95,413.5,20.6,604.5,0.0627,1.28,191.1,101.1,12.8
2025-10-11T16:11:00+00:00,2002.3,95.03,357.2,13.91,413.9,21.1,638.0,0.0628,1.27,191.1,101.1,10.9
2025-10-11T16:12:00+00:00,1991.8,95.16,348.0,13.92,410.1,18.8,648.4,0.0617,1.17,191.1,101.1,10.1
2025-10-11T16:13:00+00:00,2166.2,94.74,350.3,13.79,419.5,20.7,652.8,0.0641,1.30,191.1,101.1,12.8
2025-10-11T16:14:00+00:00,1965.1,94.29,357.0,13.85,431.1,21.8,563.3,0.0632,1.17,191.1,101.1,11.8
2025-10-11T16:15:00+00:00,2133.9,94.84,345.4,13.93,398.5,21.3,629.3,0.0629,1.20,191.1,101.1,10.8
2025-10-11T16:16:00+00:00,2099.2,95.49,353.3,13.77,393.0,21.4,643.3,0.0637,1.31,191.1,101.1,10.7
2025-10-11T16:17:00+00:00,1967.1,96.70,351.7,13.89,440.6,20.0,587.3,0.0699,1.28,191.1,101.1,11.0
2025-10-11T16:18:00+00:00,2192.1,94.45,343.2,13.49,417.3,20.3,614.6,0.0644,1.33,191.1,101.1,14.0
2025-10-11T16:19:00+00:00,1922.0,91.10,344.7,13.73,402.2,18.2,588.2,0.0617,1.19,191.1,101.1,12.1
2025-10-11T16:20:00+00:00,2201.8,95.47,334.7,13.50,425.8,22.3,629.8,0.0692,1.28,191.1,101.1,11.9
2025-10-11T16:21:00+00:00,2115.1,97.19,337.1,13.89,420.0,19.0,587.7,0.0629,1.21,191.1,101.1,12.7
2025-10-11T16:22:00+00:00,1987.4,96.17,350.8,13.76,413.6,19.5,610.4,0.0633,1.30,191.1,101.1,10.4
2025-10-11T16:23:00+00:00,1896.3,95.41,348.0,14.07,413.8,20.0,538.0,0.0616,1.17,191.1,101.1,11.1
2025-10-11T16:24:00+00:00,2032.1,92.99,345.7,13.66,407.6,18.2,600.8,0.0673,1.27,191.1,101.1,12.0
2025-10-11T16:25:00+00:00,2153.7,94.14,354.3,13.83,415.5,20.7,605.1,0.0659,1.23,191.1,101.1,11.4
2025-10-11T16:26:00+00:00,1811.6,94.33,350.4,13.88,398.1,20.8,582.5,0.0649,1.18,191.1,101.1,10.8
2025-10-11T16:27:00+00:00,1876.4,92.66,351.5,13.39,410.3,19.9,647.8,0.0645,1.25,191.1,101.1,11.2
2025-10-11T16:28:00+00:00,1920.6,94.40,353.6,14.00,411.7,19.5,589.1,0.0695,1.25,191.1,101.1,13.1
2025-10-11T16:29:00+00:00,2152.3,94.86,348.0,13.45,432.6,19.5,612.8,0.0649,1.23,191.1,101.1,11.6
2025-10-11T16:30:00+00:00,1839.5,94.91,353.8,13.70,413.0,19.1,625.9,0.0698,1.18,191.1,101.1,13.2
2025-10-11T16:31:00+00:00,1983.0,94.80,354.6,13.56,405.3,20.7,558.5,0.0638,1.28,191.1,101.1,13.4
2025-10-11T16:32:00+00:00,1842.4,94.72,353.0,13.79,403.9,18.9,557.7,0.0678,1.23,191.1,101.1,12.0
2025-10-11T16:33:00+00:00,2041.9,95.38,339.2,13.69,419.8,20.9,612.3,0.0660,1.18,191.1,101.1,13.0
2025-10-11T16:34:00+00:00,1929.0,96.86,342.0,13.83,431.9,19.8,617.8,0.0647,1.20,191.1,101.1,11.5
2025-10-11T16:35:00+00:00,1076.8,89.83,352.1,13.71,391.8,22.8,565.4,0.0577,1.25,191.1,101.1,10.6
2025-10-11T16:36:00+00:00,911.6,90.95,360.4,14.02,375.3,18.7,555.0,0.0563,1.18,191.1,101.1,10.4
2025-10-11T16:37:00+00:00,1035.6,89.57,371.2,13.98,379.0,20.1,577.2,0.0652,1.23,191.1,101.1,11.5
2025-10-11T16:38:00+00:00,852.2,90.64,367.8,13.52,376.0,16.5,511.8,0.0574,1.34,191.1,101.1,12.1
2025-10-11T16:39:00+00:00,1012.8,94.37,362.3,13.76,385.9,24.1,632.5,0.0577,1.27,191.1,101.1,12.0
2025-10-11T16:40:00+00:00,893.0,93.31,364.3,13.88,379.7,21.8,629.5,0.0561,1.17,191.1,101.1,11.5
2025-10-11T16:41:00+00:00,1070.5,94.66,353.8,14.12,398.8,19.8,542.1,0.0627,1.16,191.1,101.1,11.9
2025-10-11T16:42:00+00:00,1099.5,92.35,347.0,13.78,397.2,19.8,560.9,0.0577,1.24,191.1,101.1,12.0
2025-10-11T16:43:00+00:00,868.5,91.12,359.4,14.07,374.4,20.9,587.6,0.0576,1.16,191.1,101.1,8.9
2025-10-11T16:44:00+00:00,1003.1,92.18,356.8,13.89,393.6,22.6,551.0,0.0563,1.16,191.1,101.1,11.9
2025-10-11T16:45:00+00:00,954.2,89.60,362.4,13.69,387.3,21.6,557.2,0.0617,1.32,191.1,101.1,12.6
2025-10-11T16:46:00+00:00,1018.5,91.24,349.2,13.82,390.0,19.5,596.0,0.0613,1.23,191.1,101.1,11.9
2025-10-11T16:47:00+00:00,1038.4,93.84,370.4,14.16,399.2,20.2,527.2,0.0615,1.14,191.1,101.1,10.9
2025-10-12T06:00:00+00:00,944.0,91.91,374.2,13.79,386.0,19.1,563.3,0.0546,0.92,228.3,93.3,11.2
2025-10-12T06:01:00+00:00,923.5,91.16,358.6,13.62,376.8,22.6,552.1,0.0564,0.97,228.3,93.3,10.2
2025-10-12T06:02:00+00:00,1004.9,91.24,354.2,13.84,363.6,20.6,584.2,0.0546,0.96,228.3,93.3,10.0
2025-10-12T06:03:00+00:00,1040.6,92.63,358.1,13.94,375.2,20.5,562.4,0.0552,1.02,228.3,93.3,10.6
2025-10-12T06:04:00+00:00,1085.7,91.77,363.2,13.72,385.3,19.8,577.1,0.0549,0.97,228.3,93.3,11.0
2025-10-12T06:05:00+00:00,962.1,91.31,363.8,14.00,391.0,19.5,523.3,0.0544,0.96,228.3,93.3,9.7
2025-10-12T06:06:00+00:00,906.6,89.93,372.0,13.89,369.5,22.4,558.3,0.0536,0.90,228.3,93.3,10.1
2025-10-12T06:07:00+00:00,940.1,91.92,355.6,13.73,403.3,24.0,518.6,0.0549,1.04,228.3,93.3,11.2
2025-10-12T06:08:00+00:00,898.2,91.82,360.3,13.82,374.7,21.2,546.5,0.0538,0.94,228.3,93.3,11.2
2025-10-12T06:09:00+00:00,955.0,89.60,358.5,13.81,376.8,20.3,586.4,0.0641,1.10,228.3,93.3,9.2
2025-10-12T06:10:00+00:00,903.9,92.72,366.1,13.87,359.1,21.1,482.9,0.0566,0.94,228.3,93.3,7.7
2025-10-12T06:11:00+00:00,1156.3,93.62,350.9,13.51,369.0,22.6,598.6,0.0585,0.99,228.3,93.3,7.1
2025-10-12T06:12:00+00:00,1012.9,93.50,359.0,13.76,372.5,19.5,558.0,0.0566,0.96,228.3,93.3,9.9
2025-10-12T06:13:00+00:00,1923.2,95.88,344.0,13.88,406.6,19.0,580.0,0.0605,1.07,228.3,93.3,10.1
2025-10-12T06:14:00+00:00,2075.6,94.29,349.9,13.46,403.0,19.7,625.3,0.0599,0.92,228.3,93.3,10.4
2025-10-12T06:15:00+00:00,1862.2,93.28,355.1,13.89,415.4,19.4,583.3,0.0600,1.06,228.3,93.3,11.9
2025-10-12T06:16:00+00:00,2019.5,97.29,339.9,13.71,401.0,20.6,612.8,0.0602,0.98,228.3,93.3,10.5
2025-10-12T06:17:00+00:00,2125.2,92.34,349.2,13.52,433.7,21.1,573.9,0.0696,0.94,228.3,93.3,11.7
2025-10-12T06:18:00+00:00,1984.3,97.25,363.4,13.76,428.2,21.8,640.9,0.0632,0.96,228.3,93.3,12.8
2025-10-12T06:19:00+00:00,2189.0,94.88,350.5,13.75,416.6,20.2,613.0,0.0676,1.00,228.3,93.3,8.3
2025-10-12T06:20:00+00:00,2030.9,97.13,339.6,14.02,427.4,19.0,601.8,0.0598,0.94,228.3,93.3,10.9
2025-10-12T06:21:00+00:00,2088.7,95.63,347.1,13.85,434.1,20.3,642.1,0.0607,1.00,228.3,93.3,9.9
2025-10-12T06:22:00+00:00,1928.1,97.28,345.5,13.79,432.7,23.8,659.3,0.0632,1.00,228.3,93.3,9.1
2025-10-12T06:23:00+00:00,1659.9,93.02,353.1,13.77,405.3,19.8,548.0,0.0587,1.02,228.3,93.3,10.7
2025-10-12T06:24:00+00:00,2102.9,95.09,341.0,13.86,403.3,20.0,581.7,0.0613,1.04,228.3,93.3,10.6
2025-10-12T06:25:00+00:00,2070.2,95.12,348.8,13.76,411.4,22.3,601.1,0.0602,0.96,228.3,93.3,10.9
2025-10-12T06:26:00+00:00,2083.8,95.04,360.6,13.55,418.3,21.6,606.9,0.0610,1.03,228.3,93.3,11.0
2025-10-12T06:27:00+00:00,2005.7,95.24,344.2,13.79,432.2,21.5,536.3,0.0605,1.02,228.3,93.3,10.5
2025-10-12T06:28:00+00:00,1872.9,92.91,359.6,13.63,405.1,20.5,666.3,0.0604,1.07,228.3,93.3,10.6
2025-10-12T06:29:00+00:00,1920.2,95.08,349.1,13.76,409.5,23.5,554.6,0.0643,1.01,228.3,93.3,8.4
2025-10-12T06:30:00+00:00,2130.0,96.29,337.2,13.94,407.7,18.4,603.1,0.0651,1.06,228.3,93.3,9.9
2025-10-12T06:31:00+00:00,1989.0,96.38,367.3,13.64,415.1,19.2,555.4,0.0598,0.96,228.3,93.3,10.1
2025-10-12T06:32:00+00:00,2171.6,95.29,354.9,13.84,434.9,19.4,561.6,0.0607,0.92,228.3,93.3,12.2
2025-10-12T06:33:00+00:00,1954.2,93.09,368.3,13.61,424.9,20.2,629.5,0.0599,0.99,228.3,93.3,10.0
2025-10-12T06:34:00+00:00,2097.0,95.66,357.2,13.78,405.3,20.4,630.0,0.0639,0.97,228.3,93.3,9.2
2025-10-12T06:35:00+00:00,1958.3,92.79,352.6,13.66,410.6,20.3,563.9,0.0605,1.02,228.3,93.3,9.3
2025-10-12T06:36:00+00:00,2006.3,96.23,344.6,13.80,424.6,20.2,633.8,0.0596,0.93,228.3,93.3,9.4
2025-10-12T06:37:00+00:00,1927.4,95.68,346.1,13.50,410.1,19.1,600.6,0.0598,0.95,228.3,93.3,11.4
2025-10-12T06:38:00+00:00,2007.3,93.61,345.3,13.81,418.0,20.7,532.7,0.0608,1.04,228.3,93.3,10.3
2025-10-12T06:39:00+00:00,2159.6,93.78,354.8,13.61,431.1,18.9,615.7,0.0608,0.98,228.3,93.3,9.0
2025-10-12T06:40:00+00:00,2037.3,94.04,349.5,13.74,404.2,19.9,596.2,0.0602,0.98,228.3,93.3,10.8
2025-10-12T06:41:00+00:00,2043.9,93.18,349.9,13.72,438.6,17.6,642.9,0.0611,0.89,228.3,93.3,10.8
2025-10-12T06:42:00+00:00,2177.2,94.68,349.6,13.75,440.9,20.2,636.8,0.0606,0.97,228.3,93.3,10.0
2025-10-12T06:43:00+00:00,1955.5,93.80,350.9,13.92,413.1,20.4,618.3,0.0604,1.05,228.3,93.3,9.7
2025-10-12T06:44:00+00:00,2080.5,96.69,361.9,13.94,429.5,20.2,604.6,0.0610,1.02,228.3,93.3,11.8
2025-10-12T06:45:00+00:00,1868.9,94.12,354.5,13.80,405.4,20.4,600.3,0.0702,1.01,228.3,93.3,9.7
2025-10-12T06:46:00+00:00,1971.5,93.94,357.9,13.79,427.6,19.9,600.3,0.0599,1.00,228.3,93.3,9.9
2025-10-12T06:47:00+00:00,1943.9,96.32,360.1,13.75,401.0,19.3,626.0,0.0676,0.97,228.3,93.3,9.0
2025-10-12T06:48:00+00:00,2095.7,94.86,346.7,13.84,411.3,19.8,548.8,0.0621,1.03,228.3,93.3,8.6
2025-10-12T06:49:00+00:00,1989.8,94.37,358.0,13.86,403.5,20.4,599.3,0.0625,0.98,228.3,93.3,8.4
2025-10-12T06:50:00+00:00,2036.9,95.27,338.0,13.79,433.1,19.0,587.4,0.0645,0.92,228.3,93.3,10.2
2025-10-12T06:51:00+00:00,2044.6,96.54,348.7,13.94,423.8,21.3,629.7,0.0610,1.00,228.3,93.3,10.6
2025-10-12T06:52:00+00:00,2129.2,92.37,335.6,13.36,399.1,23.2,627.4,0.0674,1.02,228.3,93.3,11.6
2025-10-12T06:53:00+00:00,2108.0,96.00,338.9,14.00,405.2,19.6,596.7,0.0605,0.97,228.3,93.3,10.8
2025-10-12T06:54:00+00:00,2285.5,95.62,339.2,13.88,446.2,22.1,672.2,0.0614,0.96,228.3,93.3,11.2
2025-10-12T06:55:00+00:00,2045.9,94.26,344.4,13.70,436.1,22.7,618.4,0.0600,0.94,228.3,93.3,8.7
2025-10-12T06:56:00+00:00,2034.8,95.08,350.3,13.48,415.5,19.5,612.7,0.0686,1.05,228.3,93.3,9.9
2025-10-12T06:57:00+00:00,1925.3,94.67,360.8,13.59,414.9,20.9,632.6,0.0629,0.99,228.3,93.3,10.6
2025-10-12T06:58:00+00:00,1868.8,93.13,341.7,14.06,420.9,21.5,665.6,0.0631,1.06,228.3,93.3,10.5
2025-10-12T06:59:00+00:00,1940.1,92.92,358.1,13.74,406.3,21.2,695.7,0.0595,0.97,228.3,93.3,9.8
2025-10-12T07:00:00+00:00,2039.3,93.56,346.5,13.71,420.7,21.9,611.4,0.0601,0.96,228.3,93.3,10.0
2025-10-12T07:01:00+00:00,2046.7,93.95,350.6,13.69,440.4,19.9,633.6,0.0638,0.94,228.3,93.3,10.0
2025-10-12T07:02:00+00:00,2100.6,96.96,348.5,13.44,410.7,19.9,557.4,0.0608,1.01,228.3,93.3,10.8
2025-10-12T07:03:00+00:00,2005.9,95.03,353.2,13.64,396.1,23.6,595.9,0.0608,0.93,228.3,93.3,10.5
2025-10-12T07:04:00+00:00,2403.5,92.28,333.8,13.95,425.6,23.1,583.6,0.0660,0.93,228.3,93.3,11.0
2025-10-12T07:05:00+00:00,2068.8,94.48,371.3,14.13,405.0,20.8,621.2,0.0606,1.01,228.3,93.3,9.6
2025-10-12T07:06:00+00:00,2320.3,96.97,352.2,13.64,450.5,20.4,568.3,0.0625,1.06,228.3,93.3,9.4
2025-10-12T07:07:00+00:00,2523.9,95.69,356.0,13.96,426.9,22.6,594.5,0.0628,0.96,228.3,93.3,10.4
2025-10-12T07:08:00+00:00,2445.2,97.43,347.0,13.90,458.1,23.0,641.4,0.0635,1.01,228.3,93.3,9.9
2025-10-12T07:09:00+00:00,2534.5,93.66,357.2,13.79,452.7,20.8,640.6,0.0653,0.99,228.3,93.3,10.7
2025-10-12T07:10:00+00:00,2147.5,95.00,352.1,13.61,388.2,20.2,606.5,0.0634,0.98,228.3,93.3,9.2
2025-10-12T07:11:00+00:00,2322.0,97.49,355.5,13.65,417.2,21.5,620.8,0.0668,0.99,228.3,93.3,10.2
2025-10-12T07:12:00+00:00,2018.5,93.72,347.4,13.97,414.7,20.7,611.8,0.0669,0.98,228.3,93.3,10.8
2025-10-12T07:13:00+00:00,1910.1,97.21,349.4,13.84,409.9,19.2,622.7,0.0599,1.01,228.3,93.3,10.1
2025-10-12T07:14:00+00:00,2109.1,95.89,346.3,13.91,420.0,20.6,614.7,0.0650,0.95,228.3,93.3,11.4
2025-10-12T07:15:00+00:00,2532.8,98.67,341.1,13.67,434.3,19.6,588.2,0.0648,1.03,228.3,93.3,9.1
2025-10-12T07:16:00+00:00,2049.3,96.14,354.0,13.97,411.0,20.3,600.3,0.0684,1.00,228.3,93.3,11.3
2025-10-12T07:17:00+00:00,1904.6,94.74,349.4,13.86,429.7,21.1,609.0,0.0677,1.08,228.3,93.3,11.1
2025-10-12T07:18:00+00:00,1932.1,95.48,350.7,14.15,400.6,19.1,599.8,0.0740,0.98,228.3,93.3,10.6
2025-10-12T07:19:00+00:00,2333.2,96.18,348.5,13.74,437.5,17.8,640.4,0.0648,0.96,228.3,93.3,10.5
2025-10-12T07:20:00+00:00,1954.3,95.90,353.8,13.84,406.1,18.2,571.6,0.0655,1.02,228.3,93.3,10.6
2025-10-12T07:21:00+00:00,2473.9,97.21,356.1,13.76,448.8,22.9,594.7,0.0626,0.98,228.3,93.3,10.5
2025-10-12T07:22:00+00:00,2027.9,95.46,350.7,14.00,373.3,19.0,652.6,0.0697,1.01,228.3,93.3,9.5
2025-10-12T07:23:00+00:00,2002.1,95.95,351.3,13.77,411.9,20.8,614.0,0.0599,0.95,228.3,93.3,9.1
2025-10-12T07:24:00+00:00,2497.3,95.44,343.9,13.90,422.6,21.4,650.6,0.0661,0.99,228.3,93.3,10.5
2025-10-12T07:25:00+00:00,2066.7,93.34,345.6,13.64,419.1,22.9,630.3,0.0634,0.96,228.3,93.3,11.0
2025-10-12T07:26:00+00:00,1936.5,96.23,334.2,13.72,432.6,20.5,601.0,0.0618,1.06,228.3,93.3,8.5
2025-10-12T07:27:00+00:00,2094.6,92.81,341.0,13.71,412.5,20.8,633.2,0.0677,1.08,228.3,93.3,11.1
2025-10-12T07:28:00+00:00,2117.5,96.10,355.4,13.46,422.8,20.1,617.5,0.0647,1.02,228.3,93.3,10.3
2025-10-12T07:29:00+00:00,1873.8,94.66,362.3,14.06,405.6,19.6,604.1,0.0601,1.03,228.3,93.3,7.8
2025-10-12T07:30:00+00:00,1981.7,91.16,374.9,13.80,428.1,22.0,634.2,0.0682,1.00,228.3,93.3,8.8
2025-10-12T07:31:00+00:00,2246.9,96.11,343.7,13.66,426.5,21.1,558.7,0.0656,0.93,228.3,93.3,11.4
2025-10-12T07:32:00+00:00,2061.9,96.32,347.1,13.77,432.7,17.4,579.8,0.0685,0.93,228.3,93.3,9.0
2025-10-12T07:33:00+00:00,2045.2,97.76,352.8,13.47,393.6,21.0,610.6,0.0631,1.05,228.3,93.3,11.7
2025-10-12T07:34:00+00:00,2477.9,96.95,344.8,13.70,441.0,21.6,609.3,0.0628,0.99,228.3,93.3,10.7
2025-10-12T07:35:00+00:00,1809.7,94.36,354.6,13.85,406.2,21.5,625.8,0.0617,0.99,228.3,93.3,11.5
2025-10-12T07:36:00+00:00,2059.8,95.41,346.5,13.90,396.1,18.6,621.1,0.0602,0.97,228.3,93.3,11.2
2025-10-12T07:37:00+00:00,2037.9,96.63,345.3,13.83,400.0,19.3,609.3,0.0692,1.05,228.3,93.3,11.2
2025-10-12T07:38:00+00:00,1998.6,94.49,356.1,13.65,401.4,20.5,585.2,0.0685,1.04,228.3,93.3,8.2
2025-10-12T07:39:00+00:00,2268.8,96.28,349.6,13.71,419.6,19.6,613.1,0.0623,0.93,228.3,93.3,11.4
2025-10-12T07:40:00+00:00,1935.6,95.05,348.2,13.98,411.9,21.8,598.3,0.0615,0.92,228.3,93.3,9.5
2025-10-12T07:41:00+00:00,2145.2,95.59,347.1,13.62,441.2,22.5,595.0,0.0697,0.99,228.3,93.3,9.1
2025-10-12T07:42:00+00:00,2068.0,93.35,351.4,13.54,428.2,20.9,618.9,0.0605,0.98,228.3,93.3,11.2
2025-10-12T07:43:00+00:00,2039.9,94.89,358.2,13.86,403.2,18.5,589.1,0.0603,0.97,228.3,93.3,10.5
2025-10-12T07:44:00+00:00,1988.1,95.69,359.5,13.60,405.7,20.1,631.9,0.0656,1.03,228.3,93.3,10.0
2025-10-12T07:45:00+00:00,1981.6,96.15,341.4,13.57,431.1,20.4,566.9,0.0597,0.97,228.3,93.3,10.5
2025-10-12T07:46:00+00:00,1926.4,93.84,358.6,13.68,414.5,20.0,601.0,0.0596,0.97,228.3,93.3,10.8
2025-10-12T07:47:00+00:00,2040.9,95.47,359.8,13.52,421.3,21.3,617.3,0.0606,1.01,228.3,93.3,10.5
2025-10-12T07:48:00+00:00,2228.5,95.14,336.5,13.79,435.4,22.7,569.3,0.0664,0.89,228.3,93.3,9.4
2025-10-12T07:49:00+00:00,2108.3,95.76,340.5,13.68,433.0,20.9,587.5,0.0604,0.96,228.3,93.3,10.7
2025-10-12T07:50:00+00:00,1993.5,96.00,353.5,13.79,408.4,20.5,579.6,0.0662,0.96,228.3,93.3,9.8
2025-10-12T07:51:00+00:00,1934.5,91.63,344.2,13.90,403.2,21.2,613.0,0.0627,0.94,228.3,93.3,9.7
2025-10-12T07:52:00+00:00,2105.2,95.95,358.4,13.93,413.3,19.7,618.3,0.0602,0.96,228.3,93.3,9.4
2025-10-12T07:53:00+00:00,2100.8,95.43,352.5,13.87,426.2,19.9,600.7,0.0675,0.98,228.3,93.3,9.9
2025-10-12T07:54:00+00:00,2078.2,93.70,348.1,13.66,393.9,21.2,644.0,0.0616,1.02,228.3,93.3,9.7
2025-10-12T07:55:00+00:00,2248.3,95.20,358.5,13.87,405.8,20.3,635.1,0.0615,0.99,228.3,93.3,10.7
2025-10-12T07:56:00+00:00,2037.4,96.52,335.6,13.67,427.3,19.8,662.1,0.0598,0.94,228.3,93.3,9.7
2025-10-12T07:57:00+00:00,1880.0,94.63,347.3,13.68,425.3,21.8,620.4,0.0596,1.00,228.3,93.3,10.8
2025-10-12T07:58:00+00:00,1855.8,95.12,348.3,13.90,411.8,19.9,650.8,0.0616,0.94,228.3,93.3,10.8
2025-10-12T07:59:00+00:00,2097.3,93.38,355.3,13.88,410.7,19.8,623.2,0.0614,0.97,228.3,93.3,11.5
2025-10-12T08:00:00+00:00,1909.3,93.60,342.8,13.55,406.9,19.7,597.8,0.0602,1.06,228.3,93.3,10.4
2025-10-12T08:01:00+00:00,2195.0,98.30,337.3,13.65,460.1,22.2,579.7,0.0609,0.98,228.3,93.3,11.0
2025-10-12T08:02:00+00:00,2163.5,93.33,349.1,13.93,401.3,20.9,573.8,0.0609,0.91,228.3,93.3,10.4
2025-10-12T08:03:00+00:00,1926.8,93.16,339.2,13.50,417.0,21.9,600.6,0.0640,1.11,228.3,93.3,10.3
2025-10-12T08:04:00+00:00,2172.7,93.65,351.5,13.94,424.2,18.1,602.6,0.0720,1.02,228.3,93.3,8.9
2025-10-12T08:05:00+00:00,1931.2,95.12,338.7,13.74,420.3,19.1,600.8,0.0631,0.94,228.3,93.3,10.1
2025-10-12T08:06:00+00:00,1922.8,96.45,344.8,13.77,418.0,19.9,567.0,0.0618,0.99,228.3,93.3,9.9
2025-10-12T08:07:00+00:00,2034.9,94.92,350.7,13.71,410.1,21.4,626.8,0.0624,1.07,228.3,93.3,9.2
2025-10-12T08:08:00+00:00,2185.5,95.43,344.3,13.60,415.4,22.4,609.1,0.0666,1.06,228.3,93.3,12.5
2025-10-12T08:09:00+00:00,1950.6,95.45,345.5,13.82,410.4,21.6,612.0,0.0601,1.00,228.3,93.3,10.4
2025-10-12T08:10:00+00:00,1787.7,91.91,350.8,13.91,397.5,19.9,572.3,0.0665,1.09,228.3,93.3,12.2
2025-10-12T08:11:00+00:00,2020.1,94.63,348.5,13.68,417.8,21.8,606.2,0.0603,0.99,228.3,93.3,11.8
2025-10-12T08:12:00+00:00,1997.5,94.42,343.3,13.72,392.4,19.4,660.0,0.0609,1.06,228.3,93.3,10.5
2025-10-12T08:13:00+00:00,1690.1,93.23,352.9,13.94,410.5,19.8,588.6,0.0584,0.98,228.3,93.3,10.0
2025-10-12T08:14:00+00:00,2020.7,97.40,362.8,13.82,418.0,21.6,575.8,0.0637,0.94,228.3,93.3,12.0
2025-10-12T08:15:00+00:00,2007.6,96.52,334.9,13.85,405.2,20.5,655.3,0.0599,0.97,228.3,93.3,9.5
2025-10-12T08:16:00+00:00,2050.8,97.42,348.3,13.79,393.6,20.5,584.0,0.0625,0.97,228.3,93.3,9.5
2025-10-12T08:17:00+00:00,2099.3,95.79,358.7,13.76,404.9,20.8,565.6,0.0600,0.93,228.3,93.3,10.2
2025-10-12T08:18:00+00:00,1920.7,94.42,349.1,13.92,424.6,22.6,610.6,0.0681,0.98,228.3,93.3,11.2
2025-10-12T08:19:00+00:00,1854.7,95.65,362.4,13.82,416.0,20.9,654.0,0.0629,0.99,228.3,93.3,10.2
2025-10-12T08:20:00+00:00,1953.0,95.06,347.2,13.84,424.2,24.2,607.5,0.0595,0.96,228.3,93.3,9.3
2025-10-12T08:21:00+00:00,2054.4,95.86,354.0,13.92,399.9,20.2,621.6,0.0607,1.03,228.3,93.3,11.2
2025-10-12T08:22:00+00:00,1877.1,95.71,357.5,13.51,399.3,21.3,615.5,0.0588,0.93,228.3,93.3,10.3
2025-10-12T08:23:00+00:00,1989.0,93.51,351.7,13.95,429.5,21.8,592.0,0.0615,1.02,228.3,93.3,7.2
2025-10-12T08:24:00+00:00,2087.0,94.79,350.5,13.96,436.4,19.8,581.2,0.0655,0.99,228.3,93.3,7.8
2025-10-12T08:25:00+00:00,1901.2,93.35,341.9,13.93,411.1,18.8,640.8,0.0592,0.94,228.3,93.3,9.2
2025-10-12T08:26:00+00:00,979.4,90.61,361.7,13.82,390.8,19.7,526.0,0.0549,1.03,228.3,93.3,9.1
2025-10-12T08:27:00+00:00,892.6,91.38,344.9,14.11,388.4,21.3,602.0,0.0562,0.98,228.3,93.3,11.0
2025-10-12T08:28:00+00:00,1108.2,93.39,365.1,13.80,381.8,19.5,543.3,0.0560,1.05,228.3,93.3,11.2
2025-10-12T08:29:00+00:00,1007.4,90.36,363.5,13.80,392.6,21.2,516.6,0.0547,0.99,228.3,93.3,9.2
2025-10-12T08:30:00+00:00,1058.8,93.56,348.6,13.88,392.0,21.5,530.9,0.0665,0.98,228.3,93.3,10.9
2025-10-12T08:31:00+00:00,884.7,91.99,354.6,13.73,388.7,19.4,511.3,0.0567,0.96,228.3,93.3,10.1
2025-10-12T08:32:00+00:00,897.0,91.01,366.8,13.74,391.4,21.0,588.7,0.0534,0.92,228.3,93.3,10.3
2025-10-12T08:33:00+00:00,815.0,91.64,340.8,13.88,365.7,19.9,510.9,0.0534,0.96,228.3,93.3,8.3
2025-10-12T08:34:00+00:00,992.1,89.48,355.7,13.83,400.4,22.2,474.0,0.0643,0.95,228.3,93.3,11.1
2025-10-12T08:35:00+00:00,1036.3,91.19,361.7,13.73,358.3,21.0,512.4,0.0677,0.97,228.3,93.3,11.6
2025-10-12T08:36:00+00:00,994.1,92.78,360.8,13.73,375.2,20.4,564.0,0.0549,1.01,228.3,93.3,9.0
2025-10-12T08:37:00+00:00,1022.5,91.93,368.5,14.05,376.4,18.8,607.1,0.0570,1.02,228.3,93.3,10.5
2025-10-12T14:00:00+00:00,1025.7,94.05,356.9,13.79,365.6,21.1,569.4,0.0600,0.98,228.3,93.3,9.2
2025-10-12T14:01:00+00:00,992.6,91.43,355.3,13.84,358.2,20.9,562.7,0.0602,0.97,228.3,93.3,10.1
2025-10-12T14:02:00+00:00,979.3,87.92,357.3,13.77,394.8,17.7,578.7,0.0643,0.93,228.3,93.3,10.2
2025-10-12T14:03:00+00:00,901.0,89.44,352.8,13.71,356.8,21.8,558.7,0.0579,0.94,228.3,93.3,9.1
2025-10-12T14:04:00+00:00,869.1,92.66,352.3,13.82,389.1,20.9,578.4,0.0582,0.99,228.3,93.3,8.9
2025-10-12T14:05:00+00:00,911.5,90.61,353.5,13.94,384.6,21.9,613.7,0.0660,0.99,228.3,93.3,10.4
2025-10-12T14:06:00+00:00,1029.6,92.88,367.1,13.99,409.5,21.0,525.6,0.0636,0.87,228.3,93.3,10.4
2025-10-12T14:07:00+00:00,1034.9,92.52,365.7,14.03,366.6,18.5,508.2,0.0597,0.99,228.3,93.3,9.5
2025-10-12T14:08:00+00:00,980.6,93.71,349.1,13.91,355.2,21.6,527.2,0.0573,1.06,228.3,93.3,11.0
2025-10-12T14:09:00+00:00,1034.3,91.64,349.7,13.69,377.1,21.1,587.3,0.0558,0.94,228.3,93.3,9.7
2025-10-12T14:10:00+00:00,1031.0,92.92,356.8,13.85,370.7,19.3,581.2,0.0540,0.90,228.3,93.3,11.0
2025-10-12T14:11:00+00:00,1915.5,94.01,361.1,13.83,429.5,19.8,590.7,0.0608,1.08,228.3,93.3,8.7
2025-10-12T14:12:00+00:00,2177.4,95.62,350.6,13.76,406.4,20.1,572.8,0.0642,1.00,228.3,93.3,9.5
2025-10-12T14:13:00+00:00,2110.9,96.00,348.1,13.38,410.0,21.0,643.4,0.0638,0.92,228.3,93.3,11.5
2025-10-12T14:14:00+00:00,1961.1,97.09,368.6,13.58,420.6,21.1,636.8,0.0620,1.02,228.3,93.3,10.5
2025-10-12T14:15:00+00:00,2121.7,94.61,353.4,13.61,425.3,20.7,633.9,0.0735,1.05,228.3,93.3,11.5
2025-10-12T14:16:00+00:00,2017.6,92.46,361.2,14.02,422.3,17.7,639.4,0.0604,1.00,228.3,93.3,10.6
2025-10-12T14:17:00+00:00,1931.0,94.33,373.5,13.69,415.9,22.2,596.2,0.0599,0.99,228.3,93.3,11.2
2025-10-12T14:18:00+00:00,1916.9,92.09,339.4,13.61,415.7,20.4,652.0,0.0617,0.98,228.3,93.3,9.8
2025-10-12T14:19:00+00:00,2115.4,94.96,331.6,13.79,410.7,19.3,637.3,0.0655,1.00,228.3,93.3,13.5
2025-10-12T14:20:00+00:00,2129.2,96.90,350.9,13.87,420.3,19.0,640.8,0.0603,0.93,228.3,93.3,9.9
2025-10-12T14:21:00+00:00,2035.7,97.77,344.6,13.63,411.7,20.6,588.9,0.0601,0.96,228.3,93.3,9.7
2025-10-12T14:22:00+00:00,1827.9,95.39,353.5,13.81,410.5,18.7,569.9,0.0602,1.10,228.3,93.3,9.7
2025-10-12T14:23:00+00:00,2069.3,94.58,372.7,13.76,417.2,18.1,597.8,0.0616,0.98,228.3,93.3,9.2
2025-10-12T14:24:00+00:00,2046.5,95.66,347.9,13.59,435.0,19.4,570.5,0.0609,1.05,228.3,93.3,9.0
2025-10-12T14:25:00+00:00,2268.8,97.01,336.4,13.73,445.0,20.8,577.5,0.0688,1.01,228.3,93.3,9.7
2025-10-12T14:26:00+00:00,2002.5,94.16,333.9,13.73,399.7,21.2,571.5,0.0601,0.97,228.3,93.3,10.6
2025-10-12T14:27:00+00:00,1892.9,95.55,358.9,13.73,405.3,19.4,607.4,0.0627,1.00,228.3,93.3,10.3
2025-10-12T14:28:00+00:00,1918.5,95.96,360.0,13.44,424.5,22.7,620.5,0.0675,1.04,228.3,93.3,9.4
2025-10-12T14:29:00+00:00,1845.7,92.66,369.0,13.86,422.2,20.4,582.6,0.0690,0.99,228.3,93.3,10.1
2025-10-12T14:30:00+00:00,1850.0,93.13,349.3,13.75,411.6,21.8,599.9,0.0615,0.98,228.3,93.3,10.7
2025-10-12T14:31:00+00:00,2142.6,94.60,331.0,13.97,411.5,18.1,634.8,0.0617,1.06,228.3,93.3,10.6
2025-10-12T14:32:00+00:00,1937.0,94.52,346.3,13.73,403.6,20.6,627.2,0.0610,1.11,228.3,93.3,9.7
2025-10-12T14:33:00+00:00,2160.3,96.72,355.2,13.94,434.8,19.3,598.2,0.0601,0.90,228.3,93.3,10.7
2025-10-12T14:34:00+00:00,2003.2,96.83,354.3,13.93,392.2,19.1,599.5,0.0597,0.95,228.3,93.3,9.1
2025-10-12T14:35:00+00:00,2116.0,96.88,351.9,13.79,402.1,20.3,603.2,0.0677,0.93,228.3,93.3,11.1
2025-10-12T14:36:00+00:00,2117.3,95.84,344.4,13.85,429.6,22.7,618.4,0.0627,1.01,228.3,93.3,9.8
2025-10-12T14:37:00+00:00,1848.0,94.21,336.5,13.95,405.1,21.7,611.6,0.0596,1.03,228.3,93.3,9.9
2025-10-12T14:38:00+00:00,2132.0,95.81,332.3,13.85,417.0,19.7,593.0,0.0658,1.09,228.3,93.3,10.7
2025-10-12T14:39:00+00:00,2101.7,96.94,360.4,13.82,402.0,21.9,678.7,0.0604,0.98,228.3,93.3,8.8
2025-10-12T14:40:00+00:00,2059.6,96.54,340.0,13.95,429.7,20.7,573.9,0.0611,1.04,228.3,93.3,10.0
2025-10-12T14:41:00+00:00,2062.4,99.19,344.8,13.84,418.0,20.2,678.6,0.0607,1.01,228.3,93.3,10.1
2025-10-12T14:42:00+00:00,1942.9,94.35,349.9,13.53,408.0,17.6,597.4,0.0599,1.00,228.3,93.3,9.1
2025-10-12T14:43:00+00:00,2115.7,95.03,336.2,13.98,420.6,22.8,587.4,0.0609,1.01,228.3,93.3,10.8
2025-10-12T14:44:00+00:00,2013.1,92.70,347.8,13.78,430.6,20.0,633.7,0.0600,0.96,228.3,93.3,10.6
2025-10-12T14:45:00+00:00,1970.8,96.70,355.5,13.88,431.9,20.4,583.7,0.0601,1.01,228.3,93.3,10.8
2025-10-12T14:46:00+00:00,1921.1,95.10,361.6,13.61,437.7,17.8,605.5,0.0594,0.95,228.3,93.3,10.5
2025-10-12T14:47:00+00:00,2028.1,96.07,348.4,13.90,414.5,20.5,653.3,0.0672,1.06,228.3,93.3,10.5
2025-10-12T14:48:00+00:00,2051.8,94.28,356.4,13.95,406.3,20.6,599.8,0.0599,0.94,228.3,93.3,9.6
2025-10-12T14:49:00+00:00,1932.4,96.19,352.0,13.92,406.7,21.0,575.4,0.0592,0.94,228.3,93.3,9.5
2025-10-12T14:50:00+00:00,1838.3,93.23,351.2,13.90,425.2,19.5,592.9,0.0619,0.99,228.3,93.3,9.0
2025-10-12T14:51:00+00:00,1849.7,96.65,342.4,13.87,421.8,20.9,599.7,0.0592,0.97,228.3,93.3,11.7
2025-10-12T14:52:00+00:00,1928.9,95.82,349.2,13.72,424.5,24.0,617.7,0.0663,0.91,228.3,93.3,10.6
2025-10-12T14:53:00+00:00,1898.0,95.87,346.6,13.76,411.1,21.3,585.4,0.0621,0.98,228.3,93.3,9.1
2025-10-12T14:54:00+00:00,2247.9,96.06,350.5,13.91,432.6,21.9,540.2,0.0674,0.97,228.3,93.3,8.5
2025-10-12T14:55:00+00:00,1853.3,95.24,348.3,13.93,405.0,21.0,596.8,0.0601,1.07,228.3,93.3,9.5
2025-10-12T14:56:00+00:00,2457.6,96.85,346.8,13.74,420.9,21.6,613.0,0.0676,0.95,228.3,93.3,10.1
2025-10-12T14:57:00+00:00,2072.0,95.90,339.5,13.93,398.0,21.2,603.5,0.0601,0.94,228.3,93.3,8.0
2025-10-12T14:58:00+00:00,1831.5,93.10,348.1,14.12,402.1,20.0,567.8,0.0648,1.07,228.3,93.3,10.8
2025-10-12T14:59:00+00:00,2403.8,95.18,343.7,13.86,412.9,21.0,656.4,0.0690,0.94,228.3,93.3,11.4
2025-10-12T15:00:00+00:00,2221.1,95.23,347.6,13.91,421.8,21.8,614.7,0.0668,0.91,228.3,93.3,10.8
2025-10-12T15:01:00+00:00,2277.7,96.75,342.4,13.94,423.5,18.5,595.3,0.0722,1.03,228.3,93.3,10.3
2025-10-12T15:02:00+00:00,1805.9,96.44,339.2,13.74,412.7,21.1,603.2,0.0588,0.96,228.3,93.3,9.5
2025-10-12T15:03:00+00:00,2496.3,94.52,352.3,13.89,414.1,22.4,619.7,0.0661,1.00,228.3,93.3,9.8
2025-10-12T15:04:00+00:00,2109.9,93.37,353.7,13.72,426.2,19.6,585.2,0.0600,0.93,228.3,93.3,9.4
2025-10-12T15:05:00+00:00,2459.0,95.97,351.0,13.88,437.2,19.1,583.3,0.0629,1.03,228.3,93.3,9.4
2025-10-12T15:06:00+00:00,1951.3,93.44,361.4,13.62,395.8,21.2,593.1,0.0654,1.02,228.3,93.3,10.8
2025-10-12T15:07:00+00:00,1926.7,94.49,344.8,13.97,424.5,20.7,561.3,0.0610,0.98,228.3,93.3,10.4
2025-10-12T15:08:00+00:00,2047.7,96.36,340.1,13.84,428.0,21.4,596.7,0.0598,0.94,228.3,93.3,10.3
2025-10-12T15:09:00+00:00,2090.9,97.01,345.0,13.76,418.4,18.5,632.4,0.0603,0.98,228.3,93.3,10.4
2025-10-12T15:10:00+00:00,2538.7,96.71,352.1,13.81,414.3,22.9,641.2,0.0652,1.00,228.3,93.3,9.8
2025-10-12T15:11:00+00:00,1921.6,92.29,343.3,13.65,392.9,19.9,550.5,0.0629,1.00,228.3,93.3,11.3
2025-10-12T15:12:00+00:00,1904.3,94.29,348.4,13.79,410.5,21.6,657.8,0.0594,0.98,228.3,93.3,9.1
2025-10-12T15:13:00+00:00,2002.7,94.67,357.1,14.01,406.8,21.2,588.1,0.0597,0.96,228.3,93.3,9.3
2025-10-12T15:14:00+00:00,1954.9,96.10,355.6,13.76,398.7,21.0,636.0,0.0624,0.99,228.3,93.3,8.3
2025-10-12T15:15:00+00:00,2068.8,93.69,338.1,13.68,418.0,26.0,600.0,0.0642,0.99,228.3,93.3,10.3
2025-10-12T15:16:00+00:00,2507.9,96.50,358.1,13.88,436.2,18.8,669.0,0.0621,0.91,228.3,93.3,10.8
2025-10-12T15:17:00+00:00,2026.1,93.66,343.2,13.45,392.9,20.2,583.1,0.0617,0.98,228.3,93.3,11.3
2025-10-12T15:18:00+00:00,2198.8,95.89,359.8,13.90,417.6,19.8,644.8,0.0660,0.97,228.3,93.3,9.1
2025-10-12T15:19:00+00:00,2053.6,97.48,353.7,13.76,406.4,19.3,584.1,0.0642,0.98,228.3,93.3,10.0
2025-10-12T15:20:00+00:00,2070.5,93.21,346.2,13.78,421.5,20.7,589.1,0.0594,0.88,228.3,93.3,9.1
2025-10-12T15:21:00+00:00,1922.1,93.57,357.0,13.79,403.8,21.2,577.6,0.0599,0.93,228.3,93.3,10.7
2025-10-12T15:22:00+00:00,2013.7,95.11,352.7,13.82,410.3,20.0,623.0,0.0613,1.10,228.3,93.3,9.6
2025-10-12T15:23:00+00:00,1967.3,93.74,346.6,13.86,406.3,22.7,665.4,0.0596,0.97,228.3,93.3,10.4
2025-10-12T15:24:00+00:00,1823.0,93.48,361.1,13.89,419.1,22.6,588.5,0.0594,1.02,228.3,93.3,9.5
2025-10-12T15:25:00+00:00,2230.9,93.31,341.3,13.75,411.8,22.9,596.7,0.0699,1.03,228.3,93.3,9.8
2025-10-12T15:26:00+00:00,2039.0,93.41,349.8,13.83,418.7,20.8,555.9,0.0655,0.93,228.3,93.3,9.0
2025-10-12T15:27:00+00:00,2011.2,92.43,357.1,13.62,413.8,20.5,533.7,0.0610,0.91,228.3,93.3,11.7
2025-10-12T15:28:00+00:00,1940.5,93.13,353.0,13.50,401.3,21.9,598.6,0.0600,1.01,228.3,93.3,10.5
2025-10-12T15:29:00+00:00,2201.5,93.67,338.8,13.72,399.4,21.8,574.0,0.0628,1.05,228.3,93.3,11.7
2025-10-12T15:30:00+00:00,1740.0,95.39,358.9,13.67,420.5,22.2,608.8,0.0609,1.05,228.3,93.3,8.0
2025-10-12T15:31:00+00:00,2116.7,98.06,348.7,13.90,391.7,23.9,630.5,0.0609,1.01,228.3,93.3,9.6
2025-10-12T15:32:00+00:00,2137.1,95.18,338.4,13.89,427.2,19.7,600.0,0.0747,1.19,228.3,93.3,10.1
2025-10-12T15:33:00+00:00,2040.5,93.30,355.0,13.93,418.0,20.9,585.8,0.0605,1.01,228.3,93.3,9.7
2025-10-12T15:34:00+00:00,2048.7,95.23,353.1,13.92,404.4,22.0,572.0,0.0633,0.89,228.3,93.3,9.7
2025-10-12T15:35:00+00:00,2041.0,92.27,343.7,13.70,438.9,18.9,602.7,0.0608,1.03,228.3,93.3,10.6
2025-10-12T15:36:00+00:00,2179.1,98.61,354.7,13.72,394.5,21.8,542.5,0.0598,0.86,228.3,93.3,10.5
2025-10-12T15:37:00+00:00,2179.6,95.55,330.8,13.71,429.0,20.4,628.2,0.0618,1.07,228.3,93.3,8.2
2025-10-12T15:38:00+00:00,2186.2,98.00,349.2,13.82,426.8,21.2,663.3,0.0610,0.99,228.3,93.3,12.6
2025-10-12T15:39:00+00:00,2029.2,93.23,342.4,13.67,405.5,20.3,591.7,0.0621,1.04,228.3,93.3,11.2
2025-10-12T15:40:00+00:00,2001.1,94.41,340.2,13.92,426.1,18.8,587.5,0.0600,0.98,228.3,93.3,11.7
2025-10-12T15:41:00+00:00,2275.4,93.71,345.1,13.74,422.6,24.6,692.1,0.0663,1.05,228.3,93.3,10.5
2025-10-12T15:42:00+00:00,1851.6,94.44,337.8,13.64,416.0,19.8,638.4,0.0593,0.98,228.3,93.3,9.7
2025-10-12T15:43:00+00:00,2051.3,97.06,347.9,13.84,425.7,21.6,614.1,0.0615,0.97,228.3,93.3,10.0
2025-10-12T15:44:00+00:00,2035.4,96.78,355.8,13.75,423.8,17.0,614.7,0.0605,1.00,228.3,93.3,9.3
2025-10-12T15:45:00+00:00,1853.0,93.03,352.6,13.97,422.0,19.5,577.8,0.0595,1.00,228.3,93.3,10.9
2025-10-12T15:46:00+00:00,1840.9,92.32,341.4,13.69,415.6,23.1,614.4,0.0648,1.02,228.3,93.3,10.6
2025-10-12T15:47:00+00:00,2092.7,96.41,345.8,13.81,426.9,19.2,601.2,0.0607,1.00,228.3,93.3,11.7
2025-10-12T15:48:00+00:00,2097.3,98.40,353.0,13.84,414.2,22.6,576.4,0.0614,0.94,228.3,93.3,9.7
2025-10-12T15:49:00+00:00,2007.4,95.30,336.2,13.89,414.5,21.8,606.8,0.0597,0.95,228.3,93.3,9.3
2025-10-12T15:50:00+00:00,2064.7,96.41,345.0,13.64,424.3,18.9,636.7,0.0685,0.99,228.3,93.3,11.0
2025-10-12T15:51:00+00:00,2149.9,96.93,350.8,13.68,400.4,20.4,693.3,0.0671,0.99,228.3,93.3,10.2
2025-10-12T15:52:00+00:00,1886.2,94.39,348.3,13.99,387.8,21.2,554.5,0.0587,0.90,228.3,93.3,10.2
2025-10-12T15:53:00+00:00,2191.5,95.36,346.3,13.68,428.1,17.8,607.4,0.0672,1.12,228.3,93.3,10.3
2025-10-12T15:54:00+00:00,2021.0,93.70,344.5,14.01,408.8,22.1,557.4,0.0648,1.03,228.3,93.3,8.1
2025-10-12T15:55:00+00:00,2254.4,96.71,351.5,13.59,412.6,21.3,561.2,0.0619,1.02,228.3,93.3,9.5
2025-10-12T15:56:00+00:00,2106.4,96.83,351.5,14.03,411.6,20.0,630.3,0.0629,0.94,228.3,93.3,9.0
2025-10-12T15:57:00+00:00,2120.7,97.43,340.1,13.83,407.8,19.6,601.0,0.0622,1.13,228.3,93.3,10.8
2025-10-12T15:58:00+00:00,2102.2,95.91,356.9,13.84,425.3,20.3,643.7,0.0607,0.99,228.3,93.3,10.1
2025-10-12T15:59:00+00:00,2167.9,94.54,353.1,13.67,407.8,20.6,616.8,0.0618,1.07,228.3,93.3,10.0
2025-10-12T16:00:00+00:00,2182.1,94.93,366.8,13.81,411.6,17.8,632.2,0.0613,1.00,228.3,93.3,9.1
2025-10-12T16:01:00+00:00,1968.4,96.23,355.1,13.87,421.4,21.2,593.2,0.0597,0.95,228.3,93.3,11.1
2025-10-12T16:02:00+00:00,1865.7,95.59,331.8,14.01,402.3,22.0,536.7,0.0604,1.07,228.3,93.3,11.7
2025-10-12T16:03:00+00:00,1977.4,96.76,348.8,13.77,422.8,19.6,683.1,0.0604,1.01,228.3,93.3,9.3
2025-10-12T16:04:00+00:00,2150.4,96.98,348.7,13.81,436.4,19.3,585.9,0.0689,1.01,228.3,93.3,10.7
2025-10-12T16:05:00+00:00,1039.9,90.73,355.9,13.61,397.1,20.5,573.6,0.0561,0.95,228.3,93.3,10.1
2025-10-12T16:06:00+00:00,854.5,90.14,355.7,13.66,367.7,21.8,566.2,0.0540,1.00,228.3,93.3,12.1
2025-10-12T16:07:00+00:00,988.1,90.05,357.9,14.02,391.0,20.9,619.4,0.0553,1.04,228.3,93.3,10.1
2025-10-12T16:08:00+00:00,925.5,91.36,360.1,13.66,374.3,19.8,544.0,0.0566,0.90,228.3,93.3,11.1
2025-10-12T16:09:00+00:00,977.5,90.59,367.5,13.78,381.6,18.9,521.9,0.0608,1.01,228.3,93.3,9.8
2025-10-12T16:10:00+00:00,947.6,91.90,359.6,13.99,401.5,20.8,555.8,0.0547,1.00,228.3,93.3,10.7
2025-10-12T16:11:00+00:00,1069.7,92.82,360.1,13.78,368.1,21.0,571.3,0.0592,0.95,228.3,93.3,10.2
2025-10-12T16:12:00+00:00,943.7,90.96,343.3,13.82,365.3,18.0,566.0,0.0557,1.01,228.3,93.3,8.9
2025-10-12T16:13:00+00:00,905.4,90.96,359.5,14.00,366.0,19.8,602.1,0.0540,0.97,228.3,93.3,9.7
2025-10-12T16:14:00+00:00,879.1,91.45,360.0,13.90,385.4,20.8,493.6,0.0579,1.01,228.3,93.3,12.0
2025-10-13T06:00:00+00:00,995.1,90.44,359.2,13.95,372.5,21.5,553.9,0.0650,0.70,332.9,107.9,3.0
2025-10-13T06:01:00+00:00,925.5,90.18,357.9,13.77,386.0,21.6,561.9,0.0500,0.54,332.9,107.9,4.5
2025-10-13T06:02:00+00:00,1009.9,90.19,336.0,13.64,376.6,20.9,610.5,0.0628,0.66,332.9,107.9,2.8
2025-10-13T06:03:00+00:00,930.9,92.24,356.7,13.77,392.8,22.4,560.4,0.0500,0.55,332.9,107.9,5.7
2025-10-13T06:04:00+00:00,941.1,88.95,357.5,13.76,377.8,19.7,575.3,0.0539,0.67,332.9,107.9,5.5
2025-10-13T06:05:00+00:00,772.4,90.87,361.2,13.83,381.4,17.1,571.4,0.0501,0.65,332.9,107.9,2.8
2025-10-13T06:06:00+00:00,911.8,90.96,379.7,13.94,386.7,21.8,598.8,0.0537,0.63,332.9,107.9,3.4
2025-10-13T06:07:00+00:00,1018.6,91.25,354.6,13.94,418.4,19.9,583.1,0.0565,0.67,332.9,107.9,6.1
2025-10-13T06:08:00+00:00,922.9,91.77,360.4,13.76,388.1,21.3,596.9,0.0506,0.61,332.9,107.9,3.5
2025-10-13T06:09:00+00:00,934.9,93.56,351.8,13.77,392.7,20.0,563.6,0.0539,0.66,332.9,107.9,4.3
2025-10-13T06:10:00+00:00,1969.2,94.94,356.0,13.86,414.3,22.4,576.1,0.0560,0.61,332.9,107.9,2.6
2025-10-13T06:11:00+00:00,1894.8,93.72,345.4,13.77,393.3,21.4,575.3,0.0562,0.66,332.9,107.9,6.4
2025-10-13T06:12:00+00:00,2279.0,96.01,336.7,13.90,416.1,16.5,604.2,0.0587,0.69,332.9,107.9,3.9
2025-10-13T06:13:00+00:00,1937.7,95.62,344.6,13.92,409.8,22.1,554.6,0.0589,0.64,332.9,107.9,3.4
2025-10-13T06:14:00+00:00,1951.9,95.60,341.1,13.75,414.8,20.9,571.4,0.0557,0.58,332.9,107.9,3.7
2025-10-13T06:15:00+00:00,2178.7,94.60,363.3,13.89,420.2,20.4,686.7,0.0609,0.61,332.9,107.9,4.0
2025-10-13T06:16:00+00:00,1879.9,94.19,342.1,13.82,399.3,19.1,613.2,0.0618,0.60,332.9,107.9,4.3
2025-10-13T06:17:00+00:00,2189.7,96.33,346.9,13.78,437.1,19.5,635.4,0.0656,0.64,332.9,107.9,5.0
2025-10-13T06:18:00+00:00,1983.7,94.99,356.5,13.73,385.8,21.1,677.8,0.0561,0.59,332.9,107.9,5.9
2025-10-13T06:19:00+00:00,2096.6,95.64,335.8,14.22,437.7,20.3,610.4,0.0577,0.59,332.9,107.9,4.2
2025-10-13T06:20:00+00:00,2083.3,92.52,354.3,13.53,413.3,21.6,580.1,0.0568,0.62,332.9,107.9,3.7
2025-10-13T06:21:00+00:00,1947.1,95.37,355.8,13.77,406.0,19.5,624.9,0.0629,0.63,332.9,107.9,4.1
2025-10-13T06:22:00+00:00,1978.2,96.49,341.1,13.84,413.4,23.2,559.0,0.0589,0.65,332.9,107.9,3.8
2025-10-13T06:23:00+00:00,1875.2,94.80,349.3,13.80,402.9,21.5,570.0,0.0561,0.66,332.9,107.9,6.1
2025-10-13T06:24:00+00:00,2082.5,96.81,361.1,13.81,435.3,19.5,682.3,0.0567,0.61,332.9,107.9,4.5
2025-10-13T06:25:00+00:00,1884.0,95.68,367.1,13.93,418.4,21.0,583.8,0.0583,0.56,332.9,107.9,5.3
2025-10-13T06:26:00+00:00,2057.2,95.32,362.1,13.71,428.7,19.7,641.4,0.0568,0.63,332.9,107.9,5.2
2025-10-13T06:27:00+00:00,1762.5,95.15,352.0,13.95,401.7,18.7,591.9,0.0560,0.70,332.9,107.9,5.2
2025-10-13T06:28:00+00:00,2066.4,95.11,334.0,13.64,415.2,17.9,625.5,0.0563,0.58,332.9,107.9,4.0
2025-10-13T06:29:00+00:00,1916.7,93.03,356.4,13.87,444.8,21.0,639.7,0.0568,0.71,332.9,107.9,4.5
2025-10-13T06:30:00+00:00,1850.6,96.89,336.6,13.77,414.2,22.2,588.9,0.0609,0.64,332.9,107.9,5.5
2025-10-13T06:31:00+00:00,2165.0,93.74,345.3,13.72,431.9,18.7,561.9,0.0582,0.72,332.9,107.9,3.6
2025-10-13T06:32:00+00:00,1998.2,95.08,342.1,13.81,436.2,19.4,573.0,0.0576,0.60,332.9,107.9,4.7
2025-10-13T06:33:00+00:00,1945.3,94.02,343.5,13.94,415.5,19.1,600.9,0.0606,0.57,332.9,107.9,4.7
2025-10-13T06:34:00+00:00,1777.0,94.89,367.0,13.51,428.3,19.5,626.0,0.0638,0.53,332.9,107.9,4.3
2025-10-13T06:35:00+00:00,1939.8,95.06,355.6,13.59,406.6,19.1,616.2,0.0556,0.56,332.9,107.9,3.8
2025-10-13T06:36:00+00:00,2055.2,94.87,345.2,13.97,440.1,21.7,609.2,0.0600,0.67,332.9,107.9,5.3
2025-10-13T06:37:00+00:00,1888.9,93.45,348.5,13.77,414.0,21.7,636.9,0.0558,0.61,332.9,107.9,1.9
2025-10-13T06:38:00+00:00,1968.4,95.31,348.5,13.54,412.2,20.7,630.8,0.0566,0.66,332.9,107.9,4.9
2025-10-13T06:39:00+00:00,1886.2,95.49,360.5,13.70,402.8,21.6,539.9,0.0561,0.66,332.9,107.9,4.4
2025-10-13T06:40:00+00:00,2057.5,97.01,341.9,13.90,414.3,21.3,593.1,0.0653,0.57,332.9,107.9,4.5
2025-10-13T06:41:00+00:00,2173.9,93.80,364.9,13.69,421.9,19.4,633.4,0.0596,0.66,332.9,107.9,3.9
2025-10-13T06:42:00+00:00,2088.9,93.96,344.7,13.69,418.7,21.3,618.3,0.0607,0.55,332.9,107.9,4.7
2025-10-13T06:43:00+00:00,2159.4,94.93,353.9,13.83,404.7,19.7,619.7,0.0571,0.59,332.9,107.9,4.6
2025-10-13T06:44:00+00:00,2187.0,96.82,361.2,13.89,430.3,20.5,616.6,0.0751,0.66,332.9,107.9,4.0
2025-10-13T06:45:00+00:00,1753.2,93.89,352.8,13.64,419.4,19.9,596.1,0.0555,0.67,332.9,107.9,5.1
2025-10-13T06:46:00+00:00,2177.8,96.16,356.2,13.66,416.8,22.1,537.0,0.0577,0.66,332.9,107.9,5.5
2025-10-13T06:47:00+00:00,2000.4,95.94,349.8,13.66,437.1,19.8,638.4,0.0562,0.60,332.9,107.9,2.6
2025-10-13T06:48:00+00:00,2078.7,95.45,332.1,13.94,405.7,20.6,564.0,0.0632,0.64,332.9,107.9,5.1
2025-10-13T06:49:00+00:00,1986.8,92.60,350.7,13.92,408.5,21.7,630.9,0.0668,0.63,332.9,107.9,5.4
2025-10-13T06:50:00+00:00,1840.9,95.20,329.1,14.05,424.4,19.2,676.7,0.0627,0.63,332.9,107.9,4.2
2025-10-13T06:51:00+00:00,2458.0,95.39,336.1,13.75,418.7,19.5,614.2,0.0590,0.61,332.9,107.9,4.2
2025-10-13T06:52:00+00:00,2512.7,97.35,346.6,14.01,418.5,20.4,617.9,0.0587,0.58,332.9,107.9,3.7
2025-10-13T06:53:00+00:00,2496.4,96.02,341.6,13.64,425.8,18.7,619.2,0.0627,0.57,332.9,107.9,1.8
2025-10-13T06:54:00+00:00,2082.1,96.26,349.3,13.65,414.9,18.0,531.8,0.0573,0.67,332.9,107.9,3.5
2025-10-13T06:55:00+00:00,2206.1,94.83,346.5,13.71,427.5,21.6,621.5,0.0632,0.61,332.9,107.9,4.9
2025-10-13T06:56:00+00:00,2094.2,94.42,328.3,13.75,413.6,19.5,690.8,0.0574,0.67,332.9,107.9,5.2
2025-10-13T06:57:00+00:00,2067.4,94.16,350.5,13.72,408.5,20.9,604.2,0.0709,0.81,332.9,107.9,5.6
2025-10-13T06:58:00+00:00,2170.8,96.61,335.0,13.77,407.7,20.1,627.7,0.0570,0.58,332.9,107.9,3.5
2025-10-13T06:59:00+00:00,2444.1,95.74,334.9,13.89,437.7,18.3,675.4,0.0590,0.65,332.9,107.9,4.3
2025-10-13T07:00:00+00:00,2034.2,97.27,345.7,13.78,439.3,21.2,636.5,0.0647,0.57,332.9,107.9,4.8
2025-10-13T07:01:00+00:00,2091.3,94.06,343.3,13.73,435.5,21.1,585.3,0.0634,0.68,332.9,107.9,4.0
2025-10-13T07:02:00+00:00,2094.4,94.07,346.1,13.84,424.0,20.2,607.5,0.0589,0.68,332.9,107.9,4.6
2025-10-13T07:03:00+00:00,2499.2,96.20,342.5,14.05,398.3,18.1,644.6,0.0681,0.69,332.9,107.9,4.8
2025-10-13T07:04:00+00:00,1925.8,93.91,371.9,13.87,412.4,18.8,631.7,0.0557,0.59,332.9,107.9,3.8
2025-10-13T07:05:00+00:00,1924.3,95.02,356.0,13.78,427.3,20.3,581.4,0.0619,0.67,332.9,107.9,3.4
2025-10-13T07:06:00+00:00,1749.3,94.56,355.4,13.90,417.0,18.5,612.2,0.0595,0.66,332.9,107.9,4.5
2025-10-13T07:07:00+00:00,1962.2,90.57,345.0,13.75,417.8,22.6,615.4,0.0572,0.65,332.9,107.9,5.6
2025-10-13T07:08:00+00:00,2038.1,97.04,352.4,13.78,412.3,22.0,680.2,0.0610,0.63,332.9,107.9,4.2
2025-10-13T07:09:00+00:00,2058.7,96.69,340.4,13.43,418.0,21.4,557.1,0.0591,0.75,332.9,107.9,4.4
2025-10-13T07:10:00+00:00,2250.6,97.02,340.9,13.58,419.5,19.4,578.0,0.0628,0.54,332.9,107.9,4.4
2025-10-13T07:11:00+00:00,2112.9,95.60,340.0,13.68,404.5,21.4,627.5,0.0575,0.66,332.9,107.9,4.9
2025-10-13T07:12:00+00:00,2411.3,96.40,352.0,13.70,444.1,20.7,596.4,0.0606,0.62,332.9,107.9,2.3
2025-10-13T07:13:00+00:00,2022.0,93.10,355.0,13.85,427.6,20.9,581.2,0.0565,0.61,332.9,107.9,5.2
2025-10-13T07:14:00+00:00,2333.7,96.51,337.2,13.75,422.5,21.5,615.7,0.0590,0.69,332.9,107.9,5.3
2025-10-13T07:15:00+00:00,1991.4,94.06,351.5,13.65,392.9,22.3,557.6,0.0639,0.65,332.9,107.9,4.7
2025-10-13T07:16:00+00:00,1998.9,93.57,350.5,13.86,435.4,18.6,560.6,0.0592,0.61,332.9,107.9,4.7
2025-10-13T07:17:00+00:00,2189.5,94.12,349.3,13.84,416.8,20.0,545.3,0.0585,0.65,332.9,107.9,6.2
2025-10-13T07:18:00+00:00,1855.2,93.34,342.2,13.87,397.2,18.0,544.8,0.0561,0.59,332.9,107.9,3.8
2025-10-13T07:19:00+00:00,1737.5,95.42,357.3,13.67,432.5,22.1,591.1,0.0560,0.62,332.9,107.9,4.8
2025-10-13T07:20:00+00:00,1945.3,97.80,343.1,13.78,405.4,20.3,587.5,0.0598,0.65,332.9,107.9,3.2
2025-10-13T07:21:00+00:00,2093.0,97.49,354.4,14.25,415.3,21.8,626.6,0.0565,0.57,332.9,107.9,5.3
2025-10-13T07:22:00+00:00,2009.5,94.19,347.8,13.63,425.5,20.0,628.4,0.0583,0.67,332.9,107.9,6.6
2025-10-13T07:23:00+00:00,1851.0,96.26,345.7,13.66,416.9,20.7,585.3,0.0571,0.69,332.9,107.9,4.3
2025-10-13T07:24:00+00:00,2131.8,96.91,352.8,13.96,416.0,23.2,664.6,0.0579,0.60,332.9,107.9,4.1
2025-10-13T07:25:00+00:00,2063.4,96.97,336.9,13.66,415.3,20.9,567.0,0.0563,0.58,332.9,107.9,5.5
2025-10-13T07:26:00+00:00,2149.4,95.98,350.0,13.60,433.3,19.0,585.7,0.0580,0.69,332.9,107.9,4.3
2025-10-13T07:27:00+00:00,1896.4,92.58,352.3,14.11,424.0,21.8,636.4,0.0590,0.58,332.9,107.9,3.1
2025-10-13T07:28:00+00:00,1947.3,96.33,355.0,13.72,411.2,21.4,610.0,0.0622,0.60,332.9,107.9,4.7
2025-10-13T07:29:00+00:00,1840.5,96.19,360.6,13.80,423.3,20.8,571.7,0.0551,0.58,332.9,107.9,5.6
2025-10-13T07:30:00+00:00,1957.6,94.28,348.9,13.62,405.6,21.6,610.8,0.0589,0.55,332.9,107.9,3.0
2025-10-13T07:31:00+00:00,2163.7,95.71,356.6,13.81,431.1,22.4,632.0,0.0626,0.64,332.9,107.9,7.0
2025-10-13T07:32:00+00:00,1948.2,94.88,357.2,13.91,412.6,21.3,636.6,0.0648,0.65,332.9,107.9,5.6
2025-10-13T07:33:00+00:00,1918.2,95.10,351.4,13.65,415.4,21.6,574.1,0.0566,0.68,332.9,107.9,5.5
2025-10-13T07:34:00+00:00,2032.4,93.64,351.9,13.42,431.6,22.2,611.3,0.0591,0.64,332.9,107.9,4.4
2025-10-13T07:35:00+00:00,1952.6,96.49,366.7,13.86,418.4,21.9,578.6,0.0558,0.59,332.9,107.9,3.6
2025-10-13T07:36:00+00:00,2057.4,95.13,352.0,13.47,429.3,20.4,618.5,0.0586,0.63,332.9,107.9,4.2
2025-10-13T07:37:00+00:00,1990.1,95.46,357.5,13.75,413.6,23.1,565.2,0.0557,0.56,332.9,107.9,5.1
2025-10-13T07:38:00+00:00,1938.6,95.64,350.2,13.72,414.6,21.2,524.3,0.0558,0.60,332.9,107.9,5.7
2025-10-13T07:39:00+00:00,1896.6,94.99,343.1,13.69,404.4,18.7,654.3,0.0565,0.67,332.9,107.9,4.8
2025-10-13T07:40:00+00:00,1956.5,97.42,354.7,14.02,414.0,20.5,579.4,0.0572,0.68,332.9,107.9,5.8
2025-10-13T07:41:00+00:00,2012.9,96.67,365.1,13.74,413.6,21.3,592.8,0.0563,0.61,332.9,107.9,4.5
2025-10-13T07:42:00+00:00,2201.1,99.74,344.8,13.69,442.5,20.8,664.3,0.0585,0.73,332.9,107.9,6.4
2025-10-13T07:43:00+00:00,1870.4,95.74,341.8,13.89,391.3,23.7,571.8,0.0552,0.56,332.9,107.9,5.1
2025-10-13T07:44:00+00:00,1796.5,94.86,352.9,13.90,396.4,20.1,535.5,0.0563,0.73,332.9,107.9,4.2
2025-10-13T07:45:00+00:00,2072.6,94.92,342.1,13.70,412.0,20.1,619.7,0.0582,0.67,332.9,107.9,6.8
2025-10-13T07:46:00+00:00,1997.8,95.74,355.3,13.91,411.5,22.8,607.9,0.0572,0.69,332.9,107.9,3.5
2025-10-13T07:47:00+00:00,1802.1,95.07,350.0,13.63,418.0,21.8,563.0,0.0552,0.60,332.9,107.9,6.9
2025-10-13T07:48:00+00:00,1994.3,94.33,354.6,13.76,430.9,18.9,595.4,0.0592,0.56,332.9,107.9,3.4
2025-10-13T07:49:00+00:00,2206.9,95.43,343.9,13.75,431.1,23.1,616.3,0.0597,0.58,332.9,107.9,4.3
2025-10-13T07:50:00+00:00,1986.9,99.68,351.5,13.66,416.3,20.1,588.6,0.0558,0.56,332.9,107.9,4.1
2025-10-13T07:51:00+00:00,1898.9,96.51,345.5,13.52,388.5,21.7,603.9,0.0625,0.67,332.9,107.9,5.2
2025-10-13T07:52:00+00:00,2160.1,94.74,351.3,13.56,387.6,20.1,663.9,0.0570,0.59,332.9,107.9,5.8
2025-10-13T07:53:00+00:00,2123.2,96.72,350.1,13.54,397.9,20.7,604.3,0.0575,0.67,332.9,107.9,5.1
2025-10-13T07:54:00+00:00,2005.2,94.11,363.5,13.77,412.5,16.8,627.5,0.0574,0.71,332.9,107.9,4.3
2025-10-13T07:55:00+00:00,973.4,92.98,359.5,13.81,389.9,20.2,572.9,0.0535,0.58,332.9,107.9,4.2
2025-10-13T07:56:00+00:00,1042.3,90.32,355.3,14.06,377.0,18.6,544.2,0.0516,0.65,332.9,107.9,3.8
2025-10-13T07:57:00+00:00,1035.1,89.17,357.5,13.86,385.3,19.7,613.5,0.0549,0.66,332.9,107.9,4.1
2025-10-13T07:58:00+00:00,997.1,92.32,352.1,13.84,379.2,21.8,591.9,0.0595,0.63,332.9,107.9,5.9
2025-10-13T07:59:00+00:00,980.6,92.72,361.4,13.98,372.7,21.1,632.1,0.0651,0.57,332.9,107.9,4.1
2025-10-13T08:00:00+00:00,963.0,91.53,359.3,13.74,381.9,22.2,529.2,0.0513,0.67,332.9,107.9,5.3
2025-10-13T08:01:00+00:00,1000.2,90.38,354.8,13.88,388.9,21.0,528.4,0.0514,0.67,332.9,107.9,4.7
2025-10-13T08:02:00+00:00,862.1,93.39,352.8,13.93,386.9,20.8,598.4,0.0564,0.64,332.9,107.9,6.2
2025-10-13T08:03:00+00:00,1082.8,90.63,353.1,13.99,402.1,21.4,473.7,0.0528,0.63,332.9,107.9,5.4
2025-10-13T14:00:00+00:00,914.7,91.55,354.7,13.76,362.8,19.5,568.1,0.0507,0.59,332.9,107.9,4.6
2025-10-13T14:01:00+00:00,1087.7,90.80,345.0,13.97,403.1,20.9,610.6,0.0515,0.60,332.9,107.9,3.5
2025-10-13T14:02:00+00:00,848.5,91.26,350.8,13.83,367.2,20.7,566.0,0.0505,0.65,332.9,107.9,3.2
2025-10-13T14:03:00+00:00,1014.1,92.24,350.3,14.01,370.1,21.6,594.9,0.0516,0.68,332.9,107.9,4.7
2025-10-13T14:04:00+00:00,1007.4,94.27,352.1,13.52,397.9,20.3,564.9,0.0511,0.61,332.9,107.9,3.6
2025-10-13T14:05:00+00:00,1063.1,93.69,356.2,13.55,384.5,18.6,574.1,0.0526,0.73,332.9,107.9,2.2
2025-10-13T14:06:00+00:00,909.4,93.26,336.9,13.64,362.9,19.9,550.8,0.0549,0.57,332.9,107.9,5.3
2025-10-13T14:07:00+00:00,929.8,93.36,353.6,13.69,372.8,19.0,586.8,0.0510,0.65,332.9,107.9,3.7
2025-10-13T14:08:00+00:00,1097.9,91.31,360.0,13.82,377.9,19.7,597.8,0.0516,0.63,332.9,107.9,2.5
2025-10-13T14:09:00+00:00,1030.2,92.53,353.6,13.97,391.6,20.0,593.5,0.0511,0.62,332.9,107.9,6.0
2025-10-13T14:10:00+00:00,1851.6,94.73,355.4,14.01,403.0,22.7,561.7,0.0644,0.60,332.9,107.9,4.5
2025-10-13T14:11:00+00:00,1870.2,95.46,338.7,13.81,387.9,22.8,532.2,0.0555,0.59,332.9,107.9,4.9
2025-10-13T14:12:00+00:00,2053.2,96.95,352.5,13.84,425.0,20.0,632.7,0.0656,0.63,332.9,107.9,5.6
2025-10-13T14:13:00+00:00,1981.6,96.99,344.4,13.88,411.5,20.6,570.6,0.0592,0.58,332.9,107.9,4.3
2025-10-13T14:14:00+00:00,2025.2,96.02,340.4,13.61,380.6,18.2,634.7,0.0640,0.57,332.9,107.9,4.9
2025-10-13T14:15:00+00:00,2090.6,96.46,352.5,13.68,427.5,21.6,580.2,0.0612,0.69,332.9,107.9,4.0
2025-10-13T14:16:00+00:00,2057.2,95.21,357.2,13.77,438.3,22.9,681.2,0.0652,0.57,332.9,107.9,5.8
2025-10-13T14:17:00+00:00,2045.8,94.61,355.4,13.49,413.4,19.1,589.0,0.0569,0.64,332.9,107.9,4.5
2025-10-13T14:18:00+00:00,2205.2,94.97,331.0,13.91,404.3,19.1,588.9,0.0577,0.64,332.9,107.9,4.2
2025-10-13T14:19:00+00:00,1902.5,96.41,364.4,13.97,413.6,20.9,601.6,0.0571,0.68,332.9,107.9,5.6
2025-10-13T14:20:00+00:00,2041.1,96.64,355.4,13.64,418.6,17.6,690.1,0.0628,0.61,332.9,107.9,4.0
2025-10-13T14:21:00+00:00,2128.8,96.22,337.1,14.04,430.7,22.0,616.5,0.0577,0.68,332.9,107.9,2.9
2025-10-13T14:22:00+00:00,2126.9,97.10,353.8,13.91,418.5,22.6,596.8,0.0598,0.70,332.9,107.9,4.7
2025-10-13T14:23:00+00:00,1986.6,93.45,356.7,13.96,409.9,20.8,614.5,0.0570,0.69,332.9,107.9,4.0
2025-10-13T14:24:00+00:00,2116.3,95.79,344.5,13.60,398.9,21.1,601.5,0.0571,0.65,332.9,107.9,4.3
2025-10-13T14:25:00+00:00,2107.6,94.78,345.7,13.63,405.2,21.1,614.6,0.0605,0.64,332.9,107.9,4.9
2025-10-13T14:26:00+00:00,1987.7,97.99,350.9,13.83,407.7,22.8,638.6,0.0566,0.63,332.9,107.9,5.3
2025-10-13T14:27:00+00:00,2092.7,95.65,364.3,13.70,417.0,19.8,604.8,0.0573,0.67,332.9,107.9,3.1
2025-10-13T14:28:00+00:00,2016.7,97.85,356.0,14.05,427.4,21.0,609.4,0.0616,0.68,332.9,107.9,4.6
2025-10-13T14:29:00+00:00,2078.2,94.33,369.8,13.76,412.8,23.5,564.1,0.0600,0.62,332.9,107.9,4.8
2025-10-13T14:30:00+00:00,2174.0,96.80,351.4,14.09,424.4,19.2,639.5,0.0577,0.66,332.9,107.9,4.8
2025-10-13T14:31:00+00:00,2008.6,95.41,341.5,13.90,417.5,17.9,616.7,0.0549,0.46,332.9,107.9,6.2
2025-10-13T14:32:00+00:00,1915.2,97.95,332.9,13.96,398.1,21.0,561.2,0.0660,0.59,332.9,107.9,3.5
2025-10-13T14:33:00+00:00,2054.4,94.27,347.3,13.80,403.9,19.1,618.1,0.0602,0.64,332.9,107.9,5.9
2025-10-13T14:34:00+00:00,2093.9,95.61,349.4,13.84,422.3,21.5,667.8,0.0560,0.53,332.9,107.9,3.9
2025-10-13T14:35:00+00:00,1918.4,96.26,346.6,13.57,426.2,23.0,588.9,0.0563,0.65,332.9,107.9,6.1
2025-10-13T14:36:00+00:00,2225.6,96.84,329.3,13.72,427.5,23.2,596.3,0.0581,0.67,332.9,107.9,6.7
2025-10-13T14:37:00+00:00,2008.7,96.40,353.9,13.74,420.1,19.6,563.5,0.0568,0.66,332.9,107.9,3.8
2025-10-13T14:38:00+00:00,2099.5,94.78,334.7,13.94,399.5,23.0,591.5,0.0583,0.61,332.9,107.9,5.4
2025-10-13T14:39:00+00:00,1961.1,91.81,352.4,13.64,385.1,20.2,594.2,0.0567,0.67,332.9,107.9,3.8
2025-10-13T14:40:00+00:00,1974.5,96.73,342.8,13.75,388.0,21.6,633.8,0.0563,0.63,332.9,107.9,4.4
2025-10-13T14:41:00+00:00,1855.0,95.45,353.9,13.44,439.5,17.4,531.7,0.0581,0.73,332.9,107.9,3.2
2025-10-13T14:42:00+00:00,2165.4,94.49,342.8,13.69,409.6,19.5,648.2,0.0669,0.59,332.9,107.9,5.6
2025-10-13T14:43:00+00:00,1912.5,92.93,362.5,13.77,395.1,23.0,585.7,0.0617,0.71,332.9,107.9,2.9
2025-10-13T14:44:00+00:00,1912.7,96.25,340.4,13.73,407.5,19.3,611.3,0.0566,0.69,332.9,107.9,4.7
2025-10-13T14:45:00+00:00,1910.2,96.66,350.5,14.05,418.3,20.0,583.6,0.0561,0.64,332.9,107.9,3.5
2025-10-13T14:46:00+00:00,1999.4,92.86,353.5,13.65,420.3,19.9,581.2,0.0569,0.67,332.9,107.9,3.1
2025-10-13T14:47:00+00:00,2007.9,95.09,363.8,13.69,402.7,20.4,585.7,0.0570,0.67,332.9,107.9,5.2
2025-10-13T14:48:00+00:00,1951.4,95.69,352.4,13.74,400.1,22.5,583.1,0.0597,0.68,332.9,107.9,4.5
2025-10-13T14:49:00+00:00,1764.7,93.98,353.0,13.79,429.0,22.4,598.9,0.0586,0.63,332.9,107.9,2.6
2025-10-13T14:50:00+00:00,1996.7,93.66,346.8,13.85,407.1,18.3,624.3,0.0722,0.61,332.9,107.9,4.6
2025-10-13T14:51:00+00:00,2496.1,94.99,336.0,13.73,433.6,18.6,592.9,0.0682,0.59,332.9,107.9,5.1
2025-10-13T14:52:00+00:00,2072.2,95.06,353.1,13.94,420.0,17.1,609.4,0.0562,0.53,332.9,107.9,3.5
2025-10-13T14:53:00+00:00,2068.3,96.60,356.8,13.62,406.5,20.9,591.0,0.0567,0.60,332.9,107.9,4.7
2025-10-13T14:54:00+00:00,2398.1,96.89,343.5,13.69,400.4,21.4,624.7,0.0660,0.60,332.9,107.9,4.7
2025-10-13T14:55:00+00:00,1999.8,96.77,336.0,13.68,405.9,22.4,610.2,0.0561,0.58,332.9,107.9,3.5
2025-10-13T14:56:00+00:00,2560.7,95.76,344.6,13.64,445.1,20.5,617.3,0.0598,0.66,332.9,107.9,4.0
2025-10-13T14:57:00+00:00,2435.4,93.11,350.3,13.66,428.3,21.4,636.5,0.0585,0.60,332.9,107.9,4.8
2025-10-13T14:58:00+00:00,2412.1,96.19,351.2,13.95,443.5,19.7,648.6,0.0664,0.73,332.9,107.9,4.7
2025-10-13T14:59:00+00:00,2037.6,96.64,351.1,13.91,403.4,21.7,598.0,0.0592,0.69,332.9,107.9,4.8
2025-10-13T15:00:00+00:00,2022.8,91.10,351.7,13.74,422.6,18.3,636.3,0.0569,0.65,332.9,107.9,4.4
2025-10-13T15:01:00+00:00,1873.3,94.65,342.1,13.92,419.0,20.2,568.9,0.0564,0.69,332.9,107.9,4.6
2025-10-13T15:02:00+00:00,2178.3,96.37,349.4,13.72,400.9,20.5,610.5,0.0664,0.67,332.9,107.9,2.5
2025-10-13T15:03:00+00:00,2425.7,95.70,328.1,13.78,429.3,19.0,582.9,0.0589,0.65,332.9,107.9,3.5
2025-10-13T15:04:00+00:00,2058.6,96.41,353.5,13.95,408.4,19.2,588.5,0.0573,0.67,332.9,107.9,3.7
2025-10-13T15:05:00+00:00,2091.2,97.73,350.2,13.81,421.7,21.1,607.1,0.0571,0.64,332.9,107.9,6.5
2025-10-13T15:06:00+00:00,2512.1,97.50,348.1,13.99,416.9,19.9,647.1,0.0601,0.70,332.9,107.9,5.5
2025-10-13T15:07:00+00:00,2513.3,97.78,344.8,13.76,437.6,19.9,608.3,0.0650,0.63,332.9,107.9,4.7
2025-10-13T15:08:00+00:00,2059.6,94.88,351.6,13.87,425.2,20.7,585.0,0.0571,0.66,332.9,107.9,5.7
2025-10-13T15:09:00+00:00,2374.4,92.47,347.4,13.56,427.8,19.8,628.8,0.0588,0.66,332.9,107.9,4.4
2025-10-13T15:10:00+00:00,2001.2,94.11,353.6,13.72,398.8,20.5,556.8,0.0564,0.62,332.9,107.9,5.0
2025-10-13T15:11:00+00:00,1731.0,93.25,349.1,13.90,419.8,24.8,578.3,0.0608,0.61,332.9,107.9,5.7
2025-10-13T15:12:00+00:00,1961.3,96.57,348.5,13.77,430.2,19.2,632.4,0.0583,0.67,332.9,107.9,4.6
2025-10-13T15:13:00+00:00,1958.3,94.05,352.1,13.72,427.7,21.2,598.1,0.0558,0.59,332.9,107.9,5.4
2025-10-13T15:14:00+00:00,1885.0,94.28,342.6,13.61,393.9,21.3,607.3,0.0557,0.61,332.9,107.9,3.9
2025-10-13T15:15:00+00:00,1931.8,95.65,351.3,13.80,417.0,17.3,576.2,0.0603,0.67,332.9,107.9,4.6
2025-10-13T15:16:00+00:00,1992.8,94.01,350.3,13.64,408.0,20.9,631.0,0.0612,0.62,332.9,107.9,2.6
2025-10-13T15:17:00+00:00,1980.7,97.02,366.1,14.03,417.8,22.5,580.6,0.0571,0.59,332.9,107.9,3.2
2025-10-13T15:18:00+00:00,1945.3,98.21,343.7,13.57,422.2,18.4,621.6,0.0597,0.69,332.9,107.9,5.5
2025-10-13T15:19:00+00:00,2136.3,96.13,340.9,13.84,431.8,24.9,569.8,0.0570,0.61,332.9,107.9,2.7
2025-10-13T15:20:00+00:00,2020.9,94.39,352.8,13.71,439.5,23.6,613.2,0.0604,0.74,332.9,107.9,4.7
2025-10-13T15:21:00+00:00,2053.7,96.08,357.2,13.64,418.2,19.1,610.6,0.0569,0.65,332.9,107.9,4.9
2025-10-13T15:22:00+00:00,1996.6,98.04,350.6,13.90,430.5,19.2,591.7,0.0580,0.64,332.9,107.9,4.8
2025-10-13T15:23:00+00:00,2150.2,93.46,360.3,13.95,423.2,21.0,617.3,0.0621,0.57,332.9,107.9,5.3
2025-10-13T15:24:00+00:00,2176.5,96.17,361.0,13.96,410.7,17.3,601.0,0.0627,0.65,332.9,107.9,3.8
2025-10-13T15:25:00+00:00,2156.1,97.62,345.1,13.58,443.6,20.7,583.5,0.0584,0.66,332.9,107.9,4.1
2025-10-13T15:26:00+00:00,2166.2,96.22,348.7,13.92,431.3,21.9,674.3,0.0611,0.59,332.9,107.9,6.6
2025-10-13T15:27:00+00:00,2057.1,92.70,346.6,13.90,402.7,20.8,586.0,0.0586,0.65,332.9,107.9,3.6
2025-10-13T15:28:00+00:00,1957.2,95.98,352.3,13.61,422.8,18.6,583.7,0.0564,0.63,332.9,107.9,5.5
2025-10-13T15:29:00+00:00,2076.1,95.22,347.0,13.75,431.3,19.7,575.6,0.0572,0.65,332.9,107.9,4.1
2025-10-13T15:30:00+00:00,2123.0,93.93,352.4,13.68,425.8,21.5,624.8,0.0653,0.59,332.9,107.9,3.2
2025-10-13T15:31:00+00:00,2043.7,97.69,342.9,13.80,390.0,23.2,627.0,0.0624,0.63,332.9,107.9,4.5
2025-10-13T15:32:00+00:00,2023.7,94.95,355.7,13.53,398.5,24.2,597.8,0.0572,0.68,332.9,107.9,6.0
2025-10-13T15:33:00+00:00,2073.1,96.79,350.7,14.02,433.6,20.1,619.4,0.0571,0.65,332.9,107.9,4.8
2025-10-13T15:34:00+00:00,1995.4,93.28,346.8,14.09,417.0,22.4,592.7,0.0567,0.66,332.9,107.9,4.8
2025-10-13T15:35:00+00:00,1908.8,94.64,349.7,13.81,398.0,22.8,586.0,0.0584,0.64,332.9,107.9,3.4
2025-10-13T15:36:00+00:00,2067.7,96.46,354.5,13.88,427.9,21.7,648.5,0.0622,0.80,332.9,107.9,2.7
2025-10-13T15:37:00+00:00,1913.5,95.06,351.0,13.76,418.3,20.7,605.4,0.0555,0.59,332.9,107.9,5.3
2025-10-13T15:38:00+00:00,2001.7,93.83,348.0,14.09,403.5,19.1,570.7,0.0573,0.66,332.9,107.9,4.4
2025-10-13T15:39:00+00:00,1667.3,96.76,347.0,13.91,412.5,21.4,530.4,0.0656,0.66,332.9,107.9,4.0
2025-10-13T15:40:00+00:00,2042.3,94.08,364.8,13.87,426.0,22.8,608.0,0.0635,0.61,332.9,107.9,2.7
2025-10-13T15:41:00+00:00,1890.6,93.62,346.5,13.83,418.7,18.3,575.7,0.0633,0.56,332.9,107.9,4.0
2025-10-13T15:42:00+00:00,2014.6,94.72,358.8,13.97,419.3,18.4,594.8,0.0567,0.63,332.9,107.9,4.4
2025-10-13T15:43:00+00:00,2120.9,96.92,353.2,13.98,428.1,25.1,599.4,0.0586,0.66,332.9,107.9,3.3
2025-10-13T15:44:00+00:00,1834.7,93.78,347.6,13.69,435.0,21.6,602.6,0.0546,0.47,332.9,107.9,5.0
2025-10-13T15:45:00+00:00,1853.4,94.40,346.5,13.73,410.5,20.0,534.2,0.0587,0.61,332.9,107.9,3.9
2025-10-13T15:46:00+00:00,1788.7,94.28,360.7,13.97,393.7,18.5,538.7,0.0635,0.62,332.9,107.9,3.4
2025-10-13T15:47:00+00:00,2163.7,94.18,349.5,14.02,421.6,19.3,557.2,0.0575,0.65,332.9,107.9,4.7
2025-10-13T15:48:00+00:00,2146.9,96.60,348.2,13.63,429.9,22.3,660.6,0.0598,0.61,332.9,107.9,6.7
2025-10-13T15:49:00+00:00,2091.0,96.93,346.4,13.63,419.8,22.8,614.6,0.0635,0.57,332.9,107.9,2.8
2025-10-13T15:50:00+00:00,2032.8,96.10,344.0,13.90,412.5,20.1,539.2,0.0662,0.77,332.9,107.9,4.6
2025-10-13T15:51:00+00:00,1793.1,95.75,348.4,13.91,405.1,21.4,616.9,0.0561,0.60,332.9,107.9,5.2
2025-10-13T15:52:00+00:00,2123.4,94.86,349.3,13.64,427.1,20.2,611.0,0.0575,0.66,332.9,107.9,6.1
2025-10-13T15:53:00+00:00,2155.8,95.69,359.2,13.55,420.9,22.3,586.4,0.0579,0.69,332.9,107.9,5.6
2025-10-13T15:54:00+00:00,1954.5,95.02,344.0,13.84,418.5,18.4,600.4,0.0564,0.66,332.9,107.9,3.6
2025-10-13T15:55:00+00:00,896.2,89.62,370.8,13.77,349.1,20.5,559.2,0.0506,0.63,332.9,107.9,2.0
2025-10-13T15:56:00+00:00,999.6,89.41,355.5,13.78,385.5,21.9,540.1,0.0558,0.65,332.9,107.9,6.2
2025-10-13T15:57:00+00:00,1073.3,92.28,366.3,13.87,387.1,23.6,550.5,0.0522,0.71,332.9,107.9,4.9
2025-10-13T15:58:00+00:00,1048.3,92.88,346.7,13.62,364.1,20.6,574.2,0.0536,0.65,332.9,107.9,2.8
2025-10-13T15:59:00+00:00,1112.4,90.40,351.3,13.61,386.0,19.5,556.9,0.0524,0.68,332.9,107.9,3.2
2025-10-13T16:00:00+00:00,922.0,93.56,351.5,14.05,380.3,19.2,544.3,0.0522,0.70,332.9,107.9,5.1
2025-10-13T16:01:00+00:00,1088.3,93.06,349.4,13.59,380.6,21.3,568.6,0.0527,0.67,332.9,107.9,3.4
2025-10-13T16:02:00+00:00,1045.0,95.89,373.9,13.64,378.9,21.9,568.3,0.0549,0.66,332.9,107.9,4.3
2025-10-13T16:03:00+00:00,946.9,90.64,367.8,13.99,407.5,23.9,571.4,0.0511,0.67,332.9,107.9,5.8
2025-10-14T06:00:00+00:00,1087.6,94.35,360.0,13.86,394.4,20.8,616.3,0.0535,0.52,272.2,137.2,4.7
2025-10-14T06:01:00+00:00,1127.1,91.61,351.4,14.04,393.9,19.5,599.8,0.0544,0.59,272.2,137.2,8.1
2025-10-14T06:02:00+00:00,891.5,92.26,349.8,13.86,387.5,20.3,507.3,0.0499,0.58,272.2,137.2,7.1
2025-10-14T06:03:00+00:00,973.2,91.64,365.8,13.52,383.0,22.6,527.7,0.0508,0.58,272.2,137.2,5.7
2025-10-14T06:04:00+00:00,890.2,88.96,357.8,13.75,392.3,18.8,567.5,0.0509,0.64,272.2,137.2,5.5
2025-10-14T06:05:00+00:00,987.3,93.45,366.7,13.60,377.2,22.2,531.0,0.0566,0.54,272.2,137.2,3.0
2025-10-14T06:06:00+00:00,774.8,91.92,358.5,13.81,377.6,21.9,542.4,0.0543,0.57,272.2,137.2,8.5
2025-10-14T06:07:00+00:00,866.4,92.76,347.8,13.63,391.4,22.8,581.5,0.0511,0.69,272.2,137.2,4.6
2025-10-14T06:08:00+00:00,1053.0,92.57,355.4,13.81,418.3,21.1,598.7,0.0512,0.61,272.2,137.2,7.3
2025-10-14T06:09:00+00:00,982.9,90.05,347.9,13.90,390.2,18.0,496.9,0.0520,0.62,272.2,137.2,7.5
2025-10-14T06:10:00+00:00,1039.2,91.33,374.2,13.79,388.6,21.1,563.9,0.0545,0.58,272.2,137.2,7.0
2025-10-14T06:11:00+00:00,2025.5,94.01,348.1,13.87,421.5,22.3,626.7,0.0640,0.60,272.2,137.2,6.8
2025-10-14T06:12:00+00:00,1862.7,95.12,349.3,13.64,427.8,19.4,579.4,0.0556,0.61,272.2,137.2,4.0
2025-10-14T06:13:00+00:00,1918.7,92.10,349.8,13.83,412.3,20.2,599.8,0.0561,0.56,272.2,137.2,4.9
2025-10-14T06:14:00+00:00,2027.5,94.39,340.9,13.72,423.6,19.9,588.0,0.0584,0.60,272.2,137.2,4.7
2025-10-14T06:15:00+00:00,1937.2,91.38,359.7,13.80,423.7,21.2,622.6,0.0593,0.58,272.2,137.2,6.7
2025-10-14T06:16:00+00:00,1959.5,93.54,361.7,13.78,429.4,18.4,626.2,0.0560,0.60,272.2,137.2,5.6
2025-10-14T06:17:00+00:00,2024.7,93.01,365.0,13.89,426.0,20.8,665.1,0.0564,0.61,272.2,137.2,6.3
2025-10-14T06:18:00+00:00,1967.3,96.71,342.4,14.03,420.7,18.3,577.5,0.0580,0.56,272.2,137.2,5.4
2025-10-14T06:19:00+00:00,2067.1,92.41,355.3,13.96,395.4,20.9,620.7,0.0571,0.64,272.2,137.2,6.1
2025-10-14T06:20:00+00:00,2276.3,96.33,345.6,13.99,411.5,21.2,585.5,0.0566,0.49,272.2,137.2,4.5
2025-10-14T06:21:00+00:00,2013.0,94.94,349.6,13.73,415.7,23.6,636.9,0.0589,0.56,272.2,137.2,4.2
2025-10-14T06:22:00+00:00,1890.0,95.48,343.1,14.16,409.9,20.8,632.7,0.0553,0.57,272.2,137.2,6.2
2025-10-14T06:23:00+00:00,1912.9,93.99,356.6,13.70,415.3,21.7,609.0,0.0551,0.53,272.2,137.2,6.4
2025-10-14T06:24:00+00:00,2126.1,95.16,348.3,14.13,428.2,20.5,644.0,0.0562,0.54,272.2,137.2,7.8
2025-10-14T06:25:00+00:00,2038.3,90.79,330.6,13.86,434.0,19.8,584.4,0.0558,0.54,272.2,137.2,5.2
2025-10-14T06:26:00+00:00,2065.2,97.00,342.0,13.83,411.9,21.9,627.5,0.0568,0.63,272.2,137.2,6.0
2025-10-14T06:27:00+00:00,1800.2,93.08,350.6,13.85,411.4,21.7,607.4,0.0548,0.57,272.2,137.2,6.2
2025-10-14T06:28:00+00:00,1996.1,94.89,344.1,13.77,408.6,20.8,621.5,0.0619,0.59,272.2,137.2,6.7
2025-10-14T06:29:00+00:00,2223.3,96.39,354.0,13.59,401.5,22.7,618.6,0.0605,0.52,272.2,137.2,5.1
2025-10-14T06:30:00+00:00,1991.2,95.55,369.4,13.65,418.8,19.2,582.3,0.0558,0.56,272.2,137.2,5.8
2025-10-14T06:31:00+00:00,2047.7,96.01,347.5,13.78,427.1,22.0,652.8,0.0565,0.61,272.2,137.2,6.1
2025-10-14T06:32:00+00:00,1917.6,94.75,353.1,13.75,404.7,19.9,612.8,0.0557,0.59,272.2,137.2,6.9
2025-10-14T06:33:00+00:00,2011.2,96.30,341.8,13.84,429.8,22.4,581.3,0.0560,0.57,272.2,137.2,4.7
2025-10-14T06:34:00+00:00,1921.3,93.77,349.4,13.58,420.4,20.6,659.5,0.0624,0.62,272.2,137.2,7.5
2025-10-14T06:35:00+00:00,2121.4,95.23,358.3,13.56,422.5,22.0,591.0,0.0674,0.64,272.2,137.2,5.6
2025-10-14T06:36:00+00:00,1886.7,94.89,342.8,13.68,438.7,20.1,623.2,0.0574,0.64,272.2,137.2,7.5
2025-10-14T06:37:00+00:00,2190.0,93.58,346.8,13.73,435.5,23.9,612.6,0.0569,0.57,272.2,137.2,6.2
2025-10-14T06:38:00+00:00,1911.1,95.35,356.6,13.54,433.0,22.7,624.7,0.0557,0.59,272.2,137.2,7.1
2025-10-14T06:39:00+00:00,1984.0,95.08,342.2,13.82,429.0,20.5,583.8,0.0559,0.53,272.2,137.2,6.3
2025-10-14T06:40:00+00:00,2059.5,94.52,349.2,13.96,407.8,25.0,639.4,0.0564,0.59,272.2,137.2,6.4
2025-10-14T06:41:00+00:00,2041.0,96.32,346.2,13.70,410.6,22.1,592.2,0.0565,0.59,272.2,137.2,6.3
2025-10-14T06:42:00+00:00,1986.5,96.75,352.3,13.66,426.3,21.0,600.8,0.0561,0.60,272.2,137.2,4.9
2025-10-14T06:43:00+00:00,2188.5,96.19,343.2,13.89,445.4,20.0,594.5,0.0565,0.54,272.2,137.2,5.7
2025-10-14T06:44:00+00:00,2056.0,96.20,369.7,13.98,414.5,23.3,611.0,0.0657,0.59,272.2,137.2,7.9
2025-10-14T06:45:00+00:00,2069.1,97.49,356.8,13.75,422.2,19.7,576.7,0.0566,0.60,272.2,137.2,4.5
2025-10-14T06:46:00+00:00,2097.2,95.35,347.4,13.89,424.7,19.0,591.8,0.0570,0.64,272.2,137.2,5.9
2025-10-14T06:47:00+00:00,2148.7,95.65,346.8,13.89,406.2,21.7,635.1,0.0561,0.51,272.2,137.2,6.5
2025-10-14T06:48:00+00:00,2066.6,92.83,356.9,13.60,418.8,22.2,596.1,0.0632,0.55,272.2,137.2,7.0
2025-10-14T06:49:00+00:00,2009.0,96.52,346.5,13.85,399.8,23.2,586.1,0.0574,0.66,272.2,137.2,7.1
2025-10-14T06:50:00+00:00,1963.8,96.26,369.0,13.68,408.8,21.8,627.3,0.0555,0.56,272.2,137.2,6.0
2025-10-14T06:51:00+00:00,2068.4,93.50,339.4,13.75,416.1,20.5,604.5,0.0565,0.60,272.2,137.2,5.9
2025-10-14T06:52:00+00:00,2468.5,96.39,345.8,13.89,423.4,20.8,602.4,0.0610,0.55,272.2,137.2,7.4
2025-10-14T06:53:00+00:00,1990.4,94.15,344.4,13.78,410.3,20.4,598.3,0.0563,0.61,272.2,137.2,6.2
2025-10-14T06:54:00+00:00,2496.8,96.13,340.4,13.83,428.5,23.3,633.1,0.0594,0.48,272.2,137.2,6.6
2025-10-14T06:55:00+00:00,2118.7,94.81,355.0,13.73,414.3,22.1,614.5,0.0665,0.59,272.2,137.2,5.2
2025-10-14T06:56:00+00:00,2155.4,95.98,356.6,13.96,414.0,20.1,612.2,0.0568,0.58,272.2,137.2,6.2
2025-10-14T06:57:00+00:00,2182.6,96.20,333.0,14.04,420.9,20.4,653.0,0.0608,0.56,272.2,137.2,6.2
2025-10-14T06:58:00+00:00,2012.9,97.15,339.9,13.73,435.7,21.3,618.8,0.0565,0.62,272.2,137.2,6.9
2025-10-14T06:59:00+00:00,2470.8,97.37,353.2,13.82,427.8,23.7,596.0,0.0583,0.57,272.2,137.2,7.4
2025-10-14T07:00:00+00:00,1850.0,94.50,347.6,13.83,400.0,20.7,561.1,0.0592,0.46,272.2,137.2,7.5
2025-10-14T07:01:00+00:00,2419.8,96.98,340.3,13.95,443.7,22.8,587.3,0.0597,0.61,272.2,137.2,6.4
2025-10-14T07:02:00+00:00,1986.4,94.29,346.4,13.99,423.9,20.9,597.3,0.0559,0.57,272.2,137.2,6.9
2025-10-14T07:03:00+00:00,1991.2,92.82,342.5,13.89,425.3,20.4,605.2,0.0548,0.47,272.2,137.2,6.2
2025-10-14T07:04:00+00:00,2562.4,93.28,339.5,13.83,433.4,21.7,640.9,0.0597,0.64,272.2,137.2,7.5
2025-10-14T07:05:00+00:00,1865.7,97.01,352.0,13.63,411.5,19.6,540.1,0.0548,0.54,272.2,137.2,5.5
2025-10-14T07:06:00+00:00,2499.1,98.29,329.5,13.58,448.3,20.6,555.8,0.0593,0.65,272.2,137.2,5.1
2025-10-14T07:07:00+00:00,1900.1,92.48,357.6,13.83,385.1,21.2,579.2,0.0620,0.51,272.2,137.2,5.7
2025-10-14T07:08:00+00:00,1735.5,97.44,354.1,14.10,414.9,21.8,585.0,0.0610,0.64,272.2,137.2,6.5
2025-10-14T07:09:00+00:00,2095.9,93.72,350.5,13.75,424.6,21.5,593.3,0.0566,0.59,272.2,137.2,5.2
2025-10-14T07:10:00+00:00,2402.7,93.04,330.8,13.76,450.0,19.7,616.1,0.0578,0.54,272.2,137.2,6.9
2025-10-14T07:11:00+00:00,1904.4,95.65,362.9,13.79,412.5,20.6,597.8,0.0567,0.53,272.2,137.2,7.4
2025-10-14T07:12:00+00:00,2085.4,95.08,351.3,13.90,417.4,19.7,599.0,0.0573,0.60,272.2,137.2,7.3
2025-10-14T07:13:00+00:00,2083.3,98.05,361.0,13.90,420.2,18.9,555.5,0.0566,0.58,272.2,137.2,5.2
2025-10-14T07:14:00+00:00,1941.7,93.64,351.0,13.92,409.2,21.4,613.8,0.0564,0.56,272.2,137.2,4.7
2025-10-14T07:15:00+00:00,2462.1,96.40,340.9,13.81,439.3,21.7,543.8,0.0608,0.49,272.2,137.2,6.3
2025-10-14T07:16:00+00:00,2004.5,93.80,341.4,13.84,415.9,19.5,589.8,0.0676,0.57,272.2,137.2,7.1
2025-10-14T07:17:00+00:00,2060.0,96.36,348.3,13.70,431.2,19.3,597.6,0.0569,0.62,272.2,137.2,5.3
2025-10-14T07:18:00+00:00,2159.7,95.86,344.8,13.94,437.0,21.4,587.3,0.0562,0.51,272.2,137.2,5.6
2025-10-14T07:19:00+00:00,2015.3,94.92,370.1,13.57,417.6,22.0,574.7,0.0572,0.69,272.2,137.2,3.1
2025-10-14T07:20:00+00:00,2022.5,93.45,335.9,13.90,411.0,21.0,588.1,0.0559,0.57,272.2,137.2,5.7
2025-10-14T07:21:00+00:00,1769.3,95.09,359.7,13.90,407.5,20.8,582.9,0.0619,0.64,272.2,137.2,5.0
2025-10-14T07:22:00+00:00,1980.3,96.19,366.6,13.57,423.1,18.1,644.9,0.0553,0.53,272.2,137.2,8.1
2025-10-14T07:23:00+00:00,2034.9,95.17,360.7,13.69,399.3,19.7,611.7,0.0564,0.60,272.2,137.2,5.7
2025-10-14T07:24:00+00:00,2052.1,92.11,339.1,14.03,405.5,18.7,615.2,0.0564,0.58,272.2,137.2,5.9
2025-10-14T07:25:00+00:00,2054.8,95.68,340.0,13.89,433.0,20.5,657.1,0.0575,0.57,272.2,137.2,4.6
2025-10-14T07:26:00+00:00,1839.5,95.59,343.8,13.60,401.8,24.1,599.4,0.0552,0.60,272.2,137.2,7.9
2025-10-14T07:27:00+00:00,2187.8,97.37,338.5,13.93,403.4,20.3,574.6,0.0570,0.54,272.2,137.2,6.3
2025-10-14T07:28:00+00:00,2077.9,93.81,355.2,13.89,413.8,21.7,631.4,0.0608,0.58,272.2,137.2,5.8
2025-10-14T07:29:00+00:00,2066.4,97.30,339.2,13.84,417.1,21.1,643.0,0.0562,0.55,272.2,137.2,5.2
2025-10-14T07:30:00+00:00,2110.8,95.14,348.8,13.72,406.5,22.6,576.7,0.0601,0.60,272.2,137.2,4.2
2025-10-14T07:31:00+00:00,1988.9,96.07,352.1,13.82,416.3,19.9,596.0,0.0559,0.59,272.2,137.2,7.0
2025-10-14T07:32:00+00:00,2141.7,95.67,330.7,13.60,416.7,20.7,538.3,0.0571,0.62,272.2,137.2,6.1
2025-10-14T07:33:00+00:00,1980.1,91.25,349.5,13.53,438.5,21.3,636.0,0.0584,0.66,272.2,137.2,7.6
2025-10-14T07:34:00+00:00,1957.9,96.49,334.8,13.76,432.4,21.7,618.6,0.0654,0.62,272.2,137.2,6.2
2025-10-14T07:35:00+00:00,2014.5,95.45,352.9,13.63,403.2,19.6,594.7,0.0602,0.64,272.2,137.2,6.7
2025-10-14T07:36:00+00:00,2021.2,95.75,350.8,13.54,421.9,21.0,597.7,0.0636,0.59,272.2,137.2,4.9
2025-10-14T07:37:00+00:00,1942.3,93.70,359.2,13.92,417.2,20.1,628.5,0.0556,0.57,272.2,137.2,6.0
2025-10-14T07:38:00+00:00,1841.7,94.48,352.8,13.84,394.4,20.2,606.5,0.0558,0.64,272.2,137.2,5.6
2025-10-14T07:39:00+00:00,2007.2,95.26,339.7,13.74,417.2,20.0,591.1,0.0588,0.60,272.2,137.2,4.9
2025-10-14T07:40:00+00:00,2002.9,97.10,343.9,13.81,410.8,22.0,558.1,0.0557,0.56,272.2,137.2,6.0
2025-10-14T07:41:00+00:00,1902.7,95.51,338.3,13.65,417.5,20.2,578.3,0.0596,0.63,272.2,137.2,7.1
2025-10-14T07:42:00+00:00,2121.2,96.05,351.7,13.70,413.3,20.4,575.6,0.0578,0.53,272.2,137.2,6.6
2025-10-14T07:43:00+00:00,2138.8,93.40,351.2,13.94,429.7,21.0,658.8,0.0566,0.57,272.2,137.2,7.0
2025-10-14T07:44:00+00:00,1978.4,96.11,348.0,13.80,401.9,21.1,562.6,0.0557,0.57,272.2,137.2,7.3
2025-10-14T07:45:00+00:00,1815.4,94.73,362.4,13.66,407.8,20.3,591.6,0.0552,0.60,272.2,137.2,6.1
2025-10-14T07:46:00+00:00,1977.1,94.61,352.3,13.74,414.5,22.3,545.6,0.0565,0.65,272.2,137.2,5.8
2025-10-14T07:47:00+00:00,2031.9,94.56,348.7,13.82,414.0,20.6,606.0,0.0560,0.56,272.2,137.2,5.9
2025-10-14T07:48:00+00:00,2299.2,94.05,351.0,13.91,405.8,21.7,560.7,0.0586,0.67,272.2,137.2,5.9
2025-10-14T07:49:00+00:00,1909.7,94.02,340.3,13.94,399.2,20.5,624.5,0.0608,0.58,272.2,137.2,6.5
2025-10-14T07:50:00+00:00,2129.9,95.29,345.7,13.82,406.4,22.0,591.9,0.0574,0.55,272.2,137.2,5.3
2025-10-14T07:51:00+00:00,2022.0,95.37,334.8,13.58,411.9,22.8,644.5,0.0620,0.70,272.2,137.2,5.1
2025-10-14T07:52:00+00:00,2031.6,96.88,334.7,13.84,413.5,20.8,611.9,0.0556,0.53,272.2,137.2,5.6
2025-10-14T07:53:00+00:00,2016.6,97.11,353.3,13.81,406.7,21.4,549.5,0.0555,0.53,272.2,137.2,3.6
2025-10-14T07:54:00+00:00,2015.5,94.26,345.2,13.71,426.0,19.8,605.1,0.0562,0.59,272.2,137.2,7.1
2025-10-14T07:55:00+00:00,2132.5,95.21,344.9,13.87,403.7,20.5,607.1,0.0559,0.49,272.2,137.2,4.4
2025-10-14T07:56:00+00:00,905.2,93.40,345.7,14.27,390.1,22.1,537.0,0.0500,0.55,272.2,137.2,6.1
2025-10-14T07:57:00+00:00,1077.4,91.95,358.7,13.89,365.6,20.1,585.5,0.0558,0.57,272.2,137.2,6.3
2025-10-14T07:58:00+00:00,996.1,92.49,360.0,13.86,406.2,21.3,566.1,0.0513,0.65,272.2,137.2,5.9
2025-10-14T07:59:00+00:00,912.3,91.19,344.3,13.87,384.2,20.5,541.7,0.0498,0.55,272.2,137.2,6.6
2025-10-14T08:00:00+00:00,932.2,92.63,353.1,13.76,394.1,22.0,513.5,0.0505,0.57,272.2,137.2,6.2
2025-10-14T08:01:00+00:00,1000.1,92.84,352.8,13.71,372.0,20.5,528.9,0.0518,0.57,272.2,137.2,5.0
2025-10-14T08:02:00+00:00,991.0,92.93,348.9,13.70,387.0,20.0,550.1,0.0509,0.60,272.2,137.2,6.4
2025-10-14T08:03:00+00:00,1018.1,92.74,368.0,13.83,377.3,19.9,561.7,0.0502,0.54,272.2,137.2,6.2
2025-10-14T08:04:00+00:00,864.0,92.62,370.7,13.77,390.1,21.0,523.9,0.0496,0.54,272.2,137.2,6.7
2025-10-14T08:05:00+00:00,943.3,88.93,356.5,13.55,384.5,21.2,633.3,0.0499,0.55,272.2,137.2,6.9
2025-10-14T14:00:00+00:00,1083.2,91.39,365.2,13.59,381.4,21.9,533.5,0.0574,0.54,272.2,137.2,5.7
2025-10-14T14:01:00+00:00,963.9,91.36,359.1,13.85,395.5,19.3,579.6,0.0500,0.53,272.2,137.2,6.3
2025-10-14T14:02:00+00:00,843.5,92.11,346.8,13.93,364.4,21.3,551.1,0.0539,0.61,272.2,137.2,5.4
2025-10-14T14:03:00+00:00,912.5,91.21,350.4,14.05,393.1,20.0,608.5,0.0562,0.58,272.2,137.2,5.2
2025-10-14T14:04:00+00:00,863.4,89.07,373.5,13.47,387.8,21.5,522.4,0.0588,0.67,272.2,137.2,7.1
2025-10-14T14:05:00+00:00,975.5,91.02,351.8,13.80,377.1,21.4,529.6,0.0509,0.58,272.2,137.2,7.0
2025-10-14T14:06:00+00:00,1057.8,91.32,364.0,13.50,401.4,21.4,564.3,0.0524,0.60,272.2,137.2,4.4
2025-10-14T14:07:00+00:00,975.9,92.62,349.9,13.58,380.3,20.7,487.0,0.0505,0.54,272.2,137.2,4.8
2025-10-14T14:08:00+00:00,1033.4,92.05,369.2,13.77,389.5,23.3,623.4,0.0512,0.57,272.2,137.2,5.7
2025-10-14T14:09:00+00:00,988.6,93.54,360.8,13.73,390.5,20.6,578.3,0.0528,0.62,272.2,137.2,5.5
2025-10-14T14:10:00+00:00,1013.6,92.19,365.1,13.47,367.7,21.0,578.4,0.0559,0.63,272.2,137.2,7.1
2025-10-14T14:11:00+00:00,1145.5,92.40,338.4,13.90,411.6,20.7,558.1,0.0516,0.59,272.2,137.2,6.2
2025-10-14T14:12:00+00:00,952.0,92.99,351.7,13.72,401.4,18.6,567.6,0.0539,0.57,272.2,137.2,5.9
2025-10-14T14:13:00+00:00,1074.6,92.43,364.6,13.81,404.8,20.8,625.5,0.0506,0.52,272.2,137.2,6.2
2025-10-14T14:14:00+00:00,914.7,90.94,370.1,13.43,367.4,22.1,509.9,0.0552,0.68,272.2,137.2,6.9
2025-10-14T14:15:00+00:00,2043.4,94.50,337.3,13.85,416.8,25.2,567.4,0.0581,0.67,272.2,137.2,5.1
2025-10-14T14:16:00+00:00,2011.0,91.98,342.8,13.96,419.9,22.4,658.6,0.0591,0.54,272.2,137.2,6.4
2025-10-14T14:17:00+00:00,1988.6,95.18,354.1,13.97,419.1,20.5,573.1,0.0563,0.60,272.2,137.2,6.4
2025-10-14T14:18:00+00:00,2089.6,93.51,352.5,13.77,423.9,20.1,582.2,0.0599,0.57,272.2,137.2,6.1
2025-10-14T14:19:00+00:00,1911.3,92.93,349.8,13.88,404.1,20.1,616.0,0.0564,0.60,272.2,137.2,6.6
2025-10-14T14:20:00+00:00,1931.1,96.83,353.6,13.83,409.5,18.2,628.4,0.0559,0.60,272.2,137.2,6.1
2025-10-14T14:21:00+00:00,1940.1,96.92,343.8,13.90,399.7,20.2,593.2,0.0666,0.63,272.2,137.2,5.1
2025-10-14T14:22:00+00:00,2001.7,95.95,356.6,13.92,410.3,22.8,604.4,0.0589,0.51,272.2,137.2,5.7
2025-10-14T14:23:00+00:00,2026.6,96.20,330.4,13.90,412.1,20.9,666.1,0.0566,0.62,272.2,137.2,5.6
2025-10-14T14:24:00+00:00,2033.3,97.52,349.4,13.77,428.4,18.2,579.9,0.0585,0.52,272.2,137.2,7.7
2025-10-14T14:25:00+00:00,1955.0,93.81,352.6,13.48,414.5,21.1,569.9,0.0630,0.57,272.2,137.2,6.3
2025-10-14T14:26:00+00:00,2032.3,94.37,351.7,13.65,408.4,20.8,624.2,0.0575,0.48,272.2,137.2,5.0
2025-10-14T14:27:00+00:00,2041.0,93.04,352.0,13.66,425.3,19.7,623.4,0.0616,0.56,272.2,137.2,5.8
2025-10-14T14:28:00+00:00,2039.1,95.81,340.3,13.56,432.5,18.0,608.3,0.0602,0.63,272.2,137.2,6.4
2025-10-14T14:29:00+00:00,1889.7,94.75,358.3,13.68,412.7,21.0,650.5,0.0595,0.53,272.2,137.2,6.2
2025-10-14T14:30:00+00:00,2114.0,95.88,360.2,13.76,403.0,19.7,622.1,0.0572,0.63,272.2,137.2,4.2
2025-10-14T14:31:00+00:00,2061.0,95.95,349.0,13.75,423.2,21.0,635.6,0.0592,0.54,272.2,137.2,5.8
2025-10-14T14:32:00+00:00,1939.0,95.08,330.8,13.86,412.8,25.1,578.4,0.0590,0.58,272.2,137.2,6.1
2025-10-14T14:33:00+00:00,2047.2,93.58,341.2,13.65,398.9,18.5,580.1,0.0560,0.55,272.2,137.2,6.6
2025-10-14T14:34:00+00:00,2044.5,97.18,349.5,13.50,415.8,21.7,613.9,0.0553,0.49,272.2,137.2,6.8
2025-10-14T14:35:00+00:00,2090.7,96.35,361.7,13.60,416.0,20.4,628.0,0.0567,0.60,272.2,137.2,6.5
2025-10-14T14:36:00+00:00,2132.2,95.11,354.0,13.81,419.0,22.3,565.4,0.0574,0.65,272.2,137.2,6.8
2025-10-14T14:37:00+00:00,2145.1,94.15,352.9,13.87,415.6,20.0,609.5,0.0561,0.52,272.2,137.2,5.8
2025-10-14T14:38:00+00:00,1830.4,94.09,356.1,13.58,432.2,22.7,559.7,0.0546,0.51,272.2,137.2,6.9
2025-10-14T14:39:00+00:00,2042.6,97.42,358.9,13.86,411.9,19.7,626.9,0.0585,0.59,272.2,137.2,6.4
2025-10-14T14:40:00+00:00,2063.8,96.47,356.2,13.99,434.4,18.8,591.6,0.0588,0.52,272.2,137.2,5.4
2025-10-14T14:41:00+00:00,2070.6,94.27,342.6,13.57,422.0,19.3,586.6,0.0679,0.66,272.2,137.2,5.6
2025-10-14T14:42:00+00:00,2117.1,96.99,355.9,13.94,421.3,19.4,613.5,0.0564,0.55,272.2,137.2,4.7
2025-10-14T14:43:00+00:00,1910.3,94.26,345.4,13.81,412.8,20.8,591.6,0.0559,0.62,272.2,137.2,4.5
2025-10-14T14:44:00+00:00,1967.2,96.04,350.2,14.02,421.6,21.5,548.6,0.0558,0.56,272.2,137.2,6.0
2025-10-14T14:45:00+00:00,1918.7,95.09,357.0,13.73,413.9,23.8,583.0,0.0555,0.57,272.2,137.2,5.2
2025-10-14T14:46:00+00:00,2056.0,93.54,330.9,13.79,430.1,23.0,576.0,0.0570,0.64,272.2,137.2,7.0
2025-10-14T14:47:00+00:00,1864.6,94.63,351.1,13.83,400.1,19.2,577.0,0.0558,0.64,272.2,137.2,5.3
2025-10-14T14:48:00+00:00,1950.5,96.89,354.4,13.66,409.9,20.8,561.2,0.0558,0.55,272.2,137.2,5.7
2025-10-14T14:49:00+00:00,2135.7,94.12,350.0,13.86,415.8,20.4,591.4,0.0576,0.55,272.2,137.2,6.1
2025-10-14T14:50:00+00:00,1941.0,96.70,343.5,13.75,414.8,19.8,624.7,0.0554,0.56,272.2,137.2,7.2
2025-10-14T14:51:00+00:00,2234.0,95.94,341.7,13.72,414.9,21.7,614.9,0.0578,0.57,272.2,137.2,7.8
2025-10-14T14:52:00+00:00,1908.1,95.26,338.8,13.70,427.8,19.2,500.7,0.0601,0.58,272.2,137.2,6.1
2025-10-14T14:53:00+00:00,2184.1,95.28,334.9,13.93,428.6,22.4,574.1,0.0569,0.57,272.2,137.2,5.6
2025-10-14T14:54:00+00:00,2064.9,95.94,350.9,13.91,410.5,20.1,668.1,0.0614,0.56,272.2,137.2,5.9
2025-10-14T14:55:00+00:00,2183.9,94.39,347.3,13.84,411.9,21.1,636.8,0.0705,0.51,272.2,137.2,7.0
2025-10-14T14:56:00+00:00,1985.5,96.15,352.0,13.53,416.2,20.8,574.1,0.0562,0.61,272.2,137.2,5.9
2025-10-14T14:57:00+00:00,2094.6,94.91,333.6,13.92,417.8,20.3,567.6,0.0625,0.57,272.2,137.2,5.5
2025-10-14T14:58:00+00:00,2172.9,93.79,351.1,13.72,416.5,20.1,662.2,0.0564,0.52,272.2,137.2,6.2
2025-10-14T14:59:00+00:00,2210.6,96.63,340.9,13.85,422.2,21.5,597.9,0.0563,0.50,272.2,137.2,5.6
2025-10-14T15:00:00+00:00,2082.4,94.16,349.9,13.84,423.4,22.6,630.0,0.0588,0.56,272.2,137.2,6.7
2025-10-14T15:01:00+00:00,2098.0,96.05,349.8,13.97,424.6,21.5,634.9,0.0563,0.56,272.2,137.2,6.7
2025-10-14T15:02:00+00:00,2052.3,94.66,356.4,13.61,387.6,21.5,578.3,0.0559,0.54,272.2,137.2,4.8
2025-10-14T15:03:00+00:00,1879.3,96.69,340.5,13.79,393.7,22.0,575.8,0.0562,0.65,272.2,137.2,5.2
2025-10-14T15:04:00+00:00,2137.1,96.05,353.1,13.79,419.3,20.0,612.3,0.0659,0.49,272.2,137.2,6.0
2025-10-14T15:05:00+00:00,2222.0,96.06,353.7,14.12,437.9,23.4,646.5,0.0568,0.55,272.2,137.2,4.8
2025-10-14T15:06:00+00:00,1919.1,93.81,355.8,13.80,417.0,18.3,627.8,0.0559,0.61,272.2,137.2,7.2
2025-10-14T15:07:00+00:00,2100.2,95.16,351.3,13.55,394.2,19.5,591.5,0.0590,0.63,272.2,137.2,5.2
2025-10-14T15:08:00+00:00,2024.5,92.66,348.1,13.71,422.1,17.0,626.4,0.0559,0.56,272.2,137.2,8.1
2025-10-14T15:09:00+00:00,2166.2,92.52,361.9,13.63,429.8,18.5,546.8,0.0580,0.68,272.2,137.2,5.8
2025-10-14T15:10:00+00:00,2059.7,95.83,355.5,13.92,427.3,21.9,593.3,0.0611,0.55,272.2,137.2,5.6
2025-10-14T15:11:00+00:00,1978.5,95.31,337.1,13.70,443.7,22.9,579.2,0.0558,0.56,272.2,137.2,6.7
2025-10-14T15:12:00+00:00,2482.8,96.74,349.8,13.81,423.4,21.3,608.3,0.0611,0.59,272.2,137.2,8.0
2025-10-14T15:13:00+00:00,2005.6,99.32,357.6,13.63,412.9,18.9,631.0,0.0549,0.46,272.2,137.2,5.4
2025-10-14T15:14:00+00:00,2510.0,98.23,342.3,13.93,418.3,20.0,665.3,0.0590,0.61,272.2,137.2,6.3
2025-10-14T15:15:00+00:00,1992.3,94.45,356.7,13.58,415.5,21.4,701.1,0.0608,0.49,272.2,137.2,5.5
2025-10-14T15:16:00+00:00,1969.5,94.61,359.9,13.84,425.3,22.2,572.2,0.0618,0.57,272.2,137.2,6.9
2025-10-14T15:17:00+00:00,2212.9,97.62,359.9,14.14,414.4,22.8,675.3,0.0590,0.60,272.2,137.2,5.8
2025-10-14T15:18:00+00:00,2058.3,95.34,333.9,13.82,424.9,18.9,606.1,0.0555,0.49,272.2,137.2,5.1
2025-10-14T15:19:00+00:00,2059.0,92.32,350.9,13.81,422.5,22.0,627.6,0.0569,0.63,272.2,137.2,7.5
2025-10-14T15:20:00+00:00,2466.6,93.06,358.6,13.87,414.9,21.9,569.6,0.0582,0.55,272.2,137.2,6.6
2025-10-14T15:21:00+00:00,1893.5,98.11,346.5,13.81,425.0,21.8,589.9,0.0607,0.65,272.2,137.2,4.9
2025-10-14T15:22:00+00:00,1975.5,94.72,348.1,13.78,407.4,18.8,623.5,0.0554,0.54,272.2,137.2,5.8
2025-10-14T15:23:00+00:00,2412.2,95.48,356.4,13.81,449.9,21.9,693.9,0.0581,0.58,272.2,137.2,8.3
2025-10-14T15:24:00+00:00,1984.3,96.22,331.7,13.93,412.8,21.3,560.0,0.0560,0.58,272.2,137.2,6.3
2025-10-14T15:25:00+00:00,2409.5,97.92,347.9,14.04,439.6,19.6,690.2,0.0582,0.58,272.2,137.2,6.3
2025-10-14T15:26:00+00:00,1894.8,93.02,354.6,13.97,417.3,17.3,629.7,0.0552,0.55,272.2,137.2,6.9
2025-10-14T15:27:00+00:00,2504.0,96.30,350.5,13.98,404.8,18.2,622.6,0.0594,0.60,272.2,137.2,5.1
2025-10-14T15:28:00+00:00,2223.6,95.67,352.1,13.90,426.8,19.4,593.6,0.0596,0.58,272.2,137.2,6.7
2025-10-14T15:29:00+00:00,2403.3,97.00,344.3,13.91,426.7,21.0,661.5,0.0587,0.63,272.2,137.2,7.1
2025-10-14T15:30:00+00:00,2004.1,95.95,350.6,13.70,418.6,19.5,606.3,0.0560,0.58,272.2,137.2,4.0
2025-10-14T15:31:00+00:00,2027.9,97.13,350.9,13.76,419.1,24.0,613.9,0.0671,0.67,272.2,137.2,5.5
2025-10-14T15:32:00+00:00,2484.3,96.00,349.4,13.85,430.0,18.1,620.7,0.0615,0.62,272.2,137.2,5.3
2025-10-14T15:33:00+00:00,2467.3,99.23,342.8,13.85,425.6,21.7,560.8,0.0591,0.63,272.2,137.2,5.2
2025-10-14T15:34:00+00:00,2002.7,94.58,351.9,13.66,429.3,18.2,605.2,0.0556,0.54,272.2,137.2,7.4
2025-10-14T15:35:00+00:00,2026.9,94.28,338.0,13.46,423.6,21.9,620.2,0.0562,0.59,272.2,137.2,4.9
2025-10-14T15:36:00+00:00,1989.6,93.93,349.0,13.77,421.6,19.6,599.8,0.0558,0.55,272.2,137.2,5.9
2025-10-14T15:37:00+00:00,2411.9,97.26,346.4,13.78,419.8,19.9,608.1,0.0580,0.54,272.2,137.2,6.4
2025-10-14T15:38:00+00:00,2462.7,96.43,332.8,13.82,444.3,20.8,631.1,0.0587,0.59,272.2,137.2,7.1
2025-10-14T15:39:00+00:00,2144.4,96.41,351.0,13.74,429.3,19.4,606.8,0.0558,0.48,272.2,137.2,5.7
2025-10-14T15:40:00+00:00,1986.6,99.21,348.9,13.47,399.5,17.3,618.6,0.0614,0.67,272.2,137.2,7.4
2025-10-14T15:41:00+00:00,2017.5,94.21,340.2,13.92,414.8,19.1,636.7,0.0568,0.64,272.2,137.2,6.5
2025-10-14T15:42:00+00:00,2428.8,95.40,354.9,14.01,416.4,20.5,628.2,0.0576,0.50,272.2,137.2,7.9
2025-10-14T15:43:00+00:00,2226.9,95.27,363.7,13.84,412.3,20.0,558.6,0.0580,0.67,272.2,137.2,5.0
2025-10-14T15:44:00+00:00,2470.1,96.22,334.8,13.47,427.1,20.9,621.3,0.0592,0.63,272.2,137.2,6.2
2025-10-14T15:45:00+00:00,2465.4,97.82,346.9,13.59,444.1,22.3,629.0,0.0588,0.60,272.2,137.2,6.1
2025-10-14T15:46:00+00:00,2033.6,95.85,351.1,13.78,387.4,22.7,605.1,0.0555,0.51,272.2,137.2,6.3
2025-10-14T15:47:00+00:00,1960.2,95.85,350.3,13.90,415.6,21.0,653.2,0.0558,0.58,272.2,137.2,7.1
2025-10-14T15:48:00+00:00,2203.3,92.86,336.8,13.76,424.0,20.7,593.4,0.0621,0.49,272.2,137.2,5.8
2025-10-14T15:49:00+00:00,1992.5,95.65,356.6,13.97,413.1,22.9,650.2,0.0563,0.61,272.2,137.2,4.4
2025-10-14T15:50:00+00:00,1910.0,96.33,348.8,13.72,410.8,22.9,574.5,0.0557,0.60,272.2,137.2,5.6
2025-10-14T15:51:00+00:00,2185.9,95.94,336.3,13.60,432.3,19.3,633.9,0.0576,0.64,272.2,137.2,6.3
2025-10-14T15:52:00+00:00,1878.6,96.00,359.0,13.92,410.8,21.2,620.8,0.0564,0.58,272.2,137.2,4.4
2025-10-14T15:53:00+00:00,1957.5,93.95,348.9,13.78,416.0,18.5,566.0,0.0551,0.51,272.2,137.2,6.4
2025-10-14T15:54:00+00:00,2029.9,98.18,356.6,13.66,426.5,19.8,596.8,0.0663,0.47,272.2,137.2,7.7
2025-10-14T15:55:00+00:00,2014.8,93.27,354.7,13.76,428.7,23.0,633.5,0.0595,0.58,272.2,137.2,5.2
2025-10-14T15:56:00+00:00,2146.0,95.35,352.5,13.73,413.0,21.0,580.6,0.0598,0.59,272.2,137.2,6.4
2025-10-14T15:57:00+00:00,2115.4,94.69,351.7,13.78,413.9,17.9,679.2,0.0569,0.59,272.2,137.2,6.4
2025-10-14T15:58:00+00:00,2138.7,97.02,347.5,13.97,434.6,21.7,631.3,0.0570,0.60,272.2,137.2,6.5
2025-10-14T15:59:00+00:00,2014.3,94.14,355.3,13.92,387.3,21.8,608.6,0.0550,0.48,272.2,137.2,5.9
2025-10-14T16:00:00+00:00,1994.9,91.16,353.0,14.03,412.2,22.6,664.6,0.0554,0.52,272.2,137.2,4.6
2025-10-14T16:01:00+00:00,1790.7,96.65,332.1,13.97,400.5,19.1,596.7,0.0678,0.57,272.2,137.2,5.1
2025-10-14T16:02:00+00:00,2061.4,94.97,325.9,13.77,413.2,19.8,607.9,0.0559,0.53,272.2,137.2,6.8
2025-10-14T16:03:00+00:00,2131.8,93.75,351.2,13.62,432.0,21.6,610.6,0.0604,0.66,272.2,137.2,6.1
2025-10-14T16:04:00+00:00,2138.8,95.01,331.0,13.75,430.0,22.3,592.8,0.0569,0.59,272.2,137.2,7.7
2025-10-14T16:05:00+00:00,2040.6,97.11,340.2,13.77,414.5,22.0,557.6,0.0564,0.60,272.2,137.2,7.3
2025-10-14T16:06:00+00:00,2035.1,95.91,347.9,13.60,394.9,21.3,651.5,0.0567,0.63,272.2,137.2,6.9
2025-10-14T16:07:00+00:00,1962.3,92.97,345.6,13.97,397.2,21.8,646.0,0.0554,0.55,272.2,137.2,6.6
2025-10-14T16:08:00+00:00,1870.8,95.79,348.9,13.78,406.4,20.5,566.9,0.0561,0.56,272.2,137.2,5.6
2025-10-14T16:09:00+00:00,1964.6,93.44,340.2,13.74,413.1,20.5,618.6,0.0563,0.61,272.2,137.2,6.8
2025-10-14T16:10:00+00:00,2311.1,96.46,343.6,13.80,417.9,20.9,581.1,0.0665,0.60,272.2,137.2,6.5
2025-10-14T16:11:00+00:00,1971.4,95.46,353.6,13.93,378.0,21.7,620.2,0.0564,0.63,272.2,137.2,7.9
2025-10-14T16:12:00+00:00,2131.9,95.82,363.8,13.93,420.1,21.8,624.1,0.0573,0.63,272.2,137.2,5.2
2025-10-14T16:13:00+00:00,1884.9,93.42,355.6,13.82,421.4,21.4,620.4,0.0571,0.45,272.2,137.2,5.2
2025-10-14T16:14:00+00:00,2085.0,94.56,357.4,13.95,419.1,19.7,623.0,0.0573,0.64,272.2,137.2,7.6
2025-10-14T16:15:00+00:00,2159.0,95.05,354.4,13.76,432.9,20.0,638.9,0.0577,0.66,272.2,137.2,6.4
2025-10-14T16:16:00+00:00,1902.7,89.32,339.7,13.96,405.4,20.0,554.1,0.0555,0.57,272.2,137.2,6.2
2025-10-14T16:17:00+00:00,2187.8,98.35,347.6,13.72,433.9,23.4,591.5,0.0569,0.57,272.2,137.2,5.3
2025-10-14T16:18:00+00:00,2027.4,94.33,350.7,13.77,413.4,18.9,606.8,0.0670,0.55,272.2,137.2,4.8
2025-10-14T16:19:00+00:00,2323.6,96.10,351.5,13.97,443.4,22.0,633.6,0.0581,0.61,272.2,137.2,5.6
2025-10-14T16:20:00+00:00,1932.6,93.84,344.3,13.83,425.2,19.8,576.6,0.0552,0.53,272.2,137.2,6.6
2025-10-14T16:21:00+00:00,2042.9,95.90,341.3,13.67,405.7,19.5,638.0,0.0624,0.53,272.2,137.2,6.3
2025-10-14T16:22:00+00:00,2153.5,93.65,354.3,13.88,437.5,21.3,635.0,0.0570,0.59,272.2,137.2,5.1
2025-10-14T16:23:00+00:00,2082.1,92.52,343.4,13.58,406.7,21.6,527.7,0.0561,0.54,272.2,137.2,6.0
2025-10-14T16:24:00+00:00,2052.2,96.34,363.5,13.77,417.3,23.5,613.3,0.0564,0.58,272.2,137.2,7.2
2025-10-14T16:25:00+00:00,1928.3,95.43,358.3,13.89,413.4,20.1,613.0,0.0627,0.52,272.2,137.2,6.0
2025-10-14T16:26:00+00:00,1786.6,95.80,355.8,13.52,392.2,20.2,602.5,0.0549,0.59,272.2,137.2,5.5
2025-10-14T16:27:00+00:00,2082.6,95.73,359.7,13.74,421.0,21.6,554.5,0.0567,0.56,272.2,137.2,5.7
2025-10-14T16:28:00+00:00,2015.6,93.69,346.7,13.75,402.7,21.2,574.3,0.0622,0.57,272.2,137.2,7.9
2025-10-14T16:29:00+00:00,1871.5,94.82,355.7,13.99,406.7,21.6,632.6,0.0561,0.65,272.2,137.2,5.1
2025-10-14T16:30:00+00:00,1898.9,94.16,350.2,13.79,395.9,21.5,625.4,0.0576,0.50,272.2,137.2,7.5
2025-10-14T16:31:00+00:00,1895.4,96.45,353.3,13.59,434.4,21.6,552.0,0.0589,0.57,272.2,137.2,6.9
2025-10-14T16:32:00+00:00,2100.7,92.00,355.4,13.68,439.6,22.0,626.1,0.0562,0.56,272.2,137.2,7.8
2025-10-14T16:33:00+00:00,2132.6,95.57,344.0,13.94,413.3,22.8,597.5,0.0608,0.59,272.2,137.2,6.6
2025-10-14T16:34:00+00:00,2013.2,95.43,352.4,13.87,415.1,21.5,588.5,0.0568,0.65,272.2,137.2,6.0
2025-10-14T16:35:00+00:00,2130.4,94.19,354.8,13.62,427.3,19.9,666.1,0.0626,0.66,272.2,137.2,6.1
2025-10-14T16:36:00+00:00,1911.7,93.73,357.2,14.00,421.0,19.0,608.9,0.0552,0.55,272.2,137.2,7.5
2025-10-14T16:37:00+00:00,2090.6,94.43,332.0,13.84,418.9,21.6,549.1,0.0625,0.62,272.2,137.2,3.9
2025-10-14T16:38:00+00:00,2156.2,95.05,368.6,13.74,429.7,21.3,555.8,0.0582,0.44,272.2,137.2,8.1
2025-10-14T16:39:00+00:00,2103.5,93.44,348.2,13.85,427.4,20.9,640.3,0.0559,0.51,272.2,137.2,6.8
2025-10-14T16:40:00+00:00,2171.0,95.67,333.4,14.19,423.5,21.0,570.4,0.0612,0.54,272.2,137.2,6.5
2025-10-14T16:41:00+00:00,2065.9,93.04,346.9,14.00,414.6,20.9,672.4,0.0565,0.60,272.2,137.2,6.8
2025-10-14T16:42:00+00:00,1913.8,94.69,369.4,13.69,398.2,19.0,637.9,0.0632,0.52,272.2,137.2,6.3
2025-10-14T16:43:00+00:00,1970.6,91.08,351.7,13.80,436.0,22.0,538.2,0.0563,0.62,272.2,137.2,6.6
2025-10-14T16:44:00+00:00,895.3,93.02,362.9,13.94,380.6,20.8,567.8,0.0507,0.63,272.2,137.2,5.6
2025-10-14T16:45:00+00:00,1063.2,92.06,365.1,13.69,381.6,20.4,565.2,0.0507,0.55,272.2,137.2,7.5
2025-10-14T16:46:00+00:00,998.1,95.17,352.6,13.85,396.9,21.9,595.3,0.0517,0.63,272.2,137.2,5.9
2025-10-14T16:47:00+00:00,1136.6,93.04,354.2,13.65,398.3,20.3,594.0,0.0586,0.58,272.2,137.2,7.6
2025-10-14T16:48:00+00:00,964.7,92.97,365.9,13.70,362.1,19.4,537.3,0.0504,0.56,272.2,137.2,5.1
2025-10-14T16:49:00+00:00,958.3,91.12,366.3,14.00,390.4,16.8,569.1,0.0516,0.53,272.2,137.2,5.4
2025-10-14T16:50:00+00:00,1060.9,92.07,354.3,14.06,394.9,21.5,552.1,0.0524,0.65,272.2,137.2,4.9
2025-10-14T16:51:00+00:00,1018.0,92.64,363.2,13.92,370.8,19.9,529.2,0.0592,0.56,272.2,137.2,5.7
2025-10-14T16:52:00+00:00,1027.5,91.52,360.4,13.52,378.8,21.7,523.7,0.0537,0.63,272.2,137.2,5.3
2025-10-14T16:53:00+00:00,746.1,88.07,367.3,13.65,381.8,20.4,504.0,0.0494,0.57,272.2,137.2,6.6
2025-10-14T16:54:00+00:00,1042.7,93.00,350.6,13.94,378.1,21.3,538.4,0.0540,0.64,272.2,137.2,6.6
2025-10-14T16:55:00+00:00,840.9,89.06,354.8,14.00,407.0,21.2,521.2,0.0567,0.53,272.2,137.2,5.7
2025-10-14T16:56:00+00:00,884.1,90.49,346.0,13.46,394.1,21.9,597.1,0.0537,0.62,272.2,137.2,4.5
2025-10-14T16:57:00+00:00,916.6,91.38,349.9,13.70,354.5,20.8,611.8,0.0492,0.49,272.2,137.2,7.3
2025-10-15T06:00:00+00:00,1084.7,94.91,352.9,14.02,396.8,20.3,546.6,0.0523,0.71,302.2,257.2,8.9
2025-10-15T06:01:00+00:00,991.0,94.82,363.7,14.04,386.8,21.0,506.4,0.0624,0.77,302.2,257.2,11.2
2025-10-15T06:02:00+00:00,937.5,94.72,367.4,13.94,366.8,20.1,552.1,0.0602,0.81,302.2,257.2,9.0
2025-10-15T06:03:00+00:00,1003.0,93.54,354.7,13.86,377.9,23.3,553.2,0.0530,0.82,302.2,257.2,10.0
2025-10-15T06:04:00+00:00,1006.9,92.99,362.6,13.72,369.5,20.6,538.0,0.0520,0.70,302.2,257.2,9.7
2025-10-15T06:05:00+00:00,974.6,93.58,361.0,13.61,387.7,23.3,589.3,0.0571,0.68,302.2,257.2,11.0
2025-10-15T06:06:00+00:00,992.3,93.36,349.1,13.72,385.1,20.6,496.4,0.0522,0.74,302.2,257.2,9.5
2025-10-15T06:07:00+00:00,912.5,89.69,362.4,13.80,396.0,21.8,546.7,0.0607,0.73,302.2,257.2,11.1
2025-10-15T06:08:00+00:00,852.0,91.90,339.8,13.74,370.2,22.2,601.7,0.0544,0.71,302.2,257.2,9.7
2025-10-15T06:09:00+00:00,828.3,92.97,351.7,13.96,372.6,23.3,556.5,0.0547,0.73,302.2,257.2,9.1
2025-10-15T06:10:00+00:00,956.0,88.24,335.9,13.47,397.9,19.3,554.6,0.0522,0.75,302.2,257.2,9.7
2025-10-15T06:11:00+00:00,1769.5,96.59,343.6,14.03,401.9,19.6,624.5,0.0586,0.81,302.2,257.2,8.3
2025-10-15T06:12:00+00:00,2089.9,93.90,345.2,13.86,426.1,21.3,624.2,0.0650,0.78,302.2,257.2,9.0
2025-10-15T06:13:00+00:00,2110.6,94.96,343.3,13.73,431.0,23.8,603.8,0.0594,0.79,302.2,257.2,7.8
2025-10-15T06:14:00+00:00,2013.6,95.95,358.9,14.02,411.4,20.0,581.6,0.0580,0.76,302.2,257.2,11.6
2025-10-15T06:15:00+00:00,2053.4,95.65,343.1,13.43,412.1,21.0,564.4,0.0570,0.67,302.2,257.2,7.9
2025-10-15T06:16:00+00:00,2025.0,97.52,351.3,13.68,416.1,20.3,596.0,0.0616,0.72,302.2,257.2,8.6
2025-10-15T06:17:00+00:00,1977.4,94.72,354.6,14.09,437.2,19.6,588.2,0.0575,0.75,302.2,257.2,6.9
2025-10-15T06:18:00+00:00,2057.1,96.06,350.3,13.44,419.7,19.5,574.0,0.0588,0.82,302.2,257.2,10.9
2025-10-15T06:19:00+00:00,1859.2,92.56,350.0,13.86,402.9,21.2,620.7,0.0565,0.70,302.2,257.2,8.2
2025-10-15T06:20:00+00:00,1844.9,95.51,331.4,13.72,410.8,20.0,554.8,0.0562,0.69,302.2,257.2,9.4
2025-10-15T06:21:00+00:00,1979.4,96.70,352.1,13.83,431.2,21.4,580.6,0.0585,0.84,302.2,257.2,10.2
2025-10-15T06:22:00+00:00,1982.3,96.22,352.4,13.66,410.9,21.2,633.1,0.0577,0.77,302.2,257.2,9.1
2025-10-15T06:23:00+00:00,1981.4,95.17,341.4,13.76,411.3,20.7,577.0,0.0577,0.78,302.2,257.2,9.3
2025-10-15T06:24:00+00:00,2162.3,93.69,338.4,13.87,424.0,23.5,630.8,0.0638,0.82,302.2,257.2,10.2
2025-10-15T06:25:00+00:00,1966.7,94.56,347.0,13.79,417.3,22.4,619.1,0.0664,0.79,302.2,257.2,10.5
2025-10-15T06:26:00+00:00,2350.1,97.99,352.8,13.84,423.0,22.2,667.2,0.0604,0.83,302.2,257.2,7.7
2025-10-15T06:27:00+00:00,2128.8,96.09,356.6,13.75,421.9,17.4,603.4,0.0586,0.76,302.2,257.2,9.6
2025-10-15T06:28:00+00:00,2216.1,95.86,347.7,13.63,437.7,21.1,617.9,0.0587,0.72,302.2,257.2,9.4
2025-10-15T06:29:00+00:00,1954.9,92.60,333.6,14.04,427.9,21.1,617.9,0.0566,0.66,302.2,257.2,9.3
2025-10-15T06:30:00+00:00,1957.6,95.72,335.8,14.06,406.8,20.3,597.5,0.0578,0.79,302.2,257.2,9.1
2025-10-15T06:31:00+00:00,2101.6,97.56,357.9,13.96,440.1,20.7,601.3,0.0735,0.78,302.2,257.2,8.9
2025-10-15T06:32:00+00:00,2015.2,95.59,349.2,13.95,431.2,20.9,609.3,0.0574,0.71,302.2,257.2,8.9
2025-10-15T06:33:00+00:00,2220.5,98.09,355.6,13.72,412.8,18.6,574.8,0.0590,0.76,302.2,257.2,10.0
2025-10-15T06:34:00+00:00,2032.6,94.88,346.0,13.66,416.2,21.9,654.1,0.0632,0.73,302.2,257.2,9.5
2025-10-15T06:35:00+00:00,2099.5,96.12,352.7,14.01,428.9,21.1,579.1,0.0603,0.82,302.2,257.2,11.0
2025-10-15T06:36:00+00:00,2087.2,95.18,335.4,13.99,423.7,21.5,557.8,0.0579,0.73,302.2,257.2,8.3
2025-10-15T06:37:00+00:00,2119.7,95.42,362.9,13.72,417.9,22.0,633.2,0.0642,0.73,302.2,257.2,7.7
2025-10-15T06:38:00+00:00,1994.7,96.66,345.0,13.48,407.2,18.2,619.2,0.0577,0.73,302.2,257.2,10.0
2025-10-15T06:39:00+00:00,1872.1,93.84,352.4,13.94,408.0,21.3,624.5,0.0602,0.64,302.2,257.2,9.1
2025-10-15T06:40:00+00:00,1990.6,94.94,346.8,13.57,408.2,23.7,599.8,0.0584,0.82,302.2,257.2,11.9
2025-10-15T06:41:00+00:00,2053.1,93.80,347.4,13.64,426.7,22.2,603.0,0.0617,0.75,302.2,257.2,11.1
2025-10-15T06:42:00+00:00,2020.5,95.67,354.2,13.93,402.9,16.0,620.6,0.0615,0.76,302.2,257.2,11.2
2025-10-15T06:43:00+00:00,1915.6,95.36,343.1,13.80,423.2,20.9,562.8,0.0578,0.80,302.2,257.2,10.5
2025-10-15T06:44:00+00:00,1902.5,95.48,351.7,13.95,402.0,24.2,544.4,0.0575,0.78,302.2,257.2,9.9
2025-10-15T06:45:00+00:00,1894.1,92.96,344.3,13.65,404.0,20.7,583.0,0.0619,0.72,302.2,257.2,8.8
2025-10-15T06:46:00+00:00,2060.5,93.49,344.0,13.77,435.4,21.0,665.7,0.0572,0.66,302.2,257.2,9.0
2025-10-15T06:47:00+00:00,1894.6,97.21,350.9,13.88,426.7,22.0,573.1,0.0585,0.73,302.2,257.2,8.1
2025-10-15T06:48:00+00:00,1996.7,95.91,357.6,13.79,409.0,17.4,610.1,0.0580,0.77,302.2,257.2,9.3
2025-10-15T06:49:00+00:00,2193.7,95.58,346.6,13.85,413.2,21.5,594.6,0.0586,0.74,302.2,257.2,9.5
2025-10-15T06:50:00+00:00,1975.4,95.15,360.6,13.76,410.6,20.1,632.0,0.0622,0.84,302.2,257.2,10.0
2025-10-15T06:51:00+00:00,2051.4,96.74,329.5,13.92,427.9,20.3,615.7,0.0619,0.84,302.2,257.2,9.6
2025-10-15T06:52:00+00:00,2063.8,93.66,349.8,13.75,434.7,21.9,524.7,0.0578,0.72,302.2,257.2,10.5
2025-10-15T06:53:00+00:00,2040.7,96.07,349.0,13.99,416.6,18.9,605.9,0.0613,0.71,302.2,257.2,10.3
2025-10-15T06:54:00+00:00,1987.9,97.57,353.0,14.00,441.5,22.1,608.2,0.0606,0.81,302.2,257.2,9.3
2025-10-15T06:55:00+00:00,1810.7,93.40,347.9,13.80,402.2,21.8,577.2,0.0564,0.72,302.2,257.2,8.8
2025-10-15T06:56:00+00:00,2549.3,96.33,354.5,13.91,448.7,20.4,610.6,0.0665,0.77,302.2,257.2,9.5
2025-10-15T06:57:00+00:00,2438.5,97.48,350.5,13.41,433.6,23.0,620.7,0.0594,0.68,302.2,257.2,8.6
2025-10-15T06:58:00+00:00,2071.6,95.17,349.8,13.76,414.0,18.6,599.9,0.0621,0.75,302.2,257.2,11.0
2025-10-15T06:59:00+00:00,1984.2,95.07,339.8,13.86,414.4,23.8,597.6,0.0578,0.77,302.2,257.2,10.2
2025-10-15T07:00:00+00:00,2056.8,97.10,344.1,13.64,413.5,19.5,587.6,0.0606,0.80,302.2,257.2,11.1
2025-10-15T07:01:00+00:00,2044.4,97.02,373.1,13.55,405.5,20.1,585.1,0.0613,0.78,302.2,257.2,9.8
2025-10-15T07:02:00+00:00,2500.8,96.37,349.9,13.87,414.6,19.1,582.5,0.0598,0.70,302.2,257.2,8.1
2025-10-15T07:03:00+00:00,1913.5,91.71,356.4,13.70,394.2,20.5,605.9,0.0582,0.67,302.2,257.2,7.9
2025-10-15T07:04:00+00:00,2060.8,94.86,349.6,13.80,414.8,20.1,636.3,0.0570,0.64,302.2,257.2,10.2
2025-10-15T07:05:00+00:00,2549.9,96.55,344.7,13.70,454.2,16.8,614.3,0.0606,0.64,302.2,257.2,11.1
2025-10-15T07:06:00+00:00,2062.4,94.15,329.9,13.65,438.2,23.4,636.1,0.0578,0.72,302.2,257.2,8.7
2025-10-15T07:07:00+00:00,2398.4,94.63,343.3,13.60,428.8,19.5,596.0,0.0603,0.79,302.2,257.2,9.6
2025-10-15T07:08:00+00:00,2021.4,93.64,342.8,13.95,416.9,20.0,659.2,0.0579,0.72,302.2,257.2,9.3
2025-10-15T07:09:00+00:00,2119.6,95.11,354.5,13.68,445.4,22.5,614.7,0.0664,0.65,302.2,257.2,10.9
2025-10-15T07:10:00+00:00,2396.1,96.97,353.0,13.69,446.6,19.1,616.1,0.0686,0.66,302.2,257.2,10.4
2025-10-15T07:11:00+00:00,2579.0,98.82,349.8,13.92,438.4,21.7,583.8,0.0606,0.74,302.2,257.2,10.0
2025-10-15T07:12:00+00:00,2492.2,96.24,342.6,13.84,420.4,23.6,672.2,0.0603,0.73,302.2,257.2,9.7
2025-10-15T07:13:00+00:00,2092.8,97.52,347.3,13.96,447.8,21.3,593.9,0.0658,0.80,302.2,257.2,9.1
2025-10-15T07:14:00+00:00,2222.3,95.36,359.1,13.84,429.7,21.0,565.1,0.0593,0.79,302.2,257.2,9.2
2025-10-15T07:15:00+00:00,1928.6,94.29,349.6,13.98,430.5,22.6,668.7,0.0581,0.77,302.2,257.2,9.9
2025-10-15T07:16:00+00:00,2114.5,96.31,347.9,13.95,409.7,19.0,656.1,0.0585,0.76,302.2,257.2,9.5
2025-10-15T07:17:00+00:00,2037.0,96.47,352.8,13.49,421.3,22.7,722.9,0.0648,0.73,302.2,257.2,6.6
2025-10-15T07:18:00+00:00,1981.0,95.45,343.3,13.76,399.0,19.5,614.5,0.0583,0.82,302.2,257.2,9.4
2025-10-15T07:19:00+00:00,2022.5,96.07,354.8,13.81,407.2,19.7,617.5,0.0577,0.74,302.2,257.2,9.7
2025-10-15T07:20:00+00:00,2179.4,95.65,349.5,13.55,420.4,21.6,566.9,0.0595,0.82,302.2,257.2,10.3
2025-10-15T07:21:00+00:00,1793.8,92.76,348.5,13.45,410.4,18.2,609.7,0.0603,0.76,302.2,257.2,9.4
2025-10-15T07:22:00+00:00,2241.7,96.35,345.3,13.97,399.9,21.8,599.1,0.0595,0.68,302.2,257.2,9.6
2025-10-15T07:23:00+00:00,2062.1,96.40,356.4,13.75,405.0,22.2,635.0,0.0591,0.84,302.2,257.2,9.2
2025-10-15T07:24:00+00:00,2094.0,94.43,346.2,13.69,431.3,21.3,607.1,0.0586,0.79,302.2,257.2,10.6
2025-10-15T07:25:00+00:00,1923.6,96.09,349.8,13.83,420.1,25.7,624.2,0.0642,0.70,302.2,257.2,12.2
2025-10-15T07:26:00+00:00,2073.3,95.17,357.0,13.79,417.6,23.3,575.5,0.0576,0.71,302.2,257.2,10.0
2025-10-15T07:27:00+00:00,1979.9,96.19,348.2,13.77,418.6,23.3,587.2,0.0578,0.77,302.2,257.2,9.6
2025-10-15T07:28:00+00:00,1959.9,94.66,342.8,13.56,418.6,21.5,595.2,0.0589,0.73,302.2,257.2,8.6
2025-10-15T07:29:00+00:00,2124.5,96.14,343.6,13.86,404.3,23.8,647.5,0.0579,0.72,302.2,257.2,9.8
2025-10-15T07:30:00+00:00,1855.2,93.04,352.7,13.89,432.8,21.0,609.0,0.0658,0.86,302.2,257.2,9.1
2025-10-15T07:31:00+00:00,1872.5,96.14,353.2,13.89,399.8,24.0,557.7,0.0577,0.82,302.2,257.2,10.7
2025-10-15T07:32:00+00:00,1945.5,95.97,349.0,13.92,424.1,22.9,630.5,0.0576,0.76,302.2,257.2,9.6
2025-10-15T07:33:00+00:00,2105.4,95.81,349.6,13.70,412.9,18.0,608.5,0.0600,0.75,302.2,257.2,9.6
2025-10-15T07:34:00+00:00,2020.8,94.69,346.8,13.98,424.4,23.2,614.2,0.0653,0.80,302.2,257.2,9.7
2025-10-15T07:35:00+00:00,1950.7,97.45,344.2,13.73,410.9,19.9,624.7,0.0571,0.70,302.2,257.2,10.9
2025-10-15T07:36:00+00:00,1873.7,95.83,357.1,13.78,413.9,20.6,616.2,0.0611,0.82,302.2,257.2,9.8
2025-10-15T07:37:00+00:00,1832.2,95.30,343.6,13.84,407.6,19.6,626.6,0.0637,0.77,302.2,257.2,9.2
2025-10-15T07:38:00+00:00,1968.2,94.88,341.3,14.03,404.5,22.8,605.1,0.0567,0.67,302.2,257.2,10.3
2025-10-15T07:39:00+00:00,2033.3,93.66,340.7,13.80,421.7,24.8,639.0,0.0643,0.76,302.2,257.2,9.5
2025-10-15T07:40:00+00:00,1977.6,97.57,348.7,13.69,412.6,21.2,592.9,0.0622,0.75,302.2,257.2,10.4
2025-10-15T07:41:00+00:00,1884.7,95.53,345.7,13.80,408.2,21.7,597.8,0.0576,0.81,302.2,257.2,9.9
2025-10-15T07:42:00+00:00,2173.7,96.82,361.5,13.77,431.0,20.0,636.8,0.0603,0.73,302.2,257.2,8.2
2025-10-15T07:43:00+00:00,2108.2,93.92,363.4,13.75,393.6,19.8,681.7,0.0613,0.71,302.2,257.2,8.7
2025-10-15T07:44:00+00:00,2125.0,94.25,345.1,13.53,424.5,20.3,596.4,0.0616,0.67,302.2,257.2,11.2
2025-10-15T07:45:00+00:00,1999.2,92.44,359.0,13.99,416.0,22.8,571.9,0.0572,0.70,302.2,257.2,10.3
2025-10-15T07:46:00+00:00,1952.7,95.02,346.7,13.85,419.2,21.9,584.5,0.0574,0.75,302.2,257.2,7.8
2025-10-15T07:47:00+00:00,2149.8,96.08,352.6,13.85,431.7,20.5,570.8,0.0587,0.75,302.2,257.2,8.9
2025-10-15T07:48:00+00:00,2121.6,96.20,351.4,13.90,437.1,19.1,566.6,0.0659,0.74,302.2,257.2,10.1
2025-10-15T07:49:00+00:00,2013.7,95.88,346.9,13.73,425.8,20.5,632.9,0.0582,0.79,302.2,257.2,10.1
2025-10-15T07:50:00+00:00,2191.7,93.90,340.0,13.78,435.4,21.4,593.8,0.0590,0.78,302.2,257.2,9.3
2025-10-15T07:51:00+00:00,1958.2,95.84,350.6,13.78,429.7,19.7,580.8,0.0576,0.77,302.2,257.2,10.2
2025-10-15T07:52:00+00:00,2159.5,93.17,357.0,13.64,436.4,18.7,609.8,0.0588,0.79,302.2,257.2,9.4
2025-10-15T07:53:00+00:00,1957.5,94.48,352.5,13.55,420.2,21.8,660.7,0.0577,0.76,302.2,257.2,8.3
2025-10-15T07:54:00+00:00,2033.0,96.56,332.6,13.59,430.7,19.9,573.9,0.0617,0.87,302.2,257.2,11.1
2025-10-15T07:55:00+00:00,1890.6,96.18,368.4,13.73,414.1,20.2,550.8,0.0570,0.74,302.2,257.2,8.5
2025-10-15T07:56:00+00:00,2075.9,94.69,346.5,13.76,411.1,24.3,565.9,0.0611,0.71,302.2,257.2,8.7
2025-10-15T07:57:00+00:00,1941.8,93.52,348.2,13.75,410.8,19.7,572.4,0.0644,0.85,302.2,257.2,10.2
2025-10-15T07:58:00+00:00,2164.4,94.93,345.3,13.49,423.6,22.0,568.3,0.0588,0.77,302.2,257.2,10.8
2025-10-15T07:59:00+00:00,2090.4,92.19,352.2,13.50,419.5,19.3,604.4,0.0592,0.81,302.2,257.2,9.1
2025-10-15T08:00:00+00:00,1962.0,97.51,352.5,13.67,422.1,19.4,578.9,0.0566,0.65,302.2,257.2,8.4
2025-10-15T08:01:00+00:00,2037.8,95.88,353.3,13.88,421.8,20.0,617.0,0.0576,0.71,302.2,257.2,8.3
2025-10-15T08:02:00+00:00,1991.5,95.20,363.9,13.83,394.2,22.5,621.7,0.0581,0.80,302.2,257.2,11.0
2025-10-15T08:03:00+00:00,2010.7,95.97,352.3,13.67,429.1,20.4,600.3,0.0601,0.79,302.2,257.2,8.4
2025-10-15T08:04:00+00:00,2001.0,95.93,348.1,13.66,413.1,21.8,665.9,0.0605,0.69,302.2,257.2,8.8
2025-10-15T08:05:00+00:00,1975.4,94.18,346.3,13.89,425.3,21.7,580.0,0.0579,0.78,302.2,257.2,11.4
2025-10-15T08:06:00+00:00,1913.1,94.81,338.5,13.96,422.0,20.6,622.8,0.0580,0.79,302.2,257.2,9.4
2025-10-15T08:07:00+00:00,999.6,92.13,351.4,13.75,388.6,21.4,540.1,0.0524,0.75,302.2,257.2,10.2
2025-10-15T08:08:00+00:00,1017.4,93.64,367.1,13.63,389.2,22.0,557.3,0.0534,0.72,302.2,257.2,9.6
2025-10-15T08:09:00+00:00,1002.2,91.82,338.0,13.45,358.0,22.8,509.8,0.0521,0.71,302.2,257.2,11.8
2025-10-15T08:10:00+00:00,917.0,91.74,356.4,13.71,394.8,19.7,534.9,0.0543,0.76,302.2,257.2,8.0
2025-10-15T08:11:00+00:00,1002.1,89.20,369.7,13.96,392.4,21.8,544.0,0.0530,0.82,302.2,257.2,9.8
2025-10-15T08:12:00+00:00,955.0,90.83,368.1,13.54,360.2,21.2,579.0,0.0539,0.74,302.2,257.2,10.3
2025-10-15T08:13:00+00:00,919.7,91.51,354.4,14.12,384.3,21.7,532.6,0.0523,0.80,302.2,257.2,9.5
2025-10-15T08:14:00+00:00,863.3,92.61,364.6,13.63,378.4,23.2,545.7,0.0508,0.66,302.2,257.2,8.9
2025-10-15T08:15:00+00:00,954.3,91.83,358.1,13.70,383.9,20.9,534.1,0.0561,0.76,302.2,257.2,9.9
2025-10-15T08:16:00+00:00,897.0,90.92,349.5,13.55,379.4,22.6,549.1,0.0542,0.74,302.2,257.2,8.7
2025-10-15T14:00:00+00:00,1048.3,93.52,356.2,13.87,394.9,20.8,579.0,0.0531,0.69,302.2,257.2,7.7
2025-10-15T14:01:00+00:00,1089.5,91.88,345.4,13.78,375.5,22.8,501.0,0.0525,0.73,302.2,257.2,9.0
2025-10-15T14:02:00+00:00,866.0,93.03,361.2,13.72,345.0,21.3,564.6,0.0521,0.81,302.2,257.2,7.1
2025-10-15T14:03:00+00:00,878.4,93.41,368.5,14.01,381.3,20.8,542.8,0.0513,0.71,302.2,257.2,7.8
2025-10-15T14:04:00+00:00,983.7,92.61,356.2,14.05,404.0,18.7,554.5,0.0564,0.76,302.2,257.2,11.2
2025-10-15T14:05:00+00:00,948.8,88.71,364.5,13.85,394.2,23.3,609.8,0.0550,0.79,302.2,257.2,9.9
2025-10-15T14:06:00+00:00,848.3,92.16,358.1,13.94,376.2,20.3,520.3,0.0521,0.76,302.2,257.2,11.3
2025-10-15T14:07:00+00:00,1096.7,94.17,348.6,13.85,391.1,20.7,568.8,0.0576,0.79,302.2,257.2,9.6
2025-10-15T14:08:00+00:00,949.1,95.28,364.7,13.84,362.9,21.1,566.8,0.0572,0.83,302.2,257.2,7.9
2025-10-15T14:09:00+00:00,932.1,91.05,344.0,13.70,392.2,22.0,565.6,0.0518,0.73,302.2,257.2,8.6
2025-10-15T14:10:00+00:00,920.0,94.36,372.3,13.82,365.1,21.8,504.8,0.0578,0.70,302.2,257.2,9.3
2025-10-15T14:11:00+00:00,1009.7,90.02,346.0,13.64,378.8,21.7,611.4,0.0529,0.80,302.2,257.2,9.0
2025-10-15T14:12:00+00:00,925.3,93.10,364.8,13.84,368.6,22.7,522.3,0.0584,0.76,302.2,257.2,8.7
2025-10-15T14:13:00+00:00,882.9,94.26,349.6,13.87,392.4,21.3,580.7,0.0584,0.76,302.2,257.2,8.1
2025-10-15T14:14:00+00:00,1891.2,94.89,346.8,13.89,433.5,22.8,694.1,0.0582,0.70,302.2,257.2,9.2
2025-10-15T14:15:00+00:00,1829.3,93.86,336.1,13.72,389.4,21.3,554.6,0.0570,0.70,302.2,257.2,10.8
2025-10-15T14:16:00+00:00,2038.9,97.53,359.2,14.03,445.8,20.2,544.1,0.0576,0.71,302.2,257.2,8.7
2025-10-15T14:17:00+00:00,1939.6,90.56,337.6,13.81,409.1,23.6,612.1,0.0580,0.72,302.2,257.2,9.7
2025-10-15T14:18:00+00:00,1893.7,94.77,352.0,13.91,405.0,23.1,534.3,0.0585,0.83,302.2,257.2,8.7
2025-10-15T14:19:00+00:00,2048.2,95.21,350.1,13.87,422.0,20.8,682.8,0.0626,0.87,302.2,257.2,10.9
2025-10-15T14:20:00+00:00,2197.6,95.44,366.2,13.77,412.6,19.5,578.6,0.0618,0.79,302.2,257.2,9.9
2025-10-15T14:21:00+00:00,2006.2,96.13,348.6,13.66,411.4,19.7,592.1,0.0577,0.75,302.2,257.2,9.2
2025-10-15T14:22:00+00:00,2018.9,94.56,345.3,14.00,420.6,20.2,661.2,0.0604,0.77,302.2,257.2,9.0
2025-10-15T14:23:00+00:00,2182.1,95.89,336.3,13.86,428.4,19.4,652.7,0.0651,0.86,302.2,257.2,7.6
2025-10-15T14:24:00+00:00,1921.0,93.38,358.3,13.75,422.5,24.0,653.6,0.0578,0.79,302.2,257.2,7.7
2025-10-15T14:25:00+00:00,2054.7,97.65,355.8,13.90,434.8,24.9,602.8,0.0586,0.81,302.2,257.2,10.2
2025-10-15T14:26:00+00:00,2147.8,96.49,346.0,13.88,431.1,20.4,597.5,0.0613,0.65,302.2,257.2,9.1
2025-10-15T14:27:00+00:00,2053.5,94.69,347.3,13.98,427.5,20.1,661.0,0.0587,0.82,302.2,257.2,8.6
2025-10-15T14:28:00+00:00,2042.2,97.77,353.7,13.73,402.0,24.0,630.7,0.0627,0.68,302.2,257.2,11.7
2025-10-15T14:29:00+00:00,2113.2,94.69,363.1,13.90,437.7,18.1,664.9,0.0599,0.91,302.2,257.2,8.1
2025-10-15T14:30:00+00:00,2018.9,97.18,364.1,13.93,432.0,17.5,556.0,0.0625,0.68,302.2,257.2,11.4
2025-10-15T14:31:00+00:00,2088.1,95.13,347.6,13.84,415.3,20.4,587.1,0.0610,0.71,302.2,257.2,10.8
2025-10-15T14:32:00+00:00,2208.3,96.00,355.0,13.94,429.1,20.3,616.9,0.0641,0.75,302.2,257.2,8.9
2025-10-15T14:33:00+00:00,2090.4,95.00,356.2,13.93,443.8,20.0,590.5,0.0577,0.69,302.2,257.2,9.9
2025-10-15T14:34:00+00:00,1889.7,95.23,354.9,13.80,419.3,19.9,589.3,0.0570,0.74,302.2,257.2,10.0
2025-10-15T14:35:00+00:00,2023.1,97.04,355.4,13.91,399.4,20.8,576.8,0.0636,0.86,302.2,257.2,9.1
2025-10-15T14:36:00+00:00,2061.6,95.24,349.9,13.84,410.4,20.6,616.6,0.0629,0.75,302.2,257.2,7.9
2025-10-15T14:37:00+00:00,1925.6,93.37,349.4,14.00,419.8,20.3,605.1,0.0571,0.71,302.2,257.2,8.8
2025-10-15T14:38:00+00:00,2063.6,95.87,344.2,13.89,424.8,20.0,595.7,0.0581,0.77,302.2,257.2,9.2
2025-10-15T14:39:00+00:00,1895.0,95.30,351.6,13.89,409.8,20.5,609.0,0.0607,0.75,302.2,257.2,8.8
2025-10-15T14:40:00+00:00,2016.7,92.43,354.1,13.81,422.7,21.8,589.0,0.0575,0.73,302.2,257.2,7.8
2025-10-15T14:41:00+00:00,2053.3,95.92,350.0,13.52,429.5,20.6,628.6,0.0579,0.74,302.2,257.2,8.0
2025-10-15T14:42:00+00:00,1927.1,95.70,342.6,13.87,397.4,22.4,671.3,0.0585,0.84,302.2,257.2,9.6
2025-10-15T14:43:00+00:00,2066.0,95.62,343.6,14.02,415.0,21.8,593.5,0.0606,0.74,302.2,257.2,9.8
2025-10-15T14:44:00+00:00,2055.9,94.78,337.9,14.02,428.1,21.4,602.6,0.0574,0.69,302.2,257.2,8.5
2025-10-15T14:45:00+00:00,1872.4,94.42,370.4,14.04,411.4,20.0,601.0,0.0571,0.75,302.2,257.2,9.3
2025-10-15T14:46:00+00:00,1924.9,93.78,355.9,13.84,413.9,20.0,557.3,0.0587,0.78,302.2,257.2,9.0
2025-10-15T14:47:00+00:00,1888.7,93.18,342.7,13.91,409.1,20.3,627.4,0.0574,0.78,302.2,257.2,10.2
2025-10-15T14:48:00+00:00,1948.9,96.58,347.5,13.41,422.8,22.2,627.4,0.0569,0.70,302.2,257.2,7.9
2025-10-15T14:49:00+00:00,1844.9,95.17,341.4,13.68,412.9,21.4,636.7,0.0569,0.76,302.2,257.2,9.3
2025-10-15T14:50:00+00:00,1768.4,94.07,351.0,13.89,400.1,18.9,594.0,0.0607,0.68,302.2,257.2,8.2
2025-10-15T14:51:00+00:00,1963.9,95.89,343.9,13.77,423.2,22.2,568.4,0.0635,0.70,302.2,257.2,10.5
2025-10-15T14:52:00+00:00,1955.4,91.39,338.1,13.44,413.2,23.5,623.8,0.0576,0.76,302.2,257.2,8.1
2025-10-15T14:53:00+00:00,2031.1,94.73,356.1,13.65,432.6,21.4,556.0,0.0583,0.79,302.2,257.2,9.4
2025-10-15T14:54:00+00:00,2372.6,95.00,362.9,14.01,436.4,20.4,633.5,0.0624,0.79,302.2,257.2,9.7
2025-10-15T14:55:00+00:00,2139.6,94.51,338.6,14.03,409.3,21.3,643.5,0.0591,0.82,302.2,257.2,10.3
2025-10-15T14:56:00+00:00,2159.7,95.33,343.7,13.72,405.7,21.5,600.5,0.0584,0.73,302.2,257.2,7.7
2025-10-15T14:57:00+00:00,1942.9,93.60,346.1,13.71,422.2,19.7,621.2,0.0582,0.83,302.2,257.2,10.7
2025-10-15T14:58:00+00:00,2151.0,98.02,349.4,13.58,436.5,21.1,578.9,0.0625,0.81,302.2,257.2,9.1
2025-10-15T14:59:00+00:00,2089.2,95.69,348.0,13.93,435.7,21.6,590.8,0.0577,0.70,302.2,257.2,10.2
2025-10-15T15:00:00+00:00,2131.0,96.59,335.3,13.91,445.8,22.8,597.0,0.0581,0.72,302.2,257.2,9.8
2025-10-15T15:01:00+00:00,2077.9,92.96,347.8,13.85,403.4,19.9,581.6,0.0578,0.71,302.2,257.2,11.0
2025-10-15T15:02:00+00:00,1921.1,94.77,349.0,13.89,397.5,19.6,595.6,0.0569,0.71,302.2,257.2,10.1
2025-10-15T15:03:00+00:00,2008.5,95.71,340.8,14.03,430.8,24.3,599.4,0.0581,0.78,302.2,257.2,9.4
2025-10-15T15:04:00+00:00,2061.5,97.54,352.0,13.82,402.7,21.3,609.3,0.0621,0.72,302.2,257.2,10.6
2025-10-15T15:05:00+00:00,1918.8,95.26,340.2,13.87,424.2,22.2,555.3,0.0572,0.74,302.2,257.2,8.4
2025-10-15T15:06:00+00:00,1858.3,95.78,352.7,13.95,401.4,19.6,604.2,0.0573,0.78,302.2,257.2,8.4
2025-10-15T15:07:00+00:00,2042.4,95.00,352.3,13.75,408.9,22.3,566.3,0.0624,0.89,302.2,257.2,11.5
2025-10-15T15:08:00+00:00,1958.7,95.54,348.6,14.08,422.1,21.5,583.6,0.0569,0.70,302.2,257.2,9.4
2025-10-15T15:09:00+00:00,2102.6,95.11,351.8,13.88,394.8,20.7,620.5,0.0626,0.76,302.2,257.2,9.1
2025-10-15T15:10:00+00:00,2004.1,92.67,346.5,13.80,412.0,19.3,612.2,0.0590,0.67,302.2,257.2,10.1
2025-10-15T15:11:00+00:00,2331.1,97.63,339.9,13.87,412.6,18.7,607.8,0.0594,0.72,302.2,257.2,8.6
2025-10-15T15:12:00+00:00,2392.7,96.50,348.7,14.12,428.8,25.3,604.3,0.0606,0.81,302.2,257.2,10.0
2025-10-15T15:13:00+00:00,1992.8,96.41,346.0,13.56,407.8,21.4,586.9,0.0624,0.74,302.2,257.2,9.8
2025-10-15T15:14:00+00:00,1991.7,95.82,361.2,14.04,424.0,19.2,578.2,0.0572,0.70,302.2,257.2,9.9
2025-10-15T15:15:00+00:00,1967.7,95.18,344.8,13.59,435.7,19.6,580.4,0.0586,0.73,302.2,257.2,10.7
2025-10-15T15:16:00+00:00,2522.8,99.25,346.7,13.90,412.6,23.1,672.8,0.0607,0.78,302.2,257.2,8.6
2025-10-15T15:17:00+00:00,2398.5,99.50,339.1,13.81,453.9,19.4,624.1,0.0613,0.76,302.2,257.2,10.4
2025-10-15T15:18:00+00:00,1841.7,94.72,358.3,13.62,412.8,22.3,601.0,0.0612,0.79,302.2,257.2,9.0
2025-10-15T15:19:00+00:00,2117.1,95.66,350.4,13.95,400.1,19.8,618.3,0.0669,0.77,302.2,257.2,9.0
2025-10-15T15:20:00+00:00,2413.4,93.05,343.5,13.69,443.4,20.4,639.3,0.0666,0.66,302.2,257.2,9.6
2025-10-15T15:21:00+00:00,2434.2,97.47,340.9,13.90,405.2,19.7,629.7,0.0639,0.86,302.2,257.2,9.0
2025-10-15T15:22:00+00:00,1705.4,94.04,366.5,13.63,425.8,18.6,601.7,0.0557,0.71,302.2,257.2,8.6
2025-10-15T15:23:00+00:00,2365.0,97.19,341.9,13.90,444.4,24.0,624.8,0.0600,0.78,302.2,257.2,10.3
2025-10-15T15:24:00+00:00,2518.9,98.19,343.2,13.71,428.8,22.0,589.0,0.0682,0.69,302.2,257.2,10.2
2025-10-15T15:25:00+00:00,2193.1,97.89,356.1,13.65,424.8,20.1,661.8,0.0590,0.78,302.2,257.2,10.2
2025-10-15T15:26:00+00:00,1996.1,96.33,340.1,13.75,421.9,24.9,593.8,0.0670,0.74,302.2,257.2,10.5
2025-10-15T15:27:00+00:00,2184.2,94.87,336.0,13.80,428.3,21.3,563.4,0.0619,0.72,302.2,257.2,10.3
2025-10-15T15:28:00+00:00,2425.2,98.48,333.3,13.72,415.4,19.7,590.3,0.0603,0.77,302.2,257.2,10.9
2025-10-15T15:29:00+00:00,2062.8,95.90,347.1,13.65,417.9,21.1,551.2,0.0579,0.75,302.2,257.2,10.6
2025-10-15T15:30:00+00:00,2352.3,96.39,333.9,13.81,441.8,21.0,579.2,0.0595,0.73,302.2,257.2,7.7
2025-10-15T15:31:00+00:00,2526.9,96.37,336.1,13.77,443.8,23.4,645.5,0.0614,0.78,302.2,257.2,8.8
2025-10-15T15:32:00+00:00,2534.4,97.13,356.6,13.80,444.5,21.1,636.0,0.0623,0.74,302.2,257.2,9.8
2025-10-15T15:33:00+00:00,2055.8,94.69,353.7,13.73,390.3,20.3,573.5,0.0579,0.75,302.2,257.2,9.9
2025-10-15T15:34:00+00:00,2082.8,94.15,357.6,13.37,425.4,19.2,648.7,0.0585,0.79,302.2,257.2,9.9
2025-10-15T15:35:00+00:00,2069.9,97.30,361.4,13.99,403.6,21.7,590.0,0.0582,0.76,302.2,257.2,8.9
2025-10-15T15:36:00+00:00,1743.6,97.17,347.5,14.03,409.6,24.7,589.8,0.0593,0.78,302.2,257.2,8.0
2025-10-15T15:37:00+00:00,2523.3,95.13,351.5,13.69,434.1,22.5,568.2,0.0645,0.77,302.2,257.2,9.7
2025-10-15T15:38:00+00:00,2049.4,96.31,342.0,13.52,430.1,20.7,579.2,0.0579,0.75,302.2,257.2,9.1
2025-10-15T15:39:00+00:00,1851.2,93.83,344.1,13.92,405.6,21.8,613.6,0.0565,0.72,302.2,257.2,9.7
2025-10-15T15:40:00+00:00,1959.9,94.45,349.9,13.79,447.2,20.0,667.2,0.0572,0.72,302.2,257.2,10.8
2025-10-15T15:41:00+00:00,1935.9,93.70,349.4,13.66,413.5,21.1,590.0,0.0583,0.84,302.2,257.2,10.1
2025-10-15T15:42:00+00:00,1897.7,96.08,335.9,13.90,407.8,21.5,599.5,0.0572,0.74,302.2,257.2,8.8
2025-10-15T15:43:00+00:00,1914.1,93.54,354.6,13.78,387.9,21.8,554.8,0.0641,0.79,302.2,257.2,7.9
2025-10-15T15:44:00+00:00,2147.1,96.02,331.6,13.64,428.3,20.0,630.3,0.0590,0.80,302.2,257.2,8.5
2025-10-15T15:45:00+00:00,1853.3,94.84,348.5,13.75,444.4,18.9,636.3,0.0575,0.81,302.2,257.2,8.7
2025-10-15T15:46:00+00:00,2079.4,96.73,343.7,13.80,422.7,20.1,634.3,0.0652,0.77,302.2,257.2,8.0
2025-10-15T15:47:00+00:00,2047.5,96.58,357.6,13.69,426.9,23.2,522.5,0.0581,0.77,302.2,257.2,10.8
2025-10-15T15:48:00+00:00,2085.7,93.20,350.3,13.81,434.1,21.0,621.6,0.0651,0.74,302.2,257.2,9.3
2025-10-15T15:49:00+00:00,2195.7,94.22,348.4,13.79,424.5,19.8,641.3,0.0647,0.79,302.2,257.2,10.5
2025-10-15T15:50:00+00:00,2035.5,96.58,331.5,13.49,408.7,19.9,609.1,0.0581,0.77,302.2,257.2,11.7
2025-10-15T15:51:00+00:00,1907.8,94.54,349.0,13.69,424.2,22.5,628.1,0.0629,0.77,302.2,257.2,10.3
2025-10-15T15:52:00+00:00,1887.4,96.52,347.7,14.01,443.8,17.6,697.5,0.0575,0.80,302.2,257.2,8.5
2025-10-15T15:53:00+00:00,1708.0,94.79,363.2,13.58,396.4,23.0,553.9,0.0634,0.81,302.2,257.2,10.3
2025-10-15T15:54:00+00:00,2078.6,96.76,354.9,13.81,421.2,20.2,640.6,0.0578,0.72,302.2,257.2,7.1
2025-10-15T15:55:00+00:00,2141.4,94.73,343.8,14.08,380.8,20.3,627.6,0.0577,0.67,302.2,257.2,9.6
2025-10-15T15:56:00+00:00,2181.6,93.02,340.3,13.84,418.5,18.8,620.9,0.0593,0.81,302.2,257.2,9.3
2025-10-15T15:57:00+00:00,2232.6,97.50,330.7,13.94,416.7,18.8,618.0,0.0592,0.77,302.2,257.2,8.6
2025-10-15T15:58:00+00:00,2297.9,96.25,338.2,13.74,426.3,21.4,588.8,0.0599,0.81,302.2,257.2,10.0
2025-10-15T15:59:00+00:00,2031.2,97.29,354.3,13.64,396.7,17.9,611.0,0.0579,0.74,302.2,257.2,10.1
2025-10-15T16:00:00+00:00,2189.7,96.29,343.8,13.83,424.9,20.1,664.0,0.0690,0.79,302.2,257.2,11.0
2025-10-15T16:01:00+00:00,2130.4,97.75,338.9,14.03,431.0,22.8,594.7,0.0657,0.69,302.2,257.2,11.1
2025-10-15T16:02:00+00:00,2095.8,94.57,350.6,13.83,405.6,23.0,605.1,0.0590,0.82,302.2,257.2,7.8
2025-10-15T16:03:00+00:00,1986.0,94.66,357.6,13.68,386.4,20.2,652.3,0.0579,0.79,302.2,257.2,9.0
2025-10-15T16:04:00+00:00,2098.6,94.26,357.7,13.46,415.4,22.7,622.6,0.0588,0.80,302.2,257.2,11.3
2025-10-15T16:05:00+00:00,2055.8,95.11,350.9,13.96,421.8,21.3,601.7,0.0629,0.84,302.2,257.2,10.4
2025-10-15T16:06:00+00:00,1859.5,97.52,342.8,13.64,390.1,21.3,610.3,0.0567,0.72,302.2,257.2,8.9
2025-10-15T16:07:00+00:00,1887.8,94.81,367.4,13.91,416.2,22.0,618.2,0.0633,0.71,302.2,257.2,10.0
2025-10-15T16:08:00+00:00,2052.5,98.21,346.7,14.09,407.1,21.2,636.4,0.0578,0.74,302.2,257.2,8.0
2025-10-15T16:09:00+00:00,1898.8,96.26,347.5,13.72,420.1,21.5,651.5,0.0649,0.71,302.2,257.2,10.2
2025-10-15T16:10:00+00:00,1929.0,94.70,350.4,13.87,425.1,21.0,516.6,0.0596,0.77,302.2,257.2,8.5
2025-10-15T16:11:00+00:00,1898.0,92.52,354.5,13.77,413.1,21.0,556.2,0.0608,0.79,302.2,257.2,9.6
2025-10-15T16:12:00+00:00,1958.0,94.58,348.9,13.79,412.0,20.4,606.5,0.0575,0.76,302.2,257.2,9.9
2025-10-15T16:13:00+00:00,2079.7,95.20,354.0,13.81,417.7,21.3,573.4,0.0578,0.72,302.2,257.2,8.7
2025-10-15T16:14:00+00:00,1952.3,94.66,354.2,13.68,373.6,18.7,582.2,0.0576,0.74,302.2,257.2,8.6
2025-10-15T16:15:00+00:00,2178.4,93.53,359.4,13.70,437.4,22.5,597.4,0.0646,0.83,302.2,257.2,10.1
2025-10-15T16:16:00+00:00,1814.4,98.52,353.9,13.57,423.4,20.3,555.4,0.0575,0.82,302.2,257.2,11.1
2025-10-15T16:17:00+00:00,1650.0,95.06,351.3,13.50,421.3,22.4,632.7,0.0565,0.80,302.2,257.2,9.2
2025-10-15T16:18:00+00:00,1946.3,93.41,362.2,13.84,410.5,21.0,603.0,0.0606,0.80,302.2,257.2,10.7
2025-10-15T16:19:00+00:00,1942.1,94.20,341.7,13.75,404.7,22.5,608.3,0.0656,0.76,302.2,257.2,11.5
2025-10-15T16:20:00+00:00,1881.7,95.46,359.8,13.48,402.4,23.0,665.2,0.0568,0.73,302.2,257.2,9.3
2025-10-15T16:21:00+00:00,2181.8,97.84,352.3,13.87,422.3,21.4,707.7,0.0596,0.85,302.2,257.2,10.6
2025-10-15T16:22:00+00:00,1931.2,94.40,350.9,13.77,418.3,23.8,584.7,0.0580,0.81,302.2,257.2,11.3
2025-10-15T16:23:00+00:00,1898.9,93.10,351.5,13.78,393.9,22.2,566.4,0.0588,0.78,302.2,257.2,10.2
2025-10-15T16:24:00+00:00,1910.1,95.85,356.4,13.82,432.2,18.5,615.9,0.0701,0.69,302.2,257.2,8.4
2025-10-15T16:25:00+00:00,2019.8,95.31,350.3,13.67,424.3,22.1,596.4,0.0613,0.73,302.2,257.2,8.0
2025-10-15T16:26:00+00:00,1969.9,97.21,348.2,14.00,433.9,21.1,611.6,0.0577,0.77,302.2,257.2,9.3
2025-10-15T16:27:00+00:00,2055.2,95.99,357.2,13.91,425.2,20.5,653.5,0.0614,0.85,302.2,257.2,8.5
2025-10-15T16:28:00+00:00,2117.8,93.83,339.7,13.81,416.0,22.1,598.9,0.0610,0.73,302.2,257.2,10.6
2025-10-15T16:29:00+00:00,1988.4,93.52,352.3,13.80,443.5,23.4,609.8,0.0591,0.78,302.2,257.2,7.6
2025-10-15T16:30:00+00:00,2181.3,95.37,349.8,13.77,399.2,20.3,582.0,0.0583,0.72,302.2,257.2,10.4
2025-10-15T16:31:00+00:00,1920.8,96.95,357.2,13.89,418.3,20.7,568.1,0.0568,0.72,302.2,257.2,10.7
2025-10-15T16:32:00+00:00,2244.3,98.47,349.9,14.17,448.1,22.8,595.4,0.0588,0.72,302.2,257.2,8.8
2025-10-15T16:33:00+00:00,1926.4,97.32,352.2,14.06,416.2,23.2,601.1,0.0577,0.79,302.2,257.2,8.1
2025-10-15T16:34:00+00:00,2033.3,94.89,347.0,13.77,419.1,20.6,547.5,0.0588,0.65,302.2,257.2,8.7
2025-10-15T16:35:00+00:00,2049.8,96.09,345.7,13.96,420.9,23.0,611.5,0.0579,0.74,302.2,257.2,8.6
2025-10-15T16:36:00+00:00,1712.9,93.56,346.7,13.82,416.1,21.1,652.0,0.0621,0.71,302.2,257.2,8.1
2025-10-15T16:37:00+00:00,1984.3,94.18,341.6,13.83,419.0,19.5,591.5,0.0570,0.69,302.2,257.2,10.1
2025-10-15T16:38:00+00:00,1989.5,94.19,343.3,14.04,442.1,21.6,632.6,0.0578,0.77,302.2,257.2,8.8
2025-10-15T16:39:00+00:00,1093.2,92.19,351.8,13.58,373.7,20.8,507.1,0.0526,0.72,302.2,257.2,10.7
2025-10-15T16:40:00+00:00,993.2,94.69,374.8,13.59,368.1,20.8,515.7,0.0556,0.75,302.2,257.2,7.6
2025-10-15T16:41:00+00:00,999.7,91.40,354.5,13.40,392.0,21.1,559.3,0.0573,0.82,302.2,257.2,10.9
2025-10-15T16:42:00+00:00,972.0,90.88,354.8,13.82,380.1,21.1,523.4,0.0521,0.73,302.2,257.2,8.5
2025-10-15T16:43:00+00:00,941.0,91.26,349.1,13.76,371.1,17.3,509.4,0.0516,0.70,302.2,257.2,10.6
2025-10-15T16:44:00+00:00,1065.6,95.73,344.7,13.90,385.9,23.6,575.0,0.0539,0.73,302.2,257.2,9.0
2025-10-15T16:45:00+00:00,1117.2,89.70,363.2,14.13,380.3,19.8,543.3,0.0524,0.69,302.2,257.2,10.1
2025-10-15T16:46:00+00:00,859.9,92.17,363.9,13.79,366.9,22.1,567.1,0.0528,0.75,302.2,257.2,10.6
2025-10-15T16:47:00+00:00,991.0,92.89,360.8,13.76,408.5,23.8,513.6,0.0625,0.75,302.2,257.2,10.7
2025-10-15T16:48:00+00:00,920.3,89.26,352.6,13.67,373.8,21.3,607.2,0.0530,0.80,302.2,257.2,9.4
2025-10-15T16:49:00+00:00,1050.5,91.08,360.6,13.47,381.5,17.9,563.5,0.0518,0.67,302.2,257.2,9.2
2025-10-15T16:50:00+00:00,955.3,93.28,360.9,13.45,371.6,22.0,558.8,0.0517,0.69,302.2,257.2,9.3
2025-10-15T16:51:00+00:00,972.5,91.34,366.9,13.90,365.9,21.4,621.8,0.0524,0.78,302.2,257.2,10.6
2025-10-16T06:00:00+00:00,1122.2,91.90,355.9,13.92,376.3,20.9,539.2,0.0643,1.15,336.5,111.5,13.4
2025-10-16T06:01:00+00:00,849.1,91.70,358.2,13.84,375.4,19.8,543.9,0.0598,1.08,336.5,111.5,10.2
2025-10-16T06:02:00+00:00,877.6,93.40,347.0,13.77,375.5,16.9,560.9,0.0577,1.07,336.5,111.5,11.4
2025-10-16T06:03:00+00:00,1035.6,91.73,357.8,13.97,372.0,20.2,594.2,0.0611,1.02,336.5,111.5,12.0
2025-10-16T06:04:00+00:00,897.9,92.69,354.3,13.89,377.8,22.6,553.9,0.0547,1.04,336.5,111.5,12.5
2025-10-16T06:05:00+00:00,1061.2,92.25,367.1,13.72,407.3,18.2,587.9,0.0560,1.02,336.5,111.5,12.1
2025-10-16T06:06:00+00:00,1098.9,92.67,352.4,13.98,389.5,21.2,573.4,0.0563,1.08,336.5,111.5,11.6
2025-10-16T06:07:00+00:00,1133.1,94.52,353.0,13.81,407.0,20.9,568.9,0.0576,1.02,336.5,111.5,12.9
2025-10-16T06:08:00+00:00,875.3,94.60,356.3,13.71,382.1,21.2,617.7,0.0642,1.15,336.5,111.5,11.7
2025-10-16T06:09:00+00:00,928.4,90.21,349.7,13.56,382.5,23.0,492.0,0.0550,1.05,336.5,111.5,12.7
2025-10-16T06:10:00+00:00,1044.7,95.25,343.4,13.86,398.9,21.9,584.2,0.0574,0.96,336.5,111.5,12.2
2025-10-16T06:11:00+00:00,821.2,92.52,351.1,13.50,393.5,21.0,532.0,0.0546,1.06,336.5,111.5,15.0
2025-10-16T06:12:00+00:00,864.5,91.59,343.9,13.89,380.3,21.6,590.6,0.0611,1.08,336.5,111.5,12.0
2025-10-16T06:13:00+00:00,1998.5,95.04,348.9,13.77,440.9,19.3,573.3,0.0631,1.09,336.5,111.5,12.4
2025-10-16T06:14:00+00:00,1955.2,97.05,354.9,13.72,439.0,22.3,563.9,0.0625,1.07,336.5,111.5,11.5
2025-10-16T06:15:00+00:00,2040.0,95.92,346.5,13.56,407.8,20.7,611.0,0.0617,1.12,336.5,111.5,11.4
2025-10-16T06:16:00+00:00,1925.1,94.40,350.6,13.99,424.2,19.7,623.0,0.0649,1.04,336.5,111.5,13.1
2025-10-16T06:17:00+00:00,2004.1,96.97,351.3,13.77,402.3,20.9,637.1,0.0601,0.98,336.5,111.5,12.9
2025-10-16T06:18:00+00:00,2112.6,97.39,345.8,13.98,410.7,21.7,562.0,0.0620,1.12,336.5,111.5,13.6
2025-10-16T06:19:00+00:00,1963.8,94.24,361.2,13.89,413.8,20.2,603.2,0.0601,1.00,336.5,111.5,12.8
2025-10-16T06:20:00+00:00,2068.4,95.87,345.0,13.63,438.9,20.2,611.4,0.0613,1.08,336.5,111.5,11.7
2025-10-16T06:21:00+00:00,2103.1,97.27,323.9,13.88,403.6,22.6,639.6,0.0608,1.00,336.5,111.5,12.1
2025-10-16T06:22:00+00:00,2169.4,93.73,354.1,13.74,431.3,19.5,558.1,0.0618,1.06,336.5,111.5,13.5
2025-10-16T06:23:00+00:00,2014.5,91.29,346.4,13.73,407.6,20.0,576.3,0.0658,1.05,336.5,111.5,13.1
2025-10-16T06:24:00+00:00,1861.6,94.67,355.9,13.53,415.8,21.9,649.9,0.0597,1.03,336.5,111.5,13.2
2025-10-16T06:25:00+00:00,1821.3,90.38,359.9,13.79,399.9,19.6,578.8,0.0680,1.07,336.5,111.5,12.2
2025-10-16T06:26:00+00:00,1986.1,99.11,335.6,13.67,434.6,19.0,626.0,0.0611,1.09,336.5,111.5,12.6
2025-10-16T06:27:00+00:00,2061.6,95.65,346.3,13.85,424.8,19.5,583.0,0.0613,1.09,336.5,111.5,12.7
2025-10-16T06:28:00+00:00,1940.7,95.80,347.5,14.08,406.5,24.4,684.9,0.0605,1.06,336.5,111.5,13.2
2025-10-16T06:29:00+00:00,1932.1,95.80,340.6,13.76,425.4,20.7,564.1,0.0630,1.04,336.5,111.5,13.1
2025-10-16T06:30:00+00:00,2003.6,95.15,366.8,13.81,411.6,20.4,615.9,0.0655,1.01,336.5,111.5,13.7
2025-10-16T06:31:00+00:00,2165.8,94.49,348.7,13.93,418.6,20.4,596.2,0.0624,1.13,336.5,111.5,12.9
2025-10-16T06:32:00+00:00,2033.0,95.98,351.6,13.84,408.2,22.3,629.1,0.0602,0.97,336.5,111.5,12.8
2025-10-16T06:33:00+00:00,1955.2,94.12,355.5,13.72,392.1,22.0,659.4,0.0603,1.05,336.5,111.5,13.6
2025-10-16T06:34:00+00:00,1871.8,94.02,350.2,13.78,412.6,20.7,620.7,0.0605,1.08,336.5,111.5,14.2
2025-10-16T06:35:00+00:00,1869.2,93.21,346.5,13.76,408.5,21.3,606.9,0.0604,1.09,336.5,111.5,10.5
2025-10-16T06:36:00+00:00,1903.9,97.55,341.5,14.02,408.9,23.2,561.1,0.0603,1.07,336.5,111.5,11.0
2025-10-16T06:37:00+00:00,1916.4,93.36,346.7,14.04,410.0,20.1,595.6,0.0624,0.98,336.5,111.5,11.5
2025-10-16T06:38:00+00:00,2025.3,98.07,342.7,13.95,404.3,20.8,594.0,0.0602,0.96,336.5,111.5,14.6
2025-10-16T06:39:00+00:00,2063.8,98.03,345.4,13.57,429.6,23.0,623.0,0.0601,0.96,336.5,111.5,15.3
2025-10-16T06:40:00+00:00,2136.6,96.18,336.5,13.68,409.4,21.9,605.5,0.0619,1.06,336.5,111.5,12.3
2025-10-16T06:41:00+00:00,1872.7,94.50,337.6,13.94,420.9,21.7,572.0,0.0685,1.11,336.5,111.5,11.7
2025-10-16T06:42:00+00:00,1839.5,94.59,350.8,13.72,412.3,23.2,653.6,0.0604,1.10,336.5,111.5,13.3
2025-10-16T06:43:00+00:00,1945.1,93.88,339.9,13.95,403.6,19.2,585.9,0.0606,1.07,336.5,111.5,12.4
2025-10-16T06:44:00+00:00,1913.6,92.92,343.8,13.86,429.5,21.3,624.3,0.0637,1.08,336.5,111.5,11.5
2025-10-16T06:45:00+00:00,1904.1,94.31,382.1,13.98,430.5,21.9,638.7,0.0603,1.05,336.5,111.5,11.4
2025-10-16T06:46:00+00:00,1967.6,97.45,348.0,14.04,400.9,20.7,630.2,0.0630,1.01,336.5,111.5,11.6
2025-10-16T06:47:00+00:00,2097.0,94.41,355.6,13.75,420.2,23.0,568.9,0.0663,0.95,336.5,111.5,11.3
2025-10-16T06:48:00+00:00,2081.3,95.10,355.4,13.46,420.6,21.6,591.6,0.0638,1.01,336.5,111.5,12.2
2025-10-16T06:49:00+00:00,1822.7,97.58,355.7,13.73,418.0,21.4,560.5,0.0597,1.04,336.5,111.5,12.6
2025-10-16T06:50:00+00:00,1937.7,94.51,344.6,13.61,425.9,21.4,638.4,0.0606,1.08,336.5,111.5,12.3
2025-10-16T06:51:00+00:00,1992.8,98.18,353.2,14.03,424.7,19.6,559.0,0.0608,1.06,336.5,111.5,12.3
2025-10-16T06:52:00+00:00,1922.2,94.98,348.6,13.52,414.8,22.7,637.0,0.0719,1.01,336.5,111.5,11.3
2025-10-16T06:53:00+00:00,1725.9,94.37,342.2,13.71,416.7,20.1,626.3,0.0588,1.01,336.5,111.5,11.8
2025-10-16T06:54:00+00:00,2196.6,96.21,352.2,13.64,414.2,23.3,578.3,0.0628,1.16,336.5,111.5,13.8
2025-10-16T06:55:00+00:00,1880.1,96.28,348.6,13.84,412.7,20.8,619.7,0.0630,1.05,336.5,111.5,13.7
2025-10-16T06:56:00+00:00,2075.2,95.32,345.5,14.06,414.9,23.1,618.3,0.0684,1.09,336.5,111.5,13.1
2025-10-16T06:57:00+00:00,2161.7,97.61,349.5,13.84,405.3,21.6,602.7,0.0616,1.05,336.5,111.5,14.5
2025-10-16T06:58:00+00:00,2086.0,96.50,356.1,13.46,391.7,21.2,573.8,0.0637,1.01,336.5,111.5,11.9
2025-10-16T06:59:00+00:00,1747.5,95.80,347.9,13.79,418.0,19.3,650.1,0.0602,1.06,336.5,111.5,13.6
2025-10-16T07:00:00+00:00,2092.4,96.00,364.7,13.74,403.4,21.5,565.7,0.0619,1.04,336.5,111.5,11.3
2025-10-16T07:01:00+00:00,1992.2,95.16,336.2,13.89,412.2,22.9,633.4,0.0609,1.08,336.5,111.5,13.4
2025-10-16T07:02:00+00:00,2238.5,98.46,335.5,13.66,429.5,20.1,622.1,0.0623,1.08,336.5,111.5,12.3
2025-10-16T07:03:00+00:00,2478.6,96.44,350.4,13.75,428.4,24.7,685.6,0.0663,0.94,336.5,111.5,14.0
2025-10-16T07:04:00+00:00,2070.5,98.51,356.2,13.83,428.0,18.8,572.6,0.0617,1.11,336.5,111.5,11.5
2025-10-16T07:05:00+00:00,2434.3,98.21,328.3,13.75,429.3,21.6,607.7,0.0718,0.99,336.5,111.5,12.7
2025-10-16T07:06:00+00:00,2215.9,95.38,343.6,13.61,438.1,19.4,563.9,0.0615,1.02,336.5,111.5,12.0
2025-10-16T07:07:00+00:00,1930.8,96.65,365.7,13.82,429.0,24.1,583.4,0.0613,1.14,336.5,111.5,12.1
2025-10-16T07:08:00+00:00,2546.9,97.11,349.2,13.74,442.0,20.8,600.6,0.0646,1.13,336.5,111.5,12.4
2025-10-16T07:09:00+00:00,1900.8,92.67,374.1,14.16,408.5,23.0,612.5,0.0617,0.94,336.5,111.5,14.7
2025-10-16T07:10:00+00:00,2440.7,95.79,354.3,13.65,418.1,20.5,628.5,0.0631,1.06,336.5,111.5,13.8
2025-10-16T07:11:00+00:00,2131.9,94.17,346.5,13.85,403.4,18.9,658.9,0.0621,1.13,336.5,111.5,11.7
2025-10-16T07:12:00+00:00,1990.1,95.74,358.8,13.82,426.4,20.9,598.1,0.0612,1.09,336.5,111.5,14.7
2025-10-16T07:13:00+00:00,1885.2,93.19,349.6,13.70,385.1,21.0,595.1,0.0661,1.09,336.5,111.5,13.7
2025-10-16T07:14:00+00:00,1977.4,95.05,349.9,13.54,403.9,21.1,593.8,0.0710,1.07,336.5,111.5,12.6
2025-10-16T07:15:00+00:00,2320.0,98.57,356.5,13.73,444.2,22.5,615.2,0.0635,1.05,336.5,111.5,11.5
2025-10-16T07:16:00+00:00,2445.6,97.87,359.1,13.54,405.8,19.4,639.5,0.0687,1.11,336.5,111.5,12.9
2025-10-16T07:17:00+00:00,2486.5,92.88,355.5,13.75,430.1,21.9,599.1,0.0639,1.11,336.5,111.5,11.1
2025-10-16T07:18:00+00:00,1993.4,97.27,354.6,13.71,389.5,23.2,645.7,0.0601,1.00,336.5,111.5,13.6
2025-10-16T07:19:00+00:00,2393.6,95.62,334.4,13.64,431.8,21.0,665.6,0.0639,1.04,336.5,111.5,12.7
2025-10-16T07:20:00+00:00,2472.7,97.80,341.2,13.71,426.0,21.9,616.1,0.0628,1.01,336.5,111.5,11.0
2025-10-16T07:21:00+00:00,2505.4,95.29,353.8,13.57,427.8,23.5,615.2,0.0635,1.06,336.5,111.5,11.8
2025-10-16T07:22:00+00:00,2071.3,95.24,340.9,13.63,423.2,19.8,589.8,0.0621,0.99,336.5,111.5,12.6
2025-10-16T07:23:00+00:00,2105.6,97.56,344.4,13.44,408.7,22.3,612.8,0.0614,1.06,336.5,111.5,14.0
2025-10-16T07:24:00+00:00,2003.7,97.51,362.0,13.90,378.9,22.1,609.9,0.0622,1.08,336.5,111.5,13.3
2025-10-16T07:25:00+00:00,1996.2,94.31,371.2,13.64,430.1,19.1,616.9,0.0654,1.12,336.5,111.5,11.4
2025-10-16T07:26:00+00:00,2063.1,95.22,337.0,13.65,418.0,21.9,574.9,0.0671,1.02,336.5,111.5,12.5
2025-10-16T07:27:00+00:00,2434.9,96.70,358.7,13.79,431.0,20.4,601.7,0.0653,1.11,336.5,111.5,12.9
2025-10-16T07:28:00+00:00,2074.2,94.76,345.8,13.63,436.8,22.6,623.5,0.0708,1.09,336.5,111.5,11.8
2025-10-16T07:29:00+00:00,2039.5,98.55,352.0,13.83,421.3,19.2,586.7,0.0624,1.04,336.5,111.5,13.5
2025-10-16T07:30:00+00:00,1818.0,94.48,349.2,13.89,432.3,19.8,590.1,0.0679,1.03,336.5,111.5,12.6
2025-10-16T07:31:00+00:00,1902.8,95.52,339.2,13.94,403.4,19.8,619.8,0.0600,1.04,336.5,111.5,13.1
2025-10-16T07:32:00+00:00,2060.8,96.62,355.0,14.07,412.4,22.1,585.0,0.0629,1.10,336.5,111.5,12.2
2025-10-16T07:33:00+00:00,2536.7,95.23,335.3,13.87,458.5,22.8,604.4,0.0638,1.09,336.5,111.5,11.6
2025-10-16T07:34:00+00:00,1990.8,95.37,350.4,13.71,411.5,21.6,594.2,0.0645,1.04,336.5,111.5,13.7
2025-10-16T07:35:00+00:00,1760.3,95.10,347.3,13.72,406.8,21.5,596.1,0.0652,1.08,336.5,111.5,10.1
2025-10-16T07:36:00+00:00,1871.5,92.55,357.1,13.99,427.9,22.2,592.1,0.0608,1.11,336.5,111.5,12.8
2025-10-16T07:37:00+00:00,2017.2,96.25,346.6,13.72,416.1,20.8,615.7,0.0617,1.08,336.5,111.5,11.5
2025-10-16T07:38:00+00:00,2090.9,96.25,358.0,13.80,431.3,21.3,618.7,0.0633,1.02,336.5,111.5,13.5
2025-10-16T07:39:00+00:00,2199.9,98.00,342.9,13.96,404.8,20.4,593.3,0.0686,1.08,336.5,111.5,11.9
2025-10-16T07:40:00+00:00,1924.0,91.48,345.9,13.77,451.9,20.3,554.3,0.0598,1.01,336.5,111.5,13.7
2025-10-16T07:41:00+00:00,2195.2,95.65,355.1,13.95,423.0,19.5,659.2,0.0627,1.14,336.5,111.5,12.0
2025-10-16T07:42:00+00:00,1927.7,94.06,362.1,13.88,427.8,20.2,598.9,0.0664,1.03,336.5,111.5,12.8
2025-10-16T07:43:00+00:00,1867.0,93.26,351.1,13.42,402.8,21.0,581.4,0.0598,1.03,336.5,111.5,12.5
2025-10-16T07:44:00+00:00,2104.6,95.01,342.3,13.65,429.2,20.0,637.1,0.0620,1.12,336.5,111.5,11.9
2025-10-16T07:45:00+00:00,2036.2,94.91,373.4,13.78,425.8,21.3,579.1,0.0671,0.98,336.5,111.5,10.2
2025-10-16T07:46:00+00:00,2013.4,94.63,337.4,13.88,437.4,20.7,567.7,0.0607,1.04,336.5,111.5,12.5
2025-10-16T07:47:00+00:00,2110.0,95.42,367.6,13.65,420.2,20.3,638.5,0.0619,1.12,336.5,111.5,14.0
2025-10-16T07:48:00+00:00,1945.7,96.74,354.3,13.62,403.0,22.6,600.2,0.0606,1.07,336.5,111.5,14.1
2025-10-16T07:49:00+00:00,2147.3,96.80,354.9,13.75,425.3,25.9,687.1,0.0617,1.07,336.5,111.5,12.4
2025-10-16T07:50:00+00:00,1974.7,93.51,359.8,13.53,415.8,21.1,619.3,0.0620,1.19,336.5,111.5,13.6
2025-10-16T07:51:00+00:00,2122.6,97.18,350.0,13.95,389.8,19.0,577.3,0.0620,1.10,336.5,111.5,12.3
2025-10-16T07:52:00+00:00,2102.8,99.07,355.4,13.82,432.4,20.3,577.9,0.0614,1.07,336.5,111.5,12.8
2025-10-16T07:53:00+00:00,1915.5,93.83,341.0,13.56,423.8,20.2,558.5,0.0604,1.07,336.5,111.5,12.5
2025-10-16T07:54:00+00:00,1991.1,95.00,348.9,14.03,418.7,21.3,571.2,0.0602,1.00,336.5,111.5,11.6
2025-10-16T07:55:00+00:00,1846.0,94.13,351.8,13.65,408.6,18.6,631.9,0.0631,1.11,336.5,111.5,10.2
2025-10-16T07:56:00+00:00,1889.5,97.12,340.8,13.70,389.3,21.2,599.5,0.0669,1.15,336.5,111.5,13.1
2025-10-16T07:57:00+00:00,1916.9,96.30,355.5,13.85,446.9,22.7,592.7,0.0598,1.00,336.5,111.5,14.0
2025-10-16T07:58:00+00:00,2055.0,95.51,342.5,13.65,412.4,20.5,609.3,0.0627,1.05,336.5,111.5,12.9
2025-10-16T07:59:00+00:00,1948.4,94.66,356.2,13.92,405.0,21.9,612.0,0.0648,1.09,336.5,111.5,11.7
2025-10-16T08:00:00+00:00,1839.6,96.10,338.1,13.65,402.1,21.1,611.9,0.0610,1.16,336.5,111.5,12.2
2025-10-16T08:01:00+00:00,1984.2,96.58,367.3,13.92,404.2,22.5,579.3,0.0611,1.08,336.5,111.5,11.9
2025-10-16T08:02:00+00:00,1960.7,96.25,346.8,13.80,424.1,20.8,595.4,0.0607,1.08,336.5,111.5,12.3
2025-10-16T08:03:00+00:00,2058.0,98.12,350.3,13.66,413.4,21.7,608.7,0.0677,1.14,336.5,111.5,12.1
2025-10-16T08:04:00+00:00,1941.7,96.12,343.4,13.72,406.0,20.1,585.5,0.0734,1.10,336.5,111.5,13.2
2025-10-16T08:05:00+00:00,1909.9,94.01,354.1,14.02,402.0,21.4,693.5,0.0607,1.10,336.5,111.5,12.4
2025-10-16T08:06:00+00:00,1876.5,95.90,350.7,13.77,402.0,22.3,574.3,0.0593,0.98,336.5,111.5,11.2
2025-10-16T08:07:00+00:00,2109.7,95.27,348.7,13.75,428.3,20.0,644.5,0.0678,1.03,336.5,111.5,14.5
2025-10-16T08:08:00+00:00,2079.6,93.83,347.1,13.91,429.1,24.1,623.7,0.0663,1.10,336.5,111.5,11.7
2025-10-16T08:09:00+00:00,2247.6,93.24,363.8,13.66,420.0,21.1,626.1,0.0665,1.06,336.5,111.5,13.0
2025-10-16T08:10:00+00:00,2061.4,97.23,332.3,13.72,435.1,20.8,536.8,0.0611,1.08,336.5,111.5,12.3
2025-10-16T08:11:00+00:00,2084.8,97.10,360.7,13.75,401.9,18.1,594.0,0.0608,1.01,336.5,111.5,13.8
2025-10-16T08:12:00+00:00,1982.5,95.34,338.8,13.88,423.8,19.2,556.9,0.0609,1.07,336.5,111.5,14.7
2025-10-16T08:13:00+00:00,1982.4,96.66,351.1,13.95,398.0,22.7,592.3,0.0630,1.08,336.5,111.5,12.3
2025-10-16T08:14:00+00:00,1957.5,95.06,357.0,13.62,407.3,22.0,604.5,0.0651,1.05,336.5,111.5,12.7
2025-10-16T08:15:00+00:00,2102.9,96.32,343.4,13.73,419.1,20.5,594.6,0.0615,1.07,336.5,111.5,12.8
2025-10-16T08:16:00+00:00,1933.9,96.15,357.4,13.97,437.3,21.8,626.0,0.0611,1.12,336.5,111.5,11.7
2025-10-16T08:17:00+00:00,2040.3,96.35,358.4,13.52,420.2,21.9,629.2,0.0610,1.05,336.5,111.5,11.6
2025-10-16T08:18:00+00:00,2158.8,95.37,353.6,14.02,434.7,20.4,595.7,0.0615,1.07,336.5,111.5,12.2
2025-10-16T08:19:00+00:00,1950.5,93.15,343.9,13.67,410.0,23.1,634.3,0.0633,1.11,336.5,111.5,13.8
2025-10-16T08:20:00+00:00,2026.5,97.80,348.9,13.76,412.4,19.9,633.3,0.0609,1.05,336.5,111.5,13.2
2025-10-16T08:21:00+00:00,1902.0,92.81,341.4,13.69,414.7,19.5,613.2,0.0605,1.07,336.5,111.5,12.5
2025-10-16T08:22:00+00:00,2008.9,95.08,349.3,13.54,426.7,21.2,632.2,0.0679,1.02,336.5,111.5,11.4
2025-10-16T08:23:00+00:00,2186.0,95.04,350.9,13.64,432.4,18.4,665.8,0.0616,1.04,336.5,111.5,13.5
2025-10-16T08:24:00+00:00,1824.3,96.06,345.0,13.70,401.6,20.5,602.4,0.0646,1.01,336.5,111.5,13.0
2025-10-16T08:25:00+00:00,963.4,92.24,356.6,13.80,394.2,20.2,569.4,0.0560,1.12,336.5,111.5,11.4
2025-10-16T08:26:00+00:00,1129.7,95.66,377.2,14.07,388.6,20.0,584.4,0.0589,1.07,336.5,111.5,14.0
2025-10-16T08:27:00+00:00,1037.7,91.25,349.7,13.99,400.1,19.6,573.3,0.0556,1.05,336.5,111.5,13.9
2025-10-16T08:28:00+00:00,1064.5,93.97,362.7,13.71,375.7,19.8,508.8,0.0593,1.03,336.5,111.5,13.5
2025-10-16T08:29:00+00:00,1063.0,89.99,347.1,13.89,363.4,20.2,567.0,0.0633,1.05,336.5,111.5,12.2
2025-10-16T08:30:00+00:00,782.4,91.42,349.3,13.79,388.9,21.8,563.8,0.0530,0.94,336.5,111.5,11.2
2025-10-16T08:31:00+00:00,896.7,92.69,355.6,13.47,379.1,18.9,468.8,0.0546,1.02,336.5,111.5,13.0
2025-10-16T08:32:00+00:00,873.6,94.60,364.6,13.67,399.9,20.0,550.8,0.0603,1.05,336.5,111.5,12.0
2025-10-16T08:33:00+00:00,931.2,90.47,366.5,13.69,365.5,19.8,519.8,0.0560,1.03,336.5,111.5,12.2
2025-10-16T08:34:00+00:00,1185.0,94.24,355.3,13.67,389.3,21.4,544.4,0.0654,1.11,336.5,111.5,12.3
2025-10-16T08:35:00+00:00,918.1,92.98,352.2,13.85,396.8,22.3,528.6,0.0545,1.01,336.5,111.5,13.5
2025-10-16T08:36:00+00:00,896.3,93.02,376.8,13.90,404.1,20.3,557.0,0.0549,1.06,336.5,111.5,10.2
2025-10-16T14:00:00+00:00,920.8,92.85,350.8,13.82,376.0,19.1,548.0,0.0546,1.03,336.5,111.5,13.3
2025-10-16T14:01:00+00:00,966.1,89.55,359.9,13.88,360.0,23.9,560.6,0.0552,1.05,336.5,111.5,13.0
2025-10-16T14:02:00+00:00,1006.9,92.74,349.9,13.87,388.1,22.6,593.6,0.0549,1.01,336.5,111.5,11.4
2025-10-16T14:03:00+00:00,1002.5,92.26,358.3,13.73,359.0,22.1,543.8,0.0569,1.13,336.5,111.5,12.3
2025-10-16T14:04:00+00:00,1069.8,92.16,362.3,13.81,387.3,22.2,553.9,0.0561,1.09,336.5,111.5,13.3
2025-10-16T14:05:00+00:00,1011.2,91.60,356.5,13.94,390.7,21.0,526.8,0.0578,1.09,336.5,111.5,10.9
2025-10-16T14:06:00+00:00,963.4,92.34,356.2,13.96,383.4,21.1,569.9,0.0549,1.03,336.5,111.5,10.9
2025-10-16T14:07:00+00:00,1022.9,90.61,353.3,13.71,401.1,20.4,546.3,0.0545,0.95,336.5,111.5,12.0
2025-10-16T14:08:00+00:00,994.1,91.06,359.5,13.89,367.1,24.2,583.2,0.0565,1.17,336.5,111.5,12.3
2025-10-16T14:09:00+00:00,995.1,92.93,351.4,13.84,388.0,23.3,570.3,0.0652,1.12,336.5,111.5,12.1
2025-10-16T14:10:00+00:00,994.0,91.17,350.0,13.75,374.3,23.2,539.0,0.0592,1.03,336.5,111.5,13.3
2025-10-16T14:11:00+00:00,1945.1,94.21,343.6,13.67,400.3,19.4,547.0,0.0607,1.08,336.5,111.5,12.7
2025-10-16T14:12:00+00:00,2095.4,96.47,351.8,13.83,414.3,19.1,586.9,0.0670,1.07,336.5,111.5,12.2
2025-10-16T14:13:00+00:00,2166.4,96.54,347.7,14.22,447.5,22.5,613.9,0.0621,1.09,336.5,111.5,13.2
2025-10-16T14:14:00+00:00,2013.8,98.39,349.6,13.73,398.9,20.5,636.6,0.0611,1.08,336.5,111.5,11.7
2025-10-16T14:15:00+00:00,2167.3,95.48,351.6,13.95,417.4,22.6,591.0,0.0618,1.07,336.5,111.5,11.6
2025-10-16T14:16:00+00:00,1955.4,93.24,338.1,13.74,405.3,23.4,604.2,0.0603,1.03,336.5,111.5,11.3
2025-10-16T14:17:00+00:00,2111.0,97.83,336.5,13.70,416.1,22.1,615.9,0.0617,1.09,336.5,111.5,13.4
2025-10-16T14:18:00+00:00,2046.9,95.80,357.7,13.73,429.5,23.2,618.2,0.0666,1.11,336.5,111.5,13.5
2025-10-16T14:19:00+00:00,1916.7,96.67,351.9,13.82,416.4,19.5,612.3,0.0602,1.04,336.5,111.5,12.0
2025-10-16T14:20:00+00:00,1997.2,92.85,357.9,13.80,408.4,20.9,641.1,0.0671,1.10,336.5,111.5,10.5
2025-10-16T14:21:00+00:00,1761.5,94.64,354.4,13.80,420.8,19.9,599.9,0.0598,1.07,336.5,111.5,11.3
2025-10-16T14:22:00+00:00,1918.5,96.19,348.8,13.64,408.1,22.7,614.7,0.0595,0.97,336.5,111.5,12.5
2025-10-16T14:23:00+00:00,1955.8,94.06,345.8,13.58,411.9,21.9,590.6,0.0598,0.99,336.5,111.5,14.7
2025-10-16T14:24:00+00:00,2036.9,95.77,359.0,13.94,443.6,23.4,614.1,0.0625,1.21,336.5,111.5,11.2
2025-10-16T14:25:00+00:00,1980.2,94.74,344.4,14.05,417.4,20.4,692.2,0.0625,1.13,336.5,111.5,11.1
2025-10-16T14:26:00+00:00,1955.9,95.40,346.6,14.05,416.8,20.7,646.9,0.0642,1.00,336.5,111.5,13.2
2025-10-16T14:27:00+00:00,2055.2,96.41,342.1,13.79,408.7,21.6,614.6,0.0644,1.04,336.5,111.5,13.7
2025-10-16T14:28:00+00:00,2005.1,94.24,355.7,13.66,443.7,23.5,652.3,0.0636,1.10,336.5,111.5,13.5
2025-10-16T14:29:00+00:00,1966.2,95.78,341.4,13.55,402.3,20.6,573.7,0.0609,1.09,336.5,111.5,14.7
2025-10-16T14:30:00+00:00,1739.4,94.28,337.1,13.71,422.2,21.9,595.0,0.0594,1.06,336.5,111.5,12.0
2025-10-16T14:31:00+00:00,2120.4,96.99,342.0,13.84,411.0,23.5,619.1,0.0618,1.09,336.5,111.5,11.4
2025-10-16T14:32:00+00:00,2052.1,95.96,348.3,14.01,438.0,22.0,550.8,0.0610,1.04,336.5,111.5,12.8
2025-10-16T14:33:00+00:00,2072.0,94.90,337.0,13.57,414.2,21.2,636.6,0.0615,1.09,336.5,111.5,12.9
2025-10-16T14:34:00+00:00,2129.1,95.80,354.1,13.66,424.0,19.0,607.7,0.0704,1.02,336.5,111.5,13.0
2025-10-16T14:35:00+00:00,1561.0,95.24,371.7,13.62,396.4,21.5,567.8,0.0587,1.08,336.5,111.5,12.1
2025-10-16T14:36:00+00:00,2077.5,95.26,355.7,13.99,402.4,19.2,604.3,0.0607,1.02,336.5,111.5,13.7
2025-10-16T14:37:00+00:00,1975.9,95.80,354.0,13.67,418.9,22.7,587.8,0.0614,1.12,336.5,111.5,14.4
2025-10-16T14:38:00+00:00,1936.3,96.94,337.4,13.92,398.3,21.2,575.3,0.0601,1.04,336.5,111.5,12.9
2025-10-16T14:39:00+00:00,1939.8,92.08,355.2,13.90,403.9,21.7,624.2,0.0598,0.97,336.5,111.5,10.1
2025-10-16T14:40:00+00:00,1911.1,94.24,342.8,13.88,400.8,22.5,537.7,0.0652,1.10,336.5,111.5,12.4
2025-10-16T14:41:00+00:00,1989.3,96.83,347.4,14.05,405.7,20.3,566.7,0.0614,1.02,336.5,111.5,12.3
2025-10-16T14:42:00+00:00,2152.7,94.90,358.8,13.92,443.5,20.8,575.1,0.0621,1.09,336.5,111.5,12.4
2025-10-16T14:43:00+00:00,1857.8,96.75,343.2,13.83,394.3,22.3,602.8,0.0607,1.01,336.5,111.5,10.0
2025-10-16T14:44:00+00:00,2093.3,96.77,348.2,13.64,428.5,19.8,611.7,0.0603,0.96,336.5,111.5,13.4
2025-10-16T14:45:00+00:00,2041.3,95.44,344.7,13.65,406.6,21.4,622.7,0.0685,1.08,336.5,111.5,11.8
2025-10-16T14:46:00+00:00,1966.0,95.74,373.2,13.79,404.7,20.8,544.4,0.0602,1.01,336.5,111.5,13.1
2025-10-16T14:47:00+00:00,2083.4,93.92,346.0,13.88,399.4,22.8,563.6,0.0670,1.08,336.5,111.5,13.2
2025-10-16T14:48:00+00:00,2036.2,95.09,360.3,13.78,406.3,23.0,621.3,0.0649,0.95,336.5,111.5,15.4
2025-10-16T14:49:00+00:00,1953.7,90.86,345.3,13.81,407.9,21.1,633.1,0.0610,1.11,336.5,111.5,13.6
2025-10-16T14:50:00+00:00,2033.1,94.66,360.5,13.85,418.2,19.2,616.5,0.0616,1.12,336.5,111.5,14.3
2025-10-16T14:51:00+00:00,1996.1,94.39,350.5,13.97,421.2,19.7,640.4,0.0612,1.09,336.5,111.5,12.5
2025-10-16T14:52:00+00:00,1989.7,93.12,355.6,13.83,427.7,20.2,586.4,0.0617,1.02,336.5,111.5,13.5
2025-10-16T14:53:00+00:00,2431.7,97.69,343.1,13.47,431.9,21.8,696.6,0.0626,1.00,336.5,111.5,10.8
2025-10-16T14:54:00+00:00,2011.5,95.69,349.0,13.76,432.3,22.3,557.5,0.0649,0.93,336.5,111.5,11.3
2025-10-16T14:55:00+00:00,1864.3,93.32,339.3,14.03,407.8,21.4,560.0,0.0595,1.01,336.5,111.5,11.8
2025-10-16T14:56:00+00:00,2420.4,95.38,327.1,13.75,419.8,22.1,574.1,0.0633,1.07,336.5,111.5,13.1
2025-10-16T14:57:00+00:00,1739.5,93.82,344.4,13.79,413.4,25.4,598.2,0.0646,1.12,336.5,111.5,13.3
2025-10-16T14:58:00+00:00,1957.0,92.93,349.1,13.96,397.9,21.4,647.2,0.0602,1.02,336.5,111.5,12.1
2025-10-16T14:59:00+00:00,2515.7,96.16,334.0,13.93,420.9,19.1,535.9,0.0732,1.13,336.5,111.5,12.6
2025-10-16T15:00:00+00:00,2174.6,99.46,339.6,13.60,419.6,22.8,621.2,0.0617,1.07,336.5,111.5,12.9
2025-10-16T15:01:00+00:00,2543.6,96.49,360.7,13.94,427.6,20.6,615.7,0.0661,1.10,336.5,111.5,13.2
2025-10-16T15:02:00+00:00,1957.0,94.81,352.0,13.65,391.2,20.6,613.9,0.0615,1.13,336.5,111.5,13.3
2025-10-16T15:03:00+00:00,2009.8,94.21,351.1,13.48,411.4,20.9,563.6,0.0668,1.06,336.5,111.5,12.8
2025-10-16T15:04:00+00:00,2217.9,97.45,357.1,13.86,400.1,23.5,596.9,0.0672,1.07,336.5,111.5,11.5
2025-10-16T15:05:00+00:00,2360.7,95.46,358.8,13.69,440.4,22.0,662.3,0.0626,1.03,336.5,111.5,13.1
2025-10-16T15:06:00+00:00,2500.6,97.96,334.5,13.67,438.7,21.0,681.6,0.0630,0.99,336.5,111.5,12.3
2025-10-16T15:07:00+00:00,2016.2,96.98,356.9,13.57,412.8,20.6,652.0,0.0638,1.12,336.5,111.5,11.4
2025-10-16T15:08:00+00:00,2475.4,95.48,341.8,13.77,431.0,21.6,722.9,0.0689,1.07,336.5,111.5,11.7
2025-10-16T15:09:00+00:00,1832.7,94.77,355.7,13.73,408.5,25.1,646.5,0.0607,1.14,336.5,111.5,11.9
2025-10-16T15:10:00+00:00,1924.7,94.21,341.1,13.91,419.7,19.7,598.7,0.0684,1.11,336.5,111.5,10.8
2025-10-16T15:11:00+00:00,1965.8,93.60,341.5,14.04,428.5,24.8,576.9,0.0600,0.99,336.5,111.5,10.0
2025-10-16T15:12:00+00:00,2517.3,96.99,337.4,13.63,430.5,23.9,653.7,0.0694,1.03,336.5,111.5,13.6
2025-10-16T15:13:00+00:00,2502.2,95.71,336.1,13.87,430.2,19.6,631.0,0.0670,1.09,336.5,111.5,12.0
2025-10-16T15:14:00+00:00,1981.9,97.44,340.6,13.60,416.8,22.4,629.6,0.0619,1.06,336.5,111.5,12.4
2025-10-16T15:15:00+00:00,2474.4,94.84,349.0,13.86,448.2,21.9,672.8,0.0699,1.06,336.5,111.5,13.3
2025-10-16T15:16:00+00:00,2062.2,96.90,353.7,13.62,421.3,20.7,624.1,0.0618,1.12,336.5,111.5,13.7
2025-10-16T15:17:00+00:00,1922.3,97.35,352.0,13.73,424.3,19.4,594.2,0.0607,1.09,336.5,111.5,11.8
2025-10-16T15:18:00+00:00,1996.1,96.65,343.6,13.83,413.2,17.1,613.2,0.0678,1.14,336.5,111.5,12.5
2025-10-16T15:19:00+00:00,2189.4,96.40,366.7,13.98,420.7,22.1,575.1,0.0664,1.02,336.5,111.5,12.8
2025-10-16T15:20:00+00:00,1942.5,93.61,338.3,14.07,414.2,22.8,570.6,0.0603,1.04,336.5,111.5,13.5
2025-10-16T15:21:00+00:00,1959.3,92.79,349.7,13.63,421.1,22.1,585.1,0.0604,1.03,336.5,111.5,12.4
2025-10-16T15:22:00+00:00,1769.6,93.82,360.8,13.71,397.8,19.2,564.7,0.0683,1.08,336.5,111.5,12.9
2025-10-16T15:23:00+00:00,2027.0,91.68,357.0,13.85,408.2,21.5,607.0,0.0602,0.99,336.5,111.5,11.2
2025-10-16T15:24:00+00:00,2215.9,96.71,348.7,13.64,423.8,19.8,666.9,0.0637,0.98,336.5,111.5,11.2
2025-10-16T15:25:00+00:00,1899.1,97.65,349.6,13.85,408.4,21.5,621.1,0.0616,1.02,336.5,111.5,12.8
2025-10-16T15:26:00+00:00,1995.2,93.07,355.0,13.88,409.5,19.0,603.5,0.0606,1.04,336.5,111.5,13.3
2025-10-16T15:27:00+00:00,2045.2,96.52,353.9,14.02,410.1,23.8,630.6,0.0609,1.04,336.5,111.5,12.8
2025-10-16T15:28:00+00:00,2041.4,96.00,333.8,13.83,419.8,23.8,584.5,0.0610,1.06,336.5,111.5,13.0
2025-10-16T15:29:00+00:00,2126.0,93.49,345.0,13.89,446.4,18.7,616.7,0.0651,1.03,336.5,111.5,11.9
2025-10-16T15:30:00+00:00,2086.0,97.51,346.0,13.71,415.9,18.8,628.3,0.0622,1.02,336.5,111.5,11.3
2025-10-16T15:31:00+00:00,1891.9,94.18,350.7,13.80,381.0,18.6,625.5,0.0597,1.00,336.5,111.5,12.7
2025-10-16T15:32:00+00:00,2037.7,93.16,338.2,13.81,402.1,20.5,586.9,0.0611,1.08,336.5,111.5,12.7
2025-10-16T15:33:00+00:00,2027.7,95.04,359.8,13.86,420.9,17.8,588.1,0.0603,0.99,336.5,111.5,12.6
2025-10-16T15:34:00+00:00,1886.1,97.22,346.3,13.88,403.9,21.2,597.1,0.0619,1.08,336.5,111.5,14.0
2025-10-16T15:35:00+00:00,1916.8,95.34,358.5,13.92,393.7,20.5,561.3,0.0672,1.04,336.5,111.5,11.1
2025-10-16T15:36:00+00:00,1849.5,92.83,348.8,13.89,409.3,21.0,625.0,0.0600,1.05,336.5,111.5,12.9
2025-10-16T15:37:00+00:00,1913.5,95.87,344.8,13.69,399.4,20.1,602.2,0.0700,1.21,336.5,111.5,12.6
2025-10-16T15:38:00+00:00,1921.2,99.43,355.1,13.83,414.3,20.3,614.4,0.0610,1.10,336.5,111.5,12.0
2025-10-16T15:39:00+00:00,2167.5,97.08,347.5,13.89,401.3,22.0,676.1,0.0625,1.15,336.5,111.5,14.3
2025-10-16T15:40:00+00:00,1969.0,97.54,350.7,14.05,414.3,23.2,643.8,0.0612,1.11,336.5,111.5,13.4
2025-10-16T15:41:00+00:00,2089.4,94.45,335.9,13.81,407.0,19.6,552.0,0.0619,1.14,336.5,111.5,11.2
2025-10-16T15:42:00+00:00,2130.9,96.34,355.1,13.67,419.6,20.1,632.7,0.0622,1.13,336.5,111.5,12.8
2025-10-16T15:43:00+00:00,2041.5,96.69,341.9,13.80,437.8,20.0,601.8,0.0685,1.06,336.5,111.5,12.7
2025-10-16T15:44:00+00:00,2014.9,95.51,342.3,13.93,440.5,22.2,611.8,0.0611,1.08,336.5,111.5,11.7
2025-10-16T15:45:00+00:00,1896.8,93.13,360.1,14.01,420.5,22.0,565.1,0.0606,1.08,336.5,111.5,12.9
2025-10-16T15:46:00+00:00,2088.2,99.27,355.4,13.63,417.6,21.3,634.2,0.0695,0.99,336.5,111.5,13.6
2025-10-16T15:47:00+00:00,2013.1,95.22,338.4,13.83,414.6,21.9,599.9,0.0604,1.01,336.5,111.5,13.2
2025-10-16T15:48:00+00:00,1877.3,95.19,356.2,13.96,416.5,23.5,619.4,0.0707,1.00,336.5,111.5,12.6
2025-10-16T15:49:00+00:00,2015.1,96.59,350.9,13.65,411.9,19.4,588.0,0.0647,1.05,336.5,111.5,11.3
2025-10-16T15:50:00+00:00,2087.4,95.08,354.1,13.76,446.7,20.7,658.0,0.0614,1.07,336.5,111.5,12.0
2025-10-16T15:51:00+00:00,2061.4,93.33,352.8,13.89,418.7,21.4,631.4,0.0655,1.06,336.5,111.5,14.3
2025-10-16T15:52:00+00:00,1923.4,96.26,368.0,13.54,419.2,21.7,606.0,0.0596,0.97,336.5,111.5,11.5
2025-10-16T15:53:00+00:00,2000.7,92.19,350.6,13.90,423.4,21.7,560.0,0.0634,1.06,336.5,111.5,12.6
2025-10-16T15:54:00+00:00,1836.2,94.59,339.9,13.71,401.2,20.1,656.4,0.0687,1.07,336.5,111.5,12.1
2025-10-16T15:55:00+00:00,1866.6,92.13,353.5,13.88,418.8,22.8,572.1,0.0599,1.04,336.5,111.5,12.2
2025-10-16T15:56:00+00:00,1908.8,94.24,346.3,13.79,430.8,18.1,572.6,0.0628,1.03,336.5,111.5,11.2
2025-10-16T15:57:00+00:00,1100.3,93.58,352.9,13.87,383.2,21.4,521.8,0.0569,1.14,336.5,111.5,12.4
2025-10-16T15:58:00+00:00,881.4,91.22,360.6,13.72,369.3,22.0,564.1,0.0587,1.06,336.5,111.5,14.6
2025-10-16T15:59:00+00:00,982.8,90.28,359.1,13.68,396.8,22.1,561.0,0.0581,1.07,336.5,111.5,12.5
2025-10-16T16:00:00+00:00,916.0,90.46,341.5,13.66,386.4,20.7,563.1,0.0539,0.93,336.5,111.5,13.7
2025-10-16T16:01:00+00:00,1121.9,91.83,353.3,13.75,383.1,20.1,524.0,0.0578,1.19,336.5,111.5,11.1
2025-10-16T16:02:00+00:00,884.8,92.00,351.8,14.04,381.8,18.3,572.5,0.0547,1.04,336.5,111.5,12.9
2025-10-16T16:03:00+00:00,1064.8,92.45,352.5,13.99,395.8,20.9,552.6,0.0625,1.04,336.5,111.5,12.6
2025-10-16T16:04:00+00:00,1054.8,93.01,338.8,13.74,389.3,21.4,579.8,0.0562,1.10,336.5,111.5,15.7
2025-10-16T16:05:00+00:00,1075.4,93.34,362.3,13.90,388.9,23.7,595.2,0.0584,1.07,336.5,111.5,14.7
2025-10-16T16:06:00+00:00,841.7,91.01,359.5,13.78,375.0,20.9,681.5,0.0535,0.95,336.5,111.5,12.3
2025-10-17T06:00:00+00:00,1116.6,95.12,339.5,13.74,387.8,20.3,604.2,0.0534,0.78,103.8,328.8,7.1
2025-10-17T06:01:00+00:00,1112.8,94.69,357.1,13.96,383.3,22.4,546.5,0.0545,0.70,103.8,328.8,6.3
2025-10-17T06:02:00+00:00,956.9,92.61,355.8,13.52,377.8,19.1,578.9,0.0519,0.73,103.8,328.8,6.6
2025-10-17T06:03:00+00:00,1003.3,90.95,370.8,14.12,376.1,20.3,549.2,0.0532,0.83,103.8,328.8,4.8
2025-10-17T06:04:00+00:00,1084.1,91.20,365.5,13.71,391.6,22.7,618.1,0.0531,0.79,103.8,328.8,5.1
2025-10-17T06:05:00+00:00,1013.3,94.34,346.3,13.60,392.3,21.5,586.0,0.0528,0.78,103.8,328.8,3.9
2025-10-17T06:06:00+00:00,1105.3,92.27,348.2,13.98,375.5,21.6,633.0,0.0579,0.88,103.8,328.8,6.9
2025-10-17T06:07:00+00:00,930.5,90.54,362.8,13.61,394.0,22.9,548.7,0.0536,0.89,103.8,328.8,4.3
2025-10-17T06:08:00+00:00,949.1,93.72,354.4,14.08,379.1,20.7,545.1,0.0525,0.80,103.8,328.8,7.1
2025-10-17T06:09:00+00:00,1067.0,92.22,351.6,13.92,395.8,21.3,553.0,0.0611,0.74,103.8,328.8,6.2
2025-10-17T06:10:00+00:00,1105.9,93.48,353.4,13.93,404.9,19.9,569.3,0.0530,0.75,103.8,328.8,5.6
2025-10-17T06:11:00+00:00,940.9,94.39,342.8,13.85,383.9,20.6,601.0,0.0578,0.79,103.8,328.8,6.2
2025-10-17T06:12:00+00:00,2197.0,95.66,341.4,13.79,418.6,21.4,604.7,0.0667,0.69,103.8,328.8,7.1
2025-10-17T06:13:00+00:00,1959.0,93.77,352.0,13.90,435.9,20.5,607.2,0.0657,0.85,103.8,328.8,6.7
2025-10-17T06:14:00+00:00,2027.2,94.18,334.4,14.09,418.4,22.1,599.3,0.0588,0.77,103.8,328.8,5.7
2025-10-17T06:15:00+00:00,1894.7,96.71,343.9,13.94,410.2,21.8,595.8,0.0590,0.75,103.8,328.8,6.8
2025-10-17T06:16:00+00:00,2005.1,95.09,354.2,13.74,438.5,21.6,606.0,0.0625,0.84,103.8,328.8,5.6
2025-10-17T06:17:00+00:00,1952.8,95.45,359.1,13.70,433.5,20.6,601.4,0.0573,0.75,103.8,328.8,6.8
2025-10-17T06:18:00+00:00,1889.0,95.34,358.6,13.88,406.2,21.3,646.8,0.0562,0.67,103.8,328.8,6.0
2025-10-17T06:19:00+00:00,2004.9,96.75,347.4,14.00,427.7,20.5,664.9,0.0582,0.78,103.8,328.8,7.2
2025-10-17T06:20:00+00:00,2165.8,94.53,351.8,14.00,424.5,23.5,648.9,0.0590,0.79,103.8,328.8,8.7
2025-10-17T06:21:00+00:00,2277.4,94.65,339.0,13.88,431.5,20.7,574.4,0.0648,0.79,103.8,328.8,6.9
2025-10-17T06:22:00+00:00,2052.1,96.42,336.0,13.44,427.0,23.2,588.7,0.0584,0.75,103.8,328.8,6.0
2025-10-17T06:23:00+00:00,2238.9,97.42,355.5,13.77,404.6,21.7,619.9,0.0634,0.83,103.8,328.8,7.6
2025-10-17T06:24:00+00:00,1955.9,95.06,354.0,13.69,424.1,22.4,583.0,0.0581,0.81,103.8,328.8,7.2
2025-10-17T06:25:00+00:00,1917.7,94.85,354.4,13.80,426.9,20.3,626.4,0.0577,0.80,103.8,328.8,6.2
2025-10-17T06:26:00+00:00,2014.4,95.04,350.6,13.59,435.7,21.3,560.7,0.0573,0.69,103.8,328.8,6.8
2025-10-17T06:27:00+00:00,2107.9,96.66,348.1,13.79,410.8,22.5,612.6,0.0591,0.85,103.8,328.8,3.8
2025-10-17T06:28:00+00:00,1923.9,94.88,344.3,13.59,408.8,21.8,543.5,0.0586,0.80,103.8,328.8,4.9
2025-10-17T06:29:00+00:00,1798.3,95.35,350.9,13.77,405.9,19.9,607.7,0.0598,0.77,103.8,328.8,4.4
2025-10-17T06:30:00+00:00,2002.2,94.25,360.1,13.77,423.9,21.4,558.9,0.0585,0.82,103.8,328.8,6.6
2025-10-17T06:31:00+00:00,2159.4,95.59,352.3,13.81,424.2,21.6,577.0,0.0592,0.82,103.8,328.8,5.7
2025-10-17T06:32:00+00:00,1945.4,97.00,347.7,13.92,416.4,19.7,614.3,0.0585,0.86,103.8,328.8,4.3
2025-10-17T06:33:00+00:00,1952.5,97.42,335.9,14.10,428.7,21.0,620.6,0.0583,0.78,103.8,328.8,6.8
2025-10-17T06:34:00+00:00,2038.7,96.37,350.4,13.50,412.7,22.9,587.5,0.0606,0.77,103.8,328.8,6.7
2025-10-17T06:35:00+00:00,1922.5,94.88,355.5,13.67,418.1,18.9,642.2,0.0652,0.79,103.8,328.8,3.2
2025-10-17T06:36:00+00:00,1976.3,94.50,353.8,13.90,411.8,21.3,597.1,0.0577,0.75,103.8,328.8,7.4
2025-10-17T06:37:00+00:00,2217.6,97.24,344.6,13.79,430.5,20.9,623.7,0.0596,0.84,103.8,328.8,6.9
2025-10-17T06:38:00+00:00,2031.5,96.05,355.5,13.52,403.4,21.3,601.4,0.0573,0.69,103.8,328.8,5.7
2025-10-17T06:39:00+00:00,2057.3,95.78,342.4,13.89,406.7,23.1,632.1,0.0622,0.71,103.8,328.8,7.3
2025-10-17T06:40:00+00:00,1952.2,95.68,342.0,13.76,404.1,20.3,660.1,0.0587,0.86,103.8,328.8,5.8
2025-10-17T06:41:00+00:00,2021.9,95.90,353.0,13.81,418.3,22.0,586.5,0.0578,0.75,103.8,328.8,5.2
2025-10-17T06:42:00+00:00,1924.1,92.80,356.6,13.71,437.5,21.2,593.1,0.0610,0.77,103.8,328.8,6.9
2025-10-17T06:43:00+00:00,1917.0,96.57,355.8,13.85,414.7,21.0,611.5,0.0584,0.85,103.8,328.8,7.7
2025-10-17T06:44:00+00:00,1923.7,93.64,340.9,13.80,416.4,20.4,580.8,0.0577,0.79,103.8,328.8,5.3
2025-10-17T06:45:00+00:00,1865.1,93.87,344.6,14.03,392.9,21.4,545.7,0.0575,0.81,103.8,328.8,6.8
2025-10-17T06:46:00+00:00,1951.4,94.29,343.1,14.08,421.6,23.2,547.2,0.0594,0.81,103.8,328.8,5.2
2025-10-17T06:47:00+00:00,1958.2,95.85,360.8,13.90,402.9,24.6,646.0,0.0577,0.76,103.8,328.8,4.3
2025-10-17T06:48:00+00:00,1966.9,96.24,363.0,13.98,411.7,21.5,595.0,0.0583,0.82,103.8,328.8,6.0
2025-10-17T06:49:00+00:00,2114.6,95.61,344.0,13.93,404.3,23.6,597.0,0.0585,0.73,103.8,328.8,4.6
2025-10-17T06:50:00+00:00,1860.0,95.64,348.5,13.68,428.0,20.2,527.2,0.0577,0.81,103.8,328.8,7.5
2025-10-17T06:51:00+00:00,2125.2,95.32,351.6,13.92,410.6,22.2,575.4,0.0579,0.70,103.8,328.8,7.6
2025-10-17T06:52:00+00:00,2116.5,97.80,366.2,13.94,421.5,20.8,591.3,0.0581,0.73,103.8,328.8,5.9
2025-10-17T06:53:00+00:00,2185.1,95.19,353.6,13.83,408.2,20.1,610.0,0.0587,0.75,103.8,328.8,3.9
2025-10-17T06:54:00+00:00,1968.1,96.67,343.6,14.20,423.5,22.3,600.4,0.0696,0.85,103.8,328.8,5.9
2025-10-17T06:55:00+00:00,2071.2,95.94,351.4,13.84,411.4,21.1,662.0,0.0581,0.76,103.8,328.8,5.4
2025-10-17T06:56:00+00:00,1920.8,97.33,347.3,13.83,401.2,21.4,569.0,0.0608,0.74,103.8,328.8,5.7
2025-10-17T06:57:00+00:00,1909.6,95.93,350.1,13.85,428.2,24.3,628.2,0.0572,0.74,103.8,328.8,5.9
2025-10-17T06:58:00+00:00,2148.0,96.75,352.6,13.77,408.3,20.9,618.2,0.0578,0.68,103.8,328.8,6.3
2025-10-17T06:59:00+00:00,2088.3,98.73,349.3,13.82,419.4,21.7,638.4,0.0652,0.80,103.8,328.8,3.4
2025-10-17T07:00:00+00:00,2141.1,94.92,350.7,13.80,440.1,21.5,622.7,0.0655,0.85,103.8,328.8,5.7
2025-10-17T07:01:00+00:00,1961.0,95.78,350.3,14.11,397.0,20.7,579.4,0.0580,0.73,103.8,328.8,6.6
2025-10-17T07:02:00+00:00,1965.8,94.85,330.8,13.92,439.1,20.1,636.4,0.0602,0.78,103.8,328.8,5.9
2025-10-17T07:03:00+00:00,1946.5,96.49,351.3,13.73,424.0,19.3,566.9,0.0622,0.68,103.8,328.8,5.6
2025-10-17T07:04:00+00:00,1926.4,93.54,346.8,13.92,406.9,21.7,568.4,0.0640,0.77,103.8,328.8,5.0
2025-10-17T07:05:00+00:00,2087.3,96.53,338.6,14.04,420.4,24.1,620.6,0.0614,0.75,103.8,328.8,6.5
2025-10-17T07:06:00+00:00,1780.1,95.20,346.1,13.91,394.6,22.8,597.8,0.0571,0.81,103.8,328.8,5.9
2025-10-17T07:07:00+00:00,2221.5,96.09,358.1,13.71,430.2,23.5,579.1,0.0596,0.83,103.8,328.8,6.8
2025-10-17T07:08:00+00:00,2512.2,96.97,330.0,14.06,430.5,24.5,630.5,0.0664,0.73,103.8,328.8,6.0
2025-10-17T07:09:00+00:00,1980.1,97.73,358.8,14.00,420.6,20.0,578.7,0.0643,0.79,103.8,328.8,5.9
2025-10-17T07:10:00+00:00,2255.3,96.46,362.5,13.94,438.6,22.8,661.9,0.0696,0.72,103.8,328.8,6.6
2025-10-17T07:11:00+00:00,1821.4,95.10,357.4,13.59,429.5,17.4,630.7,0.0608,0.80,103.8,328.8,5.9
2025-10-17T07:12:00+00:00,2025.1,94.86,354.7,13.78,448.3,22.1,608.6,0.0584,0.80,103.8,328.8,4.7
2025-10-17T07:13:00+00:00,1949.7,96.74,353.4,14.13,414.9,24.1,609.0,0.0603,0.71,103.8,328.8,6.5
2025-10-17T07:14:00+00:00,2439.9,99.60,345.3,13.69,430.2,21.4,669.8,0.0603,0.76,103.8,328.8,7.7
2025-10-17T07:15:00+00:00,2147.0,96.65,335.9,13.87,434.8,19.0,561.5,0.0591,0.81,103.8,328.8,6.8
2025-10-17T07:16:00+00:00,2410.3,96.28,342.3,14.08,443.7,23.2,658.3,0.0623,0.81,103.8,328.8,6.0
2025-10-17T07:17:00+00:00,1996.6,96.62,365.8,13.89,410.5,19.0,589.2,0.0595,0.94,103.8,328.8,7.2
2025-10-17T07:18:00+00:00,2479.5,96.28,349.0,13.56,436.8,18.8,645.9,0.0682,0.79,103.8,328.8,7.2
2025-10-17T07:19:00+00:00,2062.3,94.95,345.3,13.43,419.1,20.1,601.3,0.0627,0.82,103.8,328.8,5.8
2025-10-17T07:20:00+00:00,2385.7,99.33,341.1,13.78,435.6,19.8,616.5,0.0596,0.73,103.8,328.8,6.4
2025-10-17T07:21:00+00:00,2108.2,97.92,369.0,13.94,409.1,23.5,568.6,0.0591,0.83,103.8,328.8,7.3
2025-10-17T07:22:00+00:00,2392.1,99.13,335.9,14.07,431.1,17.4,659.1,0.0637,0.74,103.8,328.8,7.2
2025-10-17T07:23:00+00:00,2312.5,97.33,351.0,13.63,436.3,21.2,579.1,0.0603,0.86,103.8,328.8,4.1
2025-10-17T07:24:00+00:00,2001.2,99.53,342.2,13.71,407.1,22.1,591.2,0.0580,0.79,103.8,328.8,5.0
2025-10-17T07:25:00+00:00,2169.7,94.31,347.7,14.00,416.0,21.5,604.8,0.0594,0.75,103.8,328.8,6.9
2025-10-17T07:26:00+00:00,1999.4,95.96,340.4,13.77,422.1,23.2,613.4,0.0580,0.77,103.8,328.8,6.1
2025-10-17T07:27:00+00:00,1981.8,93.39,357.0,13.73,436.7,21.4,593.2,0.0577,0.76,103.8,328.8,6.8
2025-10-17T07:28:00+00:00,2041.6,91.81,350.6,13.70,424.5,19.6,534.9,0.0581,0.77,103.8,328.8,5.9
2025-10-17T07:29:00+00:00,2050.6,97.29,340.2,13.87,404.9,22.4,587.7,0.0598,0.76,103.8,328.8,4.5
2025-10-17T07:30:00+00:00,1910.0,96.08,350.9,13.88,425.1,21.5,659.7,0.0572,0.74,103.8,328.8,4.5
2025-10-17T07:31:00+00:00,2078.5,93.72,354.6,13.89,423.4,21.7,563.5,0.0587,0.82,103.8,328.8,7.2
2025-10-17T07:32:00+00:00,1995.8,97.20,355.3,13.56,442.7,21.5,594.4,0.0576,0.75,103.8,328.8,5.2
2025-10-17T07:33:00+00:00,1986.7,94.55,347.3,13.79,411.7,19.1,639.4,0.0667,0.84,103.8,328.8,5.7
2025-10-17T07:34:00+00:00,2012.4,94.47,346.5,14.09,432.6,21.9,603.4,0.0596,0.79,103.8,328.8,7.3
2025-10-17T07:35:00+00:00,2144.7,95.16,347.7,13.80,411.6,19.7,580.9,0.0618,0.73,103.8,328.8,7.1
2025-10-17T07:36:00+00:00,1960.7,97.49,355.8,13.57,424.8,20.8,610.2,0.0576,0.76,103.8,328.8,6.5
2025-10-17T07:37:00+00:00,1882.6,95.27,343.5,13.62,419.4,20.3,571.5,0.0574,0.79,103.8,328.8,5.1
2025-10-17T07:38:00+00:00,1918.9,98.75,358.7,13.76,443.9,24.4,605.3,0.0612,0.76,103.8,328.8,7.6
2025-10-17T07:39:00+00:00,2026.0,96.03,345.5,13.87,404.6,20.7,590.7,0.0579,0.74,103.8,328.8,7.0
2025-10-17T07:40:00+00:00,1899.1,93.70,350.6,13.74,394.9,21.9,588.8,0.0658,0.79,103.8,328.8,5.8
2025-10-17T07:41:00+00:00,2113.4,95.69,349.8,13.76,416.3,21.6,604.1,0.0601,0.80,103.8,328.8,6.0
2025-10-17T07:42:00+00:00,2122.7,96.57,353.0,13.67,433.5,21.8,610.1,0.0624,0.70,103.8,328.8,6.6
2025-10-17T07:43:00+00:00,1904.7,93.56,350.0,13.95,413.7,22.5,603.2,0.0578,0.81,103.8,328.8,3.8
2025-10-17T07:44:00+00:00,2173.6,95.21,351.3,13.81,436.7,23.0,601.1,0.0594,0.83,103.8,328.8,5.0
2025-10-17T07:45:00+00:00,1843.6,96.01,348.5,13.71,420.4,18.2,649.5,0.0570,0.76,103.8,328.8,6.6
2025-10-17T07:46:00+00:00,1767.9,96.69,352.8,13.71,421.8,20.3,572.2,0.0570,0.78,103.8,328.8,4.9
2025-10-17T07:47:00+00:00,1914.6,95.58,348.7,13.63,416.7,18.9,585.3,0.0627,0.74,103.8,328.8,5.7
2025-10-17T07:48:00+00:00,1985.3,96.42,350.7,13.40,427.0,23.1,560.3,0.0572,0.70,103.8,328.8,5.5
2025-10-17T07:49:00+00:00,2048.4,95.51,340.6,13.85,429.8,21.8,578.4,0.0611,0.78,103.8,328.8,6.3
2025-10-17T07:50:00+00:00,1775.6,93.82,355.1,13.85,426.1,21.0,575.1,0.0568,0.78,103.8,328.8,6.6
2025-10-17T07:51:00+00:00,2005.3,95.92,331.8,13.82,427.8,20.9,580.4,0.0621,0.73,103.8,328.8,6.8
2025-10-17T07:52:00+00:00,1932.2,93.72,351.0,13.65,401.1,19.8,597.3,0.0570,0.71,103.8,328.8,6.8
2025-10-17T07:53:00+00:00,2042.7,93.04,344.7,14.17,418.1,21.2,568.3,0.0584,0.80,103.8,328.8,5.6
2025-10-17T07:54:00+00:00,1950.4,94.77,351.2,13.60,407.6,18.7,612.0,0.0591,0.81,103.8,328.8,7.3
2025-10-17T07:55:00+00:00,2038.8,97.27,361.9,13.92,393.1,22.0,593.3,0.0648,0.84,103.8,328.8,8.4
2025-10-17T07:56:00+00:00,2107.1,95.25,361.7,14.10,414.4,20.5,632.2,0.0628,0.76,103.8,328.8,5.7
2025-10-17T07:57:00+00:00,1937.3,93.95,356.6,13.62,411.4,22.5,639.6,0.0588,0.89,103.8,328.8,6.3
2025-10-17T07:58:00+00:00,2066.5,97.52,346.1,14.01,424.0,20.8,634.9,0.0643,0.83,103.8,328.8,6.3
2025-10-17T07:59:00+00:00,1874.5,94.80,362.1,13.92,422.3,19.8,598.2,0.0570,0.75,103.8,328.8,6.0
2025-10-17T08:00:00+00:00,2098.1,99.87,357.1,13.84,410.1,20.0,577.0,0.0655,0.94,103.8,328.8,5.3
2025-10-17T08:01:00+00:00,1964.4,93.23,337.0,13.78,413.6,20.1,567.4,0.0602,0.78,103.8,328.8,4.8
2025-10-17T08:02:00+00:00,2009.3,93.29,349.8,13.97,438.1,21.6,573.2,0.0574,0.73,103.8,328.8,5.4
2025-10-17T08:03:00+00:00,1971.0,93.58,341.2,13.82,413.5,20.8,553.8,0.0567,0.67,103.8,328.8,4.2
2025-10-17T08:04:00+00:00,2038.6,97.00,363.3,13.78,406.4,22.3,520.3,0.0596,0.80,103.8,328.8,5.4
2025-10-17T08:05:00+00:00,2130.5,98.40,341.4,13.95,421.9,22.2,621.0,0.0585,0.77,103.8,328.8,6.4
2025-10-17T08:06:00+00:00,2040.9,95.92,346.3,13.60,440.9,22.7,585.1,0.0584,0.81,103.8,328.8,5.9
2025-10-17T08:07:00+00:00,2317.5,97.43,333.4,13.75,405.2,22.4,593.7,0.0601,0.75,103.8,328.8,6.8
2025-10-17T08:08:00+00:00,1936.9,94.30,358.6,13.96,432.2,18.8,568.8,0.0599,0.71,103.8,328.8,6.4
2025-10-17T08:09:00+00:00,1019.4,93.19,336.1,13.61,402.3,23.2,563.7,0.0569,0.82,103.8,328.8,5.9
2025-10-17T08:10:00+00:00,1014.1,92.12,358.3,13.75,413.4,22.8,573.4,0.0582,0.70,103.8,328.8,5.5
2025-10-17T08:11:00+00:00,967.5,91.52,353.8,13.57,381.1,23.5,508.3,0.0539,0.72,103.8,328.8,6.9
2025-10-17T08:12:00+00:00,993.3,89.61,354.2,13.86,394.7,20.2,495.8,0.0532,0.84,103.8,328.8,4.2
2025-10-17T08:13:00+00:00,965.6,92.73,358.4,13.71,374.0,23.3,547.0,0.0527,0.79,103.8,328.8,5.8
2025-10-17T08:14:00+00:00,988.4,91.38,351.4,13.75,387.5,22.8,517.9,0.0524,0.77,103.8,328.8,4.6
2025-10-17T08:15:00+00:00,838.5,93.56,354.6,13.92,381.5,23.0,596.2,0.0526,0.85,103.8,328.8,6.9
2025-10-17T08:16:00+00:00,1078.8,92.38,359.0,13.51,400.0,21.5,560.0,0.0529,0.76,103.8,328.8,5.7
2025-10-17T08:17:00+00:00,1065.0,90.34,364.4,13.89,396.0,22.5,590.3,0.0609,0.73,103.8,328.8,4.8
2025-10-17T08:18:00+00:00,1004.3,91.80,356.2,14.13,355.3,22.0,585.6,0.0528,0.79,103.8,328.8,7.2
2025-10-17T08:19:00+00:00,1119.0,92.77,362.2,13.81,386.7,22.7,579.7,0.0540,0.71,103.8,328.8,4.3
2025-10-17T14:00:00+00:00,1129.7,93.69,359.3,13.72,390.2,21.0,583.2,0.0565,0.83,103.8,328.8,6.0
2025-10-17T14:01:00+00:00,961.5,91.95,348.9,13.63,377.3,17.5,541.0,0.0582,0.86,103.8,328.8,5.5
2025-10-17T14:02:00+00:00,1042.7,93.71,353.1,13.50,394.8,19.8,501.9,0.0529,0.79,103.8,328.8,5.8
2025-10-17T14:03:00+00:00,1001.8,92.39,351.6,13.85,383.5,20.3,546.6,0.0528,0.75,103.8,328.8,6.2
2025-10-17T14:04:00+00:00,983.1,93.70,359.1,13.99,349.9,21.3,585.9,0.0518,0.70,103.8,328.8,6.5
2025-10-17T14:05:00+00:00,870.3,92.59,359.3,13.72,395.5,21.1,521.3,0.0579,0.77,103.8,328.8,7.8
2025-10-17T14:06:00+00:00,927.8,91.55,361.0,13.92,395.1,24.3,602.4,0.0597,0.72,103.8,328.8,4.5
2025-10-17T14:07:00+00:00,961.9,92.88,358.9,13.61,406.5,18.4,555.1,0.0525,0.79,103.8,328.8,4.8
2025-10-17T14:08:00+00:00,936.3,92.34,343.1,14.12,391.2,20.3,558.0,0.0560,0.72,103.8,328.8,7.1
2025-10-17T14:09:00+00:00,1072.8,92.33,369.6,13.87,408.0,20.5,584.6,0.0538,0.86,103.8,328.8,5.1
2025-10-17T14:10:00+00:00,962.6,95.06,365.5,13.88,380.7,24.5,522.6,0.0526,0.80,103.8,328.8,5.7
2025-10-17T14:11:00+00:00,2163.1,96.58,343.5,13.95,444.0,21.2,621.1,0.0592,0.72,103.8,328.8,6.7
2025-10-17T14:12:00+00:00,2073.4,96.06,357.5,13.90,440.7,21.2,576.3,0.0595,0.89,103.8,328.8,4.9
2025-10-17T14:13:00+00:00,1963.5,97.08,362.4,13.85,431.7,21.9,543.8,0.0578,0.77,103.8,328.8,5.9
2025-10-17T14:14:00+00:00,1935.4,95.84,346.9,14.02,416.0,19.2,547.3,0.0645,0.71,103.8,328.8,5.9
2025-10-17T14:15:00+00:00,1884.7,96.60,338.4,13.75,425.6,21.7,582.1,0.0585,0.81,103.8,328.8,5.2
2025-10-17T14:16:00+00:00,2008.5,94.24,351.7,13.82,420.6,21.6,607.1,0.0618,0.77,103.8,328.8,4.3
2025-10-17T14:17:00+00:00,2231.4,96.33,339.2,13.61,427.1,21.6,579.8,0.0638,0.80,103.8,328.8,4.5
2025-10-17T14:18:00+00:00,1792.6,95.53,351.6,13.62,418.5,21.3,573.6,0.0572,0.81,103.8,328.8,5.6
2025-10-17T14:19:00+00:00,1987.6,94.47,359.4,13.76,414.8,20.9,571.1,0.0570,0.65,103.8,328.8,5.0
2025-10-17T14:20:00+00:00,1997.1,98.33,346.7,13.64,421.1,19.4,664.6,0.0589,0.88,103.8,328.8,5.6
2025-10-17T14:21:00+00:00,1828.8,97.34,346.3,13.82,403.2,20.4,613.3,0.0628,0.76,103.8,328.8,4.5
2025-10-17T14:22:00+00:00,2026.8,95.97,338.8,13.80,434.5,21.4,548.0,0.0618,0.79,103.8,328.8,7.4
2025-10-17T14:23:00+00:00,2115.3,94.65,342.6,13.95,429.6,19.3,578.4,0.0590,0.81,103.8,328.8,6.2
2025-10-17T14:24:00+00:00,1974.9,95.53,344.1,13.87,408.7,20.7,639.1,0.0626,0.76,103.8,328.8,6.1
2025-10-17T14:25:00+00:00,2034.3,94.26,347.3,14.06,412.6,22.7,557.5,0.0607,0.79,103.8,328.8,3.0
2025-10-17T14:26:00+00:00,2087.9,95.94,330.1,13.75,421.4,20.5,633.0,0.0628,0.85,103.8,328.8,6.4
2025-10-17T14:27:00+00:00,1938.7,95.92,351.4,13.64,406.2,23.0,642.4,0.0578,0.79,103.8,328.8,5.9
2025-10-17T14:28:00+00:00,2013.2,96.17,339.2,13.85,415.9,20.6,644.0,0.0594,0.67,103.8,328.8,6.6
2025-10-17T14:29:00+00:00,1979.8,97.96,357.4,13.80,407.7,20.4,613.0,0.0576,0.74,103.8,328.8,5.0
2025-10-17T14:30:00+00:00,2007.3,95.51,335.2,13.81,414.0,23.2,600.4,0.0578,0.76,103.8,328.8,6.8
2025-10-17T14:31:00+00:00,1950.8,95.36,352.4,13.89,416.9,23.4,602.4,0.0568,0.68,103.8,328.8,5.5
2025-10-17T14:32:00+00:00,2023.8,96.34,346.9,13.78,426.2,21.6,609.5,0.0601,0.89,103.8,328.8,7.9
2025-10-17T14:33:00+00:00,2219.0,97.08,346.8,14.07,426.4,20.0,641.2,0.0608,0.82,103.8,328.8,6.3
2025-10-17T14:34:00+00:00,1938.6,95.42,342.4,13.69,398.6,18.5,611.6,0.0584,0.85,103.8,328.8,5.2
2025-10-17T14:35:00+00:00,1831.2,94.46,362.8,13.53,426.2,21.1,618.9,0.0600,0.70,103.8,328.8,6.8
2025-10-17T14:36:00+00:00,1808.3,97.10,347.3,13.69,423.9,20.0,549.6,0.0571,0.79,103.8,328.8,5.6
2025-10-17T14:37:00+00:00,2015.7,97.56,350.6,13.87,391.2,22.9,559.1,0.0591,0.73,103.8,328.8,7.5
2025-10-17T14:38:00+00:00,1948.5,93.52,374.1,13.80,411.2,23.5,600.0,0.0578,0.79,103.8,328.8,4.9
2025-10-17T14:39:00+00:00,1891.4,95.36,349.9,13.86,408.1,20.8,616.8,0.0563,0.66,103.8,328.8,5.7
2025-10-17T14:40:00+00:00,2054.9,95.38,336.5,13.83,416.3,18.7,599.5,0.0614,0.86,103.8,328.8,4.9
2025-10-17T14:41:00+00:00,2171.4,94.91,346.0,13.74,434.1,23.7,589.7,0.0582,0.70,103.8,328.8,6.2
2025-10-17T14:42:00+00:00,1674.8,97.17,336.1,13.49,415.4,17.8,633.4,0.0574,0.77,103.8,328.8,4.5
2025-10-17T14:43:00+00:00,2005.7,95.92,341.1,13.64,424.4,18.3,631.8,0.0582,0.78,103.8,328.8,6.6
2025-10-17T14:44:00+00:00,1981.0,96.04,360.2,13.80,409.6,23.1,600.1,0.0573,0.73,103.8,328.8,6.0
2025-10-17T14:45:00+00:00,1933.7,93.91,343.2,13.94,405.4,22.2,587.0,0.0579,0.81,103.8,328.8,5.5
2025-10-17T14:46:00+00:00,2105.5,98.18,356.6,14.29,425.6,22.0,628.2,0.0580,0.73,103.8,328.8,6.7
2025-10-17T14:47:00+00:00,2064.0,96.89,363.4,13.87,426.5,21.0,644.4,0.0594,0.73,103.8,328.8,6.2
2025-10-17T14:48:00+00:00,2096.3,97.68,352.7,13.86,438.3,22.0,634.8,0.0583,0.74,103.8,328.8,6.2
2025-10-17T14:49:00+00:00,1933.9,91.88,356.4,13.96,421.4,19.2,596.9,0.0568,0.69,103.8,328.8,4.4
2025-10-17T14:50:00+00:00,1855.8,95.17,346.2,13.84,406.2,22.9,643.3,0.0565,0.70,103.8,328.8,6.6
2025-10-17T14:51:00+00:00,1901.7,95.40,370.4,13.76,424.9,19.1,577.1,0.0606,0.80,103.8,328.8,4.8
2025-10-17T14:52:00+00:00,1927.0,96.88,352.9,13.67,407.7,19.5,532.7,0.0578,0.80,103.8,328.8,5.0
2025-10-17T14:53:00+00:00,1937.1,96.22,348.0,13.87,414.1,19.3,585.2,0.0607,0.69,103.8,328.8,4.3
2025-10-17T14:54:00+00:00,2431.6,94.70,359.8,13.71,427.0,22.8,617.8,0.0606,0.82,103.8,328.8,5.1
2025-10-17T14:55:00+00:00,2017.1,94.09,343.6,13.67,417.4,19.8,631.7,0.0586,0.83,103.8,328.8,6.9
2025-10-17T14:56:00+00:00,2504.9,96.41,347.3,14.05,433.6,20.9,581.5,0.0597,0.68,103.8,328.8,5.3
2025-10-17T14:57:00+00:00,2524.7,96.11,358.5,13.82,433.3,20.7,607.2,0.0605,0.75,103.8,328.8,5.5
2025-10-17T14:58:00+00:00,2438.3,98.96,341.4,13.65,436.8,20.6,598.6,0.0606,0.66,103.8,328.8,6.2
2025-10-17T14:59:00+00:00,2438.6,94.89,349.3,13.75,412.4,24.2,652.9,0.0595,0.70,103.8,328.8,6.4
2025-10-17T15:00:00+00:00,2506.9,96.52,341.8,13.97,420.8,21.3,654.6,0.0622,0.77,103.8,328.8,6.1
2025-10-17T15:01:00+00:00,2385.0,98.80,335.8,13.67,438.5,18.0,618.9,0.0602,0.79,103.8,328.8,5.9
2025-10-17T15:02:00+00:00,2420.7,96.66,359.1,13.73,437.2,22.5,618.1,0.0695,0.75,103.8,328.8,5.1
2025-10-17T15:03:00+00:00,2474.8,95.84,349.0,13.73,433.7,18.9,607.4,0.0607,0.80,103.8,328.8,8.1
2025-10-17T15:04:00+00:00,1917.3,98.69,353.0,13.68,394.9,21.2,615.1,0.0608,0.83,103.8,328.8,6.0
2025-10-17T15:05:00+00:00,1915.7,94.60,336.5,13.90,421.9,23.3,592.3,0.0574,0.76,103.8,328.8,5.1
2025-10-17T15:06:00+00:00,1998.6,97.40,354.5,13.68,418.1,21.5,626.9,0.0586,0.83,103.8,328.8,5.3
2025-10-17T15:07:00+00:00,2373.9,97.37,351.5,13.72,458.8,21.7,584.8,0.0605,0.83,103.8,328.8,5.5
2025-10-17T15:08:00+00:00,2117.4,98.35,352.5,13.87,401.9,21.3,621.8,0.0617,0.84,103.8,328.8,5.4
2025-10-17T15:09:00+00:00,2064.0,94.85,342.7,13.68,421.7,20.4,615.2,0.0642,0.78,103.8,328.8,5.1
2025-10-17T15:10:00+00:00,2122.0,95.90,355.4,13.58,412.2,18.9,660.8,0.0627,0.88,103.8,328.8,6.9
2025-10-17T15:11:00+00:00,2466.0,96.20,335.4,13.56,428.0,19.6,620.9,0.0613,0.85,103.8,328.8,5.7
2025-10-17T15:12:00+00:00,1986.3,95.31,344.8,13.85,418.5,21.2,647.4,0.0619,0.83,103.8,328.8,5.7
2025-10-17T15:13:00+00:00,2025.8,93.82,343.6,13.79,419.2,23.2,615.0,0.0630,0.75,103.8,328.8,6.8
2025-10-17T15:14:00+00:00,2515.0,96.58,348.1,13.77,426.8,21.7,580.2,0.0646,0.81,103.8,328.8,5.0
2025-10-17T15:15:00+00:00,1875.6,96.70,358.2,13.73,430.5,20.7,608.4,0.0591,0.79,103.8,328.8,3.8
2025-10-17T15:16:00+00:00,2107.9,99.61,337.7,13.89,424.7,19.7,639.7,0.0614,0.78,103.8,328.8,5.9
2025-10-17T15:17:00+00:00,1997.1,94.68,342.5,14.05,423.9,20.3,563.0,0.0591,0.87,103.8,328.8,6.7
2025-10-17T15:18:00+00:00,1904.0,95.72,355.9,13.74,397.2,20.6,604.2,0.0572,0.76,103.8,328.8,5.0
2025-10-17T15:19:00+00:00,1947.1,96.23,345.3,13.73,409.8,21.7,630.6,0.0576,0.76,103.8,328.8,5.8
2025-10-17T15:20:00+00:00,1876.5,97.31,341.2,13.82,398.0,21.0,587.8,0.0623,0.76,103.8,328.8,5.8
2025-10-17T15:21:00+00:00,2019.5,96.04,356.2,14.05,410.8,18.9,622.5,0.0580,0.79,103.8,328.8,6.3
2025-10-17T15:22:00+00:00,2214.3,96.41,354.2,13.82,418.5,20.1,605.6,0.0630,0.85,103.8,328.8,5.8
2025-10-17T15:23:00+00:00,1971.0,93.48,343.7,13.73,425.1,22.3,638.7,0.0589,0.65,103.8,328.8,6.0
2025-10-17T15:24:00+00:00,1881.9,98.10,347.9,13.76,405.8,21.2,532.1,0.0616,0.80,103.8,328.8,4.2
2025-10-17T15:25:00+00:00,1946.6,96.64,351.3,13.60,419.4,20.8,666.8,0.0662,0.76,103.8,328.8,6.1
2025-10-17T15:26:00+00:00,2146.9,97.49,350.2,13.92,422.2,24.9,614.2,0.0588,0.78,103.8,328.8,4.1
2025-10-17T15:27:00+00:00,1950.9,97.04,353.1,13.80,432.0,21.2,604.2,0.0570,0.69,103.8,328.8,6.3
2025-10-17T15:28:00+00:00,2035.0,95.05,342.1,13.70,420.3,22.5,617.2,0.0638,0.72,103.8,328.8,6.5
2025-10-17T15:29:00+00:00,1888.5,96.02,353.6,13.66,395.2,22.2,579.9,0.0628,0.77,103.8,328.8,6.4
2025-10-17T15:30:00+00:00,2085.6,96.26,331.5,13.58,420.4,23.5,682.7,0.0586,0.79,103.8,328.8,4.4
2025-10-17T15:31:00+00:00,1921.8,97.98,348.0,13.85,426.1,23.3,648.8,0.0595,0.81,103.8,328.8,5.4
2025-10-17T15:32:00+00:00,2050.5,95.30,359.0,13.78,425.6,21.2,614.0,0.0639,0.80,103.8,328.8,4.7
2025-10-17T15:33:00+00:00,2075.5,99.02,358.7,13.89,437.6,22.9,622.0,0.0587,0.82,103.8,328.8,5.9
2025-10-17T15:34:00+00:00,1968.2,97.83,361.1,13.70,414.6,20.1,569.5,0.0619,0.83,103.8,328.8,5.6
2025-10-17T15:35:00+00:00,2045.8,94.68,337.9,13.76,420.1,20.3,590.4,0.0681,0.75,103.8,328.8,5.8
2025-10-17T15:36:00+00:00,2124.3,97.37,354.2,13.71,423.1,21.9,636.9,0.0587,0.78,103.8,328.8,5.6
2025-10-17T15:37:00+00:00,1895.2,95.72,349.4,13.82,374.0,22.2,608.9,0.0577,0.80,103.8,328.8,5.7
2025-10-17T15:38:00+00:00,1978.2,95.04,348.5,13.68,435.0,19.8,615.0,0.0609,0.82,103.8,328.8,5.7
2025-10-17T15:39:00+00:00,2056.2,96.96,344.2,14.09,422.8,19.2,623.7,0.0576,0.72,103.8,328.8,7.0
2025-10-17T15:40:00+00:00,1882.0,95.64,347.8,13.60,406.7,22.7,552.1,0.0573,0.77,103.8,328.8,5.8
2025-10-17T15:41:00+00:00,1927.7,98.46,348.7,13.72,413.1,22.6,611.9,0.0576,0.77,103.8,328.8,3.7
2025-10-17T15:42:00+00:00,2021.1,96.52,345.6,13.86,408.2,21.3,647.6,0.0573,0.69,103.8,328.8,5.1
2025-10-17T15:43:00+00:00,2010.1,95.07,358.4,13.51,420.9,21.2,600.4,0.0575,0.71,103.8,328.8,5.9
2025-10-17T15:44:00+00:00,2191.0,97.34,341.4,13.99,413.9,23.5,621.7,0.0590,0.78,103.8,328.8,6.3
2025-10-17T15:45:00+00:00,1786.5,94.47,356.2,13.86,419.4,18.4,575.5,0.0570,0.79,103.8,328.8,6.3
2025-10-17T15:46:00+00:00,1932.5,95.97,343.6,13.28,394.2,22.2,666.8,0.0572,0.73,103.8,328.8,6.1
2025-10-17T15:47:00+00:00,2082.1,97.56,353.1,14.03,427.8,21.5,657.2,0.0650,0.82,103.8,328.8,5.0
2025-10-17T15:48:00+00:00,1906.2,94.80,342.5,13.82,411.5,20.1,603.0,0.0641,0.72,103.8,328.8,6.9
2025-10-17T15:49:00+00:00,2080.4,96.05,356.5,13.82,416.4,22.1,632.4,0.0611,0.71,103.8,328.8,3.9
2025-10-17T15:50:00+00:00,2151.8,94.42,342.1,13.84,418.0,20.9,572.3,0.0579,0.69,103.8,328.8,6.9
2025-10-17T15:51:00+00:00,2116.9,93.30,349.7,13.91,461.0,19.9,650.7,0.0591,0.71,103.8,328.8,4.8
2025-10-17T15:52:00+00:00,2299.8,95.51,351.5,13.87,410.6,22.1,648.3,0.0596,0.77,103.8,328.8,6.7
2025-10-17T15:53:00+00:00,1926.3,98.12,365.5,13.84,411.5,19.3,596.1,0.0572,0.75,103.8,328.8,6.4
2025-10-17T15:54:00+00:00,2054.0,94.08,333.5,13.91,423.7,21.0,616.9,0.0592,0.76,103.8,328.8,5.4
2025-10-17T15:55:00+00:00,2152.3,97.35,365.0,14.05,419.5,21.5,576.8,0.0690,0.71,103.8,328.8,7.7
2025-10-17T15:56:00+00:00,2103.4,97.07,345.3,13.91,422.7,21.9,579.8,0.0587,0.79,103.8,328.8,3.7
2025-10-17T15:57:00+00:00,2046.1,96.84,359.3,13.91,417.8,22.5,644.9,0.0604,0.73,103.8,328.8,6.5
2025-10-17T15:58:00+00:00,2030.5,94.54,345.7,13.64,399.9,19.8,576.6,0.0595,0.69,103.8,328.8,7.0
2025-10-17T15:59:00+00:00,2070.1,93.03,360.7,13.52,401.3,20.1,538.3,0.0584,0.78,103.8,328.8,7.2
2025-10-17T16:00:00+00:00,2084.2,93.48,343.5,13.76,423.0,21.3,570.1,0.0628,0.74,103.8,328.8,5.3
2025-10-17T16:01:00+00:00,1923.1,94.07,341.9,13.74,414.1,22.1,568.7,0.0579,0.80,103.8,328.8,5.1
2025-10-17T16:02:00+00:00,1971.6,95.76,343.5,13.69,408.2,22.5,596.2,0.0573,0.73,103.8,328.8,6.7
2025-10-17T16:03:00+00:00,962.7,92.93,363.6,13.96,403.4,23.4,574.4,0.0518,0.71,103.8,328.8,6.5
2025-10-17T16:04:00+00:00,1027.9,90.44,359.0,14.06,399.9,21.4,499.6,0.0536,0.70,103.8,328.8,4.8
2025-10-17T16:05:00+00:00,965.3,92.21,356.0,13.82,394.8,20.3,599.8,0.0527,0.80,103.8,328.8,6.5
2025-10-17T16:06:00+00:00,1029.4,93.72,354.7,14.01,391.1,23.0,582.2,0.0528,0.74,103.8,328.8,6.5
2025-10-17T16:07:00+00:00,920.0,89.64,353.0,14.05,368.1,22.7,551.6,0.0550,0.77,103.8,328.8,6.8
2025-10-17T16:08:00+00:00,721.8,90.07,363.1,14.16,369.0,23.5,568.0,0.0538,0.81,103.8,328.8,4.8
2025-10-17T16:09:00+00:00,1036.9,91.96,362.7,13.68,378.0,19.9,579.8,0.0528,0.78,103.8,328.8,6.1
2025-10-17T16:10:00+00:00,971.6,92.03,340.5,13.74,385.4,20.9,545.3,0.0592,0.78,103.8,328.8,5.4
2025-10-17T16:11:00+00:00,1086.5,93.68,351.1,13.72,359.9,23.4,576.6,0.0541,0.87,103.8,328.8,5.1
2025-10-17T16:12:00+00:00,1116.8,92.98,364.0,13.82,366.7,20.8,512.9,0.0563,0.84,103.8,328.8,5.2
2025-10-18T06:00:00+00:00,966.8,92.67,350.9,14.03,395.1,19.1,586.5,0.0632,1.16,253.1,28.1,15.7
2025-10-18T06:01:00+00:00,819.2,94.10,367.5,13.52,359.1,18.7,556.0,0.0587,1.23,253.1,28.1,14.1
2025-10-18T06:02:00+00:00,770.3,91.08,372.8,13.85,379.0,23.9,520.9,0.0565,1.29,253.1,28.1,14.5
2025-10-18T06:03:00+00:00,1030.3,95.75,342.4,13.78,390.8,20.9,535.5,0.0576,1.26,253.1,28.1,13.8
2025-10-18T06:04:00+00:00,865.8,91.35,368.1,13.76,408.8,20.8,517.8,0.0596,1.15,253.1,28.1,13.7
2025-10-18T06:05:00+00:00,1001.9,93.51,366.5,13.68,381.3,21.2,578.3,0.0569,1.20,253.1,28.1,13.7
2025-10-18T06:06:00+00:00,1083.6,92.00,364.6,13.58,378.5,22.9,564.5,0.0573,1.20,253.1,28.1,14.2
2025-10-18T06:07:00+00:00,987.2,94.22,350.9,13.79,392.5,23.3,588.8,0.0562,1.13,253.1,28.1,13.8
2025-10-18T06:08:00+00:00,945.7,93.35,363.9,13.69,367.6,20.4,564.2,0.0567,1.21,253.1,28.1,13.7
2025-10-18T06:09:00+00:00,923.3,89.92,345.1,13.55,380.8,21.6,550.0,0.0552,1.06,253.1,28.1,13.4
2025-10-18T06:10:00+00:00,1028.2,92.52,370.9,13.68,399.3,21.2,526.3,0.0578,1.18,253.1,28.1,14.2
2025-10-18T06:11:00+00:00,2075.6,97.62,344.1,13.87,426.1,20.4,557.1,0.0631,1.19,253.1,28.1,14.3
2025-10-18T06:12:00+00:00,2023.9,94.44,352.6,13.85,420.8,21.9,552.1,0.0613,1.11,253.1,28.1,12.8
2025-10-18T06:13:00+00:00,2014.1,92.15,353.1,13.73,408.3,21.3,574.0,0.0622,1.18,253.1,28.1,12.6
2025-10-18T06:14:00+00:00,2057.0,95.95,351.1,13.86,413.8,21.9,612.1,0.0631,1.26,253.1,28.1,14.6
2025-10-18T06:15:00+00:00,1971.8,96.21,353.7,13.79,413.7,20.7,557.8,0.0625,1.25,253.1,28.1,14.0
2025-10-18T06:16:00+00:00,1994.5,94.67,338.9,13.77,421.7,22.0,671.0,0.0621,1.17,253.1,28.1,14.5
2025-10-18T06:17:00+00:00,2104.5,93.05,345.2,14.07,413.8,21.4,586.8,0.0636,1.28,253.1,28.1,16.3
2025-10-18T06:18:00+00:00,2106.2,92.00,330.0,13.95,424.8,21.5,632.8,0.0624,1.16,253.1,28.1,11.8
2025-10-18T06:19:00+00:00,2031.0,97.83,346.8,13.43,418.4,20.6,598.3,0.0620,1.15,253.1,28.1,13.0
2025-10-18T06:20:00+00:00,2094.3,96.99,357.7,13.88,420.2,20.8,553.5,0.0626,1.19,253.1,28.1,13.7
2025-10-18T06:21:00+00:00,2193.5,94.72,350.7,13.82,436.8,19.9,589.2,0.0628,1.17,253.1,28.1,15.9
2025-10-18T06:22:00+00:00,1933.6,97.47,336.2,13.84,433.2,22.6,608.5,0.0653,1.17,253.1,28.1,12.4
2025-10-18T06:23:00+00:00,1975.1,97.42,371.1,13.83,391.6,23.0,610.5,0.0627,1.11,253.1,28.1,14.1
2025-10-18T06:24:00+00:00,1976.6,94.52,354.0,13.85,427.8,22.2,597.4,0.0674,1.17,253.1,28.1,15.4
2025-10-18T06:25:00+00:00,1993.9,95.43,333.4,13.79,429.1,22.0,613.2,0.0618,1.15,253.1,28.1,14.6
2025-10-18T06:26:00+00:00,2054.7,96.44,337.1,13.94,417.5,18.1,630.5,0.0629,1.11,253.1,28.1,13.4
2025-10-18T06:27:00+00:00,1934.9,96.57,350.1,13.82,409.2,21.2,601.1,0.0631,1.16,253.1,28.1,13.8
2025-10-18T06:28:00+00:00,1858.8,95.41,357.9,13.61,435.4,20.5,562.3,0.0609,1.13,253.1,28.1,13.6
2025-10-18T06:29:00+00:00,1951.1,95.31,346.9,13.80,421.5,21.9,638.6,0.0606,1.06,253.1,28.1,13.2
2025-10-18T06:30:00+00:00,2104.8,96.33,349.1,13.51,413.9,24.7,602.0,0.0621,1.14,253.1,28.1,12.7
2025-10-18T06:31:00+00:00,1902.4,96.47,346.7,13.68,424.2,18.0,626.0,0.0638,1.16,253.1,28.1,14.9
2025-10-18T06:32:00+00:00,2029.3,95.99,352.0,14.00,416.6,20.3,611.9,0.0619,1.15,253.1,28.1,14.4
2025-10-18T06:33:00+00:00,1980.6,94.36,350.3,13.77,432.4,21.8,582.8,0.0616,1.17,253.1,28.1,15.9
2025-10-18T06:34:00+00:00,1932.3,95.95,357.2,13.71,399.3,23.4,555.4,0.0683,1.25,253.1,28.1,14.2
2025-10-18T06:35:00+00:00,1981.6,97.23,349.6,13.81,399.8,21.6,546.2,0.0661,1.19,253.1,28.1,13.9
2025-10-18T06:36:00+00:00,1910.8,97.28,338.6,13.64,395.4,22.2,604.6,0.0627,1.18,253.1,28.1,13.3
2025-10-18T06:37:00+00:00,2233.0,97.24,330.3,13.87,412.4,20.7,568.8,0.0637,1.23,253.1,28.1,14.5
2025-10-18T06:38:00+00:00,1964.7,93.30,350.2,13.87,399.6,19.9,643.9,0.0622,1.22,253.1,28.1,13.3
2025-10-18T06:39:00+00:00,1711.5,94.59,364.3,13.89,416.9,22.7,602.9,0.0596,1.10,253.1,28.1,15.2
2025-10-18T06:40:00+00:00,1873.1,98.27,350.4,13.54,392.8,20.1,587.3,0.0607,1.10,253.1,28.1,13.3
2025-10-18T06:41:00+00:00,2079.6,95.06,342.2,14.01,426.3,21.6,624.0,0.0664,1.18,253.1,28.1,14.5
2025-10-18T06:42:00+00:00,2226.8,94.56,347.1,13.85,425.5,23.5,594.2,0.0636,1.22,253.1,28.1,12.9
2025-10-18T06:43:00+00:00,1828.4,96.90,334.5,13.64,430.2,20.6,563.4,0.0639,1.28,253.1,28.1,14.5
2025-10-18T06:44:00+00:00,1946.0,95.29,356.1,13.88,428.5,20.9,621.4,0.0618,1.18,253.1,28.1,13.4
2025-10-18T06:45:00+00:00,1970.7,95.34,364.7,13.72,423.9,20.9,627.1,0.0628,1.26,253.1,28.1,14.2
2025-10-18T06:46:00+00:00,1939.8,94.66,359.3,13.39,428.0,19.9,560.4,0.0615,1.14,253.1,28.1,14.9
2025-10-18T06:47:00+00:00,1888.5,96.50,352.0,13.91,446.4,22.7,608.2,0.0613,1.16,253.1,28.1,13.1
2025-10-18T06:48:00+00:00,1916.4,96.04,349.9,13.90,424.0,22.9,529.8,0.0635,1.10,253.1,28.1,14.1
2025-10-18T06:49:00+00:00,2004.2,95.89,353.7,13.54,442.8,22.4,593.7,0.0620,1.16,253.1,28.1,15.3
2025-10-18T06:50:00+00:00,1876.9,94.03,358.5,13.99,423.3,21.7,627.2,0.0618,1.14,253.1,28.1,12.4
2025-10-18T06:51:00+00:00,1845.3,95.20,348.9,13.80,409.0,22.0,606.0,0.0614,1.19,253.1,28.1,14.2
2025-10-18T06:52:00+00:00,1896.4,95.07,359.5,13.76,419.9,19.9,586.0,0.0648,1.14,253.1,28.1,15.4
2025-10-18T06:53:00+00:00,2002.5,95.23,355.7,13.74,432.8,24.1,579.7,0.0616,1.14,253.1,28.1,14.3
2025-10-18T06:54:00+00:00,1885.9,97.22,361.0,13.83,422.3,20.9,634.2,0.0615,1.18,253.1,28.1,15.4
2025-10-18T06:55:00+00:00,2014.5,95.38,343.6,13.72,428.1,21.0,606.6,0.0622,1.09,253.1,28.1,13.8
2025-10-18T06:56:00+00:00,1981.7,94.09,356.2,13.80,392.5,20.1,628.4,0.0624,1.20,253.1,28.1,15.0
2025-10-18T06:57:00+00:00,1849.3,95.44,339.1,13.79,396.0,20.2,600.9,0.0698,1.12,253.1,28.1,14.6
2025-10-18T06:58:00+00:00,2032.3,95.46,358.6,13.64,430.3,19.7,659.7,0.0738,1.22,253.1,28.1,15.2
2025-10-18T06:59:00+00:00,2003.2,98.46,364.7,13.64,414.5,21.9,546.3,0.0725,1.17,253.1,28.1,13.9
2025-10-18T07:00:00+00:00,1919.2,96.73,345.3,13.76,398.3,20.9,646.6,0.0637,1.18,253.1,28.1,12.8
2025-10-18T07:01:00+00:00,2010.4,95.28,348.2,14.09,400.4,22.6,628.5,0.0663,1.10,253.1,28.1,14.1
2025-10-18T07:02:00+00:00,1861.8,93.67,347.5,13.65,404.0,21.5,595.6,0.0612,1.17,253.1,28.1,16.4
2025-10-18T07:03:00+00:00,2144.9,94.53,349.9,13.78,427.5,22.4,645.7,0.0675,1.18,253.1,28.1,14.5
2025-10-18T07:04:00+00:00,1958.1,98.69,350.7,13.60,404.4,21.3,594.9,0.0610,1.11,253.1,28.1,14.9
2025-10-18T07:05:00+00:00,2008.2,97.45,336.3,13.87,420.7,21.5,603.9,0.0616,1.15,253.1,28.1,13.6
2025-10-18T07:06:00+00:00,1981.0,96.45,355.2,13.70,420.1,20.8,613.0,0.0661,1.22,253.1,28.1,13.6
2025-10-18T07:07:00+00:00,2103.6,93.07,348.2,13.95,423.5,27.2,577.2,0.0632,1.22,253.1,28.1,14.9
2025-10-18T07:08:00+00:00,1905.5,94.69,358.1,13.84,400.5,21.8,611.0,0.0723,1.33,253.1,28.1,12.1
2025-10-18T07:09:00+00:00,1885.0,97.59,349.3,13.99,429.2,21.8,548.0,0.0628,1.29,253.1,28.1,13.6
2025-10-18T07:10:00+00:00,1968.7,99.63,349.7,13.98,436.6,25.1,606.7,0.0617,1.17,253.1,28.1,13.9
2025-10-18T07:11:00+00:00,2424.6,96.17,351.9,13.85,423.8,23.1,668.7,0.0703,1.17,253.1,28.1,14.9
2025-10-18T07:12:00+00:00,2391.6,98.91,341.2,13.73,428.8,23.2,645.0,0.0652,1.24,253.1,28.1,14.8
2025-10-18T07:13:00+00:00,2001.2,97.24,347.7,13.76,405.7,22.1,596.0,0.0625,1.22,253.1,28.1,14.7
2025-10-18T07:14:00+00:00,1966.2,95.17,335.6,14.09,428.4,21.0,566.3,0.0670,1.23,253.1,28.1,14.8
2025-10-18T07:15:00+00:00,2238.7,96.10,356.1,13.82,428.9,19.1,599.2,0.0744,1.13,253.1,28.1,13.0
2025-10-18T07:16:00+00:00,2484.4,98.00,343.1,13.77,433.5,22.4,630.5,0.0648,1.19,253.1,28.1,14.3
2025-10-18T07:17:00+00:00,1995.7,96.59,356.9,13.77,414.9,22.4,616.3,0.0697,1.16,253.1,28.1,12.6
2025-10-18T07:18:00+00:00,2021.6,95.60,346.2,13.84,417.8,21.5,553.9,0.0678,1.14,253.1,28.1,12.7
2025-10-18T07:19:00+00:00,2058.5,94.39,335.9,14.02,418.1,18.8,614.4,0.0648,1.24,253.1,28.1,11.7
2025-10-18T07:20:00+00:00,2437.6,95.05,328.8,13.60,434.4,19.6,606.4,0.0684,1.17,253.1,28.1,14.7
2025-10-18T07:21:00+00:00,1815.4,95.16,349.6,14.13,416.5,21.0,610.9,0.0606,1.13,253.1,28.1,13.4
2025-10-18T07:22:00+00:00,2529.9,96.62,357.9,14.15,417.3,19.0,669.7,0.0670,1.21,253.1,28.1,14.9
2025-10-18T07:23:00+00:00,2153.6,98.37,354.1,13.80,417.1,24.4,605.6,0.0630,1.20,253.1,28.1,14.2
2025-10-18T07:24:00+00:00,2020.6,98.53,357.7,13.92,428.7,24.0,624.8,0.0668,1.16,253.1,28.1,14.9
2025-10-18T07:25:00+00:00,2185.6,94.86,363.3,13.86,441.9,23.0,568.9,0.0668,1.21,253.1,28.1,15.2
2025-10-18T07:26:00+00:00,2009.3,96.03,348.6,13.44,419.8,23.4,584.3,0.0656,1.14,253.1,28.1,14.6
2025-10-18T07:27:00+00:00,2075.2,96.32,345.3,13.88,413.4,22.5,582.6,0.0634,1.28,253.1,28.1,14.4
2025-10-18T07:28:00+00:00,2067.4,97.86,355.6,13.89,436.7,22.1,591.5,0.0629,1.23,253.1,28.1,13.1
2025-10-18T07:29:00+00:00,2091.7,97.95,357.4,13.72,436.7,20.4,652.4,0.0618,1.11,253.1,28.1,14.7
2025-10-18T07:30:00+00:00,2187.4,95.09,342.9,13.83,434.6,21.2,612.4,0.0634,1.23,253.1,28.1,15.8
2025-10-18T07:31:00+00:00,2058.2,97.60,339.7,13.92,436.9,19.1,537.5,0.0617,1.12,253.1,28.1,15.2
2025-10-18T07:32:00+00:00,1956.7,93.95,367.5,13.95,421.0,22.0,656.9,0.0618,1.18,253.1,28.1,12.9
2025-10-18T07:33:00+00:00,2009.1,99.13,351.2,13.73,421.7,22.6,593.5,0.0623,1.19,253.1,28.1,14.5
2025-10-18T07:34:00+00:00,1908.7,93.74,344.9,13.84,406.2,21.9,608.6,0.0622,1.25,253.1,28.1,12.9
2025-10-18T07:35:00+00:00,2177.7,96.32,360.4,13.68,406.0,22.2,613.3,0.0635,1.24,253.1,28.1,15.5
2025-10-18T07:36:00+00:00,2075.5,95.71,341.8,13.78,430.2,23.0,595.5,0.0626,1.19,253.1,28.1,14.1
2025-10-18T07:37:00+00:00,2053.7,94.19,354.2,13.91,434.9,20.6,531.1,0.0687,1.20,253.1,28.1,11.7
2025-10-18T07:38:00+00:00,1908.3,93.95,359.3,13.71,403.7,20.3,625.7,0.0598,1.03,253.1,28.1,13.0
2025-10-18T07:39:00+00:00,1968.5,94.60,347.2,13.80,427.2,23.3,589.1,0.0617,1.16,253.1,28.1,13.7
2025-10-18T07:40:00+00:00,1991.5,97.01,362.7,13.76,420.8,21.2,586.7,0.0625,1.23,253.1,28.1,14.5
2025-10-18T07:41:00+00:00,2006.2,96.84,359.8,14.03,396.0,20.1,631.8,0.0623,1.22,253.1,28.1,16.3
2025-10-18T07:42:00+00:00,2193.1,96.46,352.0,13.68,435.9,22.1,609.3,0.0624,1.11,253.1,28.1,13.6
2025-10-18T07:43:00+00:00,2068.6,99.78,348.9,13.98,406.2,19.2,599.8,0.0683,1.24,253.1,28.1,15.7
2025-10-18T07:44:00+00:00,2048.5,94.55,356.8,14.16,398.4,22.7,568.0,0.0676,1.21,253.1,28.1,13.9
2025-10-18T07:45:00+00:00,1974.9,97.46,333.0,13.79,404.3,20.7,596.4,0.0621,1.20,253.1,28.1,13.8
2025-10-18T07:46:00+00:00,2005.1,94.97,351.0,13.76,413.7,21.7,609.1,0.0662,1.14,253.1,28.1,12.9
2025-10-18T07:47:00+00:00,2024.6,98.22,350.6,13.67,433.1,21.1,625.7,0.0705,1.17,253.1,28.1,12.5
2025-10-18T07:48:00+00:00,1988.4,92.93,339.1,13.72,431.5,19.2,586.4,0.0638,1.14,253.1,28.1,11.9
2025-10-18T07:49:00+00:00,2198.0,93.83,338.1,13.67,428.8,20.5,569.8,0.0633,1.21,253.1,28.1,12.4
2025-10-18T07:50:00+00:00,1917.2,96.20,339.0,13.89,448.4,21.3,578.2,0.0613,1.14,253.1,28.1,15.7
2025-10-18T07:51:00+00:00,2022.7,95.01,335.0,13.97,426.8,18.6,587.2,0.0626,1.21,253.1,28.1,14.9
2025-10-18T07:52:00+00:00,1941.3,96.60,344.1,13.67,404.8,21.1,645.6,0.0635,1.12,253.1,28.1,12.5
2025-10-18T07:53:00+00:00,2123.2,99.47,359.0,13.80,435.4,19.1,658.1,0.0624,1.13,253.1,28.1,13.8
2025-10-18T07:54:00+00:00,1934.1,94.27,361.8,13.92,443.4,20.3,616.3,0.0684,1.15,253.1,28.1,13.4
2025-10-18T07:55:00+00:00,2141.1,95.41,342.1,13.70,423.3,20.2,597.4,0.0627,1.13,253.1,28.1,14.2
2025-10-18T07:56:00+00:00,2176.1,96.09,342.4,13.87,444.4,19.8,587.1,0.0708,1.17,253.1,28.1,13.5
2025-10-18T07:57:00+00:00,2032.1,96.79,340.4,13.64,410.4,21.5,586.3,0.0683,1.26,253.1,28.1,13.4
2025-10-18T07:58:00+00:00,1824.4,96.51,344.9,13.81,384.6,22.7,589.4,0.0613,1.20,253.1,28.1,12.7
2025-10-18T07:59:00+00:00,2350.5,94.42,343.0,13.85,436.9,19.4,593.8,0.0677,1.13,253.1,28.1,15.8
2025-10-18T08:00:00+00:00,2062.3,94.50,343.3,14.13,416.1,23.3,674.1,0.0669,1.15,253.1,28.1,13.1
2025-10-18T08:01:00+00:00,2057.8,95.34,342.9,13.80,413.9,22.5,629.8,0.0705,1.30,253.1,28.1,14.2
2025-10-18T08:02:00+00:00,2064.5,99.24,366.9,13.79,421.3,19.6,622.0,0.0736,1.18,253.1,28.1,14.4
2025-10-18T08:03:00+00:00,2166.2,98.47,356.8,13.58,454.1,20.4,590.6,0.0671,1.16,253.1,28.1,13.3
2025-10-18T08:04:00+00:00,1947.0,95.74,349.6,13.98,417.3,21.0,587.7,0.0643,1.15,253.1,28.1,13.3
2025-10-18T08:05:00+00:00,2301.8,98.44,357.6,13.43,436.3,21.1,570.2,0.0643,1.11,253.1,28.1,14.3
2025-10-18T08:06:00+00:00,1994.5,95.96,356.6,13.76,403.7,25.1,593.6,0.0625,1.23,253.1,28.1,14.2
2025-10-18T08:07:00+00:00,890.2,92.28,350.1,13.93,385.3,24.7,581.5,0.0657,1.24,253.1,28.1,14.5
2025-10-18T08:08:00+00:00,1133.0,94.42,354.7,13.72,387.7,24.0,597.0,0.0648,1.18,253.1,28.1,12.7
2025-10-18T08:09:00+00:00,952.4,90.86,360.0,13.75,389.8,22.8,518.4,0.0568,1.19,253.1,28.1,12.8
2025-10-18T08:10:00+00:00,913.5,93.72,360.3,13.49,373.7,22.9,560.5,0.0586,1.20,253.1,28.1,14.9
2025-10-18T08:11:00+00:00,988.8,93.96,350.9,13.86,378.9,23.4,540.8,0.0569,1.21,253.1,28.1,15.0
2025-10-18T08:12:00+00:00,1016.4,91.73,344.7,13.76,401.8,20.9,537.2,0.0567,1.16,253.1,28.1,13.4
2025-10-18T08:13:00+00:00,904.9,92.81,370.0,13.86,383.4,19.1,496.3,0.0565,1.21,253.1,28.1,12.6
2025-10-18T08:14:00+00:00,961.0,92.30,350.5,13.79,376.7,21.6,554.9,0.0569,1.22,253.1,28.1,12.8
2025-10-18T08:15:00+00:00,908.8,90.93,359.0,13.95,386.2,20.9,566.0,0.0560,1.15,253.1,28.1,14.3
2025-10-18T08:16:00+00:00,949.6,90.71,358.7,13.65,380.1,21.8,549.7,0.0573,1.07,253.1,28.1,14.7
2025-10-18T14:00:00+00:00,1096.8,93.60,349.9,13.59,393.7,22.1,554.6,0.0565,1.12,253.1,28.1,13.4
2025-10-18T14:01:00+00:00,981.6,91.36,355.5,13.43,388.7,21.2,560.7,0.0560,1.13,253.1,28.1,14.2
2025-10-18T14:02:00+00:00,1029.6,93.50,339.9,13.89,403.1,24.1,583.9,0.0584,1.19,253.1,28.1,14.1
2025-10-18T14:03:00+00:00,887.9,94.11,347.8,13.87,391.2,21.6,582.4,0.0560,1.19,253.1,28.1,12.1
2025-10-18T14:04:00+00:00,1054.1,92.45,347.9,13.69,387.4,20.8,532.3,0.0568,1.17,253.1,28.1,15.5
2025-10-18T14:05:00+00:00,904.4,90.69,371.1,13.67,383.2,21.7,544.6,0.0617,1.11,253.1,28.1,14.5
2025-10-18T14:06:00+00:00,1056.5,89.30,360.0,13.86,382.6,20.4,654.6,0.0613,1.12,253.1,28.1,15.4
2025-10-18T14:07:00+00:00,1028.0,95.53,355.8,13.68,399.8,22.0,541.1,0.0650,1.22,253.1,28.1,14.7
2025-10-18T14:08:00+00:00,1048.5,94.06,353.9,13.88,382.2,21.5,556.3,0.0595,1.23,253.1,28.1,13.9
2025-10-18T14:09:00+00:00,925.9,95.89,344.5,13.78,395.1,21.9,580.0,0.0598,1.14,253.1,28.1,14.0
2025-10-18T14:10:00+00:00,953.3,93.25,360.0,13.65,398.9,20.4,543.9,0.0624,1.15,253.1,28.1,14.8
2025-10-18T14:11:00+00:00,1022.3,94.83,364.2,13.55,391.6,20.5,616.9,0.0567,1.15,253.1,28.1,14.3
2025-10-18T14:12:00+00:00,888.5,92.18,360.0,13.71,389.6,20.9,556.5,0.0628,1.17,253.1,28.1,15.0
2025-10-18T14:13:00+00:00,983.3,91.55,362.6,14.06,396.1,19.0,554.9,0.0555,1.09,253.1,28.1,14.2
2025-10-18T14:14:00+00:00,918.4,92.98,358.6,13.77,383.3,20.4,583.8,0.0577,1.22,253.1,28.1,14.0
2025-10-18T14:15:00+00:00,2163.7,98.37,345.0,13.83,440.5,19.8,659.6,0.0683,1.18,253.1,28.1,15.5
2025-10-18T14:16:00+00:00,2119.2,96.94,344.9,13.90,411.2,19.5,671.4,0.0623,1.14,253.1,28.1,14.0
2025-10-18T14:17:00+00:00,1941.5,97.66,350.1,13.60,395.1,20.8,645.8,0.0618,1.19,253.1,28.1,14.8
2025-10-18T14:18:00+00:00,2010.3,97.75,335.5,13.83,428.6,21.6,617.9,0.0655,1.15,253.1,28.1,14.3
2025-10-18T14:19:00+00:00,2002.1,95.67,338.3,13.95,407.2,20.2,584.1,0.0616,1.13,253.1,28.1,13.5
2025-10-18T14:20:00+00:00,1851.4,93.80,354.0,13.85,413.8,22.3,591.0,0.0667,1.17,253.1,28.1,13.7
2025-10-18T14:21:00+00:00,1958.8,95.18,349.0,13.97,418.8,24.7,602.9,0.0623,1.23,253.1,28.1,12.9
2025-10-18T14:22:00+00:00,1940.5,96.42,339.1,13.73,415.7,20.7,545.4,0.0620,1.20,253.1,28.1,13.6
2025-10-18T14:23:00+00:00,1993.4,94.68,338.0,14.05,435.5,21.0,532.3,0.0632,1.18,253.1,28.1,15.7
2025-10-18T14:24:00+00:00,1964.4,96.02,360.4,13.75,418.7,21.6,586.8,0.0637,1.19,253.1,28.1,13.1
2025-10-18T14:25:00+00:00,1763.0,92.27,348.3,13.70,420.4,22.5,569.7,0.0610,1.20,253.1,28.1,13.3
2025-10-18T14:26:00+00:00,2008.7,96.56,347.4,13.89,396.4,20.9,631.6,0.0621,1.18,253.1,28.1,16.0
2025-10-18T14:27:00+00:00,1959.6,97.17,340.3,13.84,410.3,23.2,552.0,0.0653,1.12,253.1,28.1,13.6
2025-10-18T14:28:00+00:00,1883.5,96.04,340.2,13.93,413.4,19.3,619.3,0.0613,1.18,253.1,28.1,14.0
2025-10-18T14:29:00+00:00,2161.6,94.21,337.5,13.93,448.7,20.3,636.4,0.0628,1.18,253.1,28.1,16.1
2025-10-18T14:30:00+00:00,2140.4,96.35,351.1,13.78,434.7,22.1,649.6,0.0772,1.20,253.1,28.1,14.4
2025-10-18T14:31:00+00:00,1794.5,96.50,335.5,13.61,447.7,22.0,594.7,0.0617,1.26,253.1,28.1,14.5
2025-10-18T14:32:00+00:00,1956.5,95.97,344.2,13.83,426.4,20.5,649.1,0.0611,1.10,253.1,28.1,15.4
2025-10-18T14:33:00+00:00,1714.4,94.89,360.5,13.87,426.9,21.7,605.8,0.0636,1.18,253.1,28.1,12.9
2025-10-18T14:34:00+00:00,1903.6,94.70,357.4,13.66,393.9,20.7,573.7,0.0614,1.16,253.1,28.1,13.5
2025-10-18T14:35:00+00:00,1870.6,94.38,345.9,13.63,408.6,18.6,579.7,0.0636,1.11,253.1,28.1,13.4
2025-10-18T14:36:00+00:00,1877.1,93.83,347.8,13.95,405.3,25.7,571.6,0.0689,1.10,253.1,28.1,14.7
2025-10-18T14:37:00+00:00,2090.2,96.51,348.7,13.69,406.3,23.4,664.9,0.0629,1.22,253.1,28.1,13.3
2025-10-18T14:38:00+00:00,1956.7,97.69,351.8,14.08,409.2,20.1,624.1,0.0632,1.18,253.1,28.1,14.5
2025-10-18T14:39:00+00:00,1965.6,94.13,348.8,13.77,408.5,21.5,577.6,0.0616,1.16,253.1,28.1,13.4
2025-10-18T14:40:00+00:00,1956.7,99.59,336.3,13.79,401.2,18.9,634.7,0.0677,1.15,253.1,28.1,14.7
2025-10-18T14:41:00+00:00,2033.1,94.79,342.3,13.83,439.6,19.6,577.4,0.0621,1.18,253.1,28.1,13.6
2025-10-18T14:42:00+00:00,2204.2,96.54,350.1,13.96,435.9,20.5,624.9,0.0662,1.09,253.1,28.1,16.7
2025-10-18T14:43:00+00:00,2076.0,97.76,357.3,13.74,432.8,19.4,578.5,0.0652,1.24,253.1,28.1,13.3
2025-10-18T14:44:00+00:00,2252.5,97.45,352.0,13.83,425.2,22.9,602.1,0.0647,1.19,253.1,28.1,14.3
2025-10-18T14:45:00+00:00,1914.9,94.50,338.0,13.93,425.8,21.8,575.9,0.0612,1.16,253.1,28.1,12.9
2025-10-18T14:46:00+00:00,1912.8,95.40,341.0,13.98,401.1,19.6,568.8,0.0620,1.23,253.1,28.1,14.3
2025-10-18T14:47:00+00:00,2008.3,97.52,368.6,13.56,409.5,23.5,618.1,0.0615,1.12,253.1,28.1,13.7
2025-10-18T14:48:00+00:00,2027.6,96.53,354.8,13.97,420.8,20.4,608.5,0.0624,1.20,253.1,28.1,14.0
2025-10-18T14:49:00+00:00,1896.9,93.58,361.2,13.86,410.7,21.7,572.4,0.0666,1.16,253.1,28.1,12.6
2025-10-18T14:50:00+00:00,2053.5,95.10,353.9,14.02,457.9,19.0,628.9,0.0658,1.21,253.1,28.1,13.5
2025-10-18T14:51:00+00:00,2071.9,95.46,350.6,13.83,462.1,20.4,600.5,0.0630,1.24,253.1,28.1,13.4
2025-10-18T14:52:00+00:00,1930.6,95.96,350.1,13.99,438.1,21.3,617.0,0.0615,1.17,253.1,28.1,12.3
2025-10-18T14:53:00+00:00,2114.4,96.39,352.7,13.61,408.5,21.1,601.7,0.0648,1.24,253.1,28.1,15.3
2025-10-18T14:54:00+00:00,2039.4,92.21,344.6,13.57,425.6,19.8,611.6,0.0620,1.15,253.1,28.1,13.9
2025-10-18T14:55:00+00:00,2090.2,95.21,360.5,13.71,418.7,20.5,608.4,0.0619,1.13,253.1,28.1,13.6
2025-10-18T14:56:00+00:00,1897.9,94.27,332.1,13.98,396.3,21.8,583.5,0.0622,1.09,253.1,28.1,13.7
2025-10-18T14:57:00+00:00,2089.4,95.33,342.5,13.60,423.9,24.1,638.5,0.0635,1.17,253.1,28.1,13.6
2025-10-18T14:58:00+00:00,2089.6,94.73,347.0,13.59,404.9,19.6,593.2,0.0620,1.14,253.1,28.1,14.4
2025-10-18T14:59:00+00:00,1986.7,96.43,354.2,13.95,426.6,20.0,617.1,0.0622,1.21,253.1,28.1,14.7
2025-10-18T15:00:00+00:00,1870.1,95.23,348.6,13.72,421.9,23.7,611.1,0.0653,1.13,253.1,28.1,15.2
2025-10-18T15:01:00+00:00,2030.8,92.38,334.9,13.70,412.1,20.6,610.0,0.0626,1.22,253.1,28.1,15.2
2025-10-18T15:02:00+00:00,1982.6,96.84,346.4,13.62,431.7,19.7,589.4,0.0611,1.10,253.1,28.1,13.6
2025-10-18T15:03:00+00:00,2051.2,95.88,349.3,13.71,401.6,22.8,588.5,0.0665,1.29,253.1,28.1,14.4
2025-10-18T15:04:00+00:00,2106.6,94.91,354.6,13.94,429.2,23.9,606.6,0.0668,1.16,253.1,28.1,15.4
2025-10-18T15:05:00+00:00,2132.5,94.62,345.8,14.03,426.3,20.3,583.0,0.0630,1.21,253.1,28.1,15.2
2025-10-18T15:06:00+00:00,2208.2,94.77,347.3,14.24,442.3,24.5,593.8,0.0659,1.26,253.1,28.1,13.4
2025-10-18T15:07:00+00:00,1919.1,93.50,355.7,13.94,434.8,19.6,649.0,0.0619,1.20,253.1,28.1,14.2
2025-10-18T15:08:00+00:00,1870.5,94.01,358.6,13.73,411.4,19.9,576.4,0.0678,1.12,253.1,28.1,12.9
2025-10-18T15:09:00+00:00,2241.6,97.18,360.0,13.73,418.7,18.0,578.9,0.0628,1.13,253.1,28.1,14.7
2025-10-18T15:10:00+00:00,2082.3,94.71,346.0,13.78,402.3,20.3,534.8,0.0640,1.16,253.1,28.1,13.4
2025-10-18T15:11:00+00:00,2026.5,96.89,338.3,14.08,434.7,19.9,630.7,0.0653,1.16,253.1,28.1,14.0
2025-10-18T15:12:00+00:00,2450.3,98.68,351.8,13.64,422.6,23.0,589.4,0.0652,1.25,253.1,28.1,13.3
2025-10-18T15:13:00+00:00,2453.6,97.08,342.2,13.76,423.0,22.3,609.9,0.0641,1.14,253.1,28.1,13.2
2025-10-18T15:14:00+00:00,2369.5,96.54,359.0,13.67,425.8,21.9,628.5,0.0640,1.17,253.1,28.1,14.9
2025-10-18T15:15:00+00:00,1918.2,96.49,349.3,13.73,419.9,22.6,595.7,0.0643,1.17,253.1,28.1,13.2
2025-10-18T15:16:00+00:00,2051.0,93.61,348.3,13.85,413.1,21.7,568.5,0.0664,1.19,253.1,28.1,13.7
2025-10-18T15:17:00+00:00,2093.2,96.82,326.0,13.80,448.3,22.4,632.3,0.0737,1.18,253.1,28.1,14.2
2025-10-18T15:18:00+00:00,2166.8,99.27,333.2,14.04,424.3,19.7,605.0,0.0727,1.16,253.1,28.1,13.0
2025-10-18T15:19:00+00:00,2198.0,95.68,352.6,13.79,417.1,21.2,629.5,0.0627,1.13,253.1,28.1,15.1
2025-10-18T15:20:00+00:00,2382.2,98.11,348.8,13.90,442.5,22.4,627.1,0.0647,1.24,253.1,28.1,13.0
2025-10-18T15:21:00+00:00,1945.4,94.13,343.2,14.03,414.1,22.1,605.7,0.0686,1.18,253.1,28.1,13.3
2025-10-18T15:22:00+00:00,1928.4,94.75,354.5,13.50,426.7,23.4,572.4,0.0614,1.16,253.1,28.1,14.3
2025-10-18T15:23:00+00:00,2136.2,95.76,345.1,14.04,433.9,23.2,610.1,0.0628,1.18,253.1,28.1,14.8
2025-10-18T15:24:00+00:00,1908.2,93.70,347.9,13.62,416.5,18.9,576.2,0.0615,1.17,253.1,28.1,13.5
2025-10-18T15:25:00+00:00,2399.3,96.15,345.9,13.84,436.2,21.8,639.5,0.0726,1.24,253.1,28.1,13.1
2025-10-18T15:26:00+00:00,1962.1,96.26,357.4,13.84,419.3,20.9,599.7,0.0664,1.26,253.1,28.1,15.3
2025-10-18T15:27:00+00:00,1900.7,95.97,345.4,13.82,411.3,22.0,634.7,0.0681,1.15,253.1,28.1,15.6
2025-10-18T15:28:00+00:00,2121.0,95.23,344.7,13.89,409.8,21.5,586.7,0.0656,1.19,253.1,28.1,13.9
2025-10-18T15:29:00+00:00,2453.5,97.08,353.0,13.93,444.8,19.8,612.6,0.0642,1.16,253.1,28.1,12.9
2025-10-18T15:30:00+00:00,2444.5,95.83,354.4,13.86,427.1,19.2,651.3,0.0640,1.15,253.1,28.1,14.0
2025-10-18T15:31:00+00:00,1977.6,95.16,349.5,13.74,435.9,19.3,606.9,0.0698,1.07,253.1,28.1,14.6
2025-10-18T15:32:00+00:00,2080.8,95.89,353.5,13.84,422.5,20.8,647.9,0.0613,1.06,253.1,28.1,14.3
2025-10-18T15:33:00+00:00,2451.4,96.57,338.2,13.81,436.5,21.5,584.5,0.0645,1.19,253.1,28.1,13.6
2025-10-18T15:34:00+00:00,1995.2,96.51,348.3,13.66,427.2,21.8,589.1,0.0618,1.17,253.1,28.1,13.6
2025-10-18T15:35:00+00:00,2479.2,96.81,355.2,13.93,438.1,22.6,569.5,0.0642,1.14,253.1,28.1,12.7
2025-10-18T15:36:00+00:00,2091.9,97.53,350.4,13.88,394.3,20.9,570.7,0.0624,1.17,253.1,28.1,14.2
2025-10-18T15:37:00+00:00,2194.5,97.36,358.7,13.83,417.8,22.5,615.8,0.0660,1.12,253.1,28.1,14.9
2025-10-18T15:38:00+00:00,1754.4,98.84,349.0,13.81,409.6,21.4,571.8,0.0635,1.20,253.1,28.1,14.4
2025-10-18T15:39:00+00:00,2035.4,95.31,354.4,13.74,410.3,23.6,642.9,0.0620,1.16,253.1,28.1,13.9
2025-10-18T15:40:00+00:00,2389.9,97.07,336.8,13.56,411.4,18.2,638.8,0.0661,1.27,253.1,28.1,14.7
2025-10-18T15:41:00+00:00,2042.5,96.17,357.6,13.90,431.7,21.7,630.1,0.0632,1.28,253.1,28.1,13.0
2025-10-18T15:42:00+00:00,2067.2,95.32,362.4,13.58,414.6,19.7,518.1,0.0647,1.11,253.1,28.1,13.1
2025-10-18T15:43:00+00:00,2111.0,94.70,355.2,13.57,436.8,24.3,576.1,0.0631,1.22,253.1,28.1,14.7
2025-10-18T15:44:00+00:00,2075.9,95.07,341.2,13.76,424.5,21.4,618.1,0.0624,1.17,253.1,28.1,13.3
2025-10-18T15:45:00+00:00,2281.5,95.95,343.7,13.76,423.6,22.5,619.6,0.0633,1.14,253.1,28.1,14.5
2025-10-18T15:46:00+00:00,2530.2,98.07,352.6,13.57,447.8,22.6,609.2,0.0648,1.18,253.1,28.1,15.7
2025-10-18T15:47:00+00:00,2565.3,98.92,360.9,13.54,432.9,20.0,584.8,0.0642,1.11,253.1,28.1,14.8
2025-10-18T15:48:00+00:00,2023.3,92.76,346.1,13.66,405.1,21.1,581.7,0.0624,1.16,253.1,28.1,14.6
2025-10-18T15:49:00+00:00,1739.6,97.13,358.7,13.65,416.5,21.0,531.0,0.0606,1.18,253.1,28.1,12.5
2025-10-18T15:50:00+00:00,1778.7,97.49,352.5,13.78,420.4,21.8,610.7,0.0618,1.29,253.1,28.1,14.7
2025-10-18T15:51:00+00:00,2117.2,97.18,339.6,13.70,408.7,23.4,647.9,0.0627,1.19,253.1,28.1,14.2
2025-10-18T15:52:00+00:00,2009.3,94.58,365.0,13.78,413.6,26.0,655.0,0.0618,1.15,253.1,28.1,12.4
2025-10-18T15:53:00+00:00,1777.5,94.64,357.7,13.91,400.7,21.2,622.3,0.0600,1.10,253.1,28.1,13.7
2025-10-18T15:54:00+00:00,1978.7,96.79,360.1,13.73,431.3,19.2,602.8,0.0620,1.19,253.1,28.1,15.0
2025-10-18T15:55:00+00:00,2193.4,95.62,337.6,13.70,415.9,20.7,646.7,0.0632,1.21,253.1,28.1,14.9
2025-10-18T15:56:00+00:00,2120.0,95.04,333.8,13.42,433.9,18.7,587.1,0.0634,1.26,253.1,28.1,13.9
2025-10-18T15:57:00+00:00,2174.1,94.56,353.6,13.47,417.3,20.2,567.2,0.0663,1.21,253.1,28.1,15.0
2025-10-18T15:58:00+00:00,2045.1,97.59,349.6,13.72,408.6,22.2,543.8,0.0662,1.16,253.1,28.1,12.8
2025-10-18T15:59:00+00:00,1874.4,95.15,352.9,13.95,402.7,22.0,615.8,0.0614,1.18,253.1,28.1,12.6
2025-10-18T16:00:00+00:00,2251.3,95.40,363.0,14.00,444.7,22.3,570.8,0.0688,1.21,253.1,28.1,12.3
2025-10-18T16:01:00+00:00,2147.5,97.84,350.2,13.55,403.2,23.8,600.3,0.0635,1.25,253.1,28.1,12.2
2025-10-18T16:02:00+00:00,2116.1,95.70,341.4,13.67,414.8,20.7,594.9,0.0655,1.16,253.1,28.1,13.9
2025-10-18T16:03:00+00:00,1987.1,96.48,351.4,13.91,422.9,21.8,557.3,0.0617,1.16,253.1,28.1,13.5
2025-10-18T16:04:00+00:00,2052.1,95.53,361.4,13.86,401.1,21.4,625.9,0.0676,1.19,253.1,28.1,12.9
2025-10-18T16:05:00+00:00,1973.8,93.85,355.6,13.73,435.1,20.6,602.1,0.0659,1.21,253.1,28.1,14.2
2025-10-18T16:06:00+00:00,2192.8,99.42,339.7,13.79,437.3,21.4,577.0,0.0639,1.21,253.1,28.1,14.3
2025-10-18T16:07:00+00:00,2030.5,95.48,341.1,13.87,395.8,24.3,583.3,0.0647,1.20,253.1,28.1,13.1
2025-10-18T16:08:00+00:00,2115.8,94.67,340.7,13.66,405.8,22.4,573.3,0.0624,1.17,253.1,28.1,13.5
2025-10-18T16:09:00+00:00,2042.2,95.52,352.2,13.87,431.0,21.0,550.3,0.0627,1.13,253.1,28.1,16.2
2025-10-18T16:10:00+00:00,1824.0,93.70,344.8,13.66,431.3,21.3,597.3,0.0618,1.25,253.1,28.1,13.1
2025-10-18T16:11:00+00:00,2172.2,93.37,347.5,13.86,422.6,19.2,584.8,0.0666,1.19,253.1,28.1,14.5
2025-10-18T16:12:00+00:00,2171.8,95.99,329.5,13.86,450.2,24.1,622.0,0.0635,1.23,253.1,28.1,15.7
2025-10-18T16:13:00+00:00,2102.3,95.43,360.1,13.89,415.0,23.6,668.5,0.0640,1.15,253.1,28.1,15.1
2025-10-18T16:14:00+00:00,1807.8,94.08,359.0,13.77,420.0,22.1,602.4,0.0630,1.18,253.1,28.1,15.8
2025-10-18T16:15:00+00:00,2146.9,93.26,358.2,13.64,427.4,19.5,622.8,0.0629,1.20,253.1,28.1,15.6
2025-10-18T16:16:00+00:00,2129.8,98.47,358.4,13.83,408.5,19.9,578.0,0.0626,1.18,253.1,28.1,14.4
2025-10-18T16:17:00+00:00,2092.2,93.63,351.6,13.46,427.9,19.5,565.2,0.0641,1.15,253.1,28.1,15.4
2025-10-18T16:18:00+00:00,1968.7,96.73,345.1,13.70,419.9,21.3,647.6,0.0680,1.19,253.1,28.1,12.4
2025-10-18T16:19:00+00:00,1889.4,93.74,342.1,13.83,421.1,22.1,586.8,0.0634,1.05,253.1,28.1,14.4
2025-10-18T16:20:00+00:00,1976.6,96.07,352.7,13.60,414.0,20.5,636.9,0.0695,1.20,253.1,28.1,15.1
2025-10-18T16:21:00+00:00,2025.2,94.50,359.9,13.95,416.9,24.9,562.2,0.0628,1.20,253.1,28.1,13.8
2025-10-18T16:22:00+00:00,1900.3,96.49,339.8,13.75,427.3,20.5,604.8,0.0608,1.11,253.1,28.1,14.1
2025-10-18T16:23:00+00:00,1944.9,96.52,347.4,13.65,430.4,20.2,600.9,0.0615,1.16,253.1,28.1,14.5
2025-10-18T16:24:00+00:00,2050.3,95.75,366.3,13.89,424.0,18.8,609.7,0.0615,1.10,253.1,28.1,13.3
2025-10-18T16:25:00+00:00,1922.5,96.95,343.4,13.74,432.1,22.1,600.9,0.0616,1.17,253.1,28.1,14.0
2025-10-18T16:26:00+00:00,2052.8,94.41,340.2,13.83,418.5,18.6,663.0,0.0629,1.24,253.1,28.1,14.5
2025-10-18T16:27:00+00:00,1894.0,94.99,349.7,13.73,409.0,19.1,597.3,0.0615,1.19,253.1,28.1,13.5
2025-10-18T16:28:00+00:00,2107.8,96.12,352.9,13.55,411.1,23.6,638.7,0.0626,1.19,253.1,28.1,12.8
2025-10-18T16:29:00+00:00,2217.0,95.55,363.1,13.74,396.0,20.9,661.2,0.0625,1.10,253.1,28.1,12.5
2025-10-18T16:30:00+00:00,2083.0,98.87,360.7,13.31,446.6,23.5,614.4,0.0634,1.17,253.1,28.1,13.5
2025-10-18T16:31:00+00:00,1943.4,95.17,345.6,13.82,420.2,22.8,576.3,0.0665,1.20,253.1,28.1,15.1
2025-10-18T16:32:00+00:00,2032.7,97.25,352.1,13.75,420.4,22.2,585.2,0.0626,1.23,253.1,28.1,13.5
2025-10-18T16:33:00+00:00,2109.2,93.87,355.4,13.73,415.9,18.5,629.2,0.0670,1.14,253.1,28.1,14.9
2025-10-18T16:34:00+00:00,1944.0,97.66,327.7,13.66,429.8,20.6,629.2,0.0609,1.10,253.1,28.1,15.7
2025-10-18T16:35:00+00:00,2036.7,93.18,346.9,13.77,423.4,21.0,573.5,0.0618,1.08,253.1,28.1,14.1
2025-10-18T16:36:00+00:00,2101.0,95.60,349.0,13.73,405.8,20.8,611.7,0.0733,1.23,253.1,28.1,13.0
2025-10-18T16:37:00+00:00,2078.4,95.32,362.1,13.95,423.8,21.6,624.6,0.0640,1.23,253.1,28.1,14.2
2025-10-18T16:38:00+00:00,2135.1,96.48,341.2,13.67,452.7,22.2,574.8,0.0686,1.19,253.1,28.1,14.9
2025-10-18T16:39:00+00:00,1943.8,93.90,355.7,13.64,414.6,22.9,637.8,0.0614,1.15,253.1,28.1,12.6
2025-10-18T16:40:00+00:00,2044.6,97.17,347.2,13.77,396.0,21.5,594.5,0.0624,1.20,253.1,28.1,13.2
2025-10-18T16:41:00+00:00,2102.4,94.60,338.2,13.97,411.9,19.8,640.0,0.0629,1.23,253.1,28.1,13.8
2025-10-18T16:42:00+00:00,1988.6,96.72,359.0,13.93,404.6,22.6,552.1,0.0657,1.26,253.1,28.1,14.9
2025-10-18T16:43:00+00:00,2117.0,96.79,352.0,13.82,416.1,21.8,659.3,0.0632,1.24,253.1,28.1,13.7
2025-10-18T16:44:00+00:00,1969.3,95.07,343.0,13.91,406.5,21.9,550.9,0.0615,1.14,253.1,28.1,13.6
2025-10-18T16:45:00+00:00,1061.9,92.82,369.7,13.78,399.3,19.5,560.6,0.0566,1.13,253.1,28.1,11.7
2025-10-18T16:46:00+00:00,909.3,95.79,369.4,13.77,367.0,21.1,585.4,0.0563,1.19,253.1,28.1,13.9
2025-10-18T16:47:00+00:00,965.3,91.94,363.2,13.77,394.1,19.5,526.7,0.0587,1.23,253.1,28.1,11.8
2025-10-18T16:48:00+00:00,996.8,93.21,358.5,13.80,360.2,19.0,582.9,0.0674,1.12,253.1,28.1,14.1
2025-10-18T16:49:00+00:00,876.9,94.18,368.6,14.02,425.4,21.1,614.3,0.0656,1.20,253.1,28.1,12.2
2025-10-18T16:50:00+00:00,864.9,90.07,359.0,13.92,364.5,18.2,534.7,0.0562,1.21,253.1,28.1,15.0
2025-10-18T16:51:00+00:00,816.7,88.08,376.4,14.05,390.1,24.2,531.7,0.0592,1.16,253.1,28.1,14.2
2025-10-18T16:52:00+00:00,858.2,93.06,357.1,13.81,378.5,20.5,568.1,0.0560,1.19,253.1,28.1,14.4
2025-10-18T16:53:00+00:00,905.4,91.81,358.2,13.98,384.6,19.2,539.8,0.0563,1.17,253.1,28.1,13.5
2025-10-18T16:54:00+00:00,856.7,92.33,367.0,13.99,397.0,20.9,558.3,0.0565,1.24,253.1,28.1,15.1
2025-10-18T16:55:00+00:00,918.1,91.87,367.1,14.01,388.0,22.0,542.8,0.0559,1.14,253.1,28.1,14.5
2025-10-18T16:56:00+00:00,795.5,89.62,381.4,13.80,385.2,24.3,547.9,0.0632,1.11,253.1,28.1,14.4
2025-10-18T16:57:00+00:00,934.3,94.67,357.2,13.73,391.7,20.1,573.4,0.0556,1.12,253.1,28.1,14.2
2025-10-18T16:58:00+00:00,996.9,89.23,368.3,13.78,368.0,22.2,539.3,0.0560,1.11,253.1,28.1,15.3
2025-10-19T06:00:00+00:00,916.2,91.59,365.7,13.86,378.3,20.2,560.6,0.0498,0.51,68.1,338.1,7.1
2025-10-19T06:01:00+00:00,1115.0,92.25,336.8,13.63,404.1,23.0,562.2,0.0504,0.49,68.1,338.1,5.8
2025-10-19T06:02:00+00:00,1036.1,91.55,352.1,13.90,405.9,22.7,570.7,0.0560,0.67,68.1,338.1,5.6
2025-10-19T06:03:00+00:00,935.5,91.79,351.2,13.83,382.8,22.4,559.9,0.0508,0.62,68.1,338.1,5.3
2025-10-19T06:04:00+00:00,850.7,92.20,356.1,13.80,351.0,21.1,549.5,0.0485,0.46,68.1,338.1,5.6
2025-10-19T06:05:00+00:00,963.5,90.44,356.6,13.98,396.6,21.8,608.2,0.0490,0.44,68.1,338.1,5.9
2025-10-19T06:06:00+00:00,1050.3,92.60,366.5,13.86,393.9,24.4,579.7,0.0562,0.58,68.1,338.1,4.5
2025-10-19T06:07:00+00:00,839.6,89.81,352.6,13.84,392.1,19.6,557.7,0.0498,0.58,68.1,338.1,5.3
2025-10-19T06:08:00+00:00,781.7,92.66,351.2,14.07,375.5,21.2,522.4,0.0610,0.59,68.1,338.1,4.6
2025-10-19T06:09:00+00:00,967.2,94.63,361.4,14.05,389.3,20.6,566.5,0.0516,0.54,68.1,338.1,4.9
2025-10-19T06:10:00+00:00,1079.0,93.49,359.7,13.68,383.2,18.9,629.9,0.0506,0.54,68.1,338.1,6.0
2025-10-19T06:11:00+00:00,2072.4,94.86,351.8,13.94,423.4,22.3,587.5,0.0560,0.54,68.1,338.1,5.5
2025-10-19T06:12:00+00:00,2069.0,95.83,332.3,13.98,409.5,20.3,569.9,0.0553,0.48,68.1,338.1,3.7
2025-10-19T06:13:00+00:00,1846.6,92.51,347.8,13.79,435.1,19.1,643.9,0.0551,0.57,68.1,338.1,5.9
2025-10-19T06:14:00+00:00,2084.3,97.38,342.5,13.69,422.1,21.4,619.6,0.0561,0.54,68.1,338.1,6.5
2025-10-19T06:15:00+00:00,1871.0,97.12,357.2,13.87,430.6,21.8,624.7,0.0636,0.59,68.1,338.1,6.4
2025-10-19T06:16:00+00:00,2020.5,96.94,340.7,13.76,410.0,21.9,575.0,0.0617,0.55,68.1,338.1,4.0
2025-10-19T06:17:00+00:00,2036.9,93.53,359.7,13.35,418.2,19.3,676.0,0.0554,0.49,68.1,338.1,4.7
2025-10-19T06:18:00+00:00,2236.5,96.24,335.3,13.61,395.9,19.4,614.1,0.0600,0.58,68.1,338.1,5.6
2025-10-19T06:19:00+00:00,1976.1,96.70,345.6,14.04,402.0,21.5,595.9,0.0562,0.61,68.1,338.1,4.6
2025-10-19T06:20:00+00:00,1940.4,95.46,338.9,13.90,397.3,25.1,587.7,0.0575,0.52,68.1,338.1,5.1
2025-10-19T06:21:00+00:00,2044.8,96.23,352.6,13.79,441.0,21.6,656.9,0.0562,0.57,68.1,338.1,4.1
2025-10-19T06:22:00+00:00,1975.3,100.72,355.8,13.69,384.5,21.1,645.3,0.0548,0.46,68.1,338.1,6.5
2025-10-19T06:23:00+00:00,2094.3,97.21,355.9,13.59,435.0,24.8,561.5,0.0564,0.56,68.1,338.1,4.7
2025-10-19T06:24:00+00:00,1932.3,94.50,350.0,13.92,414.0,22.2,608.0,0.0561,0.63,68.1,338.1,6.3
2025-10-19T06:25:00+00:00,1952.6,95.88,357.7,13.76,425.1,23.3,629.5,0.0601,0.52,68.1,338.1,5.8
2025-10-19T06:26:00+00:00,2031.9,97.75,368.5,13.94,406.0,20.8,563.2,0.0598,0.50,68.1,338.1,4.7
2025-10-19T06:27:00+00:00,2116.6,98.66,348.8,13.67,417.6,22.4,580.1,0.0572,0.64,68.1,338.1,6.2
2025-10-19T06:28:00+00:00,2116.7,99.80,345.6,13.95,435.2,19.2,585.3,0.0557,0.48,68.1,338.1,3.8
2025-10-19T06:29:00+00:00,1961.8,95.77,356.0,13.69,421.5,21.6,535.5,0.0657,0.58,68.1,338.1,4.4
2025-10-19T06:30:00+00:00,2055.3,97.99,352.3,13.82,419.9,21.9,621.3,0.0564,0.58,68.1,338.1,6.3
2025-10-19T06:31:00+00:00,2090.9,96.12,348.9,13.74,418.7,22.7,642.1,0.0569,0.50,68.1,338.1,5.3
2025-10-19T06:32:00+00:00,2017.1,94.64,363.7,13.75,407.2,22.8,608.4,0.0593,0.52,68.1,338.1,7.4
2025-10-19T06:33:00+00:00,1904.0,93.61,346.4,13.92,415.5,22.1,567.2,0.0552,0.55,68.1,338.1,4.8
2025-10-19T06:34:00+00:00,2034.8,97.30,342.9,13.63,410.7,20.2,562.4,0.0557,0.53,68.1,338.1,5.0
2025-10-19T06:35:00+00:00,2060.2,97.24,342.3,13.76,415.0,20.0,543.1,0.0587,0.48,68.1,338.1,6.5
2025-10-19T06:36:00+00:00,1999.7,96.48,348.1,13.47,415.9,21.8,573.8,0.0586,0.52,68.1,338.1,3.5
2025-10-19T06:37:00+00:00,2105.5,94.77,337.1,13.79,424.8,20.7,563.5,0.0636,0.53,68.1,338.1,4.8
2025-10-19T06:38:00+00:00,1909.3,94.55,349.6,13.48,427.0,23.1,547.5,0.0570,0.52,68.1,338.1,3.7
2025-10-19T06:39:00+00:00,1909.4,93.73,350.0,13.77,416.2,24.1,584.4,0.0552,0.55,68.1,338.1,3.6
2025-10-19T06:40:00+00:00,2055.6,97.17,353.3,13.69,439.4,21.4,637.2,0.0615,0.53,68.1,338.1,4.9
2025-10-19T06:41:00+00:00,2011.7,94.79,348.4,13.63,426.9,23.8,612.7,0.0591,0.58,68.1,338.1,4.7
2025-10-19T06:42:00+00:00,1798.5,95.11,360.2,13.87,393.2,20.2,597.3,0.0561,0.68,68.1,338.1,5.7
2025-10-19T06:43:00+00:00,2050.1,95.09,352.3,13.88,422.5,19.6,632.4,0.0610,0.59,68.1,338.1,4.7
2025-10-19T06:44:00+00:00,2116.3,98.03,355.0,13.66,410.8,19.3,599.2,0.0557,0.48,68.1,338.1,5.0
2025-10-19T06:45:00+00:00,1956.7,95.53,356.7,14.05,431.7,24.2,595.9,0.0548,0.49,68.1,338.1,6.3
2025-10-19T06:46:00+00:00,1909.7,94.60,351.0,13.52,400.0,20.4,570.9,0.0549,0.51,68.1,338.1,5.5
2025-10-19T06:47:00+00:00,2153.7,96.59,350.1,13.64,406.5,19.3,609.0,0.0566,0.55,68.1,338.1,4.9
2025-10-19T06:48:00+00:00,2057.0,94.91,350.7,13.91,424.7,24.9,657.8,0.0634,0.56,68.1,338.1,7.4
2025-10-19T06:49:00+00:00,1978.2,98.39,370.3,13.96,425.4,22.8,647.4,0.0584,0.57,68.1,338.1,6.3
2025-10-19T06:50:00+00:00,2265.2,95.80,354.6,13.74,421.1,21.2,612.3,0.0635,0.58,68.1,338.1,4.2
2025-10-19T06:51:00+00:00,1956.0,97.37,349.0,13.67,417.7,22.3,596.7,0.0641,0.47,68.1,338.1,4.0
2025-10-19T06:52:00+00:00,1979.0,95.41,329.1,13.87,420.0,24.5,579.8,0.0690,0.57,68.1,338.1,7.0
2025-10-19T06:53:00+00:00,1881.8,97.66,348.7,13.59,421.9,21.1,552.6,0.0573,0.53,68.1,338.1,6.2
2025-10-19T06:54:00+00:00,2147.2,94.14,350.7,13.87,418.2,22.3,613.0,0.0648,0.53,68.1,338.1,7.6
2025-10-19T06:55:00+00:00,1987.2,94.99,348.0,13.97,409.7,18.1,582.9,0.0599,0.59,68.1,338.1,5.2
2025-10-19T06:56:00+00:00,2052.1,94.22,347.6,13.77,433.3,22.0,578.0,0.0597,0.56,68.1,338.1,5.3
2025-10-19T06:57:00+00:00,2469.2,95.79,342.7,13.81,468.1,19.4,594.0,0.0583,0.56,68.1,338.1,6.2
2025-10-19T06:58:00+00:00,1937.1,95.82,348.2,13.74,430.5,21.5,613.4,0.0567,0.52,68.1,338.1,4.9
2025-10-19T06:59:00+00:00,1884.5,90.02,343.6,13.68,405.6,22.1,554.9,0.0560,0.62,68.1,338.1,7.6
2025-10-19T07:00:00+00:00,1920.2,95.85,357.5,13.80,424.7,21.6,611.7,0.0576,0.56,68.1,338.1,5.3
2025-10-19T07:01:00+00:00,1820.7,92.45,347.1,13.96,413.7,19.9,612.9,0.0579,0.54,68.1,338.1,4.0
2025-10-19T07:02:00+00:00,2473.5,97.25,345.6,13.84,414.6,22.4,625.0,0.0586,0.59,68.1,338.1,4.1
2025-10-19T07:03:00+00:00,1975.8,95.46,347.8,13.80,409.7,23.6,588.2,0.0558,0.57,68.1,338.1,4.7
2025-10-19T07:04:00+00:00,1975.1,95.96,355.8,13.76,411.7,22.3,597.6,0.0552,0.51,68.1,338.1,6.4
2025-10-19T07:05:00+00:00,1921.1,94.04,353.1,13.97,404.3,20.6,586.3,0.0549,0.52,68.1,338.1,3.4
2025-10-19T07:06:00+00:00,2050.6,96.15,344.5,13.86,411.3,21.9,612.9,0.0569,0.64,68.1,338.1,5.9
2025-10-19T07:07:00+00:00,2053.8,96.09,358.8,13.71,421.7,20.3,604.4,0.0592,0.49,68.1,338.1,4.4
2025-10-19T07:08:00+00:00,2209.2,95.09,346.5,13.56,423.2,22.0,612.7,0.0572,0.59,68.1,338.1,3.6
2025-10-19T07:09:00+00:00,2006.7,96.14,352.3,13.89,439.3,23.3,577.8,0.0576,0.51,68.1,338.1,5.7
2025-10-19T07:10:00+00:00,2396.0,97.71,353.3,13.80,423.2,20.6,569.6,0.0583,0.61,68.1,338.1,5.7
2025-10-19T07:11:00+00:00,1983.5,93.16,349.7,13.92,430.6,23.5,548.7,0.0553,0.54,68.1,338.1,3.9
2025-10-19T07:12:00+00:00,2505.4,96.57,357.7,13.65,435.9,23.5,639.8,0.0586,0.57,68.1,338.1,3.6
2025-10-19T07:13:00+00:00,1876.0,94.11,340.8,13.53,383.9,23.6,544.5,0.0553,0.57,68.1,338.1,6.0
2025-10-19T07:14:00+00:00,2528.9,98.63,345.0,13.74,422.6,23.3,641.8,0.0585,0.55,68.1,338.1,6.0
2025-10-19T07:15:00+00:00,1897.1,97.09,342.9,13.72,437.3,20.4,606.3,0.0574,0.50,68.1,338.1,2.6
2025-10-19T07:16:00+00:00,1885.6,94.82,353.6,13.62,417.7,22.2,610.4,0.0552,0.57,68.1,338.1,4.9
2025-10-19T07:17:00+00:00,2078.8,96.32,344.5,13.57,396.8,21.1,610.6,0.0596,0.49,68.1,338.1,5.5
2025-10-19T07:18:00+00:00,1804.8,97.54,347.4,13.55,412.5,21.3,559.2,0.0553,0.62,68.1,338.1,4.0
2025-10-19T07:19:00+00:00,2103.6,95.61,354.2,13.70,405.9,22.6,668.7,0.0564,0.55,68.1,338.1,5.3
2025-10-19T07:20:00+00:00,2038.6,95.80,340.9,13.49,405.2,22.2,580.9,0.0559,0.54,68.1,338.1,5.3
2025-10-19T07:21:00+00:00,1926.2,97.79,348.2,13.69,414.9,22.8,608.7,0.0548,0.50,68.1,338.1,5.9
2025-10-19T07:22:00+00:00,2109.3,96.46,348.2,13.80,442.3,19.9,627.7,0.0602,0.48,68.1,338.1,5.2
2025-10-19T07:23:00+00:00,2202.5,94.08,351.9,13.77,425.8,19.3,609.3,0.0566,0.53,68.1,338.1,5.7
2025-10-19T07:24:00+00:00,2041.6,97.39,341.0,13.62,418.9,22.5,563.3,0.0560,0.55,68.1,338.1,6.2
2025-10-19T07:25:00+00:00,2078.8,96.97,355.0,13.72,438.2,22.7,561.7,0.0559,0.53,68.1,338.1,6.3
2025-10-19T07:26:00+00:00,2050.9,93.46,341.6,13.64,432.1,21.0,599.4,0.0555,0.51,68.1,338.1,5.5
2025-10-19T07:27:00+00:00,2100.7,97.16,364.9,13.87,423.3,21.4,630.8,0.0583,0.50,68.1,338.1,5.4
2025-10-19T07:28:00+00:00,1977.2,94.99,347.1,13.69,407.1,22.7,583.3,0.0548,0.46,68.1,338.1,5.1
2025-10-19T07:29:00+00:00,2021.9,95.28,364.9,13.71,411.7,19.4,642.7,0.0570,0.67,68.1,338.1,6.1
2025-10-19T07:30:00+00:00,2216.0,96.22,349.2,13.71,417.0,20.1,584.4,0.0568,0.56,68.1,338.1,7.0
2025-10-19T07:31:00+00:00,1991.7,95.84,342.8,13.91,417.4,21.2,586.5,0.0547,0.44,68.1,338.1,4.9
2025-10-19T07:32:00+00:00,2096.0,95.20,346.0,13.95,407.8,21.8,579.6,0.0558,0.51,68.1,338.1,6.0
2025-10-19T07:33:00+00:00,1963.9,94.72,343.9,13.94,411.0,22.2,627.0,0.0566,0.50,68.1,338.1,5.7
2025-10-19T07:34:00+00:00,2178.7,92.86,358.9,13.80,414.5,22.9,613.1,0.0564,0.53,68.1,338.1,5.5
2025-10-19T07:35:00+00:00,1953.4,95.26,343.7,13.68,438.6,21.7,594.9,0.0552,0.51,68.1,338.1,6.4
2025-10-19T07:36:00+00:00,2104.3,95.61,344.2,13.76,406.2,21.6,647.0,0.0656,0.56,68.1,338.1,5.0
2025-10-19T07:37:00+00:00,2069.5,95.52,357.1,13.75,441.1,23.2,588.3,0.0563,0.57,68.1,338.1,5.5
2025-10-19T07:38:00+00:00,1906.7,96.67,334.1,13.68,406.5,21.0,538.7,0.0627,0.57,68.1,338.1,4.5
2025-10-19T07:39:00+00:00,1959.1,97.75,344.4,14.02,428.6,20.9,610.8,0.0557,0.56,68.1,338.1,4.4
2025-10-19T07:40:00+00:00,1867.6,95.33,342.7,13.93,398.5,23.5,652.7,0.0596,0.59,68.1,338.1,6.3
2025-10-19T07:41:00+00:00,1987.9,96.26,353.3,13.75,422.8,19.9,653.4,0.0560,0.57,68.1,338.1,4.5
2025-10-19T07:42:00+00:00,1959.7,92.57,356.6,14.03,393.0,21.9,542.4,0.0561,0.61,68.1,338.1,6.8
2025-10-19T07:43:00+00:00,2106.4,95.42,349.2,13.75,401.8,19.1,593.1,0.0599,0.60,68.1,338.1,5.5
2025-10-19T07:44:00+00:00,2023.5,97.85,357.8,13.74,425.6,20.7,597.3,0.0579,0.58,68.1,338.1,4.4
2025-10-19T07:45:00+00:00,1894.4,96.26,353.7,13.71,399.2,19.0,563.3,0.0579,0.53,68.1,338.1,5.5
2025-10-19T07:46:00+00:00,2068.2,97.42,340.9,13.72,399.7,23.3,542.3,0.0639,0.55,68.1,338.1,7.6
2025-10-19T07:47:00+00:00,1809.4,93.60,343.3,13.74,428.5,21.8,634.4,0.0594,0.58,68.1,338.1,6.9
2025-10-19T07:48:00+00:00,2035.2,99.47,359.4,14.17,412.3,21.9,581.9,0.0567,0.48,68.1,338.1,6.4
2025-10-19T07:49:00+00:00,2040.1,94.69,343.3,13.90,409.8,22.3,595.5,0.0585,0.60,68.1,338.1,4.4
2025-10-19T07:50:00+00:00,1973.8,95.43,356.2,13.82,437.1,18.7,598.4,0.0565,0.66,68.1,338.1,5.6
2025-10-19T07:51:00+00:00,1831.0,95.09,335.5,13.72,403.5,22.2,576.2,0.0546,0.53,68.1,338.1,2.3
2025-10-19T07:52:00+00:00,1971.4,96.49,345.5,13.78,433.0,21.4,581.9,0.0556,0.55,68.1,338.1,6.2
2025-10-19T07:53:00+00:00,2163.3,96.97,346.2,13.78,425.5,20.4,612.7,0.0596,0.55,68.1,338.1,4.6
2025-10-19T07:54:00+00:00,2122.3,97.04,338.0,13.84,422.4,21.5,590.3,0.0619,0.59,68.1,338.1,4.8
2025-10-19T07:55:00+00:00,1816.5,96.93,345.3,13.91,428.2,21.8,542.7,0.0544,0.53,68.1,338.1,5.0
2025-10-19T07:56:00+00:00,2071.4,92.72,337.7,13.71,403.9,21.8,594.9,0.0555,0.50,68.1,338.1,4.9
2025-10-19T07:57:00+00:00,1970.9,93.49,340.8,13.85,416.2,20.0,611.8,0.0562,0.61,68.1,338.1,5.1
2025-10-19T07:58:00+00:00,968.7,91.73,351.5,13.86,392.9,22.5,584.3,0.0500,0.53,68.1,338.1,4.8
2025-10-19T07:59:00+00:00,911.0,93.61,371.5,14.11,388.8,20.3,587.7,0.0494,0.50,68.1,338.1,6.3
2025-10-19T08:00:00+00:00,897.4,92.23,357.2,13.80,382.2,20.2,527.4,0.0498,0.54,68.1,338.1,4.5
2025-10-19T08:01:00+00:00,1046.5,93.79,363.1,13.91,382.7,21.8,497.8,0.0498,0.47,68.1,338.1,4.5
2025-10-19T08:02:00+00:00,959.6,93.82,356.4,13.63,382.6,23.5,542.7,0.0501,0.54,68.1,338.1,5.5
2025-10-19T08:03:00+00:00,1026.2,93.37,369.9,13.70,376.7,19.8,579.9,0.0537,0.58,68.1,338.1,5.6
2025-10-19T08:04:00+00:00,931.8,92.46,354.8,13.78,378.5,20.5,524.5,0.0538,0.55,68.1,338.1,6.9
2025-10-19T08:05:00+00:00,1050.9,95.04,348.0,13.76,392.7,20.9,502.4,0.0494,0.42,68.1,338.1,6.4
2025-10-19T08:06:00+00:00,1077.7,92.42,355.7,13.77,386.6,23.1,603.1,0.0516,0.55,68.1,338.1,5.3
2025-10-19T08:07:00+00:00,971.9,92.34,364.6,13.66,360.7,22.2,550.1,0.0497,0.50,68.1,338.1,6.1
2025-10-19T14:00:00+00:00,912.5,93.53,360.4,13.86,398.9,24.2,489.1,0.0499,0.56,68.1,338.1,3.5
2025-10-19T14:01:00+00:00,1133.6,92.06,349.7,13.66,401.9,21.1,552.0,0.0559,0.45,68.1,338.1,4.9
2025-10-19T14:02:00+00:00,1047.5,91.40,348.1,13.94,389.8,20.9,535.1,0.0582,0.50,68.1,338.1,4.8
2025-10-19T14:03:00+00:00,965.4,89.92,369.7,13.85,377.9,20.4,527.1,0.0563,0.55,68.1,338.1,5.3
2025-10-19T14:04:00+00:00,1023.7,91.87,357.7,13.78,385.7,19.8,517.1,0.0530,0.53,68.1,338.1,4.9
2025-10-19T14:05:00+00:00,1086.8,92.08,347.8,13.92,376.9,23.2,547.4,0.0522,0.62,68.1,338.1,3.4
2025-10-19T14:06:00+00:00,823.4,90.42,363.3,13.88,376.1,24.0,511.7,0.0490,0.51,68.1,338.1,5.0
2025-10-19T14:07:00+00:00,1156.4,92.74,358.8,13.84,379.4,20.7,553.6,0.0516,0.59,68.1,338.1,4.5
2025-10-19T14:08:00+00:00,874.7,91.49,352.4,13.62,377.8,21.8,565.5,0.0490,0.49,68.1,338.1,5.2
2025-10-19T14:09:00+00:00,921.2,92.20,357.3,13.89,377.8,23.4,503.1,0.0522,0.60,68.1,338.1,4.6
2025-10-19T14:10:00+00:00,953.8,94.52,353.6,13.69,390.3,23.8,589.8,0.0512,0.67,68.1,338.1,4.0
2025-10-19T14:11:00+00:00,2069.3,96.77,342.1,14.01,419.9,20.9,590.8,0.0658,0.57,68.1,338.1,7.1
2025-10-19T14:12:00+00:00,2184.5,96.41,350.0,13.88,424.6,22.7,591.1,0.0559,0.47,68.1,338.1,6.1
2025-10-19T14:13:00+00:00,1971.3,97.90,346.2,13.94,407.9,21.4,642.9,0.0555,0.55,68.1,338.1,4.7
2025-10-19T14:14:00+00:00,2031.6,92.39,369.4,13.74,426.2,20.5,649.2,0.0572,0.57,68.1,338.1,6.1
2025-10-19T14:15:00+00:00,1779.8,95.79,337.2,13.55,432.8,22.1,558.8,0.0611,0.56,68.1,338.1,5.2
2025-10-19T14:16:00+00:00,1857.4,95.19,346.3,14.10,414.2,20.8,594.3,0.0545,0.50,68.1,338.1,3.8
2025-10-19T14:17:00+00:00,2075.1,94.13,362.1,13.77,417.9,22.9,610.1,0.0567,0.62,68.1,338.1,5.4
2025-10-19T14:18:00+00:00,2108.3,96.18,353.2,13.96,418.6,23.7,603.5,0.0629,0.51,68.1,338.1,3.3
2025-10-19T14:19:00+00:00,2054.3,95.57,339.3,14.09,420.1,22.4,581.1,0.0586,0.50,68.1,338.1,5.4
2025-10-19T14:20:00+00:00,1760.8,93.81,344.7,13.87,412.1,21.2,583.6,0.0584,0.54,68.1,338.1,6.9
2025-10-19T14:21:00+00:00,1910.8,98.34,353.6,14.05,422.2,22.4,576.6,0.0545,0.48,68.1,338.1,4.6
2025-10-19T14:22:00+00:00,1936.3,93.67,350.9,13.86,408.7,21.6,671.1,0.0553,0.55,68.1,338.1,4.6
2025-10-19T14:23:00+00:00,1923.7,96.35,361.9,13.92,401.6,21.0,665.0,0.0557,0.58,68.1,338.1,5.2
2025-10-19T14:24:00+00:00,2077.9,96.35,342.6,13.75,422.0,26.4,620.3,0.0562,0.56,68.1,338.1,3.5
2025-10-19T14:25:00+00:00,2187.7,96.18,333.1,13.63,426.3,21.1,578.8,0.0569,0.58,68.1,338.1,4.4
2025-10-19T14:26:00+00:00,1982.3,94.34,346.4,13.67,422.6,21.0,538.1,0.0548,0.47,68.1,338.1,3.2
2025-10-19T14:27:00+00:00,2098.4,91.62,343.8,13.95,431.0,21.4,631.2,0.0600,0.55,68.1,338.1,5.3
2025-10-19T14:28:00+00:00,2129.6,97.05,356.9,13.78,432.9,23.1,626.1,0.0610,0.60,68.1,338.1,4.1
2025-10-19T14:29:00+00:00,1743.4,94.58,350.2,13.71,410.9,19.2,643.3,0.0545,0.57,68.1,338.1,5.2
2025-10-19T14:30:00+00:00,1939.9,94.02,342.2,13.69,402.0,20.4,548.9,0.0598,0.56,68.1,338.1,6.2
2025-10-19T14:31:00+00:00,2065.3,96.67,351.6,14.03,417.6,22.6,610.5,0.0564,0.58,68.1,338.1,7.0
2025-10-19T14:32:00+00:00,1915.4,98.52,352.5,13.92,388.5,20.3,579.1,0.0590,0.58,68.1,338.1,6.0
2025-10-19T14:33:00+00:00,2016.7,98.77,356.5,13.93,407.5,21.2,585.6,0.0554,0.51,68.1,338.1,4.9
2025-10-19T14:34:00+00:00,1891.5,96.90,376.3,13.62,403.4,20.8,616.5,0.0554,0.58,68.1,338.1,6.2
2025-10-19T14:35:00+00:00,2100.7,97.34,359.0,14.01,416.5,21.6,628.2,0.0564,0.56,68.1,338.1,6.3
2025-10-19T14:36:00+00:00,2013.8,95.19,338.7,14.00,430.7,21.8,607.7,0.0559,0.55,68.1,338.1,6.3
2025-10-19T14:37:00+00:00,1936.0,96.59,354.9,13.83,406.5,19.8,612.3,0.0558,0.58,68.1,338.1,6.2
2025-10-19T14:38:00+00:00,2119.6,93.85,339.8,14.07,401.9,23.5,624.3,0.0563,0.54,68.1,338.1,3.4
2025-10-19T14:39:00+00:00,1981.4,96.23,356.8,13.80,416.4,20.8,580.9,0.0561,0.59,68.1,338.1,5.5
2025-10-19T14:40:00+00:00,2012.4,94.19,336.6,13.87,412.0,20.2,630.8,0.0631,0.62,68.1,338.1,6.1
2025-10-19T14:41:00+00:00,2059.8,95.25,334.8,13.75,422.0,20.9,619.1,0.0599,0.50,68.1,338.1,4.5
2025-10-19T14:42:00+00:00,2074.2,96.16,353.2,13.67,410.2,20.9,604.7,0.0560,0.55,68.1,338.1,4.2
2025-10-19T14:43:00+00:00,2160.7,95.62,344.4,13.71,420.1,21.0,579.6,0.0643,0.51,68.1,338.1,3.5
2025-10-19T14:44:00+00:00,2007.4,95.95,336.7,13.59,431.7,19.5,519.1,0.0579,0.58,68.1,338.1,6.4
2025-10-19T14:45:00+00:00,2165.5,95.62,349.1,13.52,413.0,19.8,560.9,0.0641,0.53,68.1,338.1,5.4
2025-10-19T14:46:00+00:00,1874.0,96.82,349.4,14.02,422.2,19.5,582.7,0.0603,0.51,68.1,338.1,3.7
2025-10-19T14:47:00+00:00,2008.5,94.91,349.8,13.37,427.4,21.5,608.5,0.0563,0.59,68.1,338.1,5.5
2025-10-19T14:48:00+00:00,2159.6,99.30,361.4,14.06,451.8,21.9,629.3,0.0562,0.51,68.1,338.1,3.3
2025-10-19T14:49:00+00:00,1970.4,93.34,355.8,13.75,406.2,21.8,628.9,0.0557,0.55,68.1,338.1,6.8
2025-10-19T14:50:00+00:00,2002.8,97.40,351.4,13.88,425.4,22.1,556.3,0.0585,0.61,68.1,338.1,6.1
2025-10-19T14:51:00+00:00,2025.1,98.06,348.2,13.70,415.8,22.2,644.4,0.0654,0.55,68.1,338.1,6.6
2025-10-19T14:52:00+00:00,1975.0,96.36,343.8,13.59,401.2,22.0,637.2,0.0558,0.57,68.1,338.1,5.9
2025-10-19T14:53:00+00:00,2032.1,93.23,355.7,13.57,417.1,23.1,642.5,0.0593,0.57,68.1,338.1,4.6
2025-10-19T14:54:00+00:00,1985.2,98.17,365.2,13.81,424.5,22.4,585.6,0.0545,0.44,68.1,338.1,4.9
2025-10-19T14:55:00+00:00,1921.0,95.33,348.6,14.01,421.8,23.2,626.6,0.0553,0.56,68.1,338.1,6.8
2025-10-19T14:56:00+00:00,2033.5,93.27,341.8,13.96,400.3,20.2,598.3,0.0558,0.52,68.1,338.1,4.2
2025-10-19T14:57:00+00:00,1957.9,95.28,354.7,13.96,407.0,21.9,595.2,0.0563,0.65,68.1,338.1,4.9
2025-10-19T14:58:00+00:00,2003.3,94.82,338.3,14.13,449.7,19.7,658.6,0.0565,0.61,68.1,338.1,5.7
2025-10-19T14:59:00+00:00,1948.3,95.91,336.8,13.96,415.2,22.0,590.9,0.0587,0.43,68.1,338.1,6.0
2025-10-19T15:00:00+00:00,1930.9,94.76,327.1,13.66,440.2,18.7,611.9,0.0561,0.62,68.1,338.1,4.4
2025-10-19T15:01:00+00:00,2066.2,98.65,337.9,13.62,418.2,22.6,578.8,0.0555,0.49,68.1,338.1,7.2
2025-10-19T15:02:00+00:00,2501.9,100.69,342.6,13.77,430.0,23.7,603.7,0.0613,0.54,68.1,338.1,7.0
2025-10-19T15:03:00+00:00,2123.2,95.99,349.6,13.81,435.9,22.0,607.9,0.0622,0.53,68.1,338.1,5.8
2025-10-19T15:04:00+00:00,1968.0,96.87,353.9,13.72,426.8,20.0,618.7,0.0592,0.56,68.1,338.1,6.1
2025-10-19T15:05:00+00:00,1933.1,93.26,344.2,13.94,409.6,20.8,589.7,0.0564,0.58,68.1,338.1,4.4
2025-10-19T15:06:00+00:00,1967.9,95.21,351.2,13.33,414.8,20.8,632.2,0.0554,0.50,68.1,338.1,7.6
2025-10-19T15:07:00+00:00,2445.3,98.69,360.1,13.83,420.1,22.4,607.2,0.0640,0.52,68.1,338.1,3.9
2025-10-19T15:08:00+00:00,2607.7,99.96,347.0,13.66,430.4,22.5,626.9,0.0693,0.63,68.1,338.1,6.5
2025-10-19T15:09:00+00:00,2038.5,95.30,351.1,13.90,445.4,20.4,618.6,0.0555,0.52,68.1,338.1,3.9
2025-10-19T15:10:00+00:00,1966.9,94.01,362.9,13.97,406.6,18.6,654.5,0.0562,0.60,68.1,338.1,6.0
2025-10-19T15:11:00+00:00,1894.7,94.56,356.6,13.61,434.1,21.5,636.2,0.0577,0.56,68.1,338.1,5.3
2025-10-19T15:12:00+00:00,2082.9,95.74,341.8,13.70,443.5,21.1,671.6,0.0604,0.52,68.1,338.1,3.9
2025-10-19T15:13:00+00:00,2403.4,97.21,353.1,14.10,445.8,19.8,601.8,0.0584,0.60,68.1,338.1,5.4
2025-10-19T15:14:00+00:00,2506.1,99.81,362.6,13.82,447.1,21.8,694.8,0.0652,0.42,68.1,338.1,4.6
2025-10-19T15:15:00+00:00,2464.2,96.04,343.9,14.07,425.9,22.7,683.7,0.0581,0.53,68.1,338.1,4.0
2025-10-19T15:16:00+00:00,2027.9,96.02,376.0,13.97,442.7,19.6,609.6,0.0647,0.56,68.1,338.1,4.7
2025-10-19T15:17:00+00:00,1973.1,94.11,337.2,13.80,420.6,21.7,621.8,0.0559,0.53,68.1,338.1,5.9
2025-10-19T15:18:00+00:00,2472.4,100.00,347.3,14.01,431.5,21.3,620.2,0.0587,0.60,68.1,338.1,5.0
2025-10-19T15:19:00+00:00,1821.0,92.99,351.8,13.88,431.3,20.4,522.4,0.0636,0.53,68.1,338.1,4.6
2025-10-19T15:20:00+00:00,2432.1,97.54,347.3,13.91,422.9,19.3,630.5,0.0608,0.56,68.1,338.1,6.8
2025-10-19T15:21:00+00:00,2034.7,97.58,343.0,14.02,392.3,20.9,575.7,0.0555,0.51,68.1,338.1,5.8
2025-10-19T15:22:00+00:00,2033.4,92.26,346.7,13.75,420.7,21.8,585.4,0.0551,0.47,68.1,338.1,5.2
2025-10-19T15:23:00+00:00,2145.2,96.29,358.6,13.89,427.4,20.2,612.6,0.0570,0.59,68.1,338.1,5.1
2025-10-19T15:24:00+00:00,1926.9,97.01,345.5,13.89,415.3,19.8,597.4,0.0552,0.54,68.1,338.1,5.0
2025-10-19T15:25:00+00:00,1900.1,95.27,342.2,13.96,417.2,21.2,583.6,0.0556,0.49,68.1,338.1,5.4
2025-10-19T15:26:00+00:00,2045.3,97.29,347.4,13.78,388.4,22.2,578.0,0.0557,0.52,68.1,338.1,4.4
2025-10-19T15:27:00+00:00,2160.6,95.06,336.3,13.64,424.2,23.1,623.2,0.0628,0.56,68.1,338.1,5.2
2025-10-19T15:28:00+00:00,2285.5,96.40,347.8,13.73,425.3,20.9,595.6,0.0662,0.62,68.1,338.1,4.7
2025-10-19T15:29:00+00:00,1970.3,92.40,351.4,13.89,409.2,20.5,578.1,0.0552,0.51,68.1,338.1,4.9
2025-10-19T15:30:00+00:00,2069.8,94.30,342.4,13.75,444.1,22.0,566.6,0.0560,0.55,68.1,338.1,5.8
2025-10-19T15:31:00+00:00,1972.5,95.95,356.5,14.00,412.7,21.3,624.9,0.0570,0.49,68.1,338.1,3.9
2025-10-19T15:32:00+00:00,2051.1,95.89,354.5,13.76,420.3,21.8,554.2,0.0567,0.61,68.1,338.1,5.7
2025-10-19T15:33:00+00:00,2165.7,97.64,341.5,14.00,404.3,21.6,634.7,0.0569,0.57,68.1,338.1,4.4
2025-10-19T15:34:00+00:00,2138.6,94.17,355.1,13.85,400.2,24.4,638.2,0.0565,0.56,68.1,338.1,5.5
2025-10-19T15:35:00+00:00,1826.1,96.36,342.3,13.88,414.2,22.8,587.7,0.0547,0.55,68.1,338.1,5.5
2025-10-19T15:36:00+00:00,1874.5,94.78,350.1,13.73,415.1,23.2,556.6,0.0547,0.51,68.1,338.1,6.2
2025-10-19T15:37:00+00:00,1965.8,94.63,344.2,13.51,422.7,21.2,595.1,0.0555,0.54,68.1,338.1,5.1
2025-10-19T15:38:00+00:00,2029.9,93.86,343.7,13.86,426.9,21.2,651.1,0.0619,0.60,68.1,338.1,5.4
2025-10-19T15:39:00+00:00,1914.5,95.68,356.8,13.74,418.6,20.9,574.1,0.0573,0.58,68.1,338.1,3.9
2025-10-19T15:40:00+00:00,2015.5,99.23,352.4,13.82,433.0,23.2,595.6,0.0546,0.42,68.1,338.1,6.1
2025-10-19T15:41:00+00:00,1850.6,95.93,340.2,13.96,400.1,19.8,639.8,0.0618,0.50,68.1,338.1,6.9
2025-10-19T15:42:00+00:00,2160.3,97.99,351.1,13.81,415.7,19.6,603.7,0.0585,0.64,68.1,338.1,5.1
2025-10-19T15:43:00+00:00,2129.8,98.80,363.2,13.49,418.9,19.9,597.0,0.0563,0.53,68.1,338.1,5.0
2025-10-19T15:44:00+00:00,2026.4,94.64,349.0,13.65,411.2,21.5,595.6,0.0557,0.55,68.1,338.1,4.4
2025-10-19T15:45:00+00:00,2065.1,96.79,355.5,13.84,422.5,19.2,615.0,0.0589,0.56,68.1,338.1,4.3
2025-10-19T15:46:00+00:00,2069.5,94.81,353.1,13.92,441.0,20.6,620.3,0.0604,0.46,68.1,338.1,5.5
2025-10-19T15:47:00+00:00,2058.8,96.75,356.8,13.96,440.0,21.5,659.0,0.0551,0.45,68.1,338.1,5.1
2025-10-19T15:48:00+00:00,2053.7,94.74,334.5,13.61,430.0,21.3,594.6,0.0556,0.51,68.1,338.1,5.1
2025-10-19T15:49:00+00:00,1837.2,96.37,353.7,13.87,407.3,21.4,547.2,0.0548,0.56,68.1,338.1,5.2
2025-10-19T15:50:00+00:00,1903.6,96.14,362.7,13.85,429.2,19.0,628.0,0.0542,0.46,68.1,338.1,5.0
2025-10-19T15:51:00+00:00,2060.7,96.60,367.0,13.77,418.6,19.8,615.9,0.0604,0.52,68.1,338.1,5.5
2025-10-19T15:52:00+00:00,1971.7,93.86,358.2,13.86,396.0,20.7,586.3,0.0641,0.53,68.1,338.1,5.0
2025-10-19T15:53:00+00:00,1855.3,96.45,350.4,13.83,433.5,23.3,662.7,0.0548,0.55,68.1,338.1,4.0
2025-10-19T15:54:00+00:00,2146.9,96.22,358.2,13.62,417.5,22.5,583.0,0.0637,0.57,68.1,338.1,3.6
2025-10-19T15:55:00+00:00,1936.3,95.94,350.6,13.61,417.9,23.1,616.7,0.0559,0.61,68.1,338.1,4.4
2025-10-19T15:56:00+00:00,2090.0,94.01,353.6,13.70,417.0,22.5,594.7,0.0637,0.59,68.1,338.1,4.7
2025-10-19T15:57:00+00:00,1949.2,95.17,356.5,13.70,402.6,22.3,593.4,0.0567,0.53,68.1,338.1,4.9
2025-10-19T15:58:00+00:00,2098.6,96.70,342.8,13.82,405.6,23.5,638.8,0.0564,0.57,68.1,338.1,6.5
2025-10-19T15:59:00+00:00,1908.7,96.54,365.3,13.36,407.9,20.5,620.2,0.0579,0.51,68.1,338.1,4.8
2025-10-19T16:00:00+00:00,2069.0,97.29,340.6,13.95,407.2,21.7,637.5,0.0574,0.57,68.1,338.1,4.8
2025-10-19T16:01:00+00:00,2124.4,92.84,350.2,13.66,428.3,21.8,667.6,0.0569,0.60,68.1,338.1,6.4
2025-10-19T16:02:00+00:00,2057.2,94.96,345.2,13.72,413.6,20.9,641.2,0.0561,0.56,68.1,338.1,4.4
2025-10-19T16:03:00+00:00,2012.3,95.54,352.6,13.61,441.8,22.8,560.0,0.0557,0.54,68.1,338.1,5.3
2025-10-19T16:04:00+00:00,2067.1,97.12,348.1,13.68,429.6,21.1,621.3,0.0567,0.61,68.1,338.1,4.0
2025-10-19T16:05:00+00:00,1959.9,93.77,332.5,14.02,409.0,18.6,635.0,0.0548,0.48,68.1,338.1,3.8
2025-10-19T16:06:00+00:00,1018.0,91.86,362.2,13.81,386.6,23.0,562.0,0.0584,0.59,68.1,338.1,4.6
2025-10-19T16:07:00+00:00,989.8,92.41,360.0,13.73,398.0,20.8,616.4,0.0529,0.48,68.1,338.1,5.4
2025-10-19T16:08:00+00:00,1052.1,93.95,357.7,13.83,392.0,22.2,568.5,0.0510,0.57,68.1,338.1,5.8
2025-10-19T16:09:00+00:00,906.8,92.03,372.9,13.66,400.6,20.0,531.5,0.0504,0.59,68.1,338.1,5.9
2025-10-19T16:10:00+00:00,804.3,92.62,356.7,13.59,397.9,19.7,494.0,0.0553,0.53,68.1,338.1,4.9
2025-10-19T16:11:00+00:00,947.3,92.35,347.1,13.69,390.3,22.9,541.5,0.0505,0.59,68.1,338.1,5.5
2025-10-19T16:12:00+00:00,891.5,87.29,359.3,13.74,382.2,20.8,606.1,0.0507,0.59,68.1,338.1,5.3
2025-10-19T16:13:00+00:00,977.2,92.79,358.8,13.54,379.0,20.8,507.8,0.0497,0.49,68.1,338.1,5.4
2025-10-19T16:14:00+00:00,896.8,96.10,357.3,13.65,371.1,21.2,561.1,0.0508,0.65,68.1,338.1,3.7
2025-10-19T16:15:00+00:00,1007.5,92.76,366.9,13.99,391.9,19.8,520.4,0.0521,0.63,68.1,338.1,4.8
2025-10-20T06:00:00+00:00,1097.2,91.05,358.1,13.76,388.7,19.7,528.8,0.0612,1.59,260.2,80.2,18.2
2025-10-20T06:01:00+00:00,895.2,93.05,368.6,13.79,384.3,18.5,541.0,0.0615,1.66,260.2,80.2,20.2
2025-10-20T06:02:00+00:00,1016.9,92.43,350.1,13.65,381.6,18.1,569.7,0.0612,1.64,260.2,80.2,19.3
2025-10-20T06:03:00+00:00,911.9,94.10,348.1,13.81,381.2,20.3,583.6,0.0609,1.65,260.2,80.2,19.6
2025-10-20T06:04:00+00:00,984.0,91.01,346.0,13.56,361.3,20.2,665.4,0.0611,1.62,260.2,80.2,19.4
2025-10-20T06:05:00+00:00,1033.9,91.99,365.5,13.62,397.1,23.0,549.8,0.0699,1.72,260.2,80.2,18.3
2025-10-20T06:06:00+00:00,1217.7,96.94,344.1,13.55,404.3,23.2,633.3,0.0649,1.64,260.2,80.2,16.5
2025-10-20T06:07:00+00:00,945.0,92.07,359.0,13.78,369.8,21.1,522.8,0.0602,1.56,260.2,80.2,18.5
2025-10-20T06:08:00+00:00,985.7,91.03,350.4,13.71,383.0,20.0,596.9,0.0628,1.68,260.2,80.2,19.2
2025-10-20T06:09:00+00:00,1074.7,91.67,354.7,13.81,376.7,21.5,578.3,0.0635,1.67,260.2,80.2,19.2
2025-10-20T06:10:00+00:00,966.6,89.12,350.2,13.96,420.5,19.9,611.2,0.0614,1.68,260.2,80.2,18.8
2025-10-20T06:11:00+00:00,2119.4,97.30,346.6,13.64,427.2,22.4,607.4,0.0678,1.61,260.2,80.2,18.5
2025-10-20T06:12:00+00:00,1953.9,98.22,349.1,13.89,383.1,20.8,600.4,0.0690,1.60,260.2,80.2,19.6
2025-10-20T06:13:00+00:00,2257.6,97.71,354.5,13.84,434.0,25.2,609.4,0.0677,1.60,260.2,80.2,20.7
2025-10-20T06:14:00+00:00,2056.9,95.94,362.4,13.86,415.8,22.5,627.4,0.0670,1.66,260.2,80.2,19.9
2025-10-20T06:15:00+00:00,2095.4,96.55,350.2,13.91,435.1,21.3,577.3,0.0682,1.76,260.2,80.2,18.8
2025-10-20T06:16:00+00:00,2039.9,92.62,340.5,13.89,417.6,20.1,589.1,0.0671,1.68,260.2,80.2,20.2
2025-10-20T06:17:00+00:00,2279.7,97.43,348.3,13.41,433.0,21.1,580.5,0.0690,1.57,260.2,80.2,18.1
2025-10-20T06:18:00+00:00,2152.4,98.91,352.3,13.94,428.7,19.6,532.1,0.0671,1.61,260.2,80.2,18.3
2025-10-20T06:19:00+00:00,2133.7,97.13,348.4,13.83,411.9,24.1,589.1,0.0684,1.75,260.2,80.2,16.8
2025-10-20T06:20:00+00:00,2031.5,95.98,345.6,13.67,426.5,23.3,602.9,0.0666,1.62,260.2,80.2,18.4
2025-10-20T06:21:00+00:00,1943.6,97.42,339.4,13.92,425.0,20.6,644.0,0.0665,1.67,260.2,80.2,20.2
2025-10-20T06:22:00+00:00,2103.5,95.71,366.5,13.72,414.7,23.1,585.8,0.0677,1.69,260.2,80.2,19.5
2025-10-20T06:23:00+00:00,1965.5,93.61,360.5,13.94,420.7,20.5,686.2,0.0663,1.64,260.2,80.2,20.1
2025-10-20T06:24:00+00:00,1947.5,95.92,334.0,14.05,435.2,19.4,664.0,0.0726,1.66,260.2,80.2,19.6
2025-10-20T06:25:00+00:00,2175.4,96.60,353.1,13.90,435.5,21.9,622.8,0.0674,1.61,260.2,80.2,17.7
2025-10-20T06:26:00+00:00,1861.2,97.16,344.9,13.81,415.4,20.3,565.3,0.0662,1.66,260.2,80.2,18.9
2025-10-20T06:27:00+00:00,1796.0,94.19,368.1,13.94,410.5,20.3,557.0,0.0682,1.56,260.2,80.2,19.8
2025-10-20T06:28:00+00:00,1956.5,97.19,340.7,13.79,424.1,23.7,602.8,0.0703,1.57,260.2,80.2,19.4
2025-10-20T06:29:00+00:00,2078.1,96.50,342.9,13.52,414.4,21.7,593.6,0.0670,1.64,260.2,80.2,18.6
2025-10-20T06:30:00+00:00,2140.3,96.74,341.2,13.65,417.5,24.0,563.4,0.0682,1.60,260.2,80.2,19.0
2025-10-20T06:31:00+00:00,2144.1,97.49,346.1,14.04,421.3,23.9,545.4,0.0735,1.61,260.2,80.2,20.2
2025-10-20T06:32:00+00:00,2124.2,97.42,340.0,13.83,409.1,21.2,582.0,0.0672,1.63,260.2,80.2,18.5
2025-10-20T06:33:00+00:00,2032.4,96.69,342.1,14.00,414.8,21.4,589.4,0.0716,1.66,260.2,80.2,20.2
2025-10-20T06:34:00+00:00,2002.8,94.69,360.1,13.64,410.6,22.4,593.1,0.0720,1.67,260.2,80.2,18.9
2025-10-20T06:35:00+00:00,1915.4,94.95,341.8,13.66,401.7,19.6,596.9,0.0661,1.63,260.2,80.2,17.4
2025-10-20T06:36:00+00:00,1991.0,96.34,334.4,14.00,432.4,23.1,649.6,0.0765,1.56,260.2,80.2,18.1
2025-10-20T06:37:00+00:00,1951.2,96.64,354.5,13.80,397.8,23.1,539.7,0.0660,1.60,260.2,80.2,18.4
2025-10-20T06:38:00+00:00,2087.5,95.66,348.4,13.79,420.1,21.8,592.9,0.0672,1.64,260.2,80.2,18.9
2025-10-20T06:39:00+00:00,1882.5,96.27,362.0,13.78,421.9,22.9,571.7,0.0669,1.57,260.2,80.2,18.3
2025-10-20T06:40:00+00:00,2073.1,95.04,352.3,13.68,409.7,19.8,594.1,0.0691,1.66,260.2,80.2,19.7
2025-10-20T06:41:00+00:00,2168.8,96.43,331.9,13.75,429.8,19.7,674.9,0.0686,1.57,260.2,80.2,19.1
2025-10-20T06:42:00+00:00,1979.9,96.22,344.6,13.84,407.7,22.7,582.9,0.0682,1.69,260.2,80.2,18.8
2025-10-20T06:43:00+00:00,1935.4,95.85,355.7,13.83,412.6,21.6,544.9,0.0665,1.67,260.2,80.2,21.0
2025-10-20T06:44:00+00:00,2129.8,96.18,351.4,13.85,434.1,23.6,580.5,0.0675,1.67,260.2,80.2,19.9
2025-10-20T06:45:00+00:00,2166.0,98.14,358.7,14.16,420.5,24.0,626.9,0.0673,1.63,260.2,80.2,18.9
2025-10-20T06:46:00+00:00,2086.9,95.33,349.1,13.73,423.7,22.4,588.8,0.0670,1.63,260.2,80.2,19.4
2025-10-20T06:47:00+00:00,1933.3,95.35,354.5,13.72,408.2,20.5,570.7,0.0704,1.65,260.2,80.2,20.1
2025-10-20T06:48:00+00:00,2002.0,95.68,350.7,13.68,435.0,18.9,586.9,0.0666,1.64,260.2,80.2,17.0
2025-10-20T06:49:00+00:00,2086.6,97.29,346.4,13.59,416.5,21.8,577.8,0.0672,1.65,260.2,80.2,18.9
2025-10-20T06:50:00+00:00,2006.9,97.50,339.5,13.66,394.2,21.1,594.6,0.0664,1.62,260.2,80.2,18.6
2025-10-20T06:51:00+00:00,1896.5,94.69,344.8,13.84,401.2,20.3,583.6,0.0658,1.62,260.2,80.2,20.4
2025-10-20T06:52:00+00:00,1834.0,95.30,351.2,13.87,425.3,21.9,528.0,0.0656,1.63,260.2,80.2,18.2
2025-10-20T06:53:00+00:00,1987.0,94.27,350.0,13.71,441.0,21.3,614.6,0.0665,1.57,260.2,80.2,17.8
2025-10-20T06:54:00+00:00,2160.2,95.53,341.7,13.86,420.6,21.1,598.6,0.0721,1.62,260.2,80.2,19.2
2025-10-20T06:55:00+00:00,2169.5,96.63,350.7,13.71,420.7,21.5,574.4,0.0741,1.57,260.2,80.2,18.2
2025-10-20T06:56:00+00:00,1720.7,94.78,353.7,13.83,420.5,22.6,642.7,0.0654,1.67,260.2,80.2,19.1
2025-10-20T06:57:00+00:00,2064.3,93.57,352.5,13.67,420.5,22.2,630.2,0.0717,1.69,260.2,80.2,17.4
2025-10-20T06:58:00+00:00,1960.6,94.02,353.0,13.98,426.7,20.9,591.4,0.0697,1.66,260.2,80.2,19.7
2025-10-20T06:59:00+00:00,2482.4,95.96,344.6,13.81,438.4,22.2,647.2,0.0690,1.62,260.2,80.2,18.4
2025-10-20T07:00:00+00:00,2091.7,98.85,344.5,13.79,440.2,24.6,620.3,0.0674,1.59,260.2,80.2,17.7
2025-10-20T07:01:00+00:00,1721.3,95.61,350.4,13.95,402.3,20.6,528.1,0.0645,1.57,260.2,80.2,19.0
2025-10-20T07:02:00+00:00,2190.4,98.33,344.1,13.81,429.5,22.5,609.4,0.0753,1.60,260.2,80.2,21.2
2025-10-20T07:03:00+00:00,2148.1,100.11,351.9,13.90,410.8,21.6,596.0,0.0777,1.57,260.2,80.2,20.4
2025-10-20T07:04:00+00:00,1899.2,94.89,356.3,13.72,409.0,24.1,551.9,0.0754,1.71,260.2,80.2,20.0
2025-10-20T07:05:00+00:00,1903.0,94.30,348.5,13.85,417.6,18.8,582.4,0.0658,1.60,260.2,80.2,18.6
2025-10-20T07:06:00+00:00,2152.2,95.94,356.8,14.05,440.2,21.4,575.1,0.0676,1.66,260.2,80.2,18.0
2025-10-20T07:07:00+00:00,1964.6,92.43,357.0,13.79,409.8,20.5,587.0,0.0674,1.64,260.2,80.2,19.1
2025-10-20T07:08:00+00:00,2492.7,96.93,326.5,14.11,416.6,21.7,606.6,0.0689,1.61,260.2,80.2,18.8
2025-10-20T07:09:00+00:00,2074.6,95.93,342.2,13.80,427.9,21.5,656.4,0.0732,1.61,260.2,80.2,18.6
2025-10-20T07:10:00+00:00,2040.1,96.16,339.0,13.93,425.0,21.3,600.2,0.0665,1.60,260.2,80.2,18.4
2025-10-20T07:11:00+00:00,2065.0,95.97,349.4,13.57,413.0,22.7,546.6,0.0741,1.63,260.2,80.2,18.3
2025-10-20T07:12:00+00:00,2038.4,98.78,359.8,13.59,424.9,23.2,615.7,0.0666,1.59,260.2,80.2,18.0
2025-10-20T07:13:00+00:00,2023.3,96.35,341.6,13.82,422.7,22.8,598.8,0.0703,1.72,260.2,80.2,19.5
2025-10-20T07:14:00+00:00,1968.5,96.37,351.1,13.75,426.6,23.2,578.2,0.0768,1.67,260.2,80.2,19.1
2025-10-20T07:15:00+00:00,1942.6,94.56,340.8,13.58,414.3,19.6,587.0,0.0701,1.60,260.2,80.2,17.8
2025-10-20T07:16:00+00:00,1923.0,97.42,355.0,13.77,416.6,20.2,626.2,0.0714,1.63,260.2,80.2,19.0
2025-10-20T07:17:00+00:00,2026.6,96.08,350.4,13.76,416.1,19.0,625.7,0.0673,1.70,260.2,80.2,19.1
2025-10-20T07:18:00+00:00,2430.0,95.50,344.9,13.91,429.8,21.8,653.4,0.0708,1.67,260.2,80.2,19.3
2025-10-20T07:19:00+00:00,2469.0,97.02,347.4,13.62,400.1,21.7,626.1,0.0710,1.61,260.2,80.2,19.3
2025-10-20T07:20:00+00:00,1916.7,94.86,337.5,14.03,408.3,21.5,609.7,0.0660,1.63,260.2,80.2,19.6
2025-10-20T07:21:00+00:00,1930.7,96.34,344.2,13.92,429.3,21.4,612.3,0.0713,1.63,260.2,80.2,18.7
2025-10-20T07:22:00+00:00,2147.0,98.64,331.0,13.80,435.1,22.4,673.0,0.0670,1.60,260.2,80.2,18.5
2025-10-20T07:23:00+00:00,2029.1,94.32,340.5,13.99,434.8,21.5,597.4,0.0675,1.63,260.2,80.2,18.5
2025-10-20T07:24:00+00:00,2130.3,97.85,353.0,13.88,417.9,23.4,609.9,0.0674,1.66,260.2,80.2,18.7
2025-10-20T07:25:00+00:00,2384.4,96.41,349.5,13.85,423.1,20.0,571.9,0.0763,1.75,260.2,80.2,20.4
2025-10-20T07:26:00+00:00,1916.8,98.48,354.6,14.06,426.3,23.0,626.3,0.0715,1.57,260.2,80.2,20.8
2025-10-20T07:27:00+00:00,2093.5,96.85,345.9,13.70,419.2,22.9,576.3,0.0667,1.59,260.2,80.2,20.2
2025-10-20T07:28:00+00:00,1978.4,94.00,355.2,13.81,405.6,22.3,614.3,0.0663,1.63,260.2,80.2,18.9
2025-10-20T07:29:00+00:00,2118.3,96.72,350.3,13.75,423.9,22.4,612.9,0.0667,1.60,260.2,80.2,19.7
2025-10-20T07:30:00+00:00,2132.7,95.67,342.4,14.03,429.7,22.9,639.4,0.0667,1.57,260.2,80.2,18.8
2025-10-20T07:31:00+00:00,2041.7,95.20,366.7,13.74,439.4,19.7,602.2,0.0709,1.68,260.2,80.2,19.2
2025-10-20T07:32:00+00:00,1891.7,95.20,344.0,13.62,416.1,22.9,540.0,0.0755,1.72,260.2,80.2,19.8
2025-10-20T07:33:00+00:00,2222.8,96.93,342.0,14.08,435.3,22.4,611.5,0.0682,1.68,260.2,80.2,20.7
2025-10-20T07:34:00+00:00,2114.8,97.05,343.2,13.63,443.7,22.5,621.9,0.0671,1.62,260.2,80.2,18.6
2025-10-20T07:35:00+00:00,2083.2,96.85,355.1,13.58,416.1,21.2,648.5,0.0663,1.56,260.2,80.2,19.5
2025-10-20T07:36:00+00:00,1957.5,95.53,335.0,13.71,420.0,21.3,582.7,0.0702,1.59,260.2,80.2,19.4
2025-10-20T07:37:00+00:00,2015.9,96.56,349.3,13.73,426.4,20.2,643.8,0.0667,1.63,260.2,80.2,17.0
2025-10-20T07:38:00+00:00,1856.5,95.69,354.5,13.96,436.6,24.7,548.6,0.0659,1.64,260.2,80.2,20.7
2025-10-20T07:39:00+00:00,2179.5,99.09,362.4,13.66,422.3,21.5,599.7,0.0713,1.62,260.2,80.2,19.3
2025-10-20T07:40:00+00:00,1755.7,96.52,349.1,14.04,401.0,22.3,621.0,0.0677,1.58,260.2,80.2,17.9
2025-10-20T07:41:00+00:00,1784.3,92.62,347.3,13.86,411.8,20.3,650.9,0.0652,1.60,260.2,80.2,19.2
2025-10-20T07:42:00+00:00,1843.8,94.90,345.6,14.03,425.8,21.3,658.0,0.0645,1.52,260.2,80.2,19.6
2025-10-20T07:43:00+00:00,2084.7,96.51,332.2,13.84,415.6,21.9,623.5,0.0670,1.63,260.2,80.2,20.7
2025-10-20T07:44:00+00:00,2153.8,99.04,348.4,13.82,441.3,22.2,591.2,0.0675,1.64,260.2,80.2,18.3
2025-10-20T07:45:00+00:00,2000.0,95.43,353.6,14.14,419.2,21.4,642.4,0.0667,1.64,260.2,80.2,17.7
2025-10-20T07:46:00+00:00,1922.8,99.53,352.2,13.48,419.2,24.1,643.1,0.0691,1.61,260.2,80.2,18.3
2025-10-20T07:47:00+00:00,1893.4,96.75,350.3,13.69,406.3,22.6,610.6,0.0662,1.67,260.2,80.2,18.1
2025-10-20T07:48:00+00:00,1981.2,96.13,338.9,14.05,414.4,20.2,661.6,0.0716,1.55,260.2,80.2,19.4
2025-10-20T07:49:00+00:00,2015.6,96.70,348.9,13.84,435.8,24.2,664.2,0.0684,1.67,260.2,80.2,18.6
2025-10-20T07:50:00+00:00,1985.1,94.69,342.4,13.62,410.9,23.3,619.6,0.0662,1.61,260.2,80.2,20.1
2025-10-20T07:51:00+00:00,2160.5,97.40,343.0,13.83,409.8,21.2,596.0,0.0673,1.62,260.2,80.2,18.6
2025-10-20T07:52:00+00:00,2085.3,95.27,333.7,13.64,408.7,21.0,580.5,0.0682,1.75,260.2,80.2,16.9
2025-10-20T07:53:00+00:00,2004.7,94.36,361.5,13.91,426.8,20.4,544.4,0.0722,1.65,260.2,80.2,17.8
2025-10-20T07:54:00+00:00,1972.2,93.75,349.0,13.79,411.5,22.4,599.3,0.0662,1.61,260.2,80.2,19.1
2025-10-20T07:55:00+00:00,1921.9,96.47,360.7,13.72,431.9,23.8,550.8,0.0677,1.51,260.2,80.2,17.9
2025-10-20T07:56:00+00:00,2022.7,94.16,358.6,13.82,402.2,22.4,628.2,0.0670,1.66,260.2,80.2,17.0
2025-10-20T07:57:00+00:00,2106.9,98.93,340.0,13.66,415.2,18.9,616.0,0.0696,1.56,260.2,80.2,18.9
2025-10-20T07:58:00+00:00,1946.6,94.91,348.7,13.60,416.3,24.2,622.1,0.0666,1.61,260.2,80.2,18.0
2025-10-20T07:59:00+00:00,2117.0,95.59,345.4,13.80,443.2,23.9,578.8,0.0741,1.62,260.2,80.2,19.0
2025-10-20T08:00:00+00:00,1867.9,92.53,370.2,13.61,415.7,21.6,587.5,0.0666,1.71,260.2,80.2,18.9
2025-10-20T08:01:00+00:00,2164.9,95.77,340.9,13.78,416.5,23.5,598.4,0.0677,1.67,260.2,80.2,17.8
2025-10-20T08:02:00+00:00,1119.6,90.22,356.5,13.79,397.8,22.5,520.6,0.0611,1.54,260.2,80.2,18.0
2025-10-20T08:03:00+00:00,1064.1,91.35,361.8,13.72,368.3,23.3,593.6,0.0619,1.66,260.2,80.2,17.0
2025-10-20T08:04:00+00:00,824.3,92.51,357.7,13.91,394.8,19.0,540.5,0.0601,1.63,260.2,80.2,17.3
2025-10-20T08:05:00+00:00,1023.5,91.70,360.4,13.78,390.4,19.8,537.3,0.0661,1.69,260.2,80.2,20.7
2025-10-20T08:06:00+00:00,1036.6,92.89,350.3,13.76,385.2,20.0,631.3,0.0634,1.60,260.2,80.2,18.7
2025-10-20T08:07:00+00:00,1129.6,90.84,356.9,13.78,387.9,21.3,563.4,0.0633,1.62,260.2,80.2,18.9
2025-10-20T08:08:00+00:00,891.5,91.71,349.1,13.83,367.7,23.1,574.2,0.0604,1.61,260.2,80.2,18.5
2025-10-20T08:09:00+00:00,1079.7,93.61,361.5,13.81,386.2,23.1,621.0,0.0606,1.54,260.2,80.2,17.1
2025-10-20T08:10:00+00:00,990.9,92.82,353.8,14.00,415.9,23.4,570.5,0.0615,1.67,260.2,80.2,18.5
2025-10-20T08:11:00+00:00,1056.8,94.34,365.4,13.74,383.1,21.5,612.2,0.0652,1.69,260.2,80.2,17.0
2025-10-20T14:00:00+00:00,985.8,94.54,342.0,13.62,398.8,22.9,491.7,0.0611,1.63,260.2,80.2,19.5
2025-10-20T14:01:00+00:00,1071.2,89.76,349.5,13.79,408.0,22.0,554.4,0.0611,1.59,260.2,80.2,19.6
2025-10-20T14:02:00+00:00,881.2,92.43,365.7,13.78,377.9,20.3,562.3,0.0634,1.67,260.2,80.2,19.1
2025-10-20T14:03:00+00:00,946.7,93.75,373.6,13.69,395.3,24.0,514.5,0.0640,1.66,260.2,80.2,18.9
2025-10-20T14:04:00+00:00,983.1,93.71,357.2,13.84,400.5,21.1,539.7,0.0605,1.57,260.2,80.2,20.5
2025-10-20T14:05:00+00:00,927.4,90.76,364.1,13.76,381.6,21.9,525.6,0.0605,1.60,260.2,80.2,19.8
2025-10-20T14:06:00+00:00,1015.7,93.32,354.5,13.94,372.5,21.1,579.2,0.0677,1.62,260.2,80.2,19.8
2025-10-20T14:07:00+00:00,994.5,91.23,340.9,13.84,413.9,19.2,536.5,0.0619,1.71,260.2,80.2,19.6
2025-10-20T14:08:00+00:00,1089.5,90.84,346.8,14.12,397.8,20.2,568.3,0.0673,1.71,260.2,80.2,18.9
2025-10-20T14:09:00+00:00,996.7,93.26,362.5,13.66,376.0,20.0,540.4,0.0624,1.65,260.2,80.2,18.3
2025-10-20T14:10:00+00:00,905.0,91.76,354.6,13.95,389.3,22.2,586.4,0.0627,1.59,260.2,80.2,17.1
2025-10-20T14:11:00+00:00,1002.4,92.86,356.4,13.92,377.2,22.3,527.1,0.0623,1.72,260.2,80.2,19.1
2025-10-20T14:12:00+00:00,971.0,94.22,359.9,13.73,386.7,22.9,534.7,0.0630,1.73,260.2,80.2,18.3
2025-10-20T14:13:00+00:00,2110.5,96.49,350.8,13.83,394.7,23.1,633.0,0.0758,1.71,260.2,80.2,17.9
2025-10-20T14:14:00+00:00,2010.4,96.00,348.1,14.36,411.9,20.4,587.0,0.0668,1.65,260.2,80.2,20.5
2025-10-20T14:15:00+00:00,1992.2,96.78,353.7,13.84,428.3,23.1,554.9,0.0692,1.65,260.2,80.2,18.7
2025-10-20T14:16:00+00:00,1977.2,97.03,336.8,13.97,393.9,21.1,602.5,0.0664,1.63,260.2,80.2,20.5
2025-10-20T14:17:00+00:00,1925.9,97.16,354.4,13.79,411.4,22.4,543.3,0.0731,1.70,260.2,80.2,19.6
2025-10-20T14:18:00+00:00,2102.8,94.52,351.5,13.61,413.3,22.7,626.6,0.0675,1.67,260.2,80.2,19.8
2025-10-20T14:19:00+00:00,2192.6,98.35,345.4,13.85,445.1,23.8,617.9,0.0674,1.60,260.2,80.2,18.4
2025-10-20T14:20:00+00:00,2023.9,95.43,354.6,13.64,431.2,23.2,627.6,0.0668,1.64,260.2,80.2,19.7
2025-10-20T14:21:00+00:00,1996.1,96.38,349.8,13.82,418.9,21.2,583.8,0.0716,1.60,260.2,80.2,18.9
2025-10-20T14:22:00+00:00,1882.4,95.81,356.2,13.97,412.6,22.8,592.1,0.0685,1.72,260.2,80.2,18.0
2025-10-20T14:23:00+00:00,1955.3,96.74,357.0,13.71,421.8,23.1,607.4,0.0670,1.70,260.2,80.2,16.4
2025-10-20T14:24:00+00:00,2091.2,98.52,336.4,13.85,438.0,22.1,623.6,0.0678,1.71,260.2,80.2,19.5
2025-10-20T14:25:00+00:00,2031.1,97.63,337.9,13.99,403.1,22.0,637.3,0.0670,1.66,260.2,80.2,19.6
2025-10-20T14:26:00+00:00,2240.6,95.21,334.3,13.62,413.5,26.8,638.3,0.0668,1.52,260.2,80.2,19.8
2025-10-20T14:27:00+00:00,1975.3,97.36,348.3,13.46,407.7,20.9,585.3,0.0665,1.64,260.2,80.2,18.7
2025-10-20T14:28:00+00:00,1973.1,97.95,339.9,13.80,412.9,21.1,584.3,0.0694,1.64,260.2,80.2,19.6
2025-10-20T14:29:00+00:00,2166.3,97.51,335.4,13.84,424.5,22.2,565.6,0.0690,1.56,260.2,80.2,20.0
2025-10-20T14:30:00+00:00,1954.6,92.47,355.5,13.70,430.2,22.0,576.6,0.0655,1.56,260.2,80.2,19.8
2025-10-20T14:31:00+00:00,1940.9,93.65,346.7,13.97,433.8,20.9,570.2,0.0661,1.61,260.2,80.2,19.0
2025-10-20T14:32:00+00:00,2074.8,96.50,352.5,14.00,430.5,19.7,640.3,0.0666,1.60,260.2,80.2,18.9
2025-10-20T14:33:00+00:00,2074.4,99.03,349.6,13.53,420.5,23.4,592.8,0.0673,1.67,260.2,80.2,17.1
2025-10-20T14:34:00+00:00,2005.7,95.56,340.2,13.56,420.7,22.0,650.6,0.0673,1.72,260.2,80.2,19.5
2025-10-20T14:35:00+00:00,2030.9,92.69,336.4,13.94,408.7,21.7,617.6,0.0690,1.66,260.2,80.2,18.9
2025-10-20T14:36:00+00:00,1913.3,94.60,355.3,13.91,406.6,24.5,565.4,0.0714,1.56,260.2,80.2,18.9
2025-10-20T14:37:00+00:00,2022.4,97.18,357.1,14.10,425.7,22.0,613.4,0.0700,1.72,260.2,80.2,18.4
2025-10-20T14:38:00+00:00,1979.0,93.18,367.3,13.91,418.6,21.6,601.3,0.0717,1.64,260.2,80.2,17.6
2025-10-20T14:39:00+00:00,1848.6,96.21,353.8,13.69,403.5,22.5,637.9,0.0705,1.71,260.2,80.2,19.4
2025-10-20T14:40:00+00:00,1962.1,93.22,345.1,13.98,411.3,21.9,548.2,0.0721,1.60,260.2,80.2,20.6
2025-10-20T14:41:00+00:00,2007.9,97.37,356.4,13.64,420.1,21.4,635.6,0.0696,1.67,260.2,80.2,19.7
2025-10-20T14:42:00+00:00,2100.5,99.28,347.3,13.95,427.6,20.1,619.2,0.0685,1.78,260.2,80.2,18.9
2025-10-20T14:43:00+00:00,1793.7,94.66,359.8,13.84,413.7,22.7,623.5,0.0656,1.66,260.2,80.2,17.7
2025-10-20T14:44:00+00:00,1977.0,96.40,348.9,13.82,435.0,19.3,575.7,0.0697,1.67,260.2,80.2,17.1
2025-10-20T14:45:00+00:00,1816.8,95.57,355.6,13.72,411.4,21.6,585.4,0.0640,1.49,260.2,80.2,18.4
2025-10-20T14:46:00+00:00,2123.7,97.86,350.4,13.70,449.3,18.9,586.8,0.0703,1.69,260.2,80.2,18.5
2025-10-20T14:47:00+00:00,2028.0,97.77,360.3,13.85,442.6,22.5,580.9,0.0671,1.67,260.2,80.2,20.4
2025-10-20T14:48:00+00:00,2086.2,99.26,347.6,13.80,409.9,20.4,599.0,0.0669,1.62,260.2,80.2,18.7
2025-10-20T14:49:00+00:00,1962.0,95.12,349.4,13.73,426.0,20.7,596.5,0.0674,1.73,260.2,80.2,19.0
2025-10-20T14:50:00+00:00,1791.1,95.13,352.0,13.83,401.7,20.0,622.9,0.0652,1.61,260.2,80.2,19.3
2025-10-20T14:51:00+00:00,2006.3,94.99,348.7,13.50,417.4,19.0,577.9,0.0688,1.71,260.2,80.2,19.2
2025-10-20T14:52:00+00:00,2179.1,97.09,337.5,13.83,435.3,19.6,602.5,0.0673,1.61,260.2,80.2,19.1
2025-10-20T14:53:00+00:00,2010.4,95.37,362.2,13.84,428.7,22.4,574.3,0.0721,1.69,260.2,80.2,19.7
2025-10-20T14:54:00+00:00,1987.2,95.89,358.9,13.83,411.1,18.5,636.5,0.0672,1.70,260.2,80.2,19.1
2025-10-20T14:55:00+00:00,2075.7,96.74,358.1,13.74,426.1,22.8,664.3,0.0674,1.66,260.2,80.2,19.2
2025-10-20T14:56:00+00:00,2229.2,96.65,341.5,14.04,405.0,18.7,613.2,0.0677,1.63,260.2,80.2,16.7
2025-10-20T14:57:00+00:00,2136.2,95.74,359.8,14.00,421.7,21.1,597.6,0.0671,1.62,260.2,80.2,18.7
2025-10-20T14:58:00+00:00,2166.9,97.52,347.4,13.98,424.6,23.3,613.2,0.0675,1.48,260.2,80.2,18.8
2025-10-20T14:59:00+00:00,2049.5,94.74,364.8,13.71,405.7,20.9,643.8,0.0673,1.69,260.2,80.2,18.2
2025-10-20T15:00:00+00:00,1979.9,97.22,338.0,13.70,400.7,23.1,578.3,0.0664,1.62,260.2,80.2,18.7
2025-10-20T15:01:00+00:00,2157.9,97.14,359.5,13.60,424.0,21.2,640.4,0.0677,1.67,260.2,80.2,19.4
2025-10-20T15:02:00+00:00,2192.3,96.61,334.5,13.33,418.0,20.5,587.2,0.0678,1.65,260.2,80.2,18.2
2025-10-20T15:03:00+00:00,2054.8,98.70,339.7,13.86,405.9,20.5,592.5,0.0680,1.74,260.2,80.2,18.7
2025-10-20T15:04:00+00:00,1871.4,94.85,339.3,13.84,399.6,21.0,624.1,0.0662,1.66,260.2,80.2,18.6
2025-10-20T15:05:00+00:00,1899.7,94.04,344.8,13.89,427.1,20.8,642.0,0.0679,1.70,260.2,80.2,19.3
2025-10-20T15:06:00+00:00,2106.7,97.79,361.6,13.55,421.3,21.5,612.2,0.0686,1.67,260.2,80.2,19.4
2025-10-20T15:07:00+00:00,2447.1,98.62,334.6,13.71,425.6,21.8,587.1,0.0767,1.71,260.2,80.2,18.6
2025-10-20T15:08:00+00:00,2154.9,95.19,329.6,13.73,409.9,21.6,630.0,0.0674,1.63,260.2,80.2,20.0
2025-10-20T15:09:00+00:00,2577.9,101.84,360.0,13.74,420.0,21.9,582.0,0.0703,1.70,260.2,80.2,20.3
2025-10-20T15:10:00+00:00,1885.4,96.56,363.7,13.62,425.7,21.7,624.5,0.0669,1.73,260.2,80.2,17.0
2025-10-20T15:11:00+00:00,2217.9,98.21,343.4,14.05,438.0,21.2,595.9,0.0681,1.67,260.2,80.2,21.2
2025-10-20T15:12:00+00:00,2009.1,98.12,348.3,13.84,413.0,24.6,570.3,0.0722,1.70,260.2,80.2,20.0
2025-10-20T15:13:00+00:00,2406.0,95.80,361.9,13.89,424.0,23.0,621.9,0.0694,1.65,260.2,80.2,19.6
2025-10-20T15:14:00+00:00,2075.8,97.22,334.7,13.62,422.3,22.5,610.2,0.0678,1.61,260.2,80.2,18.8
2025-10-20T15:15:00+00:00,2079.5,96.91,356.1,14.18,417.4,21.0,639.7,0.0773,1.73,260.2,80.2,18.5
2025-10-20T15:16:00+00:00,2009.0,97.44,354.7,13.70,420.1,19.7,584.6,0.0670,1.62,260.2,80.2,18.3
2025-10-20T15:17:00+00:00,2090.8,95.00,352.8,13.74,430.0,20.4,561.4,0.0673,1.65,260.2,80.2,19.1
2025-10-20T15:18:00+00:00,2088.5,95.58,348.9,13.63,413.3,21.9,583.0,0.0674,1.68,260.2,80.2,19.5
2025-10-20T15:19:00+00:00,2122.1,97.93,353.1,13.76,430.3,19.6,603.3,0.0680,1.69,260.2,80.2,19.4
2025-10-20T15:20:00+00:00,2423.5,97.51,343.4,13.77,439.1,19.5,667.1,0.0752,1.66,260.2,80.2,18.1
2025-10-20T15:21:00+00:00,1962.4,96.45,354.6,13.76,422.1,20.0,606.3,0.0669,1.68,260.2,80.2,19.5
2025-10-20T15:22:00+00:00,2565.8,98.38,343.9,13.63,441.8,21.0,608.9,0.0698,1.65,260.2,80.2,18.0
2025-10-20T15:23:00+00:00,2429.4,98.57,348.8,14.00,438.3,20.9,624.9,0.0713,1.60,260.2,80.2,18.1
2025-10-20T15:24:00+00:00,2395.8,97.41,337.4,13.90,426.0,18.6,632.3,0.0694,1.69,260.2,80.2,19.1
2025-10-20T15:25:00+00:00,2451.9,97.83,346.6,13.81,435.0,21.2,675.1,0.0685,1.58,260.2,80.2,19.5
2025-10-20T15:26:00+00:00,2148.4,97.45,356.3,14.03,418.1,24.0,628.6,0.0670,1.60,260.2,80.2,18.0
2025-10-20T15:27:00+00:00,1963.0,95.70,343.6,13.64,422.6,21.4,643.6,0.0662,1.64,260.2,80.2,20.8
2025-10-20T15:28:00+00:00,1861.1,94.23,351.1,13.80,409.3,18.7,592.8,0.0658,1.62,260.2,80.2,19.4
2025-10-20T15:29:00+00:00,1989.8,96.69,352.2,13.89,429.4,23.7,644.7,0.0688,1.58,260.2,80.2,22.2
2025-10-20T15:30:00+00:00,1837.6,95.31,351.6,13.97,417.3,20.1,551.4,0.0654,1.61,260.2,80.2,18.2
2025-10-20T15:31:00+00:00,1878.8,95.07,328.9,13.73,414.9,21.0,590.9,0.0672,1.65,260.2,80.2,17.9
2025-10-20T15:32:00+00:00,1983.3,98.32,353.3,13.67,425.9,18.8,612.9,0.0713,1.70,260.2,80.2,20.4
2025-10-20T15:33:00+00:00,2122.4,94.88,335.8,13.73,402.6,19.0,637.8,0.0666,1.58,260.2,80.2,18.4
2025-10-20T15:34:00+00:00,2009.1,96.20,351.3,13.71,422.1,23.8,592.1,0.0673,1.66,260.2,80.2,19.0
2025-10-20T15:35:00+00:00,1782.5,94.39,344.7,13.50,422.1,21.9,635.9,0.0654,1.62,260.2,80.2,18.7
2025-10-20T15:36:00+00:00,2011.1,96.62,345.9,13.91,425.5,23.6,610.3,0.0676,1.62,260.2,80.2,18.3
2025-10-20T15:37:00+00:00,2106.8,98.05,338.2,14.03,413.2,22.3,647.9,0.0686,1.68,260.2,80.2,19.6
2025-10-20T15:38:00+00:00,1876.8,97.11,350.4,13.98,421.5,21.8,575.6,0.0684,1.60,260.2,80.2,19.7
2025-10-20T15:39:00+00:00,2070.9,93.54,350.0,13.85,399.9,22.0,650.1,0.0680,1.74,260.2,80.2,19.9
2025-10-20T15:40:00+00:00,1878.0,96.03,346.9,13.77,445.6,20.0,593.3,0.0665,1.61,260.2,80.2,19.3
2025-10-20T15:41:00+00:00,2042.4,97.44,355.7,13.76,435.9,21.5,651.9,0.0677,1.73,260.2,80.2,20.2
2025-10-20T15:42:00+00:00,1844.7,96.67,347.0,14.10,409.1,20.8,606.1,0.0653,1.60,260.2,80.2,18.0
2025-10-20T15:43:00+00:00,1993.9,95.95,348.5,13.90,410.9,21.1,588.5,0.0660,1.59,260.2,80.2,20.5
2025-10-20T15:44:00+00:00,2263.1,94.25,340.4,13.81,434.8,22.1,596.4,0.0669,1.54,260.2,80.2,18.7
2025-10-20T15:45:00+00:00,2138.0,99.26,350.0,13.73,414.1,23.3,599.2,0.0740,1.71,260.2,80.2,19.3
2025-10-20T15:46:00+00:00,2052.5,96.10,353.4,13.86,444.6,22.8,591.1,0.0728,1.58,260.2,80.2,17.5
2025-10-20T15:47:00+00:00,1946.8,96.22,349.6,13.81,411.7,24.3,552.9,0.0670,1.71,260.2,80.2,18.9
2025-10-20T15:48:00+00:00,2026.2,96.35,360.3,13.79,410.0,21.3,633.6,0.0673,1.64,260.2,80.2,18.6
2025-10-20T15:49:00+00:00,1804.8,95.63,344.3,13.73,420.5,20.8,628.5,0.0678,1.70,260.2,80.2,17.1
2025-10-20T15:50:00+00:00,1905.3,97.98,343.8,14.21,419.1,20.9,653.1,0.0672,1.69,260.2,80.2,20.1
2025-10-20T15:51:00+00:00,2019.7,97.09,341.1,13.99,419.4,21.8,607.4,0.0668,1.65,260.2,80.2,20.1
2025-10-20T15:52:00+00:00,1981.7,95.62,351.9,13.75,432.7,22.4,625.1,0.0783,1.74,260.2,80.2,18.8
2025-10-20T15:53:00+00:00,2031.5,96.76,335.6,13.92,398.9,21.2,571.9,0.0666,1.63,260.2,80.2,19.6
2025-10-20T15:54:00+00:00,1997.3,93.27,349.7,13.72,427.2,21.1,567.9,0.0666,1.63,260.2,80.2,18.3
2025-10-20T15:55:00+00:00,2020.0,97.81,356.6,13.78,401.3,22.5,620.4,0.0682,1.62,260.2,80.2,17.9
2025-10-20T15:56:00+00:00,1826.6,97.33,351.7,13.63,420.2,17.9,605.4,0.0697,1.68,260.2,80.2,18.1
2025-10-20T15:57:00+00:00,1968.8,92.97,349.9,13.98,409.6,23.5,596.3,0.0663,1.61,260.2,80.2,18.0
2025-10-20T15:58:00+00:00,1937.6,97.68,346.5,13.80,415.5,20.6,560.2,0.0660,1.60,260.2,80.2,18.1
2025-10-20T15:59:00+00:00,2126.3,100.17,353.7,13.71,417.8,19.7,626.5,0.0675,1.65,260.2,80.2,20.6
2025-10-20T16:00:00+00:00,2208.2,95.09,347.0,13.75,432.0,20.3,604.3,0.0683,1.69,260.2,80.2,18.4
2025-10-20T16:01:00+00:00,2027.9,96.18,348.2,13.97,413.4,23.5,588.0,0.0667,1.63,260.2,80.2,18.5
2025-10-20T16:02:00+00:00,2019.8,94.71,354.2,13.82,428.1,22.8,646.3,0.0671,1.68,260.2,80.2,19.7
2025-10-20T16:03:00+00:00,2144.9,98.06,363.6,13.60,423.1,19.7,563.6,0.0674,1.66,260.2,80.2,19.6
2025-10-20T16:04:00+00:00,2155.0,94.24,342.0,13.69,406.8,21.0,627.9,0.0673,1.63,260.2,80.2,19.0
2025-10-20T16:05:00+00:00,1870.2,92.84,340.0,13.83,382.2,22.6,608.4,0.0660,1.65,260.2,80.2,19.2
2025-10-20T16:06:00+00:00,1943.9,96.75,357.3,13.77,412.3,23.8,584.9,0.0774,1.63,260.2,80.2,16.3
2025-10-20T16:07:00+00:00,1821.4,95.43,358.2,13.86,425.8,20.8,566.0,0.0662,1.69,260.2,80.2,19.1
2025-10-20T16:08:00+00:00,2124.1,95.48,338.8,13.54,449.4,18.2,650.9,0.0727,1.69,260.2,80.2,17.7
2025-10-20T16:09:00+00:00,1853.6,94.48,353.8,13.93,415.7,21.2,570.5,0.0657,1.62,260.2,80.2,18.7
2025-10-20T16:10:00+00:00,2072.9,95.23,364.8,13.74,435.7,19.8,657.7,0.0671,1.65,260.2,80.2,18.3
2025-10-20T16:11:00+00:00,1903.1,94.16,354.6,13.85,431.6,21.5,570.7,0.0659,1.62,260.2,80.2,19.6
2025-10-20T16:12:00+00:00,2044.0,95.01,347.3,14.11,411.6,19.5,626.0,0.0673,1.70,260.2,80.2,18.7
2025-10-20T16:13:00+00:00,2075.9,96.08,345.2,13.83,416.6,21.4,685.2,0.0665,1.61,260.2,80.2,20.4
2025-10-20T16:14:00+00:00,1949.0,95.53,345.8,13.89,427.9,22.1,573.0,0.0658,1.59,260.2,80.2,19.2
2025-10-20T16:15:00+00:00,1853.2,96.66,344.3,13.97,425.8,22.2,563.0,0.0651,1.55,260.2,80.2,20.1
2025-10-20T16:16:00+00:00,2024.2,95.97,337.3,13.79,418.9,19.8,590.0,0.0721,1.58,260.2,80.2,18.2
2025-10-20T16:17:00+00:00,1998.7,95.23,345.3,13.95,430.0,22.8,629.1,0.0721,1.72,260.2,80.2,17.8
2025-10-20T16:18:00+00:00,2012.4,100.04,358.9,13.59,427.4,24.6,611.3,0.0748,1.60,260.2,80.2,20.6
2025-10-20T16:19:00+00:00,1976.7,98.05,344.9,13.57,407.3,21.3,596.3,0.0718,1.60,260.2,80.2,19.9
2025-10-20T16:20:00+00:00,2000.2,94.28,349.2,13.56,429.7,23.4,665.7,0.0655,1.53,260.2,80.2,19.5
2025-10-20T16:21:00+00:00,962.2,92.64,368.6,13.67,368.3,24.1,550.6,0.0613,1.67,260.2,80.2,18.2
2025-10-20T16:22:00+00:00,978.4,92.28,352.5,13.99,371.7,23.5,537.4,0.0700,1.67,260.2,80.2,20.4
2025-10-20T16:23:00+00:00,982.0,89.07,357.7,13.87,391.9,21.9,564.9,0.0620,1.72,260.2,80.2,18.4
2025-10-20T16:24:00+00:00,1085.4,94.66,376.2,13.95,408.9,20.1,551.0,0.0620,1.63,260.2,80.2,16.9
2025-10-20T16:25:00+00:00,961.3,92.37,355.1,14.08,390.0,21.7,546.2,0.0608,1.63,260.2,80.2,20.2
2025-10-20T16:26:00+00:00,1001.2,92.49,369.8,13.85,371.7,21.7,552.9,0.0660,1.64,260.2,80.2,21.0
2025-10-20T16:27:00+00:00,828.4,93.41,369.3,13.72,394.3,19.1,576.0,0.0599,1.60,260.2,80.2,18.1
2025-10-20T16:28:00+00:00,1041.3,91.42,360.9,13.76,407.9,21.5,619.0,0.0624,1.73,260.2,80.2,20.5
2025-10-20T16:29:00+00:00,993.0,91.36,348.5,13.80,387.7,19.4,510.8,0.0618,1.71,260.2,80.2,18.9
2025-10-20T16:30:00+00:00,1141.0,92.63,356.5,13.74,373.8,21.7,504.3,0.0621,1.64,260.2,80.2,20.3
2025-10-20T16:31:00+00:00,991.5,92.23,356.5,13.72,390.7,19.5,567.1,0.0614,1.66,260.2,80.2,21.0
2025-10-20T16:32:00+00:00,903.3,89.03,352.7,13.80,376.2,21.3,594.9,0.0613,1.70,260.2,80.2,17.8
2025-10-21T06:00:00+00:00,1112.6,94.45,341.5,13.85,380.5,21.1,538.9,0.0524,0.70,187.1,52.1,12.5
2025-10-21T06:01:00+00:00,990.0,93.02,361.1,13.75,381.7,22.3,535.3,0.0523,0.58,187.1,52.1,9.2
2025-10-21T06:02:00+00:00,1059.9,91.55,368.4,13.47,382.6,21.2,564.0,0.0501,0.50,187.1,52.1,9.3
2025-10-21T06:03:00+00:00,847.9,92.61,341.1,13.78,402.4,23.7,517.4,0.0498,0.57,187.1,52.1,11.2
2025-10-21T06:04:00+00:00,1071.0,92.21,358.4,13.95,395.8,21.5,517.5,0.0674,0.62,187.1,52.1,9.2
2025-10-21T06:05:00+00:00,951.9,91.46,347.6,14.06,355.0,22.2,571.3,0.0506,0.60,187.1,52.1,10.0
2025-10-21T06:06:00+00:00,856.0,95.77,361.9,13.74,388.4,23.4,534.4,0.0510,0.68,187.1,52.1,10.9
2025-10-21T06:07:00+00:00,956.6,90.54,351.4,14.10,381.0,22.4,573.8,0.0518,0.62,187.1,52.1,11.6
2025-10-21T06:08:00+00:00,1014.4,92.00,344.1,13.71,398.4,24.0,563.6,0.0518,0.69,187.1,52.1,11.4
2025-10-21T06:09:00+00:00,988.5,91.97,358.9,13.70,361.8,23.9,593.9,0.0500,0.51,187.1,52.1,10.0
2025-10-21T06:10:00+00:00,994.0,93.46,342.5,13.86,394.5,22.2,542.3,0.0504,0.56,187.1,52.1,10.7
2025-10-21T06:11:00+00:00,1036.1,95.86,354.0,13.85,383.9,23.9,544.3,0.0511,0.60,187.1,52.1,11.0
2025-10-21T06:12:00+00:00,989.6,90.22,345.2,13.41,398.5,21.8,541.8,0.0510,0.61,187.1,52.1,10.8
2025-10-21T06:13:00+00:00,1855.5,95.82,359.4,13.90,398.5,24.0,618.1,0.0575,0.63,187.1,52.1,9.0
2025-10-21T06:14:00+00:00,2056.6,94.62,342.6,13.63,427.2,24.0,631.0,0.0584,0.66,187.1,52.1,10.2
2025-10-21T06:15:00+00:00,1994.5,98.04,354.7,13.75,395.9,23.2,632.0,0.0643,0.57,187.1,52.1,9.5
2025-10-21T06:16:00+00:00,2097.7,96.47,347.7,13.71,417.2,22.4,573.0,0.0581,0.73,187.1,52.1,9.7
2025-10-21T06:17:00+00:00,1959.7,93.48,364.6,13.77,411.8,20.1,579.2,0.0559,0.60,187.1,52.1,11.3
2025-10-21T06:18:00+00:00,1970.7,94.60,351.2,13.83,426.6,21.8,577.8,0.0589,0.66,187.1,52.1,10.4
2025-10-21T06:19:00+00:00,2113.8,97.32,357.4,13.83,419.4,22.9,574.0,0.0569,0.59,187.1,52.1,10.1
2025-10-21T06:20:00+00:00,2098.2,95.53,356.3,13.97,418.8,21.4,598.5,0.0583,0.74,187.1,52.1,10.2
2025-10-21T06:21:00+00:00,2156.9,92.73,347.9,14.07,426.8,22.6,610.2,0.0576,0.64,187.1,52.1,9.2
2025-10-21T06:22:00+00:00,1983.0,96.70,361.4,13.50,422.2,22.6,612.8,0.0617,0.63,187.1,52.1,9.7
2025-10-21T06:23:00+00:00,2274.9,95.09,343.5,13.83,423.8,19.7,612.0,0.0583,0.65,187.1,52.1,9.2
2025-10-21T06:24:00+00:00,2152.9,96.28,352.7,13.68,425.6,20.3,586.3,0.0579,0.70,187.1,52.1,9.1
2025-10-21T06:25:00+00:00,2064.2,95.42,345.1,14.02,422.4,21.0,617.3,0.0647,0.61,187.1,52.1,11.0
2025-10-21T06:26:00+00:00,2137.6,96.23,351.5,13.95,424.8,21.6,559.0,0.0581,0.63,187.1,52.1,10.3
2025-10-21T06:27:00+00:00,2046.8,96.58,353.4,13.62,412.4,22.5,569.7,0.0658,0.62,187.1,52.1,8.2
2025-10-21T06:28:00+00:00,2173.7,93.87,343.4,13.61,420.0,21.6,573.6,0.0582,0.62,187.1,52.1,10.3
2025-10-21T06:29:00+00:00,1819.7,95.35,353.9,13.91,425.7,21.2,576.8,0.0555,0.62,187.1,52.1,9.9
2025-10-21T06:30:00+00:00,1908.6,96.15,352.4,13.64,427.5,23.0,672.8,0.0551,0.54,187.1,52.1,10.5
2025-10-21T06:31:00+00:00,1681.1,96.62,365.7,13.94,428.7,19.7,563.9,0.0547,0.62,187.1,52.1,8.9
2025-10-21T06:32:00+00:00,1966.6,95.56,346.3,13.72,429.6,23.7,636.7,0.0563,0.61,187.1,52.1,8.3
2025-10-21T06:33:00+00:00,2051.4,94.08,362.6,13.60,427.9,21.5,522.7,0.0628,0.57,187.1,52.1,9.3
2025-10-21T06:34:00+00:00,1920.4,98.72,350.3,13.69,418.4,21.4,635.8,0.0596,0.51,187.1,52.1,10.0
2025-10-21T06:35:00+00:00,2009.4,97.15,354.9,14.08,428.6,22.6,644.3,0.0605,0.55,187.1,52.1,10.0
2025-10-21T06:36:00+00:00,1914.0,95.49,342.2,13.94,428.7,22.6,608.8,0.0556,0.58,187.1,52.1,11.3
2025-10-21T06:37:00+00:00,1956.2,96.06,350.2,13.73,421.8,23.3,596.6,0.0562,0.62,187.1,52.1,11.0
2025-10-21T06:38:00+00:00,2041.1,95.35,355.7,13.63,431.7,20.8,553.2,0.0603,0.67,187.1,52.1,8.9
2025-10-21T06:39:00+00:00,2151.8,98.96,349.1,13.65,428.2,17.9,549.7,0.0582,0.59,187.1,52.1,8.8
2025-10-21T06:40:00+00:00,2025.9,94.73,349.4,14.07,432.8,20.2,600.0,0.0623,0.65,187.1,52.1,10.5
2025-10-21T06:41:00+00:00,2016.2,96.91,350.9,13.66,408.5,23.6,616.9,0.0602,0.73,187.1,52.1,7.9
2025-10-21T06:42:00+00:00,2043.4,93.68,346.5,13.94,414.2,20.3,637.8,0.0580,0.64,187.1,52.1,9.8
2025-10-21T06:43:00+00:00,1875.4,93.07,344.5,13.83,423.2,20.1,617.7,0.0551,0.56,187.1,52.1,10.7
2025-10-21T06:44:00+00:00,1887.2,95.05,356.5,13.71,417.3,22.8,539.6,0.0552,0.55,187.1,52.1,10.7
2025-10-21T06:45:00+00:00,1857.3,95.72,351.3,13.82,413.0,21.5,553.5,0.0555,0.60,187.1,52.1,9.0
2025-10-21T06:46:00+00:00,2098.7,96.23,344.4,13.76,419.3,23.3,572.9,0.0567,0.62,187.1,52.1,9.6
2025-10-21T06:47:00+00:00,1886.8,93.45,343.8,13.72,413.0,20.3,575.0,0.0568,0.63,187.1,52.1,8.2
2025-10-21T06:48:00+00:00,2018.5,96.18,344.8,14.10,412.7,22.9,643.8,0.0566,0.62,187.1,52.1,10.0
2025-10-21T06:49:00+00:00,1927.3,96.47,357.7,13.44,399.1,21.9,614.4,0.0623,0.61,187.1,52.1,11.5
2025-10-21T06:50:00+00:00,2062.2,97.79,355.3,13.94,418.6,20.4,652.5,0.0570,0.64,187.1,52.1,7.1
2025-10-21T06:51:00+00:00,2036.8,97.02,349.0,13.73,421.3,21.3,608.8,0.0625,0.59,187.1,52.1,8.3
2025-10-21T06:52:00+00:00,2059.0,96.67,360.8,14.06,411.6,23.1,566.3,0.0569,0.63,187.1,52.1,9.9
2025-10-21T06:53:00+00:00,2125.8,96.78,343.6,13.78,423.6,20.2,632.5,0.0567,0.58,187.1,52.1,9.2
2025-10-21T06:54:00+00:00,1941.8,93.47,354.0,13.93,418.0,22.2,586.0,0.0557,0.56,187.1,52.1,9.7
2025-10-21T06:55:00+00:00,1982.5,97.24,350.7,13.75,421.0,21.5,596.9,0.0560,0.58,187.1,52.1,8.6
2025-10-21T06:56:00+00:00,2296.8,94.81,346.4,13.76,423.1,18.5,592.4,0.0643,0.60,187.1,52.1,9.3
2025-10-21T06:57:00+00:00,1914.6,96.58,337.7,14.02,416.6,23.0,584.9,0.0596,0.56,187.1,52.1,8.8
2025-10-21T06:58:00+00:00,2089.8,96.60,348.0,13.91,429.1,21.1,611.0,0.0561,0.56,187.1,52.1,9.5
2025-10-21T06:59:00+00:00,2004.5,94.90,350.1,13.90,449.7,22.0,635.1,0.0562,0.60,187.1,52.1,9.4
2025-10-21T07:00:00+00:00,1976.6,95.91,350.5,13.76,431.2,23.6,600.4,0.0589,0.54,187.1,52.1,10.1
2025-10-21T07:01:00+00:00,2034.1,97.16,356.0,13.64,400.4,21.2,563.3,0.0578,0.59,187.1,52.1,9.5
2025-10-21T07:02:00+00:00,1998.3,94.47,337.3,13.82,420.1,20.9,594.0,0.0569,0.68,187.1,52.1,8.1
2025-10-21T07:03:00+00:00,2428.4,95.76,355.0,14.02,437.4,21.9,618.3,0.0588,0.61,187.1,52.1,9.1
2025-10-21T07:04:00+00:00,2515.0,97.79,345.4,13.80,431.8,21.6,578.0,0.0636,0.61,187.1,52.1,7.9
2025-10-21T07:05:00+00:00,2177.9,97.21,342.8,13.80,409.6,21.7,678.5,0.0693,0.61,187.1,52.1,10.4
2025-10-21T07:06:00+00:00,2485.3,98.37,340.5,13.74,431.8,21.3,586.9,0.0588,0.60,187.1,52.1,9.9
2025-10-21T07:07:00+00:00,1921.5,95.84,349.8,13.83,429.0,23.3,601.9,0.0577,0.57,187.1,52.1,10.3
2025-10-21T07:08:00+00:00,2006.0,95.47,355.7,13.52,413.5,24.3,614.9,0.0603,0.65,187.1,52.1,8.4
2025-10-21T07:09:00+00:00,2454.4,99.20,354.8,13.79,445.2,21.3,608.0,0.0631,0.56,187.1,52.1,10.9
2025-10-21T07:10:00+00:00,1871.9,95.84,360.1,13.72,405.1,21.7,555.3,0.0582,0.65,187.1,52.1,8.3
2025-10-21T07:11:00+00:00,2509.1,97.31,352.3,13.68,419.2,21.2,637.2,0.0592,0.62,187.1,52.1,10.1
2025-10-21T07:12:00+00:00,2172.9,98.14,357.1,13.83,437.5,22.1,569.0,0.0575,0.65,187.1,52.1,11.0
2025-10-21T07:13:00+00:00,2471.5,102.13,345.3,13.79,428.1,22.7,616.0,0.0589,0.62,187.1,52.1,10.6
2025-10-21T07:14:00+00:00,1888.6,95.91,352.3,13.80,440.6,21.6,576.3,0.0564,0.68,187.1,52.1,10.4
2025-10-21T07:15:00+00:00,2149.2,97.84,341.6,13.91,423.5,23.8,620.9,0.0597,0.57,187.1,52.1,9.4
2025-10-21T07:16:00+00:00,2061.1,95.02,353.5,13.93,435.9,19.8,577.9,0.0570,0.64,187.1,52.1,7.9
2025-10-21T07:17:00+00:00,2260.4,97.29,362.9,13.68,422.7,20.2,598.5,0.0638,0.60,187.1,52.1,9.8
2025-10-21T07:18:00+00:00,1995.0,97.51,356.1,13.40,410.6,21.1,623.8,0.0559,0.57,187.1,52.1,8.2
2025-10-21T07:19:00+00:00,2152.6,97.73,345.7,13.72,434.2,20.0,593.0,0.0577,0.67,187.1,52.1,7.7
2025-10-21T07:20:00+00:00,2160.7,97.76,348.5,13.67,435.7,19.7,591.4,0.0589,0.59,187.1,52.1,10.4
2025-10-21T07:21:00+00:00,2451.2,97.37,354.3,13.89,423.4,21.5,649.0,0.0606,0.59,187.1,52.1,9.9
2025-10-21T07:22:00+00:00,2144.1,99.84,342.0,14.01,419.6,21.4,612.0,0.0577,0.68,187.1,52.1,9.3
2025-10-21T07:23:00+00:00,2123.4,95.88,350.8,13.87,443.8,18.6,629.3,0.0643,0.59,187.1,52.1,9.8
2025-10-21T07:24:00+00:00,2482.9,95.43,346.5,13.56,439.7,21.5,677.8,0.0592,0.64,187.1,52.1,10.7
2025-10-21T07:25:00+00:00,2459.4,97.64,342.1,13.77,444.6,20.5,623.0,0.0605,0.59,187.1,52.1,10.5
2025-10-21T07:26:00+00:00,2038.4,92.69,332.7,13.85,439.1,22.3,595.9,0.0571,0.67,187.1,52.1,11.2
2025-10-21T07:27:00+00:00,2012.8,100.78,356.4,13.84,423.1,23.2,586.0,0.0573,0.61,187.1,52.1,9.7
2025-10-21T07:28:00+00:00,2480.0,99.88,327.6,13.82,440.0,21.5,628.5,0.0588,0.61,187.1,52.1,7.6
2025-10-21T07:29:00+00:00,2038.7,96.42,348.5,13.72,435.2,20.1,591.6,0.0611,0.58,187.1,52.1,10.5
2025-10-21T07:30:00+00:00,2445.6,97.15,365.6,13.81,451.9,22.4,604.0,0.0585,0.59,187.1,52.1,9.9
2025-10-21T07:31:00+00:00,2523.0,97.60,343.9,13.78,427.7,23.2,594.5,0.0596,0.66,187.1,52.1,10.0
2025-10-21T07:32:00+00:00,2042.7,93.65,355.4,13.94,391.7,22.2,591.1,0.0611,0.61,187.1,52.1,9.8
2025-10-21T07:33:00+00:00,1945.7,98.59,354.5,13.78,444.4,19.8,552.1,0.0626,0.64,187.1,52.1,8.5
2025-10-21T07:34:00+00:00,2006.0,95.65,338.0,13.97,423.6,21.7,608.0,0.0562,0.59,187.1,52.1,11.4
2025-10-21T07:35:00+00:00,2068.8,94.53,351.6,13.72,428.4,20.1,619.5,0.0564,0.57,187.1,52.1,10.1
2025-10-21T07:36:00+00:00,2040.8,94.80,350.9,13.64,421.8,18.5,606.0,0.0600,0.58,187.1,52.1,10.6
2025-10-21T07:37:00+00:00,2092.4,94.15,355.8,13.83,408.9,21.4,641.2,0.0580,0.72,187.1,52.1,11.3
2025-10-21T07:38:00+00:00,2068.3,97.98,358.9,13.69,406.8,22.0,552.9,0.0569,0.62,187.1,52.1,8.4
2025-10-21T07:39:00+00:00,2100.1,98.01,360.5,13.79,406.2,23.8,551.1,0.0609,0.65,187.1,52.1,10.6
2025-10-21T07:40:00+00:00,2008.3,96.66,345.6,13.52,409.2,22.3,554.5,0.0580,0.68,187.1,52.1,9.6
2025-10-21T07:41:00+00:00,2024.6,98.20,353.2,13.82,413.9,22.7,587.0,0.0568,0.65,187.1,52.1,9.0
2025-10-21T07:42:00+00:00,1877.7,95.61,350.9,13.70,429.3,17.9,598.5,0.0549,0.54,187.1,52.1,8.2
2025-10-21T07:43:00+00:00,1907.0,95.67,346.9,13.98,396.4,18.8,596.7,0.0561,0.63,187.1,52.1,8.9
2025-10-21T07:44:00+00:00,2142.1,96.90,338.9,13.68,427.6,22.7,568.1,0.0574,0.65,187.1,52.1,9.5
2025-10-21T07:45:00+00:00,1798.5,94.55,344.9,13.74,393.3,23.7,557.0,0.0560,0.69,187.1,52.1,9.0
2025-10-21T07:46:00+00:00,2098.9,96.08,349.7,13.84,399.3,20.7,607.4,0.0600,0.56,187.1,52.1,8.6
2025-10-21T07:47:00+00:00,1965.1,98.17,352.0,13.72,408.4,20.8,619.2,0.0561,0.60,187.1,52.1,10.7
2025-10-21T07:48:00+00:00,1841.1,94.22,354.2,13.91,417.6,21.7,560.2,0.0550,0.57,187.1,52.1,9.9
2025-10-21T07:49:00+00:00,1958.0,95.09,343.1,14.03,440.8,20.4,597.7,0.0605,0.63,187.1,52.1,9.6
2025-10-21T07:50:00+00:00,2121.8,96.20,356.4,13.96,436.0,22.3,554.6,0.0565,0.56,187.1,52.1,10.0
2025-10-21T07:51:00+00:00,1965.9,95.60,341.6,13.83,430.2,22.1,574.0,0.0565,0.66,187.1,52.1,9.7
2025-10-21T07:52:00+00:00,1976.6,96.85,348.3,13.85,421.3,21.1,604.3,0.0561,0.59,187.1,52.1,9.7
2025-10-21T07:53:00+00:00,1971.4,96.86,349.8,13.77,431.6,23.5,604.2,0.0629,0.67,187.1,52.1,9.0
2025-10-21T07:54:00+00:00,1849.5,94.83,341.9,13.79,441.1,22.1,588.4,0.0637,0.68,187.1,52.1,9.6
2025-10-21T07:55:00+00:00,2080.1,94.11,354.0,13.90,399.1,23.4,602.4,0.0570,0.64,187.1,52.1,9.5
2025-10-21T07:56:00+00:00,1932.5,97.20,352.9,13.73,402.1,22.2,620.4,0.0642,0.69,187.1,52.1,9.7
2025-10-21T07:57:00+00:00,2030.8,96.33,345.1,13.90,410.1,23.5,553.2,0.0641,0.70,187.1,52.1,11.3
2025-10-21T07:58:00+00:00,2243.6,93.60,354.9,13.69,444.8,21.6,625.6,0.0630,0.60,187.1,52.1,8.0
2025-10-21T07:59:00+00:00,1724.7,95.15,350.2,13.77,405.5,22.1,576.6,0.0551,0.63,187.1,52.1,9.5
2025-10-21T08:00:00+00:00,2089.9,94.93,351.7,13.68,416.1,22.6,637.2,0.0587,0.56,187.1,52.1,9.6
2025-10-21T08:01:00+00:00,2093.5,97.86,326.2,13.88,405.0,19.7,607.2,0.0582,0.74,187.1,52.1,11.0
2025-10-21T08:02:00+00:00,2074.7,96.10,344.8,13.80,405.1,20.0,620.8,0.0566,0.60,187.1,52.1,9.4
2025-10-21T08:03:00+00:00,2018.2,99.09,374.8,13.87,425.0,23.1,620.1,0.0579,0.66,187.1,52.1,10.6
2025-10-21T08:04:00+00:00,2063.7,96.29,350.9,13.79,423.3,21.8,608.0,0.0595,0.52,187.1,52.1,9.5
2025-10-21T08:05:00+00:00,2084.2,93.56,353.5,13.64,413.2,20.1,611.4,0.0659,0.69,187.1,52.1,8.0
2025-10-21T08:06:00+00:00,2069.0,93.54,333.5,13.45,444.6,20.4,590.4,0.0670,0.61,187.1,52.1,9.6
2025-10-21T08:07:00+00:00,2103.3,96.65,349.8,13.94,420.4,19.9,680.5,0.0619,0.65,187.1,52.1,10.4
2025-10-21T08:08:00+00:00,1963.9,93.13,348.2,13.89,408.2,20.5,588.4,0.0596,0.58,187.1,52.1,8.5
2025-10-21T08:09:00+00:00,1881.5,97.27,341.8,13.93,392.9,23.3,627.4,0.0566,0.69,187.1,52.1,8.9
2025-10-21T08:10:00+00:00,2051.6,95.15,329.5,13.70,423.3,20.3,597.4,0.0666,0.65,187.1,52.1,9.4
2025-10-21T08:11:00+00:00,1951.3,95.98,358.3,13.63,422.4,21.8,537.7,0.0559,0.60,187.1,52.1,10.1
2025-10-21T08:12:00+00:00,2005.9,95.79,344.9,13.91,419.3,23.0,601.3,0.0579,0.63,187.1,52.1,10.6
2025-10-21T08:13:00+00:00,1882.2,94.08,334.5,13.80,408.0,22.2,566.1,0.0564,0.68,187.1,52.1,10.3
2025-10-21T08:14:00+00:00,2007.7,95.52,335.6,14.07,410.9,20.1,657.2,0.0663,0.69,187.1,52.1,11.1
2025-10-21T08:15:00+00:00,2095.1,96.08,355.8,13.67,429.0,22.0,568.9,0.0631,0.61,187.1,52.1,9.3
2025-10-21T08:16:00+00:00,1826.0,95.87,346.8,13.50,394.9,23.2,606.6,0.0555,0.62,187.1,52.1,9.2
2025-10-21T08:17:00+00:00,2037.6,96.16,356.8,14.09,439.2,21.1,617.3,0.0569,0.63,187.1,52.1,8.9
2025-10-21T08:18:00+00:00,1905.0,94.62,365.3,13.84,406.5,23.0,610.8,0.0596,0.62,187.1,52.1,10.7
2025-10-21T08:19:00+00:00,2059.2,96.81,358.0,13.64,431.4,21.1,641.1,0.0569,0.63,187.1,52.1,11.2
2025-10-21T08:20:00+00:00,2035.7,97.42,345.3,13.79,426.9,19.2,589.0,0.0568,0.65,187.1,52.1,9.5
2025-10-21T08:21:00+00:00,2092.8,94.43,348.6,13.71,408.4,21.8,568.1,0.0608,0.55,187.1,52.1,8.6
2025-10-21T08:22:00+00:00,878.8,92.00,352.2,14.04,371.4,19.8,562.5,0.0563,0.68,187.1,52.1,9.5
2025-10-21T08:23:00+00:00,954.9,95.36,359.6,13.74,396.1,20.6,538.1,0.0516,0.69,187.1,52.1,11.7
2025-10-21T08:24:00+00:00,1001.5,91.55,364.1,14.00,409.3,21.2,580.9,0.0510,0.62,187.1,52.1,9.0
2025-10-21T08:25:00+00:00,952.8,93.30,360.8,13.79,393.0,21.0,560.8,0.0499,0.53,187.1,52.1,9.3
2025-10-21T08:26:00+00:00,1056.6,92.66,361.3,13.65,386.6,22.2,592.8,0.0538,0.61,187.1,52.1,9.7
2025-10-21T08:27:00+00:00,772.0,96.24,350.0,13.70,402.9,24.1,545.4,0.0528,0.59,187.1,52.1,7.8
2025-10-21T08:28:00+00:00,1018.3,93.21,361.3,14.04,387.7,21.2,557.1,0.0511,0.61,187.1,52.1,9.9
2025-10-21T08:29:00+00:00,797.7,94.76,356.6,13.82,383.7,18.9,523.4,0.0532,0.56,187.1,52.1,9.5
2025-10-21T08:30:00+00:00,1075.3,91.90,334.6,13.89,362.8,20.8,585.0,0.0515,0.63,187.1,52.1,8.5
2025-10-21T08:31:00+00:00,951.1,94.93,356.1,13.60,385.0,23.7,537.6,0.0509,0.63,187.1,52.1,10.3
2025-10-21T08:32:00+00:00,1017.8,96.33,363.1,13.88,377.4,21.4,588.2,0.0520,0.69,187.1,52.1,8.4
2025-10-21T08:33:00+00:00,1044.9,95.12,375.2,13.91,380.8,24.4,543.8,0.0519,0.65,187.1,52.1,9.1
2025-10-21T14:00:00+00:00,980.9,92.09,339.6,13.90,369.4,20.5,528.2,0.0526,0.66,187.1,52.1,10.9
2025-10-21T14:01:00+00:00,851.8,93.98,378.7,13.64,377.5,18.6,521.6,0.0506,0.67,187.1,52.1,8.3
2025-10-21T14:02:00+00:00,970.6,90.10,357.0,13.81,376.0,22.6,557.1,0.0510,0.62,187.1,52.1,11.1
2025-10-21T14:03:00+00:00,1015.1,93.38,348.5,13.91,360.8,22.2,544.2,0.0551,0.57,187.1,52.1,9.8
2025-10-21T14:04:00+00:00,962.6,93.29,363.7,13.70,390.1,21.0,537.3,0.0603,0.67,187.1,52.1,9.5
2025-10-21T14:05:00+00:00,1011.3,92.15,364.1,13.61,398.9,20.4,621.5,0.0599,0.68,187.1,52.1,10.5
2025-10-21T14:06:00+00:00,1087.2,92.26,347.5,13.91,378.6,22.8,610.1,0.0513,0.61,187.1,52.1,9.0
2025-10-21T14:07:00+00:00,972.1,93.97,368.0,13.93,405.8,22.4,576.3,0.0566,0.72,187.1,52.1,10.8
2025-10-21T14:08:00+00:00,1022.6,91.80,353.1,13.96,387.8,23.2,569.1,0.0510,0.60,187.1,52.1,9.1
2025-10-21T14:09:00+00:00,1026.6,93.26,353.3,13.98,390.4,21.8,539.5,0.0527,0.58,187.1,52.1,10.3
2025-10-21T14:10:00+00:00,998.1,93.51,355.1,13.97,375.4,23.9,582.8,0.0514,0.66,187.1,52.1,9.5
2025-10-21T14:11:00+00:00,1850.7,94.31,346.8,13.84,417.9,22.1,554.3,0.0564,0.58,187.1,52.1,11.3
2025-10-21T14:12:00+00:00,1962.9,95.01,353.0,13.61,433.9,22.0,587.2,0.0578,0.79,187.1,52.1,10.4
2025-10-21T14:13:00+00:00,1837.8,97.89,352.1,13.71,419.1,20.3,569.1,0.0556,0.62,187.1,52.1,8.3
2025-10-21T14:14:00+00:00,2197.7,96.31,346.3,13.98,427.9,21.6,571.6,0.0582,0.69,187.1,52.1,7.3
2025-10-21T14:15:00+00:00,2148.6,97.84,347.5,13.90,419.8,22.9,665.2,0.0567,0.57,187.1,52.1,8.8
2025-10-21T14:16:00+00:00,2019.1,96.40,348.7,13.77,429.9,20.5,599.1,0.0564,0.62,187.1,52.1,8.7
2025-10-21T14:17:00+00:00,2006.2,92.80,344.0,13.74,395.6,20.5,549.1,0.0571,0.69,187.1,52.1,8.3
2025-10-21T14:18:00+00:00,1991.8,95.52,344.3,13.85,402.3,20.3,572.5,0.0580,0.65,187.1,52.1,11.6
2025-10-21T14:19:00+00:00,1827.9,96.31,331.4,13.73,412.8,20.7,562.0,0.0589,0.64,187.1,52.1,9.3
2025-10-21T14:20:00+00:00,1920.8,94.76,349.5,14.03,412.0,20.9,586.8,0.0560,0.62,187.1,52.1,11.6
2025-10-21T14:21:00+00:00,1893.6,93.15,355.5,13.83,418.1,20.0,588.0,0.0559,0.63,187.1,52.1,9.4
2025-10-21T14:22:00+00:00,2091.9,96.41,360.0,13.58,402.8,21.9,612.4,0.0568,0.61,187.1,52.1,8.3
2025-10-21T14:23:00+00:00,2021.2,94.36,353.7,13.84,386.4,22.9,557.9,0.0566,0.63,187.1,52.1,9.0
2025-10-21T14:24:00+00:00,2111.5,97.49,354.4,13.80,415.3,20.4,634.2,0.0574,0.65,187.1,52.1,10.1
2025-10-21T14:25:00+00:00,1952.3,99.32,338.5,13.80,394.4,20.1,632.2,0.0574,0.61,187.1,52.1,9.2
2025-10-21T14:26:00+00:00,2058.9,96.24,358.2,14.01,435.6,22.0,645.2,0.0571,0.65,187.1,52.1,9.6
2025-10-21T14:27:00+00:00,1855.3,96.45,334.2,13.85,441.7,23.5,611.5,0.0605,0.62,187.1,52.1,9.6
2025-10-21T14:28:00+00:00,2023.3,97.67,359.3,14.06,425.4,19.7,641.6,0.0603,0.67,187.1,52.1,10.6
2025-10-21T14:29:00+00:00,1737.5,97.41,352.4,13.70,429.7,22.5,556.4,0.0561,0.73,187.1,52.1,10.5
2025-10-21T14:30:00+00:00,1986.1,97.32,338.9,13.73,413.3,20.0,571.2,0.0566,0.63,187.1,52.1,7.9
2025-10-21T14:31:00+00:00,1888.7,93.74,346.9,13.87,407.9,18.8,570.1,0.0611,0.57,187.1,52.1,9.3
2025-10-21T14:32:00+00:00,1977.2,97.14,349.8,13.53,435.8,20.3,556.3,0.0566,0.57,187.1,52.1,10.3
2025-10-21T14:33:00+00:00,2013.1,97.37,330.1,13.80,425.9,18.1,544.5,0.0663,0.57,187.1,52.1,7.6
2025-10-21T14:34:00+00:00,2154.0,97.31,357.0,13.73,406.1,20.4,601.2,0.0576,0.65,187.1,52.1,11.0
2025-10-21T14:35:00+00:00,2016.1,94.78,353.6,13.90,417.5,23.7,583.4,0.0563,0.60,187.1,52.1,8.0
2025-10-21T14:36:00+00:00,1951.6,95.10,344.5,13.59,412.1,24.3,635.8,0.0558,0.59,187.1,52.1,9.4
2025-10-21T14:37:00+00:00,1873.9,93.95,369.4,13.69,419.1,19.8,633.5,0.0564,0.68,187.1,52.1,8.0
2025-10-21T14:38:00+00:00,2111.2,94.99,357.3,13.66,430.8,23.2,605.9,0.0575,0.67,187.1,52.1,8.3
2025-10-21T14:39:00+00:00,1973.3,96.62,349.5,13.78,410.7,24.7,590.7,0.0569,0.69,187.1,52.1,9.5
2025-10-21T14:40:00+00:00,1978.6,95.83,351.8,13.83,394.7,20.2,630.2,0.0568,0.68,187.1,52.1,9.9
2025-10-21T14:41:00+00:00,1859.8,95.15,352.3,13.71,424.3,21.7,616.6,0.0543,0.49,187.1,52.1,8.8
2025-10-21T14:42:00+00:00,2035.6,97.01,346.4,14.11,407.1,25.0,606.6,0.0574,0.65,187.1,52.1,10.1
2025-10-21T14:43:00+00:00,1918.5,95.61,342.6,13.87,405.6,21.9,585.5,0.0551,0.53,187.1,52.1,8.8
2025-10-21T14:44:00+00:00,1944.5,96.63,348.0,13.86,412.3,22.3,597.5,0.0580,0.58,187.1,52.1,10.3
2025-10-21T14:45:00+00:00,1949.8,92.54,328.9,13.76,422.2,21.0,599.7,0.0560,0.56,187.1,52.1,11.7
2025-10-21T14:46:00+00:00,1982.6,96.44,338.8,13.95,398.2,22.3,580.5,0.0564,0.62,187.1,52.1,9.1
2025-10-21T14:47:00+00:00,2053.3,95.27,345.2,13.96,424.6,23.7,551.9,0.0563,0.50,187.1,52.1,8.0
2025-10-21T14:48:00+00:00,1918.9,94.28,363.9,13.71,405.7,22.8,628.3,0.0564,0.66,187.1,52.1,9.8
2025-10-21T14:49:00+00:00,2047.1,98.40,356.1,13.90,438.3,19.3,635.1,0.0563,0.59,187.1,52.1,10.2
2025-10-21T14:50:00+00:00,1922.7,95.65,358.9,13.80,393.4,19.0,566.0,0.0561,0.62,187.1,52.1,10.1
2025-10-21T14:51:00+00:00,2452.1,101.57,339.7,13.54,432.3,22.0,580.6,0.0586,0.61,187.1,52.1,9.2
2025-10-21T14:52:00+00:00,2455.6,97.95,356.1,13.80,419.0,20.5,664.0,0.0590,0.57,187.1,52.1,8.3
2025-10-21T14:53:00+00:00,2487.5,98.01,344.2,13.58,420.8,20.1,581.0,0.0687,0.67,187.1,52.1,10.9
2025-10-21T14:54:00+00:00,2117.9,94.37,343.0,13.79,432.7,20.9,574.7,0.0572,0.62,187.1,52.1,11.6
2025-10-21T14:55:00+00:00,2522.3,98.13,352.6,13.62,426.6,22.7,618.7,0.0590,0.60,187.1,52.1,10.3
2025-10-21T14:56:00+00:00,1986.2,96.13,345.2,13.94,421.1,21.7,662.3,0.0609,0.52,187.1,52.1,10.8
2025-10-21T14:57:00+00:00,2537.4,98.66,339.6,13.63,431.0,21.1,663.6,0.0590,0.53,187.1,52.1,10.8
2025-10-21T14:58:00+00:00,2406.5,98.26,352.9,13.94,416.5,23.2,673.2,0.0676,0.70,187.1,52.1,9.6
2025-10-21T14:59:00+00:00,1929.9,96.73,351.5,13.55,443.1,20.5,600.3,0.0564,0.65,187.1,52.1,10.0
2025-10-21T15:00:00+00:00,1983.7,98.07,342.5,13.55,432.1,20.3,638.6,0.0590,0.59,187.1,52.1,7.9
2025-10-21T15:01:00+00:00,1976.0,93.43,356.0,13.95,416.8,19.2,583.3,0.0560,0.60,187.1,52.1,10.9
2025-10-21T15:02:00+00:00,1914.0,95.75,358.1,13.69,415.3,21.6,629.7,0.0561,0.65,187.1,52.1,7.4
2025-10-21T15:03:00+00:00,1927.7,95.54,349.8,13.88,414.9,22.2,589.4,0.0570,0.72,187.1,52.1,9.9
2025-10-21T15:04:00+00:00,1995.1,95.04,352.7,13.91,423.5,20.9,579.4,0.0565,0.63,187.1,52.1,10.8
2025-10-21T15:05:00+00:00,1928.5,97.08,349.8,13.59,397.4,22.8,615.1,0.0601,0.61,187.1,52.1,10.8
2025-10-21T15:06:00+00:00,2261.3,97.45,339.9,13.67,414.3,20.5,594.0,0.0585,0.64,187.1,52.1,7.6
2025-10-21T15:07:00+00:00,2455.6,97.16,336.9,13.83,428.2,23.5,584.5,0.0577,0.51,187.1,52.1,9.6
2025-10-21T15:08:00+00:00,1875.4,97.02,349.3,13.88,417.9,20.5,623.9,0.0555,0.60,187.1,52.1,9.1
2025-10-21T15:09:00+00:00,2223.0,96.74,346.6,13.71,441.1,21.2,621.6,0.0626,0.67,187.1,52.1,9.4
2025-10-21T15:10:00+00:00,1932.3,95.56,351.7,13.57,430.7,20.3,610.8,0.0566,0.65,187.1,52.1,9.4
2025-10-21T15:11:00+00:00,2402.5,98.11,342.1,13.83,436.6,20.8,569.2,0.0616,0.65,187.1,52.1,10.0
2025-10-21T15:12:00+00:00,2099.8,97.89,349.8,13.72,431.3,23.7,564.2,0.0570,0.64,187.1,52.1,9.5
2025-10-21T15:13:00+00:00,2411.4,95.83,341.3,14.02,447.2,23.4,596.2,0.0602,0.69,187.1,52.1,10.6
2025-10-21T15:14:00+00:00,2031.3,96.54,339.5,13.83,419.6,20.1,624.9,0.0630,0.71,187.1,52.1,9.6
2025-10-21T15:15:00+00:00,1980.0,97.29,343.3,13.80,410.2,22.0,597.9,0.0567,0.66,187.1,52.1,9.9
2025-10-21T15:16:00+00:00,2003.4,97.67,339.6,13.70,403.2,20.6,546.4,0.0565,0.62,187.1,52.1,9.3
2025-10-21T15:17:00+00:00,2208.7,95.37,349.8,13.76,427.6,22.0,686.4,0.0628,0.67,187.1,52.1,10.9
2025-10-21T15:18:00+00:00,1932.3,98.55,353.1,13.59,433.5,22.7,595.2,0.0571,0.72,187.1,52.1,10.1
2025-10-21T15:19:00+00:00,2191.6,97.49,344.5,13.65,426.5,25.1,599.3,0.0644,0.59,187.1,52.1,10.8
2025-10-21T15:20:00+00:00,2031.7,97.91,348.9,13.66,425.1,23.6,625.0,0.0568,0.64,187.1,52.1,8.6
2025-10-21T15:21:00+00:00,1884.4,94.24,354.5,13.85,405.3,21.8,595.8,0.0623,0.68,187.1,52.1,9.6
2025-10-21T15:22:00+00:00,1939.3,98.02,352.0,13.81,393.1,23.5,528.3,0.0550,0.52,187.1,52.1,8.4
2025-10-21T15:23:00+00:00,2067.1,93.95,349.6,14.17,434.2,24.5,618.1,0.0573,0.66,187.1,52.1,11.3
2025-10-21T15:24:00+00:00,2101.9,97.61,339.9,13.70,425.7,21.8,616.4,0.0565,0.57,187.1,52.1,9.9
2025-10-21T15:25:00+00:00,2045.8,95.50,351.0,13.70,452.4,21.1,639.4,0.0565,0.58,187.1,52.1,10.4
2025-10-21T15:26:00+00:00,2180.0,98.30,346.2,13.77,438.4,21.4,575.0,0.0577,0.65,187.1,52.1,10.3
2025-10-21T15:27:00+00:00,1980.0,96.57,349.2,13.92,412.5,19.1,564.8,0.0558,0.58,187.1,52.1,9.5
2025-10-21T15:28:00+00:00,1938.9,94.40,352.7,13.81,411.5,21.6,589.6,0.0564,0.67,187.1,52.1,9.8
2025-10-21T15:29:00+00:00,2171.7,95.11,349.4,13.74,398.0,24.3,592.7,0.0587,0.62,187.1,52.1,10.8
2025-10-21T15:30:00+00:00,1857.7,95.63,342.0,13.99,396.3,21.7,613.1,0.0568,0.66,187.1,52.1,7.9
2025-10-21T15:31:00+00:00,1998.7,96.71,343.9,14.01,421.1,21.3,640.3,0.0574,0.72,187.1,52.1,10.8
2025-10-21T15:32:00+00:00,1971.8,96.65,345.6,14.02,418.4,21.5,620.4,0.0569,0.68,187.1,52.1,9.8
2025-10-21T15:33:00+00:00,1991.7,96.06,352.8,13.69,424.6,20.4,598.9,0.0582,0.48,187.1,52.1,9.5
2025-10-21T15:34:00+00:00,2145.1,98.72,354.9,13.51,411.8,24.3,683.5,0.0581,0.71,187.1,52.1,9.1
2025-10-21T15:35:00+00:00,1785.6,93.64,352.5,13.67,413.5,24.3,622.5,0.0616,0.60,187.1,52.1,10.9
2025-10-21T15:36:00+00:00,1914.5,97.15,359.4,13.73,386.6,20.3,590.1,0.0559,0.62,187.1,52.1,8.5
2025-10-21T15:37:00+00:00,1918.7,96.38,336.0,13.87,396.3,21.1,575.1,0.0561,0.63,187.1,52.1,10.2
2025-10-21T15:38:00+00:00,2157.7,95.67,354.3,13.85,437.6,23.3,619.9,0.0579,0.58,187.1,52.1,11.3
2025-10-21T15:39:00+00:00,1999.6,98.31,341.9,13.84,414.9,21.5,554.9,0.0570,0.68,187.1,52.1,10.9
2025-10-21T15:40:00+00:00,1978.6,96.88,360.6,13.86,415.9,22.1,633.5,0.0583,0.51,187.1,52.1,8.6
2025-10-21T15:41:00+00:00,2099.5,95.37,346.0,13.70,455.6,21.9,620.8,0.0565,0.58,187.1,52.1,8.6
2025-10-21T15:42:00+00:00,1861.8,95.56,340.4,13.59,397.6,21.1,575.7,0.0574,0.67,187.1,52.1,9.9
2025-10-21T15:43:00+00:00,2118.4,99.20,348.7,13.76,426.0,22.0,617.4,0.0573,0.65,187.1,52.1,10.6
2025-10-21T15:44:00+00:00,2081.4,96.20,355.2,13.83,411.8,21.8,607.6,0.0599,0.54,187.1,52.1,8.0
2025-10-21T15:45:00+00:00,1915.8,97.34,344.3,13.84,409.6,22.9,606.6,0.0661,0.65,187.1,52.1,10.3
2025-10-21T15:46:00+00:00,1852.8,94.67,349.3,13.75,414.3,22.3,639.6,0.0631,0.64,187.1,52.1,9.5
2025-10-21T15:47:00+00:00,1908.2,94.28,346.4,13.85,426.8,22.9,579.1,0.0557,0.60,187.1,52.1,9.7
2025-10-21T15:48:00+00:00,2033.6,97.59,350.2,13.56,432.0,22.1,585.5,0.0601,0.56,187.1,52.1,9.5
2025-10-21T15:49:00+00:00,2062.2,97.30,352.1,13.73,448.4,20.8,637.8,0.0569,0.64,187.1,52.1,10.1
2025-10-21T15:50:00+00:00,1963.3,98.13,345.8,13.64,401.1,23.6,596.5,0.0583,0.66,187.1,52.1,10.1
2025-10-21T15:51:00+00:00,2022.2,94.75,353.0,13.61,414.2,21.2,582.8,0.0675,0.61,187.1,52.1,8.9
2025-10-21T15:52:00+00:00,2165.4,96.03,341.6,13.91,408.1,19.9,667.9,0.0638,0.62,187.1,52.1,10.8
2025-10-21T15:53:00+00:00,1966.2,95.16,351.7,13.83,419.5,20.7,575.6,0.0633,0.60,187.1,52.1,9.3
2025-10-21T15:54:00+00:00,2186.8,96.75,353.9,13.64,426.8,23.3,574.8,0.0635,0.53,187.1,52.1,10.8
2025-10-21T15:55:00+00:00,2063.5,96.14,346.0,13.73,433.3,24.7,641.7,0.0579,0.54,187.1,52.1,10.9
2025-10-21T15:56:00+00:00,875.8,93.63,348.9,13.78,400.1,22.9,546.8,0.0503,0.60,187.1,52.1,8.6
2025-10-21T15:57:00+00:00,1130.9,94.74,368.6,14.11,396.3,24.5,614.0,0.0511,0.55,187.1,52.1,7.9
2025-10-21T15:58:00+00:00,1065.9,93.07,356.5,13.82,402.4,21.9,543.2,0.0519,0.65,187.1,52.1,9.6
2025-10-21T15:59:00+00:00,807.7,90.95,365.7,13.94,389.6,21.8,558.2,0.0503,0.63,187.1,52.1,8.3
2025-10-21T16:00:00+00:00,1012.0,94.26,354.7,13.78,406.7,21.9,569.2,0.0537,0.66,187.1,52.1,11.3
2025-10-21T16:01:00+00:00,983.1,91.63,363.8,13.83,379.7,22.0,532.5,0.0510,0.62,187.1,52.1,11.7
2025-10-21T16:02:00+00:00,1015.3,90.46,358.1,13.90,390.7,21.7,591.4,0.0513,0.64,187.1,52.1,8.6
2025-10-21T16:03:00+00:00,1121.2,91.76,335.4,13.95,386.8,20.9,585.4,0.0597,0.60,187.1,52.1,8.9
2025-10-21T16:04:00+00:00,1082.2,92.19,360.6,13.94,366.0,19.3,519.7,0.0557,0.61,187.1,52.1,7.1
2025-10-21T16:05:00+00:00,1038.0,95.20,355.6,14.07,390.9,22.5,583.8,0.0503,0.51,187.1,52.1,9.2
2025-10-22T06:00:00+00:00,916.9,89.84,361.0,13.80,391.4,21.4,579.2,0.0504,0.57,108.4,333.4,7.1
2025-10-22T06:01:00+00:00,1038.8,94.37,363.2,13.78,381.9,23.8,571.4,0.0509,0.60,108.4,333.4,7.0
2025-10-22T06:02:00+00:00,986.0,93.84,361.3,14.23,392.9,21.2,619.0,0.0504,0.56,108.4,333.4,5.2
2025-10-22T06:03:00+00:00,989.1,92.51,338.2,13.96,416.4,21.2,520.0,0.0507,0.60,108.4,333.4,5.1
2025-10-22T06:04:00+00:00,869.7,93.14,345.9,13.60,389.3,22.2,549.7,0.0539,0.55,108.4,333.4,6.5
2025-10-22T06:05:00+00:00,948.4,93.49,354.1,13.74,393.6,17.0,550.4,0.0497,0.52,108.4,333.4,2.2
2025-10-22T06:06:00+00:00,1096.0,91.58,363.7,14.10,375.2,21.4,550.1,0.0524,0.60,108.4,333.4,5.2
2025-10-22T06:07:00+00:00,1161.0,92.96,352.4,13.72,409.7,22.4,512.9,0.0517,0.52,108.4,333.4,5.9
2025-10-22T06:08:00+00:00,894.7,95.08,374.5,14.01,386.5,21.2,573.8,0.0505,0.63,108.4,333.4,6.8
2025-10-22T06:09:00+00:00,1021.1,93.47,382.8,13.90,388.6,19.8,593.5,0.0524,0.74,108.4,333.4,4.7
2025-10-22T06:10:00+00:00,895.5,91.50,351.3,13.62,365.5,22.1,552.3,0.0500,0.58,108.4,333.4,5.4
2025-10-22T06:11:00+00:00,1942.5,97.78,340.2,13.81,423.3,21.6,553.4,0.0559,0.53,108.4,333.4,5.5
2025-10-22T06:12:00+00:00,2215.6,95.10,346.0,13.80,442.9,23.1,592.2,0.0574,0.60,108.4,333.4,6.4
2025-10-22T06:13:00+00:00,1920.5,95.32,354.0,13.86,441.9,21.8,618.2,0.0557,0.58,108.4,333.4,6.4
2025-10-22T06:14:00+00:00,2131.3,95.84,353.3,13.56,410.3,20.6,671.5,0.0646,0.61,108.4,333.4,7.2
2025-10-22T06:15:00+00:00,1871.2,95.16,340.5,13.66,411.7,21.7,626.8,0.0553,0.59,108.4,333.4,7.4
2025-10-22T06:16:00+00:00,2061.6,95.04,352.9,13.89,416.4,22.5,631.3,0.0562,0.57,108.4,333.4,6.2
2025-10-22T06:17:00+00:00,1975.9,96.11,359.1,14.05,413.6,23.7,559.1,0.0555,0.55,108.4,333.4,4.9
2025-10-22T06:18:00+00:00,2094.5,95.56,356.5,13.70,424.9,23.2,625.8,0.0622,0.59,108.4,333.4,6.6
2025-10-22T06:19:00+00:00,1983.5,95.19,348.8,13.74,425.0,23.9,616.1,0.0577,0.58,108.4,333.4,5.3
2025-10-22T06:20:00+00:00,1931.2,97.10,362.5,13.85,408.3,20.7,613.4,0.0549,0.51,108.4,333.4,3.9
2025-10-22T06:21:00+00:00,2112.0,96.21,340.2,13.80,435.0,21.3,618.5,0.0562,0.54,108.4,333.4,6.3
2025-10-22T06:22:00+00:00,2077.2,94.91,350.4,13.92,414.8,23.2,569.0,0.0567,0.61,108.4,333.4,5.4
2025-10-22T06:23:00+00:00,1963.9,96.93,362.6,14.03,432.7,21.4,572.8,0.0569,0.58,108.4,333.4,6.2
2025-10-22T06:24:00+00:00,2017.3,95.05,354.5,13.70,410.4,24.7,644.0,0.0561,0.58,108.4,333.4,6.1
2025-10-22T06:25:00+00:00,2019.2,97.81,351.1,13.75,448.3,22.4,601.8,0.0554,0.53,108.4,333.4,5.5
2025-10-22T06:26:00+00:00,2133.3,97.11,358.7,14.04,423.3,22.3,530.8,0.0559,0.49,108.4,333.4,7.3
2025-10-22T06:27:00+00:00,1914.8,93.93,347.7,13.74,420.3,22.8,662.8,0.0582,0.60,108.4,333.4,6.4
2025-10-22T06:28:00+00:00,2060.6,97.71,348.8,13.88,437.3,22.3,596.5,0.0596,0.54,108.4,333.4,6.2
2025-10-22T06:29:00+00:00,1995.5,93.89,354.5,13.79,431.9,21.5,567.6,0.0564,0.63,108.4,333.4,6.0
2025-10-22T06:30:00+00:00,2254.2,96.91,347.9,13.65,437.8,21.3,537.3,0.0581,0.66,108.4,333.4,5.7
2025-10-22T06:31:00+00:00,1869.3,93.89,351.1,13.59,438.4,21.4,581.3,0.0565,0.59,108.4,333.4,5.3
2025-10-22T06:32:00+00:00,2015.2,96.34,353.2,13.75,413.7,23.4,597.4,0.0572,0.67,108.4,333.4,6.4
2025-10-22T06:33:00+00:00,2022.7,94.54,342.6,13.79,440.5,23.9,621.9,0.0562,0.59,108.4,333.4,7.2
2025-10-22T06:34:00+00:00,2028.3,96.15,373.5,13.79,437.6,20.7,617.7,0.0555,0.51,108.4,333.4,7.3
2025-10-22T06:35:00+00:00,2103.1,94.49,356.9,13.66,422.5,20.6,623.2,0.0590,0.58,108.4,333.4,4.9
2025-10-22T06:36:00+00:00,2169.8,95.25,358.2,13.90,440.9,22.2,611.7,0.0569,0.57,108.4,333.4,7.1
2025-10-22T06:37:00+00:00,2096.7,95.92,343.4,13.84,424.6,19.2,690.2,0.0569,0.62,108.4,333.4,7.1
2025-10-22T06:38:00+00:00,1928.8,99.59,363.8,13.66,424.3,23.1,628.2,0.0557,0.58,108.4,333.4,6.7
2025-10-22T06:39:00+00:00,1962.4,95.59,362.0,13.80,408.1,22.0,580.6,0.0563,0.59,108.4,333.4,5.5
2025-10-22T06:40:00+00:00,2186.7,96.45,344.6,13.82,411.6,22.6,641.2,0.0569,0.58,108.4,333.4,5.1
2025-10-22T06:41:00+00:00,2051.6,95.78,343.2,13.88,408.1,19.9,553.2,0.0568,0.63,108.4,333.4,6.3
2025-10-22T06:42:00+00:00,1906.2,95.86,343.6,13.93,422.6,22.5,572.3,0.0624,0.53,108.4,333.4,5.4
2025-10-22T06:43:00+00:00,1941.7,96.47,347.8,13.58,402.9,19.9,563.3,0.0603,0.63,108.4,333.4,6.0
2025-10-22T06:44:00+00:00,2058.2,96.21,343.8,13.90,435.3,24.2,628.5,0.0562,0.56,108.4,333.4,5.0
2025-10-22T06:45:00+00:00,2013.2,95.79,350.4,14.06,411.0,21.7,582.1,0.0580,0.55,108.4,333.4,5.0
2025-10-22T06:46:00+00:00,2201.9,97.37,352.8,13.75,442.9,22.5,646.0,0.0578,0.52,108.4,333.4,6.0
2025-10-22T06:47:00+00:00,2110.6,95.60,363.9,13.97,430.6,26.5,682.1,0.0563,0.54,108.4,333.4,6.7
2025-10-22T06:48:00+00:00,2039.9,96.60,348.1,13.72,426.6,19.1,628.0,0.0565,0.62,108.4,333.4,5.8
2025-10-22T06:49:00+00:00,2011.1,99.19,349.8,13.74,409.3,22.1,587.0,0.0577,0.58,108.4,333.4,6.8
2025-10-22T06:50:00+00:00,2057.8,96.38,350.5,13.65,404.2,20.0,591.1,0.0567,0.58,108.4,333.4,4.8
2025-10-22T06:51:00+00:00,1835.0,96.73,347.2,13.93,427.8,22.2,585.9,0.0545,0.54,108.4,333.4,6.0
2025-10-22T06:52:00+00:00,1936.2,96.31,347.7,13.74,414.5,24.4,642.1,0.0553,0.55,108.4,333.4,8.2
2025-10-22T06:53:00+00:00,1814.1,96.79,342.1,13.59,425.8,20.7,589.3,0.0560,0.65,108.4,333.4,4.9
2025-10-22T06:54:00+00:00,2097.2,95.95,361.4,13.97,421.2,21.0,615.1,0.0605,0.50,108.4,333.4,5.0
2025-10-22T06:55:00+00:00,2052.5,97.49,340.4,13.73,428.1,20.4,574.8,0.0567,0.61,108.4,333.4,6.9
2025-10-22T06:56:00+00:00,1844.0,95.74,350.5,13.99,397.2,21.1,605.9,0.0601,0.56,108.4,333.4,6.5
2025-10-22T06:57:00+00:00,2484.9,99.18,340.8,13.69,419.1,21.3,590.8,0.0584,0.56,108.4,333.4,6.0
2025-10-22T06:58:00+00:00,1888.8,96.05,354.8,13.74,411.8,24.5,639.5,0.0556,0.60,108.4,333.4,6.6
2025-10-22T06:59:00+00:00,2518.0,99.90,351.5,13.85,426.3,23.7,619.4,0.0599,0.58,108.4,333.4,6.8
2025-10-22T07:00:00+00:00,1921.4,96.54,343.7,13.58,414.5,23.2,614.0,0.0586,0.63,108.4,333.4,6.9
2025-10-22T07:01:00+00:00,1873.5,95.85,345.5,13.64,394.4,22.6,650.5,0.0554,0.58,108.4,333.4,6.1
2025-10-22T07:02:00+00:00,1956.8,99.07,354.0,13.72,430.5,23.1,570.0,0.0559,0.60,108.4,333.4,5.6
2025-10-22T07:03:00+00:00,2019.4,97.88,350.7,13.83,438.8,21.9,538.6,0.0559,0.56,108.4,333.4,6.3
2025-10-22T07:04:00+00:00,2226.4,93.85,359.2,13.69,417.9,22.1,650.2,0.0571,0.53,108.4,333.4,7.0
2025-10-22T07:05:00+00:00,2143.7,97.73,359.2,13.52,411.2,22.6,568.9,0.0639,0.63,108.4,333.4,5.8
2025-10-22T07:06:00+00:00,2041.6,97.25,363.2,13.35,430.4,21.9,597.8,0.0581,0.69,108.4,333.4,7.2
2025-10-22T07:07:00+00:00,1918.2,94.58,344.8,13.86,416.7,23.8,536.3,0.0552,0.53,108.4,333.4,6.4
2025-10-22T07:08:00+00:00,2455.6,98.44,351.0,13.88,414.6,24.0,594.4,0.0586,0.61,108.4,333.4,4.3
2025-10-22T07:09:00+00:00,1995.9,96.93,351.6,13.92,411.2,22.8,607.3,0.0562,0.59,108.4,333.4,6.3
2025-10-22T07:10:00+00:00,2065.5,97.09,343.8,13.50,398.7,23.6,610.1,0.0550,0.45,108.4,333.4,9.1
2025-10-22T07:11:00+00:00,1996.3,96.56,368.6,13.89,416.4,21.1,596.2,0.0558,0.56,108.4,333.4,6.6
2025-10-22T07:12:00+00:00,2452.9,97.61,330.1,13.71,431.9,22.4,580.2,0.0635,0.68,108.4,333.4,6.1
2025-10-22T07:13:00+00:00,2475.3,97.77,336.5,13.52,428.5,20.7,609.6,0.0620,0.51,108.4,333.4,6.7
2025-10-22T07:14:00+00:00,2031.6,95.28,336.2,13.89,441.0,23.2,577.9,0.0589,0.50,108.4,333.4,5.8
2025-10-22T07:15:00+00:00,2208.5,93.98,356.6,13.97,414.9,23.1,628.7,0.0572,0.61,108.4,333.4,4.3
2025-10-22T07:16:00+00:00,2025.5,97.55,348.6,13.97,463.9,22.0,586.9,0.0558,0.56,108.4,333.4,6.2
2025-10-22T07:17:00+00:00,2058.8,97.46,343.7,13.95,427.5,23.1,604.7,0.0577,0.64,108.4,333.4,6.4
2025-10-22T07:18:00+00:00,2521.0,96.91,350.9,13.39,446.4,22.5,581.1,0.0582,0.51,108.4,333.4,6.5
2025-10-22T07:19:00+00:00,1892.4,97.66,352.2,13.71,408.4,20.8,585.5,0.0555,0.58,108.4,333.4,6.0
2025-10-22T07:20:00+00:00,1794.3,97.57,349.7,13.81,415.5,20.4,602.5,0.0598,0.61,108.4,333.4,5.1
2025-10-22T07:21:00+00:00,2013.3,95.79,351.2,13.55,411.9,22.6,585.6,0.0654,0.60,108.4,333.4,5.1
2025-10-22T07:22:00+00:00,2072.0,98.14,353.3,13.77,406.4,23.0,585.6,0.0556,0.51,108.4,333.4,6.6
2025-10-22T07:23:00+00:00,1813.0,93.98,339.8,13.75,401.0,23.2,543.3,0.0551,0.59,108.4,333.4,9.1
2025-10-22T07:24:00+00:00,1939.9,96.00,355.9,13.85,422.6,21.9,549.5,0.0559,0.60,108.4,333.4,5.9
2025-10-22T07:25:00+00:00,2168.8,97.57,357.5,13.74,416.2,20.9,603.6,0.0575,0.64,108.4,333.4,4.4
2025-10-22T07:26:00+00:00,2050.7,96.73,348.4,13.49,434.7,22.6,620.0,0.0607,0.55,108.4,333.4,6.5
2025-10-22T07:27:00+00:00,2028.9,96.22,351.6,13.87,406.7,21.2,679.9,0.0564,0.60,108.4,333.4,4.7
2025-10-22T07:28:00+00:00,2011.7,96.60,345.5,13.72,410.8,22.2,608.6,0.0568,0.66,108.4,333.4,6.8
2025-10-22T07:29:00+00:00,1948.4,97.02,350.4,13.73,432.5,21.7,555.9,0.0552,0.53,108.4,333.4,4.0
2025-10-22T07:30:00+00:00,2080.9,97.58,355.9,13.80,434.2,23.2,585.6,0.0637,0.57,108.4,333.4,5.9
2025-10-22T07:31:00+00:00,1954.6,97.99,337.5,13.58,420.1,21.6,590.8,0.0572,0.63,108.4,333.4,7.4
2025-10-22T07:32:00+00:00,1969.4,98.33,356.9,14.07,430.0,20.1,595.7,0.0561,0.60,108.4,333.4,6.5
2025-10-22T07:33:00+00:00,1819.4,95.72,341.3,14.05,421.5,21.4,576.8,0.0627,0.60,108.4,333.4,6.1
2025-10-22T07:34:00+00:00,1959.7,94.04,353.6,13.90,387.5,22.0,604.2,0.0561,0.60,108.4,333.4,6.2
2025-10-22T07:35:00+00:00,2050.6,97.65,366.5,13.83,424.2,21.0,626.5,0.0563,0.58,108.4,333.4,4.5
2025-10-22T07:36:00+00:00,1889.0,95.39,345.9,13.84,421.5,21.3,640.1,0.0603,0.54,108.4,333.4,6.6
2025-10-22T07:37:00+00:00,2014.9,96.59,357.5,13.72,416.6,21.2,585.1,0.0558,0.56,108.4,333.4,5.4
2025-10-22T07:38:00+00:00,1995.4,95.59,362.6,13.76,426.2,22.3,608.3,0.0555,0.52,108.4,333.4,5.5
2025-10-22T07:39:00+00:00,1996.5,96.12,357.4,13.99,400.2,19.9,619.1,0.0555,0.53,108.4,333.4,7.1
2025-10-22T07:40:00+00:00,1950.1,97.26,349.9,13.66,423.9,22.7,619.6,0.0559,0.57,108.4,333.4,7.0
2025-10-22T07:41:00+00:00,2124.5,96.57,350.2,13.78,423.0,21.4,680.3,0.0583,0.51,108.4,333.4,7.1
2025-10-22T07:42:00+00:00,2055.4,95.13,342.1,13.74,397.9,22.3,634.8,0.0590,0.56,108.4,333.4,4.6
2025-10-22T07:43:00+00:00,1978.8,98.16,346.2,13.96,414.4,18.9,616.8,0.0560,0.57,108.4,333.4,6.4
2025-10-22T07:44:00+00:00,1930.7,96.39,347.7,13.89,396.0,23.9,642.1,0.0601,0.62,108.4,333.4,6.5
2025-10-22T07:45:00+00:00,1794.4,95.67,341.2,13.80,388.1,22.4,555.6,0.0604,0.47,108.4,333.4,6.6
2025-10-22T07:46:00+00:00,1979.8,97.19,346.3,13.72,420.3,21.9,622.6,0.0649,0.62,108.4,333.4,6.5
2025-10-22T07:47:00+00:00,2005.5,98.14,341.4,13.57,412.4,21.0,604.1,0.0579,0.52,108.4,333.4,5.9
2025-10-22T07:48:00+00:00,1973.6,94.74,353.8,13.83,410.2,19.6,646.9,0.0579,0.61,108.4,333.4,4.8
2025-10-22T07:49:00+00:00,2074.0,96.11,348.0,13.54,428.7,23.4,595.9,0.0558,0.52,108.4,333.4,6.5
2025-10-22T07:50:00+00:00,1896.3,95.78,350.2,13.80,424.7,22.0,614.1,0.0554,0.57,108.4,333.4,6.1
2025-10-22T07:51:00+00:00,2126.2,98.02,345.4,13.64,413.4,22.2,639.1,0.0566,0.57,108.4,333.4,6.4
2025-10-22T07:52:00+00:00,2146.2,95.54,345.9,13.79,408.8,21.2,677.4,0.0565,0.54,108.4,333.4,5.0
2025-10-22T07:53:00+00:00,2070.1,94.79,347.2,13.77,419.9,23.2,578.1,0.0569,0.63,108.4,333.4,4.9
2025-10-22T07:54:00+00:00,1919.2,90.94,353.8,13.77,406.7,22.9,578.0,0.0558,0.60,108.4,333.4,7.1
2025-10-22T07:55:00+00:00,1971.6,99.56,347.5,13.77,422.4,22.5,599.0,0.0561,0.59,108.4,333.4,6.3
2025-10-22T07:56:00+00:00,1694.2,96.27,338.5,13.83,425.9,20.1,590.9,0.0544,0.59,108.4,333.4,6.5
2025-10-22T07:57:00+00:00,2014.1,97.33,342.3,13.67,429.8,22.9,673.3,0.0585,0.58,108.4,333.4,4.9
2025-10-22T07:58:00+00:00,2197.6,98.93,329.1,13.49,432.0,24.8,612.9,0.0649,0.62,108.4,333.4,4.8
2025-10-22T07:59:00+00:00,2053.6,96.17,355.3,13.85,407.1,20.0,552.6,0.0560,0.54,108.4,333.4,8.1
2025-10-22T08:00:00+00:00,2250.3,96.89,351.1,13.71,429.9,23.7,619.8,0.0584,0.62,108.4,333.4,6.0
2025-10-22T08:01:00+00:00,2106.3,98.66,363.5,13.74,411.9,19.6,665.0,0.0565,0.57,108.4,333.4,5.9
2025-10-22T08:02:00+00:00,2213.4,97.17,350.0,14.05,449.0,23.7,534.2,0.0569,0.55,108.4,333.4,5.8
2025-10-22T08:03:00+00:00,1882.2,97.44,353.8,13.83,430.5,23.2,617.2,0.0553,0.57,108.4,333.4,6.6
2025-10-22T08:04:00+00:00,2282.5,97.90,340.2,13.76,426.5,23.4,551.5,0.0574,0.57,108.4,333.4,5.5
2025-10-22T08:05:00+00:00,1945.5,96.04,349.7,13.81,430.6,22.6,664.1,0.0565,0.58,108.4,333.4,7.5
2025-10-22T08:06:00+00:00,1001.4,93.52,358.0,13.69,382.1,20.5,553.4,0.0561,0.48,108.4,333.4,5.4
2025-10-22T08:07:00+00:00,946.0,94.09,368.7,13.89,368.4,25.0,551.6,0.0521,0.52,108.4,333.4,6.1
2025-10-22T08:08:00+00:00,992.1,91.73,363.5,13.56,397.3,22.2,560.9,0.0518,0.58,108.4,333.4,7.0
2025-10-22T08:09:00+00:00,929.4,93.04,372.4,13.75,382.5,22.2,539.3,0.0542,0.64,108.4,333.4,6.3
2025-10-22T08:10:00+00:00,950.1,94.76,351.0,13.90,390.7,22.7,604.5,0.0503,0.48,108.4,333.4,6.4
2025-10-22T08:11:00+00:00,835.5,93.61,355.1,13.58,377.5,20.4,600.2,0.0493,0.54,108.4,333.4,7.7
2025-10-22T08:12:00+00:00,880.2,92.42,352.5,14.01,391.3,22.5,554.7,0.0497,0.57,108.4,333.4,6.1
2025-10-22T08:13:00+00:00,818.3,94.35,363.0,13.88,374.4,22.4,538.7,0.0505,0.66,108.4,333.4,6.6
2025-10-22T08:14:00+00:00,1020.3,92.77,358.1,13.93,390.7,24.1,577.5,0.0501,0.51,108.4,333.4,4.3
2025-10-22T08:15:00+00:00,919.5,92.37,349.0,13.72,365.4,22.8,584.2,0.0498,0.54,108.4,333.4,6.8
2025-10-22T14:00:00+00:00,890.2,94.61,366.9,14.03,406.3,23.7,583.0,0.0495,0.54,108.4,333.4,6.8
2025-10-22T14:01:00+00:00,910.3,92.78,354.1,13.78,391.0,21.9,556.6,0.0576,0.53,108.4,333.4,5.7
2025-10-22T14:02:00+00:00,908.3,94.30,366.8,13.96,373.6,23.3,573.3,0.0545,0.58,108.4,333.4,6.1
2025-10-22T14:03:00+00:00,870.4,92.50,356.2,13.90,382.5,24.3,493.4,0.0556,0.64,108.4,333.4,5.8
2025-10-22T14:04:00+00:00,917.2,92.63,362.3,13.71,370.8,21.0,548.0,0.0497,0.52,108.4,333.4,5.1
2025-10-22T14:05:00+00:00,865.6,92.04,356.4,13.76,368.7,24.4,548.2,0.0537,0.57,108.4,333.4,5.0
2025-10-22T14:06:00+00:00,983.2,93.31,350.2,13.91,379.2,24.2,539.6,0.0500,0.53,108.4,333.4,7.1
2025-10-22T14:07:00+00:00,1021.5,94.57,362.6,13.99,408.2,18.7,548.0,0.0507,0.57,108.4,333.4,4.7
2025-10-22T14:08:00+00:00,1071.5,94.11,352.4,13.68,379.9,24.5,566.0,0.0515,0.62,108.4,333.4,7.3
2025-10-22T14:09:00+00:00,929.0,92.20,348.6,13.73,381.0,19.8,574.0,0.0568,0.59,108.4,333.4,4.9
2025-10-22T14:10:00+00:00,888.0,94.14,355.9,13.98,387.3,21.4,557.7,0.0583,0.59,108.4,333.4,7.4
2025-10-22T14:11:00+00:00,846.9,89.78,359.6,13.72,399.5,23.7,494.2,0.0508,0.53,108.4,333.4,7.9
2025-10-22T14:12:00+00:00,1831.8,95.58,339.0,13.83,420.5,24.2,607.6,0.0560,0.67,108.4,333.4,5.6
2025-10-22T14:13:00+00:00,2008.7,98.36,356.0,14.13,413.6,21.6,608.0,0.0556,0.54,108.4,333.4,6.4
2025-10-22T14:14:00+00:00,2106.6,96.24,351.4,13.61,426.2,20.7,580.6,0.0574,0.66,108.4,333.4,5.4
2025-10-22T14:15:00+00:00,1889.2,95.60,345.4,13.71,415.9,21.8,653.1,0.0582,0.48,108.4,333.4,7.6
2025-10-22T14:16:00+00:00,2303.4,98.89,353.5,14.05,446.3,24.3,603.5,0.0576,0.58,108.4,333.4,7.2
2025-10-22T14:17:00+00:00,2096.3,96.66,353.2,13.77,393.5,22.2,636.1,0.0563,0.57,108.4,333.4,6.1
2025-10-22T14:18:00+00:00,2080.2,97.02,335.3,13.70,416.1,20.7,574.5,0.0568,0.61,108.4,333.4,3.6
2025-10-22T14:19:00+00:00,2044.0,96.44,350.1,13.93,442.8,23.2,562.2,0.0557,0.53,108.4,333.4,6.1
2025-10-22T14:20:00+00:00,1765.6,96.64,337.5,13.85,388.4,22.1,535.3,0.0549,0.58,108.4,333.4,5.9
2025-10-22T14:21:00+00:00,1929.6,97.12,349.7,13.90,422.1,21.1,530.1,0.0554,0.56,108.4,333.4,7.6
2025-10-22T14:22:00+00:00,1845.3,97.31,346.5,13.75,406.7,24.2,631.3,0.0559,0.66,108.4,333.4,5.4
2025-10-22T14:23:00+00:00,1971.4,94.85,347.9,13.92,417.3,22.5,610.9,0.0573,0.57,108.4,333.4,4.5
2025-10-22T14:24:00+00:00,2001.2,95.31,348.6,14.07,418.9,23.2,557.6,0.0595,0.63,108.4,333.4,5.3
2025-10-22T14:25:00+00:00,2187.0,97.32,353.4,13.75,428.0,21.2,619.9,0.0592,0.61,108.4,333.4,5.0
2025-10-22T14:26:00+00:00,2130.7,98.47,338.1,13.74,434.7,23.0,641.5,0.0567,0.59,108.4,333.4,5.9
2025-10-22T14:27:00+00:00,1884.7,97.47,352.1,13.94,408.4,22.8,561.0,0.0553,0.56,108.4,333.4,7.6
2025-10-22T14:28:00+00:00,2136.2,98.63,334.6,13.68,437.1,21.7,634.2,0.0576,0.66,108.4,333.4,4.6
2025-10-22T14:29:00+00:00,1953.7,99.08,341.0,13.70,422.7,21.4,553.0,0.0576,0.57,108.4,333.4,8.2
2025-10-22T14:30:00+00:00,2006.0,95.78,341.7,13.45,410.2,20.6,606.1,0.0590,0.49,108.4,333.4,7.1
2025-10-22T14:31:00+00:00,1926.9,97.12,358.3,14.12,413.5,21.2,669.2,0.0568,0.55,108.4,333.4,4.9
2025-10-22T14:32:00+00:00,2151.1,97.33,347.3,13.76,414.1,22.3,590.1,0.0565,0.53,108.4,333.4,5.6
2025-10-22T14:33:00+00:00,2065.1,95.67,338.9,13.69,433.3,22.6,606.4,0.0563,0.57,108.4,333.4,7.1
2025-10-22T14:34:00+00:00,2217.3,96.68,351.9,13.84,419.3,24.1,591.9,0.0570,0.55,108.4,333.4,6.2
2025-10-22T14:35:00+00:00,1992.9,96.03,347.6,13.73,434.1,21.1,621.1,0.0559,0.58,108.4,333.4,6.8
2025-10-22T14:36:00+00:00,2038.9,96.76,343.1,13.65,415.5,19.7,620.0,0.0585,0.53,108.4,333.4,6.4
2025-10-22T14:37:00+00:00,1852.0,96.41,336.0,13.73,420.3,20.3,607.4,0.0548,0.52,108.4,333.4,5.0
2025-10-22T14:38:00+00:00,1908.0,92.26,334.0,13.68,414.0,21.9,597.9,0.0562,0.64,108.4,333.4,5.0
2025-10-22T14:39:00+00:00,1770.8,94.38,353.3,13.97,411.4,22.7,594.4,0.0542,0.52,108.4,333.4,6.5
2025-10-22T14:40:00+00:00,1889.4,95.13,345.0,13.71,407.5,19.4,591.3,0.0560,0.63,108.4,333.4,5.8
2025-10-22T14:41:00+00:00,2111.9,96.77,353.1,13.79,420.5,24.0,646.6,0.0566,0.59,108.4,333.4,5.7
2025-10-22T14:42:00+00:00,2104.4,97.32,345.5,13.96,418.0,22.6,708.3,0.0596,0.62,108.4,333.4,7.6
2025-10-22T14:43:00+00:00,2185.4,94.79,344.8,13.59,451.6,20.0,631.5,0.0568,0.57,108.4,333.4,4.5
2025-10-22T14:44:00+00:00,2253.0,98.09,349.5,14.13,446.4,20.3,579.8,0.0575,0.59,108.4,333.4,6.8
2025-10-22T14:45:00+00:00,1988.7,95.23,357.7,13.83,411.1,19.4,615.2,0.0588,0.53,108.4,333.4,4.7
2025-10-22T14:46:00+00:00,1996.0,96.61,336.1,13.89,415.3,22.9,570.6,0.0634,0.68,108.4,333.4,4.9
2025-10-22T14:47:00+00:00,1948.7,98.51,358.8,13.70,415.7,23.0,611.7,0.0584,0.56,108.4,333.4,6.9
2025-10-22T14:48:00+00:00,2001.6,97.70,362.9,13.81,434.6,20.6,590.0,0.0567,0.65,108.4,333.4,4.7
2025-10-22T14:49:00+00:00,2090.0,96.38,336.7,13.88,439.8,22.0,627.3,0.0559,0.52,108.4,333.4,5.6
2025-10-22T14:50:00+00:00,2076.1,97.11,357.7,13.89,439.8,21.8,604.3,0.0559,0.55,108.4,333.4,5.8
2025-10-22T14:51:00+00:00,1765.1,95.11,349.6,13.78,411.1,22.0,571.4,0.0542,0.52,108.4,333.4,4.9
2025-10-22T14:52:00+00:00,1962.0,95.54,354.7,13.81,395.3,22.1,583.0,0.0552,0.50,108.4,333.4,6.4
2025-10-22T14:53:00+00:00,2258.1,97.68,348.0,13.96,410.4,21.1,627.9,0.0675,0.69,108.4,333.4,7.2
2025-10-22T14:54:00+00:00,2211.6,96.73,345.0,13.94,414.6,22.3,572.9,0.0594,0.50,108.4,333.4,8.1
2025-10-22T14:55:00+00:00,2037.4,98.06,347.1,13.81,425.4,20.3,587.0,0.0562,0.60,108.4,333.4,5.2
2025-10-22T14:56:00+00:00,1779.2,97.51,358.4,13.69,405.9,23.5,634.3,0.0552,0.61,108.4,333.4,5.3
2025-10-22T14:57:00+00:00,2253.5,98.93,352.0,13.64,432.0,24.1,626.6,0.0559,0.44,108.4,333.4,6.4
2025-10-22T14:58:00+00:00,1846.4,96.05,345.0,14.04,407.5,21.6,664.4,0.0552,0.57,108.4,333.4,5.4
2025-10-22T14:59:00+00:00,2129.9,97.90,348.0,13.67,436.7,24.3,592.4,0.0581,0.55,108.4,333.4,6.9
2025-10-22T15:00:00+00:00,1991.0,97.73,360.9,13.63,427.9,21.6,658.1,0.0557,0.56,108.4,333.4,7.5
2025-10-22T15:01:00+00:00,1796.0,95.21,338.2,13.56,422.2,22.5,573.6,0.0619,0.62,108.4,333.4,5.1
2025-10-22T15:02:00+00:00,1925.7,97.31,338.2,13.91,423.6,21.7,567.2,0.0591,0.54,108.4,333.4,6.0
2025-10-22T15:03:00+00:00,1932.5,98.01,341.7,13.80,391.0,24.1,613.5,0.0549,0.51,108.4,333.4,6.5
2025-10-22T15:04:00+00:00,1974.4,95.93,369.1,13.63,426.9,22.3,597.1,0.0554,0.53,108.4,333.4,6.1
2025-10-22T15:05:00+00:00,2526.0,97.53,337.9,13.51,444.3,24.6,613.8,0.0612,0.57,108.4,333.4,3.3
2025-10-22T15:06:00+00:00,2101.6,98.03,345.6,13.76,404.0,20.3,622.8,0.0579,0.54,108.4,333.4,6.6
2025-10-22T15:07:00+00:00,1916.3,94.56,356.0,14.08,424.3,20.6,648.7,0.0550,0.52,108.4,333.4,5.0
2025-10-22T15:08:00+00:00,2478.1,99.49,353.3,13.95,424.6,23.7,635.5,0.0576,0.48,108.4,333.4,7.8
2025-10-22T15:09:00+00:00,2279.4,97.93,357.0,13.91,433.0,21.1,567.3,0.0588,0.57,108.4,333.4,7.6
2025-10-22T15:10:00+00:00,2022.3,98.42,343.2,14.05,423.2,21.2,639.6,0.0703,0.62,108.4,333.4,6.7
2025-10-22T15:11:00+00:00,1782.3,96.84,337.7,13.89,423.8,24.0,584.0,0.0553,0.62,108.4,333.4,6.9
2025-10-22T15:12:00+00:00,1981.4,97.62,346.4,13.75,410.5,23.0,574.9,0.0556,0.57,108.4,333.4,4.3
2025-10-22T15:13:00+00:00,2001.1,97.09,339.9,14.02,443.4,21.8,571.9,0.0650,0.64,108.4,333.4,6.7
2025-10-22T15:14:00+00:00,1917.7,98.25,342.9,13.80,423.4,20.2,620.0,0.0559,0.54,108.4,333.4,4.2
2025-10-22T15:15:00+00:00,2442.9,98.97,334.1,13.89,430.1,20.6,598.3,0.0649,0.56,108.4,333.4,7.7
2025-10-22T15:16:00+00:00,1969.5,90.40,352.9,14.02,403.7,21.1,586.7,0.0589,0.55,108.4,333.4,4.4
2025-10-22T15:17:00+00:00,1861.7,97.07,355.4,13.75,420.8,22.5,622.2,0.0552,0.58,108.4,333.4,8.1
2025-10-22T15:18:00+00:00,1933.8,96.84,349.4,13.58,417.8,23.1,586.0,0.0581,0.63,108.4,333.4,6.0
2025-10-22T15:19:00+00:00,2408.6,97.12,349.9,13.54,425.4,21.0,549.1,0.0575,0.51,108.4,333.4,6.2
2025-10-22T15:20:00+00:00,2126.9,95.39,333.3,13.81,438.3,22.4,575.4,0.0570,0.60,108.4,333.4,3.4
2025-10-22T15:21:00+00:00,2484.3,97.73,339.0,13.66,414.0,21.3,630.1,0.0587,0.60,108.4,333.4,5.0
2025-10-22T15:22:00+00:00,2052.8,98.47,341.4,13.60,425.4,20.7,632.9,0.0620,0.59,108.4,333.4,4.7
2025-10-22T15:23:00+00:00,2435.2,98.42,342.1,13.71,425.6,19.3,608.3,0.0591,0.65,108.4,333.4,5.9
2025-10-22T15:24:00+00:00,2426.8,98.92,346.7,13.67,452.2,21.6,571.7,0.0591,0.66,108.4,333.4,6.7
2025-10-22T15:25:00+00:00,2450.1,97.61,340.7,13.83,417.2,23.0,579.2,0.0583,0.58,108.4,333.4,5.5
2025-10-22T15:26:00+00:00,2455.6,96.71,356.7,13.51,442.2,21.2,644.1,0.0584,0.56,108.4,333.4,7.5
2025-10-22T15:27:00+00:00,2552.2,97.28,344.2,13.91,439.6,20.6,530.2,0.0585,0.54,108.4,333.4,5.8
2025-10-22T15:28:00+00:00,2454.7,99.25,337.2,13.89,426.3,21.6,645.2,0.0575,0.49,108.4,333.4,6.4
2025-10-22T15:29:00+00:00,1806.3,95.40,341.0,14.10,411.2,21.0,594.1,0.0569,0.53,108.4,333.4,6.7
2025-10-22T15:30:00+00:00,2176.4,95.49,346.5,13.53,422.1,22.7,619.7,0.0569,0.54,108.4,333.4,6.3
2025-10-22T15:31:00+00:00,2085.4,96.28,359.4,13.91,407.6,22.6,642.3,0.0566,0.58,108.4,333.4,6.3
2025-10-22T15:32:00+00:00,1842.4,97.08,346.3,13.72,441.8,23.3,618.3,0.0553,0.60,108.4,333.4,7.0
2025-10-22T15:33:00+00:00,1864.2,93.45,364.2,13.94,422.9,22.6,541.1,0.0557,0.62,108.4,333.4,6.3
2025-10-22T15:34:00+00:00,2041.6,95.61,353.7,13.86,417.8,22.4,631.2,0.0659,0.63,108.4,333.4,5.4
2025-10-22T15:35:00+00:00,2073.9,94.91,345.3,13.72,417.2,23.9,637.1,0.0591,0.52,108.4,333.4,6.5
2025-10-22T15:36:00+00:00,2005.7,95.98,353.4,13.73,392.6,22.9,600.1,0.0578,0.63,108.4,333.4,6.1
2025-10-22T15:37:00+00:00,1993.6,96.23,358.5,13.68,419.4,21.9,595.4,0.0564,0.62,108.4,333.4,8.2
2025-10-22T15:38:00+00:00,1734.8,97.29,347.7,13.83,423.0,19.8,578.2,0.0557,0.54,108.4,333.4,7.7
2025-10-22T15:39:00+00:00,1802.7,94.47,372.2,13.74,400.9,23.7,621.4,0.0631,0.60,108.4,333.4,3.7
2025-10-22T15:40:00+00:00,1980.4,97.04,353.2,13.62,419.0,18.7,584.7,0.0571,0.60,108.4,333.4,5.1
2025-10-22T15:41:00+00:00,1994.8,95.25,342.8,13.51,408.1,23.6,590.3,0.0554,0.52,108.4,333.4,5.7
2025-10-22T15:42:00+00:00,2028.5,98.45,346.7,13.92,409.1,22.6,582.9,0.0571,0.65,108.4,333.4,6.7
2025-10-22T15:43:00+00:00,2113.0,96.97,357.2,14.18,427.9,23.2,585.5,0.0561,0.53,108.4,333.4,9.0
2025-10-22T15:44:00+00:00,2145.6,95.64,361.4,13.62,443.0,21.2,568.9,0.0571,0.60,108.4,333.4,6.1
2025-10-22T15:45:00+00:00,2076.5,97.72,347.9,13.80,416.7,22.3,575.7,0.0553,0.47,108.4,333.4,4.4
2025-10-22T15:46:00+00:00,2084.4,94.96,347.8,14.01,420.6,22.7,638.2,0.0599,0.61,108.4,333.4,5.7
2025-10-22T15:47:00+00:00,2250.6,97.30,363.6,13.77,449.5,19.6,572.0,0.0582,0.66,108.4,333.4,5.9
2025-10-22T15:48:00+00:00,1991.3,97.01,351.6,13.71,428.5,22.9,582.9,0.0665,0.71,108.4,333.4,5.6
2025-10-22T15:49:00+00:00,1929.5,98.26,358.7,13.53,424.2,22.7,619.8,0.0598,0.54,108.4,333.4,5.8
2025-10-22T15:50:00+00:00,1912.2,96.27,334.2,13.92,400.1,20.1,560.7,0.0574,0.60,108.4,333.4,6.5
2025-10-22T15:51:00+00:00,2116.1,96.23,349.8,13.81,386.6,21.3,620.8,0.0653,0.63,108.4,333.4,4.6
2025-10-22T15:52:00+00:00,2139.1,96.26,340.9,13.66,428.2,21.0,651.1,0.0630,0.47,108.4,333.4,6.9
2025-10-22T15:53:00+00:00,1982.8,98.19,349.9,13.65,396.3,22.8,608.6,0.0560,0.60,108.4,333.4,6.3
2025-10-22T15:54:00+00:00,2054.1,98.85,351.6,13.62,434.5,21.0,588.2,0.0563,0.59,108.4,333.4,6.5
2025-10-22T15:55:00+00:00,1972.5,94.32,343.7,13.78,398.4,21.9,580.5,0.0558,0.58,108.4,333.4,6.4
2025-10-22T15:56:00+00:00,1746.5,94.04,355.8,13.71,398.0,22.1,515.7,0.0547,0.58,108.4,333.4,7.1
2025-10-22T15:57:00+00:00,1999.1,95.54,341.6,13.82,429.0,18.4,652.1,0.0554,0.51,108.4,333.4,7.1
2025-10-22T15:58:00+00:00,1979.0,96.26,351.3,13.68,426.3,21.0,621.0,0.0607,0.68,108.4,333.4,7.7
2025-10-22T15:59:00+00:00,2155.2,96.72,350.1,13.94,405.2,22.7,549.3,0.0574,0.63,108.4,333.4,6.5
2025-10-22T16:00:00+00:00,1890.7,96.50,336.4,13.82,425.2,25.0,611.0,0.0630,0.56,108.4,333.4,6.5
2025-10-22T16:01:00+00:00,1751.3,94.93,350.7,14.12,398.5,20.2,548.2,0.0580,0.57,108.4,333.4,5.8
2025-10-22T16:02:00+00:00,2030.6,96.96,359.3,13.84,419.3,22.5,627.2,0.0611,0.53,108.4,333.4,6.3
2025-10-22T16:03:00+00:00,1864.0,98.90,355.7,13.88,402.0,22.5,617.3,0.0554,0.59,108.4,333.4,4.8
2025-10-22T16:04:00+00:00,1739.9,92.90,352.5,13.79,392.5,22.6,598.2,0.0579,0.55,108.4,333.4,6.2
2025-10-22T16:05:00+00:00,2063.6,94.68,350.7,13.82,422.3,19.4,585.3,0.0562,0.57,108.4,333.4,5.6
2025-10-22T16:06:00+00:00,1855.0,94.91,332.4,13.67,409.9,21.5,597.1,0.0552,0.58,108.4,333.4,5.2
2025-10-22T16:07:00+00:00,1840.2,96.27,350.0,13.69,414.3,22.3,630.5,0.0559,0.51,108.4,333.4,6.8
2025-10-22T16:08:00+00:00,2059.8,95.80,363.6,13.98,407.0,20.2,546.7,0.0556,0.51,108.4,333.4,5.4
2025-10-22T16:09:00+00:00,2208.3,99.14,353.7,13.95,429.0,22.0,658.1,0.0576,0.62,108.4,333.4,5.5
2025-10-22T16:10:00+00:00,1994.1,94.62,356.5,13.88,425.9,20.6,583.3,0.0588,0.61,108.4,333.4,6.2
2025-10-22T16:11:00+00:00,2036.9,96.44,350.0,13.67,422.0,20.5,646.0,0.0650,0.58,108.4,333.4,5.9
2025-10-22T16:12:00+00:00,2004.5,97.21,355.7,13.69,416.2,22.0,623.6,0.0571,0.57,108.4,333.4,6.8
2025-10-22T16:13:00+00:00,2180.5,94.52,349.1,13.72,408.1,22.1,651.5,0.0574,0.61,108.4,333.4,6.3
2025-10-22T16:14:00+00:00,2165.5,98.01,355.2,14.07,418.0,18.1,622.0,0.0566,0.56,108.4,333.4,4.9
2025-10-22T16:15:00+00:00,2017.4,96.65,344.9,13.74,399.7,21.3,631.2,0.0573,0.55,108.4,333.4,6.2
2025-10-22T16:16:00+00:00,2009.7,97.61,357.2,13.79,417.2,20.0,565.4,0.0567,0.64,108.4,333.4,6.1
2025-10-22T16:17:00+00:00,2139.5,97.18,356.0,13.78,423.4,20.3,609.2,0.0591,0.64,108.4,333.4,5.8
2025-10-22T16:18:00+00:00,1874.5,96.31,352.9,13.81,398.7,23.5,557.6,0.0559,0.65,108.4,333.4,7.8
2025-10-22T16:19:00+00:00,1144.7,95.10,343.2,13.84,369.0,23.6,519.1,0.0514,0.58,108.4,333.4,5.5
2025-10-22T16:20:00+00:00,844.1,92.89,364.8,14.01,375.5,18.3,543.6,0.0499,0.59,108.4,333.4,5.8
2025-10-22T16:21:00+00:00,1022.1,95.88,355.8,13.55,378.9,23.7,584.1,0.0524,0.54,108.4,333.4,6.3
2025-10-22T16:22:00+00:00,1100.5,91.67,345.2,13.73,389.7,23.0,509.8,0.0510,0.57,108.4,333.4,7.1
2025-10-22T16:23:00+00:00,952.4,93.60,362.3,13.87,390.7,19.3,506.5,0.0576,0.56,108.4,333.4,7.1
2025-10-22T16:24:00+00:00,903.5,91.09,365.9,13.87,383.7,20.7,532.5,0.0505,0.61,108.4,333.4,6.1
2025-10-22T16:25:00+00:00,1027.3,95.62,371.1,13.85,390.1,21.7,555.0,0.0537,0.54,108.4,333.4,5.4
2025-10-22T16:26:00+00:00,1032.5,93.84,352.7,13.87,401.3,22.7,578.4,0.0545,0.60,108.4,333.4,5.7
2025-10-22T16:27:00+00:00,981.6,92.75,353.0,13.75,378.4,24.3,574.6,0.0503,0.56,108.4,333.4,5.4
2025-10-22T16:28:00+00:00,1006.3,93.50,342.9,13.94,403.9,21.6,544.5,0.0505,0.56,108.4,333.4,4.7
2025-10-22T16:29:00+00:00,1096.4,91.30,354.1,13.65,408.9,22.0,539.0,0.0543,0.63,108.4,333.4,5.9
2025-10-23T06:00:00+00:00,1041.0,92.34,347.9,13.96,406.7,23.0,540.3,0.0572,0.80,206.9,341.9,9.2
2025-10-23T06:01:00+00:00,985.5,93.53,341.7,13.95,390.1,19.8,574.4,0.0528,0.80,206.9,341.9,7.3
2025-10-23T06:02:00+00:00,1036.2,93.13,350.1,14.02,412.9,21.8,548.5,0.0565,0.77,206.9,341.9,6.5
2025-10-23T06:03:00+00:00,1150.1,95.28,365.8,13.95,375.9,22.1,554.7,0.0544,0.87,206.9,341.9,7.4
2025-10-23T06:04:00+00:00,1006.3,94.65,339.1,13.97,347.9,23.0,587.0,0.0548,0.84,206.9,341.9,8.0
2025-10-23T06:05:00+00:00,975.4,93.07,358.5,14.01,381.5,21.3,561.0,0.0528,0.76,206.9,341.9,9.0
2025-10-23T06:06:00+00:00,1003.8,94.00,356.1,13.53,388.7,22.8,554.4,0.0545,0.81,206.9,341.9,7.9
2025-10-23T06:07:00+00:00,888.8,92.61,359.3,13.93,379.4,23.4,564.7,0.0528,0.72,206.9,341.9,8.6
2025-10-23T06:08:00+00:00,980.5,95.99,354.7,13.80,402.6,24.3,551.7,0.0545,0.86,206.9,341.9,8.3
2025-10-23T06:09:00+00:00,917.6,91.97,366.2,13.95,405.1,21.5,574.0,0.0533,0.81,206.9,341.9,5.1
2025-10-23T06:10:00+00:00,909.9,91.17,349.9,13.95,389.2,22.6,550.4,0.0551,0.93,206.9,341.9,8.9
2025-10-23T06:11:00+00:00,913.9,92.85,349.1,13.97,377.5,20.8,542.9,0.0536,0.70,206.9,341.9,8.6
2025-10-23T06:12:00+00:00,770.7,91.15,357.2,13.77,376.7,22.2,551.0,0.0512,0.75,206.9,341.9,8.3
2025-10-23T06:13:00+00:00,1946.6,98.01,343.1,13.92,437.0,24.8,595.6,0.0723,0.89,206.9,341.9,6.8
2025-10-23T06:14:00+00:00,2022.0,96.46,349.8,14.18,417.9,21.9,635.8,0.0580,0.77,206.9,341.9,8.1
2025-10-23T06:15:00+00:00,2112.5,99.54,350.3,13.68,434.0,23.0,621.0,0.0590,0.81,206.9,341.9,7.6
2025-10-23T06:16:00+00:00,2179.0,97.99,348.9,14.07,421.7,21.5,620.9,0.0622,0.85,206.9,341.9,8.3
2025-10-23T06:17:00+00:00,1786.7,94.29,358.3,13.77,427.9,22.0,651.4,0.0618,0.76,206.9,341.9,6.4
2025-10-23T06:18:00+00:00,1831.3,94.42,358.7,13.83,413.4,22.5,605.4,0.0587,0.90,206.9,341.9,7.7
2025-10-23T06:19:00+00:00,2081.9,97.32,342.9,13.76,448.9,20.4,616.3,0.0585,0.77,206.9,341.9,6.7
2025-10-23T06:20:00+00:00,2143.0,96.54,349.8,13.88,442.6,23.0,600.0,0.0600,0.91,206.9,341.9,7.6
2025-10-23T06:21:00+00:00,1728.1,97.02,354.8,13.84,406.8,25.0,569.8,0.0567,0.71,206.9,341.9,8.3
2025-10-23T06:22:00+00:00,1777.7,94.13,345.2,13.62,408.7,24.5,604.4,0.0569,0.79,206.9,341.9,8.4
2025-10-23T06:23:00+00:00,1995.0,95.11,364.1,13.49,395.4,22.5,625.1,0.0584,0.81,206.9,341.9,9.5
2025-10-23T06:24:00+00:00,2070.4,95.44,348.8,13.70,427.7,23.4,588.6,0.0582,0.77,206.9,341.9,6.3
2025-10-23T06:25:00+00:00,1888.5,96.27,355.7,13.72,424.5,22.2,599.5,0.0588,0.79,206.9,341.9,8.2
2025-10-23T06:26:00+00:00,2008.3,98.12,356.7,13.75,390.0,20.8,627.6,0.0590,0.84,206.9,341.9,7.9
2025-10-23T06:27:00+00:00,2036.7,95.10,352.9,13.89,422.6,23.1,564.0,0.0587,0.82,206.9,341.9,6.8
2025-10-23T06:28:00+00:00,1904.1,95.73,349.4,13.75,414.6,21.4,694.7,0.0576,0.79,206.9,341.9,8.5
2025-10-23T06:29:00+00:00,1983.3,95.96,359.6,13.65,417.2,20.9,602.9,0.0584,0.83,206.9,341.9,9.1
2025-10-23T06:30:00+00:00,1865.7,97.02,340.8,14.07,410.9,23.2,640.5,0.0602,0.84,206.9,341.9,9.1
2025-10-23T06:31:00+00:00,2122.7,96.93,354.3,13.82,434.2,23.1,570.7,0.0624,0.77,206.9,341.9,6.2
2025-10-23T06:32:00+00:00,2016.1,95.07,353.8,14.08,424.2,22.9,580.2,0.0583,0.79,206.9,341.9,7.7
2025-10-23T06:33:00+00:00,2015.5,98.46,344.8,13.79,427.5,22.9,529.3,0.0591,0.80,206.9,341.9,7.6
2025-10-23T06:34:00+00:00,2296.6,97.32,350.3,13.90,409.4,21.0,622.3,0.0621,0.77,206.9,341.9,8.6
2025-10-23T06:35:00+00:00,2111.4,95.94,362.1,13.44,430.7,21.5,519.9,0.0656,0.91,206.9,341.9,7.7
2025-10-23T06:36:00+00:00,2035.6,99.02,342.1,14.07,422.4,22.7,597.2,0.0575,0.72,206.9,341.9,8.4
2025-10-23T06:37:00+00:00,1907.6,94.17,355.8,13.60,418.6,20.0,603.9,0.0629,0.83,206.9,341.9,7.2
2025-10-23T06:38:00+00:00,1959.5,97.13,346.4,13.91,445.0,22.8,622.4,0.0670,0.86,206.9,341.9,7.1
2025-10-23T06:39:00+00:00,1875.7,94.59,338.4,13.88,430.3,20.2,603.7,0.0639,0.82,206.9,341.9,7.4
2025-10-23T06:40:00+00:00,1972.5,95.82,346.6,13.74,407.0,20.7,631.2,0.0625,0.77,206.9,341.9,6.6
2025-10-23T06:41:00+00:00,1848.5,96.39,361.0,13.83,407.4,25.0,575.9,0.0580,0.85,206.9,341.9,8.6
2025-10-23T06:42:00+00:00,2123.9,95.99,347.9,13.51,415.1,24.2,598.0,0.0593,0.80,206.9,341.9,6.3
2025-10-23T06:43:00+00:00,1883.6,95.40,354.1,13.78,417.1,21.9,601.1,0.0645,0.82,206.9,341.9,6.6
2025-10-23T06:44:00+00:00,1943.7,97.09,355.4,13.82,427.8,23.3,609.9,0.0627,0.75,206.9,341.9,6.8
2025-10-23T06:45:00+00:00,2024.5,94.46,351.2,13.94,405.5,22.0,565.8,0.0589,0.87,206.9,341.9,6.3
2025-10-23T06:46:00+00:00,2110.6,100.81,342.0,13.86,415.9,22.0,621.1,0.0590,0.80,206.9,341.9,8.6
2025-10-23T06:47:00+00:00,2091.6,97.14,356.5,13.92,423.1,22.1,608.5,0.0590,0.73,206.9,341.9,6.5
2025-10-23T06:48:00+00:00,2113.2,96.04,353.3,13.82,418.5,23.0,611.5,0.0586,0.78,206.9,341.9,8.4
2025-10-23T06:49:00+00:00,1935.4,96.66,360.9,13.53,433.0,23.6,595.7,0.0626,0.81,206.9,341.9,8.3
2025-10-23T06:50:00+00:00,1934.1,96.07,342.4,13.67,398.8,20.4,649.1,0.0589,0.80,206.9,341.9,7.4
2025-10-23T06:51:00+00:00,2012.0,98.11,355.8,13.59,407.6,21.7,614.4,0.0586,0.84,206.9,341.9,7.7
2025-10-23T06:52:00+00:00,2088.2,95.87,345.0,13.91,437.4,20.3,617.6,0.0583,0.77,206.9,341.9,8.6
2025-10-23T06:53:00+00:00,1938.2,95.89,350.6,13.80,403.0,22.6,620.2,0.0579,0.80,206.9,341.9,7.4
2025-10-23T06:54:00+00:00,1929.3,96.36,353.8,13.54,385.3,21.6,609.1,0.0651,0.77,206.9,341.9,8.1
2025-10-23T06:55:00+00:00,2003.2,97.02,347.7,13.92,453.5,21.0,561.7,0.0651,0.80,206.9,341.9,5.4
2025-10-23T06:56:00+00:00,1979.6,97.03,353.8,13.86,412.2,22.6,666.4,0.0583,0.80,206.9,341.9,8.8
2025-10-23T06:57:00+00:00,1977.1,93.98,358.4,13.58,411.6,23.2,590.3,0.0648,0.85,206.9,341.9,8.8
2025-10-23T06:58:00+00:00,2335.6,97.76,352.7,13.63,417.8,20.1,632.5,0.0596,0.75,206.9,341.9,9.4
2025-10-23T06:59:00+00:00,2161.8,96.13,352.8,13.76,383.3,20.4,642.6,0.0597,0.87,206.9,341.9,7.9
2025-10-23T07:00:00+00:00,2165.7,94.98,355.1,13.81,432.6,23.1,588.2,0.0591,0.81,206.9,341.9,7.5
2025-10-23T07:01:00+00:00,2216.7,96.94,356.6,13.82,423.1,20.8,598.8,0.0592,0.78,206.9,341.9,8.4
2025-10-23T07:02:00+00:00,1861.6,96.56,351.5,13.84,407.4,20.8,586.7,0.0580,0.85,206.9,341.9,4.5
2025-10-23T07:03:00+00:00,2077.8,99.37,352.7,13.91,425.8,20.3,588.4,0.0616,0.76,206.9,341.9,8.4
2025-10-23T07:04:00+00:00,1970.8,97.81,349.8,13.60,407.8,21.0,569.8,0.0634,0.93,206.9,341.9,8.7
2025-10-23T07:05:00+00:00,2356.5,98.66,364.5,13.94,430.1,23.6,595.4,0.0595,0.72,206.9,341.9,8.5
2025-10-23T07:06:00+00:00,2195.0,95.06,349.6,13.92,438.6,24.1,577.4,0.0606,0.84,206.9,341.9,7.4
2025-10-23T07:07:00+00:00,2470.7,99.24,335.4,13.60,418.6,22.4,587.4,0.0614,0.85,206.9,341.9,9.5
2025-10-23T07:08:00+00:00,2071.7,95.65,352.6,13.84,402.3,18.7,604.0,0.0585,0.80,206.9,341.9,8.8
2025-10-23T07:09:00+00:00,1916.6,97.37,354.6,13.64,432.7,22.9,612.3,0.0571,0.73,206.9,341.9,9.1
2025-10-23T07:10:00+00:00,2056.1,95.98,352.4,13.95,440.6,20.4,592.6,0.0589,0.85,206.9,341.9,7.2
2025-10-23T07:11:00+00:00,2406.9,97.24,335.3,13.86,424.9,24.0,592.2,0.0604,0.80,206.9,341.9,6.8
2025-10-23T07:12:00+00:00,2017.0,96.27,344.1,13.88,413.0,23.1,618.4,0.0647,0.76,206.9,341.9,6.0
2025-10-23T07:13:00+00:00,2034.5,95.14,347.9,13.69,424.6,21.9,579.1,0.0590,0.86,206.9,341.9,8.8
2025-10-23T07:14:00+00:00,2442.3,98.84,347.3,13.59,434.6,19.7,632.5,0.0628,0.70,206.9,341.9,9.0
2025-10-23T07:15:00+00:00,2020.3,95.86,364.8,13.72,422.1,21.5,575.3,0.0590,0.86,206.9,341.9,8.7
2025-10-23T07:16:00+00:00,1792.0,95.34,353.3,13.75,433.2,24.9,576.8,0.0577,0.79,206.9,341.9,7.1
2025-10-23T07:17:00+00:00,1795.2,95.55,347.8,13.91,424.4,21.8,575.6,0.0572,0.79,206.9,341.9,7.1
2025-10-23T07:18:00+00:00,2032.7,94.34,343.5,13.70,451.1,20.4,615.0,0.0593,0.89,206.9,341.9,7.9
2025-10-23T07:19:00+00:00,1969.1,96.53,358.6,13.88,409.8,23.2,593.3,0.0577,0.76,206.9,341.9,7.9
2025-10-23T07:20:00+00:00,2430.2,98.72,332.2,13.84,433.1,24.1,675.1,0.0602,0.77,206.9,341.9,7.9
2025-10-23T07:21:00+00:00,2467.2,97.42,336.6,13.63,425.3,24.1,660.1,0.0646,0.88,206.9,341.9,6.2
2025-10-23T07:22:00+00:00,2135.2,98.17,338.8,13.57,437.2,23.9,584.8,0.0678,0.86,206.9,341.9,7.5
2025-10-23T07:23:00+00:00,2582.9,98.87,350.4,13.60,422.1,22.4,672.8,0.0609,0.78,206.9,341.9,7.6
2025-10-23T07:24:00+00:00,1838.1,95.94,353.0,13.79,410.6,20.9,575.9,0.0597,0.80,206.9,341.9,8.5
2025-10-23T07:25:00+00:00,2057.7,99.03,355.2,13.66,425.5,23.6,637.3,0.0573,0.68,206.9,341.9,10.3
2025-10-23T07:26:00+00:00,2095.6,96.78,327.1,13.82,386.2,20.1,616.1,0.0589,0.81,206.9,341.9,7.9
2025-10-23T07:27:00+00:00,2065.4,97.96,356.4,13.95,434.2,21.0,585.9,0.0587,0.80,206.9,341.9,7.5
2025-10-23T07:28:00+00:00,2555.4,98.36,342.0,13.65,457.3,19.9,595.8,0.0626,0.94,206.9,341.9,7.2
2025-10-23T07:29:00+00:00,2413.1,96.95,347.8,13.79,440.9,25.2,633.3,0.0686,0.87,206.9,341.9,7.9
2025-10-23T07:30:00+00:00,2050.2,96.44,343.6,13.54,418.8,20.3,579.1,0.0583,0.78,206.9,341.9,6.7
2025-10-23T07:31:00+00:00,1952.1,95.35,357.1,13.78,427.7,21.1,599.2,0.0600,0.73,206.9,341.9,7.3
2025-10-23T07:32:00+00:00,2096.7,95.88,351.5,14.07,440.0,20.0,630.5,0.0658,0.80,206.9,341.9,7.0
2025-10-23T07:33:00+00:00,1888.3,98.35,358.7,13.89,437.5,20.6,645.3,0.0611,0.78,206.9,341.9,7.5
2025-10-23T07:34:00+00:00,2103.1,96.99,352.5,13.72,416.2,21.4,552.3,0.0581,0.74,206.9,341.9,7.7
2025-10-23T07:35:00+00:00,2525.4,97.83,350.0,14.01,420.2,21.3,601.8,0.0621,0.91,206.9,341.9,8.1
2025-10-23T07:36:00+00:00,2110.3,96.94,349.6,13.69,416.8,22.4,594.8,0.0589,0.82,206.9,341.9,6.3
2025-10-23T07:37:00+00:00,1860.5,97.31,359.6,13.76,424.0,22.8,646.5,0.0578,0.82,206.9,341.9,6.7
2025-10-23T07:38:00+00:00,1907.7,95.46,365.4,13.66,433.4,20.7,595.9,0.0570,0.74,206.9,341.9,7.6
2025-10-23T07:39:00+00:00,1961.8,99.67,361.1,13.89,385.5,25.7,607.8,0.0650,0.79,206.9,341.9,7.6
2025-10-23T07:40:00+00:00,1985.0,97.50,332.9,13.80,422.6,22.1,531.7,0.0625,0.80,206.9,341.9,7.5
2025-10-23T07:41:00+00:00,2096.6,92.97,353.6,13.77,432.5,21.2,609.2,0.0586,0.79,206.9,341.9,8.2
2025-10-23T07:42:00+00:00,1975.4,98.67,353.2,13.77,392.6,20.9,592.5,0.0576,0.75,206.9,341.9,6.5
2025-10-23T07:43:00+00:00,1975.8,96.94,339.4,13.77,425.5,21.7,630.4,0.0627,0.82,206.9,341.9,8.2
2025-10-23T07:44:00+00:00,1869.7,93.38,353.0,13.55,423.9,23.8,607.5,0.0580,0.84,206.9,341.9,6.7
2025-10-23T07:45:00+00:00,2015.5,96.59,346.2,13.75,445.3,20.4,612.9,0.0578,0.74,206.9,341.9,8.4
2025-10-23T07:46:00+00:00,2226.4,96.31,351.3,13.85,427.4,22.1,573.0,0.0602,0.87,206.9,341.9,7.3
2025-10-23T07:47:00+00:00,1855.3,95.92,353.3,13.57,420.6,22.1,604.8,0.0651,0.81,206.9,341.9,7.4
2025-10-23T07:48:00+00:00,2009.9,98.97,350.0,13.80,405.3,22.4,632.2,0.0599,0.84,206.9,341.9,5.8
2025-10-23T07:49:00+00:00,2143.5,98.32,336.0,13.55,463.1,20.4,659.6,0.0612,0.86,206.9,341.9,6.7
2025-10-23T07:50:00+00:00,1887.9,96.43,344.2,13.89,422.9,23.9,566.6,0.0566,0.70,206.9,341.9,5.5
2025-10-23T07:51:00+00:00,2047.6,98.18,348.1,13.73,407.1,20.1,628.5,0.0585,0.79,206.9,341.9,9.0
2025-10-23T07:52:00+00:00,2028.6,96.42,353.1,13.82,408.7,21.9,614.5,0.0718,0.72,206.9,341.9,8.6
2025-10-23T07:53:00+00:00,2008.9,95.90,350.8,13.83,414.0,21.7,591.9,0.0583,0.79,206.9,341.9,7.0
2025-10-23T07:54:00+00:00,1988.2,95.46,336.2,13.86,439.8,22.3,579.6,0.0581,0.79,206.9,341.9,6.3
2025-10-23T07:55:00+00:00,2094.8,93.41,362.5,13.93,417.6,21.5,617.8,0.0653,0.88,206.9,341.9,7.1
2025-10-23T07:56:00+00:00,1931.9,94.76,354.8,13.56,419.7,20.9,631.9,0.0594,0.83,206.9,341.9,9.6
2025-10-23T07:57:00+00:00,1934.1,97.66,342.6,14.01,405.2,22.2,610.3,0.0589,0.87,206.9,341.9,9.0
2025-10-23T07:58:00+00:00,2085.1,97.43,354.0,13.96,410.6,23.6,635.2,0.0582,0.75,206.9,341.9,9.5
2025-10-23T07:59:00+00:00,2027.4,95.95,349.9,13.83,436.9,21.7,606.9,0.0591,0.75,206.9,341.9,9.1
2025-10-23T08:00:00+00:00,1935.2,95.91,352.6,14.00,394.3,20.4,596.0,0.0640,0.86,206.9,341.9,6.4
2025-10-23T08:01:00+00:00,2011.7,94.64,350.7,13.76,427.6,22.0,615.3,0.0585,0.83,206.9,341.9,6.8
2025-10-23T08:02:00+00:00,1931.2,94.59,345.7,13.82,430.2,19.7,591.1,0.0686,0.88,206.9,341.9,8.0
2025-10-23T08:03:00+00:00,1940.0,98.53,349.4,13.76,405.8,23.9,624.5,0.0602,0.79,206.9,341.9,7.1
2025-10-23T08:04:00+00:00,2147.7,98.69,345.1,13.94,413.6,21.6,629.1,0.0583,0.74,206.9,341.9,8.8
2025-10-23T08:05:00+00:00,2015.6,96.94,352.0,13.92,423.4,21.4,624.6,0.0655,0.91,206.9,341.9,8.7
2025-10-23T08:06:00+00:00,2122.3,96.68,362.9,13.68,406.2,22.7,659.1,0.0594,0.85,206.9,341.9,8.0
2025-10-23T08:07:00+00:00,2166.7,97.05,339.8,13.38,420.6,21.2,651.4,0.0590,0.79,206.9,341.9,9.0
2025-10-23T08:08:00+00:00,2043.0,94.79,357.3,13.84,444.2,20.9,577.8,0.0586,0.81,206.9,341.9,5.9
2025-10-23T08:09:00+00:00,2054.4,96.36,347.7,13.95,396.8,20.8,584.5,0.0582,0.77,206.9,341.9,8.1
2025-10-23T08:10:00+00:00,1975.9,94.60,359.2,13.84,424.4,19.0,561.1,0.0582,0.81,206.9,341.9,9.0
2025-10-23T08:11:00+00:00,2086.8,96.83,347.9,13.66,447.2,22.3,567.8,0.0648,0.80,206.9,341.9,7.1
2025-10-23T08:12:00+00:00,1959.1,96.22,365.2,13.71,435.9,20.5,587.9,0.0594,0.85,206.9,341.9,6.6
2025-10-23T08:13:00+00:00,2144.9,96.63,348.3,13.81,421.1,22.4,591.4,0.0591,0.82,206.9,341.9,7.9
2025-10-23T08:14:00+00:00,1862.5,94.98,349.8,13.85,404.0,24.2,604.4,0.0665,0.72,206.9,341.9,6.1
2025-10-23T08:15:00+00:00,1783.9,94.96,363.2,13.61,435.7,20.3,586.2,0.0581,0.92,206.9,341.9,6.8
2025-10-23T08:16:00+00:00,1933.9,96.79,354.8,13.68,436.1,22.1,581.0,0.0576,0.77,206.9,341.9,7.3
2025-10-23T08:17:00+00:00,2060.0,94.02,357.4,13.88,401.0,19.9,580.2,0.0581,0.76,206.9,341.9,9.0
2025-10-23T08:18:00+00:00,2209.2,98.75,345.9,13.94,434.0,26.0,572.6,0.0592,0.79,206.9,341.9,9.2
2025-10-23T08:19:00+00:00,2031.3,94.61,353.1,13.69,394.6,23.4,631.4,0.0640,0.84,206.9,341.9,7.4
2025-10-23T08:20:00+00:00,2055.5,94.55,348.3,13.94,417.4,21.1,669.3,0.0583,0.77,206.9,341.9,6.7
2025-10-23T08:21:00+00:00,2109.8,94.44,349.8,13.86,453.7,21.9,607.8,0.0644,0.80,206.9,341.9,6.3
2025-10-23T08:22:00+00:00,1986.0,95.97,351.9,13.75,416.5,20.5,648.1,0.0582,0.79,206.9,341.9,7.6
2025-10-23T08:23:00+00:00,1923.8,94.54,348.1,13.72,414.0,23.0,586.8,0.0578,0.81,206.9,341.9,9.4
2025-10-23T08:24:00+00:00,2081.2,98.40,353.5,14.14,416.8,22.2,662.7,0.0606,0.86,206.9,341.9,7.0
2025-10-23T08:25:00+00:00,2128.8,97.49,340.7,13.89,426.2,22.4,587.5,0.0587,0.79,206.9,341.9,6.9
2025-10-23T08:26:00+00:00,1958.9,94.10,343.9,13.96,406.7,23.4,587.5,0.0600,0.78,206.9,341.9,6.5
2025-10-23T08:27:00+00:00,2059.7,95.27,359.9,13.70,416.6,22.2,554.6,0.0575,0.70,206.9,341.9,6.9
2025-10-23T08:28:00+00:00,883.1,90.75,358.0,13.86,392.9,21.8,566.4,0.0562,0.90,206.9,341.9,7.1
2025-10-23T08:29:00+00:00,1051.2,92.69,360.1,13.79,405.8,22.4,571.6,0.0571,0.72,206.9,341.9,5.5
2025-10-23T08:30:00+00:00,1093.3,94.57,363.9,13.98,395.6,22.3,569.2,0.0538,0.79,206.9,341.9,6.1
2025-10-23T08:31:00+00:00,1087.8,91.21,359.6,13.72,424.2,21.7,561.3,0.0536,0.84,206.9,341.9,8.5
2025-10-23T08:32:00+00:00,999.2,93.73,361.5,13.90,393.1,22.6,512.5,0.0568,0.83,206.9,341.9,7.0
2025-10-23T08:33:00+00:00,863.5,92.45,363.0,13.62,388.5,20.7,555.6,0.0521,0.79,206.9,341.9,8.6
2025-10-23T08:34:00+00:00,963.6,93.24,351.5,13.72,382.7,21.3,540.4,0.0525,0.80,206.9,341.9,7.6
2025-10-23T08:35:00+00:00,882.8,92.97,356.8,13.82,388.0,23.4,507.0,0.0543,0.91,206.9,341.9,5.7
2025-10-23T08:36:00+00:00,1008.3,92.14,352.9,13.67,371.4,20.6,493.8,0.0532,0.84,206.9,341.9,6.8
2025-10-23T08:37:00+00:00,952.9,93.68,355.7,13.65,379.6,20.5,605.1,0.0523,0.73,206.9,341.9,8.0
2025-10-23T08:38:00+00:00,1018.7,97.67,351.0,13.78,372.2,21.4,583.3,0.0553,0.83,206.9,341.9,9.1
2025-10-23T08:39:00+00:00,1128.3,91.94,358.7,14.01,373.6,19.5,626.9,0.0551,0.72,206.9,341.9,6.7
2025-10-23T14:00:00+00:00,900.3,92.27,354.6,13.60,375.6,20.8,598.9,0.0516,0.72,206.9,341.9,7.6
2025-10-23T14:01:00+00:00,956.1,93.67,361.0,13.67,393.2,21.4,525.1,0.0529,0.81,206.9,341.9,8.0
2025-10-23T14:02:00+00:00,956.9,91.56,359.9,13.60,357.9,21.5,559.5,0.0571,0.82,206.9,341.9,5.8
2025-10-23T14:03:00+00:00,956.5,94.35,366.1,13.85,374.0,21.9,552.6,0.0547,0.77,206.9,341.9,7.6
2025-10-23T14:04:00+00:00,1002.2,95.34,355.0,13.82,395.5,21.2,519.2,0.0520,0.72,206.9,341.9,8.9
2025-10-23T14:05:00+00:00,1019.5,93.52,350.3,13.64,390.7,22.8,497.2,0.0536,0.86,206.9,341.9,7.5
2025-10-23T14:06:00+00:00,897.7,92.40,354.4,13.75,379.8,20.1,578.1,0.0527,0.75,206.9,341.9,7.9
2025-10-23T14:07:00+00:00,961.6,92.99,351.4,13.87,389.6,24.6,557.8,0.0585,0.90,206.9,341.9,8.9
2025-10-23T14:08:00+00:00,864.6,95.19,358.0,13.50,370.6,23.3,542.3,0.0619,0.84,206.9,341.9,7.4
2025-10-23T14:09:00+00:00,956.5,92.32,357.5,13.54,401.3,22.2,568.9,0.0575,0.91,206.9,341.9,7.1
2025-10-23T14:10:00+00:00,929.9,91.78,364.0,13.84,382.1,23.2,541.8,0.0535,0.81,206.9,341.9,7.8
2025-10-23T14:11:00+00:00,1008.6,90.83,359.5,13.59,397.0,21.7,527.4,0.0538,0.89,206.9,341.9,10.3
2025-10-23T14:12:00+00:00,2022.7,96.51,344.2,13.49,415.1,22.5,646.6,0.0589,0.87,206.9,341.9,7.8
2025-10-23T14:13:00+00:00,2010.7,97.24,340.4,13.65,409.8,21.6,654.6,0.0595,0.84,206.9,341.9,7.1
2025-10-23T14:14:00+00:00,1977.8,96.81,359.0,13.65,425.0,20.8,603.1,0.0579,0.79,206.9,341.9,6.7
2025-10-23T14:15:00+00:00,1954.2,99.56,364.3,13.84,410.0,23.6,610.5,0.0577,0.77,206.9,341.9,7.7
2025-10-23T14:16:00+00:00,1888.8,95.50,362.7,13.69,427.9,20.7,571.5,0.0591,0.81,206.9,341.9,9.5
2025-10-23T14:17:00+00:00,2105.8,96.16,353.4,13.50,423.6,21.4,659.4,0.0588,0.81,206.9,341.9,6.5
2025-10-23T14:18:00+00:00,2059.4,97.43,357.1,13.92,442.2,21.0,610.9,0.0616,0.86,206.9,341.9,5.7
2025-10-23T14:19:00+00:00,1824.7,95.71,364.6,13.98,427.9,22.1,618.4,0.0619,0.78,206.9,341.9,8.5
2025-10-23T14:20:00+00:00,1890.5,98.09,358.9,13.87,422.8,20.4,566.1,0.0633,0.80,206.9,341.9,8.8
2025-10-23T14:21:00+00:00,1986.9,97.15,355.0,13.78,405.4,23.2,604.0,0.0582,0.81,206.9,341.9,7.5
2025-10-23T14:22:00+00:00,1881.9,97.96,352.3,13.99,400.9,23.1,527.2,0.0572,0.76,206.9,341.9,8.6
2025-10-23T14:23:00+00:00,2102.4,95.05,348.0,13.88,423.7,21.7,637.0,0.0663,0.76,206.9,341.9,8.5
2025-10-23T14:24:00+00:00,1850.2,95.90,345.4,13.93,406.7,22.5,557.7,0.0636,0.77,206.9,341.9,9.1
2025-10-23T14:25:00+00:00,2100.9,97.61,352.1,14.05,406.7,21.6,606.6,0.0701,0.82,206.9,341.9,6.2
2025-10-23T14:26:00+00:00,1996.7,97.08,345.0,13.81,432.0,22.1,596.7,0.0609,0.75,206.9,341.9,8.1
2025-10-23T14:27:00+00:00,2012.7,98.23,347.1,13.72,417.7,22.5,593.0,0.0623,0.75,206.9,341.9,9.3
2025-10-23T14:28:00+00:00,1922.6,96.64,349.1,13.71,420.0,23.0,613.4,0.0576,0.78,206.9,341.9,6.5
2025-10-23T14:29:00+00:00,1886.3,95.60,342.6,13.86,426.7,23.8,638.1,0.0581,0.85,206.9,341.9,8.2
2025-10-23T14:30:00+00:00,1995.9,94.20,338.3,13.82,395.1,21.5,637.6,0.0576,0.74,206.9,341.9,8.7
2025-10-23T14:31:00+00:00,2002.7,96.70,347.3,13.78,410.4,20.9,608.0,0.0582,0.80,206.9,341.9,8.1
2025-10-23T14:32:00+00:00,2167.1,94.17,356.0,13.75,439.1,22.5,618.3,0.0591,0.79,206.9,341.9,7.2
2025-10-23T14:33:00+00:00,1917.1,95.91,357.5,13.87,422.1,22.8,585.8,0.0656,0.79,206.9,341.9,8.8
2025-10-23T14:34:00+00:00,1978.9,96.24,354.0,13.76,422.4,22.4,611.0,0.0580,0.80,206.9,341.9,7.5
2025-10-23T14:35:00+00:00,1700.3,96.52,351.9,13.76,392.6,22.1,566.5,0.0584,0.77,206.9,341.9,8.7
2025-10-23T14:36:00+00:00,1994.0,96.29,358.5,13.77,432.5,23.2,548.7,0.0585,0.83,206.9,341.9,6.8
2025-10-23T14:37:00+00:00,2017.1,95.00,342.3,13.70,445.6,23.9,569.7,0.0645,0.76,206.9,341.9,8.2
2025-10-23T14:38:00+00:00,1962.5,95.15,338.3,14.00,427.9,21.6,566.6,0.0613,0.87,206.9,341.9,8.3
2025-10-23T14:39:00+00:00,2153.4,96.13,361.4,13.86,401.4,20.8,608.6,0.0643,0.72,206.9,341.9,7.0
2025-10-23T14:40:00+00:00,1967.7,94.05,351.1,13.80,432.9,21.2,670.6,0.0574,0.73,206.9,341.9,9.6
2025-10-23T14:41:00+00:00,2004.0,99.63,349.3,13.83,426.4,21.9,611.9,0.0582,0.79,206.9,341.9,8.3
2025-10-23T14:42:00+00:00,2032.1,96.47,344.0,14.16,411.0,22.9,591.1,0.0589,0.85,206.9,341.9,8.5
2025-10-23T14:43:00+00:00,1816.5,97.30,361.8,13.87,402.0,23.5,605.5,0.0612,0.74,206.9,341.9,7.1
2025-10-23T14:44:00+00:00,2171.8,96.10,348.6,13.99,437.2,22.1,592.6,0.0707,0.81,206.9,341.9,10.4
2025-10-23T14:45:00+00:00,1982.3,97.26,349.3,13.93,412.3,21.9,626.5,0.0625,0.86,206.9,341.9,8.5
2025-10-23T14:46:00+00:00,2041.9,96.98,352.2,13.90,396.5,22.8,607.8,0.0584,0.79,206.9,341.9,8.8
2025-10-23T14:47:00+00:00,2194.5,93.66,349.3,13.76,422.5,20.2,580.4,0.0599,0.87,206.9,341.9,9.1
2025-10-23T14:48:00+00:00,1932.8,97.99,344.2,13.66,397.0,24.3,606.0,0.0616,0.73,206.9,341.9,7.4
2025-10-23T14:49:00+00:00,2052.3,96.17,330.3,13.64,420.7,20.3,592.5,0.0590,0.87,206.9,341.9,6.6
2025-10-23T14:50:00+00:00,2048.8,96.97,342.0,13.87,404.2,23.0,573.1,0.0581,0.77,206.9,341.9,7.8
2025-10-23T14:51:00+00:00,1841.9,96.44,350.5,13.84,433.9,17.6,607.0,0.0567,0.74,206.9,341.9,6.6
2025-10-23T14:52:00+00:00,1930.3,94.99,348.0,13.97,409.7,24.9,599.6,0.0651,0.84,206.9,341.9,8.4
2025-10-23T14:53:00+00:00,2041.9,98.20,340.2,13.95,452.1,22.1,601.8,0.0586,0.80,206.9,341.9,7.0
2025-10-23T14:54:00+00:00,1915.6,94.83,349.4,13.61,409.0,21.6,618.7,0.0581,0.83,206.9,341.9,8.0
2025-10-23T14:55:00+00:00,1965.7,95.46,368.2,13.97,424.6,20.2,608.1,0.0576,0.77,206.9,341.9,7.8
2025-10-23T14:56:00+00:00,1895.6,96.85,341.6,13.79,424.8,20.5,600.7,0.0573,0.76,206.9,341.9,6.6
2025-10-23T14:57:00+00:00,1985.3,94.24,337.1,13.59,416.1,22.0,621.8,0.0603,0.89,206.9,341.9,6.8
2025-10-23T14:58:00+00:00,1959.5,98.64,341.9,13.66,419.1,22.0,573.4,0.0588,0.88,206.9,341.9,8.6
2025-10-23T14:59:00+00:00,1973.9,97.22,352.2,13.86,403.2,20.3,565.4,0.0653,0.78,206.9,341.9,7.7
2025-10-23T15:00:00+00:00,2082.0,96.15,349.9,13.73,425.7,23.0,594.5,0.0712,0.87,206.9,341.9,7.9
2025-10-23T15:01:00+00:00,2259.3,96.75,336.1,13.93,427.3,22.3,614.1,0.0607,0.81,206.9,341.9,6.9
2025-10-23T15:02:00+00:00,2161.9,97.80,358.2,13.91,400.7,23.3,635.8,0.0586,0.77,206.9,341.9,8.8
2025-10-23T15:03:00+00:00,1856.7,94.62,345.9,13.75,409.6,20.7,570.5,0.0587,0.80,206.9,341.9,7.7
2025-10-23T15:04:00+00:00,2131.7,93.76,347.3,13.94,428.0,20.2,559.8,0.0585,0.74,206.9,341.9,8.4
2025-10-23T15:05:00+00:00,2537.9,96.10,348.0,13.99,449.9,21.0,600.1,0.0757,0.83,206.9,341.9,7.4
2025-10-23T15:06:00+00:00,2483.0,98.78,348.1,13.73,438.8,19.8,610.4,0.0685,0.89,206.9,341.9,7.1
2025-10-23T15:07:00+00:00,2490.6,97.95,341.2,13.84,431.9,20.4,696.3,0.0613,0.84,206.9,341.9,8.6
2025-10-23T15:08:00+00:00,2015.7,94.51,342.7,13.74,418.0,23.5,597.4,0.0616,0.79,206.9,341.9,8.1
2025-10-23T15:09:00+00:00,2557.8,98.78,336.6,13.84,444.9,18.7,635.4,0.0683,0.89,206.9,341.9,7.9
2025-10-23T15:10:00+00:00,1902.7,99.44,355.8,14.08,412.6,22.5,600.8,0.0593,0.84,206.9,341.9,7.9
2025-10-23T15:11:00+00:00,2066.8,97.46,345.9,13.67,422.3,21.4,568.3,0.0583,0.77,206.9,341.9,7.5
2025-10-23T15:12:00+00:00,2451.6,100.24,338.4,14.01,450.5,23.2,599.5,0.0598,0.70,206.9,341.9,7.2
2025-10-23T15:13:00+00:00,2505.5,96.45,348.1,13.80,427.2,22.0,613.5,0.0593,0.65,206.9,341.9,8.1
2025-10-23T15:14:00+00:00,2143.8,96.68,347.8,14.01,413.9,22.6,567.0,0.0589,0.80,206.9,341.9,10.1
2025-10-23T15:15:00+00:00,1868.9,94.57,347.5,13.96,418.8,23.7,611.8,0.0570,0.76,206.9,341.9,7.3
2025-10-23T15:16:00+00:00,2531.9,99.12,352.2,13.92,439.4,20.2,659.9,0.0604,0.73,206.9,341.9,7.8
2025-10-23T15:17:00+00:00,2453.1,97.50,353.6,13.77,429.4,19.3,679.2,0.0662,0.80,206.9,341.9,9.7
2025-10-23T15:18:00+00:00,2078.3,97.13,341.2,13.74,415.7,19.1,615.9,0.0608,0.83,206.9,341.9,5.8
2025-10-23T15:19:00+00:00,2531.4,98.65,350.4,13.62,454.7,22.0,545.8,0.0677,0.84,206.9,341.9,7.8
2025-10-23T15:20:00+00:00,2213.7,98.49,359.7,13.55,448.2,22.8,631.0,0.0592,0.78,206.9,341.9,7.1
2025-10-23T15:21:00+00:00,2131.8,98.49,348.6,13.65,412.3,24.0,648.0,0.0594,0.86,206.9,341.9,8.7
2025-10-23T15:22:00+00:00,1773.9,95.41,369.9,13.52,441.8,19.0,606.5,0.0591,0.77,206.9,341.9,6.7
2025-10-23T15:23:00+00:00,2055.7,96.48,353.8,13.91,430.6,20.4,574.5,0.0599,0.83,206.9,341.9,8.4
2025-10-23T15:24:00+00:00,2071.8,97.38,345.4,13.83,405.6,24.3,695.9,0.0629,0.78,206.9,341.9,7.6
2025-10-23T15:25:00+00:00,2094.5,96.25,354.1,13.53,451.7,20.5,631.6,0.0594,0.86,206.9,341.9,7.6
2025-10-23T15:26:00+00:00,2246.7,93.88,358.5,13.88,416.6,21.1,655.6,0.0598,0.83,206.9,341.9,7.9
2025-10-23T15:27:00+00:00,2138.9,94.15,340.5,13.84,410.6,22.6,623.9,0.0595,0.70,206.9,341.9,6.7
2025-10-23T15:28:00+00:00,2058.2,95.75,333.2,13.84,445.7,21.4,680.8,0.0604,0.79,206.9,341.9,6.8
2025-10-23T15:29:00+00:00,1795.3,97.03,342.5,13.81,411.6,23.1,625.5,0.0608,0.81,206.9,341.9,6.7
2025-10-23T15:30:00+00:00,2126.4,98.53,354.6,13.75,421.7,22.0,584.8,0.0595,0.85,206.9,341.9,7.3
2025-10-23T15:31:00+00:00,1983.7,95.23,349.0,13.93,424.1,23.7,615.4,0.0596,0.87,206.9,341.9,8.1
2025-10-23T15:32:00+00:00,1870.5,95.53,366.0,13.85,424.3,21.4,615.7,0.0606,0.84,206.9,341.9,5.9
2025-10-23T15:33:00+00:00,2037.8,99.26,351.1,13.52,404.3,22.3,662.3,0.0625,0.76,206.9,341.9,7.5
2025-10-23T15:34:00+00:00,2118.9,96.56,358.4,13.79,411.1,23.8,644.1,0.0607,0.75,206.9,341.9,6.8
2025-10-23T15:35:00+00:00,1975.8,94.75,353.3,13.62,430.7,24.8,585.8,0.0612,0.84,206.9,341.9,6.7
2025-10-23T15:36:00+00:00,2070.2,97.26,350.9,13.76,410.2,21.0,641.5,0.0580,0.75,206.9,341.9,7.5
2025-10-23T15:37:00+00:00,1932.1,96.53,343.9,13.88,421.5,22.8,646.4,0.0578,0.79,206.9,341.9,8.4
2025-10-23T15:38:00+00:00,1950.9,96.02,355.1,13.83,402.4,21.3,578.2,0.0578,0.79,206.9,341.9,8.3
2025-10-23T15:39:00+00:00,2169.9,98.63,343.1,13.72,423.4,21.3,595.9,0.0586,0.75,206.9,341.9,7.7
2025-10-23T15:40:00+00:00,2089.9,96.75,347.0,13.61,430.7,21.2,630.1,0.0598,0.91,206.9,341.9,6.3
2025-10-23T15:41:00+00:00,2065.2,98.74,359.9,13.71,421.7,22.3,588.4,0.0601,0.94,206.9,341.9,8.0
2025-10-23T15:42:00+00:00,2113.3,95.41,338.5,13.81,419.2,24.6,598.2,0.0615,0.74,206.9,341.9,8.0
2025-10-23T15:43:00+00:00,2090.6,97.75,346.6,13.67,390.7,21.7,605.2,0.0678,0.88,206.9,341.9,9.0
2025-10-23T15:44:00+00:00,2117.2,96.06,344.9,13.79,428.5,24.8,575.0,0.0608,0.81,206.9,341.9,7.0
2025-10-23T15:45:00+00:00,1993.8,97.42,342.9,14.03,423.6,23.0,640.9,0.0607,0.83,206.9,341.9,9.0
2025-10-23T15:46:00+00:00,2225.9,98.59,347.3,13.61,431.9,24.1,599.0,0.0593,0.78,206.9,341.9,9.4
2025-10-23T15:47:00+00:00,1973.5,97.51,357.7,13.67,440.4,22.0,634.1,0.0676,0.74,206.9,341.9,7.5
2025-10-23T15:48:00+00:00,1953.9,97.40,356.3,13.70,436.0,21.6,678.1,0.0588,0.88,206.9,341.9,7.8
2025-10-23T15:49:00+00:00,1852.9,95.10,349.8,13.76,383.2,23.3,534.4,0.0572,0.78,206.9,341.9,6.4
2025-10-23T15:50:00+00:00,2145.0,97.22,355.0,13.63,433.2,24.0,604.2,0.0640,0.87,206.9,341.9,8.4
2025-10-23T15:51:00+00:00,2093.7,98.30,357.5,14.02,443.8,19.3,624.6,0.0658,0.80,206.9,341.9,6.0
2025-10-23T15:52:00+00:00,1926.2,93.18,347.0,13.94,430.7,23.1,569.3,0.0577,0.80,206.9,341.9,7.5
2025-10-23T15:53:00+00:00,1957.3,97.45,343.1,14.03,417.0,23.4,584.1,0.0578,0.78,206.9,341.9,7.1
2025-10-23T15:54:00+00:00,2019.5,98.03,341.4,13.75,412.5,22.2,610.0,0.0581,0.78,206.9,341.9,8.9
2025-10-23T15:55:00+00:00,2211.1,96.70,346.2,14.03,413.9,23.2,607.8,0.0637,0.79,206.9,341.9,8.5
2025-10-23T15:56:00+00:00,2181.2,100.51,361.3,13.91,416.1,23.6,646.9,0.0636,0.79,206.9,341.9,6.4
2025-10-23T15:57:00+00:00,2137.0,94.92,347.5,13.85,406.5,20.6,645.3,0.0638,0.76,206.9,341.9,8.1
2025-10-23T15:58:00+00:00,1983.8,94.48,337.0,13.83,407.0,22.9,635.6,0.0606,0.74,206.9,341.9,6.9
2025-10-23T15:59:00+00:00,2036.1,97.81,356.9,13.81,407.7,22.5,621.7,0.0639,0.82,206.9,341.9,6.9
2025-10-23T16:00:00+00:00,1949.7,96.76,359.9,13.83,425.6,22.9,598.2,0.0584,0.85,206.9,341.9,7.2
2025-10-23T16:01:00+00:00,2023.4,95.03,344.3,13.79,425.1,21.7,613.2,0.0580,0.77,206.9,341.9,7.3
2025-10-23T16:02:00+00:00,1935.6,95.36,346.7,13.66,434.5,20.5,641.2,0.0579,0.79,206.9,341.9,8.1
2025-10-23T16:03:00+00:00,1646.5,95.35,338.5,13.58,416.8,21.6,569.1,0.0589,0.73,206.9,341.9,8.5
2025-10-23T16:04:00+00:00,1800.5,96.67,339.1,13.67,401.5,18.6,673.5,0.0576,0.84,206.9,341.9,5.6
2025-10-23T16:05:00+00:00,2099.2,99.07,353.5,13.86,425.7,21.9,536.0,0.0618,0.88,206.9,341.9,8.3
2025-10-23T16:06:00+00:00,2253.7,97.98,349.2,13.87,419.9,23.0,633.4,0.0620,0.79,206.9,341.9,7.6
2025-10-23T16:07:00+00:00,2047.3,96.85,352.7,13.75,436.7,21.4,575.2,0.0579,0.74,206.9,341.9,7.0
2025-10-23T16:08:00+00:00,2289.2,98.26,351.1,13.85,420.7,24.0,602.5,0.0648,0.78,206.9,341.9,8.3
2025-10-23T16:09:00+00:00,2001.6,100.79,333.1,13.92,415.3,19.6,578.0,0.0585,0.83,206.9,341.9,8.4
2025-10-23T16:10:00+00:00,1922.9,95.08,341.5,13.38,427.6,23.3,530.7,0.0576,0.76,206.9,341.9,9.4
2025-10-23T16:11:00+00:00,2090.0,97.05,332.3,13.67,444.1,22.0,617.3,0.0590,0.82,206.9,341.9,8.5
2025-10-23T16:12:00+00:00,2025.7,98.17,344.6,13.67,422.8,22.1,586.7,0.0591,0.87,206.9,341.9,7.8
2025-10-23T16:13:00+00:00,1992.0,97.81,350.7,13.92,418.6,20.4,613.4,0.0580,0.76,206.9,341.9,8.5
2025-10-23T16:14:00+00:00,853.6,95.01,359.7,13.88,382.4,20.4,557.1,0.0573,0.91,206.9,341.9,8.5
2025-10-23T16:15:00+00:00,849.4,91.60,351.7,13.58,364.5,21.0,587.6,0.0532,0.78,206.9,341.9,6.3
2025-10-23T16:16:00+00:00,1094.7,92.12,362.5,13.89,377.8,23.0,532.1,0.0541,0.85,206.9,341.9,7.6
2025-10-23T16:17:00+00:00,870.2,92.63,348.5,13.61,376.3,22.2,557.2,0.0521,0.79,206.9,341.9,7.5
2025-10-23T16:18:00+00:00,1020.6,90.43,344.9,13.67,375.4,19.9,565.2,0.0534,0.84,206.9,341.9,5.5
2025-10-23T16:19:00+00:00,846.6,95.52,345.3,13.60,402.1,19.6,554.6,0.0539,0.79,206.9,341.9,8.6
2025-10-23T16:20:00+00:00,895.6,93.53,363.1,13.88,401.2,20.6,576.7,0.0523,0.80,206.9,341.9,6.8
2025-10-23T16:21:00+00:00,933.7,91.48,361.8,13.65,389.5,18.7,549.7,0.0575,0.79,206.9,341.9,7.7
2025-10-23T16:22:00+00:00,857.6,93.89,354.8,13.83,383.8,18.9,538.9,0.0552,0.81,206.9,341.9,7.2
2025-10-23T16:23:00+00:00,987.9,94.33,373.9,13.64,404.9,25.7,597.4,0.0543,0.81,206.9,341.9,8.7
2025-10-23T16:24:00+00:00,988.8,95.69,351.6,13.88,383.6,21.4,556.4,0.0563,0.84,206.9,341.9,6.8
2025-10-24T06:00:00+00:00,1093.2,95.57,350.3,13.53,375.4,24.8,532.2,0.0535,0.82,168.4,33.4,12.7
2025-10-24T06:01:00+00:00,1089.8,92.97,364.6,13.81,412.1,20.3,516.7,0.0538,0.86,168.4,33.4,14.9
2025-10-24T06:02:00+00:00,918.7,93.62,351.1,13.86,397.0,23.8,544.9,0.0545,0.87,168.4,33.4,12.8
2025-10-24T06:03:00+00:00,995.4,92.73,351.4,13.75,376.9,21.5,590.9,0.0545,0.88,168.4,33.4,14.2
2025-10-24T06:04:00+00:00,1047.6,93.89,360.8,13.63,401.6,19.3,636.4,0.0596,0.89,168.4,33.4,14.2
2025-10-24T06:05:00+00:00,1008.7,93.05,352.6,13.76,407.5,23.6,552.3,0.0547,0.97,168.4,33.4,14.4
2025-10-24T06:06:00+00:00,937.1,93.94,359.7,13.81,375.2,23.1,571.6,0.0530,0.84,168.4,33.4,12.9
2025-10-24T06:07:00+00:00,1126.5,92.33,357.5,13.87,393.8,24.2,550.9,0.0540,0.84,168.4,33.4,14.9
2025-10-24T06:08:00+00:00,1048.9,92.73,358.7,13.83,395.6,22.2,608.4,0.0535,0.83,168.4,33.4,14.3
2025-10-24T06:09:00+00:00,827.8,94.03,373.0,13.86,374.7,22.5,568.5,0.0543,0.90,168.4,33.4,16.3
2025-10-24T06:10:00+00:00,1990.1,95.67,347.5,13.87,436.1,22.2,589.5,0.0738,0.87,168.4,33.4,12.6
2025-10-24T06:11:00+00:00,2085.3,97.26,362.1,13.84,446.4,22.4,612.6,0.0629,0.96,168.4,33.4,13.0
2025-10-24T06:12:00+00:00,2209.1,98.75,358.7,13.67,433.3,23.9,639.9,0.0610,0.97,168.4,33.4,14.1
2025-10-24T06:13:00+00:00,2029.7,97.61,342.2,13.81,435.0,21.0,579.9,0.0596,0.93,168.4,33.4,13.0
2025-10-24T06:14:00+00:00,1926.5,94.91,353.6,13.84,398.3,22.8,618.5,0.0614,0.88,168.4,33.4,14.8
2025-10-24T06:15:00+00:00,2054.3,95.22,348.1,13.57,417.4,21.2,605.6,0.0632,0.95,168.4,33.4,13.2
2025-10-24T06:16:00+00:00,2049.4,96.05,355.4,13.81,415.1,21.9,553.4,0.0604,0.82,168.4,33.4,14.5
2025-10-24T06:17:00+00:00,1943.1,96.67,352.8,13.69,401.3,21.9,540.6,0.0607,0.90,168.4,33.4,14.6
2025-10-24T06:18:00+00:00,2220.2,94.89,343.3,13.62,433.6,24.2,565.2,0.0602,0.88,168.4,33.4,13.9
2025-10-24T06:19:00+00:00,1988.1,99.50,349.1,13.52,418.7,21.9,607.2,0.0623,0.85,168.4,33.4,15.1
2025-10-24T06:20:00+00:00,2148.3,96.41,333.4,13.95,416.8,21.0,630.9,0.0614,0.86,168.4,33.4,14.3
2025-10-24T06:21:00+00:00,1939.4,99.50,339.3,13.53,417.7,26.3,627.4,0.0590,0.91,168.4,33.4,14.0
2025-10-24T06:22:00+00:00,2011.2,94.77,354.0,13.75,437.1,23.2,608.1,0.0592,0.90,168.4,33.4,13.8
2025-10-24T06:23:00+00:00,1949.6,96.34,342.3,13.62,398.8,21.8,583.2,0.0594,0.94,168.4,33.4,13.6
2025-10-24T06:24:00+00:00,1959.1,99.03,345.3,13.57,432.0,21.5,591.0,0.0589,0.89,168.4,33.4,13.7
2025-10-24T06:25:00+00:00,2202.1,98.74,357.0,13.92,413.9,22.6,610.4,0.0609,0.96,168.4,33.4,13.8
2025-10-24T06:26:00+00:00,2070.5,96.74,351.6,13.97,407.8,21.9,583.4,0.0588,0.83,168.4,33.4,12.3
2025-10-24T06:27:00+00:00,1906.5,94.46,360.2,13.63,427.6,23.0,591.9,0.0591,0.93,168.4,33.4,14.9
2025-10-24T06:28:00+00:00,2122.7,98.02,359.3,13.83,423.9,23.3,639.1,0.0593,0.85,168.4,33.4,13.3
2025-10-24T06:29:00+00:00,1921.3,94.03,362.4,13.89,418.3,20.2,667.7,0.0614,0.89,168.4,33.4,12.9
2025-10-24T06:30:00+00:00,1906.4,97.91,344.2,13.83,400.8,23.7,619.9,0.0702,0.92,168.4,33.4,13.1
2025-10-24T06:31:00+00:00,2065.3,96.26,352.9,13.68,429.8,19.6,586.7,0.0594,0.88,168.4,33.4,14.9
2025-10-24T06:32:00+00:00,2018.5,96.84,343.3,13.91,429.9,22.2,627.3,0.0610,0.92,168.4,33.4,14.2
2025-10-24T06:33:00+00:00,2143.2,94.90,348.4,13.74,423.8,20.8,599.7,0.0635,0.94,168.4,33.4,13.2
2025-10-24T06:34:00+00:00,2131.5,94.60,354.7,13.81,402.9,22.7,596.3,0.0597,0.88,168.4,33.4,14.9
2025-10-24T06:35:00+00:00,1949.9,95.03,352.8,14.03,432.7,22.4,570.1,0.0596,0.91,168.4,33.4,14.0
2025-10-24T06:36:00+00:00,1791.4,94.43,349.0,13.60,438.5,20.3,615.5,0.0624,0.86,168.4,33.4,13.8
2025-10-24T06:37:00+00:00,1885.5,96.69,350.1,13.89,436.4,22.5,593.5,0.0583,0.87,168.4,33.4,12.7
2025-10-24T06:38:00+00:00,2003.7,97.40,353.6,13.42,425.3,22.9,547.4,0.0614,0.84,168.4,33.4,12.9
2025-10-24T06:39:00+00:00,2192.5,96.10,333.8,13.93,448.4,22.4,628.8,0.0651,0.81,168.4,33.4,15.4
2025-10-24T06:40:00+00:00,1855.1,95.23,356.6,13.95,418.3,21.1,603.7,0.0579,0.80,168.4,33.4,14.7
2025-10-24T06:41:00+00:00,2002.6,97.42,351.9,13.66,403.8,23.1,596.7,0.0593,0.90,168.4,33.4,13.0
2025-10-24T06:42:00+00:00,1996.9,95.49,354.1,13.90,420.2,23.8,633.2,0.0593,0.90,168.4,33.4,11.3
2025-10-24T06:43:00+00:00,2051.8,94.99,339.1,13.48,424.0,21.8,625.0,0.0622,0.94,168.4,33.4,13.7
2025-10-24T06:44:00+00:00,2077.9,96.68,353.8,13.91,410.0,20.4,634.5,0.0621,0.87,168.4,33.4,14.0
2025-10-24T06:45:00+00:00,1978.6,95.40,344.9,14.00,408.5,23.2,579.6,0.0588,0.88,168.4,33.4,13.7
2025-10-24T06:46:00+00:00,2060.5,99.80,333.6,14.04,424.2,23.5,620.7,0.0599,0.93,168.4,33.4,15.1
2025-10-24T06:47:00+00:00,1867.4,96.73,343.2,13.54,411.2,21.1,590.3,0.0592,0.97,168.4,33.4,13.9
2025-10-24T06:48:00+00:00,1904.2,96.39,342.6,13.74,416.5,21.4,534.6,0.0589,0.91,168.4,33.4,15.3
2025-10-24T06:49:00+00:00,2384.0,98.24,345.2,13.83,428.9,23.2,637.7,0.0623,1.00,168.4,33.4,14.7
2025-10-24T06:50:00+00:00,2166.4,96.00,349.3,13.48,417.9,23.1,608.0,0.0608,0.96,168.4,33.4,14.6
2025-10-24T06:51:00+00:00,2030.5,98.49,349.8,13.79,443.6,24.3,604.1,0.0597,0.92,168.4,33.4,15.3
2025-10-24T06:52:00+00:00,1961.1,96.52,346.6,13.86,394.1,23.9,621.7,0.0594,0.84,168.4,33.4,14.5
2025-10-24T06:53:00+00:00,2213.4,98.12,343.2,13.85,436.6,23.4,592.3,0.0645,0.82,168.4,33.4,13.0
2025-10-24T06:54:00+00:00,2047.2,95.78,354.5,13.86,427.9,24.3,607.7,0.0651,0.86,168.4,33.4,13.8
2025-10-24T06:55:00+00:00,1955.0,96.73,352.3,13.96,427.3,23.2,612.9,0.0586,0.87,168.4,33.4,14.2
2025-10-24T06:56:00+00:00,2110.1,96.18,338.1,13.66,430.6,26.4,605.3,0.0610,0.90,168.4,33.4,12.9
2025-10-24T06:57:00+00:00,2534.8,96.89,345.1,13.90,431.0,24.1,613.3,0.0630,0.96,168.4,33.4,12.6
2025-10-24T06:58:00+00:00,1967.9,94.17,363.4,13.82,411.9,20.3,591.4,0.0594,0.92,168.4,33.4,15.0
2025-10-24T06:59:00+00:00,1988.8,96.64,349.9,13.63,427.6,24.3,572.2,0.0639,0.85,168.4,33.4,12.7
2025-10-24T07:00:00+00:00,2430.4,98.93,343.4,13.53,441.2,21.9,629.9,0.0613,0.87,168.4,33.4,13.6
2025-10-24T07:01:00+00:00,2037.6,94.83,338.0,13.90,425.0,23.2,570.0,0.0589,0.84,168.4,33.4,15.1
2025-10-24T07:02:00+00:00,2286.4,99.86,349.9,13.48,440.0,23.1,617.4,0.0604,0.83,168.4,33.4,12.3
2025-10-24T07:03:00+00:00,2043.4,98.68,344.6,13.92,421.8,20.8,595.7,0.0597,0.92,168.4,33.4,12.8
2025-10-24T07:04:00+00:00,2455.4,101.39,353.7,13.75,426.2,20.3,635.4,0.0684,0.96,168.4,33.4,14.0
2025-10-24T07:05:00+00:00,2153.4,96.18,340.6,13.85,412.2,22.7,625.2,0.0677,0.89,168.4,33.4,15.7
2025-10-24T07:06:00+00:00,2444.9,100.50,342.4,13.76,444.3,22.7,653.0,0.0623,0.92,168.4,33.4,14.5
2025-10-24T07:07:00+00:00,2012.2,97.75,357.7,13.77,414.0,20.6,618.2,0.0616,0.81,168.4,33.4,12.3
2025-10-24T07:08:00+00:00,2391.1,97.36,331.8,13.63,437.7,22.0,693.1,0.0640,0.98,168.4,33.4,12.0
2025-10-24T07:09:00+00:00,2112.2,96.76,343.4,13.86,403.5,22.5,617.8,0.0618,0.88,168.4,33.4,14.8
2025-10-24T07:10:00+00:00,1956.6,96.56,347.2,14.13,418.1,20.3,533.7,0.0609,0.79,168.4,33.4,13.4
2025-10-24T07:11:00+00:00,2321.9,95.61,343.2,13.56,438.1,22.5,615.2,0.0685,0.86,168.4,33.4,14.6
2025-10-24T07:12:00+00:00,2099.6,96.21,338.0,14.05,426.6,21.9,675.2,0.0601,0.93,168.4,33.4,15.0
2025-10-24T07:13:00+00:00,1792.0,95.30,351.9,14.10,398.9,23.4,570.4,0.0633,0.93,168.4,33.4,13.9
2025-10-24T07:14:00+00:00,2072.3,96.87,339.8,13.74,419.1,20.0,614.3,0.0641,0.84,168.4,33.4,14.0
2025-10-24T07:15:00+00:00,1991.8,96.84,355.6,13.95,436.1,20.8,565.0,0.0672,0.90,168.4,33.4,13.3
2025-10-24T07:16:00+00:00,2114.5,97.22,352.3,13.75,418.7,19.9,597.9,0.0607,0.90,168.4,33.4,15.0
2025-10-24T07:17:00+00:00,1897.1,96.98,350.9,13.58,413.3,24.6,565.9,0.0587,0.90,168.4,33.4,12.8
2025-10-24T07:18:00+00:00,1860.1,94.19,344.1,13.79,416.5,23.4,649.0,0.0581,0.86,168.4,33.4,14.8
2025-10-24T07:19:00+00:00,1943.3,94.51,342.5,13.96,412.7,21.8,548.5,0.0585,0.87,168.4,33.4,13.6
2025-10-24T07:20:00+00:00,2076.3,97.42,334.6,13.68,445.6,22.2,634.7,0.0654,0.93,168.4,33.4,13.5
2025-10-24T07:21:00+00:00,2105.0,97.56,354.8,14.19,436.6,22.3,630.5,0.0602,0.94,168.4,33.4,13.9
2025-10-24T07:22:00+00:00,2231.7,96.58,348.1,13.95,419.8,23.9,606.9,0.0599,0.87,168.4,33.4,14.9
2025-10-24T07:23:00+00:00,2059.4,97.67,334.8,13.90,426.3,22.1,553.1,0.0599,0.90,168.4,33.4,13.7
2025-10-24T07:24:00+00:00,1846.5,96.00,335.6,13.84,418.4,23.0,659.8,0.0592,0.97,168.4,33.4,14.8
2025-10-24T07:25:00+00:00,1984.6,97.61,352.4,13.77,415.7,25.4,555.1,0.0620,0.88,168.4,33.4,14.4
2025-10-24T07:26:00+00:00,2034.5,96.59,352.2,13.68,413.0,21.4,649.8,0.0592,0.90,168.4,33.4,12.9
2025-10-24T07:27:00+00:00,2089.9,96.36,363.6,13.74,428.6,22.3,581.8,0.0596,0.88,168.4,33.4,12.8
2025-10-24T07:28:00+00:00,1884.9,99.11,347.0,13.65,419.9,20.0,587.2,0.0581,0.85,168.4,33.4,12.4
2025-10-24T07:29:00+00:00,2091.5,96.89,354.5,14.02,423.4,21.4,624.5,0.0596,0.90,168.4,33.4,14.9
2025-10-24T07:30:00+00:00,2092.9,97.79,347.3,13.68,412.6,23.2,657.2,0.0597,0.89,168.4,33.4,13.8
2025-10-24T07:31:00+00:00,2244.0,98.43,353.0,13.88,418.6,23.1,596.9,0.0608,0.81,168.4,33.4,12.7
2025-10-24T07:32:00+00:00,2120.4,97.61,352.0,13.81,413.7,22.8,595.0,0.0615,0.92,168.4,33.4,16.3
2025-10-24T07:33:00+00:00,2135.9,97.29,361.9,14.03,398.8,23.5,608.0,0.0656,0.92,168.4,33.4,13.1
2025-10-24T07:34:00+00:00,2122.4,95.83,341.9,13.90,435.8,22.0,581.0,0.0630,0.83,168.4,33.4,11.9
2025-10-24T07:35:00+00:00,2082.6,95.59,362.0,13.57,409.6,23.4,569.8,0.0601,0.94,168.4,33.4,13.3
2025-10-24T07:36:00+00:00,2242.7,98.22,345.2,13.64,406.9,24.7,621.7,0.0600,0.85,168.4,33.4,14.2
2025-10-24T07:37:00+00:00,1991.0,95.20,354.2,13.96,435.6,21.8,590.5,0.0600,0.86,168.4,33.4,11.7
2025-10-24T07:38:00+00:00,2211.0,96.81,351.4,14.06,422.7,21.6,627.5,0.0607,0.94,168.4,33.4,13.6
2025-10-24T07:39:00+00:00,2018.2,97.31,352.5,13.59,414.6,25.2,591.6,0.0591,0.88,168.4,33.4,13.3
2025-10-24T07:40:00+00:00,2005.9,96.04,343.3,13.69,437.8,23.0,589.5,0.0590,0.88,168.4,33.4,12.9
2025-10-24T07:41:00+00:00,1989.0,95.22,350.2,13.82,402.5,24.7,683.4,0.0587,0.85,168.4,33.4,14.0
2025-10-24T07:42:00+00:00,2070.1,97.36,342.0,13.91,432.0,23.9,597.9,0.0706,0.96,168.4,33.4,14.2
2025-10-24T07:43:00+00:00,1937.4,96.64,369.4,13.66,411.3,21.4,576.5,0.0598,0.94,168.4,33.4,14.3
2025-10-24T07:44:00+00:00,1988.6,95.96,357.0,13.83,419.5,23.4,640.7,0.0618,0.85,168.4,33.4,14.0
2025-10-24T07:45:00+00:00,2186.1,95.43,356.8,13.81,407.9,22.5,640.4,0.0626,0.94,168.4,33.4,14.6
2025-10-24T07:46:00+00:00,2119.3,94.77,347.7,13.52,445.0,23.6,660.6,0.0601,0.91,168.4,33.4,13.9
2025-10-24T07:47:00+00:00,1918.3,97.08,351.0,13.96,418.3,22.3,522.4,0.0656,0.92,168.4,33.4,14.4
2025-10-24T07:48:00+00:00,1844.0,95.82,354.9,13.53,424.3,22.7,575.0,0.0596,0.92,168.4,33.4,13.4
2025-10-24T07:49:00+00:00,1981.4,95.15,357.2,13.83,426.8,24.7,605.8,0.0703,0.89,168.4,33.4,14.1
2025-10-24T07:50:00+00:00,2116.2,96.10,341.0,13.72,410.8,21.9,568.0,0.0602,0.93,168.4,33.4,13.5
2025-10-24T07:51:00+00:00,908.4,94.51,355.5,13.84,361.4,23.2,578.8,0.0548,0.83,168.4,33.4,13.6
2025-10-24T07:52:00+00:00,1002.0,93.17,348.2,13.67,402.2,21.9,551.0,0.0540,0.91,168.4,33.4,13.2
2025-10-24T07:53:00+00:00,933.7,89.40,351.8,13.91,374.1,20.1,583.3,0.0584,0.76,168.4,33.4,12.7
2025-10-24T07:54:00+00:00,928.9,91.46,356.1,13.91,374.7,20.8,525.3,0.0549,0.82,168.4,33.4,14.9
2025-10-24T07:55:00+00:00,1027.9,91.40,357.7,13.86,405.8,20.5,524.0,0.0552,1.01,168.4,33.4,13.8
2025-10-24T07:56:00+00:00,997.6,93.95,352.4,13.60,386.9,20.1,557.8,0.0575,0.90,168.4,33.4,13.6
2025-10-24T07:57:00+00:00,1039.0,90.75,367.4,13.56,386.9,22.1,530.0,0.0619,0.83,168.4,33.4,14.7
2025-10-24T07:58:00+00:00,1152.9,95.38,372.4,13.86,393.8,20.4,575.5,0.0540,0.85,168.4,33.4,13.7
2025-10-24T07:59:00+00:00,1005.1,96.93,357.3,13.64,380.8,22.8,539.3,0.0535,0.88,168.4,33.4,12.9
2025-10-24T14:00:00+00:00,882.2,92.46,353.5,13.52,389.5,18.8,556.2,0.0522,0.79,168.4,33.4,13.6
2025-10-24T14:01:00+00:00,920.6,93.79,361.3,13.70,387.3,20.3,567.5,0.0525,0.82,168.4,33.4,13.9
2025-10-24T14:02:00+00:00,1019.9,95.82,352.8,13.68,392.6,23.8,530.5,0.0632,0.93,168.4,33.4,13.9
2025-10-24T14:03:00+00:00,995.8,91.33,365.0,13.83,370.7,21.9,640.0,0.0544,0.96,168.4,33.4,13.4
2025-10-24T14:04:00+00:00,890.9,93.03,362.3,13.95,402.2,22.2,532.5,0.0533,0.89,168.4,33.4,13.4
2025-10-24T14:05:00+00:00,819.6,92.81,354.2,13.95,379.9,21.2,559.2,0.0520,0.81,168.4,33.4,14.0
2025-10-24T14:06:00+00:00,1074.9,92.67,349.5,13.76,390.1,22.5,565.6,0.0572,0.85,168.4,33.4,12.5
2025-10-24T14:07:00+00:00,962.5,91.35,355.2,13.89,378.0,25.1,585.8,0.0540,0.94,168.4,33.4,13.6
2025-10-24T14:08:00+00:00,1058.0,89.40,354.4,13.67,402.0,23.2,573.8,0.0618,0.92,168.4,33.4,14.6
2025-10-24T14:09:00+00:00,1045.1,93.47,372.8,13.58,392.0,20.5,563.1,0.0542,0.91,168.4,33.4,15.5
2025-10-24T14:10:00+00:00,903.7,92.95,356.5,13.97,386.4,21.6,569.3,0.0529,0.85,168.4,33.4,13.6
2025-10-24T14:11:00+00:00,1999.1,95.45,342.8,13.46,437.8,21.4,630.4,0.0595,0.86,168.4,33.4,12.7
2025-10-24T14:12:00+00:00,1794.1,94.86,345.7,13.78,404.6,21.6,610.0,0.0593,0.94,168.4,33.4,15.5
2025-10-24T14:13:00+00:00,2172.6,95.21,342.8,13.85,416.7,22.1,601.7,0.0654,0.91,168.4,33.4,14.8
2025-10-24T14:14:00+00:00,2234.2,97.61,349.1,13.89,410.7,24.0,623.0,0.0600,0.85,168.4,33.4,15.5
2025-10-24T14:15:00+00:00,1810.3,96.60,339.8,13.81,400.2,21.0,568.0,0.0667,0.87,168.4,33.4,14.5
2025-10-24T14:16:00+00:00,2095.2,98.17,346.7,14.16,418.7,24.0,600.9,0.0672,0.92,168.4,33.4,13.9
2025-10-24T14:17:00+00:00,1840.7,97.88,344.9,13.78,410.5,23.1,586.3,0.0687,0.89,168.4,33.4,13.4
2025-10-24T14:18:00+00:00,2193.7,96.45,346.3,13.94,423.6,23.4,625.6,0.0662,0.89,168.4,33.4,13.5
2025-10-24T14:19:00+00:00,2095.1,95.87,335.1,13.59,403.4,21.7,580.9,0.0598,0.90,168.4,33.4,13.0
2025-10-24T14:20:00+00:00,2102.4,98.91,350.1,13.85,419.2,22.9,596.0,0.0590,0.84,168.4,33.4,13.4
2025-10-24T14:21:00+00:00,2301.9,97.96,345.4,13.96,438.0,21.1,588.4,0.0613,0.95,168.4,33.4,14.4
2025-10-24T14:22:00+00:00,1908.9,95.39,339.4,13.47,427.9,20.6,638.1,0.0596,0.96,168.4,33.4,13.5
2025-10-24T14:23:00+00:00,2061.6,94.86,352.4,13.88,417.5,24.0,629.5,0.0599,0.93,168.4,33.4,13.3
2025-10-24T14:24:00+00:00,1771.2,99.64,341.1,13.81,399.6,22.5,556.9,0.0584,0.93,168.4,33.4,14.5
2025-10-24T14:25:00+00:00,2108.3,95.25,341.2,13.86,437.0,21.2,579.0,0.0630,0.91,168.4,33.4,14.3
2025-10-24T14:26:00+00:00,2025.5,92.33,356.4,13.77,421.3,24.2,651.4,0.0607,0.86,168.4,33.4,12.9
2025-10-24T14:27:00+00:00,2038.9,98.24,362.0,13.86,423.8,21.6,628.6,0.0696,0.97,168.4,33.4,13.1
2025-10-24T14:28:00+00:00,1975.8,96.76,357.7,13.72,416.3,25.2,602.3,0.0591,0.90,168.4,33.4,14.9
2025-10-24T14:29:00+00:00,2047.0,99.61,353.0,13.80,419.2,24.1,619.3,0.0602,0.96,168.4,33.4,13.1
2025-10-24T14:30:00+00:00,2032.9,95.52,361.4,13.85,421.2,21.2,573.2,0.0592,0.88,168.4,33.4,15.8
2025-10-24T14:31:00+00:00,1916.5,96.35,350.0,14.04,428.3,22.5,579.8,0.0595,0.97,168.4,33.4,14.1
2025-10-24T14:32:00+00:00,1861.7,95.56,344.3,13.96,429.0,20.4,595.4,0.0581,0.85,168.4,33.4,13.8
2025-10-24T14:33:00+00:00,1865.6,95.60,338.7,13.94,430.1,20.5,656.7,0.0611,0.93,168.4,33.4,14.5
2025-10-24T14:34:00+00:00,2042.3,93.60,335.8,13.89,419.9,19.7,598.9,0.0601,0.95,168.4,33.4,14.0
2025-10-24T14:35:00+00:00,1984.6,97.55,348.2,13.94,392.1,21.8,636.8,0.0589,0.87,168.4,33.4,15.4
2025-10-24T14:36:00+00:00,2047.6,96.41,355.2,13.99,413.2,21.2,584.3,0.0596,0.92,168.4,33.4,14.8
2025-10-24T14:37:00+00:00,2172.2,99.01,333.1,13.82,417.0,23.7,557.1,0.0604,0.93,168.4,33.4,13.9
2025-10-24T14:38:00+00:00,2082.0,98.29,350.1,13.79,424.2,23.3,629.4,0.0602,0.96,168.4,33.4,12.5
2025-10-24T14:39:00+00:00,2066.6,97.57,346.2,13.74,399.6,23.3,610.6,0.0600,0.95,168.4,33.4,15.6
2025-10-24T14:40:00+00:00,1961.2,96.85,354.3,13.88,427.5,21.2,608.7,0.0643,0.92,168.4,33.4,14.1
2025-10-24T14:41:00+00:00,2123.6,97.11,350.4,13.85,428.2,21.6,603.6,0.0622,0.93,168.4,33.4,13.9
2025-10-24T14:42:00+00:00,1967.1,95.76,334.8,13.73,416.8,23.2,577.8,0.0589,0.83,168.4,33.4,14.6
2025-10-24T14:43:00+00:00,1804.2,93.92,348.4,13.87,421.1,23.0,623.0,0.0578,0.88,168.4,33.4,13.9
2025-10-24T14:44:00+00:00,2087.9,98.46,358.8,13.97,433.3,24.4,578.3,0.0678,0.84,168.4,33.4,12.9
2025-10-24T14:45:00+00:00,1922.2,95.96,358.1,13.51,410.2,18.8,609.3,0.0572,0.76,168.4,33.4,12.1
2025-10-24T14:46:00+00:00,2143.2,98.00,350.1,13.79,423.3,23.4,603.5,0.0596,0.86,168.4,33.4,16.4
2025-10-24T14:47:00+00:00,1842.4,98.04,327.8,13.61,462.9,21.2,574.9,0.0579,0.85,168.4,33.4,13.9
2025-10-24T14:48:00+00:00,2044.3,96.43,353.8,14.03,428.6,23.8,612.5,0.0595,0.92,168.4,33.4,14.2
2025-10-24T14:49:00+00:00,1975.8,95.90,353.3,13.84,409.8,22.0,552.4,0.0600,1.00,168.4,33.4,13.0
2025-10-24T14:50:00+00:00,2298.1,97.40,347.6,13.99,439.4,21.6,636.8,0.0610,0.93,168.4,33.4,13.9
2025-10-24T14:51:00+00:00,2022.7,96.69,358.2,13.87,433.2,21.4,612.3,0.0609,1.04,168.4,33.4,14.3
2025-10-24T14:52:00+00:00,2453.7,99.33,339.2,13.79,438.1,20.0,610.9,0.0638,0.86,168.4,33.4,13.6
2025-10-24T14:53:00+00:00,2003.9,96.92,341.6,13.74,440.8,24.5,603.9,0.0679,0.89,168.4,33.4,13.1
2025-10-24T14:54:00+00:00,2019.3,95.12,350.6,13.92,427.6,26.3,610.5,0.0693,0.91,168.4,33.4,13.1
2025-10-24T14:55:00+00:00,1890.4,99.49,353.9,14.03,411.5,21.7,596.7,0.0587,0.91,168.4,33.4,14.8
2025-10-24T14:56:00+00:00,1959.8,97.67,365.5,13.67,442.3,20.7,627.3,0.0588,0.89,168.4,33.4,14.8
2025-10-24T14:57:00+00:00,1811.1,95.57,351.0,13.75,391.5,21.8,602.1,0.0599,0.88,168.4,33.4,15.3
2025-10-24T14:58:00+00:00,2014.7,94.90,353.1,14.15,416.3,21.9,583.3,0.0590,0.88,168.4,33.4,13.5
2025-10-24T14:59:00+00:00,1984.8,94.68,350.6,13.81,433.9,21.4,581.9,0.0589,0.88,168.4,33.4,14.4
2025-10-24T15:00:00+00:00,2158.0,97.20,358.1,13.79,429.3,22.6,632.2,0.0648,0.88,168.4,33.4,13.7
2025-10-24T15:01:00+00:00,2067.5,97.00,352.6,13.71,421.0,20.4,557.6,0.0594,0.88,168.4,33.4,14.4
2025-10-24T15:02:00+00:00,1918.5,96.68,335.2,13.50,437.7,23.0,621.4,0.0582,0.85,168.4,33.4,15.6
2025-10-24T15:03:00+00:00,2062.6,97.01,336.6,13.83,419.6,25.9,579.0,0.0600,0.91,168.4,33.4,12.5
2025-10-24T15:04:00+00:00,2065.5,96.43,347.6,13.84,422.2,20.2,641.9,0.0601,0.96,168.4,33.4,15.5
2025-10-24T15:05:00+00:00,2032.1,98.29,344.3,14.02,437.8,23.4,569.5,0.0597,0.84,168.4,33.4,13.8
2025-10-24T15:06:00+00:00,2071.9,96.81,363.0,13.67,417.7,22.3,581.8,0.0684,0.81,168.4,33.4,15.6
2025-10-24T15:07:00+00:00,2033.1,96.16,358.5,13.88,437.9,20.2,628.3,0.0615,0.96,168.4,33.4,13.5
2025-10-24T15:08:00+00:00,1938.5,98.46,362.0,13.70,409.7,23.4,582.9,0.0652,0.91,168.4,33.4,13.6
2025-10-24T15:09:00+00:00,2002.2,98.46,340.6,13.92,437.5,21.2,601.5,0.0589,0.89,168.4,33.4,14.3
2025-10-24T15:10:00+00:00,2098.2,99.06,344.0,13.61,423.1,22.2,546.4,0.0607,0.84,168.4,33.4,11.9
2025-10-24T15:11:00+00:00,1945.0,96.57,345.6,13.83,441.5,20.4,537.0,0.0640,0.88,168.4,33.4,14.3
2025-10-24T15:12:00+00:00,1805.6,95.91,344.4,13.74,424.9,22.7,570.9,0.0631,0.85,168.4,33.4,14.4
2025-10-24T15:13:00+00:00,1990.3,100.15,347.6,13.94,406.6,21.8,600.9,0.0607,0.90,168.4,33.4,13.4
2025-10-24T15:14:00+00:00,2442.3,96.99,350.5,13.96,436.3,18.7,679.9,0.0626,0.92,168.4,33.4,14.9
2025-10-24T15:15:00+00:00,2175.4,96.79,345.5,13.89,432.6,20.7,600.6,0.0601,0.89,168.4,33.4,13.6
2025-10-24T15:16:00+00:00,2058.1,97.40,351.6,13.68,432.9,21.6,636.8,0.0668,0.90,168.4,33.4,14.1
2025-10-24T15:17:00+00:00,2081.7,98.10,353.0,13.80,415.4,21.7,562.4,0.0617,0.87,168.4,33.4,14.9
2025-10-24T15:18:00+00:00,2056.6,94.90,346.3,13.72,439.8,21.6,599.6,0.0601,0.95,168.4,33.4,13.8
2025-10-24T15:19:00+00:00,1941.7,97.53,360.0,13.77,405.7,20.9,620.6,0.0596,0.96,168.4,33.4,14.3
2025-10-24T15:20:00+00:00,2088.8,99.04,352.3,13.76,416.3,22.9,558.4,0.0611,0.90,168.4,33.4,15.0
2025-10-24T15:21:00+00:00,1980.3,96.56,349.6,13.90,395.8,19.5,630.9,0.0596,0.94,168.4,33.4,13.6
2025-10-24T15:22:00+00:00,2014.2,97.97,339.6,14.05,426.9,20.4,517.0,0.0588,0.85,168.4,33.4,13.0
2025-10-24T15:23:00+00:00,2070.3,95.78,359.7,13.67,430.8,22.8,666.3,0.0590,0.85,168.4,33.4,14.0
2025-10-24T15:24:00+00:00,1976.9,95.53,348.9,14.08,447.9,21.5,589.4,0.0590,0.90,168.4,33.4,15.6
2025-10-24T15:25:00+00:00,2018.7,97.61,367.4,13.64,408.6,22.2,601.0,0.0587,0.83,168.4,33.4,14.0
2025-10-24T15:26:00+00:00,1988.1,96.38,364.1,13.68,434.6,25.1,611.9,0.0617,0.91,168.4,33.4,16.0
2025-10-24T15:27:00+00:00,1809.0,94.73,363.4,13.73,398.9,23.4,580.3,0.0576,0.84,168.4,33.4,14.1
2025-10-24T15:28:00+00:00,2173.1,98.31,359.6,14.11,408.4,20.8,630.4,0.0647,0.91,168.4,33.4,14.7
2025-10-24T15:29:00+00:00,2184.8,96.95,358.8,13.76,437.7,23.3,583.4,0.0671,0.94,168.4,33.4,13.4
2025-10-24T15:30:00+00:00,2028.7,96.83,357.1,13.77,409.6,23.8,568.1,0.0662,0.79,168.4,33.4,15.7
2025-10-24T15:31:00+00:00,1909.5,96.37,358.1,13.87,431.9,22.9,551.0,0.0581,0.82,168.4,33.4,15.1
2025-10-24T15:32:00+00:00,1871.9,97.24,361.6,13.84,410.5,20.4,652.2,0.0608,0.90,168.4,33.4,15.6
2025-10-24T15:33:00+00:00,2076.6,95.81,362.5,13.69,410.5,23.0,649.0,0.0600,0.93,168.4,33.4,13.8
2025-10-24T15:34:00+00:00,1894.9,95.89,349.6,13.87,416.8,21.0,640.4,0.0586,0.89,168.4,33.4,13.8
2025-10-24T15:35:00+00:00,2157.1,98.79,328.8,13.76,417.6,20.7,558.4,0.0677,0.84,168.4,33.4,16.2
2025-10-24T15:36:00+00:00,1997.0,98.77,349.5,13.98,414.2,23.0,506.7,0.0579,0.77,168.4,33.4,14.9
2025-10-24T15:37:00+00:00,2034.9,99.13,357.7,13.95,422.2,19.9,579.6,0.0595,0.91,168.4,33.4,13.6
2025-10-24T15:38:00+00:00,1873.9,99.21,368.5,13.89,410.3,22.0,568.2,0.0578,0.83,168.4,33.4,13.4
2025-10-24T15:39:00+00:00,1866.9,94.90,336.8,14.05,421.2,21.4,589.0,0.0609,0.83,168.4,33.4,14.7
2025-10-24T15:40:00+00:00,1913.0,96.42,332.6,13.57,431.0,20.6,587.9,0.0669,0.97,168.4,33.4,15.1
2025-10-24T15:41:00+00:00,2003.0,97.10,349.0,13.98,408.6,20.6,631.8,0.0599,0.97,168.4,33.4,13.2
2025-10-24T15:42:00+00:00,2043.0,97.49,357.0,13.68,443.5,21.1,654.1,0.0653,0.87,168.4,33.4,13.0
2025-10-24T15:43:00+00:00,2030.1,95.21,336.5,13.90,443.5,24.1,609.4,0.0596,0.93,168.4,33.4,14.3
2025-10-24T15:44:00+00:00,2080.8,97.38,340.1,13.81,438.3,19.5,600.1,0.0618,0.90,168.4,33.4,12.5
2025-10-24T15:45:00+00:00,2141.5,98.10,343.3,13.89,421.4,22.8,619.1,0.0599,0.88,168.4,33.4,13.0
2025-10-24T15:46:00+00:00,1784.9,97.64,355.4,13.92,402.7,25.6,587.4,0.0583,0.93,168.4,33.4,13.6
2025-10-24T15:47:00+00:00,2212.6,96.56,363.1,13.62,449.6,20.1,582.7,0.0607,0.92,168.4,33.4,14.2
2025-10-24T15:48:00+00:00,2195.1,95.73,348.3,13.76,419.2,21.9,580.4,0.0636,0.89,168.4,33.4,14.5
2025-10-24T15:49:00+00:00,2078.9,97.63,348.7,13.77,396.8,20.5,655.3,0.0657,0.86,168.4,33.4,15.2
2025-10-24T15:50:00+00:00,1955.4,98.70,343.0,13.75,414.4,22.5,572.7,0.0609,0.90,168.4,33.4,15.9
2025-10-24T15:51:00+00:00,1954.7,93.42,350.4,13.68,426.1,23.1,575.8,0.0647,0.87,168.4,33.4,14.2
2025-10-24T15:52:00+00:00,2120.9,96.08,355.0,13.78,461.5,21.2,599.7,0.0713,0.88,168.4,33.4,14.9
2025-10-24T15:53:00+00:00,1839.8,95.48,346.3,13.85,439.6,21.0,633.8,0.0611,0.91,168.4,33.4,14.9
2025-10-24T15:54:00+00:00,2017.4,97.18,333.4,13.48,424.5,21.3,591.0,0.0596,0.93,168.4,33.4,14.1
2025-10-24T15:55:00+00:00,1907.4,97.97,345.2,13.73,416.0,25.3,649.6,0.0672,0.92,168.4,33.4,13.2
2025-10-24T15:56:00+00:00,922.7,92.94,358.0,13.92,376.7,21.5,587.4,0.0546,0.89,168.4,33.4,15.1
2025-10-24T15:57:00+00:00,981.6,94.48,362.9,14.00,390.6,22.5,571.0,0.0536,0.89,168.4,33.4,12.4
2025-10-24T15:58:00+00:00,965.2,95.19,356.0,13.67,395.1,24.6,526.5,0.0604,0.90,168.4,33.4,13.4
2025-10-24T15:59:00+00:00,930.1,93.24,350.9,13.69,373.7,23.4,526.2,0.0545,0.95,168.4,33.4,16.8
2025-10-24T16:00:00+00:00,901.9,95.35,366.4,13.86,397.7,24.4,541.3,0.0559,0.85,168.4,33.4,14.0
2025-10-24T16:01:00+00:00,1017.8,95.87,357.7,13.73,392.7,23.2,526.3,0.0546,0.96,168.4,33.4,12.8
2025-10-24T16:02:00+00:00,853.3,92.98,374.2,13.96,404.6,23.0,535.3,0.0538,0.86,168.4,33.4,12.6
2025-10-24T16:03:00+00:00,1043.4,95.33,363.0,13.97,375.3,22.7,538.7,0.0591,0.81,168.4,33.4,14.2
2025-10-24T16:04:00+00:00,769.8,91.52,351.6,13.63,359.8,24.2,556.5,0.0604,0.87,168.4,33.4,14.9
2025-10-24T16:05:00+00:00,1085.2,94.28,359.8,13.81,378.0,21.5,517.6,0.0597,0.89,168.4,33.4,15.3
2025-10-25T06:00:00+00:00,1067.2,95.58,373.1,13.82,361.2,21.9,532.1,0.0551,0.99,97.9,322.9,11.7
2025-10-25T06:01:00+00:00,979.4,93.18,350.9,14.07,408.3,22.9,534.3,0.0549,1.01,97.9,322.9,10.4
2025-10-25T06:02:00+00:00,1052.8,96.13,361.6,13.68,392.3,19.4,626.6,0.0556,1.04,97.9,322.9,11.0
2025-10-25T06:03:00+00:00,983.7,94.06,364.7,13.87,400.4,20.7,516.2,0.0540,0.92,97.9,322.9,11.4
2025-10-25T06:04:00+00:00,1035.6,93.09,353.8,13.50,379.5,21.6,558.4,0.0585,0.93,97.9,322.9,12.2
2025-10-25T06:05:00+00:00,922.2,93.81,376.5,13.68,369.6,22.7,542.4,0.0573,0.94,97.9,322.9,11.3
2025-10-25T06:06:00+00:00,960.6,93.80,359.9,13.92,392.3,19.0,590.1,0.0536,0.90,97.9,322.9,14.5
2025-10-25T06:07:00+00:00,871.5,93.76,354.6,13.76,398.7,25.0,504.4,0.0547,0.85,97.9,322.9,10.5
2025-10-25T06:08:00+00:00,1086.5,96.48,358.8,13.65,403.6,22.6,561.1,0.0541,0.88,97.9,322.9,10.4
2025-10-25T06:09:00+00:00,856.7,93.86,356.6,13.70,378.9,21.2,559.2,0.0532,0.91,97.9,322.9,12.0
2025-10-25T06:10:00+00:00,991.0,93.51,354.3,13.86,397.2,21.7,571.5,0.0534,0.85,97.9,322.9,12.3
2025-10-25T06:11:00+00:00,2158.8,97.09,358.5,13.80,433.8,24.8,604.3,0.0604,0.95,97.9,322.9,11.9
2025-10-25T06:12:00+00:00,2238.3,96.00,338.8,14.09,441.4,22.1,638.5,0.0625,0.82,97.9,322.9,11.0
2025-10-25T06:13:00+00:00,2068.5,97.39,351.4,14.06,410.9,23.6,574.9,0.0594,0.87,97.9,322.9,12.5
2025-10-25T06:14:00+00:00,2050.8,95.93,361.7,13.61,416.5,20.5,585.0,0.0691,0.93,97.9,322.9,13.6
2025-10-25T06:15:00+00:00,1891.9,95.03,343.3,13.90,399.5,19.7,523.6,0.0601,0.96,97.9,322.9,12.0
2025-10-25T06:16:00+00:00,2097.2,97.02,355.5,13.67,423.8,22.2,571.2,0.0607,1.01,97.9,322.9,11.1
2025-10-25T06:17:00+00:00,2034.1,97.62,350.5,13.51,425.1,22.1,548.0,0.0604,0.92,97.9,322.9,11.5
2025-10-25T06:18:00+00:00,2123.7,93.67,360.7,13.65,429.1,22.1,592.9,0.0603,0.95,97.9,322.9,10.5
2025-10-25T06:19:00+00:00,2166.6,96.27,333.3,14.07,426.6,23.8,611.6,0.0608,0.97,97.9,322.9,11.5
2025-10-25T06:20:00+00:00,2257.9,97.63,340.0,14.12,421.8,20.7,636.0,0.0607,0.91,97.9,322.9,11.7
2025-10-25T06:21:00+00:00,2234.5,97.11,347.5,13.95,438.4,23.1,623.3,0.0610,0.95,97.9,322.9,11.3
2025-10-25T06:22:00+00:00,2092.6,96.04,359.8,13.79,408.2,21.9,647.8,0.0603,0.96,97.9,322.9,10.9
2025-10-25T06:23:00+00:00,2108.2,97.83,351.4,13.89,436.6,19.7,581.9,0.0599,0.92,97.9,322.9,11.3
2025-10-25T06:24:00+00:00,1794.3,97.43,337.9,13.75,412.5,25.1,561.0,0.0639,0.96,97.9,322.9,10.8
2025-10-25T06:25:00+00:00,2148.7,97.93,346.0,14.03,406.8,23.2,633.3,0.0626,1.04,97.9,322.9,10.6
2025-10-25T06:26:00+00:00,2080.2,96.50,344.4,13.97,416.7,22.6,557.4,0.0672,0.88,97.9,322.9,13.1
2025-10-25T06:27:00+00:00,1883.4,94.73,347.3,13.83,391.3,21.8,630.6,0.0622,0.93,97.9,322.9,12.2
2025-10-25T06:28:00+00:00,2136.6,97.92,349.4,13.48,431.2,20.9,653.3,0.0640,0.96,97.9,322.9,11.4
2025-10-25T06:29:00+00:00,1998.0,98.96,343.7,13.65,454.7,19.9,600.1,0.0586,0.83,97.9,322.9,13.6
2025-10-25T06:30:00+00:00,2102.6,95.81,361.2,13.95,435.4,24.8,631.7,0.0599,0.91,97.9,322.9,12.8
2025-10-25T06:31:00+00:00,1979.4,98.54,351.7,13.73,415.7,22.6,564.2,0.0603,1.02,97.9,322.9,11.3
2025-10-25T06:32:00+00:00,2087.7,96.62,355.4,13.83,428.8,24.5,635.9,0.0604,0.95,97.9,322.9,12.2
2025-10-25T06:33:00+00:00,2105.6,94.68,351.4,14.10,432.6,25.5,651.9,0.0592,0.84,97.9,322.9,11.1
2025-10-25T06:34:00+00:00,1920.1,98.17,365.7,13.74,412.9,25.6,558.8,0.0637,0.84,97.9,322.9,10.1
2025-10-25T06:35:00+00:00,2020.5,99.30,357.2,13.82,428.9,21.8,606.8,0.0597,0.93,97.9,322.9,9.6
2025-10-25T06:36:00+00:00,2013.2,99.75,356.0,13.86,415.3,22.3,597.0,0.0641,0.89,97.9,322.9,11.3
2025-10-25T06:37:00+00:00,2016.8,95.41,342.9,13.79,400.1,22.5,560.9,0.0621,0.87,97.9,322.9,11.7
2025-10-25T06:38:00+00:00,1915.9,96.42,360.4,13.76,428.7,24.9,586.7,0.0606,0.82,97.9,322.9,9.8
2025-10-25T06:39:00+00:00,1953.9,96.66,336.8,13.75,414.7,21.9,620.9,0.0600,1.00,97.9,322.9,12.5
2025-10-25T06:40:00+00:00,2080.8,98.62,342.7,13.74,406.5,19.0,578.7,0.0604,0.97,97.9,322.9,11.3
2025-10-25T06:41:00+00:00,1869.7,94.62,369.7,13.85,427.4,22.5,593.9,0.0593,0.89,97.9,322.9,12.6
2025-10-25T06:42:00+00:00,1850.9,95.88,347.2,13.96,388.3,22.6,598.0,0.0591,0.96,97.9,322.9,11.0
2025-10-25T06:43:00+00:00,2137.6,97.31,355.7,13.74,412.9,23.6,647.4,0.0600,0.90,97.9,322.9,11.8
2025-10-25T06:44:00+00:00,1981.3,96.21,354.1,13.63,433.5,20.3,630.3,0.0589,0.88,97.9,322.9,11.4
2025-10-25T06:45:00+00:00,1968.9,97.15,345.0,14.00,408.7,21.6,588.1,0.0587,0.86,97.9,322.9,12.3
2025-10-25T06:46:00+00:00,2127.6,96.32,351.4,13.45,421.9,21.1,616.1,0.0655,0.94,97.9,322.9,13.0
2025-10-25T06:47:00+00:00,1874.4,98.13,357.6,13.96,404.8,22.1,567.5,0.0618,0.88,97.9,322.9,12.6
2025-10-25T06:48:00+00:00,1831.6,97.12,360.5,13.74,455.7,20.6,631.5,0.0584,0.90,97.9,322.9,10.5
2025-10-25T06:49:00+00:00,2077.0,96.47,338.9,13.75,420.8,20.0,637.3,0.0604,0.98,97.9,322.9,11.9
2025-10-25T06:50:00+00:00,2028.8,99.40,331.8,13.76,419.4,24.0,602.9,0.0583,0.80,97.9,322.9,12.2
2025-10-25T06:51:00+00:00,1930.2,96.84,357.8,13.88,436.7,26.2,585.3,0.0587,0.89,97.9,322.9,11.8
2025-10-25T06:52:00+00:00,2008.8,95.54,339.7,13.61,426.2,20.6,587.8,0.0676,0.87,97.9,322.9,11.9
2025-10-25T06:53:00+00:00,1892.9,94.83,357.7,13.90,422.7,20.7,618.3,0.0590,0.93,97.9,322.9,12.3
2025-10-25T06:54:00+00:00,2140.3,95.42,358.0,13.65,452.6,21.7,576.2,0.0627,0.94,97.9,322.9,12.2
2025-10-25T06:55:00+00:00,2049.0,97.10,349.9,13.89,432.2,20.8,559.0,0.0662,0.99,97.9,322.9,12.8
2025-10-25T06:56:00+00:00,1848.3,96.84,367.6,13.87,419.4,23.6,555.7,0.0634,1.03,97.9,322.9,12.1
2025-10-25T06:57:00+00:00,1975.4,95.92,345.3,14.04,441.1,20.2,598.9,0.0614,0.97,97.9,322.9,13.7
2025-10-25T06:58:00+00:00,2483.3,96.77,343.0,13.65,420.6,23.6,693.1,0.0623,0.96,97.9,322.9,11.3
2025-10-25T06:59:00+00:00,1894.5,96.72,357.3,13.83,435.4,20.4,576.8,0.0592,0.93,97.9,322.9,10.0
2025-10-25T07:00:00+00:00,2089.6,97.35,356.6,13.68,395.7,20.5,699.1,0.0611,1.00,97.9,322.9,11.9
2025-10-25T07:01:00+00:00,2108.2,97.99,362.5,13.37,403.4,23.6,559.8,0.0619,1.00,97.9,322.9,10.6
2025-10-25T07:02:00+00:00,1941.0,97.40,355.0,13.43,402.2,23.5,598.9,0.0657,0.95,97.9,322.9,12.6
2025-10-25T07:03:00+00:00,2448.2,98.98,342.2,13.87,431.5,23.6,619.7,0.0630,0.83,97.9,322.9,12.1
2025-10-25T07:04:00+00:00,2388.1,100.05,340.4,14.09,424.0,21.3,673.5,0.0646,0.90,97.9,322.9,11.9
2025-10-25T07:05:00+00:00,2538.6,100.70,344.8,13.83,447.8,21.3,601.6,0.0619,0.88,97.9,322.9,10.3
2025-10-25T07:06:00+00:00,1963.2,95.54,342.7,13.77,410.7,21.3,614.8,0.0599,1.00,97.9,322.9,12.1
2025-10-25T07:07:00+00:00,2509.0,98.51,348.3,13.90,447.7,20.1,587.5,0.0616,0.88,97.9,322.9,12.1
2025-10-25T07:08:00+00:00,2559.2,100.60,358.8,13.67,451.8,22.9,676.3,0.0674,1.01,97.9,322.9,13.7
2025-10-25T07:09:00+00:00,1998.8,94.70,353.8,14.05,407.2,20.1,622.2,0.0600,0.98,97.9,322.9,12.3
2025-10-25T07:10:00+00:00,2475.9,96.11,337.6,13.75,420.5,24.3,623.8,0.0628,0.93,97.9,322.9,10.1
2025-10-25T07:11:00+00:00,2024.7,97.91,351.7,13.98,432.7,21.1,587.2,0.0607,0.91,97.9,322.9,10.6
2025-10-25T07:12:00+00:00,2126.2,97.19,353.0,13.71,442.0,23.9,567.7,0.0628,0.88,97.9,322.9,13.5
2025-10-25T07:13:00+00:00,1979.1,97.83,348.3,13.79,427.9,23.6,609.9,0.0601,0.99,97.9,322.9,12.9
2025-10-25T07:14:00+00:00,2497.8,97.79,349.7,13.48,430.4,21.7,611.9,0.0651,0.93,97.9,322.9,11.3
2025-10-25T07:15:00+00:00,1930.0,94.91,347.1,13.80,403.2,24.1,638.5,0.0592,0.94,97.9,322.9,12.1
2025-10-25T07:16:00+00:00,1884.6,96.95,361.6,13.79,393.4,23.1,673.3,0.0591,0.92,97.9,322.9,12.5
2025-10-25T07:17:00+00:00,2241.6,96.47,359.4,14.02,426.2,22.5,642.7,0.0608,0.94,97.9,322.9,11.0
2025-10-25T07:18:00+00:00,2108.6,97.35,339.4,13.83,425.2,24.3,535.3,0.0596,0.89,97.9,322.9,10.5
2025-10-25T07:19:00+00:00,1893.2,96.56,347.5,13.91,425.3,23.3,601.0,0.0582,0.85,97.9,322.9,12.2
2025-10-25T07:20:00+00:00,2095.4,95.50,339.7,13.86,406.9,23.4,544.3,0.0637,1.05,97.9,322.9,12.8
2025-10-25T07:21:00+00:00,2009.3,95.82,339.8,13.72,417.7,22.2,596.4,0.0593,0.90,97.9,322.9,9.0
2025-10-25T07:22:00+00:00,2060.4,98.93,353.3,13.92,434.4,23.3,632.7,0.0600,0.94,97.9,322.9,12.3
2025-10-25T07:23:00+00:00,1973.3,97.76,361.5,13.64,414.5,21.2,603.9,0.0587,0.87,97.9,322.9,11.5
2025-10-25T07:24:00+00:00,2007.4,96.29,339.8,13.81,424.9,22.2,610.0,0.0716,1.04,97.9,322.9,11.7
2025-10-25T07:25:00+00:00,2203.7,96.61,347.9,13.64,430.5,19.8,602.4,0.0603,0.90,97.9,322.9,14.1
2025-10-25T07:26:00+00:00,1941.4,96.41,353.1,13.60,440.6,24.3,583.9,0.0640,0.84,97.9,322.9,12.2
2025-10-25T07:27:00+00:00,2018.6,98.09,351.4,13.86,396.4,21.9,610.3,0.0620,0.97,97.9,322.9,12.6
2025-10-25T07:28:00+00:00,1883.7,97.08,357.4,13.52,414.9,20.1,627.6,0.0597,0.99,97.9,322.9,11.4
2025-10-25T07:29:00+00:00,2045.5,95.94,349.3,13.72,417.1,16.9,594.7,0.0608,1.04,97.9,322.9,13.4
2025-10-25T07:30:00+00:00,2067.2,98.10,340.8,13.52,451.3,23.0,623.8,0.0594,0.83,97.9,322.9,9.4
2025-10-25T07:31:00+00:00,1965.8,96.45,356.2,13.79,410.9,20.6,593.8,0.0590,0.91,97.9,322.9,11.4
2025-10-25T07:32:00+00:00,1858.3,95.05,351.0,13.87,419.3,22.7,599.5,0.0584,0.90,97.9,322.9,10.8
2025-10-25T07:33:00+00:00,2245.9,98.92,353.5,13.72,422.5,21.6,625.9,0.0628,0.98,97.9,322.9,11.7
2025-10-25T07:34:00+00:00,2149.2,99.11,346.3,13.60,439.3,21.1,580.4,0.0603,0.92,97.9,322.9,13.0
2025-10-25T07:35:00+00:00,2114.0,97.53,359.8,13.84,396.5,23.9,554.5,0.0661,0.82,97.9,322.9,10.4
2025-10-25T07:36:00+00:00,1991.6,98.25,343.3,13.61,399.9,21.8,606.9,0.0602,1.00,97.9,322.9,12.1
2025-10-25T07:37:00+00:00,2063.2,98.46,340.6,13.96,419.6,23.6,648.8,0.0597,0.91,97.9,322.9,12.1
2025-10-25T07:38:00+00:00,2167.1,101.03,351.9,13.81,421.4,21.4,598.3,0.0601,0.91,97.9,322.9,12.5
2025-10-25T07:39:00+00:00,1947.6,97.23,350.7,13.73,418.7,24.6,545.3,0.0588,0.87,97.9,322.9,12.0
2025-10-25T07:40:00+00:00,1815.3,94.51,345.9,13.67,415.3,21.8,562.1,0.0575,0.83,97.9,322.9,11.8
2025-10-25T07:41:00+00:00,2194.5,98.89,357.6,13.43,448.0,20.6,658.4,0.0606,0.95,97.9,322.9,12.0
2025-10-25T07:42:00+00:00,1886.9,97.22,360.1,13.85,400.0,25.6,592.4,0.0636,0.89,97.9,322.9,12.2
2025-10-25T07:43:00+00:00,1953.3,97.85,357.5,13.86,403.6,21.4,678.2,0.0594,0.94,97.9,322.9,11.1
2025-10-25T07:44:00+00:00,2083.3,97.04,347.6,13.94,446.0,22.3,567.3,0.0612,0.92,97.9,322.9,11.0
2025-10-25T07:45:00+00:00,1990.5,97.41,358.1,14.14,417.4,22.1,541.9,0.0583,0.82,97.9,322.9,11.5
2025-10-25T07:46:00+00:00,2116.8,97.46,353.1,13.50,411.0,21.8,582.3,0.0639,0.92,97.9,322.9,13.0
2025-10-25T07:47:00+00:00,1965.6,98.96,342.6,13.82,421.7,22.2,604.8,0.0594,0.94,97.9,322.9,11.1
2025-10-25T07:48:00+00:00,2079.3,96.59,346.8,14.01,441.8,22.9,630.3,0.0674,0.90,97.9,322.9,12.3
2025-10-25T07:49:00+00:00,2124.8,97.35,353.3,14.00,435.5,24.4,616.8,0.0597,0.87,97.9,322.9,11.1
2025-10-25T07:50:00+00:00,2027.7,96.02,344.6,13.70,416.8,23.8,568.6,0.0651,0.94,97.9,322.9,13.1
2025-10-25T07:51:00+00:00,1971.5,96.48,335.9,13.73,443.5,20.6,581.7,0.0612,0.92,97.9,322.9,11.5
2025-10-25T07:52:00+00:00,2088.0,95.95,345.8,13.63,414.4,21.9,570.8,0.0609,0.95,97.9,322.9,13.4
2025-10-25T07:53:00+00:00,1961.5,95.95,354.1,13.88,419.2,22.1,639.6,0.0590,0.91,97.9,322.9,11.5
2025-10-25T07:54:00+00:00,2011.2,97.86,351.5,13.85,410.8,19.7,605.4,0.0593,0.90,97.9,322.9,11.7
2025-10-25T07:55:00+00:00,1958.1,95.68,333.5,13.59,421.9,22.9,607.8,0.0597,0.97,97.9,322.9,11.6
2025-10-25T07:56:00+00:00,942.6,93.72,343.3,13.77,387.0,21.9,535.7,0.0561,0.91,97.9,322.9,11.8
2025-10-25T07:57:00+00:00,814.1,94.71,362.3,13.77,367.8,20.4,567.4,0.0531,0.92,97.9,322.9,13.0
2025-10-25T07:58:00+00:00,932.4,95.98,349.1,13.66,373.2,20.8,481.6,0.0573,0.88,97.9,322.9,11.7
2025-10-25T07:59:00+00:00,1051.1,91.44,363.6,13.76,378.4,22.5,553.0,0.0584,1.01,97.9,322.9,12.7
2025-10-25T08:00:00+00:00,1030.8,93.71,354.3,13.61,374.6,21.8,587.5,0.0607,0.92,97.9,322.9,9.4
2025-10-25T08:01:00+00:00,869.3,89.82,367.4,13.81,387.5,20.2,559.3,0.0606,0.93,97.9,322.9,12.7
2025-10-25T08:02:00+00:00,886.3,94.72,366.2,13.61,371.5,20.2,535.8,0.0533,0.91,97.9,322.9,10.8
2025-10-25T08:03:00+00:00,1012.3,92.29,354.5,13.82,408.0,24.5,539.0,0.0631,0.92,97.9,322.9,12.1
2025-10-25T08:04:00+00:00,966.6,90.80,350.4,13.50,399.8,19.2,540.6,0.0537,0.90,97.9,322.9,11.5
2025-10-25T08:05:00+00:00,1099.0,95.45,355.9,13.88,393.3,23.4,551.7,0.0568,0.94,97.9,322.9,12.5
2025-10-25T14:00:00+00:00,874.7,90.78,355.7,13.60,358.3,21.8,618.7,0.0530,0.89,97.9,322.9,12.3
2025-10-25T14:01:00+00:00,1039.6,93.19,351.4,13.77,385.5,19.2,515.0,0.0625,0.92,97.9,322.9,12.4
2025-10-25T14:02:00+00:00,978.1,92.55,349.9,13.63,399.5,21.7,600.1,0.0547,0.91,97.9,322.9,10.9
2025-10-25T14:03:00+00:00,914.2,95.80,352.0,13.75,402.7,24.1,586.4,0.0538,0.93,97.9,322.9,10.2
2025-10-25T14:04:00+00:00,1071.0,95.30,347.9,13.94,380.0,26.1,569.6,0.0548,0.95,97.9,322.9,11.6
2025-10-25T14:05:00+00:00,1020.3,95.78,356.5,13.63,374.6,20.5,563.2,0.0560,0.88,97.9,322.9,11.7
2025-10-25T14:06:00+00:00,989.5,92.05,353.7,13.87,388.8,20.8,555.5,0.0542,0.95,97.9,322.9,10.4
2025-10-25T14:07:00+00:00,840.2,92.85,356.4,13.71,384.3,22.4,563.5,0.0666,0.91,97.9,322.9,11.4
2025-10-25T14:08:00+00:00,873.3,92.17,354.1,13.71,391.7,23.7,473.3,0.0585,0.94,97.9,322.9,11.6
2025-10-25T14:09:00+00:00,972.4,94.28,361.0,13.60,392.6,23.0,569.0,0.0609,1.01,97.9,322.9,11.6
2025-10-25T14:10:00+00:00,821.5,93.38,361.4,14.02,398.2,24.0,531.7,0.0548,0.94,97.9,322.9,12.6
2025-10-25T14:11:00+00:00,916.8,92.45,341.5,13.98,380.7,22.7,575.5,0.0562,1.07,97.9,322.9,11.4
2025-10-25T14:12:00+00:00,2018.6,95.63,356.1,13.89,414.8,23.3,580.6,0.0679,0.93,97.9,322.9,14.8
2025-10-25T14:13:00+00:00,1859.8,95.08,351.7,13.78,411.3,21.8,620.8,0.0658,0.92,97.9,322.9,12.5
2025-10-25T14:14:00+00:00,2081.9,97.04,349.0,13.78,445.8,22.8,614.8,0.0622,0.93,97.9,322.9,11.8
2025-10-25T14:15:00+00:00,2232.0,96.84,353.2,14.05,422.3,20.5,584.4,0.0689,0.77,97.9,322.9,11.1
2025-10-25T14:16:00+00:00,2041.0,95.91,363.5,13.91,426.8,24.3,588.3,0.0634,0.92,97.9,322.9,11.2
2025-10-25T14:17:00+00:00,2079.7,96.73,356.1,13.74,425.9,23.8,582.0,0.0654,0.92,97.9,322.9,10.7
2025-10-25T14:18:00+00:00,2204.7,100.31,335.8,13.92,420.1,23.8,571.0,0.0595,0.81,97.9,322.9,11.4
2025-10-25T14:19:00+00:00,2043.9,96.54,347.8,13.89,413.9,20.4,529.1,0.0667,0.91,97.9,322.9,12.8
2025-10-25T14:20:00+00:00,2094.7,98.22,347.9,13.68,414.1,25.4,599.3,0.0601,0.93,97.9,322.9,11.9
2025-10-25T14:21:00+00:00,2150.8,94.70,361.2,13.69,446.8,22.4,609.3,0.0684,0.87,97.9,322.9,11.5
2025-10-25T14:22:00+00:00,1995.1,96.60,357.2,13.71,399.1,22.2,605.4,0.0594,0.92,97.9,322.9,13.3
2025-10-25T14:23:00+00:00,2021.9,97.15,355.9,13.79,405.4,22.2,612.0,0.0594,0.90,97.9,322.9,12.3
2025-10-25T14:24:00+00:00,2160.3,98.22,337.4,13.64,426.6,21.6,600.8,0.0605,0.96,97.9,322.9,11.2
2025-10-25T14:25:00+00:00,2006.0,94.36,350.4,13.74,408.8,22.4,555.2,0.0686,0.94,97.9,322.9,11.6
2025-10-25T14:26:00+00:00,2039.5,95.81,347.4,13.96,426.4,21.6,612.7,0.0601,0.96,97.9,322.9,11.0
2025-10-25T14:27:00+00:00,1988.1,94.83,365.5,13.86,420.6,21.5,573.1,0.0655,0.92,97.9,322.9,11.3
2025-10-25T14:28:00+00:00,2050.6,99.16,353.3,13.72,424.7,22.8,613.4,0.0626,0.92,97.9,322.9,11.2
2025-10-25T14:29:00+00:00,1976.1,96.26,351.2,13.80,441.6,21.1,663.7,0.0623,0.92,97.9,322.9,11.8
2025-10-25T14:30:00+00:00,2015.1,97.45,365.2,13.85,426.3,22.7,633.4,0.0600,0.93,97.9,322.9,10.8
2025-10-25T14:31:00+00:00,2038.4,96.56,334.0,13.55,413.7,20.5,588.2,0.0597,0.93,97.9,322.9,11.8
2025-10-25T14:32:00+00:00,2034.2,95.40,359.7,13.69,411.5,23.0,585.2,0.0712,0.97,97.9,322.9,10.8
2025-10-25T14:33:00+00:00,2017.0,95.65,355.4,13.87,419.8,23.5,697.0,0.0597,0.93,97.9,322.9,11.5
2025-10-25T14:34:00+00:00,2067.6,98.74,346.3,13.62,431.6,22.7,599.5,0.0615,0.97,97.9,322.9,12.0
2025-10-25T14:35:00+00:00,2073.6,95.19,355.7,13.55,433.4,23.3,614.8,0.0605,0.90,97.9,322.9,11.7
2025-10-25T14:36:00+00:00,2022.2,96.64,349.4,13.78,432.8,21.0,607.0,0.0613,0.94,97.9,322.9,11.8
2025-10-25T14:37:00+00:00,2109.8,95.74,344.1,14.08,388.8,21.9,589.3,0.0588,0.80,97.9,322.9,10.5
2025-10-25T14:38:00+00:00,1999.3,97.88,345.9,13.78,418.2,23.5,556.7,0.0591,0.90,97.9,322.9,10.7
2025-10-25T14:39:00+00:00,1924.9,96.02,352.2,13.78,419.6,20.5,669.1,0.0591,0.94,97.9,322.9,12.2
2025-10-25T14:40:00+00:00,1913.7,97.44,336.5,13.81,428.1,20.8,604.6,0.0590,0.92,97.9,322.9,11.2
2025-10-25T14:41:00+00:00,1860.3,96.52,343.1,13.68,425.7,20.6,590.7,0.0599,0.92,97.9,322.9,10.4
2025-10-25T14:42:00+00:00,1807.2,98.48,345.4,13.77,429.4,19.9,594.2,0.0584,0.92,97.9,322.9,10.7
2025-10-25T14:43:00+00:00,2287.2,94.70,348.6,13.75,422.1,24.7,657.8,0.0616,0.98,97.9,322.9,12.5
2025-10-25T14:44:00+00:00,1839.6,97.21,362.1,13.95,404.9,22.2,665.4,0.0618,0.85,97.9,322.9,11.5
2025-10-25T14:45:00+00:00,2003.7,96.85,348.3,13.80,405.1,22.9,593.9,0.0634,0.97,97.9,322.9,12.1
2025-10-25T14:46:00+00:00,1939.8,96.91,358.7,13.59,417.6,21.7,595.3,0.0587,0.88,97.9,322.9,12.4
2025-10-25T14:47:00+00:00,1938.9,97.39,340.5,13.94,409.8,22.7,577.6,0.0657,1.02,97.9,322.9,11.3
2025-10-25T14:48:00+00:00,1791.8,96.00,341.6,14.02,418.8,22.3,584.3,0.0578,0.86,97.9,322.9,10.1
2025-10-25T14:49:00+00:00,2118.3,97.59,365.4,14.12,442.6,23.9,616.0,0.0600,0.90,97.9,322.9,11.9
2025-10-25T14:50:00+00:00,2081.6,97.60,342.6,13.78,413.0,21.2,553.6,0.0591,0.84,97.9,322.9,11.1
2025-10-25T14:51:00+00:00,2097.1,98.79,358.7,13.76,421.7,21.5,589.7,0.0594,0.87,97.9,322.9,11.0
2025-10-25T14:52:00+00:00,2082.0,95.64,344.0,13.84,421.1,21.0,586.3,0.0615,0.83,97.9,322.9,11.0
2025-10-25T14:53:00+00:00,1948.9,94.45,343.9,13.80,410.4,22.2,614.5,0.0582,0.81,97.9,322.9,12.1
2025-10-25T14:54:00+00:00,2091.0,95.68,354.0,13.73,422.8,20.1,635.9,0.0601,0.93,97.9,322.9,11.6
2025-10-25T14:55:00+00:00,1974.0,95.73,357.5,13.94,413.2,23.0,593.1,0.0618,0.91,97.9,322.9,11.4
2025-10-25T14:56:00+00:00,2181.2,99.27,345.8,13.84,430.9,22.3,572.6,0.0602,0.91,97.9,322.9,11.6
2025-10-25T14:57:00+00:00,2078.3,98.29,350.2,13.75,418.4,21.6,567.5,0.0623,0.87,97.9,322.9,11.8
2025-10-25T14:58:00+00:00,2005.4,97.26,345.4,13.83,421.7,21.7,535.2,0.0596,0.92,97.9,322.9,12.7
2025-10-25T14:59:00+00:00,1965.0,97.13,346.2,13.96,432.6,22.3,602.8,0.0587,0.86,97.9,322.9,12.3
2025-10-25T15:00:00+00:00,2040.0,98.69,352.5,13.91,439.1,24.3,636.7,0.0615,1.07,97.9,322.9,12.3
2025-10-25T15:01:00+00:00,1914.9,96.32,335.5,13.91,417.3,22.2,601.0,0.0626,0.88,97.9,322.9,13.3
2025-10-25T15:02:00+00:00,1915.9,95.26,351.6,13.82,421.9,22.5,643.3,0.0591,0.95,97.9,322.9,11.7
2025-10-25T15:03:00+00:00,2505.9,98.36,346.5,13.75,435.0,22.4,627.0,0.0666,1.01,97.9,322.9,11.9
2025-10-25T15:04:00+00:00,2212.9,97.34,337.2,13.78,422.0,20.9,621.7,0.0629,0.92,97.9,322.9,12.0
2025-10-25T15:05:00+00:00,2522.9,97.91,355.5,13.63,439.0,20.3,568.9,0.0648,0.94,97.9,322.9,11.4
2025-10-25T15:06:00+00:00,2508.4,98.81,344.9,13.75,435.5,23.1,581.7,0.0617,0.89,97.9,322.9,11.1
2025-10-25T15:07:00+00:00,2401.3,96.34,337.2,13.97,426.3,24.7,588.1,0.0618,0.92,97.9,322.9,11.2
2025-10-25T15:08:00+00:00,1869.5,98.17,345.1,13.66,427.7,20.2,590.8,0.0598,0.89,97.9,322.9,12.4
2025-10-25T15:09:00+00:00,1982.5,95.68,355.1,13.94,418.2,21.6,625.3,0.0594,0.92,97.9,322.9,10.8
2025-10-25T15:10:00+00:00,2505.5,96.06,352.2,13.79,422.0,22.2,596.2,0.0620,0.91,97.9,322.9,12.9
2025-10-25T15:11:00+00:00,2115.5,98.24,346.1,13.85,434.2,21.2,619.8,0.0604,0.95,97.9,322.9,13.0
2025-10-25T15:12:00+00:00,2085.0,95.22,355.0,14.05,413.4,24.2,634.0,0.0630,0.97,97.9,322.9,12.7
2025-10-25T15:13:00+00:00,1700.4,94.94,362.6,14.00,412.2,24.0,571.5,0.0583,0.96,97.9,322.9,13.6
2025-10-25T15:14:00+00:00,2616.1,98.55,347.6,13.68,431.8,22.8,594.6,0.0635,1.00,97.9,322.9,12.0
2025-10-25T15:15:00+00:00,1901.7,95.19,358.3,13.55,420.1,22.3,580.8,0.0587,0.91,97.9,322.9,12.1
2025-10-25T15:16:00+00:00,2413.4,97.03,333.3,14.04,451.1,22.8,591.3,0.0620,0.96,97.9,322.9,11.3
2025-10-25T15:17:00+00:00,2013.4,98.42,359.2,13.77,429.7,22.7,609.9,0.0723,0.87,97.9,322.9,13.2
2025-10-25T15:18:00+00:00,1913.9,96.68,356.9,13.80,419.9,21.6,635.0,0.0590,0.93,97.9,322.9,13.7
2025-10-25T15:19:00+00:00,2551.1,97.21,338.2,13.90,438.2,22.4,628.9,0.0619,0.89,97.9,322.9,12.0
2025-10-25T15:20:00+00:00,2464.5,98.59,345.2,13.94,458.6,23.6,624.0,0.0687,0.90,97.9,322.9,10.9
2025-10-25T15:21:00+00:00,2576.3,100.23,336.1,13.95,421.7,23.6,610.1,0.0625,0.93,97.9,322.9,11.4
2025-10-25T15:22:00+00:00,1943.5,95.56,356.7,13.80,420.0,23.4,607.2,0.0596,0.88,97.9,322.9,11.4
2025-10-25T15:23:00+00:00,2120.3,97.99,346.1,13.73,415.1,23.9,613.1,0.0611,1.03,97.9,322.9,11.4
2025-10-25T15:24:00+00:00,2550.5,99.93,340.5,13.94,432.1,20.0,670.8,0.0626,0.95,97.9,322.9,11.4
2025-10-25T15:25:00+00:00,2105.7,96.76,346.9,13.69,421.7,24.2,608.4,0.0596,0.87,97.9,322.9,11.2
2025-10-25T15:26:00+00:00,2024.9,96.36,348.3,13.70,417.1,22.1,630.0,0.0598,0.94,97.9,322.9,12.1
2025-10-25T15:27:00+00:00,2097.3,95.27,348.2,13.76,424.8,25.1,592.9,0.0671,0.87,97.9,322.9,10.7
2025-10-25T15:28:00+00:00,2478.7,99.44,336.4,13.33,419.3,21.3,588.0,0.0651,0.94,97.9,322.9,12.7
2025-10-25T15:29:00+00:00,1962.5,96.35,351.4,13.81,410.7,23.3,604.0,0.0597,0.88,97.9,322.9,11.9
2025-10-25T15:30:00+00:00,2050.4,99.90,345.8,13.81,396.8,21.0,643.8,0.0595,0.91,97.9,322.9,10.6
2025-10-25T15:31:00+00:00,2027.8,96.70,349.7,13.71,439.8,23.9,636.3,0.0622,0.83,97.9,322.9,10.9
2025-10-25T15:32:00+00:00,1915.8,95.86,363.6,13.87,427.6,24.6,579.9,0.0603,0.88,97.9,322.9,12.8
2025-10-25T15:33:00+00:00,2011.5,96.43,346.3,13.86,424.4,20.5,586.1,0.0620,0.96,97.9,322.9,11.4
2025-10-25T15:34:00+00:00,2137.6,99.43,341.5,13.73,425.3,20.8,619.9,0.0682,0.97,97.9,322.9,11.9
2025-10-25T15:35:00+00:00,2169.7,95.88,331.5,13.80,411.2,24.6,656.8,0.0599,0.89,97.9,322.9,12.5
2025-10-25T15:36:00+00:00,2028.2,99.78,347.1,13.86,394.1,22.9,655.4,0.0628,0.95,97.9,322.9,11.0
2025-10-25T15:37:00+00:00,2130.8,97.19,357.6,13.94,408.2,23.2,584.4,0.0659,0.94,97.9,322.9,10.2
2025-10-25T15:38:00+00:00,2060.5,95.30,362.2,13.72,422.3,21.5,612.2,0.0595,0.91,97.9,322.9,12.0
2025-10-25T15:39:00+00:00,2128.0,97.24,346.4,13.63,434.1,23.7,652.1,0.0640,0.85,97.9,322.9,12.3
2025-10-25T15:40:00+00:00,1830.5,96.10,353.0,14.23,423.7,22.1,605.6,0.0626,0.95,97.9,322.9,12.3
2025-10-25T15:41:00+00:00,2083.0,96.44,345.6,13.77,408.8,23.1,586.2,0.0598,0.93,97.9,322.9,10.6
2025-10-25T15:42:00+00:00,2060.8,95.89,355.2,13.74,425.4,20.5,626.4,0.0686,0.95,97.9,322.9,11.4
2025-10-25T15:43:00+00:00,2105.2,96.76,358.7,13.75,427.3,21.9,569.0,0.0671,0.88,97.9,322.9,12.0
2025-10-25T15:44:00+00:00,2119.7,97.82,328.0,13.88,412.1,21.5,597.4,0.0599,0.92,97.9,322.9,9.8
2025-10-25T15:45:00+00:00,1924.1,93.02,337.8,13.86,436.7,22.1,584.3,0.0599,0.88,97.9,322.9,13.6
2025-10-25T15:46:00+00:00,1839.2,95.21,347.7,13.68,433.7,22.9,573.0,0.0633,0.95,97.9,322.9,12.1
2025-10-25T15:47:00+00:00,1887.3,96.39,352.1,13.65,404.6,22.3,629.8,0.0639,0.97,97.9,322.9,12.4
2025-10-25T15:48:00+00:00,1803.6,97.22,352.3,13.71,430.9,24.5,606.2,0.0632,0.91,97.9,322.9,12.9
2025-10-25T15:49:00+00:00,2002.1,99.73,355.7,13.96,433.0,20.9,643.9,0.0725,0.82,97.9,322.9,12.3
2025-10-25T15:50:00+00:00,1897.2,96.74,347.5,13.86,414.3,22.2,581.9,0.0722,1.01,97.9,322.9,12.0
2025-10-25T15:51:00+00:00,2002.0,98.99,350.3,13.59,415.7,21.0,583.8,0.0598,0.96,97.9,322.9,11.6
2025-10-25T15:52:00+00:00,1959.7,97.04,347.3,13.90,418.9,20.8,606.9,0.0584,0.84,97.9,322.9,12.4
2025-10-25T15:53:00+00:00,1972.8,97.44,355.8,13.80,424.5,21.6,625.0,0.0608,0.94,97.9,322.9,11.3
2025-10-25T15:54:00+00:00,1967.3,96.83,351.8,13.83,383.3,23.4,607.8,0.0591,0.91,97.9,322.9,10.6
2025-10-25T15:55:00+00:00,2103.9,96.90,364.4,13.55,427.3,22.9,555.2,0.0603,0.95,97.9,322.9,10.5
2025-10-25T15:56:00+00:00,2038.8,93.96,356.9,13.84,417.4,22.7,616.1,0.0597,0.92,97.9,322.9,12.1
2025-10-25T15:57:00+00:00,2038.2,98.59,343.2,13.77,421.8,22.8,666.3,0.0586,0.81,97.9,322.9,12.7
2025-10-25T15:58:00+00:00,2040.5,95.22,343.3,13.81,396.6,24.4,615.2,0.0592,0.88,97.9,322.9,11.1
2025-10-25T15:59:00+00:00,1961.5,95.72,359.3,13.79,416.4,19.8,648.9,0.0590,0.91,97.9,322.9,12.3
2025-10-25T16:00:00+00:00,1763.7,93.87,329.4,13.60,387.7,21.4,616.6,0.0585,0.97,97.9,322.9,12.6
2025-10-25T16:01:00+00:00,2045.8,97.32,366.5,13.86,431.7,21.0,582.3,0.0599,0.94,97.9,322.9,11.7
2025-10-25T16:02:00+00:00,1905.5,97.62,350.7,13.96,407.2,19.9,600.2,0.0591,0.92,97.9,322.9,13.0
2025-10-25T16:03:00+00:00,2143.9,98.75,343.8,14.19,422.7,21.2,603.8,0.0600,0.90,97.9,322.9,11.5
2025-10-25T16:04:00+00:00,2080.8,99.99,349.7,13.78,396.6,25.1,606.7,0.0690,0.90,97.9,322.9,10.9
2025-10-25T16:05:00+00:00,2162.7,97.73,343.3,13.82,415.9,21.5,639.3,0.0608,0.96,97.9,322.9,12.1
2025-10-25T16:06:00+00:00,2074.1,97.39,352.2,13.76,435.1,21.2,640.2,0.0592,0.84,97.9,322.9,12.0
2025-10-25T16:07:00+00:00,2073.0,98.81,346.3,13.84,404.4,19.9,639.3,0.0590,0.85,97.9,322.9,13.3
2025-10-25T16:08:00+00:00,2127.0,98.53,346.1,13.67,437.5,23.1,622.6,0.0629,0.85,97.9,322.9,12.9
2025-10-25T16:09:00+00:00,1821.6,97.75,340.6,13.75,398.8,21.5,552.2,0.0623,0.85,97.9,322.9,12.4
2025-10-25T16:10:00+00:00,1840.0,98.00,352.4,13.65,426.9,21.8,603.9,0.0590,0.95,97.9,322.9,12.8
2025-10-25T16:11:00+00:00,1857.3,98.21,347.3,14.15,418.5,21.9,554.3,0.0583,0.88,97.9,322.9,13.7
2025-10-25T16:12:00+00:00,2018.5,94.98,352.9,13.65,414.4,18.9,609.8,0.0599,0.95,97.9,322.9,10.6
2025-10-25T16:13:00+00:00,1879.3,95.40,356.2,13.71,414.6,22.4,595.5,0.0595,0.88,97.9,322.9,11.3
2025-10-25T16:14:00+00:00,2099.5,96.72,360.2,13.86,428.2,21.7,552.4,0.0609,0.99,97.9,322.9,11.9
2025-10-25T16:15:00+00:00,1902.2,93.74,357.4,14.01,424.7,21.9,585.5,0.0617,0.95,97.9,322.9,11.6
2025-10-25T16:16:00+00:00,2248.7,98.76,356.5,13.57,446.0,23.8,580.0,0.0637,0.94,97.9,322.9,11.0
2025-10-25T16:17:00+00:00,2120.2,95.94,349.5,13.81,426.5,23.7,551.6,0.0600,0.92,97.9,322.9,10.0
2025-10-25T16:18:00+00:00,944.7,91.45,343.2,13.62,378.4,22.6,539.2,0.0566,0.91,97.9,322.9,13.7
2025-10-25T16:19:00+00:00,899.8,94.50,360.7,13.57,386.8,22.4,574.1,0.0620,0.95,97.9,322.9,10.8
2025-10-25T16:20:00+00:00,864.4,91.12,356.5,13.75,389.1,20.3,603.7,0.0538,0.98,97.9,322.9,11.0
2025-10-25T16:21:00+00:00,835.0,95.07,359.5,14.01,395.1,24.7,533.6,0.0602,0.91,97.9,322.9,11.5
2025-10-25T16:22:00+00:00,1009.2,93.14,349.7,13.82,401.6,20.9,514.9,0.0563,0.97,97.9,322.9,12.3
2025-10-25T16:23:00+00:00,972.5,93.00,355.4,13.86,368.3,23.3,617.3,0.0559,0.94,97.9,322.9,13.7
2025-10-25T16:24:00+00:00,968.2,92.49,358.9,13.95,367.2,21.7,514.5,0.0545,0.98,97.9,322.9,12.1
2025-10-25T16:25:00+00:00,872.7,91.32,330.5,13.80,377.6,18.8,578.1,0.0590,0.95,97.9,322.9,11.5
2025-10-25T16:26:00+00:00,1001.5,94.18,361.5,13.83,380.1,20.7,565.8,0.0541,0.92,97.9,322.9,10.5
2025-10-25T16:27:00+00:00,1002.0,92.35,351.1,14.18,394.3,23.8,557.2,0.0549,1.01,97.9,322.9,13.5
2025-10-25T16:28:00+00:00,924.6,93.65,362.0,13.82,386.9,19.3,547.7,0.0542,0.98,97.9,322.9,10.1
2025-10-26T06:00:00+00:00,1045.8,92.81,371.1,13.84,394.9,23.0,509.5,0.0506,0.55,68.3,203.3,6.2
2025-10-26T06:01:00+00:00,979.1,92.82,355.2,13.78,407.6,22.8,520.5,0.0510,0.60,68.3,203.3,6.3
2025-10-26T06:02:00+00:00,958.6,95.48,355.7,13.90,376.6,20.5,550.1,0.0535,0.59,68.3,203.3,7.2
2025-10-26T06:03:00+00:00,978.2,93.91,366.1,13.92,386.7,21.4,607.1,0.0510,0.57,68.3,203.3,8.8
2025-10-26T06:04:00+00:00,995.4,94.35,338.1,13.65,388.9,23.2,515.4,0.0559,0.67,68.3,203.3,8.3
2025-10-26T06:05:00+00:00,1144.1,95.87,345.2,13.77,403.8,25.3,561.1,0.0523,0.65,68.3,203.3,8.3
2025-10-26T06:06:00+00:00,941.5,95.32,354.4,13.76,386.0,24.2,549.9,0.0556,0.67,68.3,203.3,6.9
2025-10-26T06:07:00+00:00,983.7,93.75,353.6,13.83,378.4,22.7,582.6,0.0524,0.62,68.3,203.3,7.8
2025-10-26T06:08:00+00:00,1030.2,93.49,360.8,14.12,382.9,23.0,601.8,0.0515,0.65,68.3,203.3,7.0
2025-10-26T06:09:00+00:00,856.8,92.59,353.0,13.79,377.5,25.1,595.1,0.0497,0.57,68.3,203.3,8.9
2025-10-26T06:10:00+00:00,825.8,92.74,356.9,13.99,378.2,21.3,570.7,0.0547,0.57,68.3,203.3,7.1
2025-10-26T06:11:00+00:00,1077.7,93.66,360.2,13.77,382.8,22.5,611.1,0.0515,0.62,68.3,203.3,9.1
2025-10-26T06:12:00+00:00,1150.9,92.23,351.3,13.91,392.8,21.6,562.6,0.0538,0.58,68.3,203.3,9.8
2025-10-26T06:13:00+00:00,807.8,91.96,357.4,13.74,370.2,22.0,517.8,0.0495,0.56,68.3,203.3,6.2
2025-10-26T06:14:00+00:00,1772.4,97.05,349.3,13.61,398.9,22.0,630.3,0.0554,0.63,68.3,203.3,8.5
2025-10-26T06:15:00+00:00,2053.3,97.46,352.3,13.69,420.8,23.9,592.9,0.0566,0.61,68.3,203.3,8.9
2025-10-26T06:16:00+00:00,2105.9,97.66,364.8,13.90,410.6,18.8,576.3,0.0653,0.51,68.3,203.3,8.6
2025-10-26T06:17:00+00:00,1933.6,96.80,348.0,13.87,418.9,24.4,586.8,0.0614,0.66,68.3,203.3,6.9
2025-10-26T06:18:00+00:00,1986.1,96.47,351.7,13.77,419.9,20.8,558.4,0.0597,0.58,68.3,203.3,7.6
2025-10-26T06:19:00+00:00,2044.9,97.79,352.5,13.86,425.8,21.9,635.1,0.0564,0.61,68.3,203.3,10.3
2025-10-26T06:20:00+00:00,1913.5,95.68,352.9,14.01,427.5,20.1,669.5,0.0553,0.55,68.3,203.3,7.9
2025-10-26T06:21:00+00:00,2083.7,96.37,362.8,13.71,408.6,21.9,621.0,0.0569,0.62,68.3,203.3,7.6
2025-10-26T06:22:00+00:00,2107.4,96.38,351.9,13.94,439.3,21.6,639.8,0.0592,0.62,68.3,203.3,8.8
2025-10-26T06:23:00+00:00,2147.8,97.24,343.7,13.69,413.9,21.0,586.2,0.0571,0.61,68.3,203.3,6.2
2025-10-26T06:24:00+00:00,1827.2,98.15,358.8,13.63,432.1,22.3,560.4,0.0561,0.66,68.3,203.3,8.9
2025-10-26T06:25:00+00:00,1905.4,98.47,356.2,13.80,416.8,21.5,587.2,0.0549,0.52,68.3,203.3,9.2
2025-10-26T06:26:00+00:00,2181.4,97.47,362.4,13.79,418.0,21.6,612.8,0.0618,0.61,68.3,203.3,7.7
2025-10-26T06:27:00+00:00,1909.9,96.88,358.2,13.78,425.5,22.4,602.1,0.0564,0.67,68.3,203.3,8.1
2025-10-26T06:28:00+00:00,2165.5,98.88,341.3,13.81,417.9,19.1,606.2,0.0567,0.58,68.3,203.3,7.8
2025-10-26T06:29:00+00:00,1938.5,95.93,349.2,13.66,405.8,20.5,540.1,0.0556,0.58,68.3,203.3,8.8
2025-10-26T06:30:00+00:00,2126.2,97.99,354.6,14.07,418.7,24.6,642.4,0.0600,0.59,68.3,203.3,7.7
2025-10-26T06:31:00+00:00,2080.3,97.97,349.0,13.91,425.6,21.9,587.2,0.0565,0.59,68.3,203.3,9.1
2025-10-26T06:32:00+00:00,1919.1,97.74,356.8,13.87,411.2,22.6,609.0,0.0566,0.57,68.3,203.3,7.5
2025-10-26T06:33:00+00:00,2030.0,99.55,352.8,13.74,409.9,23.2,595.7,0.0559,0.55,68.3,203.3,10.0
2025-10-26T06:34:00+00:00,1988.2,97.10,359.3,13.81,437.6,21.4,533.1,0.0584,0.56,68.3,203.3,6.2
2025-10-26T06:35:00+00:00,2103.8,95.91,352.9,13.57,415.3,20.3,628.4,0.0599,0.62,68.3,203.3,6.8
2025-10-26T06:36:00+00:00,2197.8,97.04,355.1,13.97,421.4,22.0,598.9,0.0573,0.60,68.3,203.3,7.8
2025-10-26T06:37:00+00:00,2110.5,96.21,348.9,13.52,413.0,21.8,653.9,0.0578,0.59,68.3,203.3,8.3
2025-10-26T06:38:00+00:00,1972.8,98.22,348.7,13.99,406.1,21.4,537.3,0.0557,0.56,68.3,203.3,8.0
2025-10-26T06:39:00+00:00,1986.1,96.80,337.2,13.77,440.2,23.2,621.3,0.0559,0.57,68.3,203.3,6.2
2025-10-26T06:40:00+00:00,1848.7,96.03,348.5,13.71,425.7,23.5,634.2,0.0610,0.52,68.3,203.3,9.6
2025-10-26T06:41:00+00:00,1985.3,98.39,347.7,13.74,402.2,21.8,560.6,0.0560,0.58,68.3,203.3,7.3
2025-10-26T06:42:00+00:00,2194.4,99.44,353.7,13.93,431.2,21.9,602.3,0.0606,0.58,68.3,203.3,7.4
2025-10-26T06:43:00+00:00,1946.9,95.72,335.1,13.97,427.2,20.5,605.9,0.0556,0.52,68.3,203.3,7.7
2025-10-26T06:44:00+00:00,1802.6,95.52,330.5,13.63,393.0,25.9,598.1,0.0543,0.51,68.3,203.3,7.5
2025-10-26T06:45:00+00:00,2396.7,96.10,342.1,13.85,453.1,22.9,637.7,0.0582,0.58,68.3,203.3,8.9
2025-10-26T06:46:00+00:00,2138.6,96.14,348.9,13.95,451.8,22.9,572.6,0.0563,0.53,68.3,203.3,8.0
2025-10-26T06:47:00+00:00,1951.3,95.87,346.8,13.79,424.5,22.2,613.3,0.0551,0.50,68.3,203.3,7.4
2025-10-26T06:48:00+00:00,2078.6,99.14,351.8,13.70,400.1,22.4,587.1,0.0602,0.53,68.3,203.3,8.5
2025-10-26T06:49:00+00:00,2339.9,96.87,352.0,13.90,437.1,24.8,592.8,0.0646,0.64,68.3,203.3,7.9
2025-10-26T06:50:00+00:00,1965.6,98.97,345.6,13.78,423.9,25.4,612.6,0.0554,0.49,68.3,203.3,6.4
2025-10-26T06:51:00+00:00,1998.5,96.58,359.2,13.74,428.3,21.2,643.0,0.0650,0.51,68.3,203.3,7.5
2025-10-26T06:52:00+00:00,2021.8,99.48,337.8,13.95,408.1,20.4,583.2,0.0560,0.57,68.3,203.3,6.0
2025-10-26T06:53:00+00:00,2010.9,96.56,343.6,13.92,418.7,24.4,599.3,0.0572,0.58,68.3,203.3,7.7
2025-10-26T06:54:00+00:00,2103.1,96.63,343.2,13.65,401.0,22.1,591.4,0.0600,0.60,68.3,203.3,6.7
2025-10-26T06:55:00+00:00,1986.9,97.16,351.5,13.57,421.1,24.9,579.4,0.0558,0.52,68.3,203.3,6.2
2025-10-26T06:56:00+00:00,2091.0,97.80,347.1,13.64,401.8,22.3,612.1,0.0571,0.63,68.3,203.3,8.8
2025-10-26T06:57:00+00:00,1933.8,99.27,354.5,13.74,430.6,21.7,583.2,0.0557,0.58,68.3,203.3,8.0
2025-10-26T06:58:00+00:00,2045.9,99.04,359.4,13.89,411.1,19.8,598.8,0.0619,0.63,68.3,203.3,7.6
2025-10-26T06:59:00+00:00,2071.4,98.22,355.8,13.76,402.0,23.4,654.1,0.0570,0.64,68.3,203.3,6.7
2025-10-26T07:00:00+00:00,2025.7,99.06,346.0,13.71,418.3,22.0,545.7,0.0595,0.61,68.3,203.3,7.6
2025-10-26T07:01:00+00:00,1930.5,96.87,351.1,13.93,403.9,22.9,552.5,0.0589,0.54,68.3,203.3,8.2
2025-10-26T07:02:00+00:00,1925.6,96.16,357.5,13.92,413.1,22.2,611.6,0.0554,0.55,68.3,203.3,7.7
2025-10-26T07:03:00+00:00,1943.1,94.66,348.5,13.83,399.2,22.0,596.0,0.0556,0.57,68.3,203.3,9.6
2025-10-26T07:04:00+00:00,1896.9,98.76,354.1,13.56,417.6,23.9,558.8,0.0572,0.54,68.3,203.3,8.8
2025-10-26T07:05:00+00:00,2081.5,96.04,340.1,13.61,422.8,21.1,636.6,0.0564,0.58,68.3,203.3,8.8
2025-10-26T07:06:00+00:00,2075.6,96.95,354.4,13.70,418.0,20.0,574.9,0.0624,0.64,68.3,203.3,7.9
2025-10-26T07:07:00+00:00,2129.1,94.34,348.4,13.69,426.8,19.5,669.5,0.0591,0.57,68.3,203.3,9.0
2025-10-26T07:08:00+00:00,2456.4,100.89,329.9,14.06,439.0,21.3,586.8,0.0594,0.55,68.3,203.3,6.7
2025-10-26T07:09:00+00:00,2216.6,97.60,354.5,13.56,414.3,22.4,665.6,0.0566,0.54,68.3,203.3,8.2
2025-10-26T07:10:00+00:00,2413.1,98.63,347.5,13.77,442.0,21.7,661.7,0.0592,0.67,68.3,203.3,6.8
2025-10-26T07:11:00+00:00,1989.8,96.92,343.9,13.82,415.9,23.8,576.6,0.0553,0.51,68.3,203.3,9.4
2025-10-26T07:12:00+00:00,2046.2,97.30,352.1,13.80,419.1,25.6,577.3,0.0562,0.57,68.3,203.3,6.9
2025-10-26T07:13:00+00:00,2465.5,99.66,331.8,13.74,430.9,19.9,576.4,0.0650,0.59,68.3,203.3,9.4
2025-10-26T07:14:00+00:00,1964.4,96.65,344.0,13.56,411.2,20.5,578.3,0.0557,0.57,68.3,203.3,8.6
2025-10-26T07:15:00+00:00,1845.4,93.54,373.9,13.91,394.0,20.1,607.2,0.0553,0.59,68.3,203.3,7.2
2025-10-26T07:16:00+00:00,2477.9,99.03,347.8,13.88,452.1,19.1,633.8,0.0598,0.70,68.3,203.3,8.4
2025-10-26T07:17:00+00:00,2119.6,97.50,354.0,13.77,425.6,25.3,614.9,0.0607,0.58,68.3,203.3,8.5
2025-10-26T07:18:00+00:00,1930.2,98.64,349.5,13.83,418.4,23.7,593.9,0.0557,0.59,68.3,203.3,7.5
2025-10-26T07:19:00+00:00,2391.1,98.23,358.8,13.79,432.4,23.8,560.8,0.0613,0.64,68.3,203.3,9.9
2025-10-26T07:20:00+00:00,2137.3,95.98,361.6,13.93,423.0,22.2,606.6,0.0624,0.51,68.3,203.3,6.2
2025-10-26T07:21:00+00:00,2032.4,96.55,351.7,14.03,393.1,20.0,570.2,0.0639,0.58,68.3,203.3,9.6
2025-10-26T07:22:00+00:00,2625.0,99.93,344.8,13.84,448.2,22.3,611.2,0.0600,0.65,68.3,203.3,7.6
2025-10-26T07:23:00+00:00,1827.9,95.92,342.7,13.52,430.0,24.0,592.4,0.0614,0.44,68.3,203.3,7.5
2025-10-26T07:24:00+00:00,1867.0,95.16,346.6,13.72,425.8,22.5,598.4,0.0644,0.55,68.3,203.3,7.7
2025-10-26T07:25:00+00:00,2101.7,97.11,346.4,13.76,402.7,22.8,586.7,0.0573,0.66,68.3,203.3,8.1
2025-10-26T07:26:00+00:00,2039.5,96.03,369.6,13.81,425.5,22.9,635.3,0.0667,0.65,68.3,203.3,9.1
2025-10-26T07:27:00+00:00,2024.8,98.59,352.1,13.65,415.2,23.6,650.0,0.0565,0.62,68.3,203.3,8.7
2025-10-26T07:28:00+00:00,2053.6,96.65,326.9,13.67,417.6,20.8,617.7,0.0562,0.54,68.3,203.3,8.2
2025-10-26T07:29:00+00:00,1987.0,100.10,366.2,13.71,422.9,24.7,649.7,0.0550,0.47,68.3,203.3,6.7
2025-10-26T07:30:00+00:00,2171.4,99.72,352.3,13.91,429.0,24.9,666.8,0.0576,0.65,68.3,203.3,8.6
2025-10-26T07:31:00+00:00,2030.7,98.44,344.1,13.76,424.5,21.4,614.5,0.0561,0.57,68.3,203.3,7.8
2025-10-26T07:32:00+00:00,2168.0,96.30,347.4,13.66,420.7,22.7,577.9,0.0571,0.61,68.3,203.3,10.0
2025-10-26T07:33:00+00:00,2157.9,96.68,350.7,13.80,437.9,21.3,602.7,0.0574,0.63,68.3,203.3,7.8
2025-10-26T07:34:00+00:00,1946.2,96.06,350.2,14.10,415.7,21.8,551.9,0.0619,0.56,68.3,203.3,7.3
2025-10-26T07:35:00+00:00,2126.1,97.55,340.9,13.65,426.9,21.3,584.8,0.0572,0.63,68.3,203.3,8.1
2025-10-26T07:36:00+00:00,1968.9,98.56,348.6,14.07,411.7,21.5,604.9,0.0557,0.56,68.3,203.3,5.3
2025-10-26T07:37:00+00:00,1881.0,93.92,345.6,14.00,413.4,20.8,587.8,0.0553,0.58,68.3,203.3,9.0
2025-10-26T07:38:00+00:00,1986.6,96.58,334.8,13.59,408.6,25.2,646.6,0.0564,0.59,68.3,203.3,7.9
2025-10-26T07:39:00+00:00,2081.8,98.46,349.3,13.98,418.3,19.7,615.6,0.0555,0.49,68.3,203.3,6.5
2025-10-26T07:40:00+00:00,1933.4,96.77,344.4,13.77,444.3,22.9,543.2,0.0557,0.58,68.3,203.3,9.3
2025-10-26T07:41:00+00:00,2115.3,99.02,352.5,13.89,421.3,23.3,587.3,0.0577,0.69,68.3,203.3,8.6
2025-10-26T07:42:00+00:00,1964.3,94.91,347.1,13.76,416.3,22.7,602.1,0.0562,0.62,68.3,203.3,6.5
2025-10-26T07:43:00+00:00,1887.3,97.61,365.0,13.88,422.8,21.8,597.9,0.0560,0.51,68.3,203.3,7.0
2025-10-26T07:44:00+00:00,2052.9,95.91,341.7,13.69,426.6,23.8,560.4,0.0549,0.44,68.3,203.3,8.3
2025-10-26T07:45:00+00:00,1999.3,97.51,354.9,13.85,411.5,23.6,530.4,0.0555,0.51,68.3,203.3,7.1
2025-10-26T07:46:00+00:00,1981.4,97.39,347.8,13.66,419.3,22.8,624.8,0.0579,0.60,68.3,203.3,8.2
2025-10-26T07:47:00+00:00,1905.4,96.24,355.0,13.93,404.5,21.9,592.5,0.0547,0.52,68.3,203.3,9.0
2025-10-26T07:48:00+00:00,2036.8,95.97,332.9,13.76,440.8,24.6,593.0,0.0554,0.50,68.3,203.3,6.9
2025-10-26T07:49:00+00:00,2042.7,97.81,348.9,13.89,428.3,22.3,660.4,0.0564,0.58,68.3,203.3,8.1
2025-10-26T07:50:00+00:00,2116.1,96.11,366.8,13.78,423.4,20.1,586.1,0.0570,0.61,68.3,203.3,8.4
2025-10-26T07:51:00+00:00,2121.7,98.76,350.2,13.54,424.0,21.9,641.5,0.0598,0.52,68.3,203.3,6.5
2025-10-26T07:52:00+00:00,2150.6,96.00,349.6,13.91,436.1,21.0,599.0,0.0566,0.55,68.3,203.3,7.7
2025-10-26T07:53:00+00:00,1923.2,98.10,338.7,13.87,418.2,23.9,620.6,0.0558,0.56,68.3,203.3,7.1
2025-10-26T07:54:00+00:00,2029.9,94.02,346.2,14.18,447.3,24.5,594.7,0.0597,0.51,68.3,203.3,8.4
2025-10-26T07:55:00+00:00,1912.0,95.35,347.8,13.59,414.4,22.0,551.6,0.0560,0.63,68.3,203.3,7.3
2025-10-26T07:56:00+00:00,2062.8,97.94,342.6,13.73,435.3,23.0,579.3,0.0563,0.58,68.3,203.3,6.7
2025-10-26T07:57:00+00:00,1739.9,96.53,356.2,13.96,415.1,21.5,651.6,0.0541,0.54,68.3,203.3,7.1
2025-10-26T07:58:00+00:00,2099.4,97.83,353.4,13.70,416.1,23.2,607.9,0.0567,0.59,68.3,203.3,9.6
2025-10-26T07:59:00+00:00,2130.8,95.61,362.3,13.66,441.7,21.8,638.9,0.0572,0.65,68.3,203.3,6.9
2025-10-26T08:00:00+00:00,1939.2,98.44,360.9,13.88,430.9,21.1,684.2,0.0555,0.57,68.3,203.3,8.3
2025-10-26T08:01:00+00:00,2010.2,95.85,354.4,14.00,436.8,22.1,642.8,0.0645,0.58,68.3,203.3,7.8
2025-10-26T08:02:00+00:00,1989.4,97.47,351.8,13.67,397.9,20.9,609.3,0.0599,0.61,68.3,203.3,9.5
2025-10-26T08:03:00+00:00,1946.4,95.35,348.3,13.86,401.5,22.1,682.8,0.0608,0.62,68.3,203.3,8.7
2025-10-26T08:04:00+00:00,1791.6,97.49,353.3,13.83,421.8,21.1,595.3,0.0552,0.61,68.3,203.3,7.1
2025-10-26T08:05:00+00:00,1921.0,94.36,347.4,13.55,429.1,24.0,620.9,0.0548,0.51,68.3,203.3,6.5
2025-10-26T08:06:00+00:00,2133.2,99.76,337.6,13.69,422.3,19.6,556.3,0.0567,0.58,68.3,203.3,8.3
2025-10-26T08:07:00+00:00,2159.4,97.51,351.4,13.82,408.2,23.8,541.1,0.0591,0.60,68.3,203.3,7.5
2025-10-26T08:08:00+00:00,1901.7,97.77,347.1,14.07,434.6,21.5,616.7,0.0573,0.58,68.3,203.3,10.0
2025-10-26T08:09:00+00:00,2120.4,97.01,354.3,13.96,433.1,20.1,582.9,0.0569,0.61,68.3,203.3,8.8
2025-10-26T08:10:00+00:00,2169.2,96.44,363.6,14.02,452.8,22.6,595.2,0.0574,0.61,68.3,203.3,9.3
2025-10-26T08:11:00+00:00,2148.5,97.76,359.8,13.83,426.4,23.2,619.3,0.0599,0.56,68.3,203.3,7.5
2025-10-26T08:12:00+00:00,2093.6,98.69,333.0,13.90,417.7,23.6,512.6,0.0575,0.58,68.3,203.3,8.4
2025-10-26T08:13:00+00:00,2093.6,100.40,348.1,13.71,421.2,20.7,626.7,0.0593,0.58,68.3,203.3,8.3
2025-10-26T08:14:00+00:00,1981.2,97.85,358.5,13.56,422.4,20.7,561.6,0.0560,0.56,68.3,203.3,6.6
2025-10-26T08:15:00+00:00,2020.0,97.16,365.5,13.76,426.8,19.3,591.7,0.0556,0.53,68.3,203.3,7.6
2025-10-26T08:16:00+00:00,2129.1,99.71,353.8,14.01,398.0,22.6,612.7,0.0573,0.65,68.3,203.3,7.5
2025-10-26T08:17:00+00:00,1907.6,97.67,340.6,13.78,410.1,23.5,546.1,0.0567,0.55,68.3,203.3,9.3
2025-10-26T08:18:00+00:00,2176.2,95.20,353.8,13.93,439.6,21.9,595.1,0.0574,0.62,68.3,203.3,7.5
2025-10-26T08:19:00+00:00,2119.7,98.18,350.0,13.87,421.9,21.5,619.6,0.0591,0.65,68.3,203.3,7.9
2025-10-26T08:20:00+00:00,1970.4,97.64,345.5,13.84,420.6,22.4,647.5,0.0579,0.55,68.3,203.3,6.6
2025-10-26T08:21:00+00:00,2077.9,94.07,348.5,13.52,435.4,22.4,633.1,0.0571,0.54,68.3,203.3,8.3
2025-10-26T08:22:00+00:00,2153.1,96.25,335.1,13.89,423.7,22.0,618.9,0.0566,0.56,68.3,203.3,6.7
2025-10-26T08:23:00+00:00,1978.2,95.79,347.5,13.83,426.4,21.7,628.3,0.0573,0.67,68.3,203.3,8.4
2025-10-26T08:24:00+00:00,2009.6,97.77,344.0,13.94,412.7,21.9,629.7,0.0631,0.61,68.3,203.3,9.6
2025-10-26T08:25:00+00:00,2048.7,98.03,354.5,13.68,411.4,23.1,639.5,0.0572,0.67,68.3,203.3,7.2
2025-10-26T08:26:00+00:00,1876.0,95.30,358.2,13.77,455.9,23.3,579.7,0.0554,0.55,68.3,203.3,7.6
2025-10-26T08:27:00+00:00,2201.9,95.53,353.1,13.85,449.2,22.2,629.6,0.0602,0.58,68.3,203.3,5.2
2025-10-26T08:28:00+00:00,1802.0,97.20,349.6,13.55,409.3,22.1,567.5,0.0612,0.59,68.3,203.3,7.4
2025-10-26T08:29:00+00:00,2086.4,96.84,357.1,13.83,411.3,24.0,623.6,0.0586,0.56,68.3,203.3,10.6
2025-10-26T08:30:00+00:00,1893.6,96.20,343.3,14.00,407.3,22.9,590.2,0.0595,0.63,68.3,203.3,8.3
2025-10-26T08:31:00+00:00,2092.3,97.42,340.3,13.65,420.0,23.0,602.8,0.0696,0.56,68.3,203.3,7.1
2025-10-26T08:32:00+00:00,1936.6,97.34,345.5,13.58,417.5,19.8,592.6,0.0606,0.62,68.3,203.3,7.9
2025-10-26T08:33:00+00:00,2052.7,97.18,345.4,13.96,424.4,21.9,549.3,0.0563,0.57,68.3,203.3,8.0
2025-10-26T08:34:00+00:00,1078.7,95.07,353.2,13.71,376.8,21.8,534.1,0.0501,0.49,68.3,203.3,7.9
2025-10-26T08:35:00+00:00,943.0,92.48,367.2,13.59,407.8,21.0,548.1,0.0515,0.62,68.3,203.3,8.6
2025-10-26T08:36:00+00:00,974.1,94.79,348.5,13.86,409.5,23.9,526.6,0.0560,0.56,68.3,203.3,8.5
2025-10-26T08:37:00+00:00,1001.7,92.17,356.5,13.48,401.3,24.3,560.2,0.0512,0.64,68.3,203.3,7.4
2025-10-26T08:38:00+00:00,978.4,94.53,355.1,13.71,382.3,22.7,584.7,0.0559,0.67,68.3,203.3,8.3
2025-10-26T08:39:00+00:00,1038.1,95.26,362.7,13.47,372.8,24.8,598.9,0.0557,0.55,68.3,203.3,8.9
2025-10-26T08:40:00+00:00,971.0,93.23,367.9,13.62,384.0,22.0,531.9,0.0511,0.53,68.3,203.3,5.9
2025-10-26T08:41:00+00:00,819.9,93.95,355.7,14.00,406.2,20.9,585.5,0.0496,0.56,68.3,203.3,6.8
2025-10-26T08:42:00+00:00,946.8,95.77,366.8,13.83,392.6,20.6,535.1,0.0498,0.49,68.3,203.3,8.1
2025-10-26T08:43:00+00:00,1074.4,91.48,352.3,13.59,396.3,22.4,563.4,0.0507,0.56,68.3,203.3,7.0
2025-10-26T08:44:00+00:00,1092.3,94.40,343.0,13.94,386.0,22.4,543.5,0.0599,0.53,68.3,203.3,5.5
2025-10-26T08:45:00+00:00,1112.9,92.12,357.9,13.87,405.3,24.2,536.1,0.0511,0.55,68.3,203.3,8.3
2025-10-26T08:46:00+00:00,1085.5,95.88,367.5,13.78,380.5,20.8,521.2,0.0508,0.55,68.3,203.3,6.6
2025-10-26T14:00:00+00:00,945.1,91.32,366.6,13.49,412.8,21.5,578.6,0.0629,0.57,68.3,203.3,8.2
2025-10-26T14:01:00+00:00,889.6,94.33,365.4,13.81,394.0,22.5,607.5,0.0537,0.59,68.3,203.3,8.7
2025-10-26T14:02:00+00:00,929.7,90.82,348.0,13.86,389.4,22.1,558.7,0.0509,0.57,68.3,203.3,9.3
2025-10-26T14:03:00+00:00,1064.1,98.08,361.4,13.81,388.0,23.3,559.2,0.0510,0.58,68.3,203.3,8.5
2025-10-26T14:04:00+00:00,1013.9,93.73,352.0,13.77,390.1,22.6,582.2,0.0566,0.60,68.3,203.3,8.7
2025-10-26T14:05:00+00:00,950.5,91.30,352.5,13.95,392.9,19.9,528.0,0.0554,0.64,68.3,203.3,6.5
2025-10-26T14:06:00+00:00,1001.9,94.02,366.4,13.72,388.1,21.7,564.5,0.0526,0.53,68.3,203.3,6.6
2025-10-26T14:07:00+00:00,1070.7,96.23,357.5,13.86,407.8,21.3,562.1,0.0521,0.58,68.3,203.3,7.1
2025-10-26T14:08:00+00:00,981.4,93.42,369.4,13.77,388.2,22.1,536.2,0.0566,0.60,68.3,203.3,7.0
2025-10-26T14:09:00+00:00,1046.1,92.64,364.1,13.75,388.0,23.3,534.2,0.0505,0.54,68.3,203.3,5.4
2025-10-26T14:10:00+00:00,843.9,92.23,356.0,13.70,367.5,20.9,528.1,0.0494,0.54,68.3,203.3,7.1
2025-10-26T14:11:00+00:00,1013.6,93.22,350.4,13.90,395.7,24.4,586.4,0.0498,0.50,68.3,203.3,8.2
2025-10-26T14:12:00+00:00,905.4,95.24,355.6,13.71,370.8,20.4,592.1,0.0573,0.53,68.3,203.3,8.5
2025-10-26T14:13:00+00:00,935.2,95.22,365.4,14.02,390.1,25.9,523.5,0.0519,0.61,68.3,203.3,9.3
2025-10-26T14:14:00+00:00,2016.3,94.43,348.3,13.67,417.0,24.3,639.1,0.0566,0.63,68.3,203.3,8.4
2025-10-26T14:15:00+00:00,2025.0,98.20,362.9,13.85,453.3,21.5,616.1,0.0564,0.60,68.3,203.3,7.9
2025-10-26T14:16:00+00:00,2036.6,99.58,368.3,13.66,416.7,22.2,604.3,0.0559,0.54,68.3,203.3,8.3
2025-10-26T14:17:00+00:00,2023.8,96.50,345.5,13.84,415.6,23.6,600.3,0.0616,0.62,68.3,203.3,8.8
2025-10-26T14:18:00+00:00,1991.5,98.80,341.6,13.43,431.5,22.1,558.4,0.0554,0.53,68.3,203.3,7.8
2025-10-26T14:19:00+00:00,2008.5,95.25,348.6,13.95,425.6,23.5,615.5,0.0586,0.51,68.3,203.3,7.7
2025-10-26T14:20:00+00:00,2054.2,95.86,358.5,13.72,422.8,21.0,607.9,0.0634,0.64,68.3,203.3,6.3
2025-10-26T14:21:00+00:00,2008.8,95.77,349.2,13.84,416.6,22.0,557.6,0.0600,0.59,68.3,203.3,7.9
2025-10-26T14:22:00+00:00,1949.1,95.72,344.7,13.97,414.7,24.2,631.8,0.0562,0.62,68.3,203.3,10.0
2025-10-26T14:23:00+00:00,2179.0,94.00,360.5,13.77,409.7,24.2,612.0,0.0570,0.60,68.3,203.3,9.0
2025-10-26T14:24:00+00:00,2026.6,93.08,354.6,13.75,421.2,22.3,636.7,0.0566,0.62,68.3,203.3,8.5
2025-10-26T14:25:00+00:00,1964.1,97.47,355.1,13.81,427.4,20.1,589.5,0.0579,0.61,68.3,203.3,6.7
2025-10-26T14:26:00+00:00,1988.2,97.26,329.5,13.88,421.8,21.9,590.1,0.0566,0.54,68.3,203.3,7.7
2025-10-26T14:27:00+00:00,1917.3,99.25,349.4,13.80,400.5,25.0,610.6,0.0558,0.60,68.3,203.3,7.5
2025-10-26T14:28:00+00:00,2155.2,94.15,357.9,13.91,453.6,22.2,674.8,0.0564,0.55,68.3,203.3,6.4
2025-10-26T14:29:00+00:00,1868.4,98.33,358.9,13.79,421.0,24.6,597.5,0.0566,0.71,68.3,203.3,8.3
2025-10-26T14:30:00+00:00,2088.7,95.81,351.7,13.72,417.7,24.2,603.2,0.0613,0.55,68.3,203.3,5.5
2025-10-26T14:31:00+00:00,1920.5,94.73,337.6,13.79,416.5,21.2,625.4,0.0658,0.64,68.3,203.3,6.3
2025-10-26T14:32:00+00:00,2034.8,98.09,340.8,14.00,419.1,22.7,579.0,0.0566,0.62,68.3,203.3,7.4
2025-10-26T14:33:00+00:00,1951.0,97.70,351.6,13.90,419.5,21.8,608.3,0.0634,0.52,68.3,203.3,6.8
2025-10-26T14:34:00+00:00,2080.4,96.68,348.1,14.07,425.1,23.8,624.2,0.0566,0.59,68.3,203.3,8.5
2025-10-26T14:35:00+00:00,1918.6,98.51,347.8,13.89,394.0,19.0,597.9,0.0555,0.58,68.3,203.3,9.4
2025-10-26T14:36:00+00:00,2165.7,98.71,343.5,13.97,432.3,22.5,608.3,0.0573,0.62,68.3,203.3,9.4
2025-10-26T14:37:00+00:00,1991.6,96.72,348.1,13.88,442.9,22.7,587.7,0.0561,0.60,68.3,203.3,8.9
2025-10-26T14:38:00+00:00,2107.7,96.36,345.0,13.98,425.6,21.9,587.2,0.0585,0.67,68.3,203.3,7.0
2025-10-26T14:39:00+00:00,2067.2,96.34,359.7,13.85,416.3,21.7,587.9,0.0593,0.64,68.3,203.3,7.3
2025-10-26T14:40:00+00:00,1921.8,97.95,356.3,13.71,411.4,19.6,606.3,0.0562,0.55,68.3,203.3,9.1
2025-10-26T14:41:00+00:00,1824.2,96.34,345.3,13.62,391.6,23.4,559.6,0.0573,0.58,68.3,203.3,7.9
2025-10-26T14:42:00+00:00,1734.1,95.07,339.7,13.69,402.9,25.5,553.6,0.0558,0.63,68.3,203.3,9.2
2025-10-26T14:43:00+00:00,1963.2,94.00,348.3,13.80,419.9,26.0,633.2,0.0628,0.52,68.3,203.3,8.6
2025-10-26T14:44:00+00:00,2012.6,95.99,346.1,13.68,422.1,23.9,604.3,0.0562,0.60,68.3,203.3,8.6
2025-10-26T14:45:00+00:00,1873.3,96.66,344.9,13.93,418.2,22.7,567.7,0.0568,0.55,68.3,203.3,9.3
2025-10-26T14:46:00+00:00,1844.4,96.77,357.9,13.74,422.9,21.1,639.7,0.0543,0.49,68.3,203.3,9.4
2025-10-26T14:47:00+00:00,1917.1,97.82,339.7,13.51,427.0,24.8,582.2,0.0555,0.57,68.3,203.3,6.1
2025-10-26T14:48:00+00:00,1954.2,98.68,348.6,13.83,415.1,25.4,603.0,0.0552,0.53,68.3,203.3,7.9
2025-10-26T14:49:00+00:00,2281.1,100.85,349.8,13.91,436.0,21.5,629.5,0.0579,0.62,68.3,203.3,8.0
2025-10-26T14:50:00+00:00,1968.1,95.14,361.0,13.91,410.9,21.5,553.0,0.0590,0.71,68.3,203.3,8.0
2025-10-26T14:51:00+00:00,1722.4,96.36,362.2,13.64,413.6,23.0,607.7,0.0554,0.54,68.3,203.3,9.7
2025-10-26T14:52:00+00:00,2005.0,95.34,362.0,13.54,418.1,22.5,611.9,0.0558,0.56,68.3,203.3,9.3
2025-10-26T14:53:00+00:00,1875.7,96.59,355.1,13.87,422.4,24.4,568.4,0.0546,0.51,68.3,203.3,6.9
2025-10-26T14:54:00+00:00,2090.0,95.69,352.4,13.74,433.5,24.4,625.0,0.0585,0.63,68.3,203.3,7.9
2025-10-26T14:55:00+00:00,1824.5,95.64,368.8,13.74,430.6,21.3,612.7,0.0553,0.57,68.3,203.3,9.2
2025-10-26T14:56:00+00:00,2022.7,95.56,354.6,13.71,424.0,25.0,591.5,0.0563,0.60,68.3,203.3,8.5
2025-10-26T14:57:00+00:00,2105.2,96.47,352.4,13.81,448.5,23.5,569.1,0.0559,0.52,68.3,203.3,8.6
2025-10-26T14:58:00+00:00,2058.0,97.86,363.1,13.52,435.0,22.3,594.0,0.0564,0.59,68.3,203.3,8.5
2025-10-26T14:59:00+00:00,1970.5,94.69,343.4,13.79,416.1,24.6,582.4,0.0579,0.57,68.3,203.3,8.5
2025-10-26T15:00:00+00:00,2092.6,97.21,340.5,13.70,427.5,21.3,663.0,0.0647,0.60,68.3,203.3,7.3
2025-10-26T15:01:00+00:00,1954.9,93.09,357.0,13.88,415.6,21.8,549.2,0.0577,0.50,68.3,203.3,8.9
2025-10-26T15:02:00+00:00,2127.1,95.55,349.7,13.87,429.0,24.1,618.0,0.0596,0.58,68.3,203.3,9.4
2025-10-26T15:03:00+00:00,1922.8,97.27,352.0,13.72,419.1,21.9,591.9,0.0551,0.54,68.3,203.3,6.9
2025-10-26T15:04:00+00:00,2084.0,96.78,354.9,13.74,426.4,23.1,615.4,0.0587,0.55,68.3,203.3,6.7
2025-10-26T15:05:00+00:00,1951.7,96.00,351.6,13.97,432.3,23.2,640.7,0.0569,0.68,68.3,203.3,5.6
2025-10-26T15:06:00+00:00,2118.7,97.17,341.1,14.01,418.1,24.4,657.5,0.0573,0.50,68.3,203.3,6.6
2025-10-26T15:07:00+00:00,2055.2,96.26,357.3,13.98,448.5,21.1,552.8,0.0556,0.51,68.3,203.3,8.2
2025-10-26T15:08:00+00:00,2116.4,99.48,330.8,13.55,424.0,21.6,608.5,0.0568,0.60,68.3,203.3,8.0
2025-10-26T15:09:00+00:00,2019.3,96.42,349.9,13.88,432.0,24.9,651.3,0.0633,0.56,68.3,203.3,6.6
2025-10-26T15:10:00+00:00,1949.0,98.05,363.6,13.92,427.2,21.5,583.8,0.0584,0.59,68.3,203.3,7.9
2025-10-26T15:11:00+00:00,2184.7,98.00,355.1,13.83,433.4,24.4,607.5,0.0649,0.60,68.3,203.3,7.9
2025-10-26T15:12:00+00:00,2524.6,98.08,349.2,13.60,442.6,21.1,617.4,0.0602,0.56,68.3,203.3,7.4
2025-10-26T15:13:00+00:00,2113.5,97.62,354.9,13.86,410.0,23.4,593.8,0.0560,0.52,68.3,203.3,8.7
2025-10-26T15:14:00+00:00,2254.9,99.77,359.5,13.84,442.7,22.3,604.5,0.0626,0.57,68.3,203.3,7.9
2025-10-26T15:15:00+00:00,2488.1,99.21,351.2,13.94,424.8,25.6,692.6,0.0584,0.58,68.3,203.3,8.6
2025-10-26T15:16:00+00:00,1999.0,95.77,341.3,13.97,407.5,21.4,586.3,0.0637,0.59,68.3,203.3,8.0
2025-10-26T15:17:00+00:00,2522.7,98.08,334.8,13.85,440.2,23.4,628.0,0.0582,0.52,68.3,203.3,6.7
2025-10-26T15:18:00+00:00,2056.2,97.80,341.5,13.70,416.0,22.4,625.6,0.0560,0.54,68.3,203.3,7.1
2025-10-26T15:19:00+00:00,2417.8,99.34,343.8,13.86,434.9,18.3,667.3,0.0582,0.58,68.3,203.3,8.6
2025-10-26T15:20:00+00:00,1836.3,96.91,361.8,13.81,421.0,21.6,550.4,0.0587,0.59,68.3,203.3,9.1
2025-10-26T15:21:00+00:00,1836.4,96.77,335.9,13.51,421.1,23.0,580.4,0.0550,0.56,68.3,203.3,7.5
2025-10-26T15:22:00+00:00,1931.5,94.82,343.2,13.69,409.2,22.4,638.0,0.0652,0.55,68.3,203.3,6.7
2025-10-26T15:23:00+00:00,2505.7,98.45,344.1,13.69,420.4,20.0,624.4,0.0586,0.57,68.3,203.3,6.6
2025-10-26T15:24:00+00:00,1775.4,94.80,356.6,13.79,411.5,25.1,628.3,0.0606,0.56,68.3,203.3,9.4
2025-10-26T15:25:00+00:00,2025.8,97.81,337.4,13.89,427.2,22.0,582.4,0.0653,0.58,68.3,203.3,6.7
2025-10-26T15:26:00+00:00,2172.7,99.28,345.9,13.72,421.3,21.5,635.2,0.0566,0.54,68.3,203.3,7.2
2025-10-26T15:27:00+00:00,1897.3,95.94,341.5,13.92,407.3,21.7,621.5,0.0554,0.56,68.3,203.3,7.6
2025-10-26T15:28:00+00:00,1995.6,97.09,338.6,13.70,420.9,21.3,627.0,0.0614,0.63,68.3,203.3,8.6
2025-10-26T15:29:00+00:00,1958.9,96.65,353.2,13.85,429.5,24.2,618.9,0.0557,0.56,68.3,203.3,6.9
2025-10-26T15:30:00+00:00,1997.6,96.73,355.0,13.84,416.6,22.2,573.2,0.0566,0.62,68.3,203.3,8.7
2025-10-26T15:31:00+00:00,2374.3,96.44,360.0,13.89,433.6,23.4,635.7,0.0573,0.50,68.3,203.3,7.6
2025-10-26T15:32:00+00:00,2171.4,97.47,356.1,13.78,412.6,22.1,634.5,0.0598,0.57,68.3,203.3,8.0
2025-10-26T15:33:00+00:00,2384.3,96.13,348.1,13.78,433.8,23.1,612.4,0.0586,0.62,68.3,203.3,8.9
2025-10-26T15:34:00+00:00,1884.7,95.85,359.0,13.66,398.8,23.3,631.3,0.0552,0.55,68.3,203.3,7.5
2025-10-26T15:35:00+00:00,1984.3,97.68,343.3,13.97,435.2,20.0,592.2,0.0561,0.59,68.3,203.3,9.1
2025-10-26T15:36:00+00:00,2484.5,98.72,340.6,13.84,434.4,21.7,663.7,0.0587,0.58,68.3,203.3,5.9
2025-10-26T15:37:00+00:00,1902.3,95.77,342.3,13.62,403.3,21.1,583.2,0.0556,0.59,68.3,203.3,6.7
2025-10-26T15:38:00+00:00,2518.4,101.32,360.0,13.80,444.5,23.6,611.2,0.0667,0.52,68.3,203.3,9.3
2025-10-26T15:39:00+00:00,2012.0,97.03,362.3,14.08,411.5,24.0,578.5,0.0609,0.60,68.3,203.3,6.4
2025-10-26T15:40:00+00:00,2505.4,100.40,347.5,13.67,432.4,20.1,568.3,0.0577,0.50,68.3,203.3,8.3
2025-10-26T15:41:00+00:00,2203.8,96.83,346.0,13.64,437.5,21.7,637.3,0.0576,0.60,68.3,203.3,5.9
2025-10-26T15:42:00+00:00,2397.3,99.80,339.8,14.12,441.3,21.1,622.7,0.0584,0.62,68.3,203.3,8.5
2025-10-26T15:43:00+00:00,2085.7,98.22,345.3,13.47,391.4,20.4,626.0,0.0645,0.63,68.3,203.3,9.0
2025-10-26T15:44:00+00:00,2409.4,96.96,324.6,13.69,426.6,23.1,626.4,0.0582,0.58,68.3,203.3,7.3
2025-10-26T15:45:00+00:00,1935.9,95.77,357.5,13.88,445.4,22.2,587.9,0.0561,0.63,68.3,203.3,7.2
2025-10-26T15:46:00+00:00,1975.4,98.25,365.0,13.92,406.0,24.3,574.1,0.0570,0.59,68.3,203.3,8.2
2025-10-26T15:47:00+00:00,1871.2,96.28,350.0,13.87,418.6,23.9,589.7,0.0557,0.60,68.3,203.3,9.5
2025-10-26T15:48:00+00:00,2096.4,98.82,346.2,13.75,402.4,22.3,565.3,0.0572,0.64,68.3,203.3,6.3
2025-10-26T15:49:00+00:00,2166.1,97.42,341.5,13.53,451.4,23.0,621.6,0.0573,0.61,68.3,203.3,8.1
2025-10-26T15:50:00+00:00,2025.2,96.34,342.5,13.93,407.3,23.8,650.4,0.0570,0.57,68.3,203.3,9.1
2025-10-26T15:51:00+00:00,1947.4,96.88,354.0,14.05,409.2,23.1,629.1,0.0586,0.57,68.3,203.3,8.3
2025-10-26T15:52:00+00:00,1958.5,97.24,345.9,13.67,400.6,20.4,591.3,0.0594,0.54,68.3,203.3,8.3
2025-10-26T15:53:00+00:00,2057.6,96.49,343.8,13.66,428.8,24.0,649.1,0.0558,0.52,68.3,203.3,8.0
2025-10-26T15:54:00+00:00,1988.9,96.87,352.4,13.71,419.3,22.0,643.4,0.0560,0.59,68.3,203.3,6.6
2025-10-26T15:55:00+00:00,1983.6,95.07,365.4,13.90,431.1,18.7,639.4,0.0553,0.51,68.3,203.3,7.4
2025-10-26T15:56:00+00:00,1971.5,97.88,354.0,13.89,412.6,22.7,611.5,0.0563,0.62,68.3,203.3,6.5
2025-10-26T15:57:00+00:00,2009.4,101.32,354.7,13.89,449.2,23.0,585.8,0.0602,0.58,68.3,203.3,7.8
2025-10-26T15:58:00+00:00,1935.6,95.40,349.5,13.73,426.1,20.9,572.1,0.0561,0.62,68.3,203.3,8.7
2025-10-26T15:59:00+00:00,1820.6,96.33,346.9,13.60,429.8,21.4,560.7,0.0581,0.64,68.3,203.3,9.2
2025-10-26T16:00:00+00:00,2025.6,95.46,364.1,13.57,417.6,21.8,562.4,0.0583,0.58,68.3,203.3,8.6
2025-10-26T16:01:00+00:00,2061.2,96.09,347.2,13.70,400.6,22.8,555.0,0.0563,0.56,68.3,203.3,7.4
2025-10-26T16:02:00+00:00,1765.3,95.06,356.6,13.72,390.8,22.6,611.9,0.0672,0.60,68.3,203.3,8.5
2025-10-26T16:03:00+00:00,1920.1,99.93,365.5,13.83,436.0,25.6,581.5,0.0546,0.48,68.3,203.3,6.5
2025-10-26T16:04:00+00:00,2043.5,96.00,350.3,13.68,436.2,21.6,652.4,0.0573,0.61,68.3,203.3,7.8
2025-10-26T16:05:00+00:00,1914.9,94.67,360.0,13.72,417.0,20.6,646.9,0.0560,0.61,68.3,203.3,7.6
2025-10-26T16:06:00+00:00,1932.3,98.56,346.6,13.60,418.1,20.0,649.1,0.0551,0.54,68.3,203.3,6.7
2025-10-26T16:07:00+00:00,2155.4,98.22,336.1,13.80,430.3,19.7,630.3,0.0561,0.51,68.3,203.3,8.3
2025-10-26T16:08:00+00:00,2143.2,97.02,351.8,13.65,414.6,22.2,559.2,0.0573,0.54,68.3,203.3,8.6
2025-10-26T16:09:00+00:00,1985.6,95.93,369.9,13.78,414.1,19.9,630.7,0.0563,0.63,68.3,203.3,6.9
2025-10-26T16:10:00+00:00,1797.7,96.11,353.6,13.71,415.3,25.6,579.2,0.0565,0.55,68.3,203.3,7.3
2025-10-26T16:11:00+00:00,2053.9,94.15,343.6,13.78,436.2,21.7,625.6,0.0561,0.56,68.3,203.3,6.7
2025-10-26T16:12:00+00:00,1941.4,97.24,352.8,13.81,429.3,22.9,582.6,0.0586,0.62,68.3,203.3,8.3
2025-10-26T16:13:00+00:00,1834.5,97.10,353.8,13.79,425.2,23.3,606.8,0.0562,0.67,68.3,203.3,6.9
2025-10-26T16:14:00+00:00,2046.1,99.55,350.7,13.76,412.8,24.5,579.6,0.0554,0.48,68.3,203.3,8.1
2025-10-26T16:15:00+00:00,2016.5,94.76,346.0,13.68,403.2,24.2,556.8,0.0551,0.49,68.3,203.3,8.3
2025-10-26T16:16:00+00:00,2103.8,96.07,349.5,13.46,402.6,25.0,591.1,0.0567,0.58,68.3,203.3,8.4
2025-10-26T16:17:00+00:00,1937.7,96.11,338.3,13.84,404.4,18.8,531.4,0.0561,0.61,68.3,203.3,9.8
2025-10-26T16:18:00+00:00,1834.6,99.28,341.1,14.07,395.6,24.9,636.7,0.0548,0.50,68.3,203.3,7.6
2025-10-26T16:19:00+00:00,1858.0,95.56,348.8,13.85,423.6,23.1,618.2,0.0551,0.57,68.3,203.3,7.4
2025-10-26T16:20:00+00:00,1955.6,97.31,341.1,13.65,451.4,24.6,560.7,0.0631,0.63,68.3,203.3,8.6
2025-10-26T16:21:00+00:00,2042.9,98.09,345.2,13.71,437.6,22.8,640.6,0.0568,0.64,68.3,203.3,8.1
2025-10-26T16:22:00+00:00,2270.7,98.01,344.1,13.90,432.2,21.8,608.2,0.0632,0.59,68.3,203.3,7.3
2025-10-26T16:23:00+00:00,1880.6,96.28,349.6,13.55,433.7,22.1,557.7,0.0549,0.53,68.3,203.3,8.2
2025-10-26T16:24:00+00:00,1968.2,97.51,340.9,13.60,413.7,21.5,635.0,0.0552,0.53,68.3,203.3,8.3
2025-10-26T16:25:00+00:00,1874.0,94.41,353.6,13.66,421.6,20.1,602.5,0.0554,0.59,68.3,203.3,7.6
2025-10-26T16:26:00+00:00,1875.3,94.45,351.3,13.66,405.8,22.1,635.0,0.0554,0.57,68.3,203.3,7.1
2025-10-26T16:27:00+00:00,1808.4,95.24,342.1,13.97,428.1,22.6,652.9,0.0545,0.53,68.3,203.3,7.2
2025-10-26T16:28:00+00:00,2221.5,97.66,349.7,13.81,429.1,22.2,518.7,0.0669,0.56,68.3,203.3,8.1
2025-10-26T16:29:00+00:00,2065.7,95.26,343.6,13.69,405.4,20.2,646.9,0.0615,0.62,68.3,203.3,7.0
2025-10-26T16:30:00+00:00,2110.1,95.93,344.5,13.76,424.8,21.7,626.0,0.0566,0.57,68.3,203.3,9.8
2025-10-26T16:31:00+00:00,2056.9,96.41,371.0,13.62,413.7,21.2,582.6,0.0599,0.55,68.3,203.3,7.7
2025-10-26T16:32:00+00:00,1999.9,96.87,352.5,13.86,393.1,21.4,637.0,0.0559,0.57,68.3,203.3,10.1
2025-10-26T16:33:00+00:00,1981.5,96.28,360.3,13.69,425.4,24.3,618.5,0.0588,0.63,68.3,203.3,7.4
2025-10-26T16:34:00+00:00,1915.6,95.93,358.4,13.77,434.0,23.3,529.8,0.0584,0.56,68.3,203.3,10.0
2025-10-26T16:35:00+00:00,2146.1,94.34,353.6,13.72,402.3,21.8,649.7,0.0584,0.59,68.3,203.3,7.7
2025-10-26T16:36:00+00:00,2211.5,96.54,348.9,14.01,451.7,24.0,638.9,0.0583,0.63,68.3,203.3,7.4
2025-10-26T16:37:00+00:00,1808.7,98.40,341.3,13.86,413.7,19.9,594.8,0.0630,0.57,68.3,203.3,7.4
2025-10-26T16:38:00+00:00,2120.2,99.03,362.0,13.79,420.0,22.3,621.6,0.0571,0.63,68.3,203.3,8.3
2025-10-26T16:39:00+00:00,1737.0,94.61,343.1,13.89,409.3,19.4,653.7,0.0578,0.67,68.3,203.3,6.9
2025-10-26T16:40:00+00:00,1964.2,95.94,350.5,13.54,442.1,24.9,642.0,0.0563,0.62,68.3,203.3,8.4
2025-10-26T16:41:00+00:00,913.2,91.48,355.5,14.01,398.5,21.6,573.9,0.0525,0.51,68.3,203.3,6.5
2025-10-26T16:42:00+00:00,1134.3,93.95,357.5,13.79,389.1,22.9,578.8,0.0514,0.58,68.3,203.3,7.0
2025-10-26T16:43:00+00:00,903.6,93.46,368.0,14.03,396.5,21.8,588.4,0.0560,0.57,68.3,203.3,6.4
2025-10-26T16:44:00+00:00,1059.8,91.74,371.3,13.64,409.6,21.2,623.4,0.0505,0.52,68.3,203.3,7.1
2025-10-26T16:45:00+00:00,932.3,93.22,349.1,13.80,361.2,23.3,538.1,0.0514,0.57,68.3,203.3,8.1
2025-10-26T16:46:00+00:00,890.2,92.10,353.8,13.67,397.2,23.1,528.7,0.0508,0.65,68.3,203.3,6.5
2025-10-26T16:47:00+00:00,984.2,93.08,347.3,14.03,393.9,22.8,561.6,0.0507,0.58,68.3,203.3,8.1
2025-10-26T16:48:00+00:00,914.2,93.48,361.5,13.62,366.9,22.0,530.2,0.0552,0.65,68.3,203.3,7.2
2025-10-26T16:49:00+00:00,801.9,95.34,343.4,13.63,386.2,23.8,518.3,0.0590,0.53,68.3,203.3,8.2
2025-10-26T16:50:00+00:00,1054.8,92.89,350.1,13.74,392.2,24.6,592.4,0.0517,0.67,68.3,203.3,9.1
2025-10-26T16:51:00+00:00,945.2,93.33,359.7,14.09,384.5,22.2,566.3,0.0501,0.56,68.3,203.3,6.9
2025-10-26T16:52:00+00:00,904.8,93.76,352.5,13.93,366.8,22.0,547.3,0.0511,0.49,68.3,203.3,7.2
2025-10-26T16:53:00+00:00,808.5,95.15,363.4,13.85,381.8,24.9,499.4,0.0503,0.54,68.3,203.3,7.4
2025-10-27T06:00:00+00:00,1047.7,91.69,365.4,14.07,391.9,23.6,520.5,0.0498,0.47,128.0,308.0,5.9
2025-10-27T06:01:00+00:00,832.8,91.98,340.6,13.93,385.1,21.3,529.1,0.0551,0.48,128.0,308.0,3.8
2025-10-27T06:02:00+00:00,905.7,93.81,350.3,13.89,390.4,22.9,521.7,0.0485,0.43,128.0,308.0,6.0
2025-10-27T06:03:00+00:00,1043.4,94.62,367.0,13.81,404.0,22.3,554.9,0.0497,0.46,128.0,308.0,4.7
2025-10-27T06:04:00+00:00,980.3,94.38,365.1,13.75,381.9,22.2,566.8,0.0525,0.54,128.0,308.0,4.1
2025-10-27T06:05:00+00:00,1024.7,95.46,348.6,13.78,385.2,22.5,584.6,0.0498,0.50,128.0,308.0,5.6
2025-10-27T06:06:00+00:00,1053.3,96.10,354.7,13.75,390.4,21.0,550.4,0.0500,0.49,128.0,308.0,3.8
2025-10-27T06:07:00+00:00,955.9,96.34,357.8,13.94,400.8,21.0,569.0,0.0540,0.47,128.0,308.0,4.6
2025-10-27T06:08:00+00:00,1009.1,93.22,349.7,13.51,378.4,22.3,545.0,0.0567,0.54,128.0,308.0,4.9
2025-10-27T06:09:00+00:00,1029.7,92.23,370.3,13.95,381.7,23.2,581.3,0.0510,0.60,128.0,308.0,4.9
2025-10-27T06:10:00+00:00,1087.0,95.80,363.6,13.62,379.2,20.2,582.5,0.0556,0.51,128.0,308.0,4.9
2025-10-27T06:11:00+00:00,1014.7,93.56,367.2,13.78,390.5,21.8,553.9,0.0514,0.47,128.0,308.0,4.7
2025-10-27T06:12:00+00:00,1094.6,93.64,362.6,13.62,394.7,26.1,498.0,0.0532,0.50,128.0,308.0,3.6
2025-10-27T06:13:00+00:00,1071.0,95.91,340.7,13.78,391.5,22.2,542.6,0.0506,0.52,128.0,308.0,4.7
2025-10-27T06:14:00+00:00,1046.1,91.90,341.9,13.71,389.2,24.7,559.8,0.0501,0.52,128.0,308.0,5.2
2025-10-27T06:15:00+00:00,1981.2,98.29,353.8,13.66,442.5,21.2,582.0,0.0567,0.47,128.0,308.0,4.4
2025-10-27T06:16:00+00:00,2114.6,96.62,357.9,13.91,410.3,25.6,615.7,0.0554,0.47,128.0,308.0,5.1
2025-10-27T06:17:00+00:00,1934.2,94.77,335.6,13.62,423.0,21.1,597.6,0.0579,0.48,128.0,308.0,5.3
2025-10-27T06:18:00+00:00,1846.8,98.00,357.6,13.44,431.2,25.1,612.1,0.0541,0.47,128.0,308.0,4.2
2025-10-27T06:19:00+00:00,2100.6,97.44,332.8,13.83,421.7,21.7,544.3,0.0635,0.53,128.0,308.0,3.9
2025-10-27T06:20:00+00:00,2013.4,100.15,349.5,13.74,419.9,23.3,603.7,0.0550,0.46,128.0,308.0,4.6
2025-10-27T06:21:00+00:00,2009.4,98.18,357.7,13.56,431.3,24.6,613.4,0.0625,0.53,128.0,308.0,4.7
2025-10-27T06:22:00+00:00,1954.1,96.57,354.5,13.57,398.1,24.7,586.2,0.0548,0.48,128.0,308.0,4.7
2025-10-27T06:23:00+00:00,1996.6,97.77,338.4,13.52,427.6,26.4,594.3,0.0563,0.60,128.0,308.0,3.8
2025-10-27T06:24:00+00:00,1993.4,97.39,348.4,13.92,418.2,22.7,590.0,0.0556,0.55,128.0,308.0,4.9
2025-10-27T06:25:00+00:00,1916.1,94.58,354.4,13.60,434.6,23.6,568.2,0.0559,0.40,128.0,308.0,4.5
2025-10-27T06:26:00+00:00,2198.5,95.78,351.2,13.91,409.5,25.4,642.6,0.0596,0.52,128.0,308.0,4.1
2025-10-27T06:27:00+00:00,1811.2,93.39,346.2,13.68,399.1,23.8,568.2,0.0553,0.61,128.0,308.0,7.5
2025-10-27T06:28:00+00:00,2017.5,99.10,346.3,13.99,420.9,22.9,568.8,0.0578,0.56,128.0,308.0,4.4
2025-10-27T06:29:00+00:00,2167.4,98.65,345.0,13.64,424.1,22.5,578.4,0.0568,0.54,128.0,308.0,4.4
2025-10-27T06:30:00+00:00,1942.7,97.95,347.4,13.81,391.5,24.0,593.9,0.0553,0.54,128.0,308.0,5.0
2025-10-27T06:31:00+00:00,2108.5,99.79,349.1,13.92,400.9,22.3,647.6,0.0555,0.47,128.0,308.0,5.9
2025-10-27T06:32:00+00:00,1927.8,97.62,347.3,13.73,427.0,19.6,644.9,0.0607,0.42,128.0,308.0,5.1
2025-10-27T06:33:00+00:00,1914.7,97.39,336.5,13.78,440.2,25.0,571.7,0.0556,0.43,128.0,308.0,4.9
2025-10-27T06:34:00+00:00,1879.4,96.33,343.7,13.79,405.8,22.3,632.6,0.0546,0.51,128.0,308.0,6.9
2025-10-27T06:35:00+00:00,1997.4,97.97,351.9,13.81,395.2,21.5,604.8,0.0634,0.48,128.0,308.0,4.6
2025-10-27T06:36:00+00:00,1941.9,95.43,334.5,13.67,416.2,23.8,578.9,0.0603,0.53,128.0,308.0,5.5
2025-10-27T06:37:00+00:00,1900.3,96.16,358.6,13.55,428.6,23.1,566.7,0.0550,0.54,128.0,308.0,5.9
2025-10-27T06:38:00+00:00,2107.7,99.88,347.2,14.11,414.0,23.8,611.1,0.0572,0.47,128.0,308.0,5.8
2025-10-27T06:39:00+00:00,1996.8,95.80,368.7,13.64,416.4,21.8,621.1,0.0547,0.45,128.0,308.0,4.9
2025-10-27T06:40:00+00:00,2009.7,95.45,337.6,13.77,433.4,22.4,601.3,0.0542,0.40,128.0,308.0,4.9
2025-10-27T06:41:00+00:00,2087.3,97.97,353.8,14.08,417.2,23.3,623.3,0.0550,0.44,128.0,308.0,2.6
2025-10-27T06:42:00+00:00,1990.3,97.14,347.4,13.77,431.4,25.0,612.2,0.0588,0.53,128.0,308.0,4.9
2025-10-27T06:43:00+00:00,2044.9,98.05,346.8,13.95,426.7,21.0,577.5,0.0604,0.53,128.0,308.0,5.6
2025-10-27T06:44:00+00:00,1992.3,99.86,344.7,14.06,443.9,21.5,613.1,0.0679,0.43,128.0,308.0,4.2
2025-10-27T06:45:00+00:00,2082.3,96.14,347.2,13.94,436.1,22.2,604.1,0.0563,0.56,128.0,308.0,4.0
2025-10-27T06:46:00+00:00,2071.6,99.09,352.9,13.61,420.1,22.0,599.0,0.0551,0.45,128.0,308.0,2.1
2025-10-27T06:47:00+00:00,2003.5,99.13,343.6,13.93,446.5,21.4,599.6,0.0557,0.54,128.0,308.0,4.7
2025-10-27T06:48:00+00:00,1936.6,96.97,342.5,13.82,424.8,21.6,605.3,0.0599,0.51,128.0,308.0,5.0
2025-10-27T06:49:00+00:00,1966.0,95.42,342.1,13.79,427.9,22.0,634.9,0.0548,0.46,128.0,308.0,4.8
2025-10-27T06:50:00+00:00,2044.7,97.45,348.3,13.81,430.7,23.5,649.7,0.0551,0.47,128.0,308.0,4.2
2025-10-27T06:51:00+00:00,2078.3,100.00,352.1,13.64,431.9,22.1,555.7,0.0550,0.44,128.0,308.0,5.8
2025-10-27T06:52:00+00:00,1952.6,97.39,356.1,13.85,421.4,22.6,542.5,0.0549,0.49,128.0,308.0,4.6
2025-10-27T06:53:00+00:00,1931.2,98.10,334.3,13.82,415.2,22.1,564.0,0.0577,0.42,128.0,308.0,5.0
2025-10-27T06:54:00+00:00,2096.7,98.97,344.0,13.55,414.3,24.0,606.4,0.0621,0.47,128.0,308.0,5.8
2025-10-27T06:55:00+00:00,1882.5,98.60,352.0,13.75,423.4,23.6,636.2,0.0624,0.49,128.0,308.0,6.0
2025-10-27T06:56:00+00:00,1829.1,96.48,355.4,13.80,427.8,22.4,608.5,0.0629,0.51,128.0,308.0,4.3
2025-10-27T06:57:00+00:00,1979.5,95.75,345.9,13.59,423.9,22.8,584.3,0.0619,0.52,128.0,308.0,4.2
2025-10-27T06:58:00+00:00,2157.7,97.39,343.1,13.45,413.0,19.8,589.6,0.0564,0.49,128.0,308.0,3.8
2025-10-27T06:59:00+00:00,2145.2,99.21,341.3,13.83,403.7,22.5,573.2,0.0558,0.48,128.0,308.0,5.1
2025-10-27T07:00:00+00:00,1943.3,98.17,350.8,13.87,403.3,24.4,559.0,0.0545,0.41,128.0,308.0,4.5
2025-10-27T07:01:00+00:00,2047.9,98.66,338.3,13.93,422.5,22.7,629.9,0.0551,0.48,128.0,308.0,4.5
2025-10-27T07:02:00+00:00,1999.9,95.28,346.7,13.91,408.1,21.8,593.5,0.0558,0.54,128.0,308.0,5.5
2025-10-27T07:03:00+00:00,2075.0,98.36,340.1,13.76,413.4,22.9,623.8,0.0580,0.48,128.0,308.0,4.5
2025-10-27T07:04:00+00:00,1886.4,95.36,354.7,14.05,405.7,21.2,608.8,0.0544,0.48,128.0,308.0,4.0
2025-10-27T07:05:00+00:00,2026.2,97.30,336.4,13.84,417.3,24.0,625.0,0.0661,0.61,128.0,308.0,3.9
2025-10-27T07:06:00+00:00,2026.2,98.26,346.3,13.91,415.1,22.8,600.6,0.0551,0.47,128.0,308.0,6.7
2025-10-27T07:07:00+00:00,1985.6,97.87,343.0,13.54,436.2,22.8,613.6,0.0549,0.48,128.0,308.0,6.1
2025-10-27T07:08:00+00:00,2091.9,98.86,362.5,13.72,400.1,21.3,619.2,0.0562,0.55,128.0,308.0,5.5
2025-10-27T07:09:00+00:00,1972.4,98.31,350.6,13.96,405.8,21.7,542.1,0.0577,0.47,128.0,308.0,5.7
2025-10-27T07:10:00+00:00,1929.3,98.53,353.6,14.00,436.4,20.0,625.8,0.0614,0.50,128.0,308.0,6.2
2025-10-27T07:11:00+00:00,2100.0,97.03,343.0,13.95,426.5,23.2,561.4,0.0562,0.54,128.0,308.0,4.8
2025-10-27T07:12:00+00:00,2129.5,98.94,342.1,13.72,410.5,23.2,610.9,0.0573,0.51,128.0,308.0,4.7
2025-10-27T07:13:00+00:00,2401.0,97.76,353.7,13.69,424.8,21.8,605.1,0.0610,0.51,128.0,308.0,4.0
2025-10-27T07:14:00+00:00,1969.2,94.87,351.8,13.65,401.5,21.3,569.2,0.0600,0.47,128.0,308.0,6.4
2025-10-27T07:15:00+00:00,2036.1,99.32,361.3,13.74,417.1,22.2,610.5,0.0549,0.45,128.0,308.0,5.1
2025-10-27T07:16:00+00:00,1924.6,94.89,337.1,14.04,416.0,22.6,554.0,0.0559,0.44,128.0,308.0,4.0
2025-10-27T07:17:00+00:00,1850.1,95.99,356.9,13.77,419.5,21.4,596.9,0.0540,0.45,128.0,308.0,4.6
2025-10-27T07:18:00+00:00,2129.7,95.54,332.0,13.85,411.9,22.7,541.9,0.0552,0.44,128.0,308.0,6.2
2025-10-27T07:19:00+00:00,2061.1,96.48,349.9,13.65,426.6,24.3,593.6,0.0549,0.44,128.0,308.0,4.1
2025-10-27T07:20:00+00:00,2421.3,96.96,351.0,13.76,429.1,24.4,545.5,0.0566,0.41,128.0,308.0,3.3
2025-10-27T07:21:00+00:00,1928.4,97.47,352.5,13.96,423.8,22.5,620.0,0.0588,0.50,128.0,308.0,5.4
2025-10-27T07:22:00+00:00,2023.2,97.00,363.0,13.65,418.0,23.3,594.2,0.0565,0.51,128.0,308.0,6.3
2025-10-27T07:23:00+00:00,1892.3,96.53,350.3,13.60,401.1,21.5,559.9,0.0595,0.53,128.0,308.0,6.1
2025-10-27T07:24:00+00:00,1880.4,93.46,358.1,13.85,403.9,21.8,627.6,0.0592,0.48,128.0,308.0,4.5
2025-10-27T07:25:00+00:00,2056.8,96.39,361.5,13.78,400.6,22.1,613.7,0.0595,0.53,128.0,308.0,4.8
2025-10-27T07:26:00+00:00,2076.0,99.03,342.1,13.64,428.9,23.8,586.9,0.0658,0.53,128.0,308.0,4.3
2025-10-27T07:27:00+00:00,2447.8,95.12,335.6,13.86,429.6,23.9,576.5,0.0576,0.50,128.0,308.0,6.0
2025-10-27T07:28:00+00:00,1817.3,99.34,348.1,14.02,415.1,21.0,642.6,0.0536,0.44,128.0,308.0,6.0
2025-10-27T07:29:00+00:00,2084.8,96.67,350.1,13.81,421.7,25.1,620.7,0.0561,0.55,128.0,308.0,4.1
2025-10-27T07:30:00+00:00,1943.2,99.79,343.2,13.62,422.6,26.2,625.4,0.0620,0.46,128.0,308.0,3.0
2025-10-27T07:31:00+00:00,2543.6,98.94,347.9,13.72,449.7,20.4,651.4,0.0640,0.52,128.0,308.0,5.2
2025-10-27T07:32:00+00:00,2024.3,97.30,354.5,13.68,421.3,22.1,581.0,0.0587,0.38,128.0,308.0,4.4
2025-10-27T07:33:00+00:00,2428.4,98.43,352.6,13.47,442.3,23.9,651.7,0.0591,0.58,128.0,308.0,4.8
2025-10-27T07:34:00+00:00,1791.2,94.51,354.8,13.59,406.6,23.1,642.6,0.0542,0.49,128.0,308.0,3.0
2025-10-27T07:35:00+00:00,1855.2,97.65,345.2,13.76,418.8,19.6,623.7,0.0631,0.55,128.0,308.0,5.9
2025-10-27T07:36:00+00:00,2479.0,97.33,343.9,13.70,438.3,23.1,634.4,0.0574,0.47,128.0,308.0,3.8
2025-10-27T07:37:00+00:00,2496.6,98.62,335.3,13.88,435.9,22.9,621.1,0.0585,0.48,128.0,308.0,6.8
2025-10-27T07:38:00+00:00,2228.9,96.87,349.0,13.78,430.8,20.0,629.0,0.0571,0.55,128.0,308.0,4.1
2025-10-27T07:39:00+00:00,1937.8,96.92,352.7,13.46,429.0,23.2,642.0,0.0548,0.49,128.0,308.0,3.3
2025-10-27T07:40:00+00:00,2400.8,97.96,355.0,13.56,438.0,21.9,600.8,0.0570,0.46,128.0,308.0,3.7
2025-10-27T07:41:00+00:00,2485.1,99.59,345.6,13.89,423.5,22.0,629.3,0.0603,0.52,128.0,308.0,5.3
2025-10-27T07:42:00+00:00,2156.0,98.10,345.6,13.52,415.1,22.9,550.0,0.0599,0.53,128.0,308.0,5.1
2025-10-27T07:43:00+00:00,2455.0,96.06,342.7,13.68,441.6,24.0,634.4,0.0579,0.53,128.0,308.0,5.0
2025-10-27T07:44:00+00:00,1576.7,94.56,343.7,13.91,403.5,23.4,546.5,0.0534,0.54,128.0,308.0,6.0
2025-10-27T07:45:00+00:00,1882.0,96.39,346.0,14.11,412.4,22.5,621.9,0.0548,0.53,128.0,308.0,5.5
2025-10-27T07:46:00+00:00,2066.6,97.28,346.8,13.93,408.1,24.8,622.1,0.0549,0.42,128.0,308.0,4.9
2025-10-27T07:47:00+00:00,2550.6,97.90,339.8,13.77,429.4,21.4,655.8,0.0599,0.49,128.0,308.0,5.3
2025-10-27T07:48:00+00:00,2208.5,97.95,338.8,14.01,448.1,23.0,572.1,0.0651,0.52,128.0,308.0,5.4
2025-10-27T07:49:00+00:00,1987.1,97.51,361.5,13.62,412.8,23.1,667.2,0.0557,0.57,128.0,308.0,5.0
2025-10-27T07:50:00+00:00,1939.1,98.27,352.0,14.00,440.3,21.4,633.8,0.0548,0.50,128.0,308.0,4.6
2025-10-27T07:51:00+00:00,2051.0,98.18,351.1,13.65,428.9,21.5,580.6,0.0548,0.42,128.0,308.0,5.0
2025-10-27T07:52:00+00:00,1975.3,96.89,342.1,13.53,409.7,21.3,543.5,0.0571,0.58,128.0,308.0,4.6
2025-10-27T07:53:00+00:00,2144.6,97.39,321.9,13.90,420.0,20.7,663.9,0.0625,0.49,128.0,308.0,6.5
2025-10-27T07:54:00+00:00,1876.4,96.04,334.8,13.66,410.6,24.5,562.1,0.0617,0.55,128.0,308.0,5.2
2025-10-27T07:55:00+00:00,2101.8,98.05,339.5,13.74,428.5,22.3,653.9,0.0662,0.48,128.0,308.0,5.9
2025-10-27T07:56:00+00:00,2367.2,97.74,343.5,13.70,433.6,22.0,590.7,0.0576,0.55,128.0,308.0,4.7
2025-10-27T07:57:00+00:00,1945.4,97.69,349.9,13.89,417.0,20.8,600.4,0.0546,0.48,128.0,308.0,5.0
2025-10-27T07:58:00+00:00,1966.3,96.06,344.3,13.75,401.2,21.3,573.7,0.0546,0.45,128.0,308.0,4.6
2025-10-27T07:59:00+00:00,2122.0,96.56,339.9,13.51,415.8,21.5,623.3,0.0632,0.62,128.0,308.0,4.3
2025-10-27T08:00:00+00:00,2029.4,95.71,348.1,13.65,401.5,23.8,604.6,0.0557,0.46,128.0,308.0,7.0
2025-10-27T08:01:00+00:00,1904.8,94.74,346.0,13.90,418.1,22.8,606.6,0.0561,0.56,128.0,308.0,5.7
2025-10-27T08:02:00+00:00,2033.1,94.50,345.2,13.93,443.4,26.2,622.3,0.0544,0.41,128.0,308.0,4.6
2025-10-27T08:03:00+00:00,2060.4,95.24,347.5,13.72,459.4,23.8,665.3,0.0580,0.44,128.0,308.0,4.5
2025-10-27T08:04:00+00:00,2091.0,95.86,341.8,13.69,434.0,23.2,592.4,0.0547,0.40,128.0,308.0,4.7
2025-10-27T08:05:00+00:00,1943.3,98.94,364.0,13.81,390.9,19.8,627.0,0.0557,0.57,128.0,308.0,5.8
2025-10-27T08:06:00+00:00,2035.3,97.93,333.7,13.60,431.1,19.8,577.9,0.0555,0.52,128.0,308.0,4.6
2025-10-27T08:07:00+00:00,1959.1,94.35,357.3,13.83,415.2,21.8,573.6,0.0579,0.49,128.0,308.0,5.6
2025-10-27T08:08:00+00:00,1837.9,98.36,357.7,13.65,418.8,22.3,519.7,0.0545,0.44,128.0,308.0,5.3
2025-10-27T08:09:00+00:00,2178.4,96.15,340.6,13.85,427.8,22.8,673.4,0.0617,0.46,128.0,308.0,7.3
2025-10-27T08:10:00+00:00,2137.9,96.82,345.4,13.72,440.0,21.1,649.6,0.0559,0.51,128.0,308.0,5.9
2025-10-27T08:11:00+00:00,1879.4,95.23,343.1,13.68,386.3,23.1,605.0,0.0577,0.46,128.0,308.0,3.7
2025-10-27T08:12:00+00:00,2163.1,98.79,340.6,13.77,429.3,22.8,596.8,0.0565,0.53,128.0,308.0,4.3
2025-10-27T08:13:00+00:00,2134.3,96.82,352.0,13.77,430.9,22.2,621.6,0.0559,0.51,128.0,308.0,4.9
2025-10-27T08:14:00+00:00,2205.6,98.48,348.4,13.78,424.9,24.4,609.4,0.0576,0.43,128.0,308.0,4.3
2025-10-27T08:15:00+00:00,2010.7,96.62,332.2,13.91,405.4,24.2,634.8,0.0564,0.60,128.0,308.0,5.0
2025-10-27T08:16:00+00:00,2016.2,98.37,338.2,13.63,425.9,20.7,591.9,0.0596,0.50,128.0,308.0,4.3
2025-10-27T08:17:00+00:00,2088.9,98.09,351.0,13.54,415.9,22.0,645.1,0.0555,0.49,128.0,308.0,6.2
2025-10-27T08:18:00+00:00,2032.9,96.83,355.1,13.83,421.4,23.7,620.5,0.0600,0.39,128.0,308.0,5.0
2025-10-27T08:19:00+00:00,1998.2,99.61,353.3,13.62,416.9,21.0,601.9,0.0647,0.43,128.0,308.0,4.4
2025-10-27T08:20:00+00:00,2007.0,97.65,353.3,13.79,425.7,19.8,587.0,0.0546,0.45,128.0,308.0,4.1
2025-10-27T08:21:00+00:00,1921.2,96.46,349.6,13.96,406.2,23.1,612.4,0.0610,0.50,128.0,308.0,6.1
2025-10-27T08:22:00+00:00,2071.2,96.66,348.3,13.83,430.0,23.4,593.5,0.0584,0.61,128.0,308.0,5.6
2025-10-27T08:23:00+00:00,1986.0,94.58,326.9,13.61,405.8,22.0,563.0,0.0572,0.54,128.0,308.0,5.7
2025-10-27T08:24:00+00:00,1920.6,96.48,358.8,13.75,418.4,24.4,583.9,0.0545,0.46,128.0,308.0,5.7
2025-10-27T08:25:00+00:00,2012.9,96.15,357.5,13.67,419.5,22.6,637.0,0.0569,0.59,128.0,308.0,3.9
2025-10-27T08:26:00+00:00,2096.2,97.46,343.1,14.08,441.2,24.3,607.1,0.0562,0.52,128.0,308.0,5.7
2025-10-27T08:27:00+00:00,2146.8,99.17,334.0,13.67,433.0,23.9,629.1,0.0559,0.50,128.0,308.0,5.8
2025-10-27T08:28:00+00:00,1936.7,101.36,359.3,13.72,405.1,21.0,572.8,0.0551,0.51,128.0,308.0,3.8
2025-10-27T08:29:00+00:00,2010.9,99.86,338.5,13.80,406.1,21.6,603.2,0.0548,0.44,128.0,308.0,5.4
2025-10-27T08:30:00+00:00,2172.8,97.82,358.0,13.73,422.7,22.8,572.3,0.0591,0.49,128.0,308.0,5.5
2025-10-27T08:31:00+00:00,1973.3,97.08,361.6,13.76,435.2,20.8,596.6,0.0549,0.48,128.0,308.0,4.2
2025-10-27T08:32:00+00:00,2152.4,97.88,355.1,13.74,418.9,20.5,593.2,0.0561,0.51,128.0,308.0,5.4
2025-10-27T08:33:00+00:00,2147.7,99.87,329.7,13.87,409.2,24.0,546.6,0.0554,0.43,128.0,308.0,5.7
2025-10-27T08:34:00+00:00,1934.9,101.18,330.5,13.77,407.9,22.0,586.4,0.0552,0.53,128.0,308.0,4.1
2025-10-27T08:35:00+00:00,2144.4,98.82,340.5,13.81,477.5,26.9,596.8,0.0576,0.52,128.0,308.0,5.0
2025-10-27T08:36:00+00:00,1912.9,97.93,345.1,13.81,428.5,21.1,580.4,0.0616,0.44,128.0,308.0,5.5
2025-10-27T08:37:00+00:00,2089.4,96.79,350.5,13.62,395.2,23.4,616.5,0.0555,0.49,128.0,308.0,4.6
2025-10-27T08:38:00+00:00,2128.2,100.41,344.5,13.73,415.3,23.5,637.6,0.0556,0.49,128.0,308.0,4.9
2025-10-27T08:39:00+00:00,2018.4,98.89,349.2,13.90,408.1,23.5,604.2,0.0581,0.55,128.0,308.0,4.2
2025-10-27T08:40:00+00:00,2099.5,96.40,337.9,13.81,405.6,22.9,610.9,0.0668,0.49,128.0,308.0,4.6
2025-10-27T08:41:00+00:00,1999.7,98.64,338.1,14.04,421.5,20.4,598.4,0.0559,0.55,128.0,308.0,4.3
2025-10-27T08:42:00+00:00,2174.3,98.46,350.0,14.06,419.6,23.9,584.5,0.0615,0.55,128.0,308.0,3.5
2025-10-27T08:43:00+00:00,2024.0,95.70,351.3,13.92,415.9,20.6,598.3,0.0571,0.55,128.0,308.0,4.5
2025-10-27T08:44:00+00:00,1968.0,95.93,361.6,13.64,425.8,21.1,626.7,0.0557,0.45,128.0,308.0,5.1
2025-10-27T08:45:00+00:00,1124.6,92.01,351.2,13.89,395.8,20.2,572.1,0.0516,0.54,128.0,308.0,5.4
2025-10-27T08:46:00+00:00,948.9,93.91,365.1,13.80,393.5,26.2,557.7,0.0493,0.46,128.0,308.0,4.2
2025-10-27T08:47:00+00:00,940.5,93.80,349.4,13.93,393.9,23.4,539.2,0.0493,0.48,128.0,308.0,4.6
2025-10-27T08:48:00+00:00,901.7,92.95,359.7,13.78,397.2,21.1,523.0,0.0497,0.53,128.0,308.0,5.6
2025-10-27T08:49:00+00:00,1002.9,95.77,357.5,13.80,369.5,21.1,575.9,0.0511,0.58,128.0,308.0,4.7
2025-10-27T08:50:00+00:00,1100.9,96.23,360.1,13.79,402.6,22.9,618.0,0.0505,0.52,128.0,308.0,5.9
2025-10-27T08:51:00+00:00,1018.4,93.80,351.1,13.94,390.1,21.6,607.0,0.0588,0.52,128.0,308.0,6.6
2025-10-27T08:52:00+00:00,1063.6,94.02,352.1,13.72,382.6,22.9,590.0,0.0502,0.50,128.0,308.0,5.2
2025-10-27T08:53:00+00:00,876.8,95.36,365.5,13.86,394.9,23.7,511.2,0.0490,0.49,128.0,308.0,3.9
2025-10-27T08:54:00+00:00,1068.9,93.70,354.0,13.68,400.5,22.8,554.5,0.0513,0.60,128.0,308.0,5.9
2025-10-27T08:55:00+00:00,1023.0,93.72,352.7,13.58,400.0,21.6,596.2,0.0509,0.54,128.0,308.0,4.2
2025-10-27T08:56:00+00:00,971.7,90.51,349.2,13.62,382.9,23.7,533.8,0.0506,0.58,128.0,308.0,5.1
2025-10-27T08:57:00+00:00,1021.7,93.66,363.2,13.80,388.1,23.9,550.3,0.0528,0.40,128.0,308.0,4.2
2025-10-27T08:58:00+00:00,998.3,93.66,353.0,13.97,402.2,24.8,600.4,0.0558,0.56,128.0,308.0,3.7
2025-10-27T14:00:00+00:00,899.1,90.66,359.3,13.51,388.7,21.8,521.1,0.0487,0.44,128.0,308.0,6.1
2025-10-27T14:01:00+00:00,1107.6,94.00,363.1,14.10,395.9,23.2,589.7,0.0506,0.51,128.0,308.0,5.7
2025-10-27T14:02:00+00:00,1012.2,91.65,368.3,13.80,386.1,23.4,553.0,0.0500,0.51,128.0,308.0,5.6
2025-10-27T14:03:00+00:00,1119.2,90.97,342.8,13.88,396.9,23.7,576.3,0.0506,0.52,128.0,308.0,5.7
2025-10-27T14:04:00+00:00,877.5,94.62,353.9,13.65,376.7,22.8,551.3,0.0624,0.52,128.0,308.0,6.0
2025-10-27T14:05:00+00:00,959.6,93.75,348.6,13.99,394.3,21.9,548.7,0.0544,0.51,128.0,308.0,4.0
2025-10-27T14:06:00+00:00,1076.8,94.13,346.5,14.31,391.8,24.5,597.8,0.0519,0.48,128.0,308.0,5.9
2025-10-27T14:07:00+00:00,759.0,92.31,369.9,13.68,377.5,23.2,571.6,0.0492,0.56,128.0,308.0,6.1
2025-10-27T14:08:00+00:00,902.9,93.58,355.6,13.94,398.5,21.8,581.1,0.0505,0.50,128.0,308.0,4.0
2025-10-27T14:09:00+00:00,1110.9,95.39,366.2,13.80,390.2,22.1,587.7,0.0584,0.54,128.0,308.0,3.8
2025-10-27T14:10:00+00:00,973.4,93.07,350.5,13.62,397.4,22.5,504.2,0.0529,0.52,128.0,308.0,4.7
2025-10-27T14:11:00+00:00,1084.3,93.59,366.6,13.76,410.5,21.6,530.9,0.0501,0.48,128.0,308.0,3.0
2025-10-27T14:12:00+00:00,1091.4,94.92,361.4,13.83,398.9,20.9,570.8,0.0558,0.46,128.0,308.0,5.3
2025-10-27T14:13:00+00:00,2233.3,97.63,337.1,13.93,440.6,23.3,658.3,0.0561,0.47,128.0,308.0,4.9
2025-10-27T14:14:00+00:00,2018.3,97.46,352.9,13.72,415.0,20.0,589.7,0.0612,0.50,128.0,308.0,3.8
2025-10-27T14:15:00+00:00,2149.7,97.98,356.9,14.00,439.5,22.6,594.9,0.0614,0.48,128.0,308.0,4.3
2025-10-27T14:16:00+00:00,1881.0,95.70,344.4,13.50,409.4,23.2,609.5,0.0558,0.62,128.0,308.0,3.2
2025-10-27T14:17:00+00:00,2055.7,97.91,343.0,14.00,422.0,22.5,622.8,0.0558,0.46,128.0,308.0,6.6
2025-10-27T14:18:00+00:00,1846.0,97.16,357.1,14.00,400.9,22.1,591.2,0.0546,0.51,128.0,308.0,4.6
2025-10-27T14:19:00+00:00,1908.0,97.07,343.0,13.65,416.2,22.5,633.5,0.0556,0.51,128.0,308.0,3.0
2025-10-27T14:20:00+00:00,1766.5,95.62,342.9,13.65,436.2,26.6,598.1,0.0565,0.43,128.0,308.0,5.0
2025-10-27T14:21:00+00:00,2015.7,96.84,344.9,13.70,423.1,20.7,566.8,0.0554,0.52,128.0,308.0,3.2
2025-10-27T14:22:00+00:00,2210.9,96.61,358.7,13.79,426.9,23.4,650.6,0.0574,0.61,128.0,308.0,3.8
2025-10-27T14:23:00+00:00,1863.8,96.70,343.6,13.75,407.6,22.9,559.7,0.0570,0.53,128.0,308.0,5.2
2025-10-27T14:24:00+00:00,1992.5,97.40,342.9,14.08,415.5,23.4,626.5,0.0582,0.39,128.0,308.0,4.1
2025-10-27T14:25:00+00:00,2124.0,98.69,344.5,13.77,409.8,23.6,530.9,0.0557,0.49,128.0,308.0,4.2
2025-10-27T14:26:00+00:00,1892.7,96.93,357.5,13.86,386.0,24.8,573.8,0.0551,0.54,128.0,308.0,3.8
2025-10-27T14:27:00+00:00,2042.2,95.98,343.2,13.63,405.4,23.6,617.3,0.0551,0.39,128.0,308.0,5.5
2025-10-27T14:28:00+00:00,2058.5,94.94,360.8,13.75,420.7,22.7,637.7,0.0558,0.53,128.0,308.0,3.1
2025-10-27T14:29:00+00:00,2024.8,96.84,350.7,13.76,421.5,21.5,570.5,0.0552,0.49,128.0,308.0,5.2
2025-10-27T14:30:00+00:00,1864.7,95.50,356.3,13.86,429.4,22.2,614.5,0.0580,0.52,128.0,308.0,6.1
2025-10-27T14:31:00+00:00,1855.9,99.05,356.5,13.85,417.5,21.8,574.0,0.0555,0.61,128.0,308.0,4.9
2025-10-27T14:32:00+00:00,2045.7,99.25,335.3,13.75,431.3,21.3,579.1,0.0647,0.43,128.0,308.0,5.1
2025-10-27T14:33:00+00:00,2138.4,98.40,344.9,13.62,429.9,23.0,589.6,0.0561,0.54,128.0,308.0,4.0
2025-10-27T14:34:00+00:00,2002.1,95.70,356.4,13.83,418.1,21.6,624.4,0.0576,0.57,128.0,308.0,4.8
2025-10-27T14:35:00+00:00,2145.5,96.09,350.7,14.13,421.5,21.2,613.9,0.0561,0.53,128.0,308.0,3.7
2025-10-27T14:36:00+00:00,2088.9,98.26,371.5,13.91,433.2,22.4,579.3,0.0648,0.50,128.0,308.0,5.5
2025-10-27T14:37:00+00:00,2098.5,95.42,349.0,13.95,430.7,23.3,633.8,0.0555,0.48,128.0,308.0,5.7
2025-10-27T14:38:00+00:00,1970.3,95.42,350.7,13.74,433.4,21.4,578.2,0.0656,0.50,128.0,308.0,4.8
2025-10-27T14:39:00+00:00,1957.7,96.72,336.8,13.63,431.4,23.3,579.2,0.0593,0.52,128.0,308.0,3.5
2025-10-27T14:40:00+00:00,2164.9,96.33,347.9,13.84,413.1,21.5,587.6,0.0617,0.52,128.0,308.0,5.7
2025-10-27T14:41:00+00:00,2076.5,99.29,348.1,13.76,426.5,20.4,604.4,0.0590,0.47,128.0,308.0,6.4
2025-10-27T14:42:00+00:00,2041.7,97.73,358.6,13.71,436.9,20.7,590.6,0.0563,0.59,128.0,308.0,4.7
2025-10-27T14:43:00+00:00,2016.8,99.65,334.8,13.69,429.3,22.0,616.2,0.0555,0.53,128.0,308.0,3.0
2025-10-27T14:44:00+00:00,1812.4,96.25,359.9,13.58,420.7,20.3,573.6,0.0544,0.44,128.0,308.0,5.2
2025-10-27T14:45:00+00:00,2086.9,96.84,337.2,13.75,430.9,22.6,581.0,0.0594,0.46,128.0,308.0,3.9
2025-10-27T14:46:00+00:00,2219.3,95.80,347.6,13.80,442.8,23.1,629.5,0.0610,0.48,128.0,308.0,6.5
2025-10-27T14:47:00+00:00,1949.5,96.10,356.0,13.67,403.6,24.3,597.2,0.0587,0.54,128.0,308.0,5.6
2025-10-27T14:48:00+00:00,1973.9,96.49,339.7,13.65,431.6,22.3,573.5,0.0606,0.53,128.0,308.0,3.3
2025-10-27T14:49:00+00:00,2032.1,96.23,349.5,13.70,423.6,21.6,531.5,0.0561,0.57,128.0,308.0,5.0
2025-10-27T14:50:00+00:00,2043.3,98.00,339.9,14.00,444.4,24.3,615.0,0.0557,0.45,128.0,308.0,5.4
2025-10-27T14:51:00+00:00,2156.0,98.80,346.8,13.80,467.1,21.5,599.4,0.0588,0.53,128.0,308.0,5.6
2025-10-27T14:52:00+00:00,2025.7,100.31,346.3,13.66,425.4,24.7,555.5,0.0550,0.47,128.0,308.0,3.8
2025-10-27T14:53:00+00:00,2104.7,97.67,349.4,13.73,407.4,20.7,632.3,0.0605,0.59,128.0,308.0,6.0
2025-10-27T14:54:00+00:00,1969.2,96.72,362.1,13.53,428.9,21.5,556.8,0.0556,0.54,128.0,308.0,5.4
2025-10-27T14:55:00+00:00,2035.0,97.40,346.2,13.57,417.3,19.2,556.5,0.0647,0.52,128.0,308.0,4.3
2025-10-27T14:56:00+00:00,1928.8,96.94,352.2,13.67,424.0,20.3,581.7,0.0551,0.49,128.0,308.0,5.7
2025-10-27T14:57:00+00:00,2034.2,97.01,356.4,13.72,419.9,20.2,595.7,0.0552,0.49,128.0,308.0,3.8
2025-10-27T14:58:00+00:00,2069.6,96.44,355.0,13.73,428.5,23.7,619.6,0.0563,0.57,128.0,308.0,6.0
2025-10-27T14:59:00+00:00,2213.4,99.45,344.3,13.72,422.5,22.1,653.4,0.0563,0.48,128.0,308.0,5.5
2025-10-27T15:00:00+00:00,1975.9,99.83,350.6,13.74,400.7,21.4,652.2,0.0688,0.46,128.0,308.0,3.8
2025-10-27T15:01:00+00:00,2003.1,96.80,360.0,14.06,423.8,24.1,594.4,0.0541,0.40,128.0,308.0,4.8
2025-10-27T15:02:00+00:00,1831.0,94.70,356.4,13.65,422.4,21.2,538.3,0.0540,0.46,128.0,308.0,3.6
2025-10-27T15:03:00+00:00,2192.0,98.34,351.7,13.85,413.5,22.6,599.7,0.0569,0.58,128.0,308.0,3.9
2025-10-27T15:04:00+00:00,2455.8,97.54,357.4,13.50,423.8,20.9,622.5,0.0651,0.46,128.0,308.0,6.2
2025-10-27T15:05:00+00:00,1748.3,94.86,336.6,13.60,397.5,23.9,627.6,0.0538,0.48,128.0,308.0,3.3
2025-10-27T15:06:00+00:00,2441.4,97.87,351.5,13.76,431.2,22.6,663.1,0.0588,0.39,128.0,308.0,5.1
2025-10-27T15:07:00+00:00,2024.1,96.33,335.7,13.72,429.0,24.1,587.4,0.0550,0.47,128.0,308.0,3.0
2025-10-27T15:08:00+00:00,2216.9,99.18,326.7,13.71,421.8,23.4,630.9,0.0562,0.46,128.0,308.0,5.5
2025-10-27T15:09:00+00:00,2576.7,99.87,356.1,13.89,425.0,22.8,695.1,0.0579,0.47,128.0,308.0,6.2
2025-10-27T15:10:00+00:00,2454.7,102.32,346.9,13.96,455.6,23.7,623.0,0.0577,0.50,128.0,308.0,3.1
2025-10-27T15:11:00+00:00,2162.5,96.03,358.9,13.84,431.0,20.3,582.7,0.0600,0.53,128.0,308.0,4.0
2025-10-27T15:12:00+00:00,2066.5,97.65,353.4,13.53,405.0,24.3,573.7,0.0603,0.40,128.0,308.0,5.0
2025-10-27T15:13:00+00:00,2207.0,100.28,351.1,13.78,440.7,23.1,641.5,0.0559,0.46,128.0,308.0,5.2
2025-10-27T15:14:00+00:00,1922.8,97.42,352.0,13.67,416.3,20.8,577.5,0.0547,0.49,128.0,308.0,3.1
2025-10-27T15:15:00+00:00,1954.0,95.16,337.4,13.74,419.3,22.7,634.0,0.0548,0.47,128.0,308.0,4.6
2025-10-27T15:16:00+00:00,1838.6,94.80,350.3,13.78,426.6,23.4,576.5,0.0536,0.44,128.0,308.0,5.8
2025-10-27T15:17:00+00:00,2512.0,101.19,344.8,13.92,437.3,23.1,629.2,0.0613,0.48,128.0,308.0,4.5
2025-10-27T15:18:00+00:00,2414.9,100.40,346.7,13.80,436.7,22.0,624.4,0.0578,0.54,128.0,308.0,5.1
2025-10-27T15:19:00+00:00,2108.6,98.14,343.9,13.99,433.5,21.3,596.3,0.0571,0.60,128.0,308.0,5.4
2025-10-27T15:20:00+00:00,2415.4,100.16,338.0,13.60,433.9,22.8,586.0,0.0573,0.48,128.0,308.0,5.3
2025-10-27T15:21:00+00:00,2504.8,97.79,352.1,13.78,454.9,23.3,582.2,0.0591,0.50,128.0,308.0,4.8
2025-10-27T15:22:00+00:00,2540.5,96.61,346.4,13.82,436.0,22.8,603.2,0.0591,0.57,128.0,308.0,3.8
2025-10-27T15:23:00+00:00,2460.6,98.85,352.2,13.69,426.1,21.9,635.4,0.0576,0.48,128.0,308.0,2.3
2025-10-27T15:24:00+00:00,1664.0,95.90,362.2,14.03,385.2,21.6,564.7,0.0553,0.44,128.0,308.0,5.7
2025-10-27T15:25:00+00:00,2272.5,96.12,351.7,13.84,413.4,21.3,593.7,0.0616,0.45,128.0,308.0,5.0
2025-10-27T15:26:00+00:00,2022.6,95.18,357.2,13.62,421.9,23.8,642.2,0.0597,0.45,128.0,308.0,5.4
2025-10-27T15:27:00+00:00,2199.3,97.50,362.6,14.05,402.8,20.6,627.7,0.0561,0.49,128.0,308.0,5.5
2025-10-27T15:28:00+00:00,1889.7,97.71,354.3,13.76,419.7,22.8,584.8,0.0552,0.56,128.0,308.0,6.2
2025-10-27T15:29:00+00:00,2157.6,99.41,343.5,13.74,423.4,20.7,619.4,0.0557,0.46,128.0,308.0,4.2
2025-10-27T15:30:00+00:00,2054.0,95.85,351.7,13.84,416.6,21.7,599.9,0.0579,0.48,128.0,308.0,4.6
2025-10-27T15:31:00+00:00,2135.3,96.77,344.5,13.67,438.8,22.0,589.0,0.0557,0.47,128.0,308.0,5.7
2025-10-27T15:32:00+00:00,2543.9,100.20,354.7,13.68,422.4,23.6,632.7,0.0612,0.55,128.0,308.0,2.5
2025-10-27T15:33:00+00:00,2105.1,97.40,351.4,13.85,401.0,20.4,628.7,0.0570,0.42,128.0,308.0,5.3
2025-10-27T15:34:00+00:00,1795.7,94.70,335.7,13.77,437.0,20.0,560.0,0.0553,0.49,128.0,308.0,5.4
2025-10-27T15:35:00+00:00,2465.3,95.26,332.2,13.55,429.2,20.3,625.9,0.0591,0.49,128.0,308.0,4.3
2025-10-27T15:36:00+00:00,1955.8,99.83,362.9,13.72,439.7,22.3,601.9,0.0556,0.55,128.0,308.0,5.1
2025-10-27T15:37:00+00:00,2162.1,95.03,344.0,13.92,409.6,21.8,556.4,0.0559,0.49,128.0,308.0,6.1
2025-10-27T15:38:00+00:00,2107.5,98.32,336.1,13.62,438.6,21.4,648.4,0.0565,0.55,128.0,308.0,5.6
2025-10-27T15:39:00+00:00,1919.8,94.57,360.5,13.94,412.0,22.0,602.7,0.0616,0.46,128.0,308.0,5.2
2025-10-27T15:40:00+00:00,2070.4,98.65,346.4,13.89,429.5,21.8,676.6,0.0558,0.46,128.0,308.0,5.9
2025-10-27T15:41:00+00:00,1961.9,98.37,350.7,13.78,426.1,22.6,543.3,0.0578,0.51,128.0,308.0,5.1
2025-10-27T15:42:00+00:00,2110.8,98.28,358.5,13.65,430.4,21.4,613.5,0.0602,0.54,128.0,308.0,5.0
2025-10-27T15:43:00+00:00,2120.8,96.66,339.4,13.68,414.3,22.7,641.6,0.0561,0.53,128.0,308.0,6.3
2025-10-27T15:44:00+00:00,2015.4,96.97,351.3,13.72,420.3,25.7,645.7,0.0553,0.50,128.0,308.0,5.2
2025-10-27T15:45:00+00:00,2062.3,97.47,347.6,13.78,427.0,22.5,577.0,0.0600,0.57,128.0,308.0,4.4
2025-10-27T15:46:00+00:00,1929.0,98.16,350.7,13.88,444.4,23.2,653.0,0.0577,0.54,128.0,308.0,5.6
2025-10-27T15:47:00+00:00,2024.9,96.27,363.4,14.04,413.7,24.5,642.4,0.0548,0.45,128.0,308.0,4.8
2025-10-27T15:48:00+00:00,2044.0,99.42,370.6,13.75,429.1,21.4,635.8,0.0559,0.53,128.0,308.0,5.0
2025-10-27T15:49:00+00:00,2079.1,97.24,349.2,13.86,418.0,20.2,634.6,0.0550,0.42,128.0,308.0,3.7
2025-10-27T15:50:00+00:00,1955.2,98.50,354.0,13.75,413.1,22.8,566.4,0.0661,0.47,128.0,308.0,4.8
2025-10-27T15:51:00+00:00,2022.8,95.10,362.7,14.10,427.0,20.1,636.3,0.0555,0.52,128.0,308.0,3.9
2025-10-27T15:52:00+00:00,2218.5,97.22,357.8,13.64,431.0,21.9,607.0,0.0558,0.44,128.0,308.0,3.7
2025-10-27T15:53:00+00:00,1794.9,95.70,344.3,13.88,445.2,23.0,574.8,0.0538,0.46,128.0,308.0,5.2
2025-10-27T15:54:00+00:00,2067.1,93.88,349.9,13.87,431.3,21.6,557.1,0.0588,0.44,128.0,308.0,5.5
2025-10-27T15:55:00+00:00,2099.8,95.26,368.2,13.75,410.9,20.9,584.8,0.0563,0.56,128.0,308.0,6.8
2025-10-27T15:56:00+00:00,2064.1,98.16,341.5,13.70,432.9,23.8,635.6,0.0560,0.42,128.0,308.0,4.8
2025-10-27T15:57:00+00:00,2113.2,96.43,334.1,14.11,424.1,21.0,588.9,0.0567,0.58,128.0,308.0,5.2
2025-10-27T15:58:00+00:00,1920.7,97.85,354.1,13.48,433.4,19.8,616.6,0.0555,0.55,128.0,308.0,5.4
2025-10-27T15:59:00+00:00,1988.7,96.80,365.6,13.87,432.9,24.2,562.4,0.0585,0.46,128.0,308.0,3.6
2025-10-27T16:00:00+00:00,1970.9,96.37,352.7,13.60,415.1,22.0,646.3,0.0557,0.45,128.0,308.0,4.3
2025-10-27T16:01:00+00:00,2042.8,99.27,339.3,13.77,447.4,22.9,575.5,0.0554,0.49,128.0,308.0,5.1
2025-10-27T16:02:00+00:00,1902.1,96.82,356.7,13.77,395.6,21.8,590.4,0.0535,0.38,128.0,308.0,7.1
2025-10-27T16:03:00+00:00,1757.2,93.88,354.8,13.62,423.0,21.8,543.8,0.0558,0.47,128.0,308.0,3.7
2025-10-27T16:04:00+00:00,2074.4,97.46,365.4,13.61,404.7,23.3,604.2,0.0548,0.42,128.0,308.0,4.4
2025-10-27T16:05:00+00:00,2002.2,98.01,345.8,13.45,436.8,23.8,611.6,0.0554,0.52,128.0,308.0,3.3
2025-10-27T16:06:00+00:00,1871.0,96.59,339.7,13.65,420.0,21.8,594.2,0.0677,0.44,128.0,308.0,4.8
2025-10-27T16:07:00+00:00,1898.3,94.57,356.0,13.96,435.6,23.7,602.9,0.0542,0.45,128.0,308.0,5.0
2025-10-27T16:08:00+00:00,1891.0,93.39,346.7,13.85,420.3,20.3,525.5,0.0549,0.53,128.0,308.0,4.9
2025-10-27T16:09:00+00:00,1882.3,96.93,360.1,13.77,437.7,22.4,583.8,0.0586,0.42,128.0,308.0,6.0
2025-10-27T16:10:00+00:00,2019.1,97.06,368.5,13.68,435.5,22.3,615.0,0.0550,0.46,128.0,308.0,4.8
2025-10-27T16:11:00+00:00,1834.6,95.80,334.8,13.85,409.4,23.2,676.6,0.0537,0.44,128.0,308.0,7.2
2025-10-27T16:12:00+00:00,2075.0,97.56,340.6,13.73,428.2,20.7,538.9,0.0618,0.50,128.0,308.0,4.1
2025-10-27T16:13:00+00:00,2055.2,95.71,356.1,13.97,420.0,19.5,624.6,0.0563,0.58,128.0,308.0,4.2
2025-10-27T16:14:00+00:00,1854.1,97.81,354.2,13.85,403.0,22.7,621.9,0.0637,0.52,128.0,308.0,3.5
2025-10-27T16:15:00+00:00,2063.4,94.95,360.1,13.67,426.3,22.0,572.2,0.0557,0.54,128.0,308.0,3.1
2025-10-27T16:16:00+00:00,1907.3,96.40,353.7,13.67,417.1,22.4,607.7,0.0544,0.47,128.0,308.0,4.4
2025-10-27T16:17:00+00:00,1934.7,97.39,338.3,13.82,405.9,21.7,573.4,0.0555,0.41,128.0,308.0,4.9
2025-10-27T16:18:00+00:00,1912.3,95.96,356.7,13.81,415.8,22.6,630.0,0.0629,0.51,128.0,308.0,3.7
2025-10-27T16:19:00+00:00,2104.1,98.07,351.9,13.81,412.8,23.5,618.6,0.0561,0.54,128.0,308.0,6.0
2025-10-27T16:20:00+00:00,2054.8,98.00,341.2,13.72,429.0,23.9,582.1,0.0539,0.34,128.0,308.0,4.2
2025-10-27T16:21:00+00:00,1891.9,94.54,348.6,13.55,402.1,23.3,578.1,0.0544,0.48,128.0,308.0,3.9
2025-10-27T16:22:00+00:00,2037.5,98.85,343.7,13.68,430.9,22.3,598.7,0.0550,0.46,128.0,308.0,5.0
2025-10-27T16:23:00+00:00,1969.4,93.30,346.8,13.62,434.3,22.7,603.6,0.0545,0.45,128.0,308.0,3.7
2025-10-27T16:24:00+00:00,2113.6,98.47,339.4,13.81,436.6,24.0,625.8,0.0609,0.50,128.0,308.0,5.0
2025-10-27T16:25:00+00:00,2198.1,98.78,346.5,13.85,455.1,21.7,602.7,0.0564,0.51,128.0,308.0,4.0
2025-10-27T16:26:00+00:00,2030.3,100.14,359.5,13.58,421.0,22.5,555.1,0.0551,0.48,128.0,308.0,4.8
2025-10-27T16:27:00+00:00,1063.0,93.60,367.1,13.58,407.6,23.0,516.4,0.0548,0.41,128.0,308.0,4.3
2025-10-27T16:28:00+00:00,912.8,93.78,364.4,13.95,375.6,21.3,573.1,0.0549,0.54,128.0,308.0,4.7
2025-10-27T16:29:00+00:00,1008.5,94.63,341.0,13.64,387.3,23.2,535.4,0.0502,0.52,128.0,308.0,6.3
2025-10-27T16:30:00+00:00,935.4,96.57,347.7,13.90,376.6,22.6,566.5,0.0564,0.49,128.0,308.0,4.8
2025-10-27T16:31:00+00:00,842.1,92.22,361.6,13.88,397.7,22.2,566.8,0.0505,0.57,128.0,308.0,2.3
2025-10-27T16:32:00+00:00,884.5,94.79,368.0,13.99,381.2,23.6,512.4,0.0487,0.45,128.0,308.0,5.6
2025-10-27T16:33:00+00:00,938.8,88.27,369.9,13.76,398.5,19.9,559.6,0.0494,0.50,128.0,308.0,6.0
2025-10-27T16:34:00+00:00,999.4,93.40,352.1,13.73,400.7,21.7,552.2,0.0494,0.45,128.0,308.0,4.5
2025-10-27T16:35:00+00:00,969.3,92.40,364.8,13.75,383.4,22.1,527.7,0.0501,0.54,128.0,308.0,4.2
2025-10-27T16:36:00+00:00,990.2,93.64,356.0,13.84,365.7,21.2,552.9,0.0487,0.39,128.0,308.0,4.6
2025-10-27T16:37:00+00:00,1017.3,93.82,351.9,13.80,393.9,22.9,615.3,0.0508,0.59,128.0,308.0,4.3
2025-10-27T16:38:00+00:00,925.0,93.94,358.3,13.91,386.6,22.5,570.1,0.0507,0.42,128.0,308.0,5.6
2025-10-28T06:00:00+00:00,1063.1,91.75,346.5,13.65,379.8,22.7,598.7,0.0547,0.48,351.0,306.0,3.9
2025-10-28T06:01:00+00:00,908.0,95.77,359.9,13.76,389.7,24.5,537.5,0.0521,0.47,351.0,306.0,2.7
2025-10-28T06:02:00+00:00,896.4,95.07,357.5,14.04,388.8,23.7,538.2,0.0554,0.50,351.0,306.0,3.2
2025-10-28T06:03:00+00:00,903.9,94.03,361.5,13.93,387.3,26.5,532.0,0.0555,0.51,351.0,306.0,3.8
2025-10-28T06:04:00+00:00,1054.3,93.22,346.0,13.73,415.3,24.6,571.5,0.0556,0.50,351.0,306.0,2.8
2025-10-28T06:05:00+00:00,995.1,92.57,358.1,13.95,395.8,24.7,528.8,0.0539,0.61,351.0,306.0,4.3
2025-10-28T06:06:00+00:00,941.2,94.98,368.3,13.92,386.5,21.5,585.1,0.0547,0.47,351.0,306.0,3.0
2025-10-28T06:07:00+00:00,914.3,94.86,358.5,13.72,393.7,25.1,525.9,0.0529,0.48,351.0,306.0,4.4
2025-10-28T06:08:00+00:00,969.2,94.60,368.5,13.98,383.4,23.9,554.7,0.0542,0.50,351.0,306.0,1.9
2025-10-28T06:09:00+00:00,913.1,92.37,356.7,14.12,377.8,24.7,510.9,0.0582,0.63,351.0,306.0,4.1
2025-10-28T06:10:00+00:00,799.4,94.12,348.7,13.77,409.1,22.0,524.4,0.0526,0.55,351.0,306.0,3.5
2025-10-28T06:11:00+00:00,856.6,95.26,367.4,13.78,397.0,23.6,550.1,0.0569,0.38,351.0,306.0,1.9
2025-10-28T06:12:00+00:00,861.2,94.99,358.0,13.63,368.3,21.1,527.2,0.0543,0.46,351.0,306.0,2.3
2025-10-28T06:13:00+00:00,2002.3,95.37,347.0,13.76,448.8,22.7,624.9,0.0576,0.44,351.0,306.0,4.0
2025-10-28T06:14:00+00:00,2097.1,97.01,349.7,13.83,436.5,23.2,623.2,0.0604,0.58,351.0,306.0,5.2
2025-10-28T06:15:00+00:00,2035.6,94.50,362.3,13.78,420.6,20.9,626.9,0.0579,0.44,351.0,306.0,1.1
2025-10-28T06:16:00+00:00,1620.4,97.91,335.3,13.76,408.2,20.6,600.0,0.0620,0.47,351.0,306.0,3.1
2025-10-28T06:17:00+00:00,1949.6,97.76,337.0,13.75,426.6,24.9,576.8,0.0587,0.59,351.0,306.0,2.8
2025-10-28T06:18:00+00:00,2090.5,94.57,333.5,13.67,434.8,23.0,615.1,0.0592,0.56,351.0,306.0,1.7
2025-10-28T06:19:00+00:00,2020.9,97.53,351.3,13.47,415.8,20.9,603.4,0.0694,0.50,351.0,306.0,1.7
2025-10-28T06:20:00+00:00,2085.0,98.12,334.2,13.78,422.5,22.8,641.3,0.0582,0.46,351.0,306.0,4.2
2025-10-28T06:21:00+00:00,2059.9,95.77,345.1,13.85,422.0,23.5,601.0,0.0616,0.58,351.0,306.0,2.8
2025-10-28T06:22:00+00:00,1945.1,96.88,340.3,13.47,432.5,23.9,592.7,0.0580,0.50,351.0,306.0,3.8
2025-10-28T06:23:00+00:00,1960.8,99.87,348.4,13.87,415.9,23.4,568.1,0.0590,0.38,351.0,306.0,2.6
2025-10-28T06:24:00+00:00,2237.4,99.60,361.5,13.75,430.6,22.3,635.5,0.0603,0.47,351.0,306.0,2.8
2025-10-28T06:25:00+00:00,1980.0,98.35,349.6,13.74,441.8,23.1,653.5,0.0630,0.48,351.0,306.0,4.2
2025-10-28T06:26:00+00:00,2025.1,96.54,343.6,13.94,418.9,23.1,578.8,0.0581,0.48,351.0,306.0,3.4
2025-10-28T06:27:00+00:00,1938.3,94.60,345.2,13.78,430.4,22.0,613.5,0.0574,0.47,351.0,306.0,4.0
2025-10-28T06:28:00+00:00,1733.2,95.31,338.9,13.60,383.2,22.7,608.5,0.0566,0.48,351.0,306.0,3.0
2025-10-28T06:29:00+00:00,2058.3,97.56,339.5,13.67,432.3,21.7,532.2,0.0609,0.52,351.0,306.0,2.1
2025-10-28T06:30:00+00:00,1652.7,95.44,350.5,13.76,428.7,21.9,561.9,0.0564,0.51,351.0,306.0,4.7
2025-10-28T06:31:00+00:00,1981.4,99.41,342.6,13.69,443.2,23.0,635.0,0.0579,0.49,351.0,306.0,2.1
2025-10-28T06:32:00+00:00,2035.2,97.69,338.9,13.79,420.2,21.8,599.9,0.0633,0.47,351.0,306.0,3.4
2025-10-28T06:33:00+00:00,1897.6,97.30,347.3,13.59,415.8,24.5,599.4,0.0571,0.45,351.0,306.0,0.1
2025-10-28T06:34:00+00:00,1950.7,101.21,339.9,13.51,416.7,22.9,613.3,0.0567,0.37,351.0,306.0,2.5
2025-10-28T06:35:00+00:00,1988.7,97.91,345.0,13.74,396.0,19.3,607.4,0.0575,0.46,351.0,306.0,4.6
2025-10-28T06:36:00+00:00,2165.4,99.09,348.7,13.64,434.5,26.9,662.1,0.0609,0.62,351.0,306.0,4.1
2025-10-28T06:37:00+00:00,1970.5,99.62,353.7,13.59,420.8,22.6,491.9,0.0581,0.47,351.0,306.0,2.7
2025-10-28T06:38:00+00:00,2081.8,98.41,345.9,13.76,419.9,21.8,571.0,0.0592,0.55,351.0,306.0,4.2
2025-10-28T06:39:00+00:00,1954.0,99.31,345.2,13.92,445.4,23.4,639.5,0.0578,0.49,351.0,306.0,4.0
2025-10-28T06:40:00+00:00,2162.1,96.70,356.9,13.81,428.6,25.3,649.1,0.0593,0.52,351.0,306.0,2.9
2025-10-28T06:41:00+00:00,2118.7,99.36,350.1,13.77,416.7,23.8,659.8,0.0588,0.51,351.0,306.0,4.0
2025-10-28T06:42:00+00:00,1997.8,95.71,345.8,13.94,426.8,22.7,612.3,0.0579,0.48,351.0,306.0,2.9
2025-10-28T06:43:00+00:00,1974.0,94.86,347.2,13.81,426.6,24.6,561.1,0.0615,0.50,351.0,306.0,6.1
2025-10-28T06:44:00+00:00,2178.2,97.68,358.0,13.92,426.7,22.9,596.8,0.0596,0.56,351.0,306.0,3.9
2025-10-28T06:45:00+00:00,1888.1,97.06,350.4,13.86,398.7,20.6,612.6,0.0577,0.52,351.0,306.0,1.8
2025-10-28T06:46:00+00:00,2163.8,97.21,338.3,13.67,437.7,22.9,605.2,0.0586,0.45,351.0,306.0,2.0
2025-10-28T06:47:00+00:00,2014.5,97.49,356.2,13.71,394.8,22.4,613.8,0.0583,0.51,351.0,306.0,2.7
2025-10-28T06:48:00+00:00,2053.4,101.47,338.1,13.73,427.8,21.0,606.3,0.0588,0.50,351.0,306.0,4.1
2025-10-28T06:49:00+00:00,2066.5,96.76,337.5,13.65,419.1,20.9,640.9,0.0603,0.43,351.0,306.0,2.9
2025-10-28T06:50:00+00:00,2132.7,96.09,344.1,13.92,426.0,26.0,582.2,0.0592,0.54,351.0,306.0,5.3
2025-10-28T06:51:00+00:00,1844.2,95.56,346.4,13.72,409.1,22.1,593.4,0.0573,0.50,351.0,306.0,3.9
2025-10-28T06:52:00+00:00,1983.6,95.53,334.0,13.63,422.0,22.7,572.6,0.0571,0.39,351.0,306.0,2.8
2025-10-28T06:53:00+00:00,1869.3,97.63,354.7,13.95,430.6,24.0,610.9,0.0592,0.51,351.0,306.0,1.2
2025-10-28T06:54:00+00:00,1972.9,98.03,338.4,13.54,414.4,21.8,593.1,0.0619,0.54,351.0,306.0,2.1
2025-10-28T06:55:00+00:00,1907.1,99.23,337.9,13.98,423.1,20.5,649.9,0.0634,0.45,351.0,306.0,4.4
2025-10-28T06:56:00+00:00,2010.5,96.77,339.7,13.64,416.3,24.3,544.5,0.0583,0.50,351.0,306.0,4.9
2025-10-28T06:57:00+00:00,1827.2,95.51,358.7,13.70,438.5,21.7,534.7,0.0570,0.47,351.0,306.0,3.2
2025-10-28T06:58:00+00:00,2008.4,96.64,347.9,13.79,410.6,20.8,672.0,0.0656,0.48,351.0,306.0,2.9
2025-10-28T06:59:00+00:00,2086.9,96.60,347.4,13.80,421.7,22.4,561.1,0.0590,0.52,351.0,306.0,2.2
2025-10-28T07:00:00+00:00,2038.7,97.12,349.4,13.65,418.0,22.0,614.9,0.0594,0.58,351.0,306.0,3.3
2025-10-28T07:01:00+00:00,2094.6,98.67,344.7,14.07,410.1,21.8,573.8,0.0588,0.44,351.0,306.0,3.1
2025-10-28T07:02:00+00:00,1866.2,98.48,340.3,13.72,442.5,22.6,546.1,0.0581,0.57,351.0,306.0,4.7
2025-10-28T07:03:00+00:00,2106.1,99.96,351.1,13.71,441.9,22.4,651.9,0.0578,0.41,351.0,306.0,1.6
2025-10-28T07:04:00+00:00,2255.2,99.00,333.6,13.85,428.6,22.6,591.4,0.0604,0.48,351.0,306.0,5.1
2025-10-28T07:05:00+00:00,1759.7,96.67,328.4,13.77,395.3,22.3,614.4,0.0570,0.45,351.0,306.0,3.9
2025-10-28T07:06:00+00:00,2110.2,97.39,355.4,13.90,391.6,24.1,628.6,0.0582,0.46,351.0,306.0,3.6
2025-10-28T07:07:00+00:00,1939.6,99.24,342.7,13.91,421.9,22.8,560.4,0.0583,0.53,351.0,306.0,4.1
2025-10-28T07:08:00+00:00,2031.5,98.18,347.8,13.59,420.3,25.2,608.3,0.0577,0.44,351.0,306.0,4.0
2025-10-28T07:09:00+00:00,2032.5,98.50,332.0,13.64,417.2,24.9,648.5,0.0588,0.54,351.0,306.0,3.0
2025-10-28T07:10:00+00:00,2039.9,98.93,339.1,13.76,417.0,21.9,576.3,0.0579,0.45,351.0,306.0,0.8
2025-10-28T07:11:00+00:00,2026.7,97.38,334.9,13.74,415.1,23.3,571.7,0.0588,0.54,351.0,306.0,4.2
2025-10-28T07:12:00+00:00,1963.0,99.41,353.5,13.93,420.6,23.2,556.0,0.0621,0.44,351.0,306.0,1.8
2025-10-28T07:13:00+00:00,1964.8,98.29,352.5,13.66,429.8,24.2,617.7,0.0580,0.51,351.0,306.0,1.6
2025-10-28T07:14:00+00:00,2101.8,96.62,334.9,13.64,399.7,19.9,601.0,0.0592,0.52,351.0,306.0,2.7
2025-10-28T07:15:00+00:00,2007.0,98.61,352.8,13.91,410.9,22.7,607.9,0.0583,0.50,351.0,306.0,1.7
2025-10-28T07:16:00+00:00,1937.7,95.70,337.6,13.91,412.1,21.5,564.5,0.0577,0.49,351.0,306.0,5.3
2025-10-28T07:17:00+00:00,1930.1,97.81,362.5,13.81,426.9,25.1,628.8,0.0633,0.48,351.0,306.0,4.0
2025-10-28T07:18:00+00:00,2487.6,97.08,346.0,14.06,446.2,21.5,612.1,0.0605,0.41,351.0,306.0,1.5
2025-10-28T07:19:00+00:00,2102.0,99.08,348.8,13.56,411.0,20.4,554.4,0.0592,0.54,351.0,306.0,3.8
2025-10-28T07:20:00+00:00,2135.4,97.91,346.2,13.78,428.0,25.1,689.3,0.0592,0.44,351.0,306.0,3.1
2025-10-28T07:21:00+00:00,1871.5,96.79,353.6,13.93,426.4,21.5,561.5,0.0617,0.46,351.0,306.0,3.7
2025-10-28T07:22:00+00:00,1879.9,97.86,343.8,13.73,402.3,20.4,580.0,0.0579,0.53,351.0,306.0,3.6
2025-10-28T07:23:00+00:00,1866.6,99.75,353.5,13.76,414.5,21.6,579.8,0.0603,0.45,351.0,306.0,3.1
2025-10-28T07:24:00+00:00,2456.9,98.94,339.2,13.75,426.8,23.3,622.7,0.0608,0.51,351.0,306.0,2.5
2025-10-28T07:25:00+00:00,2193.1,98.04,352.4,13.66,433.1,23.8,590.5,0.0592,0.50,351.0,306.0,2.1
2025-10-28T07:26:00+00:00,2022.1,95.40,343.0,13.70,413.9,20.8,587.9,0.0586,0.52,351.0,306.0,4.6
2025-10-28T07:27:00+00:00,2377.7,99.21,337.0,13.66,432.5,21.5,576.0,0.0622,0.46,351.0,306.0,4.3
2025-10-28T07:28:00+00:00,2440.6,98.27,337.4,13.87,432.2,22.2,595.3,0.0623,0.41,351.0,306.0,4.2
2025-10-28T07:29:00+00:00,2460.2,96.93,342.9,13.77,418.0,22.1,615.4,0.0611,0.52,351.0,306.0,3.9
2025-10-28T07:30:00+00:00,1971.3,97.87,359.2,14.03,420.2,22.7,614.5,0.0624,0.58,351.0,306.0,4.4
2025-10-28T07:31:00+00:00,2081.7,97.01,352.2,13.90,429.0,22.7,570.2,0.0612,0.40,351.0,306.0,3.6
2025-10-28T07:32:00+00:00,2002.2,98.16,334.2,14.01,410.5,23.1,576.4,0.0586,0.53,351.0,306.0,4.0
2025-10-28T07:33:00+00:00,1904.1,97.19,345.6,13.86,437.2,23.9,622.1,0.0583,0.46,351.0,306.0,3.4
2025-10-28T07:34:00+00:00,2127.6,99.15,344.9,14.06,413.9,19.7,627.2,0.0649,0.55,351.0,306.0,3.1
2025-10-28T07:35:00+00:00,2010.3,95.49,344.1,13.87,401.3,21.8,576.4,0.0581,0.47,351.0,306.0,3.0
2025-10-28T07:36:00+00:00,2081.6,95.12,344.1,14.32,440.6,22.3,580.9,0.0589,0.53,351.0,306.0,4.3
2025-10-28T07:37:00+00:00,2004.8,97.16,350.5,13.76,395.6,21.5,608.5,0.0582,0.49,351.0,306.0,4.0
2025-10-28T07:38:00+00:00,2023.4,95.93,349.5,13.86,418.9,20.6,546.2,0.0593,0.45,351.0,306.0,1.7
2025-10-28T07:39:00+00:00,1978.9,92.94,350.2,13.80,405.1,20.5,582.9,0.0585,0.48,351.0,306.0,4.7
2025-10-28T07:40:00+00:00,1941.3,97.57,336.3,13.88,423.3,20.6,562.0,0.0577,0.47,351.0,306.0,3.2
2025-10-28T07:41:00+00:00,2104.0,97.26,352.4,13.70,416.7,21.0,601.0,0.0702,0.46,351.0,306.0,1.4
2025-10-28T07:42:00+00:00,2117.0,96.59,351.7,13.72,418.2,22.6,557.7,0.0642,0.47,351.0,306.0,2.7
2025-10-28T07:43:00+00:00,1916.1,95.73,364.1,13.92,425.9,23.1,610.5,0.0652,0.45,351.0,306.0,3.8
2025-10-28T07:44:00+00:00,1962.1,98.31,351.8,13.66,423.0,23.2,601.3,0.0638,0.48,351.0,306.0,4.0
2025-10-28T07:45:00+00:00,2015.2,96.56,337.3,13.96,424.7,18.9,613.6,0.0592,0.56,351.0,306.0,3.2
2025-10-28T07:46:00+00:00,2073.4,96.55,339.2,13.83,430.2,23.2,579.3,0.0588,0.54,351.0,306.0,2.5
2025-10-28T07:47:00+00:00,2083.8,100.29,361.7,13.89,446.5,22.2,524.0,0.0592,0.56,351.0,306.0,4.3
2025-10-28T07:48:00+00:00,2013.7,98.52,323.8,13.91,425.7,24.1,573.6,0.0592,0.59,351.0,306.0,2.9
2025-10-28T07:49:00+00:00,1848.3,95.34,356.1,13.63,420.7,22.6,630.2,0.0571,0.46,351.0,306.0,3.4
2025-10-28T07:50:00+00:00,2055.5,98.99,351.2,13.77,431.3,21.3,541.9,0.0639,0.58,351.0,306.0,4.0
2025-10-28T07:51:00+00:00,2088.3,97.94,354.9,13.79,413.7,22.2,578.6,0.0591,0.48,351.0,306.0,2.7
2025-10-28T07:52:00+00:00,2080.3,99.51,340.7,13.48,423.1,23.5,642.0,0.0584,0.48,351.0,306.0,2.9
2025-10-28T07:53:00+00:00,2067.9,98.84,335.9,13.68,422.8,22.1,622.0,0.0643,0.49,351.0,306.0,4.8
2025-10-28T07:54:00+00:00,2004.3,97.53,349.5,13.90,412.5,22.4,602.2,0.0586,0.54,351.0,306.0,3.7
2025-10-28T07:55:00+00:00,2050.9,97.11,351.8,13.75,426.3,21.7,556.0,0.0593,0.45,351.0,306.0,5.9
2025-10-28T07:56:00+00:00,1915.8,95.71,338.1,14.02,397.2,22.9,586.8,0.0585,0.57,351.0,306.0,3.0
2025-10-28T07:57:00+00:00,1876.8,98.15,348.1,14.08,419.8,21.6,606.4,0.0573,0.48,351.0,306.0,1.6
2025-10-28T07:58:00+00:00,2132.0,97.17,334.9,13.71,432.2,20.8,591.4,0.0589,0.49,351.0,306.0,2.8
2025-10-28T07:59:00+00:00,2094.8,99.90,352.0,13.86,424.9,23.6,622.8,0.0589,0.44,351.0,306.0,3.1
2025-10-28T08:00:00+00:00,2074.0,97.08,331.4,13.85,423.3,24.5,532.8,0.0594,0.52,351.0,306.0,3.4
2025-10-28T08:01:00+00:00,2018.5,96.20,351.1,13.95,431.1,21.4,580.5,0.0572,0.38,351.0,306.0,3.0
2025-10-28T08:02:00+00:00,1946.2,97.83,351.0,14.01,406.8,22.1,600.5,0.0577,0.48,351.0,306.0,1.6
2025-10-28T08:03:00+00:00,2074.1,99.96,352.3,13.77,406.8,23.7,617.8,0.0628,0.50,351.0,306.0,4.3
2025-10-28T08:04:00+00:00,2044.3,97.69,353.0,13.86,416.1,21.3,571.0,0.0584,0.49,351.0,306.0,4.0
2025-10-28T08:05:00+00:00,2236.7,99.06,341.4,13.94,434.3,22.5,598.8,0.0653,0.58,351.0,306.0,3.2
2025-10-28T08:06:00+00:00,2159.3,97.63,347.0,13.73,413.6,25.1,620.0,0.0593,0.54,351.0,306.0,3.7
2025-10-28T08:07:00+00:00,2168.8,96.88,351.9,13.81,428.8,21.5,561.6,0.0586,0.44,351.0,306.0,1.3
2025-10-28T08:08:00+00:00,2119.8,98.93,356.3,13.87,426.3,22.2,593.8,0.0639,0.54,351.0,306.0,1.8
2025-10-28T08:09:00+00:00,2020.3,98.15,339.6,14.05,424.3,19.7,653.5,0.0575,0.42,351.0,306.0,4.7
2025-10-28T08:10:00+00:00,2111.2,93.91,347.0,13.58,418.8,21.2,636.9,0.0687,0.51,351.0,306.0,3.0
2025-10-28T08:11:00+00:00,2037.8,97.16,358.2,13.61,428.3,23.9,659.7,0.0577,0.44,351.0,306.0,3.8
2025-10-28T08:12:00+00:00,2036.5,97.94,353.4,13.43,436.8,21.9,608.3,0.0588,0.53,351.0,306.0,3.4
2025-10-28T08:13:00+00:00,1931.4,96.73,337.1,13.69,407.4,20.1,580.6,0.0572,0.44,351.0,306.0,5.0
2025-10-28T08:14:00+00:00,2122.3,99.90,365.2,13.72,437.9,22.0,603.2,0.0621,0.51,351.0,306.0,1.8
2025-10-28T08:15:00+00:00,2231.7,98.01,356.4,13.77,439.9,21.7,593.2,0.0596,0.52,351.0,306.0,2.8
2025-10-28T08:16:00+00:00,2010.4,97.32,351.4,13.81,421.9,23.1,581.0,0.0638,0.48,351.0,306.0,3.8
2025-10-28T08:17:00+00:00,2036.7,98.55,360.8,13.71,423.2,20.1,573.1,0.0592,0.57,351.0,306.0,3.1
2025-10-28T08:18:00+00:00,1879.3,97.19,348.9,13.81,395.0,22.6,602.6,0.0570,0.45,351.0,306.0,4.9
2025-10-28T08:19:00+00:00,2009.8,98.28,338.7,13.71,428.4,19.2,611.4,0.0612,0.45,351.0,306.0,2.1
2025-10-28T08:20:00+00:00,1844.1,99.67,338.4,13.92,432.2,21.2,538.0,0.0654,0.46,351.0,306.0,4.5
2025-10-28T08:21:00+00:00,1925.8,94.21,354.8,13.69,411.0,22.7,565.6,0.0579,0.52,351.0,306.0,4.3
2025-10-28T08:22:00+00:00,2002.7,95.19,363.3,13.76,438.9,20.2,618.3,0.0612,0.41,351.0,306.0,4.3
2025-10-28T08:23:00+00:00,2031.3,96.69,348.3,13.76,406.2,21.8,548.9,0.0610,0.48,351.0,306.0,3.3
2025-10-28T08:24:00+00:00,1820.3,96.42,355.4,13.99,427.5,22.4,649.5,0.0638,0.45,351.0,306.0,2.9
2025-10-28T08:25:00+00:00,2238.3,98.24,360.5,13.72,448.9,22.6,651.5,0.0584,0.39,351.0,306.0,3.7
2025-10-28T08:26:00+00:00,1001.8,93.95,360.6,13.41,397.6,22.9,576.4,0.0531,0.51,351.0,306.0,2.5
2025-10-28T08:27:00+00:00,1053.4,93.94,347.2,13.63,382.9,21.9,526.1,0.0620,0.50,351.0,306.0,4.0
2025-10-28T08:28:00+00:00,927.2,94.61,336.8,13.78,393.5,23.2,557.1,0.0573,0.41,351.0,306.0,2.1
2025-10-28T08:29:00+00:00,987.7,94.45,364.5,13.95,381.0,22.3,575.0,0.0524,0.46,351.0,306.0,3.2
2025-10-28T08:30:00+00:00,853.2,95.98,365.6,13.78,391.5,25.0,481.5,0.0533,0.61,351.0,306.0,3.6
2025-10-28T08:31:00+00:00,1014.4,93.88,362.6,13.94,368.7,20.0,545.5,0.0533,0.54,351.0,306.0,3.6
2025-10-28T08:32:00+00:00,1092.9,94.17,348.9,13.91,385.0,23.5,619.0,0.0540,0.57,351.0,306.0,5.1
2025-10-28T08:33:00+00:00,922.7,95.76,357.2,13.81,395.0,19.4,490.9,0.0538,0.39,351.0,306.0,3.9
2025-10-28T08:34:00+00:00,991.1,95.46,356.6,14.02,406.1,21.6,504.6,0.0584,0.52,351.0,306.0,3.5
2025-10-28T08:35:00+00:00,932.6,90.03,364.1,14.01,400.7,21.1,612.5,0.0517,0.42,351.0,306.0,3.7
2025-10-28T08:36:00+00:00,1001.8,97.23,347.8,13.61,390.6,23.2,534.2,0.0527,0.49,351.0,306.0,2.4
2025-10-28T08:37:00+00:00,1056.5,92.57,358.2,13.82,401.0,22.1,601.5,0.0529,0.46,351.0,306.0,4.2
2025-10-28T14:00:00+00:00,1080.3,95.46,350.8,13.74,423.2,21.8,506.9,0.0526,0.43,351.0,306.0,3.7
2025-10-28T14:01:00+00:00,1060.1,93.79,343.3,13.68,398.9,23.2,583.0,0.0537,0.48,351.0,306.0,2.8
2025-10-28T14:02:00+00:00,966.9,93.36,337.8,13.95,377.1,23.4,520.4,0.0531,0.54,351.0,306.0,3.4
2025-10-28T14:03:00+00:00,921.5,95.52,359.3,13.72,389.1,22.6,552.1,0.0654,0.55,351.0,306.0,4.6
2025-10-28T14:04:00+00:00,859.8,91.35,355.9,13.52,371.6,24.4,586.0,0.0532,0.44,351.0,306.0,2.5
2025-10-28T14:05:00+00:00,1020.2,95.95,350.5,13.98,391.2,21.5,582.0,0.0526,0.46,351.0,306.0,4.2
2025-10-28T14:06:00+00:00,1040.0,96.19,370.7,13.64,387.2,23.6,581.9,0.0526,0.45,351.0,306.0,0.2
2025-10-28T14:07:00+00:00,875.4,95.16,370.0,13.70,398.1,22.0,570.4,0.0522,0.49,351.0,306.0,4.0
2025-10-28T14:08:00+00:00,897.5,93.89,347.4,13.89,356.9,20.8,536.8,0.0544,0.44,351.0,306.0,1.1
2025-10-28T14:09:00+00:00,881.4,91.76,344.6,13.97,374.5,17.6,564.3,0.0517,0.42,351.0,306.0,4.6
2025-10-28T14:10:00+00:00,946.2,92.88,347.8,13.79,351.8,24.1,585.8,0.0533,0.56,351.0,306.0,3.6
2025-10-28T14:11:00+00:00,978.8,93.08,368.3,13.98,373.3,20.9,596.8,0.0530,0.50,351.0,306.0,3.0
2025-10-28T14:12:00+00:00,2219.5,97.18,335.2,13.89,409.6,21.7,589.0,0.0615,0.37,351.0,306.0,3.6
2025-10-28T14:13:00+00:00,1886.7,96.48,351.5,13.84,419.0,21.6,622.2,0.0580,0.52,351.0,306.0,3.2
2025-10-28T14:14:00+00:00,1860.8,98.61,339.6,14.02,402.9,21.8,637.4,0.0578,0.43,351.0,306.0,2.3
2025-10-28T14:15:00+00:00,1865.1,98.81,344.1,13.63,426.4,23.9,624.7,0.0598,0.41,351.0,306.0,3.7
2025-10-28T14:16:00+00:00,1994.4,98.08,343.7,13.90,421.5,23.5,574.0,0.0570,0.39,351.0,306.0,2.0
2025-10-28T14:17:00+00:00,2047.0,97.16,353.5,13.78,429.1,22.5,560.1,0.0588,0.54,351.0,306.0,2.8
2025-10-28T14:18:00+00:00,1904.1,96.41,358.5,13.86,414.7,21.2,645.7,0.0574,0.47,351.0,306.0,2.9
2025-10-28T14:19:00+00:00,2031.2,98.96,351.8,14.00,423.2,20.9,532.7,0.0586,0.44,351.0,306.0,1.4
2025-10-28T14:20:00+00:00,1979.5,98.58,347.8,13.72,410.5,23.8,571.5,0.0596,0.52,351.0,306.0,2.0
2025-10-28T14:21:00+00:00,1938.4,93.77,344.9,13.94,403.3,21.3,573.1,0.0599,0.55,351.0,306.0,3.8
2025-10-28T14:22:00+00:00,2335.3,97.25,350.7,13.78,417.6,21.8,654.6,0.0614,0.51,351.0,306.0,1.9
2025-10-28T14:23:00+00:00,1883.9,98.65,355.3,13.99,413.0,23.0,548.1,0.0595,0.50,351.0,306.0,6.1
2025-10-28T14:24:00+00:00,2072.9,97.03,345.8,13.76,423.1,23.7,618.7,0.0586,0.50,351.0,306.0,2.5
2025-10-28T14:25:00+00:00,2080.3,97.32,361.0,13.70,431.1,21.2,657.1,0.0588,0.50,351.0,306.0,2.1
2025-10-28T14:26:00+00:00,2147.2,98.14,348.5,13.78,426.0,20.1,643.0,0.0593,0.53,351.0,306.0,2.2
2025-10-28T14:27:00+00:00,2005.1,96.88,342.9,13.96,428.0,24.7,607.3,0.0636,0.52,351.0,306.0,4.1
2025-10-28T14:28:00+00:00,2211.9,96.33,348.4,13.55,422.0,24.0,582.0,0.0590,0.48,351.0,306.0,1.8
2025-10-28T14:29:00+00:00,2047.0,99.51,347.8,13.55,444.0,23.8,602.4,0.0657,0.44,351.0,306.0,2.9
2025-10-28T14:30:00+00:00,2061.4,95.89,353.5,14.07,422.1,21.8,569.6,0.0580,0.45,351.0,306.0,3.6
2025-10-28T14:31:00+00:00,1937.5,95.80,347.6,13.63,418.1,22.8,594.3,0.0604,0.51,351.0,306.0,2.8
2025-10-28T14:32:00+00:00,1948.4,97.52,355.6,13.77,402.5,20.4,596.3,0.0585,0.51,351.0,306.0,1.6
2025-10-28T14:33:00+00:00,2082.5,98.13,350.1,13.91,410.6,20.1,593.6,0.0586,0.50,351.0,306.0,1.1
2025-10-28T14:34:00+00:00,1896.7,96.30,349.4,13.93,403.5,22.4,622.1,0.0578,0.52,351.0,306.0,3.8
2025-10-28T14:35:00+00:00,1845.0,99.51,354.2,13.71,408.6,22.9,553.8,0.0601,0.47,351.0,306.0,4.1
2025-10-28T14:36:00+00:00,2089.7,99.18,341.9,13.65,423.3,24.1,624.8,0.0587,0.49,351.0,306.0,2.8
2025-10-28T14:37:00+00:00,2013.4,97.79,348.4,13.87,406.3,21.7,666.0,0.0647,0.48,351.0,306.0,2.7
2025-10-28T14:38:00+00:00,2126.4,96.32,345.2,13.66,433.7,21.6,656.2,0.0632,0.53,351.0,306.0,4.3
2025-10-28T14:39:00+00:00,2166.5,97.17,358.7,13.83,412.6,23.5,590.9,0.0630,0.64,351.0,306.0,3.3
2025-10-28T14:40:00+00:00,1896.9,99.01,349.5,13.93,408.2,20.2,595.3,0.0607,0.52,351.0,306.0,2.9
2025-10-28T14:41:00+00:00,1960.3,96.87,330.6,13.72,419.4,24.3,544.3,0.0586,0.56,351.0,306.0,2.2
2025-10-28T14:42:00+00:00,1978.8,95.62,355.9,13.78,419.1,24.8,597.6,0.0583,0.52,351.0,306.0,3.6
2025-10-28T14:43:00+00:00,2102.4,98.63,351.5,13.95,430.1,22.6,594.1,0.0589,0.51,351.0,306.0,2.9
2025-10-28T14:44:00+00:00,1872.2,94.65,345.4,13.66,407.1,24.6,575.8,0.0568,0.43,351.0,306.0,3.3
2025-10-28T14:45:00+00:00,2067.5,99.28,341.1,13.70,432.0,24.4,622.6,0.0629,0.48,351.0,306.0,4.3
2025-10-28T14:46:00+00:00,1899.3,96.58,351.9,13.98,424.9,23.7,555.4,0.0582,0.55,351.0,306.0,3.7
2025-10-28T14:47:00+00:00,2274.7,97.82,364.8,13.71,457.7,24.2,628.9,0.0591,0.44,351.0,306.0,5.1
2025-10-28T14:48:00+00:00,2126.6,98.33,343.9,13.72,433.0,22.2,582.2,0.0568,0.30,351.0,306.0,3.7
2025-10-28T14:49:00+00:00,2252.1,98.12,348.5,13.78,442.9,22.2,599.8,0.0608,0.41,351.0,306.0,3.8
2025-10-28T14:50:00+00:00,2111.7,96.96,342.0,13.75,422.9,22.0,580.3,0.0632,0.40,351.0,306.0,3.1
2025-10-28T14:51:00+00:00,1925.9,98.30,352.0,13.45,412.8,21.5,575.0,0.0586,0.49,351.0,306.0,2.7
2025-10-28T14:52:00+00:00,1967.7,96.71,361.5,13.70,412.9,20.0,592.8,0.0576,0.46,351.0,306.0,4.2
2025-10-28T14:53:00+00:00,1990.6,96.44,355.8,13.64,401.3,22.3,643.3,0.0647,0.55,351.0,306.0,4.9
2025-10-28T14:54:00+00:00,1979.3,97.86,343.6,13.82,408.8,24.6,616.9,0.0597,0.50,351.0,306.0,4.8
2025-10-28T14:55:00+00:00,1990.3,100.59,368.3,13.65,413.3,19.4,594.4,0.0583,0.51,351.0,306.0,2.6
2025-10-28T14:56:00+00:00,2091.0,99.90,348.9,13.58,444.6,21.2,632.5,0.0595,0.48,351.0,306.0,3.2
2025-10-28T14:57:00+00:00,1970.2,99.74,364.4,13.68,408.3,22.7,561.9,0.0579,0.49,351.0,306.0,2.4
2025-10-28T14:58:00+00:00,2058.8,97.50,360.8,13.83,439.1,21.6,629.5,0.0581,0.46,351.0,306.0,4.3
2025-10-28T14:59:00+00:00,1980.3,95.53,349.9,13.96,425.6,19.6,633.8,0.0583,0.52,351.0,306.0,3.2
2025-10-28T15:00:00+00:00,1990.7,94.63,344.8,13.66,417.1,22.7,597.9,0.0618,0.48,351.0,306.0,3.0
2025-10-28T15:01:00+00:00,1864.2,97.33,363.6,13.98,423.6,23.5,554.7,0.0580,0.43,351.0,306.0,3.2
2025-10-28T15:02:00+00:00,1785.0,96.66,349.1,13.91,412.1,21.4,622.2,0.0600,0.54,351.0,306.0,3.4
2025-10-28T15:03:00+00:00,2399.9,97.54,340.6,13.56,420.5,25.1,606.9,0.0608,0.55,351.0,306.0,1.0
2025-10-28T15:04:00+00:00,2131.3,97.19,343.7,13.80,437.5,21.8,550.3,0.0592,0.52,351.0,306.0,1.5
2025-10-28T15:05:00+00:00,1899.5,95.73,354.7,13.78,405.8,21.9,614.7,0.0580,0.53,351.0,306.0,3.9
2025-10-28T15:06:00+00:00,2162.9,99.47,334.9,13.64,433.7,25.7,594.5,0.0621,0.37,351.0,306.0,3.7
2025-10-28T15:07:00+00:00,2415.3,98.29,344.9,14.17,415.2,22.5,601.7,0.0625,0.60,351.0,306.0,3.1
2025-10-28T15:08:00+00:00,2025.6,96.61,347.6,13.87,423.9,23.4,618.8,0.0637,0.53,351.0,306.0,2.1
2025-10-28T15:09:00+00:00,1955.4,98.31,338.4,13.82,412.6,24.2,592.5,0.0577,0.45,351.0,306.0,4.0
2025-10-28T15:10:00+00:00,2424.0,97.46,351.3,13.71,426.0,23.7,592.9,0.0600,0.47,351.0,306.0,2.6
2025-10-28T15:11:00+00:00,1993.8,98.36,356.4,13.63,405.5,24.2,558.9,0.0619,0.54,351.0,306.0,1.7
2025-10-28T15:12:00+00:00,2011.9,96.72,346.2,13.88,426.6,20.7,637.6,0.0576,0.42,351.0,306.0,4.2
2025-10-28T15:13:00+00:00,2544.3,99.20,351.3,13.80,444.8,22.9,629.7,0.0614,0.54,351.0,306.0,3.3
2025-10-28T15:14:00+00:00,1972.2,97.67,356.2,13.63,435.6,25.9,576.2,0.0580,0.48,351.0,306.0,4.8
2025-10-28T15:15:00+00:00,2331.7,99.99,335.5,13.58,424.5,22.2,603.1,0.0593,0.42,351.0,306.0,1.7
2025-10-28T15:16:00+00:00,2081.9,97.79,347.0,13.98,415.1,22.7,653.1,0.0591,0.55,351.0,306.0,5.1
2025-10-28T15:17:00+00:00,2074.4,96.92,360.0,14.11,443.5,20.0,605.7,0.0641,0.51,351.0,306.0,4.0
2025-10-28T15:18:00+00:00,2338.0,96.17,331.9,13.78,436.9,22.3,616.6,0.0623,0.47,351.0,306.0,3.9
2025-10-28T15:19:00+00:00,1855.7,98.01,340.7,13.92,436.1,22.1,624.0,0.0641,0.48,351.0,306.0,2.7
2025-10-28T15:20:00+00:00,2440.1,97.37,348.1,13.74,425.6,21.1,649.1,0.0603,0.48,351.0,306.0,2.3
2025-10-28T15:21:00+00:00,1920.2,94.21,343.9,13.87,406.3,23.3,632.2,0.0691,0.50,351.0,306.0,3.9
2025-10-28T15:22:00+00:00,2492.3,101.24,348.1,13.59,422.1,22.9,668.7,0.0608,0.49,351.0,306.0,4.5
2025-10-28T15:23:00+00:00,1937.3,97.15,341.6,13.87,417.4,24.0,630.7,0.0571,0.41,351.0,306.0,1.7
2025-10-28T15:24:00+00:00,2052.6,94.19,342.4,13.82,443.5,20.2,582.0,0.0590,0.48,351.0,306.0,2.1
2025-10-28T15:25:00+00:00,2297.1,97.07,359.3,13.99,437.9,21.7,543.5,0.0605,0.59,351.0,306.0,3.3
2025-10-28T15:26:00+00:00,1902.1,98.14,347.0,13.56,417.7,21.3,582.0,0.0581,0.42,351.0,306.0,4.3
2025-10-28T15:27:00+00:00,2196.3,100.29,343.9,13.54,413.9,21.9,650.3,0.0623,0.54,351.0,306.0,3.0
2025-10-28T15:28:00+00:00,1980.3,97.38,345.1,13.57,421.5,22.5,590.8,0.0584,0.52,351.0,306.0,4.3
2025-10-28T15:29:00+00:00,1926.3,99.04,340.5,13.67,427.7,21.7,578.4,0.0574,0.46,351.0,306.0,4.6
2025-10-28T15:30:00+00:00,1875.2,97.95,335.2,13.74,422.5,22.8,585.5,0.0594,0.42,351.0,306.0,3.5
2025-10-28T15:31:00+00:00,2054.4,93.73,351.8,13.84,418.2,22.4,652.6,0.0582,0.47,351.0,306.0,4.4
2025-10-28T15:32:00+00:00,2149.4,97.84,336.7,13.92,436.6,22.0,591.5,0.0588,0.49,351.0,306.0,1.6
2025-10-28T15:33:00+00:00,2010.3,97.46,347.9,13.85,409.5,20.6,629.8,0.0574,0.41,351.0,306.0,1.9
2025-10-28T15:34:00+00:00,1903.5,96.45,346.4,13.77,405.8,23.4,656.2,0.0572,0.46,351.0,306.0,3.1
2025-10-28T15:35:00+00:00,2010.9,100.25,322.2,13.76,434.5,21.7,610.5,0.0603,0.44,351.0,306.0,4.0
2025-10-28T15:36:00+00:00,2076.3,95.92,356.1,13.72,420.1,20.0,633.6,0.0578,0.43,351.0,306.0,3.7
2025-10-28T15:37:00+00:00,2098.1,96.92,345.6,13.81,430.4,19.7,600.2,0.0610,0.40,351.0,306.0,3.7
2025-10-28T15:38:00+00:00,2034.9,99.31,338.8,13.68,428.1,22.6,597.7,0.0583,0.49,351.0,306.0,4.1
2025-10-28T15:39:00+00:00,2131.0,98.67,337.2,13.85,428.8,23.6,581.5,0.0593,0.54,351.0,306.0,3.2
2025-10-28T15:40:00+00:00,1796.4,98.87,360.4,13.81,416.9,22.1,549.6,0.0619,0.55,351.0,306.0,3.3
2025-10-28T15:41:00+00:00,2035.7,97.51,348.1,13.67,417.5,19.7,612.0,0.0607,0.55,351.0,306.0,2.5
2025-10-28T15:42:00+00:00,2002.6,97.21,339.9,13.92,423.2,22.7,541.7,0.0583,0.49,351.0,306.0,4.6
2025-10-28T15:43:00+00:00,2328.5,97.77,358.0,13.95,430.4,23.5,598.6,0.0590,0.41,351.0,306.0,3.8
2025-10-28T15:44:00+00:00,2065.5,98.45,342.6,13.73,425.3,22.3,523.7,0.0581,0.46,351.0,306.0,1.4
2025-10-28T15:45:00+00:00,2024.3,97.07,353.1,13.73,411.1,20.0,626.8,0.0579,0.46,351.0,306.0,2.5
2025-10-28T15:46:00+00:00,2057.5,95.26,350.5,13.74,437.6,22.4,650.4,0.0582,0.48,351.0,306.0,2.3
2025-10-28T15:47:00+00:00,1951.3,98.51,327.1,13.77,422.4,22.1,666.7,0.0581,0.48,351.0,306.0,4.4
2025-10-28T15:48:00+00:00,2145.8,98.12,336.0,13.92,418.9,22.3,551.8,0.0587,0.47,351.0,306.0,2.4
2025-10-28T15:49:00+00:00,2140.5,95.98,362.9,13.53,419.2,24.1,600.2,0.0628,0.57,351.0,306.0,2.8
2025-10-28T15:50:00+00:00,2053.8,96.98,340.5,13.87,428.5,20.2,619.8,0.0591,0.55,351.0,306.0,2.5
2025-10-28T15:51:00+00:00,2025.0,96.12,347.0,13.49,441.7,22.4,592.4,0.0591,0.58,351.0,306.0,2.6
2025-10-28T15:52:00+00:00,1997.6,97.75,350.1,13.90,421.2,21.0,644.3,0.0577,0.46,351.0,306.0,1.8
2025-10-28T15:53:00+00:00,2121.5,99.95,346.5,13.91,439.2,23.3,572.9,0.0589,0.50,351.0,306.0,4.1
2025-10-28T15:54:00+00:00,2176.0,98.10,338.5,14.03,400.8,19.5,631.3,0.0674,0.47,351.0,306.0,3.7
2025-10-28T15:55:00+00:00,2136.9,99.73,356.7,13.58,419.0,21.5,599.8,0.0584,0.42,351.0,306.0,3.5
2025-10-28T15:56:00+00:00,1941.5,96.81,344.6,13.42,436.7,24.4,567.7,0.0565,0.37,351.0,306.0,1.9
2025-10-28T15:57:00+00:00,1958.3,97.66,352.3,13.78,411.5,22.5,635.1,0.0570,0.39,351.0,306.0,3.4
2025-10-28T15:58:00+00:00,2052.5,97.42,332.2,13.56,426.2,20.4,586.3,0.0592,0.56,351.0,306.0,2.4
2025-10-28T15:59:00+00:00,2075.5,98.37,349.4,13.77,435.7,21.5,589.1,0.0625,0.51,351.0,306.0,3.7
2025-10-28T16:00:00+00:00,1901.7,96.70,345.9,13.72,418.2,23.2,601.5,0.0574,0.46,351.0,306.0,3.6
2025-10-28T16:01:00+00:00,2088.9,96.32,345.7,13.66,433.9,21.8,648.9,0.0609,0.52,351.0,306.0,3.5
2025-10-28T16:02:00+00:00,2231.3,97.41,346.3,13.61,414.9,22.4,676.3,0.0600,0.55,351.0,306.0,3.7
2025-10-28T16:03:00+00:00,2155.8,100.78,326.4,13.79,444.3,20.0,606.1,0.0592,0.52,351.0,306.0,3.4
2025-10-28T16:04:00+00:00,2031.5,97.74,335.5,13.72,417.9,20.3,644.1,0.0605,0.43,351.0,306.0,2.0
2025-10-28T16:05:00+00:00,2298.0,97.60,356.9,13.90,440.3,23.5,657.8,0.0598,0.48,351.0,306.0,3.5
2025-10-28T16:06:00+00:00,2110.0,98.58,352.9,13.80,415.4,22.9,519.4,0.0595,0.59,351.0,306.0,3.7
2025-10-28T16:07:00+00:00,2028.6,98.47,362.9,13.80,428.9,20.2,612.9,0.0626,0.44,351.0,306.0,3.7
2025-10-28T16:08:00+00:00,1971.0,96.80,357.3,13.69,415.9,19.5,634.2,0.0577,0.47,351.0,306.0,2.8
2025-10-28T16:09:00+00:00,2070.5,98.06,356.1,13.69,444.8,22.6,574.7,0.0597,0.55,351.0,306.0,4.1
2025-10-28T16:10:00+00:00,2016.6,99.23,346.0,13.87,418.3,22.6,688.9,0.0593,0.49,351.0,306.0,2.7
2025-10-28T16:11:00+00:00,1913.1,98.67,340.9,13.77,411.8,23.7,614.3,0.0571,0.44,351.0,306.0,3.2
2025-10-28T16:12:00+00:00,2210.3,100.64,341.9,13.90,445.2,19.6,578.1,0.0617,0.57,351.0,306.0,2.9
2025-10-28T16:13:00+00:00,2120.4,98.62,337.6,13.59,416.1,21.6,572.9,0.0583,0.46,351.0,306.0,2.9
2025-10-28T16:14:00+00:00,1983.0,94.66,347.3,14.10,415.9,21.1,606.8,0.0606,0.43,351.0,306.0,3.2
2025-10-28T16:15:00+00:00,2131.4,97.42,354.2,13.73,452.5,22.8,642.7,0.0594,0.54,351.0,306.0,1.6
2025-10-28T16:16:00+00:00,1932.6,98.32,342.4,13.89,412.5,21.5,540.3,0.0582,0.47,351.0,306.0,3.8
2025-10-28T16:17:00+00:00,1956.0,96.62,337.4,13.88,432.5,24.4,610.2,0.0641,0.50,351.0,306.0,1.7
2025-10-28T16:18:00+00:00,2100.4,98.64,348.3,13.61,423.6,21.4,630.2,0.0587,0.48,351.0,306.0,2.8
2025-10-28T16:19:00+00:00,962.2,91.72,369.5,13.66,399.5,24.8,605.5,0.0585,0.44,351.0,306.0,4.6
2025-10-28T16:20:00+00:00,974.3,91.20,346.5,13.90,393.6,25.2,558.6,0.0524,0.46,351.0,306.0,2.9
2025-10-28T16:21:00+00:00,1120.2,95.82,352.8,13.76,405.3,22.8,565.8,0.0526,0.42,351.0,306.0,4.2
2025-10-28T16:22:00+00:00,892.9,94.47,366.7,13.88,362.9,23.5,547.5,0.0529,0.56,351.0,306.0,4.8
2025-10-28T16:23:00+00:00,1042.3,93.07,344.0,13.92,374.7,22.2,627.9,0.0610,0.57,351.0,306.0,1.4
2025-10-28T16:24:00+00:00,1033.7,92.53,358.4,13.76,377.0,22.9,540.8,0.0535,0.53,351.0,306.0,2.2
2025-10-28T16:25:00+00:00,935.1,94.08,356.6,13.85,375.6,20.2,577.0,0.0524,0.50,351.0,306.0,2.0
2025-10-28T16:26:00+00:00,988.3,95.55,360.9,13.87,382.0,23.8,593.6,0.0528,0.50,351.0,306.0,2.2
2025-10-28T16:27:00+00:00,927.9,94.49,362.2,13.67,387.9,25.0,522.1,0.0553,0.43,351.0,306.0,5.7
2025-10-28T16:28:00+00:00,973.6,92.12,359.5,14.02,399.5,22.9,568.0,0.0587,0.48,351.0,306.0,3.4
2025-10-28T16:29:00+00:00,915.9,91.61,367.4,13.66,402.8,23.4,517.6,0.0527,0.54,351.0,306.0,3.9
2025-10-29T06:00:00+00:00,1077.9,92.32,357.8,13.74,395.0,24.8,584.2,0.0629,0.77,12.8,327.8,7.7
2025-10-29T06:01:00+00:00,1146.1,94.91,349.7,13.76,380.7,22.4,566.2,0.0591,0.75,12.8,327.8,6.5
2025-10-29T06:02:00+00:00,869.9,94.69,352.7,13.82,399.3,22.2,597.3,0.0623,0.79,12.8,327.8,7.0
2025-10-29T06:03:00+00:00,995.6,95.13,338.5,13.69,396.5,22.0,582.5,0.0574,0.67,12.8,327.8,6.6
2025-10-29T06:04:00+00:00,908.1,95.30,352.1,13.61,390.3,22.5,538.7,0.0617,0.81,12.8,327.8,5.5
2025-10-29T06:05:00+00:00,977.3,94.08,338.3,13.66,385.4,21.2,542.8,0.0589,0.80,12.8,327.8,7.8
2025-10-29T06:06:00+00:00,954.2,93.08,358.4,13.86,392.5,21.1,572.2,0.0588,0.83,12.8,327.8,5.5
2025-10-29T06:07:00+00:00,872.8,95.08,362.7,13.81,386.2,21.2,625.1,0.0613,0.79,12.8,327.8,4.7
2025-10-29T06:08:00+00:00,1031.8,95.33,356.7,13.87,401.9,23.6,489.4,0.0651,0.76,12.8,327.8,5.8
2025-10-29T06:09:00+00:00,1147.0,94.03,354.3,13.54,407.4,22.5,556.8,0.0697,0.80,12.8,327.8,6.5
2025-10-29T06:10:00+00:00,869.4,94.45,364.2,14.06,376.6,22.6,523.6,0.0591,0.86,12.8,327.8,7.1
2025-10-29T06:11:00+00:00,1099.2,90.86,350.4,13.71,404.5,23.0,546.4,0.0589,0.77,12.8,327.8,7.6
2025-10-29T06:12:00+00:00,1025.5,92.80,356.6,13.89,370.4,23.9,551.4,0.0588,0.77,12.8,327.8,5.8
2025-10-29T06:13:00+00:00,2016.6,96.99,340.5,13.74,435.8,22.8,589.9,0.0629,0.67,12.8,327.8,5.5
2025-10-29T06:14:00+00:00,2019.3,97.94,345.2,13.74,438.9,20.3,609.0,0.0638,0.66,12.8,327.8,6.4
2025-10-29T06:15:00+00:00,1870.2,94.15,352.4,13.97,447.9,25.0,495.1,0.0666,0.85,12.8,327.8,7.0
2025-10-29T06:16:00+00:00,1897.2,95.94,336.9,13.92,415.0,24.5,623.9,0.0637,0.80,12.8,327.8,5.8
2025-10-29T06:17:00+00:00,2075.1,93.64,332.0,13.91,432.2,25.7,610.7,0.0664,0.83,12.8,327.8,7.6
2025-10-29T06:18:00+00:00,1880.6,99.69,346.3,13.96,411.4,23.7,556.5,0.0630,0.74,12.8,327.8,7.1
2025-10-29T06:19:00+00:00,2191.6,98.00,354.0,13.69,410.1,23.6,608.2,0.0673,0.81,12.8,327.8,8.6
2025-10-29T06:20:00+00:00,2160.7,96.45,339.0,14.08,400.5,21.7,571.2,0.0647,0.77,12.8,327.8,6.7
2025-10-29T06:21:00+00:00,1931.5,96.30,343.6,13.86,423.2,21.6,536.2,0.0665,0.80,12.8,327.8,8.7
2025-10-29T06:22:00+00:00,2210.1,97.83,352.8,13.72,439.6,23.6,591.0,0.0648,0.74,12.8,327.8,6.2
2025-10-29T06:23:00+00:00,1943.2,98.14,348.6,13.90,426.7,22.7,658.5,0.0637,0.77,12.8,327.8,6.6
2025-10-29T06:24:00+00:00,1909.6,97.22,350.4,13.65,418.5,23.1,545.8,0.0714,0.81,12.8,327.8,6.1
2025-10-29T06:25:00+00:00,2008.8,95.88,350.4,13.77,419.1,23.1,599.0,0.0645,0.84,12.8,327.8,6.8
2025-10-29T06:26:00+00:00,2124.1,96.08,349.2,13.79,423.4,19.8,615.9,0.0673,0.82,12.8,327.8,4.6
2025-10-29T06:27:00+00:00,2005.1,97.94,351.4,13.70,408.7,24.3,617.4,0.0662,0.70,12.8,327.8,4.8
2025-10-29T06:28:00+00:00,2127.7,98.00,328.3,13.88,428.2,23.4,593.1,0.0643,0.74,12.8,327.8,6.6
2025-10-29T06:29:00+00:00,1969.4,98.02,357.0,13.71,439.3,19.1,601.5,0.0711,0.83,12.8,327.8,7.5
2025-10-29T06:30:00+00:00,1974.7,96.05,342.0,13.88,403.5,22.1,610.7,0.0629,0.70,12.8,327.8,8.1
2025-10-29T06:31:00+00:00,1938.5,94.65,339.1,14.00,434.2,23.1,653.1,0.0634,0.75,12.8,327.8,6.0
2025-10-29T06:32:00+00:00,1976.7,97.58,352.0,13.77,427.8,24.4,596.6,0.0644,0.84,12.8,327.8,5.8
2025-10-29T06:33:00+00:00,2184.5,99.72,357.9,13.97,428.5,20.6,692.3,0.0729,0.84,12.8,327.8,6.7
2025-10-29T06:34:00+00:00,1902.2,96.56,327.1,13.76,410.8,20.7,648.1,0.0632,0.75,12.8,327.8,8.3
2025-10-29T06:35:00+00:00,1865.2,95.65,343.0,13.51,402.6,23.7,602.8,0.0725,0.80,12.8,327.8,5.9
2025-10-29T06:36:00+00:00,2247.1,100.32,347.9,13.85,416.8,23.3,590.7,0.0654,0.76,12.8,327.8,8.5
2025-10-29T06:37:00+00:00,1962.2,96.72,337.2,13.72,435.1,22.1,625.1,0.0650,0.82,12.8,327.8,6.5
2025-10-29T06:38:00+00:00,1976.5,101.25,329.9,13.82,423.7,22.2,579.6,0.0637,0.75,12.8,327.8,7.6
2025-10-29T06:39:00+00:00,2016.3,97.87,339.6,13.82,416.6,20.4,582.1,0.0640,0.78,12.8,327.8,6.8
2025-10-29T06:40:00+00:00,2058.8,99.03,339.5,14.07,424.9,21.3,601.3,0.0636,0.71,12.8,327.8,8.6
2025-10-29T06:41:00+00:00,2023.3,96.57,351.7,13.85,439.8,25.0,613.2,0.0641,0.78,12.8,327.8,6.6
2025-10-29T06:42:00+00:00,2237.4,99.35,345.0,13.86,427.8,20.9,560.3,0.0658,0.83,12.8,327.8,7.2
2025-10-29T06:43:00+00:00,2045.1,99.77,345.3,13.85,419.8,22.1,559.3,0.0646,0.83,12.8,327.8,8.1
2025-10-29T06:44:00+00:00,1878.2,97.81,334.3,13.58,414.6,19.9,583.0,0.0631,0.75,12.8,327.8,6.8
2025-10-29T06:45:00+00:00,1813.7,99.48,364.6,13.87,414.1,23.1,603.2,0.0676,0.69,12.8,327.8,6.9
2025-10-29T06:46:00+00:00,1977.7,97.99,351.8,13.78,416.8,21.9,613.8,0.0657,0.73,12.8,327.8,7.1
2025-10-29T06:47:00+00:00,1976.5,100.62,357.6,13.87,419.0,22.5,609.7,0.0636,0.76,12.8,327.8,7.6
2025-10-29T06:48:00+00:00,1867.9,96.42,347.7,14.01,412.9,23.9,649.2,0.0631,0.77,12.8,327.8,6.3
2025-10-29T06:49:00+00:00,2024.0,98.12,351.4,13.68,406.5,23.3,628.1,0.0628,0.66,12.8,327.8,7.5
2025-10-29T06:50:00+00:00,1947.3,99.81,354.3,13.60,413.4,24.1,587.7,0.0693,0.79,12.8,327.8,7.7
2025-10-29T06:51:00+00:00,1971.7,99.53,346.0,14.06,434.7,23.6,614.2,0.0707,0.86,12.8,327.8,7.0
2025-10-29T06:52:00+00:00,2047.1,96.91,348.5,13.58,427.4,25.4,604.7,0.0654,0.87,12.8,327.8,6.9
2025-10-29T06:53:00+00:00,2058.1,98.53,333.0,13.87,433.8,23.6,594.7,0.0665,0.86,12.8,327.8,8.2
2025-10-29T06:54:00+00:00,2027.3,98.19,356.1,13.80,435.8,22.9,591.6,0.0646,0.81,12.8,327.8,4.6
2025-10-29T06:55:00+00:00,2032.5,95.34,361.2,14.14,434.2,22.4,536.6,0.0723,0.83,12.8,327.8,6.2
2025-10-29T06:56:00+00:00,2186.1,98.28,342.3,13.76,425.4,19.5,622.6,0.0658,0.86,12.8,327.8,8.0
2025-10-29T06:57:00+00:00,2072.1,96.47,351.6,14.12,395.5,21.6,621.2,0.0680,0.84,12.8,327.8,7.9
2025-10-29T06:58:00+00:00,2156.4,96.31,356.6,13.79,423.1,21.9,624.4,0.0700,0.78,12.8,327.8,6.4
2025-10-29T06:59:00+00:00,2150.6,98.84,335.8,13.97,424.4,22.7,656.9,0.0676,0.89,12.8,327.8,7.3
2025-10-29T07:00:00+00:00,1887.9,97.60,337.2,13.58,434.7,20.6,615.3,0.0637,0.80,12.8,327.8,6.9
2025-10-29T07:01:00+00:00,1958.3,96.02,339.7,14.18,398.9,22.3,578.2,0.0657,0.74,12.8,327.8,9.1
2025-10-29T07:02:00+00:00,2372.2,97.36,344.0,13.65,435.7,24.4,623.1,0.0710,0.77,12.8,327.8,6.7
2025-10-29T07:03:00+00:00,2021.4,97.81,338.4,13.88,408.6,23.2,578.2,0.0636,0.73,12.8,327.8,5.9
2025-10-29T07:04:00+00:00,2004.2,98.49,345.1,13.63,418.4,20.1,629.7,0.0651,0.77,12.8,327.8,5.6
2025-10-29T07:05:00+00:00,1933.2,96.90,351.7,14.05,401.7,23.7,558.3,0.0673,0.78,12.8,327.8,7.4
2025-10-29T07:06:00+00:00,2522.1,97.67,343.5,14.06,432.6,20.5,659.6,0.0683,0.83,12.8,327.8,6.0
2025-10-29T07:07:00+00:00,1806.6,97.68,368.0,13.98,414.6,23.5,561.8,0.0624,0.73,12.8,327.8,6.2
2025-10-29T07:08:00+00:00,2496.8,97.83,359.1,13.71,408.0,21.1,590.3,0.0681,0.81,12.8,327.8,5.0
2025-10-29T07:09:00+00:00,1992.6,96.11,346.0,13.75,422.6,21.8,652.9,0.0640,0.79,12.8,327.8,5.3
2025-10-29T07:10:00+00:00,1886.6,97.32,345.8,13.77,415.3,21.9,611.2,0.0637,0.71,12.8,327.8,8.4
2025-10-29T07:11:00+00:00,2176.1,97.84,339.6,14.03,448.7,21.2,602.1,0.0646,0.74,12.8,327.8,7.5
2025-10-29T07:12:00+00:00,1952.7,97.65,345.9,13.77,413.7,24.8,602.2,0.0635,0.74,12.8,327.8,6.4
2025-10-29T07:13:00+00:00,1880.1,97.01,351.2,13.85,438.4,22.3,664.1,0.0669,0.81,12.8,327.8,6.3
2025-10-29T07:14:00+00:00,1954.5,95.22,358.1,13.61,427.8,23.7,586.9,0.0636,0.76,12.8,327.8,6.3
2025-10-29T07:15:00+00:00,2528.0,98.59,352.2,13.93,450.4,23.0,614.7,0.0678,0.86,12.8,327.8,6.9
2025-10-29T07:16:00+00:00,2213.1,97.67,351.4,13.89,428.0,23.0,589.0,0.0773,0.84,12.8,327.8,6.9
2025-10-29T07:17:00+00:00,1953.4,99.21,357.6,14.07,404.2,24.9,617.8,0.0786,0.76,12.8,327.8,7.0
2025-10-29T07:18:00+00:00,2081.8,95.44,340.6,13.96,404.1,22.8,650.3,0.0662,0.75,12.8,327.8,5.3
2025-10-29T07:19:00+00:00,1856.7,96.72,349.0,14.08,406.4,25.4,561.6,0.0663,0.82,12.8,327.8,6.9
2025-10-29T07:20:00+00:00,1786.6,99.55,338.5,13.60,393.9,22.2,625.4,0.0640,0.75,12.8,327.8,7.4
2025-10-29T07:21:00+00:00,2487.4,99.66,322.3,13.72,449.7,22.3,592.6,0.0672,0.85,12.8,327.8,6.3
2025-10-29T07:22:00+00:00,2082.6,97.90,338.7,13.91,429.0,20.9,623.4,0.0648,0.83,12.8,327.8,6.6
2025-10-29T07:23:00+00:00,2078.9,97.71,342.0,13.83,433.2,22.7,552.9,0.0659,0.77,12.8,327.8,6.9
2025-10-29T07:24:00+00:00,2111.3,100.41,343.0,13.93,421.3,24.1,605.2,0.0641,0.72,12.8,327.8,6.6
2025-10-29T07:25:00+00:00,2392.1,97.35,355.5,14.01,426.6,22.0,616.0,0.0700,0.80,12.8,327.8,7.0
2025-10-29T07:26:00+00:00,1774.5,97.38,348.9,13.98,403.2,21.7,586.5,0.0687,0.78,12.8,327.8,5.8
2025-10-29T07:27:00+00:00,1905.6,98.58,333.1,13.87,427.6,21.4,556.4,0.0656,0.86,12.8,327.8,5.8
2025-10-29T07:28:00+00:00,2009.4,95.78,344.9,13.96,396.5,20.8,585.8,0.0636,0.75,12.8,327.8,7.3
2025-10-29T07:29:00+00:00,2153.1,95.49,344.7,13.92,434.3,23.1,641.6,0.0650,0.80,12.8,327.8,4.7
2025-10-29T07:30:00+00:00,2406.2,98.19,345.5,13.57,444.0,21.7,608.2,0.0662,0.79,12.8,327.8,5.9
2025-10-29T07:31:00+00:00,1958.5,99.52,339.3,13.85,414.0,23.5,545.5,0.0680,0.78,12.8,327.8,8.7
2025-10-29T07:32:00+00:00,2100.4,96.62,345.3,13.65,449.2,23.6,672.0,0.0640,0.72,12.8,327.8,8.5
2025-10-29T07:33:00+00:00,2062.5,101.81,334.9,13.72,411.0,21.1,605.8,0.0650,0.84,12.8,327.8,6.6
2025-10-29T07:34:00+00:00,1834.0,96.11,332.6,13.76,412.5,22.5,589.7,0.0667,0.92,12.8,327.8,7.4
2025-10-29T07:35:00+00:00,1781.4,95.72,355.5,13.76,416.5,23.9,576.0,0.0630,0.78,12.8,327.8,6.6
2025-10-29T07:36:00+00:00,2073.4,99.38,355.1,13.90,429.5,22.4,595.1,0.0682,0.85,12.8,327.8,7.8
2025-10-29T07:37:00+00:00,2066.4,96.23,327.2,13.97,433.6,21.9,596.2,0.0642,0.76,12.8,327.8,7.7
2025-10-29T07:38:00+00:00,1842.3,96.54,357.8,14.01,428.6,23.2,601.2,0.0636,0.84,12.8,327.8,6.9
2025-10-29T07:39:00+00:00,1993.3,99.75,340.7,13.61,415.3,22.7,548.8,0.0640,0.79,12.8,327.8,8.0
2025-10-29T07:40:00+00:00,1908.6,95.62,353.0,13.80,398.9,23.6,570.9,0.0642,0.84,12.8,327.8,6.2
2025-10-29T07:41:00+00:00,1975.1,99.11,338.1,13.92,439.0,23.6,523.8,0.0690,0.77,12.8,327.8,7.4
2025-10-29T07:42:00+00:00,2143.3,96.68,346.7,13.85,413.6,24.1,599.6,0.0649,0.80,12.8,327.8,6.6
2025-10-29T07:43:00+00:00,1963.9,97.13,341.7,13.77,398.2,24.0,613.5,0.0636,0.77,12.8,327.8,5.9
2025-10-29T07:44:00+00:00,2030.4,99.02,347.1,14.07,421.0,25.6,598.5,0.0695,0.87,12.8,327.8,5.6
2025-10-29T07:45:00+00:00,1786.2,97.66,344.4,13.73,425.4,20.6,630.3,0.0652,0.78,12.8,327.8,7.4
2025-10-29T07:46:00+00:00,2186.0,98.41,333.5,13.64,425.4,22.7,670.4,0.0760,0.79,12.8,327.8,7.0
2025-10-29T07:47:00+00:00,1809.3,95.98,341.6,13.86,410.8,22.3,608.7,0.0678,0.72,12.8,327.8,6.9
2025-10-29T07:48:00+00:00,2061.9,97.95,351.4,13.94,428.1,25.7,652.2,0.0730,0.75,12.8,327.8,5.5
2025-10-29T07:49:00+00:00,1959.8,95.05,350.7,13.82,414.5,21.5,578.7,0.0639,0.73,12.8,327.8,8.5
2025-10-29T07:50:00+00:00,2053.3,97.28,345.2,13.80,417.0,21.1,556.6,0.0635,0.71,12.8,327.8,8.1
2025-10-29T07:51:00+00:00,2117.4,99.22,341.8,13.78,438.7,23.9,628.2,0.0656,0.88,12.8,327.8,6.2
2025-10-29T07:52:00+00:00,1915.0,99.89,340.7,13.69,435.7,22.8,596.1,0.0647,0.76,12.8,327.8,6.2
2025-10-29T07:53:00+00:00,2112.2,95.55,344.1,14.10,418.9,24.4,608.0,0.0651,0.82,12.8,327.8,5.3
2025-10-29T07:54:00+00:00,1987.6,96.12,343.0,13.45,428.0,23.6,615.4,0.0641,0.79,12.8,327.8,8.9
2025-10-29T07:55:00+00:00,1997.1,95.15,343.2,13.81,419.5,23.2,563.4,0.0668,0.78,12.8,327.8,7.4
2025-10-29T07:56:00+00:00,2040.3,95.44,356.9,13.99,409.9,20.3,642.7,0.0659,0.81,12.8,327.8,7.5
2025-10-29T07:57:00+00:00,2138.4,100.54,348.7,13.89,428.5,26.0,607.3,0.0649,0.80,12.8,327.8,4.8
2025-10-29T07:58:00+00:00,1739.1,97.73,347.3,13.94,417.4,22.3,569.0,0.0645,0.80,12.8,327.8,6.9
2025-10-29T07:59:00+00:00,2027.1,94.80,353.3,13.92,402.9,25.5,617.6,0.0650,0.87,12.8,327.8,7.3
2025-10-29T08:00:00+00:00,1847.3,98.58,334.1,13.73,422.2,22.4,684.1,0.0639,0.85,12.8,327.8,6.0
2025-10-29T08:01:00+00:00,2123.0,97.63,347.7,14.23,424.6,25.7,537.6,0.0712,0.85,12.8,327.8,6.1
2025-10-29T08:02:00+00:00,2042.3,97.64,352.6,13.64,433.6,22.3,628.1,0.0646,0.83,12.8,327.8,7.5
2025-10-29T08:03:00+00:00,1862.5,93.86,345.4,13.76,424.1,23.3,640.4,0.0694,0.77,12.8,327.8,7.2
2025-10-29T08:04:00+00:00,1966.5,98.03,334.6,13.91,425.0,21.3,628.2,0.0642,0.80,12.8,327.8,7.2
2025-10-29T08:05:00+00:00,2117.3,97.90,349.3,13.57,429.0,26.3,573.8,0.0709,0.79,12.8,327.8,4.4
2025-10-29T08:06:00+00:00,2144.2,100.84,347.8,13.90,426.0,22.3,689.9,0.0648,0.78,12.8,327.8,7.6
2025-10-29T08:07:00+00:00,2043.8,96.44,346.2,14.19,429.7,20.7,641.7,0.0685,0.78,12.8,327.8,6.9
2025-10-29T08:08:00+00:00,1916.9,97.97,341.3,13.48,429.1,21.2,602.0,0.0625,0.67,12.8,327.8,7.5
2025-10-29T08:09:00+00:00,2167.2,97.23,361.5,13.87,413.1,23.4,582.4,0.0653,0.81,12.8,327.8,6.1
2025-10-29T08:10:00+00:00,1927.8,94.81,351.6,13.90,433.2,24.4,589.9,0.0673,0.78,12.8,327.8,5.6
2025-10-29T08:11:00+00:00,1861.0,94.42,342.3,13.93,409.8,20.7,605.0,0.0657,0.83,12.8,327.8,5.3
2025-10-29T08:12:00+00:00,2061.9,98.42,339.7,13.90,410.4,21.4,644.5,0.0682,0.87,12.8,327.8,5.0
2025-10-29T08:13:00+00:00,1860.2,97.80,344.3,13.85,394.1,24.8,609.7,0.0629,0.74,12.8,327.8,5.9
2025-10-29T08:14:00+00:00,2151.6,98.69,358.6,13.63,423.2,22.3,620.6,0.0649,0.78,12.8,327.8,5.8
2025-10-29T08:15:00+00:00,2250.3,95.27,357.7,13.80,403.5,20.5,615.3,0.0661,0.85,12.8,327.8,7.6
2025-10-29T08:16:00+00:00,2015.4,97.43,342.6,13.84,427.6,24.3,602.8,0.0719,0.76,12.8,327.8,7.9
2025-10-29T08:17:00+00:00,2198.1,97.80,331.3,13.57,433.9,23.1,647.0,0.0710,0.79,12.8,327.8,6.9
2025-10-29T08:18:00+00:00,1988.9,97.25,348.2,13.93,398.9,23.9,599.0,0.0644,0.83,12.8,327.8,9.0
2025-10-29T08:19:00+00:00,2053.1,96.82,365.1,13.90,442.4,21.2,590.9,0.0720,0.78,12.8,327.8,4.8
2025-10-29T08:20:00+00:00,1031.3,93.47,356.9,13.77,386.4,23.8,600.5,0.0609,0.79,12.8,327.8,5.6
2025-10-29T08:21:00+00:00,839.8,92.52,359.7,13.82,389.0,22.4,565.8,0.0581,0.82,12.8,327.8,4.6
2025-10-29T08:22:00+00:00,1028.2,94.84,353.4,13.57,407.2,24.1,540.7,0.0588,0.79,12.8,327.8,5.9
2025-10-29T08:23:00+00:00,1162.5,96.99,351.6,13.89,398.4,19.7,536.8,0.0604,0.86,12.8,327.8,7.0
2025-10-29T08:24:00+00:00,983.0,93.97,343.6,13.74,394.0,24.1,577.9,0.0634,0.77,12.8,327.8,4.9
2025-10-29T08:25:00+00:00,1054.7,94.48,350.4,13.70,404.2,20.4,589.1,0.0595,0.84,12.8,327.8,6.2
2025-10-29T08:26:00+00:00,951.0,94.95,346.9,13.90,376.6,22.9,556.0,0.0619,0.76,12.8,327.8,8.1
2025-10-29T08:27:00+00:00,845.5,94.18,353.4,13.75,398.1,25.4,570.6,0.0572,0.72,12.8,327.8,7.7
2025-10-29T08:28:00+00:00,939.5,96.44,344.6,13.75,377.6,24.3,501.9,0.0588,0.84,12.8,327.8,4.8
2025-10-29T08:29:00+00:00,1153.1,94.65,343.8,13.98,392.9,23.4,630.5,0.0593,0.77,12.8,327.8,5.5
2025-10-29T08:30:00+00:00,1077.6,93.32,351.1,13.64,390.2,22.4,607.4,0.0657,0.87,12.8,327.8,8.1
2025-10-29T08:31:00+00:00,1083.3,95.36,351.9,13.50,383.7,25.1,530.4,0.0592,0.79,12.8,327.8,5.9
2025-10-29T14:00:00+00:00,935.5,92.30,365.9,13.64,393.4,24.0,552.2,0.0587,0.82,12.8,327.8,7.0
2025-10-29T14:01:00+00:00,987.3,92.17,341.8,13.68,399.2,20.7,513.4,0.0621,0.80,12.8,327.8,7.5
2025-10-29T14:02:00+00:00,1010.1,92.21,356.5,13.82,407.7,24.2,588.0,0.0612,0.89,12.8,327.8,7.3
2025-10-29T14:03:00+00:00,1028.3,94.56,354.1,13.76,391.1,22.2,514.9,0.0613,0.81,12.8,327.8,6.8
2025-10-29T14:04:00+00:00,982.5,95.58,356.5,13.69,393.3,25.0,607.2,0.0587,0.79,12.8,327.8,6.2
2025-10-29T14:05:00+00:00,978.6,94.99,344.1,13.78,379.9,21.0,503.8,0.0663,0.77,12.8,327.8,6.7
2025-10-29T14:06:00+00:00,1088.6,95.65,359.0,13.70,406.0,24.2,582.1,0.0624,0.78,12.8,327.8,5.8
2025-10-29T14:07:00+00:00,886.4,90.56,362.8,13.77,382.4,26.2,526.2,0.0587,0.78,12.8,327.8,7.7
2025-10-29T14:08:00+00:00,1010.5,92.04,338.6,13.71,382.4,21.8,573.9,0.0583,0.75,12.8,327.8,7.9
2025-10-29T14:09:00+00:00,1084.5,93.17,356.7,13.79,379.0,19.4,532.0,0.0604,0.69,12.8,327.8,7.2
2025-10-29T14:10:00+00:00,925.6,94.11,352.9,13.72,385.0,23.1,525.8,0.0586,0.82,12.8,327.8,6.9
2025-10-29T14:11:00+00:00,914.1,94.24,361.9,13.91,393.2,21.7,520.0,0.0586,0.82,12.8,327.8,7.2
2025-10-29T14:12:00+00:00,1087.0,94.92,357.7,13.75,396.5,22.2,567.2,0.0610,0.92,12.8,327.8,7.5
2025-10-29T14:13:00+00:00,2002.8,96.28,336.0,13.64,422.2,21.6,578.7,0.0651,0.88,12.8,327.8,6.6
2025-10-29T14:14:00+00:00,2070.5,95.69,347.1,13.63,416.4,22.9,594.3,0.0644,0.77,12.8,327.8,6.3
2025-10-29T14:15:00+00:00,1946.4,97.19,343.6,13.65,408.2,22.4,586.0,0.0643,0.84,12.8,327.8,6.0
2025-10-29T14:16:00+00:00,2008.8,95.06,343.5,13.66,420.8,24.4,597.4,0.0676,0.72,12.8,327.8,6.7
2025-10-29T14:17:00+00:00,2002.0,97.92,350.6,13.93,436.1,22.1,587.2,0.0644,0.81,12.8,327.8,6.6
2025-10-29T14:18:00+00:00,1901.0,97.13,351.6,13.82,415.2,22.1,537.8,0.0637,0.80,12.8,327.8,7.2
2025-10-29T14:19:00+00:00,2025.2,96.46,360.2,13.72,421.4,23.3,678.6,0.0651,0.78,12.8,327.8,6.2
2025-10-29T14:20:00+00:00,1772.6,97.66,337.5,13.72,423.6,24.4,586.0,0.0699,0.84,12.8,327.8,6.4
2025-10-29T14:21:00+00:00,2082.2,98.01,361.4,13.73,438.6,21.9,589.1,0.0658,0.84,12.8,327.8,8.2
2025-10-29T14:22:00+00:00,2073.3,97.58,343.3,13.84,408.1,23.1,576.9,0.0641,0.75,12.8,327.8,7.1
2025-10-29T14:23:00+00:00,1973.8,97.43,357.6,13.68,420.6,22.7,590.8,0.0710,0.65,12.8,327.8,5.4
2025-10-29T14:24:00+00:00,1915.5,96.71,349.1,13.76,419.4,21.5,622.9,0.0661,0.84,12.8,327.8,5.8
2025-10-29T14:25:00+00:00,1985.9,96.42,355.4,13.61,402.0,23.6,578.6,0.0723,0.85,12.8,327.8,6.7
2025-10-29T14:26:00+00:00,1985.1,95.81,346.1,14.07,423.4,26.0,622.8,0.0645,0.84,12.8,327.8,6.9
2025-10-29T14:27:00+00:00,1901.5,94.87,342.2,13.66,433.2,22.0,590.8,0.0639,0.82,12.8,327.8,7.5
2025-10-29T14:28:00+00:00,1947.7,96.52,340.2,13.61,433.1,24.0,616.8,0.0722,0.72,12.8,327.8,7.6
2025-10-29T14:29:00+00:00,2019.4,98.86,350.1,13.70,440.9,19.5,612.4,0.0642,0.71,12.8,327.8,8.6
2025-10-29T14:30:00+00:00,2076.5,94.52,353.2,13.76,424.9,19.2,576.9,0.0670,0.72,12.8,327.8,7.0
2025-10-29T14:31:00+00:00,2127.0,100.08,344.1,14.00,418.0,20.5,525.9,0.0665,0.79,12.8,327.8,4.6
2025-10-29T14:32:00+00:00,2024.5,96.53,353.5,13.84,419.1,20.7,638.2,0.0648,0.84,12.8,327.8,5.5
2025-10-29T14:33:00+00:00,2091.3,98.25,347.9,13.79,451.7,19.4,614.8,0.0645,0.78,12.8,327.8,7.4
2025-10-29T14:34:00+00:00,2098.7,98.03,343.5,13.80,420.1,23.4,612.7,0.0671,0.71,12.8,327.8,6.8
2025-10-29T14:35:00+00:00,2035.9,97.97,347.9,13.93,373.6,22.3,618.9,0.0677,0.70,12.8,327.8,5.9
2025-10-29T14:36:00+00:00,1997.0,98.57,346.6,13.81,419.3,23.5,558.0,0.0659,0.76,12.8,327.8,8.4
2025-10-29T14:37:00+00:00,1942.8,95.05,352.9,13.84,400.0,23.4,652.7,0.0667,0.79,12.8,327.8,7.4
2025-10-29T14:38:00+00:00,2172.7,97.99,349.9,13.95,431.0,23.3,598.6,0.0770,0.66,12.8,327.8,7.7
2025-10-29T14:39:00+00:00,1915.8,95.77,340.8,13.83,442.9,23.3,628.6,0.0642,0.85,12.8,327.8,4.9
2025-10-29T14:40:00+00:00,1931.2,95.84,348.2,13.76,416.3,22.1,594.0,0.0651,0.72,12.8,327.8,7.4
2025-10-29T14:41:00+00:00,1932.5,96.87,339.3,13.98,437.3,26.2,578.3,0.0652,0.81,12.8,327.8,6.5
2025-10-29T14:42:00+00:00,2085.8,96.83,341.2,13.79,422.4,22.8,606.1,0.0659,0.93,12.8,327.8,7.7
2025-10-29T14:43:00+00:00,2057.6,99.08,345.9,13.87,417.3,21.3,599.7,0.0643,0.77,12.8,327.8,6.7
2025-10-29T14:44:00+00:00,1949.5,96.99,328.4,13.80,441.7,23.5,583.6,0.0631,0.73,12.8,327.8,8.2
2025-10-29T14:45:00+00:00,1730.7,96.58,345.2,13.93,418.3,19.7,541.4,0.0622,0.74,12.8,327.8,6.7
2025-10-29T14:46:00+00:00,2094.3,95.88,347.6,13.72,445.4,23.4,570.2,0.0649,0.80,12.8,327.8,6.3
2025-10-29T14:47:00+00:00,2083.3,99.89,334.6,13.98,437.8,22.2,537.8,0.0655,0.89,12.8,327.8,7.7
2025-10-29T14:48:00+00:00,2070.4,97.77,331.7,13.80,415.9,21.2,582.5,0.0725,0.82,12.8,327.8,6.3
2025-10-29T14:49:00+00:00,1829.9,99.80,366.1,13.53,405.4,24.2,573.1,0.0680,0.84,12.8,327.8,6.1
2025-10-29T14:50:00+00:00,2170.6,96.85,349.4,13.90,434.6,24.2,596.0,0.0654,0.83,12.8,327.8,7.1
2025-10-29T14:51:00+00:00,2102.8,98.64,327.2,13.66,430.8,24.4,601.4,0.0644,0.76,12.8,327.8,6.4
2025-10-29T14:52:00+00:00,2148.7,99.18,332.6,13.40,436.1,22.5,610.7,0.0645,0.75,12.8,327.8,6.7
2025-10-29T14:53:00+00:00,2030.3,99.17,354.5,13.37,421.1,24.6,600.2,0.0643,0.81,12.8,327.8,6.6
2025-10-29T14:54:00+00:00,1848.8,95.15,345.7,13.92,414.5,20.7,607.6,0.0632,0.77,12.8,327.8,6.9
2025-10-29T14:55:00+00:00,1853.4,97.74,353.0,13.81,430.9,21.5,574.5,0.0624,0.70,12.8,327.8,5.3
2025-10-29T14:56:00+00:00,2136.1,97.70,347.9,13.62,443.1,23.9,602.1,0.0674,0.85,12.8,327.8,6.9
2025-10-29T14:57:00+00:00,2103.8,98.46,349.5,13.85,431.0,23.2,603.0,0.0651,0.83,12.8,327.8,8.3
2025-10-29T14:58:00+00:00,2111.6,98.22,342.7,13.49,435.9,27.0,594.2,0.0681,0.74,12.8,327.8,6.4
2025-10-29T14:59:00+00:00,1950.1,98.30,349.8,14.06,416.3,26.3,624.9,0.0694,0.83,12.8,327.8,9.4
2025-10-29T15:00:00+00:00,2055.8,98.80,336.0,14.02,416.2,23.1,606.2,0.0642,0.76,12.8,327.8,7.1
2025-10-29T15:01:00+00:00,1978.9,97.59,340.9,13.59,399.2,22.7,650.7,0.0638,0.79,12.8,327.8,7.5
2025-10-29T15:02:00+00:00,2190.0,96.68,352.7,13.96,432.8,22.4,627.5,0.0649,0.77,12.8,327.8,7.3
2025-10-29T15:03:00+00:00,1941.0,99.22,335.0,13.69,438.3,22.8,605.1,0.0680,0.85,12.8,327.8,6.6
2025-10-29T15:04:00+00:00,2052.7,98.81,340.4,13.74,408.3,23.1,659.0,0.0638,0.74,12.8,327.8,7.3
2025-10-29T15:05:00+00:00,2118.4,97.57,346.5,14.06,438.9,22.7,590.6,0.0672,0.72,12.8,327.8,6.6
2025-10-29T15:06:00+00:00,2441.3,98.09,341.6,13.86,437.8,20.3,638.8,0.0700,0.81,12.8,327.8,5.1
2025-10-29T15:07:00+00:00,1756.3,94.79,351.6,13.46,413.9,23.3,591.5,0.0654,0.88,12.8,327.8,7.4
2025-10-29T15:08:00+00:00,1972.4,98.21,334.8,13.82,422.3,24.4,580.9,0.0699,0.72,12.8,327.8,5.4
2025-10-29T15:09:00+00:00,2081.2,100.37,341.6,14.21,437.8,25.2,556.4,0.0666,0.80,12.8,327.8,6.7
2025-10-29T15:10:00+00:00,2078.7,98.06,336.5,13.85,460.1,24.6,578.4,0.0686,0.79,12.8,327.8,6.4
2025-10-29T15:11:00+00:00,2534.3,99.07,354.7,13.94,446.7,23.1,625.0,0.0713,0.80,12.8,327.8,4.6
2025-10-29T15:12:00+00:00,2240.0,99.65,329.8,13.94,446.6,26.3,670.2,0.0656,0.81,12.8,327.8,7.8
2025-10-29T15:13:00+00:00,2562.4,97.64,350.2,13.71,440.0,24.4,583.0,0.0782,0.80,12.8,327.8,7.2
2025-10-29T15:14:00+00:00,1921.3,98.15,335.2,13.81,416.2,21.5,599.7,0.0725,0.84,12.8,327.8,5.4
2025-10-29T15:15:00+00:00,2474.3,98.95,343.1,13.73,419.5,22.2,593.2,0.0748,0.85,12.8,327.8,6.7
2025-10-29T15:16:00+00:00,2392.6,98.89,358.9,13.54,424.5,23.9,602.4,0.0660,0.76,12.8,327.8,7.2
2025-10-29T15:17:00+00:00,2495.6,99.50,355.4,13.99,457.2,22.2,647.3,0.0663,0.74,12.8,327.8,5.4
2025-10-29T15:18:00+00:00,2028.8,98.79,347.9,13.85,418.0,23.6,547.5,0.0640,0.75,12.8,327.8,8.3
2025-10-29T15:19:00+00:00,2444.3,98.41,335.8,13.77,444.2,21.8,597.4,0.0659,0.73,12.8,327.8,9.7
2025-10-29T15:20:00+00:00,2454.1,99.38,343.0,13.67,427.7,21.9,618.6,0.0667,0.81,12.8,327.8,7.5
2025-10-29T15:21:00+00:00,2401.5,96.06,341.4,13.95,439.6,20.1,656.4,0.0695,0.80,12.8,327.8,7.2
2025-10-29T15:22:00+00:00,2129.5,97.34,352.5,13.61,404.6,20.6,560.6,0.0662,0.77,12.8,327.8,6.7
2025-10-29T15:23:00+00:00,1921.2,94.26,350.7,13.89,423.0,23.0,612.4,0.0640,0.83,12.8,327.8,5.7
2025-10-29T15:24:00+00:00,2381.8,98.42,356.6,13.71,432.8,24.0,668.0,0.0671,0.79,12.8,327.8,5.9
2025-10-29T15:25:00+00:00,2465.5,98.82,342.7,13.74,418.4,24.1,579.8,0.0711,0.92,12.8,327.8,6.0
2025-10-29T15:26:00+00:00,1839.1,98.06,347.9,13.70,421.4,20.9,635.6,0.0643,0.77,12.8,327.8,4.0
2025-10-29T15:27:00+00:00,2181.9,98.78,345.4,13.70,416.3,23.0,616.3,0.0662,0.82,12.8,327.8,5.6
2025-10-29T15:28:00+00:00,1853.3,97.09,345.0,13.85,430.6,24.3,599.3,0.0628,0.73,12.8,327.8,7.5
2025-10-29T15:29:00+00:00,2548.2,97.97,335.5,13.61,444.6,20.5,641.7,0.0668,0.77,12.8,327.8,6.9
2025-10-29T15:30:00+00:00,1757.3,98.21,335.4,13.84,400.3,25.4,609.5,0.0660,0.78,12.8,327.8,6.2
2025-10-29T15:31:00+00:00,2005.6,97.48,331.5,14.03,398.0,23.9,631.6,0.0635,0.74,12.8,327.8,5.8
2025-10-29T15:32:00+00:00,1970.7,96.48,338.2,13.59,412.1,22.1,572.8,0.0646,0.79,12.8,327.8,6.7
2025-10-29T15:33:00+00:00,2147.0,100.95,349.8,13.86,409.5,22.8,575.9,0.0636,0.66,12.8,327.8,5.4
2025-10-29T15:34:00+00:00,2234.2,97.66,344.0,13.69,440.0,21.1,607.2,0.0692,0.79,12.8,327.8,4.8
2025-10-29T15:35:00+00:00,2128.6,98.67,351.9,13.98,435.4,25.6,631.9,0.0675,0.75,12.8,327.8,4.4
2025-10-29T15:36:00+00:00,2463.0,96.55,353.8,14.03,420.0,22.6,615.5,0.0717,0.75,12.8,327.8,6.0
2025-10-29T15:37:00+00:00,2109.0,99.79,360.6,13.83,422.0,21.9,577.5,0.0643,0.76,12.8,327.8,6.8
2025-10-29T15:38:00+00:00,2007.1,96.53,347.0,13.97,429.8,26.0,630.5,0.0698,0.72,12.8,327.8,7.8
2025-10-29T15:39:00+00:00,2044.3,95.78,338.2,13.53,411.6,21.1,599.9,0.0646,0.80,12.8,327.8,5.8
2025-10-29T15:40:00+00:00,2155.6,97.53,348.3,13.72,420.4,22.0,562.4,0.0653,0.83,12.8,327.8,5.8
2025-10-29T15:41:00+00:00,2181.6,97.15,347.5,13.62,431.1,22.0,578.1,0.0651,0.80,12.8,327.8,6.1
2025-10-29T15:42:00+00:00,2270.0,98.95,332.1,13.89,417.0,21.3,572.6,0.0707,0.77,12.8,327.8,6.9
2025-10-29T15:43:00+00:00,2083.5,96.32,349.2,13.64,430.9,19.1,610.5,0.0651,0.84,12.8,327.8,4.7
2025-10-29T15:44:00+00:00,1938.3,97.82,344.5,13.83,404.6,24.7,616.1,0.0641,0.82,12.8,327.8,9.0
2025-10-29T15:45:00+00:00,1834.5,98.75,346.1,13.73,394.9,24.1,588.9,0.0630,0.77,12.8,327.8,6.8
2025-10-29T15:46:00+00:00,1923.7,96.13,344.1,13.65,408.5,23.5,620.8,0.0683,0.75,12.8,327.8,5.7
2025-10-29T15:47:00+00:00,2111.9,99.44,357.4,13.94,422.1,20.4,641.1,0.0690,0.83,12.8,327.8,7.6
2025-10-29T15:48:00+00:00,1887.1,97.47,368.4,13.49,419.4,22.6,572.9,0.0702,0.74,12.8,327.8,3.4
2025-10-29T15:49:00+00:00,1951.8,96.52,348.1,13.76,435.6,20.8,629.0,0.0748,0.67,12.8,327.8,6.2
2025-10-29T15:50:00+00:00,2079.3,101.07,339.9,14.00,433.9,23.8,596.2,0.0701,0.80,12.8,327.8,4.7
2025-10-29T15:51:00+00:00,2116.2,98.03,347.8,13.85,421.3,23.2,628.4,0.0647,0.78,12.8,327.8,7.9
2025-10-29T15:52:00+00:00,2018.3,97.74,346.3,13.73,396.9,21.9,590.5,0.0776,0.76,12.8,327.8,6.4
2025-10-29T15:53:00+00:00,1902.6,94.87,342.4,13.84,420.3,21.5,591.8,0.0629,0.73,12.8,327.8,3.9
2025-10-29T15:54:00+00:00,1961.1,96.62,339.8,13.89,395.6,22.3,551.9,0.0646,0.88,12.8,327.8,5.8
2025-10-29T15:55:00+00:00,2022.8,100.02,343.3,13.45,429.5,22.1,576.5,0.0650,0.87,12.8,327.8,5.4
2025-10-29T15:56:00+00:00,2304.2,98.50,345.3,13.85,446.4,22.5,600.1,0.0657,0.79,12.8,327.8,7.7
2025-10-29T15:57:00+00:00,2138.4,99.47,348.7,13.83,420.1,24.2,627.5,0.0652,0.83,12.8,327.8,5.8
2025-10-29T15:58:00+00:00,1909.7,97.83,339.0,13.76,419.4,18.6,584.1,0.0638,0.81,12.8,327.8,7.7
2025-10-29T15:59:00+00:00,2295.6,96.71,347.0,14.04,435.3,23.5,646.5,0.0658,0.77,12.8,327.8,5.2
2025-10-29T16:00:00+00:00,2055.1,96.86,348.4,13.81,419.6,25.1,592.2,0.0655,0.76,12.8,327.8,7.1
2025-10-29T16:01:00+00:00,2102.2,98.61,347.6,13.83,412.9,23.1,549.3,0.0652,0.80,12.8,327.8,7.5
2025-10-29T16:02:00+00:00,1806.1,96.61,344.0,13.93,414.8,20.3,626.5,0.0630,0.77,12.8,327.8,6.7
2025-10-29T16:03:00+00:00,2063.7,98.43,330.1,13.79,417.7,23.7,619.9,0.0649,0.83,12.8,327.8,6.5
2025-10-29T16:04:00+00:00,1982.9,96.37,350.0,13.90,409.5,23.9,544.4,0.0638,0.77,12.8,327.8,5.8
2025-10-29T16:05:00+00:00,2122.3,97.32,350.9,13.78,420.9,25.9,667.5,0.0682,0.77,12.8,327.8,6.1
2025-10-29T16:06:00+00:00,1854.1,96.16,336.1,14.04,419.7,25.1,572.3,0.0642,0.86,12.8,327.8,7.9
2025-10-29T16:07:00+00:00,1974.8,97.59,343.7,13.93,426.5,22.9,575.3,0.0637,0.77,12.8,327.8,7.6
2025-10-29T16:08:00+00:00,1963.0,98.81,346.9,13.67,420.5,25.0,560.3,0.0638,0.71,12.8,327.8,7.5
2025-10-29T16:09:00+00:00,2194.6,97.26,347.1,13.64,443.9,23.1,538.8,0.0655,0.79,12.8,327.8,6.3
2025-10-29T16:10:00+00:00,1816.0,96.64,353.8,13.81,404.0,21.7,612.0,0.0629,0.76,12.8,327.8,7.0
2025-10-29T16:11:00+00:00,1993.4,98.69,338.6,13.97,407.2,22.5,635.4,0.0634,0.73,12.8,327.8,7.3
2025-10-29T16:12:00+00:00,2026.9,98.76,339.9,13.93,421.3,22.9,565.1,0.0644,0.81,12.8,327.8,7.4
2025-10-29T16:13:00+00:00,2131.7,99.85,347.6,13.67,427.4,24.9,643.6,0.0642,0.73,12.8,327.8,6.4
2025-10-29T16:14:00+00:00,1832.3,98.12,338.1,13.60,408.3,20.8,609.4,0.0635,0.71,12.8,327.8,6.7
2025-10-29T16:15:00+00:00,2186.6,98.95,344.3,13.43,428.1,19.5,617.9,0.0666,0.79,12.8,327.8,5.1
2025-10-29T16:16:00+00:00,2021.8,97.21,336.2,13.60,418.5,21.4,597.2,0.0656,0.90,12.8,327.8,6.5
2025-10-29T16:17:00+00:00,2247.5,98.62,342.4,13.76,440.8,24.5,596.2,0.0668,0.79,12.8,327.8,8.0
2025-10-29T16:18:00+00:00,2033.3,99.23,335.8,13.81,441.5,23.0,606.9,0.0649,0.86,12.8,327.8,5.5
2025-10-29T16:19:00+00:00,2139.0,98.35,343.4,13.75,412.9,21.5,590.2,0.0646,0.78,12.8,327.8,6.0
2025-10-29T16:20:00+00:00,2101.9,97.68,338.5,13.98,419.1,21.9,597.5,0.0685,0.83,12.8,327.8,6.5
2025-10-29T16:21:00+00:00,1973.2,97.65,338.6,13.44,425.3,21.7,615.2,0.0638,0.78,12.8,327.8,6.4
2025-10-29T16:22:00+00:00,2076.4,95.44,341.5,13.77,427.1,23.4,644.1,0.0638,0.71,12.8,327.8,7.7
2025-10-29T16:23:00+00:00,2051.1,99.55,346.0,13.78,421.4,24.6,600.5,0.0651,0.86,12.8,327.8,8.4
2025-10-29T16:24:00+00:00,2095.6,99.17,352.0,13.68,427.0,23.5,598.4,0.0648,0.82,12.8,327.8,6.0
2025-10-29T16:25:00+00:00,1997.0,98.03,337.5,14.20,445.3,25.6,569.1,0.0668,0.78,12.8,327.8,6.9
2025-10-29T16:26:00+00:00,2121.2,98.76,334.3,13.92,425.3,22.6,604.7,0.0707,0.78,12.8,327.8,8.4
2025-10-29T16:27:00+00:00,1926.1,98.05,346.7,13.89,444.3,23.2,592.2,0.0670,0.85,12.8,327.8,6.8
2025-10-29T16:28:00+00:00,1895.1,100.05,364.5,13.59,411.1,25.2,635.0,0.0668,0.84,12.8,327.8,5.9
2025-10-29T16:29:00+00:00,961.9,93.95,348.0,14.00,367.4,19.7,515.7,0.0576,0.69,12.8,327.8,5.6
2025-10-29T16:30:00+00:00,1034.3,93.31,343.3,13.56,389.0,21.6,576.0,0.0589,0.80,12.8,327.8,6.8
2025-10-29T16:31:00+00:00,1088.6,93.69,352.8,13.83,384.3,22.9,497.4,0.0591,0.77,12.8,327.8,6.5
2025-10-29T16:32:00+00:00,948.8,92.84,360.7,13.89,400.1,22.5,596.4,0.0651,0.82,12.8,327.8,7.3
2025-10-29T16:33:00+00:00,1137.9,91.62,340.8,13.99,386.4,21.6,563.3,0.0699,0.77,12.8,327.8,7.5
2025-10-29T16:34:00+00:00,871.5,93.16,359.9,13.86,395.1,22.7,521.1,0.0634,0.76,12.8,327.8,7.6
2025-10-29T16:35:00+00:00,1071.2,95.27,349.9,13.79,414.4,23.7,578.5,0.0666,0.74,12.8,327.8,7.9
2025-10-29T16:36:00+00:00,952.6,92.67,362.0,13.91,389.1,24.8,551.4,0.0593,0.86,12.8,327.8,5.9
2025-10-29T16:37:00+00:00,1019.2,94.66,367.3,13.84,392.1,26.0,620.2,0.0610,0.74,12.8,327.8,5.5
2025-10-29T16:38:00+00:00,968.4,95.43,341.6,13.98,401.7,21.4,557.8,0.0589,0.79,12.8,327.8,6.5
2025-10-29T16:39:00+00:00,998.0,94.93,362.6,13.75,374.5,25.0,602.9,0.0593,0.85,12.8,327.8,5.4
2025-10-29T16:40:00+00:00,1031.5,93.80,347.3,13.71,399.0,21.6,511.0,0.0590,0.78,12.8,327.8,5.3
2025-10-30T06:00:00+00:00,1052.0,95.97,341.0,13.90,420.2,24.5,483.1,0.0621,0.81,58.7,328.7,7.6
2025-10-30T06:01:00+00:00,1064.7,97.07,350.0,13.70,379.1,25.7,540.5,0.0631,0.80,58.7,328.7,9.3
2025-10-30T06:02:00+00:00,1170.8,96.00,356.7,13.79,370.7,22.1,549.0,0.0625,0.77,58.7,328.7,8.4
2025-10-30T06:03:00+00:00,940.6,93.92,341.1,13.85,399.8,22.1,559.9,0.0707,0.78,58.7,328.7,8.9
2025-10-30T06:04:00+00:00,915.4,91.57,350.7,13.92,369.3,22.6,567.1,0.0623,0.89,58.7,328.7,8.9
2025-10-30T06:05:00+00:00,980.2,96.30,352.2,13.73,375.2,23.2,526.4,0.0683,0.85,58.7,328.7,8.5
2025-10-30T06:06:00+00:00,1004.4,93.13,340.0,13.60,391.2,24.2,563.5,0.0620,0.80,58.7,328.7,6.6
2025-10-30T06:07:00+00:00,954.2,93.63,371.8,13.87,394.4,21.6,580.8,0.0618,0.81,58.7,328.7,9.1
2025-10-30T06:08:00+00:00,990.6,90.80,339.2,14.01,382.2,21.8,533.8,0.0625,0.87,58.7,328.7,10.9
2025-10-30T06:09:00+00:00,973.3,96.41,366.3,13.72,378.0,22.0,617.8,0.0631,0.78,58.7,328.7,10.9
2025-10-30T06:10:00+00:00,1002.3,96.20,345.6,13.77,377.6,21.1,603.4,0.0678,0.83,58.7,328.7,9.1
2025-10-30T06:11:00+00:00,2010.5,95.54,351.4,13.78,419.9,21.7,624.4,0.0711,0.85,58.7,328.7,9.5
2025-10-30T06:12:00+00:00,2090.5,98.35,346.0,14.00,430.6,23.9,679.6,0.0681,0.85,58.7,328.7,10.3
2025-10-30T06:13:00+00:00,1918.6,100.22,353.5,13.83,412.1,24.3,567.5,0.0666,0.78,58.7,328.7,10.1
2025-10-30T06:14:00+00:00,2078.1,95.69,339.1,13.69,419.6,19.8,608.0,0.0677,0.75,58.7,328.7,8.4
2025-10-30T06:15:00+00:00,1939.6,95.94,338.0,13.93,422.8,23.7,615.1,0.0677,0.87,58.7,328.7,9.4
2025-10-30T06:16:00+00:00,2056.7,99.26,348.6,13.66,409.5,22.0,625.4,0.0685,0.82,58.7,328.7,9.4
2025-10-30T06:17:00+00:00,2182.1,98.77,348.6,13.93,430.7,22.5,595.0,0.0710,0.83,58.7,328.7,9.1
2025-10-30T06:18:00+00:00,2131.3,98.60,344.9,13.97,432.6,24.1,553.0,0.0687,0.89,58.7,328.7,8.9
2025-10-30T06:19:00+00:00,2167.1,98.83,340.2,13.62,443.4,22.5,601.9,0.0682,0.81,58.7,328.7,9.2
2025-10-30T06:20:00+00:00,2049.9,100.02,352.1,13.84,433.8,22.2,630.3,0.0717,0.82,58.7,328.7,10.2
2025-10-30T06:21:00+00:00,2143.2,97.11,346.6,13.51,427.4,22.4,603.9,0.0690,0.89,58.7,328.7,8.4
2025-10-30T06:22:00+00:00,1769.3,98.81,348.0,13.91,411.2,21.9,542.5,0.0750,0.85,58.7,328.7,9.9
2025-10-30T06:23:00+00:00,1950.7,98.52,339.1,14.07,433.1,26.4,554.0,0.0673,0.75,58.7,328.7,9.0
2025-10-30T06:24:00+00:00,1780.8,93.98,339.5,14.15,426.9,21.3,586.1,0.0702,0.87,58.7,328.7,8.2
2025-10-30T06:25:00+00:00,2031.2,97.58,345.3,13.90,411.1,21.6,567.3,0.0674,0.81,58.7,328.7,8.4
2025-10-30T06:26:00+00:00,2119.2,99.68,330.8,13.65,440.0,23.4,556.9,0.0691,0.92,58.7,328.7,9.6
2025-10-30T06:27:00+00:00,1803.5,97.59,346.0,13.93,413.0,25.4,538.1,0.0729,0.74,58.7,328.7,8.6
2025-10-30T06:28:00+00:00,1961.0,97.37,344.4,13.86,416.4,23.5,634.7,0.0690,0.77,58.7,328.7,10.0
2025-10-30T06:29:00+00:00,2024.6,96.84,346.4,13.72,413.3,23.0,645.7,0.0678,0.85,58.7,328.7,9.7
2025-10-30T06:30:00+00:00,2182.8,95.73,335.9,13.85,421.6,24.4,638.4,0.0682,0.80,58.7,328.7,9.8
2025-10-30T06:31:00+00:00,2041.0,95.38,344.7,13.69,418.2,21.0,644.1,0.0677,0.82,58.7,328.7,8.5
2025-10-30T06:32:00+00:00,1975.8,99.80,341.0,14.05,435.2,24.9,587.6,0.0709,0.88,58.7,328.7,10.9
2025-10-30T06:33:00+00:00,1723.8,97.51,359.5,13.88,408.1,23.2,586.3,0.0666,0.84,58.7,328.7,10.6
2025-10-30T06:34:00+00:00,1945.5,98.26,326.0,13.84,416.8,22.4,578.2,0.0732,0.89,58.7,328.7,10.5
2025-10-30T06:35:00+00:00,1891.3,100.13,338.0,13.63,416.3,20.4,603.3,0.0669,0.82,58.7,328.7,7.8
2025-10-30T06:36:00+00:00,2013.8,98.90,347.1,13.67,425.5,24.9,593.4,0.0697,0.78,58.7,328.7,9.3
2025-10-30T06:37:00+00:00,1959.0,98.17,350.0,13.84,410.2,20.6,565.0,0.0671,0.82,58.7,328.7,9.9
2025-10-30T06:38:00+00:00,1907.0,98.47,342.5,13.94,415.8,21.6,625.4,0.0709,0.79,58.7,328.7,9.1
2025-10-30T06:39:00+00:00,1878.3,95.23,335.8,13.75,392.4,20.2,559.9,0.0676,0.84,58.7,328.7,9.2
2025-10-30T06:40:00+00:00,2019.0,97.21,343.5,13.79,437.3,24.4,551.2,0.0735,0.78,58.7,328.7,7.6
2025-10-30T06:41:00+00:00,2138.0,96.76,346.1,13.98,413.4,21.6,561.9,0.0687,0.85,58.7,328.7,8.9
2025-10-30T06:42:00+00:00,2127.2,94.88,340.2,13.78,423.7,23.9,521.3,0.0756,0.79,58.7,328.7,9.5
2025-10-30T06:43:00+00:00,2094.0,97.14,333.2,13.89,418.1,24.7,586.3,0.0727,0.75,58.7,328.7,8.8
2025-10-30T06:44:00+00:00,1823.7,96.82,346.6,13.74,403.7,22.2,579.1,0.0695,0.88,58.7,328.7,8.3
2025-10-30T06:45:00+00:00,1945.5,95.65,337.9,13.66,432.6,26.0,679.3,0.0662,0.72,58.7,328.7,8.6
2025-10-30T06:46:00+00:00,1955.0,100.07,332.6,13.76,424.7,22.1,611.7,0.0666,0.75,58.7,328.7,8.7
2025-10-30T06:47:00+00:00,2078.0,94.66,340.2,13.61,428.5,23.7,615.5,0.0676,0.79,58.7,328.7,9.0
2025-10-30T06:48:00+00:00,2136.4,97.00,350.0,13.52,426.2,22.9,629.1,0.0680,0.81,58.7,328.7,9.9
2025-10-30T06:49:00+00:00,2051.3,99.63,350.3,13.67,407.6,23.0,673.3,0.0675,0.80,58.7,328.7,10.6
2025-10-30T06:50:00+00:00,1871.0,95.98,354.3,14.20,408.9,23.0,603.8,0.0659,0.72,58.7,328.7,7.5
2025-10-30T06:51:00+00:00,2081.6,99.53,334.3,13.90,436.0,22.0,620.1,0.0718,0.77,58.7,328.7,9.2
2025-10-30T06:52:00+00:00,1992.7,100.02,346.4,13.91,428.0,24.3,623.3,0.0674,0.80,58.7,328.7,7.3
2025-10-30T06:53:00+00:00,1916.7,95.55,350.1,13.96,440.1,25.4,513.4,0.0667,0.80,58.7,328.7,8.2
2025-10-30T06:54:00+00:00,2124.8,100.20,334.8,14.07,435.3,23.0,603.2,0.0716,0.78,58.7,328.7,9.3
2025-10-30T06:55:00+00:00,1815.7,97.77,350.9,13.89,414.8,23.3,650.9,0.0718,0.80,58.7,328.7,9.9
2025-10-30T06:56:00+00:00,1893.9,96.47,343.2,13.77,425.7,24.0,607.8,0.0665,0.78,58.7,328.7,9.8
2025-10-30T06:57:00+00:00,2503.8,101.82,335.1,13.75,436.7,23.0,635.6,0.0707,0.74,58.7,328.7,8.7
2025-10-30T06:58:00+00:00,2095.9,97.68,334.7,13.78,420.0,23.5,589.9,0.0680,0.83,58.7,328.7,8.1
2025-10-30T06:59:00+00:00,2518.5,97.30,340.1,13.63,427.9,21.7,642.7,0.0784,0.83,58.7,328.7,9.6
2025-10-30T07:00:00+00:00,2395.5,99.23,340.3,13.75,434.2,20.8,674.5,0.0716,0.81,58.7,328.7,9.8
2025-10-30T07:01:00+00:00,2098.9,96.86,353.6,13.66,403.4,22.3,594.6,0.0676,0.80,58.7,328.7,8.5
2025-10-30T07:02:00+00:00,1936.8,99.16,349.8,13.84,419.6,26.0,580.4,0.0670,0.75,58.7,328.7,8.9
2025-10-30T07:03:00+00:00,2232.4,98.94,338.6,13.65,445.0,24.4,601.3,0.0704,0.82,58.7,328.7,9.5
2025-10-30T07:04:00+00:00,2538.3,101.08,346.2,13.62,440.0,21.6,639.7,0.0760,0.84,58.7,328.7,7.8
2025-10-30T07:05:00+00:00,1871.7,98.61,334.4,13.84,409.6,25.9,627.6,0.0665,0.80,58.7,328.7,10.7
2025-10-30T07:06:00+00:00,1938.6,95.25,345.6,13.82,444.4,24.2,623.8,0.0658,0.72,58.7,328.7,9.7
2025-10-30T07:07:00+00:00,1875.6,94.95,338.6,13.52,411.7,23.4,545.3,0.0668,0.83,58.7,328.7,10.5
2025-10-30T07:08:00+00:00,2460.6,99.34,337.0,14.16,450.4,21.3,615.4,0.0702,0.76,58.7,328.7,8.8
2025-10-30T07:09:00+00:00,1954.7,98.39,356.1,13.45,414.3,21.7,653.1,0.0670,0.79,58.7,328.7,9.3
2025-10-30T07:10:00+00:00,1976.8,97.22,339.3,13.81,407.6,23.4,533.6,0.0729,0.80,58.7,328.7,8.9
2025-10-30T07:11:00+00:00,2448.3,97.48,337.4,13.86,431.0,23.7,619.8,0.0742,0.80,58.7,328.7,8.6
2025-10-30T07:12:00+00:00,2464.2,99.23,339.7,13.92,431.8,22.1,563.5,0.0700,0.83,58.7,328.7,9.7
2025-10-30T07:13:00+00:00,2497.7,99.17,343.6,13.75,435.8,21.0,584.5,0.0698,0.79,58.7,328.7,9.5
2025-10-30T07:14:00+00:00,2101.6,98.53,357.1,13.89,435.0,20.0,574.1,0.0789,0.81,58.7,328.7,8.4
2025-10-30T07:15:00+00:00,2477.8,101.04,350.3,13.75,411.4,22.2,594.6,0.0696,0.78,58.7,328.7,9.4
2025-10-30T07:16:00+00:00,2085.9,98.09,334.1,13.74,431.5,21.6,608.9,0.0671,0.75,58.7,328.7,10.7
2025-10-30T07:17:00+00:00,2071.9,100.29,346.8,13.75,436.4,25.8,565.1,0.0760,0.82,58.7,328.7,10.0
2025-10-30T07:18:00+00:00,2056.0,99.28,346.4,13.68,440.3,21.8,600.8,0.0676,0.82,58.7,328.7,9.2
2025-10-30T07:19:00+00:00,2028.7,95.46,348.1,13.91,418.9,22.9,603.4,0.0686,0.91,58.7,328.7,7.3
2025-10-30T07:20:00+00:00,1911.9,97.18,348.4,13.69,416.5,21.5,596.8,0.0662,0.75,58.7,328.7,9.2
2025-10-30T07:21:00+00:00,1787.5,93.70,331.8,13.84,403.5,23.0,604.7,0.0709,0.77,58.7,328.7,7.4
2025-10-30T07:22:00+00:00,2005.2,96.87,356.4,13.88,429.3,24.2,612.2,0.0702,0.71,58.7,328.7,9.2
2025-10-30T07:23:00+00:00,1974.2,95.90,335.5,13.79,448.9,22.9,634.9,0.0676,0.86,58.7,328.7,9.2
2025-10-30T07:24:00+00:00,2026.0,97.90,345.4,13.61,428.1,21.8,570.9,0.0680,0.87,58.7,328.7,8.9
2025-10-30T07:25:00+00:00,2024.6,98.27,354.5,13.83,439.6,23.7,552.8,0.0767,0.77,58.7,328.7,8.8
2025-10-30T07:26:00+00:00,1812.6,97.29,351.2,13.91,449.6,21.5,572.3,0.0669,0.72,58.7,328.7,9.2
2025-10-30T07:27:00+00:00,1915.2,96.38,342.6,14.12,422.3,20.6,589.7,0.0673,0.83,58.7,328.7,11.0
2025-10-30T07:28:00+00:00,1816.3,96.58,341.4,13.81,401.2,21.9,552.9,0.0674,0.83,58.7,328.7,10.2
2025-10-30T07:29:00+00:00,2084.5,97.09,333.5,13.74,420.8,23.4,605.8,0.0734,0.86,58.7,328.7,8.0
2025-10-30T07:30:00+00:00,2057.1,97.44,344.1,13.64,400.3,23.8,609.6,0.0773,0.84,58.7,328.7,10.3
2025-10-30T07:31:00+00:00,2050.1,97.07,355.2,14.05,431.0,22.9,665.0,0.0679,0.84,58.7,328.7,7.8
2025-10-30T07:32:00+00:00,2059.4,100.09,347.0,13.76,415.8,21.5,597.7,0.0675,0.79,58.7,328.7,7.5
2025-10-30T07:33:00+00:00,2034.4,95.24,345.6,13.61,414.5,23.1,569.9,0.0736,0.80,58.7,328.7,10.3
2025-10-30T07:34:00+00:00,2198.5,96.92,347.7,13.85,427.5,20.9,601.8,0.0689,0.86,58.7,328.7,9.3
2025-10-30T07:35:00+00:00,1782.4,97.03,358.5,13.68,405.7,23.4,585.3,0.0660,0.78,58.7,328.7,9.1
2025-10-30T07:36:00+00:00,2055.5,94.37,333.2,13.91,420.0,21.2,594.5,0.0667,0.73,58.7,328.7,7.4
2025-10-30T07:37:00+00:00,2081.2,99.82,344.3,13.72,438.9,21.5,601.6,0.0674,0.77,58.7,328.7,7.8
2025-10-30T07:38:00+00:00,2056.2,101.21,335.6,14.09,425.1,21.8,655.3,0.0672,0.77,58.7,328.7,10.2
2025-10-30T07:39:00+00:00,2142.6,95.68,349.2,13.69,426.2,22.2,635.9,0.0737,0.79,58.7,328.7,8.3
2025-10-30T07:40:00+00:00,1888.8,98.48,345.7,13.63,419.4,21.7,582.3,0.0654,0.70,58.7,328.7,9.3
2025-10-30T07:41:00+00:00,1924.9,98.66,354.2,13.75,431.9,23.7,635.3,0.0770,0.80,58.7,328.7,8.3
2025-10-30T07:42:00+00:00,1864.1,97.40,360.5,13.89,399.5,23.2,567.0,0.0668,0.82,58.7,328.7,10.9
2025-10-30T07:43:00+00:00,2033.2,94.94,341.7,13.66,403.1,21.7,584.7,0.0707,0.73,58.7,328.7,8.8
2025-10-30T07:44:00+00:00,1825.6,98.31,346.4,13.79,427.5,21.3,605.1,0.0663,0.80,58.7,328.7,7.7
2025-10-30T07:45:00+00:00,1924.5,96.29,333.9,13.58,427.3,22.5,606.0,0.0665,0.78,58.7,328.7,9.4
2025-10-30T07:46:00+00:00,2031.7,99.27,338.3,14.07,416.3,20.2,636.1,0.0698,0.87,58.7,328.7,10.1
2025-10-30T07:47:00+00:00,1907.2,97.19,359.8,13.66,418.2,23.1,672.4,0.0684,0.81,58.7,328.7,10.6
2025-10-30T07:48:00+00:00,2103.9,95.44,351.0,14.02,436.6,24.4,628.4,0.0706,0.85,58.7,328.7,9.1
2025-10-30T07:49:00+00:00,2226.7,97.08,350.0,13.73,442.1,25.9,608.6,0.0734,0.79,58.7,328.7,10.1
2025-10-30T07:50:00+00:00,2255.8,97.22,332.2,13.63,433.2,23.2,620.8,0.0745,0.84,58.7,328.7,9.3
2025-10-30T07:51:00+00:00,2032.0,103.00,331.3,13.77,427.4,22.1,633.8,0.0671,0.77,58.7,328.7,9.4
2025-10-30T07:52:00+00:00,1968.2,94.36,347.5,13.85,415.1,20.1,571.0,0.0669,0.78,58.7,328.7,11.6
2025-10-30T07:53:00+00:00,1851.6,96.93,353.2,13.78,438.1,21.9,633.5,0.0760,0.78,58.7,328.7,9.1
2025-10-30T07:54:00+00:00,2094.2,95.73,346.3,13.91,405.8,23.2,568.6,0.0681,0.75,58.7,328.7,11.7
2025-10-30T07:55:00+00:00,1827.7,96.76,341.7,13.63,429.0,23.7,572.9,0.0691,0.74,58.7,328.7,9.9
2025-10-30T07:56:00+00:00,2075.1,97.88,344.1,13.90,430.7,22.5,597.2,0.0683,0.86,58.7,328.7,8.7
2025-10-30T07:57:00+00:00,2138.1,97.51,352.7,13.94,444.4,25.1,606.9,0.0690,0.90,58.7,328.7,7.8
2025-10-30T07:58:00+00:00,919.4,94.94,358.9,13.74,393.9,21.9,575.3,0.0621,0.88,58.7,328.7,9.0
2025-10-30T07:59:00+00:00,891.3,95.38,365.7,14.02,401.5,19.7,527.2,0.0627,0.79,58.7,328.7,8.8
2025-10-30T08:00:00+00:00,848.4,93.15,361.5,13.76,400.1,20.3,479.8,0.0659,0.82,58.7,328.7,11.2
2025-10-30T08:01:00+00:00,926.6,93.08,356.7,13.51,396.2,23.5,538.8,0.0612,0.79,58.7,328.7,9.0
2025-10-30T08:02:00+00:00,1151.4,94.69,360.0,13.72,394.0,24.1,586.7,0.0642,0.84,58.7,328.7,10.5
2025-10-30T08:03:00+00:00,1091.4,93.95,346.7,13.88,409.2,23.7,647.0,0.0699,0.85,58.7,328.7,10.6
2025-10-30T08:04:00+00:00,1008.9,93.88,360.0,13.69,399.9,22.5,514.0,0.0621,0.82,58.7,328.7,9.1
2025-10-30T08:05:00+00:00,1060.8,95.31,354.0,13.95,409.2,21.5,582.8,0.0619,0.78,58.7,328.7,8.6
2025-10-30T08:06:00+00:00,1002.7,96.45,345.8,13.81,379.3,22.8,540.6,0.0696,0.76,58.7,328.7,8.2
2025-10-30T08:07:00+00:00,893.3,94.20,351.8,13.80,401.0,22.4,594.0,0.0606,0.74,58.7,328.7,8.6
2025-10-30T14:00:00+00:00,1048.0,94.82,352.1,13.66,391.2,21.2,596.2,0.0681,0.83,58.7,328.7,8.3
2025-10-30T14:01:00+00:00,1074.6,94.58,350.3,13.83,395.3,20.8,594.1,0.0627,0.84,58.7,328.7,8.8
2025-10-30T14:02:00+00:00,926.3,95.33,350.1,14.05,380.1,23.2,564.3,0.0625,0.89,58.7,328.7,9.1
2025-10-30T14:03:00+00:00,820.5,92.98,357.8,13.74,398.1,23.9,542.8,0.0663,0.80,58.7,328.7,7.5
2025-10-30T14:04:00+00:00,839.6,96.14,351.0,13.80,399.5,20.6,571.7,0.0615,0.84,58.7,328.7,7.0
2025-10-30T14:05:00+00:00,850.8,94.89,349.6,13.65,411.3,21.8,554.6,0.0613,0.81,58.7,328.7,8.0
2025-10-30T14:06:00+00:00,955.5,96.49,351.5,13.85,413.8,23.7,562.6,0.0614,0.79,58.7,328.7,9.7
2025-10-30T14:07:00+00:00,1061.7,95.63,345.7,13.97,384.1,22.6,559.0,0.0623,0.80,58.7,328.7,9.2
2025-10-30T14:08:00+00:00,847.0,94.50,345.8,14.11,364.7,25.0,531.7,0.0672,0.78,58.7,328.7,8.6
2025-10-30T14:09:00+00:00,974.0,95.58,362.9,13.93,406.8,23.2,532.9,0.0618,0.81,58.7,328.7,11.0
2025-10-30T14:10:00+00:00,1015.2,97.00,351.9,13.90,403.4,25.4,562.5,0.0622,0.82,58.7,328.7,9.6
2025-10-30T14:11:00+00:00,859.0,92.22,352.4,13.94,378.1,21.9,553.9,0.0650,0.79,58.7,328.7,7.7
2025-10-30T14:12:00+00:00,977.9,92.72,350.6,13.98,400.7,22.7,490.0,0.0628,0.79,58.7,328.7,9.5
2025-10-30T14:13:00+00:00,852.2,94.44,366.5,13.78,384.7,20.2,605.0,0.0644,0.84,58.7,328.7,10.0
2025-10-30T14:14:00+00:00,1849.3,97.42,346.9,13.87,436.7,22.1,558.5,0.0743,0.84,58.7,328.7,10.4
2025-10-30T14:15:00+00:00,1946.7,97.13,345.5,13.89,433.7,22.4,593.1,0.0672,0.84,58.7,328.7,6.4
2025-10-30T14:16:00+00:00,1902.4,98.70,341.8,13.78,397.8,22.3,645.0,0.0666,0.80,58.7,328.7,9.4
2025-10-30T14:17:00+00:00,2093.1,96.39,341.6,13.82,427.7,22.1,567.2,0.0687,0.86,58.7,328.7,11.3
2025-10-30T14:18:00+00:00,2287.3,99.67,347.5,14.01,429.6,24.6,573.5,0.0694,0.88,58.7,328.7,8.6
2025-10-30T14:19:00+00:00,2109.3,98.75,340.6,13.65,422.4,22.0,617.2,0.0792,0.80,58.7,328.7,8.6
2025-10-30T14:20:00+00:00,2101.5,98.64,353.8,14.31,409.0,23.1,646.3,0.0703,0.85,58.7,328.7,10.0
2025-10-30T14:21:00+00:00,2028.9,97.28,345.8,13.60,422.8,24.7,624.7,0.0666,0.72,58.7,328.7,12.2
2025-10-30T14:22:00+00:00,2137.8,98.15,332.3,13.93,413.6,24.0,581.8,0.0683,0.84,58.7,328.7,10.4
2025-10-30T14:23:00+00:00,2076.6,96.64,344.2,13.82,423.9,23.6,601.2,0.0682,0.87,58.7,328.7,10.1
2025-10-30T14:24:00+00:00,2125.1,96.41,347.7,13.90,437.3,22.5,625.5,0.0721,0.84,58.7,328.7,7.9
2025-10-30T14:25:00+00:00,2022.8,100.42,344.3,13.56,418.3,25.4,587.6,0.0688,0.86,58.7,328.7,7.4
2025-10-30T14:26:00+00:00,2048.2,95.17,341.9,13.61,429.2,23.3,635.3,0.0673,0.78,58.7,328.7,8.7
2025-10-30T14:27:00+00:00,2020.4,98.47,355.1,13.68,452.5,23.5,584.8,0.0792,0.92,58.7,328.7,12.1
2025-10-30T14:28:00+00:00,2164.6,95.32,339.4,13.84,422.8,22.9,633.0,0.0683,0.83,58.7,328.7,8.8
2025-10-30T14:29:00+00:00,2153.8,100.69,334.5,13.75,446.8,24.8,621.0,0.0782,0.88,58.7,328.7,9.1
2025-10-30T14:30:00+00:00,2234.3,99.20,332.4,13.85,414.4,24.7,626.5,0.0737,0.82,58.7,328.7,8.3
2025-10-30T14:31:00+00:00,2088.1,97.37,344.5,13.77,429.6,25.0,588.1,0.0674,0.76,58.7,328.7,9.8
2025-10-30T14:32:00+00:00,1944.4,97.96,343.0,13.56,429.3,22.4,586.1,0.0670,0.77,58.7,328.7,8.5
2025-10-30T14:33:00+00:00,2014.1,98.15,329.6,14.09,430.9,21.7,587.8,0.0683,0.89,58.7,328.7,10.3
2025-10-30T14:34:00+00:00,2221.6,99.98,337.6,14.10,443.6,21.5,702.0,0.0692,0.74,58.7,328.7,9.2
2025-10-30T14:35:00+00:00,1757.8,97.57,330.7,13.67,421.7,25.7,599.7,0.0657,0.78,58.7,328.7,9.1
2025-10-30T14:36:00+00:00,1964.4,97.68,357.3,13.67,435.5,22.5,582.8,0.0674,0.84,58.7,328.7,9.8
2025-10-30T14:37:00+00:00,2040.2,96.39,331.9,14.14,429.0,22.7,627.7,0.0668,0.75,58.7,328.7,10.0
2025-10-30T14:38:00+00:00,2066.7,97.39,341.3,13.76,429.8,23.4,558.5,0.0748,0.80,58.7,328.7,9.8
2025-10-30T14:39:00+00:00,2027.4,94.57,342.5,13.93,415.2,22.6,618.7,0.0734,0.86,58.7,328.7,9.5
2025-10-30T14:40:00+00:00,1987.0,96.07,338.0,13.74,420.8,21.8,668.1,0.0688,0.84,58.7,328.7,10.1
2025-10-30T14:41:00+00:00,1921.7,98.46,335.8,13.88,403.7,23.4,531.0,0.0663,0.73,58.7,328.7,8.9
2025-10-30T14:42:00+00:00,1892.6,98.25,343.7,13.73,435.2,24.3,584.8,0.0713,0.85,58.7,328.7,10.3
2025-10-30T14:43:00+00:00,2052.2,99.94,339.2,13.97,420.1,22.9,556.8,0.0677,0.83,58.7,328.7,7.9
2025-10-30T14:44:00+00:00,2073.4,97.64,347.5,13.57,411.6,21.0,625.1,0.0677,0.82,58.7,328.7,10.2
2025-10-30T14:45:00+00:00,2101.5,99.47,339.8,13.72,431.4,24.7,616.3,0.0740,0.86,58.7,328.7,9.8
2025-10-30T14:46:00+00:00,1997.1,97.93,355.3,14.24,431.4,22.8,567.4,0.0715,0.86,58.7,328.7,8.5
2025-10-30T14:47:00+00:00,2026.0,96.51,344.6,13.89,414.6,22.7,638.0,0.0679,0.82,58.7,328.7,9.0
2025-10-30T14:48:00+00:00,2093.7,99.53,346.5,13.79,436.8,20.7,578.9,0.0691,0.82,58.7,328.7,10.0
2025-10-30T14:49:00+00:00,1892.1,94.12,339.3,13.87,405.4,22.7,591.2,0.0701,0.89,58.7,328.7,9.2
2025-10-30T14:50:00+00:00,1952.1,98.73,338.4,13.62,414.9,23.0,659.4,0.0673,0.84,58.7,328.7,9.8
2025-10-30T14:51:00+00:00,1937.7,96.60,346.6,13.78,409.1,20.5,594.3,0.0668,0.78,58.7,328.7,11.1
2025-10-30T14:52:00+00:00,2129.7,97.65,333.1,13.87,462.8,23.2,592.1,0.0716,0.77,58.7,328.7,8.9
2025-10-30T14:53:00+00:00,2233.3,99.95,342.5,13.80,424.0,21.8,590.3,0.0685,0.80,58.7,328.7,8.5
2025-10-30T14:54:00+00:00,2148.0,97.95,343.1,13.60,408.1,24.0,611.3,0.0686,0.84,58.7,328.7,8.7
2025-10-30T14:55:00+00:00,1950.4,99.31,346.3,13.73,421.7,24.7,580.3,0.0669,0.79,58.7,328.7,9.8
2025-10-30T14:56:00+00:00,2122.1,93.53,346.6,14.07,420.0,23.7,645.9,0.0667,0.69,58.7,328.7,9.3
2025-10-30T14:57:00+00:00,2204.7,98.81,338.7,13.86,370.1,24.2,633.6,0.0688,0.85,58.7,328.7,9.2
2025-10-30T14:58:00+00:00,1961.2,98.02,348.1,13.71,427.0,22.9,575.6,0.0675,0.84,58.7,328.7,9.0
2025-10-30T14:59:00+00:00,2190.3,98.64,336.9,13.86,435.4,23.5,616.4,0.0687,0.85,58.7,328.7,10.2
2025-10-30T15:00:00+00:00,1866.0,95.98,341.5,13.89,426.2,20.9,636.5,0.0718,0.76,58.7,328.7,8.7
2025-10-30T15:01:00+00:00,2143.0,97.53,337.9,13.56,423.8,22.6,643.4,0.0674,0.73,58.7,328.7,8.9
2025-10-30T15:02:00+00:00,2228.3,97.49,344.7,13.96,437.2,23.6,665.6,0.0681,0.78,58.7,328.7,10.1
2025-10-30T15:03:00+00:00,2144.6,98.47,350.5,13.77,416.1,22.1,613.1,0.0675,0.74,58.7,328.7,8.5
2025-10-30T15:04:00+00:00,2002.2,99.22,330.0,13.67,395.8,23.9,616.9,0.0681,0.90,58.7,328.7,10.8
2025-10-30T15:05:00+00:00,1944.8,99.23,352.7,13.33,427.3,23.5,541.0,0.0706,0.78,58.7,328.7,9.6
2025-10-30T15:06:00+00:00,1890.4,97.36,346.3,13.81,436.0,24.7,641.4,0.0754,0.84,58.7,328.7,10.2
2025-10-30T15:07:00+00:00,1854.7,96.90,350.1,13.75,433.0,22.8,578.2,0.0722,0.79,58.7,328.7,7.3
2025-10-30T15:08:00+00:00,1908.9,96.56,344.7,13.95,420.5,24.0,593.8,0.0693,0.81,58.7,328.7,8.6
2025-10-30T15:09:00+00:00,1983.7,97.02,343.0,13.99,391.1,23.9,635.1,0.0705,0.84,58.7,328.7,9.6
2025-10-30T15:10:00+00:00,1870.1,96.95,348.2,13.97,407.6,21.4,604.0,0.0714,0.80,58.7,328.7,9.5
2025-10-30T15:11:00+00:00,2525.0,99.72,333.4,13.79,451.7,23.2,594.7,0.0745,0.89,58.7,328.7,9.6
2025-10-30T15:12:00+00:00,2015.7,97.11,356.2,13.82,446.7,21.8,630.8,0.0681,0.88,58.7,328.7,8.8
2025-10-30T15:13:00+00:00,2060.9,99.58,342.0,13.54,415.8,25.3,561.9,0.0680,0.85,58.7,328.7,9.3
2025-10-30T15:14:00+00:00,2161.7,98.76,357.3,13.61,403.7,24.0,567.6,0.0696,0.74,58.7,328.7,6.5
2025-10-30T15:15:00+00:00,2146.5,98.68,348.1,13.83,417.8,23.6,564.7,0.0735,0.84,58.7,328.7,8.6
2025-10-30T15:16:00+00:00,2514.8,99.49,340.1,13.88,435.5,23.3,666.5,0.0696,0.76,58.7,328.7,8.7
2025-10-30T15:17:00+00:00,1917.3,96.15,348.6,13.90,425.0,22.5,602.7,0.0667,0.73,58.7,328.7,10.6
2025-10-30T15:18:00+00:00,2202.1,99.90,334.1,13.79,432.0,21.4,610.8,0.0692,0.88,58.7,328.7,10.4
2025-10-30T15:19:00+00:00,2427.9,98.65,349.8,14.15,450.3,23.1,604.4,0.0704,0.89,58.7,328.7,8.8
2025-10-30T15:20:00+00:00,2431.7,94.75,339.5,13.97,451.1,23.0,594.0,0.0695,0.80,58.7,328.7,9.8
2025-10-30T15:21:00+00:00,1897.3,97.74,360.0,13.89,433.2,23.2,581.6,0.0673,0.86,58.7,328.7,8.0
2025-10-30T15:22:00+00:00,2096.5,97.91,352.9,14.00,428.9,24.6,632.6,0.0766,0.85,58.7,328.7,9.5
2025-10-30T15:23:00+00:00,2409.3,100.20,336.8,13.87,438.5,23.7,615.3,0.0713,0.76,58.7,328.7,8.3
2025-10-30T15:24:00+00:00,1976.1,98.32,343.0,13.74,427.8,22.6,589.2,0.0672,0.82,58.7,328.7,10.0
2025-10-30T15:25:00+00:00,2488.6,99.05,329.8,13.71,440.8,21.5,628.3,0.0737,0.81,58.7,328.7,9.0
2025-10-30T15:26:00+00:00,2506.2,99.87,348.2,13.55,439.0,21.3,637.9,0.0692,0.72,58.7,328.7,9.3
2025-10-30T15:27:00+00:00,1935.6,98.04,334.6,13.63,426.1,22.5,624.6,0.0671,0.83,58.7,328.7,9.3
2025-10-30T15:28:00+00:00,2092.1,97.93,344.9,14.10,415.8,24.5,629.8,0.0679,0.82,58.7,328.7,6.6
2025-10-30T15:29:00+00:00,2354.4,101.17,337.7,13.63,439.7,22.6,606.9,0.0747,0.75,58.7,328.7,11.4
2025-10-30T15:30:00+00:00,1992.9,97.62,347.5,13.69,423.3,22.1,615.3,0.0712,0.87,58.7,328.7,8.6
2025-10-30T15:31:00+00:00,1842.6,95.84,338.7,14.13,404.9,23.0,605.2,0.0658,0.76,58.7,328.7,9.0
2025-10-30T15:32:00+00:00,2006.2,96.69,329.6,13.79,457.5,22.4,589.4,0.0672,0.76,58.7,328.7,9.3
2025-10-30T15:33:00+00:00,2120.9,99.58,340.7,14.00,420.2,24.7,553.6,0.0714,0.82,58.7,328.7,9.6
2025-10-30T15:34:00+00:00,1951.8,96.70,349.1,13.94,415.2,24.9,574.4,0.0726,0.79,58.7,328.7,9.1
2025-10-30T15:35:00+00:00,2033.5,96.05,347.0,13.64,447.7,23.0,630.8,0.0673,0.80,58.7,328.7,7.8
2025-10-30T15:36:00+00:00,2441.2,99.23,327.3,13.81,413.6,22.9,603.9,0.0703,0.87,58.7,328.7,8.7
2025-10-30T15:37:00+00:00,2170.3,103.34,332.0,13.92,442.4,22.0,572.0,0.0684,0.82,58.7,328.7,8.5
2025-10-30T15:38:00+00:00,1939.6,93.60,358.0,14.07,416.3,22.5,670.0,0.0681,0.69,58.7,328.7,10.4
2025-10-30T15:39:00+00:00,1856.6,96.26,349.5,13.90,423.3,24.6,596.5,0.0661,0.77,58.7,328.7,9.4
2025-10-30T15:40:00+00:00,2497.9,99.97,330.9,13.59,433.2,24.1,624.8,0.0706,0.87,58.7,328.7,10.2
2025-10-30T15:41:00+00:00,1740.8,99.21,339.3,13.80,436.2,23.0,596.3,0.0696,0.81,58.7,328.7,11.4
2025-10-30T15:42:00+00:00,1986.7,98.99,348.3,13.72,443.6,21.9,596.5,0.0701,0.85,58.7,328.7,10.6
2025-10-30T15:43:00+00:00,2046.8,96.79,344.0,14.04,449.5,20.0,611.0,0.0753,0.77,58.7,328.7,8.8
2025-10-30T15:44:00+00:00,2452.8,101.13,336.7,13.50,441.1,23.4,595.3,0.0745,0.97,58.7,328.7,8.9
2025-10-30T15:45:00+00:00,2107.5,98.98,357.9,13.71,455.8,24.2,612.5,0.0675,0.76,58.7,328.7,8.7
2025-10-30T15:46:00+00:00,1967.7,100.40,369.2,13.71,435.7,22.5,619.5,0.0705,0.87,58.7,328.7,10.1
2025-10-30T15:47:00+00:00,2079.8,100.10,331.3,13.78,431.7,21.3,602.9,0.0678,0.82,58.7,328.7,8.5
2025-10-30T15:48:00+00:00,2231.2,97.97,346.2,13.63,414.6,22.5,633.6,0.0758,0.83,58.7,328.7,9.0
2025-10-30T15:49:00+00:00,2096.9,100.24,342.1,13.77,427.6,24.0,611.2,0.0700,0.78,58.7,328.7,7.4
2025-10-30T15:50:00+00:00,1961.0,96.91,354.0,13.86,400.4,21.8,678.2,0.0672,0.82,58.7,328.7,10.1
2025-10-30T15:51:00+00:00,2024.0,97.95,355.6,13.77,436.2,23.9,676.2,0.0682,0.89,58.7,328.7,9.5
2025-10-30T15:52:00+00:00,1980.3,99.67,348.6,14.08,431.8,23.4,592.0,0.0665,0.75,58.7,328.7,8.7
2025-10-30T15:53:00+00:00,1964.7,97.50,334.6,13.51,415.3,24.1,569.3,0.0669,0.79,58.7,328.7,9.8
2025-10-30T15:54:00+00:00,1985.7,96.75,340.4,13.74,419.2,22.3,512.8,0.0671,0.80,58.7,328.7,10.4
2025-10-30T15:55:00+00:00,2303.1,98.96,355.1,13.76,426.1,21.8,551.7,0.0716,0.75,58.7,328.7,8.0
2025-10-30T15:56:00+00:00,2098.4,97.89,349.7,13.39,408.7,20.9,606.1,0.0680,0.82,58.7,328.7,9.5
2025-10-30T15:57:00+00:00,1965.3,98.33,347.7,13.67,415.2,21.8,553.9,0.0741,0.83,58.7,328.7,9.4
2025-10-30T15:58:00+00:00,2123.4,97.53,350.5,13.93,429.1,24.4,665.7,0.0693,0.84,58.7,328.7,11.7
2025-10-30T15:59:00+00:00,1889.7,95.16,349.5,13.78,422.5,23.5,599.9,0.0700,0.74,58.7,328.7,11.0
2025-10-30T16:00:00+00:00,2040.2,95.84,338.1,13.65,414.8,22.3,579.5,0.0672,0.76,58.7,328.7,10.5
2025-10-30T16:01:00+00:00,2066.6,98.59,345.0,13.81,414.7,23.7,583.4,0.0670,0.75,58.7,328.7,8.5
2025-10-30T16:02:00+00:00,1974.8,97.43,348.6,14.04,416.3,21.3,644.1,0.0661,0.71,58.7,328.7,9.1
2025-10-30T16:03:00+00:00,2017.4,98.13,357.2,13.80,419.7,23.6,627.8,0.0671,0.79,58.7,328.7,11.0
2025-10-30T16:04:00+00:00,2154.3,95.17,347.7,13.63,432.6,23.2,592.3,0.0772,0.77,58.7,328.7,9.7
2025-10-30T16:05:00+00:00,2065.6,96.89,340.2,13.76,409.6,23.2,610.0,0.0703,0.86,58.7,328.7,10.4
2025-10-30T16:06:00+00:00,2046.2,96.05,332.1,13.71,425.1,23.8,577.7,0.0682,0.81,58.7,328.7,9.3
2025-10-30T16:07:00+00:00,1881.4,97.35,353.0,13.72,439.7,23.2,586.5,0.0666,0.81,58.7,328.7,7.0
2025-10-30T16:08:00+00:00,1950.4,95.86,358.5,13.92,430.8,22.9,569.9,0.0668,0.79,58.7,328.7,8.2
2025-10-30T16:09:00+00:00,2206.5,96.15,335.1,13.53,430.6,20.8,642.2,0.0687,0.84,58.7,328.7,9.2
2025-10-30T16:10:00+00:00,1943.0,94.84,349.1,13.64,410.8,23.6,589.5,0.0671,0.80,58.7,328.7,7.9
2025-10-30T16:11:00+00:00,2086.5,98.86,348.4,13.84,418.3,21.6,604.1,0.0708,0.89,58.7,328.7,8.8
2025-10-30T16:12:00+00:00,2234.8,97.25,329.6,13.76,436.0,24.7,659.4,0.0739,0.83,58.7,328.7,8.3
2025-10-30T16:13:00+00:00,2023.3,97.05,343.6,13.54,406.1,21.3,597.5,0.0699,0.79,58.7,328.7,7.6
2025-10-30T16:14:00+00:00,1885.9,98.13,360.5,13.91,395.9,23.6,549.9,0.0669,0.84,58.7,328.7,8.9
2025-10-30T16:15:00+00:00,1945.6,99.43,343.5,13.64,403.4,23.7,666.8,0.0677,0.79,58.7,328.7,9.3
2025-10-30T16:16:00+00:00,1955.6,99.07,350.1,13.61,436.8,21.6,619.5,0.0740,0.78,58.7,328.7,9.8
2025-10-30T16:17:00+00:00,1917.5,98.93,339.0,13.82,424.7,20.2,610.5,0.0683,0.96,58.7,328.7,8.0
2025-10-30T16:18:00+00:00,2058.0,97.98,338.5,13.80,428.4,20.8,558.8,0.0704,0.79,58.7,328.7,9.1
2025-10-30T16:19:00+00:00,2234.1,98.46,329.5,13.75,425.1,24.6,646.2,0.0684,0.78,58.7,328.7,10.5
2025-10-30T16:20:00+00:00,1972.1,95.67,356.3,13.97,439.0,24.2,608.1,0.0670,0.80,58.7,328.7,9.1
2025-10-30T16:21:00+00:00,1973.0,96.48,327.9,13.72,411.4,22.3,663.6,0.0681,0.85,58.7,328.7,8.8
2025-10-30T16:22:00+00:00,1996.7,99.84,344.5,13.98,405.5,21.5,547.7,0.0729,0.83,58.7,328.7,11.8
2025-10-30T16:23:00+00:00,1882.6,96.52,351.5,13.94,396.9,22.4,592.9,0.0664,0.78,58.7,328.7,10.8
2025-10-30T16:24:00+00:00,1810.5,97.39,346.6,13.86,428.8,22.1,658.5,0.0664,0.84,58.7,328.7,11.0
2025-10-30T16:25:00+00:00,1980.9,100.83,326.4,13.57,405.7,22.2,636.6,0.0696,0.93,58.7,328.7,9.5
2025-10-30T16:26:00+00:00,2115.3,96.23,350.0,14.04,428.7,26.3,645.1,0.0676,0.76,58.7,328.7,9.5
2025-10-30T16:27:00+00:00,2121.7,101.11,331.6,13.75,456.9,22.8,627.6,0.0682,0.84,58.7,328.7,9.8
2025-10-30T16:28:00+00:00,2069.9,97.71,341.5,13.72,431.0,21.5,668.1,0.0677,0.82,58.7,328.7,7.2
2025-10-30T16:29:00+00:00,2042.3,99.14,347.6,13.86,450.9,22.2,561.6,0.0681,0.87,58.7,328.7,8.7
2025-10-30T16:30:00+00:00,1947.8,100.16,344.5,14.07,418.1,25.1,641.2,0.0721,0.82,58.7,328.7,9.5
2025-10-30T16:31:00+00:00,2087.2,98.57,345.9,13.78,452.4,25.4,606.1,0.0734,0.86,58.7,328.7,8.8
2025-10-30T16:32:00+00:00,1965.1,98.15,333.0,14.10,420.3,23.4,635.4,0.0672,0.84,58.7,328.7,9.3
2025-10-30T16:33:00+00:00,2045.7,95.21,335.8,13.82,414.3,23.9,688.3,0.0672,0.78,58.7,328.7,9.1
2025-10-30T16:34:00+00:00,2007.3,97.50,335.2,13.79,412.1,22.5,652.8,0.0713,0.83,58.7,328.7,10.5
2025-10-30T16:35:00+00:00,1886.3,99.81,344.3,13.79,421.7,24.6,604.8,0.0678,0.92,58.7,328.7,9.9
2025-10-30T16:36:00+00:00,2011.2,96.20,339.7,13.62,422.2,25.0,624.2,0.0680,0.88,58.7,328.7,11.6
2025-10-30T16:37:00+00:00,1896.6,98.66,347.8,13.89,420.7,25.7,499.6,0.0675,0.89,58.7,328.7,8.7
2025-10-30T16:38:00+00:00,1997.0,98.28,346.2,13.66,408.5,21.3,613.3,0.0705,0.77,58.7,328.7,7.4
2025-10-30T16:39:00+00:00,2190.9,100.14,334.4,13.67,440.5,22.9,615.0,0.0725,0.76,58.7,328.7,9.5
2025-10-30T16:40:00+00:00,2062.6,98.08,339.6,13.88,447.2,20.8,552.5,0.0684,0.80,58.7,328.7,9.0
2025-10-30T16:41:00+00:00,968.5,94.62,336.8,13.53,389.7,25.6,511.7,0.0612,0.74,58.7,328.7,9.3
2025-10-30T16:42:00+00:00,889.5,95.05,357.2,14.00,374.1,21.6,535.3,0.0616,0.84,58.7,328.7,9.8
2025-10-30T16:43:00+00:00,889.1,93.38,335.6,13.85,372.3,22.4,578.8,0.0632,0.70,58.7,328.7,11.0
2025-10-30T16:44:00+00:00,962.1,95.40,356.4,13.61,396.0,23.6,520.2,0.0608,0.72,58.7,328.7,8.0
2025-10-30T16:45:00+00:00,857.4,92.80,359.3,13.73,375.8,21.4,575.6,0.0608,0.77,58.7,328.7,10.4
2025-10-30T16:46:00+00:00,998.7,93.79,352.9,13.86,396.3,22.3,578.7,0.0642,0.75,58.7,328.7,8.3
2025-10-30T16:47:00+00:00,974.0,96.51,338.4,13.62,383.5,21.9,542.0,0.0624,0.77,58.7,328.7,9.2
2025-10-30T16:48:00+00:00,967.1,93.58,350.8,14.01,375.7,25.0,534.1,0.0688,0.82,58.7,328.7,9.9
2025-10-30T16:49:00+00:00,940.7,94.30,364.6,13.90,379.3,23.5,557.8,0.0623,0.77,58.7,328.7,9.4
2025-10-30T16:50:00+00:00,1078.4,96.77,342.3,13.70,386.9,22.6,540.8,0.0659,0.71,58.7,328.7,10.2
2025-10-30T16:51:00+00:00,1035.9,92.56,350.1,13.83,393.1,23.9,587.9,0.0621,0.81,58.7,328.7,9.3
2025-10-30T16:52:00+00:00,1117.8,95.91,357.6,13.77,382.6,25.6,630.7,0.0648,0.85,58.7,328.7,11.8
2025-10-30T16:53:00+00:00,825.6,95.08,351.4,13.93,409.5,23.0,550.7,0.0684,0.82,58.7,328.7,8.5
2025-10-31T06:00:00+00:00,926.6,94.90,351.5,14.10,392.7,24.0,570.5,0.0665,0.85,189.5,99.5,14.8
2025-10-31T06:01:00+00:00,1020.0,95.64,339.6,14.15,371.5,23.3,560.1,0.0660,0.90,189.5,99.5,14.6
2025-10-31T06:02:00+00:00,1017.3,92.81,332.8,14.27,393.3,24.6,521.3,0.0650,0.80,189.5,99.5,15.1
2025-10-31T06:03:00+00:00,987.9,90.03,356.9,13.50,389.5,24.5,507.7,0.0688,0.82,189.5,99.5,14.3
2025-10-31T06:04:00+00:00,1017.9,94.42,352.9,13.88,371.1,21.7,584.8,0.0666,0.96,189.5,99.5,14.6
2025-10-31T06:05:00+00:00,846.3,93.42,352.3,13.45,365.5,20.8,577.7,0.0660,0.84,189.5,99.5,15.0
2025-10-31T06:06:00+00:00,1022.6,94.50,348.7,13.72,402.7,22.8,541.1,0.0666,0.88,189.5,99.5,13.9
2025-10-31T06:07:00+00:00,962.9,98.02,334.6,13.54,370.2,25.8,576.2,0.0676,0.86,189.5,99.5,13.0
2025-10-31T06:08:00+00:00,875.4,93.61,342.3,13.94,400.0,23.1,618.7,0.0651,0.89,189.5,99.5,12.9
2025-10-31T06:09:00+00:00,1031.9,95.26,331.3,13.69,391.5,25.7,573.3,0.0665,0.84,189.5,99.5,13.6
2025-10-31T06:10:00+00:00,2141.5,96.94,350.5,13.68,425.1,22.9,599.7,0.0745,0.94,189.5,99.5,14.3
2025-10-31T06:11:00+00:00,2075.0,100.66,345.3,13.99,416.9,24.1,600.5,0.0706,0.81,189.5,99.5,14.1
2025-10-31T06:12:00+00:00,2070.3,98.71,351.3,14.03,420.8,21.3,638.3,0.0716,0.90,189.5,99.5,15.0
2025-10-31T06:13:00+00:00,2048.0,99.51,339.7,13.82,412.7,23.8,616.9,0.0720,0.93,189.5,99.5,11.7
2025-10-31T06:14:00+00:00,2011.9,96.47,340.4,14.03,435.1,24.3,572.8,0.0708,0.86,189.5,99.5,14.0
2025-10-31T06:15:00+00:00,2226.8,99.74,344.6,14.02,440.5,21.8,596.9,0.0735,0.94,189.5,99.5,13.6
2025-10-31T06:16:00+00:00,2021.8,96.55,332.4,13.75,421.8,20.1,644.3,0.0735,0.89,189.5,99.5,14.3
2025-10-31T06:17:00+00:00,1941.4,97.47,357.5,13.83,414.9,22.7,595.9,0.0708,0.89,189.5,99.5,15.1
2025-10-31T06:18:00+00:00,2126.0,98.65,323.8,13.77,427.1,24.0,590.9,0.0721,0.77,189.5,99.5,14.8
2025-10-31T06:19:00+00:00,1774.5,98.81,350.0,13.99,417.9,20.7,625.4,0.0731,0.91,189.5,99.5,13.7
2025-10-31T06:20:00+00:00,1973.7,93.53,347.4,14.04,437.0,22.0,655.0,0.0770,0.86,189.5,99.5,14.2
2025-10-31T06:21:00+00:00,1855.6,99.87,343.4,13.73,411.1,23.4,600.8,0.0703,0.90,189.5,99.5,13.7
2025-10-31T06:22:00+00:00,2188.8,98.17,332.9,13.95,434.7,25.5,581.0,0.0721,0.89,189.5,99.5,14.2
2025-10-31T06:23:00+00:00,2147.1,98.54,346.2,13.73,428.5,23.0,611.7,0.0737,0.90,189.5,99.5,13.1
2025-10-31T06:24:00+00:00,1848.1,97.29,348.6,13.89,421.2,22.2,552.0,0.0699,0.85,189.5,99.5,14.4
2025-10-31T06:25:00+00:00,1903.9,98.21,352.6,13.50,446.1,21.7,577.6,0.0713,0.96,189.5,99.5,14.4
2025-10-31T06:26:00+00:00,2194.7,101.75,342.4,13.70,432.8,22.1,594.8,0.0727,0.82,189.5,99.5,14.0
2025-10-31T06:27:00+00:00,2034.8,94.30,356.5,13.85,427.6,23.0,600.6,0.0716,0.92,189.5,99.5,14.8
2025-10-31T06:28:00+00:00,2031.4,99.01,333.0,13.93,422.1,22.9,551.6,0.0710,0.86,189.5,99.5,15.3
2025-10-31T06:29:00+00:00,2027.6,97.79,353.0,13.69,447.3,24.3,583.2,0.0707,0.84,189.5,99.5,14.1
2025-10-31T06:30:00+00:00,2020.1,97.99,349.5,13.92,425.7,22.3,631.5,0.0737,0.90,189.5,99.5,13.9
2025-10-31T06:31:00+00:00,1807.2,96.15,348.5,13.83,388.7,23.3,572.1,0.0754,0.92,189.5,99.5,14.7
2025-10-31T06:32:00+00:00,1906.4,97.94,356.6,13.72,413.2,24.1,602.1,0.0722,0.90,189.5,99.5,13.3
2025-10-31T06:33:00+00:00,2136.5,97.96,332.0,13.84,407.9,23.6,619.2,0.0717,0.88,189.5,99.5,14.6
2025-10-31T06:34:00+00:00,1950.0,98.48,354.4,14.01,434.3,21.9,604.5,0.0706,0.87,189.5,99.5,13.1
2025-10-31T06:35:00+00:00,1908.5,95.30,332.3,13.73,411.7,20.4,526.3,0.0704,0.87,189.5,99.5,12.8
2025-10-31T06:36:00+00:00,2228.8,100.35,358.8,13.64,408.6,25.1,578.6,0.0722,0.89,189.5,99.5,13.2
2025-10-31T06:37:00+00:00,2260.3,96.72,332.9,13.81,449.9,23.8,596.4,0.0744,0.88,189.5,99.5,14.6
2025-10-31T06:38:00+00:00,2193.0,100.19,343.8,13.67,418.5,23.6,644.0,0.0720,0.87,189.5,99.5,15.1
2025-10-31T06:39:00+00:00,2112.9,97.78,330.8,13.88,411.5,23.1,581.1,0.0717,0.88,189.5,99.5,14.2
2025-10-31T06:40:00+00:00,1916.1,96.83,346.6,13.86,417.3,22.4,623.2,0.0694,0.76,189.5,99.5,13.0
2025-10-31T06:41:00+00:00,2164.3,98.89,343.4,13.94,460.3,23.3,528.3,0.0718,0.88,189.5,99.5,14.3
2025-10-31T06:42:00+00:00,2207.8,98.77,333.1,14.13,433.6,21.1,629.0,0.0746,0.87,189.5,99.5,14.3
2025-10-31T06:43:00+00:00,2165.8,98.96,343.7,14.14,426.1,19.2,653.1,0.0727,0.92,189.5,99.5,16.2
2025-10-31T06:44:00+00:00,2018.3,96.95,320.8,13.88,424.6,21.8,621.5,0.0710,0.88,189.5,99.5,14.9
2025-10-31T06:45:00+00:00,2211.4,97.14,347.5,13.69,426.3,23.6,639.1,0.0724,0.91,189.5,99.5,14.0
2025-10-31T06:46:00+00:00,2026.5,99.11,334.6,13.84,420.7,22.8,570.3,0.0727,0.85,189.5,99.5,13.8
2025-10-31T06:47:00+00:00,2077.8,97.84,337.4,13.61,432.2,22.3,640.1,0.0757,0.94,189.5,99.5,12.7
2025-10-31T06:48:00+00:00,1934.2,97.65,346.4,13.85,440.2,20.5,568.0,0.0769,0.95,189.5,99.5,14.0
2025-10-31T06:49:00+00:00,2018.9,97.26,334.2,13.74,413.4,22.1,540.3,0.0741,0.88,189.5,99.5,14.5
2025-10-31T06:50:00+00:00,1838.7,97.86,334.8,13.77,446.8,23.1,626.8,0.0711,0.85,189.5,99.5,15.4
2025-10-31T06:51:00+00:00,2463.1,98.18,337.6,13.50,440.0,25.7,605.9,0.0733,0.86,189.5,99.5,14.6
2025-10-31T06:52:00+00:00,2090.3,95.73,346.0,13.95,430.3,22.3,637.0,0.0706,0.80,189.5,99.5,12.8
2025-10-31T06:53:00+00:00,2193.9,96.99,350.3,13.91,423.1,21.6,586.2,0.0717,0.82,189.5,99.5,12.2
2025-10-31T06:54:00+00:00,1970.0,99.26,333.0,13.53,441.5,26.2,606.0,0.0797,0.92,189.5,99.5,13.8
2025-10-31T06:55:00+00:00,2080.3,97.12,337.1,13.70,417.4,23.2,676.5,0.0718,0.91,189.5,99.5,12.3
2025-10-31T06:56:00+00:00,1908.5,97.82,343.2,13.60,407.9,20.8,612.3,0.0714,0.97,189.5,99.5,13.8
2025-10-31T06:57:00+00:00,2133.2,99.02,345.1,14.09,416.3,22.5,604.2,0.0719,0.90,189.5,99.5,15.4
2025-10-31T06:58:00+00:00,1884.2,98.14,342.1,13.82,428.0,22.0,639.2,0.0702,0.85,189.5,99.5,14.3
2025-10-31T06:59:00+00:00,2501.4,98.46,336.8,13.67,457.4,23.9,670.0,0.0737,0.88,189.5,99.5,14.1
2025-10-31T07:00:00+00:00,2000.9,98.82,340.5,13.37,431.7,20.3,594.5,0.0711,0.89,189.5,99.5,13.5
2025-10-31T07:01:00+00:00,2185.3,99.36,344.4,13.98,437.4,29.0,662.6,0.0718,0.87,189.5,99.5,13.9
2025-10-31T07:02:00+00:00,2391.5,99.14,339.0,13.74,433.3,21.8,674.2,0.0749,0.97,189.5,99.5,14.0
2025-10-31T07:03:00+00:00,2457.0,100.15,339.4,13.61,450.0,22.8,639.7,0.0772,0.95,189.5,99.5,14.4
2025-10-31T07:04:00+00:00,1896.4,99.37,321.7,13.80,444.4,21.9,626.1,0.0748,0.85,189.5,99.5,14.1
2025-10-31T07:05:00+00:00,2551.2,100.08,336.0,13.74,429.4,22.7,635.8,0.0739,0.87,189.5,99.5,13.3
2025-10-31T07:06:00+00:00,1962.8,98.05,337.7,13.83,419.0,22.6,618.8,0.0709,0.88,189.5,99.5,14.7
2025-10-31T07:07:00+00:00,2112.3,97.82,346.5,13.49,417.1,25.1,571.9,0.0716,0.88,189.5,99.5,13.9
2025-10-31T07:08:00+00:00,1918.4,94.95,340.4,13.75,406.3,24.1,571.5,0.0708,0.89,189.5,99.5,13.1
2025-10-31T07:09:00+00:00,2415.4,94.49,346.3,13.69,437.7,19.3,645.4,0.0735,0.91,189.5,99.5,13.6
2025-10-31T07:10:00+00:00,2045.9,98.73,346.5,13.74,422.0,21.2,552.4,0.0714,0.87,189.5,99.5,13.3
2025-10-31T07:11:00+00:00,1993.8,97.07,338.0,13.82,423.0,22.6,617.1,0.0708,0.85,189.5,99.5,12.8
2025-10-31T07:12:00+00:00,2031.3,96.55,336.5,13.70,391.0,25.5,592.9,0.0711,0.87,189.5,99.5,14.5
2025-10-31T07:13:00+00:00,2036.2,98.38,338.0,13.79,424.9,23.0,590.0,0.0723,0.79,189.5,99.5,14.6
2025-10-31T07:14:00+00:00,1943.7,96.50,355.8,13.53,410.5,24.4,578.5,0.0791,0.90,189.5,99.5,12.5
2025-10-31T07:15:00+00:00,1975.6,98.52,347.9,14.03,421.9,21.0,596.6,0.0712,0.91,189.5,99.5,13.5
2025-10-31T07:16:00+00:00,2086.4,96.83,329.5,13.75,396.3,24.1,627.0,0.0776,0.80,189.5,99.5,12.6
2025-10-31T07:17:00+00:00,1971.7,97.79,361.4,13.88,396.2,21.9,581.0,0.0712,0.92,189.5,99.5,15.7
2025-10-31T07:18:00+00:00,1974.7,99.19,334.1,13.80,428.8,24.1,612.3,0.0815,0.74,189.5,99.5,15.2
2025-10-31T07:19:00+00:00,1933.8,95.57,348.2,13.96,426.0,25.7,511.8,0.0778,0.89,189.5,99.5,14.4
2025-10-31T07:20:00+00:00,1953.0,98.03,340.3,13.71,433.8,23.5,618.7,0.0730,0.84,189.5,99.5,14.6
2025-10-31T07:21:00+00:00,2242.6,97.65,335.9,13.69,431.7,22.6,640.7,0.0719,0.84,189.5,99.5,12.3
2025-10-31T07:22:00+00:00,1917.3,100.11,335.6,13.69,436.5,19.6,556.2,0.0710,0.91,189.5,99.5,14.7
2025-10-31T07:23:00+00:00,1936.4,98.46,353.0,13.82,432.6,22.2,645.1,0.0699,0.81,189.5,99.5,14.0
2025-10-31T07:24:00+00:00,2150.2,96.94,331.1,13.63,437.8,22.1,603.5,0.0733,0.84,189.5,99.5,14.1
2025-10-31T07:25:00+00:00,1972.9,97.75,347.7,13.67,408.3,23.2,606.5,0.0706,0.85,189.5,99.5,15.3
2025-10-31T07:26:00+00:00,2225.8,99.47,336.0,13.72,434.0,25.9,624.9,0.0722,0.87,189.5,99.5,12.2
2025-10-31T07:27:00+00:00,2066.1,100.55,337.8,14.18,421.5,22.3,554.9,0.0719,0.94,189.5,99.5,13.9
2025-10-31T07:28:00+00:00,2099.6,98.18,360.0,13.81,428.6,24.8,617.2,0.0711,0.84,189.5,99.5,14.8
2025-10-31T07:29:00+00:00,1812.4,94.99,345.6,14.04,421.7,24.7,577.7,0.0693,0.81,189.5,99.5,14.5
2025-10-31T07:30:00+00:00,2068.1,98.79,338.2,13.94,415.6,24.3,535.7,0.0714,0.88,189.5,99.5,16.1
2025-10-31T07:31:00+00:00,2211.4,96.26,332.3,13.90,427.5,23.7,639.6,0.0749,0.99,189.5,99.5,15.1
2025-10-31T07:32:00+00:00,1799.7,98.95,349.9,14.09,423.3,23.2,584.4,0.0717,0.92,189.5,99.5,12.9
2025-10-31T07:33:00+00:00,2168.0,98.72,337.4,13.95,430.6,24.0,594.3,0.0722,0.91,189.5,99.5,14.9
2025-10-31T07:34:00+00:00,2079.7,94.51,350.9,13.88,427.8,22.6,665.8,0.0731,0.90,189.5,99.5,14.0
2025-10-31T07:35:00+00:00,1987.7,98.94,348.2,13.94,419.6,25.9,628.7,0.0766,0.94,189.5,99.5,13.9
2025-10-31T07:36:00+00:00,1915.0,98.99,338.9,13.74,422.6,24.0,605.2,0.0753,0.90,189.5,99.5,13.6
2025-10-31T07:37:00+00:00,1836.8,97.00,345.5,13.88,420.5,24.0,616.9,0.0698,0.83,189.5,99.5,14.4
2025-10-31T07:38:00+00:00,2005.1,98.57,338.6,13.54,430.0,25.3,611.6,0.0714,0.91,189.5,99.5,13.8
2025-10-31T07:39:00+00:00,1978.3,97.53,340.0,13.90,419.0,24.1,568.9,0.0751,0.97,189.5,99.5,14.0
2025-10-31T07:40:00+00:00,2236.1,97.18,332.6,13.89,429.2,22.1,612.0,0.0714,0.76,189.5,99.5,13.2
2025-10-31T07:41:00+00:00,2114.9,98.19,340.4,13.80,428.8,21.7,614.7,0.0716,0.86,189.5,99.5,14.8
2025-10-31T07:42:00+00:00,2004.9,98.78,360.8,13.62,421.3,23.4,611.8,0.0734,0.78,189.5,99.5,14.5
2025-10-31T07:43:00+00:00,2005.4,100.96,341.8,13.92,430.9,23.0,640.5,0.0762,0.93,189.5,99.5,12.7
2025-10-31T07:44:00+00:00,2091.8,101.26,346.7,13.38,441.9,24.3,555.7,0.0777,0.91,189.5,99.5,13.0
2025-10-31T07:45:00+00:00,1963.1,99.42,333.5,14.01,417.7,21.2,621.1,0.0757,0.87,189.5,99.5,14.5
2025-10-31T07:46:00+00:00,1852.3,97.88,335.1,13.70,417.8,20.8,587.1,0.0705,0.89,189.5,99.5,13.8
2025-10-31T07:47:00+00:00,2097.8,96.33,333.4,13.93,439.1,20.1,631.9,0.0749,0.94,189.5,99.5,13.1
2025-10-31T07:48:00+00:00,2038.8,95.30,331.7,13.92,434.2,22.3,561.4,0.0771,0.85,189.5,99.5,14.3
2025-10-31T07:49:00+00:00,2037.8,97.81,343.2,13.61,374.6,21.6,549.2,0.0710,0.86,189.5,99.5,13.6
2025-10-31T07:50:00+00:00,2021.1,98.61,347.0,13.50,419.6,21.6,618.7,0.0751,0.99,189.5,99.5,12.8
2025-10-31T07:51:00+00:00,1959.1,98.11,335.3,13.68,405.3,22.9,532.2,0.0712,0.92,189.5,99.5,13.6
2025-10-31T07:52:00+00:00,1983.8,98.93,339.7,13.77,426.1,22.5,622.1,0.0738,0.88,189.5,99.5,13.2
2025-10-31T07:53:00+00:00,1985.7,96.99,346.8,13.90,403.2,25.4,583.6,0.0709,0.88,189.5,99.5,15.4
2025-10-31T07:54:00+00:00,1956.6,96.48,343.6,13.80,411.2,22.9,687.5,0.0806,0.90,189.5,99.5,13.4
2025-10-31T07:55:00+00:00,2168.8,98.79,342.8,13.85,415.0,23.8,603.6,0.0729,0.88,189.5,99.5,16.1
2025-10-31T07:56:00+00:00,883.2,93.36,348.8,13.64,397.1,23.3,576.3,0.0650,0.87,189.5,99.5,14.1
2025-10-31T07:57:00+00:00,1061.4,93.78,340.6,13.92,390.2,22.1,556.4,0.0746,0.84,189.5,99.5,15.4
2025-10-31T07:58:00+00:00,942.8,94.85,360.9,13.66,395.8,23.0,596.6,0.0675,0.95,189.5,99.5,12.7
2025-10-31T07:59:00+00:00,1077.0,93.25,348.2,13.71,421.9,23.4,591.9,0.0656,0.83,189.5,99.5,12.3
2025-10-31T08:00:00+00:00,871.8,93.74,346.6,13.70,363.9,24.1,505.1,0.0687,1.03,189.5,99.5,14.4
2025-10-31T08:01:00+00:00,943.2,94.61,367.2,13.89,403.7,22.1,511.5,0.0646,0.82,189.5,99.5,15.5
2025-10-31T08:02:00+00:00,986.7,93.50,362.8,14.01,377.5,20.4,522.4,0.0659,0.92,189.5,99.5,14.9
2025-10-31T08:03:00+00:00,983.7,96.08,349.8,13.63,385.3,25.3,507.2,0.0664,0.96,189.5,99.5,14.7
2025-10-31T08:04:00+00:00,1005.3,95.68,338.4,13.77,374.3,23.8,539.2,0.0649,0.80,189.5,99.5,16.2
2025-10-31T14:00:00+00:00,953.0,93.98,356.1,13.92,367.2,25.0,546.2,0.0656,0.90,189.5,99.5,14.0
2025-10-31T14:01:00+00:00,1015.8,91.66,354.8,13.83,389.0,22.9,535.3,0.0771,0.85,189.5,99.5,13.9
2025-10-31T14:02:00+00:00,960.9,94.90,341.4,13.96,404.6,24.1,574.2,0.0656,0.89,189.5,99.5,14.1
2025-10-31T14:03:00+00:00,1050.2,90.84,344.6,13.74,396.1,24.3,568.9,0.0657,0.85,189.5,99.5,13.4
2025-10-31T14:04:00+00:00,906.8,95.22,356.2,13.78,411.3,21.4,598.1,0.0739,0.89,189.5,99.5,13.9
2025-10-31T14:05:00+00:00,968.3,93.45,346.8,14.06,386.1,23.1,500.5,0.0652,0.86,189.5,99.5,14.9
2025-10-31T14:06:00+00:00,926.7,92.89,341.1,13.77,374.9,23.9,594.9,0.0655,0.92,189.5,99.5,14.7
2025-10-31T14:07:00+00:00,1040.1,92.25,344.1,13.78,385.0,21.7,515.5,0.0712,0.90,189.5,99.5,14.3
2025-10-31T14:08:00+00:00,987.9,94.66,351.1,13.70,382.2,21.2,479.4,0.0655,0.86,189.5,99.5,13.2
2025-10-31T14:09:00+00:00,867.3,92.87,347.4,13.92,382.1,23.5,556.8,0.0654,0.91,189.5,99.5,14.4
2025-10-31T14:10:00+00:00,1055.6,95.16,345.1,13.76,390.4,24.8,589.8,0.0692,0.91,189.5,99.5,15.9
2025-10-31T14:11:00+00:00,923.9,92.80,345.4,13.92,387.7,23.7,478.0,0.0677,0.88,189.5,99.5,13.3
2025-10-31T14:12:00+00:00,1042.3,94.07,350.4,13.91,390.6,22.1,538.6,0.0670,0.98,189.5,99.5,13.6
2025-10-31T14:13:00+00:00,970.4,92.39,348.9,13.75,403.8,21.3,548.2,0.0712,0.87,189.5,99.5,13.1
2025-10-31T14:14:00+00:00,2269.1,98.20,336.2,13.87,433.9,23.9,594.5,0.0727,0.91,189.5,99.5,13.4
2025-10-31T14:15:00+00:00,2318.9,99.88,335.6,13.66,431.4,22.5,668.9,0.0794,0.86,189.5,99.5,14.1
2025-10-31T14:16:00+00:00,1949.6,95.68,346.4,13.81,420.9,22.9,583.3,0.0738,0.92,189.5,99.5,14.7
2025-10-31T14:17:00+00:00,2001.3,96.95,346.1,13.89,432.2,23.4,637.5,0.0755,0.92,189.5,99.5,13.7
2025-10-31T14:18:00+00:00,1917.1,96.26,330.6,13.80,432.7,22.9,619.6,0.0743,0.90,189.5,99.5,14.9
2025-10-31T14:19:00+00:00,2093.6,99.14,357.5,13.74,439.7,21.6,568.0,0.0721,0.94,189.5,99.5,13.6
2025-10-31T14:20:00+00:00,2081.0,94.88,339.1,13.70,421.8,19.3,620.7,0.0712,0.84,189.5,99.5,14.5
2025-10-31T14:21:00+00:00,1939.4,96.40,331.4,13.63,392.6,24.1,564.3,0.0729,0.91,189.5,99.5,15.1
2025-10-31T14:22:00+00:00,1977.0,95.39,339.4,13.89,433.2,23.5,618.0,0.0729,0.86,189.5,99.5,13.1
2025-10-31T14:23:00+00:00,2108.0,98.08,342.5,14.00,423.7,20.7,623.7,0.0714,0.87,189.5,99.5,12.1
2025-10-31T14:24:00+00:00,1894.4,97.42,331.2,13.82,408.3,26.0,626.9,0.0773,0.88,189.5,99.5,14.1
2025-10-31T14:25:00+00:00,1942.8,95.36,350.3,13.67,402.1,23.7,586.2,0.0703,0.84,189.5,99.5,14.3
2025-10-31T14:26:00+00:00,2137.4,98.02,356.0,13.62,434.3,25.1,601.1,0.0727,0.98,189.5,99.5,13.7
2025-10-31T14:27:00+00:00,2144.6,100.61,351.5,13.66,424.7,24.1,609.8,0.0721,0.91,189.5,99.5,16.3
2025-10-31T14:28:00+00:00,2148.7,97.30,340.3,14.01,427.2,21.7,612.6,0.0783,0.90,189.5,99.5,13.6
2025-10-31T14:29:00+00:00,2007.9,98.26,342.4,13.84,451.5,22.6,576.1,0.0765,0.87,189.5,99.5,14.4
2025-10-31T14:30:00+00:00,2137.3,97.84,334.1,13.85,440.6,24.0,608.4,0.0736,0.80,189.5,99.5,15.1
2025-10-31T14:31:00+00:00,1963.8,95.41,349.3,14.00,423.8,24.0,536.6,0.0710,0.92,189.5,99.5,17.3
2025-10-31T14:32:00+00:00,1964.6,97.79,337.9,13.69,403.5,23.4,596.6,0.0714,0.95,189.5,99.5,14.0
2025-10-31T14:33:00+00:00,2230.8,97.55,347.8,13.62,440.0,20.5,601.9,0.0790,0.80,189.5,99.5,14.5
2025-10-31T14:34:00+00:00,1973.3,100.59,351.4,13.85,425.8,23.9,585.0,0.0699,0.78,189.5,99.5,14.1
2025-10-31T14:35:00+00:00,1924.6,98.40,344.5,13.82,435.4,21.8,574.3,0.0697,0.78,189.5,99.5,13.1
2025-10-31T14:36:00+00:00,1990.5,95.19,338.8,13.40,432.6,23.9,539.8,0.0751,0.93,189.5,99.5,15.0
2025-10-31T14:37:00+00:00,1930.9,100.25,330.2,13.79,439.0,21.2,596.1,0.0748,0.85,189.5,99.5,14.2
2025-10-31T14:38:00+00:00,1853.7,98.49,327.6,13.55,414.2,24.6,603.1,0.0788,0.87,189.5,99.5,14.3
2025-10-31T14:39:00+00:00,1891.8,99.46,343.2,13.70,418.9,23.8,565.8,0.0710,0.93,189.5,99.5,14.1
2025-10-31T14:40:00+00:00,2060.3,99.19,332.2,13.91,418.7,24.2,587.0,0.0774,0.89,189.5,99.5,12.3
2025-10-31T14:41:00+00:00,2032.5,99.17,338.2,13.90,418.8,24.0,611.9,0.0725,0.90,189.5,99.5,13.6
2025-10-31T14:42:00+00:00,1818.8,99.44,337.2,13.67,416.1,25.9,635.8,0.0735,0.82,189.5,99.5,14.1
2025-10-31T14:43:00+00:00,2187.5,97.51,340.2,13.70,409.3,22.8,566.1,0.0714,0.81,189.5,99.5,13.7
2025-10-31T14:44:00+00:00,2145.0,99.58,356.1,14.02,415.8,23.3,570.6,0.0777,0.86,189.5,99.5,15.8
2025-10-31T14:45:00+00:00,2005.8,98.08,340.0,13.94,417.6,26.3,555.6,0.0818,0.91,189.5,99.5,13.6
2025-10-31T14:46:00+00:00,2081.1,96.99,349.1,14.14,407.6,22.8,575.5,0.0780,0.93,189.5,99.5,13.4
2025-10-31T14:47:00+00:00,1897.2,100.42,342.8,13.66,450.0,20.3,601.8,0.0744,0.96,189.5,99.5,16.5
2025-10-31T14:48:00+00:00,2051.9,98.66,343.0,13.81,415.1,24.1,502.1,0.0708,0.83,189.5,99.5,13.4
2025-10-31T14:49:00+00:00,1831.2,97.17,354.3,13.94,426.3,23.6,597.9,0.0780,0.91,189.5,99.5,13.8
2025-10-31T14:50:00+00:00,2083.8,100.36,332.2,13.92,410.9,23.1,636.6,0.0802,0.91,189.5,99.5,12.8
2025-10-31T14:51:00+00:00,2069.3,98.16,336.9,14.08,434.7,22.6,643.3,0.0719,0.93,189.5,99.5,12.9
2025-10-31T14:52:00+00:00,1962.7,100.27,350.2,13.64,432.2,23.1,625.6,0.0709,0.89,189.5,99.5,15.5
2025-10-31T14:53:00+00:00,2235.4,96.86,343.1,13.93,422.5,24.8,572.5,0.0744,0.85,189.5,99.5,13.9
2025-10-31T14:54:00+00:00,1994.1,99.30,350.3,13.68,436.9,22.0,636.0,0.0757,0.83,189.5,99.5,13.0
2025-10-31T14:55:00+00:00,2199.2,97.65,340.1,13.89,423.8,23.5,608.6,0.0753,0.87,189.5,99.5,14.3
2025-10-31T14:56:00+00:00,2114.6,100.75,351.8,13.73,453.7,22.6,561.5,0.0765,0.88,189.5,99.5,15.1
2025-10-31T14:57:00+00:00,2138.4,98.06,334.1,13.98,418.9,20.2,608.1,0.0717,0.88,189.5,99.5,11.7
2025-10-31T14:58:00+00:00,2031.2,99.47,348.3,13.81,420.9,22.9,578.2,0.0711,0.76,189.5,99.5,14.3
2025-10-31T14:59:00+00:00,1827.7,99.48,345.4,13.72,414.1,22.0,627.6,0.0761,0.80,189.5,99.5,13.6
2025-10-31T15:00:00+00:00,2191.7,94.68,339.7,13.77,402.9,19.6,679.5,0.0720,0.88,189.5,99.5,16.3
2025-10-31T15:01:00+00:00,2183.5,99.33,330.0,13.93,416.9,24.0,564.5,0.0788,0.88,189.5,99.5,14.1
2025-10-31T15:02:00+00:00,1854.6,97.46,350.0,13.70,426.4,23.7,638.2,0.0704,0.88,189.5,99.5,12.3
2025-10-31T15:03:00+00:00,2092.5,97.11,342.9,13.87,435.3,22.4,569.2,0.0719,0.92,189.5,99.5,14.6
2025-10-31T15:04:00+00:00,1911.5,100.18,348.8,13.58,433.7,25.2,549.0,0.0704,0.86,189.5,99.5,14.6
2025-10-31T15:05:00+00:00,1855.2,96.34,349.9,13.85,431.8,22.8,675.2,0.0746,0.88,189.5,99.5,12.8
2025-10-31T15:06:00+00:00,2060.7,99.85,335.9,13.82,447.6,22.6,643.4,0.0723,0.93,189.5,99.5,15.2
2025-10-31T15:07:00+00:00,2048.4,96.54,335.9,13.59,427.5,24.8,560.5,0.0707,0.82,189.5,99.5,15.6
2025-10-31T15:08:00+00:00,2047.8,98.29,349.0,13.67,418.8,24.6,650.5,0.0705,0.79,189.5,99.5,14.4
2025-10-31T15:09:00+00:00,1826.0,95.86,354.3,13.79,434.2,24.3,562.5,0.0700,0.87,189.5,99.5,14.8
2025-10-31T15:10:00+00:00,2092.5,98.53,341.7,13.96,401.9,21.8,655.9,0.0734,0.89,189.5,99.5,14.2
2025-10-31T15:11:00+00:00,1944.5,98.03,347.6,13.90,430.3,24.7,625.5,0.0710,0.92,189.5,99.5,14.4
2025-10-31T15:12:00+00:00,1958.3,101.45,350.9,13.88,412.8,23.7,619.8,0.0770,0.86,189.5,99.5,13.7
2025-10-31T15:13:00+00:00,2549.3,100.21,344.4,13.80,444.0,22.6,588.3,0.0761,0.89,189.5,99.5,14.7
2025-10-31T15:14:00+00:00,2504.7,100.20,325.6,13.96,432.2,21.8,616.7,0.0766,0.88,189.5,99.5,13.9
2025-10-31T15:15:00+00:00,2064.8,98.40,335.6,13.83,407.7,23.5,593.8,0.0715,0.89,189.5,99.5,12.2
2025-10-31T15:16:00+00:00,2056.8,97.42,351.6,13.80,426.5,26.0,543.4,0.0713,0.83,189.5,99.5,14.1
2025-10-31T15:17:00+00:00,2144.6,98.24,336.9,13.73,410.7,22.9,588.7,0.0721,0.92,189.5,99.5,13.5
2025-10-31T15:18:00+00:00,1949.9,100.01,337.2,13.77,394.2,19.9,597.8,0.0716,0.85,189.5,99.5,14.9
2025-10-31T15:19:00+00:00,2164.2,98.92,338.4,13.70,424.1,22.4,622.6,0.0719,0.87,189.5,99.5,14.1
2025-10-31T15:20:00+00:00,2408.5,101.97,325.8,13.82,445.9,22.5,654.7,0.0726,0.82,189.5,99.5,13.4
2025-10-31T15:21:00+00:00,1891.5,98.26,318.9,13.65,442.5,22.7,585.3,0.0707,0.90,189.5,99.5,13.2
2025-10-31T15:22:00+00:00,2515.4,100.11,348.0,13.99,423.8,20.6,670.3,0.0755,0.87,189.5,99.5,12.5
2025-10-31T15:23:00+00:00,1967.3,98.35,353.9,13.52,435.0,22.0,569.3,0.0709,0.89,189.5,99.5,15.6
2025-10-31T15:24:00+00:00,2205.1,99.98,345.5,13.63,429.3,22.3,572.1,0.0720,0.83,189.5,99.5,14.1
2025-10-31T15:25:00+00:00,2132.6,99.24,349.0,13.84,419.2,21.3,632.2,0.0706,0.78,189.5,99.5,13.4
2025-10-31T15:26:00+00:00,2461.1,98.86,323.7,13.88,438.9,21.9,659.0,0.0735,0.89,189.5,99.5,13.3
2025-10-31T15:27:00+00:00,2133.4,95.41,346.3,14.10,416.4,23.5,659.6,0.0714,0.86,189.5,99.5,14.8
2025-10-31T15:28:00+00:00,1861.9,98.05,343.5,13.85,411.1,24.0,608.0,0.0695,0.80,189.5,99.5,13.7
2025-10-31T15:29:00+00:00,2452.9,98.05,339.8,13.57,429.5,25.9,653.6,0.0797,0.99,189.5,99.5,13.6
2025-10-31T15:30:00+00:00,2439.3,97.71,342.8,13.69,409.7,23.4,621.5,0.0742,0.96,189.5,99.5,13.0
2025-10-31T15:31:00+00:00,1828.9,95.85,353.0,13.70,427.9,25.8,553.6,0.0701,0.87,189.5,99.5,15.2
2025-10-31T15:32:00+00:00,2011.2,99.57,339.8,13.86,422.4,21.2,556.8,0.0773,0.86,189.5,99.5,14.7
2025-10-31T15:33:00+00:00,2035.5,96.59,339.8,13.96,433.7,24.3,630.4,0.0709,0.85,189.5,99.5,11.6
2025-10-31T15:34:00+00:00,2511.1,100.94,344.8,13.61,453.6,22.5,610.2,0.0753,0.91,189.5,99.5,13.6
2025-10-31T15:35:00+00:00,2008.3,96.54,337.9,13.84,447.6,21.9,625.8,0.0724,0.85,189.5,99.5,13.3
2025-10-31T15:36:00+00:00,1997.4,97.31,356.0,13.66,433.3,21.2,578.7,0.0699,0.76,189.5,99.5,13.8
2025-10-31T15:37:00+00:00,1727.4,96.44,358.0,13.69,403.7,22.5,613.6,0.0717,0.92,189.5,99.5,13.7
2025-10-31T15:38:00+00:00,1949.8,99.49,337.1,13.83,436.0,23.6,567.0,0.0726,0.85,189.5,99.5,14.3
2025-10-31T15:39:00+00:00,2421.1,97.26,341.4,13.73,445.9,23.5,625.9,0.0731,0.85,189.5,99.5,12.1
2025-10-31T15:40:00+00:00,1881.1,96.15,350.4,13.71,405.0,22.2,558.7,0.0704,0.88,189.5,99.5,14.7
2025-10-31T15:41:00+00:00,2371.4,100.05,343.6,13.75,426.5,19.8,622.8,0.0846,0.85,189.5,99.5,13.1
2025-10-31T15:42:00+00:00,2474.9,101.20,338.8,13.81,449.6,22.2,639.0,0.0733,0.79,189.5,99.5,13.0
2025-10-31T15:43:00+00:00,2046.5,98.09,337.0,13.75,423.6,23.7,617.5,0.0721,0.97,189.5,99.5,15.1
2025-10-31T15:44:00+00:00,2029.0,96.99,335.1,13.85,436.9,22.8,593.2,0.0719,0.96,189.5,99.5,14.7
2025-10-31T15:45:00+00:00,2108.7,98.66,347.3,14.04,428.2,23.2,636.3,0.0713,0.85,189.5,99.5,12.7
2025-10-31T15:46:00+00:00,1960.5,94.03,334.8,13.87,433.0,24.2,599.6,0.0724,0.81,189.5,99.5,13.7
2025-10-31T15:47:00+00:00,1870.8,98.18,335.2,14.06,424.0,22.4,540.9,0.0706,0.90,189.5,99.5,14.4
2025-10-31T15:48:00+00:00,1978.5,96.56,337.3,13.48,423.8,23.5,618.8,0.0703,0.83,189.5,99.5,13.7
2025-10-31T15:49:00+00:00,2098.5,99.69,347.1,13.53,423.5,22.4,614.9,0.0716,0.88,189.5,99.5,14.6
2025-10-31T15:50:00+00:00,1835.0,97.74,333.6,13.95,415.4,24.2,613.8,0.0697,0.84,189.5,99.5,14.4
2025-10-31T15:51:00+00:00,2100.6,99.32,341.7,13.67,416.1,21.2,621.0,0.0718,0.90,189.5,99.5,14.2
2025-10-31T15:52:00+00:00,2084.3,96.41,351.9,13.93,428.1,22.6,585.7,0.0706,0.78,189.5,99.5,13.5
2025-10-31T15:53:00+00:00,2337.3,99.33,344.3,13.92,421.7,22.9,610.9,0.0724,0.85,189.5,99.5,13.3
2025-10-31T15:54:00+00:00,2235.7,96.09,338.0,13.65,414.9,22.4,616.4,0.0729,0.89,189.5,99.5,13.9
2025-10-31T15:55:00+00:00,2025.8,97.56,348.4,13.72,437.5,24.8,602.4,0.0723,0.91,189.5,99.5,12.2
2025-10-31T15:56:00+00:00,2153.2,99.77,331.9,13.83,439.2,18.0,584.7,0.0733,0.86,189.5,99.5,14.2
2025-10-31T15:57:00+00:00,1815.5,94.52,350.6,13.83,401.4,23.4,627.8,0.0708,0.89,189.5,99.5,14.2
2025-10-31T15:58:00+00:00,2035.8,98.85,352.1,13.53,414.3,22.8,642.2,0.0743,0.88,189.5,99.5,14.5
2025-10-31T15:59:00+00:00,2191.6,97.30,337.2,13.96,422.4,23.7,686.8,0.0779,0.84,189.5,99.5,14.0
2025-10-31T16:00:00+00:00,2013.2,99.02,348.3,13.98,429.1,20.3,604.2,0.0713,0.91,189.5,99.5,16.6
2025-10-31T16:01:00+00:00,2012.3,95.48,340.2,13.63,447.0,23.4,616.0,0.0784,0.91,189.5,99.5,15.3
2025-10-31T16:02:00+00:00,1784.0,94.93,340.9,13.86,400.5,25.6,598.9,0.0716,0.91,189.5,99.5,14.4
2025-10-31T16:03:00+00:00,1902.4,101.00,350.2,13.88,441.3,23.1,610.1,0.0712,0.77,189.5,99.5,16.7
2025-10-31T16:04:00+00:00,2072.3,97.64,347.8,13.79,436.6,22.6,598.8,0.0855,0.93,189.5,99.5,13.8
2025-10-31T16:05:00+00:00,1847.4,96.91,345.3,13.78,394.9,24.6,628.2,0.0700,0.86,189.5,99.5,15.4
2025-10-31T16:06:00+00:00,2205.9,98.27,348.1,13.93,434.3,23.4,653.3,0.0726,0.93,189.5,99.5,13.3
2025-10-31T16:07:00+00:00,1955.4,97.56,341.1,13.69,411.3,22.4,582.5,0.0779,0.91,189.5,99.5,13.6
2025-10-31T16:08:00+00:00,1822.0,100.50,339.4,13.66,425.5,24.1,615.9,0.0709,0.97,189.5,99.5,13.8
2025-10-31T16:09:00+00:00,1763.0,97.04,349.4,13.99,407.4,21.3,617.2,0.0682,0.74,189.5,99.5,15.1
2025-10-31T16:10:00+00:00,1705.1,100.17,354.2,13.71,402.8,23.4,585.5,0.0695,0.89,189.5,99.5,15.1
2025-10-31T16:11:00+00:00,1861.2,98.31,343.6,14.08,407.7,22.3,615.5,0.0713,0.85,189.5,99.5,12.3
2025-10-31T16:12:00+00:00,1941.7,98.30,348.3,13.62,439.7,23.5,614.1,0.0714,0.95,189.5,99.5,12.8
2025-10-31T16:13:00+00:00,2080.2,95.29,334.5,13.90,443.2,23.1,649.1,0.0789,0.85,189.5,99.5,14.9
2025-10-31T16:14:00+00:00,2153.6,96.20,336.2,13.56,421.8,21.6,618.0,0.0718,0.88,189.5,99.5,14.6
2025-10-31T16:15:00+00:00,2083.5,99.74,338.4,13.86,424.0,20.4,568.0,0.0754,0.89,189.5,99.5,12.7
2025-10-31T16:16:00+00:00,2258.7,98.39,337.6,13.44,449.8,24.5,575.8,0.0728,0.92,189.5,99.5,13.1
2025-10-31T16:17:00+00:00,2255.6,98.46,337.0,13.71,442.1,23.7,640.4,0.0754,0.88,189.5,99.5,14.4
2025-10-31T16:18:00+00:00,2013.2,96.35,339.3,13.88,420.7,21.1,608.2,0.0724,0.92,189.5,99.5,13.5
2025-10-31T16:19:00+00:00,2050.7,99.91,350.6,13.80,399.4,24.2,563.7,0.0704,0.79,189.5,99.5,13.8
2025-10-31T16:20:00+00:00,1812.5,99.48,347.8,14.11,409.2,20.2,605.7,0.0693,0.81,189.5,99.5,13.8
2025-10-31T16:21:00+00:00,1978.9,95.73,337.6,13.74,426.7,23.9,589.0,0.0835,0.89,189.5,99.5,15.8
2025-10-31T16:22:00+00:00,2208.7,100.41,339.6,13.81,419.1,26.1,580.8,0.0762,0.87,189.5,99.5,12.7
2025-10-31T16:23:00+00:00,2034.8,100.52,334.4,13.84,393.9,24.1,676.8,0.0711,0.86,189.5,99.5,14.3
2025-10-31T16:24:00+00:00,1894.8,98.88,345.8,13.65,411.1,21.2,562.0,0.0799,0.83,189.5,99.5,14.0
2025-10-31T16:25:00+00:00,2058.0,99.98,339.6,13.84,415.0,23.4,571.3,0.0729,0.87,189.5,99.5,13.2
2025-10-31T16:26:00+00:00,2014.0,98.99,341.6,13.77,447.9,25.1,534.5,0.0709,0.85,189.5,99.5,14.6
2025-10-31T16:27:00+00:00,1944.7,98.64,333.6,13.73,436.2,24.6,607.5,0.0727,0.85,189.5,99.5,12.9
2025-10-31T16:28:00+00:00,2066.2,99.32,333.5,13.70,419.3,21.9,565.4,0.0706,0.79,189.5,99.5,13.3
2025-10-31T16:29:00+00:00,1945.8,98.47,333.6,13.70,434.6,24.7,554.2,0.0708,0.88,189.5,99.5,16.1
2025-10-31T16:30:00+00:00,2097.7,96.32,332.3,13.82,425.2,21.7,636.2,0.0817,0.93,189.5,99.5,13.5
2025-10-31T16:31:00+00:00,2122.6,98.26,346.3,13.92,418.8,25.3,579.8,0.0717,0.85,189.5,99.5,14.9
2025-10-31T16:32:00+00:00,2086.0,98.66,337.1,14.10,421.9,22.8,606.0,0.0716,0.90,189.5,99.5,15.1
2025-10-31T16:33:00+00:00,1788.7,95.98,340.5,13.89,395.4,23.1,583.4,0.0692,0.81,189.5,99.5,14.3
2025-10-31T16:34:00+00:00,1787.6,96.26,345.8,13.87,424.1,24.6,588.5,0.0696,0.83,189.5,99.5,14.9
2025-10-31T16:35:00+00:00,2007.3,99.39,330.0,13.89,441.6,20.9,617.8,0.0730,0.82,189.5,99.5,14.2
2025-10-31T16:36:00+00:00,2137.6,99.06,338.8,13.87,440.7,22.8,657.4,0.0799,0.85,189.5,99.5,12.5
2025-10-31T16:37:00+00:00,1938.7,98.99,336.2,14.13,421.6,22.4,592.3,0.0697,0.78,189.5,99.5,15.5
2025-10-31T16:38:00+00:00,1041.2,93.51,356.0,13.70,393.1,22.0,515.5,0.0666,0.84,189.5,99.5,14.4
2025-10-31T16:39:00+00:00,1019.7,96.35,355.2,13.83,382.4,25.0,563.1,0.0709,0.89,189.5,99.5,13.0
2025-10-31T16:40:00+00:00,861.6,94.29,353.5,13.57,381.1,23.2,550.1,0.0713,0.90,189.5,99.5,15.0
2025-10-31T16:41:00+00:00,996.8,96.60,349.0,13.91,391.2,23.4,538.6,0.0657,0.89,189.5,99.5,13.2
2025-10-31T16:42:00+00:00,1146.6,94.02,340.8,13.82,394.3,22.7,534.2,0.0663,0.86,189.5,99.5,13.1
2025-10-31T16:43:00+00:00,1017.8,94.26,352.0,13.93,369.7,22.4,516.5,0.0708,0.89,189.5,99.5,14.1
2025-10-31T16:44:00+00:00,978.7,96.23,334.7,13.94,385.3,24.3,560.3,0.0670,0.87,189.5,99.5,12.8
2025-10-31T16:45:00+00:00,827.2,92.51,358.2,14.04,383.5,24.9,639.1,0.0743,0.92,189.5,99.5,13.2
2025-10-31T16:46:00+00:00,1028.7,93.81,352.3,13.63,398.4,23.0,555.6,0.0662,0.85,189.5,99.5,13.1
2025-10-31T16:47:00+00:00,1019.9,94.16,341.4,13.60,401.5,20.2,589.3,0.0710,0.86,189.5,99.5,13.3
2025-10-31T16:48:00+00:00,856.9,96.62,348.9,13.98,392.4,22.4,602.6,0.0644,0.83,189.5,99.5,14.0
2025-10-31T16:49:00+00:00,967.5,95.30,344.0,13.80,398.9,23.4,514.5,0.0706,0.91,189.5,99.5,13.8
2025-10-31T16:50:00+00:00,1036.9,94.40,339.2,13.53,384.5,24.1,492.4,0.0657,0.86,189.5,99.5,12.9
